ANO;MES;DATA;EMPRESA;FAZENDA;UF;MUNICIPIO;AREA_T;AREA_PRODU;PRECIP_CHIRPS_MM;TEMP_MEDIA_C;UMID_MEDIA_PCT;TEMP_MIN_C;UMID_MIN_PCT;TEMP_MAX_C;UMID_MAX_PCT;NOITES_FRIAS_Eucalipto_<15C;NOITES_FRIAS_Pinus_<5C;DIRECAO_VENTO_GRAUS
2010.0;1.0;2010-01-01;BRASPINE;AGUA DOCE;PR;JAGUARIAIVA;238,97;121,99;339,28;20,80;89,97;15,80;60,70;27,95;99,86;0,00;0,00;23,65
2010.0;1.0;2010-01-01;BRASPINE;AMATA;;;;;309,55;22,42;89,96;17,28;51,92;31,86;100,00;0,00;0,00;5,08
2010.0;1.0;2010-01-01;BRASPINE;ANTA BRAVA;;;;;319,32;23,73;84,05;18,34;47,26;30,61;99,79;0,00;0,00;5,00
2010.0;1.0;2010-01-01;BRASPINE;ARAPONGAS;PR;SENGES;423,34;263,70;332,94;21,02;90,89;16,09;58,27;29,26;100,00;0,00;0,00;9,54
2010.0;1.0;2010-01-01;BRASPINE;ARROIO CLARO;PR;DOUTOR ULYSSES;275,14;92,00;334,08;21,21;90,83;16,29;54,73;29,92;100,00;0,00;0,00;0,98
2010.0;1.0;2010-01-01;BRASPINE;BARRA GRANDE;PR;DOUTOR ULYSSES;493,79;139,68;353,86;21,53;91,04;16,53;57,45;30,03;100,00;0,00;0,00;98,60
2010.0;1.0;2010-01-01;BRASPINE;BARRA GRANDE - BEMAIS;PR;GUARAPUAVA;299,16;108,61;232,26;20,28;90,21;15,21;60,86;28,04;99,99;0,00;0,00;1,37
2010.0;1.0;2010-01-01;BRASPINE;BARRETOS;PR;JAGUARIAIVA;43,35;32,98;312,32;20,98;90,34;15,82;45,04;32,76;99,99;0,00;0,00;14,54
2010.0;1.0;2010-01-01;BRASPINE;BAU;;;;;237,33;20,42;89,47;15,90;61,55;27,39;99,87;0,00;0,00;1,08
2010.0;1.0;2010-01-01;BRASPINE;BOA VISTA II;PR;PIRAI DO SUL;944,00;535,05;297,74;20,97;89,90;15,72;46,43;31,81;99,96;0,00;0,00;16,04
2010.0;1.0;2010-01-01;BRASPINE;BRASILEIRA;;;;;330,72;21,02;90,89;16,09;58,27;29,26;100,00;0,00;0,00;9,54
2010.0;1.0;2010-01-01;BRASPINE;BURACAO;;;;;260,91;21,09;88,51;16,20;54,62;29,83;99,86;0,00;0,00;6,37
2010.0;1.0;2010-01-01;BRASPINE;BURRINHO;PR;DOUTOR ULYSSES;211,01;100,37;334,46;21,21;90,83;16,29;54,73;29,92;100,00;0,00;0,00;0,98
2010.0;1.0;2010-01-01;BRASPINE;CADEADO I;PR;JAGUARIAIVA;21,07;12,29;290,06;20,83;90,49;15,84;58,74;28,85;100,00;0,00;0,00;2,69
2010.0;1.0;2010-01-01;BRASPINE;CADEADO II;PR;JAGUARIAIVA;21,88;16,79;290,06;20,83;90,49;15,84;58,74;28,85;100,00;0,00;0,00;2,69
2010.0;1.0;2010-01-01;BRASPINE;CAMPINA ALTA;PR;TIBAGI;29,77;18,24;262,73;21,56;89,59;16,37;60,58;28,79;99,91;0,00;0,00;6,42
2010.0;1.0;2010-01-01;BRASPINE;CAMPINA DO ELIAS;PR;JAGUARIAIVA;29,17;14,65;293,04;20,92;90,39;15,83;55,68;29,54;99,99;0,00;0,00;10,33
2010.0;1.0;2010-01-01;BRASPINE;CAMPO NOVO;PR;JAGUARIAIVA;295,98;156,36;325,54;20,83;90,49;15,84;58,74;28,85;100,00;0,00;0,00;2,69
2010.0;1.0;2010-01-01;BRASPINE;CONSULTORIA II A;PR;DOUTOR ULYSSES;89,62;60,79;333,20;21,02;90,89;16,09;58,27;29,26;100,00;0,00;0,00;9,54
2010.0;1.0;2010-01-01;BRASPINE;DINIZ;;;;;336,75;21,02;90,89;16,09;58,27;29,26;100,00;0,00;0,00;9,54
2010.0;1.0;2010-01-01;BRASPINE;ENES;PR;JAGUARIAIVA;5,93;5,69;324,14;20,83;90,49;15,84;58,74;28,85;100,00;0,00;0,00;2,69
2010.0;1.0;2010-01-01;BRASPINE;ENGENHARIA;;;;;336,75;21,02;90,89;16,09;58,27;29,26;100,00;0,00;0,00;9,54
2010.0;1.0;2010-01-01;BRASPINE;ESTACAO;PR;SENGES;4,76;4,14;315,01;20,83;90,49;15,84;58,74;28,85;100,00;0,00;0,00;2,69
2010.0;1.0;2010-01-01;BRASPINE;FAXINAL;PR;JAGUARIAIVA;20,65;20,65;324,14;20,83;90,49;15,84;58,74;28,85;100,00;0,00;0,00;2,69
2010.0;1.0;2010-01-01;BRASPINE;FEITAL;PR;DOUTOR ULYSSES;154,17;86,53;330,68;21,19;90,94;16,24;58,00;29,52;100,00;0,00;0,00;7,64
2010.0;1.0;2010-01-01;BRASPINE;FIGUEIRA;PR;DOUTOR ULYSSES;1053,81;315,71;336,98;21,21;90,83;16,29;54,73;29,92;100,00;0,00;0,00;0,98
2010.0;1.0;2010-01-01;BRASPINE;FIGUEIRINHA;PR;DOUTOR ULYSSES;94,37;56,74;355,50;21,21;90,83;16,29;54,73;29,92;100,00;0,00;0,00;0,98
2010.0;1.0;2010-01-01;BRASPINE;FLOEMA;PR;DOUTOR ULYSSES;2189,88;701,43;302,44;20,73;90,52;15,92;54,85;29,23;100,00;0,00;0,00;1,93
2010.0;1.0;2010-01-01;BRASPINE;FLOEMA I - SUDATI;;;;;309,89;21,02;90,89;16,09;58,27;29,26;100,00;0,00;0,00;9,54
2010.0;1.0;2010-01-01;BRASPINE;FLOEMA II - SUDATI;PR;DOUTOR ULYSSES;453,83;211,13;337,28;21,02;90,89;16,09;58,27;29,26;100,00;0,00;0,00;9,54
2010.0;1.0;2010-01-01;BRASPINE;FLOR DA SERRA;PR;SAO JOSE DA BOA VISTA;209,10;128,72;334,33;22,50;86,30;17,68;59,49;29,40;99,79;0,00;0,00;2,51
2010.0;1.0;2010-01-01;BRASPINE;GENTIL;PR;JAGUARIAIVA;126,77;53,33;321,49;20,56;89,75;15,58;60,56;27,61;99,57;0,00;0,00;23,05
2010.0;1.0;2010-01-01;BRASPINE;GUAIRACA;PR;GUARAPUAVA;623,62;169,31;221,45;20,47;89,94;15,12;30,85;39,07;99,99;0,00;0,00;2,26
2010.0;1.0;2010-01-01;BRASPINE;HERVAL 2 - MADALOSSO;;;;;245,97;21,09;88,51;16,20;54,62;29,83;99,86;0,00;0,00;6,37
2010.0;1.0;2010-01-01;BRASPINE;HERVAL DE BAIXO;PR;RESERVA;827,29;475,92;289,69;21,58;89,48;16,46;60,97;28,86;99,85;0,00;0,00;50,96
2010.0;1.0;2010-01-01;BRASPINE;HORTO 01;PR;TURVO;19,12;19,12;215,41;20,99;90,35;16,38;63,29;28,34;99,83;0,00;0,00;3,47
2010.0;1.0;2010-01-01;BRASPINE;HORTO 02;PR;TURVO;4,24;4,24;217,87;20,99;90,35;16,38;63,29;28,34;99,83;0,00;0,00;3,47
2010.0;1.0;2010-01-01;BRASPINE;HORTO 03;PR;PRUDENTOPOLIS;80,91;25,89;207,29;21,42;89,54;16,71;61,89;28,98;99,97;0,00;0,00;20,00
2010.0;1.0;2010-01-01;BRASPINE;HORTO 08;PR;TURVO;9,53;9,53;211,76;21,42;89,54;16,71;61,89;28,98;99,97;0,00;0,00;20,00
2010.0;1.0;2010-01-01;BRASPINE;HORTO 12;PR;PRUDENTOPOLIS;12,20;12,20;205,20;21,42;89,54;16,71;61,89;28,98;99,97;0,00;0,00;20,00
2010.0;1.0;2010-01-01;BRASPINE;IZAU;PR;PIRAI DO SUL;19,37;11,60;311,41;20,61;89,77;15,46;58,47;28,01;99,57;0,00;0,00;17,42
2010.0;1.0;2010-01-01;BRASPINE;JOAO RICO;PR;JAGUARIAIVA;47,46;26,18;330,28;20,80;89,97;15,80;60,70;27,95;99,86;0,00;0,00;23,65
2010.0;1.0;2010-01-01;BRASPINE;LAGOA;PR;JAGUARIAIVA;24,10;10,78;294,44;20,83;90,49;15,84;58,74;28,85;100,00;0,00;0,00;2,69
2010.0;1.0;2010-01-01;BRASPINE;MARACANA;PR;JANDAIA DO SUL;11,45;11,45;251,60;22,99;87,39;19,02;58,58;30,14;99,92;0,00;0,00;7,09
2010.0;1.0;2010-01-01;BRASPINE;MARRECA;;;;;341,14;21,21;90,83;16,29;54,73;29,92;100,00;0,00;0,00;0,98
2010.0;1.0;2010-01-01;BRASPINE;MARRECA SP;SP;ITAPIRAPUA PAULISTA;675,30;236,19;351,28;21,94;90,87;16,57;55,21;30,90;100,00;0,00;0,00;5,55
2010.0;1.0;2010-01-01;BRASPINE;MARRECAS;;;;;229,35;19,82;90,52;14,63;60,18;27,58;100,00;14,63;0,00;2,79
2010.0;1.0;2010-01-01;BRASPINE;MERCADINHO;;;;;350,61;21,73;90,43;16,49;52,73;30,91;100,00;0,00;0,00;1,33
2010.0;1.0;2010-01-01;BRASPINE;MONTE ALEGRE;;;;;229,02;23,51;86,22;19,44;58,37;30,71;99,80;0,00;0,00;3,85
2010.0;1.0;2010-01-01;BRASPINE;MONTE TABOR II;;;;;356,37;21,40;90,70;16,01;56,96;29,82;100,00;0,00;0,00;6,27
2010.0;1.0;2010-01-01;BRASPINE;MOREIRA;PR;DOUTOR ULYSSES;230,52;68,68;337,28;21,02;90,89;16,09;58,27;29,26;100,00;0,00;0,00;9,54
2010.0;1.0;2010-01-01;BRASPINE;MOREIRAS II;PR;DOUTOR ULYSSES;66,76;28,75;332,59;21,02;90,89;16,09;58,27;29,26;100,00;0,00;0,00;9,54
2010.0;1.0;2010-01-01;BRASPINE;MORRETES;PR;ORTIGUEIRA;20,36;20,36;291,67;22,03;89,32;16,83;60,87;29,33;99,82;0,00;0,00;7,19
2010.0;1.0;2010-01-01;BRASPINE;MORRO AZUL;;;;;355,32;21,27;91,16;16,24;56,78;29,36;100,00;0,00;0,00;2,36
2010.0;1.0;2010-01-01;BRASPINE;OURO FINO;SP;APIAI;51,70;51,70;352,16;21,16;91,12;16,22;56,03;29,18;100,00;0,00;0,00;2,18
2010.0;1.0;2010-01-01;BRASPINE;PALMEIRINHA DE BAIXO - SOSSEGO;PR;SENGES;85,93;9,22;337,13;20,54;90,45;15,64;58,80;27,48;99,87;0,00;0,00;4,80
2010.0;1.0;2010-01-01;BRASPINE;PAZIN;PR;DOUTOR ULYSSES;41,20;23,90;338,03;21,21;90,83;16,29;54,73;29,92;100,00;0,00;0,00;0,98
2010.0;1.0;2010-01-01;BRASPINE;PEDRAS;PR;CASTRO;7,18;7,18;299,33;20,76;89,66;15,55;58,68;28,25;99,60;0,00;0,00;0,05
2010.0;1.0;2010-01-01;BRASPINE;PESCARIA;PR;SAO JOSE DA BOA VISTA;184,57;129,22;356,85;22,58;86,34;17,57;59,24;29,53;99,73;0,00;0,00;3,19
2010.0;1.0;2010-01-01;BRASPINE;PESSEGUEIRO;PR;DOUTOR ULYSSES;109,95;64,79;335,59;21,02;90,89;16,09;58,27;29,26;100,00;0,00;0,00;9,54
2010.0;1.0;2010-01-01;BRASPINE;PITANGA;;;;;265,04;21,05;89,30;16,74;60,32;27,77;99,91;0,00;0,00;0,70
2010.0;1.0;2010-01-01;BRASPINE;QUEIMADINHO ARROIO CLARO;PR;DOUTOR ULYSSES;48,13;19,09;330,72;21,02;90,89;16,09;58,27;29,26;100,00;0,00;0,00;9,54
2010.0;1.0;2010-01-01;BRASPINE;QUEIMADINHO M6042;PR;DOUTOR ULYSSES;48,38;18,50;330,72;21,02;90,89;16,09;58,27;29,26;100,00;0,00;0,00;9,54
2010.0;1.0;2010-01-01;BRASPINE;QUEIMADINHO USUCAPIAO;PR;DOUTOR ULYSSES;200,27;92,43;330,72;21,02;90,89;16,09;58,27;29,26;100,00;0,00;0,00;9,54
2010.0;1.0;2010-01-01;BRASPINE;RAMOS;PR;SENGES;69,83;38,15;309,89;20,83;90,49;15,84;58,74;28,85;100,00;0,00;0,00;2,69
2010.0;1.0;2010-01-01;BRASPINE;RIBEIRAO GRANDE;PR;JAGUARIAIVA;20,77;20,77;317,65;20,61;89,77;15,46;58,47;28,01;99,57;0,00;0,00;17,42
2010.0;1.0;2010-01-01;BRASPINE;RINCAO DE BAIXO;;;;;266,19;21,07;88,31;16,52;60,60;27,86;99,54;0,00;0,00;0,43
2010.0;1.0;2010-01-01;BRASPINE;RIO BOMBA;PR;CERRO AZUL;65,03;37,72;299,86;22,01;89,82;16,49;51,62;31,39;99,99;0,00;0,00;6,43
2010.0;1.0;2010-01-01;BRASPINE;RIO DO MEIO;PR;DOUTOR ULYSSES;712,33;389,13;332,09;21,02;90,89;16,09;58,27;29,26;100,00;0,00;0,00;9,54
2010.0;1.0;2010-01-01;BRASPINE;RONDON;PR;JAGUARIAIVA;2899,24;1475,88;330,27;20,62;90,42;15,70;60,40;27,79;99,89;0,00;0,00;7,20
2010.0;1.0;2010-01-01;BRASPINE;SANTA FELICIDADE;;;;;349,74;22,35;90,82;16,68;54,98;31,49;100,00;0,00;0,00;3,25
2010.0;1.0;2010-01-01;BRASPINE;SANTA LIDIA DO CERCADINHO;;;;;252,37;20,75;88,43;16,31;60,83;27,48;99,54;0,00;0,00;29,38
2010.0;1.0;2010-01-01;BRASPINE;SANTO ANTONIO;;;;;351,76;20,64;90,48;15,68;55,94;27,94;100,00;0,00;0,00;0,83
2010.0;1.0;2010-01-01;BRASPINE;SAO JOSE;PR;JANDAIA DO SUL;37,56;37,56;231,37;23,35;86,48;19,31;58,61;30,52;99,86;0,00;0,00;5,01
2010.0;1.0;2010-01-01;BRASPINE;SAO MATHEUS;;;;;226,11;24,64;85,21;20,18;56,35;32,01;99,65;0,00;0,00;0,25
2010.0;1.0;2010-01-01;BRASPINE;SAO PEDRO E SAO PAULO;PR;SAPOPEMA;709,13;323,93;318,62;21,73;88,25;16,97;61,37;28,55;99,66;0,00;0,00;1,28
2010.0;1.0;2010-01-01;BRASPINE;SAO RAFAEL;;;;;292,18;20,98;87,52;16,38;58,75;29,36;99,89;0,00;0,00;2,29
2010.0;1.0;2010-01-01;BRASPINE;SAO RAFAEL - PB;;;;;349,78;21,24;91,13;16,26;55,70;29,34;100,00;0,00;0,00;3,68
2010.0;1.0;2010-01-01;BRASPINE;SERRARIA;PR;DOUTOR ULYSSES;280,88;117,71;317,43;20,97;90,68;16,16;54,79;29,57;100,00;0,00;0,00;1,92
2010.0;1.0;2010-01-01;BRASPINE;SERRO VERDE;;;;;236,36;20,80;88,02;16,25;61,09;27,69;99,88;0,00;0,00;5,86
2010.0;1.0;2010-01-01;BRASPINE;SERTAOZINHO;PR;DOUTOR ULYSSES;16,25;16,25;338,05;21,02;90,89;16,09;58,27;29,26;100,00;0,00;0,00;9,54
2010.0;1.0;2010-01-01;BRASPINE;SITIO BASILIO;PR;JAGUARIAIVA;8,08;8,08;338,68;20,60;89,80;15,68;61,25;27,58;99,64;0,00;0,00;24,61
2010.0;1.0;2010-01-01;BRASPINE;SITIO DAS MARRECAS;PR;DOUTOR ULYSSES;77,49;35,17;352,44;21,73;90,86;16,49;55,07;30,62;100,00;0,00;0,00;7,45
2010.0;1.0;2010-01-01;BRASPINE;SOBRADINHO;SP;BOM SUCESSO DE ITARARE;285,80;123,10;366,41;20,65;90,82;15,68;55,38;28,14;100,00;0,00;0,00;4,98
2010.0;1.0;2010-01-01;BRASPINE;TAQUARAL;PR;JAGUARIAIVA;519,13;31,07;334,84;20,81;90,35;15,81;60,73;28,09;100,00;0,00;0,00;18,47
2010.0;1.0;2010-01-01;BRASPINE;TUCUNDUVA;PR;SENGES;82,21;60,89;377,90;21,18;88,33;16,39;60,30;27,58;99,71;0,00;0,00;9,70
2010.0;1.0;2010-01-01;BRASPINE;TUCUNDUVA - CHAMMA;;;;;374,50;21,18;88,47;16,34;59,47;27,49;99,73;0,00;0,00;0,05
2010.0;1.0;2010-01-01;BRASPINE;VIENA 1;PR;DOUTOR ULYSSES;263,98;178,34;300,64;20,69;90,12;15,68;54,26;29,30;100,00;0,00;0,00;5,82
2010.0;1.0;2010-01-01;BRASPINE;VIENA 2;PR;CERRO AZUL;140,23;96,54;300,23;22,01;89,82;16,49;51,62;31,39;99,99;0,00;0,00;6,43
2010.0;1.0;2010-01-01;BRASPINE;VITORIA;PR;SENGES;50,54;35,69;337,13;20,54;90,45;15,64;58,80;27,48;99,87;0,00;0,00;4,80
2010.0;1.0;2010-01-01;BRASPINE;VIVEIRO;PR;DOUTOR ULYSSES;405,39;261,22;332,59;21,02;90,89;16,09;58,27;29,26;100,00;0,00;0,00;9,54
2010.0;1.0;2010-01-01;BRASPINE;VO LINO;PR;DOUTOR ULYSSES;164,50;97,89;337,71;21,21;90,83;16,29;54,73;29,92;100,00;0,00;0,00;0,98
2010.0;1.0;2010-01-01;BRASPINE;XAXIM VELHO;;;;;255,89;20,00;90,37;14,55;58,66;28,09;100,00;14,55;0,00;8,87
2010.0;2.0;2010-02-01;BRASPINE;AGUA DOCE;PR;JAGUARIAIVA;238,97;121,99;81,26;21,79;84,33;14,84;51,47;29,72;99,86;14,84;0,00;1,35
2010.0;2.0;2010-02-01;BRASPINE;AMATA;;;;;124,55;23,54;85,43;16,37;40,85;32,93;100,00;0,00;0,00;7,55
2010.0;2.0;2010-02-01;BRASPINE;ANTA BRAVA;;;;;97,21;24,80;78,44;17,90;45,71;32,17;99,01;0,00;0,00;15,90
2010.0;2.0;2010-02-01;BRASPINE;ARAPONGAS;PR;SENGES;423,34;263,70;97,95;22,03;85,77;15,34;44,51;30,48;100,00;0,00;0,00;13,99
2010.0;2.0;2010-02-01;BRASPINE;ARROIO CLARO;PR;DOUTOR ULYSSES;275,14;92,00;123,68;22,21;85,99;15,40;41,78;30,96;100,00;0,00;0,00;25,47
2010.0;2.0;2010-02-01;BRASPINE;BARRA GRANDE;PR;DOUTOR ULYSSES;493,79;139,68;110,03;22,61;86,04;15,77;44,07;31,20;100,00;0,00;0,00;12,32
2010.0;2.0;2010-02-01;BRASPINE;BARRA GRANDE - BEMAIS;PR;GUARAPUAVA;299,16;108,61;153,91;20,94;86,87;14,04;41,15;29,71;100,00;14,04;0,00;0,92
2010.0;2.0;2010-02-01;BRASPINE;BARRETOS;PR;JAGUARIAIVA;43,35;32,98;103,68;21,97;85,37;14,89;47,36;30,44;99,98;29,85;0,00;18,30
2010.0;2.0;2010-02-01;BRASPINE;BAU;;;;;143,24;20,95;86,87;13,92;45,96;29,02;99,87;28,82;0,00;3,84
2010.0;2.0;2010-02-01;BRASPINE;BOA VISTA II;PR;PIRAI DO SUL;944,00;535,05;109,35;21,88;85,05;14,68;48,64;30,28;99,95;29,42;0,00;0,03
2010.0;2.0;2010-02-01;BRASPINE;BRASILEIRA;;;;;115,09;22,03;85,77;15,34;44,51;30,48;100,00;0,00;0,00;13,99
2010.0;2.0;2010-02-01;BRASPINE;BURACAO;;;;;136,08;21,78;85,08;14,48;43,44;30,49;99,83;14,48;0,00;5,27
2010.0;2.0;2010-02-01;BRASPINE;BURRINHO;PR;DOUTOR ULYSSES;211,01;100,37;123,39;22,21;85,99;15,40;41,78;30,96;100,00;0,00;0,00;25,47
2010.0;2.0;2010-02-01;BRASPINE;CADEADO I;PR;JAGUARIAIVA;21,07;12,29;106,20;21,79;85,49;15,07;45,36;30,20;100,00;0,00;0,00;15,85
2010.0;2.0;2010-02-01;BRASPINE;CADEADO II;PR;JAGUARIAIVA;21,88;16,79;106,20;21,79;85,49;15,07;45,36;30,20;100,00;0,00;0,00;15,85
2010.0;2.0;2010-02-01;BRASPINE;CAMPINA ALTA;PR;TIBAGI;29,77;18,24;117,90;22,20;86,36;15,66;46,10;30,44;99,81;0,00;0,00;15,45
2010.0;2.0;2010-02-01;BRASPINE;CAMPINA DO ELIAS;PR;JAGUARIAIVA;29,17;14,65;109,26;21,90;85,42;14,96;46,63;30,35;99,99;14,96;0,00;17,53
2010.0;2.0;2010-02-01;BRASPINE;CAMPO NOVO;PR;JAGUARIAIVA;295,98;156,36;107,64;21,79;85,49;15,07;45,36;30,20;100,00;0,00;0,00;15,85
2010.0;2.0;2010-02-01;BRASPINE;CONSULTORIA II A;PR;DOUTOR ULYSSES;89,62;60,79;121,50;22,03;85,77;15,34;44,51;30,48;100,00;0,00;0,00;13,99
2010.0;2.0;2010-02-01;BRASPINE;DINIZ;;;;;113,90;22,03;85,77;15,34;44,51;30,48;100,00;0,00;0,00;13,99
2010.0;2.0;2010-02-01;BRASPINE;ENES;PR;JAGUARIAIVA;5,93;5,69;109,31;21,79;85,49;15,07;45,36;30,20;100,00;0,00;0,00;15,85
2010.0;2.0;2010-02-01;BRASPINE;ENGENHARIA;;;;;113,90;22,03;85,77;15,34;44,51;30,48;100,00;0,00;0,00;13,99
2010.0;2.0;2010-02-01;BRASPINE;ESTACAO;PR;SENGES;4,76;4,14;113,47;21,79;85,49;15,07;45,36;30,20;100,00;0,00;0,00;15,85
2010.0;2.0;2010-02-01;BRASPINE;FAXINAL;PR;JAGUARIAIVA;20,65;20,65;109,31;21,79;85,49;15,07;45,36;30,20;100,00;0,00;0,00;15,85
2010.0;2.0;2010-02-01;BRASPINE;FEITAL;PR;DOUTOR ULYSSES;154,17;86,53;120,71;22,22;85,86;15,48;44,36;30,72;100,00;0,00;0,00;13,45
2010.0;2.0;2010-02-01;BRASPINE;FIGUEIRA;PR;DOUTOR ULYSSES;1053,81;315,71;117,30;22,21;85,99;15,40;41,78;30,96;100,00;0,00;0,00;25,47
2010.0;2.0;2010-02-01;BRASPINE;FIGUEIRINHA;PR;DOUTOR ULYSSES;94,37;56,74;106,34;22,21;85,99;15,40;41,78;30,96;100,00;0,00;0,00;25,47
2010.0;2.0;2010-02-01;BRASPINE;FLOEMA;PR;DOUTOR ULYSSES;2189,88;701,43;126,56;21,65;85,71;14,92;42,70;30,17;100,00;14,92;0,00;29,35
2010.0;2.0;2010-02-01;BRASPINE;FLOEMA I - SUDATI;;;;;111,29;22,03;85,77;15,34;44,51;30,48;100,00;0,00;0,00;13,99
2010.0;2.0;2010-02-01;BRASPINE;FLOEMA II - SUDATI;PR;DOUTOR ULYSSES;453,83;211,13;101,68;22,03;85,77;15,34;44,51;30,48;100,00;0,00;0,00;13,99
2010.0;2.0;2010-02-01;BRASPINE;FLOR DA SERRA;PR;SAO JOSE DA BOA VISTA;209,10;128,72;68,79;23,58;79,92;17,13;44,53;31,30;98,27;0,00;0,00;1,78
2010.0;2.0;2010-02-01;BRASPINE;GENTIL;PR;JAGUARIAIVA;126,77;53,33;86,14;21,48;84,39;14,58;51,70;29,27;99,55;29,40;0,00;3,18
2010.0;2.0;2010-02-01;BRASPINE;GUAIRACA;PR;GUARAPUAVA;623,62;169,31;166,72;21,14;86,60;14,04;41,76;29,92;99,98;14,04;0,00;0,87
2010.0;2.0;2010-02-01;BRASPINE;HERVAL 2 - MADALOSSO;;;;;139,08;21,78;85,08;14,48;43,44;30,49;99,83;14,48;0,00;5,27
2010.0;2.0;2010-02-01;BRASPINE;HERVAL DE BAIXO;PR;RESERVA;827,29;475,92;133,62;22,17;86,69;15,71;45,73;30,43;99,94;0,00;0,00;14,34
2010.0;2.0;2010-02-01;BRASPINE;HORTO 01;PR;TURVO;19,12;19,12;166,82;21,66;87,41;14,53;47,59;29,87;99,84;14,53;0,00;0,36
2010.0;2.0;2010-02-01;BRASPINE;HORTO 02;PR;TURVO;4,24;4,24;166,81;21,66;87,41;14,53;47,59;29,87;99,84;14,53;0,00;0,36
2010.0;2.0;2010-02-01;BRASPINE;HORTO 03;PR;PRUDENTOPOLIS;80,91;25,89;163,21;22,13;86,68;14,97;44,28;30,80;99,94;14,97;0,00;4,95
2010.0;2.0;2010-02-01;BRASPINE;HORTO 08;PR;TURVO;9,53;9,53;166,58;22,13;86,68;14,97;44,28;30,80;99,94;14,97;0,00;4,95
2010.0;2.0;2010-02-01;BRASPINE;HORTO 12;PR;PRUDENTOPOLIS;12,20;12,20;158,84;22,13;86,68;14,97;44,28;30,80;99,94;14,97;0,00;4,95
2010.0;2.0;2010-02-01;BRASPINE;IZAU;PR;PIRAI DO SUL;19,37;11,60;84,52;21,54;84,84;14,39;49,37;29,59;99,56;43,70;0,00;2,25
2010.0;2.0;2010-02-01;BRASPINE;JOAO RICO;PR;JAGUARIAIVA;47,46;26,18;84,86;21,79;84,33;14,84;51,47;29,72;99,86;14,84;0,00;1,35
2010.0;2.0;2010-02-01;BRASPINE;LAGOA;PR;JAGUARIAIVA;24,10;10,78;113,05;21,79;85,49;15,07;45,36;30,20;100,00;0,00;0,00;15,85
2010.0;2.0;2010-02-01;BRASPINE;MARACANA;PR;JANDAIA DO SUL;11,45;11,45;167,32;23,75;82,92;17,85;39,14;32,10;99,92;0,00;0,00;0,66
2010.0;2.0;2010-02-01;BRASPINE;MARRECA;;;;;118,83;22,21;85,99;15,40;41,78;30,96;100,00;0,00;0,00;25,47
2010.0;2.0;2010-02-01;BRASPINE;MARRECA SP;SP;ITAPIRAPUA PAULISTA;675,30;236,19;110,01;23,02;86,10;16,07;41,37;32,10;100,00;0,00;0,00;19,44
2010.0;2.0;2010-02-01;BRASPINE;MARRECAS;;;;;149,89;20,44;87,19;13,54;41,19;29,18;100,00;28,21;0,00;5,42
2010.0;2.0;2010-02-01;BRASPINE;MERCADINHO;;;;;101,66;22,76;85,81;15,92;40,68;31,91;100,00;0,00;0,00;26,18
2010.0;2.0;2010-02-01;BRASPINE;MONTE ALEGRE;;;;;166,04;24,27;81,98;18,32;39,16;32,54;99,78;0,00;0,00;12,88
2010.0;2.0;2010-02-01;BRASPINE;MONTE TABOR II;;;;;100,29;22,38;85,96;15,87;44,70;30,90;100,00;0,00;0,00;6,84
2010.0;2.0;2010-02-01;BRASPINE;MOREIRA;PR;DOUTOR ULYSSES;230,52;68,68;101,68;22,03;85,77;15,34;44,51;30,48;100,00;0,00;0,00;13,99
2010.0;2.0;2010-02-01;BRASPINE;MOREIRAS II;PR;DOUTOR ULYSSES;66,76;28,75;124,44;22,03;85,77;15,34;44,51;30,48;100,00;0,00;0,00;13,99
2010.0;2.0;2010-02-01;BRASPINE;MORRETES;PR;ORTIGUEIRA;20,36;20,36;134,32;22,63;86,57;16,20;45,29;30,98;99,89;0,00;0,00;0,28
2010.0;2.0;2010-02-01;BRASPINE;MORRO AZUL;;;;;109,51;22,35;86,02;15,51;46,86;30,84;100,00;0,00;0,00;18,63
2010.0;2.0;2010-02-01;BRASPINE;OURO FINO;SP;APIAI;51,70;51,70;105,29;22,20;86,19;15,47;46,43;30,57;100,00;0,00;0,00;11,99
2010.0;2.0;2010-02-01;BRASPINE;PALMEIRINHA DE BAIXO - SOSSEGO;PR;SENGES;85,93;9,22;93,23;21,61;84,41;14,90;50,10;29,29;99,82;14,90;0,00;24,70
2010.0;2.0;2010-02-01;BRASPINE;PAZIN;PR;DOUTOR ULYSSES;41,20;23,90;120,60;22,21;85,99;15,40;41,78;30,96;100,00;0,00;0,00;25,47
2010.0;2.0;2010-02-01;BRASPINE;PEDRAS;PR;CASTRO;7,18;7,18;94,69;21,53;85,71;14,13;50,28;29,70;99,35;43,39;0,00;3,38
2010.0;2.0;2010-02-01;BRASPINE;PESCARIA;PR;SAO JOSE DA BOA VISTA;184,57;129,22;68,10;23,79;79,37;17,19;42,84;31,62;98,60;0,00;0,00;2,83
2010.0;2.0;2010-02-01;BRASPINE;PESSEGUEIRO;PR;DOUTOR ULYSSES;109,95;64,79;121,01;22,03;85,77;15,34;44,51;30,48;100,00;0,00;0,00;13,99
2010.0;2.0;2010-02-01;BRASPINE;PITANGA;;;;;161,29;21,57;86,72;14,77;47,52;29,50;99,80;14,77;0,00;0,72
2010.0;2.0;2010-02-01;BRASPINE;QUEIMADINHO ARROIO CLARO;PR;DOUTOR ULYSSES;48,13;19,09;115,09;22,03;85,77;15,34;44,51;30,48;100,00;0,00;0,00;13,99
2010.0;2.0;2010-02-01;BRASPINE;QUEIMADINHO M6042;PR;DOUTOR ULYSSES;48,38;18,50;115,09;22,03;85,77;15,34;44,51;30,48;100,00;0,00;0,00;13,99
2010.0;2.0;2010-02-01;BRASPINE;QUEIMADINHO USUCAPIAO;PR;DOUTOR ULYSSES;200,27;92,43;115,09;22,03;85,77;15,34;44,51;30,48;100,00;0,00;0,00;13,99
2010.0;2.0;2010-02-01;BRASPINE;RAMOS;PR;SENGES;69,83;38,15;111,29;21,79;85,49;15,07;45,36;30,20;100,00;0,00;0,00;15,85
2010.0;2.0;2010-02-01;BRASPINE;RIBEIRAO GRANDE;PR;JAGUARIAIVA;20,77;20,77;80,23;21,54;84,84;14,39;49,37;29,59;99,56;43,70;0,00;2,25
2010.0;2.0;2010-02-01;BRASPINE;RINCAO DE BAIXO;;;;;104,56;21,76;84,02;15,23;49,70;29,36;99,23;0,00;0,00;12,77
2010.0;2.0;2010-02-01;BRASPINE;RIO BOMBA;PR;CERRO AZUL;65,03;37,72;126,15;22,99;85,31;15,97;39,61;32,28;99,97;0,00;0,00;7,31
2010.0;2.0;2010-02-01;BRASPINE;RIO DO MEIO;PR;DOUTOR ULYSSES;712,33;389,13;121,95;22,03;85,77;15,34;44,51;30,48;100,00;0,00;0,00;13,99
2010.0;2.0;2010-02-01;BRASPINE;RONDON;PR;JAGUARIAIVA;2899,24;1475,88;88,64;21,67;84,59;14,93;49,45;29,54;99,86;14,93;0,00;30,05
2010.0;2.0;2010-02-01;BRASPINE;SANTA FELICIDADE;;;;;119,58;23,50;86,06;16,61;41,26;32,81;100,00;0,00;0,00;13,10
2010.0;2.0;2010-02-01;BRASPINE;SANTA LIDIA DO CERCADINHO;;;;;108,63;21,45;83,96;15,03;50,30;28,89;99,36;0,00;0,00;12,05
2010.0;2.0;2010-02-01;BRASPINE;SANTO ANTONIO;;;;;94,36;21,67;84,81;14,91;49,63;29,41;100,00;14,91;0,00;23,60
2010.0;2.0;2010-02-01;BRASPINE;SAO JOSE;PR;JANDAIA DO SUL;37,56;37,56;165,25;24,10;82,19;18,19;39,23;32,34;99,85;0,00;0,00;13,07
2010.0;2.0;2010-02-01;BRASPINE;SAO MATHEUS;;;;;156,94;25,40;81,63;19,29;39,96;33,86;99,71;0,00;0,00;5,44
2010.0;2.0;2010-02-01;BRASPINE;SAO PEDRO E SAO PAULO;PR;SAPOPEMA;709,13;323,93;128,56;22,61;82,79;16,38;46,63;29,93;99,63;0,00;0,00;0,38
2010.0;2.0;2010-02-01;BRASPINE;SAO RAFAEL;;;;;176,26;21,72;84,43;14,37;42,22;30,70;99,84;14,37;0,00;1,43
2010.0;2.0;2010-02-01;BRASPINE;SAO RAFAEL - PB;;;;;119,55;22,32;86,07;15,53;46,18;30,77;100,00;0,00;0,00;13,67
2010.0;2.0;2010-02-01;BRASPINE;SERRARIA;PR;DOUTOR ULYSSES;280,88;117,71;132,48;21,93;85,85;15,16;42,24;30,57;100,00;0,00;0,00;28,14
2010.0;2.0;2010-02-01;BRASPINE;SERRO VERDE;;;;;125,75;21,31;85,54;14,28;44,56;29,44;99,88;14,28;0,00;7,30
2010.0;2.0;2010-02-01;BRASPINE;SERTAOZINHO;PR;DOUTOR ULYSSES;16,25;16,25;112,80;22,03;85,77;15,34;44,51;30,48;100,00;0,00;0,00;13,99
2010.0;2.0;2010-02-01;BRASPINE;SITIO BASILIO;PR;JAGUARIAIVA;8,08;8,08;81,03;21,55;84,23;14,71;52,36;29,29;99,61;14,71;0,00;3,01
2010.0;2.0;2010-02-01;BRASPINE;SITIO DAS MARRECAS;PR;DOUTOR ULYSSES;77,49;35,17;113,57;22,79;86,07;15,88;41,49;31,77;100,00;0,00;0,00;21,20
2010.0;2.0;2010-02-01;BRASPINE;SOBRADINHO;SP;BOM SUCESSO DE ITARARE;285,80;123,10;109,96;21,66;85,54;14,91;49,23;29,56;100,00;14,91;0,00;19,98
2010.0;2.0;2010-02-01;BRASPINE;TAQUARAL;PR;JAGUARIAIVA;519,13;31,07;90,62;21,85;84,67;14,94;50,35;29,84;100,00;14,94;0,00;7,95
2010.0;2.0;2010-02-01;BRASPINE;TUCUNDUVA;PR;SENGES;82,21;60,89;84,82;22,28;81,62;15,66;48,21;29,75;99,07;0,00;0,00;0,21
2010.0;2.0;2010-02-01;BRASPINE;TUCUNDUVA - CHAMMA;;;;;79,93;22,32;81,78;15,67;48,04;29,82;98,84;0,00;0,00;1,80
2010.0;2.0;2010-02-01;BRASPINE;VIENA 1;PR;DOUTOR ULYSSES;263,98;178,34;122,69;21,55;85,66;14,62;45,59;29,94;100,00;29,46;0,00;26,81
2010.0;2.0;2010-02-01;BRASPINE;VIENA 2;PR;CERRO AZUL;140,23;96,54;126,31;22,99;85,31;15,97;39,61;32,28;99,97;0,00;0,00;7,31
2010.0;2.0;2010-02-01;BRASPINE;VITORIA;PR;SENGES;50,54;35,69;93,23;21,61;84,41;14,90;50,10;29,29;99,82;14,90;0,00;24,70
2010.0;2.0;2010-02-01;BRASPINE;VIVEIRO;PR;DOUTOR ULYSSES;405,39;261,22;124,44;22,03;85,77;15,34;44,51;30,48;100,00;0,00;0,00;13,99
2010.0;2.0;2010-02-01;BRASPINE;VO LINO;PR;DOUTOR ULYSSES;164,50;97,89;120,87;22,21;85,99;15,40;41,78;30,96;100,00;0,00;0,00;25,47
2010.0;2.0;2010-02-01;BRASPINE;XAXIM VELHO;;;;;173,16;20,67;87,12;13,36;41,95;29,50;100,00;28,18;0,00;2,53
2010.0;3.0;2010-03-01;BRASPINE;AGUA DOCE;PR;JAGUARIAIVA;238,97;121,99;107,09;20,29;84,95;13,91;43,44;28,36;99,85;57,63;0,00;10,45
2010.0;3.0;2010-03-01;BRASPINE;AMATA;;;;;225,49;21,71;86,53;13,90;40,62;31,05;100,00;28,03;0,00;3,41
2010.0;3.0;2010-03-01;BRASPINE;ANTA BRAVA;;;;;208,47;23,12;80,11;16,44;40,14;31,40;99,53;0,00;0,00;16,58
2010.0;3.0;2010-03-01;BRASPINE;ARAPONGAS;PR;SENGES;423,34;263,70;130,37;20,39;86,72;13,98;39,91;29,35;100,00;42,08;0,00;5,07
2010.0;3.0;2010-03-01;BRASPINE;ARROIO CLARO;PR;DOUTOR ULYSSES;275,14;92,00;155,78;20,53;86,90;13,85;39,17;29,77;100,00;42,30;0,00;0,11
2010.0;3.0;2010-03-01;BRASPINE;BARRA GRANDE;PR;DOUTOR ULYSSES;493,79;139,68;164,51;20,89;87,05;13,86;39,22;30,28;100,00;42,81;0,00;9,21
2010.0;3.0;2010-03-01;BRASPINE;BARRA GRANDE - BEMAIS;PR;GUARAPUAVA;299,16;108,61;120,29;19,52;85,34;13,63;46,92;26,56;99,98;70,85;0,00;3,75
2010.0;3.0;2010-03-01;BRASPINE;BARRETOS;PR;JAGUARIAIVA;43,35;32,98;134,71;20,38;86,06;13,49;41,24;29,07;99,98;70,69;0,00;12,86
2010.0;3.0;2010-03-01;BRASPINE;BAU;;;;;133,90;19,54;85,12;13,45;47,58;26,01;99,90;129,38;0,00;0,10
2010.0;3.0;2010-03-01;BRASPINE;BOA VISTA II;PR;PIRAI DO SUL;944,00;535,05;142,92;20,35;85,54;13,85;42,44;28,77;99,97;71,13;0,00;0,22
2010.0;3.0;2010-03-01;BRASPINE;BRASILEIRA;;;;;140,00;20,39;86,72;13,98;39,91;29,35;100,00;42,08;0,00;5,07
2010.0;3.0;2010-03-01;BRASPINE;BURACAO;;;;;255,80;20,24;85,57;13,82;42,21;28,57;99,86;56,82;0,00;2,75
2010.0;3.0;2010-03-01;BRASPINE;BURRINHO;PR;DOUTOR ULYSSES;211,01;100,37;157,22;20,53;86,90;13,85;39,17;29,77;100,00;42,30;0,00;0,11
2010.0;3.0;2010-03-01;BRASPINE;CADEADO I;PR;JAGUARIAIVA;21,07;12,29;117,63;20,20;86,28;13,48;40,50;28,95;100,00;70,36;0,00;9,64
2010.0;3.0;2010-03-01;BRASPINE;CADEADO II;PR;JAGUARIAIVA;21,88;16,79;117,63;20,20;86,28;13,48;40,50;28,95;100,00;70,36;0,00;9,64
2010.0;3.0;2010-03-01;BRASPINE;CAMPINA ALTA;PR;TIBAGI;29,77;18,24;143,32;20,98;84,62;14,15;44,54;28,77;99,90;43,18;0,00;0,72
2010.0;3.0;2010-03-01;BRASPINE;CAMPINA DO ELIAS;PR;JAGUARIAIVA;29,17;14,65;136,31;20,31;86,14;13,51;40,97;29,03;99,99;70,57;0,00;11,82
2010.0;3.0;2010-03-01;BRASPINE;CAMPO NOVO;PR;JAGUARIAIVA;295,98;156,36;130,82;20,20;86,28;13,48;40,50;28,95;100,00;70,36;0,00;9,64
2010.0;3.0;2010-03-01;BRASPINE;CONSULTORIA II A;PR;DOUTOR ULYSSES;89,62;60,79;141,23;20,39;86,72;13,98;39,91;29,35;100,00;42,08;0,00;5,07
2010.0;3.0;2010-03-01;BRASPINE;DINIZ;;;;;138,46;20,39;86,72;13,98;39,91;29,35;100,00;42,08;0,00;5,07
2010.0;3.0;2010-03-01;BRASPINE;ENES;PR;JAGUARIAIVA;5,93;5,69;130,81;20,20;86,28;13,48;40,50;28,95;100,00;70,36;0,00;9,64
2010.0;3.0;2010-03-01;BRASPINE;ENGENHARIA;;;;;138,46;20,39;86,72;13,98;39,91;29,35;100,00;42,08;0,00;5,07
2010.0;3.0;2010-03-01;BRASPINE;ESTACAO;PR;SENGES;4,76;4,14;126,59;20,20;86,28;13,48;40,50;28,95;100,00;70,36;0,00;9,64
2010.0;3.0;2010-03-01;BRASPINE;FAXINAL;PR;JAGUARIAIVA;20,65;20,65;130,81;20,20;86,28;13,48;40,50;28,95;100,00;70,36;0,00;9,64
2010.0;3.0;2010-03-01;BRASPINE;FEITAL;PR;DOUTOR ULYSSES;154,17;86,53;147,81;20,56;86,83;13,96;39,68;29,66;100,00;42,33;0,00;3,40
2010.0;3.0;2010-03-01;BRASPINE;FIGUEIRA;PR;DOUTOR ULYSSES;1053,81;315,71;151,78;20,53;86,90;13,85;39,17;29,77;100,00;42,30;0,00;0,11
2010.0;3.0;2010-03-01;BRASPINE;FIGUEIRINHA;PR;DOUTOR ULYSSES;94,37;56,74;184,76;20,53;86,90;13,85;39,17;29,77;100,00;42,30;0,00;0,11
2010.0;3.0;2010-03-01;BRASPINE;FLOEMA;PR;DOUTOR ULYSSES;2189,88;701,43;147,88;20,04;86,54;13,54;39,91;28,86;100,00;70,83;0,00;0,95
2010.0;3.0;2010-03-01;BRASPINE;FLOEMA I - SUDATI;;;;;124,23;20,39;86,72;13,98;39,91;29,35;100,00;42,08;0,00;5,07
2010.0;3.0;2010-03-01;BRASPINE;FLOEMA II - SUDATI;PR;DOUTOR ULYSSES;453,83;211,13;135,91;20,39;86,72;13,98;39,91;29,35;100,00;42,08;0,00;5,07
2010.0;3.0;2010-03-01;BRASPINE;FLOR DA SERRA;PR;SAO JOSE DA BOA VISTA;209,10;128,72;131,88;22,24;79,54;15,11;38,49;30,83;99,67;0,00;0,00;5,07
2010.0;3.0;2010-03-01;BRASPINE;GENTIL;PR;JAGUARIAIVA;126,77;53,33;107,97;20,01;84,88;13,92;44,00;27,90;99,82;56,79;0,00;0,30
2010.0;3.0;2010-03-01;BRASPINE;GUAIRACA;PR;GUARAPUAVA;623,62;169,31;129,30;19,68;85,28;13,58;46,75;26,82;99,99;71,54;0,00;0,73
2010.0;3.0;2010-03-01;BRASPINE;HERVAL 2 - MADALOSSO;;;;;226,51;20,24;85,57;13,82;42,21;28,57;99,86;56,82;0,00;2,75
2010.0;3.0;2010-03-01;BRASPINE;HERVAL DE BAIXO;PR;RESERVA;827,29;475,92;145,47;20,94;84,64;14,19;44,43;28,78;99,82;57,85;0,00;5,38
2010.0;3.0;2010-03-01;BRASPINE;HORTO 01;PR;TURVO;19,12;19,12;106,26;20,14;85,90;13,37;47,93;27,36;99,88;56,02;0,00;5,63
2010.0;3.0;2010-03-01;BRASPINE;HORTO 02;PR;TURVO;4,24;4,24;106,15;20,14;85,90;13,37;47,93;27,36;99,88;56,02;0,00;5,63
2010.0;3.0;2010-03-01;BRASPINE;HORTO 03;PR;PRUDENTOPOLIS;80,91;25,89;108,14;20,64;85,08;14,02;46,67;28,07;99,88;43,14;0,00;7,45
2010.0;3.0;2010-03-01;BRASPINE;HORTO 08;PR;TURVO;9,53;9,53;109,98;20,64;85,08;14,02;46,67;28,07;99,88;43,14;0,00;7,45
2010.0;3.0;2010-03-01;BRASPINE;HORTO 12;PR;PRUDENTOPOLIS;12,20;12,20;110,13;20,64;85,08;14,02;46,67;28,07;99,88;43,14;0,00;7,45
2010.0;3.0;2010-03-01;BRASPINE;IZAU;PR;PIRAI DO SUL;19,37;11,60;112,43;20,04;85,30;13,74;43,10;28,19;99,87;56,54;0,00;2,14
2010.0;3.0;2010-03-01;BRASPINE;JOAO RICO;PR;JAGUARIAIVA;47,46;26,18;108,92;20,29;84,95;13,91;43,44;28,36;99,85;57,63;0,00;10,45
2010.0;3.0;2010-03-01;BRASPINE;LAGOA;PR;JAGUARIAIVA;24,10;10,78;123,64;20,20;86,28;13,48;40,50;28,95;100,00;70,36;0,00;9,64
2010.0;3.0;2010-03-01;BRASPINE;MARACANA;PR;JANDAIA DO SUL;11,45;11,45;108,71;22,85;78,93;16,31;34,76;31,60;99,93;0,00;0,00;4,75
2010.0;3.0;2010-03-01;BRASPINE;MARRECA;;;;;177,30;20,53;86,90;13,85;39,17;29,77;100,00;42,30;0,00;0,11
2010.0;3.0;2010-03-01;BRASPINE;MARRECA SP;SP;ITAPIRAPUA PAULISTA;675,30;236,19;209,38;21,26;87,05;13,95;38,51;30,96;100,00;28,71;0,00;5,75
2010.0;3.0;2010-03-01;BRASPINE;MARRECAS;;;;;125,82;19,03;85,59;13,24;47,38;25,99;100,00;143,15;0,00;3,41
2010.0;3.0;2010-03-01;BRASPINE;MERCADINHO;;;;;190,76;21,05;86,69;13,73;39,45;30,40;100,00;41,78;0,00;1,07
2010.0;3.0;2010-03-01;BRASPINE;MONTE ALEGRE;;;;;127,12;23,34;78,10;16,79;35,30;32,12;99,75;0,00;0,00;4,07
2010.0;3.0;2010-03-01;BRASPINE;MONTE TABOR II;;;;;156,68;20,62;87,91;13,76;42,08;30,03;100,00;42,42;0,00;96,56
2010.0;3.0;2010-03-01;BRASPINE;MOREIRA;PR;DOUTOR ULYSSES;230,52;68,68;135,91;20,39;86,72;13,98;39,91;29,35;100,00;42,08;0,00;5,07
2010.0;3.0;2010-03-01;BRASPINE;MOREIRAS II;PR;DOUTOR ULYSSES;66,76;28,75;142,02;20,39;86,72;13,98;39,91;29,35;100,00;42,08;0,00;5,07
2010.0;3.0;2010-03-01;BRASPINE;MORRETES;PR;ORTIGUEIRA;20,36;20,36;139,25;21,42;84,12;14,78;43,03;29,58;99,85;29,67;0,00;6,83
2010.0;3.0;2010-03-01;BRASPINE;MORRO AZUL;;;;;126,19;20,67;87,06;13,91;39,59;29,87;100,00;42,36;0,00;15,00
2010.0;3.0;2010-03-01;BRASPINE;OURO FINO;SP;APIAI;51,70;51,70;148,08;20,47;87,60;13,76;41,22;29,56;100,00;41,76;0,00;4,30
2010.0;3.0;2010-03-01;BRASPINE;PALMEIRINHA DE BAIXO - SOSSEGO;PR;SENGES;85,93;9,22;118,01;20,07;85,48;13,56;41,93;28,24;99,86;72,15;0,00;0,43
2010.0;3.0;2010-03-01;BRASPINE;PAZIN;PR;DOUTOR ULYSSES;41,20;23,90;161,61;20,53;86,90;13,85;39,17;29,77;100,00;42,30;0,00;0,11
2010.0;3.0;2010-03-01;BRASPINE;PEDRAS;PR;CASTRO;7,18;7,18;135,68;20,04;85,83;13,74;45,52;27,95;99,87;71,21;0,00;2,31
2010.0;3.0;2010-03-01;BRASPINE;PESCARIA;PR;SAO JOSE DA BOA VISTA;184,57;129,22;136,10;22,41;79,39;15,10;38,12;31,22;99,67;0,00;0,00;3,25
2010.0;3.0;2010-03-01;BRASPINE;PESSEGUEIRO;PR;DOUTOR ULYSSES;109,95;64,79;136,35;20,39;86,72;13,98;39,91;29,35;100,00;42,08;0,00;5,07
2010.0;3.0;2010-03-01;BRASPINE;PITANGA;;;;;142,23;20,16;84,82;13,08;46,06;27,17;99,84;70,73;0,00;2,20
2010.0;3.0;2010-03-01;BRASPINE;QUEIMADINHO ARROIO CLARO;PR;DOUTOR ULYSSES;48,13;19,09;140,00;20,39;86,72;13,98;39,91;29,35;100,00;42,08;0,00;5,07
2010.0;3.0;2010-03-01;BRASPINE;QUEIMADINHO M6042;PR;DOUTOR ULYSSES;48,38;18,50;140,00;20,39;86,72;13,98;39,91;29,35;100,00;42,08;0,00;5,07
2010.0;3.0;2010-03-01;BRASPINE;QUEIMADINHO USUCAPIAO;PR;DOUTOR ULYSSES;200,27;92,43;140,00;20,39;86,72;13,98;39,91;29,35;100,00;42,08;0,00;5,07
2010.0;3.0;2010-03-01;BRASPINE;RAMOS;PR;SENGES;69,83;38,15;124,23;20,20;86,28;13,48;40,50;28,95;100,00;70,36;0,00;9,64
2010.0;3.0;2010-03-01;BRASPINE;RIBEIRAO GRANDE;PR;JAGUARIAIVA;20,77;20,77;105,29;20,04;85,30;13,74;43,10;28,19;99,87;56,54;0,00;2,14
2010.0;3.0;2010-03-01;BRASPINE;RINCAO DE BAIXO;;;;;148,56;20,50;83,00;13,64;43,25;28,18;99,78;42,99;0,00;1,93
2010.0;3.0;2010-03-01;BRASPINE;RIO BOMBA;PR;CERRO AZUL;65,03;37,72;194,64;21,31;86,08;14,04;39,95;30,53;100,00;43,12;0,00;4,67
2010.0;3.0;2010-03-01;BRASPINE;RIO DO MEIO;PR;DOUTOR ULYSSES;712,33;389,13;141,50;20,39;86,72;13,98;39,91;29,35;100,00;42,08;0,00;5,07
2010.0;3.0;2010-03-01;BRASPINE;RONDON;PR;JAGUARIAIVA;2899,24;1475,88;108,96;20,11;85,66;13,53;42,42;28,31;99,88;71,65;0,00;7,39
2010.0;3.0;2010-03-01;BRASPINE;SANTA FELICIDADE;;;;;202,13;21,68;87,19;14,19;38,05;31,68;100,00;29,15;0,00;8,97
2010.0;3.0;2010-03-01;BRASPINE;SANTA LIDIA DO CERCADINHO;;;;;144,69;20,17;83,07;13,42;43,50;27,67;99,77;57,08;0,00;1,37
2010.0;3.0;2010-03-01;BRASPINE;SANTO ANTONIO;;;;;123,18;20,13;85,75;13,57;41,38;28,44;100,00;42,00;0,00;17,88
2010.0;3.0;2010-03-01;BRASPINE;SAO JOSE;PR;JANDAIA DO SUL;37,56;37,56;125,78;23,18;78,32;16,67;35,24;31,90;99,84;0,00;0,00;4,42
2010.0;3.0;2010-03-01;BRASPINE;SAO MATHEUS;;;;;130,01;24,43;77,57;17,33;36,54;33,43;99,52;0,00;0,00;7,74
2010.0;3.0;2010-03-01;BRASPINE;SAO PEDRO E SAO PAULO;PR;SAPOPEMA;709,13;323,93;145,42;21,48;80,51;15,20;39,34;29,52;99,74;0,00;0,00;1,57
2010.0;3.0;2010-03-01;BRASPINE;SAO RAFAEL;;;;;226,01;20,03;85,45;14,06;44,86;28,10;99,78;28,76;0,00;0,25
2010.0;3.0;2010-03-01;BRASPINE;SAO RAFAEL - PB;;;;;157,88;20,58;87,46;13,92;40,53;29,74;100,00;42,25;0,00;6,91
2010.0;3.0;2010-03-01;BRASPINE;SERRARIA;PR;DOUTOR ULYSSES;280,88;117,71;150,50;20,28;86,72;13,77;39,54;29,31;100,00;41,69;0,00;0,54
2010.0;3.0;2010-03-01;BRASPINE;SERRO VERDE;;;;;157,18;19,82;84,28;12,96;47,11;26,39;99,79;113,52;0,00;0,45
2010.0;3.0;2010-03-01;BRASPINE;SERTAOZINHO;PR;DOUTOR ULYSSES;16,25;16,25;143,91;20,39;86,72;13,98;39,91;29,35;100,00;42,08;0,00;5,07
2010.0;3.0;2010-03-01;BRASPINE;SITIO BASILIO;PR;JAGUARIAIVA;8,08;8,08;106,62;20,08;84,76;13,93;44,13;27,93;99,79;57,10;0,00;12,49
2010.0;3.0;2010-03-01;BRASPINE;SITIO DAS MARRECAS;PR;DOUTOR ULYSSES;77,49;35,17;186,72;21,05;87,01;13,92;38,70;30,62;100,00;43,32;0,00;7,31
2010.0;3.0;2010-03-01;BRASPINE;SOBRADINHO;SP;BOM SUCESSO DE ITARARE;285,80;123,10;123,78;20,08;86,52;13,75;41,41;28,54;100,00;41,55;0,00;11,46
2010.0;3.0;2010-03-01;BRASPINE;TAQUARAL;PR;JAGUARIAIVA;519,13;31,07;114,53;20,30;85,52;13,41;43,26;28,47;100,00;72,18;0,00;6,72
2010.0;3.0;2010-03-01;BRASPINE;TUCUNDUVA;PR;SENGES;82,21;60,89;116,45;20,81;82,45;14,29;41,49;28,89;99,71;28,89;0,00;3,76
2010.0;3.0;2010-03-01;BRASPINE;TUCUNDUVA - CHAMMA;;;;;118,76;20,83;82,77;14,26;41,25;28,99;99,65;43,84;0,00;20,15
2010.0;3.0;2010-03-01;BRASPINE;VIENA 1;PR;DOUTOR ULYSSES;263,98;178,34;158,67;19,95;86,30;13,45;41,76;28,39;100,00;70,44;0,00;2,43
2010.0;3.0;2010-03-01;BRASPINE;VIENA 2;PR;CERRO AZUL;140,23;96,54;194,65;21,31;86,08;14,04;39,95;30,53;100,00;43,12;0,00;4,67
2010.0;3.0;2010-03-01;BRASPINE;VITORIA;PR;SENGES;50,54;35,69;118,01;20,07;85,48;13,56;41,93;28,24;99,86;72,15;0,00;0,43
2010.0;3.0;2010-03-01;BRASPINE;VIVEIRO;PR;DOUTOR ULYSSES;405,39;261,22;142,02;20,39;86,72;13,98;39,91;29,35;100,00;42,08;0,00;5,07
2010.0;3.0;2010-03-01;BRASPINE;VO LINO;PR;DOUTOR ULYSSES;164,50;97,89;169,76;20,53;86,90;13,85;39,17;29,77;100,00;42,30;0,00;0,11
2010.0;3.0;2010-03-01;BRASPINE;XAXIM VELHO;;;;;147,30;19,23;85,52;13,46;47,68;26,34;100,00;100,00;0,00;4,53
2010.0;4.0;2010-04-01;BRASPINE;AGUA DOCE;PR;JAGUARIAIVA;238,97;121,99;81,46;17,55;82,49;9,88;40,82;26,82;99,85;259,05;0,00;19,07
2010.0;4.0;2010-04-01;BRASPINE;AMATA;;;;;112,76;18,77;84,91;9,17;45,14;30,05;100,00;182,41;0,00;5,04
2010.0;4.0;2010-04-01;BRASPINE;ANTA BRAVA;;;;;72,54;20,33;78,50;12,77;38,26;30,22;97,39;82,07;0,00;13,33
2010.0;4.0;2010-04-01;BRASPINE;ARAPONGAS;PR;SENGES;423,34;263,70;83,41;17,47;85,38;9,66;45,11;27,98;100,00;288,78;0,00;5,23
2010.0;4.0;2010-04-01;BRASPINE;ARROIO CLARO;PR;DOUTOR ULYSSES;275,14;92,00;91,10;17,54;86,04;9,19;44,80;28,51;100,00;275,09;0,00;1,09
2010.0;4.0;2010-04-01;BRASPINE;BARRA GRANDE;PR;DOUTOR ULYSSES;493,79;139,68;81,59;17,94;85,72;9,66;44,89;28,94;100,00;235,48;0,00;2,41
2010.0;4.0;2010-04-01;BRASPINE;BARRA GRANDE - BEMAIS;PR;GUARAPUAVA;299,16;108,61;178,29;16,58;83,47;8,67;46,87;25,48;99,99;273,65;0,00;11,33
2010.0;4.0;2010-04-01;BRASPINE;BARRETOS;PR;JAGUARIAIVA;43,35;32,98;97,20;17,52;84,46;9,80;43,07;27,68;99,97;290,61;0,00;6,70
2010.0;4.0;2010-04-01;BRASPINE;BAU;;;;;177,07;16,90;81,65;9,00;48,25;25,49;99,90;297,60;0,00;6,09
2010.0;4.0;2010-04-01;BRASPINE;BOA VISTA II;PR;PIRAI DO SUL;944,00;535,05;99,67;17,55;83,63;9,77;42,42;27,39;99,99;260,56;0,00;0,95
2010.0;4.0;2010-04-01;BRASPINE;BRASILEIRA;;;;;77,01;17,47;85,38;9,66;45,11;27,98;100,00;288,78;0,00;5,23
2010.0;4.0;2010-04-01;BRASPINE;BURACAO;;;;;126,42;17,37;83,39;9,38;44,29;27,52;99,86;297,38;0,00;1,67
2010.0;4.0;2010-04-01;BRASPINE;BURRINHO;PR;DOUTOR ULYSSES;211,01;100,37;90,88;17,54;86,04;9,19;44,80;28,51;100,00;275,09;0,00;1,09
2010.0;4.0;2010-04-01;BRASPINE;CADEADO I;PR;JAGUARIAIVA;21,07;12,29;80,97;17,31;84,97;9,56;44,24;27,54;100,00;314,91;0,00;7,35
2010.0;4.0;2010-04-01;BRASPINE;CADEADO II;PR;JAGUARIAIVA;21,88;16,79;80,97;17,31;84,97;9,56;44,24;27,54;100,00;314,91;0,00;7,35
2010.0;4.0;2010-04-01;BRASPINE;CAMPINA ALTA;PR;TIBAGI;29,77;18,24;146,36;18,23;81,23;9,99;39,03;27,94;99,89;284,36;0,00;3,29
2010.0;4.0;2010-04-01;BRASPINE;CAMPINA DO ELIAS;PR;JAGUARIAIVA;29,17;14,65;97,84;17,45;84,65;9,71;43,50;27,63;99,98;288,77;0,00;6,91
2010.0;4.0;2010-04-01;BRASPINE;CAMPO NOVO;PR;JAGUARIAIVA;295,98;156,36;91,20;17,31;84,97;9,56;44,24;27,54;100,00;314,91;0,00;7,35
2010.0;4.0;2010-04-01;BRASPINE;CONSULTORIA II A;PR;DOUTOR ULYSSES;89,62;60,79;79,76;17,47;85,38;9,66;45,11;27,98;100,00;288,78;0,00;5,23
2010.0;4.0;2010-04-01;BRASPINE;DINIZ;;;;;74,90;17,47;85,38;9,66;45,11;27,98;100,00;288,78;0,00;5,23
2010.0;4.0;2010-04-01;BRASPINE;ENES;PR;JAGUARIAIVA;5,93;5,69;92,37;17,31;84,97;9,56;44,24;27,54;100,00;314,91;0,00;7,35
2010.0;4.0;2010-04-01;BRASPINE;ENGENHARIA;;;;;74,90;17,47;85,38;9,66;45,11;27,98;100,00;288,78;0,00;5,23
2010.0;4.0;2010-04-01;BRASPINE;ESTACAO;PR;SENGES;4,76;4,14;82,87;17,31;84,97;9,56;44,24;27,54;100,00;314,91;0,00;7,35
2010.0;4.0;2010-04-01;BRASPINE;FAXINAL;PR;JAGUARIAIVA;20,65;20,65;92,37;17,31;84,97;9,56;44,24;27,54;100,00;314,91;0,00;7,35
2010.0;4.0;2010-04-01;BRASPINE;FEITAL;PR;DOUTOR ULYSSES;154,17;86,53;78,55;17,63;85,49;9,66;45,39;28,30;100,00;291,37;0,00;4,30
2010.0;4.0;2010-04-01;BRASPINE;FIGUEIRA;PR;DOUTOR ULYSSES;1053,81;315,71;82,42;17,54;86,04;9,19;44,80;28,51;100,00;275,09;0,00;1,09
2010.0;4.0;2010-04-01;BRASPINE;FIGUEIRINHA;PR;DOUTOR ULYSSES;94,37;56,74;93,74;17,54;86,04;9,19;44,80;28,51;100,00;275,09;0,00;1,09
2010.0;4.0;2010-04-01;BRASPINE;FLOEMA;PR;DOUTOR ULYSSES;2189,88;701,43;96,11;17,06;85,66;9,01;44,51;27,55;100,00;295,01;0,00;1,11
2010.0;4.0;2010-04-01;BRASPINE;FLOEMA I - SUDATI;;;;;80,77;17,47;85,38;9,66;45,11;27,98;100,00;288,78;0,00;5,23
2010.0;4.0;2010-04-01;BRASPINE;FLOEMA II - SUDATI;PR;DOUTOR ULYSSES;453,83;211,13;82,07;17,47;85,38;9,66;45,11;27,98;100,00;288,78;0,00;5,23
2010.0;4.0;2010-04-01;BRASPINE;FLOR DA SERRA;PR;SAO JOSE DA BOA VISTA;209,10;128,72;97,70;19,40;77,11;10,29;39,79;28,96;99,26;174,54;0,00;23,81
2010.0;4.0;2010-04-01;BRASPINE;GENTIL;PR;JAGUARIAIVA;126,77;53,33;89,71;17,25;82,38;9,52;40,91;26,41;99,55;268,15;0,00;0,79
2010.0;4.0;2010-04-01;BRASPINE;GUAIRACA;PR;GUARAPUAVA;623,62;169,31;188,66;16,69;83,74;8,82;47,65;25,75;100,00;275,83;0,00;21,27
2010.0;4.0;2010-04-01;BRASPINE;HERVAL 2 - MADALOSSO;;;;;126,91;17,37;83,39;9,38;44,29;27,52;99,86;297,38;0,00;1,67
2010.0;4.0;2010-04-01;BRASPINE;HERVAL DE BAIXO;PR;RESERVA;827,29;475,92;146,41;18,11;81,81;9,38;39,67;27,87;99,82;247,90;0,00;11,43
2010.0;4.0;2010-04-01;BRASPINE;HORTO 01;PR;TURVO;19,12;19,12;163,31;17,38;83,04;8,83;49,70;26,32;99,65;270,31;0,00;6,94
2010.0;4.0;2010-04-01;BRASPINE;HORTO 02;PR;TURVO;4,24;4,24;162,90;17,38;83,04;8,83;49,70;26,32;99,65;270,31;0,00;6,94
2010.0;4.0;2010-04-01;BRASPINE;HORTO 03;PR;PRUDENTOPOLIS;80,91;25,89;163,94;17,80;82,73;9,46;47,33;26,95;99,92;293,89;0,00;61,58
2010.0;4.0;2010-04-01;BRASPINE;HORTO 08;PR;TURVO;9,53;9,53;168,00;17,80;82,73;9,46;47,33;26,95;99,92;293,89;0,00;61,58
2010.0;4.0;2010-04-01;BRASPINE;HORTO 12;PR;PRUDENTOPOLIS;12,20;12,20;163,45;17,80;82,73;9,46;47,33;26,95;99,92;293,89;0,00;61,58
2010.0;4.0;2010-04-01;BRASPINE;IZAU;PR;PIRAI DO SUL;19,37;11,60;97,14;17,26;83,07;9,47;41,02;26,78;99,57;239,49;0,00;3,43
2010.0;4.0;2010-04-01;BRASPINE;JOAO RICO;PR;JAGUARIAIVA;47,46;26,18;86,20;17,55;82,49;9,88;40,82;26,82;99,85;259,05;0,00;19,07
2010.0;4.0;2010-04-01;BRASPINE;LAGOA;PR;JAGUARIAIVA;24,10;10,78;84,73;17,31;84,97;9,56;44,24;27,54;100,00;314,91;0,00;7,35
2010.0;4.0;2010-04-01;BRASPINE;MARACANA;PR;JANDAIA DO SUL;11,45;11,45;94,76;20,31;76,90;11,90;41,44;29,46;99,97;89,80;0,00;1,71
2010.0;4.0;2010-04-01;BRASPINE;MARRECA;;;;;88,77;17,54;86,04;9,19;44,80;28,51;100,00;275,09;0,00;1,09
2010.0;4.0;2010-04-01;BRASPINE;MARRECA SP;SP;ITAPIRAPUA PAULISTA;675,30;236,19;91,67;18,23;86,23;9,36;44,52;29,72;100,00;177,89;0,00;15,33
2010.0;4.0;2010-04-01;BRASPINE;MARRECAS;;;;;192,56;16,08;83,80;8,22;47,37;25,10;100,00;292,48;0,00;0,73
2010.0;4.0;2010-04-01;BRASPINE;MERCADINHO;;;;;93,02;18,08;85,54;8,61;44,94;29,24;100,00;233,97;0,00;0,62
2010.0;4.0;2010-04-01;BRASPINE;MONTE ALEGRE;;;;;82,24;20,77;76,29;12,31;40,77;29,98;99,96;92,65;0,00;7,87
2010.0;4.0;2010-04-01;BRASPINE;MONTE TABOR II;;;;;84,68;17,66;86,59;9,48;44,86;28,39;100,00;218,86;0,00;2,69
2010.0;4.0;2010-04-01;BRASPINE;MOREIRA;PR;DOUTOR ULYSSES;230,52;68,68;82,07;17,47;85,38;9,66;45,11;27,98;100,00;288,78;0,00;5,23
2010.0;4.0;2010-04-01;BRASPINE;MOREIRAS II;PR;DOUTOR ULYSSES;66,76;28,75;79,40;17,47;85,38;9,66;45,11;27,98;100,00;288,78;0,00;5,23
2010.0;4.0;2010-04-01;BRASPINE;MORRETES;PR;ORTIGUEIRA;20,36;20,36;131,72;18,49;82,26;9,38;40,37;28,52;99,67;250,31;0,00;1,05
2010.0;4.0;2010-04-01;BRASPINE;MORRO AZUL;;;;;65,90;17,78;85,33;10,17;42,29;28,42;100,00;234,64;0,00;10,49
2010.0;4.0;2010-04-01;BRASPINE;OURO FINO;SP;APIAI;51,70;51,70;78,27;17,55;86,21;9,77;44,36;28,11;100,00;245,11;0,00;339,21
2010.0;4.0;2010-04-01;BRASPINE;PALMEIRINHA DE BAIXO - SOSSEGO;PR;SENGES;85,93;9,22;63,30;17,31;82,97;10,01;38,24;26,69;99,86;254,79;0,00;4,16
2010.0;4.0;2010-04-01;BRASPINE;PAZIN;PR;DOUTOR ULYSSES;41,20;23,90;84,09;17,54;86,04;9,19;44,80;28,51;100,00;275,09;0,00;1,09
2010.0;4.0;2010-04-01;BRASPINE;PEDRAS;PR;CASTRO;7,18;7,18;106,48;17,23;83,76;9,40;44,01;26,72;99,68;312,51;0,00;0,23
2010.0;4.0;2010-04-01;BRASPINE;PESCARIA;PR;SAO JOSE DA BOA VISTA;184,57;129,22;92,66;19,60;76,74;11,35;36,37;29,36;99,32;149,67;0,00;2,19
2010.0;4.0;2010-04-01;BRASPINE;PESSEGUEIRO;PR;DOUTOR ULYSSES;109,95;64,79;88,00;17,47;85,38;9,66;45,11;27,98;100,00;288,78;0,00;5,23
2010.0;4.0;2010-04-01;BRASPINE;PITANGA;;;;;184,98;17,64;80,87;9,74;49,33;26,30;99,81;253,04;0,00;3,37
2010.0;4.0;2010-04-01;BRASPINE;QUEIMADINHO ARROIO CLARO;PR;DOUTOR ULYSSES;48,13;19,09;77,01;17,47;85,38;9,66;45,11;27,98;100,00;288,78;0,00;5,23
2010.0;4.0;2010-04-01;BRASPINE;QUEIMADINHO M6042;PR;DOUTOR ULYSSES;48,38;18,50;77,01;17,47;85,38;9,66;45,11;27,98;100,00;288,78;0,00;5,23
2010.0;4.0;2010-04-01;BRASPINE;QUEIMADINHO USUCAPIAO;PR;DOUTOR ULYSSES;200,27;92,43;77,01;17,47;85,38;9,66;45,11;27,98;100,00;288,78;0,00;5,23
2010.0;4.0;2010-04-01;BRASPINE;RAMOS;PR;SENGES;69,83;38,15;80,77;17,31;84,97;9,56;44,24;27,54;100,00;314,91;0,00;7,35
2010.0;4.0;2010-04-01;BRASPINE;RIBEIRAO GRANDE;PR;JAGUARIAIVA;20,77;20,77;95,17;17,26;83,07;9,47;41,02;26,78;99,57;239,49;0,00;3,43
2010.0;4.0;2010-04-01;BRASPINE;RINCAO DE BAIXO;;;;;121,69;17,77;79,64;9,86;37,38;27,07;99,20;282,40;0,00;4,37
2010.0;4.0;2010-04-01;BRASPINE;RIO BOMBA;PR;CERRO AZUL;65,03;37,72;103,13;18,35;84,50;9,30;44,46;29,50;100,00;191,03;0,00;6,38
2010.0;4.0;2010-04-01;BRASPINE;RIO DO MEIO;PR;DOUTOR ULYSSES;712,33;389,13;78,76;17,47;85,38;9,66;45,11;27,98;100,00;288,78;0,00;5,23
2010.0;4.0;2010-04-01;BRASPINE;RONDON;PR;JAGUARIAIVA;2899,24;1475,88;72,64;17,33;83,38;9,81;40,78;26,76;99,88;255,20;0,00;7,74
2010.0;4.0;2010-04-01;BRASPINE;SANTA FELICIDADE;;;;;87,29;18,62;86,30;9,17;43,79;30,47;100,00;195,43;0,00;8,79
2010.0;4.0;2010-04-01;BRASPINE;SANTA LIDIA DO CERCADINHO;;;;;121,30;17,44;79,69;9,55;37,58;26,55;99,17;292,85;0,00;3,98
2010.0;4.0;2010-04-01;BRASPINE;SANTO ANTONIO;;;;;67,55;17,33;83,46;10,11;38,34;26,97;100,00;271,33;0,00;4,02
2010.0;4.0;2010-04-01;BRASPINE;SAO JOSE;PR;JANDAIA DO SUL;37,56;37,56;83,93;20,62;76,42;12,17;41,02;29,77;99,98;91,65;0,00;8,30
2010.0;4.0;2010-04-01;BRASPINE;SAO MATHEUS;;;;;83,11;21,76;76,57;13,19;40,87;31,24;99,83;68,25;0,00;2,06
2010.0;4.0;2010-04-01;BRASPINE;SAO PEDRO E SAO PAULO;PR;SAPOPEMA;709,13;323,93;91,91;18,73;78,15;10,23;45,40;27,77;98,94;191,19;0,00;5,11
2010.0;4.0;2010-04-01;BRASPINE;SAO RAFAEL;;;;;186,04;17,34;81,52;9,27;42,00;26,69;99,54;311,57;0,00;6,36
2010.0;4.0;2010-04-01;BRASPINE;SAO RAFAEL - PB;;;;;73,97;17,68;85,96;10,12;44,02;28,30;100,00;248,64;0,00;10,10
2010.0;4.0;2010-04-01;BRASPINE;SERRARIA;PR;DOUTOR ULYSSES;280,88;117,71;93,61;17,30;85,85;9,10;44,66;28,03;100,00;270,16;0,00;0,25
2010.0;4.0;2010-04-01;BRASPINE;SERRO VERDE;;;;;187,16;17,24;80,48;9,21;46,80;25,91;99,92;304,71;0,00;1,66
2010.0;4.0;2010-04-01;BRASPINE;SERTAOZINHO;PR;DOUTOR ULYSSES;16,25;16,25;78,28;17,47;85,38;9,66;45,11;27,98;100,00;288,78;0,00;5,23
2010.0;4.0;2010-04-01;BRASPINE;SITIO BASILIO;PR;JAGUARIAIVA;8,08;8,08;81,42;17,33;82,20;9,63;40,85;26,40;99,62;269,29;0,00;20,16
2010.0;4.0;2010-04-01;BRASPINE;SITIO DAS MARRECAS;PR;DOUTOR ULYSSES;77,49;35,17;93,19;18,03;86,17;9,31;44,70;29,38;100,00;220,96;0,00;16,48
2010.0;4.0;2010-04-01;BRASPINE;SOBRADINHO;SP;BOM SUCESSO DE ITARARE;285,80;123,10;68,93;17,25;84,50;10,16;40,03;27,08;100,00;270,96;0,00;5,01
2010.0;4.0;2010-04-01;BRASPINE;TAQUARAL;PR;JAGUARIAIVA;519,13;31,07;79,11;17,53;83,20;9,92;41,64;26,95;100,00;274,75;0,00;16,65
2010.0;4.0;2010-04-01;BRASPINE;TUCUNDUVA;PR;SENGES;82,21;60,89;79,50;18,05;79,56;10,48;37,52;27,23;99,52;249,59;0,00;48,94
2010.0;4.0;2010-04-01;BRASPINE;TUCUNDUVA - CHAMMA;;;;;74,84;18,08;79,95;10,59;37,27;27,32;99,54;251,89;0,00;35,92
2010.0;4.0;2010-04-01;BRASPINE;VIENA 1;PR;DOUTOR ULYSSES;263,98;178,34;100,63;17,02;85,18;9,06;45,86;27,13;100,00;278,24;0,00;1,90
2010.0;4.0;2010-04-01;BRASPINE;VIENA 2;PR;CERRO AZUL;140,23;96,54;102,75;18,35;84,50;9,30;44,46;29,50;100,00;191,03;0,00;6,38
2010.0;4.0;2010-04-01;BRASPINE;VITORIA;PR;SENGES;50,54;35,69;63,30;17,31;82,97;10,01;38,24;26,69;99,86;254,79;0,00;4,16
2010.0;4.0;2010-04-01;BRASPINE;VIVEIRO;PR;DOUTOR ULYSSES;405,39;261,22;79,40;17,47;85,38;9,66;45,11;27,98;100,00;288,78;0,00;5,23
2010.0;4.0;2010-04-01;BRASPINE;VO LINO;PR;DOUTOR ULYSSES;164,50;97,89;89,08;17,54;86,04;9,19;44,80;28,51;100,00;275,09;0,00;1,09
2010.0;4.0;2010-04-01;BRASPINE;XAXIM VELHO;;;;;208,23;16,28;83,96;8,43;48,40;25,57;100,00;284,02;0,00;352,56
2010.0;5.0;2010-05-01;BRASPINE;AGUA DOCE;PR;JAGUARIAIVA;238,97;121,99;61,87;14,95;83,65;6,21;47,24;24,53;99,81;337,38;0,00;14,16
2010.0;5.0;2010-05-01;BRASPINE;AMATA;;;;;90,16;16,32;86,21;6,99;52,04;26,75;99,98;320,96;0,00;13,10
2010.0;5.0;2010-05-01;BRASPINE;ANTA BRAVA;;;;;43,99;18,04;78,68;10,93;43,69;28,45;99,74;248,62;0,00;344,38
2010.0;5.0;2010-05-01;BRASPINE;ARAPONGAS;PR;SENGES;423,34;263,70;68,74;15,18;85,79;7,19;49,14;25,51;100,00;359,00;0,00;2,50
2010.0;5.0;2010-05-01;BRASPINE;ARROIO CLARO;PR;DOUTOR ULYSSES;275,14;92,00;76,79;15,30;86,21;7,63;47,98;25,75;100,00;346,24;0,00;4,82
2010.0;5.0;2010-05-01;BRASPINE;BARRA GRANDE;PR;DOUTOR ULYSSES;493,79;139,68;77,04;15,65;85,97;7,58;48,86;26,38;100,00;338,26;0,00;2,12
2010.0;5.0;2010-05-01;BRASPINE;BARRA GRANDE - BEMAIS;PR;GUARAPUAVA;299,16;108,61;77,48;13,87;86,37;6,41;53,08;22,81;99,99;320,11;0,00;4,66
2010.0;5.0;2010-05-01;BRASPINE;BARRETOS;PR;JAGUARIAIVA;43,35;32,98;65,49;15,03;85,24;6,52;48,98;25,18;100,00;356,09;0,00;1,85
2010.0;5.0;2010-05-01;BRASPINE;BAU;;;;;80,07;13,86;85,83;6,19;53,00;22,46;99,91;323,89;0,00;5,29
2010.0;5.0;2010-05-01;BRASPINE;BOA VISTA II;PR;PIRAI DO SUL;944,00;535,05;66,88;14,90;84,66;6,39;48,10;24,91;99,99;348,35;0,00;1,10
2010.0;5.0;2010-05-01;BRASPINE;BRASILEIRA;;;;;73,95;15,18;85,79;7,19;49,14;25,51;100,00;359,00;0,00;2,50
2010.0;5.0;2010-05-01;BRASPINE;BURACAO;;;;;94,17;14,86;85,11;7,32;50,92;24,50;99,99;347,85;0,00;19,11
2010.0;5.0;2010-05-01;BRASPINE;BURRINHO;PR;DOUTOR ULYSSES;211,01;100,37;76,96;15,30;86,21;7,63;47,98;25,75;100,00;346,24;0,00;4,82
2010.0;5.0;2010-05-01;BRASPINE;CADEADO I;PR;JAGUARIAIVA;21,07;12,29;64,74;14,97;85,43;6,61;49,54;25,13;100,00;351,14;0,00;2,63
2010.0;5.0;2010-05-01;BRASPINE;CADEADO II;PR;JAGUARIAIVA;21,88;16,79;64,74;14,97;85,43;6,61;49,54;25,13;100,00;351,14;0,00;2,63
2010.0;5.0;2010-05-01;BRASPINE;CAMPINA ALTA;PR;TIBAGI;29,77;18,24;78,97;15,27;84,86;7,91;53,43;24,39;100,00;334,04;0,00;14,15
2010.0;5.0;2010-05-01;BRASPINE;CAMPINA DO ELIAS;PR;JAGUARIAIVA;29,17;14,65;69,65;15,01;85,31;6,67;49,23;25,16;100,00;354,29;0,00;2,11
2010.0;5.0;2010-05-01;BRASPINE;CAMPO NOVO;PR;JAGUARIAIVA;295,98;156,36;66,08;14,97;85,43;6,61;49,54;25,13;100,00;351,14;0,00;2,63
2010.0;5.0;2010-05-01;BRASPINE;CONSULTORIA II A;PR;DOUTOR ULYSSES;89,62;60,79;73,44;15,18;85,79;7,19;49,14;25,51;100,00;359,00;0,00;2,50
2010.0;5.0;2010-05-01;BRASPINE;DINIZ;;;;;69,89;15,18;85,79;7,19;49,14;25,51;100,00;359,00;0,00;2,50
2010.0;5.0;2010-05-01;BRASPINE;ENES;PR;JAGUARIAIVA;5,93;5,69;65,68;14,97;85,43;6,61;49,54;25,13;100,00;351,14;0,00;2,63
2010.0;5.0;2010-05-01;BRASPINE;ENGENHARIA;;;;;69,89;15,18;85,79;7,19;49,14;25,51;100,00;359,00;0,00;2,50
2010.0;5.0;2010-05-01;BRASPINE;ESTACAO;PR;SENGES;4,76;4,14;70,19;14,97;85,43;6,61;49,54;25,13;100,00;351,14;0,00;2,63
2010.0;5.0;2010-05-01;BRASPINE;FAXINAL;PR;JAGUARIAIVA;20,65;20,65;65,68;14,97;85,43;6,61;49,54;25,13;100,00;351,14;0,00;2,63
2010.0;5.0;2010-05-01;BRASPINE;FEITAL;PR;DOUTOR ULYSSES;154,17;86,53;77,85;15,33;85,85;7,35;49,05;25,80;100,00;332,12;0,00;2,38
2010.0;5.0;2010-05-01;BRASPINE;FIGUEIRA;PR;DOUTOR ULYSSES;1053,81;315,71;77,73;15,30;86,21;7,63;47,98;25,75;100,00;346,24;0,00;4,82
2010.0;5.0;2010-05-01;BRASPINE;FIGUEIRINHA;PR;DOUTOR ULYSSES;94,37;56,74;84,99;15,30;86,21;7,63;47,98;25,75;100,00;346,24;0,00;4,82
2010.0;5.0;2010-05-01;BRASPINE;FLOEMA;PR;DOUTOR ULYSSES;2189,88;701,43;74,02;14,83;85,96;7,06;47,85;24,96;100,00;348,19;0,00;7,24
2010.0;5.0;2010-05-01;BRASPINE;FLOEMA I - SUDATI;;;;;69,68;15,18;85,79;7,19;49,14;25,51;100,00;359,00;0,00;2,50
2010.0;5.0;2010-05-01;BRASPINE;FLOEMA II - SUDATI;PR;DOUTOR ULYSSES;453,83;211,13;70,30;15,18;85,79;7,19;49,14;25,51;100,00;359,00;0,00;2,50
2010.0;5.0;2010-05-01;BRASPINE;FLOR DA SERRA;PR;SAO JOSE DA BOA VISTA;209,10;128,72;44,20;16,69;79,58;7,80;42,51;27,09;99,82;295,64;0,00;2,34
2010.0;5.0;2010-05-01;BRASPINE;GENTIL;PR;JAGUARIAIVA;126,77;53,33;59,96;14,68;83,78;6,80;47,02;24,03;99,39;345,72;0,00;16,99
2010.0;5.0;2010-05-01;BRASPINE;GUAIRACA;PR;GUARAPUAVA;623,62;169,31;81,81;13,92;86,42;6,82;53,63;22,95;99,99;319,96;0,00;8,86
2010.0;5.0;2010-05-01;BRASPINE;HERVAL 2 - MADALOSSO;;;;;89,73;14,86;85,11;7,32;50,92;24,50;99,99;347,85;0,00;19,11
2010.0;5.0;2010-05-01;BRASPINE;HERVAL DE BAIXO;PR;RESERVA;827,29;475,92;87,58;15,18;85,33;7,36;53,75;24,26;100,00;342,78;0,00;13,16
2010.0;5.0;2010-05-01;BRASPINE;HORTO 01;PR;TURVO;19,12;19,12;74,54;14,50;85,90;6,98;54,83;23,26;99,67;333,38;0,00;2,15
2010.0;5.0;2010-05-01;BRASPINE;HORTO 02;PR;TURVO;4,24;4,24;74,56;14,50;85,90;6,98;54,83;23,26;99,67;333,38;0,00;2,15
2010.0;5.0;2010-05-01;BRASPINE;HORTO 03;PR;PRUDENTOPOLIS;80,91;25,89;74,66;14,88;85,45;7,39;53,34;23,73;99,89;326,18;0,00;0,46
2010.0;5.0;2010-05-01;BRASPINE;HORTO 08;PR;TURVO;9,53;9,53;71,17;14,88;85,45;7,39;53,34;23,73;99,89;326,18;0,00;0,46
2010.0;5.0;2010-05-01;BRASPINE;HORTO 12;PR;PRUDENTOPOLIS;12,20;12,20;74,89;14,88;85,45;7,39;53,34;23,73;99,89;326,18;0,00;0,46
2010.0;5.0;2010-05-01;BRASPINE;IZAU;PR;PIRAI DO SUL;19,37;11,60;63,97;14,65;84,42;7,05;46,60;24,22;99,40;347,33;0,00;0,36
2010.0;5.0;2010-05-01;BRASPINE;JOAO RICO;PR;JAGUARIAIVA;47,46;26,18;60,88;14,95;83,65;6,21;47,24;24,53;99,81;337,38;0,00;14,16
2010.0;5.0;2010-05-01;BRASPINE;LAGOA;PR;JAGUARIAIVA;24,10;10,78;68,22;14,97;85,43;6,61;49,54;25,13;100,00;351,14;0,00;2,63
2010.0;5.0;2010-05-01;BRASPINE;MARACANA;PR;JANDAIA DO SUL;11,45;11,45;59,36;16,80;82,84;8,66;49,77;26,12;100,00;277,92;0,00;3,11
2010.0;5.0;2010-05-01;BRASPINE;MARRECA;;;;;79,85;15,30;86,21;7,63;47,98;25,75;100,00;346,24;0,00;4,82
2010.0;5.0;2010-05-01;BRASPINE;MARRECA SP;SP;ITAPIRAPUA PAULISTA;675,30;236,19;89,52;15,94;86,33;7,71;48,04;26,88;100,00;344,65;0,00;1,68
2010.0;5.0;2010-05-01;BRASPINE;MARRECAS;;;;;79,97;13,42;86,82;5,95;52,86;22,42;100,00;307,73;0,00;3,57
2010.0;5.0;2010-05-01;BRASPINE;MERCADINHO;;;;;83,45;15,72;86,28;7,27;49,61;26,21;100,00;337,34;0,00;9,14
2010.0;5.0;2010-05-01;BRASPINE;MONTE ALEGRE;;;;;63,57;17,18;82,20;8,79;49,68;26,63;99,98;283,75;0,00;6,85
2010.0;5.0;2010-05-01;BRASPINE;MONTE TABOR II;;;;;60,88;15,47;86,83;6,86;51,57;25,66;100,00;317,15;0,00;16,70
2010.0;5.0;2010-05-01;BRASPINE;MOREIRA;PR;DOUTOR ULYSSES;230,52;68,68;70,30;15,18;85,79;7,19;49,14;25,51;100,00;359,00;0,00;2,50
2010.0;5.0;2010-05-01;BRASPINE;MOREIRAS II;PR;DOUTOR ULYSSES;66,76;28,75;73,90;15,18;85,79;7,19;49,14;25,51;100,00;359,00;0,00;2,50
2010.0;5.0;2010-05-01;BRASPINE;MORRETES;PR;ORTIGUEIRA;20,36;20,36;81,30;15,51;85,59;7,33;53,67;24,96;99,98;333,71;0,00;10,61
2010.0;5.0;2010-05-01;BRASPINE;MORRO AZUL;;;;;55,47;15,49;85,73;6,79;47,12;26,10;100,00;333,82;0,00;17,97
2010.0;5.0;2010-05-01;BRASPINE;OURO FINO;SP;APIAI;51,70;51,70;55,72;15,36;86,41;6,87;48,58;25,73;100,00;329,95;0,00;22,63
2010.0;5.0;2010-05-01;BRASPINE;PALMEIRINHA DE BAIXO - SOSSEGO;PR;SENGES;85,93;9,22;52,10;14,96;83,92;5,73;44,46;24,68;99,86;336,20;0,00;4,17
2010.0;5.0;2010-05-01;BRASPINE;PAZIN;PR;DOUTOR ULYSSES;41,20;23,90;81,48;15,30;86,21;7,63;47,98;25,75;100,00;346,24;0,00;4,82
2010.0;5.0;2010-05-01;BRASPINE;PEDRAS;PR;CASTRO;7,18;7,18;70,48;14,52;85,25;7,50;48,89;24,12;99,92;338,48;0,00;6,09
2010.0;5.0;2010-05-01;BRASPINE;PESCARIA;PR;SAO JOSE DA BOA VISTA;184,57;129,22;50,03;16,89;79,00;7,53;40,74;27,27;100,00;267,76;0,00;29,10
2010.0;5.0;2010-05-01;BRASPINE;PESSEGUEIRO;PR;DOUTOR ULYSSES;109,95;64,79;73,57;15,18;85,79;7,19;49,14;25,51;100,00;359,00;0,00;2,50
2010.0;5.0;2010-05-01;BRASPINE;PITANGA;;;;;89,21;14,46;85,36;6,48;54,34;22,95;99,82;339,36;0,00;3,63
2010.0;5.0;2010-05-01;BRASPINE;QUEIMADINHO ARROIO CLARO;PR;DOUTOR ULYSSES;48,13;19,09;73,95;15,18;85,79;7,19;49,14;25,51;100,00;359,00;0,00;2,50
2010.0;5.0;2010-05-01;BRASPINE;QUEIMADINHO M6042;PR;DOUTOR ULYSSES;48,38;18,50;73,95;15,18;85,79;7,19;49,14;25,51;100,00;359,00;0,00;2,50
2010.0;5.0;2010-05-01;BRASPINE;QUEIMADINHO USUCAPIAO;PR;DOUTOR ULYSSES;200,27;92,43;73,95;15,18;85,79;7,19;49,14;25,51;100,00;359,00;0,00;2,50
2010.0;5.0;2010-05-01;BRASPINE;RAMOS;PR;SENGES;69,83;38,15;69,68;14,97;85,43;6,61;49,54;25,13;100,00;351,14;0,00;2,63
2010.0;5.0;2010-05-01;BRASPINE;RIBEIRAO GRANDE;PR;JAGUARIAIVA;20,77;20,77;62,56;14,65;84,42;7,05;46,60;24,22;99,40;347,33;0,00;0,36
2010.0;5.0;2010-05-01;BRASPINE;RINCAO DE BAIXO;;;;;68,69;14,89;83,11;7,51;50,05;24,12;99,97;340,21;0,00;10,15
2010.0;5.0;2010-05-01;BRASPINE;RIO BOMBA;PR;CERRO AZUL;65,03;37,72;83,01;15,92;85,94;7,15;50,63;26,11;99,97;339,52;0,00;16,90
2010.0;5.0;2010-05-01;BRASPINE;RIO DO MEIO;PR;DOUTOR ULYSSES;712,33;389,13;73,92;15,18;85,79;7,19;49,14;25,51;100,00;359,00;0,00;2,50
2010.0;5.0;2010-05-01;BRASPINE;RONDON;PR;JAGUARIAIVA;2899,24;1475,88;53,26;14,91;84,33;6,12;46,93;24,62;99,89;334,44;0,00;5,91
2010.0;5.0;2010-05-01;BRASPINE;SANTA FELICIDADE;;;;;81,27;16,33;86,40;6,92;48,17;27,55;100,00;303,81;0,00;8,11
2010.0;5.0;2010-05-01;BRASPINE;SANTA LIDIA DO CERCADINHO;;;;;70,61;14,63;83,17;7,28;49,66;23,72;99,95;334,47;0,00;8,96
2010.0;5.0;2010-05-01;BRASPINE;SANTO ANTONIO;;;;;54,78;15,02;84,28;5,76;43,96;24,98;100,00;337,56;0,00;4,29
2010.0;5.0;2010-05-01;BRASPINE;SAO JOSE;PR;JANDAIA DO SUL;37,56;37,56;63,72;17,05;82,34;8,76;49,75;26,46;100,00;281,79;0,00;0,59
2010.0;5.0;2010-05-01;BRASPINE;SAO MATHEUS;;;;;66,58;17,95;82,22;9,01;50,34;27,70;100,00;278,38;0,00;1,04
2010.0;5.0;2010-05-01;BRASPINE;SAO PEDRO E SAO PAULO;PR;SAPOPEMA;709,13;323,93;64,76;15,89;81,73;7,67;50,10;25,19;99,74;297,88;0,00;0,08
2010.0;5.0;2010-05-01;BRASPINE;SAO RAFAEL;;;;;77,45;14,46;85,51;6,44;51,34;23,51;99,89;308,14;0,00;17,52
2010.0;5.0;2010-05-01;BRASPINE;SAO RAFAEL - PB;;;;;54,53;15,46;86,20;6,96;48,15;25,92;100,00;334,97;0,00;21,24
2010.0;5.0;2010-05-01;BRASPINE;SERRARIA;PR;DOUTOR ULYSSES;280,88;117,71;76,84;15,07;86,08;7,35;47,91;25,36;100,00;354,85;0,00;6,05
2010.0;5.0;2010-05-01;BRASPINE;SERRO VERDE;;;;;84,94;14,09;85,24;6,42;52,91;22,73;99,92;331,30;0,00;3,11
2010.0;5.0;2010-05-01;BRASPINE;SERTAOZINHO;PR;DOUTOR ULYSSES;16,25;16,25;70,70;15,18;85,79;7,19;49,14;25,51;100,00;359,00;0,00;2,50
2010.0;5.0;2010-05-01;BRASPINE;SITIO BASILIO;PR;JAGUARIAIVA;8,08;8,08;62,00;14,76;83,55;6,57;47,20;24,11;99,49;347,01;0,00;15,81
2010.0;5.0;2010-05-01;BRASPINE;SITIO DAS MARRECAS;PR;DOUTOR ULYSSES;77,49;35,17;85,60;15,76;86,29;7,70;48,02;26,56;100,00;340,81;0,00;2,10
2010.0;5.0;2010-05-01;BRASPINE;SOBRADINHO;SP;BOM SUCESSO DE ITARARE;285,80;123,10;51,90;15,02;85,06;5,82;44,49;25,11;100,00;351,50;0,00;6,57
2010.0;5.0;2010-05-01;BRASPINE;TAQUARAL;PR;JAGUARIAIVA;519,13;31,07;59,06;14,99;84,21;6,21;47,74;24,73;99,99;338,25;0,00;11,17
2010.0;5.0;2010-05-01;BRASPINE;TUCUNDUVA;PR;SENGES;82,21;60,89;53,63;15,51;81,18;6,27;43,05;25,17;99,92;313,94;0,00;2,00
2010.0;5.0;2010-05-01;BRASPINE;TUCUNDUVA - CHAMMA;;;;;53,74;15,58;81,42;6,06;42,78;25,27;99,91;316,25;0,00;14,07
2010.0;5.0;2010-05-01;BRASPINE;VIENA 1;PR;DOUTOR ULYSSES;263,98;178,34;73,47;14,71;85,67;7,18;49,41;24,60;100,00;347,07;0,00;6,74
2010.0;5.0;2010-05-01;BRASPINE;VIENA 2;PR;CERRO AZUL;140,23;96,54;82,88;15,92;85,94;7,15;50,63;26,11;99,97;339,52;0,00;16,90
2010.0;5.0;2010-05-01;BRASPINE;VITORIA;PR;SENGES;50,54;35,69;52,10;14,96;83,92;5,73;44,46;24,68;99,86;336,20;0,00;4,17
2010.0;5.0;2010-05-01;BRASPINE;VIVEIRO;PR;DOUTOR ULYSSES;405,39;261,22;73,90;15,18;85,79;7,19;49,14;25,51;100,00;359,00;0,00;2,50
2010.0;5.0;2010-05-01;BRASPINE;VO LINO;PR;DOUTOR ULYSSES;164,50;97,89;78,38;15,30;86,21;7,63;47,98;25,75;100,00;346,24;0,00;4,82
2010.0;5.0;2010-05-01;BRASPINE;XAXIM VELHO;;;;;90,26;13,40;87,09;6,11;51,98;22,65;100,00;305,27;0,00;14,39
2010.0;6.0;2010-06-01;BRASPINE;AGUA DOCE;PR;JAGUARIAIVA;238,97;121,99;38,90;13,83;79,80;5,31;42,31;22,71;99,86;269,45;0,00;22,49
2010.0;6.0;2010-06-01;BRASPINE;AMATA;;;;;46,85;14,68;84,82;5,02;45,82;24,80;99,99;309,31;0,00;0,58
2010.0;6.0;2010-06-01;BRASPINE;ANTA BRAVA;;;;;24,33;16,43;75,13;7,03;37,55;26,55;96,91;348,36;0,00;25,37
2010.0;6.0;2010-06-01;BRASPINE;ARAPONGAS;PR;SENGES;423,34;263,70;42,49;13,84;83,53;5,18;43,63;23,38;100,00;293,85;0,00;0,16
2010.0;6.0;2010-06-01;BRASPINE;ARROIO CLARO;PR;DOUTOR ULYSSES;275,14;92,00;40,13;13,88;84,81;5,78;44,50;23,76;100,00;296,76;0,00;9,04
2010.0;6.0;2010-06-01;BRASPINE;BARRA GRANDE;PR;DOUTOR ULYSSES;493,79;139,68;41,51;14,14;84,14;5,03;43,43;24,12;100,00;297,94;0,00;7,77
2010.0;6.0;2010-06-01;BRASPINE;BARRA GRANDE - BEMAIS;PR;GUARAPUAVA;299,16;108,61;66,39;13,06;83,53;2,82;46,19;21,69;99,99;271,03;7,44;4,07
2010.0;6.0;2010-06-01;BRASPINE;BARRETOS;PR;JAGUARIAIVA;43,35;32,98;40,31;13,89;81,99;5,74;43,12;23,25;99,99;281,08;0,00;1,99
2010.0;6.0;2010-06-01;BRASPINE;BAU;;;;;65,26;13,59;81,01;2,97;44,83;21,92;99,90;281,07;6,71;1,63
2010.0;6.0;2010-06-01;BRASPINE;BOA VISTA II;PR;PIRAI DO SUL;944,00;535,05;36,59;13,86;80,97;5,59;42,14;23,22;99,96;276,87;0,00;2,10
2010.0;6.0;2010-06-01;BRASPINE;BRASILEIRA;;;;;39,90;13,84;83,53;5,18;43,63;23,38;100,00;293,85;0,00;0,16
2010.0;6.0;2010-06-01;BRASPINE;BURACAO;;;;;47,17;13,68;82,84;3,98;44,69;23,76;99,81;290,14;3,98;0,45
2010.0;6.0;2010-06-01;BRASPINE;BURRINHO;PR;DOUTOR ULYSSES;211,01;100,37;40,10;13,88;84,81;5,78;44,50;23,76;100,00;296,76;0,00;9,04
2010.0;6.0;2010-06-01;BRASPINE;CADEADO I;PR;JAGUARIAIVA;21,07;12,29;34,32;13,72;82,81;5,40;43,69;23,08;100,00;288,26;0,00;1,64
2010.0;6.0;2010-06-01;BRASPINE;CADEADO II;PR;JAGUARIAIVA;21,88;16,79;34,32;13,72;82,81;5,40;43,69;23,08;100,00;288,26;0,00;1,64
2010.0;6.0;2010-06-01;BRASPINE;CAMPINA ALTA;PR;TIBAGI;29,77;18,24;37,55;14,32;81,70;3,49;50,36;23,29;99,90;299,23;7,18;1,07
2010.0;6.0;2010-06-01;BRASPINE;CAMPINA DO ELIAS;PR;JAGUARIAIVA;29,17;14,65;35,74;13,83;82,29;5,62;43,32;23,19;99,99;278,42;0,00;1,87
2010.0;6.0;2010-06-01;BRASPINE;CAMPO NOVO;PR;JAGUARIAIVA;295,98;156,36;43,28;13,72;82,81;5,40;43,69;23,08;100,00;288,26;0,00;1,64
2010.0;6.0;2010-06-01;BRASPINE;CONSULTORIA II A;PR;DOUTOR ULYSSES;89,62;60,79;41,01;13,84;83,53;5,18;43,63;23,38;100,00;293,85;0,00;0,16
2010.0;6.0;2010-06-01;BRASPINE;DINIZ;;;;;43,97;13,84;83,53;5,18;43,63;23,38;100,00;293,85;0,00;0,16
2010.0;6.0;2010-06-01;BRASPINE;ENES;PR;JAGUARIAIVA;5,93;5,69;43,36;13,72;82,81;5,40;43,69;23,08;100,00;288,26;0,00;1,64
2010.0;6.0;2010-06-01;BRASPINE;ENGENHARIA;;;;;43,97;13,84;83,53;5,18;43,63;23,38;100,00;293,85;0,00;0,16
2010.0;6.0;2010-06-01;BRASPINE;ESTACAO;PR;SENGES;4,76;4,14;38,80;13,72;82,81;5,40;43,69;23,08;100,00;288,26;0,00;1,64
2010.0;6.0;2010-06-01;BRASPINE;FAXINAL;PR;JAGUARIAIVA;20,65;20,65;43,36;13,72;82,81;5,40;43,69;23,08;100,00;288,26;0,00;1,64
2010.0;6.0;2010-06-01;BRASPINE;FEITAL;PR;DOUTOR ULYSSES;154,17;86,53;38,49;13,94;83,73;5,13;43,56;23,63;100,00;295,22;0,00;9,27
2010.0;6.0;2010-06-01;BRASPINE;FIGUEIRA;PR;DOUTOR ULYSSES;1053,81;315,71;40,23;13,88;84,81;5,78;44,50;23,76;100,00;296,76;0,00;9,04
2010.0;6.0;2010-06-01;BRASPINE;FIGUEIRINHA;PR;DOUTOR ULYSSES;94,37;56,74;39,04;13,88;84,81;5,78;44,50;23,76;100,00;296,76;0,00;9,04
2010.0;6.0;2010-06-01;BRASPINE;FLOEMA;PR;DOUTOR ULYSSES;2189,88;701,43;35,11;13,56;84,12;4,96;43,45;23,14;100,00;288,78;4,96;8,40
2010.0;6.0;2010-06-01;BRASPINE;FLOEMA I - SUDATI;;;;;39,06;13,84;83,53;5,18;43,63;23,38;100,00;293,85;0,00;0,16
2010.0;6.0;2010-06-01;BRASPINE;FLOEMA II - SUDATI;PR;DOUTOR ULYSSES;453,83;211,13;40,05;13,84;83,53;5,18;43,63;23,38;100,00;293,85;0,00;0,16
2010.0;6.0;2010-06-01;BRASPINE;FLOR DA SERRA;PR;SAO JOSE DA BOA VISTA;209,10;128,72;33,13;15,32;76,41;4,98;42,70;24,55;97,50;308,53;4,98;3,60
2010.0;6.0;2010-06-01;BRASPINE;GENTIL;PR;JAGUARIAIVA;126,77;53,33;40,52;13,56;80,08;4,81;41,83;22,40;99,55;291,20;4,81;2,42
2010.0;6.0;2010-06-01;BRASPINE;GUAIRACA;PR;GUARAPUAVA;623,62;169,31;57,92;13,06;83,85;2,50;47,12;22,01;99,99;256,25;7,46;6,13
2010.0;6.0;2010-06-01;BRASPINE;HERVAL 2 - MADALOSSO;;;;;48,87;13,68;82,84;3,98;44,69;23,76;99,81;290,14;3,98;0,45
2010.0;6.0;2010-06-01;BRASPINE;HERVAL DE BAIXO;PR;RESERVA;827,29;475,92;43,08;14,14;82,57;3,70;51,03;23,32;99,92;282,97;12,54;0,92
2010.0;6.0;2010-06-01;BRASPINE;HORTO 01;PR;TURVO;19,12;19,12;58,80;13,71;82,96;2,64;50,59;22,48;99,55;276,70;6,83;4,84
2010.0;6.0;2010-06-01;BRASPINE;HORTO 02;PR;TURVO;4,24;4,24;57,81;13,71;82,96;2,64;50,59;22,48;99,55;276,70;6,83;4,84
2010.0;6.0;2010-06-01;BRASPINE;HORTO 03;PR;PRUDENTOPOLIS;80,91;25,89;60,42;14,02;82,72;2,79;50,85;23,05;99,77;284,93;6,90;7,01
2010.0;6.0;2010-06-01;BRASPINE;HORTO 08;PR;TURVO;9,53;9,53;61,58;14,02;82,72;2,79;50,85;23,05;99,77;284,93;6,90;7,01
2010.0;6.0;2010-06-01;BRASPINE;HORTO 12;PR;PRUDENTOPOLIS;12,20;12,20;59,23;14,02;82,72;2,79;50,85;23,05;99,77;284,93;6,90;7,01
2010.0;6.0;2010-06-01;BRASPINE;IZAU;PR;PIRAI DO SUL;19,37;11,60;41,86;13,62;80,67;5,34;41,26;22,71;99,57;271,26;0,00;2,34
2010.0;6.0;2010-06-01;BRASPINE;JOAO RICO;PR;JAGUARIAIVA;47,46;26,18;40,09;13,83;79,80;5,31;42,31;22,71;99,86;269,45;0,00;22,49
2010.0;6.0;2010-06-01;BRASPINE;LAGOA;PR;JAGUARIAIVA;24,10;10,78;34,73;13,72;82,81;5,40;43,69;23,08;100,00;288,26;0,00;1,64
2010.0;6.0;2010-06-01;BRASPINE;MARACANA;PR;JANDAIA DO SUL;11,45;11,45;23,36;16,69;75,00;6,62;47,02;25,75;99,99;246,37;0,00;0,64
2010.0;6.0;2010-06-01;BRASPINE;MARRECA;;;;;39,43;13,88;84,81;5,78;44,50;23,76;100,00;296,76;0,00;9,04
2010.0;6.0;2010-06-01;BRASPINE;MARRECA SP;SP;ITAPIRAPUA PAULISTA;675,30;236,19;35,78;14,32;85,25;5,38;43,73;24,68;100,00;301,98;0,00;8,23
2010.0;6.0;2010-06-01;BRASPINE;MARRECAS;;;;;57,76;12,61;83,91;3,12;44,32;21,25;100,00;261,61;3,12;9,93
2010.0;6.0;2010-06-01;BRASPINE;MERCADINHO;;;;;41,02;14,17;85,09;5,18;44,79;24,25;100,00;311,20;0,00;1,55
2010.0;6.0;2010-06-01;BRASPINE;MONTE ALEGRE;;;;;23,34;17,07;74,75;7,01;46,92;26,09;99,91;236,42;0,00;1,60
2010.0;6.0;2010-06-01;BRASPINE;MONTE TABOR II;;;;;35,80;13,86;86,56;3,76;47,31;23,60;100,00;306,14;8,48;17,78
2010.0;6.0;2010-06-01;BRASPINE;MOREIRA;PR;DOUTOR ULYSSES;230,52;68,68;40,05;13,84;83,53;5,18;43,63;23,38;100,00;293,85;0,00;0,16
2010.0;6.0;2010-06-01;BRASPINE;MOREIRAS II;PR;DOUTOR ULYSSES;66,76;28,75;41,15;13,84;83,53;5,18;43,63;23,38;100,00;293,85;0,00;0,16
2010.0;6.0;2010-06-01;BRASPINE;MORRETES;PR;ORTIGUEIRA;20,36;20,36;39,05;14,38;82,90;3,98;51,59;23,87;99,79;281,57;8,60;1,04
2010.0;6.0;2010-06-01;BRASPINE;MORRO AZUL;;;;;41,99;13,99;83,44;4,67;42,21;23,74;100,00;291,58;4,67;1,17
2010.0;6.0;2010-06-01;BRASPINE;OURO FINO;SP;APIAI;51,70;51,70;37,86;13,83;84,72;3,80;44,71;23,49;100,00;307,11;3,80;3,59
2010.0;6.0;2010-06-01;BRASPINE;PALMEIRINHA DE BAIXO - SOSSEGO;PR;SENGES;85,93;9,22;42,04;13,64;80,61;5,46;41,28;22,39;99,86;296,24;0,00;5,86
2010.0;6.0;2010-06-01;BRASPINE;PAZIN;PR;DOUTOR ULYSSES;41,20;23,90;37,77;13,88;84,81;5,78;44,50;23,76;100,00;296,76;0,00;9,04
2010.0;6.0;2010-06-01;BRASPINE;PEDRAS;PR;CASTRO;7,18;7,18;37,43;13,57;81,57;4,10;43,36;22,93;99,60;267,78;4,10;334,44
2010.0;6.0;2010-06-01;BRASPINE;PESCARIA;PR;SAO JOSE DA BOA VISTA;184,57;129,22;31,61;15,49;75,76;5,55;40,64;24,46;97,87;311,43;0,00;7,77
2010.0;6.0;2010-06-01;BRASPINE;PESSEGUEIRO;PR;DOUTOR ULYSSES;109,95;64,79;39,81;13,84;83,53;5,18;43,63;23,38;100,00;293,85;0,00;0,16
2010.0;6.0;2010-06-01;BRASPINE;PITANGA;;;;;56,50;14,23;80,23;2,82;47,21;22,33;99,82;280,93;7,17;0,88
2010.0;6.0;2010-06-01;BRASPINE;QUEIMADINHO ARROIO CLARO;PR;DOUTOR ULYSSES;48,13;19,09;39,90;13,84;83,53;5,18;43,63;23,38;100,00;293,85;0,00;0,16
2010.0;6.0;2010-06-01;BRASPINE;QUEIMADINHO M6042;PR;DOUTOR ULYSSES;48,38;18,50;39,90;13,84;83,53;5,18;43,63;23,38;100,00;293,85;0,00;0,16
2010.0;6.0;2010-06-01;BRASPINE;QUEIMADINHO USUCAPIAO;PR;DOUTOR ULYSSES;200,27;92,43;39,90;13,84;83,53;5,18;43,63;23,38;100,00;293,85;0,00;0,16
2010.0;6.0;2010-06-01;BRASPINE;RAMOS;PR;SENGES;69,83;38,15;39,06;13,72;82,81;5,40;43,69;23,08;100,00;288,26;0,00;1,64
2010.0;6.0;2010-06-01;BRASPINE;RIBEIRAO GRANDE;PR;JAGUARIAIVA;20,77;20,77;39,73;13,62;80,67;5,34;41,26;22,71;99,57;271,26;0,00;2,34
2010.0;6.0;2010-06-01;BRASPINE;RINCAO DE BAIXO;;;;;33,39;13,86;79,46;3,45;44,35;22,70;99,64;291,03;11,93;2,04
2010.0;6.0;2010-06-01;BRASPINE;RIO BOMBA;PR;CERRO AZUL;65,03;37,72;41,88;14,36;84,78;4,71;45,30;24,45;99,95;315,11;4,71;1,29
2010.0;6.0;2010-06-01;BRASPINE;RIO DO MEIO;PR;DOUTOR ULYSSES;712,33;389,13;40,82;13,84;83,53;5,18;43,63;23,38;100,00;293,85;0,00;0,16
2010.0;6.0;2010-06-01;BRASPINE;RONDON;PR;JAGUARIAIVA;2899,24;1475,88;42,55;13,67;80,92;5,56;42,95;22,47;99,89;297,44;0,00;15,53
2010.0;6.0;2010-06-01;BRASPINE;SANTA FELICIDADE;;;;;38,38;14,52;85,80;4,31;43,37;25,19;100,00;316,25;4,31;2,29
2010.0;6.0;2010-06-01;BRASPINE;SANTA LIDIA DO CERCADINHO;;;;;32,75;13,63;79,37;3,34;43,94;22,27;99,54;289,38;11,98;1,05
2010.0;6.0;2010-06-01;BRASPINE;SANTO ANTONIO;;;;;41,60;13,64;81,16;5,14;41,23;22,68;100,00;296,00;0,00;4,14
2010.0;6.0;2010-06-01;BRASPINE;SAO JOSE;PR;JANDAIA DO SUL;37,56;37,56;23,29;16,95;74,80;6,92;47,03;25,95;99,95;234,88;0,00;0,19
2010.0;6.0;2010-06-01;BRASPINE;SAO MATHEUS;;;;;22,70;17,78;75,61;5,94;46,33;26,97;99,77;192,94;0,00;1,86
2010.0;6.0;2010-06-01;BRASPINE;SAO PEDRO E SAO PAULO;PR;SAPOPEMA;709,13;323,93;25,37;14,80;77,67;5,15;44,00;24,35;99,05;292,31;0,00;4,33
2010.0;6.0;2010-06-01;BRASPINE;SAO RAFAEL;;;;;66,68;13,43;82,34;3,86;46,36;23,78;99,90;292,52;7,91;0,93
2010.0;6.0;2010-06-01;BRASPINE;SAO RAFAEL - PB;;;;;41,22;13,92;84,37;4,44;43,88;23,63;100,00;310,23;4,44;0,47
2010.0;6.0;2010-06-01;BRASPINE;SERRARIA;PR;DOUTOR ULYSSES;280,88;117,71;40,01;13,72;84,47;5,37;44,19;23,45;100,00;292,76;0,00;8,71
2010.0;6.0;2010-06-01;BRASPINE;SERRO VERDE;;;;;60,17;14,01;79,67;2,82;43,62;22,42;99,91;250,80;7,62;2,79
2010.0;6.0;2010-06-01;BRASPINE;SERTAOZINHO;PR;DOUTOR ULYSSES;16,25;16,25;42,68;13,84;83,53;5,18;43,63;23,38;100,00;293,85;0,00;0,16
2010.0;6.0;2010-06-01;BRASPINE;SITIO BASILIO;PR;JAGUARIAIVA;8,08;8,08;38,97;13,61;79,82;4,79;42,13;22,39;99,63;290,23;9,75;0,49
2010.0;6.0;2010-06-01;BRASPINE;SITIO DAS MARRECAS;PR;DOUTOR ULYSSES;77,49;35,17;37,39;14,19;85,12;5,55;43,95;24,41;100,00;300,49;0,00;8,89
2010.0;6.0;2010-06-01;BRASPINE;SOBRADINHO;SP;BOM SUCESSO DE ITARARE;285,80;123,10;39,59;13,58;82,32;4,76;42,18;22,82;100,00;295,73;4,76;2,42
2010.0;6.0;2010-06-01;BRASPINE;TAQUARAL;PR;JAGUARIAIVA;519,13;31,07;39,54;13,83;80,46;5,72;43,20;22,75;100,00;286,46;0,00;21,00
2010.0;6.0;2010-06-01;BRASPINE;TUCUNDUVA;PR;SENGES;82,21;60,89;37,69;14,21;77,75;4,72;40,66;22,90;98,85;302,87;4,72;2,22
2010.0;6.0;2010-06-01;BRASPINE;TUCUNDUVA - CHAMMA;;;;;41,95;14,28;78,05;5,33;40,75;22,91;98,77;306,61;0,00;27,39
2010.0;6.0;2010-06-01;BRASPINE;VIENA 1;PR;DOUTOR ULYSSES;263,98;178,34;36,16;13,57;83,09;5,44;44,12;22,96;100,00;291,05;0,00;2,27
2010.0;6.0;2010-06-01;BRASPINE;VIENA 2;PR;CERRO AZUL;140,23;96,54;41,67;14,36;84,78;4,71;45,30;24,45;99,95;315,11;4,71;1,29
2010.0;6.0;2010-06-01;BRASPINE;VITORIA;PR;SENGES;50,54;35,69;42,04;13,64;80,61;5,46;41,28;22,39;99,86;296,24;0,00;5,86
2010.0;6.0;2010-06-01;BRASPINE;VIVEIRO;PR;DOUTOR ULYSSES;405,39;261,22;41,15;13,84;83,53;5,18;43,63;23,38;100,00;293,85;0,00;0,16
2010.0;6.0;2010-06-01;BRASPINE;VO LINO;PR;DOUTOR ULYSSES;164,50;97,89;39,82;13,88;84,81;5,78;44,50;23,76;100,00;296,76;0,00;9,04
2010.0;6.0;2010-06-01;BRASPINE;XAXIM VELHO;;;;;61,04;12,68;84,29;2,91;46,06;21,72;100,00;267,25;2,91;2,02
2010.0;7.0;2010-07-01;BRASPINE;AGUA DOCE;PR;JAGUARIAIVA;238,97;121,99;67,80;14,62;81,69;6,81;42,05;23,37;99,65;319,14;0,00;4,99
2010.0;7.0;2010-07-01;BRASPINE;AMATA;;;;;89,10;15,58;86,27;8,29;47,74;25,96;99,97;369,32;0,00;3,77
2010.0;7.0;2010-07-01;BRASPINE;ANTA BRAVA;;;;;41,30;17,69;76,70;10,53;33,37;27,52;99,26;259,92;0,00;2,04
2010.0;7.0;2010-07-01;BRASPINE;ARAPONGAS;PR;SENGES;423,34;263,70;67,22;14,67;85,31;8,23;48,51;24,11;100,00;343,33;0,00;8,29
2010.0;7.0;2010-07-01;BRASPINE;ARROIO CLARO;PR;DOUTOR ULYSSES;275,14;92,00;77,84;14,73;86,45;8,10;48,21;24,43;100,00;345,79;0,00;0,57
2010.0;7.0;2010-07-01;BRASPINE;BARRA GRANDE;PR;DOUTOR ULYSSES;493,79;139,68;64,08;15,03;86,04;8,27;48,05;24,91;100,00;350,87;0,00;1,38
2010.0;7.0;2010-07-01;BRASPINE;BARRA GRANDE - BEMAIS;PR;GUARAPUAVA;299,16;108,61;146,22;13,40;83,65;1,50;45,54;21,97;99,98;288,98;5,85;29,39
2010.0;7.0;2010-07-01;BRASPINE;BARRETOS;PR;JAGUARIAIVA;43,35;32,98;73,64;14,75;83,54;8,02;46,80;23,89;99,95;330,85;0,00;11,92
2010.0;7.0;2010-07-01;BRASPINE;BAU;;;;;121,71;13,81;81,34;0,43;42,64;21,48;99,91;320,13;3,46;0,84
2010.0;7.0;2010-07-01;BRASPINE;BOA VISTA II;PR;PIRAI DO SUL;944,00;535,05;83,88;14,72;82,57;7,36;44,37;23,67;99,88;327,82;0,00;8,19
2010.0;7.0;2010-07-01;BRASPINE;BRASILEIRA;;;;;64,99;14,67;85,31;8,23;48,51;24,11;100,00;343,33;0,00;8,29
2010.0;7.0;2010-07-01;BRASPINE;BURACAO;;;;;82,10;14,45;84,19;7,67;47,48;23,73;100,00;321,89;0,00;11,22
2010.0;7.0;2010-07-01;BRASPINE;BURRINHO;PR;DOUTOR ULYSSES;211,01;100,37;77,59;14,73;86,45;8,10;48,21;24,43;100,00;345,79;0,00;0,57
2010.0;7.0;2010-07-01;BRASPINE;CADEADO I;PR;JAGUARIAIVA;21,07;12,29;67,81;14,54;84,45;7,72;48,67;23,77;100,00;321,63;0,00;12,07
2010.0;7.0;2010-07-01;BRASPINE;CADEADO II;PR;JAGUARIAIVA;21,88;16,79;67,81;14,54;84,45;7,72;48,67;23,77;100,00;321,63;0,00;12,07
2010.0;7.0;2010-07-01;BRASPINE;CAMPINA ALTA;PR;TIBAGI;29,77;18,24;114,49;15,16;81,29;6,67;46,21;23,66;99,81;324,12;0,00;4,42
2010.0;7.0;2010-07-01;BRASPINE;CAMPINA DO ELIAS;PR;JAGUARIAIVA;29,17;14,65;79,01;14,67;83,87;7,91;47,58;23,84;99,97;327,54;0,00;12,36
2010.0;7.0;2010-07-01;BRASPINE;CAMPO NOVO;PR;JAGUARIAIVA;295,98;156,36;66,68;14,54;84,45;7,72;48,67;23,77;100,00;321,63;0,00;12,07
2010.0;7.0;2010-07-01;BRASPINE;CONSULTORIA II A;PR;DOUTOR ULYSSES;89,62;60,79;68,05;14,67;85,31;8,23;48,51;24,11;100,00;343,33;0,00;8,29
2010.0;7.0;2010-07-01;BRASPINE;DINIZ;;;;;63,19;14,67;85,31;8,23;48,51;24,11;100,00;343,33;0,00;8,29
2010.0;7.0;2010-07-01;BRASPINE;ENES;PR;JAGUARIAIVA;5,93;5,69;66,64;14,54;84,45;7,72;48,67;23,77;100,00;321,63;0,00;12,07
2010.0;7.0;2010-07-01;BRASPINE;ENGENHARIA;;;;;63,19;14,67;85,31;8,23;48,51;24,11;100,00;343,33;0,00;8,29
2010.0;7.0;2010-07-01;BRASPINE;ESTACAO;PR;SENGES;4,76;4,14;70,25;14,54;84,45;7,72;48,67;23,77;100,00;321,63;0,00;12,07
2010.0;7.0;2010-07-01;BRASPINE;FAXINAL;PR;JAGUARIAIVA;20,65;20,65;66,64;14,54;84,45;7,72;48,67;23,77;100,00;321,63;0,00;12,07
2010.0;7.0;2010-07-01;BRASPINE;FEITAL;PR;DOUTOR ULYSSES;154,17;86,53;65,66;14,79;85,55;8,27;48,46;24,38;100,00;345,83;0,00;6,01
2010.0;7.0;2010-07-01;BRASPINE;FIGUEIRA;PR;DOUTOR ULYSSES;1053,81;315,71;69,95;14,73;86,45;8,10;48,21;24,43;100,00;345,79;0,00;0,57
2010.0;7.0;2010-07-01;BRASPINE;FIGUEIRINHA;PR;DOUTOR ULYSSES;94,37;56,74;70,07;14,73;86,45;8,10;48,21;24,43;100,00;345,79;0,00;0,57
2010.0;7.0;2010-07-01;BRASPINE;FLOEMA;PR;DOUTOR ULYSSES;2189,88;701,43;79,17;14,39;85,48;7,87;47,62;23,65;100,00;336,68;0,00;0,75
2010.0;7.0;2010-07-01;BRASPINE;FLOEMA I - SUDATI;;;;;70,14;14,67;85,31;8,23;48,51;24,11;100,00;343,33;0,00;8,29
2010.0;7.0;2010-07-01;BRASPINE;FLOEMA II - SUDATI;PR;DOUTOR ULYSSES;453,83;211,13;69,37;14,67;85,31;8,23;48,51;24,11;100,00;343,33;0,00;8,29
2010.0;7.0;2010-07-01;BRASPINE;FLOR DA SERRA;PR;SAO JOSE DA BOA VISTA;209,10;128,72;29,33;16,30;78,33;7,96;44,52;25,96;98,13;344,88;0,00;25,31
2010.0;7.0;2010-07-01;BRASPINE;GENTIL;PR;JAGUARIAIVA;126,77;53,33;71,16;14,35;81,71;6,86;42,28;22,90;99,35;330,12;0,00;1,63
2010.0;7.0;2010-07-01;BRASPINE;GUAIRACA;PR;GUARAPUAVA;623,62;169,31;135,47;13,39;84,06;1,19;46,18;22,11;99,99;286,69;5,56;0,54
2010.0;7.0;2010-07-01;BRASPINE;HERVAL 2 - MADALOSSO;;;;;93,17;14,45;84,19;7,67;47,48;23,73;100,00;321,89;0,00;11,22
2010.0;7.0;2010-07-01;BRASPINE;HERVAL DE BAIXO;PR;RESERVA;827,29;475,92;103,89;14,98;82,10;6,40;47,07;23,52;99,56;312,28;0,00;3,34
2010.0;7.0;2010-07-01;BRASPINE;HORTO 01;PR;TURVO;19,12;19,12;120,15;14,00;83,19;1,52;49,09;22,47;99,66;299,52;6,15;3,10
2010.0;7.0;2010-07-01;BRASPINE;HORTO 02;PR;TURVO;4,24;4,24;121,09;14,00;83,19;1,52;49,09;22,47;99,66;299,52;6,15;3,10
2010.0;7.0;2010-07-01;BRASPINE;HORTO 03;PR;PRUDENTOPOLIS;80,91;25,89;120,63;14,43;82,89;2,51;47,15;23,21;99,93;308,70;2,51;15,64
2010.0;7.0;2010-07-01;BRASPINE;HORTO 08;PR;TURVO;9,53;9,53;134,60;14,43;82,89;2,51;47,15;23,21;99,93;308,70;2,51;15,64
2010.0;7.0;2010-07-01;BRASPINE;HORTO 12;PR;PRUDENTOPOLIS;12,20;12,20;124,17;14,43;82,89;2,51;47,15;23,21;99,93;308,70;2,51;15,64
2010.0;7.0;2010-07-01;BRASPINE;IZAU;PR;PIRAI DO SUL;19,37;11,60;82,30;14,45;82,22;7,47;42,72;23,09;99,47;322,35;0,00;5,87
2010.0;7.0;2010-07-01;BRASPINE;JOAO RICO;PR;JAGUARIAIVA;47,46;26,18;70,30;14,62;81,69;6,81;42,05;23,37;99,65;319,14;0,00;4,99
2010.0;7.0;2010-07-01;BRASPINE;LAGOA;PR;JAGUARIAIVA;24,10;10,78;71,70;14,54;84,45;7,72;48,67;23,77;100,00;321,63;0,00;12,07
2010.0;7.0;2010-07-01;BRASPINE;MARACANA;PR;JANDAIA DO SUL;11,45;11,45;56,25;17,56;73,52;9,50;41,08;26,10;99,92;245,43;0,00;4,16
2010.0;7.0;2010-07-01;BRASPINE;MARRECA;;;;;73,73;14,73;86,45;8,10;48,21;24,43;100,00;345,79;0,00;0,57
2010.0;7.0;2010-07-01;BRASPINE;MARRECA SP;SP;ITAPIRAPUA PAULISTA;675,30;236,19;66,28;15,22;87,20;7,89;46,65;25,60;100,00;354,62;0,00;0,55
2010.0;7.0;2010-07-01;BRASPINE;MARRECAS;;;;;138,23;12,88;84,07;0,78;44,72;21,30;100,00;274,66;9,02;5,90
2010.0;7.0;2010-07-01;BRASPINE;MERCADINHO;;;;;70,28;15,06;86,59;7,93;47,70;25,18;99,98;351,87;0,00;0,83
2010.0;7.0;2010-07-01;BRASPINE;MONTE ALEGRE;;;;;59,56;17,92;72,94;9,61;40,85;26,35;99,75;249,12;0,00;1,40
2010.0;7.0;2010-07-01;BRASPINE;MONTE TABOR II;;;;;45,18;14,73;88,15;7,51;47,78;24,83;100,00;343,42;0,00;3,95
2010.0;7.0;2010-07-01;BRASPINE;MOREIRA;PR;DOUTOR ULYSSES;230,52;68,68;69,37;14,67;85,31;8,23;48,51;24,11;100,00;343,33;0,00;8,29
2010.0;7.0;2010-07-01;BRASPINE;MOREIRAS II;PR;DOUTOR ULYSSES;66,76;28,75;67,86;14,67;85,31;8,23;48,51;24,11;100,00;343,33;0,00;8,29
2010.0;7.0;2010-07-01;BRASPINE;MORRETES;PR;ORTIGUEIRA;20,36;20,36;101,46;15,29;82,37;6,97;47,55;24,10;99,31;330,60;0,00;0,16
2010.0;7.0;2010-07-01;BRASPINE;MORRO AZUL;;;;;42,98;14,94;85,22;7,70;45,51;24,54;100,00;346,57;0,00;3,58
2010.0;7.0;2010-07-01;BRASPINE;OURO FINO;SP;APIAI;51,70;51,70;42,34;14,77;86,32;7,59;47,57;24,47;100,00;344,56;0,00;1,01
2010.0;7.0;2010-07-01;BRASPINE;PALMEIRINHA DE BAIXO - SOSSEGO;PR;SENGES;85,93;9,22;40,70;14,55;82,13;6,87;39,63;23,43;99,75;333,82;0,00;0,95
2010.0;7.0;2010-07-01;BRASPINE;PAZIN;PR;DOUTOR ULYSSES;41,20;23,90;67,39;14,73;86,45;8,10;48,21;24,43;100,00;345,79;0,00;0,57
2010.0;7.0;2010-07-01;BRASPINE;PEDRAS;PR;CASTRO;7,18;7,18;103,18;14,37;83,06;7,15;45,29;23,02;99,91;317,94;0,00;3,76
2010.0;7.0;2010-07-01;BRASPINE;PESCARIA;PR;SAO JOSE DA BOA VISTA;184,57;129,22;33,28;16,43;77,77;7,46;43,65;26,18;98,58;346,77;0,00;23,08
2010.0;7.0;2010-07-01;BRASPINE;PESSEGUEIRO;PR;DOUTOR ULYSSES;109,95;64,79;71,35;14,67;85,31;8,23;48,51;24,11;100,00;343,33;0,00;8,29
2010.0;7.0;2010-07-01;BRASPINE;PITANGA;;;;;119,56;14,47;80,33;0,61;46,23;22,16;99,81;323,63;4,13;12,52
2010.0;7.0;2010-07-01;BRASPINE;QUEIMADINHO ARROIO CLARO;PR;DOUTOR ULYSSES;48,13;19,09;64,99;14,67;85,31;8,23;48,51;24,11;100,00;343,33;0,00;8,29
2010.0;7.0;2010-07-01;BRASPINE;QUEIMADINHO M6042;PR;DOUTOR ULYSSES;48,38;18,50;64,99;14,67;85,31;8,23;48,51;24,11;100,00;343,33;0,00;8,29
2010.0;7.0;2010-07-01;BRASPINE;QUEIMADINHO USUCAPIAO;PR;DOUTOR ULYSSES;200,27;92,43;64,99;14,67;85,31;8,23;48,51;24,11;100,00;343,33;0,00;8,29
2010.0;7.0;2010-07-01;BRASPINE;RAMOS;PR;SENGES;69,83;38,15;70,14;14,54;84,45;7,72;48,67;23,77;100,00;321,63;0,00;12,07
2010.0;7.0;2010-07-01;BRASPINE;RIBEIRAO GRANDE;PR;JAGUARIAIVA;20,77;20,77;79,60;14,45;82,22;7,47;42,72;23,09;99,47;322,35;0,00;5,87
2010.0;7.0;2010-07-01;BRASPINE;RINCAO DE BAIXO;;;;;76,31;14,67;80,17;6,57;41,05;23,13;99,15;318,11;0,00;8,37
2010.0;7.0;2010-07-01;BRASPINE;RIO BOMBA;PR;CERRO AZUL;65,03;37,72;82,45;15,25;86,03;7,95;47,81;25,40;99,99;355,85;0,00;5,89
2010.0;7.0;2010-07-01;BRASPINE;RIO DO MEIO;PR;DOUTOR ULYSSES;712,33;389,13;67,09;14,67;85,31;8,23;48,51;24,11;100,00;343,33;0,00;8,29
2010.0;7.0;2010-07-01;BRASPINE;RONDON;PR;JAGUARIAIVA;2899,24;1475,88;54,62;14,48;82,72;6,93;42,97;23,46;99,78;330,82;0,00;13,08
2010.0;7.0;2010-07-01;BRASPINE;SANTA FELICIDADE;;;;;63,52;15,47;87,81;7,37;45,34;26,36;100,00;357,63;0,00;1,32
2010.0;7.0;2010-07-01;BRASPINE;SANTA LIDIA DO CERCADINHO;;;;;72,61;14,42;80,22;6,64;40,75;22,73;99,41;313,39;0,00;7,46
2010.0;7.0;2010-07-01;BRASPINE;SANTO ANTONIO;;;;;47,27;14,60;82,67;7,41;39,34;23,53;100,00;334,95;0,00;39,09
2010.0;7.0;2010-07-01;BRASPINE;SAO JOSE;PR;JANDAIA DO SUL;37,56;37,56;59,71;17,80;73,10;9,59;41,06;26,23;99,83;247,82;0,00;2,11
2010.0;7.0;2010-07-01;BRASPINE;SAO MATHEUS;;;;;65,78;18,65;72,99;9,66;40,21;27,47;99,24;221,14;0,00;4,74
2010.0;7.0;2010-07-01;BRASPINE;SAO PEDRO E SAO PAULO;PR;SAPOPEMA;709,13;323,93;56,14;15,65;78,92;7,12;45,24;24,49;98,02;358,30;0,00;0,99
2010.0;7.0;2010-07-01;BRASPINE;SAO RAFAEL;;;;;120,65;14,06;83,82;4,51;44,99;23,98;99,96;327,43;4,51;4,98
2010.0;7.0;2010-07-01;BRASPINE;SAO RAFAEL - PB;;;;;43,14;14,87;86,01;7,65;47,30;24,57;100,00;347,66;0,00;1,51
2010.0;7.0;2010-07-01;BRASPINE;SERRARIA;PR;DOUTOR ULYSSES;280,88;117,71;78,23;14,56;85,97;7,99;47,92;24,04;100,00;341,26;0,00;1,68
2010.0;7.0;2010-07-01;BRASPINE;SERRO VERDE;;;;;115,45;14,16;80,01;-0,99;42,05;22,03;99,90;317,22;1,84;5,36
2010.0;7.0;2010-07-01;BRASPINE;SERTAOZINHO;PR;DOUTOR ULYSSES;16,25;16,25;62,89;14,67;85,31;8,23;48,51;24,11;100,00;343,33;0,00;8,29
2010.0;7.0;2010-07-01;BRASPINE;SITIO BASILIO;PR;JAGUARIAIVA;8,08;8,08;68,16;14,39;81,55;6,58;42,08;22,96;99,35;328,81;0,00;6,04
2010.0;7.0;2010-07-01;BRASPINE;SITIO DAS MARRECAS;PR;DOUTOR ULYSSES;77,49;35,17;69,39;15,08;86,99;7,95;47,11;25,27;100,00;352,10;0,00;1,84
2010.0;7.0;2010-07-01;BRASPINE;SOBRADINHO;SP;BOM SUCESSO DE ITARARE;285,80;123,10;44,18;14,57;83,78;7,25;41,01;23,52;100,00;336,02;0,00;37,19
2010.0;7.0;2010-07-01;BRASPINE;TAQUARAL;PR;JAGUARIAIVA;519,13;31,07;59,34;14,63;82,41;7,08;43,28;23,56;99,94;319,11;0,00;3,02
2010.0;7.0;2010-07-01;BRASPINE;TUCUNDUVA;PR;SENGES;82,21;60,89;55,05;15,07;79,53;6,53;41,16;24,11;98,78;346,68;0,00;20,39
2010.0;7.0;2010-07-01;BRASPINE;TUCUNDUVA - CHAMMA;;;;;36,29;15,16;79,78;6,58;41,25;24,26;99,09;334,46;0,00;21,41
2010.0;7.0;2010-07-01;BRASPINE;VIENA 1;PR;DOUTOR ULYSSES;263,98;178,34;83,94;14,37;84,49;8,01;48,52;23,31;100,00;323,91;0,00;1,34
2010.0;7.0;2010-07-01;BRASPINE;VIENA 2;PR;CERRO AZUL;140,23;96,54;82,35;15,25;86,03;7,95;47,81;25,40;99,99;355,85;0,00;5,89
2010.0;7.0;2010-07-01;BRASPINE;VITORIA;PR;SENGES;50,54;35,69;40,70;14,55;82,13;6,87;39,63;23,43;99,75;333,82;0,00;0,95
2010.0;7.0;2010-07-01;BRASPINE;VIVEIRO;PR;DOUTOR ULYSSES;405,39;261,22;67,86;14,67;85,31;8,23;48,51;24,11;100,00;343,33;0,00;8,29
2010.0;7.0;2010-07-01;BRASPINE;VO LINO;PR;DOUTOR ULYSSES;164,50;97,89;75,44;14,73;86,45;8,10;48,21;24,43;100,00;345,79;0,00;0,57
2010.0;7.0;2010-07-01;BRASPINE;XAXIM VELHO;;;;;130,98;12,99;84,66;0,24;42,75;21,50;100,00;281,24;7,32;1,47
2010.0;8.0;2010-08-01;BRASPINE;AGUA DOCE;PR;JAGUARIAIVA;238,97;121,99;21,48;14,42;72,70;4,66;26,88;27,28;99,85;246,27;9,64;8,63
2010.0;8.0;2010-08-01;BRASPINE;AMATA;;;;;10,21;14,95;80,80;5,59;31,17;29,69;99,98;306,41;0,00;0,71
2010.0;8.0;2010-08-01;BRASPINE;ANTA BRAVA;;;;;15,02;17,42;66,93;8,08;21,38;31,10;99,97;328,73;0,00;6,06
2010.0;8.0;2010-08-01;BRASPINE;ARAPONGAS;PR;SENGES;423,34;263,70;26,83;14,10;78,13;5,27;28,39;27,73;100,00;288,37;0,00;7,86
2010.0;8.0;2010-08-01;BRASPINE;ARROIO CLARO;PR;DOUTOR ULYSSES;275,14;92,00;18,76;14,11;79,70;5,25;28,68;28,15;100,00;290,50;0,00;8,61
2010.0;8.0;2010-08-01;BRASPINE;BARRA GRANDE;PR;DOUTOR ULYSSES;493,79;139,68;25,16;14,39;79,07;5,25;27,90;28,66;100,00;294,16;0,00;0,20
2010.0;8.0;2010-08-01;BRASPINE;BARRA GRANDE - BEMAIS;PR;GUARAPUAVA;299,16;108,61;0,00;13,74;75,55;2,95;32,10;26,12;99,98;272,02;30,11;35,13
2010.0;8.0;2010-08-01;BRASPINE;BARRETOS;PR;JAGUARIAIVA;43,35;32,98;24,58;14,24;76,06;4,70;26,23;27,68;99,98;277,78;4,70;1,33
2010.0;8.0;2010-08-01;BRASPINE;BAU;;;;;0,00;14,02;72,88;2,46;33,43;26,37;100,00;284,09;24,08;0,76
2010.0;8.0;2010-08-01;BRASPINE;BOA VISTA II;PR;PIRAI DO SUL;944,00;535,05;15,98;14,21;74,83;4,43;27,26;27,55;99,97;272,88;9,22;1,97
2010.0;8.0;2010-08-01;BRASPINE;BRASILEIRA;;;;;24,18;14,10;78,13;5,27;28,39;27,73;100,00;288,37;0,00;7,86
2010.0;8.0;2010-08-01;BRASPINE;BURACAO;;;;;17,26;14,00;77,22;4,16;32,28;27,66;99,87;291,67;4,16;2,46
2010.0;8.0;2010-08-01;BRASPINE;BURRINHO;PR;DOUTOR ULYSSES;211,01;100,37;18,62;14,11;79,70;5,25;28,68;28,15;100,00;290,50;0,00;8,61
2010.0;8.0;2010-08-01;BRASPINE;CADEADO I;PR;JAGUARIAIVA;21,07;12,29;24,96;14,04;77,11;4,88;27,30;27,38;100,00;286,42;4,88;0,41
2010.0;8.0;2010-08-01;BRASPINE;CADEADO II;PR;JAGUARIAIVA;21,88;16,79;24,96;14,04;77,11;4,88;27,30;27,38;100,00;286,42;4,88;0,41
2010.0;8.0;2010-08-01;BRASPINE;CAMPINA ALTA;PR;TIBAGI;29,77;18,24;0,00;15,07;73,27;3,90;27,92;28,42;99,45;287,66;13,26;2,61
2010.0;8.0;2010-08-01;BRASPINE;CAMPINA DO ELIAS;PR;JAGUARIAIVA;29,17;14,65;18,12;14,16;76,44;4,76;26,62;27,57;99,99;290,56;4,76;1,02
2010.0;8.0;2010-08-01;BRASPINE;CAMPO NOVO;PR;JAGUARIAIVA;295,98;156,36;28,77;14,04;77,11;4,88;27,30;27,38;100,00;286,42;4,88;0,41
2010.0;8.0;2010-08-01;BRASPINE;CONSULTORIA II A;PR;DOUTOR ULYSSES;89,62;60,79;24,32;14,10;78,13;5,27;28,39;27,73;100,00;288,37;0,00;7,86
2010.0;8.0;2010-08-01;BRASPINE;DINIZ;;;;;26,46;14,10;78,13;5,27;28,39;27,73;100,00;288,37;0,00;7,86
2010.0;8.0;2010-08-01;BRASPINE;ENES;PR;JAGUARIAIVA;5,93;5,69;29,05;14,04;77,11;4,88;27,30;27,38;100,00;286,42;4,88;0,41
2010.0;8.0;2010-08-01;BRASPINE;ENGENHARIA;;;;;26,46;14,10;78,13;5,27;28,39;27,73;100,00;288,37;0,00;7,86
2010.0;8.0;2010-08-01;BRASPINE;ESTACAO;PR;SENGES;4,76;4,14;24,58;14,04;77,11;4,88;27,30;27,38;100,00;286,42;4,88;0,41
2010.0;8.0;2010-08-01;BRASPINE;FAXINAL;PR;JAGUARIAIVA;20,65;20,65;29,05;14,04;77,11;4,88;27,30;27,38;100,00;286,42;4,88;0,41
2010.0;8.0;2010-08-01;BRASPINE;FEITAL;PR;DOUTOR ULYSSES;154,17;86,53;24,04;14,20;78,45;5,40;28,23;28,04;100,00;290,29;0,00;5,30
2010.0;8.0;2010-08-01;BRASPINE;FIGUEIRA;PR;DOUTOR ULYSSES;1053,81;315,71;22,73;14,11;79,70;5,25;28,68;28,15;100,00;290,50;0,00;8,61
2010.0;8.0;2010-08-01;BRASPINE;FIGUEIRINHA;PR;DOUTOR ULYSSES;94,37;56,74;23,83;14,11;79,70;5,25;28,68;28,15;100,00;290,50;0,00;8,61
2010.0;8.0;2010-08-01;BRASPINE;FLOEMA;PR;DOUTOR ULYSSES;2189,88;701,43;17,47;13,80;78,53;4,64;29,38;27,30;100,00;282,80;4,64;10,65
2010.0;8.0;2010-08-01;BRASPINE;FLOEMA I - SUDATI;;;;;25,35;14,10;78,13;5,27;28,39;27,73;100,00;288,37;0,00;7,86
2010.0;8.0;2010-08-01;BRASPINE;FLOEMA II - SUDATI;PR;DOUTOR ULYSSES;453,83;211,13;24,49;14,10;78,13;5,27;28,39;27,73;100,00;288,37;0,00;7,86
2010.0;8.0;2010-08-01;BRASPINE;FLOR DA SERRA;PR;SAO JOSE DA BOA VISTA;209,10;128,72;37,99;15,94;69,84;5,10;26,31;28,82;96,79;306,67;0,00;7,36
2010.0;8.0;2010-08-01;BRASPINE;GENTIL;PR;JAGUARIAIVA;126,77;53,33;20,01;14,20;72,80;4,48;27,67;26,88;99,58;243,84;9,30;11,55
2010.0;8.0;2010-08-01;BRASPINE;GUAIRACA;PR;GUARAPUAVA;623,62;169,31;0,00;13,71;76,12;2,81;32,85;26,27;100,00;269,94;25,15;48,50
2010.0;8.0;2010-08-01;BRASPINE;HERVAL 2 - MADALOSSO;;;;;12,28;14,00;77,22;4,16;32,28;27,66;99,87;291,67;4,16;2,46
2010.0;8.0;2010-08-01;BRASPINE;HERVAL DE BAIXO;PR;RESERVA;827,29;475,92;0,00;14,91;74,32;3,66;27,02;28,45;99,28;273,99;17,43;1,25
2010.0;8.0;2010-08-01;BRASPINE;HORTO 01;PR;TURVO;19,12;19,12;0,00;14,51;74,37;3,07;34,49;26,92;99,55;225,49;24,60;0,73
2010.0;8.0;2010-08-01;BRASPINE;HORTO 02;PR;TURVO;4,24;4,24;0,00;14,51;74,37;3,07;34,49;26,92;99,55;225,49;24,60;0,73
2010.0;8.0;2010-08-01;BRASPINE;HORTO 03;PR;PRUDENTOPOLIS;80,91;25,89;0,00;14,70;75,10;4,06;31,82;27,64;99,52;256,50;17,58;4,51
2010.0;8.0;2010-08-01;BRASPINE;HORTO 08;PR;TURVO;9,53;9,53;0,00;14,70;75,10;4,06;31,82;27,64;99,52;256,50;17,58;4,51
2010.0;8.0;2010-08-01;BRASPINE;HORTO 12;PR;PRUDENTOPOLIS;12,20;12,20;0,00;14,70;75,10;4,06;31,82;27,64;99,52;256,50;17,58;4,51
2010.0;8.0;2010-08-01;BRASPINE;IZAU;PR;PIRAI DO SUL;19,37;11,60;13,26;14,10;74,09;4,28;26,62;27,25;99,62;258,52;13,83;2,63
2010.0;8.0;2010-08-01;BRASPINE;JOAO RICO;PR;JAGUARIAIVA;47,46;26,18;20,63;14,42;72,70;4,66;26,88;27,28;99,85;246,27;9,64;8,63
2010.0;8.0;2010-08-01;BRASPINE;LAGOA;PR;JAGUARIAIVA;24,10;10,78;20,48;14,04;77,11;4,88;27,30;27,38;100,00;286,42;4,88;0,41
2010.0;8.0;2010-08-01;BRASPINE;MARACANA;PR;JANDAIA DO SUL;11,45;11,45;0,00;17,73;64,34;6,28;19,47;31,46;99,60;211,54;0,00;3,63
2010.0;8.0;2010-08-01;BRASPINE;MARRECA;;;;;17,65;14,11;79,70;5,25;28,68;28,15;100,00;290,50;0,00;8,61
2010.0;8.0;2010-08-01;BRASPINE;MARRECA SP;SP;ITAPIRAPUA PAULISTA;675,30;236,19;23,33;14,56;80,64;5,41;28,35;29,36;100,00;297,43;0,00;5,64
2010.0;8.0;2010-08-01;BRASPINE;MARRECAS;;;;;0,00;13,33;75,51;2,24;32,88;25,53;100,00;232,80;36,53;2,93
2010.0;8.0;2010-08-01;BRASPINE;MERCADINHO;;;;;22,90;14,46;80,49;5,29;29,21;28,92;100,00;289,72;0,00;5,14
2010.0;8.0;2010-08-01;BRASPINE;MONTE ALEGRE;;;;;0,00;18,10;64,03;6,67;19,17;32,06;99,48;201,78;0,00;2,31
2010.0;8.0;2010-08-01;BRASPINE;MONTE TABOR II;;;;;29,67;13,93;82,15;4,65;31,16;27,65;100,00;283,90;9,31;7,90
2010.0;8.0;2010-08-01;BRASPINE;MOREIRA;PR;DOUTOR ULYSSES;230,52;68,68;24,49;14,10;78,13;5,27;28,39;27,73;100,00;288,37;0,00;7,86
2010.0;8.0;2010-08-01;BRASPINE;MOREIRAS II;PR;DOUTOR ULYSSES;66,76;28,75;24,30;14,10;78,13;5,27;28,39;27,73;100,00;288,37;0,00;7,86
2010.0;8.0;2010-08-01;BRASPINE;MORRETES;PR;ORTIGUEIRA;20,36;20,36;0,00;15,19;75,00;3,99;25,69;29,14;98,99;274,66;23,01;2,34
2010.0;8.0;2010-08-01;BRASPINE;MORRO AZUL;;;;;34,82;14,29;77,92;5,31;26,76;28,21;100,00;291,97;0,00;13,76
2010.0;8.0;2010-08-01;BRASPINE;OURO FINO;SP;APIAI;51,70;51,70;32,75;13,99;79,61;4,16;29,18;27,67;100,00;287,45;4,16;9,67
2010.0;8.0;2010-08-01;BRASPINE;PALMEIRINHA DE BAIXO - SOSSEGO;PR;SENGES;85,93;9,22;37,52;14,20;73,58;5,19;22,97;27,25;99,79;243,89;0,00;19,14
2010.0;8.0;2010-08-01;BRASPINE;PAZIN;PR;DOUTOR ULYSSES;41,20;23,90;23,98;14,11;79,70;5,25;28,68;28,15;100,00;290,50;0,00;8,61
2010.0;8.0;2010-08-01;BRASPINE;PEDRAS;PR;CASTRO;7,18;7,18;0,00;13,81;76,05;4,11;30,80;27,05;99,94;277,52;13,25;0,16
2010.0;8.0;2010-08-01;BRASPINE;PESCARIA;PR;SAO JOSE DA BOA VISTA;184,57;129,22;41,32;16,18;68,79;5,17;24,29;29,13;97,22;312,38;0,00;5,82
2010.0;8.0;2010-08-01;BRASPINE;PESSEGUEIRO;PR;DOUTOR ULYSSES;109,95;64,79;22,90;14,10;78,13;5,27;28,39;27,73;100,00;288,37;0,00;7,86
2010.0;8.0;2010-08-01;BRASPINE;PITANGA;;;;;0,00;14,67;72,03;3,29;33,12;27,22;99,80;268,16;21,36;0,57
2010.0;8.0;2010-08-01;BRASPINE;QUEIMADINHO ARROIO CLARO;PR;DOUTOR ULYSSES;48,13;19,09;24,18;14,10;78,13;5,27;28,39;27,73;100,00;288,37;0,00;7,86
2010.0;8.0;2010-08-01;BRASPINE;QUEIMADINHO M6042;PR;DOUTOR ULYSSES;48,38;18,50;24,18;14,10;78,13;5,27;28,39;27,73;100,00;288,37;0,00;7,86
2010.0;8.0;2010-08-01;BRASPINE;QUEIMADINHO USUCAPIAO;PR;DOUTOR ULYSSES;200,27;92,43;24,18;14,10;78,13;5,27;28,39;27,73;100,00;288,37;0,00;7,86
2010.0;8.0;2010-08-01;BRASPINE;RAMOS;PR;SENGES;69,83;38,15;25,35;14,04;77,11;4,88;27,30;27,38;100,00;286,42;4,88;0,41
2010.0;8.0;2010-08-01;BRASPINE;RIBEIRAO GRANDE;PR;JAGUARIAIVA;20,77;20,77;12,80;14,10;74,09;4,28;26,62;27,25;99,62;258,52;13,83;2,63
2010.0;8.0;2010-08-01;BRASPINE;RINCAO DE BAIXO;;;;;14,45;14,57;71,73;5,11;27,48;27,39;98,06;290,10;0,00;0,31
2010.0;8.0;2010-08-01;BRASPINE;RIO BOMBA;PR;CERRO AZUL;65,03;37,72;16,39;14,70;80,24;4,91;31,02;29,10;99,98;297,43;4,91;1,10
2010.0;8.0;2010-08-01;BRASPINE;RIO DO MEIO;PR;DOUTOR ULYSSES;712,33;389,13;24,26;14,10;78,13;5,27;28,39;27,73;100,00;288,37;0,00;7,86
2010.0;8.0;2010-08-01;BRASPINE;RONDON;PR;JAGUARIAIVA;2899,24;1475,88;28,50;14,17;74,28;4,97;25,56;27,10;99,82;243,65;4,97;0,96
2010.0;8.0;2010-08-01;BRASPINE;SANTA FELICIDADE;;;;;24,39;14,78;81,57;4,98;27,91;30,04;100,00;298,33;4,98;3,78
2010.0;8.0;2010-08-01;BRASPINE;SANTA LIDIA DO CERCADINHO;;;;;13,13;14,33;71,62;5,02;27,78;26,83;98,22;286,36;0,00;3,05
2010.0;8.0;2010-08-01;BRASPINE;SANTO ANTONIO;;;;;35,16;14,11;74,38;5,24;22,90;27,43;99,99;257,01;0,00;17,26
2010.0;8.0;2010-08-01;BRASPINE;SAO JOSE;PR;JANDAIA DO SUL;37,56;37,56;0,00;17,98;64,15;6,57;19,43;31,82;99,57;215,34;0,00;0,77
2010.0;8.0;2010-08-01;BRASPINE;SAO MATHEUS;;;;;0,00;18,82;64,82;7,27;19,90;33,40;99,18;206,31;0,00;1,45
2010.0;8.0;2010-08-01;BRASPINE;SAO PEDRO E SAO PAULO;PR;SAPOPEMA;709,13;323,93;18,85;15,91;68,32;6,19;24,78;28,13;97,76;266,33;0,00;0,19
2010.0;8.0;2010-08-01;BRASPINE;SAO RAFAEL;;;;;24,71;13,55;77,82;4,09;33,91;27,26;99,64;270,73;13,88;1,29
2010.0;8.0;2010-08-01;BRASPINE;SAO RAFAEL - PB;;;;;34,56;14,12;79,17;4,68;28,19;27,94;100,00;290,29;4,68;11,38
2010.0;8.0;2010-08-01;BRASPINE;SERRARIA;PR;DOUTOR ULYSSES;280,88;117,71;17,55;13,96;79,11;4,95;29,05;27,72;100,00;286,62;4,95;9,51
2010.0;8.0;2010-08-01;BRASPINE;SERRO VERDE;;;;;8,74;14,43;71,46;2,43;32,30;27,04;100,00;223,94;19,81;11,71
2010.0;8.0;2010-08-01;BRASPINE;SERTAOZINHO;PR;DOUTOR ULYSSES;16,25;16,25;25,19;14,10;78,13;5,27;28,39;27,73;100,00;288,37;0,00;7,86
2010.0;8.0;2010-08-01;BRASPINE;SITIO BASILIO;PR;JAGUARIAIVA;8,08;8,08;20,87;14,29;72,37;4,60;27,79;26,87;99,66;244,29;9,53;9,68
2010.0;8.0;2010-08-01;BRASPINE;SITIO DAS MARRECAS;PR;DOUTOR ULYSSES;77,49;35,17;23,88;14,43;80,37;5,54;28,44;29,01;100,00;295,45;0,00;6,38
2010.0;8.0;2010-08-01;BRASPINE;SOBRADINHO;SP;BOM SUCESSO DE ITARARE;285,80;123,10;38,56;13,93;76,18;5,16;24,56;27,32;100,00;283,30;0,00;0,47
2010.0;8.0;2010-08-01;BRASPINE;TAQUARAL;PR;JAGUARIAIVA;519,13;31,07;28,50;14,33;73,76;4,77;26,90;27,32;99,99;246,27;4,77;6,92
2010.0;8.0;2010-08-01;BRASPINE;TUCUNDUVA;PR;SENGES;82,21;60,89;32,76;14,96;70,10;5,77;24,33;27,50;98,10;256,73;0,00;2,35
2010.0;8.0;2010-08-01;BRASPINE;TUCUNDUVA - CHAMMA;;;;;45,62;14,99;70,64;5,85;23,17;27,64;98,29;261,96;0,00;33,06
2010.0;8.0;2010-08-01;BRASPINE;VIENA 1;PR;DOUTOR ULYSSES;263,98;178,34;17,12;13,81;77,39;4,48;30,03;26,96;100,00;284,08;9,43;10,39
2010.0;8.0;2010-08-01;BRASPINE;VIENA 2;PR;CERRO AZUL;140,23;96,54;16,49;14,70;80,24;4,91;31,02;29,10;99,98;297,43;4,91;1,10
2010.0;8.0;2010-08-01;BRASPINE;VITORIA;PR;SENGES;50,54;35,69;37,52;14,20;73,58;5,19;22,97;27,25;99,79;243,89;0,00;19,14
2010.0;8.0;2010-08-01;BRASPINE;VIVEIRO;PR;DOUTOR ULYSSES;405,39;261,22;24,30;14,10;78,13;5,27;28,39;27,73;100,00;288,37;0,00;7,86
2010.0;8.0;2010-08-01;BRASPINE;VO LINO;PR;DOUTOR ULYSSES;164,50;97,89;17,42;14,11;79,70;5,25;28,68;28,15;100,00;290,50;0,00;8,61
2010.0;8.0;2010-08-01;BRASPINE;XAXIM VELHO;;;;;10,83;13,21;76,78;1,60;34,20;25,80;100,00;247,58;27,30;8,36
2010.0;9.0;2010-09-01;BRASPINE;AGUA DOCE;PR;JAGUARIAIVA;238,97;121,99;49,52;17,45;73,50;7,35;26,34;28,13;99,85;302,67;0,00;4,85
2010.0;9.0;2010-09-01;BRASPINE;AMATA;;;;;58,46;18,24;78,32;9,09;24,42;30,81;100,00;267,04;0,00;4,34
2010.0;9.0;2010-09-01;BRASPINE;ANTA BRAVA;;;;;58,29;20,39;68,76;12,05;20,89;32,65;98,19;207,48;0,00;21,51
2010.0;9.0;2010-09-01;BRASPINE;ARAPONGAS;PR;SENGES;423,34;263,70;58,85;17,16;77,97;8,04;23,35;29,15;100,00;301,55;0,00;3,43
2010.0;9.0;2010-09-01;BRASPINE;ARROIO CLARO;PR;DOUTOR ULYSSES;275,14;92,00;48,95;17,24;78,76;8,29;23,11;29,66;100,00;306,16;0,00;1,97
2010.0;9.0;2010-09-01;BRASPINE;BARRA GRANDE;PR;DOUTOR ULYSSES;493,79;139,68;47,90;17,51;78,71;8,41;22,23;29,83;100,00;307,75;0,00;0,36
2010.0;9.0;2010-09-01;BRASPINE;BARRA GRANDE - BEMAIS;PR;GUARAPUAVA;299,16;108,61;60,92;16,85;74,57;7,07;32,19;27,92;100,00;306,32;0,00;11,80
2010.0;9.0;2010-09-01;BRASPINE;BARRETOS;PR;JAGUARIAIVA;43,35;32,98;61,20;17,28;76,21;7,40;25,10;28,68;100,00;257,05;0,00;336,44
2010.0;9.0;2010-09-01;BRASPINE;BAU;;;;;70,05;17,10;72,56;6,45;29,18;28,03;99,62;239,13;0,00;2,29
2010.0;9.0;2010-09-01;BRASPINE;BOA VISTA II;PR;PIRAI DO SUL;944,00;535,05;61,98;17,31;75,20;7,08;26,14;28,32;99,98;269,50;0,00;4,52
2010.0;9.0;2010-09-01;BRASPINE;BRASILEIRA;;;;;49,37;17,16;77,97;8,04;23,35;29,15;100,00;301,55;0,00;3,43
2010.0;9.0;2010-09-01;BRASPINE;BURACAO;;;;;62,22;16,97;77,61;7,43;27,83;28,15;99,85;325,81;0,00;2,44
2010.0;9.0;2010-09-01;BRASPINE;BURRINHO;PR;DOUTOR ULYSSES;211,01;100,37;48,89;17,24;78,76;8,29;23,11;29,66;100,00;306,16;0,00;1,97
2010.0;9.0;2010-09-01;BRASPINE;CADEADO I;PR;JAGUARIAIVA;21,07;12,29;71,00;17,07;77,10;7,69;24,47;28,66;100,00;313,20;0,00;1,27
2010.0;9.0;2010-09-01;BRASPINE;CADEADO II;PR;JAGUARIAIVA;21,88;16,79;71,00;17,07;77,10;7,69;24,47;28,66;100,00;313,20;0,00;1,27
2010.0;9.0;2010-09-01;BRASPINE;CAMPINA ALTA;PR;TIBAGI;29,77;18,24;72,60;18,58;71,02;8,83;29,23;29,49;99,85;214,21;0,00;10,77
2010.0;9.0;2010-09-01;BRASPINE;CAMPINA DO ELIAS;PR;JAGUARIAIVA;29,17;14,65;53,77;17,20;76,54;7,51;24,87;28,67;100,00;300,92;0,00;0,21
2010.0;9.0;2010-09-01;BRASPINE;CAMPO NOVO;PR;JAGUARIAIVA;295,98;156,36;56,01;17,07;77,10;7,69;24,47;28,66;100,00;313,20;0,00;1,27
2010.0;9.0;2010-09-01;BRASPINE;CONSULTORIA II A;PR;DOUTOR ULYSSES;89,62;60,79;50,64;17,16;77,97;8,04;23,35;29,15;100,00;301,55;0,00;3,43
2010.0;9.0;2010-09-01;BRASPINE;DINIZ;;;;;47,30;17,16;77,97;8,04;23,35;29,15;100,00;301,55;0,00;3,43
2010.0;9.0;2010-09-01;BRASPINE;ENES;PR;JAGUARIAIVA;5,93;5,69;55,75;17,07;77,10;7,69;24,47;28,66;100,00;313,20;0,00;1,27
2010.0;9.0;2010-09-01;BRASPINE;ENGENHARIA;;;;;47,30;17,16;77,97;8,04;23,35;29,15;100,00;301,55;0,00;3,43
2010.0;9.0;2010-09-01;BRASPINE;ESTACAO;PR;SENGES;4,76;4,14;67,60;17,07;77,10;7,69;24,47;28,66;100,00;313,20;0,00;1,27
2010.0;9.0;2010-09-01;BRASPINE;FAXINAL;PR;JAGUARIAIVA;20,65;20,65;55,75;17,07;77,10;7,69;24,47;28,66;100,00;313,20;0,00;1,27
2010.0;9.0;2010-09-01;BRASPINE;FEITAL;PR;DOUTOR ULYSSES;154,17;86,53;48,71;17,28;78,21;8,17;22,97;29,37;100,00;303,64;0,00;2,16
2010.0;9.0;2010-09-01;BRASPINE;FIGUEIRA;PR;DOUTOR ULYSSES;1053,81;315,71;47,90;17,24;78,76;8,29;23,11;29,66;100,00;306,16;0,00;1,97
2010.0;9.0;2010-09-01;BRASPINE;FIGUEIRINHA;PR;DOUTOR ULYSSES;94,37;56,74;48,63;17,24;78,76;8,29;23,11;29,66;100,00;306,16;0,00;1,97
2010.0;9.0;2010-09-01;BRASPINE;FLOEMA;PR;DOUTOR ULYSSES;2189,88;701,43;54,41;16,89;77,87;7,81;24,29;28,85;100,00;327,05;0,00;0,54
2010.0;9.0;2010-09-01;BRASPINE;FLOEMA I - SUDATI;;;;;73,58;17,16;77,97;8,04;23,35;29,15;100,00;301,55;0,00;3,43
2010.0;9.0;2010-09-01;BRASPINE;FLOEMA II - SUDATI;PR;DOUTOR ULYSSES;453,83;211,13;50,50;17,16;77,97;8,04;23,35;29,15;100,00;301,55;0,00;3,43
2010.0;9.0;2010-09-01;BRASPINE;FLOR DA SERRA;PR;SAO JOSE DA BOA VISTA;209,10;128,72;54,96;19,45;68,81;10,68;23,79;30,90;98,72;282,57;0,00;7,02
2010.0;9.0;2010-09-01;BRASPINE;GENTIL;PR;JAGUARIAIVA;126,77;53,33;52,30;17,21;73,54;7,16;27,51;27,65;99,57;327,85;0,00;2,14
2010.0;9.0;2010-09-01;BRASPINE;GUAIRACA;PR;GUARAPUAVA;623,62;169,31;57,64;16,86;75,03;6,94;32,13;28,03;99,98;319,84;0,00;1,92
2010.0;9.0;2010-09-01;BRASPINE;HERVAL 2 - MADALOSSO;;;;;62,67;16,97;77,61;7,43;27,83;28,15;99,85;325,81;0,00;2,44
2010.0;9.0;2010-09-01;BRASPINE;HERVAL DE BAIXO;PR;RESERVA;827,29;475,92;55,02;18,47;71,87;8,80;28,56;29,63;99,74;268,67;0,00;5,78
2010.0;9.0;2010-09-01;BRASPINE;HORTO 01;PR;TURVO;19,12;19,12;58,62;17,60;73,95;7,29;32,91;29,00;99,63;303,96;0,00;0,20
2010.0;9.0;2010-09-01;BRASPINE;HORTO 02;PR;TURVO;4,24;4,24;58,01;17,60;73,95;7,29;32,91;29,00;99,63;303,96;0,00;0,20
2010.0;9.0;2010-09-01;BRASPINE;HORTO 03;PR;PRUDENTOPOLIS;80,91;25,89;58,52;17,97;73,68;7,74;31,34;29,63;99,77;311,71;0,00;2,20
2010.0;9.0;2010-09-01;BRASPINE;HORTO 08;PR;TURVO;9,53;9,53;56,16;17,97;73,68;7,74;31,34;29,63;99,77;311,71;0,00;2,20
2010.0;9.0;2010-09-01;BRASPINE;HORTO 12;PR;PRUDENTOPOLIS;12,20;12,20;56,51;17,97;73,68;7,74;31,34;29,63;99,77;311,71;0,00;2,20
2010.0;9.0;2010-09-01;BRASPINE;IZAU;PR;PIRAI DO SUL;19,37;11,60;46,71;17,14;74,54;6,89;27,18;27,74;99,56;268,27;0,00;6,33
2010.0;9.0;2010-09-01;BRASPINE;JOAO RICO;PR;JAGUARIAIVA;47,46;26,18;52,10;17,45;73,50;7,35;26,34;28,13;99,85;302,67;0,00;4,85
2010.0;9.0;2010-09-01;BRASPINE;LAGOA;PR;JAGUARIAIVA;24,10;10,78;62,23;17,07;77,10;7,69;24,47;28,66;100,00;313,20;0,00;1,27
2010.0;9.0;2010-09-01;BRASPINE;MARACANA;PR;JANDAIA DO SUL;11,45;11,45;105,66;21,31;62,05;11,05;18,32;32,97;99,93;131,64;0,00;0,34
2010.0;9.0;2010-09-01;BRASPINE;MARRECA;;;;;48,03;17,24;78,76;8,29;23,11;29,66;100,00;306,16;0,00;1,97
2010.0;9.0;2010-09-01;BRASPINE;MARRECA SP;SP;ITAPIRAPUA PAULISTA;675,30;236,19;49,25;17,75;79,38;8,71;22,04;30,56;100,00;283,59;0,00;3,44
2010.0;9.0;2010-09-01;BRASPINE;MARRECAS;;;;;62,21;16,32;75,17;6,60;32,58;27,30;100,00;306,64;0,00;1,78
2010.0;9.0;2010-09-01;BRASPINE;MERCADINHO;;;;;47,75;17,68;78,67;8,67;23,28;30,29;100,00;282,70;0,00;1,59
2010.0;9.0;2010-09-01;BRASPINE;MONTE ALEGRE;;;;;109,06;21,73;61,51;11,19;17,53;33,50;99,77;105,30;0,00;5,30
2010.0;9.0;2010-09-01;BRASPINE;MONTE TABOR II;;;;;44,19;17,15;81,51;9,23;24,43;29,92;100,00;321,88;0,00;3,24
2010.0;9.0;2010-09-01;BRASPINE;MOREIRA;PR;DOUTOR ULYSSES;230,52;68,68;50,50;17,16;77,97;8,04;23,35;29,15;100,00;301,55;0,00;3,43
2010.0;9.0;2010-09-01;BRASPINE;MOREIRAS II;PR;DOUTOR ULYSSES;66,76;28,75;50,67;17,16;77,97;8,04;23,35;29,15;100,00;301,55;0,00;3,43
2010.0;9.0;2010-09-01;BRASPINE;MORRETES;PR;ORTIGUEIRA;20,36;20,36;56,87;18,82;72,31;8,78;27,41;30,20;99,71;272,12;0,00;10,26
2010.0;9.0;2010-09-01;BRASPINE;MORRO AZUL;;;;;50,76;17,34;78,40;8,34;21,92;29,55;100,00;301,43;0,00;57,52
2010.0;9.0;2010-09-01;BRASPINE;OURO FINO;SP;APIAI;51,70;51,70;64,01;17,01;80,31;8,47;23,15;29,52;100,00;298,77;0,00;42,59
2010.0;9.0;2010-09-01;BRASPINE;PALMEIRINHA DE BAIXO - SOSSEGO;PR;SENGES;85,93;9,22;52,12;17,15;74,65;7,92;24,02;28,18;99,87;313,31;0,00;14,99
2010.0;9.0;2010-09-01;BRASPINE;PAZIN;PR;DOUTOR ULYSSES;41,20;23,90;48,49;17,24;78,76;8,29;23,11;29,66;100,00;306,16;0,00;1,97
2010.0;9.0;2010-09-01;BRASPINE;PEDRAS;PR;CASTRO;7,18;7,18;51,99;17,02;75,72;6,73;28,86;27,39;99,73;279,30;0,00;0,32
2010.0;9.0;2010-09-01;BRASPINE;PESCARIA;PR;SAO JOSE DA BOA VISTA;184,57;129,22;58,68;19,54;68,58;10,49;23,03;31,10;98,79;239,95;0,00;7,09
2010.0;9.0;2010-09-01;BRASPINE;PESSEGUEIRO;PR;DOUTOR ULYSSES;109,95;64,79;52,76;17,16;77,97;8,04;23,35;29,15;100,00;301,55;0,00;3,43
2010.0;9.0;2010-09-01;BRASPINE;PITANGA;;;;;54,30;17,89;70,97;6,87;29,35;28,96;99,23;237,93;0,00;2,65
2010.0;9.0;2010-09-01;BRASPINE;QUEIMADINHO ARROIO CLARO;PR;DOUTOR ULYSSES;48,13;19,09;49,37;17,16;77,97;8,04;23,35;29,15;100,00;301,55;0,00;3,43
2010.0;9.0;2010-09-01;BRASPINE;QUEIMADINHO M6042;PR;DOUTOR ULYSSES;48,38;18,50;49,37;17,16;77,97;8,04;23,35;29,15;100,00;301,55;0,00;3,43
2010.0;9.0;2010-09-01;BRASPINE;QUEIMADINHO USUCAPIAO;PR;DOUTOR ULYSSES;200,27;92,43;49,37;17,16;77,97;8,04;23,35;29,15;100,00;301,55;0,00;3,43
2010.0;9.0;2010-09-01;BRASPINE;RAMOS;PR;SENGES;69,83;38,15;73,58;17,07;77,10;7,69;24,47;28,66;100,00;313,20;0,00;1,27
2010.0;9.0;2010-09-01;BRASPINE;RIBEIRAO GRANDE;PR;JAGUARIAIVA;20,77;20,77;43,26;17,14;74,54;6,89;27,18;27,74;99,56;268,27;0,00;6,33
2010.0;9.0;2010-09-01;BRASPINE;RINCAO DE BAIXO;;;;;82,87;18,02;70,20;8,06;28,16;28,18;99,31;267,34;0,00;0,51
2010.0;9.0;2010-09-01;BRASPINE;RIO BOMBA;PR;CERRO AZUL;65,03;37,72;55,62;17,95;77,90;8,84;24,79;30,43;99,98;274,48;0,00;0,46
2010.0;9.0;2010-09-01;BRASPINE;RIO DO MEIO;PR;DOUTOR ULYSSES;712,33;389,13;50,33;17,16;77,97;8,04;23,35;29,15;100,00;301,55;0,00;3,43
2010.0;9.0;2010-09-01;BRASPINE;RONDON;PR;JAGUARIAIVA;2899,24;1475,88;57,01;17,16;74,95;7,69;25,20;28,12;99,89;311,98;0,00;3,15
2010.0;9.0;2010-09-01;BRASPINE;SANTA FELICIDADE;;;;;50,52;18,03;79,96;9,11;21,14;31,36;100,00;285,82;0,00;0,39
2010.0;9.0;2010-09-01;BRASPINE;SANTA LIDIA DO CERCADINHO;;;;;76,71;17,70;70,40;7,88;28,26;27,71;99,43;292,50;0,00;2,31
2010.0;9.0;2010-09-01;BRASPINE;SANTO ANTONIO;;;;;61,90;17,10;75,47;8,02;22,77;28,53;100,00;310,22;0,00;321,35
2010.0;9.0;2010-09-01;BRASPINE;SAO JOSE;PR;JANDAIA DO SUL;37,56;37,56;109,97;21,59;61,69;11,15;17,80;33,29;99,85;104,44;0,00;5,51
2010.0;9.0;2010-09-01;BRASPINE;SAO MATHEUS;;;;;94,58;22,56;61,61;11,41;16,89;34,76;99,43;94,46;0,00;4,10
2010.0;9.0;2010-09-01;BRASPINE;SAO PEDRO E SAO PAULO;PR;SAPOPEMA;709,13;323,93;61,65;19,15;68,26;10,27;23,54;30,33;99,32;256,75;0,00;2,47
2010.0;9.0;2010-09-01;BRASPINE;SAO RAFAEL;;;;;79,87;16,76;77,04;7,42;28,47;28,61;99,67;310,30;0,00;5,92
2010.0;9.0;2010-09-01;BRASPINE;SAO RAFAEL - PB;;;;;60,29;17,14;79,83;8,45;22,55;29,59;100,00;301,64;0,00;49,84
2010.0;9.0;2010-09-01;BRASPINE;SERRARIA;PR;DOUTOR ULYSSES;280,88;117,71;54,60;17,07;78,32;8,05;23,70;29,26;100,00;331,79;0,00;3,63
2010.0;9.0;2010-09-01;BRASPINE;SERRO VERDE;;;;;72,57;17,52;70,87;5,88;27,66;28,52;99,66;229,23;0,00;3,72
2010.0;9.0;2010-09-01;BRASPINE;SERTAOZINHO;PR;DOUTOR ULYSSES;16,25;16,25;48,95;17,16;77,97;8,04;23,35;29,15;100,00;301,55;0,00;3,43
2010.0;9.0;2010-09-01;BRASPINE;SITIO BASILIO;PR;JAGUARIAIVA;8,08;8,08;48,94;17,30;73,22;7,30;27,29;27,75;99,64;328,91;0,00;7,12
2010.0;9.0;2010-09-01;BRASPINE;SITIO DAS MARRECAS;PR;DOUTOR ULYSSES;77,49;35,17;48,85;17,61;79,21;8,59;22,34;30,30;100,00;281,63;0,00;343,72
2010.0;9.0;2010-09-01;BRASPINE;SOBRADINHO;SP;BOM SUCESSO DE ITARARE;285,80;123,10;63,09;16,92;77,19;8,05;22,76;28,71;100,00;292,40;0,00;62,18
2010.0;9.0;2010-09-01;BRASPINE;TAQUARAL;PR;JAGUARIAIVA;519,13;31,07;57,09;17,36;74,45;7,47;25,90;28,25;100,00;329,88;0,00;68,80
2010.0;9.0;2010-09-01;BRASPINE;TUCUNDUVA;PR;SENGES;82,21;60,89;50,99;18,03;70,88;8,74;24,54;28,80;99,19;283,41;0,00;0,74
2010.0;9.0;2010-09-01;BRASPINE;TUCUNDUVA - CHAMMA;;;;;61,29;18,01;71,54;8,84;24,28;28,93;99,10;285,43;0,00;19,37
2010.0;9.0;2010-09-01;BRASPINE;VIENA 1;PR;DOUTOR ULYSSES;263,98;178,34;53,02;16,84;77,26;7,37;26,19;28,12;100,00;309,67;0,00;2,90
2010.0;9.0;2010-09-01;BRASPINE;VIENA 2;PR;CERRO AZUL;140,23;96,54;55,59;17,95;77,90;8,84;24,79;30,43;99,98;274,48;0,00;0,46
2010.0;9.0;2010-09-01;BRASPINE;VITORIA;PR;SENGES;50,54;35,69;52,12;17,15;74,65;7,92;24,02;28,18;99,87;313,31;0,00;14,99
2010.0;9.0;2010-09-01;BRASPINE;VIVEIRO;PR;DOUTOR ULYSSES;405,39;261,22;50,67;17,16;77,97;8,04;23,35;29,15;100,00;301,55;0,00;3,43
2010.0;9.0;2010-09-01;BRASPINE;VO LINO;PR;DOUTOR ULYSSES;164,50;97,89;48,28;17,24;78,76;8,29;23,11;29,66;100,00;306,16;0,00;1,97
2010.0;9.0;2010-09-01;BRASPINE;XAXIM VELHO;;;;;58,63;16,25;76,32;6,35;32,59;27,31;100,00;309,72;0,00;3,38
2010.0;10.0;2010-10-01;BRASPINE;AGUA DOCE;PR;JAGUARIAIVA;238,97;121,99;168,65;16,60;81,94;8,10;32,55;26,68;99,83;286,58;0,00;6,62
2010.0;10.0;2010-10-01;BRASPINE;AMATA;;;;;197,92;17,65;83,56;9,67;37,32;28,50;100,00;279,13;0,00;6,52
2010.0;10.0;2010-10-01;BRASPINE;ANTA BRAVA;;;;;94,52;19,20;79,16;10,84;34,79;30,62;99,89;192,31;0,00;4,19
2010.0;10.0;2010-10-01;BRASPINE;ARAPONGAS;PR;SENGES;423,34;263,70;173,26;16,49;84,57;8,55;34,88;27,55;100,00;290,85;0,00;3,56
2010.0;10.0;2010-10-01;BRASPINE;ARROIO CLARO;PR;DOUTOR ULYSSES;275,14;92,00;184,69;16,60;85,03;8,86;36,97;27,70;100,00;297,06;0,00;3,60
2010.0;10.0;2010-10-01;BRASPINE;BARRA GRANDE;PR;DOUTOR ULYSSES;493,79;139,68;179,66;16,84;84,78;8,79;35,65;28,09;100,00;299,69;0,00;1,61
2010.0;10.0;2010-10-01;BRASPINE;BARRA GRANDE - BEMAIS;PR;GUARAPUAVA;299,16;108,61;171,10;16,14;81,47;8,09;35,83;26,18;99,98;318,02;0,00;52,53
2010.0;10.0;2010-10-01;BRASPINE;BARRETOS;PR;JAGUARIAIVA;43,35;32,98;175,77;16,52;83,72;8,11;33,37;27,43;99,99;287,84;0,00;3,47
2010.0;10.0;2010-10-01;BRASPINE;BAU;;;;;198,98;16,27;80,48;8,00;41,09;25,90;99,89;322,97;0,00;1,95
2010.0;10.0;2010-10-01;BRASPINE;BOA VISTA II;PR;PIRAI DO SUL;944,00;535,05;183,69;16,55;82,83;7,89;33,30;27,28;99,98;285,94;0,00;6,33
2010.0;10.0;2010-10-01;BRASPINE;BRASILEIRA;;;;;184,09;16,49;84,57;8,55;34,88;27,55;100,00;290,85;0,00;3,56
2010.0;10.0;2010-10-01;BRASPINE;BURACAO;;;;;169,60;16,41;83,20;8,47;38,00;27,40;99,85;277,87;0,00;1,88
2010.0;10.0;2010-10-01;BRASPINE;BURRINHO;PR;DOUTOR ULYSSES;211,01;100,37;184,85;16,60;85,03;8,86;36,97;27,70;100,00;297,06;0,00;3,60
2010.0;10.0;2010-10-01;BRASPINE;CADEADO I;PR;JAGUARIAIVA;21,07;12,29;161,15;16,38;84,15;8,31;34,18;27,37;100,00;284,66;0,00;0,27
2010.0;10.0;2010-10-01;BRASPINE;CADEADO II;PR;JAGUARIAIVA;21,88;16,79;161,15;16,38;84,15;8,31;34,18;27,37;100,00;284,66;0,00;0,27
2010.0;10.0;2010-10-01;BRASPINE;CAMPINA ALTA;PR;TIBAGI;29,77;18,24;203,02;17,79;80,37;8,84;34,90;28,32;99,92;248,87;0,00;3,58
2010.0;10.0;2010-10-01;BRASPINE;CAMPINA DO ELIAS;PR;JAGUARIAIVA;29,17;14,65;188,57;16,47;83,88;8,18;33,67;27,41;99,99;286,70;0,00;2,27
2010.0;10.0;2010-10-01;BRASPINE;CAMPO NOVO;PR;JAGUARIAIVA;295,98;156,36;171,77;16,38;84,15;8,31;34,18;27,37;100,00;284,66;0,00;0,27
2010.0;10.0;2010-10-01;BRASPINE;CONSULTORIA II A;PR;DOUTOR ULYSSES;89,62;60,79;187,01;16,49;84,57;8,55;34,88;27,55;100,00;290,85;0,00;3,56
2010.0;10.0;2010-10-01;BRASPINE;DINIZ;;;;;169,77;16,49;84,57;8,55;34,88;27,55;100,00;290,85;0,00;3,56
2010.0;10.0;2010-10-01;BRASPINE;ENES;PR;JAGUARIAIVA;5,93;5,69;171,46;16,38;84,15;8,31;34,18;27,37;100,00;284,66;0,00;0,27
2010.0;10.0;2010-10-01;BRASPINE;ENGENHARIA;;;;;169,77;16,49;84,57;8,55;34,88;27,55;100,00;290,85;0,00;3,56
2010.0;10.0;2010-10-01;BRASPINE;ESTACAO;PR;SENGES;4,76;4,14;169,92;16,38;84,15;8,31;34,18;27,37;100,00;284,66;0,00;0,27
2010.0;10.0;2010-10-01;BRASPINE;FAXINAL;PR;JAGUARIAIVA;20,65;20,65;171,46;16,38;84,15;8,31;34,18;27,37;100,00;284,66;0,00;0,27
2010.0;10.0;2010-10-01;BRASPINE;FEITAL;PR;DOUTOR ULYSSES;154,17;86,53;185,02;16,61;84,64;8,63;35,14;27,73;100,00;293,79;0,00;2,90
2010.0;10.0;2010-10-01;BRASPINE;FIGUEIRA;PR;DOUTOR ULYSSES;1053,81;315,71;186,84;16,60;85,03;8,86;36,97;27,70;100,00;297,06;0,00;3,60
2010.0;10.0;2010-10-01;BRASPINE;FIGUEIRINHA;PR;DOUTOR ULYSSES;94,37;56,74;186,32;16,60;85,03;8,86;36,97;27,70;100,00;297,06;0,00;3,60
2010.0;10.0;2010-10-01;BRASPINE;FLOEMA;PR;DOUTOR ULYSSES;2189,88;701,43;187,55;16,24;84,74;8,50;35,70;27,26;100,00;301,55;0,00;0,26
2010.0;10.0;2010-10-01;BRASPINE;FLOEMA I - SUDATI;;;;;166,14;16,49;84,57;8,55;34,88;27,55;100,00;290,85;0,00;3,56
2010.0;10.0;2010-10-01;BRASPINE;FLOEMA II - SUDATI;PR;DOUTOR ULYSSES;453,83;211,13;189,53;16,49;84,57;8,55;34,88;27,55;100,00;290,85;0,00;3,56
2010.0;10.0;2010-10-01;BRASPINE;FLOR DA SERRA;PR;SAO JOSE DA BOA VISTA;209,10;128,72;123,78;18,68;76,74;10,66;32,67;28,73;99,67;229,02;0,00;5,26
2010.0;10.0;2010-10-01;BRASPINE;GENTIL;PR;JAGUARIAIVA;126,77;53,33;180,59;16,42;81,84;8,00;32,65;26,32;99,76;282,79;0,00;1,84
2010.0;10.0;2010-10-01;BRASPINE;GUAIRACA;PR;GUARAPUAVA;623,62;169,31;171,96;16,16;81,60;8,13;36,70;26,34;99,97;318,04;0,00;55,67
2010.0;10.0;2010-10-01;BRASPINE;HERVAL 2 - MADALOSSO;;;;;159,82;16,41;83,20;8,47;38,00;27,40;99,85;277,87;0,00;1,88
2010.0;10.0;2010-10-01;BRASPINE;HERVAL DE BAIXO;PR;RESERVA;827,29;475,92;219,82;17,73;80,76;8,72;35,42;28,39;99,84;259,22;0,00;0,53
2010.0;10.0;2010-10-01;BRASPINE;HORTO 01;PR;TURVO;19,12;19,12;206,53;16,86;81,34;8,38;41,04;26,99;99,77;302,89;0,00;37,05
2010.0;10.0;2010-10-01;BRASPINE;HORTO 02;PR;TURVO;4,24;4,24;206,61;16,86;81,34;8,38;41,04;26,99;99,77;302,89;0,00;37,05
2010.0;10.0;2010-10-01;BRASPINE;HORTO 03;PR;PRUDENTOPOLIS;80,91;25,89;204,36;17,25;80,92;8,76;38,80;27,77;99,89;266,80;0,00;33,22
2010.0;10.0;2010-10-01;BRASPINE;HORTO 08;PR;TURVO;9,53;9,53;199,38;17,25;80,92;8,76;38,80;27,77;99,89;266,80;0,00;33,22
2010.0;10.0;2010-10-01;BRASPINE;HORTO 12;PR;PRUDENTOPOLIS;12,20;12,20;201,97;17,25;80,92;8,76;38,80;27,77;99,89;266,80;0,00;33,22
2010.0;10.0;2010-10-01;BRASPINE;IZAU;PR;PIRAI DO SUL;19,37;11,60;184,45;16,37;82,46;7,76;32,37;26,77;99,86;282,76;0,00;0,13
2010.0;10.0;2010-10-01;BRASPINE;JOAO RICO;PR;JAGUARIAIVA;47,46;26,18;175,26;16,60;81,94;8,10;32,55;26,68;99,83;286,58;0,00;6,62
2010.0;10.0;2010-10-01;BRASPINE;LAGOA;PR;JAGUARIAIVA;24,10;10,78;175,09;16,38;84,15;8,31;34,18;27,37;100,00;284,66;0,00;0,27
2010.0;10.0;2010-10-01;BRASPINE;MARACANA;PR;JANDAIA DO SUL;11,45;11,45;169,74;19,77;76,81;11,21;34,81;30,66;100,00;186,37;0,00;0,12
2010.0;10.0;2010-10-01;BRASPINE;MARRECA;;;;;187,01;16,60;85,03;8,86;36,97;27,70;100,00;297,06;0,00;3,60
2010.0;10.0;2010-10-01;BRASPINE;MARRECA SP;SP;ITAPIRAPUA PAULISTA;675,30;236,19;184,07;17,11;84,97;9,17;38,19;28,27;100,00;309,11;0,00;1,19
2010.0;10.0;2010-10-01;BRASPINE;MARRECAS;;;;;172,60;15,64;81,70;7,68;35,50;25,47;100,00;317,83;0,00;0,57
2010.0;10.0;2010-10-01;BRASPINE;MERCADINHO;;;;;183,90;17,08;84,26;9,34;36,94;28,09;100,00;324,99;0,00;0,75
2010.0;10.0;2010-10-01;BRASPINE;MONTE ALEGRE;;;;;168,47;20,20;76,05;11,77;33,98;31,29;99,98;130,57;0,00;3,01
2010.0;10.0;2010-10-01;BRASPINE;MONTE TABOR II;;;;;156,22;16,61;85,99;9,23;43,48;26,35;99,99;315,10;0,00;4,54
2010.0;10.0;2010-10-01;BRASPINE;MOREIRA;PR;DOUTOR ULYSSES;230,52;68,68;189,53;16,49;84,57;8,55;34,88;27,55;100,00;290,85;0,00;3,56
2010.0;10.0;2010-10-01;BRASPINE;MOREIRAS II;PR;DOUTOR ULYSSES;66,76;28,75;186,63;16,49;84,57;8,55;34,88;27,55;100,00;290,85;0,00;3,56
2010.0;10.0;2010-10-01;BRASPINE;MORRETES;PR;ORTIGUEIRA;20,36;20,36;210,43;18,12;81,10;8,82;33,91;29,00;99,77;263,03;0,00;4,26
2010.0;10.0;2010-10-01;BRASPINE;MORRO AZUL;;;;;153,25;16,64;84,62;8,53;32,99;28,05;100,00;306,75;0,00;6,24
2010.0;10.0;2010-10-01;BRASPINE;OURO FINO;SP;APIAI;51,70;51,70;138,91;16,39;85,66;8,63;37,99;27,10;100,00;304,10;0,00;16,59
2010.0;10.0;2010-10-01;BRASPINE;PALMEIRINHA DE BAIXO - SOSSEGO;PR;SENGES;85,93;9,22;146,04;16,37;82,61;8,28;30,52;26,95;99,86;297,65;0,00;4,91
2010.0;10.0;2010-10-01;BRASPINE;PAZIN;PR;DOUTOR ULYSSES;41,20;23,90;186,03;16,60;85,03;8,86;36,97;27,70;100,00;297,06;0,00;3,60
2010.0;10.0;2010-10-01;BRASPINE;PEDRAS;PR;CASTRO;7,18;7,18;190,26;16,35;83,06;7,70;35,38;26,85;99,86;283,34;0,00;0,12
2010.0;10.0;2010-10-01;BRASPINE;PESCARIA;PR;SAO JOSE DA BOA VISTA;184,57;129,22;131,66;18,74;76,50;10,62;29,72;28,88;99,60;244,10;0,00;2,05
2010.0;10.0;2010-10-01;BRASPINE;PESSEGUEIRO;PR;DOUTOR ULYSSES;109,95;64,79;181,60;16,49;84,57;8,55;34,88;27,55;100,00;290,85;0,00;3,56
2010.0;10.0;2010-10-01;BRASPINE;PITANGA;;;;;203,07;17,00;79,74;8,60;40,68;26,79;99,79;312,34;0,00;0,56
2010.0;10.0;2010-10-01;BRASPINE;QUEIMADINHO ARROIO CLARO;PR;DOUTOR ULYSSES;48,13;19,09;184,09;16,49;84,57;8,55;34,88;27,55;100,00;290,85;0,00;3,56
2010.0;10.0;2010-10-01;BRASPINE;QUEIMADINHO M6042;PR;DOUTOR ULYSSES;48,38;18,50;184,09;16,49;84,57;8,55;34,88;27,55;100,00;290,85;0,00;3,56
2010.0;10.0;2010-10-01;BRASPINE;QUEIMADINHO USUCAPIAO;PR;DOUTOR ULYSSES;200,27;92,43;184,09;16,49;84,57;8,55;34,88;27,55;100,00;290,85;0,00;3,56
2010.0;10.0;2010-10-01;BRASPINE;RAMOS;PR;SENGES;69,83;38,15;166,14;16,38;84,15;8,31;34,18;27,37;100,00;284,66;0,00;0,27
2010.0;10.0;2010-10-01;BRASPINE;RIBEIRAO GRANDE;PR;JAGUARIAIVA;20,77;20,77;187,21;16,37;82,46;7,76;32,37;26,77;99,86;282,76;0,00;0,13
2010.0;10.0;2010-10-01;BRASPINE;RINCAO DE BAIXO;;;;;179,29;17,22;79,23;8,57;32,16;27,13;99,71;269,00;0,00;1,54
2010.0;10.0;2010-10-01;BRASPINE;RIO BOMBA;PR;CERRO AZUL;65,03;37,72;191,07;17,38;83,46;9,61;36,31;28,40;99,99;288,48;0,00;6,11
2010.0;10.0;2010-10-01;BRASPINE;RIO DO MEIO;PR;DOUTOR ULYSSES;712,33;389,13;185,94;16,49;84,57;8,55;34,88;27,55;100,00;290,85;0,00;3,56
2010.0;10.0;2010-10-01;BRASPINE;RONDON;PR;JAGUARIAIVA;2899,24;1475,88;158,59;16,40;82,88;8,23;32,24;26,83;99,87;283,35;0,00;17,95
2010.0;10.0;2010-10-01;BRASPINE;SANTA FELICIDADE;;;;;177,98;17,40;84,99;9,45;39,76;28,38;100,00;270,63;0,00;0,10
2010.0;10.0;2010-10-01;BRASPINE;SANTA LIDIA DO CERCADINHO;;;;;184,63;16,91;79,35;8,48;32,32;26,59;99,72;278,64;0,00;0,83
2010.0;10.0;2010-10-01;BRASPINE;SANTO ANTONIO;;;;;146,61;16,35;83,03;8,25;30,33;27,29;100,00;297,02;0,00;10,75
2010.0;10.0;2010-10-01;BRASPINE;SAO JOSE;PR;JANDAIA DO SUL;37,56;37,56;169,28;20,06;76,24;11,64;34,23;31,06;99,99;129,25;0,00;3,53
2010.0;10.0;2010-10-01;BRASPINE;SAO MATHEUS;;;;;164,32;21,12;75,33;12,73;32,69;32,83;100,00;108,00;0,00;4,29
2010.0;10.0;2010-10-01;BRASPINE;SAO PEDRO E SAO PAULO;PR;SAPOPEMA;709,13;323,93;139,14;18,32;77,58;9,39;35,46;27,99;99,81;244,15;0,00;0,05
2010.0;10.0;2010-10-01;BRASPINE;SAO RAFAEL;;;;;112,25;16,17;81,13;8,08;41,15;26,78;99,70;292,93;0,00;2,53
2010.0;10.0;2010-10-01;BRASPINE;SAO RAFAEL - PB;;;;;138,31;16,49;85,41;8,63;36,58;27,42;100,00;306,14;0,00;0,67
2010.0;10.0;2010-10-01;BRASPINE;SERRARIA;PR;DOUTOR ULYSSES;280,88;117,71;189,56;16,42;84,89;8,68;36,33;27,48;100,00;306,81;0,00;1,72
2010.0;10.0;2010-10-01;BRASPINE;SERRO VERDE;;;;;185,75;16,55;79,60;8,37;39,52;26,36;99,91;329,13;0,00;4,55
2010.0;10.0;2010-10-01;BRASPINE;SERTAOZINHO;PR;DOUTOR ULYSSES;16,25;16,25;175,00;16,49;84,57;8,55;34,88;27,55;100,00;290,85;0,00;3,56
2010.0;10.0;2010-10-01;BRASPINE;SITIO BASILIO;PR;JAGUARIAIVA;8,08;8,08;169,06;16,49;81,67;8,10;32,71;26,28;99,75;283,85;0,00;1,10
2010.0;10.0;2010-10-01;BRASPINE;SITIO DAS MARRECAS;PR;DOUTOR ULYSSES;77,49;35,17;186,47;16,97;84,99;9,08;37,84;28,11;100,00;305,63;0,00;1,89
2010.0;10.0;2010-10-01;BRASPINE;SOBRADINHO;SP;BOM SUCESSO DE ITARARE;285,80;123,10;141,13;16,22;84,11;8,23;32,01;27,33;100,00;295,23;0,00;2,72
2010.0;10.0;2010-10-01;BRASPINE;TAQUARAL;PR;JAGUARIAIVA;519,13;31,07;166,78;16,55;82,61;8,14;33,05;26,90;99,99;285,83;0,00;1,14
2010.0;10.0;2010-10-01;BRASPINE;TUCUNDUVA;PR;SENGES;82,21;60,89;161,58;17,22;79,32;9,17;30,37;27,12;99,80;301,26;0,00;1,14
2010.0;10.0;2010-10-01;BRASPINE;TUCUNDUVA - CHAMMA;;;;;149,47;17,20;79,78;9,18;30,11;27,29;99,76;302,31;0,00;10,45
2010.0;10.0;2010-10-01;BRASPINE;VIENA 1;PR;DOUTOR ULYSSES;263,98;178,34;193,70;16,16;84,38;8,15;35,93;26,91;100,00;282,66;0,00;4,63
2010.0;10.0;2010-10-01;BRASPINE;VIENA 2;PR;CERRO AZUL;140,23;96,54;190,86;17,38;83,46;9,61;36,31;28,40;99,99;288,48;0,00;6,11
2010.0;10.0;2010-10-01;BRASPINE;VITORIA;PR;SENGES;50,54;35,69;146,04;16,37;82,61;8,28;30,52;26,95;99,86;297,65;0,00;4,91
2010.0;10.0;2010-10-01;BRASPINE;VIVEIRO;PR;DOUTOR ULYSSES;405,39;261,22;186,63;16,49;84,57;8,55;34,88;27,55;100,00;290,85;0,00;3,56
2010.0;10.0;2010-10-01;BRASPINE;VO LINO;PR;DOUTOR ULYSSES;164,50;97,89;186,24;16,60;85,03;8,86;36,97;27,70;100,00;297,06;0,00;3,60
2010.0;10.0;2010-10-01;BRASPINE;XAXIM VELHO;;;;;178,54;15,60;81,95;7,55;36,67;25,57;100,00;301,74;0,00;3,84
2010.0;11.0;2010-11-01;BRASPINE;AGUA DOCE;PR;JAGUARIAIVA;238,97;121,99;80,71;18,49;78,82;9,83;33,07;27,99;99,87;220,75;0,00;3,43
2010.0;11.0;2010-11-01;BRASPINE;AMATA;;;;;77,84;19,89;80,68;10,83;33,36;30,53;99,99;170,95;0,00;3,13
2010.0;11.0;2010-11-01;BRASPINE;ANTA BRAVA;;;;;60,76;21,36;77,30;13,34;37,37;30,64;99,80;85,28;0,00;7,00
2010.0;11.0;2010-11-01;BRASPINE;ARAPONGAS;PR;SENGES;423,34;263,70;76,76;18,53;81,26;10,05;33,15;29,00;100,00;211,58;0,00;18,99
2010.0;11.0;2010-11-01;BRASPINE;ARROIO CLARO;PR;DOUTOR ULYSSES;275,14;92,00;77,09;18,64;81,76;10,01;34,22;29,41;100,00;212,94;0,00;0,24
2010.0;11.0;2010-11-01;BRASPINE;BARRA GRANDE;PR;DOUTOR ULYSSES;493,79;139,68;79,74;19,02;81,79;10,63;33,21;29,73;100,00;204,64;0,00;13,06
2010.0;11.0;2010-11-01;BRASPINE;BARRA GRANDE - BEMAIS;PR;GUARAPUAVA;299,16;108,61;78,28;17,84;77,31;9,93;35,05;26,75;99,98;264,36;0,00;12,51
2010.0;11.0;2010-11-01;BRASPINE;BARRETOS;PR;JAGUARIAIVA;43,35;32,98;78,38;18,55;80,16;10,04;33,35;28,78;100,00;208,38;0,00;3,83
2010.0;11.0;2010-11-01;BRASPINE;BAU;;;;;88,86;17,90;76,26;9,19;40,11;26,36;99,70;239,31;0,00;3,03
2010.0;11.0;2010-11-01;BRASPINE;BOA VISTA II;PR;PIRAI DO SUL;944,00;535,05;81,74;18,55;79,40;9,82;33,03;28,49;99,98;220,45;0,00;1,55
2010.0;11.0;2010-11-01;BRASPINE;BRASILEIRA;;;;;77,06;18,53;81,26;10,05;33,15;29,00;100,00;211,58;0,00;18,99
2010.0;11.0;2010-11-01;BRASPINE;BURACAO;;;;;97,57;18,40;79,82;9,97;34,23;28,78;99,83;222,55;0,00;0,40
2010.0;11.0;2010-11-01;BRASPINE;BURRINHO;PR;DOUTOR ULYSSES;211,01;100,37;77,04;18,64;81,76;10,01;34,22;29,41;100,00;212,94;0,00;0,24
2010.0;11.0;2010-11-01;BRASPINE;CADEADO I;PR;JAGUARIAIVA;21,07;12,29;75,61;18,36;80,63;10,17;33,23;28,67;100,00;221,60;0,00;24,30
2010.0;11.0;2010-11-01;BRASPINE;CADEADO II;PR;JAGUARIAIVA;21,88;16,79;75,61;18,36;80,63;10,17;33,23;28,67;100,00;221,60;0,00;24,30
2010.0;11.0;2010-11-01;BRASPINE;CAMPINA ALTA;PR;TIBAGI;29,77;18,24;104,51;19,48;76,33;10,49;34,97;29,05;99,95;213,62;0,00;3,21
2010.0;11.0;2010-11-01;BRASPINE;CAMPINA DO ELIAS;PR;JAGUARIAIVA;29,17;14,65;80,87;18,49;80,33;10,09;33,30;28,74;99,99;207,76;0,00;2,21
2010.0;11.0;2010-11-01;BRASPINE;CAMPO NOVO;PR;JAGUARIAIVA;295,98;156,36;77,51;18,36;80,63;10,17;33,23;28,67;100,00;221,60;0,00;24,30
2010.0;11.0;2010-11-01;BRASPINE;CONSULTORIA II A;PR;DOUTOR ULYSSES;89,62;60,79;75,40;18,53;81,26;10,05;33,15;29,00;100,00;211,58;0,00;18,99
2010.0;11.0;2010-11-01;BRASPINE;DINIZ;;;;;77,29;18,53;81,26;10,05;33,15;29,00;100,00;211,58;0,00;18,99
2010.0;11.0;2010-11-01;BRASPINE;ENES;PR;JAGUARIAIVA;5,93;5,69;77,64;18,36;80,63;10,17;33,23;28,67;100,00;221,60;0,00;24,30
2010.0;11.0;2010-11-01;BRASPINE;ENGENHARIA;;;;;77,29;18,53;81,26;10,05;33,15;29,00;100,00;211,58;0,00;18,99
2010.0;11.0;2010-11-01;BRASPINE;ESTACAO;PR;SENGES;4,76;4,14;76,16;18,36;80,63;10,17;33,23;28,67;100,00;221,60;0,00;24,30
2010.0;11.0;2010-11-01;BRASPINE;FAXINAL;PR;JAGUARIAIVA;20,65;20,65;77,64;18,36;80,63;10,17;33,23;28,67;100,00;221,60;0,00;24,30
2010.0;11.0;2010-11-01;BRASPINE;FEITAL;PR;DOUTOR ULYSSES;154,17;86,53;77,90;18,70;81,44;10,24;33,17;29,24;100,00;199,33;0,00;17,01
2010.0;11.0;2010-11-01;BRASPINE;FIGUEIRA;PR;DOUTOR ULYSSES;1053,81;315,71;78,53;18,64;81,76;10,01;34,22;29,41;100,00;212,94;0,00;0,24
2010.0;11.0;2010-11-01;BRASPINE;FIGUEIRINHA;PR;DOUTOR ULYSSES;94,37;56,74;77,08;18,64;81,76;10,01;34,22;29,41;100,00;212,94;0,00;0,24
2010.0;11.0;2010-11-01;BRASPINE;FLOEMA;PR;DOUTOR ULYSSES;2189,88;701,43;78,44;18,17;81,13;9,46;34,24;28,77;100,00;217,94;0,00;6,22
2010.0;11.0;2010-11-01;BRASPINE;FLOEMA I - SUDATI;;;;;76,05;18,53;81,26;10,05;33,15;29,00;100,00;211,58;0,00;18,99
2010.0;11.0;2010-11-01;BRASPINE;FLOEMA II - SUDATI;PR;DOUTOR ULYSSES;453,83;211,13;73,04;18,53;81,26;10,05;33,15;29,00;100,00;211,58;0,00;18,99
2010.0;11.0;2010-11-01;BRASPINE;FLOR DA SERRA;PR;SAO JOSE DA BOA VISTA;209,10;128,72;50,27;20,42;74,88;11,94;30,88;29,88;99,95;162,85;0,00;1,88
2010.0;11.0;2010-11-01;BRASPINE;GENTIL;PR;JAGUARIAIVA;126,77;53,33;80,38;18,22;78,75;9,62;33,52;27,61;99,77;216,61;0,00;3,48
2010.0;11.0;2010-11-01;BRASPINE;GUAIRACA;PR;GUARAPUAVA;623,62;169,31;78,68;17,96;77,55;9,93;36,31;27,09;99,97;250,89;0,00;17,44
2010.0;11.0;2010-11-01;BRASPINE;HERVAL 2 - MADALOSSO;;;;;87,63;18,40;79,82;9,97;34,23;28,78;99,83;222,55;0,00;0,40
2010.0;11.0;2010-11-01;BRASPINE;HERVAL DE BAIXO;PR;RESERVA;827,29;475,92;86,01;19,38;76,92;10,26;34,48;28,80;99,93;224,10;0,00;2,82
2010.0;11.0;2010-11-01;BRASPINE;HORTO 01;PR;TURVO;19,12;19,12;75,36;18,61;77,19;9,86;40,32;27,34;99,75;244,13;0,00;4,37
2010.0;11.0;2010-11-01;BRASPINE;HORTO 02;PR;TURVO;4,24;4,24;74,60;18,61;77,19;9,86;40,32;27,34;99,75;244,13;0,00;4,37
2010.0;11.0;2010-11-01;BRASPINE;HORTO 03;PR;PRUDENTOPOLIS;80,91;25,89;76,58;19,14;76,52;10,56;37,91;28,18;99,71;223,70;0,00;41,16
2010.0;11.0;2010-11-01;BRASPINE;HORTO 08;PR;TURVO;9,53;9,53;77,35;19,14;76,52;10,56;37,91;28,18;99,71;223,70;0,00;41,16
2010.0;11.0;2010-11-01;BRASPINE;HORTO 12;PR;PRUDENTOPOLIS;12,20;12,20;75,67;19,14;76,52;10,56;37,91;28,18;99,71;223,70;0,00;41,16
2010.0;11.0;2010-11-01;BRASPINE;IZAU;PR;PIRAI DO SUL;19,37;11,60;79,59;18,26;79,16;9,55;32,83;27,95;99,82;217,81;0,00;5,22
2010.0;11.0;2010-11-01;BRASPINE;JOAO RICO;PR;JAGUARIAIVA;47,46;26,18;80,25;18,49;78,82;9,83;33,07;27,99;99,87;220,75;0,00;3,43
2010.0;11.0;2010-11-01;BRASPINE;LAGOA;PR;JAGUARIAIVA;24,10;10,78;77,62;18,36;80,63;10,17;33,23;28,67;100,00;221,60;0,00;24,30
2010.0;11.0;2010-11-01;BRASPINE;MARACANA;PR;JANDAIA DO SUL;11,45;11,45;101,51;21,23;72,29;12,93;27,75;30,40;100,00;139,05;0,00;6,11
2010.0;11.0;2010-11-01;BRASPINE;MARRECA;;;;;76,61;18,64;81,76;10,01;34,22;29,41;100,00;212,94;0,00;0,24
2010.0;11.0;2010-11-01;BRASPINE;MARRECA SP;SP;ITAPIRAPUA PAULISTA;675,30;236,19;78,00;19,36;81,97;10,48;33,89;30,23;100,00;179,86;0,00;0,62
2010.0;11.0;2010-11-01;BRASPINE;MARRECAS;;;;;78,08;17,28;77,67;9,56;34,91;26,24;100,00;297,64;0,00;6,32
2010.0;11.0;2010-11-01;BRASPINE;MERCADINHO;;;;;76,53;19,21;81,15;10,18;33,53;29,97;100,00;205,31;0,00;1,47
2010.0;11.0;2010-11-01;BRASPINE;MONTE ALEGRE;;;;;98,52;21,71;71,48;13,39;27,95;30,90;99,98;98,18;0,00;3,51
2010.0;11.0;2010-11-01;BRASPINE;MONTE TABOR II;;;;;65,96;18,67;84,01;11,39;37,12;28,99;100,00;189,38;0,00;7,30
2010.0;11.0;2010-11-01;BRASPINE;MOREIRA;PR;DOUTOR ULYSSES;230,52;68,68;73,04;18,53;81,26;10,05;33,15;29,00;100,00;211,58;0,00;18,99
2010.0;11.0;2010-11-01;BRASPINE;MOREIRAS II;PR;DOUTOR ULYSSES;66,76;28,75;75,73;18,53;81,26;10,05;33,15;29,00;100,00;211,58;0,00;18,99
2010.0;11.0;2010-11-01;BRASPINE;MORRETES;PR;ORTIGUEIRA;20,36;20,36;89,79;19,83;77,05;10,50;33,33;29,25;99,94;199,67;0,00;7,79
2010.0;11.0;2010-11-01;BRASPINE;MORRO AZUL;;;;;75,83;18,79;81,94;10,83;32,04;29,42;100,00;200,99;0,00;2,96
2010.0;11.0;2010-11-01;BRASPINE;OURO FINO;SP;APIAI;51,70;51,70;71,81;18,51;83,55;10,51;34,35;29,00;100,00;213,35;0,00;6,66
2010.0;11.0;2010-11-01;BRASPINE;PALMEIRINHA DE BAIXO - SOSSEGO;PR;SENGES;85,93;9,22;70,49;18,26;79,66;10,05;31,31;28,02;99,87;222,24;0,00;5,93
2010.0;11.0;2010-11-01;BRASPINE;PAZIN;PR;DOUTOR ULYSSES;41,20;23,90;78,03;18,64;81,76;10,01;34,22;29,41;100,00;212,94;0,00;0,24
2010.0;11.0;2010-11-01;BRASPINE;PEDRAS;PR;CASTRO;7,18;7,18;82,27;18,26;79,72;9,56;35,35;28,00;99,83;231,49;0,00;2,82
2010.0;11.0;2010-11-01;BRASPINE;PESCARIA;PR;SAO JOSE DA BOA VISTA;184,57;129,22;53,24;20,60;74,47;12,00;29,23;30,13;99,93;150,25;0,00;0,04
2010.0;11.0;2010-11-01;BRASPINE;PESSEGUEIRO;PR;DOUTOR ULYSSES;109,95;64,79;76,72;18,53;81,26;10,05;33,15;29,00;100,00;211,58;0,00;18,99
2010.0;11.0;2010-11-01;BRASPINE;PITANGA;;;;;88,53;18,60;75,64;10,07;39,54;27,27;99,64;221,72;0,00;2,48
2010.0;11.0;2010-11-01;BRASPINE;QUEIMADINHO ARROIO CLARO;PR;DOUTOR ULYSSES;48,13;19,09;77,06;18,53;81,26;10,05;33,15;29,00;100,00;211,58;0,00;18,99
2010.0;11.0;2010-11-01;BRASPINE;QUEIMADINHO M6042;PR;DOUTOR ULYSSES;48,38;18,50;77,06;18,53;81,26;10,05;33,15;29,00;100,00;211,58;0,00;18,99
2010.0;11.0;2010-11-01;BRASPINE;QUEIMADINHO USUCAPIAO;PR;DOUTOR ULYSSES;200,27;92,43;77,06;18,53;81,26;10,05;33,15;29,00;100,00;211,58;0,00;18,99
2010.0;11.0;2010-11-01;BRASPINE;RAMOS;PR;SENGES;69,83;38,15;76,05;18,36;80,63;10,17;33,23;28,67;100,00;221,60;0,00;24,30
2010.0;11.0;2010-11-01;BRASPINE;RIBEIRAO GRANDE;PR;JAGUARIAIVA;20,77;20,77;79,78;18,26;79,16;9,55;32,83;27,95;99,82;217,81;0,00;5,22
2010.0;11.0;2010-11-01;BRASPINE;RINCAO DE BAIXO;;;;;97,86;18,91;75,33;10,48;34,83;28,60;99,91;224,00;0,00;4,16
2010.0;11.0;2010-11-01;BRASPINE;RIO BOMBA;PR;CERRO AZUL;65,03;37,72;76,67;19,47;80,41;10,28;33,32;30,21;99,95;209,33;0,00;3,17
2010.0;11.0;2010-11-01;BRASPINE;RIO DO MEIO;PR;DOUTOR ULYSSES;712,33;389,13;76,09;18,53;81,26;10,05;33,15;29,00;100,00;211,58;0,00;18,99
2010.0;11.0;2010-11-01;BRASPINE;RONDON;PR;JAGUARIAIVA;2899,24;1475,88;71,47;18,29;79,67;10,02;32,53;27,99;99,88;220,58;0,00;15,61
2010.0;11.0;2010-11-01;BRASPINE;SANTA FELICIDADE;;;;;75,59;19,77;82,12;10,79;33,81;30,73;100,00;169,91;0,00;0,50
2010.0;11.0;2010-11-01;BRASPINE;SANTA LIDIA DO CERCADINHO;;;;;98,06;18,56;75,54;10,17;34,83;28,06;99,92;219,62;0,00;3,40
2010.0;11.0;2010-11-01;BRASPINE;SANTO ANTONIO;;;;;73,59;18,29;80,21;10,13;31,05;28,32;100,00;222,22;0,00;1,88
2010.0;11.0;2010-11-01;BRASPINE;SAO JOSE;PR;JANDAIA DO SUL;37,56;37,56;99,39;21,55;71,67;13,31;28,02;30,70;100,00;97,20;0,00;4,58
2010.0;11.0;2010-11-01;BRASPINE;SAO MATHEUS;;;;;91,36;22,84;70,61;13,49;27,63;32,56;99,76;85,16;0,00;3,19
2010.0;11.0;2010-11-01;BRASPINE;SAO PEDRO E SAO PAULO;PR;SAPOPEMA;709,13;323,93;79,29;19,75;74,99;11,62;33,56;28,29;99,79;239,38;0,00;4,62
2010.0;11.0;2010-11-01;BRASPINE;SAO RAFAEL;;;;;84,62;18,28;78,66;8,70;39,81;28,09;99,54;206,17;0,00;3,42
2010.0;11.0;2010-11-01;BRASPINE;SAO RAFAEL - PB;;;;;75,18;18,64;83,14;10,71;33,44;29,18;100,00;200,67;0,00;12,25
2010.0;11.0;2010-11-01;BRASPINE;SERRARIA;PR;DOUTOR ULYSSES;280,88;117,71;75,46;18,40;81,44;9,73;34,23;29,09;100,00;208,02;0,00;0,02
2010.0;11.0;2010-11-01;BRASPINE;SERRO VERDE;;;;;88,09;18,18;75,43;9,12;38,43;26,86;99,79;229,29;0,00;3,20
2010.0;11.0;2010-11-01;BRASPINE;SERTAOZINHO;PR;DOUTOR ULYSSES;16,25;16,25;87,29;18,53;81,26;10,05;33,15;29,00;100,00;211,58;0,00;18,99
2010.0;11.0;2010-11-01;BRASPINE;SITIO BASILIO;PR;JAGUARIAIVA;8,08;8,08;80,80;18,29;78,64;9,70;33,61;27,61;99,77;217,20;0,00;1,44
2010.0;11.0;2010-11-01;BRASPINE;SITIO DAS MARRECAS;PR;DOUTOR ULYSSES;77,49;35,17;77,49;19,15;81,91;10,35;33,99;30,00;100,00;206,67;0,00;0,52
2010.0;11.0;2010-11-01;BRASPINE;SOBRADINHO;SP;BOM SUCESSO DE ITARARE;285,80;123,10;75,56;18,20;81,58;10,27;32,25;28,40;100,00;222,42;0,00;28,51
2010.0;11.0;2010-11-01;BRASPINE;TAQUARAL;PR;JAGUARIAIVA;519,13;31,07;75,15;18,49;79,43;9,94;33,18;28,11;100,00;221,58;0,00;21,35
2010.0;11.0;2010-11-01;BRASPINE;TUCUNDUVA;PR;SENGES;82,21;60,89;67,66;19,00;76,76;10,58;30,79;28,28;99,80;231,91;0,00;7,52
2010.0;11.0;2010-11-01;BRASPINE;TUCUNDUVA - CHAMMA;;;;;60,68;19,02;77,16;10,69;30,68;28,36;99,76;219,66;0,00;3,71
2010.0;11.0;2010-11-01;BRASPINE;VIENA 1;PR;DOUTOR ULYSSES;263,98;178,34;83,78;18,10;80,66;10,03;34,81;28,36;100,00;202,78;0,00;0,63
2010.0;11.0;2010-11-01;BRASPINE;VIENA 2;PR;CERRO AZUL;140,23;96,54;76,57;19,47;80,41;10,28;33,32;30,21;99,95;209,33;0,00;3,17
2010.0;11.0;2010-11-01;BRASPINE;VITORIA;PR;SENGES;50,54;35,69;70,49;18,26;79,66;10,05;31,31;28,02;99,87;222,24;0,00;5,93
2010.0;11.0;2010-11-01;BRASPINE;VIVEIRO;PR;DOUTOR ULYSSES;405,39;261,22;75,73;18,53;81,26;10,05;33,15;29,00;100,00;211,58;0,00;18,99
2010.0;11.0;2010-11-01;BRASPINE;VO LINO;PR;DOUTOR ULYSSES;164,50;97,89;76,70;18,64;81,76;10,01;34,22;29,41;100,00;212,94;0,00;0,24
2010.0;11.0;2010-11-01;BRASPINE;XAXIM VELHO;;;;;97,64;17,44;77,88;9,45;36,45;26,79;100,00;242,42;0,00;1,16
2010.0;12.0;2010-12-01;BRASPINE;AGUA DOCE;PR;JAGUARIAIVA;238,97;121,99;192,76;19,83;87,18;11,53;46,23;27,75;99,85;64,55;0,00;0,93
2010.0;12.0;2010-12-01;BRASPINE;AMATA;;;;;248,77;21,27;86,83;13,28;46,23;30,48;100,00;55,29;0,00;0,28
2010.0;12.0;2010-12-01;BRASPINE;ANTA BRAVA;;;;;236,07;22,55;82,96;15,47;47,16;30,51;98,62;0,00;0,00;10,86
2010.0;12.0;2010-12-01;BRASPINE;ARAPONGAS;PR;SENGES;423,34;263,70;212,52;19,90;88,36;11,93;44,45;28,81;100,00;65,68;0,00;11,46
2010.0;12.0;2010-12-01;BRASPINE;ARROIO CLARO;PR;DOUTOR ULYSSES;275,14;92,00;248,19;20,08;88,25;12,16;44,54;29,38;100,00;51,45;0,00;1,12
2010.0;12.0;2010-12-01;BRASPINE;BARRA GRANDE;PR;DOUTOR ULYSSES;493,79;139,68;239,87;20,34;88,36;12,28;44,08;29,43;100,00;52,27;0,00;4,35
2010.0;12.0;2010-12-01;BRASPINE;BARRA GRANDE - BEMAIS;PR;GUARAPUAVA;299,16;108,61;247,82;19,31;88,36;10,82;45,33;26,97;99,99;75,69;0,00;24,09
2010.0;12.0;2010-12-01;BRASPINE;BARRETOS;PR;JAGUARIAIVA;43,35;32,98;206,96;19,85;88,06;11,46;46,04;28,02;99,99;64,14;0,00;1,24
2010.0;12.0;2010-12-01;BRASPINE;BAU;;;;;213,39;19,38;88,10;10,88;44,84;26,79;99,86;75,71;0,00;0,02
2010.0;12.0;2010-12-01;BRASPINE;BOA VISTA II;PR;PIRAI DO SUL;944,00;535,05;217,68;19,85;87,61;11,28;46,58;27,97;99,96;63,60;0,00;4,05
2010.0;12.0;2010-12-01;BRASPINE;BRASILEIRA;;;;;228,99;19,90;88,36;11,93;44,45;28,81;100,00;65,68;0,00;11,46
2010.0;12.0;2010-12-01;BRASPINE;BURACAO;;;;;256,54;19,86;86,94;11,31;48,77;27,93;99,72;48,77;0,00;15,57
2010.0;12.0;2010-12-01;BRASPINE;BURRINHO;PR;DOUTOR ULYSSES;211,01;100,37;248,54;20,08;88,25;12,16;44,54;29,38;100,00;51,45;0,00;1,12
2010.0;12.0;2010-12-01;BRASPINE;CADEADO I;PR;JAGUARIAIVA;21,07;12,29;214,37;19,73;88,12;11,63;44,81;28,39;100,00;64,37;0,00;17,87
2010.0;12.0;2010-12-01;BRASPINE;CADEADO II;PR;JAGUARIAIVA;21,88;16,79;214,37;19,73;88,12;11,63;44,81;28,39;100,00;64,37;0,00;17,87
2010.0;12.0;2010-12-01;BRASPINE;CAMPINA ALTA;PR;TIBAGI;29,77;18,24;195,69;20,84;86,52;12,59;42,83;28,86;99,94;68,80;0,00;2,27
2010.0;12.0;2010-12-01;BRASPINE;CAMPINA DO ELIAS;PR;JAGUARIAIVA;29,17;14,65;228,63;19,81;88,08;11,52;45,59;28,16;99,99;64,23;0,00;0,17
2010.0;12.0;2010-12-01;BRASPINE;CAMPO NOVO;PR;JAGUARIAIVA;295,98;156,36;207,44;19,73;88,12;11,63;44,81;28,39;100,00;64,37;0,00;17,87
2010.0;12.0;2010-12-01;BRASPINE;CONSULTORIA II A;PR;DOUTOR ULYSSES;89,62;60,79;229,65;19,90;88,36;11,93;44,45;28,81;100,00;65,68;0,00;11,46
2010.0;12.0;2010-12-01;BRASPINE;DINIZ;;;;;232,62;19,90;88,36;11,93;44,45;28,81;100,00;65,68;0,00;11,46
2010.0;12.0;2010-12-01;BRASPINE;ENES;PR;JAGUARIAIVA;5,93;5,69;206,78;19,73;88,12;11,63;44,81;28,39;100,00;64,37;0,00;17,87
2010.0;12.0;2010-12-01;BRASPINE;ENGENHARIA;;;;;232,62;19,90;88,36;11,93;44,45;28,81;100,00;65,68;0,00;11,46
2010.0;12.0;2010-12-01;BRASPINE;ESTACAO;PR;SENGES;4,76;4,14;224,62;19,73;88,12;11,63;44,81;28,39;100,00;64,37;0,00;17,87
2010.0;12.0;2010-12-01;BRASPINE;FAXINAL;PR;JAGUARIAIVA;20,65;20,65;206,78;19,73;88,12;11,63;44,81;28,39;100,00;64,37;0,00;17,87
2010.0;12.0;2010-12-01;BRASPINE;FEITAL;PR;DOUTOR ULYSSES;154,17;86,53;239,01;20,05;88,36;12,05;44,33;29,02;100,00;51,28;0,00;9,13
2010.0;12.0;2010-12-01;BRASPINE;FIGUEIRA;PR;DOUTOR ULYSSES;1053,81;315,71;237,54;20,08;88,25;12,16;44,54;29,38;100,00;51,45;0,00;1,12
2010.0;12.0;2010-12-01;BRASPINE;FIGUEIRINHA;PR;DOUTOR ULYSSES;94,37;56,74;263,65;20,08;88,25;12,16;44,54;29,38;100,00;51,45;0,00;1,12
2010.0;12.0;2010-12-01;BRASPINE;FLOEMA;PR;DOUTOR ULYSSES;2189,88;701,43;246,67;19,64;88,21;11,74;44,95;28,72;100,00;64,53;0,00;3,50
2010.0;12.0;2010-12-01;BRASPINE;FLOEMA I - SUDATI;;;;;222,54;19,90;88,36;11,93;44,45;28,81;100,00;65,68;0,00;11,46
2010.0;12.0;2010-12-01;BRASPINE;FLOEMA II - SUDATI;PR;DOUTOR ULYSSES;453,83;211,13;222,28;19,90;88,36;11,93;44,45;28,81;100,00;65,68;0,00;11,46
2010.0;12.0;2010-12-01;BRASPINE;FLOR DA SERRA;PR;SAO JOSE DA BOA VISTA;209,10;128,72;225,89;21,83;82,34;14,38;45,15;29,58;99,80;29,06;0,00;0,50
2010.0;12.0;2010-12-01;BRASPINE;GENTIL;PR;JAGUARIAIVA;126,77;53,33;194,27;19,60;87,12;11,49;47,42;27,46;99,62;93,57;0,00;4,91
2010.0;12.0;2010-12-01;BRASPINE;GUAIRACA;PR;GUARAPUAVA;623,62;169,31;260,76;19,42;88,16;10,77;46,27;26,89;99,98;76,25;0,00;24,16
2010.0;12.0;2010-12-01;BRASPINE;HERVAL 2 - MADALOSSO;;;;;266,51;19,86;86,94;11,31;48,77;27,93;99,72;48,77;0,00;15,57
2010.0;12.0;2010-12-01;BRASPINE;HERVAL DE BAIXO;PR;RESERVA;827,29;475,92;208,08;20,85;86,67;12,80;42,70;28,92;99,95;69,01;0,00;1,12
2010.0;12.0;2010-12-01;BRASPINE;HORTO 01;PR;TURVO;19,12;19,12;221,69;20,02;88,58;11,73;47,21;27,76;99,92;79,43;0,00;6,40
2010.0;12.0;2010-12-01;BRASPINE;HORTO 02;PR;TURVO;4,24;4,24;221,21;20,02;88,58;11,73;47,21;27,76;99,92;79,43;0,00;6,40
2010.0;12.0;2010-12-01;BRASPINE;HORTO 03;PR;PRUDENTOPOLIS;80,91;25,89;223,56;20,47;87,77;11,98;44,76;28,32;99,94;51,04;0,00;12,28
2010.0;12.0;2010-12-01;BRASPINE;HORTO 08;PR;TURVO;9,53;9,53;227,14;20,47;87,77;11,98;44,76;28,32;99,94;51,04;0,00;12,28
2010.0;12.0;2010-12-01;BRASPINE;HORTO 12;PR;PRUDENTOPOLIS;12,20;12,20;224,27;20,47;87,77;11,98;44,76;28,32;99,94;51,04;0,00;12,28
2010.0;12.0;2010-12-01;BRASPINE;IZAU;PR;PIRAI DO SUL;19,37;11,60;193,37;19,57;87,54;11,19;47,44;27,71;99,70;92,36;0,00;6,62
2010.0;12.0;2010-12-01;BRASPINE;JOAO RICO;PR;JAGUARIAIVA;47,46;26,18;194,07;19,83;87,18;11,53;46,23;27,75;99,85;64,55;0,00;0,93
2010.0;12.0;2010-12-01;BRASPINE;LAGOA;PR;JAGUARIAIVA;24,10;10,78;224,47;19,73;88,12;11,63;44,81;28,39;100,00;64,37;0,00;17,87
2010.0;12.0;2010-12-01;BRASPINE;MARACANA;PR;JANDAIA DO SUL;11,45;11,45;192,42;22,66;84,18;14,99;43,34;30,52;99,84;14,99;0,00;0,92
2010.0;12.0;2010-12-01;BRASPINE;MARRECA;;;;;254,21;20,08;88,25;12,16;44,54;29,38;100,00;51,45;0,00;1,12
2010.0;12.0;2010-12-01;BRASPINE;MARRECA SP;SP;ITAPIRAPUA PAULISTA;675,30;236,19;255,62;20,72;88,04;12,62;44,25;30,15;100,00;53,43;0,00;6,28
2010.0;12.0;2010-12-01;BRASPINE;MARRECAS;;;;;258,66;18,81;88,74;10,29;44,89;26,33;100,00;87,66;0,00;7,81
2010.0;12.0;2010-12-01;BRASPINE;MERCADINHO;;;;;267,01;20,62;87,48;12,66;44,89;29,94;100,00;53,15;0,00;4,86
2010.0;12.0;2010-12-01;BRASPINE;MONTE ALEGRE;;;;;189,27;23,15;83,19;15,39;42,85;30,97;99,87;0,00;0,00;1,04
2010.0;12.0;2010-12-01;BRASPINE;MONTE TABOR II;;;;;253,33;20,21;88,89;12,73;48,23;30,03;100,00;54,54;0,00;0,56
2010.0;12.0;2010-12-01;BRASPINE;MOREIRA;PR;DOUTOR ULYSSES;230,52;68,68;222,28;19,90;88,36;11,93;44,45;28,81;100,00;65,68;0,00;11,46
2010.0;12.0;2010-12-01;BRASPINE;MOREIRAS II;PR;DOUTOR ULYSSES;66,76;28,75;230,75;19,90;88,36;11,93;44,45;28,81;100,00;65,68;0,00;11,46
2010.0;12.0;2010-12-01;BRASPINE;MORRETES;PR;ORTIGUEIRA;20,36;20,36;199,88;21,31;86,53;13,27;41,91;29,51;99,91;55,97;0,00;4,69
2010.0;12.0;2010-12-01;BRASPINE;MORRO AZUL;;;;;218,47;20,10;88,49;12,17;43,78;28,96;100,00;52,01;0,00;19,08
2010.0;12.0;2010-12-01;BRASPINE;OURO FINO;SP;APIAI;51,70;51,70;226,28;19,93;89,16;12,36;46,78;29,18;100,00;52,95;0,00;10,05
2010.0;12.0;2010-12-01;BRASPINE;PALMEIRINHA DE BAIXO - SOSSEGO;PR;SENGES;85,93;9,22;202,13;19,62;87,49;11,81;43,87;27,84;99,87;65,25;0,00;8,10
2010.0;12.0;2010-12-01;BRASPINE;PAZIN;PR;DOUTOR ULYSSES;41,20;23,90;250,10;20,08;88,25;12,16;44,54;29,38;100,00;51,45;0,00;1,12
2010.0;12.0;2010-12-01;BRASPINE;PEDRAS;PR;CASTRO;7,18;7,18;212,76;19,63;87,69;11,02;50,28;27,60;99,77;92,12;0,00;3,14
2010.0;12.0;2010-12-01;BRASPINE;PESCARIA;PR;SAO JOSE DA BOA VISTA;184,57;129,22;218,19;21,87;82,33;14,28;43,03;29,94;99,79;28,78;0,00;5,40
2010.0;12.0;2010-12-01;BRASPINE;PESSEGUEIRO;PR;DOUTOR ULYSSES;109,95;64,79;232,54;19,90;88,36;11,93;44,45;28,81;100,00;65,68;0,00;11,46
2010.0;12.0;2010-12-01;BRASPINE;PITANGA;;;;;269,33;20,11;87,34;11,87;45,07;27,40;99,96;80,16;0,00;1,63
2010.0;12.0;2010-12-01;BRASPINE;QUEIMADINHO ARROIO CLARO;PR;DOUTOR ULYSSES;48,13;19,09;228,99;19,90;88,36;11,93;44,45;28,81;100,00;65,68;0,00;11,46
2010.0;12.0;2010-12-01;BRASPINE;QUEIMADINHO M6042;PR;DOUTOR ULYSSES;48,38;18,50;228,99;19,90;88,36;11,93;44,45;28,81;100,00;65,68;0,00;11,46
2010.0;12.0;2010-12-01;BRASPINE;QUEIMADINHO USUCAPIAO;PR;DOUTOR ULYSSES;200,27;92,43;228,99;19,90;88,36;11,93;44,45;28,81;100,00;65,68;0,00;11,46
2010.0;12.0;2010-12-01;BRASPINE;RAMOS;PR;SENGES;69,83;38,15;222,54;19,73;88,12;11,63;44,81;28,39;100,00;64,37;0,00;17,87
2010.0;12.0;2010-12-01;BRASPINE;RIBEIRAO GRANDE;PR;JAGUARIAIVA;20,77;20,77;190,45;19,57;87,54;11,19;47,44;27,71;99,70;92,36;0,00;6,62
2010.0;12.0;2010-12-01;BRASPINE;RINCAO DE BAIXO;;;;;192,45;20,29;84,93;12,18;45,90;27,64;99,72;52,44;0,00;16,76
2010.0;12.0;2010-12-01;BRASPINE;RIO BOMBA;PR;CERRO AZUL;65,03;37,72;255,94;20,93;86,84;13,03;46,08;30,12;99,98;54,31;0,00;0,61
2010.0;12.0;2010-12-01;BRASPINE;RIO DO MEIO;PR;DOUTOR ULYSSES;712,33;389,13;230,28;19,90;88,36;11,93;44,45;28,81;100,00;65,68;0,00;11,46
2010.0;12.0;2010-12-01;BRASPINE;RONDON;PR;JAGUARIAIVA;2899,24;1475,88;177,23;19,67;87,58;11,66;44,76;27,60;99,89;64,71;0,00;320,90
2010.0;12.0;2010-12-01;BRASPINE;SANTA FELICIDADE;;;;;269,06;21,09;87,87;13,04;44,74;30,69;100,00;40,09;0,00;20,03
2010.0;12.0;2010-12-01;BRASPINE;SANTA LIDIA DO CERCADINHO;;;;;192,78;19,98;85,03;12,03;46,94;27,25;99,75;66,58;0,00;14,80
2010.0;12.0;2010-12-01;BRASPINE;SANTO ANTONIO;;;;;207,31;19,66;87,64;11,86;43,56;28,07;100,00;65,54;0,00;323,19
2010.0;12.0;2010-12-01;BRASPINE;SAO JOSE;PR;JANDAIA DO SUL;37,56;37,56;188,63;23,00;83,39;15,31;42,97;30,82;99,87;0,00;0,00;1,72
2010.0;12.0;2010-12-01;BRASPINE;SAO MATHEUS;;;;;198,11;24,22;82,42;16,06;41,68;32,31;99,89;0,00;0,00;4,45
2010.0;12.0;2010-12-01;BRASPINE;SAO PEDRO E SAO PAULO;PR;SAPOPEMA;709,13;323,93;183,18;21,25;84,56;14,49;46,81;28,21;99,72;29,02;0,00;3,87
2010.0;12.0;2010-12-01;BRASPINE;SAO RAFAEL;;;;;238,00;19,71;85,21;10,97;49,69;27,54;99,94;48,35;0,00;8,39
2010.0;12.0;2010-12-01;BRASPINE;SAO RAFAEL - PB;;;;;220,50;20,01;89,00;12,35;45,74;29,22;100,00;52,80;0,00;14,02
2010.0;12.0;2010-12-01;BRASPINE;SERRARIA;PR;DOUTOR ULYSSES;280,88;117,71;247,14;19,86;88,23;11,95;44,75;29,05;100,00;65,55;0,00;2,31
2010.0;12.0;2010-12-01;BRASPINE;SERRO VERDE;;;;;237,94;19,70;87,08;10,86;42,46;27,25;99,86;76,97;0,00;2,41
2010.0;12.0;2010-12-01;BRASPINE;SERTAOZINHO;PR;DOUTOR ULYSSES;16,25;16,25;212,64;19,90;88,36;11,93;44,45;28,81;100,00;65,68;0,00;11,46
2010.0;12.0;2010-12-01;BRASPINE;SITIO BASILIO;PR;JAGUARIAIVA;8,08;8,08;193,16;19,68;87,00;11,59;47,09;27,46;99,64;79,24;0,00;3,29
2010.0;12.0;2010-12-01;BRASPINE;SITIO DAS MARRECAS;PR;DOUTOR ULYSSES;77,49;35,17;260,50;20,54;88,10;12,49;44,33;29,93;100,00;52,86;0,00;0,34
2010.0;12.0;2010-12-01;BRASPINE;SOBRADINHO;SP;BOM SUCESSO DE ITARARE;285,80;123,10;208,22;19,59;88,32;11,98;44,49;28,11;100,00;66,03;0,00;15,86
2010.0;12.0;2010-12-01;BRASPINE;TAQUARAL;PR;JAGUARIAIVA;519,13;31,07;173,65;19,83;87,55;11,53;45,97;27,70;100,00;64,63;0,00;20,75
2010.0;12.0;2010-12-01;BRASPINE;TUCUNDUVA;PR;SENGES;82,21;60,89;168,60;20,39;84,91;12,82;43,63;28,20;99,60;54,36;0,00;14,93
2010.0;12.0;2010-12-01;BRASPINE;TUCUNDUVA - CHAMMA;;;;;174,37;20,37;85,15;12,82;43,14;28,38;99,59;54,27;0,00;12,60
2010.0;12.0;2010-12-01;BRASPINE;VIENA 1;PR;DOUTOR ULYSSES;263,98;178,34;246,10;19,52;88,21;11,41;46,99;28,13;100,00;78,21;0,00;5,50
2010.0;12.0;2010-12-01;BRASPINE;VIENA 2;PR;CERRO AZUL;140,23;96,54;255,37;20,93;86,84;13,03;46,08;30,12;99,98;54,31;0,00;0,61
2010.0;12.0;2010-12-01;BRASPINE;VITORIA;PR;SENGES;50,54;35,69;202,13;19,62;87,49;11,81;43,87;27,84;99,87;65,25;0,00;8,10
2010.0;12.0;2010-12-01;BRASPINE;VIVEIRO;PR;DOUTOR ULYSSES;405,39;261,22;230,75;19,90;88,36;11,93;44,45;28,81;100,00;65,68;0,00;11,46
2010.0;12.0;2010-12-01;BRASPINE;VO LINO;PR;DOUTOR ULYSSES;164,50;97,89;251,50;20,08;88,25;12,16;44,54;29,38;100,00;51,45;0,00;1,12
2010.0;12.0;2010-12-01;BRASPINE;XAXIM VELHO;;;;;264,59;18,92;88,69;9,99;46,96;26,02;100,00;117,35;0,00;3,73
