ANO;MES;DATA;EMPRESA;FAZENDA;UF;MUNICIPIO;AREA_T;AREA_PRODU;PRECIP_CHIRPS_MM;TEMP_MEDIA_C;UMID_MEDIA_PCT;TEMP_MIN_C;UMID_MIN_PCT;TEMP_MAX_C;UMID_MAX_PCT;NOITES_FRIAS_Eucalipto_<15C;NOITES_FRIAS_Pinus_<5C;DIRECAO_VENTO_GRAUS
2014.0;1.0;2014-01-01;BRASPINE;AGUA DOCE;PR;JAGUARIAIVA;238,97;121,99;173,02;22,00;80,03;15,29;34,20;31,18;99,86;0,00;0,00;3,08
2014.0;1.0;2014-01-01;BRASPINE;AMATA;;;;;211,12;24,14;77,54;17,59;26,24;33,98;100,00;0,00;0,00;0,06
2014.0;1.0;2014-01-01;BRASPINE;ANTA BRAVA;;;;;167,86;25,19;73,61;18,18;28,28;34,38;98,06;0,00;0,00;10,00
2014.0;1.0;2014-01-01;BRASPINE;ARAPONGAS;PR;SENGES;423,34;263,70;178,63;22,30;81,54;15,56;28,91;31,59;100,00;0,00;0,00;5,38
2014.0;1.0;2014-01-01;BRASPINE;ARROIO CLARO;PR;DOUTOR ULYSSES;275,14;92,00;197,35;22,51;81,58;15,68;27,96;31,77;100,00;0,00;0,00;7,77
2014.0;1.0;2014-01-01;BRASPINE;BARRA GRANDE;PR;DOUTOR ULYSSES;493,79;139,68;178,21;22,87;81,70;16,30;27,90;32,36;100,00;0,00;0,00;3,65
2014.0;1.0;2014-01-01;BRASPINE;BARRA GRANDE - BEMAIS;PR;GUARAPUAVA;299,16;108,61;173,27;20,96;84,36;14,29;38,67;29,34;99,99;43,20;0,00;3,25
2014.0;1.0;2014-01-01;BRASPINE;BARRETOS;PR;JAGUARIAIVA;43,35;32,98;174,57;22,19;81,24;16,28;31,92;31,47;99,97;0,00;0,00;8,08
2014.0;1.0;2014-01-01;BRASPINE;BAU;;;;;176,43;20,85;85,37;15,43;44,75;28,39;99,87;0,00;0,00;9,92
2014.0;1.0;2014-01-01;BRASPINE;BOA VISTA II;PR;PIRAI DO SUL;944,00;535,05;165,05;22,11;80,92;15,88;34,67;31,22;99,87;0,00;0,00;0,18
2014.0;1.0;2014-01-01;BRASPINE;BRASILEIRA;;;;;174,22;22,30;81,54;15,56;28,91;31,59;100,00;0,00;0,00;5,38
2014.0;1.0;2014-01-01;BRASPINE;BURACAO;;;;;217,93;22,03;80,87;15,25;36,31;30,42;99,77;0,00;0,00;0,19
2014.0;1.0;2014-01-01;BRASPINE;BURRINHO;PR;DOUTOR ULYSSES;211,01;100,37;196,83;22,51;81,58;15,68;27,96;31,77;100,00;0,00;0,00;7,77
2014.0;1.0;2014-01-01;BRASPINE;CADEADO I;PR;JAGUARIAIVA;21,07;12,29;171,64;22,04;81,38;15,63;30,10;31,32;100,00;0,00;0,00;6,96
2014.0;1.0;2014-01-01;BRASPINE;CADEADO II;PR;JAGUARIAIVA;21,88;16,79;171,64;22,04;81,38;15,63;30,10;31,32;100,00;0,00;0,00;6,96
2014.0;1.0;2014-01-01;BRASPINE;CAMPINA ALTA;PR;TIBAGI;29,77;18,24;191,05;22,42;82,93;15,54;36,99;31,49;99,89;0,00;0,00;7,70
2014.0;1.0;2014-01-01;BRASPINE;CAMPINA DO ELIAS;PR;JAGUARIAIVA;29,17;14,65;162,18;22,13;81,29;16,05;31,26;31,42;99,98;0,00;0,00;7,70
2014.0;1.0;2014-01-01;BRASPINE;CAMPO NOVO;PR;JAGUARIAIVA;295,98;156,36;182,09;22,04;81,38;15,63;30,10;31,32;100,00;0,00;0,00;6,96
2014.0;1.0;2014-01-01;BRASPINE;CONSULTORIA II A;PR;DOUTOR ULYSSES;89,62;60,79;181,15;22,30;81,54;15,56;28,91;31,59;100,00;0,00;0,00;5,38
2014.0;1.0;2014-01-01;BRASPINE;DINIZ;;;;;183,89;22,30;81,54;15,56;28,91;31,59;100,00;0,00;0,00;5,38
2014.0;1.0;2014-01-01;BRASPINE;ENES;PR;JAGUARIAIVA;5,93;5,69;182,56;22,04;81,38;15,63;30,10;31,32;100,00;0,00;0,00;6,96
2014.0;1.0;2014-01-01;BRASPINE;ENGENHARIA;;;;;183,89;22,30;81,54;15,56;28,91;31,59;100,00;0,00;0,00;5,38
2014.0;1.0;2014-01-01;BRASPINE;ESTACAO;PR;SENGES;4,76;4,14;173,70;22,04;81,38;15,63;30,10;31,32;100,00;0,00;0,00;6,96
2014.0;1.0;2014-01-01;BRASPINE;FAXINAL;PR;JAGUARIAIVA;20,65;20,65;182,56;22,04;81,38;15,63;30,10;31,32;100,00;0,00;0,00;6,96
2014.0;1.0;2014-01-01;BRASPINE;FEITAL;PR;DOUTOR ULYSSES;154,17;86,53;183,14;22,49;81,60;15,80;28,58;31,85;100,00;0,00;0,00;4,81
2014.0;1.0;2014-01-01;BRASPINE;FIGUEIRA;PR;DOUTOR ULYSSES;1053,81;315,71;189,25;22,51;81,58;15,68;27,96;31,77;100,00;0,00;0,00;7,77
2014.0;1.0;2014-01-01;BRASPINE;FIGUEIRINHA;PR;DOUTOR ULYSSES;94,37;56,74;195,56;22,51;81,58;15,68;27,96;31,77;100,00;0,00;0,00;7,77
2014.0;1.0;2014-01-01;BRASPINE;FLOEMA;PR;DOUTOR ULYSSES;2189,88;701,43;173,43;21,90;81,68;14,87;29,49;30,92;100,00;14,87;0,00;9,97
2014.0;1.0;2014-01-01;BRASPINE;FLOEMA I - SUDATI;;;;;174,80;22,30;81,54;15,56;28,91;31,59;100,00;0,00;0,00;5,38
2014.0;1.0;2014-01-01;BRASPINE;FLOEMA II - SUDATI;PR;DOUTOR ULYSSES;453,83;211,13;181,18;22,30;81,54;15,56;28,91;31,59;100,00;0,00;0,00;5,38
2014.0;1.0;2014-01-01;BRASPINE;FLOR DA SERRA;PR;SAO JOSE DA BOA VISTA;209,10;128,72;117,01;23,94;74,87;16,32;28,75;33,14;99,45;0,00;0,00;3,75
2014.0;1.0;2014-01-01;BRASPINE;GENTIL;PR;JAGUARIAIVA;126,77;53,33;172,48;21,65;80,28;15,13;34,99;30,66;99,67;0,00;0,00;6,79
2014.0;1.0;2014-01-01;BRASPINE;GUAIRACA;PR;GUARAPUAVA;623,62;169,31;163,55;21,14;84,21;14,05;39,67;29,58;99,99;42,98;0,00;2,24
2014.0;1.0;2014-01-01;BRASPINE;HERVAL 2 - MADALOSSO;;;;;216,15;22,03;80,87;15,25;36,31;30,42;99,77;0,00;0,00;0,19
2014.0;1.0;2014-01-01;BRASPINE;HERVAL DE BAIXO;PR;RESERVA;827,29;475,92;211,96;22,36;83,49;14,90;37,74;31,29;99,88;14,90;0,00;0,11
2014.0;1.0;2014-01-01;BRASPINE;HORTO 01;PR;TURVO;19,12;19,12;162,42;21,53;85,68;14,37;44,25;29,66;99,80;29,31;0,00;4,09
2014.0;1.0;2014-01-01;BRASPINE;HORTO 02;PR;TURVO;4,24;4,24;156,95;21,53;85,68;14,37;44,25;29,66;99,80;29,31;0,00;4,09
2014.0;1.0;2014-01-01;BRASPINE;HORTO 03;PR;PRUDENTOPOLIS;80,91;25,89;180,16;22,12;84,41;15,24;39,64;30,78;99,90;0,00;0,00;13,93
2014.0;1.0;2014-01-01;BRASPINE;HORTO 08;PR;TURVO;9,53;9,53;156,36;22,12;84,41;15,24;39,64;30,78;99,90;0,00;0,00;13,93
2014.0;1.0;2014-01-01;BRASPINE;HORTO 12;PR;PRUDENTOPOLIS;12,20;12,20;184,52;22,12;84,41;15,24;39,64;30,78;99,90;0,00;0,00;13,93
2014.0;1.0;2014-01-01;BRASPINE;IZAU;PR;PIRAI DO SUL;19,37;11,60;182,81;21,70;80,84;15,83;35,13;30,85;99,66;0,00;0,00;1,40
2014.0;1.0;2014-01-01;BRASPINE;JOAO RICO;PR;JAGUARIAIVA;47,46;26,18;173,13;22,00;80,03;15,29;34,20;31,18;99,86;0,00;0,00;3,08
2014.0;1.0;2014-01-01;BRASPINE;LAGOA;PR;JAGUARIAIVA;24,10;10,78;169,49;22,04;81,38;15,63;30,10;31,32;100,00;0,00;0,00;6,96
2014.0;1.0;2014-01-01;BRASPINE;MARACANA;PR;JANDAIA DO SUL;11,45;11,45;146,21;23,84;80,58;18,12;37,37;32,21;99,89;0,00;0,00;4,23
2014.0;1.0;2014-01-01;BRASPINE;MARRECA;;;;;190,16;22,51;81,58;15,68;27,96;31,77;100,00;0,00;0,00;7,77
2014.0;1.0;2014-01-01;BRASPINE;MARRECA SP;SP;ITAPIRAPUA PAULISTA;675,30;236,19;191,92;23,33;81,31;15,88;26,98;32,90;100,00;0,00;0,00;3,69
2014.0;1.0;2014-01-01;BRASPINE;MARRECAS;;;;;178,45;20,43;84,71;13,42;40,12;28,60;100,00;41,47;0,00;0,76
2014.0;1.0;2014-01-01;BRASPINE;MERCADINHO;;;;;205,44;23,21;79,70;16,20;26,66;32,81;100,00;0,00;0,00;3,56
2014.0;1.0;2014-01-01;BRASPINE;MONTE ALEGRE;;;;;148,17;24,35;79,63;18,57;35,81;32,84;99,74;0,00;0,00;1,67
2014.0;1.0;2014-01-01;BRASPINE;MONTE TABOR II;;;;;163,31;22,67;81,68;14,86;26,80;31,57;99,99;14,86;0,00;7,33
2014.0;1.0;2014-01-01;BRASPINE;MOREIRA;PR;DOUTOR ULYSSES;230,52;68,68;181,18;22,30;81,54;15,56;28,91;31,59;100,00;0,00;0,00;5,38
2014.0;1.0;2014-01-01;BRASPINE;MOREIRAS II;PR;DOUTOR ULYSSES;66,76;28,75;181,12;22,30;81,54;15,56;28,91;31,59;100,00;0,00;0,00;5,38
2014.0;1.0;2014-01-01;BRASPINE;MORRETES;PR;ORTIGUEIRA;20,36;20,36;211,83;22,83;83,16;15,05;37,45;31,95;99,83;0,00;0,00;0,87
2014.0;1.0;2014-01-01;BRASPINE;MORRO AZUL;;;;;157,64;22,61;81,79;16,07;27,61;32,03;100,00;0,00;0,00;16,31
2014.0;1.0;2014-01-01;BRASPINE;OURO FINO;SP;APIAI;51,70;51,70;154,73;22,34;82,70;15,80;28,27;31,18;100,00;0,00;0,00;3,10
2014.0;1.0;2014-01-01;BRASPINE;PALMEIRINHA DE BAIXO - SOSSEGO;PR;SENGES;85,93;9,22;172,19;21,90;79,65;14,68;30,13;31,24;99,86;14,68;0,00;15,04
2014.0;1.0;2014-01-01;BRASPINE;PAZIN;PR;DOUTOR ULYSSES;41,20;23,90;188,69;22,51;81,58;15,68;27,96;31,77;100,00;0,00;0,00;7,77
2014.0;1.0;2014-01-01;BRASPINE;PEDRAS;PR;CASTRO;7,18;7,18;162,81;21,72;81,79;15,41;37,70;30,46;99,86;0,00;0,00;2,90
2014.0;1.0;2014-01-01;BRASPINE;PESCARIA;PR;SAO JOSE DA BOA VISTA;184,57;129,22;126,63;24,32;73,14;16,37;26,43;33,82;99,33;0,00;0,00;1,60
2014.0;1.0;2014-01-01;BRASPINE;PESSEGUEIRO;PR;DOUTOR ULYSSES;109,95;64,79;173,26;22,30;81,54;15,56;28,91;31,59;100,00;0,00;0,00;5,38
2014.0;1.0;2014-01-01;BRASPINE;PITANGA;;;;;182,77;21,47;85,30;15,52;46,25;29,15;99,80;0,00;0,00;4,51
2014.0;1.0;2014-01-01;BRASPINE;QUEIMADINHO ARROIO CLARO;PR;DOUTOR ULYSSES;48,13;19,09;174,22;22,30;81,54;15,56;28,91;31,59;100,00;0,00;0,00;5,38
2014.0;1.0;2014-01-01;BRASPINE;QUEIMADINHO M6042;PR;DOUTOR ULYSSES;48,38;18,50;174,22;22,30;81,54;15,56;28,91;31,59;100,00;0,00;0,00;5,38
2014.0;1.0;2014-01-01;BRASPINE;QUEIMADINHO USUCAPIAO;PR;DOUTOR ULYSSES;200,27;92,43;174,22;22,30;81,54;15,56;28,91;31,59;100,00;0,00;0,00;5,38
2014.0;1.0;2014-01-01;BRASPINE;RAMOS;PR;SENGES;69,83;38,15;174,80;22,04;81,38;15,63;30,10;31,32;100,00;0,00;0,00;6,96
2014.0;1.0;2014-01-01;BRASPINE;RIBEIRAO GRANDE;PR;JAGUARIAIVA;20,77;20,77;180,82;21,70;80,84;15,83;35,13;30,85;99,66;0,00;0,00;1,40
2014.0;1.0;2014-01-01;BRASPINE;RINCAO DE BAIXO;;;;;205,73;21,97;79,89;14,75;35,11;30,91;99,73;14,75;0,00;0,26
2014.0;1.0;2014-01-01;BRASPINE;RIO BOMBA;PR;CERRO AZUL;65,03;37,72;191,30;23,56;78,31;16,37;27,66;33,04;100,00;0,00;0,00;4,68
2014.0;1.0;2014-01-01;BRASPINE;RIO DO MEIO;PR;DOUTOR ULYSSES;712,33;389,13;179,32;22,30;81,54;15,56;28,91;31,59;100,00;0,00;0,00;5,38
2014.0;1.0;2014-01-01;BRASPINE;RONDON;PR;JAGUARIAIVA;2899,24;1475,88;166,95;21,91;80,15;15,27;31,44;31,23;99,88;0,00;0,00;27,89
2014.0;1.0;2014-01-01;BRASPINE;SANTA FELICIDADE;;;;;172,96;23,81;80,98;16,33;25,91;33,56;100,00;0,00;0,00;1,52
2014.0;1.0;2014-01-01;BRASPINE;SANTA LIDIA DO CERCADINHO;;;;;197,66;21,63;79,78;14,51;35,27;30,32;99,77;14,51;0,00;2,05
2014.0;1.0;2014-01-01;BRASPINE;SANTO ANTONIO;;;;;170,47;21,98;80,18;14,75;29,18;31,21;100,00;14,75;0,00;9,67
2014.0;1.0;2014-01-01;BRASPINE;SAO JOSE;PR;JANDAIA DO SUL;37,56;37,56;148,35;24,18;79,83;18,42;36,22;32,62;99,82;0,00;0,00;1,05
2014.0;1.0;2014-01-01;BRASPINE;SAO MATHEUS;;;;;147,60;25,48;79,53;19,35;33,98;34,45;99,74;0,00;0,00;3,98
2014.0;1.0;2014-01-01;BRASPINE;SAO PEDRO E SAO PAULO;PR;SAPOPEMA;709,13;323,93;150,65;22,84;78,50;15,99;33,85;31,23;99,74;0,00;0,00;2,19
2014.0;1.0;2014-01-01;BRASPINE;SAO RAFAEL;;;;;174,43;21,90;81,77;15,63;40,18;29,97;99,70;0,00;0,00;4,72
2014.0;1.0;2014-01-01;BRASPINE;SAO RAFAEL - PB;;;;;164,93;22,49;82,39;15,94;27,80;31,50;100,00;0,00;0,00;6,47
2014.0;1.0;2014-01-01;BRASPINE;SERRARIA;PR;DOUTOR ULYSSES;280,88;117,71;173,04;22,20;81,63;15,27;28,72;31,35;100,00;0,00;0,00;10,13
2014.0;1.0;2014-01-01;BRASPINE;SERRO VERDE;;;;;179,11;21,19;84,31;15,50;43,54;28,83;99,86;0,00;0,00;15,31
2014.0;1.0;2014-01-01;BRASPINE;SERTAOZINHO;PR;DOUTOR ULYSSES;16,25;16,25;179,83;22,30;81,54;15,56;28,91;31,59;100,00;0,00;0,00;5,38
2014.0;1.0;2014-01-01;BRASPINE;SITIO BASILIO;PR;JAGUARIAIVA;8,08;8,08;172,93;21,73;80,04;14,96;34,73;30,75;99,75;14,96;0,00;4,85
2014.0;1.0;2014-01-01;BRASPINE;SITIO DAS MARRECAS;PR;DOUTOR ULYSSES;77,49;35,17;190,67;23,09;81,39;15,83;27,26;32,58;100,00;0,00;0,00;4,62
2014.0;1.0;2014-01-01;BRASPINE;SOBRADINHO;SP;BOM SUCESSO DE ITARARE;285,80;123,10;151,90;21,92;81,42;14,98;28,90;30,90;100,00;14,98;0,00;5,61
2014.0;1.0;2014-01-01;BRASPINE;TAQUARAL;PR;JAGUARIAIVA;519,13;31,07;174,04;22,07;80,40;15,50;33,48;31,31;99,98;0,00;0,00;30,28
2014.0;1.0;2014-01-01;BRASPINE;TUCUNDUVA;PR;SENGES;82,21;60,89;172,23;22,67;75,95;14,69;29,39;32,00;99,71;14,69;0,00;16,39
2014.0;1.0;2014-01-01;BRASPINE;TUCUNDUVA - CHAMMA;;;;;171,36;22,78;75,75;15,30;28,36;32,24;99,63;0,00;0,00;19,42
2014.0;1.0;2014-01-01;BRASPINE;VIENA 1;PR;DOUTOR ULYSSES;263,98;178,34;172,21;21,74;81,77;14,42;32,78;30,53;99,99;14,42;0,00;6,86
2014.0;1.0;2014-01-01;BRASPINE;VIENA 2;PR;CERRO AZUL;140,23;96,54;191,51;23,56;78,31;16,37;27,66;33,04;100,00;0,00;0,00;4,68
2014.0;1.0;2014-01-01;BRASPINE;VITORIA;PR;SENGES;50,54;35,69;172,19;21,90;79,65;14,68;30,13;31,24;99,86;14,68;0,00;15,04
2014.0;1.0;2014-01-01;BRASPINE;VIVEIRO;PR;DOUTOR ULYSSES;405,39;261,22;181,12;22,30;81,54;15,56;28,91;31,59;100,00;0,00;0,00;5,38
2014.0;1.0;2014-01-01;BRASPINE;VO LINO;PR;DOUTOR ULYSSES;164,50;97,89;192,55;22,51;81,58;15,68;27,96;31,77;100,00;0,00;0,00;7,77
2014.0;1.0;2014-01-01;BRASPINE;XAXIM VELHO;;;;;186,34;20,72;84,51;13,38;39,85;28,73;100,00;27,18;0,00;0,24
2014.0;2.0;2014-02-01;BRASPINE;AGUA DOCE;PR;JAGUARIAIVA;238,97;121,99;98,27;22,36;74,49;15,21;26,02;32,60;99,73;0,00;0,00;5,99
2014.0;2.0;2014-02-01;BRASPINE;AMATA;;;;;108,08;24,25;74,54;16,56;20,22;36,03;99,98;0,00;0,00;8,36
2014.0;2.0;2014-02-01;BRASPINE;ANTA BRAVA;;;;;143,85;25,88;67,17;18,18;21,52;35,77;97,83;0,00;0,00;8,36
2014.0;2.0;2014-02-01;BRASPINE;ARAPONGAS;PR;SENGES;423,34;263,70;98,68;22,36;78,26;15,33;25,42;33,29;100,00;0,00;0,00;7,60
2014.0;2.0;2014-02-01;BRASPINE;ARROIO CLARO;PR;DOUTOR ULYSSES;275,14;92,00;101,88;22,50;78,72;15,40;23,58;33,76;100,00;0,00;0,00;8,10
2014.0;2.0;2014-02-01;BRASPINE;BARRA GRANDE;PR;DOUTOR ULYSSES;493,79;139,68;112,67;22,91;78,97;15,85;25,83;34,08;100,00;0,00;0,00;4,82
2014.0;2.0;2014-02-01;BRASPINE;BARRA GRANDE - BEMAIS;PR;GUARAPUAVA;299,16;108,61;102,16;21,17;76,96;13,98;32,30;30,74;99,99;72,26;0,00;14,71
2014.0;2.0;2014-02-01;BRASPINE;BARRETOS;PR;JAGUARIAIVA;43,35;32,98;104,61;22,44;76,66;14,97;23,87;33,27;99,97;14,97;0,00;4,24
2014.0;2.0;2014-02-01;BRASPINE;BAU;;;;;96,03;20,95;78,27;13,97;38,50;30,12;99,60;71,74;0,00;1,49
2014.0;2.0;2014-02-01;BRASPINE;BOA VISTA II;PR;PIRAI DO SUL;944,00;535,05;98,13;22,36;76,16;15,00;25,80;32,78;99,81;0,00;0,00;2,73
2014.0;2.0;2014-02-01;BRASPINE;BRASILEIRA;;;;;107,74;22,36;78,26;15,33;25,42;33,29;100,00;0,00;0,00;7,60
2014.0;2.0;2014-02-01;BRASPINE;BURACAO;;;;;87,53;22,08;77,13;14,78;27,74;32,08;99,82;14,78;0,00;8,36
2014.0;2.0;2014-02-01;BRASPINE;BURRINHO;PR;DOUTOR ULYSSES;211,01;100,37;102,35;22,50;78,72;15,40;23,58;33,76;100,00;0,00;0,00;8,10
2014.0;2.0;2014-02-01;BRASPINE;CADEADO I;PR;JAGUARIAIVA;21,07;12,29;101,29;22,20;77,35;15,01;24,71;32,97;100,00;0,00;0,00;6,14
2014.0;2.0;2014-02-01;BRASPINE;CADEADO II;PR;JAGUARIAIVA;21,88;16,79;101,29;22,20;77,35;15,01;24,71;32,97;100,00;0,00;0,00;6,14
2014.0;2.0;2014-02-01;BRASPINE;CAMPINA ALTA;PR;TIBAGI;29,77;18,24;104,40;22,90;74,44;16,02;26,17;33,17;99,80;0,00;0,00;3,35
2014.0;2.0;2014-02-01;BRASPINE;CAMPINA DO ELIAS;PR;JAGUARIAIVA;29,17;14,65;103,81;22,35;76,91;14,99;24,18;33,16;99,98;14,99;0,00;4,86
2014.0;2.0;2014-02-01;BRASPINE;CAMPO NOVO;PR;JAGUARIAIVA;295,98;156,36;101,63;22,20;77,35;15,01;24,71;32,97;100,00;0,00;0,00;6,14
2014.0;2.0;2014-02-01;BRASPINE;CONSULTORIA II A;PR;DOUTOR ULYSSES;89,62;60,79;104,31;22,36;78,26;15,33;25,42;33,29;100,00;0,00;0,00;7,60
2014.0;2.0;2014-02-01;BRASPINE;DINIZ;;;;;101,10;22,36;78,26;15,33;25,42;33,29;100,00;0,00;0,00;7,60
2014.0;2.0;2014-02-01;BRASPINE;ENES;PR;JAGUARIAIVA;5,93;5,69;102,10;22,20;77,35;15,01;24,71;32,97;100,00;0,00;0,00;6,14
2014.0;2.0;2014-02-01;BRASPINE;ENGENHARIA;;;;;101,10;22,36;78,26;15,33;25,42;33,29;100,00;0,00;0,00;7,60
2014.0;2.0;2014-02-01;BRASPINE;ESTACAO;PR;SENGES;4,76;4,14;102,08;22,20;77,35;15,01;24,71;32,97;100,00;0,00;0,00;6,14
2014.0;2.0;2014-02-01;BRASPINE;FAXINAL;PR;JAGUARIAIVA;20,65;20,65;102,10;22,20;77,35;15,01;24,71;32,97;100,00;0,00;0,00;6,14
2014.0;2.0;2014-02-01;BRASPINE;FEITAL;PR;DOUTOR ULYSSES;154,17;86,53;110,61;22,54;78,49;15,51;25,56;33,55;100,00;0,00;0,00;7,68
2014.0;2.0;2014-02-01;BRASPINE;FIGUEIRA;PR;DOUTOR ULYSSES;1053,81;315,71;108,81;22,50;78,72;15,40;23,58;33,76;100,00;0,00;0,00;8,10
2014.0;2.0;2014-02-01;BRASPINE;FIGUEIRINHA;PR;DOUTOR ULYSSES;94,37;56,74;110,95;22,50;78,72;15,40;23,58;33,76;100,00;0,00;0,00;8,10
2014.0;2.0;2014-02-01;BRASPINE;FLOEMA;PR;DOUTOR ULYSSES;2189,88;701,43;107,22;21,93;78,18;14,85;24,12;32,82;100,00;29,75;0,00;5,28
2014.0;2.0;2014-02-01;BRASPINE;FLOEMA I - SUDATI;;;;;101,22;22,36;78,26;15,33;25,42;33,29;100,00;0,00;0,00;7,60
2014.0;2.0;2014-02-01;BRASPINE;FLOEMA II - SUDATI;PR;DOUTOR ULYSSES;453,83;211,13;108,33;22,36;78,26;15,33;25,42;33,29;100,00;0,00;0,00;7,60
2014.0;2.0;2014-02-01;BRASPINE;FLOR DA SERRA;PR;SAO JOSE DA BOA VISTA;209,10;128,72;107,41;24,64;67,37;17,37;24,27;34,68;99,32;0,00;0,00;1,56
2014.0;2.0;2014-02-01;BRASPINE;GENTIL;PR;JAGUARIAIVA;126,77;53,33;98,62;22,03;74,51;14,94;25,74;32,11;99,47;29,89;0,00;0,92
2014.0;2.0;2014-02-01;BRASPINE;GUAIRACA;PR;GUARAPUAVA;623,62;169,31;110,79;21,36;77,36;13,84;32,71;30,89;99,94;56,97;0,00;14,69
2014.0;2.0;2014-02-01;BRASPINE;HERVAL 2 - MADALOSSO;;;;;89,47;22,08;77,13;14,78;27,74;32,08;99,82;14,78;0,00;8,36
2014.0;2.0;2014-02-01;BRASPINE;HERVAL DE BAIXO;PR;RESERVA;827,29;475,92;111,06;22,80;75,12;15,93;26,74;33,06;99,65;0,00;0,00;3,08
2014.0;2.0;2014-02-01;BRASPINE;HORTO 01;PR;TURVO;19,12;19,12;93,17;21,78;77,42;14,82;34,53;31,17;99,64;14,82;0,00;3,43
2014.0;2.0;2014-02-01;BRASPINE;HORTO 02;PR;TURVO;4,24;4,24;90,68;21,78;77,42;14,82;34,53;31,17;99,64;14,82;0,00;3,43
2014.0;2.0;2014-02-01;BRASPINE;HORTO 03;PR;PRUDENTOPOLIS;80,91;25,89;99,82;22,50;75,33;15,28;31,18;32,26;99,78;0,00;0,00;9,04
2014.0;2.0;2014-02-01;BRASPINE;HORTO 08;PR;TURVO;9,53;9,53;100,81;22,50;75,33;15,28;31,18;32,26;99,78;0,00;0,00;9,04
2014.0;2.0;2014-02-01;BRASPINE;HORTO 12;PR;PRUDENTOPOLIS;12,20;12,20;100,07;22,50;75,33;15,28;31,18;32,26;99,78;0,00;0,00;9,04
2014.0;2.0;2014-02-01;BRASPINE;IZAU;PR;PIRAI DO SUL;19,37;11,60;106,95;22,06;75,26;14,73;23,96;32,40;99,51;44,24;0,00;1,76
2014.0;2.0;2014-02-01;BRASPINE;JOAO RICO;PR;JAGUARIAIVA;47,46;26,18;99,51;22,36;74,49;15,21;26,02;32,60;99,73;0,00;0,00;5,99
2014.0;2.0;2014-02-01;BRASPINE;LAGOA;PR;JAGUARIAIVA;24,10;10,78;105,15;22,20;77,35;15,01;24,71;32,97;100,00;0,00;0,00;6,14
2014.0;2.0;2014-02-01;BRASPINE;MARACANA;PR;JANDAIA DO SUL;11,45;11,45;146,82;24,22;70,85;18,39;26,07;34,04;99,92;0,00;0,00;1,19
2014.0;2.0;2014-02-01;BRASPINE;MARRECA;;;;;109,44;22,50;78,72;15,40;23,58;33,76;100,00;0,00;0,00;8,10
2014.0;2.0;2014-02-01;BRASPINE;MARRECA SP;SP;ITAPIRAPUA PAULISTA;675,30;236,19;112,89;23,31;79,15;16,11;24,00;34,85;100,00;0,00;0,00;37,35
2014.0;2.0;2014-02-01;BRASPINE;MARRECAS;;;;;110,30;20,54;78,29;13,38;33,91;29,97;100,00;83,73;0,00;22,71
2014.0;2.0;2014-02-01;BRASPINE;MERCADINHO;;;;;102,26;23,28;76,84;15,84;21,11;34,93;99,98;0,00;0,00;1,96
2014.0;2.0;2014-02-01;BRASPINE;MONTE ALEGRE;;;;;140,63;24,78;69,65;18,92;25,37;34,68;99,85;0,00;0,00;14,39
2014.0;2.0;2014-02-01;BRASPINE;MONTE TABOR II;;;;;117,22;22,62;79,56;16,30;27,57;34,23;100,00;0,00;0,00;3,71
2014.0;2.0;2014-02-01;BRASPINE;MOREIRA;PR;DOUTOR ULYSSES;230,52;68,68;108,33;22,36;78,26;15,33;25,42;33,29;100,00;0,00;0,00;7,60
2014.0;2.0;2014-02-01;BRASPINE;MOREIRAS II;PR;DOUTOR ULYSSES;66,76;28,75;103,73;22,36;78,26;15,33;25,42;33,29;100,00;0,00;0,00;7,60
2014.0;2.0;2014-02-01;BRASPINE;MORRETES;PR;ORTIGUEIRA;20,36;20,36;113,86;23,40;73,72;16,41;25,62;33,87;99,66;0,00;0,00;6,12
2014.0;2.0;2014-02-01;BRASPINE;MORRO AZUL;;;;;104,32;22,63;79,09;15,81;27,47;33,65;100,00;0,00;0,00;6,62
2014.0;2.0;2014-02-01;BRASPINE;OURO FINO;SP;APIAI;51,70;51,70;118,11;22,32;80,11;16,02;28,40;33,46;100,00;0,00;0,00;0,94
2014.0;2.0;2014-02-01;BRASPINE;PALMEIRINHA DE BAIXO - SOSSEGO;PR;SENGES;85,93;9,22;103,01;22,14;74,92;15,41;26,11;32,44;99,87;0,00;0,00;5,85
2014.0;2.0;2014-02-01;BRASPINE;PAZIN;PR;DOUTOR ULYSSES;41,20;23,90;113,07;22,50;78,72;15,40;23,58;33,76;100,00;0,00;0,00;8,10
2014.0;2.0;2014-02-01;BRASPINE;PEDRAS;PR;CASTRO;7,18;7,18;99,44;21,94;77,08;14,68;29,13;31,80;99,53;44,06;0,00;6,46
2014.0;2.0;2014-02-01;BRASPINE;PESCARIA;PR;SAO JOSE DA BOA VISTA;184,57;129,22;106,25;25,05;65,82;17,71;19,55;35,51;98,87;0,00;0,00;2,27
2014.0;2.0;2014-02-01;BRASPINE;PESSEGUEIRO;PR;DOUTOR ULYSSES;109,95;64,79;104,29;22,36;78,26;15,33;25,42;33,29;100,00;0,00;0,00;7,60
2014.0;2.0;2014-02-01;BRASPINE;PITANGA;;;;;85,77;21,64;77,25;14,21;37,49;30,93;99,58;44,08;0,00;0,92
2014.0;2.0;2014-02-01;BRASPINE;QUEIMADINHO ARROIO CLARO;PR;DOUTOR ULYSSES;48,13;19,09;107,74;22,36;78,26;15,33;25,42;33,29;100,00;0,00;0,00;7,60
2014.0;2.0;2014-02-01;BRASPINE;QUEIMADINHO M6042;PR;DOUTOR ULYSSES;48,38;18,50;107,74;22,36;78,26;15,33;25,42;33,29;100,00;0,00;0,00;7,60
2014.0;2.0;2014-02-01;BRASPINE;QUEIMADINHO USUCAPIAO;PR;DOUTOR ULYSSES;200,27;92,43;107,74;22,36;78,26;15,33;25,42;33,29;100,00;0,00;0,00;7,60
2014.0;2.0;2014-02-01;BRASPINE;RAMOS;PR;SENGES;69,83;38,15;101,22;22,20;77,35;15,01;24,71;32,97;100,00;0,00;0,00;6,14
2014.0;2.0;2014-02-01;BRASPINE;RIBEIRAO GRANDE;PR;JAGUARIAIVA;20,77;20,77;103,62;22,06;75,26;14,73;23,96;32,40;99,51;44,24;0,00;1,76
2014.0;2.0;2014-02-01;BRASPINE;RINCAO DE BAIXO;;;;;115,42;22,59;71,70;15,47;24,32;32,69;99,57;0,00;0,00;1,65
2014.0;2.0;2014-02-01;BRASPINE;RIO BOMBA;PR;CERRO AZUL;65,03;37,72;95,13;23,67;74,64;15,96;19,58;35,27;99,90;0,00;0,00;9,05
2014.0;2.0;2014-02-01;BRASPINE;RIO DO MEIO;PR;DOUTOR ULYSSES;712,33;389,13;104,80;22,36;78,26;15,33;25,42;33,29;100,00;0,00;0,00;7,60
2014.0;2.0;2014-02-01;BRASPINE;RONDON;PR;JAGUARIAIVA;2899,24;1475,88;89,55;22,17;75,33;15,21;26,64;32,48;99,89;0,00;0,00;6,19
2014.0;2.0;2014-02-01;BRASPINE;SANTA FELICIDADE;;;;;113,78;23,78;79,19;16,63;23,56;35,54;100,00;0,00;0,00;5,97
2014.0;2.0;2014-02-01;BRASPINE;SANTA LIDIA DO CERCADINHO;;;;;113,30;22,24;71,73;15,22;24,75;32,11;99,53;0,00;0,00;1,19
2014.0;2.0;2014-02-01;BRASPINE;SANTO ANTONIO;;;;;103,80;22,10;76,21;15,52;27,55;32,39;100,00;0,00;0,00;5,01
2014.0;2.0;2014-02-01;BRASPINE;SAO JOSE;PR;JANDAIA DO SUL;37,56;37,56;140,17;24,59;69,98;18,77;25,66;34,43;99,88;0,00;0,00;0,20
2014.0;2.0;2014-02-01;BRASPINE;SAO MATHEUS;;;;;91,93;25,99;69,06;19,73;25,29;36,18;99,65;0,00;0,00;11,13
2014.0;2.0;2014-02-01;BRASPINE;SAO PEDRO E SAO PAULO;PR;SAPOPEMA;709,13;323,93;130,19;23,31;70,31;16,34;28,17;32,63;99,69;0,00;0,00;0,85
2014.0;2.0;2014-02-01;BRASPINE;SAO RAFAEL;;;;;127,80;22,06;78,35;14,41;30,58;32,62;99,63;28,99;0,00;0,45
2014.0;2.0;2014-02-01;BRASPINE;SAO RAFAEL - PB;;;;;111,72;22,47;79,81;16,00;27,73;33,62;100,00;0,00;0,00;2,28
2014.0;2.0;2014-02-01;BRASPINE;SERRARIA;PR;DOUTOR ULYSSES;280,88;117,71;105,27;22,22;78,45;15,12;23,85;33,29;100,00;0,00;0,00;6,67
2014.0;2.0;2014-02-01;BRASPINE;SERRO VERDE;;;;;95,06;21,30;77,04;14,28;37,04;30,44;99,72;28,72;0,00;4,07
2014.0;2.0;2014-02-01;BRASPINE;SERTAOZINHO;PR;DOUTOR ULYSSES;16,25;16,25;103,65;22,36;78,26;15,33;25,42;33,29;100,00;0,00;0,00;7,60
2014.0;2.0;2014-02-01;BRASPINE;SITIO BASILIO;PR;JAGUARIAIVA;8,08;8,08;97,97;22,11;74,27;15,09;26,37;32,15;99,47;0,00;0,00;7,61
2014.0;2.0;2014-02-01;BRASPINE;SITIO DAS MARRECAS;PR;DOUTOR ULYSSES;77,49;35,17;114,57;23,08;79,03;15,91;23,88;34,54;100,00;0,00;0,00;89,03
2014.0;2.0;2014-02-01;BRASPINE;SOBRADINHO;SP;BOM SUCESSO DE ITARARE;285,80;123,10;106,00;21,94;78,20;15,51;29,18;32,38;100,00;0,00;0,00;4,66
2014.0;2.0;2014-02-01;BRASPINE;TAQUARAL;PR;JAGUARIAIVA;519,13;31,07;91,97;22,36;75,32;15,24;26,78;32,61;99,96;0,00;0,00;3,15
2014.0;2.0;2014-02-01;BRASPINE;TUCUNDUVA;PR;SENGES;82,21;60,89;95,03;23,18;69,49;16,15;22,96;33,31;99,54;0,00;0,00;5,82
2014.0;2.0;2014-02-01;BRASPINE;TUCUNDUVA - CHAMMA;;;;;100,00;23,25;69,67;16,22;22,55;33,53;99,57;0,00;0,00;2,59
2014.0;2.0;2014-02-01;BRASPINE;VIENA 1;PR;DOUTOR ULYSSES;263,98;178,34;98,02;21,82;77,93;14,63;26,47;32,26;100,00;29,29;0,00;1,96
2014.0;2.0;2014-02-01;BRASPINE;VIENA 2;PR;CERRO AZUL;140,23;96,54;94,96;23,67;74,64;15,96;19,58;35,27;99,90;0,00;0,00;9,05
2014.0;2.0;2014-02-01;BRASPINE;VITORIA;PR;SENGES;50,54;35,69;103,01;22,14;74,92;15,41;26,11;32,44;99,87;0,00;0,00;5,85
2014.0;2.0;2014-02-01;BRASPINE;VIVEIRO;PR;DOUTOR ULYSSES;405,39;261,22;103,73;22,36;78,26;15,33;25,42;33,29;100,00;0,00;0,00;7,60
2014.0;2.0;2014-02-01;BRASPINE;VO LINO;PR;DOUTOR ULYSSES;164,50;97,89;106,39;22,50;78,72;15,40;23,58;33,76;100,00;0,00;0,00;8,10
2014.0;2.0;2014-02-01;BRASPINE;XAXIM VELHO;;;;;120,89;20,70;79,54;12,82;35,39;30,21;100,00;82,81;0,00;0,75
2014.0;3.0;2014-03-01;BRASPINE;AGUA DOCE;PR;JAGUARIAIVA;238,97;121,99;172,81;19,97;85,22;14,04;49,30;27,76;99,86;42,82;0,00;0,25
2014.0;3.0;2014-03-01;BRASPINE;AMATA;;;;;241,87;21,66;84,26;15,66;39,97;30,72;100,00;0,00;0,00;1,79
2014.0;3.0;2014-03-01;BRASPINE;ANTA BRAVA;;;;;164,35;22,88;80,93;16,75;45,08;30,89;98,22;0,00;0,00;2,25
2014.0;3.0;2014-03-01;BRASPINE;ARAPONGAS;PR;SENGES;423,34;263,70;194,36;20,06;87,52;14,13;43,17;28,46;100,00;28,63;0,00;8,75
2014.0;3.0;2014-03-01;BRASPINE;ARROIO CLARO;PR;DOUTOR ULYSSES;275,14;92,00;195,39;20,23;87,61;14,34;41,59;28,90;100,00;29,00;0,00;2,12
2014.0;3.0;2014-03-01;BRASPINE;BARRA GRANDE;PR;DOUTOR ULYSSES;493,79;139,68;225,33;20,60;87,72;14,59;42,22;29,48;100,00;14,59;0,00;5,71
2014.0;3.0;2014-03-01;BRASPINE;BARRA GRANDE - BEMAIS;PR;GUARAPUAVA;299,16;108,61;183,95;18,94;85,42;12,46;41,46;26,70;99,99;125,17;0,00;6,87
2014.0;3.0;2014-03-01;BRASPINE;BARRETOS;PR;JAGUARIAIVA;43,35;32,98;182,63;20,02;86,84;13,97;45,68;28,22;99,98;42,73;0,00;2,80
2014.0;3.0;2014-03-01;BRASPINE;BAU;;;;;175,04;18,82;85,96;11,32;46,51;26,05;99,89;122,11;0,00;3,27
2014.0;3.0;2014-03-01;BRASPINE;BOA VISTA II;PR;PIRAI DO SUL;944,00;535,05;177,26;19,98;86,17;13,84;47,20;28,14;99,97;42,29;0,00;0,70
2014.0;3.0;2014-03-01;BRASPINE;BRASILEIRA;;;;;209,18;20,06;87,52;14,13;43,17;28,46;100,00;28,63;0,00;8,75
2014.0;3.0;2014-03-01;BRASPINE;BURACAO;;;;;263,37;19,88;85,56;13,64;43,95;27,71;99,85;42,45;0,00;0,98
2014.0;3.0;2014-03-01;BRASPINE;BURRINHO;PR;DOUTOR ULYSSES;211,01;100,37;195,38;20,23;87,61;14,34;41,59;28,90;100,00;29,00;0,00;2,12
2014.0;3.0;2014-03-01;BRASPINE;CADEADO I;PR;JAGUARIAIVA;21,07;12,29;176,51;19,85;87,13;13,93;44,22;27,97;100,00;42,79;0,00;0,98
2014.0;3.0;2014-03-01;BRASPINE;CADEADO II;PR;JAGUARIAIVA;21,88;16,79;176,51;19,85;87,13;13,93;44,22;27,97;100,00;42,79;0,00;0,98
2014.0;3.0;2014-03-01;BRASPINE;CAMPINA ALTA;PR;TIBAGI;29,77;18,24;236,99;20,52;84,84;13,63;49,64;28,02;99,88;27,77;0,00;3,70
2014.0;3.0;2014-03-01;BRASPINE;CAMPINA DO ELIAS;PR;JAGUARIAIVA;29,17;14,65;172,41;19,96;86,95;13,96;45,15;28,13;99,99;42,76;0,00;2,18
2014.0;3.0;2014-03-01;BRASPINE;CAMPO NOVO;PR;JAGUARIAIVA;295,98;156,36;192,33;19,85;87,13;13,93;44,22;27,97;100,00;42,79;0,00;0,98
2014.0;3.0;2014-03-01;BRASPINE;CONSULTORIA II A;PR;DOUTOR ULYSSES;89,62;60,79;211,94;20,06;87,52;14,13;43,17;28,46;100,00;28,63;0,00;8,75
2014.0;3.0;2014-03-01;BRASPINE;DINIZ;;;;;205,97;20,06;87,52;14,13;43,17;28,46;100,00;28,63;0,00;8,75
2014.0;3.0;2014-03-01;BRASPINE;ENES;PR;JAGUARIAIVA;5,93;5,69;191,84;19,85;87,13;13,93;44,22;27,97;100,00;42,79;0,00;0,98
2014.0;3.0;2014-03-01;BRASPINE;ENGENHARIA;;;;;205,97;20,06;87,52;14,13;43,17;28,46;100,00;28,63;0,00;8,75
2014.0;3.0;2014-03-01;BRASPINE;ESTACAO;PR;SENGES;4,76;4,14;174,20;19,85;87,13;13,93;44,22;27,97;100,00;42,79;0,00;0,98
2014.0;3.0;2014-03-01;BRASPINE;FAXINAL;PR;JAGUARIAIVA;20,65;20,65;191,84;19,85;87,13;13,93;44,22;27,97;100,00;42,79;0,00;0,98
2014.0;3.0;2014-03-01;BRASPINE;FEITAL;PR;DOUTOR ULYSSES;154,17;86,53;214,39;20,24;87,59;14,28;42,85;28,80;100,00;28,96;0,00;7,77
2014.0;3.0;2014-03-01;BRASPINE;FIGUEIRA;PR;DOUTOR ULYSSES;1053,81;315,71;202,19;20,23;87,61;14,34;41,59;28,90;100,00;29,00;0,00;2,12
2014.0;3.0;2014-03-01;BRASPINE;FIGUEIRINHA;PR;DOUTOR ULYSSES;94,37;56,74;222,14;20,23;87,61;14,34;41,59;28,90;100,00;29,00;0,00;2,12
2014.0;3.0;2014-03-01;BRASPINE;FLOEMA;PR;DOUTOR ULYSSES;2189,88;701,43;188,44;19,69;87,48;13,87;42,55;27,93;100,00;42,64;0,00;3,23
2014.0;3.0;2014-03-01;BRASPINE;FLOEMA I - SUDATI;;;;;179,31;20,06;87,52;14,13;43,17;28,46;100,00;28,63;0,00;8,75
2014.0;3.0;2014-03-01;BRASPINE;FLOEMA II - SUDATI;PR;DOUTOR ULYSSES;453,83;211,13;195,20;20,06;87,52;14,13;43,17;28,46;100,00;28,63;0,00;8,75
2014.0;3.0;2014-03-01;BRASPINE;FLOR DA SERRA;PR;SAO JOSE DA BOA VISTA;209,10;128,72;231,41;21,90;80,31;15,98;49,17;29,56;99,60;0,00;0,00;1,31
2014.0;3.0;2014-03-01;BRASPINE;GENTIL;PR;JAGUARIAIVA;126,77;53,33;154,98;19,68;85,17;13,67;50,32;27,35;99,70;56,60;0,00;0,05
2014.0;3.0;2014-03-01;BRASPINE;GUAIRACA;PR;GUARAPUAVA;623,62;169,31;178,28;19,15;85,09;12,75;41,80;26,87;99,98;112,53;0,00;7,49
2014.0;3.0;2014-03-01;BRASPINE;HERVAL 2 - MADALOSSO;;;;;252,26;19,88;85,56;13,64;43,95;27,71;99,85;42,45;0,00;0,98
2014.0;3.0;2014-03-01;BRASPINE;HERVAL DE BAIXO;PR;RESERVA;827,29;475,92;242,87;20,47;85,09;13,18;48,74;27,97;99,79;27,12;0,00;1,30
2014.0;3.0;2014-03-01;BRASPINE;HORTO 01;PR;TURVO;19,12;19,12;186,67;19,55;86,03;11,68;44,21;27,04;99,72;110,76;0,00;5,84
2014.0;3.0;2014-03-01;BRASPINE;HORTO 02;PR;TURVO;4,24;4,24;185,90;19,55;86,03;11,68;44,21;27,04;99,72;110,76;0,00;5,84
2014.0;3.0;2014-03-01;BRASPINE;HORTO 03;PR;PRUDENTOPOLIS;80,91;25,89;191,49;20,11;84,95;12,33;41,57;27,96;99,85;53,88;0,00;4,03
2014.0;3.0;2014-03-01;BRASPINE;HORTO 08;PR;TURVO;9,53;9,53;183,30;20,11;84,95;12,33;41,57;27,96;99,85;53,88;0,00;4,03
2014.0;3.0;2014-03-01;BRASPINE;HORTO 12;PR;PRUDENTOPOLIS;12,20;12,20;194,91;20,11;84,95;12,33;41,57;27,96;99,85;53,88;0,00;4,03
2014.0;3.0;2014-03-01;BRASPINE;IZAU;PR;PIRAI DO SUL;19,37;11,60;169,73;19,68;85,79;13,45;48,97;27,59;99,75;55,86;0,00;2,48
2014.0;3.0;2014-03-01;BRASPINE;JOAO RICO;PR;JAGUARIAIVA;47,46;26,18;164,27;19,97;85,22;14,04;49,30;27,76;99,86;42,82;0,00;0,25
2014.0;3.0;2014-03-01;BRASPINE;LAGOA;PR;JAGUARIAIVA;24,10;10,78;172,24;19,85;87,13;13,93;44,22;27,97;100,00;42,79;0,00;0,98
2014.0;3.0;2014-03-01;BRASPINE;MARACANA;PR;JANDAIA DO SUL;11,45;11,45;171,24;22,08;83,03;15,60;50,64;29,00;99,99;0,00;0,00;6,39
2014.0;3.0;2014-03-01;BRASPINE;MARRECA;;;;;198,11;20,23;87,61;14,34;41,59;28,90;100,00;29,00;0,00;2,12
2014.0;3.0;2014-03-01;BRASPINE;MARRECA SP;SP;ITAPIRAPUA PAULISTA;675,30;236,19;244,14;21,00;87,51;15,03;40,82;30,21;100,00;0,00;0,00;0,93
2014.0;3.0;2014-03-01;BRASPINE;MARRECAS;;;;;177,22;18,40;86,00;11,89;42,14;26,08;100,00;194,94;0,00;1,43
2014.0;3.0;2014-03-01;BRASPINE;MERCADINHO;;;;;226,12;20,86;85,97;15,22;40,89;29,73;100,00;0,00;0,00;0,61
2014.0;3.0;2014-03-01;BRASPINE;MONTE ALEGRE;;;;;177,42;22,58;81,71;16,06;49,56;29,48;99,96;0,00;0,00;3,14
2014.0;3.0;2014-03-01;BRASPINE;MONTE TABOR II;;;;;197,65;20,37;88,56;14,74;44,07;29,30;100,00;14,74;0,00;6,24
2014.0;3.0;2014-03-01;BRASPINE;MOREIRA;PR;DOUTOR ULYSSES;230,52;68,68;195,20;20,06;87,52;14,13;43,17;28,46;100,00;28,63;0,00;8,75
2014.0;3.0;2014-03-01;BRASPINE;MOREIRAS II;PR;DOUTOR ULYSSES;66,76;28,75;214,44;20,06;87,52;14,13;43,17;28,46;100,00;28,63;0,00;8,75
2014.0;3.0;2014-03-01;BRASPINE;MORRETES;PR;ORTIGUEIRA;20,36;20,36;234,78;20,94;84,93;13,29;48,39;28,50;99,79;27,26;0,00;0,80
2014.0;3.0;2014-03-01;BRASPINE;MORRO AZUL;;;;;180,44;20,40;87,57;14,38;42,88;29,15;100,00;29,26;0,00;0,95
2014.0;3.0;2014-03-01;BRASPINE;OURO FINO;SP;APIAI;51,70;51,70;193,06;20,17;88,49;14,38;43,85;28,91;100,00;29,35;0,00;25,37
2014.0;3.0;2014-03-01;BRASPINE;PALMEIRINHA DE BAIXO - SOSSEGO;PR;SENGES;85,93;9,22;198,27;19,80;85,57;14,08;47,09;27,69;99,84;42,99;0,00;0,41
2014.0;3.0;2014-03-01;BRASPINE;PAZIN;PR;DOUTOR ULYSSES;41,20;23,90;217,10;20,23;87,61;14,34;41,59;28,90;100,00;29,00;0,00;2,12
2014.0;3.0;2014-03-01;BRASPINE;PEDRAS;PR;CASTRO;7,18;7,18;185,56;19,69;86,16;13,35;49,94;27,38;99,78;55,82;0,00;1,52
2014.0;3.0;2014-03-01;BRASPINE;PESCARIA;PR;SAO JOSE DA BOA VISTA;184,57;129,22;248,32;22,15;79,36;16,53;46,70;30,03;99,13;0,00;0,00;1,51
2014.0;3.0;2014-03-01;BRASPINE;PESSEGUEIRO;PR;DOUTOR ULYSSES;109,95;64,79;165,68;20,06;87,52;14,13;43,17;28,46;100,00;28,63;0,00;8,75
2014.0;3.0;2014-03-01;BRASPINE;PITANGA;;;;;188,12;19,44;85,71;11,18;45,38;26,67;99,85;95,63;0,00;0,38
2014.0;3.0;2014-03-01;BRASPINE;QUEIMADINHO ARROIO CLARO;PR;DOUTOR ULYSSES;48,13;19,09;209,18;20,06;87,52;14,13;43,17;28,46;100,00;28,63;0,00;8,75
2014.0;3.0;2014-03-01;BRASPINE;QUEIMADINHO M6042;PR;DOUTOR ULYSSES;48,38;18,50;209,18;20,06;87,52;14,13;43,17;28,46;100,00;28,63;0,00;8,75
2014.0;3.0;2014-03-01;BRASPINE;QUEIMADINHO USUCAPIAO;PR;DOUTOR ULYSSES;200,27;92,43;209,18;20,06;87,52;14,13;43,17;28,46;100,00;28,63;0,00;8,75
2014.0;3.0;2014-03-01;BRASPINE;RAMOS;PR;SENGES;69,83;38,15;179,31;19,85;87,13;13,93;44,22;27,97;100,00;42,79;0,00;0,98
2014.0;3.0;2014-03-01;BRASPINE;RIBEIRAO GRANDE;PR;JAGUARIAIVA;20,77;20,77;168,40;19,68;85,79;13,45;48,97;27,59;99,75;55,86;0,00;2,48
2014.0;3.0;2014-03-01;BRASPINE;RINCAO DE BAIXO;;;;;254,59;20,16;82,92;13,78;49,39;27,50;99,68;57,76;0,00;1,47
2014.0;3.0;2014-03-01;BRASPINE;RIO BOMBA;PR;CERRO AZUL;65,03;37,72;205,96;21,15;84,85;15,51;40,49;30,11;99,98;0,00;0,00;0,55
2014.0;3.0;2014-03-01;BRASPINE;RIO DO MEIO;PR;DOUTOR ULYSSES;712,33;389,13;213,04;20,06;87,52;14,13;43,17;28,46;100,00;28,63;0,00;8,75
2014.0;3.0;2014-03-01;BRASPINE;RONDON;PR;JAGUARIAIVA;2899,24;1475,88;195,26;19,81;85,91;14,03;47,56;27,58;99,92;42,82;0,00;1,53
2014.0;3.0;2014-03-01;BRASPINE;SANTA FELICIDADE;;;;;237,08;21,44;87,39;15,50;40,33;31,03;100,00;0,00;0,00;3,97
2014.0;3.0;2014-03-01;BRASPINE;SANTA LIDIA DO CERCADINHO;;;;;256,33;19,83;82,99;13,51;49,67;27,01;99,60;71,79;0,00;1,01
2014.0;3.0;2014-03-01;BRASPINE;SANTO ANTONIO;;;;;197,81;19,86;85,91;14,07;45,21;28,02;100,00;43,20;0,00;2,22
2014.0;3.0;2014-03-01;BRASPINE;SAO JOSE;PR;JANDAIA DO SUL;37,56;37,56;176,80;22,42;82,01;15,91;49,95;29,31;99,99;0,00;0,00;3,96
2014.0;3.0;2014-03-01;BRASPINE;SAO MATHEUS;;;;;215,00;23,67;80,39;17,16;46,92;31,09;99,91;0,00;0,00;0,89
2014.0;3.0;2014-03-01;BRASPINE;SAO PEDRO E SAO PAULO;PR;SAPOPEMA;709,13;323,93;197,74;20,97;82,95;14,47;52,40;27,80;99,66;29,46;0,00;0,46
2014.0;3.0;2014-03-01;BRASPINE;SAO RAFAEL;;;;;200,62;19,78;84,32;13,06;44,76;27,47;99,84;41,30;0,00;3,39
2014.0;3.0;2014-03-01;BRASPINE;SAO RAFAEL - PB;;;;;204,09;20,29;88,25;14,39;43,33;29,07;100,00;29,37;0,00;29,29
2014.0;3.0;2014-03-01;BRASPINE;SERRARIA;PR;DOUTOR ULYSSES;280,88;117,71;180,42;19,96;87,54;14,11;42,07;28,42;100,00;43,45;0,00;2,68
2014.0;3.0;2014-03-01;BRASPINE;SERRO VERDE;;;;;178,01;19,12;84,96;11,03;46,77;26,56;99,92;108,31;0,00;7,31
2014.0;3.0;2014-03-01;BRASPINE;SERTAOZINHO;PR;DOUTOR ULYSSES;16,25;16,25;205,48;20,06;87,52;14,13;43,17;28,46;100,00;28,63;0,00;8,75
2014.0;3.0;2014-03-01;BRASPINE;SITIO BASILIO;PR;JAGUARIAIVA;8,08;8,08;172,26;19,76;84,99;13,83;50,46;27,39;99,65;57,18;0,00;2,43
2014.0;3.0;2014-03-01;BRASPINE;SITIO DAS MARRECAS;PR;DOUTOR ULYSSES;77,49;35,17;222,42;20,78;87,54;14,83;41,04;29,83;100,00;14,83;0,00;1,27
2014.0;3.0;2014-03-01;BRASPINE;SOBRADINHO;SP;BOM SUCESSO DE ITARARE;285,80;123,10;181,66;19,82;86,84;14,04;44,43;28,02;100,00;43,30;0,00;8,00
2014.0;3.0;2014-03-01;BRASPINE;TAQUARAL;PR;JAGUARIAIVA;519,13;31,07;196,47;19,98;85,85;14,14;48,38;27,79;100,00;43,02;0,00;6,15
2014.0;3.0;2014-03-01;BRASPINE;TUCUNDUVA;PR;SENGES;82,21;60,89;229,63;20,61;81,92;15,08;49,34;28,17;99,47;0,00;0,00;0,00
2014.0;3.0;2014-03-01;BRASPINE;TUCUNDUVA - CHAMMA;;;;;231,71;20,66;82,03;15,11;48,71;28,28;99,31;0,00;0,00;2,64
2014.0;3.0;2014-03-01;BRASPINE;VIENA 1;PR;DOUTOR ULYSSES;263,98;178,34;193,03;19,59;87,24;13,69;44,70;27,60;100,00;56,69;0,00;4,06
2014.0;3.0;2014-03-01;BRASPINE;VIENA 2;PR;CERRO AZUL;140,23;96,54;204,85;21,15;84,85;15,51;40,49;30,11;99,98;0,00;0,00;0,55
2014.0;3.0;2014-03-01;BRASPINE;VITORIA;PR;SENGES;50,54;35,69;198,27;19,80;85,57;14,08;47,09;27,69;99,84;42,99;0,00;0,41
2014.0;3.0;2014-03-01;BRASPINE;VIVEIRO;PR;DOUTOR ULYSSES;405,39;261,22;214,44;20,06;87,52;14,13;43,17;28,46;100,00;28,63;0,00;8,75
2014.0;3.0;2014-03-01;BRASPINE;VO LINO;PR;DOUTOR ULYSSES;164,50;97,89;195,39;20,23;87,61;14,34;41,59;28,90;100,00;29,00;0,00;2,12
2014.0;3.0;2014-03-01;BRASPINE;XAXIM VELHO;;;;;169,16;18,58;86,09;11,95;43,26;26,29;100,00;165,48;0,00;0,80
2014.0;4.0;2014-04-01;BRASPINE;AGUA DOCE;PR;JAGUARIAIVA;238,97;121,99;117,04;18,36;84,87;10,18;50,20;26,75;99,79;157,59;0,00;1,20
2014.0;4.0;2014-04-01;BRASPINE;AMATA;;;;;143,74;19,89;84,28;11,50;49,94;28,56;100,00;65,77;0,00;1,17
2014.0;4.0;2014-04-01;BRASPINE;ANTA BRAVA;;;;;110,02;21,27;78,61;13,11;39,96;30,24;99,84;56,17;0,00;61,03
2014.0;4.0;2014-04-01;BRASPINE;ARAPONGAS;PR;SENGES;423,34;263,70;139,18;18,30;87,67;10,47;52,26;26,66;100,00;143,92;0,00;7,35
2014.0;4.0;2014-04-01;BRASPINE;ARROIO CLARO;PR;DOUTOR ULYSSES;275,14;92,00;141,39;18,45;87,81;10,72;52,55;26,96;100,00;146,45;0,00;1,61
2014.0;4.0;2014-04-01;BRASPINE;BARRA GRANDE;PR;DOUTOR ULYSSES;493,79;139,68;150,49;18,80;87,76;10,82;52,24;27,42;100,00;133,79;0,00;5,39
2014.0;4.0;2014-04-01;BRASPINE;BARRA GRANDE - BEMAIS;PR;GUARAPUAVA;299,16;108,61;191,62;17,62;86,20;9,29;49,26;25,39;99,98;193,66;0,00;10,38
2014.0;4.0;2014-04-01;BRASPINE;BARRETOS;PR;JAGUARIAIVA;43,35;32,98;139,51;18,29;86,95;10,29;50,51;26,89;99,96;142,67;0,00;5,34
2014.0;4.0;2014-04-01;BRASPINE;BAU;;;;;221,30;17,64;85,97;9,97;52,70;25,16;99,89;208,25;0,00;1,93
2014.0;4.0;2014-04-01;BRASPINE;BOA VISTA II;PR;PIRAI DO SUL;944,00;535,05;132,91;18,29;86,21;10,19;50,40;26,92;100,00;142,12;0,00;8,13
2014.0;4.0;2014-04-01;BRASPINE;BRASILEIRA;;;;;148,99;18,30;87,67;10,47;52,26;26,66;100,00;143,92;0,00;7,35
2014.0;4.0;2014-04-01;BRASPINE;BURACAO;;;;;119,23;18,21;86,04;10,49;49,25;26,82;99,87;129,25;0,00;4,04
2014.0;4.0;2014-04-01;BRASPINE;BURRINHO;PR;DOUTOR ULYSSES;211,01;100,37;142,52;18,45;87,81;10,72;52,55;26,96;100,00;146,45;0,00;1,61
2014.0;4.0;2014-04-01;BRASPINE;CADEADO I;PR;JAGUARIAIVA;21,07;12,29;121,56;18,12;87,31;10,21;50,74;26,52;100,00;141,22;0,00;1,66
2014.0;4.0;2014-04-01;BRASPINE;CADEADO II;PR;JAGUARIAIVA;21,88;16,79;121,56;18,12;87,31;10,21;50,74;26,52;100,00;141,22;0,00;1,66
2014.0;4.0;2014-04-01;BRASPINE;CAMPINA ALTA;PR;TIBAGI;29,77;18,24;138,82;19,15;83,63;10,61;50,93;27,27;99,84;90,78;0,00;1,56
2014.0;4.0;2014-04-01;BRASPINE;CAMPINA DO ELIAS;PR;JAGUARIAIVA;29,17;14,65;134,54;18,23;87,08;10,26;50,59;26,76;99,95;142,15;0,00;4,05
2014.0;4.0;2014-04-01;BRASPINE;CAMPO NOVO;PR;JAGUARIAIVA;295,98;156,36;137,40;18,12;87,31;10,21;50,74;26,52;100,00;141,22;0,00;1,66
2014.0;4.0;2014-04-01;BRASPINE;CONSULTORIA II A;PR;DOUTOR ULYSSES;89,62;60,79;138,89;18,30;87,67;10,47;52,26;26,66;100,00;143,92;0,00;7,35
2014.0;4.0;2014-04-01;BRASPINE;DINIZ;;;;;149,08;18,30;87,67;10,47;52,26;26,66;100,00;143,92;0,00;7,35
2014.0;4.0;2014-04-01;BRASPINE;ENES;PR;JAGUARIAIVA;5,93;5,69;136,92;18,12;87,31;10,21;50,74;26,52;100,00;141,22;0,00;1,66
2014.0;4.0;2014-04-01;BRASPINE;ENGENHARIA;;;;;149,08;18,30;87,67;10,47;52,26;26,66;100,00;143,92;0,00;7,35
2014.0;4.0;2014-04-01;BRASPINE;ESTACAO;PR;SENGES;4,76;4,14;125,56;18,12;87,31;10,21;50,74;26,52;100,00;141,22;0,00;1,66
2014.0;4.0;2014-04-01;BRASPINE;FAXINAL;PR;JAGUARIAIVA;20,65;20,65;136,92;18,12;87,31;10,21;50,74;26,52;100,00;141,22;0,00;1,66
2014.0;4.0;2014-04-01;BRASPINE;FEITAL;PR;DOUTOR ULYSSES;154,17;86,53;149,75;18,47;87,70;10,59;52,55;26,92;100,00;145,55;0,00;6,70
2014.0;4.0;2014-04-01;BRASPINE;FIGUEIRA;PR;DOUTOR ULYSSES;1053,81;315,71;152,74;18,45;87,81;10,72;52,55;26,96;100,00;146,45;0,00;1,61
2014.0;4.0;2014-04-01;BRASPINE;FIGUEIRINHA;PR;DOUTOR ULYSSES;94,37;56,74;163,87;18,45;87,81;10,72;52,55;26,96;100,00;146,45;0,00;1,61
2014.0;4.0;2014-04-01;BRASPINE;FLOEMA;PR;DOUTOR ULYSSES;2189,88;701,43;141,85;17,95;87,80;10,17;51,11;26,30;100,00;155,87;0,00;357,36
2014.0;4.0;2014-04-01;BRASPINE;FLOEMA I - SUDATI;;;;;124,03;18,30;87,67;10,47;52,26;26,66;100,00;143,92;0,00;7,35
2014.0;4.0;2014-04-01;BRASPINE;FLOEMA II - SUDATI;PR;DOUTOR ULYSSES;453,83;211,13;133,26;18,30;87,67;10,47;52,26;26,66;100,00;143,92;0,00;7,35
2014.0;4.0;2014-04-01;BRASPINE;FLOR DA SERRA;PR;SAO JOSE DA BOA VISTA;209,10;128,72;162,95;20,51;78,04;12,17;45,55;28,88;99,68;67,84;0,00;13,61
2014.0;4.0;2014-04-01;BRASPINE;GENTIL;PR;JAGUARIAIVA;126,77;53,33;123,62;18,10;84,79;9,91;50,13;26,43;99,57;169,41;0,00;7,13
2014.0;4.0;2014-04-01;BRASPINE;GUAIRACA;PR;GUARAPUAVA;623,62;169,31;195,18;17,78;85,82;9,64;48,95;25,65;99,99;181,58;0,00;10,32
2014.0;4.0;2014-04-01;BRASPINE;HERVAL 2 - MADALOSSO;;;;;123,10;18,21;86,04;10,49;49,25;26,82;99,87;129,25;0,00;4,04
2014.0;4.0;2014-04-01;BRASPINE;HERVAL DE BAIXO;PR;RESERVA;827,29;475,92;141,50;19,10;84,17;10,16;51,65;27,18;99,79;103,68;0,00;0,13
2014.0;4.0;2014-04-01;BRASPINE;HORTO 01;PR;TURVO;19,12;19,12;200,44;18,28;86,35;9,94;52,94;26,36;99,73;185,06;0,00;0,17
2014.0;4.0;2014-04-01;BRASPINE;HORTO 02;PR;TURVO;4,24;4,24;205,48;18,28;86,35;9,94;52,94;26,36;99,73;185,06;0,00;0,17
2014.0;4.0;2014-04-01;BRASPINE;HORTO 03;PR;PRUDENTOPOLIS;80,91;25,89;184,49;18,76;85,42;10,30;52,58;27,11;99,89;116,59;0,00;3,91
2014.0;4.0;2014-04-01;BRASPINE;HORTO 08;PR;TURVO;9,53;9,53;205,51;18,76;85,42;10,30;52,58;27,11;99,89;116,59;0,00;3,91
2014.0;4.0;2014-04-01;BRASPINE;HORTO 12;PR;PRUDENTOPOLIS;12,20;12,20;180,96;18,76;85,42;10,30;52,58;27,11;99,89;116,59;0,00;3,91
2014.0;4.0;2014-04-01;BRASPINE;IZAU;PR;PIRAI DO SUL;19,37;11,60;126,49;18,03;85,80;9,90;49,60;26,56;99,65;169,16;0,00;10,74
2014.0;4.0;2014-04-01;BRASPINE;JOAO RICO;PR;JAGUARIAIVA;47,46;26,18;123,11;18,36;84,87;10,18;50,20;26,75;99,79;157,59;0,00;1,20
2014.0;4.0;2014-04-01;BRASPINE;LAGOA;PR;JAGUARIAIVA;24,10;10,78;127,29;18,12;87,31;10,21;50,74;26,52;100,00;141,22;0,00;1,66
2014.0;4.0;2014-04-01;BRASPINE;MARACANA;PR;JANDAIA DO SUL;11,45;11,45;159,22;20,92;81,48;13,11;50,02;29,16;99,98;40,21;0,00;1,34
2014.0;4.0;2014-04-01;BRASPINE;MARRECA;;;;;159,46;18,45;87,81;10,72;52,55;26,96;100,00;146,45;0,00;1,61
2014.0;4.0;2014-04-01;BRASPINE;MARRECA SP;SP;ITAPIRAPUA PAULISTA;675,30;236,19;155,46;19,16;87,57;10,96;52,32;27,77;100,00;76,83;0,00;10,18
2014.0;4.0;2014-04-01;BRASPINE;MARRECAS;;;;;198,97;17,12;86,74;8,94;48,08;24,66;100,00;260,99;0,00;5,01
2014.0;4.0;2014-04-01;BRASPINE;MERCADINHO;;;;;148,93;19,09;86,07;10,96;51,68;27,65;100,00;76,81;0,00;3,15
2014.0;4.0;2014-04-01;BRASPINE;MONTE ALEGRE;;;;;158,41;21,43;80,33;13,36;48,13;29,72;99,89;41,34;0,00;2,52
2014.0;4.0;2014-04-01;BRASPINE;MONTE TABOR II;;;;;140,16;18,57;88,64;9,35;54,66;27,24;100,00;102,12;0,00;0,43
2014.0;4.0;2014-04-01;BRASPINE;MOREIRA;PR;DOUTOR ULYSSES;230,52;68,68;133,26;18,30;87,67;10,47;52,26;26,66;100,00;143,92;0,00;7,35
2014.0;4.0;2014-04-01;BRASPINE;MOREIRAS II;PR;DOUTOR ULYSSES;66,76;28,75;139,72;18,30;87,67;10,47;52,26;26,66;100,00;143,92;0,00;7,35
2014.0;4.0;2014-04-01;BRASPINE;MORRETES;PR;ORTIGUEIRA;20,36;20,36;137,90;19,54;84,06;10,30;50,33;27,84;99,74;74,27;0,00;1,89
2014.0;4.0;2014-04-01;BRASPINE;MORRO AZUL;;;;;121,42;18,62;87,59;10,57;50,53;27,43;100,00;146,38;0,00;4,26
2014.0;4.0;2014-04-01;BRASPINE;OURO FINO;SP;APIAI;51,70;51,70;133,47;18,40;88,48;9,60;51,80;27,00;100,00;145,03;0,00;18,88
2014.0;4.0;2014-04-01;BRASPINE;PALMEIRINHA DE BAIXO - SOSSEGO;PR;SENGES;85,93;9,22;121,93;18,16;85,37;10,01;48,95;26,50;99,77;156,13;0,00;6,70
2014.0;4.0;2014-04-01;BRASPINE;PAZIN;PR;DOUTOR ULYSSES;41,20;23,90;156,91;18,45;87,81;10,72;52,55;26,96;100,00;146,45;0,00;1,61
2014.0;4.0;2014-04-01;BRASPINE;PEDRAS;PR;CASTRO;7,18;7,18;148,90;18,02;86,28;9,95;51,64;26,52;99,56;139,71;0,00;0,67
2014.0;4.0;2014-04-01;BRASPINE;PESCARIA;PR;SAO JOSE DA BOA VISTA;184,57;129,22;165,73;20,74;77,12;12,32;43,69;29,34;99,75;68,68;0,00;5,97
2014.0;4.0;2014-04-01;BRASPINE;PESSEGUEIRO;PR;DOUTOR ULYSSES;109,95;64,79;131,55;18,30;87,67;10,47;52,26;26,66;100,00;143,92;0,00;7,35
2014.0;4.0;2014-04-01;BRASPINE;PITANGA;;;;;208,83;18,31;85,53;10,60;53,82;26,03;99,82;156,03;0,00;1,11
2014.0;4.0;2014-04-01;BRASPINE;QUEIMADINHO ARROIO CLARO;PR;DOUTOR ULYSSES;48,13;19,09;148,99;18,30;87,67;10,47;52,26;26,66;100,00;143,92;0,00;7,35
2014.0;4.0;2014-04-01;BRASPINE;QUEIMADINHO M6042;PR;DOUTOR ULYSSES;48,38;18,50;148,99;18,30;87,67;10,47;52,26;26,66;100,00;143,92;0,00;7,35
2014.0;4.0;2014-04-01;BRASPINE;QUEIMADINHO USUCAPIAO;PR;DOUTOR ULYSSES;200,27;92,43;148,99;18,30;87,67;10,47;52,26;26,66;100,00;143,92;0,00;7,35
2014.0;4.0;2014-04-01;BRASPINE;RAMOS;PR;SENGES;69,83;38,15;124,03;18,12;87,31;10,21;50,74;26,52;100,00;141,22;0,00;1,66
2014.0;4.0;2014-04-01;BRASPINE;RIBEIRAO GRANDE;PR;JAGUARIAIVA;20,77;20,77;122,15;18,03;85,80;9,90;49,60;26,56;99,65;169,16;0,00;10,74
2014.0;4.0;2014-04-01;BRASPINE;RINCAO DE BAIXO;;;;;121,48;18,72;81,82;10,55;49,61;26,91;99,56;148,25;0,00;1,23
2014.0;4.0;2014-04-01;BRASPINE;RIO BOMBA;PR;CERRO AZUL;65,03;37,72;134,09;19,41;84,88;11,11;49,72;28,12;99,95;63,66;0,00;0,26
2014.0;4.0;2014-04-01;BRASPINE;RIO DO MEIO;PR;DOUTOR ULYSSES;712,33;389,13;142,21;18,30;87,67;10,47;52,26;26,66;100,00;143,92;0,00;7,35
2014.0;4.0;2014-04-01;BRASPINE;RONDON;PR;JAGUARIAIVA;2899,24;1475,88;117,76;18,15;85,85;10,03;50,30;26,45;99,86;155,76;0,00;295,58
2014.0;4.0;2014-04-01;BRASPINE;SANTA FELICIDADE;;;;;152,69;19,59;87,36;10,30;52,17;28,39;100,00;78,48;0,00;355,59
2014.0;4.0;2014-04-01;BRASPINE;SANTA LIDIA DO CERCADINHO;;;;;120,13;18,40;81,90;10,22;49,74;26,47;99,59;174,89;0,00;0,79
2014.0;4.0;2014-04-01;BRASPINE;SANTO ANTONIO;;;;;131,73;18,19;85,78;10,06;48,84;26,60;100,00;156,50;0,00;2,74
2014.0;4.0;2014-04-01;BRASPINE;SAO JOSE;PR;JANDAIA DO SUL;37,56;37,56;157,43;21,27;80,58;13,28;48,65;29,52;99,95;40,97;0,00;0,11
2014.0;4.0;2014-04-01;BRASPINE;SAO MATHEUS;;;;;175,51;22,51;79,12;13,85;45,24;31,35;99,77;28,57;0,00;0,49
2014.0;4.0;2014-04-01;BRASPINE;SAO PEDRO E SAO PAULO;PR;SAPOPEMA;709,13;323,93;145,25;19,66;80,93;11,39;48,89;27,38;99,22;77,22;0,00;1,47
2014.0;4.0;2014-04-01;BRASPINE;SAO RAFAEL;;;;;110,22;18,08;84,53;10,28;50,44;26,37;99,57;141,62;0,00;1,55
2014.0;4.0;2014-04-01;BRASPINE;SAO RAFAEL - PB;;;;;133,69;18,50;88,26;10,27;51,35;27,17;100,00;146,27;0,00;2,13
2014.0;4.0;2014-04-01;BRASPINE;SERRARIA;PR;DOUTOR ULYSSES;280,88;117,71;146,77;18,20;87,81;10,44;52,08;26,63;100,00;143,70;0,00;0,11
2014.0;4.0;2014-04-01;BRASPINE;SERRO VERDE;;;;;215,17;17,95;84,89;10,36;52,50;25,56;99,92;164,68;0,00;5,58
2014.0;4.0;2014-04-01;BRASPINE;SERTAOZINHO;PR;DOUTOR ULYSSES;16,25;16,25;145,84;18,30;87,67;10,47;52,26;26,66;100,00;143,92;0,00;7,35
2014.0;4.0;2014-04-01;BRASPINE;SITIO BASILIO;PR;JAGUARIAIVA;8,08;8,08;115,82;18,19;84,50;9,98;50,32;26,48;99,60;170,44;0,00;4,27
2014.0;4.0;2014-04-01;BRASPINE;SITIO DAS MARRECAS;PR;DOUTOR ULYSSES;77,49;35,17;167,50;18,95;87,64;11,03;52,39;27,51;100,00;90,75;0,00;0,21
2014.0;4.0;2014-04-01;BRASPINE;SOBRADINHO;SP;BOM SUCESSO DE ITARARE;285,80;123,10;126,45;18,12;86,77;10,05;48,65;26,72;100,00;156,19;0,00;61,16
2014.0;4.0;2014-04-01;BRASPINE;TAQUARAL;PR;JAGUARIAIVA;519,13;31,07;131,80;18,32;85,68;10,20;50,76;26,71;100,00;142,38;0,00;3,65
2014.0;4.0;2014-04-01;BRASPINE;TUCUNDUVA;PR;SENGES;82,21;60,89;131,07;19,05;80,98;10,67;46,57;27,34;99,52;119,06;0,00;14,67
2014.0;4.0;2014-04-01;BRASPINE;TUCUNDUVA - CHAMMA;;;;;133,31;19,07;81,25;10,74;46,22;27,40;99,52;104,58;0,00;11,28
2014.0;4.0;2014-04-01;BRASPINE;VIENA 1;PR;DOUTOR ULYSSES;263,98;178,34;134,93;17,85;87,59;9,99;51,54;26,20;100,00;154,05;0,00;3,69
2014.0;4.0;2014-04-01;BRASPINE;VIENA 2;PR;CERRO AZUL;140,23;96,54;134,08;19,41;84,88;11,11;49,72;28,12;99,95;63,66;0,00;0,26
2014.0;4.0;2014-04-01;BRASPINE;VITORIA;PR;SENGES;50,54;35,69;121,93;18,16;85,37;10,01;48,95;26,50;99,77;156,13;0,00;6,70
2014.0;4.0;2014-04-01;BRASPINE;VIVEIRO;PR;DOUTOR ULYSSES;405,39;261,22;139,72;18,30;87,67;10,47;52,26;26,66;100,00;143,92;0,00;7,35
2014.0;4.0;2014-04-01;BRASPINE;VO LINO;PR;DOUTOR ULYSSES;164,50;97,89;152,39;18,45;87,81;10,72;52,55;26,96;100,00;146,45;0,00;1,61
2014.0;4.0;2014-04-01;BRASPINE;XAXIM VELHO;;;;;208,27;17,24;86,64;9,51;46,55;25,24;100,00;203,30;0,00;1,67
2014.0;5.0;2014-05-01;BRASPINE;AGUA DOCE;PR;JAGUARIAIVA;238,97;121,99;59,68;15,81;82,44;9,21;47,16;24,11;99,85;343,70;0,00;8,76
2014.0;5.0;2014-05-01;BRASPINE;AMATA;;;;;65,05;17,15;83,84;10,73;45,43;26,20;99,98;372,73;0,00;8,00
2014.0;5.0;2014-05-01;BRASPINE;ANTA BRAVA;;;;;57,29;18,94;76,36;12,15;38,67;27,61;99,50;176,22;0,00;12,96
2014.0;5.0;2014-05-01;BRASPINE;ARAPONGAS;PR;SENGES;423,34;263,70;56,08;15,80;85,59;9,76;45,82;24,42;100,00;362,70;0,00;10,33
2014.0;5.0;2014-05-01;BRASPINE;ARROIO CLARO;PR;DOUTOR ULYSSES;275,14;92,00;56,25;15,92;86,08;10,08;45,86;24,60;100,00;369,87;0,00;2,40
2014.0;5.0;2014-05-01;BRASPINE;BARRA GRANDE;PR;DOUTOR ULYSSES;493,79;139,68;63,54;16,29;85,78;9,93;46,41;25,28;100,00;374,59;0,00;4,80
2014.0;5.0;2014-05-01;BRASPINE;BARRA GRANDE - BEMAIS;PR;GUARAPUAVA;299,16;108,61;142,15;14,75;85,60;6,10;54,18;22,76;99,99;330,03;0,00;1,68
2014.0;5.0;2014-05-01;BRASPINE;BARRETOS;PR;JAGUARIAIVA;43,35;32,98;57,12;15,83;84,64;9,60;45,74;24,18;99,98;362,88;0,00;10,04
2014.0;5.0;2014-05-01;BRASPINE;BAU;;;;;126,75;14,78;85,34;6,83;54,77;22,86;99,89;334,43;0,00;7,03
2014.0;5.0;2014-05-01;BRASPINE;BOA VISTA II;PR;PIRAI DO SUL;944,00;535,05;57,17;15,81;83,75;9,38;46,18;24,25;99,96;330,68;0,00;14,99
2014.0;5.0;2014-05-01;BRASPINE;BRASILEIRA;;;;;57,76;15,80;85,59;9,76;45,82;24,42;100,00;362,70;0,00;10,33
2014.0;5.0;2014-05-01;BRASPINE;BURACAO;;;;;68,90;15,60;84,63;9,64;45,70;24,19;100,00;360,68;0,00;4,90
2014.0;5.0;2014-05-01;BRASPINE;BURRINHO;PR;DOUTOR ULYSSES;211,01;100,37;56,52;15,92;86,08;10,08;45,86;24,60;100,00;369,87;0,00;2,40
2014.0;5.0;2014-05-01;BRASPINE;CADEADO I;PR;JAGUARIAIVA;21,07;12,29;59,38;15,62;85,20;9,25;45,43;24,05;100,00;355,50;0,00;15,41
2014.0;5.0;2014-05-01;BRASPINE;CADEADO II;PR;JAGUARIAIVA;21,88;16,79;59,38;15,62;85,20;9,25;45,43;24,05;100,00;355,50;0,00;15,41
2014.0;5.0;2014-05-01;BRASPINE;CAMPINA ALTA;PR;TIBAGI;29,77;18,24;120,03;16,33;83,63;8,29;47,89;24,61;99,93;347,92;0,00;6,32
2014.0;5.0;2014-05-01;BRASPINE;CAMPINA DO ELIAS;PR;JAGUARIAIVA;29,17;14,65;54,91;15,75;84,84;9,50;45,62;24,10;99,99;360,21;0,00;16,69
2014.0;5.0;2014-05-01;BRASPINE;CAMPO NOVO;PR;JAGUARIAIVA;295,98;156,36;64,49;15,62;85,20;9,25;45,43;24,05;100,00;355,50;0,00;15,41
2014.0;5.0;2014-05-01;BRASPINE;CONSULTORIA II A;PR;DOUTOR ULYSSES;89,62;60,79;58,24;15,80;85,59;9,76;45,82;24,42;100,00;362,70;0,00;10,33
2014.0;5.0;2014-05-01;BRASPINE;DINIZ;;;;;59,88;15,80;85,59;9,76;45,82;24,42;100,00;362,70;0,00;10,33
2014.0;5.0;2014-05-01;BRASPINE;ENES;PR;JAGUARIAIVA;5,93;5,69;65,81;15,62;85,20;9,25;45,43;24,05;100,00;355,50;0,00;15,41
2014.0;5.0;2014-05-01;BRASPINE;ENGENHARIA;;;;;59,88;15,80;85,59;9,76;45,82;24,42;100,00;362,70;0,00;10,33
2014.0;5.0;2014-05-01;BRASPINE;ESTACAO;PR;SENGES;4,76;4,14;55,17;15,62;85,20;9,25;45,43;24,05;100,00;355,50;0,00;15,41
2014.0;5.0;2014-05-01;BRASPINE;FAXINAL;PR;JAGUARIAIVA;20,65;20,65;65,81;15,62;85,20;9,25;45,43;24,05;100,00;355,50;0,00;15,41
2014.0;5.0;2014-05-01;BRASPINE;FEITAL;PR;DOUTOR ULYSSES;154,17;86,53;59,15;15,97;85,66;9,82;46,02;24,71;100,00;366,64;0,00;6,79
2014.0;5.0;2014-05-01;BRASPINE;FIGUEIRA;PR;DOUTOR ULYSSES;1053,81;315,71;57,86;15,92;86,08;10,08;45,86;24,60;100,00;369,87;0,00;2,40
2014.0;5.0;2014-05-01;BRASPINE;FIGUEIRINHA;PR;DOUTOR ULYSSES;94,37;56,74;60,34;15,92;86,08;10,08;45,86;24,60;100,00;369,87;0,00;2,40
2014.0;5.0;2014-05-01;BRASPINE;FLOEMA;PR;DOUTOR ULYSSES;2189,88;701,43;55,48;15,44;85,86;9,44;44,96;23,84;100,00;355,66;0,00;4,84
2014.0;5.0;2014-05-01;BRASPINE;FLOEMA I - SUDATI;;;;;57,12;15,80;85,59;9,76;45,82;24,42;100,00;362,70;0,00;10,33
2014.0;5.0;2014-05-01;BRASPINE;FLOEMA II - SUDATI;PR;DOUTOR ULYSSES;453,83;211,13;57,14;15,80;85,59;9,76;45,82;24,42;100,00;362,70;0,00;10,33
2014.0;5.0;2014-05-01;BRASPINE;FLOR DA SERRA;PR;SAO JOSE DA BOA VISTA;209,10;128,72;41,22;17,67;77,72;10,36;43,36;26,07;99,57;340,54;0,00;5,09
2014.0;5.0;2014-05-01;BRASPINE;GENTIL;PR;JAGUARIAIVA;126,77;53,33;54,03;15,54;82,44;8,89;47,73;23,71;99,75;351,92;0,00;4,13
2014.0;5.0;2014-05-01;BRASPINE;GUAIRACA;PR;GUARAPUAVA;623,62;169,31;130,41;14,83;85,37;5,86;53,34;23,00;99,98;314,23;0,00;7,43
2014.0;5.0;2014-05-01;BRASPINE;HERVAL 2 - MADALOSSO;;;;;64,37;15,60;84,63;9,64;45,70;24,19;100,00;360,68;0,00;4,90
2014.0;5.0;2014-05-01;BRASPINE;HERVAL DE BAIXO;PR;RESERVA;827,29;475,92;132,55;16,21;84,34;7,57;48,39;24,58;99,87;355,49;0,00;5,76
2014.0;5.0;2014-05-01;BRASPINE;HORTO 01;PR;TURVO;19,12;19,12;127,63;15,36;85,55;6,40;55,06;23,63;99,68;339,36;0,00;3,44
2014.0;5.0;2014-05-01;BRASPINE;HORTO 02;PR;TURVO;4,24;4,24;121,31;15,36;85,55;6,40;55,06;23,63;99,68;339,36;0,00;3,44
2014.0;5.0;2014-05-01;BRASPINE;HORTO 03;PR;PRUDENTOPOLIS;80,91;25,89;143,16;15,77;85,06;6,91;52,91;24,31;99,88;348,95;0,00;3,59
2014.0;5.0;2014-05-01;BRASPINE;HORTO 08;PR;TURVO;9,53;9,53;116,91;15,77;85,06;6,91;52,91;24,31;99,88;348,95;0,00;3,59
2014.0;5.0;2014-05-01;BRASPINE;HORTO 12;PR;PRUDENTOPOLIS;12,20;12,20;142,26;15,77;85,06;6,91;52,91;24,31;99,88;348,95;0,00;3,59
2014.0;5.0;2014-05-01;BRASPINE;IZAU;PR;PIRAI DO SUL;19,37;11,60;57,78;15,53;83,31;9,06;47,19;23,84;99,76;340,19;0,00;8,54
2014.0;5.0;2014-05-01;BRASPINE;JOAO RICO;PR;JAGUARIAIVA;47,46;26,18;55,80;15,81;82,44;9,21;47,16;24,11;99,85;343,70;0,00;8,76
2014.0;5.0;2014-05-01;BRASPINE;LAGOA;PR;JAGUARIAIVA;24,10;10,78;55,45;15,62;85,20;9,25;45,43;24,05;100,00;355,50;0,00;15,41
2014.0;5.0;2014-05-01;BRASPINE;MARACANA;PR;JANDAIA DO SUL;11,45;11,45;77,87;18,20;79,72;8,92;43,78;26,12;100,00;192,47;0,00;3,44
2014.0;5.0;2014-05-01;BRASPINE;MARRECA;;;;;60,17;15,92;86,08;10,08;45,86;24,60;100,00;369,87;0,00;2,40
2014.0;5.0;2014-05-01;BRASPINE;MARRECA SP;SP;ITAPIRAPUA PAULISTA;675,30;236,19;65,53;16,60;86,03;10,73;46,94;25,74;100,00;385,21;0,00;3,61
2014.0;5.0;2014-05-01;BRASPINE;MARRECAS;;;;;136,99;14,28;86,08;5,35;55,11;22,12;100,00;317,22;0,00;0,74
2014.0;5.0;2014-05-01;BRASPINE;MERCADINHO;;;;;58,83;16,44;85,07;10,68;46,02;25,34;99,99;381,43;0,00;0,03
2014.0;5.0;2014-05-01;BRASPINE;MONTE ALEGRE;;;;;76,52;18,61;79,06;9,40;42,55;26,64;99,99;167,00;0,00;3,59
2014.0;5.0;2014-05-01;BRASPINE;MONTE TABOR II;;;;;59,33;15,96;87,31;10,13;51,95;24,74;100,00;388,95;0,00;3,71
2014.0;5.0;2014-05-01;BRASPINE;MOREIRA;PR;DOUTOR ULYSSES;230,52;68,68;57,14;15,80;85,59;9,76;45,82;24,42;100,00;362,70;0,00;10,33
2014.0;5.0;2014-05-01;BRASPINE;MOREIRAS II;PR;DOUTOR ULYSSES;66,76;28,75;58,41;15,80;85,59;9,76;45,82;24,42;100,00;362,70;0,00;10,33
2014.0;5.0;2014-05-01;BRASPINE;MORRETES;PR;ORTIGUEIRA;20,36;20,36;126,50;16,62;84,31;8,24;46,72;25,16;99,81;347,00;0,00;0,25
2014.0;5.0;2014-05-01;BRASPINE;MORRO AZUL;;;;;61,31;16,13;85,51;9,34;45,51;25,15;100,00;369,30;0,00;15,20
2014.0;5.0;2014-05-01;BRASPINE;OURO FINO;SP;APIAI;51,70;51,70;69,45;15,89;86,76;9,29;48,89;24,62;100,00;366,66;0,00;8,22
2014.0;5.0;2014-05-01;BRASPINE;PALMEIRINHA DE BAIXO - SOSSEGO;PR;SENGES;85,93;9,22;60,69;15,62;83,01;9,27;45,64;24,00;99,87;354,82;0,00;3,44
2014.0;5.0;2014-05-01;BRASPINE;PAZIN;PR;DOUTOR ULYSSES;41,20;23,90;60,33;15,92;86,08;10,08;45,86;24,60;100,00;369,87;0,00;2,40
2014.0;5.0;2014-05-01;BRASPINE;PEDRAS;PR;CASTRO;7,18;7,18;52,61;15,49;84,05;8,99;48,08;23,86;99,81;338,36;0,00;23,43
2014.0;5.0;2014-05-01;BRASPINE;PESCARIA;PR;SAO JOSE DA BOA VISTA;184,57;129,22;53,91;17,95;76,63;10,45;42,37;26,65;99,58;314,34;0,00;9,29
2014.0;5.0;2014-05-01;BRASPINE;PESSEGUEIRO;PR;DOUTOR ULYSSES;109,95;64,79;49,87;15,80;85,59;9,76;45,82;24,42;100,00;362,70;0,00;10,33
2014.0;5.0;2014-05-01;BRASPINE;PITANGA;;;;;120,38;15,43;84,68;7,25;53,68;23,61;99,81;351,30;0,00;0,32
2014.0;5.0;2014-05-01;BRASPINE;QUEIMADINHO ARROIO CLARO;PR;DOUTOR ULYSSES;48,13;19,09;57,76;15,80;85,59;9,76;45,82;24,42;100,00;362,70;0,00;10,33
2014.0;5.0;2014-05-01;BRASPINE;QUEIMADINHO M6042;PR;DOUTOR ULYSSES;48,38;18,50;57,76;15,80;85,59;9,76;45,82;24,42;100,00;362,70;0,00;10,33
2014.0;5.0;2014-05-01;BRASPINE;QUEIMADINHO USUCAPIAO;PR;DOUTOR ULYSSES;200,27;92,43;57,76;15,80;85,59;9,76;45,82;24,42;100,00;362,70;0,00;10,33
2014.0;5.0;2014-05-01;BRASPINE;RAMOS;PR;SENGES;69,83;38,15;57,12;15,62;85,20;9,25;45,43;24,05;100,00;355,50;0,00;15,41
2014.0;5.0;2014-05-01;BRASPINE;RIBEIRAO GRANDE;PR;JAGUARIAIVA;20,77;20,77;57,94;15,53;83,31;9,06;47,19;23,84;99,76;340,19;0,00;8,54
2014.0;5.0;2014-05-01;BRASPINE;RINCAO DE BAIXO;;;;;91,10;15,96;80,95;8,67;45,12;23,96;99,95;340,32;0,00;2,90
2014.0;5.0;2014-05-01;BRASPINE;RIO BOMBA;PR;CERRO AZUL;65,03;37,72;55,88;16,67;84,35;10,48;45,28;25,65;99,99;388,27;0,00;8,68
2014.0;5.0;2014-05-01;BRASPINE;RIO DO MEIO;PR;DOUTOR ULYSSES;712,33;389,13;58,23;15,80;85,59;9,76;45,82;24,42;100,00;362,70;0,00;10,33
2014.0;5.0;2014-05-01;BRASPINE;RONDON;PR;JAGUARIAIVA;2899,24;1475,88;67,47;15,60;83,49;9,33;46,81;23,86;99,89;353,62;0,00;5,85
2014.0;5.0;2014-05-01;BRASPINE;SANTA FELICIDADE;;;;;71,44;16,98;86,02;11,26;47,95;26,41;100,00;391,03;0,00;2,47
2014.0;5.0;2014-05-01;BRASPINE;SANTA LIDIA DO CERCADINHO;;;;;98,33;15,68;80,80;8,54;44,96;23,53;99,91;334,70;0,00;0,43
2014.0;5.0;2014-05-01;BRASPINE;SANTO ANTONIO;;;;;60,25;15,67;83,55;9,15;44,22;24,24;100,00;356,31;0,00;17,78
2014.0;5.0;2014-05-01;BRASPINE;SAO JOSE;PR;JANDAIA DO SUL;37,56;37,56;77,78;18,48;79,20;9,27;42,90;26,45;100,00;180,63;0,00;0,39
2014.0;5.0;2014-05-01;BRASPINE;SAO MATHEUS;;;;;98,97;19,48;79,18;9,82;40,90;28,03;99,95;128,09;0,00;5,78
2014.0;5.0;2014-05-01;BRASPINE;SAO PEDRO E SAO PAULO;PR;SAPOPEMA;709,13;323,93;66,18;16,92;79,86;9,33;43,71;24,43;99,65;321,42;0,00;5,11
2014.0;5.0;2014-05-01;BRASPINE;SAO RAFAEL;;;;;68,25;15,48;83,57;9,14;49,29;24,12;99,71;362,72;0,00;9,27
2014.0;5.0;2014-05-01;BRASPINE;SAO RAFAEL - PB;;;;;65,47;16,01;86,47;9,57;47,82;24,85;100,00;370,60;0,00;9,08
2014.0;5.0;2014-05-01;BRASPINE;SERRARIA;PR;DOUTOR ULYSSES;280,88;117,71;54,61;15,68;85,97;9,79;45,41;24,22;100,00;362,75;0,00;4,61
2014.0;5.0;2014-05-01;BRASPINE;SERRO VERDE;;;;;125,23;15,12;84,43;6,77;53,10;23,36;99,94;348,70;0,00;1,31
2014.0;5.0;2014-05-01;BRASPINE;SERTAOZINHO;PR;DOUTOR ULYSSES;16,25;16,25;59,92;15,80;85,59;9,76;45,82;24,42;100,00;362,70;0,00;10,33
2014.0;5.0;2014-05-01;BRASPINE;SITIO BASILIO;PR;JAGUARIAIVA;8,08;8,08;60,38;15,61;82,16;8,92;47,75;23,78;99,74;352,71;0,00;11,16
2014.0;5.0;2014-05-01;BRASPINE;SITIO DAS MARRECAS;PR;DOUTOR ULYSSES;77,49;35,17;62,13;16,41;86,05;10,54;46,64;25,40;100,00;380,80;0,00;3,83
2014.0;5.0;2014-05-01;BRASPINE;SOBRADINHO;SP;BOM SUCESSO DE ITARARE;285,80;123,10;61,16;15,59;84,77;9,15;44,23;24,22;100,00;355,87;0,00;37,81
2014.0;5.0;2014-05-01;BRASPINE;TAQUARAL;PR;JAGUARIAIVA;519,13;31,07;58,46;15,80;83,19;9,38;47,12;24,07;100,00;359,61;0,00;4,68
2014.0;5.0;2014-05-01;BRASPINE;TUCUNDUVA;PR;SENGES;82,21;60,89;66,51;16,32;79,48;9,38;45,36;24,69;99,55;367,04;0,00;2,50
2014.0;5.0;2014-05-01;BRASPINE;TUCUNDUVA - CHAMMA;;;;;61,86;16,39;79,69;9,64;44,58;24,81;99,55;371,72;0,00;39,75
2014.0;5.0;2014-05-01;BRASPINE;VIENA 1;PR;DOUTOR ULYSSES;263,98;178,34;54,64;15,38;85,44;9,35;45,99;23,45;100,00;352,96;0,00;4,16
2014.0;5.0;2014-05-01;BRASPINE;VIENA 2;PR;CERRO AZUL;140,23;96,54;55,95;16,67;84,35;10,48;45,28;25,65;99,99;388,27;0,00;8,68
2014.0;5.0;2014-05-01;BRASPINE;VITORIA;PR;SENGES;50,54;35,69;60,69;15,62;83,01;9,27;45,64;24,00;99,87;354,82;0,00;3,44
2014.0;5.0;2014-05-01;BRASPINE;VIVEIRO;PR;DOUTOR ULYSSES;405,39;261,22;58,41;15,80;85,59;9,76;45,82;24,42;100,00;362,70;0,00;10,33
2014.0;5.0;2014-05-01;BRASPINE;VO LINO;PR;DOUTOR ULYSSES;164,50;97,89;58,78;15,92;86,08;10,08;45,86;24,60;100,00;369,87;0,00;2,40
2014.0;5.0;2014-05-01;BRASPINE;XAXIM VELHO;;;;;140,05;14,29;86,32;6,14;53,52;22,30;100,00;315,04;0,00;1,99
2014.0;6.0;2014-06-01;BRASPINE;AGUA DOCE;PR;JAGUARIAIVA;238,97;121,99;102,26;14,98;83,47;4,65;45,89;23,57;99,78;283,03;4,65;10,52
2014.0;6.0;2014-06-01;BRASPINE;AMATA;;;;;146,21;16,24;85,10;4,07;43,47;26,63;99,90;299,32;4,07;4,54
2014.0;6.0;2014-06-01;BRASPINE;ANTA BRAVA;;;;;60,94;18,23;76,95;8,54;42,58;27,15;99,51;215,24;0,00;4,80
2014.0;6.0;2014-06-01;BRASPINE;ARAPONGAS;PR;SENGES;423,34;263,70;100,91;15,23;84,90;4,35;42,71;24,49;100,00;309,74;4,35;6,56
2014.0;6.0;2014-06-01;BRASPINE;ARROIO CLARO;PR;DOUTOR ULYSSES;275,14;92,00;113,25;15,32;85,61;4,36;42,49;24,94;100,00;309,49;4,36;0,10
2014.0;6.0;2014-06-01;BRASPINE;BARRA GRANDE;PR;DOUTOR ULYSSES;493,79;139,68;92,61;15,66;85,30;4,41;41,91;25,36;100,00;302,33;4,41;10,55
2014.0;6.0;2014-06-01;BRASPINE;BARRA GRANDE - BEMAIS;PR;GUARAPUAVA;299,16;108,61;235,02;14,00;86,97;4,22;44,67;21,43;99,99;265,96;17,97;9,54
2014.0;6.0;2014-06-01;BRASPINE;BARRETOS;PR;JAGUARIAIVA;43,35;32,98;108,68;15,22;84,22;4,59;44,60;24,11;99,94;295,86;4,59;2,64
2014.0;6.0;2014-06-01;BRASPINE;BAU;;;;;247,75;14,26;85,33;3,64;47,66;21,36;99,91;285,89;7,99;5,46
2014.0;6.0;2014-06-01;BRASPINE;BOA VISTA II;PR;PIRAI DO SUL;944,00;535,05;112,37;15,16;83,76;4,10;45,32;23,94;99,83;290,63;4,10;18,23
2014.0;6.0;2014-06-01;BRASPINE;BRASILEIRA;;;;;101,95;15,23;84,90;4,35;42,71;24,49;100,00;309,74;4,35;6,56
2014.0;6.0;2014-06-01;BRASPINE;BURACAO;;;;;152,66;15,15;83,68;3,44;47,66;24,32;99,91;294,68;3,44;6,00
2014.0;6.0;2014-06-01;BRASPINE;BURRINHO;PR;DOUTOR ULYSSES;211,01;100,37;112,43;15,32;85,61;4,36;42,49;24,94;100,00;309,49;4,36;0,10
2014.0;6.0;2014-06-01;BRASPINE;CADEADO I;PR;JAGUARIAIVA;21,07;12,29;98,22;15,06;84,49;4,20;43,62;24,05;100,00;290,83;4,20;1,93
2014.0;6.0;2014-06-01;BRASPINE;CADEADO II;PR;JAGUARIAIVA;21,88;16,79;98,22;15,06;84,49;4,20;43,62;24,05;100,00;290,83;4,20;1,93
2014.0;6.0;2014-06-01;BRASPINE;CAMPINA ALTA;PR;TIBAGI;29,77;18,24;227,56;15,66;84,71;4,13;50,82;23,88;99,95;283,78;8,67;0,26
2014.0;6.0;2014-06-01;BRASPINE;CAMPINA DO ELIAS;PR;JAGUARIAIVA;29,17;14,65;114,79;15,16;84,32;4,45;44,25;24,09;99,96;294,01;4,45;354,87
2014.0;6.0;2014-06-01;BRASPINE;CAMPO NOVO;PR;JAGUARIAIVA;295,98;156,36;101,44;15,06;84,49;4,20;43,62;24,05;100,00;290,83;4,20;1,93
2014.0;6.0;2014-06-01;BRASPINE;CONSULTORIA II A;PR;DOUTOR ULYSSES;89,62;60,79;101,43;15,23;84,90;4,35;42,71;24,49;100,00;309,74;4,35;6,56
2014.0;6.0;2014-06-01;BRASPINE;DINIZ;;;;;97,96;15,23;84,90;4,35;42,71;24,49;100,00;309,74;4,35;6,56
2014.0;6.0;2014-06-01;BRASPINE;ENES;PR;JAGUARIAIVA;5,93;5,69;101,53;15,06;84,49;4,20;43,62;24,05;100,00;290,83;4,20;1,93
2014.0;6.0;2014-06-01;BRASPINE;ENGENHARIA;;;;;97,96;15,23;84,90;4,35;42,71;24,49;100,00;309,74;4,35;6,56
2014.0;6.0;2014-06-01;BRASPINE;ESTACAO;PR;SENGES;4,76;4,14;103,85;15,06;84,49;4,20;43,62;24,05;100,00;290,83;4,20;1,93
2014.0;6.0;2014-06-01;BRASPINE;FAXINAL;PR;JAGUARIAIVA;20,65;20,65;101,53;15,06;84,49;4,20;43,62;24,05;100,00;290,83;4,20;1,93
2014.0;6.0;2014-06-01;BRASPINE;FEITAL;PR;DOUTOR ULYSSES;154,17;86,53;100,47;15,37;85,04;4,37;42,45;24,78;100,00;312,27;4,37;7,93
2014.0;6.0;2014-06-01;BRASPINE;FIGUEIRA;PR;DOUTOR ULYSSES;1053,81;315,71;101,59;15,32;85,61;4,36;42,49;24,94;100,00;309,49;4,36;0,10
2014.0;6.0;2014-06-01;BRASPINE;FIGUEIRINHA;PR;DOUTOR ULYSSES;94,37;56,74;108,36;15,32;85,61;4,36;42,49;24,94;100,00;309,49;4,36;0,10
2014.0;6.0;2014-06-01;BRASPINE;FLOEMA;PR;DOUTOR ULYSSES;2189,88;701,43;117,07;14,92;84,99;3,98;43,27;24,12;100,00;301,86;3,98;1,34
2014.0;6.0;2014-06-01;BRASPINE;FLOEMA I - SUDATI;;;;;102,72;15,23;84,90;4,35;42,71;24,49;100,00;309,74;4,35;6,56
2014.0;6.0;2014-06-01;BRASPINE;FLOEMA II - SUDATI;PR;DOUTOR ULYSSES;453,83;211,13;101,07;15,23;84,90;4,35;42,71;24,49;100,00;309,74;4,35;6,56
2014.0;6.0;2014-06-01;BRASPINE;FLOR DA SERRA;PR;SAO JOSE DA BOA VISTA;209,10;128,72;91,93;16,77;79,46;5,35;42,09;25,72;99,69;244,47;0,00;1,81
2014.0;6.0;2014-06-01;BRASPINE;GENTIL;PR;JAGUARIAIVA;126,77;53,33;106,63;14,71;83,71;4,67;46,75;23,13;99,71;292,47;4,67;13,93
2014.0;6.0;2014-06-01;BRASPINE;GUAIRACA;PR;GUARAPUAVA;623,62;169,31;239,31;14,11;86,88;3,54;44,86;21,60;99,99;268,07;11,89;10,64
2014.0;6.0;2014-06-01;BRASPINE;HERVAL 2 - MADALOSSO;;;;;153,07;15,15;83,68;3,44;47,66;24,32;99,91;294,68;3,44;6,00
2014.0;6.0;2014-06-01;BRASPINE;HERVAL DE BAIXO;PR;RESERVA;827,29;475,92;267,36;15,50;85,39;3,51;50,87;23,76;99,96;287,61;8,05;5,58
2014.0;6.0;2014-06-01;BRASPINE;HORTO 01;PR;TURVO;19,12;19,12;222,20;14,62;86,79;2,96;47,34;22,33;99,96;289,64;16,26;123,88
2014.0;6.0;2014-06-01;BRASPINE;HORTO 02;PR;TURVO;4,24;4,24;206,83;14,62;86,79;2,96;47,34;22,33;99,96;289,64;16,26;123,88
2014.0;6.0;2014-06-01;BRASPINE;HORTO 03;PR;PRUDENTOPOLIS;80,91;25,89;266,48;15,07;86,27;3,28;46,84;22,98;99,94;303,93;3,28;4,07
2014.0;6.0;2014-06-01;BRASPINE;HORTO 08;PR;TURVO;9,53;9,53;193,91;15,07;86,27;3,28;46,84;22,98;99,94;303,93;3,28;4,07
2014.0;6.0;2014-06-01;BRASPINE;HORTO 12;PR;PRUDENTOPOLIS;12,20;12,20;271,97;15,07;86,27;3,28;46,84;22,98;99,94;303,93;3,28;4,07
2014.0;6.0;2014-06-01;BRASPINE;IZAU;PR;PIRAI DO SUL;19,37;11,60;108,58;14,83;83,90;4,84;46,18;23,32;99,80;283,56;4,84;18,20
2014.0;6.0;2014-06-01;BRASPINE;JOAO RICO;PR;JAGUARIAIVA;47,46;26,18;104,62;14,98;83,47;4,65;45,89;23,57;99,78;283,03;4,65;10,52
2014.0;6.0;2014-06-01;BRASPINE;LAGOA;PR;JAGUARIAIVA;24,10;10,78;107,65;15,06;84,49;4,20;43,62;24,05;100,00;290,83;4,20;1,93
2014.0;6.0;2014-06-01;BRASPINE;MARACANA;PR;JANDAIA DO SUL;11,45;11,45;70,22;17,49;80,90;8,23;47,50;25,82;100,00;164,23;0,00;1,63
2014.0;6.0;2014-06-01;BRASPINE;MARRECA;;;;;101,46;15,32;85,61;4,36;42,49;24,94;100,00;309,49;4,36;0,10
2014.0;6.0;2014-06-01;BRASPINE;MARRECA SP;SP;ITAPIRAPUA PAULISTA;675,30;236,19;100,84;15,88;86,06;3,42;41,73;26,09;100,00;316,41;3,42;2,36
2014.0;6.0;2014-06-01;BRASPINE;MARRECAS;;;;;245,33;13,58;87,17;2,71;43,84;20,81;100,00;256,27;15,28;0,90
2014.0;6.0;2014-06-01;BRASPINE;MERCADINHO;;;;;118,90;15,66;85,62;3,77;42,86;25,73;99,96;313,89;3,77;5,50
2014.0;6.0;2014-06-01;BRASPINE;MONTE ALEGRE;;;;;72,16;17,89;80,30;8,18;47,38;26,31;99,99;138,29;0,00;3,42
2014.0;6.0;2014-06-01;BRASPINE;MONTE TABOR II;;;;;83,22;15,30;87,15;3,08;44,39;25,09;99,99;336,58;3,08;10,31
2014.0;6.0;2014-06-01;BRASPINE;MOREIRA;PR;DOUTOR ULYSSES;230,52;68,68;101,07;15,23;84,90;4,35;42,71;24,49;100,00;309,74;4,35;6,56
2014.0;6.0;2014-06-01;BRASPINE;MOREIRAS II;PR;DOUTOR ULYSSES;66,76;28,75;101,47;15,23;84,90;4,35;42,71;24,49;100,00;309,74;4,35;6,56
2014.0;6.0;2014-06-01;BRASPINE;MORRETES;PR;ORTIGUEIRA;20,36;20,36;246,29;15,77;85,55;3,80;50,89;24,45;99,87;302,42;8,12;6,07
2014.0;6.0;2014-06-01;BRASPINE;MORRO AZUL;;;;;84,06;15,54;84,65;4,98;41,64;24,88;100,00;299,41;4,98;26,54
2014.0;6.0;2014-06-01;BRASPINE;OURO FINO;SP;APIAI;51,70;51,70;70,70;15,35;85,58;5,01;43,08;24,72;99,96;311,85;0,00;19,87
2014.0;6.0;2014-06-01;BRASPINE;PALMEIRINHA DE BAIXO - SOSSEGO;PR;SENGES;85,93;9,22;91,51;14,94;83,18;4,85;43,99;23,42;99,86;298,36;4,85;25,93
2014.0;6.0;2014-06-01;BRASPINE;PAZIN;PR;DOUTOR ULYSSES;41,20;23,90;100,52;15,32;85,61;4,36;42,49;24,94;100,00;309,49;4,36;0,10
2014.0;6.0;2014-06-01;BRASPINE;PEDRAS;PR;CASTRO;7,18;7,18;128,67;14,89;84,24;3,74;47,30;23,38;99,69;284,50;3,74;1,67
2014.0;6.0;2014-06-01;BRASPINE;PESCARIA;PR;SAO JOSE DA BOA VISTA;184,57;129,22;85,91;16,94;78,85;5,69;40,71;25,90;99,66;219,14;0,00;0,61
2014.0;6.0;2014-06-01;BRASPINE;PESSEGUEIRO;PR;DOUTOR ULYSSES;109,95;64,79;107,91;15,23;84,90;4,35;42,71;24,49;100,00;309,74;4,35;6,56
2014.0;6.0;2014-06-01;BRASPINE;PITANGA;;;;;211,78;14,82;85,21;3,71;47,31;22,10;99,84;282,06;3,71;1,92
2014.0;6.0;2014-06-01;BRASPINE;QUEIMADINHO ARROIO CLARO;PR;DOUTOR ULYSSES;48,13;19,09;101,95;15,23;84,90;4,35;42,71;24,49;100,00;309,74;4,35;6,56
2014.0;6.0;2014-06-01;BRASPINE;QUEIMADINHO M6042;PR;DOUTOR ULYSSES;48,38;18,50;101,95;15,23;84,90;4,35;42,71;24,49;100,00;309,74;4,35;6,56
2014.0;6.0;2014-06-01;BRASPINE;QUEIMADINHO USUCAPIAO;PR;DOUTOR ULYSSES;200,27;92,43;101,95;15,23;84,90;4,35;42,71;24,49;100,00;309,74;4,35;6,56
2014.0;6.0;2014-06-01;BRASPINE;RAMOS;PR;SENGES;69,83;38,15;102,72;15,06;84,49;4,20;43,62;24,05;100,00;290,83;4,20;1,93
2014.0;6.0;2014-06-01;BRASPINE;RIBEIRAO GRANDE;PR;JAGUARIAIVA;20,77;20,77;107,79;14,83;83,90;4,84;46,18;23,32;99,80;283,56;4,84;18,20
2014.0;6.0;2014-06-01;BRASPINE;RINCAO DE BAIXO;;;;;223,32;15,20;82,82;3,56;48,07;23,55;99,97;287,58;7,56;5,07
2014.0;6.0;2014-06-01;BRASPINE;RIO BOMBA;PR;CERRO AZUL;65,03;37,72;145,72;15,87;85,02;3,75;43,82;26,04;99,89;304,14;3,75;6,16
2014.0;6.0;2014-06-01;BRASPINE;RIO DO MEIO;PR;DOUTOR ULYSSES;712,33;389,13;101,61;15,23;84,90;4,35;42,71;24,49;100,00;309,74;4,35;6,56
2014.0;6.0;2014-06-01;BRASPINE;RONDON;PR;JAGUARIAIVA;2899,24;1475,88;97,28;14,91;83,65;5,25;44,91;23,50;99,88;297,72;0,00;2,55
2014.0;6.0;2014-06-01;BRASPINE;SANTA FELICIDADE;;;;;87,52;16,19;86,48;3,21;41,18;26,82;100,00;304,11;3,21;0,75
2014.0;6.0;2014-06-01;BRASPINE;SANTA LIDIA DO CERCADINHO;;;;;236,06;14,93;82,76;3,37;47,86;23,11;99,93;282,75;7,48;4,59
2014.0;6.0;2014-06-01;BRASPINE;SANTO ANTONIO;;;;;92,59;15,01;83,27;4,25;42,65;23,66;100,00;298,34;9,21;24,94
2014.0;6.0;2014-06-01;BRASPINE;SAO JOSE;PR;JANDAIA DO SUL;37,56;37,56;72,12;17,76;80,44;8,15;47,44;26,15;100,00;152,15;0,00;4,18
2014.0;6.0;2014-06-01;BRASPINE;SAO MATHEUS;;;;;95,68;18,69;80,25;7,10;48,19;27,43;99,96;141,59;0,00;3,55
2014.0;6.0;2014-06-01;BRASPINE;SAO PEDRO E SAO PAULO;PR;SAPOPEMA;709,13;323,93;121,42;15,99;81,70;6,07;44,69;24,24;99,65;303,73;0,00;4,68
2014.0;6.0;2014-06-01;BRASPINE;SAO RAFAEL;;;;;216,76;14,83;83,70;1,95;45,07;24,02;100,00;282,06;6,51;3,17
2014.0;6.0;2014-06-01;BRASPINE;SAO RAFAEL - PB;;;;;85,72;15,46;85,32;5,01;42,48;24,85;99,98;314,65;0,00;21,61
2014.0;6.0;2014-06-01;BRASPINE;SERRARIA;PR;DOUTOR ULYSSES;280,88;117,71;115,49;15,12;85,30;4,17;42,88;24,53;100,00;305,67;4,17;0,78
2014.0;6.0;2014-06-01;BRASPINE;SERRO VERDE;;;;;275,97;14,56;84,32;3,17;48,13;21,77;99,92;264,40;3,17;10,53
2014.0;6.0;2014-06-01;BRASPINE;SERTAOZINHO;PR;DOUTOR ULYSSES;16,25;16,25;99,47;15,23;84,90;4,35;42,71;24,49;100,00;309,74;4,35;6,56
2014.0;6.0;2014-06-01;BRASPINE;SITIO BASILIO;PR;JAGUARIAIVA;8,08;8,08;102,40;14,75;83,58;4,61;46,44;23,19;99,68;291,97;4,61;111,37
2014.0;6.0;2014-06-01;BRASPINE;SITIO DAS MARRECAS;PR;DOUTOR ULYSSES;77,49;35,17;101,94;15,72;85,93;3,69;41,95;25,76;100,00;314,46;3,69;2,70
2014.0;6.0;2014-06-01;BRASPINE;SOBRADINHO;SP;BOM SUCESSO DE ITARARE;285,80;123,10;87,03;15,04;83,70;4,15;42,60;23,76;100,00;300,47;8,98;23,56
2014.0;6.0;2014-06-01;BRASPINE;TAQUARAL;PR;JAGUARIAIVA;519,13;31,07;100,45;15,03;83,68;5,01;45,80;23,69;99,95;284,44;0,00;107,66
2014.0;6.0;2014-06-01;BRASPINE;TUCUNDUVA;PR;SENGES;82,21;60,89;89,91;15,61;80,53;4,47;43,01;24,01;99,40;285,79;9,05;11,07
2014.0;6.0;2014-06-01;BRASPINE;TUCUNDUVA - CHAMMA;;;;;89,94;15,69;80,53;4,87;42,95;24,06;99,46;291,14;4,87;8,09
2014.0;6.0;2014-06-01;BRASPINE;VIENA 1;PR;DOUTOR ULYSSES;263,98;178,34;128,84;14,87;84,59;3,69;44,94;23,76;100,00;288,40;3,69;1,68
2014.0;6.0;2014-06-01;BRASPINE;VIENA 2;PR;CERRO AZUL;140,23;96,54;145,44;15,87;85,02;3,75;43,82;26,04;99,89;304,14;3,75;6,16
2014.0;6.0;2014-06-01;BRASPINE;VITORIA;PR;SENGES;50,54;35,69;91,51;14,94;83,18;4,85;43,99;23,42;99,86;298,36;4,85;25,93
2014.0;6.0;2014-06-01;BRASPINE;VIVEIRO;PR;DOUTOR ULYSSES;405,39;261,22;101,47;15,23;84,90;4,35;42,71;24,49;100,00;309,74;4,35;6,56
2014.0;6.0;2014-06-01;BRASPINE;VO LINO;PR;DOUTOR ULYSSES;164,50;97,89;105,32;15,32;85,61;4,36;42,49;24,94;100,00;309,49;4,36;0,10
2014.0;6.0;2014-06-01;BRASPINE;XAXIM VELHO;;;;;264,81;13,71;87,20;3,39;44,58;21,01;100,00;264,94;15,22;15,71
2014.0;7.0;2014-07-01;BRASPINE;AGUA DOCE;PR;JAGUARIAIVA;238,97;121,99;81,48;13,80;80,26;3,24;32,48;24,28;99,84;311,57;12,78;24,08
2014.0;7.0;2014-07-01;BRASPINE;AMATA;;;;;53,52;14,89;83,55;4,40;39,91;26,41;100,00;339,84;4,40;3,29
2014.0;7.0;2014-07-01;BRASPINE;ANTA BRAVA;;;;;73,12;16,85;76,19;8,57;35,37;28,47;98,84;370,76;0,00;2,24
2014.0;7.0;2014-07-01;BRASPINE;ARAPONGAS;PR;SENGES;423,34;263,70;91,39;13,77;84,02;3,86;33,70;24,86;100,00;313,70;3,86;93,03
2014.0;7.0;2014-07-01;BRASPINE;ARROIO CLARO;PR;DOUTOR ULYSSES;275,14;92,00;72,22;13,84;84,90;4,23;35,20;25,09;100,00;316,46;4,23;7,78
2014.0;7.0;2014-07-01;BRASPINE;BARRA GRANDE;PR;DOUTOR ULYSSES;493,79;139,68;88,65;14,21;84,66;3,67;34,97;25,66;100,00;323,88;3,67;6,25
2014.0;7.0;2014-07-01;BRASPINE;BARRA GRANDE - BEMAIS;PR;GUARAPUAVA;299,16;108,61;73,89;13,01;82,68;1,57;39,14;22,99;99,99;282,67;30,41;1,05
2014.0;7.0;2014-07-01;BRASPINE;BARRETOS;PR;JAGUARIAIVA;43,35;32,98;93,61;13,83;82,54;3,94;31,82;24,85;99,98;315,67;3,94;1,51
2014.0;7.0;2014-07-01;BRASPINE;BAU;;;;;134,14;13,34;80,84;1,69;37,67;23,26;99,90;300,30;9,91;0,97
2014.0;7.0;2014-07-01;BRASPINE;BOA VISTA II;PR;PIRAI DO SUL;944,00;535,05;90,78;13,79;81,63;3,10;31,23;24,78;99,97;310,89;7,49;2,92
2014.0;7.0;2014-07-01;BRASPINE;BRASILEIRA;;;;;90,12;13,77;84,02;3,86;33,70;24,86;100,00;313,70;3,86;93,03
2014.0;7.0;2014-07-01;BRASPINE;BURACAO;;;;;59,20;13,52;82,95;4,83;35,94;24,41;99,74;302,54;4,83;3,55
2014.0;7.0;2014-07-01;BRASPINE;BURRINHO;PR;DOUTOR ULYSSES;211,01;100,37;73,05;13,84;84,90;4,23;35,20;25,09;100,00;316,46;4,23;7,78
2014.0;7.0;2014-07-01;BRASPINE;CADEADO I;PR;JAGUARIAIVA;21,07;12,29;88,94;13,63;83,28;3,88;32,59;24,58;100,00;308,42;3,88;100,50
2014.0;7.0;2014-07-01;BRASPINE;CADEADO II;PR;JAGUARIAIVA;21,88;16,79;88,94;13,63;83,28;3,88;32,59;24,58;100,00;308,42;3,88;100,50
2014.0;7.0;2014-07-01;BRASPINE;CAMPINA ALTA;PR;TIBAGI;29,77;18,24;86,91;14,45;80,75;3,31;43,54;24,90;99,82;317,49;6,90;1,84
2014.0;7.0;2014-07-01;BRASPINE;CAMPINA DO ELIAS;PR;JAGUARIAIVA;29,17;14,65;92,44;13,76;82,81;3,92;32,10;24,75;99,99;313,02;3,92;0,90
2014.0;7.0;2014-07-01;BRASPINE;CAMPO NOVO;PR;JAGUARIAIVA;295,98;156,36;92,89;13,63;83,28;3,88;32,59;24,58;100,00;308,42;3,88;100,50
2014.0;7.0;2014-07-01;BRASPINE;CONSULTORIA II A;PR;DOUTOR ULYSSES;89,62;60,79;91,15;13,77;84,02;3,86;33,70;24,86;100,00;313,70;3,86;93,03
2014.0;7.0;2014-07-01;BRASPINE;DINIZ;;;;;84,29;13,77;84,02;3,86;33,70;24,86;100,00;313,70;3,86;93,03
2014.0;7.0;2014-07-01;BRASPINE;ENES;PR;JAGUARIAIVA;5,93;5,69;93,10;13,63;83,28;3,88;32,59;24,58;100,00;308,42;3,88;100,50
2014.0;7.0;2014-07-01;BRASPINE;ENGENHARIA;;;;;84,29;13,77;84,02;3,86;33,70;24,86;100,00;313,70;3,86;93,03
2014.0;7.0;2014-07-01;BRASPINE;ESTACAO;PR;SENGES;4,76;4,14;90,37;13,63;83,28;3,88;32,59;24,58;100,00;308,42;3,88;100,50
2014.0;7.0;2014-07-01;BRASPINE;FAXINAL;PR;JAGUARIAIVA;20,65;20,65;93,10;13,63;83,28;3,88;32,59;24,58;100,00;308,42;3,88;100,50
2014.0;7.0;2014-07-01;BRASPINE;FEITAL;PR;DOUTOR ULYSSES;154,17;86,53;91,50;13,92;84,23;3,80;34,13;25,12;100,00;317,13;3,80;0,39
2014.0;7.0;2014-07-01;BRASPINE;FIGUEIRA;PR;DOUTOR ULYSSES;1053,81;315,71;85,88;13,84;84,90;4,23;35,20;25,09;100,00;316,46;4,23;7,78
2014.0;7.0;2014-07-01;BRASPINE;FIGUEIRINHA;PR;DOUTOR ULYSSES;94,37;56,74;81,77;13,84;84,90;4,23;35,20;25,09;100,00;316,46;4,23;7,78
2014.0;7.0;2014-07-01;BRASPINE;FLOEMA;PR;DOUTOR ULYSSES;2189,88;701,43;88,46;13,41;84,13;4,25;33,74;24,40;100,00;304,46;9,05;0,31
2014.0;7.0;2014-07-01;BRASPINE;FLOEMA I - SUDATI;;;;;91,43;13,77;84,02;3,86;33,70;24,86;100,00;313,70;3,86;93,03
2014.0;7.0;2014-07-01;BRASPINE;FLOEMA II - SUDATI;PR;DOUTOR ULYSSES;453,83;211,13;88,00;13,77;84,02;3,86;33,70;24,86;100,00;313,70;3,86;93,03
2014.0;7.0;2014-07-01;BRASPINE;FLOR DA SERRA;PR;SAO JOSE DA BOA VISTA;209,10;128,72;58,31;15,43;76,92;3,83;37,58;26,02;98,85;350,91;3,83;1,07
2014.0;7.0;2014-07-01;BRASPINE;GENTIL;PR;JAGUARIAIVA;126,77;53,33;78,20;13,50;80,44;3,63;32,53;23,88;99,53;302,14;12,80;0,62
2014.0;7.0;2014-07-01;BRASPINE;GUAIRACA;PR;GUARAPUAVA;623,62;169,31;66,52;13,14;82,62;0,34;39,31;23,22;99,98;285,86;22,55;0,15
2014.0;7.0;2014-07-01;BRASPINE;HERVAL 2 - MADALOSSO;;;;;61,01;13,52;82,95;4,83;35,94;24,41;99,74;302,54;4,83;3,55
2014.0;7.0;2014-07-01;BRASPINE;HERVAL DE BAIXO;PR;RESERVA;827,29;475,92;93,17;14,25;81,81;3,32;44,25;24,92;99,65;300,37;11,14;0,77
2014.0;7.0;2014-07-01;BRASPINE;HORTO 01;PR;TURVO;19,12;19,12;123,80;13,59;82,72;1,30;42,21;24,01;99,64;270,98;22,25;0,85
2014.0;7.0;2014-07-01;BRASPINE;HORTO 02;PR;TURVO;4,24;4,24;127,63;13,59;82,72;1,30;42,21;24,01;99,64;270,98;22,25;0,85
2014.0;7.0;2014-07-01;BRASPINE;HORTO 03;PR;PRUDENTOPOLIS;80,91;25,89;111,91;14,00;82,50;1,23;43,37;24,59;99,88;296,02;14,56;8,84
2014.0;7.0;2014-07-01;BRASPINE;HORTO 08;PR;TURVO;9,53;9,53;137,38;14,00;82,50;1,23;43,37;24,59;99,88;296,02;14,56;8,84
2014.0;7.0;2014-07-01;BRASPINE;HORTO 12;PR;PRUDENTOPOLIS;12,20;12,20;109,51;14,00;82,50;1,23;43,37;24,59;99,88;296,02;14,56;8,84
2014.0;7.0;2014-07-01;BRASPINE;IZAU;PR;PIRAI DO SUL;19,37;11,60;81,71;13,52;81,19;3,83;30,91;24,21;99,55;306,01;3,83;3,03
2014.0;7.0;2014-07-01;BRASPINE;JOAO RICO;PR;JAGUARIAIVA;47,46;26,18;80,62;13,80;80,26;3,24;32,48;24,28;99,84;311,57;12,78;24,08
2014.0;7.0;2014-07-01;BRASPINE;LAGOA;PR;JAGUARIAIVA;24,10;10,78;90,70;13,63;83,28;3,88;32,59;24,58;100,00;308,42;3,88;100,50
2014.0;7.0;2014-07-01;BRASPINE;MARACANA;PR;JANDAIA DO SUL;11,45;11,45;124,00;16,36;76,90;5,49;44,51;26,42;99,98;258,25;0,00;2,55
2014.0;7.0;2014-07-01;BRASPINE;MARRECA;;;;;84,89;13,84;84,90;4,23;35,20;25,09;100,00;316,46;4,23;7,78
2014.0;7.0;2014-07-01;BRASPINE;MARRECA SP;SP;ITAPIRAPUA PAULISTA;675,30;236,19;76,75;14,45;85,48;3,83;36,73;26,13;100,00;328,29;3,83;5,74
2014.0;7.0;2014-07-01;BRASPINE;MARRECAS;;;;;65,41;12,57;82,88;0,16;36,84;22,41;100,00;268,82;15,62;0,79
2014.0;7.0;2014-07-01;BRASPINE;MERCADINHO;;;;;67,43;14,26;84,47;3,98;37,14;25,71;100,00;322,18;3,98;2,19
2014.0;7.0;2014-07-01;BRASPINE;MONTE ALEGRE;;;;;124,48;16,78;76,36;6,02;45,30;27,06;99,82;265,62;0,00;0,14
2014.0;7.0;2014-07-01;BRASPINE;MONTE TABOR II;;;;;79,73;13,80;86,87;3,34;41,83;24,42;100,00;316,55;3,34;4,21
2014.0;7.0;2014-07-01;BRASPINE;MOREIRA;PR;DOUTOR ULYSSES;230,52;68,68;88,00;13,77;84,02;3,86;33,70;24,86;100,00;313,70;3,86;93,03
2014.0;7.0;2014-07-01;BRASPINE;MOREIRAS II;PR;DOUTOR ULYSSES;66,76;28,75;91,61;13,77;84,02;3,86;33,70;24,86;100,00;313,70;3,86;93,03
2014.0;7.0;2014-07-01;BRASPINE;MORRETES;PR;ORTIGUEIRA;20,36;20,36;96,54;14,52;82,47;3,71;45,33;25,50;99,64;299,08;11,68;2,07
2014.0;7.0;2014-07-01;BRASPINE;MORRO AZUL;;;;;78,78;14,17;83,50;4,04;33,49;25,51;100,00;326,50;4,04;6,34
2014.0;7.0;2014-07-01;BRASPINE;OURO FINO;SP;APIAI;51,70;51,70;81,39;13,85;85,15;3,77;36,19;24,96;100,00;317,75;8,49;15,95
2014.0;7.0;2014-07-01;BRASPINE;PALMEIRINHA DE BAIXO - SOSSEGO;PR;SENGES;85,93;9,22;80,53;13,74;80,33;3,21;31,60;24,10;99,87;297,29;3,21;1,44
2014.0;7.0;2014-07-01;BRASPINE;PAZIN;PR;DOUTOR ULYSSES;41,20;23,90;91,05;13,84;84,90;4,23;35,20;25,09;100,00;316,46;4,23;7,78
2014.0;7.0;2014-07-01;BRASPINE;PEDRAS;PR;CASTRO;7,18;7,18;86,11;13,46;82,10;3,33;33,59;24,29;99,55;301,64;12,61;0,23
2014.0;7.0;2014-07-01;BRASPINE;PESCARIA;PR;SAO JOSE DA BOA VISTA;184,57;129,22;71,70;15,62;76,27;4,20;36,18;26,22;99,01;357,64;4,20;8,34
2014.0;7.0;2014-07-01;BRASPINE;PESSEGUEIRO;PR;DOUTOR ULYSSES;109,95;64,79;88,56;13,77;84,02;3,86;33,70;24,86;100,00;313,70;3,86;93,03
2014.0;7.0;2014-07-01;BRASPINE;PITANGA;;;;;134,04;13,95;80,43;2,03;38,96;23,96;99,81;285,18;11,46;1,58
2014.0;7.0;2014-07-01;BRASPINE;QUEIMADINHO ARROIO CLARO;PR;DOUTOR ULYSSES;48,13;19,09;90,12;13,77;84,02;3,86;33,70;24,86;100,00;313,70;3,86;93,03
2014.0;7.0;2014-07-01;BRASPINE;QUEIMADINHO M6042;PR;DOUTOR ULYSSES;48,38;18,50;90,12;13,77;84,02;3,86;33,70;24,86;100,00;313,70;3,86;93,03
2014.0;7.0;2014-07-01;BRASPINE;QUEIMADINHO USUCAPIAO;PR;DOUTOR ULYSSES;200,27;92,43;90,12;13,77;84,02;3,86;33,70;24,86;100,00;313,70;3,86;93,03
2014.0;7.0;2014-07-01;BRASPINE;RAMOS;PR;SENGES;69,83;38,15;91,43;13,63;83,28;3,88;32,59;24,58;100,00;308,42;3,88;100,50
2014.0;7.0;2014-07-01;BRASPINE;RIBEIRAO GRANDE;PR;JAGUARIAIVA;20,77;20,77;81,23;13,52;81,19;3,83;30,91;24,21;99,55;306,01;3,83;3,03
2014.0;7.0;2014-07-01;BRASPINE;RINCAO DE BAIXO;;;;;59,19;13,93;79,13;3,38;37,19;24,30;99,50;309,86;12,23;0,84
2014.0;7.0;2014-07-01;BRASPINE;RIO BOMBA;PR;CERRO AZUL;65,03;37,72;63,87;14,43;83,89;3,80;40,19;25,80;99,99;323,03;3,80;1,06
2014.0;7.0;2014-07-01;BRASPINE;RIO DO MEIO;PR;DOUTOR ULYSSES;712,33;389,13;91,22;13,77;84,02;3,86;33,70;24,86;100,00;313,70;3,86;93,03
2014.0;7.0;2014-07-01;BRASPINE;RONDON;PR;JAGUARIAIVA;2899,24;1475,88;80,35;13,70;80,93;3,01;32,79;24,07;99,87;295,15;7,51;16,61
2014.0;7.0;2014-07-01;BRASPINE;SANTA FELICIDADE;;;;;91,09;14,77;85,97;4,25;38,25;26,66;100,00;333,30;13,62;3,32
2014.0;7.0;2014-07-01;BRASPINE;SANTA LIDIA DO CERCADINHO;;;;;56,90;13,63;79,15;3,21;36,64;23,83;99,52;303,82;12,19;0,48
2014.0;7.0;2014-07-01;BRASPINE;SANTO ANTONIO;;;;;80,33;13,80;80,72;3,07;31,11;24,49;100,00;299,27;7,70;2,34
2014.0;7.0;2014-07-01;BRASPINE;SAO JOSE;PR;JANDAIA DO SUL;37,56;37,56;124,46;16,65;76,47;5,94;45,16;26,84;99,90;263,49;0,00;0,75
2014.0;7.0;2014-07-01;BRASPINE;SAO MATHEUS;;;;;120,24;17,62;76,61;5,73;46,99;28,61;99,77;257,81;0,00;3,00
2014.0;7.0;2014-07-01;BRASPINE;SAO PEDRO E SAO PAULO;PR;SAPOPEMA;709,13;323,93;102,48;14,72;78,36;5,19;38,23;24,79;99,51;310,46;0,00;2,11
2014.0;7.0;2014-07-01;BRASPINE;SAO RAFAEL;;;;;54,74;13,54;81,62;2,44;38,13;24,06;99,83;306,02;7,37;2,89
2014.0;7.0;2014-07-01;BRASPINE;SAO RAFAEL - PB;;;;;86,34;13,99;84,73;4,15;35,27;25,20;100,00;322,83;9,03;1,06
2014.0;7.0;2014-07-01;BRASPINE;SERRARIA;PR;DOUTOR ULYSSES;280,88;117,71;90,35;13,62;84,51;4,24;34,47;24,75;100,00;310,44;4,24;8,59
2014.0;7.0;2014-07-01;BRASPINE;SERRO VERDE;;;;;140,26;13,65;79,71;1,03;37,37;23,76;99,93;262,60;13,80;5,94
2014.0;7.0;2014-07-01;BRASPINE;SERTAOZINHO;PR;DOUTOR ULYSSES;16,25;16,25;84,87;13,77;84,02;3,86;33,70;24,86;100,00;313,70;3,86;93,03
2014.0;7.0;2014-07-01;BRASPINE;SITIO BASILIO;PR;JAGUARIAIVA;8,08;8,08;81,27;13,57;80,16;3,47;33,02;23,88;99,61;303,53;12,18;1,25
2014.0;7.0;2014-07-01;BRASPINE;SITIO DAS MARRECAS;PR;DOUTOR ULYSSES;77,49;35,17;86,26;14,27;85,31;3,94;36,30;25,84;100,00;324,92;3,94;6,33
2014.0;7.0;2014-07-01;BRASPINE;SOBRADINHO;SP;BOM SUCESSO DE ITARARE;285,80;123,10;81,33;13,74;81,90;3,18;31,91;24,66;100,00;315,34;7,49;2,99
2014.0;7.0;2014-07-01;BRASPINE;TAQUARAL;PR;JAGUARIAIVA;519,13;31,07;85,56;13,84;80,79;2,95;33,07;24,35;99,99;313,92;7,69;24,86
2014.0;7.0;2014-07-01;BRASPINE;TUCUNDUVA;PR;SENGES;82,21;60,89;89,09;14,24;77,89;2,85;33,89;24,46;99,46;306,67;12,40;21,55
2014.0;7.0;2014-07-01;BRASPINE;TUCUNDUVA - CHAMMA;;;;;84,25;14,33;78,10;3,31;33,59;24,55;99,35;312,02;3,31;21,60
2014.0;7.0;2014-07-01;BRASPINE;VIENA 1;PR;DOUTOR ULYSSES;263,98;178,34;82,08;13,41;83,22;4,54;33,47;24,23;100,00;305,59;13,79;0,82
2014.0;7.0;2014-07-01;BRASPINE;VIENA 2;PR;CERRO AZUL;140,23;96,54;63,91;14,43;83,89;3,80;40,19;25,80;99,99;323,03;3,80;1,06
2014.0;7.0;2014-07-01;BRASPINE;VITORIA;PR;SENGES;50,54;35,69;80,53;13,74;80,33;3,21;31,60;24,10;99,87;297,29;3,21;1,44
2014.0;7.0;2014-07-01;BRASPINE;VIVEIRO;PR;DOUTOR ULYSSES;405,39;261,22;91,61;13,77;84,02;3,86;33,70;24,86;100,00;313,70;3,86;93,03
2014.0;7.0;2014-07-01;BRASPINE;VO LINO;PR;DOUTOR ULYSSES;164,50;97,89;80,30;13,84;84,90;4,23;35,20;25,09;100,00;316,46;4,23;7,78
2014.0;7.0;2014-07-01;BRASPINE;XAXIM VELHO;;;;;61,09;12,66;83,43;-0,24;37,26;22,70;100,00;273,01;16,40;1,76
2014.0;8.0;2014-08-01;BRASPINE;AGUA DOCE;PR;JAGUARIAIVA;238,97;121,99;56,43;15,57;73,68;4,14;30,48;25,71;99,84;306,47;4,14;1,85
2014.0;8.0;2014-08-01;BRASPINE;AMATA;;;;;75,76;16,40;77,63;5,45;29,90;28,98;99,89;320,32;0,00;0,33
2014.0;8.0;2014-08-01;BRASPINE;ANTA BRAVA;;;;;25,48;18,45;68,69;9,20;23,55;31,14;99,28;344,37;0,00;9,28
2014.0;8.0;2014-08-01;BRASPINE;ARAPONGAS;PR;SENGES;423,34;263,70;55,73;15,39;77,48;4,80;32,60;26,60;100,00;319,35;4,80;348,18
2014.0;8.0;2014-08-01;BRASPINE;ARROIO CLARO;PR;DOUTOR ULYSSES;275,14;92,00;61,53;15,41;78,54;5,07;32,41;27,05;100,00;318,09;0,00;1,06
2014.0;8.0;2014-08-01;BRASPINE;BARRA GRANDE;PR;DOUTOR ULYSSES;493,79;139,68;56,53;15,71;78,33;5,17;32,38;27,76;100,00;322,57;0,00;7,87
2014.0;8.0;2014-08-01;BRASPINE;BARRA GRANDE - BEMAIS;PR;GUARAPUAVA;299,16;108,61;96,35;15,06;76,06;3,47;32,51;24,52;99,96;289,89;3,47;5,16
2014.0;8.0;2014-08-01;BRASPINE;BARRETOS;PR;JAGUARIAIVA;43,35;32,98;60,11;15,54;75,98;4,18;31,75;26,31;99,96;312,59;4,18;348,73
2014.0;8.0;2014-08-01;BRASPINE;BAU;;;;;96,26;15,42;73,06;4,42;32,90;24,85;99,85;314,60;9,28;0,67
2014.0;8.0;2014-08-01;BRASPINE;BOA VISTA II;PR;PIRAI DO SUL;944,00;535,05;62,54;15,50;75,04;3,91;30,55;26,18;99,98;289,96;3,91;6,87
2014.0;8.0;2014-08-01;BRASPINE;BRASILEIRA;;;;;54,12;15,39;77,48;4,80;32,60;26,60;100,00;319,35;4,80;348,18
2014.0;8.0;2014-08-01;BRASPINE;BURACAO;;;;;58,01;15,36;75,39;4,43;32,39;26,27;99,81;295,33;4,43;1,39
2014.0;8.0;2014-08-01;BRASPINE;BURRINHO;PR;DOUTOR ULYSSES;211,01;100,37;61,13;15,41;78,54;5,07;32,41;27,05;100,00;318,09;0,00;1,06
2014.0;8.0;2014-08-01;BRASPINE;CADEADO I;PR;JAGUARIAIVA;21,07;12,29;60,03;15,30;76,77;4,41;32,70;26,04;100,00;315,57;4,41;3,15
2014.0;8.0;2014-08-01;BRASPINE;CADEADO II;PR;JAGUARIAIVA;21,88;16,79;60,03;15,30;76,77;4,41;32,70;26,04;100,00;315,57;4,41;3,15
2014.0;8.0;2014-08-01;BRASPINE;CAMPINA ALTA;PR;TIBAGI;29,77;18,24;77,36;16,30;74,71;5,38;35,69;27,17;99,92;311,04;0,00;1,75
2014.0;8.0;2014-08-01;BRASPINE;CAMPINA DO ELIAS;PR;JAGUARIAIVA;29,17;14,65;58,46;15,45;76,27;4,27;32,10;26,21;99,97;308,29;4,27;4,52
2014.0;8.0;2014-08-01;BRASPINE;CAMPO NOVO;PR;JAGUARIAIVA;295,98;156,36;56,96;15,30;76,77;4,41;32,70;26,04;100,00;315,57;4,41;3,15
2014.0;8.0;2014-08-01;BRASPINE;CONSULTORIA II A;PR;DOUTOR ULYSSES;89,62;60,79;57,96;15,39;77,48;4,80;32,60;26,60;100,00;319,35;4,80;348,18
2014.0;8.0;2014-08-01;BRASPINE;DINIZ;;;;;54,25;15,39;77,48;4,80;32,60;26,60;100,00;319,35;4,80;348,18
2014.0;8.0;2014-08-01;BRASPINE;ENES;PR;JAGUARIAIVA;5,93;5,69;57,23;15,30;76,77;4,41;32,70;26,04;100,00;315,57;4,41;3,15
2014.0;8.0;2014-08-01;BRASPINE;ENGENHARIA;;;;;54,25;15,39;77,48;4,80;32,60;26,60;100,00;319,35;4,80;348,18
2014.0;8.0;2014-08-01;BRASPINE;ESTACAO;PR;SENGES;4,76;4,14;61,32;15,30;76,77;4,41;32,70;26,04;100,00;315,57;4,41;3,15
2014.0;8.0;2014-08-01;BRASPINE;FAXINAL;PR;JAGUARIAIVA;20,65;20,65;57,23;15,30;76,77;4,41;32,70;26,04;100,00;315,57;4,41;3,15
2014.0;8.0;2014-08-01;BRASPINE;FEITAL;PR;DOUTOR ULYSSES;154,17;86,53;56,54;15,49;77,76;4,92;32,53;26,98;100,00;320,43;4,92;9,83
2014.0;8.0;2014-08-01;BRASPINE;FIGUEIRA;PR;DOUTOR ULYSSES;1053,81;315,71;58,85;15,41;78,54;5,07;32,41;27,05;100,00;318,09;0,00;1,06
2014.0;8.0;2014-08-01;BRASPINE;FIGUEIRINHA;PR;DOUTOR ULYSSES;94,37;56,74;58,40;15,41;78,54;5,07;32,41;27,05;100,00;318,09;0,00;1,06
2014.0;8.0;2014-08-01;BRASPINE;FLOEMA;PR;DOUTOR ULYSSES;2189,88;701,43;59,69;15,07;77,54;4,61;32,71;25,95;100,00;313,46;4,61;1,95
2014.0;8.0;2014-08-01;BRASPINE;FLOEMA I - SUDATI;;;;;61,97;15,39;77,48;4,80;32,60;26,60;100,00;319,35;4,80;348,18
2014.0;8.0;2014-08-01;BRASPINE;FLOEMA II - SUDATI;PR;DOUTOR ULYSSES;453,83;211,13;58,94;15,39;77,48;4,80;32,60;26,60;100,00;319,35;4,80;348,18
2014.0;8.0;2014-08-01;BRASPINE;FLOR DA SERRA;PR;SAO JOSE DA BOA VISTA;209,10;128,72;50,84;17,32;70,03;7,49;30,01;28,28;99,53;328,31;0,00;10,61
2014.0;8.0;2014-08-01;BRASPINE;GENTIL;PR;JAGUARIAIVA;126,77;53,33;54,18;15,33;73,77;3,96;30,02;25,26;99,88;303,11;3,96;2,32
2014.0;8.0;2014-08-01;BRASPINE;GUAIRACA;PR;GUARAPUAVA;623,62;169,31;88,55;15,03;76,39;3,01;33,63;24,84;99,98;300,82;7,98;12,35
2014.0;8.0;2014-08-01;BRASPINE;HERVAL 2 - MADALOSSO;;;;;57,78;15,36;75,39;4,43;32,39;26,27;99,81;295,33;4,43;1,39
2014.0;8.0;2014-08-01;BRASPINE;HERVAL DE BAIXO;PR;RESERVA;827,29;475,92;81,48;16,09;75,97;5,21;35,12;27,23;99,99;312,79;0,00;14,54
2014.0;8.0;2014-08-01;BRASPINE;HORTO 01;PR;TURVO;19,12;19,12;88,61;15,80;75,57;4,48;36,04;25,52;99,79;322,12;4,48;4,39
2014.0;8.0;2014-08-01;BRASPINE;HORTO 02;PR;TURVO;4,24;4,24;89,43;15,80;75,57;4,48;36,04;25,52;99,79;322,12;4,48;4,39
2014.0;8.0;2014-08-01;BRASPINE;HORTO 03;PR;PRUDENTOPOLIS;80,91;25,89;84,28;16,15;75,84;4,07;37,01;26,18;99,77;328,23;4,07;0,38
2014.0;8.0;2014-08-01;BRASPINE;HORTO 08;PR;TURVO;9,53;9,53;85,76;16,15;75,84;4,07;37,01;26,18;99,77;328,23;4,07;0,38
2014.0;8.0;2014-08-01;BRASPINE;HORTO 12;PR;PRUDENTOPOLIS;12,20;12,20;81,59;16,15;75,84;4,07;37,01;26,18;99,77;328,23;4,07;0,38
2014.0;8.0;2014-08-01;BRASPINE;IZAU;PR;PIRAI DO SUL;19,37;11,60;59,22;15,34;74,54;3,70;29,47;25,64;99,88;321,63;3,70;8,44
2014.0;8.0;2014-08-01;BRASPINE;JOAO RICO;PR;JAGUARIAIVA;47,46;26,18;55,65;15,57;73,68;4,14;30,48;25,71;99,84;306,47;4,14;1,85
2014.0;8.0;2014-08-01;BRASPINE;LAGOA;PR;JAGUARIAIVA;24,10;10,78;61,29;15,30;76,77;4,41;32,70;26,04;100,00;315,57;4,41;3,15
2014.0;8.0;2014-08-01;BRASPINE;MARACANA;PR;JANDAIA DO SUL;11,45;11,45;32,74;19,25;64,24;8,49;25,15;30,26;99,87;190,51;0,00;6,02
2014.0;8.0;2014-08-01;BRASPINE;MARRECA;;;;;55,94;15,41;78,54;5,07;32,41;27,05;100,00;318,09;0,00;1,06
2014.0;8.0;2014-08-01;BRASPINE;MARRECA SP;SP;ITAPIRAPUA PAULISTA;675,30;236,19;55,46;15,89;79,43;5,51;31,71;28,53;100,00;319,86;0,00;2,90
2014.0;8.0;2014-08-01;BRASPINE;MARRECAS;;;;;85,27;14,57;75,97;3,85;30,58;23,94;100,00;294,75;13,30;19,26
2014.0;8.0;2014-08-01;BRASPINE;MERCADINHO;;;;;61,90;15,78;78,55;5,43;30,87;27,99;99,93;316,84;0,00;2,56
2014.0;8.0;2014-08-01;BRASPINE;MONTE ALEGRE;;;;;31,18;19,60;64,30;8,98;25,58;30,64;99,82;180,12;0,00;2,28
2014.0;8.0;2014-08-01;BRASPINE;MONTE TABOR II;;;;;48,01;15,12;81,42;5,67;34,05;27,30;100,00;308,49;0,00;39,36
2014.0;8.0;2014-08-01;BRASPINE;MOREIRA;PR;DOUTOR ULYSSES;230,52;68,68;58,94;15,39;77,48;4,80;32,60;26,60;100,00;319,35;4,80;348,18
2014.0;8.0;2014-08-01;BRASPINE;MOREIRAS II;PR;DOUTOR ULYSSES;66,76;28,75;57,82;15,39;77,48;4,80;32,60;26,60;100,00;319,35;4,80;348,18
2014.0;8.0;2014-08-01;BRASPINE;MORRETES;PR;ORTIGUEIRA;20,36;20,36;82,39;16,41;76,54;5,60;33,82;27,95;99,76;317,10;0,00;7,70
2014.0;8.0;2014-08-01;BRASPINE;MORRO AZUL;;;;;43,49;15,61;77,25;5,09;31,99;27,42;100,00;322,64;0,00;35,54
2014.0;8.0;2014-08-01;BRASPINE;OURO FINO;SP;APIAI;51,70;51,70;44,59;15,22;78,99;5,11;33,25;27,16;100,00;313,27;0,00;36,08
2014.0;8.0;2014-08-01;BRASPINE;PALMEIRINHA DE BAIXO - SOSSEGO;PR;SENGES;85,93;9,22;45,70;15,39;73,98;4,62;31,41;25,54;99,86;321,80;4,62;31,41
2014.0;8.0;2014-08-01;BRASPINE;PAZIN;PR;DOUTOR ULYSSES;41,20;23,90;57,64;15,41;78,54;5,07;32,41;27,05;100,00;318,09;0,00;1,06
2014.0;8.0;2014-08-01;BRASPINE;PEDRAS;PR;CASTRO;7,18;7,18;65,20;15,17;75,68;3,57;32,05;25,51;99,98;310,50;3,57;6,96
2014.0;8.0;2014-08-01;BRASPINE;PESCARIA;PR;SAO JOSE DA BOA VISTA;184,57;129,22;52,02;17,54;69,19;7,25;29,53;28,63;99,54;332,31;0,00;0,26
2014.0;8.0;2014-08-01;BRASPINE;PESSEGUEIRO;PR;DOUTOR ULYSSES;109,95;64,79;60,30;15,39;77,48;4,80;32,60;26,60;100,00;319,35;4,80;348,18
2014.0;8.0;2014-08-01;BRASPINE;PITANGA;;;;;85,15;16,06;72,59;4,79;33,35;25,77;99,68;342,74;4,79;1,65
2014.0;8.0;2014-08-01;BRASPINE;QUEIMADINHO ARROIO CLARO;PR;DOUTOR ULYSSES;48,13;19,09;54,12;15,39;77,48;4,80;32,60;26,60;100,00;319,35;4,80;348,18
2014.0;8.0;2014-08-01;BRASPINE;QUEIMADINHO M6042;PR;DOUTOR ULYSSES;48,38;18,50;54,12;15,39;77,48;4,80;32,60;26,60;100,00;319,35;4,80;348,18
2014.0;8.0;2014-08-01;BRASPINE;QUEIMADINHO USUCAPIAO;PR;DOUTOR ULYSSES;200,27;92,43;54,12;15,39;77,48;4,80;32,60;26,60;100,00;319,35;4,80;348,18
2014.0;8.0;2014-08-01;BRASPINE;RAMOS;PR;SENGES;69,83;38,15;61,97;15,30;76,77;4,41;32,70;26,04;100,00;315,57;4,41;3,15
2014.0;8.0;2014-08-01;BRASPINE;RIBEIRAO GRANDE;PR;JAGUARIAIVA;20,77;20,77;59,47;15,34;74,54;3,70;29,47;25,64;99,88;321,63;3,70;8,44
2014.0;8.0;2014-08-01;BRASPINE;RINCAO DE BAIXO;;;;;62,28;15,64;73,28;4,77;32,77;25,91;100,00;313,77;4,77;1,74
2014.0;8.0;2014-08-01;BRASPINE;RIO BOMBA;PR;CERRO AZUL;65,03;37,72;71,03;16,02;77,89;5,62;31,61;28,11;99,78;320,29;0,00;2,24
2014.0;8.0;2014-08-01;BRASPINE;RIO DO MEIO;PR;DOUTOR ULYSSES;712,33;389,13;56,84;15,39;77,48;4,80;32,60;26,60;100,00;319,35;4,80;348,18
2014.0;8.0;2014-08-01;BRASPINE;RONDON;PR;JAGUARIAIVA;2899,24;1475,88;51,22;15,34;74,80;4,39;32,31;25,48;99,82;317,68;4,39;44,40
2014.0;8.0;2014-08-01;BRASPINE;SANTA FELICIDADE;;;;;50,41;16,07;80,32;5,26;31,35;29,48;100,00;316,32;0,00;0,91
2014.0;8.0;2014-08-01;BRASPINE;SANTA LIDIA DO CERCADINHO;;;;;64,66;15,38;72,96;4,59;32,23;25,33;100,00;309,84;4,59;0,87
2014.0;8.0;2014-08-01;BRASPINE;SANTO ANTONIO;;;;;44,96;15,33;74,46;4,76;31,23;25,89;99,98;316,80;4,76;29,07
2014.0;8.0;2014-08-01;BRASPINE;SAO JOSE;PR;JANDAIA DO SUL;37,56;37,56;31,35;19,47;64,34;8,85;25,76;30,45;99,87;193,73;0,00;3,24
2014.0;8.0;2014-08-01;BRASPINE;SAO MATHEUS;;;;;36,52;20,28;65,89;9,22;25,91;31,57;99,54;137,49;0,00;4,09
2014.0;8.0;2014-08-01;BRASPINE;SAO PEDRO E SAO PAULO;PR;SAPOPEMA;709,13;323,93;61,24;17,12;69,27;7,19;29,42;27,18;99,86;347,96;0,00;0,78
2014.0;8.0;2014-08-01;BRASPINE;SAO RAFAEL;;;;;69,77;14,97;75,94;3,96;33,73;26,55;99,89;308,84;3,96;3,88
2014.0;8.0;2014-08-01;BRASPINE;SAO RAFAEL - PB;;;;;46,67;15,39;78,49;5,39;32,95;27,36;100,00;319,63;0,00;35,76
2014.0;8.0;2014-08-01;BRASPINE;SERRARIA;PR;DOUTOR ULYSSES;280,88;117,71;64,82;15,24;78,04;4,84;32,56;26,50;100,00;315,75;4,84;1,50
2014.0;8.0;2014-08-01;BRASPINE;SERRO VERDE;;;;;101,22;15,82;71,71;4,41;31,20;25,48;99,90;315,89;4,41;4,44
2014.0;8.0;2014-08-01;BRASPINE;SERTAOZINHO;PR;DOUTOR ULYSSES;16,25;16,25;53,38;15,39;77,48;4,80;32,60;26,60;100,00;319,35;4,80;348,18
2014.0;8.0;2014-08-01;BRASPINE;SITIO BASILIO;PR;JAGUARIAIVA;8,08;8,08;56,19;15,39;73,51;4,09;30,31;25,26;99,86;302,83;4,09;3,80
2014.0;8.0;2014-08-01;BRASPINE;SITIO DAS MARRECAS;PR;DOUTOR ULYSSES;77,49;35,17;56,91;15,75;79,17;5,39;31,93;28,11;100,00;319,35;0,00;0,02
2014.0;8.0;2014-08-01;BRASPINE;SOBRADINHO;SP;BOM SUCESSO DE ITARARE;285,80;123,10;52,11;15,18;75,67;4,93;32,40;26,12;99,99;314,13;4,93;27,54
2014.0;8.0;2014-08-01;BRASPINE;TAQUARAL;PR;JAGUARIAIVA;519,13;31,07;56,56;15,50;74,55;4,24;31,89;25,73;99,98;304,98;4,24;48,73
2014.0;8.0;2014-08-01;BRASPINE;TUCUNDUVA;PR;SENGES;82,21;60,89;54,61;16,22;70,45;5,48;30,16;26,21;99,51;309,55;0,00;17,22
2014.0;8.0;2014-08-01;BRASPINE;TUCUNDUVA - CHAMMA;;;;;48,31;16,25;70,84;5,52;30,54;26,32;99,44;312,90;0,00;14,65
2014.0;8.0;2014-08-01;BRASPINE;VIENA 1;PR;DOUTOR ULYSSES;263,98;178,34;66,36;15,12;76,49;4,20;33,23;25,55;100,00;304,83;4,20;1,33
2014.0;8.0;2014-08-01;BRASPINE;VIENA 2;PR;CERRO AZUL;140,23;96,54;71,04;16,02;77,89;5,62;31,61;28,11;99,78;320,29;0,00;2,24
2014.0;8.0;2014-08-01;BRASPINE;VITORIA;PR;SENGES;50,54;35,69;45,70;15,39;73,98;4,62;31,41;25,54;99,86;321,80;4,62;31,41
2014.0;8.0;2014-08-01;BRASPINE;VIVEIRO;PR;DOUTOR ULYSSES;405,39;261,22;57,82;15,39;77,48;4,80;32,60;26,60;100,00;319,35;4,80;348,18
2014.0;8.0;2014-08-01;BRASPINE;VO LINO;PR;DOUTOR ULYSSES;164,50;97,89;57,68;15,41;78,54;5,07;32,41;27,05;100,00;318,09;0,00;1,06
2014.0;8.0;2014-08-01;BRASPINE;XAXIM VELHO;;;;;89,02;14,55;76,54;3,96;32,01;24,42;100,00;291,13;12,70;5,00
2014.0;9.0;2014-09-01;BRASPINE;AGUA DOCE;PR;JAGUARIAIVA;238,97;121,99;197,02;17,62;79,53;9,46;36,45;27,53;99,85;292,07;0,00;4,87
2014.0;9.0;2014-09-01;BRASPINE;AMATA;;;;;186,06;18,73;81,22;11,21;34,12;30,53;99,99;226,71;0,00;3,81
2014.0;9.0;2014-09-01;BRASPINE;ANTA BRAVA;;;;;143,59;20,88;72,70;12,34;27,85;31,91;99,55;93,48;0,00;6,97
2014.0;9.0;2014-09-01;BRASPINE;ARAPONGAS;PR;SENGES;423,34;263,70;184,73;17,59;82,45;10,25;34,88;28,40;100,00;296,05;0,00;0,32
2014.0;9.0;2014-09-01;BRASPINE;ARROIO CLARO;PR;DOUTOR ULYSSES;275,14;92,00;178,39;17,70;83,04;10,51;34,86;28,70;100,00;285,09;0,00;0,80
2014.0;9.0;2014-09-01;BRASPINE;BARRA GRANDE;PR;DOUTOR ULYSSES;493,79;139,68;172,90;17,95;83,00;10,51;35,61;29,32;100,00;302,07;0,00;348,87
2014.0;9.0;2014-09-01;BRASPINE;BARRA GRANDE - BEMAIS;PR;GUARAPUAVA;299,16;108,61;289,08;17,13;82,11;8,42;37,46;26,57;100,00;336,84;0,00;351,24
2014.0;9.0;2014-09-01;BRASPINE;BARRETOS;PR;JAGUARIAIVA;43,35;32,98;188,78;17,63;81,32;9,59;34,30;28,25;99,97;279,04;0,00;3,57
2014.0;9.0;2014-09-01;BRASPINE;BAU;;;;;267,03;17,45;80,15;9,27;37,20;26,48;99,97;247,43;0,00;2,36
2014.0;9.0;2014-09-01;BRASPINE;BOA VISTA II;PR;PIRAI DO SUL;944,00;535,05;188,19;17,62;80,50;9,26;35,16;28,04;99,94;276,67;0,00;1,32
2014.0;9.0;2014-09-01;BRASPINE;BRASILEIRA;;;;;170,48;17,59;82,45;10,25;34,88;28,40;100,00;296,05;0,00;0,32
2014.0;9.0;2014-09-01;BRASPINE;BURACAO;;;;;208,85;17,54;80,85;9,55;35,98;28,09;99,88;268,17;0,00;6,10
2014.0;9.0;2014-09-01;BRASPINE;BURRINHO;PR;DOUTOR ULYSSES;211,01;100,37;178,35;17,70;83,04;10,51;34,86;28,70;100,00;285,09;0,00;0,80
2014.0;9.0;2014-09-01;BRASPINE;CADEADO I;PR;JAGUARIAIVA;21,07;12,29;185,62;17,47;81,84;9,86;34,26;28,04;100,00;291,85;0,00;2,82
2014.0;9.0;2014-09-01;BRASPINE;CADEADO II;PR;JAGUARIAIVA;21,88;16,79;185,62;17,47;81,84;9,86;34,26;28,04;100,00;291,85;0,00;2,82
2014.0;9.0;2014-09-01;BRASPINE;CAMPINA ALTA;PR;TIBAGI;29,77;18,24;291,71;18,53;79,22;8,35;35,89;28,72;99,94;209,10;0,00;2,44
2014.0;9.0;2014-09-01;BRASPINE;CAMPINA DO ELIAS;PR;JAGUARIAIVA;29,17;14,65;184,78;17,57;81,51;9,69;34,29;28,17;99,98;278,32;0,00;3,31
2014.0;9.0;2014-09-01;BRASPINE;CAMPO NOVO;PR;JAGUARIAIVA;295,98;156,36;184,84;17,47;81,84;9,86;34,26;28,04;100,00;291,85;0,00;2,82
2014.0;9.0;2014-09-01;BRASPINE;CONSULTORIA II A;PR;DOUTOR ULYSSES;89,62;60,79;171,59;17,59;82,45;10,25;34,88;28,40;100,00;296,05;0,00;0,32
2014.0;9.0;2014-09-01;BRASPINE;DINIZ;;;;;173,67;17,59;82,45;10,25;34,88;28,40;100,00;296,05;0,00;0,32
2014.0;9.0;2014-09-01;BRASPINE;ENES;PR;JAGUARIAIVA;5,93;5,69;184,80;17,47;81,84;9,86;34,26;28,04;100,00;291,85;0,00;2,82
2014.0;9.0;2014-09-01;BRASPINE;ENGENHARIA;;;;;173,67;17,59;82,45;10,25;34,88;28,40;100,00;296,05;0,00;0,32
2014.0;9.0;2014-09-01;BRASPINE;ESTACAO;PR;SENGES;4,76;4,14;180,50;17,47;81,84;9,86;34,26;28,04;100,00;291,85;0,00;2,82
2014.0;9.0;2014-09-01;BRASPINE;FAXINAL;PR;JAGUARIAIVA;20,65;20,65;184,80;17,47;81,84;9,86;34,26;28,04;100,00;291,85;0,00;2,82
2014.0;9.0;2014-09-01;BRASPINE;FEITAL;PR;DOUTOR ULYSSES;154,17;86,53;172,19;17,71;82,64;10,35;35,12;28,71;100,00;298,17;0,00;12,16
2014.0;9.0;2014-09-01;BRASPINE;FIGUEIRA;PR;DOUTOR ULYSSES;1053,81;315,71;173,56;17,70;83,04;10,51;34,86;28,70;100,00;285,09;0,00;0,80
2014.0;9.0;2014-09-01;BRASPINE;FIGUEIRINHA;PR;DOUTOR ULYSSES;94,37;56,74;177,68;17,70;83,04;10,51;34,86;28,70;100,00;285,09;0,00;0,80
2014.0;9.0;2014-09-01;BRASPINE;FLOEMA;PR;DOUTOR ULYSSES;2189,88;701,43;178,77;17,34;82,39;9,96;33,98;27,91;100,00;322,02;0,00;353,98
2014.0;9.0;2014-09-01;BRASPINE;FLOEMA I - SUDATI;;;;;179,76;17,59;82,45;10,25;34,88;28,40;100,00;296,05;0,00;0,32
2014.0;9.0;2014-09-01;BRASPINE;FLOEMA II - SUDATI;PR;DOUTOR ULYSSES;453,83;211,13;175,78;17,59;82,45;10,25;34,88;28,40;100,00;296,05;0,00;0,32
2014.0;9.0;2014-09-01;BRASPINE;FLOR DA SERRA;PR;SAO JOSE DA BOA VISTA;209,10;128,72;165,44;19,60;74,71;11,58;33,75;29,68;99,77;204,64;0,00;1,92
2014.0;9.0;2014-09-01;BRASPINE;GENTIL;PR;JAGUARIAIVA;126,77;53,33;194,11;17,39;79,60;9,20;37,03;27,04;99,60;287,93;0,00;0,06
2014.0;9.0;2014-09-01;BRASPINE;GUAIRACA;PR;GUARAPUAVA;623,62;169,31;313,00;17,13;82,44;8,52;36,79;26,85;100,00;323,19;0,00;3,05
2014.0;9.0;2014-09-01;BRASPINE;HERVAL 2 - MADALOSSO;;;;;207,47;17,54;80,85;9,55;35,98;28,09;99,88;268,17;0,00;6,10
2014.0;9.0;2014-09-01;BRASPINE;HERVAL DE BAIXO;PR;RESERVA;827,29;475,92;299,69;18,39;80,25;8,27;36,08;28,65;99,93;247,86;0,00;1,69
2014.0;9.0;2014-09-01;BRASPINE;HORTO 01;PR;TURVO;19,12;19,12;269,63;17,83;81,69;8,87;42,82;27,30;99,97;301,80;0,00;6,43
2014.0;9.0;2014-09-01;BRASPINE;HORTO 02;PR;TURVO;4,24;4,24;263,13;17,83;81,69;8,87;42,82;27,30;99,97;301,80;0,00;6,43
2014.0;9.0;2014-09-01;BRASPINE;HORTO 03;PR;PRUDENTOPOLIS;80,91;25,89;284,95;18,23;81,36;9,05;38,95;28,10;99,97;264,61;0,00;2,83
2014.0;9.0;2014-09-01;BRASPINE;HORTO 08;PR;TURVO;9,53;9,53;246,22;18,23;81,36;9,05;38,95;28,10;99,97;264,61;0,00;2,83
2014.0;9.0;2014-09-01;BRASPINE;HORTO 12;PR;PRUDENTOPOLIS;12,20;12,20;283,08;18,23;81,36;9,05;38,95;28,10;99,97;264,61;0,00;2,83
2014.0;9.0;2014-09-01;BRASPINE;IZAU;PR;PIRAI DO SUL;19,37;11,60;196,08;17,40;80,21;9,08;35,86;27,38;99,57;274,48;0,00;3,26
2014.0;9.0;2014-09-01;BRASPINE;JOAO RICO;PR;JAGUARIAIVA;47,46;26,18;194,38;17,62;79,53;9,46;36,45;27,53;99,85;292,07;0,00;4,87
2014.0;9.0;2014-09-01;BRASPINE;LAGOA;PR;JAGUARIAIVA;24,10;10,78;182,62;17,47;81,84;9,86;34,26;28,04;100,00;291,85;0,00;2,82
2014.0;9.0;2014-09-01;BRASPINE;MARACANA;PR;JANDAIA DO SUL;11,45;11,45;198,91;21,03;71,56;12,75;27,09;30,89;99,99;110,01;0,00;1,75
2014.0;9.0;2014-09-01;BRASPINE;MARRECA;;;;;177,58;17,70;83,04;10,51;34,86;28,70;100,00;285,09;0,00;0,80
2014.0;9.0;2014-09-01;BRASPINE;MARRECA SP;SP;ITAPIRAPUA PAULISTA;675,30;236,19;182,41;18,22;83,44;10,79;36,15;29,84;100,00;262,71;0,00;0,67
2014.0;9.0;2014-09-01;BRASPINE;MARRECAS;;;;;303,73;16,62;82,58;8,22;36,68;25,93;100,00;326,67;0,00;14,12
2014.0;9.0;2014-09-01;BRASPINE;MERCADINHO;;;;;177,21;18,13;82,40;10,95;34,06;29,50;100,00;276,43;0,00;1,08
2014.0;9.0;2014-09-01;BRASPINE;MONTE ALEGRE;;;;;197,97;21,47;71,03;13,15;26,63;31,40;99,96;97,76;0,00;0,14
2014.0;9.0;2014-09-01;BRASPINE;MONTE TABOR II;;;;;164,70;17,60;84,66;10,54;36,92;27,90;100,00;295,81;0,00;6,58
2014.0;9.0;2014-09-01;BRASPINE;MOREIRA;PR;DOUTOR ULYSSES;230,52;68,68;175,78;17,59;82,45;10,25;34,88;28,40;100,00;296,05;0,00;0,32
2014.0;9.0;2014-09-01;BRASPINE;MOREIRAS II;PR;DOUTOR ULYSSES;66,76;28,75;170,97;17,59;82,45;10,25;34,88;28,40;100,00;296,05;0,00;0,32
2014.0;9.0;2014-09-01;BRASPINE;MORRETES;PR;ORTIGUEIRA;20,36;20,36;296,59;18,72;80,63;8,68;35,95;29,24;99,93;221,37;0,00;4,09
2014.0;9.0;2014-09-01;BRASPINE;MORRO AZUL;;;;;171,49;17,77;82,58;10,43;34,45;29,15;100,00;296,43;0,00;4,15
2014.0;9.0;2014-09-01;BRASPINE;OURO FINO;SP;APIAI;51,70;51,70;164,16;17,50;83,69;10,33;36,01;28,40;100,00;292,97;0,00;12,38
2014.0;9.0;2014-09-01;BRASPINE;PALMEIRINHA DE BAIXO - SOSSEGO;PR;SENGES;85,93;9,22;177,94;17,44;79,93;10,06;33,96;27,53;99,87;304,02;0,00;7,09
2014.0;9.0;2014-09-01;BRASPINE;PAZIN;PR;DOUTOR ULYSSES;41,20;23,90;174,65;17,70;83,04;10,51;34,86;28,70;100,00;285,09;0,00;0,80
2014.0;9.0;2014-09-01;BRASPINE;PEDRAS;PR;CASTRO;7,18;7,18;198,85;17,39;80,82;8,82;37,70;27,34;99,72;259,64;0,00;67,52
2014.0;9.0;2014-09-01;BRASPINE;PESCARIA;PR;SAO JOSE DA BOA VISTA;184,57;129,22;171,12;19,66;74,45;11,62;33,29;30,06;99,54;203,54;0,00;4,42
2014.0;9.0;2014-09-01;BRASPINE;PESSEGUEIRO;PR;DOUTOR ULYSSES;109,95;64,79;179,50;17,59;82,45;10,25;34,88;28,40;100,00;296,05;0,00;0,32
2014.0;9.0;2014-09-01;BRASPINE;PITANGA;;;;;250,98;18,16;79,10;10,02;39,19;27,23;99,81;216,17;0,00;0,55
2014.0;9.0;2014-09-01;BRASPINE;QUEIMADINHO ARROIO CLARO;PR;DOUTOR ULYSSES;48,13;19,09;170,48;17,59;82,45;10,25;34,88;28,40;100,00;296,05;0,00;0,32
2014.0;9.0;2014-09-01;BRASPINE;QUEIMADINHO M6042;PR;DOUTOR ULYSSES;48,38;18,50;170,48;17,59;82,45;10,25;34,88;28,40;100,00;296,05;0,00;0,32
2014.0;9.0;2014-09-01;BRASPINE;QUEIMADINHO USUCAPIAO;PR;DOUTOR ULYSSES;200,27;92,43;170,48;17,59;82,45;10,25;34,88;28,40;100,00;296,05;0,00;0,32
2014.0;9.0;2014-09-01;BRASPINE;RAMOS;PR;SENGES;69,83;38,15;179,76;17,47;81,84;9,86;34,26;28,04;100,00;291,85;0,00;2,82
2014.0;9.0;2014-09-01;BRASPINE;RIBEIRAO GRANDE;PR;JAGUARIAIVA;20,77;20,77;194,86;17,40;80,21;9,08;35,86;27,38;99,57;274,48;0,00;3,26
2014.0;9.0;2014-09-01;BRASPINE;RINCAO DE BAIXO;;;;;254,66;17,96;77,85;9,05;34,82;27,77;99,72;236,40;0,00;0,23
2014.0;9.0;2014-09-01;BRASPINE;RIO BOMBA;PR;CERRO AZUL;65,03;37,72;185,26;18,43;81,36;11,03;34,32;29,88;99,98;251,83;0,00;6,08
2014.0;9.0;2014-09-01;BRASPINE;RIO DO MEIO;PR;DOUTOR ULYSSES;712,33;389,13;170,82;17,59;82,45;10,25;34,88;28,40;100,00;296,05;0,00;0,32
2014.0;9.0;2014-09-01;BRASPINE;RONDON;PR;JAGUARIAIVA;2899,24;1475,88;183,25;17,44;80,39;9,82;35,53;27,40;99,88;302,83;0,00;18,14
2014.0;9.0;2014-09-01;BRASPINE;SANTA FELICIDADE;;;;;181,58;18,48;83,87;11,03;36,31;30,37;100,00;265,05;0,00;0,24
2014.0;9.0;2014-09-01;BRASPINE;SANTA LIDIA DO CERCADINHO;;;;;257,12;17,69;77,80;9,21;34,94;27,18;99,63;264,13;0,00;1,98
2014.0;9.0;2014-09-01;BRASPINE;SANTO ANTONIO;;;;;177,66;17,44;80,44;10,18;32,99;27,96;100,00;304,99;0,00;2,57
2014.0;9.0;2014-09-01;BRASPINE;SAO JOSE;PR;JANDAIA DO SUL;37,56;37,56;198,48;21,33;71,17;13,04;26,88;31,20;99,99;97,04;0,00;0,61
2014.0;9.0;2014-09-01;BRASPINE;SAO MATHEUS;;;;;174,71;22,39;70,77;13,85;26,21;32,77;99,88;71,18;0,00;1,70
2014.0;9.0;2014-09-01;BRASPINE;SAO PEDRO E SAO PAULO;PR;SAPOPEMA;709,13;323,93;202,50;19,14;75,49;10,43;33,58;28,67;99,68;206,54;0,00;347,74
2014.0;9.0;2014-09-01;BRASPINE;SAO RAFAEL;;;;;201,15;17,16;80,56;10,07;36,83;28,43;99,55;337,98;0,00;8,12
2014.0;9.0;2014-09-01;BRASPINE;SAO RAFAEL - PB;;;;;167,41;17,63;83,40;10,44;35,36;28,70;100,00;295,83;0,00;14,28
2014.0;9.0;2014-09-01;BRASPINE;SERRARIA;PR;DOUTOR ULYSSES;280,88;117,71;176,66;17,52;82,71;10,23;34,42;28,31;100,00;311,23;0,00;1,13
2014.0;9.0;2014-09-01;BRASPINE;SERRO VERDE;;;;;271,96;17,82;78,85;9,78;34,05;26,99;99,93;254,10;0,00;43,52
2014.0;9.0;2014-09-01;BRASPINE;SERTAOZINHO;PR;DOUTOR ULYSSES;16,25;16,25;171,60;17,59;82,45;10,25;34,88;28,40;100,00;296,05;0,00;0,32
2014.0;9.0;2014-09-01;BRASPINE;SITIO BASILIO;PR;JAGUARIAIVA;8,08;8,08;197,55;17,44;79,39;9,31;37,24;27,07;99,64;303,10;0,00;0,38
2014.0;9.0;2014-09-01;BRASPINE;SITIO DAS MARRECAS;PR;DOUTOR ULYSSES;77,49;35,17;178,66;18,07;83,33;10,72;35,78;29,52;100,00;260,65;0,00;1,16
2014.0;9.0;2014-09-01;BRASPINE;SOBRADINHO;SP;BOM SUCESSO DE ITARARE;285,80;123,10;171,41;17,34;81,60;10,16;33,37;28,13;100,00;319,20;0,00;13,94
2014.0;9.0;2014-09-01;BRASPINE;TAQUARAL;PR;JAGUARIAIVA;519,13;31,07;186,43;17,58;80,22;9,60;36,35;27,62;99,99;306,11;0,00;1,76
2014.0;9.0;2014-09-01;BRASPINE;TUCUNDUVA;PR;SENGES;82,21;60,89;187,56;18,22;76,76;10,47;35,30;27,86;99,51;285,11;0,00;4,13
2014.0;9.0;2014-09-01;BRASPINE;TUCUNDUVA - CHAMMA;;;;;191,68;18,24;77,07;10,62;34,49;27,94;99,51;286,34;0,00;0,87
2014.0;9.0;2014-09-01;BRASPINE;VIENA 1;PR;DOUTOR ULYSSES;263,98;178,34;189,47;17,29;81,80;9,53;35,39;27,58;100,00;275,58;0,00;1,75
2014.0;9.0;2014-09-01;BRASPINE;VIENA 2;PR;CERRO AZUL;140,23;96,54;185,03;18,43;81,36;11,03;34,32;29,88;99,98;251,83;0,00;6,08
2014.0;9.0;2014-09-01;BRASPINE;VITORIA;PR;SENGES;50,54;35,69;177,94;17,44;79,93;10,06;33,96;27,53;99,87;304,02;0,00;7,09
2014.0;9.0;2014-09-01;BRASPINE;VIVEIRO;PR;DOUTOR ULYSSES;405,39;261,22;170,97;17,59;82,45;10,25;34,88;28,40;100,00;296,05;0,00;0,32
2014.0;9.0;2014-09-01;BRASPINE;VO LINO;PR;DOUTOR ULYSSES;164,50;97,89;177,85;17,70;83,04;10,51;34,86;28,70;100,00;285,09;0,00;0,80
2014.0;9.0;2014-09-01;BRASPINE;XAXIM VELHO;;;;;315,72;16,62;82,99;8,51;37,99;26,30;100,00;329,94;0,00;3,54
2014.0;10.0;2014-10-01;BRASPINE;AGUA DOCE;PR;JAGUARIAIVA;238,97;121,99;68,06;19,59;70,43;8,37;26,55;31,62;99,13;196,97;0,00;1,62
2014.0;10.0;2014-10-01;BRASPINE;AMATA;;;;;107,88;21,19;70,69;11,11;23,06;35,05;99,95;158,63;0,00;2,74
2014.0;10.0;2014-10-01;BRASPINE;ANTA BRAVA;;;;;78,20;22,35;66,08;11,41;22,79;35,66;98,45;116,80;0,00;1,63
2014.0;10.0;2014-10-01;BRASPINE;ARAPONGAS;PR;SENGES;423,34;263,70;74,65;19,50;73,88;9,16;24,09;33,23;100,00;234,23;0,00;1,55
2014.0;10.0;2014-10-01;BRASPINE;ARROIO CLARO;PR;DOUTOR ULYSSES;275,14;92,00;87,15;19,70;73,89;9,58;23,52;33,77;99,24;207,92;0,00;353,71
2014.0;10.0;2014-10-01;BRASPINE;BARRA GRANDE;PR;DOUTOR ULYSSES;493,79;139,68;63,36;19,94;74,30;9,60;23,88;33,94;100,00;211,98;0,00;2,24
2014.0;10.0;2014-10-01;BRASPINE;BARRA GRANDE - BEMAIS;PR;GUARAPUAVA;299,16;108,61;76,65;19,52;73,30;8,61;26,73;30,74;99,90;165,01;0,00;0,29
2014.0;10.0;2014-10-01;BRASPINE;BARRETOS;PR;JAGUARIAIVA;43,35;32,98;70,50;19,57;72,59;8,51;24,84;32,69;99,28;200,84;0,00;0,18
2014.0;10.0;2014-10-01;BRASPINE;BAU;;;;;114,53;19,60;73,10;8,30;30,85;29,91;99,70;183,37;0,00;2,46
2014.0;10.0;2014-10-01;BRASPINE;BOA VISTA II;PR;PIRAI DO SUL;944,00;535,05;72,27;19,56;71,63;8,25;26,08;32,03;99,39;197,26;0,00;0,81
2014.0;10.0;2014-10-01;BRASPINE;BRASILEIRA;;;;;66,34;19,50;73,88;9,16;24,09;33,23;100,00;234,23;0,00;1,55
2014.0;10.0;2014-10-01;BRASPINE;BURACAO;;;;;95,42;19,48;72,73;8,89;27,24;31,93;99,94;202,05;0,00;0,51
2014.0;10.0;2014-10-01;BRASPINE;BURRINHO;PR;DOUTOR ULYSSES;211,01;100,37;86,78;19,70;73,89;9,58;23,52;33,77;99,24;207,92;0,00;353,71
2014.0;10.0;2014-10-01;BRASPINE;CADEADO I;PR;JAGUARIAIVA;21,07;12,29;71,06;19,35;73,30;8,76;24,50;32,76;99,44;229,62;0,00;344,68
2014.0;10.0;2014-10-01;BRASPINE;CADEADO II;PR;JAGUARIAIVA;21,88;16,79;71,06;19,35;73,30;8,76;24,50;32,76;99,44;229,62;0,00;344,68
2014.0;10.0;2014-10-01;BRASPINE;CAMPINA ALTA;PR;TIBAGI;29,77;18,24;41,73;20,92;69,72;9,22;27,46;33,04;99,80;170,85;0,00;2,97
2014.0;10.0;2014-10-01;BRASPINE;CAMPINA DO ELIAS;PR;JAGUARIAIVA;29,17;14,65;71,64;19,49;72,84;8,60;24,72;32,71;99,34;230,58;0,00;5,54
2014.0;10.0;2014-10-01;BRASPINE;CAMPO NOVO;PR;JAGUARIAIVA;295,98;156,36;74,70;19,35;73,30;8,76;24,50;32,76;99,44;229,62;0,00;344,68
2014.0;10.0;2014-10-01;BRASPINE;CONSULTORIA II A;PR;DOUTOR ULYSSES;89,62;60,79;65,67;19,50;73,88;9,16;24,09;33,23;100,00;234,23;0,00;1,55
2014.0;10.0;2014-10-01;BRASPINE;DINIZ;;;;;62,49;19,50;73,88;9,16;24,09;33,23;100,00;234,23;0,00;1,55
2014.0;10.0;2014-10-01;BRASPINE;ENES;PR;JAGUARIAIVA;5,93;5,69;74,69;19,35;73,30;8,76;24,50;32,76;99,44;229,62;0,00;344,68
2014.0;10.0;2014-10-01;BRASPINE;ENGENHARIA;;;;;62,49;19,50;73,88;9,16;24,09;33,23;100,00;234,23;0,00;1,55
2014.0;10.0;2014-10-01;BRASPINE;ESTACAO;PR;SENGES;4,76;4,14;74,84;19,35;73,30;8,76;24,50;32,76;99,44;229,62;0,00;344,68
2014.0;10.0;2014-10-01;BRASPINE;FAXINAL;PR;JAGUARIAIVA;20,65;20,65;74,69;19,35;73,30;8,76;24,50;32,76;99,44;229,62;0,00;344,68
2014.0;10.0;2014-10-01;BRASPINE;FEITAL;PR;DOUTOR ULYSSES;154,17;86,53;70,00;19,65;74,02;9,31;24,02;33,47;100,00;221,91;0,00;0,60
2014.0;10.0;2014-10-01;BRASPINE;FIGUEIRA;PR;DOUTOR ULYSSES;1053,81;315,71;72,19;19,70;73,89;9,58;23,52;33,77;99,24;207,92;0,00;353,71
2014.0;10.0;2014-10-01;BRASPINE;FIGUEIRINHA;PR;DOUTOR ULYSSES;94,37;56,74;80,71;19,70;73,89;9,58;23,52;33,77;99,24;207,92;0,00;353,71
2014.0;10.0;2014-10-01;BRASPINE;FLOEMA;PR;DOUTOR ULYSSES;2189,88;701,43;81,16;19,25;73,29;9,02;24,27;32,97;99,16;229,14;0,00;2,38
2014.0;10.0;2014-10-01;BRASPINE;FLOEMA I - SUDATI;;;;;73,23;19,50;73,88;9,16;24,09;33,23;100,00;234,23;0,00;1,55
2014.0;10.0;2014-10-01;BRASPINE;FLOEMA II - SUDATI;PR;DOUTOR ULYSSES;453,83;211,13;67,37;19,50;73,88;9,16;24,09;33,23;100,00;234,23;0,00;1,55
2014.0;10.0;2014-10-01;BRASPINE;FLOR DA SERRA;PR;SAO JOSE DA BOA VISTA;209,10;128,72;71,02;21,47;66,25;10,62;26,75;33,71;98,70;168,61;0,00;2,80
2014.0;10.0;2014-10-01;BRASPINE;GENTIL;PR;JAGUARIAIVA;126,77;53,33;63,87;19,36;70,45;8,24;27,14;31,31;99,04;208,58;0,00;0,41
2014.0;10.0;2014-10-01;BRASPINE;GUAIRACA;PR;GUARAPUAVA;623,62;169,31;72,27;19,57;73,55;8,73;27,67;30,71;99,97;165,93;0,00;0,78
2014.0;10.0;2014-10-01;BRASPINE;HERVAL 2 - MADALOSSO;;;;;89,05;19,48;72,73;8,89;27,24;31,93;99,94;202,05;0,00;0,51
2014.0;10.0;2014-10-01;BRASPINE;HERVAL DE BAIXO;PR;RESERVA;827,29;475,92;52,95;20,90;70,47;9,06;27,38;33,06;99,84;155,91;0,00;2,55
2014.0;10.0;2014-10-01;BRASPINE;HORTO 01;PR;TURVO;19,12;19,12;105,05;20,19;74,09;8,89;32,01;30,75;99,90;156,82;0,00;7,07
2014.0;10.0;2014-10-01;BRASPINE;HORTO 02;PR;TURVO;4,24;4,24;108,50;20,19;74,09;8,89;32,01;30,75;99,90;156,82;0,00;7,07
2014.0;10.0;2014-10-01;BRASPINE;HORTO 03;PR;PRUDENTOPOLIS;80,91;25,89;92,40;20,65;73,36;9,23;29,09;31,61;99,89;161,91;0,00;0,52
2014.0;10.0;2014-10-01;BRASPINE;HORTO 08;PR;TURVO;9,53;9,53;105,14;20,65;73,36;9,23;29,09;31,61;99,89;161,91;0,00;0,52
2014.0;10.0;2014-10-01;BRASPINE;HORTO 12;PR;PRUDENTOPOLIS;12,20;12,20;87,87;20,65;73,36;9,23;29,09;31,61;99,89;161,91;0,00;0,52
2014.0;10.0;2014-10-01;BRASPINE;IZAU;PR;PIRAI DO SUL;19,37;11,60;61,66;19,38;71,16;8,08;26,60;31,77;99,26;209,11;0,00;1,98
2014.0;10.0;2014-10-01;BRASPINE;JOAO RICO;PR;JAGUARIAIVA;47,46;26,18;64,94;19,59;70,43;8,37;26,55;31,62;99,13;196,97;0,00;1,62
2014.0;10.0;2014-10-01;BRASPINE;LAGOA;PR;JAGUARIAIVA;24,10;10,78;73,24;19,35;73,30;8,76;24,50;32,76;99,44;229,62;0,00;344,68
2014.0;10.0;2014-10-01;BRASPINE;MARACANA;PR;JANDAIA DO SUL;11,45;11,45;44,44;23,06;63,96;11,46;21,39;35,77;99,73;63,60;0,00;3,33
2014.0;10.0;2014-10-01;BRASPINE;MARRECA;;;;;81,56;19,70;73,89;9,58;23,52;33,77;99,24;207,92;0,00;353,71
2014.0;10.0;2014-10-01;BRASPINE;MARRECA SP;SP;ITAPIRAPUA PAULISTA;675,30;236,19;87,72;20,33;74,18;10,16;23,42;34,57;100,00;202,70;0,00;0,10
2014.0;10.0;2014-10-01;BRASPINE;MARRECAS;;;;;72,94;19,04;73,42;8,29;27,12;30,18;99,94;204,58;0,00;1,81
2014.0;10.0;2014-10-01;BRASPINE;MERCADINHO;;;;;89,00;20,38;72,30;10,29;22,53;34,51;99,70;204,84;0,00;0,54
2014.0;10.0;2014-10-01;BRASPINE;MONTE ALEGRE;;;;;52,01;23,57;63,44;11,96;21,40;36,10;98,64;51,00;0,00;3,91
2014.0;10.0;2014-10-01;BRASPINE;MONTE TABOR II;;;;;76,10;19,49;76,17;10,50;26,50;34,05;99,91;212,08;0,00;10,19
2014.0;10.0;2014-10-01;BRASPINE;MOREIRA;PR;DOUTOR ULYSSES;230,52;68,68;67,37;19,50;73,88;9,16;24,09;33,23;100,00;234,23;0,00;1,55
2014.0;10.0;2014-10-01;BRASPINE;MOREIRAS II;PR;DOUTOR ULYSSES;66,76;28,75;65,41;19,50;73,88;9,16;24,09;33,23;100,00;234,23;0,00;1,55
2014.0;10.0;2014-10-01;BRASPINE;MORRETES;PR;ORTIGUEIRA;20,36;20,36;52,29;21,34;70,72;9,18;27,27;33,60;99,81;159,94;0,00;4,63
2014.0;10.0;2014-10-01;BRASPINE;MORRO AZUL;;;;;71,37;19,69;74,17;9,37;23,76;33,65;100,00;221,06;0,00;23,78
2014.0;10.0;2014-10-01;BRASPINE;OURO FINO;SP;APIAI;51,70;51,70;95,38;19,32;75,80;9,65;25,31;33,59;99,97;232,53;0,00;15,04
2014.0;10.0;2014-10-01;BRASPINE;PALMEIRINHA DE BAIXO - SOSSEGO;PR;SENGES;85,93;9,22;68,44;19,24;71,68;8,68;25,44;32,07;99,49;225,87;0,00;0,35
2014.0;10.0;2014-10-01;BRASPINE;PAZIN;PR;DOUTOR ULYSSES;41,20;23,90;73,59;19,70;73,89;9,58;23,52;33,77;99,24;207,92;0,00;353,71
2014.0;10.0;2014-10-01;BRASPINE;PEDRAS;PR;CASTRO;7,18;7,18;56,30;19,28;72,43;8,02;30,21;31,16;99,34;207,31;0,00;1,81
2014.0;10.0;2014-10-01;BRASPINE;PESCARIA;PR;SAO JOSE DA BOA VISTA;184,57;129,22;66,59;21,65;65,55;10,60;24,95;33,90;97,61;153,86;0,00;1,68
2014.0;10.0;2014-10-01;BRASPINE;PESSEGUEIRO;PR;DOUTOR ULYSSES;109,95;64,79;79,41;19,50;73,88;9,16;24,09;33,23;100,00;234,23;0,00;1,55
2014.0;10.0;2014-10-01;BRASPINE;PITANGA;;;;;108,49;20,35;72,21;8,85;31,43;30,64;99,90;146,24;0,00;0,09
2014.0;10.0;2014-10-01;BRASPINE;QUEIMADINHO ARROIO CLARO;PR;DOUTOR ULYSSES;48,13;19,09;66,34;19,50;73,88;9,16;24,09;33,23;100,00;234,23;0,00;1,55
2014.0;10.0;2014-10-01;BRASPINE;QUEIMADINHO M6042;PR;DOUTOR ULYSSES;48,38;18,50;66,34;19,50;73,88;9,16;24,09;33,23;100,00;234,23;0,00;1,55
2014.0;10.0;2014-10-01;BRASPINE;QUEIMADINHO USUCAPIAO;PR;DOUTOR ULYSSES;200,27;92,43;66,34;19,50;73,88;9,16;24,09;33,23;100,00;234,23;0,00;1,55
2014.0;10.0;2014-10-01;BRASPINE;RAMOS;PR;SENGES;69,83;38,15;73,23;19,35;73,30;8,76;24,50;32,76;99,44;229,62;0,00;344,68
2014.0;10.0;2014-10-01;BRASPINE;RIBEIRAO GRANDE;PR;JAGUARIAIVA;20,77;20,77;61,32;19,38;71,16;8,08;26,60;31,77;99,26;209,11;0,00;1,98
2014.0;10.0;2014-10-01;BRASPINE;RINCAO DE BAIXO;;;;;35,68;20,17;68,21;9,07;27,34;32,00;99,07;174,71;0,00;0,63
2014.0;10.0;2014-10-01;BRASPINE;RIO BOMBA;PR;CERRO AZUL;65,03;37,72;96,68;20,74;71,13;10,57;23,29;34,53;99,74;196,34;0,00;3,02
2014.0;10.0;2014-10-01;BRASPINE;RIO DO MEIO;PR;DOUTOR ULYSSES;712,33;389,13;65,66;19,50;73,88;9,16;24,09;33,23;100,00;234,23;0,00;1,55
2014.0;10.0;2014-10-01;BRASPINE;RONDON;PR;JAGUARIAIVA;2899,24;1475,88;63,40;19,29;71,81;8,58;26,69;31,89;99,62;212,26;0,00;1,94
2014.0;10.0;2014-10-01;BRASPINE;SANTA FELICIDADE;;;;;72,11;20,70;74,37;10,75;22,84;35,12;99,99;194,76;0,00;4,28
2014.0;10.0;2014-10-01;BRASPINE;SANTA LIDIA DO CERCADINHO;;;;;36,55;19,83;68,19;8,91;27,49;31,55;99,14;171,18;0,00;2,46
2014.0;10.0;2014-10-01;BRASPINE;SANTO ANTONIO;;;;;68,37;19,24;72,17;8,80;24,66;32,46;99,92;225,17;0,00;13,74
2014.0;10.0;2014-10-01;BRASPINE;SAO JOSE;PR;JANDAIA DO SUL;37,56;37,56;51,62;23,40;63,61;11,85;21,55;35,90;99,60;65,45;0,00;0,74
2014.0;10.0;2014-10-01;BRASPINE;SAO MATHEUS;;;;;102,06;24,64;63,82;12,88;23,47;36,79;97,77;54,51;0,00;0,15
2014.0;10.0;2014-10-01;BRASPINE;SAO PEDRO E SAO PAULO;PR;SAPOPEMA;709,13;323,93;38,04;21,09;66,84;10,16;25,75;33,07;99,33;176,35;0,00;3,96
2014.0;10.0;2014-10-01;BRASPINE;SAO RAFAEL;;;;;91,00;19,29;74,11;9,38;27,11;31,42;99,77;211,21;0,00;0,84
2014.0;10.0;2014-10-01;BRASPINE;SAO RAFAEL - PB;;;;;84,88;19,47;75,34;9,61;24,34;33,70;99,98;234,68;0,00;17,25
2014.0;10.0;2014-10-01;BRASPINE;SERRARIA;PR;DOUTOR ULYSSES;280,88;117,71;81,42;19,47;73,59;9,30;23,89;33,37;99,19;203,71;0,00;1,31
2014.0;10.0;2014-10-01;BRASPINE;SERRO VERDE;;;;;114,55;20,01;71,78;8,62;29,40;30,48;99,70;129,20;0,00;3,07
2014.0;10.0;2014-10-01;BRASPINE;SERTAOZINHO;PR;DOUTOR ULYSSES;16,25;16,25;76,45;19,50;73,88;9,16;24,09;33,23;100,00;234,23;0,00;1,55
2014.0;10.0;2014-10-01;BRASPINE;SITIO BASILIO;PR;JAGUARIAIVA;8,08;8,08;68,42;19,42;70,22;8,33;27,15;31,25;99,00;194,33;0,00;3,35
2014.0;10.0;2014-10-01;BRASPINE;SITIO DAS MARRECAS;PR;DOUTOR ULYSSES;77,49;35,17;79,04;20,15;74,09;9,99;23,51;34,34;99,65;214,94;0,00;0,42
2014.0;10.0;2014-10-01;BRASPINE;SOBRADINHO;SP;BOM SUCESSO DE ITARARE;285,80;123,10;83,17;19,08;73,65;8,94;24,90;32,68;99,98;223,90;0,00;0,25
2014.0;10.0;2014-10-01;BRASPINE;TAQUARAL;PR;JAGUARIAIVA;519,13;31,07;72,66;19,52;71,28;8,46;26,97;31,80;99,46;198,25;0,00;0,18
2014.0;10.0;2014-10-01;BRASPINE;TUCUNDUVA;PR;SENGES;82,21;60,89;66,94;20,07;68,13;9,28;25,54;32,19;98,51;191,08;0,00;14,99
2014.0;10.0;2014-10-01;BRASPINE;TUCUNDUVA - CHAMMA;;;;;70,90;20,07;68,74;9,37;25,49;32,40;98,60;193,61;0,00;17,80
2014.0;10.0;2014-10-01;BRASPINE;VIENA 1;PR;DOUTOR ULYSSES;263,98;178,34;81,83;19,12;73,13;8,61;26,69;32,14;99,65;224,73;0,00;3,86
2014.0;10.0;2014-10-01;BRASPINE;VIENA 2;PR;CERRO AZUL;140,23;96,54;96,44;20,74;71,13;10,57;23,29;34,53;99,74;196,34;0,00;3,02
2014.0;10.0;2014-10-01;BRASPINE;VITORIA;PR;SENGES;50,54;35,69;68,44;19,24;71,68;8,68;25,44;32,07;99,49;225,87;0,00;0,35
2014.0;10.0;2014-10-01;BRASPINE;VIVEIRO;PR;DOUTOR ULYSSES;405,39;261,22;65,41;19,50;73,88;9,16;24,09;33,23;100,00;234,23;0,00;1,55
2014.0;10.0;2014-10-01;BRASPINE;VO LINO;PR;DOUTOR ULYSSES;164,50;97,89;83,82;19,70;73,89;9,58;23,52;33,77;99,24;207,92;0,00;353,71
2014.0;10.0;2014-10-01;BRASPINE;XAXIM VELHO;;;;;89,96;19,05;74,38;8,45;28,87;29,98;100,00;176,96;0,00;0,05
2014.0;11.0;2014-11-01;BRASPINE;AGUA DOCE;PR;JAGUARIAIVA;238,97;121,99;127,94;19,21;82,18;9,83;34,85;28,67;99,89;140,89;0,00;0,24
2014.0;11.0;2014-11-01;BRASPINE;AMATA;;;;;148,07;20,89;80,34;11,49;30,98;32,59;100,00;80,64;0,00;1,67
2014.0;11.0;2014-11-01;BRASPINE;ANTA BRAVA;;;;;130,90;21,98;77,06;12,72;33,01;31,48;99,78;69,58;0,00;2,83
2014.0;11.0;2014-11-01;BRASPINE;ARAPONGAS;PR;SENGES;423,34;263,70;122,58;19,20;84,42;10,27;33,93;29,73;100,00;157,83;0,00;0,98
2014.0;11.0;2014-11-01;BRASPINE;ARROIO CLARO;PR;DOUTOR ULYSSES;275,14;92,00;138,89;19,39;84,35;10,62;34,14;30,38;100,00;100,11;0,00;0,66
2014.0;11.0;2014-11-01;BRASPINE;BARRA GRANDE;PR;DOUTOR ULYSSES;493,79;139,68;129,09;19,67;84,37;10,62;33,58;30,63;100,00;86,82;0,00;0,88
2014.0;11.0;2014-11-01;BRASPINE;BARRA GRANDE - BEMAIS;PR;GUARAPUAVA;299,16;108,61;114,86;19,07;82,35;9,20;39,89;27,52;99,99;124,04;0,00;11,51
2014.0;11.0;2014-11-01;BRASPINE;BARRETOS;PR;JAGUARIAIVA;43,35;32,98;131,26;19,17;83,95;9,91;34,92;29,25;100,00;156,07;0,00;0,01
2014.0;11.0;2014-11-01;BRASPINE;BAU;;;;;121,49;19,18;82,13;10,06;39,92;26,39;99,91;129,99;0,00;0,98
2014.0;11.0;2014-11-01;BRASPINE;BOA VISTA II;PR;PIRAI DO SUL;944,00;535,05;128,77;19,20;83,14;9,73;35,65;28,98;100,00;140,53;0,00;0,79
2014.0;11.0;2014-11-01;BRASPINE;BRASILEIRA;;;;;125,39;19,20;84,42;10,27;33,93;29,73;100,00;157,83;0,00;0,98
2014.0;11.0;2014-11-01;BRASPINE;BURACAO;;;;;160,16;19,20;82,91;9,96;35,97;29,12;99,85;127,41;0,00;5,98
2014.0;11.0;2014-11-01;BRASPINE;BURRINHO;PR;DOUTOR ULYSSES;211,01;100,37;137,70;19,39;84,35;10,62;34,14;30,38;100,00;100,11;0,00;0,66
2014.0;11.0;2014-11-01;BRASPINE;CADEADO I;PR;JAGUARIAIVA;21,07;12,29;124,16;19,03;84,20;9,99;34,29;29,24;100,00;154,98;0,00;3,17
2014.0;11.0;2014-11-01;BRASPINE;CADEADO II;PR;JAGUARIAIVA;21,88;16,79;124,16;19,03;84,20;9,99;34,29;29,24;100,00;154,98;0,00;3,17
2014.0;11.0;2014-11-01;BRASPINE;CAMPINA ALTA;PR;TIBAGI;29,77;18,24;139,39;20,55;79,27;10,28;32,51;29,74;99,88;87,35;0,00;0,79
2014.0;11.0;2014-11-01;BRASPINE;CAMPINA DO ELIAS;PR;JAGUARIAIVA;29,17;14,65;130,79;19,12;84,04;9,94;34,69;29,24;100,00;155,68;0,00;4,84
2014.0;11.0;2014-11-01;BRASPINE;CAMPO NOVO;PR;JAGUARIAIVA;295,98;156,36;125,20;19,03;84,20;9,99;34,29;29,24;100,00;154,98;0,00;3,17
2014.0;11.0;2014-11-01;BRASPINE;CONSULTORIA II A;PR;DOUTOR ULYSSES;89,62;60,79;126,99;19,20;84,42;10,27;33,93;29,73;100,00;157,83;0,00;0,98
2014.0;11.0;2014-11-01;BRASPINE;DINIZ;;;;;130,52;19,20;84,42;10,27;33,93;29,73;100,00;157,83;0,00;0,98
2014.0;11.0;2014-11-01;BRASPINE;ENES;PR;JAGUARIAIVA;5,93;5,69;125,55;19,03;84,20;9,99;34,29;29,24;100,00;154,98;0,00;3,17
2014.0;11.0;2014-11-01;BRASPINE;ENGENHARIA;;;;;130,52;19,20;84,42;10,27;33,93;29,73;100,00;157,83;0,00;0,98
2014.0;11.0;2014-11-01;BRASPINE;ESTACAO;PR;SENGES;4,76;4,14;119,77;19,03;84,20;9,99;34,29;29,24;100,00;154,98;0,00;3,17
2014.0;11.0;2014-11-01;BRASPINE;FAXINAL;PR;JAGUARIAIVA;20,65;20,65;125,55;19,03;84,20;9,99;34,29;29,24;100,00;154,98;0,00;3,17
2014.0;11.0;2014-11-01;BRASPINE;FEITAL;PR;DOUTOR ULYSSES;154,17;86,53;123,56;19,36;84,40;10,39;33,81;30,03;100,00;129,49;0,00;0,29
2014.0;11.0;2014-11-01;BRASPINE;FIGUEIRA;PR;DOUTOR ULYSSES;1053,81;315,71;130,12;19,39;84,35;10,62;34,14;30,38;100,00;100,11;0,00;0,66
2014.0;11.0;2014-11-01;BRASPINE;FIGUEIRINHA;PR;DOUTOR ULYSSES;94,37;56,74;132,69;19,39;84,35;10,62;34,14;30,38;100,00;100,11;0,00;0,66
2014.0;11.0;2014-11-01;BRASPINE;FLOEMA;PR;DOUTOR ULYSSES;2189,88;701,43;126,63;18,92;84,40;10,12;34,76;29,49;100,00;153,58;0,00;1,83
2014.0;11.0;2014-11-01;BRASPINE;FLOEMA I - SUDATI;;;;;117,37;19,20;84,42;10,27;33,93;29,73;100,00;157,83;0,00;0,98
2014.0;11.0;2014-11-01;BRASPINE;FLOEMA II - SUDATI;PR;DOUTOR ULYSSES;453,83;211,13;128,42;19,20;84,42;10,27;33,93;29,73;100,00;157,83;0,00;0,98
2014.0;11.0;2014-11-01;BRASPINE;FLOR DA SERRA;PR;SAO JOSE DA BOA VISTA;209,10;128,72;118,53;21,42;75,12;12,30;28,08;30,59;99,80;82,39;0,00;1,92
2014.0;11.0;2014-11-01;BRASPINE;GENTIL;PR;JAGUARIAIVA;126,77;53,33;132,32;19,00;82,00;9,58;35,06;28,20;99,64;168,00;0,00;0,85
2014.0;11.0;2014-11-01;BRASPINE;GUAIRACA;PR;GUARAPUAVA;623,62;169,31;121,20;19,18;82,44;9,24;41,26;27,81;100,00;125,12;0,00;0,06
2014.0;11.0;2014-11-01;BRASPINE;HERVAL 2 - MADALOSSO;;;;;163,15;19,20;82,91;9,96;35,97;29,12;99,85;127,41;0,00;5,98
2014.0;11.0;2014-11-01;BRASPINE;HERVAL DE BAIXO;PR;RESERVA;827,29;475,92;138,47;20,55;79,53;9,74;32,26;29,70;99,80;85,31;0,00;1,72
2014.0;11.0;2014-11-01;BRASPINE;HORTO 01;PR;TURVO;19,12;19,12;120,21;19,83;82,14;10,03;40,20;27,71;99,80;97,76;0,00;4,50
2014.0;11.0;2014-11-01;BRASPINE;HORTO 02;PR;TURVO;4,24;4,24;118,87;19,83;82,14;10,03;40,20;27,71;99,80;97,76;0,00;4,50
2014.0;11.0;2014-11-01;BRASPINE;HORTO 03;PR;PRUDENTOPOLIS;80,91;25,89;124,82;20,37;80,99;10,55;38,59;28,66;99,98;88,06;0,00;2,70
2014.0;11.0;2014-11-01;BRASPINE;HORTO 08;PR;TURVO;9,53;9,53;127,37;20,37;80,99;10,55;38,59;28,66;99,98;88,06;0,00;2,70
2014.0;11.0;2014-11-01;BRASPINE;HORTO 12;PR;PRUDENTOPOLIS;12,20;12,20;126,24;20,37;80,99;10,55;38,59;28,66;99,98;88,06;0,00;2,70
2014.0;11.0;2014-11-01;BRASPINE;IZAU;PR;PIRAI DO SUL;19,37;11,60;132,02;18,97;82,76;9,50;35,25;28,33;99,57;167,62;0,00;0,24
2014.0;11.0;2014-11-01;BRASPINE;JOAO RICO;PR;JAGUARIAIVA;47,46;26,18;131,43;19,21;82,18;9,83;34,85;28,67;99,89;140,89;0,00;0,24
2014.0;11.0;2014-11-01;BRASPINE;LAGOA;PR;JAGUARIAIVA;24,10;10,78;128,20;19,03;84,20;9,99;34,29;29,24;100,00;154,98;0,00;3,17
2014.0;11.0;2014-11-01;BRASPINE;MARACANA;PR;JANDAIA DO SUL;11,45;11,45;97,80;22,16;77,78;13,90;29,50;29,80;100,00;42,66;0,00;3,57
2014.0;11.0;2014-11-01;BRASPINE;MARRECA;;;;;122,47;19,39;84,35;10,62;34,14;30,38;100,00;100,11;0,00;0,66
2014.0;11.0;2014-11-01;BRASPINE;MARRECA SP;SP;ITAPIRAPUA PAULISTA;675,30;236,19;138,90;20,07;83,91;11,05;33,64;31,58;100,00;89,39;0,00;2,06
2014.0;11.0;2014-11-01;BRASPINE;MARRECAS;;;;;111,52;18,53;82,89;8,66;39,85;26,95;100,00;147,68;0,00;1,95
2014.0;11.0;2014-11-01;BRASPINE;MERCADINHO;;;;;143,10;20,07;82,37;11,23;32,12;31,49;100,00;90,15;0,00;3,65
2014.0;11.0;2014-11-01;BRASPINE;MONTE ALEGRE;;;;;99,85;22,67;76,90;14,37;30,42;30,28;99,96;28,91;0,00;2,90
2014.0;11.0;2014-11-01;BRASPINE;MONTE TABOR II;;;;;125,20;19,44;84,77;11,14;36,40;30,78;100,00;115,89;0,00;11,32
2014.0;11.0;2014-11-01;BRASPINE;MOREIRA;PR;DOUTOR ULYSSES;230,52;68,68;128,42;19,20;84,42;10,27;33,93;29,73;100,00;157,83;0,00;0,98
2014.0;11.0;2014-11-01;BRASPINE;MOREIRAS II;PR;DOUTOR ULYSSES;66,76;28,75;126,79;19,20;84,42;10,27;33,93;29,73;100,00;157,83;0,00;0,98
2014.0;11.0;2014-11-01;BRASPINE;MORRETES;PR;ORTIGUEIRA;20,36;20,36;137,69;21,10;78,88;9,91;30,64;30,16;99,79;87,69;0,00;3,63
2014.0;11.0;2014-11-01;BRASPINE;MORRO AZUL;;;;;121,57;19,42;84,40;10,34;32,58;30,09;100,00;129,72;0,00;7,80
2014.0;11.0;2014-11-01;BRASPINE;OURO FINO;SP;APIAI;51,70;51,70;118,07;19,14;85,43;10,47;35,48;29,94;100,00;127,18;0,00;15,71
2014.0;11.0;2014-11-01;BRASPINE;PALMEIRINHA DE BAIXO - SOSSEGO;PR;SENGES;85,93;9,22;121,66;18,93;82,69;9,84;32,26;28,35;99,93;154,25;0,00;22,48
2014.0;11.0;2014-11-01;BRASPINE;PAZIN;PR;DOUTOR ULYSSES;41,20;23,90;124,41;19,39;84,35;10,62;34,14;30,38;100,00;100,11;0,00;0,66
2014.0;11.0;2014-11-01;BRASPINE;PEDRAS;PR;CASTRO;7,18;7,18;132,53;19,05;82,99;9,50;38,12;28,33;99,56;168,73;0,00;0,21
2014.0;11.0;2014-11-01;BRASPINE;PESCARIA;PR;SAO JOSE DA BOA VISTA;184,57;129,22;123,38;21,57;74,61;12,33;26,23;30,83;99,86;82,74;0,00;1,89
2014.0;11.0;2014-11-01;BRASPINE;PESSEGUEIRO;PR;DOUTOR ULYSSES;109,95;64,79;123,74;19,20;84,42;10,27;33,93;29,73;100,00;157,83;0,00;0,98
2014.0;11.0;2014-11-01;BRASPINE;PITANGA;;;;;115,83;19,89;81,52;11,12;39,54;27,09;99,83;91,46;0,00;0,14
2014.0;11.0;2014-11-01;BRASPINE;QUEIMADINHO ARROIO CLARO;PR;DOUTOR ULYSSES;48,13;19,09;125,39;19,20;84,42;10,27;33,93;29,73;100,00;157,83;0,00;0,98
2014.0;11.0;2014-11-01;BRASPINE;QUEIMADINHO M6042;PR;DOUTOR ULYSSES;48,38;18,50;125,39;19,20;84,42;10,27;33,93;29,73;100,00;157,83;0,00;0,98
2014.0;11.0;2014-11-01;BRASPINE;QUEIMADINHO USUCAPIAO;PR;DOUTOR ULYSSES;200,27;92,43;125,39;19,20;84,42;10,27;33,93;29,73;100,00;157,83;0,00;0,98
2014.0;11.0;2014-11-01;BRASPINE;RAMOS;PR;SENGES;69,83;38,15;117,37;19,03;84,20;9,99;34,29;29,24;100,00;154,98;0,00;3,17
2014.0;11.0;2014-11-01;BRASPINE;RIBEIRAO GRANDE;PR;JAGUARIAIVA;20,77;20,77;133,11;18,97;82,76;9,50;35,25;28,33;99,57;167,62;0,00;0,24
2014.0;11.0;2014-11-01;BRASPINE;RINCAO DE BAIXO;;;;;150,89;19,91;78,21;10,30;32,44;28,72;99,75;100,30;0,00;2,69
2014.0;11.0;2014-11-01;BRASPINE;RIO BOMBA;PR;CERRO AZUL;65,03;37,72;144,68;20,45;81,12;10,83;31,83;31,67;99,99;91,76;0,00;2,52
2014.0;11.0;2014-11-01;BRASPINE;RIO DO MEIO;PR;DOUTOR ULYSSES;712,33;389,13;126,41;19,20;84,42;10,27;33,93;29,73;100,00;157,83;0,00;0,98
2014.0;11.0;2014-11-01;BRASPINE;RONDON;PR;JAGUARIAIVA;2899,24;1475,88;128,23;18,96;83,10;9,82;33,83;28,42;99,93;154,27;0,00;5,43
2014.0;11.0;2014-11-01;BRASPINE;SANTA FELICIDADE;;;;;123,28;20,47;83,50;11,38;33,51;32,40;100,00;92,10;0,00;0,05
2014.0;11.0;2014-11-01;BRASPINE;SANTA LIDIA DO CERCADINHO;;;;;148,06;19,56;78,30;10,14;32,83;28,23;99,72;128,08;0,00;1,74
2014.0;11.0;2014-11-01;BRASPINE;SANTO ANTONIO;;;;;122,42;18,97;82,90;9,87;31,77;28,82;100,00;154,48;0,00;11,23
2014.0;11.0;2014-11-01;BRASPINE;SAO JOSE;PR;JANDAIA DO SUL;37,56;37,56;99,18;22,51;77,10;14,22;30,31;30,09;99,98;43,52;0,00;3,09
2014.0;11.0;2014-11-01;BRASPINE;SAO MATHEUS;;;;;128,10;23,86;75,55;15,30;31,13;31,83;99,94;0,00;0,00;3,19
2014.0;11.0;2014-11-01;BRASPINE;SAO PEDRO E SAO PAULO;PR;SAPOPEMA;709,13;323,93;127,06;20,85;76,99;11,73;26,27;28,62;99,71;93,02;0,00;1,20
2014.0;11.0;2014-11-01;BRASPINE;SAO RAFAEL;;;;;174,53;19,19;81,04;9,89;37,57;28,58;99,50;141,05;0,00;0,50
2014.0;11.0;2014-11-01;BRASPINE;SAO RAFAEL - PB;;;;;115,52;19,25;85,17;10,49;34,47;30,13;100,00;128,39;0,00;16,72
2014.0;11.0;2014-11-01;BRASPINE;SERRARIA;PR;DOUTOR ULYSSES;280,88;117,71;127,10;19,16;84,38;10,37;34,45;29,93;100,00;142,02;0,00;1,25
2014.0;11.0;2014-11-01;BRASPINE;SERRO VERDE;;;;;121,30;19,54;80,99;10,57;38,83;26,72;99,95;102,90;0,00;0,18
2014.0;11.0;2014-11-01;BRASPINE;SERTAOZINHO;PR;DOUTOR ULYSSES;16,25;16,25;117,05;19,20;84,42;10,27;33,93;29,73;100,00;157,83;0,00;0,98
2014.0;11.0;2014-11-01;BRASPINE;SITIO BASILIO;PR;JAGUARIAIVA;8,08;8,08;127,46;19,07;81,81;9,67;34,95;28,28;99,73;153,96;0,00;0,06
2014.0;11.0;2014-11-01;BRASPINE;SITIO DAS MARRECAS;PR;DOUTOR ULYSSES;77,49;35,17;130,18;19,88;84,04;10,92;33,78;31,24;100,00;88,23;0,00;2,60
2014.0;11.0;2014-11-01;BRASPINE;SOBRADINHO;SP;BOM SUCESSO DE ITARARE;285,80;123,10;113,41;18,86;83,96;9,92;32,64;28,94;100,00;153,90;0,00;16,79
2014.0;11.0;2014-11-01;BRASPINE;TAQUARAL;PR;JAGUARIAIVA;519,13;31,07;126,62;19,15;82,90;9,86;35,06;28,75;100,00;140,84;0,00;327,93
2014.0;11.0;2014-11-01;BRASPINE;TUCUNDUVA;PR;SENGES;82,21;60,89;126,68;19,88;78,49;10,68;29,87;28,98;99,85;101,91;0,00;2,38
2014.0;11.0;2014-11-01;BRASPINE;TUCUNDUVA - CHAMMA;;;;;128,54;19,85;78,91;10,71;29,44;28,99;99,82;102,68;0,00;23,57
2014.0;11.0;2014-11-01;BRASPINE;VIENA 1;PR;DOUTOR ULYSSES;263,98;178,34;133,34;18,82;84,24;9,73;36,45;28,90;100,00;152,21;0,00;3,19
2014.0;11.0;2014-11-01;BRASPINE;VIENA 2;PR;CERRO AZUL;140,23;96,54;144,62;20,45;81,12;10,83;31,83;31,67;99,99;91,76;0,00;2,52
2014.0;11.0;2014-11-01;BRASPINE;VITORIA;PR;SENGES;50,54;35,69;121,66;18,93;82,69;9,84;32,26;28,35;99,93;154,25;0,00;22,48
2014.0;11.0;2014-11-01;BRASPINE;VIVEIRO;PR;DOUTOR ULYSSES;405,39;261,22;126,79;19,20;84,42;10,27;33,93;29,73;100,00;157,83;0,00;0,98
2014.0;11.0;2014-11-01;BRASPINE;VO LINO;PR;DOUTOR ULYSSES;164,50;97,89;127,41;19,39;84,35;10,62;34,14;30,38;100,00;100,11;0,00;0,66
2014.0;11.0;2014-11-01;BRASPINE;XAXIM VELHO;;;;;107,37;18,73;82,63;8,96;40,98;27,15;100,00;151,69;0,00;2,68
2014.0;12.0;2014-12-01;BRASPINE;AGUA DOCE;PR;JAGUARIAIVA;238,97;121,99;171,61;20,31;84,31;12,59;45,97;28,62;99,83;95,80;0,00;6,81
2014.0;12.0;2014-12-01;BRASPINE;AMATA;;;;;162,84;22,26;81,60;15,23;43,69;31,69;100,00;0,00;0,00;10,72
2014.0;12.0;2014-12-01;BRASPINE;ANTA BRAVA;;;;;271,43;23,20;77,29;15,21;38,65;32,62;98,36;0,00;0,00;11,14
2014.0;12.0;2014-12-01;BRASPINE;ARAPONGAS;PR;SENGES;423,34;263,70;190,70;20,54;84,93;13,35;43,57;30,17;100,00;84,18;0,00;0,30
2014.0;12.0;2014-12-01;BRASPINE;ARROIO CLARO;PR;DOUTOR ULYSSES;275,14;92,00;170,00;20,76;84,65;13,68;42,77;30,64;100,00;70,76;0,00;4,61
2014.0;12.0;2014-12-01;BRASPINE;BARRA GRANDE;PR;DOUTOR ULYSSES;493,79;139,68;200,52;21,10;84,65;13,95;42,48;31,08;100,00;57,03;0,00;5,42
2014.0;12.0;2014-12-01;BRASPINE;BARRA GRANDE - BEMAIS;PR;GUARAPUAVA;299,16;108,61;281,01;19,82;85,73;12,10;50,32;27,60;100,00;110,28;0,00;10,29
2014.0;12.0;2014-12-01;BRASPINE;BARRETOS;PR;JAGUARIAIVA;43,35;32,98;187,19;20,42;85,09;12,79;46,28;29,47;99,99;96,30;0,00;7,83
2014.0;12.0;2014-12-01;BRASPINE;BAU;;;;;249,95;19,89;85,66;11,96;52,84;26,60;99,95;111,57;0,00;2,23
2014.0;12.0;2014-12-01;BRASPINE;BOA VISTA II;PR;PIRAI DO SUL;944,00;535,05;201,44;20,38;84,80;12,52;46,42;29,03;99,93;109,99;0,00;10,59
2014.0;12.0;2014-12-01;BRASPINE;BRASILEIRA;;;;;186,71;20,54;84,93;13,35;43,57;30,17;100,00;84,18;0,00;0,30
2014.0;12.0;2014-12-01;BRASPINE;BURACAO;;;;;159,21;20,43;84,28;12,88;48,43;28,93;99,89;97,71;0,00;6,50
2014.0;12.0;2014-12-01;BRASPINE;BURRINHO;PR;DOUTOR ULYSSES;211,01;100,37;171,51;20,76;84,65;13,68;42,77;30,64;100,00;70,76;0,00;4,61
2014.0;12.0;2014-12-01;BRASPINE;CADEADO I;PR;JAGUARIAIVA;21,07;12,29;181,66;20,31;84,94;12,90;45,08;29,59;100,00;96,92;0,00;4,28
2014.0;12.0;2014-12-01;BRASPINE;CADEADO II;PR;JAGUARIAIVA;21,88;16,79;181,66;20,31;84,94;12,90;45,08;29,59;100,00;96,92;0,00;4,28
2014.0;12.0;2014-12-01;BRASPINE;CAMPINA ALTA;PR;TIBAGI;29,77;18,24;205,08;21,35;83,21;13,31;41,90;29,16;99,88;42,15;0,00;7,47
2014.0;12.0;2014-12-01;BRASPINE;CAMPINA DO ELIAS;PR;JAGUARIAIVA;29,17;14,65;203,11;20,38;85,04;12,83;46,15;29,51;99,97;96,51;0,00;6,63
2014.0;12.0;2014-12-01;BRASPINE;CAMPO NOVO;PR;JAGUARIAIVA;295,98;156,36;188,55;20,31;84,94;12,90;45,08;29,59;100,00;96,92;0,00;4,28
2014.0;12.0;2014-12-01;BRASPINE;CONSULTORIA II A;PR;DOUTOR ULYSSES;89,62;60,79;181,32;20,54;84,93;13,35;43,57;30,17;100,00;84,18;0,00;0,30
2014.0;12.0;2014-12-01;BRASPINE;DINIZ;;;;;182,33;20,54;84,93;13,35;43,57;30,17;100,00;84,18;0,00;0,30
2014.0;12.0;2014-12-01;BRASPINE;ENES;PR;JAGUARIAIVA;5,93;5,69;188,28;20,31;84,94;12,90;45,08;29,59;100,00;96,92;0,00;4,28
2014.0;12.0;2014-12-01;BRASPINE;ENGENHARIA;;;;;182,33;20,54;84,93;13,35;43,57;30,17;100,00;84,18;0,00;0,30
2014.0;12.0;2014-12-01;BRASPINE;ESTACAO;PR;SENGES;4,76;4,14;192,10;20,31;84,94;12,90;45,08;29,59;100,00;96,92;0,00;4,28
2014.0;12.0;2014-12-01;BRASPINE;FAXINAL;PR;JAGUARIAIVA;20,65;20,65;188,28;20,31;84,94;12,90;45,08;29,59;100,00;96,92;0,00;4,28
2014.0;12.0;2014-12-01;BRASPINE;FEITAL;PR;DOUTOR ULYSSES;154,17;86,53;185,80;20,73;84,84;13,55;43,20;30,47;100,00;85,23;0,00;7,84
2014.0;12.0;2014-12-01;BRASPINE;FIGUEIRA;PR;DOUTOR ULYSSES;1053,81;315,71;188,51;20,76;84,65;13,68;42,77;30,64;100,00;70,76;0,00;4,61
2014.0;12.0;2014-12-01;BRASPINE;FIGUEIRINHA;PR;DOUTOR ULYSSES;94,37;56,74;184,14;20,76;84,65;13,68;42,77;30,64;100,00;70,76;0,00;4,61
2014.0;12.0;2014-12-01;BRASPINE;FLOEMA;PR;DOUTOR ULYSSES;2189,88;701,43;186,48;20,22;84,84;13,02;44,16;29,69;100,00;97,15;0,00;10,05
2014.0;12.0;2014-12-01;BRASPINE;FLOEMA I - SUDATI;;;;;194,81;20,54;84,93;13,35;43,57;30,17;100,00;84,18;0,00;0,30
2014.0;12.0;2014-12-01;BRASPINE;FLOEMA II - SUDATI;PR;DOUTOR ULYSSES;453,83;211,13;182,60;20,54;84,93;13,35;43,57;30,17;100,00;84,18;0,00;0,30
2014.0;12.0;2014-12-01;BRASPINE;FLOR DA SERRA;PR;SAO JOSE DA BOA VISTA;209,10;128,72;203,80;22,38;78,42;14,98;40,19;30,71;99,52;29,97;0,00;8,25
2014.0;12.0;2014-12-01;BRASPINE;GENTIL;PR;JAGUARIAIVA;126,77;53,33;175,19;20,05;84,45;12,30;46,35;28,08;99,57;108,96;0,00;10,81
2014.0;12.0;2014-12-01;BRASPINE;GUAIRACA;PR;GUARAPUAVA;623,62;169,31;248,59;19,97;85,52;12,15;50,70;27,91;99,99;110,74;0,00;5,28
2014.0;12.0;2014-12-01;BRASPINE;HERVAL 2 - MADALOSSO;;;;;168,35;20,43;84,28;12,88;48,43;28,93;99,89;97,71;0,00;6,50
2014.0;12.0;2014-12-01;BRASPINE;HERVAL DE BAIXO;PR;RESERVA;827,29;475,92;199,54;21,36;83,33;13,30;42,28;29,11;99,81;42,05;0,00;6,73
2014.0;12.0;2014-12-01;BRASPINE;HORTO 01;PR;TURVO;19,12;19,12;272,72;20,54;85,93;12,59;51,33;27,69;99,88;69,54;0,00;1,34
2014.0;12.0;2014-12-01;BRASPINE;HORTO 02;PR;TURVO;4,24;4,24;271,32;20,54;85,93;12,59;51,33;27,69;99,88;69,54;0,00;1,34
2014.0;12.0;2014-12-01;BRASPINE;HORTO 03;PR;PRUDENTOPOLIS;80,91;25,89;276,05;21,04;84,71;13,17;48,57;28,57;99,99;41,99;0,00;0,62
2014.0;12.0;2014-12-01;BRASPINE;HORTO 08;PR;TURVO;9,53;9,53;268,15;21,04;84,71;13,17;48,57;28,57;99,99;41,99;0,00;0,62
2014.0;12.0;2014-12-01;BRASPINE;HORTO 12;PR;PRUDENTOPOLIS;12,20;12,20;275,54;21,04;84,71;13,17;48,57;28,57;99,99;41,99;0,00;0,62
2014.0;12.0;2014-12-01;BRASPINE;IZAU;PR;PIRAI DO SUL;19,37;11,60;187,90;20,04;85,03;12,17;46,57;28,31;99,57;107,68;0,00;12,90
2014.0;12.0;2014-12-01;BRASPINE;JOAO RICO;PR;JAGUARIAIVA;47,46;26,18;174,76;20,31;84,31;12,59;45,97;28,62;99,83;95,80;0,00;6,81
2014.0;12.0;2014-12-01;BRASPINE;LAGOA;PR;JAGUARIAIVA;24,10;10,78;182,79;20,31;84,94;12,90;45,08;29,59;100,00;96,92;0,00;4,28
2014.0;12.0;2014-12-01;BRASPINE;MARACANA;PR;JANDAIA DO SUL;11,45;11,45;285,82;22,98;81,63;15,80;42,02;30,28;99,94;0,00;0,00;0,80
2014.0;12.0;2014-12-01;BRASPINE;MARRECA;;;;;192,10;20,76;84,65;13,68;42,77;30,64;100,00;70,76;0,00;4,61
2014.0;12.0;2014-12-01;BRASPINE;MARRECA SP;SP;ITAPIRAPUA PAULISTA;675,30;236,19;178,33;21,54;84,17;14,42;41,74;31,73;100,00;28,95;0,00;2,07
2014.0;12.0;2014-12-01;BRASPINE;MARRECAS;;;;;267,93;19,31;86,32;11,54;51,10;27,11;100,00;135,45;0,00;3,13
2014.0;12.0;2014-12-01;BRASPINE;MERCADINHO;;;;;168,51;21,44;83,06;14,43;42,89;31,24;100,00;28,94;0,00;2,62
2014.0;12.0;2014-12-01;BRASPINE;MONTE ALEGRE;;;;;279,00;23,51;80,52;16,36;41,73;30,83;99,85;0,00;0,00;0,27
2014.0;12.0;2014-12-01;BRASPINE;MONTE TABOR II;;;;;206,42;20,97;84,19;14,04;42,60;31,40;100,00;57,62;0,00;3,89
2014.0;12.0;2014-12-01;BRASPINE;MOREIRA;PR;DOUTOR ULYSSES;230,52;68,68;182,60;20,54;84,93;13,35;43,57;30,17;100,00;84,18;0,00;0,30
2014.0;12.0;2014-12-01;BRASPINE;MOREIRAS II;PR;DOUTOR ULYSSES;66,76;28,75;181,10;20,54;84,93;13,35;43,57;30,17;100,00;84,18;0,00;0,30
2014.0;12.0;2014-12-01;BRASPINE;MORRETES;PR;ORTIGUEIRA;20,36;20,36;208,54;21,89;82,68;13,69;40,76;29,69;99,77;43,27;0,00;7,82
2014.0;12.0;2014-12-01;BRASPINE;MORRO AZUL;;;;;194,62;20,86;84,66;13,66;42,07;30,78;100,00;70,62;0,00;8,15
2014.0;12.0;2014-12-01;BRASPINE;OURO FINO;SP;APIAI;51,70;51,70;219,32;20,66;85,17;13,56;42,08;30,84;100,00;70,33;0,00;3,30
2014.0;12.0;2014-12-01;BRASPINE;PALMEIRINHA DE BAIXO - SOSSEGO;PR;SENGES;85,93;9,22;186,77;20,14;84,21;12,88;44,77;28,93;99,86;96,94;0,00;11,35
2014.0;12.0;2014-12-01;BRASPINE;PAZIN;PR;DOUTOR ULYSSES;41,20;23,90;187,86;20,76;84,65;13,68;42,77;30,64;100,00;70,76;0,00;4,61
2014.0;12.0;2014-12-01;BRASPINE;PEDRAS;PR;CASTRO;7,18;7,18;207,29;20,13;85,28;12,10;49,22;28,24;99,51;107,78;0,00;17,06
2014.0;12.0;2014-12-01;BRASPINE;PESCARIA;PR;SAO JOSE DA BOA VISTA;184,57;129,22;199,05;22,50;78,26;15,08;37,53;31,02;99,45;0,00;0,00;8,81
2014.0;12.0;2014-12-01;BRASPINE;PESSEGUEIRO;PR;DOUTOR ULYSSES;109,95;64,79;189,90;20,54;84,93;13,35;43,57;30,17;100,00;84,18;0,00;0,30
2014.0;12.0;2014-12-01;BRASPINE;PITANGA;;;;;266,10;20,57;85,44;12,66;53,56;26,97;99,92;55,41;0,00;1,78
2014.0;12.0;2014-12-01;BRASPINE;QUEIMADINHO ARROIO CLARO;PR;DOUTOR ULYSSES;48,13;19,09;186,71;20,54;84,93;13,35;43,57;30,17;100,00;84,18;0,00;0,30
2014.0;12.0;2014-12-01;BRASPINE;QUEIMADINHO M6042;PR;DOUTOR ULYSSES;48,38;18,50;186,71;20,54;84,93;13,35;43,57;30,17;100,00;84,18;0,00;0,30
2014.0;12.0;2014-12-01;BRASPINE;QUEIMADINHO USUCAPIAO;PR;DOUTOR ULYSSES;200,27;92,43;186,71;20,54;84,93;13,35;43,57;30,17;100,00;84,18;0,00;0,30
2014.0;12.0;2014-12-01;BRASPINE;RAMOS;PR;SENGES;69,83;38,15;194,81;20,31;84,94;12,90;45,08;29,59;100,00;96,92;0,00;4,28
2014.0;12.0;2014-12-01;BRASPINE;RIBEIRAO GRANDE;PR;JAGUARIAIVA;20,77;20,77;185,27;20,04;85,03;12,17;46,57;28,31;99,57;107,68;0,00;12,90
2014.0;12.0;2014-12-01;BRASPINE;RINCAO DE BAIXO;;;;;225,15;20,75;82,16;12,86;43,47;28,39;99,53;84,66;0,00;3,57
2014.0;12.0;2014-12-01;BRASPINE;RIO BOMBA;PR;CERRO AZUL;65,03;37,72;167,85;21,76;82,34;14,58;44,46;31,15;100,00;29,26;0,00;10,95
2014.0;12.0;2014-12-01;BRASPINE;RIO DO MEIO;PR;DOUTOR ULYSSES;712,33;389,13;182,60;20,54;84,93;13,35;43,57;30,17;100,00;84,18;0,00;0,30
2014.0;12.0;2014-12-01;BRASPINE;RONDON;PR;JAGUARIAIVA;2899,24;1475,88;182,80;20,16;84,61;12,79;45,83;28,86;99,89;111,46;0,00;4,04
2014.0;12.0;2014-12-01;BRASPINE;SANTA FELICIDADE;;;;;217,03;22,04;83,66;14,89;40,88;32,46;100,00;14,89;0,00;9,98
2014.0;12.0;2014-12-01;BRASPINE;SANTA LIDIA DO CERCADINHO;;;;;218,75;20,42;82,23;12,66;44,11;27,93;99,53;83,09;0,00;2,95
2014.0;12.0;2014-12-01;BRASPINE;SANTO ANTONIO;;;;;187,87;20,24;84,02;13,01;43,34;29,35;100,00;97,13;0,00;7,80
2014.0;12.0;2014-12-01;BRASPINE;SAO JOSE;PR;JANDAIA DO SUL;37,56;37,56;278,09;23,34;80,77;16,20;41,84;30,63;99,90;0,00;0,00;1,06
2014.0;12.0;2014-12-01;BRASPINE;SAO MATHEUS;;;;;212,61;24,68;79,31;17,64;40,83;32,12;99,71;0,00;0,00;3,07
2014.0;12.0;2014-12-01;BRASPINE;SAO PEDRO E SAO PAULO;PR;SAPOPEMA;709,13;323,93;292,02;21,66;80,74;13,97;40,24;29,01;99,66;28,57;0,00;1,44
2014.0;12.0;2014-12-01;BRASPINE;SAO RAFAEL;;;;;169,30;20,36;83,12;12,96;48,03;28,95;99,49;97,33;0,00;9,32
2014.0;12.0;2014-12-01;BRASPINE;SAO RAFAEL - PB;;;;;208,31;20,76;85,01;13,63;41,66;30,93;100,00;55,59;0,00;4,51
2014.0;12.0;2014-12-01;BRASPINE;SERRARIA;PR;DOUTOR ULYSSES;280,88;117,71;198,27;20,49;84,75;13,35;43,46;30,16;100,00;84,09;0,00;1,52
2014.0;12.0;2014-12-01;BRASPINE;SERRO VERDE;;;;;247,51;20,25;84,38;12,27;51,82;26,90;99,95;68,72;0,00;1,98
2014.0;12.0;2014-12-01;BRASPINE;SERTAOZINHO;PR;DOUTOR ULYSSES;16,25;16,25;185,96;20,54;84,93;13,35;43,57;30,17;100,00;84,18;0,00;0,30
2014.0;12.0;2014-12-01;BRASPINE;SITIO BASILIO;PR;JAGUARIAIVA;8,08;8,08;171,48;20,12;84,24;12,42;46,18;28,15;99,64;109,89;0,00;9,07
2014.0;12.0;2014-12-01;BRASPINE;SITIO DAS MARRECAS;PR;DOUTOR ULYSSES;77,49;35,17;190,04;21,32;84,31;14,21;42,04;31,42;100,00;43,27;0,00;3,23
2014.0;12.0;2014-12-01;BRASPINE;SOBRADINHO;SP;BOM SUCESSO DE ITARARE;285,80;123,10;191,55;20,21;84,50;13,04;43,05;29,66;100,00;97,01;0,00;3,90
2014.0;12.0;2014-12-01;BRASPINE;TAQUARAL;PR;JAGUARIAIVA;519,13;31,07;176,01;20,33;84,63;12,73;46,40;28,88;99,99;96,37;0,00;2,70
2014.0;12.0;2014-12-01;BRASPINE;TUCUNDUVA;PR;SENGES;82,21;60,89;174,86;20,91;81,27;13,50;41,70;29,13;99,55;55,79;0,00;5,57
2014.0;12.0;2014-12-01;BRASPINE;TUCUNDUVA - CHAMMA;;;;;181,49;20,92;81,43;13,59;41,73;29,29;99,55;56,01;0,00;1,64
2014.0;12.0;2014-12-01;BRASPINE;VIENA 1;PR;DOUTOR ULYSSES;263,98;178,34;189,06;20,09;85,07;12,67;46,70;29,04;100,00;110,13;0,00;12,18
2014.0;12.0;2014-12-01;BRASPINE;VIENA 2;PR;CERRO AZUL;140,23;96,54;167,92;21,76;82,34;14,58;44,46;31,15;100,00;29,26;0,00;10,95
2014.0;12.0;2014-12-01;BRASPINE;VITORIA;PR;SENGES;50,54;35,69;186,77;20,14;84,21;12,88;44,77;28,93;99,86;96,94;0,00;11,35
2014.0;12.0;2014-12-01;BRASPINE;VIVEIRO;PR;DOUTOR ULYSSES;405,39;261,22;181,10;20,54;84,93;13,35;43,57;30,17;100,00;84,18;0,00;0,30
2014.0;12.0;2014-12-01;BRASPINE;VO LINO;PR;DOUTOR ULYSSES;164,50;97,89;184,66;20,76;84,65;13,68;42,77;30,64;100,00;70,76;0,00;4,61
2014.0;12.0;2014-12-01;BRASPINE;XAXIM VELHO;;;;;257,53;19,46;86,32;11,46;52,76;27,48;100,00;134,68;0,00;9,99
