ANO;MES;DATA;EMPRESA;FAZENDA;UF;MUNICIPIO;AREA_T;AREA_PRODU;PRECIP_CHIRPS_MM;TEMP_MEDIA_C;UMID_MEDIA_PCT;TEMP_MIN_C;UMID_MIN_PCT;TEMP_MAX_C;UMID_MAX_PCT;NOITES_FRIAS_Eucalipto_<15C;NOITES_FRIAS_Pinus_<5C;DIRECAO_VENTO_GRAUS
2009.0;1.0;2009-01-01;BRASPINE;AGUA DOCE;PR;JAGUARIAIVA;238,97;121,99;217,19;19,63;86,09;12,99;38,09;28,04;99,88;109,20;0,00;3,83
2009.0;1.0;2009-01-01;BRASPINE;AMATA;;;;;238,83;21,36;84,76;14,78;34,76;31,66;100,00;29,72;0,00;3,29
2009.0;1.0;2009-01-01;BRASPINE;ANTA BRAVA;;;;;251,89;22,31;82,85;16,09;44,01;31,62;99,47;0,00;0,00;1,75
2009.0;1.0;2009-01-01;BRASPINE;ARAPONGAS;PR;SENGES;423,34;263,70;223,07;19,79;87,22;13,22;38,03;29,28;100,00;96,45;0,00;4,59
2009.0;1.0;2009-01-01;BRASPINE;ARROIO CLARO;PR;DOUTOR ULYSSES;275,14;92,00;241,78;20,00;86,85;13,35;37,57;29,82;100,00;97,82;0,00;0,62
2009.0;1.0;2009-01-01;BRASPINE;BARRA GRANDE;PR;DOUTOR ULYSSES;493,79;139,68;249,60;20,32;87,20;13,80;37,59;30,29;100,00;85,14;0,00;2,04
2009.0;1.0;2009-01-01;BRASPINE;BARRA GRANDE - BEMAIS;PR;GUARAPUAVA;299,16;108,61;161,34;19,10;84,74;11,40;45,67;27,72;99,99;103,18;0,00;0,20
2009.0;1.0;2009-01-01;BRASPINE;BARRETOS;PR;JAGUARIAIVA;43,35;32,98;221,50;19,72;86,89;13,01;38,39;28,84;100,00;94,67;0,00;4,02
2009.0;1.0;2009-01-01;BRASPINE;BAU;;;;;189,38;19,08;85,19;11,35;50,39;26,89;99,89;133,50;0,00;18,30
2009.0;1.0;2009-01-01;BRASPINE;BOA VISTA II;PR;PIRAI DO SUL;944,00;535,05;215,06;19,70;86,41;12,95;38,62;28,53;99,97;93,79;0,00;0,09
2009.0;1.0;2009-01-01;BRASPINE;BRASILEIRA;;;;;240,49;19,79;87,22;13,22;38,03;29,28;100,00;96,45;0,00;4,59
2009.0;1.0;2009-01-01;BRASPINE;BURACAO;;;;;205,75;19,70;85,18;12,85;39,32;29,03;99,86;95,56;0,00;2,70
2009.0;1.0;2009-01-01;BRASPINE;BURRINHO;PR;DOUTOR ULYSSES;211,01;100,37;241,44;20,00;86,85;13,35;37,57;29,82;100,00;97,82;0,00;0,62
2009.0;1.0;2009-01-01;BRASPINE;CADEADO I;PR;JAGUARIAIVA;21,07;12,29;207,17;19,58;87,00;12,93;38,31;28,78;100,00;94,35;0,00;1,01
2009.0;1.0;2009-01-01;BRASPINE;CADEADO II;PR;JAGUARIAIVA;21,88;16,79;207,17;19,58;87,00;12,93;38,31;28,78;100,00;94,35;0,00;1,01
2009.0;1.0;2009-01-01;BRASPINE;CAMPINA ALTA;PR;TIBAGI;29,77;18,24;221,69;20,43;84,77;13,44;40,83;29,47;99,99;83,47;0,00;5,89
2009.0;1.0;2009-01-01;BRASPINE;CAMPINA DO ELIAS;PR;JAGUARIAIVA;29,17;14,65;216,32;19,67;86,93;12,98;38,36;28,82;100,00;94,54;0,00;3,07
2009.0;1.0;2009-01-01;BRASPINE;CAMPO NOVO;PR;JAGUARIAIVA;295,98;156,36;216,08;19,58;87,00;12,93;38,31;28,78;100,00;94,35;0,00;1,01
2009.0;1.0;2009-01-01;BRASPINE;CONSULTORIA II A;PR;DOUTOR ULYSSES;89,62;60,79;234,23;19,79;87,22;13,22;38,03;29,28;100,00;96,45;0,00;4,59
2009.0;1.0;2009-01-01;BRASPINE;DINIZ;;;;;241,60;19,79;87,22;13,22;38,03;29,28;100,00;96,45;0,00;4,59
2009.0;1.0;2009-01-01;BRASPINE;ENES;PR;JAGUARIAIVA;5,93;5,69;214,88;19,58;87,00;12,93;38,31;28,78;100,00;94,35;0,00;1,01
2009.0;1.0;2009-01-01;BRASPINE;ENGENHARIA;;;;;241,60;19,79;87,22;13,22;38,03;29,28;100,00;96,45;0,00;4,59
2009.0;1.0;2009-01-01;BRASPINE;ESTACAO;PR;SENGES;4,76;4,14;219,90;19,58;87,00;12,93;38,31;28,78;100,00;94,35;0,00;1,01
2009.0;1.0;2009-01-01;BRASPINE;FAXINAL;PR;JAGUARIAIVA;20,65;20,65;214,88;19,58;87,00;12,93;38,31;28,78;100,00;94,35;0,00;1,01
2009.0;1.0;2009-01-01;BRASPINE;FEITAL;PR;DOUTOR ULYSSES;154,17;86,53;245,97;19,97;87,21;13,42;37,88;29,62;100,00;97,72;0,00;3,78
2009.0;1.0;2009-01-01;BRASPINE;FIGUEIRA;PR;DOUTOR ULYSSES;1053,81;315,71;228,00;20,00;86,85;13,35;37,57;29,82;100,00;97,82;0,00;0,62
2009.0;1.0;2009-01-01;BRASPINE;FIGUEIRINHA;PR;DOUTOR ULYSSES;94,37;56,74;242,78;20,00;86,85;13,35;37,57;29,82;100,00;97,82;0,00;0,62
2009.0;1.0;2009-01-01;BRASPINE;FLOEMA;PR;DOUTOR ULYSSES;2189,88;701,43;230,77;19,48;86,80;12,78;38,00;28,91;100,00;93,93;0,00;0,04
2009.0;1.0;2009-01-01;BRASPINE;FLOEMA I - SUDATI;;;;;215,47;19,79;87,22;13,22;38,03;29,28;100,00;96,45;0,00;4,59
2009.0;1.0;2009-01-01;BRASPINE;FLOEMA II - SUDATI;PR;DOUTOR ULYSSES;453,83;211,13;224,55;19,79;87,22;13,22;38,03;29,28;100,00;96,45;0,00;4,59
2009.0;1.0;2009-01-01;BRASPINE;FLOR DA SERRA;PR;SAO JOSE DA BOA VISTA;209,10;128,72;213,87;21,60;81,29;15,02;33,93;30,62;99,55;0,00;0,00;0,66
2009.0;1.0;2009-01-01;BRASPINE;GENTIL;PR;JAGUARIAIVA;126,77;53,33;203,62;19,36;85,97;12,68;38,46;27,59;99,57;107,03;0,00;1,31
2009.0;1.0;2009-01-01;BRASPINE;GUAIRACA;PR;GUARAPUAVA;623,62;169,31;153,94;19,27;84,38;11,47;45,69;28,20;99,99;103,88;0,00;1,19
2009.0;1.0;2009-01-01;BRASPINE;HERVAL 2 - MADALOSSO;;;;;193,07;19,70;85,18;12,85;39,32;29,03;99,86;95,56;0,00;2,70
2009.0;1.0;2009-01-01;BRASPINE;HERVAL DE BAIXO;PR;RESERVA;827,29;475,92;225,30;20,44;84,75;13,51;40,90;29,37;99,99;83,03;0,00;3,41
2009.0;1.0;2009-01-01;BRASPINE;HORTO 01;PR;TURVO;19,12;19,12;159,16;19,79;85,43;12,22;49,69;28,01;99,78;107,67;0,00;1,16
2009.0;1.0;2009-01-01;BRASPINE;HORTO 02;PR;TURVO;4,24;4,24;158,89;19,79;85,43;12,22;49,69;28,01;99,78;107,67;0,00;1,16
2009.0;1.0;2009-01-01;BRASPINE;HORTO 03;PR;PRUDENTOPOLIS;80,91;25,89;160,17;20,27;84,35;12,59;45,46;28,97;99,87;95,96;0,00;0,88
2009.0;1.0;2009-01-01;BRASPINE;HORTO 08;PR;TURVO;9,53;9,53;144,47;20,27;84,35;12,59;45,46;28,97;99,87;95,96;0,00;0,88
2009.0;1.0;2009-01-01;BRASPINE;HORTO 12;PR;PRUDENTOPOLIS;12,20;12,20;160,58;20,27;84,35;12,59;45,46;28,97;99,87;95,96;0,00;0,88
2009.0;1.0;2009-01-01;BRASPINE;IZAU;PR;PIRAI DO SUL;19,37;11,60;203,54;19,37;86,30;12,59;37,87;27,83;99,57;106,46;0,00;1,77
2009.0;1.0;2009-01-01;BRASPINE;JOAO RICO;PR;JAGUARIAIVA;47,46;26,18;213,99;19,63;86,09;12,99;38,09;28,04;99,88;109,20;0,00;3,83
2009.0;1.0;2009-01-01;BRASPINE;LAGOA;PR;JAGUARIAIVA;24,10;10,78;215,78;19,58;87,00;12,93;38,31;28,78;100,00;94,35;0,00;1,01
2009.0;1.0;2009-01-01;BRASPINE;MARACANA;PR;JANDAIA DO SUL;11,45;11,45;223,62;21,96;83,70;15,17;39,94;30,75;100,00;0,00;0,00;1,49
2009.0;1.0;2009-01-01;BRASPINE;MARRECA;;;;;237,46;20,00;86,85;13,35;37,57;29,82;100,00;97,82;0,00;0,62
2009.0;1.0;2009-01-01;BRASPINE;MARRECA SP;SP;ITAPIRAPUA PAULISTA;675,30;236,19;249,28;20,76;86,66;14,14;37,47;31,03;100,00;72,35;0,00;1,53
2009.0;1.0;2009-01-01;BRASPINE;MARRECAS;;;;;166,65;18,60;85,12;10,89;46,59;27,15;100,00;128,69;0,00;2,00
2009.0;1.0;2009-01-01;BRASPINE;MERCADINHO;;;;;246,28;20,62;85,74;13,95;35,94;30,69;100,00;72,02;0,00;1,59
2009.0;1.0;2009-01-01;BRASPINE;MONTE ALEGRE;;;;;239,34;22,43;82,88;15,62;39,67;31,27;99,95;0,00;0,00;0,99
2009.0;1.0;2009-01-01;BRASPINE;MONTE TABOR II;;;;;224,32;20,07;87,73;14,18;41,57;29,73;100,00;86,33;0,00;1,92
2009.0;1.0;2009-01-01;BRASPINE;MOREIRA;PR;DOUTOR ULYSSES;230,52;68,68;224,55;19,79;87,22;13,22;38,03;29,28;100,00;96,45;0,00;4,59
2009.0;1.0;2009-01-01;BRASPINE;MOREIRAS II;PR;DOUTOR ULYSSES;66,76;28,75;235,65;19,79;87,22;13,22;38,03;29,28;100,00;96,45;0,00;4,59
2009.0;1.0;2009-01-01;BRASPINE;MORRETES;PR;ORTIGUEIRA;20,36;20,36;226,63;20,92;84,50;13,91;40,85;29,90;99,98;85,77;0,00;4,89
2009.0;1.0;2009-01-01;BRASPINE;MORRO AZUL;;;;;247,48;20,02;87,66;13,83;36,16;29,87;100,00;84,28;0,00;29,05
2009.0;1.0;2009-01-01;BRASPINE;OURO FINO;SP;APIAI;51,70;51,70;230,24;19,83;88,33;13,79;39,71;29,40;100,00;98,88;0,00;27,19
2009.0;1.0;2009-01-01;BRASPINE;PALMEIRINHA DE BAIXO - SOSSEGO;PR;SENGES;85,93;9,22;239,17;19,39;86,78;13,09;35,41;28,07;99,86;109,99;0,00;1,90
2009.0;1.0;2009-01-01;BRASPINE;PAZIN;PR;DOUTOR ULYSSES;41,20;23,90;246,38;20,00;86,85;13,35;37,57;29,82;100,00;97,82;0,00;0,62
2009.0;1.0;2009-01-01;BRASPINE;PEDRAS;PR;CASTRO;7,18;7,18;211,53;19,41;86,54;12,57;40,85;27,87;99,55;106,20;0,00;0,20
2009.0;1.0;2009-01-01;BRASPINE;PESCARIA;PR;SAO JOSE DA BOA VISTA;184,57;129,22;226,02;21,68;81,29;15,26;31,42;30,77;99,56;0,00;0,00;0,87
2009.0;1.0;2009-01-01;BRASPINE;PESSEGUEIRO;PR;DOUTOR ULYSSES;109,95;64,79;233,70;19,79;87,22;13,22;38,03;29,28;100,00;96,45;0,00;4,59
2009.0;1.0;2009-01-01;BRASPINE;PITANGA;;;;;203,79;19,79;84,67;12,20;49,26;27,51;99,80;95,46;0,00;10,27
2009.0;1.0;2009-01-01;BRASPINE;QUEIMADINHO ARROIO CLARO;PR;DOUTOR ULYSSES;48,13;19,09;240,49;19,79;87,22;13,22;38,03;29,28;100,00;96,45;0,00;4,59
2009.0;1.0;2009-01-01;BRASPINE;QUEIMADINHO M6042;PR;DOUTOR ULYSSES;48,38;18,50;240,49;19,79;87,22;13,22;38,03;29,28;100,00;96,45;0,00;4,59
2009.0;1.0;2009-01-01;BRASPINE;QUEIMADINHO USUCAPIAO;PR;DOUTOR ULYSSES;200,27;92,43;240,49;19,79;87,22;13,22;38,03;29,28;100,00;96,45;0,00;4,59
2009.0;1.0;2009-01-01;BRASPINE;RAMOS;PR;SENGES;69,83;38,15;215,47;19,58;87,00;12,93;38,31;28,78;100,00;94,35;0,00;1,01
2009.0;1.0;2009-01-01;BRASPINE;RIBEIRAO GRANDE;PR;JAGUARIAIVA;20,77;20,77;209,81;19,37;86,30;12,59;37,87;27,83;99,57;106,46;0,00;1,77
2009.0;1.0;2009-01-01;BRASPINE;RINCAO DE BAIXO;;;;;231,78;19,89;83,93;13,08;36,95;28,31;99,63;110,71;0,00;6,50
2009.0;1.0;2009-01-01;BRASPINE;RIO BOMBA;PR;CERRO AZUL;65,03;37,72;238,42;20,92;84,82;14,29;35,50;30,98;99,98;73,58;0,00;1,16
2009.0;1.0;2009-01-01;BRASPINE;RIO DO MEIO;PR;DOUTOR ULYSSES;712,33;389,13;236,96;19,79;87,22;13,22;38,03;29,28;100,00;96,45;0,00;4,59
2009.0;1.0;2009-01-01;BRASPINE;RONDON;PR;JAGUARIAIVA;2899,24;1475,88;230,58;19,45;86,74;13,01;37,03;28,01;99,89;109,29;0,00;1,42
2009.0;1.0;2009-01-01;BRASPINE;SANTA FELICIDADE;;;;;255,08;21,20;86,47;14,70;37,70;31,89;100,00;44,48;0,00;0,85
2009.0;1.0;2009-01-01;BRASPINE;SANTA LIDIA DO CERCADINHO;;;;;237,33;19,57;84,05;12,86;36,97;27,79;99,55;108,79;0,00;5,90
2009.0;1.0;2009-01-01;BRASPINE;SANTO ANTONIO;;;;;244,87;19,45;86,92;13,26;36,17;28,49;100,00;110,52;0,00;40,69
2009.0;1.0;2009-01-01;BRASPINE;SAO JOSE;PR;JANDAIA DO SUL;37,56;37,56;239,90;22,28;83,05;15,48;39,79;31,09;99,97;0,00;0,00;1,51
2009.0;1.0;2009-01-01;BRASPINE;SAO MATHEUS;;;;;222,21;23,46;82,66;16,61;40,71;32,45;99,80;0,00;0,00;0,23
2009.0;1.0;2009-01-01;BRASPINE;SAO PEDRO E SAO PAULO;PR;SAPOPEMA;709,13;323,93;297,71;20,86;83,05;14,33;34,15;29,25;99,66;43,43;0,00;4,36
2009.0;1.0;2009-01-01;BRASPINE;SAO RAFAEL;;;;;154,06;19,61;83,37;12,55;39,01;29,44;99,68;111,21;0,00;1,56
2009.0;1.0;2009-01-01;BRASPINE;SAO RAFAEL - PB;;;;;252,89;19,93;88,14;13,89;38,47;29,65;100,00;84,29;0,00;27,63
2009.0;1.0;2009-01-01;BRASPINE;SERRARIA;PR;DOUTOR ULYSSES;280,88;117,71;244,61;19,74;86,82;13,07;37,79;29,36;100,00;95,87;0,00;1,35
2009.0;1.0;2009-01-01;BRASPINE;SERRO VERDE;;;;;198,70;19,43;83,94;11,57;48,61;27,34;99,87;106,54;0,00;2,12
2009.0;1.0;2009-01-01;BRASPINE;SERTAOZINHO;PR;DOUTOR ULYSSES;16,25;16,25;244,10;19,79;87,22;13,22;38,03;29,28;100,00;96,45;0,00;4,59
2009.0;1.0;2009-01-01;BRASPINE;SITIO BASILIO;PR;JAGUARIAIVA;8,08;8,08;215,37;19,43;85,90;12,79;38,54;27,64;99,65;107,80;0,00;0,62
2009.0;1.0;2009-01-01;BRASPINE;SITIO DAS MARRECAS;PR;DOUTOR ULYSSES;77,49;35,17;242,99;20,54;86,72;13,92;37,50;30,69;100,00;86,19;0,00;2,25
2009.0;1.0;2009-01-01;BRASPINE;SOBRADINHO;SP;BOM SUCESSO DE ITARARE;285,80;123,10;236,40;19,40;87,69;13,32;36,70;28,58;100,00;110,61;0,00;40,06
2009.0;1.0;2009-01-01;BRASPINE;TAQUARAL;PR;JAGUARIAIVA;519,13;31,07;241,99;19,63;86,59;13,09;38,37;28,16;100,00;109,86;0,00;0,27
2009.0;1.0;2009-01-01;BRASPINE;TUCUNDUVA;PR;SENGES;82,21;60,89;252,63;20,15;83,93;13,67;33,84;28,78;99,55;100,24;0,00;3,52
2009.0;1.0;2009-01-01;BRASPINE;TUCUNDUVA - CHAMMA;;;;;252,98;20,15;84,21;13,75;32,90;28,96;99,56;85,67;0,00;0,70
2009.0;1.0;2009-01-01;BRASPINE;VIENA 1;PR;DOUTOR ULYSSES;263,98;178,34;226,95;19,37;86,82;12,60;38,85;28,45;100,00;92,50;0,00;0,44
2009.0;1.0;2009-01-01;BRASPINE;VIENA 2;PR;CERRO AZUL;140,23;96,54;238,32;20,92;84,82;14,29;35,50;30,98;99,98;73,58;0,00;1,16
2009.0;1.0;2009-01-01;BRASPINE;VITORIA;PR;SENGES;50,54;35,69;239,17;19,39;86,78;13,09;35,41;28,07;99,86;109,99;0,00;1,90
2009.0;1.0;2009-01-01;BRASPINE;VIVEIRO;PR;DOUTOR ULYSSES;405,39;261,22;235,65;19,79;87,22;13,22;38,03;29,28;100,00;96,45;0,00;4,59
2009.0;1.0;2009-01-01;BRASPINE;VO LINO;PR;DOUTOR ULYSSES;164,50;97,89;238,51;20,00;86,85;13,35;37,57;29,82;100,00;97,82;0,00;0,62
2009.0;1.0;2009-01-01;BRASPINE;XAXIM VELHO;;;;;176,67;18,77;84,95;10,99;47,39;27,66;100,00;115,44;0,00;0,39
2009.0;2.0;2009-02-01;BRASPINE;AGUA DOCE;PR;JAGUARIAIVA;238,97;121,99;160,49;20,82;86,30;13,83;44,30;27,73;99,86;43,35;0,00;5,03
2009.0;2.0;2009-02-01;BRASPINE;AMATA;;;;;171,80;22,37;86,46;14,67;43,61;30,36;100,00;14,67;0,00;0,69
2009.0;2.0;2009-02-01;BRASPINE;ANTA BRAVA;;;;;180,56;23,40;84,06;17,35;46,65;30,42;99,57;0,00;0,00;336,61
2009.0;2.0;2009-02-01;BRASPINE;ARAPONGAS;PR;SENGES;423,34;263,70;157,40;20,85;88,27;14,06;41,00;28,57;100,00;29,00;0,00;2,31
2009.0;2.0;2009-02-01;BRASPINE;ARROIO CLARO;PR;DOUTOR ULYSSES;275,14;92,00;157,41;21,05;88,19;13,84;41,60;28,98;100,00;13,84;0,00;1,88
2009.0;2.0;2009-02-01;BRASPINE;BARRA GRANDE;PR;DOUTOR ULYSSES;493,79;139,68;142,04;21,36;88,39;14,24;40,52;29,31;100,00;14,24;0,00;0,51
2009.0;2.0;2009-02-01;BRASPINE;BARRA GRANDE - BEMAIS;PR;GUARAPUAVA;299,16;108,61;169,56;20,33;86,54;12,94;40,56;27,93;99,99;26,60;0,00;22,81
2009.0;2.0;2009-02-01;BRASPINE;BARRETOS;PR;JAGUARIAIVA;43,35;32,98;160,29;20,86;87,55;13,88;42,53;28,11;99,99;28,62;0,00;0,24
2009.0;2.0;2009-02-01;BRASPINE;BAU;;;;;152,21;20,31;86,57;13,47;45,68;27,22;99,90;41,77;0,00;0,39
2009.0;2.0;2009-02-01;BRASPINE;BOA VISTA II;PR;PIRAI DO SUL;944,00;535,05;161,61;20,89;86,85;13,77;43,97;27,87;99,97;28,42;0,00;2,00
2009.0;2.0;2009-02-01;BRASPINE;BRASILEIRA;;;;;142,13;20,85;88,27;14,06;41,00;28,57;100,00;29,00;0,00;2,31
2009.0;2.0;2009-02-01;BRASPINE;BURACAO;;;;;166,20;20,84;86,36;13,32;45,21;28,14;99,92;13,32;0,00;3,68
2009.0;2.0;2009-02-01;BRASPINE;BURRINHO;PR;DOUTOR ULYSSES;211,01;100,37;157,60;21,05;88,19;13,84;41,60;28,98;100,00;13,84;0,00;1,88
2009.0;2.0;2009-02-01;BRASPINE;CADEADO I;PR;JAGUARIAIVA;21,07;12,29;155,68;20,68;87,87;13,82;41,53;28,14;100,00;28,50;0,00;4,10
2009.0;2.0;2009-02-01;BRASPINE;CADEADO II;PR;JAGUARIAIVA;21,88;16,79;155,68;20,68;87,87;13,82;41,53;28,14;100,00;28,50;0,00;4,10
2009.0;2.0;2009-02-01;BRASPINE;CAMPINA ALTA;PR;TIBAGI;29,77;18,24;225,45;21,73;85,75;14,10;45,38;29,02;99,91;14,10;0,00;4,96
2009.0;2.0;2009-02-01;BRASPINE;CAMPINA DO ELIAS;PR;JAGUARIAIVA;29,17;14,65;163,01;20,80;87,67;13,86;42,17;28,11;99,99;28,58;0,00;5,43
2009.0;2.0;2009-02-01;BRASPINE;CAMPO NOVO;PR;JAGUARIAIVA;295,98;156,36;163,99;20,68;87,87;13,82;41,53;28,14;100,00;28,50;0,00;4,10
2009.0;2.0;2009-02-01;BRASPINE;CONSULTORIA II A;PR;DOUTOR ULYSSES;89,62;60,79;154,71;20,85;88,27;14,06;41,00;28,57;100,00;29,00;0,00;2,31
2009.0;2.0;2009-02-01;BRASPINE;DINIZ;;;;;143,74;20,85;88,27;14,06;41,00;28,57;100,00;29,00;0,00;2,31
2009.0;2.0;2009-02-01;BRASPINE;ENES;PR;JAGUARIAIVA;5,93;5,69;165,01;20,68;87,87;13,82;41,53;28,14;100,00;28,50;0,00;4,10
2009.0;2.0;2009-02-01;BRASPINE;ENGENHARIA;;;;;143,74;20,85;88,27;14,06;41,00;28,57;100,00;29,00;0,00;2,31
2009.0;2.0;2009-02-01;BRASPINE;ESTACAO;PR;SENGES;4,76;4,14;157,43;20,68;87,87;13,82;41,53;28,14;100,00;28,50;0,00;4,10
2009.0;2.0;2009-02-01;BRASPINE;FAXINAL;PR;JAGUARIAIVA;20,65;20,65;165,01;20,68;87,87;13,82;41,53;28,14;100,00;28,50;0,00;4,10
2009.0;2.0;2009-02-01;BRASPINE;FEITAL;PR;DOUTOR ULYSSES;154,17;86,53;142,80;21,02;88,31;14,12;40,84;28,82;100,00;14,12;0,00;1,72
2009.0;2.0;2009-02-01;BRASPINE;FIGUEIRA;PR;DOUTOR ULYSSES;1053,81;315,71;156,80;21,05;88,19;13,84;41,60;28,98;100,00;13,84;0,00;1,88
2009.0;2.0;2009-02-01;BRASPINE;FIGUEIRINHA;PR;DOUTOR ULYSSES;94,37;56,74;157,96;21,05;88,19;13,84;41,60;28,98;100,00;13,84;0,00;1,88
2009.0;2.0;2009-02-01;BRASPINE;FLOEMA;PR;DOUTOR ULYSSES;2189,88;701,43;161,14;20,55;88,07;13,49;42,14;28,18;100,00;28,11;0,00;1,93
2009.0;2.0;2009-02-01;BRASPINE;FLOEMA I - SUDATI;;;;;156,44;20,85;88,27;14,06;41,00;28,57;100,00;29,00;0,00;2,31
2009.0;2.0;2009-02-01;BRASPINE;FLOEMA II - SUDATI;PR;DOUTOR ULYSSES;453,83;211,13;154,84;20,85;88,27;14,06;41,00;28,57;100,00;29,00;0,00;2,31
2009.0;2.0;2009-02-01;BRASPINE;FLOR DA SERRA;PR;SAO JOSE DA BOA VISTA;209,10;128,72;174,05;22,65;82,14;15,42;42,53;29,20;99,55;0,00;0,00;3,68
2009.0;2.0;2009-02-01;BRASPINE;GENTIL;PR;JAGUARIAIVA;126,77;53,33;143,42;20,59;85,99;13,51;45,03;27,36;99,57;27,97;0,00;1,10
2009.0;2.0;2009-02-01;BRASPINE;GUAIRACA;PR;GUARAPUAVA;623,62;169,31;160,99;20,51;86,19;13,11;40,35;28,13;99,98;26,62;0,00;1,71
2009.0;2.0;2009-02-01;BRASPINE;HERVAL 2 - MADALOSSO;;;;;168,00;20,84;86,36;13,32;45,21;28,14;99,92;13,32;0,00;3,68
2009.0;2.0;2009-02-01;BRASPINE;HERVAL DE BAIXO;PR;RESERVA;827,29;475,92;209,82;21,72;86,06;13,87;45,77;28,94;99,84;28,75;0,00;3,74
2009.0;2.0;2009-02-01;BRASPINE;HORTO 01;PR;TURVO;19,12;19,12;171,94;20,94;87,46;13,61;45,73;28,40;99,89;27,36;0,00;0,05
2009.0;2.0;2009-02-01;BRASPINE;HORTO 02;PR;TURVO;4,24;4,24;171,71;20,94;87,46;13,61;45,73;28,40;99,89;27,36;0,00;0,05
2009.0;2.0;2009-02-01;BRASPINE;HORTO 03;PR;PRUDENTOPOLIS;80,91;25,89;176,69;21,44;86,61;13,99;43,39;29,26;99,97;28,12;0,00;11,61
2009.0;2.0;2009-02-01;BRASPINE;HORTO 08;PR;TURVO;9,53;9,53;178,92;21,44;86,61;13,99;43,39;29,26;99,97;28,12;0,00;11,61
2009.0;2.0;2009-02-01;BRASPINE;HORTO 12;PR;PRUDENTOPOLIS;12,20;12,20;181,85;21,44;86,61;13,99;43,39;29,26;99,97;28,12;0,00;11,61
2009.0;2.0;2009-02-01;BRASPINE;IZAU;PR;PIRAI DO SUL;19,37;11,60;156,16;20,62;86,33;13,49;44,29;27,55;99,58;27,86;0,00;2,14
2009.0;2.0;2009-02-01;BRASPINE;JOAO RICO;PR;JAGUARIAIVA;47,46;26,18;151,43;20,82;86,30;13,83;44,30;27,73;99,86;43,35;0,00;5,03
2009.0;2.0;2009-02-01;BRASPINE;LAGOA;PR;JAGUARIAIVA;24,10;10,78;154,65;20,68;87,87;13,82;41,53;28,14;100,00;28,50;0,00;4,10
2009.0;2.0;2009-02-01;BRASPINE;MARACANA;PR;JANDAIA DO SUL;11,45;11,45;265,18;23,10;85,15;16,49;48,92;29,89;99,98;0,00;0,00;3,45
2009.0;2.0;2009-02-01;BRASPINE;MARRECA;;;;;159,62;21,05;88,19;13,84;41,60;28,98;100,00;13,84;0,00;1,88
2009.0;2.0;2009-02-01;BRASPINE;MARRECA SP;SP;ITAPIRAPUA PAULISTA;675,30;236,19;155,80;21,78;88,03;14,48;41,29;30,02;100,00;14,48;0,00;1,61
2009.0;2.0;2009-02-01;BRASPINE;MARRECAS;;;;;148,39;19,82;86,89;12,51;40,30;27,40;100,00;70,29;0,00;2,39
2009.0;2.0;2009-02-01;BRASPINE;MERCADINHO;;;;;157,51;21,64;87,29;14,09;42,25;29,62;100,00;14,09;0,00;1,37
2009.0;2.0;2009-02-01;BRASPINE;MONTE ALEGRE;;;;;244,33;23,62;84,14;17,03;48,85;30,46;99,84;0,00;0,00;6,22
2009.0;2.0;2009-02-01;BRASPINE;MONTE TABOR II;;;;;149,67;21,12;89,04;14,17;42,64;29,19;100,00;14,17;0,00;6,06
2009.0;2.0;2009-02-01;BRASPINE;MOREIRA;PR;DOUTOR ULYSSES;230,52;68,68;154,84;20,85;88,27;14,06;41,00;28,57;100,00;29,00;0,00;2,31
2009.0;2.0;2009-02-01;BRASPINE;MOREIRAS II;PR;DOUTOR ULYSSES;66,76;28,75;154,72;20,85;88,27;14,06;41,00;28,57;100,00;29,00;0,00;2,31
2009.0;2.0;2009-02-01;BRASPINE;MORRETES;PR;ORTIGUEIRA;20,36;20,36;217,77;22,19;86,09;13,97;46,22;29,52;99,81;28,90;0,00;0,68
2009.0;2.0;2009-02-01;BRASPINE;MORRO AZUL;;;;;146,43;21,12;88,56;14,40;38,56;30,29;100,00;14,40;0,00;2,59
2009.0;2.0;2009-02-01;BRASPINE;OURO FINO;SP;APIAI;51,70;51,70;164,19;20,90;89,25;14,21;40,04;28,99;100,00;29,00;0,00;7,12
2009.0;2.0;2009-02-01;BRASPINE;PALMEIRINHA DE BAIXO - SOSSEGO;PR;SENGES;85,93;9,22;147,04;20,51;87,16;13,90;39,57;27,83;99,91;43,18;0,00;9,44
2009.0;2.0;2009-02-01;BRASPINE;PAZIN;PR;DOUTOR ULYSSES;41,20;23,90;148,36;21,05;88,19;13,84;41,60;28,98;100,00;13,84;0,00;1,88
2009.0;2.0;2009-02-01;BRASPINE;PEDRAS;PR;CASTRO;7,18;7,18;155,22;20,69;86,65;13,43;47,00;27,52;99,77;27,86;0,00;0,31
2009.0;2.0;2009-02-01;BRASPINE;PESCARIA;PR;SAO JOSE DA BOA VISTA;184,57;129,22;182,55;22,79;81,92;15,95;40,47;29,69;99,68;0,00;0,00;1,33
2009.0;2.0;2009-02-01;BRASPINE;PESSEGUEIRO;PR;DOUTOR ULYSSES;109,95;64,79;160,14;20,85;88,27;14,06;41,00;28,57;100,00;29,00;0,00;2,31
2009.0;2.0;2009-02-01;BRASPINE;PITANGA;;;;;151,38;20,98;86,32;13,68;46,02;27,96;99,80;28,15;0,00;3,83
2009.0;2.0;2009-02-01;BRASPINE;QUEIMADINHO ARROIO CLARO;PR;DOUTOR ULYSSES;48,13;19,09;142,13;20,85;88,27;14,06;41,00;28,57;100,00;29,00;0,00;2,31
2009.0;2.0;2009-02-01;BRASPINE;QUEIMADINHO M6042;PR;DOUTOR ULYSSES;48,38;18,50;142,13;20,85;88,27;14,06;41,00;28,57;100,00;29,00;0,00;2,31
2009.0;2.0;2009-02-01;BRASPINE;QUEIMADINHO USUCAPIAO;PR;DOUTOR ULYSSES;200,27;92,43;142,13;20,85;88,27;14,06;41,00;28,57;100,00;29,00;0,00;2,31
2009.0;2.0;2009-02-01;BRASPINE;RAMOS;PR;SENGES;69,83;38,15;156,44;20,68;87,87;13,82;41,53;28,14;100,00;28,50;0,00;4,10
2009.0;2.0;2009-02-01;BRASPINE;RIBEIRAO GRANDE;PR;JAGUARIAIVA;20,77;20,77;153,11;20,62;86,33;13,49;44,29;27,55;99,58;27,86;0,00;2,14
2009.0;2.0;2009-02-01;BRASPINE;RINCAO DE BAIXO;;;;;194,10;21,17;84,06;13,83;46,57;27,93;99,93;13,83;0,00;1,52
2009.0;2.0;2009-02-01;BRASPINE;RIO BOMBA;PR;CERRO AZUL;65,03;37,72;155,58;21,93;86,61;14,20;43,41;29,58;100,00;14,20;0,00;3,54
2009.0;2.0;2009-02-01;BRASPINE;RIO DO MEIO;PR;DOUTOR ULYSSES;712,33;389,13;151,38;20,85;88,27;14,06;41,00;28,57;100,00;29,00;0,00;2,31
2009.0;2.0;2009-02-01;BRASPINE;RONDON;PR;JAGUARIAIVA;2899,24;1475,88;149,83;20,58;87,20;13,81;41,58;27,68;99,89;42,85;0,00;15,92
2009.0;2.0;2009-02-01;BRASPINE;SANTA FELICIDADE;;;;;152,24;22,19;87,92;15,46;41,03;30,62;100,00;0,00;0,00;1,08
2009.0;2.0;2009-02-01;BRASPINE;SANTA LIDIA DO CERCADINHO;;;;;190,30;20,83;84,10;13,54;46,72;27,45;99,89;13,54;0,00;0,74
2009.0;2.0;2009-02-01;BRASPINE;SANTO ANTONIO;;;;;151,34;20,54;87,59;13,97;38,33;28,09;100,00;43,04;0,00;4,98
2009.0;2.0;2009-02-01;BRASPINE;SAO JOSE;PR;JANDAIA DO SUL;37,56;37,56;244,58;23,45;84,39;16,86;48,88;30,24;99,91;0,00;0,00;0,53
2009.0;2.0;2009-02-01;BRASPINE;SAO MATHEUS;;;;;199,67;24,75;83,56;18,18;48,87;32,06;99,68;0,00;0,00;1,80
2009.0;2.0;2009-02-01;BRASPINE;SAO PEDRO E SAO PAULO;PR;SAPOPEMA;709,13;323,93;206,17;21,82;84,84;14,52;46,72;28,18;99,65;14,52;0,00;4,16
2009.0;2.0;2009-02-01;BRASPINE;SAO RAFAEL;;;;;185,90;20,76;85,28;12,68;45,70;28,11;99,82;42,14;0,00;4,59
2009.0;2.0;2009-02-01;BRASPINE;SAO RAFAEL - PB;;;;;161,02;21,01;89,05;14,38;39,36;29,05;100,00;14,38;0,00;14,25
2009.0;2.0;2009-02-01;BRASPINE;SERRARIA;PR;DOUTOR ULYSSES;280,88;117,71;158,15;20,80;88,13;13,66;41,87;28,58;100,00;28,57;0,00;1,90
2009.0;2.0;2009-02-01;BRASPINE;SERRO VERDE;;;;;143,80;20,63;85,49;13,41;44,84;27,63;99,92;41,74;0,00;5,26
2009.0;2.0;2009-02-01;BRASPINE;SERTAOZINHO;PR;DOUTOR ULYSSES;16,25;16,25;148,09;20,85;88,27;14,06;41,00;28,57;100,00;29,00;0,00;2,31
2009.0;2.0;2009-02-01;BRASPINE;SITIO BASILIO;PR;JAGUARIAIVA;8,08;8,08;160,38;20,64;85,97;13,61;45,06;27,40;99,65;42,92;0,00;0,27
2009.0;2.0;2009-02-01;BRASPINE;SITIO DAS MARRECAS;PR;DOUTOR ULYSSES;77,49;35,17;158,12;21,57;88,08;14,29;41,38;29,72;100,00;14,29;0,00;1,68
2009.0;2.0;2009-02-01;BRASPINE;SOBRADINHO;SP;BOM SUCESSO DE ITARARE;285,80;123,10;162,65;20,50;88,43;14,05;38,11;28,17;100,00;43,24;0,00;3,85
2009.0;2.0;2009-02-01;BRASPINE;TAQUARAL;PR;JAGUARIAIVA;519,13;31,07;159,81;20,79;86,98;13,88;43,38;27,79;100,00;43,19;0,00;2,34
2009.0;2.0;2009-02-01;BRASPINE;TUCUNDUVA;PR;SENGES;82,21;60,89;161,70;21,29;84,14;14,45;41,44;28,15;99,57;29,03;0,00;0,28
2009.0;2.0;2009-02-01;BRASPINE;TUCUNDUVA - CHAMMA;;;;;167,46;21,29;84,41;14,58;40,64;28,29;99,71;14,58;0,00;10,86
2009.0;2.0;2009-02-01;BRASPINE;VIENA 1;PR;DOUTOR ULYSSES;263,98;178,34;161,12;20,48;87,81;13,44;43,89;27,72;100,00;27,87;0,00;65,10
2009.0;2.0;2009-02-01;BRASPINE;VIENA 2;PR;CERRO AZUL;140,23;96,54;155,31;21,93;86,61;14,20;43,41;29,58;100,00;14,20;0,00;3,54
2009.0;2.0;2009-02-01;BRASPINE;VITORIA;PR;SENGES;50,54;35,69;147,04;20,51;87,16;13,90;39,57;27,83;99,91;43,18;0,00;9,44
2009.0;2.0;2009-02-01;BRASPINE;VIVEIRO;PR;DOUTOR ULYSSES;405,39;261,22;154,72;20,85;88,27;14,06;41,00;28,57;100,00;29,00;0,00;2,31
2009.0;2.0;2009-02-01;BRASPINE;VO LINO;PR;DOUTOR ULYSSES;164,50;97,89;158,98;21,05;88,19;13,84;41,60;28,98;100,00;13,84;0,00;1,88
2009.0;2.0;2009-02-01;BRASPINE;XAXIM VELHO;;;;;146,82;19,98;86,94;12,81;39,47;27,71;100,00;85,72;0,00;0,60
2009.0;3.0;2009-03-01;BRASPINE;AGUA DOCE;PR;JAGUARIAIVA;238,97;121,99;40,94;20,65;82,26;14,18;43,17;28,91;100,00;43,20;0,00;2,28
2009.0;3.0;2009-03-01;BRASPINE;AMATA;;;;;58,58;22,34;82,36;16,81;38,07;32,04;100,00;0,00;0,00;3,96
2009.0;3.0;2009-03-01;BRASPINE;ANTA BRAVA;;;;;96,60;23,24;80,11;16,42;40,09;32,25;98,89;0,00;0,00;3,56
2009.0;3.0;2009-03-01;BRASPINE;ARAPONGAS;PR;SENGES;423,34;263,70;39,89;20,78;84,33;14,92;39,25;30,12;100,00;14,92;0,00;4,00
2009.0;3.0;2009-03-01;BRASPINE;ARROIO CLARO;PR;DOUTOR ULYSSES;275,14;92,00;47,41;20,95;84,51;15,29;38,77;30,45;100,00;0,00;0,00;2,51
2009.0;3.0;2009-03-01;BRASPINE;BARRA GRANDE;PR;DOUTOR ULYSSES;493,79;139,68;54,51;21,31;84,55;15,43;38,21;31,09;100,00;0,00;0,00;0,72
2009.0;3.0;2009-03-01;BRASPINE;BARRA GRANDE - BEMAIS;PR;GUARAPUAVA;299,16;108,61;81,43;19,99;82,35;12,97;42,57;28,63;99,99;99,33;0,00;28,59
2009.0;3.0;2009-03-01;BRASPINE;BARRETOS;PR;JAGUARIAIVA;43,35;32,98;47,12;20,75;83,63;14,56;41,22;29,63;100,00;44,19;0,00;7,85
2009.0;3.0;2009-03-01;BRASPINE;BAU;;;;;79,80;20,04;82,22;11,51;48,62;27,83;99,74;68,49;0,00;1,82
2009.0;3.0;2009-03-01;BRASPINE;BOA VISTA II;PR;PIRAI DO SUL;944,00;535,05;51,63;20,73;83,02;14,21;42,72;29,24;100,00;43,38;0,00;0,78
2009.0;3.0;2009-03-01;BRASPINE;BRASILEIRA;;;;;43,10;20,78;84,33;14,92;39,25;30,12;100,00;14,92;0,00;4,00
2009.0;3.0;2009-03-01;BRASPINE;BURACAO;;;;;81,79;20,69;82,80;13,78;42,50;29,19;99,93;42,75;0,00;1,93
2009.0;3.0;2009-03-01;BRASPINE;BURRINHO;PR;DOUTOR ULYSSES;211,01;100,37;47,49;20,95;84,51;15,29;38,77;30,45;100,00;0,00;0,00;2,51
2009.0;3.0;2009-03-01;BRASPINE;CADEADO I;PR;JAGUARIAIVA;21,07;12,29;35,46;20,56;83,98;14,43;40,08;29,64;100,00;43,95;0,00;6,87
2009.0;3.0;2009-03-01;BRASPINE;CADEADO II;PR;JAGUARIAIVA;21,88;16,79;35,46;20,56;83,98;14,43;40,08;29,64;100,00;43,95;0,00;6,87
2009.0;3.0;2009-03-01;BRASPINE;CAMPINA ALTA;PR;TIBAGI;29,77;18,24;83,60;21,51;80,88;13,05;44,06;29,62;100,00;70,56;0,00;0,38
2009.0;3.0;2009-03-01;BRASPINE;CAMPINA DO ELIAS;PR;JAGUARIAIVA;29,17;14,65;46,70;20,68;83,76;14,57;40,81;29,64;100,00;44,10;0,00;7,51
2009.0;3.0;2009-03-01;BRASPINE;CAMPO NOVO;PR;JAGUARIAIVA;295,98;156,36;41,79;20,56;83,98;14,43;40,08;29,64;100,00;43,95;0,00;6,87
2009.0;3.0;2009-03-01;BRASPINE;CONSULTORIA II A;PR;DOUTOR ULYSSES;89,62;60,79;42,37;20,78;84,33;14,92;39,25;30,12;100,00;14,92;0,00;4,00
2009.0;3.0;2009-03-01;BRASPINE;DINIZ;;;;;42,45;20,78;84,33;14,92;39,25;30,12;100,00;14,92;0,00;4,00
2009.0;3.0;2009-03-01;BRASPINE;ENES;PR;JAGUARIAIVA;5,93;5,69;42,04;20,56;83,98;14,43;40,08;29,64;100,00;43,95;0,00;6,87
2009.0;3.0;2009-03-01;BRASPINE;ENGENHARIA;;;;;42,45;20,78;84,33;14,92;39,25;30,12;100,00;14,92;0,00;4,00
2009.0;3.0;2009-03-01;BRASPINE;ESTACAO;PR;SENGES;4,76;4,14;39,08;20,56;83,98;14,43;40,08;29,64;100,00;43,95;0,00;6,87
2009.0;3.0;2009-03-01;BRASPINE;FAXINAL;PR;JAGUARIAIVA;20,65;20,65;42,04;20,56;83,98;14,43;40,08;29,64;100,00;43,95;0,00;6,87
2009.0;3.0;2009-03-01;BRASPINE;FEITAL;PR;DOUTOR ULYSSES;154,17;86,53;43,28;20,96;84,40;15,09;38,90;30,44;100,00;0,00;0,00;2,91
2009.0;3.0;2009-03-01;BRASPINE;FIGUEIRA;PR;DOUTOR ULYSSES;1053,81;315,71;44,48;20,95;84,51;15,29;38,77;30,45;100,00;0,00;0,00;2,51
2009.0;3.0;2009-03-01;BRASPINE;FIGUEIRINHA;PR;DOUTOR ULYSSES;94,37;56,74;56,43;20,95;84,51;15,29;38,77;30,45;100,00;0,00;0,00;2,51
2009.0;3.0;2009-03-01;BRASPINE;FLOEMA;PR;DOUTOR ULYSSES;2189,88;701,43;53,35;20,41;84,31;14,40;39,87;29,50;100,00;29,09;0,00;4,35
2009.0;3.0;2009-03-01;BRASPINE;FLOEMA I - SUDATI;;;;;38,45;20,78;84,33;14,92;39,25;30,12;100,00;14,92;0,00;4,00
2009.0;3.0;2009-03-01;BRASPINE;FLOEMA II - SUDATI;PR;DOUTOR ULYSSES;453,83;211,13;40,26;20,78;84,33;14,92;39,25;30,12;100,00;14,92;0,00;4,00
2009.0;3.0;2009-03-01;BRASPINE;FLOR DA SERRA;PR;SAO JOSE DA BOA VISTA;209,10;128,72;70,23;22,58;76,32;16,06;38,44;31,25;99,63;0,00;0,00;12,61
2009.0;3.0;2009-03-01;BRASPINE;GENTIL;PR;JAGUARIAIVA;126,77;53,33;46,47;20,36;82,10;13,76;44,30;28,47;99,99;71,76;0,00;5,63
2009.0;3.0;2009-03-01;BRASPINE;GUAIRACA;PR;GUARAPUAVA;623,62;169,31;83,60;20,19;81,98;13,02;43,16;28,85;99,99;85,22;0,00;2,40
2009.0;3.0;2009-03-01;BRASPINE;HERVAL 2 - MADALOSSO;;;;;65,86;20,69;82,80;13,78;42,50;29,19;99,93;42,75;0,00;1,93
2009.0;3.0;2009-03-01;BRASPINE;HERVAL DE BAIXO;PR;RESERVA;827,29;475,92;100,03;21,46;81,05;13,03;43,50;29,54;99,99;69,35;0,00;12,59
2009.0;3.0;2009-03-01;BRASPINE;HORTO 01;PR;TURVO;19,12;19,12;76,45;20,64;83,08;12,48;47,15;28,94;99,89;85,40;0,00;346,63
2009.0;3.0;2009-03-01;BRASPINE;HORTO 02;PR;TURVO;4,24;4,24;77,37;20,64;83,08;12,48;47,15;28,94;99,89;85,40;0,00;346,63
2009.0;3.0;2009-03-01;BRASPINE;HORTO 03;PR;PRUDENTOPOLIS;80,91;25,89;71,64;21,22;82,07;13,48;44,33;29,82;100,00;28,11;0,00;7,28
2009.0;3.0;2009-03-01;BRASPINE;HORTO 08;PR;TURVO;9,53;9,53;71,16;21,22;82,07;13,48;44,33;29,82;100,00;28,11;0,00;7,28
2009.0;3.0;2009-03-01;BRASPINE;HORTO 12;PR;PRUDENTOPOLIS;12,20;12,20;68,70;21,22;82,07;13,48;44,33;29,82;100,00;28,11;0,00;7,28
2009.0;3.0;2009-03-01;BRASPINE;IZAU;PR;PIRAI DO SUL;19,37;11,60;44,66;20,42;82,62;14,06;43,60;28,67;99,99;72,57;0,00;2,64
2009.0;3.0;2009-03-01;BRASPINE;JOAO RICO;PR;JAGUARIAIVA;47,46;26,18;44,43;20,65;82,26;14,18;43,17;28,91;100,00;43,20;0,00;2,28
2009.0;3.0;2009-03-01;BRASPINE;LAGOA;PR;JAGUARIAIVA;24,10;10,78;40,75;20,56;83,98;14,43;40,08;29,64;100,00;43,95;0,00;6,87
2009.0;3.0;2009-03-01;BRASPINE;MARACANA;PR;JANDAIA DO SUL;11,45;11,45;111,81;23,16;78,18;15,80;41,27;31,16;99,98;0,00;0,00;0,18
2009.0;3.0;2009-03-01;BRASPINE;MARRECA;;;;;49,53;20,95;84,51;15,29;38,77;30,45;100,00;0,00;0,00;2,51
2009.0;3.0;2009-03-01;BRASPINE;MARRECA SP;SP;ITAPIRAPUA PAULISTA;675,30;236,19;63,15;21,71;84,40;15,78;37,98;31,65;100,00;0,00;0,00;0,35
2009.0;3.0;2009-03-01;BRASPINE;MARRECAS;;;;;84,23;19,43;82,92;12,67;43,03;27,89;100,00;184,43;0,00;189,36
2009.0;3.0;2009-03-01;BRASPINE;MERCADINHO;;;;;52,60;21,58;83,34;15,76;37,76;31,26;100,00;0,00;0,00;0,14
2009.0;3.0;2009-03-01;BRASPINE;MONTE ALEGRE;;;;;114,60;23,67;77,34;16,41;40,28;31,76;99,99;0,00;0,00;4,65
2009.0;3.0;2009-03-01;BRASPINE;MONTE TABOR II;;;;;70,84;21,04;85,72;15,23;40,52;30,80;100,00;0,00;0,00;7,13
2009.0;3.0;2009-03-01;BRASPINE;MOREIRA;PR;DOUTOR ULYSSES;230,52;68,68;40,26;20,78;84,33;14,92;39,25;30,12;100,00;14,92;0,00;4,00
2009.0;3.0;2009-03-01;BRASPINE;MOREIRAS II;PR;DOUTOR ULYSSES;66,76;28,75;42,68;20,78;84,33;14,92;39,25;30,12;100,00;14,92;0,00;4,00
2009.0;3.0;2009-03-01;BRASPINE;MORRETES;PR;ORTIGUEIRA;20,36;20,36;98,59;21,97;80,63;13,45;41,44;30,10;99,96;55,88;0,00;1,75
2009.0;3.0;2009-03-01;BRASPINE;MORRO AZUL;;;;;54,95;21,11;84,42;15,09;37,64;30,87;100,00;0,00;0,00;8,13
2009.0;3.0;2009-03-01;BRASPINE;OURO FINO;SP;APIAI;51,70;51,70;71,31;20,85;85,47;15,18;38,60;30,63;100,00;0,00;0,00;3,51
2009.0;3.0;2009-03-01;BRASPINE;PALMEIRINHA DE BAIXO - SOSSEGO;PR;SENGES;85,93;9,22;60,48;20,46;82,57;14,33;39,50;29,25;99,91;28,89;0,00;28,61
2009.0;3.0;2009-03-01;BRASPINE;PAZIN;PR;DOUTOR ULYSSES;41,20;23,90;47,68;20,95;84,51;15,29;38,77;30,45;100,00;0,00;0,00;2,51
2009.0;3.0;2009-03-01;BRASPINE;PEDRAS;PR;CASTRO;7,18;7,18;51,97;20,48;83,14;13,57;46,70;28,44;100,00;71,82;0,00;2,40
2009.0;3.0;2009-03-01;BRASPINE;PESCARIA;PR;SAO JOSE DA BOA VISTA;184,57;129,22;76,05;22,79;75,97;16,24;37,55;31,59;99,89;0,00;0,00;4,66
2009.0;3.0;2009-03-01;BRASPINE;PESSEGUEIRO;PR;DOUTOR ULYSSES;109,95;64,79;41,87;20,78;84,33;14,92;39,25;30,12;100,00;14,92;0,00;4,00
2009.0;3.0;2009-03-01;BRASPINE;PITANGA;;;;;82,06;20,81;81,44;11,73;47,85;28,60;99,73;25,68;0,00;0,32
2009.0;3.0;2009-03-01;BRASPINE;QUEIMADINHO ARROIO CLARO;PR;DOUTOR ULYSSES;48,13;19,09;43,10;20,78;84,33;14,92;39,25;30,12;100,00;14,92;0,00;4,00
2009.0;3.0;2009-03-01;BRASPINE;QUEIMADINHO M6042;PR;DOUTOR ULYSSES;48,38;18,50;43,10;20,78;84,33;14,92;39,25;30,12;100,00;14,92;0,00;4,00
2009.0;3.0;2009-03-01;BRASPINE;QUEIMADINHO USUCAPIAO;PR;DOUTOR ULYSSES;200,27;92,43;43,10;20,78;84,33;14,92;39,25;30,12;100,00;14,92;0,00;4,00
2009.0;3.0;2009-03-01;BRASPINE;RAMOS;PR;SENGES;69,83;38,15;38,45;20,56;83,98;14,43;40,08;29,64;100,00;43,95;0,00;6,87
2009.0;3.0;2009-03-01;BRASPINE;RIBEIRAO GRANDE;PR;JAGUARIAIVA;20,77;20,77;43,24;20,42;82,62;14,06;43,60;28,67;99,99;72,57;0,00;2,64
2009.0;3.0;2009-03-01;BRASPINE;RINCAO DE BAIXO;;;;;88,36;21,01;79,28;13,20;43,35;28,83;99,69;71,32;0,00;1,09
2009.0;3.0;2009-03-01;BRASPINE;RIO BOMBA;PR;CERRO AZUL;65,03;37,72;60,76;21,87;82,59;15,83;38,26;31,37;99,99;0,00;0,00;4,08
2009.0;3.0;2009-03-01;BRASPINE;RIO DO MEIO;PR;DOUTOR ULYSSES;712,33;389,13;42,79;20,78;84,33;14,92;39,25;30,12;100,00;14,92;0,00;4,00
2009.0;3.0;2009-03-01;BRASPINE;RONDON;PR;JAGUARIAIVA;2899,24;1475,88;43,54;20,46;83,04;14,36;41,23;29,10;99,93;43,73;0,00;1,77
2009.0;3.0;2009-03-01;BRASPINE;SANTA FELICIDADE;;;;;62,84;22,14;84,36;15,89;37,40;32,40;100,00;0,00;0,00;5,69
2009.0;3.0;2009-03-01;BRASPINE;SANTA LIDIA DO CERCADINHO;;;;;82,49;20,65;79,35;13,09;43,81;28,40;99,63;70,42;0,00;0,65
2009.0;3.0;2009-03-01;BRASPINE;SANTO ANTONIO;;;;;57,02;20,54;82,85;14,39;38,57;29,58;100,00;28,99;0,00;1,14
2009.0;3.0;2009-03-01;BRASPINE;SAO JOSE;PR;JANDAIA DO SUL;37,56;37,56;114,33;23,50;77,54;16,25;40,52;31,56;100,00;0,00;0,00;0,03
2009.0;3.0;2009-03-01;BRASPINE;SAO MATHEUS;;;;;95,10;24,79;77,11;16,79;40,29;33,39;99,95;0,00;0,00;0,10
2009.0;3.0;2009-03-01;BRASPINE;SAO PEDRO E SAO PAULO;PR;SAPOPEMA;709,13;323,93;75,39;21,78;77,99;14,59;40,22;29,99;99,66;14,59;0,00;5,65
2009.0;3.0;2009-03-01;BRASPINE;SAO RAFAEL;;;;;42,78;20,63;82,22;14,16;46,85;28,93;99,91;28,50;0,00;0,04
2009.0;3.0;2009-03-01;BRASPINE;SAO RAFAEL - PB;;;;;70,52;20,98;85,15;15,21;37,92;30,80;100,00;0,00;0,00;4,66
2009.0;3.0;2009-03-01;BRASPINE;SERRARIA;PR;DOUTOR ULYSSES;280,88;117,71;54,44;20,68;84,41;14,90;39,32;29,98;100,00;29,89;0,00;3,44
2009.0;3.0;2009-03-01;BRASPINE;SERRO VERDE;;;;;86,25;20,38;81,27;11,43;47,27;28,29;99,63;54,49;0,00;0,25
2009.0;3.0;2009-03-01;BRASPINE;SERTAOZINHO;PR;DOUTOR ULYSSES;16,25;16,25;43,39;20,78;84,33;14,92;39,25;30,12;100,00;14,92;0,00;4,00
2009.0;3.0;2009-03-01;BRASPINE;SITIO BASILIO;PR;JAGUARIAIVA;8,08;8,08;40,71;20,42;81,98;13,75;44,22;28,52;99,99;71,96;0,00;3,62
2009.0;3.0;2009-03-01;BRASPINE;SITIO DAS MARRECAS;PR;DOUTOR ULYSSES;77,49;35,17;57,72;21,49;84,43;15,64;38,20;31,31;100,00;0,00;0,00;0,97
2009.0;3.0;2009-03-01;BRASPINE;SOBRADINHO;SP;BOM SUCESSO DE ITARARE;285,80;123,10;68,08;20,50;83,79;14,43;38,21;29,75;100,00;29,05;0,00;2,80
2009.0;3.0;2009-03-01;BRASPINE;TAQUARAL;PR;JAGUARIAIVA;519,13;31,07;44,10;20,64;82,96;14,43;42,64;29,11;100,00;43,62;0,00;0,19
2009.0;3.0;2009-03-01;BRASPINE;TUCUNDUVA;PR;SENGES;82,21;60,89;56,81;21,16;79,32;14,58;40,22;29,53;99,97;29,44;0,00;19,33
2009.0;3.0;2009-03-01;BRASPINE;TUCUNDUVA - CHAMMA;;;;;57,02;21,21;79,58;14,97;39,51;29,67;99,74;14,97;0,00;19,29
2009.0;3.0;2009-03-01;BRASPINE;VIENA 1;PR;DOUTOR ULYSSES;263,98;178,34;52,26;20,30;84,13;13,89;41,88;28,97;100,00;57,92;0,00;3,09
2009.0;3.0;2009-03-01;BRASPINE;VIENA 2;PR;CERRO AZUL;140,23;96,54;60,55;21,87;82,59;15,83;38,26;31,37;99,99;0,00;0,00;4,08
2009.0;3.0;2009-03-01;BRASPINE;VITORIA;PR;SENGES;50,54;35,69;60,48;20,46;82,57;14,33;39,50;29,25;99,91;28,89;0,00;28,61
2009.0;3.0;2009-03-01;BRASPINE;VIVEIRO;PR;DOUTOR ULYSSES;405,39;261,22;42,68;20,78;84,33;14,92;39,25;30,12;100,00;14,92;0,00;4,00
2009.0;3.0;2009-03-01;BRASPINE;VO LINO;PR;DOUTOR ULYSSES;164,50;97,89;48,17;20,95;84,51;15,29;38,77;30,45;100,00;0,00;0,00;2,51
2009.0;3.0;2009-03-01;BRASPINE;XAXIM VELHO;;;;;84,63;19,65;83,33;12,05;44,80;28,16;100,00;111,45;0,00;23,59
2009.0;4.0;2009-04-01;BRASPINE;AGUA DOCE;PR;JAGUARIAIVA;238,97;121,99;15,04;18,32;79,60;9,87;36,42;25,92;99,70;254,25;0,00;10,57
2009.0;4.0;2009-04-01;BRASPINE;AMATA;;;;;17,30;19,82;79,49;10,36;36,74;28,83;100,00;119,38;0,00;2,36
2009.0;4.0;2009-04-01;BRASPINE;ANTA BRAVA;;;;;39,15;20,88;77,87;13,45;37,84;28,40;99,82;27,80;0,00;6,09
2009.0;4.0;2009-04-01;BRASPINE;ARAPONGAS;PR;SENGES;423,34;263,70;17,18;18,23;82,68;10,09;35,88;26,43;100,00;241,25;0,00;4,16
2009.0;4.0;2009-04-01;BRASPINE;ARROIO CLARO;PR;DOUTOR ULYSSES;275,14;92,00;13,46;18,38;82,70;9,47;36,42;26,90;100,00;229,40;0,00;0,71
2009.0;4.0;2009-04-01;BRASPINE;BARRA GRANDE;PR;DOUTOR ULYSSES;493,79;139,68;16,75;18,76;82,74;10,01;36,09;27,17;100,00;217,29;0,00;1,54
2009.0;4.0;2009-04-01;BRASPINE;BARRA GRANDE - BEMAIS;PR;GUARAPUAVA;299,16;108,61;49,64;17,60;79,10;9,33;38,32;25,55;99,95;259,09;0,00;3,47
2009.0;4.0;2009-04-01;BRASPINE;BARRETOS;PR;JAGUARIAIVA;43,35;32,98;18,97;18,23;82,05;10,54;36,10;26,27;100,00;256,46;0,00;12,08
2009.0;4.0;2009-04-01;BRASPINE;BAU;;;;;58,14;17,91;77,02;10,73;42,36;25,11;99,73;268,81;0,00;6,78
2009.0;4.0;2009-04-01;BRASPINE;BOA VISTA II;PR;PIRAI DO SUL;944,00;535,05;19,48;18,25;81,14;9,96;36,85;26,42;100,00;268,89;0,00;14,45
2009.0;4.0;2009-04-01;BRASPINE;BRASILEIRA;;;;;15,11;18,23;82,68;10,09;35,88;26,43;100,00;241,25;0,00;4,16
2009.0;4.0;2009-04-01;BRASPINE;BURACAO;;;;;18,52;18,06;81,37;9,72;39,94;26,59;99,87;256,83;0,00;1,76
2009.0;4.0;2009-04-01;BRASPINE;BURRINHO;PR;DOUTOR ULYSSES;211,01;100,37;13,42;18,38;82,70;9,47;36,42;26,90;100,00;229,40;0,00;0,71
2009.0;4.0;2009-04-01;BRASPINE;CADEADO I;PR;JAGUARIAIVA;21,07;12,29;16,90;18,02;82,43;10,25;35,75;26,14;100,00;265,60;0,00;9,24
2009.0;4.0;2009-04-01;BRASPINE;CADEADO II;PR;JAGUARIAIVA;21,88;16,79;16,90;18,02;82,43;10,25;35,75;26,14;100,00;265,60;0,00;9,24
2009.0;4.0;2009-04-01;BRASPINE;CAMPINA ALTA;PR;TIBAGI;29,77;18,24;7,74;19,35;75,73;10,19;37,75;27,29;99,95;221,03;0,00;6,38
2009.0;4.0;2009-04-01;BRASPINE;CAMPINA DO ELIAS;PR;JAGUARIAIVA;29,17;14,65;19,01;18,15;82,19;10,43;35,97;26,22;100,00;254,35;0,00;11,08
2009.0;4.0;2009-04-01;BRASPINE;CAMPO NOVO;PR;JAGUARIAIVA;295,98;156,36;19,83;18,02;82,43;10,25;35,75;26,14;100,00;265,60;0,00;9,24
2009.0;4.0;2009-04-01;BRASPINE;CONSULTORIA II A;PR;DOUTOR ULYSSES;89,62;60,79;15,84;18,23;82,68;10,09;35,88;26,43;100,00;241,25;0,00;4,16
2009.0;4.0;2009-04-01;BRASPINE;DINIZ;;;;;13,43;18,23;82,68;10,09;35,88;26,43;100,00;241,25;0,00;4,16
2009.0;4.0;2009-04-01;BRASPINE;ENES;PR;JAGUARIAIVA;5,93;5,69;20,21;18,02;82,43;10,25;35,75;26,14;100,00;265,60;0,00;9,24
2009.0;4.0;2009-04-01;BRASPINE;ENGENHARIA;;;;;13,43;18,23;82,68;10,09;35,88;26,43;100,00;241,25;0,00;4,16
2009.0;4.0;2009-04-01;BRASPINE;ESTACAO;PR;SENGES;4,76;4,14;15,02;18,02;82,43;10,25;35,75;26,14;100,00;265,60;0,00;9,24
2009.0;4.0;2009-04-01;BRASPINE;FAXINAL;PR;JAGUARIAIVA;20,65;20,65;20,21;18,02;82,43;10,25;35,75;26,14;100,00;265,60;0,00;9,24
2009.0;4.0;2009-04-01;BRASPINE;FEITAL;PR;DOUTOR ULYSSES;154,17;86,53;14,35;18,41;82,70;10,06;35,95;26,67;100,00;243,42;0,00;2,66
2009.0;4.0;2009-04-01;BRASPINE;FIGUEIRA;PR;DOUTOR ULYSSES;1053,81;315,71;13,88;18,38;82,70;9,47;36,42;26,90;100,00;229,40;0,00;0,71
2009.0;4.0;2009-04-01;BRASPINE;FIGUEIRINHA;PR;DOUTOR ULYSSES;94,37;56,74;13,08;18,38;82,70;9,47;36,42;26,90;100,00;229,40;0,00;0,71
2009.0;4.0;2009-04-01;BRASPINE;FLOEMA;PR;DOUTOR ULYSSES;2189,88;701,43;17,90;17,84;82,62;9,06;36,16;26,21;100,00;265,23;0,00;0,92
2009.0;4.0;2009-04-01;BRASPINE;FLOEMA I - SUDATI;;;;;15,38;18,23;82,68;10,09;35,88;26,43;100,00;241,25;0,00;4,16
2009.0;4.0;2009-04-01;BRASPINE;FLOEMA II - SUDATI;PR;DOUTOR ULYSSES;453,83;211,13;17,09;18,23;82,68;10,09;35,88;26,43;100,00;241,25;0,00;4,16
2009.0;4.0;2009-04-01;BRASPINE;FLOR DA SERRA;PR;SAO JOSE DA BOA VISTA;209,10;128,72;12,52;20,65;71,40;11,98;32,84;28,18;99,36;152,36;0,00;0,19
2009.0;4.0;2009-04-01;BRASPINE;GENTIL;PR;JAGUARIAIVA;126,77;53,33;15,55;18,01;79,63;9,66;37,28;25,65;99,55;264,18;0,00;14,11
2009.0;4.0;2009-04-01;BRASPINE;GUAIRACA;PR;GUARAPUAVA;623,62;169,31;49,41;17,81;78,58;9,41;37,00;25,58;100,00;248,57;0,00;17,23
2009.0;4.0;2009-04-01;BRASPINE;HERVAL 2 - MADALOSSO;;;;;17,22;18,06;81,37;9,72;39,94;26,59;99,87;256,83;0,00;1,76
2009.0;4.0;2009-04-01;BRASPINE;HERVAL DE BAIXO;PR;RESERVA;827,29;475,92;12,28;19,30;75,89;10,17;37,00;27,17;99,88;216,96;0,00;1,05
2009.0;4.0;2009-04-01;BRASPINE;HORTO 01;PR;TURVO;19,12;19,12;44,49;18,36;78,56;9,41;41,76;26,25;99,82;233,73;0,00;1,24
2009.0;4.0;2009-04-01;BRASPINE;HORTO 02;PR;TURVO;4,24;4,24;45,06;18,36;78,56;9,41;41,76;26,25;99,82;233,73;0,00;1,24
2009.0;4.0;2009-04-01;BRASPINE;HORTO 03;PR;PRUDENTOPOLIS;80,91;25,89;41,24;18,90;77,76;9,23;38,10;27,11;99,80;245,49;0,00;20,78
2009.0;4.0;2009-04-01;BRASPINE;HORTO 08;PR;TURVO;9,53;9,53;45,95;18,90;77,76;9,23;38,10;27,11;99,80;245,49;0,00;20,78
2009.0;4.0;2009-04-01;BRASPINE;HORTO 12;PR;PRUDENTOPOLIS;12,20;12,20;39,13;18,90;77,76;9,23;38,10;27,11;99,80;245,49;0,00;20,78
2009.0;4.0;2009-04-01;BRASPINE;IZAU;PR;PIRAI DO SUL;19,37;11,60;22,12;17,95;80,82;9,88;37,38;25,85;99,66;266,29;0,00;0,31
2009.0;4.0;2009-04-01;BRASPINE;JOAO RICO;PR;JAGUARIAIVA;47,46;26,18;15,70;18,32;79,60;9,87;36,42;25,92;99,70;254,25;0,00;10,57
2009.0;4.0;2009-04-01;BRASPINE;LAGOA;PR;JAGUARIAIVA;24,10;10,78;17,25;18,02;82,43;10,25;35,75;26,14;100,00;265,60;0,00;9,24
2009.0;4.0;2009-04-01;BRASPINE;MARACANA;PR;JANDAIA DO SUL;11,45;11,45;16,19;21,44;70,97;14,77;33,67;28,51;98,21;59,22;0,00;0,26
2009.0;4.0;2009-04-01;BRASPINE;MARRECA;;;;;12,83;18,38;82,70;9,47;36,42;26,90;100,00;229,40;0,00;0,71
2009.0;4.0;2009-04-01;BRASPINE;MARRECA SP;SP;ITAPIRAPUA PAULISTA;675,30;236,19;12,87;19,12;82,47;9,31;36,59;27,93;100,00;144,76;0,00;0,38
2009.0;4.0;2009-04-01;BRASPINE;MARRECAS;;;;;51,63;17,02;79,94;9,23;39,15;24,82;100,00;309,50;0,00;0,18
2009.0;4.0;2009-04-01;BRASPINE;MERCADINHO;;;;;13,00;19,00;81,23;9,75;36,24;27,81;100,00;159,19;0,00;0,58
2009.0;4.0;2009-04-01;BRASPINE;MONTE ALEGRE;;;;;15,12;22,05;69,11;15,10;32,23;29,16;97,02;0,00;0,00;0,06
2009.0;4.0;2009-04-01;BRASPINE;MONTE TABOR II;;;;;18,16;18,28;85,43;10,04;43,76;27,23;99,90;180,73;0,00;11,46
2009.0;4.0;2009-04-01;BRASPINE;MOREIRA;PR;DOUTOR ULYSSES;230,52;68,68;17,09;18,23;82,68;10,09;35,88;26,43;100,00;241,25;0,00;4,16
2009.0;4.0;2009-04-01;BRASPINE;MOREIRAS II;PR;DOUTOR ULYSSES;66,76;28,75;15,66;18,23;82,68;10,09;35,88;26,43;100,00;241,25;0,00;4,16
2009.0;4.0;2009-04-01;BRASPINE;MORRETES;PR;ORTIGUEIRA;20,36;20,36;12,90;19,89;74,81;10,35;35,92;27,96;99,74;191,56;0,00;347,52
2009.0;4.0;2009-04-01;BRASPINE;MORRO AZUL;;;;;14,40;18,56;82,89;9,62;35,60;26,75;99,69;244,21;0,00;13,27
2009.0;4.0;2009-04-01;BRASPINE;OURO FINO;SP;APIAI;51,70;51,70;16,60;18,17;85,02;10,09;40,91;26,73;100,00;240,41;0,00;0,28
2009.0;4.0;2009-04-01;BRASPINE;PALMEIRINHA DE BAIXO - SOSSEGO;PR;SENGES;85,93;9,22;13,21;18,10;80,35;9,67;34,37;25,62;99,53;252,18;0,00;4,06
2009.0;4.0;2009-04-01;BRASPINE;PAZIN;PR;DOUTOR ULYSSES;41,20;23,90;13,62;18,38;82,70;9,47;36,42;26,90;100,00;229,40;0,00;0,71
2009.0;4.0;2009-04-01;BRASPINE;PEDRAS;PR;CASTRO;7,18;7,18;20,98;17,92;81,57;9,21;39,90;25,96;99,72;265,98;0,00;1,97
2009.0;4.0;2009-04-01;BRASPINE;PESCARIA;PR;SAO JOSE DA BOA VISTA;184,57;129,22;11,63;20,82;71,36;11,80;32,94;28,44;98,83;109,96;0,00;2,28
2009.0;4.0;2009-04-01;BRASPINE;PESSEGUEIRO;PR;DOUTOR ULYSSES;109,95;64,79;13,51;18,23;82,68;10,09;35,88;26,43;100,00;241,25;0,00;4,16
2009.0;4.0;2009-04-01;BRASPINE;PITANGA;;;;;59,64;18,73;76,04;11,85;42,58;25,87;99,50;251,63;0,00;5,16
2009.0;4.0;2009-04-01;BRASPINE;QUEIMADINHO ARROIO CLARO;PR;DOUTOR ULYSSES;48,13;19,09;15,11;18,23;82,68;10,09;35,88;26,43;100,00;241,25;0,00;4,16
2009.0;4.0;2009-04-01;BRASPINE;QUEIMADINHO M6042;PR;DOUTOR ULYSSES;48,38;18,50;15,11;18,23;82,68;10,09;35,88;26,43;100,00;241,25;0,00;4,16
2009.0;4.0;2009-04-01;BRASPINE;QUEIMADINHO USUCAPIAO;PR;DOUTOR ULYSSES;200,27;92,43;15,11;18,23;82,68;10,09;35,88;26,43;100,00;241,25;0,00;4,16
2009.0;4.0;2009-04-01;BRASPINE;RAMOS;PR;SENGES;69,83;38,15;15,38;18,02;82,43;10,25;35,75;26,14;100,00;265,60;0,00;9,24
2009.0;4.0;2009-04-01;BRASPINE;RIBEIRAO GRANDE;PR;JAGUARIAIVA;20,77;20,77;21,00;17,95;80,82;9,88;37,38;25,85;99,66;266,29;0,00;0,31
2009.0;4.0;2009-04-01;BRASPINE;RINCAO DE BAIXO;;;;;16,35;18,76;75,35;9,42;36,30;26,41;99,46;221,58;0,00;3,27
2009.0;4.0;2009-04-01;BRASPINE;RIO BOMBA;PR;CERRO AZUL;65,03;37,72;13,88;19,33;79,90;9,92;37,98;28,27;100,00;131,32;0,00;4,71
2009.0;4.0;2009-04-01;BRASPINE;RIO DO MEIO;PR;DOUTOR ULYSSES;712,33;389,13;15,51;18,23;82,68;10,09;35,88;26,43;100,00;241,25;0,00;4,16
2009.0;4.0;2009-04-01;BRASPINE;RONDON;PR;JAGUARIAIVA;2899,24;1475,88;15,68;18,07;80,82;9,84;35,54;25,63;99,78;265,53;0,00;1,61
2009.0;4.0;2009-04-01;BRASPINE;SANTA FELICIDADE;;;;;12,06;19,55;82,30;9,28;37,18;28,57;100,00;115,70;0,00;354,64
2009.0;4.0;2009-04-01;BRASPINE;SANTA LIDIA DO CERCADINHO;;;;;16,02;18,39;75,58;9,12;36,55;25,95;99,46;233,32;0,00;2,22
2009.0;4.0;2009-04-01;BRASPINE;SANTO ANTONIO;;;;;13,96;18,13;80,91;9,09;33,95;25,90;99,34;251,61;0,00;8,33
2009.0;4.0;2009-04-01;BRASPINE;SAO JOSE;PR;JANDAIA DO SUL;37,56;37,56;15,46;21,85;69,59;14,97;32,70;28,91;97,08;14,97;0,00;0,69
2009.0;4.0;2009-04-01;BRASPINE;SAO MATHEUS;;;;;13,04;23,32;67,22;15,43;30,71;30,69;97,06;0,00;0,00;2,42
2009.0;4.0;2009-04-01;BRASPINE;SAO PEDRO E SAO PAULO;PR;SAPOPEMA;709,13;323,93;14,34;19,86;72,04;11,23;34,91;27,26;99,26;188,81;0,00;3,18
2009.0;4.0;2009-04-01;BRASPINE;SAO RAFAEL;;;;;18,74;18,05;80,57;9,88;37,60;26,74;99,83;194,77;0,00;5,62
2009.0;4.0;2009-04-01;BRASPINE;SAO RAFAEL - PB;;;;;15,54;18,34;84,45;9,94;39,31;26,82;100,00;243,77;0,00;3,73
2009.0;4.0;2009-04-01;BRASPINE;SERRARIA;PR;DOUTOR ULYSSES;280,88;117,71;13,50;18,11;82,66;9,26;36,29;26,56;100,00;240,03;0,00;0,82
2009.0;4.0;2009-04-01;BRASPINE;SERRO VERDE;;;;;60,80;18,27;75,94;11,24;41,79;25,47;99,57;274,30;0,00;2,66
2009.0;4.0;2009-04-01;BRASPINE;SERTAOZINHO;PR;DOUTOR ULYSSES;16,25;16,25;15,18;18,23;82,68;10,09;35,88;26,43;100,00;241,25;0,00;4,16
2009.0;4.0;2009-04-01;BRASPINE;SITIO BASILIO;PR;JAGUARIAIVA;8,08;8,08;14,97;18,11;79,25;9,65;37,01;25,66;99,55;249,90;0,00;12,36
2009.0;4.0;2009-04-01;BRASPINE;SITIO DAS MARRECAS;PR;DOUTOR ULYSSES;77,49;35,17;12,96;18,90;82,54;9,36;36,54;27,64;100,00;173,83;0,00;0,47
2009.0;4.0;2009-04-01;BRASPINE;SOBRADINHO;SP;BOM SUCESSO DE ITARARE;285,80;123,10;14,88;17,99;82,51;8,78;35,47;25,96;99,41;250,23;0,00;4,58
2009.0;4.0;2009-04-01;BRASPINE;TAQUARAL;PR;JAGUARIAIVA;519,13;31,07;16,81;18,28;80,47;10,12;36,31;25,90;99,99;253,27;0,00;7,17
2009.0;4.0;2009-04-01;BRASPINE;TUCUNDUVA;PR;SENGES;82,21;60,89;14,55;19,03;75,50;9,61;34,16;26,44;99,04;214,00;0,00;2,16
2009.0;4.0;2009-04-01;BRASPINE;TUCUNDUVA - CHAMMA;;;;;13,74;19,06;76,01;10,17;34,14;26,55;98,99;202,51;0,00;7,75
2009.0;4.0;2009-04-01;BRASPINE;VIENA 1;PR;DOUTOR ULYSSES;263,98;178,34;17,77;17,72;82,60;8,95;37,70;25,96;100,00;262,49;0,00;0,56
2009.0;4.0;2009-04-01;BRASPINE;VIENA 2;PR;CERRO AZUL;140,23;96,54;13,71;19,33;79,90;9,92;37,98;28,27;100,00;131,32;0,00;4,71
2009.0;4.0;2009-04-01;BRASPINE;VITORIA;PR;SENGES;50,54;35,69;13,21;18,10;80,35;9,67;34,37;25,62;99,53;252,18;0,00;4,06
2009.0;4.0;2009-04-01;BRASPINE;VIVEIRO;PR;DOUTOR ULYSSES;405,39;261,22;15,66;18,23;82,68;10,09;35,88;26,43;100,00;241,25;0,00;4,16
2009.0;4.0;2009-04-01;BRASPINE;VO LINO;PR;DOUTOR ULYSSES;164,50;97,89;13,03;18,38;82,70;9,47;36,42;26,90;100,00;229,40;0,00;0,71
2009.0;4.0;2009-04-01;BRASPINE;XAXIM VELHO;;;;;50,00;17,19;80,44;9,76;38,69;25,09;100,00;285,60;0,00;0,30
2009.0;5.0;2009-05-01;BRASPINE;AGUA DOCE;PR;JAGUARIAIVA;238,97;121,99;60,55;16,07;83,85;4,72;49,78;24,77;100,00;313,98;4,72;7,26
2009.0;5.0;2009-05-01;BRASPINE;AMATA;;;;;58,96;17,25;84,81;6,25;45,56;26,99;100,00;283,54;0,00;8,69
2009.0;5.0;2009-05-01;BRASPINE;ANTA BRAVA;;;;;55,27;19,38;78,65;11,55;43,93;27,86;100,00;164,25;0,00;8,98
2009.0;5.0;2009-05-01;BRASPINE;ARAPONGAS;PR;SENGES;423,34;263,70;59,86;16,10;86,60;5,68;46,99;25,22;100,00;348,74;0,00;2,72
2009.0;5.0;2009-05-01;BRASPINE;ARROIO CLARO;PR;DOUTOR ULYSSES;275,14;92,00;61,27;16,22;86,99;5,82;46,21;25,53;100,00;353,67;0,00;3,82
2009.0;5.0;2009-05-01;BRASPINE;BARRA GRANDE;PR;DOUTOR ULYSSES;493,79;139,68;62,45;16,55;86,76;6,20;46,78;25,98;100,00;343,53;0,00;4,34
2009.0;5.0;2009-05-01;BRASPINE;BARRA GRANDE - BEMAIS;PR;GUARAPUAVA;299,16;108,61;100,61;15,09;86,59;3,57;47,08;24,06;100,00;320,25;3,57;5,17
2009.0;5.0;2009-05-01;BRASPINE;BARRETOS;PR;JAGUARIAIVA;43,35;32,98;61,21;16,08;85,69;5,07;47,77;25,07;99,99;345,72;0,00;0,59
2009.0;5.0;2009-05-01;BRASPINE;BAU;;;;;143,77;15,27;85,58;3,42;44,80;23,75;99,92;284,17;3,42;5,31
2009.0;5.0;2009-05-01;BRASPINE;BOA VISTA II;PR;PIRAI DO SUL;944,00;535,05;62,13;16,07;84,90;4,22;48,20;25,05;99,99;328,04;4,22;1,99
2009.0;5.0;2009-05-01;BRASPINE;BRASILEIRA;;;;;62,07;16,10;86,60;5,68;46,99;25,22;100,00;348,74;0,00;2,72
2009.0;5.0;2009-05-01;BRASPINE;BURACAO;;;;;56,39;15,87;85,33;3,38;45,55;25,04;99,86;357,58;3,38;4,03
2009.0;5.0;2009-05-01;BRASPINE;BURRINHO;PR;DOUTOR ULYSSES;211,01;100,37;61,36;16,22;86,99;5,82;46,21;25,53;100,00;353,67;0,00;3,82
2009.0;5.0;2009-05-01;BRASPINE;CADEADO I;PR;JAGUARIAIVA;21,07;12,29;57,06;15,90;86,21;5,48;47,28;24,90;100,00;339,35;0,00;6,78
2009.0;5.0;2009-05-01;BRASPINE;CADEADO II;PR;JAGUARIAIVA;21,88;16,79;57,06;15,90;86,21;5,48;47,28;24,90;100,00;339,35;0,00;6,78
2009.0;5.0;2009-05-01;BRASPINE;CAMPINA ALTA;PR;TIBAGI;29,77;18,24;121,15;16,64;84,07;5,60;47,45;26,00;99,94;331,65;0,00;6,10
2009.0;5.0;2009-05-01;BRASPINE;CAMPINA DO ELIAS;PR;JAGUARIAIVA;29,17;14,65;63,67;16,02;85,88;5,22;47,59;25,01;100,00;343,40;0,00;0,01
2009.0;5.0;2009-05-01;BRASPINE;CAMPO NOVO;PR;JAGUARIAIVA;295,98;156,36;58,26;15,90;86,21;5,48;47,28;24,90;100,00;339,35;0,00;6,78
2009.0;5.0;2009-05-01;BRASPINE;CONSULTORIA II A;PR;DOUTOR ULYSSES;89,62;60,79;64,50;16,10;86,60;5,68;46,99;25,22;100,00;348,74;0,00;2,72
2009.0;5.0;2009-05-01;BRASPINE;DINIZ;;;;;66,59;16,10;86,60;5,68;46,99;25,22;100,00;348,74;0,00;2,72
2009.0;5.0;2009-05-01;BRASPINE;ENES;PR;JAGUARIAIVA;5,93;5,69;58,01;15,90;86,21;5,48;47,28;24,90;100,00;339,35;0,00;6,78
2009.0;5.0;2009-05-01;BRASPINE;ENGENHARIA;;;;;66,59;16,10;86,60;5,68;46,99;25,22;100,00;348,74;0,00;2,72
2009.0;5.0;2009-05-01;BRASPINE;ESTACAO;PR;SENGES;4,76;4,14;59,79;15,90;86,21;5,48;47,28;24,90;100,00;339,35;0,00;6,78
2009.0;5.0;2009-05-01;BRASPINE;FAXINAL;PR;JAGUARIAIVA;20,65;20,65;58,01;15,90;86,21;5,48;47,28;24,90;100,00;339,35;0,00;6,78
2009.0;5.0;2009-05-01;BRASPINE;FEITAL;PR;DOUTOR ULYSSES;154,17;86,53;63,77;16,25;86,66;5,86;46,92;25,48;100,00;352,11;0,00;5,32
2009.0;5.0;2009-05-01;BRASPINE;FIGUEIRA;PR;DOUTOR ULYSSES;1053,81;315,71;62,35;16,22;86,99;5,82;46,21;25,53;100,00;353,67;0,00;3,82
2009.0;5.0;2009-05-01;BRASPINE;FIGUEIRINHA;PR;DOUTOR ULYSSES;94,37;56,74;61,96;16,22;86,99;5,82;46,21;25,53;100,00;353,67;0,00;3,82
2009.0;5.0;2009-05-01;BRASPINE;FLOEMA;PR;DOUTOR ULYSSES;2189,88;701,43;60,37;15,79;86,73;4,76;46,20;24,86;100,00;341,76;4,76;4,93
2009.0;5.0;2009-05-01;BRASPINE;FLOEMA I - SUDATI;;;;;59,18;16,10;86,60;5,68;46,99;25,22;100,00;348,74;0,00;2,72
2009.0;5.0;2009-05-01;BRASPINE;FLOEMA II - SUDATI;PR;DOUTOR ULYSSES;453,83;211,13;62,52;16,10;86,60;5,68;46,99;25,22;100,00;348,74;0,00;2,72
2009.0;5.0;2009-05-01;BRASPINE;FLOR DA SERRA;PR;SAO JOSE DA BOA VISTA;209,10;128,72;71,17;18,02;78,48;8,05;46,87;27,03;99,82;294,31;0,00;35,09
2009.0;5.0;2009-05-01;BRASPINE;GENTIL;PR;JAGUARIAIVA;126,77;53,33;59,42;15,82;83,92;4,08;50,41;24,37;100,00;308,28;4,08;1,57
2009.0;5.0;2009-05-01;BRASPINE;GUAIRACA;PR;GUARAPUAVA;623,62;169,31;94,17;15,18;86,15;3,09;47,49;24,39;100,00;303,42;3,09;21,89
2009.0;5.0;2009-05-01;BRASPINE;HERVAL 2 - MADALOSSO;;;;;57,75;15,87;85,33;3,38;45,55;25,04;99,86;357,58;3,38;4,03
2009.0;5.0;2009-05-01;BRASPINE;HERVAL DE BAIXO;PR;RESERVA;827,29;475,92;140,54;16,57;84,51;5,24;46,94;26,09;99,89;325,87;0,00;2,37
2009.0;5.0;2009-05-01;BRASPINE;HORTO 01;PR;TURVO;19,12;19,12;134,55;15,66;86,28;3,15;48,76;24,62;99,88;310,55;3,15;0,23
2009.0;5.0;2009-05-01;BRASPINE;HORTO 02;PR;TURVO;4,24;4,24;136,37;15,66;86,28;3,15;48,76;24,62;99,88;310,55;3,15;0,23
2009.0;5.0;2009-05-01;BRASPINE;HORTO 03;PR;PRUDENTOPOLIS;80,91;25,89;124,59;16,07;85,91;4,16;48,12;25,29;99,98;305,62;4,16;6,06
2009.0;5.0;2009-05-01;BRASPINE;HORTO 08;PR;TURVO;9,53;9,53;119,65;16,07;85,91;4,16;48,12;25,29;99,98;305,62;4,16;6,06
2009.0;5.0;2009-05-01;BRASPINE;HORTO 12;PR;PRUDENTOPOLIS;12,20;12,20;118,18;16,07;85,91;4,16;48,12;25,29;99,98;305,62;4,16;6,06
2009.0;5.0;2009-05-01;BRASPINE;IZAU;PR;PIRAI DO SUL;19,37;11,60;63,77;15,83;84,58;4,23;49,48;24,51;99,99;325,77;4,23;3,19
2009.0;5.0;2009-05-01;BRASPINE;JOAO RICO;PR;JAGUARIAIVA;47,46;26,18;60,33;16,07;83,85;4,72;49,78;24,77;100,00;313,98;4,72;7,26
2009.0;5.0;2009-05-01;BRASPINE;LAGOA;PR;JAGUARIAIVA;24,10;10,78;59,32;15,90;86,21;5,48;47,28;24,90;100,00;339,35;0,00;6,78
2009.0;5.0;2009-05-01;BRASPINE;MARACANA;PR;JANDAIA DO SUL;11,45;11,45;122,21;18,70;79,93;7,45;44,49;27,70;99,99;214,97;0,00;0,06
2009.0;5.0;2009-05-01;BRASPINE;MARRECA;;;;;62,39;16,22;86,99;5,82;46,21;25,53;100,00;353,67;0,00;3,82
2009.0;5.0;2009-05-01;BRASPINE;MARRECA SP;SP;ITAPIRAPUA PAULISTA;675,30;236,19;65,96;16,82;87,01;6,55;46,24;26,53;100,00;349,44;0,00;0,39
2009.0;5.0;2009-05-01;BRASPINE;MARRECAS;;;;;95,45;14,63;86,96;2,39;46,49;23,57;100,00;320,75;7,18;32,89
2009.0;5.0;2009-05-01;BRASPINE;MERCADINHO;;;;;60,96;16,60;86,10;6,00;45,69;26,19;100,00;358,18;0,00;2,22
2009.0;5.0;2009-05-01;BRASPINE;MONTE ALEGRE;;;;;112,50;19,14;79,02;7,80;42,80;28,38;100,00;83,01;0,00;3,10
2009.0;5.0;2009-05-01;BRASPINE;MONTE TABOR II;;;;;59,54;16,32;87,63;6,79;50,52;25,18;100,00;344,16;0,00;0,42
2009.0;5.0;2009-05-01;BRASPINE;MOREIRA;PR;DOUTOR ULYSSES;230,52;68,68;62,52;16,10;86,60;5,68;46,99;25,22;100,00;348,74;0,00;2,72
2009.0;5.0;2009-05-01;BRASPINE;MOREIRAS II;PR;DOUTOR ULYSSES;66,76;28,75;64,79;16,10;86,60;5,68;46,99;25,22;100,00;348,74;0,00;2,72
2009.0;5.0;2009-05-01;BRASPINE;MORRETES;PR;ORTIGUEIRA;20,36;20,36;139,62;17,05;83,81;4,97;45,05;26,98;99,83;274,44;4,97;0,36
2009.0;5.0;2009-05-01;BRASPINE;MORRO AZUL;;;;;64,66;16,47;86,27;6,50;46,99;25,65;100,00;340,82;0,00;10,92
2009.0;5.0;2009-05-01;BRASPINE;OURO FINO;SP;APIAI;51,70;51,70;56,50;16,26;87,20;6,70;49,72;25,20;100,00;340,84;0,00;4,58
2009.0;5.0;2009-05-01;BRASPINE;PALMEIRINHA DE BAIXO - SOSSEGO;PR;SENGES;85,93;9,22;59,57;16,02;83,95;6,16;48,36;24,49;100,00;345,79;0,00;14,49
2009.0;5.0;2009-05-01;BRASPINE;PAZIN;PR;DOUTOR ULYSSES;41,20;23,90;63,77;16,22;86,99;5,82;46,21;25,53;100,00;353,67;0,00;3,82
2009.0;5.0;2009-05-01;BRASPINE;PEDRAS;PR;CASTRO;7,18;7,18;67,06;15,71;85,41;3,68;49,99;24,57;99,96;335,21;3,68;6,69
2009.0;5.0;2009-05-01;BRASPINE;PESCARIA;PR;SAO JOSE DA BOA VISTA;184,57;129,22;84,16;18,18;78,14;8,42;45,67;27,23;99,82;266,54;0,00;0,47
2009.0;5.0;2009-05-01;BRASPINE;PESSEGUEIRO;PR;DOUTOR ULYSSES;109,95;64,79;62,40;16,10;86,60;5,68;46,99;25,22;100,00;348,74;0,00;2,72
2009.0;5.0;2009-05-01;BRASPINE;PITANGA;;;;;163,32;15,91;85,15;4,23;47,34;24,38;99,84;301,08;4,23;7,01
2009.0;5.0;2009-05-01;BRASPINE;QUEIMADINHO ARROIO CLARO;PR;DOUTOR ULYSSES;48,13;19,09;62,07;16,10;86,60;5,68;46,99;25,22;100,00;348,74;0,00;2,72
2009.0;5.0;2009-05-01;BRASPINE;QUEIMADINHO M6042;PR;DOUTOR ULYSSES;48,38;18,50;62,07;16,10;86,60;5,68;46,99;25,22;100,00;348,74;0,00;2,72
2009.0;5.0;2009-05-01;BRASPINE;QUEIMADINHO USUCAPIAO;PR;DOUTOR ULYSSES;200,27;92,43;62,07;16,10;86,60;5,68;46,99;25,22;100,00;348,74;0,00;2,72
2009.0;5.0;2009-05-01;BRASPINE;RAMOS;PR;SENGES;69,83;38,15;59,18;15,90;86,21;5,48;47,28;24,90;100,00;339,35;0,00;6,78
2009.0;5.0;2009-05-01;BRASPINE;RIBEIRAO GRANDE;PR;JAGUARIAIVA;20,77;20,77;64,41;15,83;84,58;4,23;49,48;24,51;99,99;325,77;4,23;3,19
2009.0;5.0;2009-05-01;BRASPINE;RINCAO DE BAIXO;;;;;85,67;16,09;82,99;3,88;47,60;24,95;99,73;335,48;3,88;1,74
2009.0;5.0;2009-05-01;BRASPINE;RIO BOMBA;PR;CERRO AZUL;65,03;37,72;57,58;16,81;85,29;5,44;45,87;26,49;100,00;331,23;0,00;12,82
2009.0;5.0;2009-05-01;BRASPINE;RIO DO MEIO;PR;DOUTOR ULYSSES;712,33;389,13;64,07;16,10;86,60;5,68;46,99;25,22;100,00;348,74;0,00;2,72
2009.0;5.0;2009-05-01;BRASPINE;RONDON;PR;JAGUARIAIVA;2899,24;1475,88;54,13;15,96;84,54;5,65;49,03;24,52;99,99;343,54;0,00;23,66
2009.0;5.0;2009-05-01;BRASPINE;SANTA FELICIDADE;;;;;62,26;17,16;86,99;7,10;46,39;27,11;100,00;309,26;0,00;0,56
2009.0;5.0;2009-05-01;BRASPINE;SANTA LIDIA DO CERCADINHO;;;;;85,84;15,82;83,10;3,72;47,92;24,47;99,73;330,61;3,72;2,21
2009.0;5.0;2009-05-01;BRASPINE;SANTO ANTONIO;;;;;60,23;16,09;84,25;6,24;47,13;24,77;100,00;345,93;0,00;9,80
2009.0;5.0;2009-05-01;BRASPINE;SAO JOSE;PR;JANDAIA DO SUL;37,56;37,56;112,18;19,00;79,23;7,70;43,17;28,15;100,00;112,44;0,00;5,02
2009.0;5.0;2009-05-01;BRASPINE;SAO MATHEUS;;;;;127,06;19,95;79,11;7,73;40,56;30,06;99,99;68,72;0,00;3,87
2009.0;5.0;2009-05-01;BRASPINE;SAO PEDRO E SAO PAULO;PR;SAPOPEMA;709,13;323,93;100,80;17,39;79,93;6,61;45,90;26,26;99,70;326,01;0,00;0,79
2009.0;5.0;2009-05-01;BRASPINE;SAO RAFAEL;;;;;50,56;15,54;85,02;2,55;48,69;24,55;99,99;334,25;2,55;2,69
2009.0;5.0;2009-05-01;BRASPINE;SAO RAFAEL - PB;;;;;67,86;16,37;86,98;6,74;48,82;25,40;100,00;343,79;0,00;6,12
2009.0;5.0;2009-05-01;BRASPINE;SERRARIA;PR;DOUTOR ULYSSES;280,88;117,71;61,11;16,00;86,86;5,29;46,20;25,19;100,00;347,73;0,00;4,39
2009.0;5.0;2009-05-01;BRASPINE;SERRO VERDE;;;;;142,69;15,58;84,85;3,40;44,05;24,14;99,92;292,88;3,40;3,82
2009.0;5.0;2009-05-01;BRASPINE;SERTAOZINHO;PR;DOUTOR ULYSSES;16,25;16,25;63,88;16,10;86,60;5,68;46,99;25,22;100,00;348,74;0,00;2,72
2009.0;5.0;2009-05-01;BRASPINE;SITIO BASILIO;PR;JAGUARIAIVA;8,08;8,08;60,36;15,89;83,69;4,21;50,53;24,43;100,00;308,96;4,21;0,35
2009.0;5.0;2009-05-01;BRASPINE;SITIO DAS MARRECAS;PR;DOUTOR ULYSSES;77,49;35,17;62,79;16,65;87,00;6,34;46,23;26,24;100,00;346,41;0,00;1,41
2009.0;5.0;2009-05-01;BRASPINE;SOBRADINHO;SP;BOM SUCESSO DE ITARARE;285,80;123,10;65,89;16,05;85,26;6,43;47,42;24,77;100,00;345,16;0,00;4,96
2009.0;5.0;2009-05-01;BRASPINE;TAQUARAL;PR;JAGUARIAIVA;519,13;31,07;56,75;16,08;84,43;5,01;49,50;24,81;100,00;315,17;0,00;3,37
2009.0;5.0;2009-05-01;BRASPINE;TUCUNDUVA;PR;SENGES;82,21;60,89;62,87;16,69;80,75;6,44;48,01;25,27;99,79;345,22;0,00;11,38
2009.0;5.0;2009-05-01;BRASPINE;TUCUNDUVA - CHAMMA;;;;;66,77;16,74;81,02;6,88;48,12;25,24;99,75;347,52;0,00;9,10
2009.0;5.0;2009-05-01;BRASPINE;VIENA 1;PR;DOUTOR ULYSSES;263,98;178,34;59,22;15,70;86,41;4,27;47,46;24,66;100,00;339,45;4,27;5,21
2009.0;5.0;2009-05-01;BRASPINE;VIENA 2;PR;CERRO AZUL;140,23;96,54;57,44;16,81;85,29;5,44;45,87;26,49;100,00;331,23;0,00;12,82
2009.0;5.0;2009-05-01;BRASPINE;VITORIA;PR;SENGES;50,54;35,69;59,57;16,02;83,95;6,16;48,36;24,49;100,00;345,79;0,00;14,49
2009.0;5.0;2009-05-01;BRASPINE;VIVEIRO;PR;DOUTOR ULYSSES;405,39;261,22;64,79;16,10;86,60;5,68;46,99;25,22;100,00;348,74;0,00;2,72
2009.0;5.0;2009-05-01;BRASPINE;VO LINO;PR;DOUTOR ULYSSES;164,50;97,89;62,06;16,22;86,99;5,82;46,21;25,53;100,00;353,67;0,00;3,82
2009.0;5.0;2009-05-01;BRASPINE;XAXIM VELHO;;;;;108,26;14,68;86,85;1,68;48,45;23,95;100,00;290,05;1,68;0,04
2009.0;6.0;2009-06-01;BRASPINE;AGUA DOCE;PR;JAGUARIAIVA;238,97;121,99;70,86;12,15;82,00;1,50;39,05;20,53;99,81;248,42;15,89;0,02
2009.0;6.0;2009-06-01;BRASPINE;AMATA;;;;;55,67;13,07;84,78;0,93;40,43;23,28;100,00;270,01;11,15;5,12
2009.0;6.0;2009-06-01;BRASPINE;ANTA BRAVA;;;;;43,54;15,39;79,17;5,85;38,62;24,23;99,73;334,33;0,00;14,73
2009.0;6.0;2009-06-01;BRASPINE;ARAPONGAS;PR;SENGES;423,34;263,70;72,08;12,28;84,69;1,65;40,52;21,25;100,00;260,45;7,28;3,18
2009.0;6.0;2009-06-01;BRASPINE;ARROIO CLARO;PR;DOUTOR ULYSSES;275,14;92,00;53,76;12,37;85,40;1,74;41,50;21,70;100,00;262,98;7,77;2,04
2009.0;6.0;2009-06-01;BRASPINE;BARRA GRANDE;PR;DOUTOR ULYSSES;493,79;139,68;54,57;12,60;85,05;1,37;40,47;22,18;100,00;265,03;6,90;7,91
2009.0;6.0;2009-06-01;BRASPINE;BARRA GRANDE - BEMAIS;PR;GUARAPUAVA;299,16;108,61;105,55;11,13;85,27;0,21;45,67;20,08;99,99;208,78;24,30;6,50
2009.0;6.0;2009-06-01;BRASPINE;BARRETOS;PR;JAGUARIAIVA;43,35;32,98;71,44;12,26;83,66;1,76;40,62;20,98;99,98;260,79;7,33;1,35
2009.0;6.0;2009-06-01;BRASPINE;BAU;;;;;112,51;11,39;83,58;-0,18;43,30;20,21;99,90;227,96;24,77;3,93
2009.0;6.0;2009-06-01;BRASPINE;BOA VISTA II;PR;PIRAI DO SUL;944,00;535,05;68,28;12,19;82,83;1,16;40,13;20,89;99,97;253,85;10,59;1,91
2009.0;6.0;2009-06-01;BRASPINE;BRASILEIRA;;;;;57,72;12,28;84,69;1,65;40,52;21,25;100,00;260,45;7,28;3,18
2009.0;6.0;2009-06-01;BRASPINE;BURACAO;;;;;67,22;11,97;84,14;0,17;43,94;21,34;99,85;249,90;9,92;11,31
2009.0;6.0;2009-06-01;BRASPINE;BURRINHO;PR;DOUTOR ULYSSES;211,01;100,37;53,74;12,37;85,40;1,74;41,50;21,70;100,00;262,98;7,77;2,04
2009.0;6.0;2009-06-01;BRASPINE;CADEADO I;PR;JAGUARIAIVA;21,07;12,29;68,26;12,15;84,20;1,79;40,59;20,95;100,00;257,02;7,47;1,63
2009.0;6.0;2009-06-01;BRASPINE;CADEADO II;PR;JAGUARIAIVA;21,88;16,79;68,26;12,15;84,20;1,79;40,59;20,95;100,00;257,02;7,47;1,63
2009.0;6.0;2009-06-01;BRASPINE;CAMPINA ALTA;PR;TIBAGI;29,77;18,24;105,54;12,52;84,30;1,22;46,07;21,59;99,85;243,51;18,40;8,04
2009.0;6.0;2009-06-01;BRASPINE;CAMPINA DO ELIAS;PR;JAGUARIAIVA;29,17;14,65;65,86;12,22;83,85;1,77;40,61;20,97;99,99;259,41;7,37;0,46
2009.0;6.0;2009-06-01;BRASPINE;CAMPO NOVO;PR;JAGUARIAIVA;295,98;156,36;72,86;12,15;84,20;1,79;40,59;20,95;100,00;257,02;7,47;1,63
2009.0;6.0;2009-06-01;BRASPINE;CONSULTORIA II A;PR;DOUTOR ULYSSES;89,62;60,79;61,69;12,28;84,69;1,65;40,52;21,25;100,00;260,45;7,28;3,18
2009.0;6.0;2009-06-01;BRASPINE;DINIZ;;;;;61,62;12,28;84,69;1,65;40,52;21,25;100,00;260,45;7,28;3,18
2009.0;6.0;2009-06-01;BRASPINE;ENES;PR;JAGUARIAIVA;5,93;5,69;72,91;12,15;84,20;1,79;40,59;20,95;100,00;257,02;7,47;1,63
2009.0;6.0;2009-06-01;BRASPINE;ENGENHARIA;;;;;61,62;12,28;84,69;1,65;40,52;21,25;100,00;260,45;7,28;3,18
2009.0;6.0;2009-06-01;BRASPINE;ESTACAO;PR;SENGES;4,76;4,14;66,15;12,15;84,20;1,79;40,59;20,95;100,00;257,02;7,47;1,63
2009.0;6.0;2009-06-01;BRASPINE;FAXINAL;PR;JAGUARIAIVA;20,65;20,65;72,91;12,15;84,20;1,79;40,59;20,95;100,00;257,02;7,47;1,63
2009.0;6.0;2009-06-01;BRASPINE;FEITAL;PR;DOUTOR ULYSSES;154,17;86,53;58,09;12,38;84,81;1,55;40,51;21,56;100,00;261,97;7,15;2,04
2009.0;6.0;2009-06-01;BRASPINE;FIGUEIRA;PR;DOUTOR ULYSSES;1053,81;315,71;57,88;12,37;85,40;1,74;41,50;21,70;100,00;262,98;7,77;2,04
2009.0;6.0;2009-06-01;BRASPINE;FIGUEIRINHA;PR;DOUTOR ULYSSES;94,37;56,74;55,79;12,37;85,40;1,74;41,50;21,70;100,00;262,98;7,77;2,04
2009.0;6.0;2009-06-01;BRASPINE;FLOEMA;PR;DOUTOR ULYSSES;2189,88;701,43;59,20;12,03;84,99;1,47;41,69;21,12;100,00;252,79;6,85;1,71
2009.0;6.0;2009-06-01;BRASPINE;FLOEMA I - SUDATI;;;;;66,99;12,28;84,69;1,65;40,52;21,25;100,00;260,45;7,28;3,18
2009.0;6.0;2009-06-01;BRASPINE;FLOEMA II - SUDATI;PR;DOUTOR ULYSSES;453,83;211,13;66,79;12,28;84,69;1,65;40,52;21,25;100,00;260,45;7,28;3,18
2009.0;6.0;2009-06-01;BRASPINE;FLOR DA SERRA;PR;SAO JOSE DA BOA VISTA;209,10;128,72;74,01;13,76;79,25;2,38;35,65;22,84;99,75;283,83;9,32;2,42
2009.0;6.0;2009-06-01;BRASPINE;GENTIL;PR;JAGUARIAIVA;126,77;53,33;68,24;11,92;82,08;1,12;39,52;20,26;99,62;243,32;15,18;1,35
2009.0;6.0;2009-06-01;BRASPINE;GUAIRACA;PR;GUARAPUAVA;623,62;169,31;98,88;11,11;85,25;-0,27;46,31;20,32;100,00;202,47;31,45;9,56
2009.0;6.0;2009-06-01;BRASPINE;HERVAL 2 - MADALOSSO;;;;;75,05;11,97;84,14;0,17;43,94;21,34;99,85;249,90;9,92;11,31
2009.0;6.0;2009-06-01;BRASPINE;HERVAL DE BAIXO;PR;RESERVA;827,29;475,92;95,17;12,40;84,97;0,12;46,14;21,67;99,83;234,07;24,42;8,42
2009.0;6.0;2009-06-01;BRASPINE;HORTO 01;PR;TURVO;19,12;19,12;108,28;11,69;84,92;-0,03;47,92;20,73;99,62;220,24;18,93;9,77
2009.0;6.0;2009-06-01;BRASPINE;HORTO 02;PR;TURVO;4,24;4,24;108,96;11,69;84,92;-0,03;47,92;20,73;99,62;220,24;18,93;9,77
2009.0;6.0;2009-06-01;BRASPINE;HORTO 03;PR;PRUDENTOPOLIS;80,91;25,89;105,13;12,04;84,91;0,48;46,46;21,24;99,87;228,99;21,47;2,01
2009.0;6.0;2009-06-01;BRASPINE;HORTO 08;PR;TURVO;9,53;9,53;95,49;12,04;84,91;0,48;46,46;21,24;99,87;228,99;21,47;2,01
2009.0;6.0;2009-06-01;BRASPINE;HORTO 12;PR;PRUDENTOPOLIS;12,20;12,20;103,47;12,04;84,91;0,48;46,46;21,24;99,87;228,99;21,47;2,01
2009.0;6.0;2009-06-01;BRASPINE;IZAU;PR;PIRAI DO SUL;19,37;11,60;72,92;11,97;82,62;1,14;40,31;20,44;99,57;251,79;11,28;1,56
2009.0;6.0;2009-06-01;BRASPINE;JOAO RICO;PR;JAGUARIAIVA;47,46;26,18;69,42;12,15;82,00;1,50;39,05;20,53;99,81;248,42;15,89;0,02
2009.0;6.0;2009-06-01;BRASPINE;LAGOA;PR;JAGUARIAIVA;24,10;10,78;64,41;12,15;84,20;1,79;40,59;20,95;100,00;257,02;7,47;1,63
2009.0;6.0;2009-06-01;BRASPINE;MARACANA;PR;JANDAIA DO SUL;11,45;11,45;112,56;14,92;79,97;3,59;45,22;23,14;99,98;340,38;3,59;14,04
2009.0;6.0;2009-06-01;BRASPINE;MARRECA;;;;;53,94;12,37;85,40;1,74;41,50;21,70;100,00;262,98;7,77;2,04
2009.0;6.0;2009-06-01;BRASPINE;MARRECA SP;SP;ITAPIRAPUA PAULISTA;675,30;236,19;54,40;12,79;85,66;1,64;40,97;22,90;100,00;266,08;13,07;5,44
2009.0;6.0;2009-06-01;BRASPINE;MARRECAS;;;;;103,23;10,68;85,38;-0,21;45,21;19,70;100,00;196,91;30,77;3,45
2009.0;6.0;2009-06-01;BRASPINE;MERCADINHO;;;;;51,34;12,62;85,31;0,80;40,84;22,44;100,00;260,43;11,33;2,06
2009.0;6.0;2009-06-01;BRASPINE;MONTE ALEGRE;;;;;100,31;15,28;79,54;4,16;46,44;23,78;99,84;302,38;4,16;0,54
2009.0;6.0;2009-06-01;BRASPINE;MONTE TABOR II;;;;;58,45;12,30;86,75;0,45;43,69;21,76;100,00;250,95;8,35;1,98
2009.0;6.0;2009-06-01;BRASPINE;MOREIRA;PR;DOUTOR ULYSSES;230,52;68,68;66,79;12,28;84,69;1,65;40,52;21,25;100,00;260,45;7,28;3,18
2009.0;6.0;2009-06-01;BRASPINE;MOREIRAS II;PR;DOUTOR ULYSSES;66,76;28,75;60,94;12,28;84,69;1,65;40,52;21,25;100,00;260,45;7,28;3,18
2009.0;6.0;2009-06-01;BRASPINE;MORRETES;PR;ORTIGUEIRA;20,36;20,36;103,29;12,77;84,74;0,13;44,39;22,22;99,88;239,61;24,73;4,89
2009.0;6.0;2009-06-01;BRASPINE;MORRO AZUL;;;;;59,85;12,49;84,49;1,85;39,68;21,75;100,00;262,00;12,89;13,48
2009.0;6.0;2009-06-01;BRASPINE;OURO FINO;SP;APIAI;51,70;51,70;57,01;12,32;85,61;0,79;41,36;21,52;100,00;256,14;5,30;11,83
2009.0;6.0;2009-06-01;BRASPINE;PALMEIRINHA DE BAIXO - SOSSEGO;PR;SENGES;85,93;9,22;66,55;12,15;82,20;1,78;37,76;20,46;99,88;250,08;8,75;6,98
2009.0;6.0;2009-06-01;BRASPINE;PAZIN;PR;DOUTOR ULYSSES;41,20;23,90;58,10;12,37;85,40;1,74;41,50;21,70;100,00;262,98;7,77;2,04
2009.0;6.0;2009-06-01;BRASPINE;PEDRAS;PR;CASTRO;7,18;7,18;74,55;11,86;83,34;0,17;42,12;20,58;99,84;244,67;8,76;2,46
2009.0;6.0;2009-06-01;BRASPINE;PESCARIA;PR;SAO JOSE DA BOA VISTA;184,57;129,22;76,00;13,91;78,54;3,21;34,71;23,03;99,78;288,30;11,17;1,00
2009.0;6.0;2009-06-01;BRASPINE;PESSEGUEIRO;PR;DOUTOR ULYSSES;109,95;64,79;63,47;12,28;84,69;1,65;40,52;21,25;100,00;260,45;7,28;3,18
2009.0;6.0;2009-06-01;BRASPINE;PITANGA;;;;;129,62;12,05;82,97;0,15;42,81;20,78;99,81;247,44;17,54;0,29
2009.0;6.0;2009-06-01;BRASPINE;QUEIMADINHO ARROIO CLARO;PR;DOUTOR ULYSSES;48,13;19,09;57,72;12,28;84,69;1,65;40,52;21,25;100,00;260,45;7,28;3,18
2009.0;6.0;2009-06-01;BRASPINE;QUEIMADINHO M6042;PR;DOUTOR ULYSSES;48,38;18,50;57,72;12,28;84,69;1,65;40,52;21,25;100,00;260,45;7,28;3,18
2009.0;6.0;2009-06-01;BRASPINE;QUEIMADINHO USUCAPIAO;PR;DOUTOR ULYSSES;200,27;92,43;57,72;12,28;84,69;1,65;40,52;21,25;100,00;260,45;7,28;3,18
2009.0;6.0;2009-06-01;BRASPINE;RAMOS;PR;SENGES;69,83;38,15;66,99;12,15;84,20;1,79;40,59;20,95;100,00;257,02;7,47;1,63
2009.0;6.0;2009-06-01;BRASPINE;RIBEIRAO GRANDE;PR;JAGUARIAIVA;20,77;20,77;73,55;11,97;82,62;1,14;40,31;20,44;99,57;251,79;11,28;1,56
2009.0;6.0;2009-06-01;BRASPINE;RINCAO DE BAIXO;;;;;84,44;12,08;81,93;0,74;41,72;20,77;99,93;236,25;25,71;6,66
2009.0;6.0;2009-06-01;BRASPINE;RIO BOMBA;PR;CERRO AZUL;65,03;37,72;59,84;12,78;84,98;0,59;42,38;22,71;99,99;263,34;10,73;10,03
2009.0;6.0;2009-06-01;BRASPINE;RIO DO MEIO;PR;DOUTOR ULYSSES;712,33;389,13;60,09;12,28;84,69;1,65;40,52;21,25;100,00;260,45;7,28;3,18
2009.0;6.0;2009-06-01;BRASPINE;RONDON;PR;JAGUARIAIVA;2899,24;1475,88;75,15;12,10;82,66;1,79;38,78;20,46;99,91;249,51;18,44;11,21
2009.0;6.0;2009-06-01;BRASPINE;SANTA FELICIDADE;;;;;57,19;13,03;85,94;1,34;40,63;23,65;100,00;268,18;17,49;1,95
2009.0;6.0;2009-06-01;BRASPINE;SANTA LIDIA DO CERCADINHO;;;;;87,05;11,86;81,86;0,69;41,06;20,40;99,86;232,83;20,98;5,50
2009.0;6.0;2009-06-01;BRASPINE;SANTO ANTONIO;;;;;67,47;12,17;82,64;1,64;37,61;20,77;100,00;249,60;12,19;5,01
2009.0;6.0;2009-06-01;BRASPINE;SAO JOSE;PR;JANDAIA DO SUL;37,56;37,56;101,16;15,17;79,63;4,04;46,20;23,57;99,91;315,26;4,04;13,48
2009.0;6.0;2009-06-01;BRASPINE;SAO MATHEUS;;;;;115,65;15,89;80,27;4,05;48,57;25,24;99,60;255,09;8,57;2,43
2009.0;6.0;2009-06-01;BRASPINE;SAO PEDRO E SAO PAULO;PR;SAPOPEMA;709,13;323,93;93,75;13,41;80,02;2,60;37,58;21,68;99,64;281,73;10,39;0,46
2009.0;6.0;2009-06-01;BRASPINE;SAO RAFAEL;;;;;73,91;11,54;84,03;-0,62;42,96;20,84;99,99;234,88;16,51;12,29
2009.0;6.0;2009-06-01;BRASPINE;SAO RAFAEL - PB;;;;;56,92;12,41;85,33;1,29;40,78;21,66;100,00;260,70;6,91;12,55
2009.0;6.0;2009-06-01;BRASPINE;SERRARIA;PR;DOUTOR ULYSSES;280,88;117,71;54,58;12,20;85,19;1,61;41,60;21,32;100,00;257,91;7,31;0,59
2009.0;6.0;2009-06-01;BRASPINE;SERRO VERDE;;;;;119,63;11,72;82,55;-0,40;42,37;20,72;99,92;239,69;20,88;13,73
2009.0;6.0;2009-06-01;BRASPINE;SERTAOZINHO;PR;DOUTOR ULYSSES;16,25;16,25;62,88;12,28;84,69;1,65;40,52;21,25;100,00;260,45;7,28;3,18
2009.0;6.0;2009-06-01;BRASPINE;SITIO BASILIO;PR;JAGUARIAIVA;8,08;8,08;70,96;11,97;81,89;1,22;39,15;20,27;99,65;242,12;14,89;0,30
2009.0;6.0;2009-06-01;BRASPINE;SITIO DAS MARRECAS;PR;DOUTOR ULYSSES;77,49;35,17;57,08;12,67;85,59;1,67;41,12;22,56;100,00;265,22;8,02;6,31
2009.0;6.0;2009-06-01;BRASPINE;SOBRADINHO;SP;BOM SUCESSO DE ITARARE;285,80;123,10;59,47;12,12;83,65;1,47;38,76;20,86;100,00;249,96;11,51;3,53
2009.0;6.0;2009-06-01;BRASPINE;TAQUARAL;PR;JAGUARIAIVA;519,13;31,07;74,36;12,18;82,53;1,74;39,18;20,62;99,99;250,62;22,05;1,89
2009.0;6.0;2009-06-01;BRASPINE;TUCUNDUVA;PR;SENGES;82,21;60,89;78,67;12,68;79,84;2,36;35,95;20,94;99,79;259,46;22,31;3,64
2009.0;6.0;2009-06-01;BRASPINE;TUCUNDUVA - CHAMMA;;;;;79,86;12,79;79,91;2,52;36,25;20,97;99,75;264,04;14,23;0,63
2009.0;6.0;2009-06-01;BRASPINE;VIENA 1;PR;DOUTOR ULYSSES;263,98;178,34;62,94;11,94;84,43;0,99;42,36;20,88;100,00;250,34;10,83;1,63
2009.0;6.0;2009-06-01;BRASPINE;VIENA 2;PR;CERRO AZUL;140,23;96,54;59,70;12,78;84,98;0,59;42,38;22,71;99,99;263,34;10,73;10,03
2009.0;6.0;2009-06-01;BRASPINE;VITORIA;PR;SENGES;50,54;35,69;66,55;12,15;82,20;1,78;37,76;20,46;99,88;250,08;8,75;6,98
2009.0;6.0;2009-06-01;BRASPINE;VIVEIRO;PR;DOUTOR ULYSSES;405,39;261,22;60,94;12,28;84,69;1,65;40,52;21,25;100,00;260,45;7,28;3,18
2009.0;6.0;2009-06-01;BRASPINE;VO LINO;PR;DOUTOR ULYSSES;164,50;97,89;53,52;12,37;85,40;1,74;41,50;21,70;100,00;262,98;7,77;2,04
2009.0;6.0;2009-06-01;BRASPINE;XAXIM VELHO;;;;;95,73;10,67;85,45;-0,59;46,66;20,01;100,00;201,12;30,96;2,89
2009.0;7.0;2009-07-01;BRASPINE;AGUA DOCE;PR;JAGUARIAIVA;238,97;121,99;236,63;13,77;88,27;4,65;51,65;21,11;99,94;329,46;4,65;21,42
2009.0;7.0;2009-07-01;BRASPINE;AMATA;;;;;277,11;14,53;90,33;5,58;54,56;24,02;100,00;351,64;0,00;1,10
2009.0;7.0;2009-07-01;BRASPINE;ANTA BRAVA;;;;;184,84;16,67;83,91;7,42;46,90;26,53;99,96;298,97;0,00;2,34
2009.0;7.0;2009-07-01;BRASPINE;ARAPONGAS;PR;SENGES;423,34;263,70;261,14;13,76;90,42;5,01;50,26;22,13;100,00;331,06;0,00;2,26
2009.0;7.0;2009-07-01;BRASPINE;ARROIO CLARO;PR;DOUTOR ULYSSES;275,14;92,00;258,88;13,82;90,99;5,44;50,27;22,64;100,00;335,07;0,00;3,67
2009.0;7.0;2009-07-01;BRASPINE;BARRA GRANDE;PR;DOUTOR ULYSSES;493,79;139,68;247,72;14,08;90,79;4,91;50,34;22,90;100,00;338,17;4,91;5,09
2009.0;7.0;2009-07-01;BRASPINE;BARRA GRANDE - BEMAIS;PR;GUARAPUAVA;299,16;108,61;259,20;12,53;87,95;2,51;45,45;21,05;100,00;279,44;6,05;12,21
2009.0;7.0;2009-07-01;BRASPINE;BARRETOS;PR;JAGUARIAIVA;43,35;32,98;258,49;13,81;89,49;5,07;50,40;21,72;100,00;330,67;0,00;0,52
2009.0;7.0;2009-07-01;BRASPINE;BAU;;;;;299,91;12,70;86,87;0,56;41,35;20,92;99,90;282,68;12,55;7,97
2009.0;7.0;2009-07-01;BRASPINE;BOA VISTA II;PR;PIRAI DO SUL;944,00;535,05;265,70;13,81;88,83;4,54;50,31;21,54;100,00;315,78;4,54;1,45
2009.0;7.0;2009-07-01;BRASPINE;BRASILEIRA;;;;;258,22;13,76;90,42;5,01;50,26;22,13;100,00;331,06;0,00;2,26
2009.0;7.0;2009-07-01;BRASPINE;BURACAO;;;;;251,29;13,51;88,84;4,03;49,10;22,26;100,00;328,60;4,03;10,39
2009.0;7.0;2009-07-01;BRASPINE;BURRINHO;PR;DOUTOR ULYSSES;211,01;100,37;259,81;13,82;90,99;5,44;50,27;22,64;100,00;335,07;0,00;3,67
2009.0;7.0;2009-07-01;BRASPINE;CADEADO I;PR;JAGUARIAIVA;21,07;12,29;244,54;13,66;89,94;4,67;50,47;21,72;100,00;326,62;4,67;5,06
2009.0;7.0;2009-07-01;BRASPINE;CADEADO II;PR;JAGUARIAIVA;21,88;16,79;244,54;13,66;89,94;4,67;50,47;21,72;100,00;326,62;4,67;5,06
2009.0;7.0;2009-07-01;BRASPINE;CAMPINA ALTA;PR;TIBAGI;29,77;18,24;233,62;14,42;87,84;5,08;56,07;22,38;100,00;340,12;0,00;15,12
2009.0;7.0;2009-07-01;BRASPINE;CAMPINA DO ELIAS;PR;JAGUARIAIVA;29,17;14,65;266,52;13,76;89,66;4,92;50,43;21,72;100,00;329,22;4,92;0,08
2009.0;7.0;2009-07-01;BRASPINE;CAMPO NOVO;PR;JAGUARIAIVA;295,98;156,36;250,50;13,66;89,94;4,67;50,47;21,72;100,00;326,62;4,67;5,06
2009.0;7.0;2009-07-01;BRASPINE;CONSULTORIA II A;PR;DOUTOR ULYSSES;89,62;60,79;259,45;13,76;90,42;5,01;50,26;22,13;100,00;331,06;0,00;2,26
2009.0;7.0;2009-07-01;BRASPINE;DINIZ;;;;;245,55;13,76;90,42;5,01;50,26;22,13;100,00;331,06;0,00;2,26
2009.0;7.0;2009-07-01;BRASPINE;ENES;PR;JAGUARIAIVA;5,93;5,69;248,70;13,66;89,94;4,67;50,47;21,72;100,00;326,62;4,67;5,06
2009.0;7.0;2009-07-01;BRASPINE;ENGENHARIA;;;;;245,55;13,76;90,42;5,01;50,26;22,13;100,00;331,06;0,00;2,26
2009.0;7.0;2009-07-01;BRASPINE;ESTACAO;PR;SENGES;4,76;4,14;252,16;13,66;89,94;4,67;50,47;21,72;100,00;326,62;4,67;5,06
2009.0;7.0;2009-07-01;BRASPINE;FAXINAL;PR;JAGUARIAIVA;20,65;20,65;248,70;13,66;89,94;4,67;50,47;21,72;100,00;326,62;4,67;5,06
2009.0;7.0;2009-07-01;BRASPINE;FEITAL;PR;DOUTOR ULYSSES;154,17;86,53;257,00;13,87;90,55;4,98;50,29;22,38;100,00;333,42;4,98;1,16
2009.0;7.0;2009-07-01;BRASPINE;FIGUEIRA;PR;DOUTOR ULYSSES;1053,81;315,71;256,56;13,82;90,99;5,44;50,27;22,64;100,00;335,07;0,00;3,67
2009.0;7.0;2009-07-01;BRASPINE;FIGUEIRINHA;PR;DOUTOR ULYSSES;94,37;56,74;280,70;13,82;90,99;5,44;50,27;22,64;100,00;335,07;0,00;3,67
2009.0;7.0;2009-07-01;BRASPINE;FLOEMA;PR;DOUTOR ULYSSES;2189,88;701,43;268,36;13,51;90,48;5,08;50,02;21,94;100,00;327,47;0,00;4,03
2009.0;7.0;2009-07-01;BRASPINE;FLOEMA I - SUDATI;;;;;249,67;13,76;90,42;5,01;50,26;22,13;100,00;331,06;0,00;2,26
2009.0;7.0;2009-07-01;BRASPINE;FLOEMA II - SUDATI;PR;DOUTOR ULYSSES;453,83;211,13;264,86;13,76;90,42;5,01;50,26;22,13;100,00;331,06;0,00;2,26
2009.0;7.0;2009-07-01;BRASPINE;FLOR DA SERRA;PR;SAO JOSE DA BOA VISTA;209,10;128,72;169,09;15,46;85,01;5,07;53,43;23,62;99,90;350,70;0,00;20,65
2009.0;7.0;2009-07-01;BRASPINE;GENTIL;PR;JAGUARIAIVA;126,77;53,33;241,16;13,58;88,13;4,68;52,28;20,77;99,82;325,72;4,68;1,97
2009.0;7.0;2009-07-01;BRASPINE;GUAIRACA;PR;GUARAPUAVA;623,62;169,31;251,81;12,54;87,93;2,32;45,76;21,24;99,99;275,50;6,01;0,40
2009.0;7.0;2009-07-01;BRASPINE;HERVAL 2 - MADALOSSO;;;;;242,75;13,51;88,84;4,03;49,10;22,26;100,00;328,60;4,03;10,39
2009.0;7.0;2009-07-01;BRASPINE;HERVAL DE BAIXO;PR;RESERVA;827,29;475,92;259,78;14,31;88,14;4,00;56,01;22,50;100,00;329,73;8,51;12,78
2009.0;7.0;2009-07-01;BRASPINE;HORTO 01;PR;TURVO;19,12;19,12;287,27;13,26;87,43;2,11;45,10;21,68;99,66;294,30;11,40;3,71
2009.0;7.0;2009-07-01;BRASPINE;HORTO 02;PR;TURVO;4,24;4,24;290,33;13,26;87,43;2,11;45,10;21,68;99,66;294,30;11,40;3,71
2009.0;7.0;2009-07-01;BRASPINE;HORTO 03;PR;PRUDENTOPOLIS;80,91;25,89;281,24;13,63;87,15;3,09;46,13;22,31;99,88;304,87;7,96;1,51
2009.0;7.0;2009-07-01;BRASPINE;HORTO 08;PR;TURVO;9,53;9,53;275,56;13,63;87,15;3,09;46,13;22,31;99,88;304,87;7,96;1,51
2009.0;7.0;2009-07-01;BRASPINE;HORTO 12;PR;PRUDENTOPOLIS;12,20;12,20;283,49;13,63;87,15;3,09;46,13;22,31;99,88;304,87;7,96;1,51
2009.0;7.0;2009-07-01;BRASPINE;IZAU;PR;PIRAI DO SUL;19,37;11,60;254,23;13,58;88,49;4,82;51,45;20,97;99,86;326,98;4,82;2,48
2009.0;7.0;2009-07-01;BRASPINE;JOAO RICO;PR;JAGUARIAIVA;47,46;26,18;240,43;13,77;88,27;4,65;51,65;21,11;99,94;329,46;4,65;21,42
2009.0;7.0;2009-07-01;BRASPINE;LAGOA;PR;JAGUARIAIVA;24,10;10,78;248,38;13,66;89,94;4,67;50,47;21,72;100,00;326,62;4,67;5,06
2009.0;7.0;2009-07-01;BRASPINE;MARACANA;PR;JANDAIA DO SUL;11,45;11,45;154,50;16,29;84,84;5,71;54,12;23,81;100,00;289,72;0,00;4,04
2009.0;7.0;2009-07-01;BRASPINE;MARRECA;;;;;273,11;13,82;90,99;5,44;50,27;22,64;100,00;335,07;0,00;3,67
2009.0;7.0;2009-07-01;BRASPINE;MARRECA SP;SP;ITAPIRAPUA PAULISTA;675,30;236,19;277,98;14,26;91,27;5,25;50,57;23,59;100,00;343,24;0,00;2,35
2009.0;7.0;2009-07-01;BRASPINE;MARRECAS;;;;;237,95;12,04;88,12;1,06;43,66;20,56;100,00;261,07;13,12;7,92
2009.0;7.0;2009-07-01;BRASPINE;MERCADINHO;;;;;284,98;14,10;90,71;5,28;52,17;23,28;100,00;337,59;0,00;0,40
2009.0;7.0;2009-07-01;BRASPINE;MONTE ALEGRE;;;;;160,60;16,61;84,02;6,12;53,68;24,40;100,00;280,55;0,00;5,60
2009.0;7.0;2009-07-01;BRASPINE;MONTE TABOR II;;;;;213,69;13,81;92,09;4,64;54,13;23,36;100,00;334,95;4,64;7,60
2009.0;7.0;2009-07-01;BRASPINE;MOREIRA;PR;DOUTOR ULYSSES;230,52;68,68;264,86;13,76;90,42;5,01;50,26;22,13;100,00;331,06;0,00;2,26
2009.0;7.0;2009-07-01;BRASPINE;MOREIRAS II;PR;DOUTOR ULYSSES;66,76;28,75;258,67;13,76;90,42;5,01;50,26;22,13;100,00;331,06;0,00;2,26
2009.0;7.0;2009-07-01;BRASPINE;MORRETES;PR;ORTIGUEIRA;20,36;20,36;254,48;14,68;88,07;3,92;55,49;23,07;100,00;337,52;8,43;6,46
2009.0;7.0;2009-07-01;BRASPINE;MORRO AZUL;;;;;231,84;13,94;90,40;4,70;50,31;22,75;100,00;333,02;4,70;3,74
2009.0;7.0;2009-07-01;BRASPINE;OURO FINO;SP;APIAI;51,70;51,70;212,13;13,75;91,28;4,29;51,46;22,96;100,00;330,57;4,29;0,29
2009.0;7.0;2009-07-01;BRASPINE;PALMEIRINHA DE BAIXO - SOSSEGO;PR;SENGES;85,93;9,22;242,69;13,62;88,54;5,29;51,85;21,25;99,89;323,44;0,00;6,17
2009.0;7.0;2009-07-01;BRASPINE;PAZIN;PR;DOUTOR ULYSSES;41,20;23,90;263,60;13,82;90,99;5,44;50,27;22,64;100,00;335,07;0,00;3,67
2009.0;7.0;2009-07-01;BRASPINE;PEDRAS;PR;CASTRO;7,18;7,18;257,85;13,59;88,57;4,23;52,30;21,13;99,93;327,01;9,20;2,43
2009.0;7.0;2009-07-01;BRASPINE;PESCARIA;PR;SAO JOSE DA BOA VISTA;184,57;129,22;207,65;15,52;84,64;5,49;52,01;23,69;100,00;354,14;0,00;0,00
2009.0;7.0;2009-07-01;BRASPINE;PESSEGUEIRO;PR;DOUTOR ULYSSES;109,95;64,79;259,58;13,76;90,42;5,01;50,26;22,13;100,00;331,06;0,00;2,26
2009.0;7.0;2009-07-01;BRASPINE;PITANGA;;;;;311,14;13,30;86,60;1,26;41,12;21,41;99,97;295,32;9,01;1,12
2009.0;7.0;2009-07-01;BRASPINE;QUEIMADINHO ARROIO CLARO;PR;DOUTOR ULYSSES;48,13;19,09;258,22;13,76;90,42;5,01;50,26;22,13;100,00;331,06;0,00;2,26
2009.0;7.0;2009-07-01;BRASPINE;QUEIMADINHO M6042;PR;DOUTOR ULYSSES;48,38;18,50;258,22;13,76;90,42;5,01;50,26;22,13;100,00;331,06;0,00;2,26
2009.0;7.0;2009-07-01;BRASPINE;QUEIMADINHO USUCAPIAO;PR;DOUTOR ULYSSES;200,27;92,43;258,22;13,76;90,42;5,01;50,26;22,13;100,00;331,06;0,00;2,26
2009.0;7.0;2009-07-01;BRASPINE;RAMOS;PR;SENGES;69,83;38,15;249,67;13,66;89,94;4,67;50,47;21,72;100,00;326,62;4,67;5,06
2009.0;7.0;2009-07-01;BRASPINE;RIBEIRAO GRANDE;PR;JAGUARIAIVA;20,77;20,77;244,47;13,58;88,49;4,82;51,45;20,97;99,86;326,98;4,82;2,48
2009.0;7.0;2009-07-01;BRASPINE;RINCAO DE BAIXO;;;;;213,87;14,08;86,40;4,48;54,57;21,31;99,97;336,07;4,48;8,13
2009.0;7.0;2009-07-01;BRASPINE;RIO BOMBA;PR;CERRO AZUL;65,03;37,72;274,83;14,28;90,27;5,12;53,64;23,63;99,97;343,94;0,00;5,46
2009.0;7.0;2009-07-01;BRASPINE;RIO DO MEIO;PR;DOUTOR ULYSSES;712,33;389,13;258,54;13,76;90,42;5,01;50,26;22,13;100,00;331,06;0,00;2,26
2009.0;7.0;2009-07-01;BRASPINE;RONDON;PR;JAGUARIAIVA;2899,24;1475,88;228,93;13,62;88,85;5,37;51,86;21,08;99,92;323,18;0,00;178,40
2009.0;7.0;2009-07-01;BRASPINE;SANTA FELICIDADE;;;;;260,53;14,50;91,45;5,24;50,85;24,23;100,00;348,55;0,00;0,53
2009.0;7.0;2009-07-01;BRASPINE;SANTA LIDIA DO CERCADINHO;;;;;200,96;13,82;86,44;4,46;54,39;20,88;99,94;329,99;9,37;7,35
2009.0;7.0;2009-07-01;BRASPINE;SANTO ANTONIO;;;;;246,63;13,63;88,88;4,83;50,75;21,64;100,00;323,16;4,83;1,70
2009.0;7.0;2009-07-01;BRASPINE;SAO JOSE;PR;JANDAIA DO SUL;37,56;37,56;159,50;16,51;84,21;6,01;53,78;24,21;100,00;278,87;0,00;5,58
2009.0;7.0;2009-07-01;BRASPINE;SAO MATHEUS;;;;;148,43;17,24;83,54;6,84;51,41;25,83;99,94;256,59;0,00;4,57
2009.0;7.0;2009-07-01;BRASPINE;SAO PEDRO E SAO PAULO;PR;SAPOPEMA;709,13;323,93;215,09;15,04;86,27;5,16;51,75;22,23;99,81;357,74;0,00;0,06
2009.0;7.0;2009-07-01;BRASPINE;SAO RAFAEL;;;;;228,39;12,92;87,62;3,58;51,56;22,33;100,00;303,40;3,58;13,56
2009.0;7.0;2009-07-01;BRASPINE;SAO RAFAEL - PB;;;;;229,76;13,84;91,07;4,50;50,98;22,98;100,00;333,54;4,50;2,52
2009.0;7.0;2009-07-01;BRASPINE;SERRARIA;PR;DOUTOR ULYSSES;280,88;117,71;258,43;13,67;90,74;5,26;50,14;22,29;100,00;331,29;0,00;3,86
2009.0;7.0;2009-07-01;BRASPINE;SERRO VERDE;;;;;293,07;12,96;86,01;0,08;40,83;21,38;99,92;286,94;7,04;2,60
2009.0;7.0;2009-07-01;BRASPINE;SERTAOZINHO;PR;DOUTOR ULYSSES;16,25;16,25;245,44;13,76;90,42;5,01;50,26;22,13;100,00;331,06;0,00;2,26
2009.0;7.0;2009-07-01;BRASPINE;SITIO BASILIO;PR;JAGUARIAIVA;8,08;8,08;236,39;13,63;88,06;4,62;52,37;20,80;99,80;326,37;4,62;0,24
2009.0;7.0;2009-07-01;BRASPINE;SITIO DAS MARRECAS;PR;DOUTOR ULYSSES;77,49;35,17;278,06;14,13;91,19;5,30;50,48;23,32;100,00;340,89;0,00;2,81
2009.0;7.0;2009-07-01;BRASPINE;SOBRADINHO;SP;BOM SUCESSO DE ITARARE;285,80;123,10;242,85;13,58;89,58;4,59;50,54;21,98;100,00;322,92;4,59;16,85
2009.0;7.0;2009-07-01;BRASPINE;TAQUARAL;PR;JAGUARIAIVA;519,13;31,07;234,59;13,75;88,77;4,86;51,69;21,23;100,00;327,60;4,86;16,04
2009.0;7.0;2009-07-01;BRASPINE;TUCUNDUVA;PR;SENGES;82,21;60,89;255,43;14,29;86,17;5,10;52,76;21,77;99,65;341,21;0,00;4,01
2009.0;7.0;2009-07-01;BRASPINE;TUCUNDUVA - CHAMMA;;;;;240,74;14,31;86,33;5,20;53,02;21,93;99,68;342,67;0,00;1,06
2009.0;7.0;2009-07-01;BRASPINE;VIENA 1;PR;DOUTOR ULYSSES;263,98;178,34;264,91;13,49;89,92;5,07;50,52;21,56;100,00;326,91;0,00;1,17
2009.0;7.0;2009-07-01;BRASPINE;VIENA 2;PR;CERRO AZUL;140,23;96,54;274,95;14,28;90,27;5,12;53,64;23,63;99,97;343,94;0,00;5,46
2009.0;7.0;2009-07-01;BRASPINE;VITORIA;PR;SENGES;50,54;35,69;242,69;13,62;88,54;5,29;51,85;21,25;99,89;323,44;0,00;6,17
2009.0;7.0;2009-07-01;BRASPINE;VIVEIRO;PR;DOUTOR ULYSSES;405,39;261,22;258,67;13,76;90,42;5,01;50,26;22,13;100,00;331,06;0,00;2,26
2009.0;7.0;2009-07-01;BRASPINE;VO LINO;PR;DOUTOR ULYSSES;164,50;97,89;267,90;13,82;90,99;5,44;50,27;22,64;100,00;335,07;0,00;3,67
2009.0;7.0;2009-07-01;BRASPINE;XAXIM VELHO;;;;;256,44;12,13;87,76;0,73;43,21;20,91;100,00;265,73;11,68;8,28
2009.0;8.0;2009-08-01;BRASPINE;AGUA DOCE;PR;JAGUARIAIVA;238,97;121,99;56,97;15,20;79,96;6,56;38,12;24,06;99,69;322,64;0,00;2,32
2009.0;8.0;2009-08-01;BRASPINE;AMATA;;;;;62,24;16,27;83,42;8,83;40,52;26,91;100,00;342,32;0,00;5,70
2009.0;8.0;2009-08-01;BRASPINE;ANTA BRAVA;;;;;56,61;17,89;77,98;9,91;29,54;27,38;99,07;286,22;0,00;1,46
2009.0;8.0;2009-08-01;BRASPINE;ARAPONGAS;PR;SENGES;423,34;263,70;57,78;15,36;82,33;7,36;36,84;25,02;100,00;333,21;0,00;2,52
2009.0;8.0;2009-08-01;BRASPINE;ARROIO CLARO;PR;DOUTOR ULYSSES;275,14;92,00;50,85;15,41;83,23;7,62;37,26;25,61;100,00;333,92;0,00;4,82
2009.0;8.0;2009-08-01;BRASPINE;BARRA GRANDE;PR;DOUTOR ULYSSES;493,79;139,68;54,83;15,76;82,98;7,96;37,86;25,80;100,00;341,69;0,00;6,77
2009.0;8.0;2009-08-01;BRASPINE;BARRA GRANDE - BEMAIS;PR;GUARAPUAVA;299,16;108,61;99,04;14,23;82,24;4,92;41,99;23,62;99,99;279,30;4,92;28,39
2009.0;8.0;2009-08-01;BRASPINE;BARRETOS;PR;JAGUARIAIVA;43,35;32,98;53,58;15,42;81,07;6,74;36,03;24,66;99,91;336,38;0,00;2,25
2009.0;8.0;2009-08-01;BRASPINE;BAU;;;;;112,63;14,50;80,88;5,33;44,59;23,65;99,90;320,60;0,00;0,65
2009.0;8.0;2009-08-01;BRASPINE;BOA VISTA II;PR;PIRAI DO SUL;944,00;535,05;59,85;15,35;80,43;6,41;36,72;24,52;99,91;299,05;0,00;0,12
2009.0;8.0;2009-08-01;BRASPINE;BRASILEIRA;;;;;51,76;15,36;82,33;7,36;36,84;25,02;100,00;333,21;0,00;2,52
2009.0;8.0;2009-08-01;BRASPINE;BURACAO;;;;;59,82;15,08;81,69;6,72;38,09;25,18;99,91;303,48;0,00;0,67
2009.0;8.0;2009-08-01;BRASPINE;BURRINHO;PR;DOUTOR ULYSSES;211,01;100,37;50,96;15,41;83,23;7,62;37,26;25,61;100,00;333,92;0,00;4,82
2009.0;8.0;2009-08-01;BRASPINE;CADEADO I;PR;JAGUARIAIVA;21,07;12,29;51,60;15,24;81,61;6,96;35,99;24,61;100,00;330,61;0,00;3,45
2009.0;8.0;2009-08-01;BRASPINE;CADEADO II;PR;JAGUARIAIVA;21,88;16,79;51,60;15,24;81,61;6,96;35,99;24,61;100,00;330,61;0,00;3,45
2009.0;8.0;2009-08-01;BRASPINE;CAMPINA ALTA;PR;TIBAGI;29,77;18,24;82,12;15,70;80,87;5,69;38,74;25,08;99,88;274,60;0,00;2,80
2009.0;8.0;2009-08-01;BRASPINE;CAMPINA DO ELIAS;PR;JAGUARIAIVA;29,17;14,65;55,27;15,36;81,26;6,82;36,02;24,65;99,94;334,25;0,00;3,01
2009.0;8.0;2009-08-01;BRASPINE;CAMPO NOVO;PR;JAGUARIAIVA;295,98;156,36;56,01;15,24;81,61;6,96;35,99;24,61;100,00;330,61;0,00;3,45
2009.0;8.0;2009-08-01;BRASPINE;CONSULTORIA II A;PR;DOUTOR ULYSSES;89,62;60,79;52,19;15,36;82,33;7,36;36,84;25,02;100,00;333,21;0,00;2,52
2009.0;8.0;2009-08-01;BRASPINE;DINIZ;;;;;52,85;15,36;82,33;7,36;36,84;25,02;100,00;333,21;0,00;2,52
2009.0;8.0;2009-08-01;BRASPINE;ENES;PR;JAGUARIAIVA;5,93;5,69;55,70;15,24;81,61;6,96;35,99;24,61;100,00;330,61;0,00;3,45
2009.0;8.0;2009-08-01;BRASPINE;ENGENHARIA;;;;;52,85;15,36;82,33;7,36;36,84;25,02;100,00;333,21;0,00;2,52
2009.0;8.0;2009-08-01;BRASPINE;ESTACAO;PR;SENGES;4,76;4,14;51,77;15,24;81,61;6,96;35,99;24,61;100,00;330,61;0,00;3,45
2009.0;8.0;2009-08-01;BRASPINE;FAXINAL;PR;JAGUARIAIVA;20,65;20,65;55,70;15,24;81,61;6,96;35,99;24,61;100,00;330,61;0,00;3,45
2009.0;8.0;2009-08-01;BRASPINE;FEITAL;PR;DOUTOR ULYSSES;154,17;86,53;51,06;15,49;82,55;7,56;37,18;25,28;100,00;336,06;0,00;1,36
2009.0;8.0;2009-08-01;BRASPINE;FIGUEIRA;PR;DOUTOR ULYSSES;1053,81;315,71;51,89;15,41;83,23;7,62;37,26;25,61;100,00;333,92;0,00;4,82
2009.0;8.0;2009-08-01;BRASPINE;FIGUEIRINHA;PR;DOUTOR ULYSSES;94,37;56,74;54,18;15,41;83,23;7,62;37,26;25,61;100,00;333,92;0,00;4,82
2009.0;8.0;2009-08-01;BRASPINE;FLOEMA;PR;DOUTOR ULYSSES;2189,88;701,43;50,60;15,03;82,38;6,98;35,82;24,87;100,00;323,60;0,00;6,38
2009.0;8.0;2009-08-01;BRASPINE;FLOEMA I - SUDATI;;;;;54,06;15,36;82,33;7,36;36,84;25,02;100,00;333,21;0,00;2,52
2009.0;8.0;2009-08-01;BRASPINE;FLOEMA II - SUDATI;PR;DOUTOR ULYSSES;453,83;211,13;53,33;15,36;82,33;7,36;36,84;25,02;100,00;333,21;0,00;2,52
2009.0;8.0;2009-08-01;BRASPINE;FLOR DA SERRA;PR;SAO JOSE DA BOA VISTA;209,10;128,72;59,91;16,83;77,06;8,85;38,65;25,96;98,58;342,56;0,00;10,68
2009.0;8.0;2009-08-01;BRASPINE;GENTIL;PR;JAGUARIAIVA;126,77;53,33;58,90;14,93;80,06;6,27;38,87;23,65;99,69;315,27;0,00;2,85
2009.0;8.0;2009-08-01;BRASPINE;GUAIRACA;PR;GUARAPUAVA;623,62;169,31;105,72;14,33;82,26;4,37;41,78;23,77;100,00;281,98;4,37;39,42
2009.0;8.0;2009-08-01;BRASPINE;HERVAL 2 - MADALOSSO;;;;;58,49;15,08;81,69;6,72;38,09;25,18;99,91;303,48;0,00;0,67
2009.0;8.0;2009-08-01;BRASPINE;HERVAL DE BAIXO;PR;RESERVA;827,29;475,92;98,16;15,54;81,66;5,61;39,11;25,18;99,82;308,16;0,00;0,09
2009.0;8.0;2009-08-01;BRASPINE;HORTO 01;PR;TURVO;19,12;19,12;106,19;14,76;82,42;4,63;46,14;24,34;99,65;286,45;4,63;2,15
2009.0;8.0;2009-08-01;BRASPINE;HORTO 02;PR;TURVO;4,24;4,24;106,38;14,76;82,42;4,63;46,14;24,34;99,65;286,45;4,63;2,15
2009.0;8.0;2009-08-01;BRASPINE;HORTO 03;PR;PRUDENTOPOLIS;80,91;25,89;105,23;15,19;82,04;5,39;42,93;24,98;99,89;299,26;0,00;4,83
2009.0;8.0;2009-08-01;BRASPINE;HORTO 08;PR;TURVO;9,53;9,53;95,62;15,19;82,04;5,39;42,93;24,98;99,89;299,26;0,00;4,83
2009.0;8.0;2009-08-01;BRASPINE;HORTO 12;PR;PRUDENTOPOLIS;12,20;12,20;104,70;15,19;82,04;5,39;42,93;24,98;99,89;299,26;0,00;4,83
2009.0;8.0;2009-08-01;BRASPINE;IZAU;PR;PIRAI DO SUL;19,37;11,60;59,35;15,05;80,32;6,10;37,35;24,05;99,69;322,79;0,00;0,95
2009.0;8.0;2009-08-01;BRASPINE;JOAO RICO;PR;JAGUARIAIVA;47,46;26,18;57,92;15,20;79,96;6,56;38,12;24,06;99,69;322,64;0,00;2,32
2009.0;8.0;2009-08-01;BRASPINE;LAGOA;PR;JAGUARIAIVA;24,10;10,78;51,31;15,24;81,61;6,96;35,99;24,61;100,00;330,61;0,00;3,45
2009.0;8.0;2009-08-01;BRASPINE;MARACANA;PR;JANDAIA DO SUL;11,45;11,45;65,05;17,77;76,21;8,36;42,01;26,88;99,98;215,29;0,00;6,37
2009.0;8.0;2009-08-01;BRASPINE;MARRECA;;;;;52,41;15,41;83,23;7,62;37,26;25,61;100,00;333,92;0,00;4,82
2009.0;8.0;2009-08-01;BRASPINE;MARRECA SP;SP;ITAPIRAPUA PAULISTA;675,30;236,19;52,68;15,97;83,90;8,45;39,05;26,51;100,00;343,64;0,00;2,09
2009.0;8.0;2009-08-01;BRASPINE;MARRECAS;;;;;107,61;13,85;82,16;4,55;42,31;23,02;100,00;272,14;13,69;0,17
2009.0;8.0;2009-08-01;BRASPINE;MERCADINHO;;;;;57,27;15,76;83,47;8,30;38,49;26,22;100,00;339,93;0,00;0,02
2009.0;8.0;2009-08-01;BRASPINE;MONTE ALEGRE;;;;;58,50;18,16;75,65;8,69;41,32;27,47;99,94;205,00;0,00;0,16
2009.0;8.0;2009-08-01;BRASPINE;MONTE TABOR II;;;;;52,92;15,35;85,43;7,24;46,62;25,66;100,00;326,97;0,00;3,93
2009.0;8.0;2009-08-01;BRASPINE;MOREIRA;PR;DOUTOR ULYSSES;230,52;68,68;53,33;15,36;82,33;7,36;36,84;25,02;100,00;333,21;0,00;2,52
2009.0;8.0;2009-08-01;BRASPINE;MOREIRAS II;PR;DOUTOR ULYSSES;66,76;28,75;52,03;15,36;82,33;7,36;36,84;25,02;100,00;333,21;0,00;2,52
2009.0;8.0;2009-08-01;BRASPINE;MORRETES;PR;ORTIGUEIRA;20,36;20,36;80,98;15,83;82,04;6,31;40,11;25,79;99,74;308,79;0,00;3,24
2009.0;8.0;2009-08-01;BRASPINE;MORRO AZUL;;;;;50,37;15,61;82,51;7,79;36,64;25,37;100,00;320,70;0,00;8,23
2009.0;8.0;2009-08-01;BRASPINE;OURO FINO;SP;APIAI;51,70;51,70;52,71;15,35;83,73;7,99;39,91;25,19;100,00;343,31;0,00;1,61
2009.0;8.0;2009-08-01;BRASPINE;PALMEIRINHA DE BAIXO - SOSSEGO;PR;SENGES;85,93;9,22;48,39;15,13;80,16;7,00;35,99;24,09;99,71;337,82;0,00;0,63
2009.0;8.0;2009-08-01;BRASPINE;PAZIN;PR;DOUTOR ULYSSES;41,20;23,90;51,47;15,41;83,23;7,62;37,26;25,61;100,00;333,92;0,00;4,82
2009.0;8.0;2009-08-01;BRASPINE;PEDRAS;PR;CASTRO;7,18;7,18;67,55;15,02;81,01;6,00;39,07;24,12;99,61;319,69;0,00;6,67
2009.0;8.0;2009-08-01;BRASPINE;PESCARIA;PR;SAO JOSE DA BOA VISTA;184,57;129,22;59,12;16,99;76,43;8,98;36,19;26,19;98,93;344,21;0,00;7,15
2009.0;8.0;2009-08-01;BRASPINE;PESSEGUEIRO;PR;DOUTOR ULYSSES;109,95;64,79;47,09;15,36;82,33;7,36;36,84;25,02;100,00;333,21;0,00;2,52
2009.0;8.0;2009-08-01;BRASPINE;PITANGA;;;;;118,57;15,13;80,23;5,91;45,90;24,23;99,81;308,79;0,00;6,87
2009.0;8.0;2009-08-01;BRASPINE;QUEIMADINHO ARROIO CLARO;PR;DOUTOR ULYSSES;48,13;19,09;51,76;15,36;82,33;7,36;36,84;25,02;100,00;333,21;0,00;2,52
2009.0;8.0;2009-08-01;BRASPINE;QUEIMADINHO M6042;PR;DOUTOR ULYSSES;48,38;18,50;51,76;15,36;82,33;7,36;36,84;25,02;100,00;333,21;0,00;2,52
2009.0;8.0;2009-08-01;BRASPINE;QUEIMADINHO USUCAPIAO;PR;DOUTOR ULYSSES;200,27;92,43;51,76;15,36;82,33;7,36;36,84;25,02;100,00;333,21;0,00;2,52
2009.0;8.0;2009-08-01;BRASPINE;RAMOS;PR;SENGES;69,83;38,15;54,06;15,24;81,61;6,96;35,99;24,61;100,00;330,61;0,00;3,45
2009.0;8.0;2009-08-01;BRASPINE;RIBEIRAO GRANDE;PR;JAGUARIAIVA;20,77;20,77;58,87;15,05;80,32;6,10;37,35;24,05;99,69;322,79;0,00;0,95
2009.0;8.0;2009-08-01;BRASPINE;RINCAO DE BAIXO;;;;;64,05;15,28;79,10;6,02;38,18;24,19;99,53;331,07;0,00;0,04
2009.0;8.0;2009-08-01;BRASPINE;RIO BOMBA;PR;CERRO AZUL;65,03;37,72;57,69;15,94;83,04;8,03;39,14;26,51;100,00;344,47;0,00;9,65
2009.0;8.0;2009-08-01;BRASPINE;RIO DO MEIO;PR;DOUTOR ULYSSES;712,33;389,13;51,96;15,36;82,33;7,36;36,84;25,02;100,00;333,21;0,00;2,52
2009.0;8.0;2009-08-01;BRASPINE;RONDON;PR;JAGUARIAIVA;2899,24;1475,88;50,08;15,13;80,49;6,85;37,30;23,98;99,82;337,75;0,00;0,54
2009.0;8.0;2009-08-01;BRASPINE;SANTA FELICIDADE;;;;;56,88;16,24;84,52;8,81;40,60;27,17;100,00;345,48;0,00;0,39
2009.0;8.0;2009-08-01;BRASPINE;SANTA LIDIA DO CERCADINHO;;;;;62,13;15,01;79,04;5,88;38,40;23,81;99,53;326,47;0,00;0,11
2009.0;8.0;2009-08-01;BRASPINE;SANTO ANTONIO;;;;;50,50;15,17;80,51;7,13;34,91;24,36;99,95;337,67;0,00;49,41
2009.0;8.0;2009-08-01;BRASPINE;SAO JOSE;PR;JANDAIA DO SUL;37,56;37,56;59,07;18,04;75,77;8,60;41,51;27,28;99,96;203,50;0,00;1,73
2009.0;8.0;2009-08-01;BRASPINE;SAO MATHEUS;;;;;64,58;18,97;75,73;9,23;39,05;28,87;99,82;211,46;0,00;0,19
2009.0;8.0;2009-08-01;BRASPINE;SAO PEDRO E SAO PAULO;PR;SAPOPEMA;709,13;323,93;67,12;16,18;78,11;7,58;42,03;25,06;99,27;309,78;0,00;5,48
2009.0;8.0;2009-08-01;BRASPINE;SAO RAFAEL;;;;;79,91;14,74;81,41;4,51;41,68;25,27;100,00;305,02;4,51;3,12
2009.0;8.0;2009-08-01;BRASPINE;SAO RAFAEL - PB;;;;;54,36;15,47;83,40;8,00;38,82;25,29;99,99;347,49;0,00;3,10
2009.0;8.0;2009-08-01;BRASPINE;SERRARIA;PR;DOUTOR ULYSSES;280,88;117,71;51,85;15,22;82,81;7,30;36,54;25,24;100,00;328,73;0,00;5,62
2009.0;8.0;2009-08-01;BRASPINE;SERRO VERDE;;;;;114,48;14,87;79,74;5,50;42,92;23,97;99,92;289,91;0,00;1,99
2009.0;8.0;2009-08-01;BRASPINE;SERTAOZINHO;PR;DOUTOR ULYSSES;16,25;16,25;53,75;15,36;82,33;7,36;36,84;25,02;100,00;333,21;0,00;2,52
2009.0;8.0;2009-08-01;BRASPINE;SITIO BASILIO;PR;JAGUARIAIVA;8,08;8,08;57,13;14,97;79,95;6,40;39,14;23,64;99,69;314,88;0,00;4,13
2009.0;8.0;2009-08-01;BRASPINE;SITIO DAS MARRECAS;PR;DOUTOR ULYSSES;77,49;35,17;52,98;15,81;83,71;8,22;38,54;26,25;100,00;340,88;0,00;3,16
2009.0;8.0;2009-08-01;BRASPINE;SOBRADINHO;SP;BOM SUCESSO DE ITARARE;285,80;123,10;54,41;15,11;81,52;7,32;35,16;24,38;99,98;336,97;0,00;1,27
2009.0;8.0;2009-08-01;BRASPINE;TAQUARAL;PR;JAGUARIAIVA;519,13;31,07;57,78;15,25;80,41;6,72;37,82;24,17;99,84;340,77;0,00;2,28
2009.0;8.0;2009-08-01;BRASPINE;TUCUNDUVA;PR;SENGES;82,21;60,89;67,42;15,68;77,82;7,57;38,70;24,40;99,50;316,83;0,00;24,82
2009.0;8.0;2009-08-01;BRASPINE;TUCUNDUVA - CHAMMA;;;;;60,64;15,78;78,05;7,68;38,10;24,52;99,48;320,85;0,00;25,79
2009.0;8.0;2009-08-01;BRASPINE;VIENA 1;PR;DOUTOR ULYSSES;263,98;178,34;56,50;15,01;81,68;6,61;36,55;24,43;100,00;339,55;0,00;6,51
2009.0;8.0;2009-08-01;BRASPINE;VIENA 2;PR;CERRO AZUL;140,23;96,54;57,76;15,94;83,04;8,03;39,14;26,51;100,00;344,47;0,00;9,65
2009.0;8.0;2009-08-01;BRASPINE;VITORIA;PR;SENGES;50,54;35,69;48,39;15,13;80,16;7,00;35,99;24,09;99,71;337,82;0,00;0,63
2009.0;8.0;2009-08-01;BRASPINE;VIVEIRO;PR;DOUTOR ULYSSES;405,39;261,22;52,03;15,36;82,33;7,36;36,84;25,02;100,00;333,21;0,00;2,52
2009.0;8.0;2009-08-01;BRASPINE;VO LINO;PR;DOUTOR ULYSSES;164,50;97,89;51,83;15,41;83,23;7,62;37,26;25,61;100,00;333,92;0,00;4,82
2009.0;8.0;2009-08-01;BRASPINE;XAXIM VELHO;;;;;101,21;13,98;82,32;4,51;43,10;23,37;100,00;295,56;4,51;1,80
2009.0;9.0;2009-09-01;BRASPINE;AGUA DOCE;PR;JAGUARIAIVA;238,97;121,99;202,76;17,15;85,98;8,40;46,45;25,94;99,86;243,07;0,00;22,86
2009.0;9.0;2009-09-01;BRASPINE;AMATA;;;;;226,01;18,19;86,14;9,95;42,05;29,13;100,00;256,19;0,00;2,01
2009.0;9.0;2009-09-01;BRASPINE;ANTA BRAVA;;;;;175,04;19,86;82,79;11,56;45,08;29,79;99,55;76,80;0,00;2,22
2009.0;9.0;2009-09-01;BRASPINE;ARAPONGAS;PR;SENGES;423,34;263,70;203,64;17,18;86,92;8,41;42,66;27,24;100,00;248,99;0,00;24,74
2009.0;9.0;2009-09-01;BRASPINE;ARROIO CLARO;PR;DOUTOR ULYSSES;275,14;92,00;210,72;17,31;86,96;8,62;41,41;27,78;100,00;252,87;0,00;29,90
2009.0;9.0;2009-09-01;BRASPINE;BARRA GRANDE;PR;DOUTOR ULYSSES;493,79;139,68;203,24;17,56;87,00;8,71;41,35;28,19;100,00;255,70;0,00;343,87
2009.0;9.0;2009-09-01;BRASPINE;BARRA GRANDE - BEMAIS;PR;GUARAPUAVA;299,16;108,61;281,48;16,59;85,84;6,98;39,80;25,63;99,99;290,91;0,00;15,44
2009.0;9.0;2009-09-01;BRASPINE;BARRETOS;PR;JAGUARIAIVA;43,35;32,98;214,53;17,15;86,80;8,10;45,26;26,85;100,00;257,57;0,00;33,62
2009.0;9.0;2009-09-01;BRASPINE;BAU;;;;;305,87;16,55;85,68;6,75;41,81;25,78;99,90;307,27;0,00;5,53
2009.0;9.0;2009-09-01;BRASPINE;BOA VISTA II;PR;PIRAI DO SUL;944,00;535,05;223,79;17,15;86,45;8,05;46,50;26,54;99,99;271,07;0,00;35,18
2009.0;9.0;2009-09-01;BRASPINE;BRASILEIRA;;;;;203,87;17,18;86,92;8,41;42,66;27,24;100,00;248,99;0,00;24,74
2009.0;9.0;2009-09-01;BRASPINE;BURACAO;;;;;246,90;17,08;85,77;8,47;43,01;26,90;99,89;273,21;0,00;0,13
2009.0;9.0;2009-09-01;BRASPINE;BURRINHO;PR;DOUTOR ULYSSES;211,01;100,37;210,77;17,31;86,96;8,62;41,41;27,78;100,00;252,87;0,00;29,90
2009.0;9.0;2009-09-01;BRASPINE;CADEADO I;PR;JAGUARIAIVA;21,07;12,29;208,17;17,03;86,70;8,19;44,01;26,81;100,00;257,83;0,00;30,95
2009.0;9.0;2009-09-01;BRASPINE;CADEADO II;PR;JAGUARIAIVA;21,88;16,79;208,17;17,03;86,70;8,19;44,01;26,81;100,00;257,83;0,00;30,95
2009.0;9.0;2009-09-01;BRASPINE;CAMPINA ALTA;PR;TIBAGI;29,77;18,24;270,32;18,09;85,69;9,92;42,92;27,16;99,89;245,99;0,00;1,65
2009.0;9.0;2009-09-01;BRASPINE;CAMPINA DO ELIAS;PR;JAGUARIAIVA;29,17;14,65;223,16;17,11;86,76;8,13;44,81;26,84;100,00;257,66;0,00;32,73
2009.0;9.0;2009-09-01;BRASPINE;CAMPO NOVO;PR;JAGUARIAIVA;295,98;156,36;203,15;17,03;86,70;8,19;44,01;26,81;100,00;257,83;0,00;30,95
2009.0;9.0;2009-09-01;BRASPINE;CONSULTORIA II A;PR;DOUTOR ULYSSES;89,62;60,79;209,26;17,18;86,92;8,41;42,66;27,24;100,00;248,99;0,00;24,74
2009.0;9.0;2009-09-01;BRASPINE;DINIZ;;;;;192,81;17,18;86,92;8,41;42,66;27,24;100,00;248,99;0,00;24,74
2009.0;9.0;2009-09-01;BRASPINE;ENES;PR;JAGUARIAIVA;5,93;5,69;203,14;17,03;86,70;8,19;44,01;26,81;100,00;257,83;0,00;30,95
2009.0;9.0;2009-09-01;BRASPINE;ENGENHARIA;;;;;192,81;17,18;86,92;8,41;42,66;27,24;100,00;248,99;0,00;24,74
2009.0;9.0;2009-09-01;BRASPINE;ESTACAO;PR;SENGES;4,76;4,14;207,65;17,03;86,70;8,19;44,01;26,81;100,00;257,83;0,00;30,95
2009.0;9.0;2009-09-01;BRASPINE;FAXINAL;PR;JAGUARIAIVA;20,65;20,65;203,14;17,03;86,70;8,19;44,01;26,81;100,00;257,83;0,00;30,95
2009.0;9.0;2009-09-01;BRASPINE;FEITAL;PR;DOUTOR ULYSSES;154,17;86,53;204,18;17,31;86,95;8,51;42,23;27,56;100,00;251,28;0,00;22,40
2009.0;9.0;2009-09-01;BRASPINE;FIGUEIRA;PR;DOUTOR ULYSSES;1053,81;315,71;206,73;17,31;86,96;8,62;41,41;27,78;100,00;252,87;0,00;29,90
2009.0;9.0;2009-09-01;BRASPINE;FIGUEIRINHA;PR;DOUTOR ULYSSES;94,37;56,74;210,06;17,31;86,96;8,62;41,41;27,78;100,00;252,87;0,00;29,90
2009.0;9.0;2009-09-01;BRASPINE;FLOEMA;PR;DOUTOR ULYSSES;2189,88;701,43;218,84;16,93;86,71;8,28;42,51;26,89;100,00;258,78;0,00;0,03
2009.0;9.0;2009-09-01;BRASPINE;FLOEMA I - SUDATI;;;;;206,14;17,18;86,92;8,41;42,66;27,24;100,00;248,99;0,00;24,74
2009.0;9.0;2009-09-01;BRASPINE;FLOEMA II - SUDATI;PR;DOUTOR ULYSSES;453,83;211,13;208,88;17,18;86,92;8,41;42,66;27,24;100,00;248,99;0,00;24,74
2009.0;9.0;2009-09-01;BRASPINE;FLOR DA SERRA;PR;SAO JOSE DA BOA VISTA;209,10;128,72;214,87;19,00;82,63;11,49;41,75;28,07;99,79;160,48;0,00;8,80
2009.0;9.0;2009-09-01;BRASPINE;GENTIL;PR;JAGUARIAIVA;126,77;53,33;204,37;16,94;86,07;8,39;46,16;25,46;99,74;254,11;0,00;27,80
2009.0;9.0;2009-09-01;BRASPINE;GUAIRACA;PR;GUARAPUAVA;623,62;169,31;284,71;16,63;85,97;6,69;40,15;25,71;99,99;306,83;0,00;4,23
2009.0;9.0;2009-09-01;BRASPINE;HERVAL 2 - MADALOSSO;;;;;250,30;17,08;85,77;8,47;43,01;26,90;99,89;273,21;0,00;0,13
2009.0;9.0;2009-09-01;BRASPINE;HERVAL DE BAIXO;PR;RESERVA;827,29;475,92;279,06;18,06;85,82;9,07;42,68;27,28;99,82;258,50;0,00;0,67
2009.0;9.0;2009-09-01;BRASPINE;HORTO 01;PR;TURVO;19,12;19,12;281,20;17,36;85,54;7,25;43,03;26,06;99,75;276,60;0,00;4,73
2009.0;9.0;2009-09-01;BRASPINE;HORTO 02;PR;TURVO;4,24;4,24;283,40;17,36;85,54;7,25;43,03;26,06;99,75;276,60;0,00;4,73
2009.0;9.0;2009-09-01;BRASPINE;HORTO 03;PR;PRUDENTOPOLIS;80,91;25,89;270,29;17,79;84,83;7,75;41,54;26,86;99,90;270,44;0,00;0,58
2009.0;9.0;2009-09-01;BRASPINE;HORTO 08;PR;TURVO;9,53;9,53;267,38;17,79;84,83;7,75;41,54;26,86;99,90;270,44;0,00;0,58
2009.0;9.0;2009-09-01;BRASPINE;HORTO 12;PR;PRUDENTOPOLIS;12,20;12,20;263,92;17,79;84,83;7,75;41,54;26,86;99,90;270,44;0,00;0,58
2009.0;9.0;2009-09-01;BRASPINE;IZAU;PR;PIRAI DO SUL;19,37;11,60;222,26;16,92;86,51;8,06;45,89;25,77;99,78;268,94;0,00;36,10
2009.0;9.0;2009-09-01;BRASPINE;JOAO RICO;PR;JAGUARIAIVA;47,46;26,18;202,95;17,15;85,98;8,40;46,45;25,94;99,86;243,07;0,00;22,86
2009.0;9.0;2009-09-01;BRASPINE;LAGOA;PR;JAGUARIAIVA;24,10;10,78;212,97;17,03;86,70;8,19;44,01;26,81;100,00;257,83;0,00;30,95
2009.0;9.0;2009-09-01;BRASPINE;MARACANA;PR;JANDAIA DO SUL;11,45;11,45;148,63;20,11;81,21;11,04;45,26;29,62;99,99;93,36;0,00;0,19
2009.0;9.0;2009-09-01;BRASPINE;MARRECA;;;;;211,43;17,31;86,96;8,62;41,41;27,78;100,00;252,87;0,00;29,90
2009.0;9.0;2009-09-01;BRASPINE;MARRECA SP;SP;ITAPIRAPUA PAULISTA;675,30;236,19;203,23;17,85;86,92;9,03;40,50;28,94;100,00;246,06;0,00;21,88
2009.0;9.0;2009-09-01;BRASPINE;MARRECAS;;;;;288,57;16,05;86,39;6,48;38,48;25,27;100,00;337,88;0,00;8,02
2009.0;9.0;2009-09-01;BRASPINE;MERCADINHO;;;;;210,09;17,67;86,64;9,26;41,24;28,41;100,00;274,65;0,00;0,36
2009.0;9.0;2009-09-01;BRASPINE;MONTE ALEGRE;;;;;140,75;20,54;80,11;11,42;44,32;30,26;99,98;65,30;0,00;0,91
2009.0;9.0;2009-09-01;BRASPINE;MONTE TABOR II;;;;;194,09;17,38;88,26;9,68;41,90;28,79;100,00;290,22;0,00;3,72
2009.0;9.0;2009-09-01;BRASPINE;MOREIRA;PR;DOUTOR ULYSSES;230,52;68,68;208,88;17,18;86,92;8,41;42,66;27,24;100,00;248,99;0,00;24,74
2009.0;9.0;2009-09-01;BRASPINE;MOREIRAS II;PR;DOUTOR ULYSSES;66,76;28,75;209,31;17,18;86,92;8,41;42,66;27,24;100,00;248,99;0,00;24,74
2009.0;9.0;2009-09-01;BRASPINE;MORRETES;PR;ORTIGUEIRA;20,36;20,36;277,13;18,47;85,76;8,70;43,46;27,93;99,79;232,53;0,00;0,54
2009.0;9.0;2009-09-01;BRASPINE;MORRO AZUL;;;;;199,79;17,37;87,03;8,63;41,08;28,17;100,00;266,85;0,00;4,87
2009.0;9.0;2009-09-01;BRASPINE;OURO FINO;SP;APIAI;51,70;51,70;191,62;17,22;87,70;8,89;41,50;28,26;100,00;283,30;0,00;1,79
2009.0;9.0;2009-09-01;BRASPINE;PALMEIRINHA DE BAIXO - SOSSEGO;PR;SENGES;85,93;9,22;200,76;16,95;86,00;8,47;46,27;26,07;99,92;243,26;0,00;6,79
2009.0;9.0;2009-09-01;BRASPINE;PAZIN;PR;DOUTOR ULYSSES;41,20;23,90;206,44;17,31;86,96;8,62;41,41;27,78;100,00;252,87;0,00;29,90
2009.0;9.0;2009-09-01;BRASPINE;PEDRAS;PR;CASTRO;7,18;7,18;249,75;16,92;86,90;8,03;48,02;25,81;99,76;251,25;0,00;3,41
2009.0;9.0;2009-09-01;BRASPINE;PESCARIA;PR;SAO JOSE DA BOA VISTA;184,57;129,22;223,22;19,05;82,27;11,41;41,04;28,39;99,98;161,27;0,00;10,12
2009.0;9.0;2009-09-01;BRASPINE;PESSEGUEIRO;PR;DOUTOR ULYSSES;109,95;64,79;210,79;17,18;86,92;8,41;42,66;27,24;100,00;248,99;0,00;24,74
2009.0;9.0;2009-09-01;BRASPINE;PITANGA;;;;;316,80;17,22;85,22;6,67;41,62;26,29;99,84;261,08;0,00;5,10
2009.0;9.0;2009-09-01;BRASPINE;QUEIMADINHO ARROIO CLARO;PR;DOUTOR ULYSSES;48,13;19,09;203,87;17,18;86,92;8,41;42,66;27,24;100,00;248,99;0,00;24,74
2009.0;9.0;2009-09-01;BRASPINE;QUEIMADINHO M6042;PR;DOUTOR ULYSSES;48,38;18,50;203,87;17,18;86,92;8,41;42,66;27,24;100,00;248,99;0,00;24,74
2009.0;9.0;2009-09-01;BRASPINE;QUEIMADINHO USUCAPIAO;PR;DOUTOR ULYSSES;200,27;92,43;203,87;17,18;86,92;8,41;42,66;27,24;100,00;248,99;0,00;24,74
2009.0;9.0;2009-09-01;BRASPINE;RAMOS;PR;SENGES;69,83;38,15;206,14;17,03;86,70;8,19;44,01;26,81;100,00;257,83;0,00;30,95
2009.0;9.0;2009-09-01;BRASPINE;RIBEIRAO GRANDE;PR;JAGUARIAIVA;20,77;20,77;217,05;16,92;86,51;8,06;45,89;25,77;99,78;268,94;0,00;36,10
2009.0;9.0;2009-09-01;BRASPINE;RINCAO DE BAIXO;;;;;276,92;17,50;85,00;8,70;42,99;26,00;99,86;264,59;0,00;7,27
2009.0;9.0;2009-09-01;BRASPINE;RIO BOMBA;PR;CERRO AZUL;65,03;37,72;221,69;17,92;86,15;9,77;41,69;28,55;99,99;280,04;0,00;4,41
2009.0;9.0;2009-09-01;BRASPINE;RIO DO MEIO;PR;DOUTOR ULYSSES;712,33;389,13;207,87;17,18;86,92;8,41;42,66;27,24;100,00;248,99;0,00;24,74
2009.0;9.0;2009-09-01;BRASPINE;RONDON;PR;JAGUARIAIVA;2899,24;1475,88;204,12;16,97;86,21;8,32;47,07;25,96;99,90;256,61;0,00;13,21
2009.0;9.0;2009-09-01;BRASPINE;SANTA FELICIDADE;;;;;196,89;18,13;86,91;9,40;39,65;29,73;100,00;250,69;0,00;12,88
2009.0;9.0;2009-09-01;BRASPINE;SANTA LIDIA DO CERCADINHO;;;;;281,52;17,20;85,09;8,48;43,40;25,47;99,86;304,18;0,00;5,55
2009.0;9.0;2009-09-01;BRASPINE;SANTO ANTONIO;;;;;198,41;16,98;86,18;8,48;43,81;26,71;100,00;258,64;0,00;2,77
2009.0;9.0;2009-09-01;BRASPINE;SAO JOSE;PR;JANDAIA DO SUL;37,56;37,56;141,98;20,40;80,38;11,32;44,87;30,04;99,99;64,62;0,00;1,84
2009.0;9.0;2009-09-01;BRASPINE;SAO MATHEUS;;;;;150,45;21,49;78,67;11,43;39,23;31,83;99,92;37,60;0,00;0,71
2009.0;9.0;2009-09-01;BRASPINE;SAO PEDRO E SAO PAULO;PR;SAPOPEMA;709,13;323,93;212,53;18,70;83,36;10,79;42,54;27,11;99,64;199,50;0,00;2,79
2009.0;9.0;2009-09-01;BRASPINE;SAO RAFAEL;;;;;303,02;16,57;84,80;6,47;42,48;26,89;99,70;290,76;0,00;2,09
2009.0;9.0;2009-09-01;BRASPINE;SAO RAFAEL - PB;;;;;195,83;17,30;87,55;8,81;41,09;28,35;100,00;284,26;0,00;0,13
2009.0;9.0;2009-09-01;BRASPINE;SERRARIA;PR;DOUTOR ULYSSES;280,88;117,71;212,86;17,12;86,83;8,45;41,96;27,33;100,00;248,58;0,00;33,37
2009.0;9.0;2009-09-01;BRASPINE;SERRO VERDE;;;;;331,92;16,79;84,87;5,77;41,42;26,22;99,91;294,40;0,00;3,02
2009.0;9.0;2009-09-01;BRASPINE;SERTAOZINHO;PR;DOUTOR ULYSSES;16,25;16,25;199,50;17,18;86,92;8,41;42,66;27,24;100,00;248,99;0,00;24,74
2009.0;9.0;2009-09-01;BRASPINE;SITIO BASILIO;PR;JAGUARIAIVA;8,08;8,08;203,27;17,00;85,91;8,50;46,33;25,49;99,71;255,08;0,00;23,51
2009.0;9.0;2009-09-01;BRASPINE;SITIO DAS MARRECAS;PR;DOUTOR ULYSSES;77,49;35,17;209,13;17,69;86,93;8,92;40,76;28,61;100,00;243,80;0,00;24,24
2009.0;9.0;2009-09-01;BRASPINE;SOBRADINHO;SP;BOM SUCESSO DE ITARARE;285,80;123,10;207,42;16,92;86,79;8,50;42,45;27,13;100,00;274,09;0,00;44,40
2009.0;9.0;2009-09-01;BRASPINE;TAQUARAL;PR;JAGUARIAIVA;519,13;31,07;211,35;17,13;86,23;8,30;47,52;26,15;100,00;243,26;0,00;21,38
2009.0;9.0;2009-09-01;BRASPINE;TUCUNDUVA;PR;SENGES;82,21;60,89;219,02;17,69;83,79;9,62;44,43;26,44;99,79;272,29;0,00;4,23
2009.0;9.0;2009-09-01;BRASPINE;TUCUNDUVA - CHAMMA;;;;;219,10;17,69;83,97;9,54;44,94;26,55;99,77;273,48;0,00;43,33
2009.0;9.0;2009-09-01;BRASPINE;VIENA 1;PR;DOUTOR ULYSSES;263,98;178,34;225,01;16,84;86,72;8,06;44,41;26,44;100,00;269,79;0,00;0,44
2009.0;9.0;2009-09-01;BRASPINE;VIENA 2;PR;CERRO AZUL;140,23;96,54;221,71;17,92;86,15;9,77;41,69;28,55;99,99;280,04;0,00;4,41
2009.0;9.0;2009-09-01;BRASPINE;VITORIA;PR;SENGES;50,54;35,69;200,76;16,95;86,00;8,47;46,27;26,07;99,92;243,26;0,00;6,79
2009.0;9.0;2009-09-01;BRASPINE;VIVEIRO;PR;DOUTOR ULYSSES;405,39;261,22;209,31;17,18;86,92;8,41;42,66;27,24;100,00;248,99;0,00;24,74
2009.0;9.0;2009-09-01;BRASPINE;VO LINO;PR;DOUTOR ULYSSES;164,50;97,89;211,25;17,31;86,96;8,62;41,41;27,78;100,00;252,87;0,00;29,90
2009.0;9.0;2009-09-01;BRASPINE;XAXIM VELHO;;;;;315,99;16,02;86,76;6,18;37,08;25,24;100,00;322,60;0,00;1,85
2009.0;10.0;2009-10-01;BRASPINE;AGUA DOCE;PR;JAGUARIAIVA;238,97;121,99;184,25;17,60;85,30;9,51;47,87;26,87;99,88;306,87;0,00;3,86
2009.0;10.0;2009-10-01;BRASPINE;AMATA;;;;;151,14;18,56;85,80;11,62;48,24;29,33;100,00;183,59;0,00;0,12
2009.0;10.0;2009-10-01;BRASPINE;ANTA BRAVA;;;;;188,15;20,29;81,43;11,64;44,29;29,40;99,59;107,29;0,00;15,39
2009.0;10.0;2009-10-01;BRASPINE;ARAPONGAS;PR;SENGES;423,34;263,70;177,85;17,49;87,27;10,20;47,39;27,77;100,00;251,68;0,00;0,25
2009.0;10.0;2009-10-01;BRASPINE;ARROIO CLARO;PR;DOUTOR ULYSSES;275,14;92,00;156,38;17,60;87,51;10,50;46,12;28,25;100,00;241,16;0,00;2,96
2009.0;10.0;2009-10-01;BRASPINE;BARRA GRANDE;PR;DOUTOR ULYSSES;493,79;139,68;164,28;17,82;87,42;10,60;47,64;28,43;100,00;212,53;0,00;1,64
2009.0;10.0;2009-10-01;BRASPINE;BARRA GRANDE - BEMAIS;PR;GUARAPUAVA;299,16;108,61;206,34;17,50;85,83;9,09;43,22;26,30;100,00;272,22;0,00;0,09
2009.0;10.0;2009-10-01;BRASPINE;BARRETOS;PR;JAGUARIAIVA;43,35;32,98;192,92;17,49;86,76;9,66;48,46;27,15;100,00;277,88;0,00;0,07
2009.0;10.0;2009-10-01;BRASPINE;BAU;;;;;237,85;17,78;84,94;9,10;39,87;26,28;99,90;222,69;0,00;2,34
2009.0;10.0;2009-10-01;BRASPINE;BOA VISTA II;PR;PIRAI DO SUL;944,00;535,05;198,61;17,53;86,18;9,40;48,89;26,90;100,00;276,51;0,00;1,25
2009.0;10.0;2009-10-01;BRASPINE;BRASILEIRA;;;;;168,37;17,49;87,27;10,20;47,39;27,77;100,00;251,68;0,00;0,25
2009.0;10.0;2009-10-01;BRASPINE;BURACAO;;;;;175,55;17,36;86,39;9,92;46,30;27,39;99,83;251,29;0,00;2,79
2009.0;10.0;2009-10-01;BRASPINE;BURRINHO;PR;DOUTOR ULYSSES;211,01;100,37;156,19;17,60;87,51;10,50;46,12;28,25;100,00;241,16;0,00;2,96
2009.0;10.0;2009-10-01;BRASPINE;CADEADO I;PR;JAGUARIAIVA;21,07;12,29;177,20;17,36;86,91;9,85;47,35;27,33;100,00;276,48;0,00;1,68
2009.0;10.0;2009-10-01;BRASPINE;CADEADO II;PR;JAGUARIAIVA;21,88;16,79;177,20;17,36;86,91;9,85;47,35;27,33;100,00;276,48;0,00;1,68
2009.0;10.0;2009-10-01;BRASPINE;CAMPINA ALTA;PR;TIBAGI;29,77;18,24;255,58;18,98;84,09;10,32;43,50;28,14;99,99;240,26;0,00;1,98
2009.0;10.0;2009-10-01;BRASPINE;CAMPINA DO ELIAS;PR;JAGUARIAIVA;29,17;14,65;182,23;17,45;86,81;9,73;48,05;27,20;100,00;277,38;0,00;1,99
2009.0;10.0;2009-10-01;BRASPINE;CAMPO NOVO;PR;JAGUARIAIVA;295,98;156,36;182,68;17,36;86,91;9,85;47,35;27,33;100,00;276,48;0,00;1,68
2009.0;10.0;2009-10-01;BRASPINE;CONSULTORIA II A;PR;DOUTOR ULYSSES;89,62;60,79;168,09;17,49;87,27;10,20;47,39;27,77;100,00;251,68;0,00;0,25
2009.0;10.0;2009-10-01;BRASPINE;DINIZ;;;;;165,23;17,49;87,27;10,20;47,39;27,77;100,00;251,68;0,00;0,25
2009.0;10.0;2009-10-01;BRASPINE;ENES;PR;JAGUARIAIVA;5,93;5,69;183,41;17,36;86,91;9,85;47,35;27,33;100,00;276,48;0,00;1,68
2009.0;10.0;2009-10-01;BRASPINE;ENGENHARIA;;;;;165,23;17,49;87,27;10,20;47,39;27,77;100,00;251,68;0,00;0,25
2009.0;10.0;2009-10-01;BRASPINE;ESTACAO;PR;SENGES;4,76;4,14;173,71;17,36;86,91;9,85;47,35;27,33;100,00;276,48;0,00;1,68
2009.0;10.0;2009-10-01;BRASPINE;FAXINAL;PR;JAGUARIAIVA;20,65;20,65;183,41;17,36;86,91;9,85;47,35;27,33;100,00;276,48;0,00;1,68
2009.0;10.0;2009-10-01;BRASPINE;FEITAL;PR;DOUTOR ULYSSES;154,17;86,53;161,93;17,60;87,32;10,35;47,47;27,99;100,00;223,87;0,00;4,07
2009.0;10.0;2009-10-01;BRASPINE;FIGUEIRA;PR;DOUTOR ULYSSES;1053,81;315,71;156,51;17,60;87,51;10,50;46,12;28,25;100,00;241,16;0,00;2,96
2009.0;10.0;2009-10-01;BRASPINE;FIGUEIRINHA;PR;DOUTOR ULYSSES;94,37;56,74;154,11;17,60;87,51;10,50;46,12;28,25;100,00;241,16;0,00;2,96
2009.0;10.0;2009-10-01;BRASPINE;FLOEMA;PR;DOUTOR ULYSSES;2189,88;701,43;166,56;17,25;87,24;10,01;45,39;27,68;100,00;278,34;0,00;359,66
2009.0;10.0;2009-10-01;BRASPINE;FLOEMA I - SUDATI;;;;;176,95;17,49;87,27;10,20;47,39;27,77;100,00;251,68;0,00;0,25
2009.0;10.0;2009-10-01;BRASPINE;FLOEMA II - SUDATI;PR;DOUTOR ULYSSES;453,83;211,13;166,54;17,49;87,27;10,20;47,39;27,77;100,00;251,68;0,00;0,25
2009.0;10.0;2009-10-01;BRASPINE;FLOR DA SERRA;PR;SAO JOSE DA BOA VISTA;209,10;128,72;210,46;19,71;80,04;11,79;46,22;28,37;99,88;148,07;0,00;0,50
2009.0;10.0;2009-10-01;BRASPINE;GENTIL;PR;JAGUARIAIVA;126,77;53,33;195,11;17,42;85,37;9,32;47,92;26,55;99,75;302,82;0,00;8,00
2009.0;10.0;2009-10-01;BRASPINE;GUAIRACA;PR;GUARAPUAVA;623,62;169,31;204,86;17,48;86,12;8,98;44,44;26,34;100,00;271,73;0,00;0,16
2009.0;10.0;2009-10-01;BRASPINE;HERVAL 2 - MADALOSSO;;;;;186,55;17,36;86,39;9,92;46,30;27,39;99,83;251,29;0,00;2,79
2009.0;10.0;2009-10-01;BRASPINE;HERVAL DE BAIXO;PR;RESERVA;827,29;475,92;246,43;18,98;84,38;10,08;43,34;28,15;99,96;253,50;0,00;8,56
2009.0;10.0;2009-10-01;BRASPINE;HORTO 01;PR;TURVO;19,12;19,12;237,70;18,25;85,92;9,44;44,47;26,77;100,00;269,91;0,00;2,51
2009.0;10.0;2009-10-01;BRASPINE;HORTO 02;PR;TURVO;4,24;4,24;237,15;18,25;85,92;9,44;44,47;26,77;100,00;269,91;0,00;2,51
2009.0;10.0;2009-10-01;BRASPINE;HORTO 03;PR;PRUDENTOPOLIS;80,91;25,89;236,73;18,67;85,13;10,06;43,90;27,47;99,99;248,67;0,00;7,50
2009.0;10.0;2009-10-01;BRASPINE;HORTO 08;PR;TURVO;9,53;9,53;232,30;18,67;85,13;10,06;43,90;27,47;99,99;248,67;0,00;7,50
2009.0;10.0;2009-10-01;BRASPINE;HORTO 12;PR;PRUDENTOPOLIS;12,20;12,20;233,93;18,67;85,13;10,06;43,90;27,47;99,99;248,67;0,00;7,50
2009.0;10.0;2009-10-01;BRASPINE;IZAU;PR;PIRAI DO SUL;19,37;11,60;214,97;17,34;86,13;9,21;47,99;26,61;99,86;287,13;0,00;2,79
2009.0;10.0;2009-10-01;BRASPINE;JOAO RICO;PR;JAGUARIAIVA;47,46;26,18;190,38;17,60;85,30;9,51;47,87;26,87;99,88;306,87;0,00;3,86
2009.0;10.0;2009-10-01;BRASPINE;LAGOA;PR;JAGUARIAIVA;24,10;10,78;173,39;17,36;86,91;9,85;47,35;27,33;100,00;276,48;0,00;1,68
2009.0;10.0;2009-10-01;BRASPINE;MARACANA;PR;JANDAIA DO SUL;11,45;11,45;288,18;20,99;80,91;12,70;42,91;29,24;99,84;52,59;0,00;2,29
2009.0;10.0;2009-10-01;BRASPINE;MARRECA;;;;;154,34;17,60;87,51;10,50;46,12;28,25;100,00;241,16;0,00;2,96
2009.0;10.0;2009-10-01;BRASPINE;MARRECA SP;SP;ITAPIRAPUA PAULISTA;675,30;236,19;151,32;18,08;87,46;10,95;46,92;29,20;100,00;202,74;0,00;1,55
2009.0;10.0;2009-10-01;BRASPINE;MARRECAS;;;;;203,32;16,99;86,26;8,51;42,85;25,78;100,00;291,32;0,00;6,47
2009.0;10.0;2009-10-01;BRASPINE;MERCADINHO;;;;;147,92;18,03;86,64;11,04;46,80;28,65;100,00;204,60;0,00;3,23
2009.0;10.0;2009-10-01;BRASPINE;MONTE ALEGRE;;;;;282,20;21,47;80,07;13,28;42,60;29,72;99,85;54,44;0,00;5,14
2009.0;10.0;2009-10-01;BRASPINE;MONTE TABOR II;;;;;156,92;17,69;88,42;10,72;48,24;28,79;100,00;233,81;0,00;4,27
2009.0;10.0;2009-10-01;BRASPINE;MOREIRA;PR;DOUTOR ULYSSES;230,52;68,68;166,54;17,49;87,27;10,20;47,39;27,77;100,00;251,68;0,00;0,25
2009.0;10.0;2009-10-01;BRASPINE;MOREIRAS II;PR;DOUTOR ULYSSES;66,76;28,75;168,29;17,49;87,27;10,20;47,39;27,77;100,00;251,68;0,00;0,25
2009.0;10.0;2009-10-01;BRASPINE;MORRETES;PR;ORTIGUEIRA;20,36;20,36;263,18;19,40;84,39;10,43;43,43;28,47;99,96;197,94;0,00;10,77
2009.0;10.0;2009-10-01;BRASPINE;MORRO AZUL;;;;;170,81;17,64;87,32;10,50;47,11;28,12;100,00;208,85;0,00;28,34
2009.0;10.0;2009-10-01;BRASPINE;OURO FINO;SP;APIAI;51,70;51,70;156,19;17,46;88,11;10,43;46,48;28,25;100,00;210,16;0,00;18,99
2009.0;10.0;2009-10-01;BRASPINE;PALMEIRINHA DE BAIXO - SOSSEGO;PR;SENGES;85,93;9,22;174,80;17,39;85,66;9,86;46,82;26,90;99,87;291,36;0,00;15,14
2009.0;10.0;2009-10-01;BRASPINE;PAZIN;PR;DOUTOR ULYSSES;41,20;23,90;158,27;17,60;87,51;10,50;46,12;28,25;100,00;241,16;0,00;2,96
2009.0;10.0;2009-10-01;BRASPINE;PEDRAS;PR;CASTRO;7,18;7,18;215,92;17,35;86,50;9,18;49,91;26,51;99,68;289,07;0,00;1,02
2009.0;10.0;2009-10-01;BRASPINE;PESCARIA;PR;SAO JOSE DA BOA VISTA;184,57;129,22;213,10;19,74;79,92;11,79;43,81;28,55;99,97;147,63;0,00;3,11
2009.0;10.0;2009-10-01;BRASPINE;PESSEGUEIRO;PR;DOUTOR ULYSSES;109,95;64,79;164,97;17,49;87,27;10,20;47,39;27,77;100,00;251,68;0,00;0,25
2009.0;10.0;2009-10-01;BRASPINE;PITANGA;;;;;263,22;18,50;84,54;9,88;42,47;26,62;99,99;190,59;0,00;2,07
2009.0;10.0;2009-10-01;BRASPINE;QUEIMADINHO ARROIO CLARO;PR;DOUTOR ULYSSES;48,13;19,09;168,37;17,49;87,27;10,20;47,39;27,77;100,00;251,68;0,00;0,25
2009.0;10.0;2009-10-01;BRASPINE;QUEIMADINHO M6042;PR;DOUTOR ULYSSES;48,38;18,50;168,37;17,49;87,27;10,20;47,39;27,77;100,00;251,68;0,00;0,25
2009.0;10.0;2009-10-01;BRASPINE;QUEIMADINHO USUCAPIAO;PR;DOUTOR ULYSSES;200,27;92,43;168,37;17,49;87,27;10,20;47,39;27,77;100,00;251,68;0,00;0,25
2009.0;10.0;2009-10-01;BRASPINE;RAMOS;PR;SENGES;69,83;38,15;176,95;17,36;86,91;9,85;47,35;27,33;100,00;276,48;0,00;1,68
2009.0;10.0;2009-10-01;BRASPINE;RIBEIRAO GRANDE;PR;JAGUARIAIVA;20,77;20,77;211,49;17,34;86,13;9,21;47,99;26,61;99,86;287,13;0,00;2,79
2009.0;10.0;2009-10-01;BRASPINE;RINCAO DE BAIXO;;;;;246,15;18,31;82,75;10,25;43,97;27,37;99,62;273,38;0,00;0,92
2009.0;10.0;2009-10-01;BRASPINE;RIO BOMBA;PR;CERRO AZUL;65,03;37,72;153,86;18,31;85,94;11,37;46,95;28,83;99,99;195,64;0,00;0,80
2009.0;10.0;2009-10-01;BRASPINE;RIO DO MEIO;PR;DOUTOR ULYSSES;712,33;389,13;168,31;17,49;87,27;10,20;47,39;27,77;100,00;251,68;0,00;0,25
2009.0;10.0;2009-10-01;BRASPINE;RONDON;PR;JAGUARIAIVA;2899,24;1475,88;178,00;17,40;85,91;9,70;47,84;26,83;99,88;290,46;0,00;0,68
2009.0;10.0;2009-10-01;BRASPINE;SANTA FELICIDADE;;;;;150,84;18,38;87,39;11,37;46,45;29,91;100,00;192,36;0,00;2,80
2009.0;10.0;2009-10-01;BRASPINE;SANTA LIDIA DO CERCADINHO;;;;;244,71;18,00;82,89;10,04;44,41;26,95;99,61;313,15;0,00;0,09
2009.0;10.0;2009-10-01;BRASPINE;SANTO ANTONIO;;;;;172,68;17,37;85,95;9,99;46,32;27,05;100,00;262,23;0,00;6,06
2009.0;10.0;2009-10-01;BRASPINE;SAO JOSE;PR;JANDAIA DO SUL;37,56;37,56;283,39;21,32;80,25;13,13;42,64;29,51;99,90;53,91;0,00;5,36
2009.0;10.0;2009-10-01;BRASPINE;SAO MATHEUS;;;;;285,23;22,52;79,27;14,29;42,37;31,24;99,82;43,30;0,00;0,91
2009.0;10.0;2009-10-01;BRASPINE;SAO PEDRO E SAO PAULO;PR;SAPOPEMA;709,13;323,93;230,45;19,35;82,00;11,00;48,09;27,84;99,33;203,90;0,00;1,47
2009.0;10.0;2009-10-01;BRASPINE;SAO RAFAEL;;;;;169,25;17,03;84,66;9,54;46,10;27,26;99,79;259,05;0,00;1,88
2009.0;10.0;2009-10-01;BRASPINE;SAO RAFAEL - PB;;;;;160,87;17,53;87,94;10,54;46,57;28,30;100,00;210,52;0,00;21,36
2009.0;10.0;2009-10-01;BRASPINE;SERRARIA;PR;DOUTOR ULYSSES;280,88;117,71;157,47;17,42;87,38;10,27;45,75;27,96;100,00;267,40;0,00;4,44
2009.0;10.0;2009-10-01;BRASPINE;SERRO VERDE;;;;;253,77;18,12;83,83;9,13;37,62;26,88;99,93;213,78;0,00;6,06
2009.0;10.0;2009-10-01;BRASPINE;SERTAOZINHO;PR;DOUTOR ULYSSES;16,25;16,25;165,79;17,49;87,27;10,20;47,39;27,77;100,00;251,68;0,00;0,25
2009.0;10.0;2009-10-01;BRASPINE;SITIO BASILIO;PR;JAGUARIAIVA;8,08;8,08;184,08;17,50;85,11;9,41;47,88;26,61;99,78;304,10;0,00;6,41
2009.0;10.0;2009-10-01;BRASPINE;SITIO DAS MARRECAS;PR;DOUTOR ULYSSES;77,49;35,17;156,37;17,94;87,47;10,82;46,88;28,86;100,00;201,02;0,00;0,52
2009.0;10.0;2009-10-01;BRASPINE;SOBRADINHO;SP;BOM SUCESSO DE ITARARE;285,80;123,10;165,86;17,25;86,83;10,04;47,87;27,34;100,00;262,26;0,00;29,02
2009.0;10.0;2009-10-01;BRASPINE;TAQUARAL;PR;JAGUARIAIVA;519,13;31,07;187,09;17,55;85,77;9,60;48,61;26,90;100,00;292,35;0,00;0,80
2009.0;10.0;2009-10-01;BRASPINE;TUCUNDUVA;PR;SENGES;82,21;60,89;186,61;18,24;82,64;10,39;45,23;27,37;99,80;246,08;0,00;5,01
2009.0;10.0;2009-10-01;BRASPINE;TUCUNDUVA - CHAMMA;;;;;191,40;18,20;83,04;10,50;45,33;27,47;99,72;246,11;0,00;0,81
2009.0;10.0;2009-10-01;BRASPINE;VIENA 1;PR;DOUTOR ULYSSES;263,98;178,34;173,99;17,16;87,19;9,60;47,19;27,15;100,00;289,32;0,00;0,60
2009.0;10.0;2009-10-01;BRASPINE;VIENA 2;PR;CERRO AZUL;140,23;96,54;153,59;18,31;85,94;11,37;46,95;28,83;99,99;195,64;0,00;0,80
2009.0;10.0;2009-10-01;BRASPINE;VITORIA;PR;SENGES;50,54;35,69;174,80;17,39;85,66;9,86;46,82;26,90;99,87;291,36;0,00;15,14
2009.0;10.0;2009-10-01;BRASPINE;VIVEIRO;PR;DOUTOR ULYSSES;405,39;261,22;168,29;17,49;87,27;10,20;47,39;27,77;100,00;251,68;0,00;0,25
2009.0;10.0;2009-10-01;BRASPINE;VO LINO;PR;DOUTOR ULYSSES;164,50;97,89;154,71;17,60;87,51;10,50;46,12;28,25;100,00;241,16;0,00;2,96
2009.0;10.0;2009-10-01;BRASPINE;XAXIM VELHO;;;;;223,74;16,94;86,56;8,11;43,53;25,86;100,00;290,83;0,00;2,25
2009.0;11.0;2009-11-01;BRASPINE;AGUA DOCE;PR;JAGUARIAIVA;238,97;121,99;195,76;21,41;85,26;15,01;43,50;29,95;99,93;0,00;0,00;6,52
2009.0;11.0;2009-11-01;BRASPINE;AMATA;;;;;146,27;23,08;84,39;16,59;35,81;32,96;99,97;0,00;0,00;9,57
2009.0;11.0;2009-11-01;BRASPINE;ANTA BRAVA;;;;;204,65;23,92;81,86;17,55;43,34;31,47;99,74;0,00;0,00;26,28
2009.0;11.0;2009-11-01;BRASPINE;ARAPONGAS;PR;SENGES;423,34;263,70;173,67;21,68;85,66;15,14;39,53;30,79;100,00;0,00;0,00;0,01
2009.0;11.0;2009-11-01;BRASPINE;ARROIO CLARO;PR;DOUTOR ULYSSES;275,14;92,00;157,27;21,90;85,47;15,30;38,01;31,28;100,00;0,00;0,00;4,92
2009.0;11.0;2009-11-01;BRASPINE;BARRA GRANDE;PR;DOUTOR ULYSSES;493,79;139,68;157,46;22,17;85,78;15,46;38,49;31,68;100,00;0,00;0,00;87,04
2009.0;11.0;2009-11-01;BRASPINE;BARRA GRANDE - BEMAIS;PR;GUARAPUAVA;299,16;108,61;171,40;21,04;86,54;14,13;41,59;29,68;99,99;28,84;0,00;0,50
2009.0;11.0;2009-11-01;BRASPINE;BARRETOS;PR;JAGUARIAIVA;43,35;32,98;175,63;21,63;85,44;14,80;40,87;30,67;99,99;14,80;0,00;5,63
2009.0;11.0;2009-11-01;BRASPINE;BAU;;;;;177,61;21,12;86,48;15,40;44,54;29,19;99,89;0,00;0,00;13,31
2009.0;11.0;2009-11-01;BRASPINE;BOA VISTA II;PR;PIRAI DO SUL;944,00;535,05;175,72;21,58;85,20;14,68;42,03;30,45;99,96;14,68;0,00;0,57
2009.0;11.0;2009-11-01;BRASPINE;BRASILEIRA;;;;;157,23;21,68;85,66;15,14;39,53;30,79;100,00;0,00;0,00;0,01
2009.0;11.0;2009-11-01;BRASPINE;BURACAO;;;;;158,37;21,68;84,26;15,19;39,46;30,57;99,85;0,00;0,00;11,92
2009.0;11.0;2009-11-01;BRASPINE;BURRINHO;PR;DOUTOR ULYSSES;211,01;100,37;157,21;21,90;85,47;15,30;38,01;31,28;100,00;0,00;0,00;4,92
2009.0;11.0;2009-11-01;BRASPINE;CADEADO I;PR;JAGUARIAIVA;21,07;12,29;170,57;21,51;85,36;14,81;40,74;30,53;100,00;29,71;0,00;0,94
2009.0;11.0;2009-11-01;BRASPINE;CADEADO II;PR;JAGUARIAIVA;21,88;16,79;170,57;21,51;85,36;14,81;40,74;30,53;100,00;29,71;0,00;0,94
2009.0;11.0;2009-11-01;BRASPINE;CAMPINA ALTA;PR;TIBAGI;29,77;18,24;189,22;22,15;86,07;14,46;42,52;31,07;99,98;14,46;0,00;3,83
2009.0;11.0;2009-11-01;BRASPINE;CAMPINA DO ELIAS;PR;JAGUARIAIVA;29,17;14,65;174,05;21,59;85,41;14,84;40,82;30,59;99,98;14,84;0,00;4,07
2009.0;11.0;2009-11-01;BRASPINE;CAMPO NOVO;PR;JAGUARIAIVA;295,98;156,36;175,11;21,51;85,36;14,81;40,74;30,53;100,00;29,71;0,00;0,94
2009.0;11.0;2009-11-01;BRASPINE;CONSULTORIA II A;PR;DOUTOR ULYSSES;89,62;60,79;160,54;21,68;85,66;15,14;39,53;30,79;100,00;0,00;0,00;0,01
2009.0;11.0;2009-11-01;BRASPINE;DINIZ;;;;;157,62;21,68;85,66;15,14;39,53;30,79;100,00;0,00;0,00;0,01
2009.0;11.0;2009-11-01;BRASPINE;ENES;PR;JAGUARIAIVA;5,93;5,69;175,32;21,51;85,36;14,81;40,74;30,53;100,00;29,71;0,00;0,94
2009.0;11.0;2009-11-01;BRASPINE;ENGENHARIA;;;;;157,62;21,68;85,66;15,14;39,53;30,79;100,00;0,00;0,00;0,01
2009.0;11.0;2009-11-01;BRASPINE;ESTACAO;PR;SENGES;4,76;4,14;170,71;21,51;85,36;14,81;40,74;30,53;100,00;29,71;0,00;0,94
2009.0;11.0;2009-11-01;BRASPINE;FAXINAL;PR;JAGUARIAIVA;20,65;20,65;175,32;21,51;85,36;14,81;40,74;30,53;100,00;29,71;0,00;0,94
2009.0;11.0;2009-11-01;BRASPINE;FEITAL;PR;DOUTOR ULYSSES;154,17;86,53;157,87;21,84;85,70;15,25;39,19;31,09;100,00;0,00;0,00;1,76
2009.0;11.0;2009-11-01;BRASPINE;FIGUEIRA;PR;DOUTOR ULYSSES;1053,81;315,71;160,38;21,90;85,47;15,30;38,01;31,28;100,00;0,00;0,00;4,92
2009.0;11.0;2009-11-01;BRASPINE;FIGUEIRINHA;PR;DOUTOR ULYSSES;94,37;56,74;152,99;21,90;85,47;15,30;38,01;31,28;100,00;0,00;0,00;4,92
2009.0;11.0;2009-11-01;BRASPINE;FLOEMA;PR;DOUTOR ULYSSES;2189,88;701,43;164,71;21,43;85,29;14,87;39,13;30,41;100,00;29,85;0,00;0,54
2009.0;11.0;2009-11-01;BRASPINE;FLOEMA I - SUDATI;;;;;171,47;21,68;85,66;15,14;39,53;30,79;100,00;0,00;0,00;0,01
2009.0;11.0;2009-11-01;BRASPINE;FLOEMA II - SUDATI;PR;DOUTOR ULYSSES;453,83;211,13;167,71;21,68;85,66;15,14;39,53;30,79;100,00;0,00;0,00;0,01
2009.0;11.0;2009-11-01;BRASPINE;FLOR DA SERRA;PR;SAO JOSE DA BOA VISTA;209,10;128,72;160,18;23,05;82,28;16,43;45,95;30,76;99,66;0,00;0,00;2,51
2009.0;11.0;2009-11-01;BRASPINE;GENTIL;PR;JAGUARIAIVA;126,77;53,33;186,60;21,16;85,17;14,73;43,47;29,54;99,73;29,56;0,00;1,38
2009.0;11.0;2009-11-01;BRASPINE;GUAIRACA;PR;GUARAPUAVA;623,62;169,31;170,73;21,17;86,62;14,29;42,33;29,94;100,00;28,60;0,00;8,31
2009.0;11.0;2009-11-01;BRASPINE;HERVAL 2 - MADALOSSO;;;;;161,73;21,68;84,26;15,19;39,46;30,57;99,85;0,00;0,00;11,92
2009.0;11.0;2009-11-01;BRASPINE;HERVAL DE BAIXO;PR;RESERVA;827,29;475,92;198,12;22,14;86,30;14,39;42,51;30,94;99,93;14,39;0,00;1,09
2009.0;11.0;2009-11-01;BRASPINE;HORTO 01;PR;TURVO;19,12;19,12;191,56;21,72;86,88;14,31;46,76;29,77;99,81;14,31;0,00;0,24
2009.0;11.0;2009-11-01;BRASPINE;HORTO 02;PR;TURVO;4,24;4,24;191,37;21,72;86,88;14,31;46,76;29,77;99,81;14,31;0,00;0,24
2009.0;11.0;2009-11-01;BRASPINE;HORTO 03;PR;PRUDENTOPOLIS;80,91;25,89;191,84;22,16;86,15;15,37;44,17;30,69;99,95;0,00;0,00;2,81
2009.0;11.0;2009-11-01;BRASPINE;HORTO 08;PR;TURVO;9,53;9,53;191,67;22,16;86,15;15,37;44,17;30,69;99,95;0,00;0,00;2,81
2009.0;11.0;2009-11-01;BRASPINE;HORTO 12;PR;PRUDENTOPOLIS;12,20;12,20;191,53;22,16;86,15;15,37;44,17;30,69;99,95;0,00;0,00;2,81
2009.0;11.0;2009-11-01;BRASPINE;IZAU;PR;PIRAI DO SUL;19,37;11,60;187,98;21,26;85,13;14,50;41,49;29,92;99,65;14,50;0,00;1,18
2009.0;11.0;2009-11-01;BRASPINE;JOAO RICO;PR;JAGUARIAIVA;47,46;26,18;190,22;21,41;85,26;15,01;43,50;29,95;99,93;0,00;0,00;6,52
2009.0;11.0;2009-11-01;BRASPINE;LAGOA;PR;JAGUARIAIVA;24,10;10,78;172,07;21,51;85,36;14,81;40,74;30,53;100,00;29,71;0,00;0,94
2009.0;11.0;2009-11-01;BRASPINE;MARACANA;PR;JANDAIA DO SUL;11,45;11,45;210,54;23,67;83,81;18,49;40,41;31,45;99,99;0,00;0,00;18,26
2009.0;11.0;2009-11-01;BRASPINE;MARRECA;;;;;156,15;21,90;85,47;15,30;38,01;31,28;100,00;0,00;0,00;4,92
2009.0;11.0;2009-11-01;BRASPINE;MARRECA SP;SP;ITAPIRAPUA PAULISTA;675,30;236,19;155,22;22,58;85,46;15,87;37,50;32,32;100,00;0,00;0,00;5,48
2009.0;11.0;2009-11-01;BRASPINE;MARRECAS;;;;;169,83;20,57;86,84;13,76;42,03;29,11;100,00;27,55;0,00;3,90
2009.0;11.0;2009-11-01;BRASPINE;MERCADINHO;;;;;150,77;22,43;84,88;15,91;36,47;32,11;100,00;0,00;0,00;2,59
2009.0;11.0;2009-11-01;BRASPINE;MONTE ALEGRE;;;;;211,65;24,20;82,77;18,95;40,69;31,99;99,94;0,00;0,00;18,32
2009.0;11.0;2009-11-01;BRASPINE;MONTE TABOR II;;;;;161,07;21,92;86,28;15,29;41,35;31,12;99,97;0,00;0,00;3,89
2009.0;11.0;2009-11-01;BRASPINE;MOREIRA;PR;DOUTOR ULYSSES;230,52;68,68;167,71;21,68;85,66;15,14;39,53;30,79;100,00;0,00;0,00;0,01
2009.0;11.0;2009-11-01;BRASPINE;MOREIRAS II;PR;DOUTOR ULYSSES;66,76;28,75;159,49;21,68;85,66;15,14;39,53;30,79;100,00;0,00;0,00;0,01
2009.0;11.0;2009-11-01;BRASPINE;MORRETES;PR;ORTIGUEIRA;20,36;20,36;200,33;22,53;86,43;14,53;42,23;31,30;99,86;14,53;0,00;4,07
2009.0;11.0;2009-11-01;BRASPINE;MORRO AZUL;;;;;168,11;21,88;86,11;14,93;37,67;31,40;100,00;14,93;0,00;4,44
2009.0;11.0;2009-11-01;BRASPINE;OURO FINO;SP;APIAI;51,70;51,70;170,41;21,68;86,59;14,86;38,82;31,03;100,00;14,86;0,00;14,73
2009.0;11.0;2009-11-01;BRASPINE;PALMEIRINHA DE BAIXO - SOSSEGO;PR;SENGES;85,93;9,22;191,94;21,17;85,53;14,60;41,71;29,77;99,92;14,60;0,00;42,90
2009.0;11.0;2009-11-01;BRASPINE;PAZIN;PR;DOUTOR ULYSSES;41,20;23,90;156,93;21,90;85,47;15,30;38,01;31,28;100,00;0,00;0,00;4,92
2009.0;11.0;2009-11-01;BRASPINE;PEDRAS;PR;CASTRO;7,18;7,18;169,07;21,34;85,42;14,50;43,45;29,92;99,54;14,50;0,00;0,11
2009.0;11.0;2009-11-01;BRASPINE;PESCARIA;PR;SAO JOSE DA BOA VISTA;184,57;129,22;186,94;23,19;81,95;16,66;44,44;31,21;99,56;0,00;0,00;0,86
2009.0;11.0;2009-11-01;BRASPINE;PESSEGUEIRO;PR;DOUTOR ULYSSES;109,95;64,79;169,04;21,68;85,66;15,14;39,53;30,79;100,00;0,00;0,00;0,01
2009.0;11.0;2009-11-01;BRASPINE;PITANGA;;;;;175,59;21,69;86,56;16,21;47,56;29,41;99,82;0,00;0,00;25,41
2009.0;11.0;2009-11-01;BRASPINE;QUEIMADINHO ARROIO CLARO;PR;DOUTOR ULYSSES;48,13;19,09;157,23;21,68;85,66;15,14;39,53;30,79;100,00;0,00;0,00;0,01
2009.0;11.0;2009-11-01;BRASPINE;QUEIMADINHO M6042;PR;DOUTOR ULYSSES;48,38;18,50;157,23;21,68;85,66;15,14;39,53;30,79;100,00;0,00;0,00;0,01
2009.0;11.0;2009-11-01;BRASPINE;QUEIMADINHO USUCAPIAO;PR;DOUTOR ULYSSES;200,27;92,43;157,23;21,68;85,66;15,14;39,53;30,79;100,00;0,00;0,00;0,01
2009.0;11.0;2009-11-01;BRASPINE;RAMOS;PR;SENGES;69,83;38,15;171,47;21,51;85,36;14,81;40,74;30,53;100,00;29,71;0,00;0,94
2009.0;11.0;2009-11-01;BRASPINE;RIBEIRAO GRANDE;PR;JAGUARIAIVA;20,77;20,77;189,98;21,26;85,13;14,50;41,49;29,92;99,65;14,50;0,00;1,18
2009.0;11.0;2009-11-01;BRASPINE;RINCAO DE BAIXO;;;;;178,95;21,68;83,82;14,83;41,46;30,22;99,56;14,83;0,00;7,46
2009.0;11.0;2009-11-01;BRASPINE;RIO BOMBA;PR;CERRO AZUL;65,03;37,72;156,82;22,73;84,16;16,32;36,32;32,39;99,93;0,00;0,00;11,55
2009.0;11.0;2009-11-01;BRASPINE;RIO DO MEIO;PR;DOUTOR ULYSSES;712,33;389,13;158,89;21,68;85,66;15,14;39,53;30,79;100,00;0,00;0,00;0,01
2009.0;11.0;2009-11-01;BRASPINE;RONDON;PR;JAGUARIAIVA;2899,24;1475,88;192,47;21,26;85,55;14,81;42,61;29,83;99,92;14,81;0,00;7,19
2009.0;11.0;2009-11-01;BRASPINE;SANTA FELICIDADE;;;;;158,68;22,97;85,37;16,32;37,20;32,89;100,00;0,00;0,00;1,91
2009.0;11.0;2009-11-01;BRASPINE;SANTA LIDIA DO CERCADINHO;;;;;168,70;21,37;83,80;14,83;41,64;29,66;99,54;14,83;0,00;6,47
2009.0;11.0;2009-11-01;BRASPINE;SANTO ANTONIO;;;;;185,32;21,26;85,58;14,48;40,23;30,08;100,00;14,48;0,00;40,27
2009.0;11.0;2009-11-01;BRASPINE;SAO JOSE;PR;JANDAIA DO SUL;37,56;37,56;210,78;24,04;82,99;18,81;40,59;31,80;99,98;0,00;0,00;18,33
2009.0;11.0;2009-11-01;BRASPINE;SAO MATHEUS;;;;;195,27;25,33;82,00;19,93;40,44;33,45;99,81;0,00;0,00;6,98
2009.0;11.0;2009-11-01;BRASPINE;SAO PEDRO E SAO PAULO;PR;SAPOPEMA;709,13;323,93;206,07;22,30;84,28;15,08;45,22;29,45;99,84;0,00;0,00;0,59
2009.0;11.0;2009-11-01;BRASPINE;SAO RAFAEL;;;;;162,73;21,70;83,21;14,92;37,00;30,84;99,82;29,90;0,00;13,47
2009.0;11.0;2009-11-01;BRASPINE;SAO RAFAEL - PB;;;;;173,36;21,78;86,45;14,99;38,18;31,22;100,00;14,99;0,00;3,91
2009.0;11.0;2009-11-01;BRASPINE;SERRARIA;PR;DOUTOR ULYSSES;280,88;117,71;159,87;21,66;85,38;15,09;38,57;30,85;100,00;0,00;0,00;8,18
2009.0;11.0;2009-11-01;BRASPINE;SERRO VERDE;;;;;174,45;21,46;85,43;15,85;43,86;29,62;99,87;0,00;0,00;23,94
2009.0;11.0;2009-11-01;BRASPINE;SERTAOZINHO;PR;DOUTOR ULYSSES;16,25;16,25;163,68;21,68;85,66;15,14;39,53;30,79;100,00;0,00;0,00;0,01
2009.0;11.0;2009-11-01;BRASPINE;SITIO BASILIO;PR;JAGUARIAIVA;8,08;8,08;195,65;21,20;85,20;14,72;43,99;29,53;99,81;29,71;0,00;0,16
2009.0;11.0;2009-11-01;BRASPINE;SITIO DAS MARRECAS;PR;DOUTOR ULYSSES;77,49;35,17;154,52;22,39;85,46;15,71;37,65;32,02;100,00;0,00;0,00;0,20
2009.0;11.0;2009-11-01;BRASPINE;SOBRADINHO;SP;BOM SUCESSO DE ITARARE;285,80;123,10;182,76;21,23;86,16;14,36;38,93;30,27;100,00;14,36;0,00;10,92
2009.0;11.0;2009-11-01;BRASPINE;TAQUARAL;PR;JAGUARIAIVA;519,13;31,07;193,98;21,43;85,55;15,01;43,43;30,05;100,00;0,00;0,00;3,69
2009.0;11.0;2009-11-01;BRASPINE;TUCUNDUVA;PR;SENGES;82,21;60,89;219,22;21,78;83,71;15,18;43,82;29,84;99,68;0,00;0,00;29,95
2009.0;11.0;2009-11-01;BRASPINE;TUCUNDUVA - CHAMMA;;;;;222,06;21,80;83,84;15,30;43,23;29,95;99,68;0,00;0,00;15,82
2009.0;11.0;2009-11-01;BRASPINE;VIENA 1;PR;DOUTOR ULYSSES;263,98;178,34;166,89;21,33;85,30;14,63;41,80;30,07;100,00;29,56;0,00;2,10
2009.0;11.0;2009-11-01;BRASPINE;VIENA 2;PR;CERRO AZUL;140,23;96,54;156,89;22,73;84,16;16,32;36,32;32,39;99,93;0,00;0,00;11,55
2009.0;11.0;2009-11-01;BRASPINE;VITORIA;PR;SENGES;50,54;35,69;191,94;21,17;85,53;14,60;41,71;29,77;99,92;14,60;0,00;42,90
2009.0;11.0;2009-11-01;BRASPINE;VIVEIRO;PR;DOUTOR ULYSSES;405,39;261,22;159,49;21,68;85,66;15,14;39,53;30,79;100,00;0,00;0,00;0,01
2009.0;11.0;2009-11-01;BRASPINE;VO LINO;PR;DOUTOR ULYSSES;164,50;97,89;156,71;21,90;85,47;15,30;38,01;31,28;100,00;0,00;0,00;4,92
2009.0;11.0;2009-11-01;BRASPINE;XAXIM VELHO;;;;;163,28;20,77;86,81;14,14;43,31;29,46;100,00;28,44;0,00;5,13
2009.0;12.0;2009-12-01;BRASPINE;AGUA DOCE;PR;JAGUARIAIVA;238,97;121,99;141,34;20,41;85,49;13,51;45,69;27,83;99,89;85,18;0,00;2,69
2009.0;12.0;2009-12-01;BRASPINE;AMATA;;;;;121,99;22,01;85,05;15,53;40,07;30,88;100,00;0,00;0,00;1,68
2009.0;12.0;2009-12-01;BRASPINE;ANTA BRAVA;;;;;243,18;22,81;83,11;16,22;50,21;30,47;98,89;0,00;0,00;0,82
2009.0;12.0;2009-12-01;BRASPINE;ARAPONGAS;PR;SENGES;423,34;263,70;149,50;20,47;87,08;13,67;42,19;28,92;100,00;86,52;0,00;0,48
2009.0;12.0;2009-12-01;BRASPINE;ARROIO CLARO;PR;DOUTOR ULYSSES;275,14;92,00;138,89;20,68;86,91;13,97;40,65;29,85;100,00;72,88;0,00;4,11
2009.0;12.0;2009-12-01;BRASPINE;BARRA GRANDE;PR;DOUTOR ULYSSES;493,79;139,68;145,16;20,94;87,07;14,17;41,64;29,67;100,00;43,82;0,00;1,65
2009.0;12.0;2009-12-01;BRASPINE;BARRA GRANDE - BEMAIS;PR;GUARAPUAVA;299,16;108,61;221,78;20,27;85,03;12,51;44,38;30,01;100,00;66,53;0,00;1,31
2009.0;12.0;2009-12-01;BRASPINE;BARRETOS;PR;JAGUARIAIVA;43,35;32,98;145,24;20,46;86,61;13,55;43,59;28,70;100,00;70,58;0,00;3,14
2009.0;12.0;2009-12-01;BRASPINE;BAU;;;;;221,65;20,34;84,94;12,12;47,08;26,55;99,97;52,21;0,00;3,10
2009.0;12.0;2009-12-01;BRASPINE;BOA VISTA II;PR;PIRAI DO SUL;944,00;535,05;151,53;20,47;85,94;13,50;44,91;28,42;100,00;84,98;0,00;7,75
2009.0;12.0;2009-12-01;BRASPINE;BRASILEIRA;;;;;141,49;20,47;87,08;13,67;42,19;28,92;100,00;86,52;0,00;0,48
2009.0;12.0;2009-12-01;BRASPINE;BURACAO;;;;;124,60;20,53;85,26;13,50;43,49;28,68;99,87;70,58;0,00;1,51
2009.0;12.0;2009-12-01;BRASPINE;BURRINHO;PR;DOUTOR ULYSSES;211,01;100,37;138,62;20,68;86,91;13,97;40,65;29,85;100,00;72,88;0,00;4,11
2009.0;12.0;2009-12-01;BRASPINE;CADEADO I;PR;JAGUARIAIVA;21,07;12,29;140,81;20,31;86,82;13,45;42,75;28,60;100,00;84,97;0,00;2,73
2009.0;12.0;2009-12-01;BRASPINE;CADEADO II;PR;JAGUARIAIVA;21,88;16,79;140,81;20,31;86,82;13,45;42,75;28,60;100,00;84,97;0,00;2,73
2009.0;12.0;2009-12-01;BRASPINE;CAMPINA ALTA;PR;TIBAGI;29,77;18,24;189,86;21,44;85,06;13,90;48,75;28,34;99,90;57,65;0,00;2,83
2009.0;12.0;2009-12-01;BRASPINE;CAMPINA DO ELIAS;PR;JAGUARIAIVA;29,17;14,65;144,49;20,40;86,68;13,51;43,28;28,66;100,00;85,38;0,00;1,39
2009.0;12.0;2009-12-01;BRASPINE;CAMPO NOVO;PR;JAGUARIAIVA;295,98;156,36;147,40;20,31;86,82;13,45;42,75;28,60;100,00;84,97;0,00;2,73
2009.0;12.0;2009-12-01;BRASPINE;CONSULTORIA II A;PR;DOUTOR ULYSSES;89,62;60,79;144,92;20,47;87,08;13,67;42,19;28,92;100,00;86,52;0,00;0,48
2009.0;12.0;2009-12-01;BRASPINE;DINIZ;;;;;141,67;20,47;87,08;13,67;42,19;28,92;100,00;86,52;0,00;0,48
2009.0;12.0;2009-12-01;BRASPINE;ENES;PR;JAGUARIAIVA;5,93;5,69;146,92;20,31;86,82;13,45;42,75;28,60;100,00;84,97;0,00;2,73
2009.0;12.0;2009-12-01;BRASPINE;ENGENHARIA;;;;;141,67;20,47;87,08;13,67;42,19;28,92;100,00;86,52;0,00;0,48
2009.0;12.0;2009-12-01;BRASPINE;ESTACAO;PR;SENGES;4,76;4,14;140,18;20,31;86,82;13,45;42,75;28,60;100,00;84,97;0,00;2,73
2009.0;12.0;2009-12-01;BRASPINE;FAXINAL;PR;JAGUARIAIVA;20,65;20,65;146,92;20,31;86,82;13,45;42,75;28,60;100,00;84,97;0,00;2,73
2009.0;12.0;2009-12-01;BRASPINE;FEITAL;PR;DOUTOR ULYSSES;154,17;86,53;140,51;20,63;87,08;13,84;42,00;29,17;100,00;87,41;0,00;3,65
2009.0;12.0;2009-12-01;BRASPINE;FIGUEIRA;PR;DOUTOR ULYSSES;1053,81;315,71;135,28;20,68;86,91;13,97;40,65;29,85;100,00;72,88;0,00;4,11
2009.0;12.0;2009-12-01;BRASPINE;FIGUEIRINHA;PR;DOUTOR ULYSSES;94,37;56,74;136,97;20,68;86,91;13,97;40,65;29,85;100,00;72,88;0,00;4,11
2009.0;12.0;2009-12-01;BRASPINE;FLOEMA;PR;DOUTOR ULYSSES;2189,88;701,43;142,34;20,22;86,90;13,42;41,17;28,85;100,00;85,02;0,00;5,77
2009.0;12.0;2009-12-01;BRASPINE;FLOEMA I - SUDATI;;;;;141,01;20,47;87,08;13,67;42,19;28,92;100,00;86,52;0,00;0,48
2009.0;12.0;2009-12-01;BRASPINE;FLOEMA II - SUDATI;PR;DOUTOR ULYSSES;453,83;211,13;144,05;20,47;87,08;13,67;42,19;28,92;100,00;86,52;0,00;0,48
2009.0;12.0;2009-12-01;BRASPINE;FLOR DA SERRA;PR;SAO JOSE DA BOA VISTA;209,10;128,72;154,22;22,26;81,43;15,59;48,01;29,28;99,69;0,00;0,00;344,76
2009.0;12.0;2009-12-01;BRASPINE;GENTIL;PR;JAGUARIAIVA;126,77;53,33;139,58;20,19;85,35;13,22;45,40;27,37;99,77;83,79;0,00;9,09
2009.0;12.0;2009-12-01;BRASPINE;GUAIRACA;PR;GUARAPUAVA;623,62;169,31;229,01;20,45;84,62;12,56;44,79;33,86;99,99;82,09;0,00;0,74
2009.0;12.0;2009-12-01;BRASPINE;HERVAL 2 - MADALOSSO;;;;;133,69;20,53;85,26;13,50;43,49;28,68;99,87;70,58;0,00;1,51
2009.0;12.0;2009-12-01;BRASPINE;HERVAL DE BAIXO;PR;RESERVA;827,29;475,92;205,38;21,45;85,27;13,69;49,02;28,35;99,83;57,52;0,00;1,57
2009.0;12.0;2009-12-01;BRASPINE;HORTO 01;PR;TURVO;19,12;19,12;190,13;20,93;86,00;13,11;46,27;27,44;99,84;54,54;0,00;1,20
2009.0;12.0;2009-12-01;BRASPINE;HORTO 02;PR;TURVO;4,24;4,24;191,01;20,93;86,00;13,11;46,27;27,44;99,84;54,54;0,00;1,20
2009.0;12.0;2009-12-01;BRASPINE;HORTO 03;PR;PRUDENTOPOLIS;80,91;25,89;189,92;21,40;85,09;13,77;45,34;28,47;99,98;56,45;0,00;0,73
2009.0;12.0;2009-12-01;BRASPINE;HORTO 08;PR;TURVO;9,53;9,53;197,97;21,40;85,09;13,77;45,34;28,47;99,98;56,45;0,00;0,73
2009.0;12.0;2009-12-01;BRASPINE;HORTO 12;PR;PRUDENTOPOLIS;12,20;12,20;192,51;21,40;85,09;13,77;45,34;28,47;99,98;56,45;0,00;0,73
2009.0;12.0;2009-12-01;BRASPINE;IZAU;PR;PIRAI DO SUL;19,37;11,60;140,87;20,19;85,74;13,16;44,40;27,78;99,72;68,37;0,00;10,00
2009.0;12.0;2009-12-01;BRASPINE;JOAO RICO;PR;JAGUARIAIVA;47,46;26,18;140,84;20,41;85,49;13,51;45,69;27,83;99,89;85,18;0,00;2,69
2009.0;12.0;2009-12-01;BRASPINE;LAGOA;PR;JAGUARIAIVA;24,10;10,78;138,47;20,31;86,82;13,45;42,75;28,60;100,00;84,97;0,00;2,73
2009.0;12.0;2009-12-01;BRASPINE;MARACANA;PR;JANDAIA DO SUL;11,45;11,45;208,23;22,97;83,66;16,52;51,83;29,71;100,00;0,00;0,00;0,05
2009.0;12.0;2009-12-01;BRASPINE;MARRECA;;;;;135,68;20,68;86,91;13,97;40,65;29,85;100,00;72,88;0,00;4,11
2009.0;12.0;2009-12-01;BRASPINE;MARRECA SP;SP;ITAPIRAPUA PAULISTA;675,30;236,19;140,17;21,35;86,65;14,68;40,44;30,28;100,00;14,68;0,00;2,46
2009.0;12.0;2009-12-01;BRASPINE;MARRECAS;;;;;229,24;19,79;85,20;11,89;44,71;29,90;100,00;93,57;0,00;6,05
2009.0;12.0;2009-12-01;BRASPINE;MERCADINHO;;;;;134,22;21,27;85,95;14,70;40,03;30,10;100,00;14,70;0,00;0,37
2009.0;12.0;2009-12-01;BRASPINE;MONTE ALEGRE;;;;;222,74;23,48;82,73;16,96;52,73;30,28;99,98;0,00;0,00;0,40
2009.0;12.0;2009-12-01;BRASPINE;MONTE TABOR II;;;;;173,08;20,71;87,34;14,09;43,43;29,36;100,00;58,89;0,00;9,17
2009.0;12.0;2009-12-01;BRASPINE;MOREIRA;PR;DOUTOR ULYSSES;230,52;68,68;144,05;20,47;87,08;13,67;42,19;28,92;100,00;86,52;0,00;0,48
2009.0;12.0;2009-12-01;BRASPINE;MOREIRAS II;PR;DOUTOR ULYSSES;66,76;28,75;145,07;20,47;87,08;13,67;42,19;28,92;100,00;86,52;0,00;0,48
2009.0;12.0;2009-12-01;BRASPINE;MORRETES;PR;ORTIGUEIRA;20,36;20,36;205,84;21,89;85,38;14,16;48,83;28,79;99,78;29,04;0,00;4,41
2009.0;12.0;2009-12-01;BRASPINE;MORRO AZUL;;;;;141,49;20,66;87,33;13,79;42,09;29,32;100,00;87,59;0,00;319,99
2009.0;12.0;2009-12-01;BRASPINE;OURO FINO;SP;APIAI;51,70;51,70;159,60;20,44;87,90;13,54;42,42;29,15;100,00;72,08;0,00;23,89
2009.0;12.0;2009-12-01;BRASPINE;PALMEIRINHA DE BAIXO - SOSSEGO;PR;SENGES;85,93;9,22;148,61;20,11;86,29;13,18;43,44;27,76;99,87;84,84;0,00;10,66
2009.0;12.0;2009-12-01;BRASPINE;PAZIN;PR;DOUTOR ULYSSES;41,20;23,90;139,51;20,68;86,91;13,97;40,65;29,85;100,00;72,88;0,00;4,11
2009.0;12.0;2009-12-01;BRASPINE;PEDRAS;PR;CASTRO;7,18;7,18;148,43;20,28;85,96;13,03;46,92;27,83;99,78;68,05;0,00;1,63
2009.0;12.0;2009-12-01;BRASPINE;PESCARIA;PR;SAO JOSE DA BOA VISTA;184,57;129,22;147,70;22,36;81,22;15,65;46,17;29,60;99,65;0,00;0,00;0,82
2009.0;12.0;2009-12-01;BRASPINE;PESSEGUEIRO;PR;DOUTOR ULYSSES;109,95;64,79;138,29;20,47;87,08;13,67;42,19;28,92;100,00;86,52;0,00;0,48
2009.0;12.0;2009-12-01;BRASPINE;PITANGA;;;;;189,72;20,98;85,07;12,94;46,05;27,09;99,92;55,47;0,00;2,64
2009.0;12.0;2009-12-01;BRASPINE;QUEIMADINHO ARROIO CLARO;PR;DOUTOR ULYSSES;48,13;19,09;141,49;20,47;87,08;13,67;42,19;28,92;100,00;86,52;0,00;0,48
2009.0;12.0;2009-12-01;BRASPINE;QUEIMADINHO M6042;PR;DOUTOR ULYSSES;48,38;18,50;141,49;20,47;87,08;13,67;42,19;28,92;100,00;86,52;0,00;0,48
2009.0;12.0;2009-12-01;BRASPINE;QUEIMADINHO USUCAPIAO;PR;DOUTOR ULYSSES;200,27;92,43;141,49;20,47;87,08;13,67;42,19;28,92;100,00;86,52;0,00;0,48
2009.0;12.0;2009-12-01;BRASPINE;RAMOS;PR;SENGES;69,83;38,15;141,01;20,31;86,82;13,45;42,75;28,60;100,00;84,97;0,00;2,73
2009.0;12.0;2009-12-01;BRASPINE;RIBEIRAO GRANDE;PR;JAGUARIAIVA;20,77;20,77;140,59;20,19;85,74;13,16;44,40;27,78;99,72;68,37;0,00;10,00
2009.0;12.0;2009-12-01;BRASPINE;RINCAO DE BAIXO;;;;;141,10;20,88;83,18;13,90;46,42;27,89;99,74;71,59;0,00;2,19
2009.0;12.0;2009-12-01;BRASPINE;RIO BOMBA;PR;CERRO AZUL;65,03;37,72;135,12;21,60;85,22;15,03;40,78;30,32;100,00;0,00;0,00;1,87
2009.0;12.0;2009-12-01;BRASPINE;RIO DO MEIO;PR;DOUTOR ULYSSES;712,33;389,13;144,12;20,47;87,08;13,67;42,19;28,92;100,00;86,52;0,00;0,48
2009.0;12.0;2009-12-01;BRASPINE;RONDON;PR;JAGUARIAIVA;2899,24;1475,88;143,49;20,19;86,30;13,31;44,33;27,89;99,89;84,69;0,00;335,87
2009.0;12.0;2009-12-01;BRASPINE;SANTA FELICIDADE;;;;;142,68;21,76;86,37;15,14;40,27;30,80;100,00;0,00;0,00;0,75
2009.0;12.0;2009-12-01;BRASPINE;SANTA LIDIA DO CERCADINHO;;;;;137,36;20,55;83,26;13,51;46,54;27,28;99,69;70,41;0,00;1,55
2009.0;12.0;2009-12-01;BRASPINE;SANTO ANTONIO;;;;;147,70;20,14;86,56;13,14;42,77;28,04;100,00;84,85;0,00;6,13
2009.0;12.0;2009-12-01;BRASPINE;SAO JOSE;PR;JANDAIA DO SUL;37,56;37,56;220,52;23,32;82,93;16,84;52,51;30,04;99,99;0,00;0,00;1,01
2009.0;12.0;2009-12-01;BRASPINE;SAO MATHEUS;;;;;189,35;24,59;81,99;17,82;53,12;31,75;99,90;0,00;0,00;0,02
2009.0;12.0;2009-12-01;BRASPINE;SAO PEDRO E SAO PAULO;PR;SAPOPEMA;709,13;323,93;187,81;21,64;83,42;15,35;47,94;27,93;99,57;0,00;0,00;0,29
2009.0;12.0;2009-12-01;BRASPINE;SAO RAFAEL;;;;;143,57;20,59;82,80;12,73;44,78;28,63;99,74;70,57;0,00;1,85
2009.0;12.0;2009-12-01;BRASPINE;SAO RAFAEL - PB;;;;;146,07;20,54;87,75;13,64;42,10;29,29;100,00;72,42;0,00;318,19
2009.0;12.0;2009-12-01;BRASPINE;SERRARIA;PR;DOUTOR ULYSSES;280,88;117,71;141,27;20,45;86,91;13,69;40,91;29,35;100,00;86,45;0,00;4,95
2009.0;12.0;2009-12-01;BRASPINE;SERRO VERDE;;;;;237,61;20,68;83,81;12,25;46,75;27,00;99,85;53,30;0,00;5,06
2009.0;12.0;2009-12-01;BRASPINE;SERTAOZINHO;PR;DOUTOR ULYSSES;16,25;16,25;146,51;20,47;87,08;13,67;42,19;28,92;100,00;86,52;0,00;0,48
2009.0;12.0;2009-12-01;BRASPINE;SITIO BASILIO;PR;JAGUARIAIVA;8,08;8,08;141,23;20,25;85,27;13,31;45,80;27,37;99,82;84,27;0,00;6,51
2009.0;12.0;2009-12-01;BRASPINE;SITIO DAS MARRECAS;PR;DOUTOR ULYSSES;77,49;35,17;138,92;21,16;86,73;14,48;40,50;30,02;100,00;29,45;0,00;0,42
2009.0;12.0;2009-12-01;BRASPINE;SOBRADINHO;SP;BOM SUCESSO DE ITARARE;285,80;123,10;149,35;20,05;87,39;13,03;42,29;28,21;100,00;84,49;0,00;0,75
2009.0;12.0;2009-12-01;BRASPINE;TAQUARAL;PR;JAGUARIAIVA;519,13;31,07;141,85;20,39;86,09;13,52;45,37;28,05;100,00;85,28;0,00;3,94
2009.0;12.0;2009-12-01;BRASPINE;TUCUNDUVA;PR;SENGES;82,21;60,89;138,38;20,89;83,55;14,04;46,16;27,82;99,69;43,69;0,00;1,41
2009.0;12.0;2009-12-01;BRASPINE;TUCUNDUVA - CHAMMA;;;;;145,24;20,87;83,89;14,00;45,93;27,81;99,60;28,87;0,00;13,28
2009.0;12.0;2009-12-01;BRASPINE;VIENA 1;PR;DOUTOR ULYSSES;263,98;178,34;143,79;20,12;86,81;13,20;42,97;28,27;100,00;84,04;0,00;7,62
2009.0;12.0;2009-12-01;BRASPINE;VIENA 2;PR;CERRO AZUL;140,23;96,54;135,41;21,60;85,22;15,03;40,78;30,32;100,00;0,00;0,00;1,87
2009.0;12.0;2009-12-01;BRASPINE;VITORIA;PR;SENGES;50,54;35,69;148,61;20,11;86,29;13,18;43,44;27,76;99,87;84,84;0,00;10,66
2009.0;12.0;2009-12-01;BRASPINE;VIVEIRO;PR;DOUTOR ULYSSES;405,39;261,22;145,07;20,47;87,08;13,67;42,19;28,92;100,00;86,52;0,00;0,48
2009.0;12.0;2009-12-01;BRASPINE;VO LINO;PR;DOUTOR ULYSSES;164,50;97,89;136,49;20,68;86,91;13,97;40,65;29,85;100,00;72,88;0,00;4,11
2009.0;12.0;2009-12-01;BRASPINE;XAXIM VELHO;;;;;229,58;19,98;84,80;11,79;46,10;26,96;100,00;93,76;0,00;4,57
