ANO;MES;DATA;EMPRESA;FAZENDA;UF;MUNICIPIO;AREA_T;AREA_PRODU;PRECIP_CHIRPS_MM;TEMP_MEDIA_C;UMID_MEDIA_PCT;TEMP_MIN_C;UMID_MIN_PCT;TEMP_MAX_C;UMID_MAX_PCT;NOITES_FRIAS_Eucalipto_<15C;NOITES_FRIAS_Pinus_<5C;DIRECAO_VENTO_GRAUS
2004.0;1.0;2004-01-01;BRASPINE;AGUA DOCE;PR;JAGUARIAIVA;238,97;121,99;176,60;19,48;85,88;12,21;48,94;26,64;99,85;94,10;0,00;7,43
2004.0;1.0;2004-01-01;BRASPINE;AMATA;;;;;212,24;21,28;83,59;14,42;46,39;29,93;100,00;14,42;0,00;2,00
2004.0;1.0;2004-01-01;BRASPINE;ANTA BRAVA;;;;;303,08;21,99;81,96;15,04;47,90;29,60;99,33;0,00;0,00;19,74
2004.0;1.0;2004-01-01;BRASPINE;ARAPONGAS;PR;SENGES;423,34;263,70;157,91;19,52;87,49;12,78;50,96;27,85;100,00;97,61;0,00;2,48
2004.0;1.0;2004-01-01;BRASPINE;ARROIO CLARO;PR;DOUTOR ULYSSES;275,14;92,00;176,71;19,73;87,19;13,09;50,16;28,46;100,00;84,49;0,00;1,66
2004.0;1.0;2004-01-01;BRASPINE;BARRA GRANDE;PR;DOUTOR ULYSSES;493,79;139,68;187,09;20,00;87,34;13,28;50,74;28,65;100,00;85,72;0,00;333,10
2004.0;1.0;2004-01-01;BRASPINE;BARRA GRANDE - BEMAIS;PR;GUARAPUAVA;299,16;108,61;88,81;19,77;82,42;11,28;41,80;26,64;99,99;92,95;0,00;3,49
2004.0;1.0;2004-01-01;BRASPINE;BARRETOS;PR;JAGUARIAIVA;43,35;32,98;170,30;19,49;87,12;12,39;50,36;27,30;100,00;94,78;0,00;3,56
2004.0;1.0;2004-01-01;BRASPINE;BAU;;;;;89,11;19,97;82,04;11,34;46,05;26,28;99,90;94,00;0,00;0,12
2004.0;1.0;2004-01-01;BRASPINE;BOA VISTA II;PR;PIRAI DO SUL;944,00;535,05;178,90;19,51;86,45;12,18;49,69;26,95;99,98;93,56;0,00;3,72
2004.0;1.0;2004-01-01;BRASPINE;BRASILEIRA;;;;;165,97;19,52;87,49;12,78;50,96;27,85;100,00;97,61;0,00;2,48
2004.0;1.0;2004-01-01;BRASPINE;BURACAO;;;;;173,10;19,65;85,30;12,66;49,53;27,19;99,86;111,61;0,00;1,25
2004.0;1.0;2004-01-01;BRASPINE;BURRINHO;PR;DOUTOR ULYSSES;211,01;100,37;177,74;19,73;87,19;13,09;50,16;28,46;100,00;84,49;0,00;1,66
2004.0;1.0;2004-01-01;BRASPINE;CADEADO I;PR;JAGUARIAIVA;21,07;12,29;166,62;19,35;87,30;12,43;50,46;27,42;100,00;110,15;0,00;3,36
2004.0;1.0;2004-01-01;BRASPINE;CADEADO II;PR;JAGUARIAIVA;21,88;16,79;166,62;19,35;87,30;12,43;50,46;27,42;100,00;110,15;0,00;3,36
2004.0;1.0;2004-01-01;BRASPINE;CAMPINA ALTA;PR;TIBAGI;29,77;18,24;132,74;21,08;81,10;12,99;40,86;27,96;99,74;69,07;0,00;2,63
2004.0;1.0;2004-01-01;BRASPINE;CAMPINA DO ELIAS;PR;JAGUARIAIVA;29,17;14,65;178,81;19,44;87,19;12,40;50,40;27,35;100,00;94,93;0,00;3,50
2004.0;1.0;2004-01-01;BRASPINE;CAMPO NOVO;PR;JAGUARIAIVA;295,98;156,36;164,18;19,35;87,30;12,43;50,46;27,42;100,00;110,15;0,00;3,36
2004.0;1.0;2004-01-01;BRASPINE;CONSULTORIA II A;PR;DOUTOR ULYSSES;89,62;60,79;163,90;19,52;87,49;12,78;50,96;27,85;100,00;97,61;0,00;2,48
2004.0;1.0;2004-01-01;BRASPINE;DINIZ;;;;;174,57;19,52;87,49;12,78;50,96;27,85;100,00;97,61;0,00;2,48
2004.0;1.0;2004-01-01;BRASPINE;ENES;PR;JAGUARIAIVA;5,93;5,69;165,14;19,35;87,30;12,43;50,46;27,42;100,00;110,15;0,00;3,36
2004.0;1.0;2004-01-01;BRASPINE;ENGENHARIA;;;;;174,57;19,52;87,49;12,78;50,96;27,85;100,00;97,61;0,00;2,48
2004.0;1.0;2004-01-01;BRASPINE;ESTACAO;PR;SENGES;4,76;4,14;162,03;19,35;87,30;12,43;50,46;27,42;100,00;110,15;0,00;3,36
2004.0;1.0;2004-01-01;BRASPINE;FAXINAL;PR;JAGUARIAIVA;20,65;20,65;165,14;19,35;87,30;12,43;50,46;27,42;100,00;110,15;0,00;3,36
2004.0;1.0;2004-01-01;BRASPINE;FEITAL;PR;DOUTOR ULYSSES;154,17;86,53;179,57;19,68;87,44;12,95;50,89;28,11;100,00;83,69;0,00;1,15
2004.0;1.0;2004-01-01;BRASPINE;FIGUEIRA;PR;DOUTOR ULYSSES;1053,81;315,71;174,22;19,73;87,19;13,09;50,16;28,46;100,00;84,49;0,00;1,66
2004.0;1.0;2004-01-01;BRASPINE;FIGUEIRINHA;PR;DOUTOR ULYSSES;94,37;56,74;199,10;19,73;87,19;13,09;50,16;28,46;100,00;84,49;0,00;1,66
2004.0;1.0;2004-01-01;BRASPINE;FLOEMA;PR;DOUTOR ULYSSES;2189,88;701,43;188,10;19,26;87,30;12,52;50,36;27,60;100,00;95,66;0,00;2,08
2004.0;1.0;2004-01-01;BRASPINE;FLOEMA I - SUDATI;;;;;157,20;19,52;87,49;12,78;50,96;27,85;100,00;97,61;0,00;2,48
2004.0;1.0;2004-01-01;BRASPINE;FLOEMA II - SUDATI;PR;DOUTOR ULYSSES;453,83;211,13;159,17;19,52;87,49;12,78;50,96;27,85;100,00;97,61;0,00;2,48
2004.0;1.0;2004-01-01;BRASPINE;FLOR DA SERRA;PR;SAO JOSE DA BOA VISTA;209,10;128,72;211,33;21,55;80,09;14,67;43,14;29,03;99,55;14,67;0,00;2,01
2004.0;1.0;2004-01-01;BRASPINE;GENTIL;PR;JAGUARIAIVA;126,77;53,33;166,05;19,27;85,70;11,98;48,85;26,09;99,57;136,96;0,00;3,87
2004.0;1.0;2004-01-01;BRASPINE;GUAIRACA;PR;GUARAPUAVA;623,62;169,31;78,33;19,96;81,87;11,55;42,10;27,11;99,98;109,71;0,00;2,19
2004.0;1.0;2004-01-01;BRASPINE;HERVAL 2 - MADALOSSO;;;;;172,70;19,65;85,30;12,66;49,53;27,19;99,86;111,61;0,00;1,25
2004.0;1.0;2004-01-01;BRASPINE;HERVAL DE BAIXO;PR;RESERVA;827,29;475,92;136,13;21,14;80,93;12,80;39,86;27,99;99,81;68,61;0,00;0,77
2004.0;1.0;2004-01-01;BRASPINE;HORTO 01;PR;TURVO;19,12;19,12;80,16;20,51;82,98;11,88;45,99;26,88;99,72;97,11;0,00;343,54
2004.0;1.0;2004-01-01;BRASPINE;HORTO 02;PR;TURVO;4,24;4,24;79,93;20,51;82,98;11,88;45,99;26,88;99,72;97,11;0,00;343,54
2004.0;1.0;2004-01-01;BRASPINE;HORTO 03;PR;PRUDENTOPOLIS;80,91;25,89;79,96;21,04;81,51;12,35;42,57;27,80;99,89;54,74;0,00;10,54
2004.0;1.0;2004-01-01;BRASPINE;HORTO 08;PR;TURVO;9,53;9,53;80,95;21,04;81,51;12,35;42,57;27,80;99,89;54,74;0,00;10,54
2004.0;1.0;2004-01-01;BRASPINE;HORTO 12;PR;PRUDENTOPOLIS;12,20;12,20;79,01;21,04;81,51;12,35;42,57;27,80;99,89;54,74;0,00;10,54
2004.0;1.0;2004-01-01;BRASPINE;IZAU;PR;PIRAI DO SUL;19,37;11,60;175,14;19,24;86,25;11,87;48,86;26,21;99,60;135,70;0,00;3,71
2004.0;1.0;2004-01-01;BRASPINE;JOAO RICO;PR;JAGUARIAIVA;47,46;26,18;171,98;19,48;85,88;12,21;48,94;26,64;99,85;94,10;0,00;7,43
2004.0;1.0;2004-01-01;BRASPINE;LAGOA;PR;JAGUARIAIVA;24,10;10,78;174,01;19,35;87,30;12,43;50,46;27,42;100,00;110,15;0,00;3,36
2004.0;1.0;2004-01-01;BRASPINE;MARACANA;PR;JANDAIA DO SUL;11,45;11,45;98,08;22,91;78,57;15,48;38,17;29,81;100,00;0,00;0,00;2,43
2004.0;1.0;2004-01-01;BRASPINE;MARRECA;;;;;192,24;19,73;87,19;13,09;50,16;28,46;100,00;84,49;0,00;1,66
2004.0;1.0;2004-01-01;BRASPINE;MARRECA SP;SP;ITAPIRAPUA PAULISTA;675,30;236,19;204,52;20,44;86,72;13,82;49,63;29,59;100,00;43,13;0,00;0,98
2004.0;1.0;2004-01-01;BRASPINE;MARRECAS;;;;;89,11;19,25;83,05;10,84;42,86;26,12;100,00;163,25;0,00;3,25
2004.0;1.0;2004-01-01;BRASPINE;MERCADINHO;;;;;201,28;20,42;85,40;13,77;48,93;29,17;100,00;42,98;0,00;2,05
2004.0;1.0;2004-01-01;BRASPINE;MONTE ALEGRE;;;;;86,62;23,49;77,22;16,01;37,90;30,30;99,99;0,00;0,00;0,58
2004.0;1.0;2004-01-01;BRASPINE;MONTE TABOR II;;;;;194,96;19,67;88,13;13,22;55,23;28,51;100,00;70,48;0,00;4,19
2004.0;1.0;2004-01-01;BRASPINE;MOREIRA;PR;DOUTOR ULYSSES;230,52;68,68;159,17;19,52;87,49;12,78;50,96;27,85;100,00;97,61;0,00;2,48
2004.0;1.0;2004-01-01;BRASPINE;MOREIRAS II;PR;DOUTOR ULYSSES;66,76;28,75;164,61;19,52;87,49;12,78;50,96;27,85;100,00;97,61;0,00;2,48
2004.0;1.0;2004-01-01;BRASPINE;MORRETES;PR;ORTIGUEIRA;20,36;20,36;141,43;21,74;79,88;13,13;36,58;28,98;99,85;56,05;0,00;4,79
2004.0;1.0;2004-01-01;BRASPINE;MORRO AZUL;;;;;193,40;19,71;87,59;12,96;49,71;27,96;100,00;84,10;0,00;4,84
2004.0;1.0;2004-01-01;BRASPINE;OURO FINO;SP;APIAI;51,70;51,70;193,40;19,44;88,51;12,98;53,85;27,92;100,00;98,72;0,00;0,96
2004.0;1.0;2004-01-01;BRASPINE;PALMEIRINHA DE BAIXO - SOSSEGO;PR;SENGES;85,93;9,22;189,16;19,17;86,67;12,33;48,75;26,92;99,86;109,43;0,00;7,06
2004.0;1.0;2004-01-01;BRASPINE;PAZIN;PR;DOUTOR ULYSSES;41,20;23,90;189,90;19,73;87,19;13,09;50,16;28,46;100,00;84,49;0,00;1,66
2004.0;1.0;2004-01-01;BRASPINE;PEDRAS;PR;CASTRO;7,18;7,18;194,72;19,36;86,16;11,91;51,12;26,26;99,71;136,08;0,00;337,28
2004.0;1.0;2004-01-01;BRASPINE;PESCARIA;PR;SAO JOSE DA BOA VISTA;184,57;129,22;209,98;21,61;80,15;14,68;41,23;29,15;99,54;14,68;0,00;337,30
2004.0;1.0;2004-01-01;BRASPINE;PESSEGUEIRO;PR;DOUTOR ULYSSES;109,95;64,79;170,97;19,52;87,49;12,78;50,96;27,85;100,00;97,61;0,00;2,48
2004.0;1.0;2004-01-01;BRASPINE;PITANGA;;;;;90,05;20,76;81,20;12,28;48,66;27,22;99,70;69,42;0,00;0,11
2004.0;1.0;2004-01-01;BRASPINE;QUEIMADINHO ARROIO CLARO;PR;DOUTOR ULYSSES;48,13;19,09;165,97;19,52;87,49;12,78;50,96;27,85;100,00;97,61;0,00;2,48
2004.0;1.0;2004-01-01;BRASPINE;QUEIMADINHO M6042;PR;DOUTOR ULYSSES;48,38;18,50;165,97;19,52;87,49;12,78;50,96;27,85;100,00;97,61;0,00;2,48
2004.0;1.0;2004-01-01;BRASPINE;QUEIMADINHO USUCAPIAO;PR;DOUTOR ULYSSES;200,27;92,43;165,97;19,52;87,49;12,78;50,96;27,85;100,00;97,61;0,00;2,48
2004.0;1.0;2004-01-01;BRASPINE;RAMOS;PR;SENGES;69,83;38,15;157,20;19,35;87,30;12,43;50,46;27,42;100,00;110,15;0,00;3,36
2004.0;1.0;2004-01-01;BRASPINE;RIBEIRAO GRANDE;PR;JAGUARIAIVA;20,77;20,77;172,61;19,24;86,25;11,87;48,86;26,21;99,60;135,70;0,00;3,71
2004.0;1.0;2004-01-01;BRASPINE;RINCAO DE BAIXO;;;;;103,16;20,26;81,29;12,66;42,64;26,96;99,73;67,17;0,00;4,39
2004.0;1.0;2004-01-01;BRASPINE;RIO BOMBA;PR;CERRO AZUL;65,03;37,72;198,85;20,82;84,14;14,06;45,85;29,38;100,00;28,50;0,00;1,89
2004.0;1.0;2004-01-01;BRASPINE;RIO DO MEIO;PR;DOUTOR ULYSSES;712,33;389,13;164,97;19,52;87,49;12,78;50,96;27,85;100,00;97,61;0,00;2,48
2004.0;1.0;2004-01-01;BRASPINE;RONDON;PR;JAGUARIAIVA;2899,24;1475,88;172,34;19,25;86,75;12,30;49,81;26,81;99,89;124,26;0,00;6,48
2004.0;1.0;2004-01-01;BRASPINE;SANTA FELICIDADE;;;;;198,63;20,87;86,32;14,29;49,28;30,28;100,00;14,29;0,00;3,99
2004.0;1.0;2004-01-01;BRASPINE;SANTA LIDIA DO CERCADINHO;;;;;133,24;19,90;81,66;12,40;43,38;26,57;99,69;95,70;0,00;0,21
2004.0;1.0;2004-01-01;BRASPINE;SANTO ANTONIO;;;;;183,60;19,19;86,82;12,38;48,21;27,07;100,00;109,88;0,00;2,65
2004.0;1.0;2004-01-01;BRASPINE;SAO JOSE;PR;JANDAIA DO SUL;37,56;37,56;87,97;23,31;77,54;15,85;38,06;30,12;100,00;0,00;0,00;1,22
2004.0;1.0;2004-01-01;BRASPINE;SAO MATHEUS;;;;;86,21;24,76;75,64;17,13;37,51;31,76;99,98;0,00;0,00;0,36
2004.0;1.0;2004-01-01;BRASPINE;SAO PEDRO E SAO PAULO;PR;SAPOPEMA;709,13;323,93;171,97;21,15;80,91;13,97;42,26;27,85;99,65;43,73;0,00;3,11
2004.0;1.0;2004-01-01;BRASPINE;SAO RAFAEL;;;;;96,91;19,73;83,34;12,52;53,28;26,89;99,56;96,83;0,00;0,01
2004.0;1.0;2004-01-01;BRASPINE;SAO RAFAEL - PB;;;;;188,29;19,55;88,29;13,03;52,55;28,00;100,00;99,14;0,00;0,18
2004.0;1.0;2004-01-01;BRASPINE;SERRARIA;PR;DOUTOR ULYSSES;280,88;117,71;177,99;19,50;87,24;12,81;50,57;28,03;100,00;97,65;0,00;1,88
2004.0;1.0;2004-01-01;BRASPINE;SERRO VERDE;;;;;84,17;20,38;80,49;11,68;45,34;26,78;99,91;81,67;0,00;1,44
2004.0;1.0;2004-01-01;BRASPINE;SERTAOZINHO;PR;DOUTOR ULYSSES;16,25;16,25;164,44;19,52;87,49;12,78;50,96;27,85;100,00;97,61;0,00;2,48
2004.0;1.0;2004-01-01;BRASPINE;SITIO BASILIO;PR;JAGUARIAIVA;8,08;8,08;175,92;19,34;85,58;12,07;48,87;26,20;99,65;122,92;0,00;7,70
2004.0;1.0;2004-01-01;BRASPINE;SITIO DAS MARRECAS;PR;DOUTOR ULYSSES;77,49;35,17;197,90;20,24;86,85;13,61;49,78;29,27;100,00;57,34;0,00;1,19
2004.0;1.0;2004-01-01;BRASPINE;SOBRADINHO;SP;BOM SUCESSO DE ITARARE;285,80;123,10;217,84;19,10;87,63;12,43;49,54;27,04;100,00;110,11;0,00;1,85
2004.0;1.0;2004-01-01;BRASPINE;TAQUARAL;PR;JAGUARIAIVA;519,13;31,07;176,62;19,45;86,48;12,30;49,81;26,85;100,00;109,62;0,00;340,98
2004.0;1.0;2004-01-01;BRASPINE;TUCUNDUVA;PR;SENGES;82,21;60,89;195,52;20,04;83,26;13,05;45,92;27,36;99,67;69,35;0,00;10,22
2004.0;1.0;2004-01-01;BRASPINE;TUCUNDUVA - CHAMMA;;;;;211,64;20,01;83,61;13,11;45,70;27,42;99,70;69,69;0,00;6,73
2004.0;1.0;2004-01-01;BRASPINE;VIENA 1;PR;DOUTOR ULYSSES;263,98;178,34;191,24;19,16;87,24;12,26;51,13;27,03;100,00;138,20;0,00;1,68
2004.0;1.0;2004-01-01;BRASPINE;VIENA 2;PR;CERRO AZUL;140,23;96,54;198,95;20,82;84,14;14,06;45,85;29,38;100,00;28,50;0,00;1,89
2004.0;1.0;2004-01-01;BRASPINE;VITORIA;PR;SENGES;50,54;35,69;189,16;19,17;86,67;12,33;48,75;26,92;99,86;109,43;0,00;7,06
2004.0;1.0;2004-01-01;BRASPINE;VIVEIRO;PR;DOUTOR ULYSSES;405,39;261,22;164,61;19,52;87,49;12,78;50,96;27,85;100,00;97,61;0,00;2,48
2004.0;1.0;2004-01-01;BRASPINE;VO LINO;PR;DOUTOR ULYSSES;164,50;97,89;186,69;19,73;87,19;13,09;50,16;28,46;100,00;84,49;0,00;1,66
2004.0;1.0;2004-01-01;BRASPINE;XAXIM VELHO;;;;;98,40;19,41;83,06;11,08;45,31;26,54;100,00;134,60;0,00;1,25
2004.0;2.0;2004-02-01;BRASPINE;AGUA DOCE;PR;JAGUARIAIVA;238,97;121,99;94,08;19,71;84,29;13,33;49,05;27,46;99,78;86,25;0,00;23,75
2004.0;2.0;2004-02-01;BRASPINE;AMATA;;;;;143,88;21,47;83,07;15,01;44,27;30,40;100,00;0,00;0,00;3,64
2004.0;2.0;2004-02-01;BRASPINE;ANTA BRAVA;;;;;97,43;22,18;81,48;16,03;47,67;30,16;99,93;0,00;0,00;17,72
2004.0;2.0;2004-02-01;BRASPINE;ARAPONGAS;PR;SENGES;423,34;263,70;109,01;19,82;85,96;14,01;46,56;28,48;100,00;43,55;0,00;9,80
2004.0;2.0;2004-02-01;BRASPINE;ARROIO CLARO;PR;DOUTOR ULYSSES;275,14;92,00;125,24;20,00;85,84;14,25;45,07;28,87;100,00;29,14;0,00;0,00
2004.0;2.0;2004-02-01;BRASPINE;BARRA GRANDE;PR;DOUTOR ULYSSES;493,79;139,68;126,17;20,33;86,04;14,66;45,68;29,27;100,00;29,39;0,00;4,00
2004.0;2.0;2004-02-01;BRASPINE;BARRA GRANDE - BEMAIS;PR;GUARAPUAVA;299,16;108,61;81,31;19,52;81,77;13,08;40,48;27,02;99,98;124,23;0,00;1,30
2004.0;2.0;2004-02-01;BRASPINE;BARRETOS;PR;JAGUARIAIVA;43,35;32,98;110,95;19,78;85,43;13,55;47,28;28,17;100,00;72,55;0,00;10,47
2004.0;2.0;2004-02-01;BRASPINE;BAU;;;;;76,46;19,43;82,71;12,88;45,48;26,52;99,89;153,89;0,00;10,91
2004.0;2.0;2004-02-01;BRASPINE;BOA VISTA II;PR;PIRAI DO SUL;944,00;535,05;121,24;19,75;84,93;13,28;47,61;27,91;99,99;86,67;0,00;0,62
2004.0;2.0;2004-02-01;BRASPINE;BRASILEIRA;;;;;117,36;19,82;85,96;14,01;46,56;28,48;100,00;43,55;0,00;9,80
2004.0;2.0;2004-02-01;BRASPINE;BURACAO;;;;;118,58;19,78;84,11;13,61;44,64;27,90;99,66;87,15;0,00;2,28
2004.0;2.0;2004-02-01;BRASPINE;BURRINHO;PR;DOUTOR ULYSSES;211,01;100,37;125,25;20,00;85,84;14,25;45,07;28,87;100,00;29,14;0,00;0,00
2004.0;2.0;2004-02-01;BRASPINE;CADEADO I;PR;JAGUARIAIVA;21,07;12,29;111,10;19,62;85,66;13,57;46,83;28,11;100,00;86,96;0,00;16,77
2004.0;2.0;2004-02-01;BRASPINE;CADEADO II;PR;JAGUARIAIVA;21,88;16,79;111,10;19,62;85,66;13,57;46,83;28,11;100,00;86,96;0,00;16,77
2004.0;2.0;2004-02-01;BRASPINE;CAMPINA ALTA;PR;TIBAGI;29,77;18,24;95,63;20,80;82,31;13,86;43,47;27,99;99,90;57,08;0,00;9,79
2004.0;2.0;2004-02-01;BRASPINE;CAMPINA DO ELIAS;PR;JAGUARIAIVA;29,17;14,65;119,53;19,72;85,51;13,56;47,39;28,15;100,00;72,42;0,00;5,79
2004.0;2.0;2004-02-01;BRASPINE;CAMPO NOVO;PR;JAGUARIAIVA;295,98;156,36;107,23;19,62;85,66;13,57;46,83;28,11;100,00;86,96;0,00;16,77
2004.0;2.0;2004-02-01;BRASPINE;CONSULTORIA II A;PR;DOUTOR ULYSSES;89,62;60,79;117,26;19,82;85,96;14,01;46,56;28,48;100,00;43,55;0,00;9,80
2004.0;2.0;2004-02-01;BRASPINE;DINIZ;;;;;114,65;19,82;85,96;14,01;46,56;28,48;100,00;43,55;0,00;9,80
2004.0;2.0;2004-02-01;BRASPINE;ENES;PR;JAGUARIAIVA;5,93;5,69;106,97;19,62;85,66;13,57;46,83;28,11;100,00;86,96;0,00;16,77
2004.0;2.0;2004-02-01;BRASPINE;ENGENHARIA;;;;;114,65;19,82;85,96;14,01;46,56;28,48;100,00;43,55;0,00;9,80
2004.0;2.0;2004-02-01;BRASPINE;ESTACAO;PR;SENGES;4,76;4,14;114,06;19,62;85,66;13,57;46,83;28,11;100,00;86,96;0,00;16,77
2004.0;2.0;2004-02-01;BRASPINE;FAXINAL;PR;JAGUARIAIVA;20,65;20,65;106,97;19,62;85,66;13,57;46,83;28,11;100,00;86,96;0,00;16,77
2004.0;2.0;2004-02-01;BRASPINE;FEITAL;PR;DOUTOR ULYSSES;154,17;86,53;118,49;19,99;85,99;14,25;46,27;28,74;100,00;28,87;0,00;7,75
2004.0;2.0;2004-02-01;BRASPINE;FIGUEIRA;PR;DOUTOR ULYSSES;1053,81;315,71;117,54;20,00;85,84;14,25;45,07;28,87;100,00;29,14;0,00;0,00
2004.0;2.0;2004-02-01;BRASPINE;FIGUEIRINHA;PR;DOUTOR ULYSSES;94,37;56,74;128,34;20,00;85,84;14,25;45,07;28,87;100,00;29,14;0,00;0,00
2004.0;2.0;2004-02-01;BRASPINE;FLOEMA;PR;DOUTOR ULYSSES;2189,88;701,43;129,36;19,50;85,75;13,52;44,59;28,11;100,00;71,80;0,00;2,05
2004.0;2.0;2004-02-01;BRASPINE;FLOEMA I - SUDATI;;;;;111,01;19,82;85,96;14,01;46,56;28,48;100,00;43,55;0,00;9,80
2004.0;2.0;2004-02-01;BRASPINE;FLOEMA II - SUDATI;PR;DOUTOR ULYSSES;453,83;211,13;115,49;19,82;85,96;14,01;46,56;28,48;100,00;43,55;0,00;9,80
2004.0;2.0;2004-02-01;BRASPINE;FLOR DA SERRA;PR;SAO JOSE DA BOA VISTA;209,10;128,72;100,51;21,75;78,22;15,40;42,03;29,33;99,57;0,00;0,00;171,35
2004.0;2.0;2004-02-01;BRASPINE;GENTIL;PR;JAGUARIAIVA;126,77;53,33;99,64;19,45;84,24;12,97;49,31;26,97;99,65;129,23;0,00;1,57
2004.0;2.0;2004-02-01;BRASPINE;GUAIRACA;PR;GUARAPUAVA;623,62;169,31;82,33;19,74;81,02;13,28;40,26;27,38;99,98;125,78;0,00;3,01
2004.0;2.0;2004-02-01;BRASPINE;HERVAL 2 - MADALOSSO;;;;;107,52;19,78;84,11;13,61;44,64;27,90;99,66;87,15;0,00;2,28
2004.0;2.0;2004-02-01;BRASPINE;HERVAL DE BAIXO;PR;RESERVA;827,29;475,92;101,94;20,85;82,25;13,83;42,82;27,93;99,86;71,93;0,00;8,97
2004.0;2.0;2004-02-01;BRASPINE;HORTO 01;PR;TURVO;19,12;19,12;102,58;20,25;82,55;13,18;43,53;27,25;99,82;113,61;0,00;3,10
2004.0;2.0;2004-02-01;BRASPINE;HORTO 02;PR;TURVO;4,24;4,24;103,96;20,25;82,55;13,18;43,53;27,25;99,82;113,61;0,00;3,10
2004.0;2.0;2004-02-01;BRASPINE;HORTO 03;PR;PRUDENTOPOLIS;80,91;25,89;99,77;20,84;80,98;14,11;39,51;28,05;99,88;87,16;0,00;2,08
2004.0;2.0;2004-02-01;BRASPINE;HORTO 08;PR;TURVO;9,53;9,53;97,72;20,84;80,98;14,11;39,51;28,05;99,88;87,16;0,00;2,08
2004.0;2.0;2004-02-01;BRASPINE;HORTO 12;PR;PRUDENTOPOLIS;12,20;12,20;100,68;20,84;80,98;14,11;39,51;28,05;99,88;87,16;0,00;2,08
2004.0;2.0;2004-02-01;BRASPINE;IZAU;PR;PIRAI DO SUL;19,37;11,60;106,98;19,44;84,72;12,87;47,57;27,20;99,80;129,54;0,00;0,55
2004.0;2.0;2004-02-01;BRASPINE;JOAO RICO;PR;JAGUARIAIVA;47,46;26,18;96,92;19,71;84,29;13,33;49,05;27,46;99,78;86,25;0,00;23,75
2004.0;2.0;2004-02-01;BRASPINE;LAGOA;PR;JAGUARIAIVA;24,10;10,78;115,19;19,62;85,66;13,57;46,83;28,11;100,00;86,96;0,00;16,77
2004.0;2.0;2004-02-01;BRASPINE;MARACANA;PR;JANDAIA DO SUL;11,45;11,45;118,76;22,46;79,91;16,38;40,43;29,34;99,98;0,00;0,00;4,07
2004.0;2.0;2004-02-01;BRASPINE;MARRECA;;;;;125,62;20,00;85,84;14,25;45,07;28,87;100,00;29,14;0,00;0,00
2004.0;2.0;2004-02-01;BRASPINE;MARRECA SP;SP;ITAPIRAPUA PAULISTA;675,30;236,19;133,38;20,75;85,60;14,96;45,61;29,96;100,00;14,96;0,00;8,25
2004.0;2.0;2004-02-01;BRASPINE;MARRECAS;;;;;75,78;18,92;82,63;12,58;41,97;26,41;100,00;177,47;0,00;5,42
2004.0;2.0;2004-02-01;BRASPINE;MERCADINHO;;;;;127,71;20,66;84,41;14,32;44,11;29,61;100,00;29,23;0,00;1,40
2004.0;2.0;2004-02-01;BRASPINE;MONTE ALEGRE;;;;;113,64;23,10;78,00;16,94;39,51;30,09;99,89;0,00;0,00;2,02
2004.0;2.0;2004-02-01;BRASPINE;MONTE TABOR II;;;;;179,51;20,04;86,97;14,79;51,28;28,81;99,99;44,60;0,00;12,44
2004.0;2.0;2004-02-01;BRASPINE;MOREIRA;PR;DOUTOR ULYSSES;230,52;68,68;115,49;19,82;85,96;14,01;46,56;28,48;100,00;43,55;0,00;9,80
2004.0;2.0;2004-02-01;BRASPINE;MOREIRAS II;PR;DOUTOR ULYSSES;66,76;28,75;117,52;19,82;85,96;14,01;46,56;28,48;100,00;43,55;0,00;9,80
2004.0;2.0;2004-02-01;BRASPINE;MORRETES;PR;ORTIGUEIRA;20,36;20,36;105,30;21,42;81,33;14,14;40,10;28,55;99,84;57,99;0,00;10,03
2004.0;2.0;2004-02-01;BRASPINE;MORRO AZUL;;;;;120,71;20,08;86,27;14,26;45,39;28,93;100,00;28,79;0,00;9,64
2004.0;2.0;2004-02-01;BRASPINE;OURO FINO;SP;APIAI;51,70;51,70;161,30;19,84;87,17;14,58;49,35;28,76;100,00;44,14;0,00;0,73
2004.0;2.0;2004-02-01;BRASPINE;PALMEIRINHA DE BAIXO - SOSSEGO;PR;SENGES;85,93;9,22;91,89;19,50;84,77;12,80;47,23;27,43;99,86;85,35;0,00;1,45
2004.0;2.0;2004-02-01;BRASPINE;PAZIN;PR;DOUTOR ULYSSES;41,20;23,90;121,96;20,00;85,84;14,25;45,07;28,87;100,00;29,14;0,00;0,00
2004.0;2.0;2004-02-01;BRASPINE;PEDRAS;PR;CASTRO;7,18;7,18;132,68;19,50;85,16;12,85;48,80;27,18;99,61;144,37;0,00;3,84
2004.0;2.0;2004-02-01;BRASPINE;PESCARIA;PR;SAO JOSE DA BOA VISTA;184,57;129,22;103,21;21,89;78,00;15,15;41,21;29,59;99,65;0,00;0,00;0,74
2004.0;2.0;2004-02-01;BRASPINE;PESSEGUEIRO;PR;DOUTOR ULYSSES;109,95;64,79;121,52;19,82;85,96;14,01;46,56;28,48;100,00;43,55;0,00;9,80
2004.0;2.0;2004-02-01;BRASPINE;PITANGA;;;;;112,41;20,28;81,35;13,42;43,18;27,32;99,80;83,88;0,00;8,34
2004.0;2.0;2004-02-01;BRASPINE;QUEIMADINHO ARROIO CLARO;PR;DOUTOR ULYSSES;48,13;19,09;117,36;19,82;85,96;14,01;46,56;28,48;100,00;43,55;0,00;9,80
2004.0;2.0;2004-02-01;BRASPINE;QUEIMADINHO M6042;PR;DOUTOR ULYSSES;48,38;18,50;117,36;19,82;85,96;14,01;46,56;28,48;100,00;43,55;0,00;9,80
2004.0;2.0;2004-02-01;BRASPINE;QUEIMADINHO USUCAPIAO;PR;DOUTOR ULYSSES;200,27;92,43;117,36;19,82;85,96;14,01;46,56;28,48;100,00;43,55;0,00;9,80
2004.0;2.0;2004-02-01;BRASPINE;RAMOS;PR;SENGES;69,83;38,15;111,01;19,62;85,66;13,57;46,83;28,11;100,00;86,96;0,00;16,77
2004.0;2.0;2004-02-01;BRASPINE;RIBEIRAO GRANDE;PR;JAGUARIAIVA;20,77;20,77;102,66;19,44;84,72;12,87;47,57;27,20;99,80;129,54;0,00;0,55
2004.0;2.0;2004-02-01;BRASPINE;RINCAO DE BAIXO;;;;;74,20;20,13;81,54;13,43;45,02;27,26;99,78;85,44;0,00;4,33
2004.0;2.0;2004-02-01;BRASPINE;RIO BOMBA;PR;CERRO AZUL;65,03;37,72;135,87;21,02;83,18;15,11;43,76;29,83;99,99;0,00;0,00;5,10
2004.0;2.0;2004-02-01;BRASPINE;RIO DO MEIO;PR;DOUTOR ULYSSES;712,33;389,13;117,49;19,82;85,96;14,01;46,56;28,48;100,00;43,55;0,00;9,80
2004.0;2.0;2004-02-01;BRASPINE;RONDON;PR;JAGUARIAIVA;2899,24;1475,88;84,86;19,53;84,98;12,96;48,18;27,46;99,90;85,37;0,00;8,14
2004.0;2.0;2004-02-01;BRASPINE;SANTA FELICIDADE;;;;;157,03;21,19;85,41;14,53;45,78;30,61;100,00;14,53;0,00;3,70
2004.0;2.0;2004-02-01;BRASPINE;SANTA LIDIA DO CERCADINHO;;;;;67,69;19,78;81,77;13,17;45,78;26,77;99,74;98,90;0,00;3,22
2004.0;2.0;2004-02-01;BRASPINE;SANTO ANTONIO;;;;;97,43;19,56;85,01;13,21;45,96;27,81;100,00;71,08;0,00;14,83
2004.0;2.0;2004-02-01;BRASPINE;SAO JOSE;PR;JANDAIA DO SUL;37,56;37,56;114,34;22,90;78,45;16,76;39,75;29,85;99,95;0,00;0,00;2,53
2004.0;2.0;2004-02-01;BRASPINE;SAO MATHEUS;;;;;120,12;24,43;76,09;17,58;37,38;31,85;99,85;0,00;0,00;8,74
2004.0;2.0;2004-02-01;BRASPINE;SAO PEDRO E SAO PAULO;PR;SAPOPEMA;709,13;323,93;116,56;21,07;79,99;14,52;42,78;27,91;99,58;59,35;0,00;5,05
2004.0;2.0;2004-02-01;BRASPINE;SAO RAFAEL;;;;;81,24;19,85;82,44;13,32;48,15;27,79;99,77;57,94;0,00;6,80
2004.0;2.0;2004-02-01;BRASPINE;SAO RAFAEL - PB;;;;;141,22;19,96;86,91;14,63;48,14;28,93;100,00;44,46;0,00;2,99
2004.0;2.0;2004-02-01;BRASPINE;SERRARIA;PR;DOUTOR ULYSSES;280,88;117,71;123,94;19,75;85,79;13,89;44,83;28,49;100,00;73,26;0,00;1,03
2004.0;2.0;2004-02-01;BRASPINE;SERRO VERDE;;;;;73,72;19,76;81,57;12,94;43,60;26,94;99,89;124,92;0,00;2,26
2004.0;2.0;2004-02-01;BRASPINE;SERTAOZINHO;PR;DOUTOR ULYSSES;16,25;16,25;109,07;19,82;85,96;14,01;46,56;28,48;100,00;43,55;0,00;9,80
2004.0;2.0;2004-02-01;BRASPINE;SITIO BASILIO;PR;JAGUARIAIVA;8,08;8,08;94,73;19,52;84,10;13,10;48,99;27,03;99,66;99,75;0,00;0,32
2004.0;2.0;2004-02-01;BRASPINE;SITIO DAS MARRECAS;PR;DOUTOR ULYSSES;77,49;35,17;128,85;20,54;85,67;14,89;45,52;29,65;100,00;29,83;0,00;9,67
2004.0;2.0;2004-02-01;BRASPINE;SOBRADINHO;SP;BOM SUCESSO DE ITARARE;285,80;123,10;124,82;19,50;85,92;13,88;46,41;29,21;100,00;71,95;0,00;8,39
2004.0;2.0;2004-02-01;BRASPINE;TAQUARAL;PR;JAGUARIAIVA;519,13;31,07;89,02;19,71;84,85;13,49;49,23;27,64;100,00;86,42;0,00;19,31
2004.0;2.0;2004-02-01;BRASPINE;TUCUNDUVA;PR;SENGES;82,21;60,89;85,12;20,31;81,24;13,58;46,15;27,83;99,69;42,67;0,00;6,76
2004.0;2.0;2004-02-01;BRASPINE;TUCUNDUVA - CHAMMA;;;;;86,24;20,32;81,53;13,49;46,20;27,98;99,75;27,72;0,00;1,22
2004.0;2.0;2004-02-01;BRASPINE;VIENA 1;PR;DOUTOR ULYSSES;263,98;178,34;126,87;19,38;85,71;13,25;45,73;27,74;100,00;115,96;0,00;0,35
2004.0;2.0;2004-02-01;BRASPINE;VIENA 2;PR;CERRO AZUL;140,23;96,54;135,43;21,02;83,18;15,11;43,76;29,83;99,99;0,00;0,00;5,10
2004.0;2.0;2004-02-01;BRASPINE;VITORIA;PR;SENGES;50,54;35,69;91,89;19,50;84,77;12,80;47,23;27,43;99,86;85,35;0,00;1,45
2004.0;2.0;2004-02-01;BRASPINE;VIVEIRO;PR;DOUTOR ULYSSES;405,39;261,22;117,52;19,82;85,96;14,01;46,56;28,48;100,00;43,55;0,00;9,80
2004.0;2.0;2004-02-01;BRASPINE;VO LINO;PR;DOUTOR ULYSSES;164,50;97,89;125,28;20,00;85,84;14,25;45,07;28,87;100,00;29,14;0,00;0,00
2004.0;2.0;2004-02-01;BRASPINE;XAXIM VELHO;;;;;100,00;19,08;83,00;12,65;43,79;26,68;100,00;150,67;0,00;10,65
2004.0;3.0;2004-03-01;BRASPINE;AGUA DOCE;PR;JAGUARIAIVA;238,97;121,99;110,74;18,92;84,21;12,33;44,80;27,73;99,95;177,81;0,00;2,54
2004.0;3.0;2004-03-01;BRASPINE;AMATA;;;;;132,80;20,32;84,73;13,85;43,22;31,47;100,00;101,47;0,00;0,54
2004.0;3.0;2004-03-01;BRASPINE;ANTA BRAVA;;;;;87,13;21,47;81,35;14,75;48,03;29,77;99,47;29,68;0,00;1,81
2004.0;3.0;2004-03-01;BRASPINE;ARAPONGAS;PR;SENGES;423,34;263,70;116,63;18,87;86,58;12,46;43,72;28,79;100,00;165,57;0,00;2,64
2004.0;3.0;2004-03-01;BRASPINE;ARROIO CLARO;PR;DOUTOR ULYSSES;275,14;92,00;117,92;19,00;86,71;12,81;44,69;29,39;100,00;136,94;0,00;2,71
2004.0;3.0;2004-03-01;BRASPINE;BARRA GRANDE;PR;DOUTOR ULYSSES;493,79;139,68;128,55;19,37;86,77;13,08;43,91;29,71;100,00;140,37;0,00;0,08
2004.0;3.0;2004-03-01;BRASPINE;BARRA GRANDE - BEMAIS;PR;GUARAPUAVA;299,16;108,61;118,54;18,53;81,70;10,57;39,70;28,49;99,98;279,78;0,00;10,10
2004.0;3.0;2004-03-01;BRASPINE;BARRETOS;PR;JAGUARIAIVA;43,35;32,98;116,18;18,89;85,80;12,56;44,14;28,43;100,00;163,80;0,00;4,29
2004.0;3.0;2004-03-01;BRASPINE;BAU;;;;;112,60;18,75;80,61;11,64;43,05;27,86;99,93;239,03;0,00;0,35
2004.0;3.0;2004-03-01;BRASPINE;BOA VISTA II;PR;PIRAI DO SUL;944,00;535,05;121,41;18,92;85,01;12,36;45,09;28,23;100,00;162,23;0,00;6,40
2004.0;3.0;2004-03-01;BRASPINE;BRASILEIRA;;;;;119,02;18,87;86,58;12,46;43,72;28,79;100,00;165,57;0,00;2,64
2004.0;3.0;2004-03-01;BRASPINE;BURACAO;;;;;165,55;18,82;84,44;11,49;40,80;28,40;99,86;130,93;0,00;1,96
2004.0;3.0;2004-03-01;BRASPINE;BURRINHO;PR;DOUTOR ULYSSES;211,01;100,37;118,25;19,00;86,71;12,81;44,69;29,39;100,00;136,94;0,00;2,71
2004.0;3.0;2004-03-01;BRASPINE;CADEADO I;PR;JAGUARIAIVA;21,07;12,29;100,45;18,68;86,22;12,18;43,58;28,31;100,00;191,07;0,00;1,28
2004.0;3.0;2004-03-01;BRASPINE;CADEADO II;PR;JAGUARIAIVA;21,88;16,79;100,45;18,68;86,22;12,18;43,58;28,31;100,00;191,07;0,00;1,28
2004.0;3.0;2004-03-01;BRASPINE;CAMPINA ALTA;PR;TIBAGI;29,77;18,24;99,81;20,00;80,44;10,91;41,34;29,44;99,98;143,68;0,00;4,60
2004.0;3.0;2004-03-01;BRASPINE;CAMPINA DO ELIAS;PR;JAGUARIAIVA;29,17;14,65;110,69;18,81;85,95;12,52;43,94;28,39;100,00;177,93;0,00;3,23
2004.0;3.0;2004-03-01;BRASPINE;CAMPO NOVO;PR;JAGUARIAIVA;295,98;156,36;114,93;18,68;86,22;12,18;43,58;28,31;100,00;191,07;0,00;1,28
2004.0;3.0;2004-03-01;BRASPINE;CONSULTORIA II A;PR;DOUTOR ULYSSES;89,62;60,79;125,17;18,87;86,58;12,46;43,72;28,79;100,00;165,57;0,00;2,64
2004.0;3.0;2004-03-01;BRASPINE;DINIZ;;;;;112,92;18,87;86,58;12,46;43,72;28,79;100,00;165,57;0,00;2,64
2004.0;3.0;2004-03-01;BRASPINE;ENES;PR;JAGUARIAIVA;5,93;5,69;114,55;18,68;86,22;12,18;43,58;28,31;100,00;191,07;0,00;1,28
2004.0;3.0;2004-03-01;BRASPINE;ENGENHARIA;;;;;112,92;18,87;86,58;12,46;43,72;28,79;100,00;165,57;0,00;2,64
2004.0;3.0;2004-03-01;BRASPINE;ESTACAO;PR;SENGES;4,76;4,14;106,60;18,68;86,22;12,18;43,58;28,31;100,00;191,07;0,00;1,28
2004.0;3.0;2004-03-01;BRASPINE;FAXINAL;PR;JAGUARIAIVA;20,65;20,65;114,55;18,68;86,22;12,18;43,58;28,31;100,00;191,07;0,00;1,28
2004.0;3.0;2004-03-01;BRASPINE;FEITAL;PR;DOUTOR ULYSSES;154,17;86,53;127,51;19,03;86,64;12,67;43,79;29,09;100,00;137,31;0,00;1,20
2004.0;3.0;2004-03-01;BRASPINE;FIGUEIRA;PR;DOUTOR ULYSSES;1053,81;315,71;125,14;19,00;86,71;12,81;44,69;29,39;100,00;136,94;0,00;2,71
2004.0;3.0;2004-03-01;BRASPINE;FIGUEIRINHA;PR;DOUTOR ULYSSES;94,37;56,74;122,30;19,00;86,71;12,81;44,69;29,39;100,00;136,94;0,00;2,71
2004.0;3.0;2004-03-01;BRASPINE;FLOEMA;PR;DOUTOR ULYSSES;2189,88;701,43;105,61;18,49;86,49;11,95;44,39;28,40;100,00;205,10;0,00;3,38
2004.0;3.0;2004-03-01;BRASPINE;FLOEMA I - SUDATI;;;;;107,02;18,87;86,58;12,46;43,72;28,79;100,00;165,57;0,00;2,64
2004.0;3.0;2004-03-01;BRASPINE;FLOEMA II - SUDATI;PR;DOUTOR ULYSSES;453,83;211,13;122,97;18,87;86,58;12,46;43,72;28,79;100,00;165,57;0,00;2,64
2004.0;3.0;2004-03-01;BRASPINE;FLOR DA SERRA;PR;SAO JOSE DA BOA VISTA;209,10;128,72;100,11;20,94;78,28;13,70;41,83;30,12;99,55;85,78;0,00;1,75
2004.0;3.0;2004-03-01;BRASPINE;GENTIL;PR;JAGUARIAIVA;126,77;53,33;109,07;18,64;83,95;11,90;45,83;27,28;99,80;203,66;0,00;0,17
2004.0;3.0;2004-03-01;BRASPINE;GUAIRACA;PR;GUARAPUAVA;623,62;169,31;124,48;18,74;81,09;10,58;38,71;29,05;99,96;237,83;0,00;2,14
2004.0;3.0;2004-03-01;BRASPINE;HERVAL 2 - MADALOSSO;;;;;151,74;18,82;84,44;11,49;40,80;28,40;99,86;130,93;0,00;1,96
2004.0;3.0;2004-03-01;BRASPINE;HERVAL DE BAIXO;PR;RESERVA;827,29;475,92;104,85;19,94;80,54;10,71;41,41;29,47;99,93;152,56;0,00;2,58
2004.0;3.0;2004-03-01;BRASPINE;HORTO 01;PR;TURVO;19,12;19,12;86,80;19,19;82,16;10,42;43,66;29,04;99,82;205,95;0,00;0,60
2004.0;3.0;2004-03-01;BRASPINE;HORTO 02;PR;TURVO;4,24;4,24;88,07;19,19;82,16;10,42;43,66;29,04;99,82;205,95;0,00;0,60
2004.0;3.0;2004-03-01;BRASPINE;HORTO 03;PR;PRUDENTOPOLIS;80,91;25,89;83,00;19,78;80,89;10,83;41,00;30,02;99,94;141,62;0,00;346,69
2004.0;3.0;2004-03-01;BRASPINE;HORTO 08;PR;TURVO;9,53;9,53;87,33;19,78;80,89;10,83;41,00;30,02;99,94;141,62;0,00;346,69
2004.0;3.0;2004-03-01;BRASPINE;HORTO 12;PR;PRUDENTOPOLIS;12,20;12,20;82,45;19,78;80,89;10,83;41,00;30,02;99,94;141,62;0,00;346,69
2004.0;3.0;2004-03-01;BRASPINE;IZAU;PR;PIRAI DO SUL;19,37;11,60;110,76;18,63;84,50;11,79;44,25;27,52;99,81;203,57;0,00;1,18
2004.0;3.0;2004-03-01;BRASPINE;JOAO RICO;PR;JAGUARIAIVA;47,46;26,18;111,67;18,92;84,21;12,33;44,80;27,73;99,95;177,81;0,00;2,54
2004.0;3.0;2004-03-01;BRASPINE;LAGOA;PR;JAGUARIAIVA;24,10;10,78;101,10;18,68;86,22;12,18;43,58;28,31;100,00;191,07;0,00;1,28
2004.0;3.0;2004-03-01;BRASPINE;MARACANA;PR;JANDAIA DO SUL;11,45;11,45;105,66;22,10;75,76;14,92;32,62;31,36;99,83;29,87;0,00;3,81
2004.0;3.0;2004-03-01;BRASPINE;MARRECA;;;;;122,88;19,00;86,71;12,81;44,69;29,39;100,00;136,94;0,00;2,71
2004.0;3.0;2004-03-01;BRASPINE;MARRECA SP;SP;ITAPIRAPUA PAULISTA;675,30;236,19;139,28;19,73;86,65;13,25;44,99;30,71;100,00;113,29;0,00;1,88
2004.0;3.0;2004-03-01;BRASPINE;MARRECAS;;;;;129,87;17,97;82,38;10,61;40,08;27,81;100,00;269,39;0,00;7,49
2004.0;3.0;2004-03-01;BRASPINE;MERCADINHO;;;;;117,59;19,59;85,73;13,08;43,86;30,41;100,00;126,21;0,00;1,34
2004.0;3.0;2004-03-01;BRASPINE;MONTE ALEGRE;;;;;112,57;22,71;73,96;15,40;32,30;31,99;99,71;0,00;0,00;2,13
2004.0;3.0;2004-03-01;BRASPINE;MONTE TABOR II;;;;;133,27;19,06;87,61;12,45;49,55;29,28;100,00;137,02;0,00;7,72
2004.0;3.0;2004-03-01;BRASPINE;MOREIRA;PR;DOUTOR ULYSSES;230,52;68,68;122,97;18,87;86,58;12,46;43,72;28,79;100,00;165,57;0,00;2,64
2004.0;3.0;2004-03-01;BRASPINE;MOREIRAS II;PR;DOUTOR ULYSSES;66,76;28,75;125,52;18,87;86,58;12,46;43,72;28,79;100,00;165,57;0,00;2,64
2004.0;3.0;2004-03-01;BRASPINE;MORRETES;PR;ORTIGUEIRA;20,36;20,36;110,15;20,51;79,58;11,06;39,87;30,39;99,89;124,87;0,00;6,08
2004.0;3.0;2004-03-01;BRASPINE;MORRO AZUL;;;;;99,26;19,16;86,85;12,59;41,96;29,33;100,00;168,46;0,00;52,01
2004.0;3.0;2004-03-01;BRASPINE;OURO FINO;SP;APIAI;51,70;51,70;136,30;18,89;87,72;12,09;45,14;28,96;100,00;151,86;0,00;41,79
2004.0;3.0;2004-03-01;BRASPINE;PALMEIRINHA DE BAIXO - SOSSEGO;PR;SENGES;85,93;9,22;116,66;18,64;84,90;11,81;40,74;27,56;99,94;206,34;0,00;2,27
2004.0;3.0;2004-03-01;BRASPINE;PAZIN;PR;DOUTOR ULYSSES;41,20;23,90;128,95;19,00;86,71;12,81;44,69;29,39;100,00;136,94;0,00;2,71
2004.0;3.0;2004-03-01;BRASPINE;PEDRAS;PR;CASTRO;7,18;7,18;126,88;18,69;84,75;11,88;45,11;27,72;99,82;173,94;0,00;0,81
2004.0;3.0;2004-03-01;BRASPINE;PESCARIA;PR;SAO JOSE DA BOA VISTA;184,57;129,22;112,13;21,11;77,96;13,94;39,36;30,22;99,63;57,19;0,00;1,99
2004.0;3.0;2004-03-01;BRASPINE;PESSEGUEIRO;PR;DOUTOR ULYSSES;109,95;64,79;108,35;18,87;86,58;12,46;43,72;28,79;100,00;165,57;0,00;2,64
2004.0;3.0;2004-03-01;BRASPINE;PITANGA;;;;;99,56;19,59;79,26;12,48;41,11;29,36;99,77;191,18;0,00;1,93
2004.0;3.0;2004-03-01;BRASPINE;QUEIMADINHO ARROIO CLARO;PR;DOUTOR ULYSSES;48,13;19,09;119,02;18,87;86,58;12,46;43,72;28,79;100,00;165,57;0,00;2,64
2004.0;3.0;2004-03-01;BRASPINE;QUEIMADINHO M6042;PR;DOUTOR ULYSSES;48,38;18,50;119,02;18,87;86,58;12,46;43,72;28,79;100,00;165,57;0,00;2,64
2004.0;3.0;2004-03-01;BRASPINE;QUEIMADINHO USUCAPIAO;PR;DOUTOR ULYSSES;200,27;92,43;119,02;18,87;86,58;12,46;43,72;28,79;100,00;165,57;0,00;2,64
2004.0;3.0;2004-03-01;BRASPINE;RAMOS;PR;SENGES;69,83;38,15;107,02;18,68;86,22;12,18;43,58;28,31;100,00;191,07;0,00;1,28
2004.0;3.0;2004-03-01;BRASPINE;RIBEIRAO GRANDE;PR;JAGUARIAIVA;20,77;20,77;106,78;18,63;84,50;11,79;44,25;27,52;99,81;203,57;0,00;1,18
2004.0;3.0;2004-03-01;BRASPINE;RINCAO DE BAIXO;;;;;117,99;19,39;80,09;11,18;42,39;28,22;99,75;160,69;0,00;1,76
2004.0;3.0;2004-03-01;BRASPINE;RIO BOMBA;PR;CERRO AZUL;65,03;37,72;116,81;19,87;84,77;12,72;44,12;30,65;100,00;110,88;0,00;0,86
2004.0;3.0;2004-03-01;BRASPINE;RIO DO MEIO;PR;DOUTOR ULYSSES;712,33;389,13;123,78;18,87;86,58;12,46;43,72;28,79;100,00;165,57;0,00;2,64
2004.0;3.0;2004-03-01;BRASPINE;RONDON;PR;JAGUARIAIVA;2899,24;1475,88;131,44;18,66;85,23;12,05;42,80;27,60;99,94;191,22;0,00;19,00
2004.0;3.0;2004-03-01;BRASPINE;SANTA FELICIDADE;;;;;151,93;20,13;86,61;13,18;45,12;31,50;100,00;85,28;0,00;0,01
2004.0;3.0;2004-03-01;BRASPINE;SANTA LIDIA DO CERCADINHO;;;;;116,69;19,02;80,36;11,16;42,89;27,69;99,73;158,14;0,00;1,11
2004.0;3.0;2004-03-01;BRASPINE;SANTO ANTONIO;;;;;125,06;18,67;85,29;11,36;40,13;28,09;100,00;221,04;0,00;44,05
2004.0;3.0;2004-03-01;BRASPINE;SAO JOSE;PR;JANDAIA DO SUL;37,56;37,56;111,88;22,52;74,38;15,24;32,52;31,77;99,74;0,00;0,00;2,55
2004.0;3.0;2004-03-01;BRASPINE;SAO MATHEUS;;;;;85,13;24,00;72,17;15,65;32,65;33,73;99,40;0,00;0,00;1,35
2004.0;3.0;2004-03-01;BRASPINE;SAO PEDRO E SAO PAULO;PR;SAPOPEMA;709,13;323,93;111,94;20,31;79,12;12,27;44,34;28,95;99,64;106,02;0,00;0,05
2004.0;3.0;2004-03-01;BRASPINE;SAO RAFAEL;;;;;177,79;18,88;82,53;12,21;41,93;28,32;99,74;163,62;0,00;7,08
2004.0;3.0;2004-03-01;BRASPINE;SAO RAFAEL - PB;;;;;129,78;19,02;87,47;12,27;44,09;29,18;100,00;153,36;0,00;44,58
2004.0;3.0;2004-03-01;BRASPINE;SERRARIA;PR;DOUTOR ULYSSES;280,88;117,71;120,81;18,74;86,60;12,40;44,54;28,89;100,00;148,97;0,00;3,05
2004.0;3.0;2004-03-01;BRASPINE;SERRO VERDE;;;;;124,11;19,14;79,11;11,98;41,49;28,21;99,79;201,04;0,00;5,66
2004.0;3.0;2004-03-01;BRASPINE;SERTAOZINHO;PR;DOUTOR ULYSSES;16,25;16,25;113,15;18,87;86,58;12,46;43,72;28,79;100,00;165,57;0,00;2,64
2004.0;3.0;2004-03-01;BRASPINE;SITIO BASILIO;PR;JAGUARIAIVA;8,08;8,08;109,78;18,72;83,85;12,05;45,54;27,32;99,84;189,82;0,00;2,15
2004.0;3.0;2004-03-01;BRASPINE;SITIO DAS MARRECAS;PR;DOUTOR ULYSSES;77,49;35,17;126,19;19,52;86,67;13,12;44,91;30,33;100,00;126,63;0,00;2,12
2004.0;3.0;2004-03-01;BRASPINE;SOBRADINHO;SP;BOM SUCESSO DE ITARARE;285,80;123,10;134,23;18,58;86,31;11,18;40,80;28,31;100,00;220,34;0,00;45,72
2004.0;3.0;2004-03-01;BRASPINE;TAQUARAL;PR;JAGUARIAIVA;519,13;31,07;129,17;18,88;84,99;12,51;44,26;27,87;100,00;178,27;0,00;0,88
2004.0;3.0;2004-03-01;BRASPINE;TUCUNDUVA;PR;SENGES;82,21;60,89;150,61;19,48;81,21;11,66;40,67;27,93;99,79;121,93;0,00;10,99
2004.0;3.0;2004-03-01;BRASPINE;TUCUNDUVA - CHAMMA;;;;;143,79;19,49;81,49;12,20;39,75;27,95;99,79;123,47;0,00;9,46
2004.0;3.0;2004-03-01;BRASPINE;VIENA 1;PR;DOUTOR ULYSSES;263,98;178,34;114,56;18,44;86,15;11,70;45,74;28,02;100,00;247,52;0,00;3,07
2004.0;3.0;2004-03-01;BRASPINE;VIENA 2;PR;CERRO AZUL;140,23;96,54;116,74;19,87;84,77;12,72;44,12;30,65;100,00;110,88;0,00;0,86
2004.0;3.0;2004-03-01;BRASPINE;VITORIA;PR;SENGES;50,54;35,69;116,66;18,64;84,90;11,81;40,74;27,56;99,94;206,34;0,00;2,27
2004.0;3.0;2004-03-01;BRASPINE;VIVEIRO;PR;DOUTOR ULYSSES;405,39;261,22;125,52;18,87;86,58;12,46;43,72;28,79;100,00;165,57;0,00;2,64
2004.0;3.0;2004-03-01;BRASPINE;VO LINO;PR;DOUTOR ULYSSES;164,50;97,89;121,22;19,00;86,71;12,81;44,69;29,39;100,00;136,94;0,00;2,71
2004.0;3.0;2004-03-01;BRASPINE;XAXIM VELHO;;;;;130,13;18,25;81,95;10,86;40,72;28,11;100,00;262,98;0,00;3,23
2004.0;4.0;2004-04-01;BRASPINE;AGUA DOCE;PR;JAGUARIAIVA;238,97;121,99;89,08;18,51;87,20;10,29;51,32;25,25;99,95;88,97;0,00;22,31
2004.0;4.0;2004-04-01;BRASPINE;AMATA;;;;;71,78;20,15;87,06;12,61;47,98;27,81;100,00;69,29;0,00;2,98
2004.0;4.0;2004-04-01;BRASPINE;ANTA BRAVA;;;;;96,86;21,11;83,20;13,57;44,99;28,30;100,00;28,03;0,00;7,74
2004.0;4.0;2004-04-01;BRASPINE;ARAPONGAS;PR;SENGES;423,34;263,70;77,64;18,65;88,96;11,44;48,94;25,93;100,00;90,80;0,00;8,97
2004.0;4.0;2004-04-01;BRASPINE;ARROIO CLARO;PR;DOUTOR ULYSSES;275,14;92,00;73,62;18,84;88,94;12,03;48,23;26,36;100,00;92,75;0,00;5,56
2004.0;4.0;2004-04-01;BRASPINE;BARRA GRANDE;PR;DOUTOR ULYSSES;493,79;139,68;67,66;19,16;89,03;11,80;48,35;26,78;100,00;94,25;0,00;4,91
2004.0;4.0;2004-04-01;BRASPINE;BARRA GRANDE - BEMAIS;PR;GUARAPUAVA;299,16;108,61;117,20;18,09;87,36;11,02;45,90;25,70;99,99;101,12;0,00;17,94
2004.0;4.0;2004-04-01;BRASPINE;BARRETOS;PR;JAGUARIAIVA;43,35;32,98;101,99;18,62;88,34;11,33;49,83;25,49;99,95;89,97;0,00;1,83
2004.0;4.0;2004-04-01;BRASPINE;BAU;;;;;122,64;18,14;87,22;11,79;50,48;25,56;99,90;118,90;0,00;9,88
2004.0;4.0;2004-04-01;BRASPINE;BOA VISTA II;PR;PIRAI DO SUL;944,00;535,05;114,18;18,59;87,76;10,63;50,35;25,58;99,93;88,61;0,00;0,18
2004.0;4.0;2004-04-01;BRASPINE;BRASILEIRA;;;;;65,57;18,65;88,96;11,44;48,94;25,93;100,00;90,80;0,00;8,97
2004.0;4.0;2004-04-01;BRASPINE;BURACAO;;;;;76,50;18,63;87,19;10,49;49,52;25,82;99,86;87,88;0,00;1,90
2004.0;4.0;2004-04-01;BRASPINE;BURRINHO;PR;DOUTOR ULYSSES;211,01;100,37;73,19;18,84;88,94;12,03;48,23;26,36;100,00;92,75;0,00;5,56
2004.0;4.0;2004-04-01;BRASPINE;CADEADO I;PR;JAGUARIAIVA;21,07;12,29;77,39;18,46;88,65;10,47;49,42;25,49;100,00;88,41;0,00;0,27
2004.0;4.0;2004-04-01;BRASPINE;CADEADO II;PR;JAGUARIAIVA;21,88;16,79;77,39;18,46;88,65;10,47;49,42;25,49;100,00;88,41;0,00;0,27
2004.0;4.0;2004-04-01;BRASPINE;CAMPINA ALTA;PR;TIBAGI;29,77;18,24;112,36;19,57;84,61;11,90;43,14;27,47;99,87;79,53;0,00;0,46
2004.0;4.0;2004-04-01;BRASPINE;CAMPINA DO ELIAS;PR;JAGUARIAIVA;29,17;14,65;101,76;18,56;88,45;11,02;49,68;25,48;99,97;89,41;0,00;1,29
2004.0;4.0;2004-04-01;BRASPINE;CAMPO NOVO;PR;JAGUARIAIVA;295,98;156,36;88,43;18,46;88,65;10,47;49,42;25,49;100,00;88,41;0,00;0,27
2004.0;4.0;2004-04-01;BRASPINE;CONSULTORIA II A;PR;DOUTOR ULYSSES;89,62;60,79;66,69;18,65;88,96;11,44;48,94;25,93;100,00;90,80;0,00;8,97
2004.0;4.0;2004-04-01;BRASPINE;DINIZ;;;;;65,87;18,65;88,96;11,44;48,94;25,93;100,00;90,80;0,00;8,97
2004.0;4.0;2004-04-01;BRASPINE;ENES;PR;JAGUARIAIVA;5,93;5,69;90,05;18,46;88,65;10,47;49,42;25,49;100,00;88,41;0,00;0,27
2004.0;4.0;2004-04-01;BRASPINE;ENGENHARIA;;;;;65,87;18,65;88,96;11,44;48,94;25,93;100,00;90,80;0,00;8,97
2004.0;4.0;2004-04-01;BRASPINE;ESTACAO;PR;SENGES;4,76;4,14;75,74;18,46;88,65;10,47;49,42;25,49;100,00;88,41;0,00;0,27
2004.0;4.0;2004-04-01;BRASPINE;FAXINAL;PR;JAGUARIAIVA;20,65;20,65;90,05;18,46;88,65;10,47;49,42;25,49;100,00;88,41;0,00;0,27
2004.0;4.0;2004-04-01;BRASPINE;FEITAL;PR;DOUTOR ULYSSES;154,17;86,53;65,82;18,82;88,98;11,56;48,74;26,22;100,00;91,96;0,00;7,65
2004.0;4.0;2004-04-01;BRASPINE;FIGUEIRA;PR;DOUTOR ULYSSES;1053,81;315,71;68,58;18,84;88,94;12,03;48,23;26,36;100,00;92,75;0,00;5,56
2004.0;4.0;2004-04-01;BRASPINE;FIGUEIRINHA;PR;DOUTOR ULYSSES;94,37;56,74;66,21;18,84;88,94;12,03;48,23;26,36;100,00;92,75;0,00;5,56
2004.0;4.0;2004-04-01;BRASPINE;FLOEMA;PR;DOUTOR ULYSSES;2189,88;701,43;91,40;18,35;88,80;11,68;48,73;25,55;100,00;89,26;0,00;6,97
2004.0;4.0;2004-04-01;BRASPINE;FLOEMA I - SUDATI;;;;;74,11;18,65;88,96;11,44;48,94;25,93;100,00;90,80;0,00;8,97
2004.0;4.0;2004-04-01;BRASPINE;FLOEMA II - SUDATI;PR;DOUTOR ULYSSES;453,83;211,13;72,28;18,65;88,96;11,44;48,94;25,93;100,00;90,80;0,00;8,97
2004.0;4.0;2004-04-01;BRASPINE;FLOR DA SERRA;PR;SAO JOSE DA BOA VISTA;209,10;128,72;95,77;20,45;81,47;11,57;46,65;27,53;99,72;39,90;0,00;2,65
2004.0;4.0;2004-04-01;BRASPINE;GENTIL;PR;JAGUARIAIVA;126,77;53,33;89,77;18,27;86,99;10,51;51,40;24,96;99,83;87,29;0,00;0,98
2004.0;4.0;2004-04-01;BRASPINE;GUAIRACA;PR;GUARAPUAVA;623,62;169,31;110,25;18,31;86,52;11,43;43,41;26,33;99,97;100,97;0,00;20,88
2004.0;4.0;2004-04-01;BRASPINE;HERVAL 2 - MADALOSSO;;;;;80,56;18,63;87,19;10,49;49,52;25,82;99,86;87,88;0,00;1,90
2004.0;4.0;2004-04-01;BRASPINE;HERVAL DE BAIXO;PR;RESERVA;827,29;475,92;110,85;19,52;84,85;11,13;42,96;27,55;99,84;92,90;0,00;3,85
2004.0;4.0;2004-04-01;BRASPINE;HORTO 01;PR;TURVO;19,12;19,12;122,14;18,74;87,47;11,50;53,71;26,30;99,83;106,63;0,00;6,45
2004.0;4.0;2004-04-01;BRASPINE;HORTO 02;PR;TURVO;4,24;4,24;122,75;18,74;87,47;11,50;53,71;26,30;99,83;106,63;0,00;6,45
2004.0;4.0;2004-04-01;BRASPINE;HORTO 03;PR;PRUDENTOPOLIS;80,91;25,89;117,87;19,26;86,26;11,83;50,24;27,28;99,99;95,21;0,00;5,30
2004.0;4.0;2004-04-01;BRASPINE;HORTO 08;PR;TURVO;9,53;9,53;124,39;19,26;86,26;11,83;50,24;27,28;99,99;95,21;0,00;5,30
2004.0;4.0;2004-04-01;BRASPINE;HORTO 12;PR;PRUDENTOPOLIS;12,20;12,20;114,62;19,26;86,26;11,83;50,24;27,28;99,99;95,21;0,00;5,30
2004.0;4.0;2004-04-01;BRASPINE;IZAU;PR;PIRAI DO SUL;19,37;11,60;96,13;18,31;87,39;11,28;50,43;25,22;99,75;87,51;0,00;0,94
2004.0;4.0;2004-04-01;BRASPINE;JOAO RICO;PR;JAGUARIAIVA;47,46;26,18;91,38;18,51;87,20;10,29;51,32;25,25;99,95;88,97;0,00;22,31
2004.0;4.0;2004-04-01;BRASPINE;LAGOA;PR;JAGUARIAIVA;24,10;10,78;85,08;18,46;88,65;10,47;49,42;25,49;100,00;88,41;0,00;0,27
2004.0;4.0;2004-04-01;BRASPINE;MARACANA;PR;JANDAIA DO SUL;11,45;11,45;104,78;21,39;81,31;14,74;40,63;30,56;99,97;14,74;0,00;1,54
2004.0;4.0;2004-04-01;BRASPINE;MARRECA;;;;;66,98;18,84;88,94;12,03;48,23;26,36;100,00;92,75;0,00;5,56
2004.0;4.0;2004-04-01;BRASPINE;MARRECA SP;SP;ITAPIRAPUA PAULISTA;675,30;236,19;62,12;19,54;88,84;12,12;47,72;27,47;100,00;81,40;0,00;3,69
2004.0;4.0;2004-04-01;BRASPINE;MARRECAS;;;;;121,39;17,55;88,15;10,83;45,08;25,22;100,00;139,23;0,00;22,43
2004.0;4.0;2004-04-01;BRASPINE;MERCADINHO;;;;;69,78;19,42;88,00;12,03;47,82;27,05;100,00;80,57;0,00;0,01
2004.0;4.0;2004-04-01;BRASPINE;MONTE ALEGRE;;;;;106,51;21,97;79,83;15,34;39,31;31,18;99,98;0,00;0,00;4,01
2004.0;4.0;2004-04-01;BRASPINE;MONTE TABOR II;;;;;58,62;18,92;89,81;11,55;51,15;26,51;100,00;94,14;0,00;0,83
2004.0;4.0;2004-04-01;BRASPINE;MOREIRA;PR;DOUTOR ULYSSES;230,52;68,68;72,28;18,65;88,96;11,44;48,94;25,93;100,00;90,80;0,00;8,97
2004.0;4.0;2004-04-01;BRASPINE;MOREIRAS II;PR;DOUTOR ULYSSES;66,76;28,75;65,86;18,65;88,96;11,44;48,94;25,93;100,00;90,80;0,00;8,97
2004.0;4.0;2004-04-01;BRASPINE;MORRETES;PR;ORTIGUEIRA;20,36;20,36;107,66;20,03;83,85;11,17;40,71;28,37;99,81;65,29;0,00;1,03
2004.0;4.0;2004-04-01;BRASPINE;MORRO AZUL;;;;;58,17;18,94;88,98;11,00;48,22;28,03;100,00;92,18;0,00;9,09
2004.0;4.0;2004-04-01;BRASPINE;OURO FINO;SP;APIAI;51,70;51,70;69,63;18,74;89,68;11,04;49,64;26,42;100,00;91,88;0,00;4,88
2004.0;4.0;2004-04-01;BRASPINE;PALMEIRINHA DE BAIXO - SOSSEGO;PR;SENGES;85,93;9,22;74,80;18,28;87,76;10,23;50,18;24,93;99,80;102,76;0,00;324,23
2004.0;4.0;2004-04-01;BRASPINE;PAZIN;PR;DOUTOR ULYSSES;41,20;23,90;65,55;18,84;88,94;12,03;48,23;26,36;100,00;92,75;0,00;5,56
2004.0;4.0;2004-04-01;BRASPINE;PEDRAS;PR;CASTRO;7,18;7,18;100,14;18,36;87,60;10,73;51,19;25,44;99,72;86,68;0,00;7,47
2004.0;4.0;2004-04-01;BRASPINE;PESCARIA;PR;SAO JOSE DA BOA VISTA;184,57;129,22;93,89;20,56;81,31;11,90;46,77;27,80;99,72;40,58;0,00;4,38
2004.0;4.0;2004-04-01;BRASPINE;PESSEGUEIRO;PR;DOUTOR ULYSSES;109,95;64,79;78,09;18,65;88,96;11,44;48,94;25,93;100,00;90,80;0,00;8,97
2004.0;4.0;2004-04-01;BRASPINE;PITANGA;;;;;136,55;18,87;86,18;12,51;50,12;26,87;99,80;95,70;0,00;6,50
2004.0;4.0;2004-04-01;BRASPINE;QUEIMADINHO ARROIO CLARO;PR;DOUTOR ULYSSES;48,13;19,09;65,57;18,65;88,96;11,44;48,94;25,93;100,00;90,80;0,00;8,97
2004.0;4.0;2004-04-01;BRASPINE;QUEIMADINHO M6042;PR;DOUTOR ULYSSES;48,38;18,50;65,57;18,65;88,96;11,44;48,94;25,93;100,00;90,80;0,00;8,97
2004.0;4.0;2004-04-01;BRASPINE;QUEIMADINHO USUCAPIAO;PR;DOUTOR ULYSSES;200,27;92,43;65,57;18,65;88,96;11,44;48,94;25,93;100,00;90,80;0,00;8,97
2004.0;4.0;2004-04-01;BRASPINE;RAMOS;PR;SENGES;69,83;38,15;74,11;18,46;88,65;10,47;49,42;25,49;100,00;88,41;0,00;0,27
2004.0;4.0;2004-04-01;BRASPINE;RIBEIRAO GRANDE;PR;JAGUARIAIVA;20,77;20,77;87,44;18,31;87,39;11,28;50,43;25,22;99,75;87,51;0,00;0,94
2004.0;4.0;2004-04-01;BRASPINE;RINCAO DE BAIXO;;;;;83,25;18,95;83,85;11,41;44,90;26,18;99,81;91,46;0,00;1,66
2004.0;4.0;2004-04-01;BRASPINE;RIO BOMBA;PR;CERRO AZUL;65,03;37,72;77,92;19,70;87,29;11,60;48,64;27,24;99,98;81,06;0,00;1,34
2004.0;4.0;2004-04-01;BRASPINE;RIO DO MEIO;PR;DOUTOR ULYSSES;712,33;389,13;65,80;18,65;88,96;11,44;48,94;25,93;100,00;90,80;0,00;8,97
2004.0;4.0;2004-04-01;BRASPINE;RONDON;PR;JAGUARIAIVA;2899,24;1475,88;85,23;18,33;88,05;10,30;51,10;24,95;99,82;88,16;0,00;0,79
2004.0;4.0;2004-04-01;BRASPINE;SANTA FELICIDADE;;;;;59,30;19,94;88,76;11,95;47,39;28,20;100,00;67,69;0,00;1,64
2004.0;4.0;2004-04-01;BRASPINE;SANTA LIDIA DO CERCADINHO;;;;;80,58;18,61;84,11;11,23;45,66;25,63;99,83;89,80;0,00;1,11
2004.0;4.0;2004-04-01;BRASPINE;SANTO ANTONIO;;;;;75,15;18,37;87,86;10,01;48,88;25,19;100,00;87,59;0,00;7,02
2004.0;4.0;2004-04-01;BRASPINE;SAO JOSE;PR;JANDAIA DO SUL;37,56;37,56;106,41;21,79;80,16;15,16;39,88;30,95;99,99;0,00;0,00;4,39
2004.0;4.0;2004-04-01;BRASPINE;SAO MATHEUS;;;;;111,44;23,11;78,71;16,41;37,78;32,58;99,94;0,00;0,00;3,05
2004.0;4.0;2004-04-01;BRASPINE;SAO PEDRO E SAO PAULO;PR;SAPOPEMA;709,13;323,93;82,77;19,90;82,12;12,63;45,90;27,26;99,57;53,42;0,00;0,45
2004.0;4.0;2004-04-01;BRASPINE;SAO RAFAEL;;;;;87,49;18,66;85,64;11,54;49,77;25,82;99,83;74,79;0,00;0,08
2004.0;4.0;2004-04-01;BRASPINE;SAO RAFAEL - PB;;;;;62,08;18,85;89,50;11,40;49,10;26,33;100,00;92,65;0,00;5,84
2004.0;4.0;2004-04-01;BRASPINE;SERRARIA;PR;DOUTOR ULYSSES;280,88;117,71;87,72;18,60;88,87;11,85;48,48;25,95;100,00;91,00;0,00;6,28
2004.0;4.0;2004-04-01;BRASPINE;SERRO VERDE;;;;;127,47;18,49;85,95;12,17;48,33;26,16;99,91;107,41;0,00;1,77
2004.0;4.0;2004-04-01;BRASPINE;SERTAOZINHO;PR;DOUTOR ULYSSES;16,25;16,25;68,48;18,65;88,96;11,44;48,94;25,93;100,00;90,80;0,00;8,97
2004.0;4.0;2004-04-01;BRASPINE;SITIO BASILIO;PR;JAGUARIAIVA;8,08;8,08;88,35;18,33;86,92;10,21;51,64;24,99;99,94;87,68;0,00;0,32
2004.0;4.0;2004-04-01;BRASPINE;SITIO DAS MARRECAS;PR;DOUTOR ULYSSES;77,49;35,17;64,21;19,34;88,87;12,09;47,87;27,15;100,00;80,37;0,00;4,24
2004.0;4.0;2004-04-01;BRASPINE;SOBRADINHO;SP;BOM SUCESSO DE ITARARE;285,80;123,10;69,18;18,35;88,53;10,02;48,82;25,31;100,00;87,98;0,00;4,31
2004.0;4.0;2004-04-01;BRASPINE;TAQUARAL;PR;JAGUARIAIVA;519,13;31,07;94,14;18,52;87,82;10,22;51,53;25,25;99,96;74,12;0,00;332,81
2004.0;4.0;2004-04-01;BRASPINE;TUCUNDUVA;PR;SENGES;82,21;60,89;97,05;18,98;84,59;10,91;49,85;25,70;99,56;92,27;0,00;7,94
2004.0;4.0;2004-04-01;BRASPINE;TUCUNDUVA - CHAMMA;;;;;90,65;18,99;84,86;11,20;49,93;25,64;99,58;93,06;0,00;6,23
2004.0;4.0;2004-04-01;BRASPINE;VIENA 1;PR;DOUTOR ULYSSES;263,98;178,34;99,19;18,26;88,53;11,54;50,00;25,20;100,00;88,02;0,00;6,64
2004.0;4.0;2004-04-01;BRASPINE;VIENA 2;PR;CERRO AZUL;140,23;96,54;77,75;19,70;87,29;11,60;48,64;27,24;99,98;81,06;0,00;1,34
2004.0;4.0;2004-04-01;BRASPINE;VITORIA;PR;SENGES;50,54;35,69;74,80;18,28;87,76;10,23;50,18;24,93;99,80;102,76;0,00;324,23
2004.0;4.0;2004-04-01;BRASPINE;VIVEIRO;PR;DOUTOR ULYSSES;405,39;261,22;65,86;18,65;88,96;11,44;48,94;25,93;100,00;90,80;0,00;8,97
2004.0;4.0;2004-04-01;BRASPINE;VO LINO;PR;DOUTOR ULYSSES;164,50;97,89;69,40;18,84;88,94;12,03;48,23;26,36;100,00;92,75;0,00;5,56
2004.0;4.0;2004-04-01;BRASPINE;XAXIM VELHO;;;;;118,92;17,70;88,03;11,07;43,50;25,93;100,00;171,73;0,00;2,67
2004.0;5.0;2004-05-01;BRASPINE;AGUA DOCE;PR;JAGUARIAIVA;238,97;121,99;179,40;13,93;85,99;5,59;48,48;24,31;99,96;283,02;0,00;4,74
2004.0;5.0;2004-05-01;BRASPINE;AMATA;;;;;173,36;15,24;87,81;5,77;49,69;26,26;100,00;286,16;0,00;4,58
2004.0;5.0;2004-05-01;BRASPINE;ANTA BRAVA;;;;;90,50;17,08;82,59;7,87;47,25;27,48;99,34;256,67;0,00;0,14
2004.0;5.0;2004-05-01;BRASPINE;ARAPONGAS;PR;SENGES;423,34;263,70;176,11;14,15;88,08;5,54;49,15;24,66;100,00;309,66;0,00;2,75
2004.0;5.0;2004-05-01;BRASPINE;ARROIO CLARO;PR;DOUTOR ULYSSES;275,14;92,00;170,65;14,27;88,54;5,54;49,59;24,83;100,00;312,99;0,00;1,64
2004.0;5.0;2004-05-01;BRASPINE;BARRA GRANDE;PR;DOUTOR ULYSSES;493,79;139,68;164,03;14,59;88,24;5,70;48,94;25,40;100,00;303,77;0,00;4,59
2004.0;5.0;2004-05-01;BRASPINE;BARRA GRANDE - BEMAIS;PR;GUARAPUAVA;299,16;108,61;232,18;13,03;87,95;3,63;50,72;21,23;99,99;306,38;12,62;9,40
2004.0;5.0;2004-05-01;BRASPINE;BARRETOS;PR;JAGUARIAIVA;43,35;32,98;189,18;14,03;87,50;5,94;49,20;24,60;100,00;321,52;0,00;1,81
2004.0;5.0;2004-05-01;BRASPINE;BAU;;;;;276,63;12,92;88,50;2,72;49,24;21,54;99,92;294,66;12,13;3,59
2004.0;5.0;2004-05-01;BRASPINE;BOA VISTA II;PR;PIRAI DO SUL;944,00;535,05;197,15;13,97;86,85;5,70;48,45;24,55;100,00;317,31;0,00;2,67
2004.0;5.0;2004-05-01;BRASPINE;BRASILEIRA;;;;;159,97;14,15;88,08;5,54;49,15;24,66;100,00;309,66;0,00;2,75
2004.0;5.0;2004-05-01;BRASPINE;BURACAO;;;;;185,55;13,87;87,22;5,04;49,90;24,10;99,98;306,10;0,00;0,98
2004.0;5.0;2004-05-01;BRASPINE;BURRINHO;PR;DOUTOR ULYSSES;211,01;100,37;169,86;14,27;88,54;5,54;49,59;24,83;100,00;312,99;0,00;1,64
2004.0;5.0;2004-05-01;BRASPINE;CADEADO I;PR;JAGUARIAIVA;21,07;12,29;171,69;13,96;87,74;5,72;49,32;24,41;100,00;319,05;0,00;5,35
2004.0;5.0;2004-05-01;BRASPINE;CADEADO II;PR;JAGUARIAIVA;21,88;16,79;171,69;13,96;87,74;5,72;49,32;24,41;100,00;319,05;0,00;5,35
2004.0;5.0;2004-05-01;BRASPINE;CAMPINA ALTA;PR;TIBAGI;29,77;18,24;245,92;14,52;87,09;4,86;50,19;24,80;99,96;276,60;4,86;0,02
2004.0;5.0;2004-05-01;BRASPINE;CAMPINA DO ELIAS;PR;JAGUARIAIVA;29,17;14,65;190,87;14,01;87,59;5,86;49,24;24,53;100,00;320,63;0,00;0,12
2004.0;5.0;2004-05-01;BRASPINE;CAMPO NOVO;PR;JAGUARIAIVA;295,98;156,36;181,79;13,96;87,74;5,72;49,32;24,41;100,00;319,05;0,00;5,35
2004.0;5.0;2004-05-01;BRASPINE;CONSULTORIA II A;PR;DOUTOR ULYSSES;89,62;60,79;163,70;14,15;88,08;5,54;49,15;24,66;100,00;309,66;0,00;2,75
2004.0;5.0;2004-05-01;BRASPINE;DINIZ;;;;;160,92;14,15;88,08;5,54;49,15;24,66;100,00;309,66;0,00;2,75
2004.0;5.0;2004-05-01;BRASPINE;ENES;PR;JAGUARIAIVA;5,93;5,69;182,65;13,96;87,74;5,72;49,32;24,41;100,00;319,05;0,00;5,35
2004.0;5.0;2004-05-01;BRASPINE;ENGENHARIA;;;;;160,92;14,15;88,08;5,54;49,15;24,66;100,00;309,66;0,00;2,75
2004.0;5.0;2004-05-01;BRASPINE;ESTACAO;PR;SENGES;4,76;4,14;174,88;13,96;87,74;5,72;49,32;24,41;100,00;319,05;0,00;5,35
2004.0;5.0;2004-05-01;BRASPINE;FAXINAL;PR;JAGUARIAIVA;20,65;20,65;182,65;13,96;87,74;5,72;49,32;24,41;100,00;319,05;0,00;5,35
2004.0;5.0;2004-05-01;BRASPINE;FEITAL;PR;DOUTOR ULYSSES;154,17;86,53;160,91;14,30;88,14;5,60;49,08;24,91;100,00;312,71;0,00;1,04
2004.0;5.0;2004-05-01;BRASPINE;FIGUEIRA;PR;DOUTOR ULYSSES;1053,81;315,71;162,86;14,27;88,54;5,54;49,59;24,83;100,00;312,99;0,00;1,64
2004.0;5.0;2004-05-01;BRASPINE;FIGUEIRINHA;PR;DOUTOR ULYSSES;94,37;56,74;161,31;14,27;88,54;5,54;49,59;24,83;100,00;312,99;0,00;1,64
2004.0;5.0;2004-05-01;BRASPINE;FLOEMA;PR;DOUTOR ULYSSES;2189,88;701,43;177,57;13,83;88,30;4,96;48,99;24,21;100,00;316,11;4,96;1,30
2004.0;5.0;2004-05-01;BRASPINE;FLOEMA I - SUDATI;;;;;173,88;14,15;88,08;5,54;49,15;24,66;100,00;309,66;0,00;2,75
2004.0;5.0;2004-05-01;BRASPINE;FLOEMA II - SUDATI;PR;DOUTOR ULYSSES;453,83;211,13;169,21;14,15;88,08;5,54;49,15;24,66;100,00;309,66;0,00;2,75
2004.0;5.0;2004-05-01;BRASPINE;FLOR DA SERRA;PR;SAO JOSE DA BOA VISTA;209,10;128,72;133,45;15,76;81,92;5,58;45,21;26,43;99,75;264,30;0,00;7,26
2004.0;5.0;2004-05-01;BRASPINE;GENTIL;PR;JAGUARIAIVA;126,77;53,33;180,30;13,70;85,99;5,14;48,60;23,88;99,88;294,70;0,00;9,67
2004.0;5.0;2004-05-01;BRASPINE;GUAIRACA;PR;GUARAPUAVA;623,62;169,31;212,30;13,12;87,66;3,11;52,07;21,59;100,00;305,89;11,92;10,62
2004.0;5.0;2004-05-01;BRASPINE;HERVAL 2 - MADALOSSO;;;;;186,80;13,87;87,22;5,04;49,90;24,10;99,98;306,10;0,00;0,98
2004.0;5.0;2004-05-01;BRASPINE;HERVAL DE BAIXO;PR;RESERVA;827,29;475,92;284,80;14,45;87,55;3,90;50,31;24,62;99,91;270,75;17,79;3,20
2004.0;5.0;2004-05-01;BRASPINE;HORTO 01;PR;TURVO;19,12;19,12;274,04;13,64;88,01;3,31;51,31;22,46;100,00;259,41;11,61;10,67
2004.0;5.0;2004-05-01;BRASPINE;HORTO 02;PR;TURVO;4,24;4,24;273,97;13,64;88,01;3,31;51,31;22,46;100,00;259,41;11,61;10,67
2004.0;5.0;2004-05-01;BRASPINE;HORTO 03;PR;PRUDENTOPOLIS;80,91;25,89;269,39;14,05;87,47;3,72;50,44;23,01;99,96;269,19;8,52;1,89
2004.0;5.0;2004-05-01;BRASPINE;HORTO 08;PR;TURVO;9,53;9,53;260,82;14,05;87,47;3,72;50,44;23,01;99,96;269,19;8,52;1,89
2004.0;5.0;2004-05-01;BRASPINE;HORTO 12;PR;PRUDENTOPOLIS;12,20;12,20;263,58;14,05;87,47;3,72;50,44;23,01;99,96;269,19;8,52;1,89
2004.0;5.0;2004-05-01;BRASPINE;IZAU;PR;PIRAI DO SUL;19,37;11,60;196,71;13,70;86,58;5,56;48,29;23,99;99,70;298,54;0,00;1,89
2004.0;5.0;2004-05-01;BRASPINE;JOAO RICO;PR;JAGUARIAIVA;47,46;26,18;181,02;13,93;85,99;5,59;48,48;24,31;99,96;283,02;0,00;4,74
2004.0;5.0;2004-05-01;BRASPINE;LAGOA;PR;JAGUARIAIVA;24,10;10,78;176,71;13,96;87,74;5,72;49,32;24,41;100,00;319,05;0,00;5,35
2004.0;5.0;2004-05-01;BRASPINE;MARACANA;PR;JANDAIA DO SUL;11,45;11,45;222,68;16,05;85,94;7,02;50,39;25,54;100,00;254,74;0,00;1,67
2004.0;5.0;2004-05-01;BRASPINE;MARRECA;;;;;159,13;14,27;88,54;5,54;49,59;24,83;100,00;312,99;0,00;1,64
2004.0;5.0;2004-05-01;BRASPINE;MARRECA SP;SP;ITAPIRAPUA PAULISTA;675,30;236,19;163,24;14,88;88,54;4,83;49,56;25,86;100,00;263,78;4,83;1,32
2004.0;5.0;2004-05-01;BRASPINE;MARRECAS;;;;;216,74;12,54;88,45;2,69;50,81;20,68;100,00;291,79;6,13;1,54
2004.0;5.0;2004-05-01;BRASPINE;MERCADINHO;;;;;165,49;14,69;88,18;5,16;49,84;25,47;100,00;305,40;0,00;2,45
2004.0;5.0;2004-05-01;BRASPINE;MONTE ALEGRE;;;;;227,50;16,47;85,19;7,32;50,63;25,71;100,00;263,13;0,00;2,85
2004.0;5.0;2004-05-01;BRASPINE;MONTE TABOR II;;;;;155,80;14,44;89,15;4,35;51,57;24,38;100,00;312,13;4,35;10,47
2004.0;5.0;2004-05-01;BRASPINE;MOREIRA;PR;DOUTOR ULYSSES;230,52;68,68;169,21;14,15;88,08;5,54;49,15;24,66;100,00;309,66;0,00;2,75
2004.0;5.0;2004-05-01;BRASPINE;MOREIRAS II;PR;DOUTOR ULYSSES;66,76;28,75;162,88;14,15;88,08;5,54;49,15;24,66;100,00;309,66;0,00;2,75
2004.0;5.0;2004-05-01;BRASPINE;MORRETES;PR;ORTIGUEIRA;20,36;20,36;260,69;14,82;87,32;3,77;49,50;25,34;99,85;261,40;18,15;0,06
2004.0;5.0;2004-05-01;BRASPINE;MORRO AZUL;;;;;142,52;14,43;87,85;5,26;47,26;25,19;100,00;313,71;0,00;7,63
2004.0;5.0;2004-05-01;BRASPINE;OURO FINO;SP;APIAI;51,70;51,70;138,84;14,31;88,65;4,44;49,38;24,70;100,00;312,56;4,44;25,22
2004.0;5.0;2004-05-01;BRASPINE;PALMEIRINHA DE BAIXO - SOSSEGO;PR;SENGES;85,93;9,22;152,41;13,91;86,04;4,45;46,82;24,11;99,92;300,57;4,45;7,67
2004.0;5.0;2004-05-01;BRASPINE;PAZIN;PR;DOUTOR ULYSSES;41,20;23,90;160,66;14,27;88,54;5,54;49,59;24,83;100,00;312,99;0,00;1,64
2004.0;5.0;2004-05-01;BRASPINE;PEDRAS;PR;CASTRO;7,18;7,18;220,03;13,69;87,09;4,67;49,57;24,06;99,89;312,73;4,67;0,72
2004.0;5.0;2004-05-01;BRASPINE;PESCARIA;PR;SAO JOSE DA BOA VISTA;184,57;129,22;156,98;15,89;81,58;5,96;45,06;26,51;99,80;252,79;0,00;7,89
2004.0;5.0;2004-05-01;BRASPINE;PESSEGUEIRO;PR;DOUTOR ULYSSES;109,95;64,79;177,44;14,15;88,08;5,54;49,15;24,66;100,00;309,66;0,00;2,75
2004.0;5.0;2004-05-01;BRASPINE;PITANGA;;;;;300,04;13,50;88,28;3,24;49,12;22,32;99,90;293,27;7,07;7,20
2004.0;5.0;2004-05-01;BRASPINE;QUEIMADINHO ARROIO CLARO;PR;DOUTOR ULYSSES;48,13;19,09;159,97;14,15;88,08;5,54;49,15;24,66;100,00;309,66;0,00;2,75
2004.0;5.0;2004-05-01;BRASPINE;QUEIMADINHO M6042;PR;DOUTOR ULYSSES;48,38;18,50;159,97;14,15;88,08;5,54;49,15;24,66;100,00;309,66;0,00;2,75
2004.0;5.0;2004-05-01;BRASPINE;QUEIMADINHO USUCAPIAO;PR;DOUTOR ULYSSES;200,27;92,43;159,97;14,15;88,08;5,54;49,15;24,66;100,00;309,66;0,00;2,75
2004.0;5.0;2004-05-01;BRASPINE;RAMOS;PR;SENGES;69,83;38,15;173,88;13,96;87,74;5,72;49,32;24,41;100,00;319,05;0,00;5,35
2004.0;5.0;2004-05-01;BRASPINE;RIBEIRAO GRANDE;PR;JAGUARIAIVA;20,77;20,77;193,08;13,70;86,58;5,56;48,29;23,99;99,70;298,54;0,00;1,89
2004.0;5.0;2004-05-01;BRASPINE;RINCAO DE BAIXO;;;;;213,54;14,09;85,02;4,54;48,31;24,48;100,00;298,89;9,22;0,32
2004.0;5.0;2004-05-01;BRASPINE;RIO BOMBA;PR;CERRO AZUL;65,03;37,72;174,87;14,88;87,70;5,33;49,59;25,63;100,00;308,21;0,00;0,59
2004.0;5.0;2004-05-01;BRASPINE;RIO DO MEIO;PR;DOUTOR ULYSSES;712,33;389,13;162,13;14,15;88,08;5,54;49,15;24,66;100,00;309,66;0,00;2,75
2004.0;5.0;2004-05-01;BRASPINE;RONDON;PR;JAGUARIAIVA;2899,24;1475,88;155,30;13,89;86,45;5,69;48,28;24,14;99,93;298,54;0,00;0,39
2004.0;5.0;2004-05-01;BRASPINE;SANTA FELICIDADE;;;;;153,73;15,24;88,59;4,87;49,06;26,41;100,00;254,32;4,87;1,48
2004.0;5.0;2004-05-01;BRASPINE;SANTA LIDIA DO CERCADINHO;;;;;217,63;13,83;85,03;4,57;48,42;24,04;100,00;293,13;9,15;2,85
2004.0;5.0;2004-05-01;BRASPINE;SANTO ANTONIO;;;;;151,22;13,96;86,41;4,25;45,93;24,34;100,00;299,68;4,25;5,15
2004.0;5.0;2004-05-01;BRASPINE;SAO JOSE;PR;JANDAIA DO SUL;37,56;37,56;227,02;16,34;85,36;7,26;50,61;25,62;100,00;260,65;0,00;0,52
2004.0;5.0;2004-05-01;BRASPINE;SAO MATHEUS;;;;;219,24;17,29;85,02;6,90;50,87;26,52;100,00;227,13;0,00;2,11
2004.0;5.0;2004-05-01;BRASPINE;SAO PEDRO E SAO PAULO;PR;SAPOPEMA;709,13;323,93;187,28;15,05;84,42;5,85;46,90;25,25;99,81;276,97;0,00;3,32
2004.0;5.0;2004-05-01;BRASPINE;SAO RAFAEL;;;;;144,40;13,55;86,44;4,37;46,43;23,24;99,99;306,36;4,37;2,46
2004.0;5.0;2004-05-01;BRASPINE;SAO RAFAEL - PB;;;;;137,19;14,39;88,44;5,12;48,66;24,92;100,00;315,53;0,00;0,57
2004.0;5.0;2004-05-01;BRASPINE;SERRARIA;PR;DOUTOR ULYSSES;280,88;117,71;170,84;14,05;88,42;5,25;49,29;24,52;100,00;307,17;0,00;1,47
2004.0;5.0;2004-05-01;BRASPINE;SERRO VERDE;;;;;273,10;13,10;88,21;2,21;49,16;21,87;99,92;297,68;15,22;3,48
2004.0;5.0;2004-05-01;BRASPINE;SERTAOZINHO;PR;DOUTOR ULYSSES;16,25;16,25;160,86;14,15;88,08;5,54;49,15;24,66;100,00;309,66;0,00;2,75
2004.0;5.0;2004-05-01;BRASPINE;SITIO BASILIO;PR;JAGUARIAIVA;8,08;8,08;179,28;13,76;85,81;5,13;48,66;23,97;99,94;294,43;0,00;8,61
2004.0;5.0;2004-05-01;BRASPINE;SITIO DAS MARRECAS;PR;DOUTOR ULYSSES;77,49;35,17;159,95;14,70;88,54;5,03;49,76;25,56;100,00;276,09;0,00;1,75
2004.0;5.0;2004-05-01;BRASPINE;SOBRADINHO;SP;BOM SUCESSO DE ITARARE;285,80;123,10;149,78;13,96;87,20;5,09;45,95;24,34;100,00;299,80;0,00;1,31
2004.0;5.0;2004-05-01;BRASPINE;TAQUARAL;PR;JAGUARIAIVA;519,13;31,07;171,19;13,98;86,43;5,92;48,76;24,39;100,00;299,52;0,00;4,86
2004.0;5.0;2004-05-01;BRASPINE;TUCUNDUVA;PR;SENGES;82,21;60,89;172,81;14,52;83,55;4,74;46,43;24,68;99,92;294,82;4,74;35,01
2004.0;5.0;2004-05-01;BRASPINE;TUCUNDUVA - CHAMMA;;;;;170,81;14,59;83,70;5,14;46,40;24,68;99,65;300,42;0,00;36,42
2004.0;5.0;2004-05-01;BRASPINE;VIENA 1;PR;DOUTOR ULYSSES;263,98;178,34;175,95;13,73;87,99;4,86;49,80;24,12;100,00;315,90;4,86;0,49
2004.0;5.0;2004-05-01;BRASPINE;VIENA 2;PR;CERRO AZUL;140,23;96,54;174,90;14,88;87,70;5,33;49,59;25,63;100,00;308,21;0,00;0,59
2004.0;5.0;2004-05-01;BRASPINE;VITORIA;PR;SENGES;50,54;35,69;152,41;13,91;86,04;4,45;46,82;24,11;99,92;300,57;4,45;7,67
2004.0;5.0;2004-05-01;BRASPINE;VIVEIRO;PR;DOUTOR ULYSSES;405,39;261,22;162,88;14,15;88,08;5,54;49,15;24,66;100,00;309,66;0,00;2,75
2004.0;5.0;2004-05-01;BRASPINE;VO LINO;PR;DOUTOR ULYSSES;164,50;97,89;162,99;14,27;88,54;5,54;49,59;24,83;100,00;312,99;0,00;1,64
2004.0;5.0;2004-05-01;BRASPINE;XAXIM VELHO;;;;;198,64;12,60;88,58;2,21;52,66;21,32;100,00;293,34;5,59;2,07
2004.0;6.0;2004-06-01;BRASPINE;AGUA DOCE;PR;JAGUARIAIVA;238,97;121,99;103,20;13,94;82,98;0,76;41,38;21,63;99,96;285,53;2,59;0,78
2004.0;6.0;2004-06-01;BRASPINE;AMATA;;;;;98,36;14,79;86,98;2,01;45,64;24,14;100,00;263,34;4,72;3,61
2004.0;6.0;2004-06-01;BRASPINE;ANTA BRAVA;;;;;46,06;16,59;81,50;6,49;48,06;24,78;100,00;314,45;0,00;2,91
2004.0;6.0;2004-06-01;BRASPINE;ARAPONGAS;PR;SENGES;423,34;263,70;99,40;14,01;85,82;1,60;43,76;22,52;100,00;282,87;4,78;6,99
2004.0;6.0;2004-06-01;BRASPINE;ARROIO CLARO;PR;DOUTOR ULYSSES;275,14;92,00;88,99;14,05;86,79;1,69;44,20;22,84;100,00;286,13;4,25;2,85
2004.0;6.0;2004-06-01;BRASPINE;BARRA GRANDE;PR;DOUTOR ULYSSES;493,79;139,68;76,66;14,38;86,49;1,63;44,97;23,17;100,00;287,88;4,51;3,82
2004.0;6.0;2004-06-01;BRASPINE;BARRA GRANDE - BEMAIS;PR;GUARAPUAVA;299,16;108,61;133,81;12,74;86,73;0,38;42,35;21,25;100,00;262,66;4,10;16,70
2004.0;6.0;2004-06-01;BRASPINE;BARRETOS;PR;JAGUARIAIVA;43,35;32,98;106,95;14,06;84,51;2,13;42,14;22,22;100,00;272,57;4,90;1,44
2004.0;6.0;2004-06-01;BRASPINE;BAU;;;;;148,12;13,05;85,36;-0,71;41,21;21,28;99,89;286,69;4,02;6,74
2004.0;6.0;2004-06-01;BRASPINE;BOA VISTA II;PR;PIRAI DO SUL;944,00;535,05;111,81;13,98;83,72;1,11;41,26;22,06;100,00;269,56;2,90;3,09
2004.0;6.0;2004-06-01;BRASPINE;BRASILEIRA;;;;;78,54;14,01;85,82;1,60;43,76;22,52;100,00;282,87;4,78;6,99
2004.0;6.0;2004-06-01;BRASPINE;BURACAO;;;;;96,47;13,78;84,42;1,07;43,61;22,36;99,98;264,29;3,00;10,77
2004.0;6.0;2004-06-01;BRASPINE;BURRINHO;PR;DOUTOR ULYSSES;211,01;100,37;88,98;14,05;86,79;1,69;44,20;22,84;100,00;286,13;4,25;2,85
2004.0;6.0;2004-06-01;BRASPINE;CADEADO I;PR;JAGUARIAIVA;21,07;12,29;100,95;13,86;85,21;2,11;42,65;22,21;100,00;277,97;5,44;9,63
2004.0;6.0;2004-06-01;BRASPINE;CADEADO II;PR;JAGUARIAIVA;21,88;16,79;100,95;13,86;85,21;2,11;42,65;22,21;100,00;277,97;5,44;9,63
2004.0;6.0;2004-06-01;BRASPINE;CAMPINA ALTA;PR;TIBAGI;29,77;18,24;144,78;14,21;85,54;-0,29;44,80;22,59;100,00;280,61;6,41;4,09
2004.0;6.0;2004-06-01;BRASPINE;CAMPINA DO ELIAS;PR;JAGUARIAIVA;29,17;14,65;102,90;13,99;84,77;2,12;42,32;22,22;100,00;284,19;5,09;0,71
2004.0;6.0;2004-06-01;BRASPINE;CAMPO NOVO;PR;JAGUARIAIVA;295,98;156,36;103,91;13,86;85,21;2,11;42,65;22,21;100,00;277,97;5,44;9,63
2004.0;6.0;2004-06-01;BRASPINE;CONSULTORIA II A;PR;DOUTOR ULYSSES;89,62;60,79;84,52;14,01;85,82;1,60;43,76;22,52;100,00;282,87;4,78;6,99
2004.0;6.0;2004-06-01;BRASPINE;DINIZ;;;;;80,01;14,01;85,82;1,60;43,76;22,52;100,00;282,87;4,78;6,99
2004.0;6.0;2004-06-01;BRASPINE;ENES;PR;JAGUARIAIVA;5,93;5,69;104,58;13,86;85,21;2,11;42,65;22,21;100,00;277,97;5,44;9,63
2004.0;6.0;2004-06-01;BRASPINE;ENGENHARIA;;;;;80,01;14,01;85,82;1,60;43,76;22,52;100,00;282,87;4,78;6,99
2004.0;6.0;2004-06-01;BRASPINE;ESTACAO;PR;SENGES;4,76;4,14;98,35;13,86;85,21;2,11;42,65;22,21;100,00;277,97;5,44;9,63
2004.0;6.0;2004-06-01;BRASPINE;FAXINAL;PR;JAGUARIAIVA;20,65;20,65;104,58;13,86;85,21;2,11;42,65;22,21;100,00;277,97;5,44;9,63
2004.0;6.0;2004-06-01;BRASPINE;FEITAL;PR;DOUTOR ULYSSES;154,17;86,53;82,17;14,13;86,04;1,61;44,16;22,74;100,00;284,53;4,69;5,94
2004.0;6.0;2004-06-01;BRASPINE;FIGUEIRA;PR;DOUTOR ULYSSES;1053,81;315,71;87,64;14,05;86,79;1,69;44,20;22,84;100,00;286,13;4,25;2,85
2004.0;6.0;2004-06-01;BRASPINE;FIGUEIRINHA;PR;DOUTOR ULYSSES;94,37;56,74;84,30;14,05;86,79;1,69;44,20;22,84;100,00;286,13;4,25;2,85
2004.0;6.0;2004-06-01;BRASPINE;FLOEMA;PR;DOUTOR ULYSSES;2189,88;701,43;100,58;13,67;86,07;1,01;43,36;22,33;100,00;277,84;3,65;5,39
2004.0;6.0;2004-06-01;BRASPINE;FLOEMA I - SUDATI;;;;;98,15;14,01;85,82;1,60;43,76;22,52;100,00;282,87;4,78;6,99
2004.0;6.0;2004-06-01;BRASPINE;FLOEMA II - SUDATI;PR;DOUTOR ULYSSES;453,83;211,13;91,75;14,01;85,82;1,60;43,76;22,52;100,00;282,87;4,78;6,99
2004.0;6.0;2004-06-01;BRASPINE;FLOR DA SERRA;PR;SAO JOSE DA BOA VISTA;209,10;128,72;91,52;15,15;82,07;2,30;44,99;23,28;100,00;280,41;5,20;6,73
2004.0;6.0;2004-06-01;BRASPINE;GENTIL;PR;JAGUARIAIVA;126,77;53,33;111,25;13,68;82,93;0,68;41,34;21,33;99,90;279,76;2,03;0,42
2004.0;6.0;2004-06-01;BRASPINE;GUAIRACA;PR;GUARAPUAVA;623,62;169,31;137,99;12,79;86,80;-0,20;43,60;21,41;100,00;260,89;6,88;2,21
2004.0;6.0;2004-06-01;BRASPINE;HERVAL 2 - MADALOSSO;;;;;94,32;13,78;84,42;1,07;43,61;22,36;99,98;264,29;3,00;10,77
2004.0;6.0;2004-06-01;BRASPINE;HERVAL DE BAIXO;PR;RESERVA;827,29;475,92;149,76;13,99;86,31;-0,41;45,00;22,71;100,00;264,99;4,66;14,71
2004.0;6.0;2004-06-01;BRASPINE;HORTO 01;PR;TURVO;19,12;19,12;143,72;13,25;86,67;-0,18;43,84;21,84;99,87;271,53;6,96;2,81
2004.0;6.0;2004-06-01;BRASPINE;HORTO 02;PR;TURVO;4,24;4,24;144,00;13,25;86,67;-0,18;43,84;21,84;99,87;271,53;6,96;2,81
2004.0;6.0;2004-06-01;BRASPINE;HORTO 03;PR;PRUDENTOPOLIS;80,91;25,89;141,68;13,58;86,46;0,38;43,54;22,38;100,00;273,34;4,44;8,69
2004.0;6.0;2004-06-01;BRASPINE;HORTO 08;PR;TURVO;9,53;9,53;139,75;13,58;86,46;0,38;43,54;22,38;100,00;273,34;4,44;8,69
2004.0;6.0;2004-06-01;BRASPINE;HORTO 12;PR;PRUDENTOPOLIS;12,20;12,20;140,10;13,58;86,46;0,38;43,54;22,38;100,00;273,34;4,44;8,69
2004.0;6.0;2004-06-01;BRASPINE;IZAU;PR;PIRAI DO SUL;19,37;11,60;117,18;13,75;83,13;1,47;40,94;21,56;99,89;284,48;2,99;4,65
2004.0;6.0;2004-06-01;BRASPINE;JOAO RICO;PR;JAGUARIAIVA;47,46;26,18;106,58;13,94;82,98;0,76;41,38;21,63;99,96;285,53;2,59;0,78
2004.0;6.0;2004-06-01;BRASPINE;LAGOA;PR;JAGUARIAIVA;24,10;10,78;99,90;13,86;85,21;2,11;42,65;22,21;100,00;277,97;5,44;9,63
2004.0;6.0;2004-06-01;BRASPINE;MARACANA;PR;JANDAIA DO SUL;11,45;11,45;165,37;16,14;82,09;3,62;44,75;23,94;99,99;282,67;3,62;3,73
2004.0;6.0;2004-06-01;BRASPINE;MARRECA;;;;;88,02;14,05;86,79;1,69;44,20;22,84;100,00;286,13;4,25;2,85
2004.0;6.0;2004-06-01;BRASPINE;MARRECA SP;SP;ITAPIRAPUA PAULISTA;675,30;236,19;80,88;14,54;87,49;1,94;44,94;23,87;100,00;288,42;4,01;11,23
2004.0;6.0;2004-06-01;BRASPINE;MARRECAS;;;;;135,10;12,31;87,01;-0,52;41,55;20,80;100,00;253,90;5,53;1,85
2004.0;6.0;2004-06-01;BRASPINE;MERCADINHO;;;;;87,73;14,26;87,18;1,88;44,69;23,38;100,00;281,25;4,71;3,80
2004.0;6.0;2004-06-01;BRASPINE;MONTE ALEGRE;;;;;161,25;16,52;81,54;3,97;45,73;24,55;99,98;259,16;3,97;2,79
2004.0;6.0;2004-06-01;BRASPINE;MONTE TABOR II;;;;;56,09;13,91;88,49;1,24;55,61;22,75;100,00;285,88;8,05;21,28
2004.0;6.0;2004-06-01;BRASPINE;MOREIRA;PR;DOUTOR ULYSSES;230,52;68,68;91,75;14,01;85,82;1,60;43,76;22,52;100,00;282,87;4,78;6,99
2004.0;6.0;2004-06-01;BRASPINE;MOREIRAS II;PR;DOUTOR ULYSSES;66,76;28,75;83,44;14,01;85,82;1,60;43,76;22,52;100,00;282,87;4,78;6,99
2004.0;6.0;2004-06-01;BRASPINE;MORRETES;PR;ORTIGUEIRA;20,36;20,36;154,82;14,20;86,61;-0,04;45,14;23,15;100,00;262,11;4,47;4,25
2004.0;6.0;2004-06-01;BRASPINE;MORRO AZUL;;;;;72,76;14,27;85,77;1,83;46,18;22,99;100,00;285,61;4,20;43,35
2004.0;6.0;2004-06-01;BRASPINE;OURO FINO;SP;APIAI;51,70;51,70;63,93;14,05;86,84;1,66;52,94;22,73;100,00;278,57;3,78;20,31
2004.0;6.0;2004-06-01;BRASPINE;PALMEIRINHA DE BAIXO - SOSSEGO;PR;SENGES;85,93;9,22;76,63;13,88;83,16;2,26;43,86;21,71;99,87;279,47;4,80;20,35
2004.0;6.0;2004-06-01;BRASPINE;PAZIN;PR;DOUTOR ULYSSES;41,20;23,90;83,79;14,05;86,79;1,69;44,20;22,84;100,00;286,13;4,25;2,85
2004.0;6.0;2004-06-01;BRASPINE;PEDRAS;PR;CASTRO;7,18;7,18;126,22;13,70;83,84;0,30;42,83;21,72;99,98;263,25;5,62;6,62
2004.0;6.0;2004-06-01;BRASPINE;PESCARIA;PR;SAO JOSE DA BOA VISTA;184,57;129,22;91,78;15,34;81,29;2,71;43,15;23,47;100,00;281,57;6,55;4,52
2004.0;6.0;2004-06-01;BRASPINE;PESSEGUEIRO;PR;DOUTOR ULYSSES;109,95;64,79;97,32;14,01;85,82;1,60;43,76;22,52;100,00;282,87;4,78;6,99
2004.0;6.0;2004-06-01;BRASPINE;PITANGA;;;;;153,52;13,63;84,87;-0,44;42,15;21,85;99,81;283,15;5,90;6,66
2004.0;6.0;2004-06-01;BRASPINE;QUEIMADINHO ARROIO CLARO;PR;DOUTOR ULYSSES;48,13;19,09;78,54;14,01;85,82;1,60;43,76;22,52;100,00;282,87;4,78;6,99
2004.0;6.0;2004-06-01;BRASPINE;QUEIMADINHO M6042;PR;DOUTOR ULYSSES;48,38;18,50;78,54;14,01;85,82;1,60;43,76;22,52;100,00;282,87;4,78;6,99
2004.0;6.0;2004-06-01;BRASPINE;QUEIMADINHO USUCAPIAO;PR;DOUTOR ULYSSES;200,27;92,43;78,54;14,01;85,82;1,60;43,76;22,52;100,00;282,87;4,78;6,99
2004.0;6.0;2004-06-01;BRASPINE;RAMOS;PR;SENGES;69,83;38,15;98,15;13,86;85,21;2,11;42,65;22,21;100,00;277,97;5,44;9,63
2004.0;6.0;2004-06-01;BRASPINE;RIBEIRAO GRANDE;PR;JAGUARIAIVA;20,77;20,77;117,96;13,75;83,13;1,47;40,94;21,56;99,89;284,48;2,99;4,65
2004.0;6.0;2004-06-01;BRASPINE;RINCAO DE BAIXO;;;;;130,72;13,81;83,21;-0,06;43,05;21,88;99,58;272,16;5,57;14,66
2004.0;6.0;2004-06-01;BRASPINE;RIO BOMBA;PR;CERRO AZUL;65,03;37,72;100,42;14,41;86,69;2,10;46,09;23,62;99,94;282,98;5,06;8,01
2004.0;6.0;2004-06-01;BRASPINE;RIO DO MEIO;PR;DOUTOR ULYSSES;712,33;389,13;82,14;14,01;85,82;1,60;43,76;22,52;100,00;282,87;4,78;6,99
2004.0;6.0;2004-06-01;BRASPINE;RONDON;PR;JAGUARIAIVA;2899,24;1475,88;91,87;13,87;83,53;2,10;42,64;21,67;99,89;281,42;4,46;39,23
2004.0;6.0;2004-06-01;BRASPINE;SANTA FELICIDADE;;;;;75,60;14,75;88,13;1,35;45,76;24,60;100,00;285,27;7,89;6,85
2004.0;6.0;2004-06-01;BRASPINE;SANTA LIDIA DO CERCADINHO;;;;;128,74;13,57;83,02;0,10;42,95;21,54;99,77;268,64;5,61;13,26
2004.0;6.0;2004-06-01;BRASPINE;SANTO ANTONIO;;;;;79,02;13,91;83,61;2,17;45,06;22,08;100,00;279,05;4,67;21,56
2004.0;6.0;2004-06-01;BRASPINE;SAO JOSE;PR;JANDAIA DO SUL;37,56;37,56;161,49;16,41;81,64;3,89;45,52;24,37;100,00;257,28;3,89;3,06
2004.0;6.0;2004-06-01;BRASPINE;SAO MATHEUS;;;;;167,46;17,20;82,37;4,29;48,38;25,88;99,98;246,50;8,78;6,75
2004.0;6.0;2004-06-01;BRASPINE;SAO PEDRO E SAO PAULO;PR;SAPOPEMA;709,13;323,93;105,96;14,66;82,97;2,60;45,21;22,39;99,80;299,04;5,34;8,82
2004.0;6.0;2004-06-01;BRASPINE;SAO RAFAEL;;;;;109,50;13,34;84,40;-0,60;42,33;22,15;100,00;243,82;3,09;1,49
2004.0;6.0;2004-06-01;BRASPINE;SAO RAFAEL - PB;;;;;65,81;14,18;86,49;1,75;51,42;22,86;100,00;285,23;3,93;14,21
2004.0;6.0;2004-06-01;BRASPINE;SERRARIA;PR;DOUTOR ULYSSES;280,88;117,71;95,45;13,86;86,43;1,35;43,78;22,59;100,00;282,01;3,95;4,16
2004.0;6.0;2004-06-01;BRASPINE;SERRO VERDE;;;;;153,40;13,39;84,34;-1,90;41,24;21,83;99,92;282,35;3,62;18,33
2004.0;6.0;2004-06-01;BRASPINE;SERTAOZINHO;PR;DOUTOR ULYSSES;16,25;16,25;83,46;14,01;85,82;1,60;43,76;22,52;100,00;282,87;4,78;6,99
2004.0;6.0;2004-06-01;BRASPINE;SITIO BASILIO;PR;JAGUARIAIVA;8,08;8,08;103,61;13,72;82,88;0,45;41,47;21,34;99,88;279,85;1,88;0,17
2004.0;6.0;2004-06-01;BRASPINE;SITIO DAS MARRECAS;PR;DOUTOR ULYSSES;77,49;35,17;82,75;14,40;87,29;1,87;44,73;23,54;100,00;287,79;4,08;0,55
2004.0;6.0;2004-06-01;BRASPINE;SOBRADINHO;SP;BOM SUCESSO DE ITARARE;285,80;123,10;66,57;13,86;84,59;1,74;48,86;22,26;100,00;277,42;4,04;26,74
2004.0;6.0;2004-06-01;BRASPINE;TAQUARAL;PR;JAGUARIAIVA;519,13;31,07;95,79;13,99;83,46;1,13;42,10;21,78;100,00;285,61;3,31;1,79
2004.0;6.0;2004-06-01;BRASPINE;TUCUNDUVA;PR;SENGES;82,21;60,89;91,83;14,29;81,47;1,03;43,58;21,89;99,76;284,20;3,95;2,47
2004.0;6.0;2004-06-01;BRASPINE;TUCUNDUVA - CHAMMA;;;;;90,41;14,39;81,55;2,29;44,30;21,98;99,76;273,02;10,29;5,65
2004.0;6.0;2004-06-01;BRASPINE;VIENA 1;PR;DOUTOR ULYSSES;263,98;178,34;108,37;13,70;85,10;1,37;43,19;22,05;100,00;282,03;3,90;5,42
2004.0;6.0;2004-06-01;BRASPINE;VIENA 2;PR;CERRO AZUL;140,23;96,54;100,16;14,41;86,69;2,10;46,09;23,62;99,94;282,98;5,06;8,01
2004.0;6.0;2004-06-01;BRASPINE;VITORIA;PR;SENGES;50,54;35,69;76,63;13,88;83,16;2,26;43,86;21,71;99,87;279,47;4,80;20,35
2004.0;6.0;2004-06-01;BRASPINE;VIVEIRO;PR;DOUTOR ULYSSES;405,39;261,22;83,44;14,01;85,82;1,60;43,76;22,52;100,00;282,87;4,78;6,99
2004.0;6.0;2004-06-01;BRASPINE;VO LINO;PR;DOUTOR ULYSSES;164,50;97,89;88,81;14,05;86,79;1,69;44,20;22,84;100,00;286,13;4,25;2,85
2004.0;6.0;2004-06-01;BRASPINE;XAXIM VELHO;;;;;129,11;12,39;87,00;-1,48;42,96;20,93;100,00;253,00;3,99;17,83
2004.0;7.0;2004-07-01;BRASPINE;AGUA DOCE;PR;JAGUARIAIVA;238,97;121,99;100,26;13,14;85,41;4,94;44,02;22,42;99,91;304,68;9,91;0,86
2004.0;7.0;2004-07-01;BRASPINE;AMATA;;;;;111,70;14,45;86,47;7,31;41,72;25,56;100,00;330,84;0,00;2,64
2004.0;7.0;2004-07-01;BRASPINE;ANTA BRAVA;;;;;74,00;16,09;81,34;8,65;48,13;25,70;99,55;310,09;0,00;5,03
2004.0;7.0;2004-07-01;BRASPINE;ARAPONGAS;PR;SENGES;423,34;263,70;102,38;13,39;87,43;6,28;45,13;23,73;100,00;317,68;0,00;1,01
2004.0;7.0;2004-07-01;BRASPINE;ARROIO CLARO;PR;DOUTOR ULYSSES;275,14;92,00;108,04;13,50;87,80;6,35;41,95;24,31;100,00;320,92;0,00;0,19
2004.0;7.0;2004-07-01;BRASPINE;BARRA GRANDE;PR;DOUTOR ULYSSES;493,79;139,68;96,18;13,80;87,56;6,56;45,82;24,43;100,00;312,69;0,00;5,00
2004.0;7.0;2004-07-01;BRASPINE;BARRA GRANDE - BEMAIS;PR;GUARAPUAVA;299,16;108,61;133,31;12,33;87,05;2,86;44,26;22,08;100,00;266,17;22,83;1,15
2004.0;7.0;2004-07-01;BRASPINE;BARRETOS;PR;JAGUARIAIVA;43,35;32,98;107,00;13,29;86,74;5,11;43,59;23,16;99,97;283,44;0,00;0,28
2004.0;7.0;2004-07-01;BRASPINE;BAU;;;;;159,53;12,65;85,62;2,17;42,91;21,87;99,89;291,26;6,08;1,74
2004.0;7.0;2004-07-01;BRASPINE;BOA VISTA II;PR;PIRAI DO SUL;944,00;535,05;117,76;13,21;86,09;4,60;41,84;22,86;99,93;279,62;4,60;1,32
2004.0;7.0;2004-07-01;BRASPINE;BRASILEIRA;;;;;95,03;13,39;87,43;6,28;45,13;23,73;100,00;317,68;0,00;1,01
2004.0;7.0;2004-07-01;BRASPINE;BURACAO;;;;;117,44;13,22;86,13;3,72;38,59;23,65;99,87;284,36;3,72;1,12
2004.0;7.0;2004-07-01;BRASPINE;BURRINHO;PR;DOUTOR ULYSSES;211,01;100,37;107,72;13,50;87,80;6,35;41,95;24,31;100,00;320,92;0,00;0,19
2004.0;7.0;2004-07-01;BRASPINE;CADEADO I;PR;JAGUARIAIVA;21,07;12,29;105,04;13,20;87,19;5,60;44,42;23,31;100,00;293,49;0,00;0,12
2004.0;7.0;2004-07-01;BRASPINE;CADEADO II;PR;JAGUARIAIVA;21,88;16,79;105,04;13,20;87,19;5,60;44,42;23,31;100,00;293,49;0,00;0,12
2004.0;7.0;2004-07-01;BRASPINE;CAMPINA ALTA;PR;TIBAGI;29,77;18,24;140,71;14,02;83,77;3,75;43,02;23,40;99,88;295,11;7,80;4,78
2004.0;7.0;2004-07-01;BRASPINE;CAMPINA DO ELIAS;PR;JAGUARIAIVA;29,17;14,65;111,06;13,26;86,91;5,29;43,89;23,22;99,98;281,68;0,00;0,57
2004.0;7.0;2004-07-01;BRASPINE;CAMPO NOVO;PR;JAGUARIAIVA;295,98;156,36;100,72;13,20;87,19;5,60;44,42;23,31;100,00;293,49;0,00;0,12
2004.0;7.0;2004-07-01;BRASPINE;CONSULTORIA II A;PR;DOUTOR ULYSSES;89,62;60,79;100,91;13,39;87,43;6,28;45,13;23,73;100,00;317,68;0,00;1,01
2004.0;7.0;2004-07-01;BRASPINE;DINIZ;;;;;88,18;13,39;87,43;6,28;45,13;23,73;100,00;317,68;0,00;1,01
2004.0;7.0;2004-07-01;BRASPINE;ENES;PR;JAGUARIAIVA;5,93;5,69;100,57;13,20;87,19;5,60;44,42;23,31;100,00;293,49;0,00;0,12
2004.0;7.0;2004-07-01;BRASPINE;ENGENHARIA;;;;;88,18;13,39;87,43;6,28;45,13;23,73;100,00;317,68;0,00;1,01
2004.0;7.0;2004-07-01;BRASPINE;ESTACAO;PR;SENGES;4,76;4,14;110,58;13,20;87,19;5,60;44,42;23,31;100,00;293,49;0,00;0,12
2004.0;7.0;2004-07-01;BRASPINE;FAXINAL;PR;JAGUARIAIVA;20,65;20,65;100,57;13,20;87,19;5,60;44,42;23,31;100,00;293,49;0,00;0,12
2004.0;7.0;2004-07-01;BRASPINE;FEITAL;PR;DOUTOR ULYSSES;154,17;86,53;98,41;13,53;87,48;6,48;45,36;23,97;100,00;321,03;0,00;0,68
2004.0;7.0;2004-07-01;BRASPINE;FIGUEIRA;PR;DOUTOR ULYSSES;1053,81;315,71;105,50;13,50;87,80;6,35;41,95;24,31;100,00;320,92;0,00;0,19
2004.0;7.0;2004-07-01;BRASPINE;FIGUEIRINHA;PR;DOUTOR ULYSSES;94,37;56,74;104,15;13,50;87,80;6,35;41,95;24,31;100,00;320,92;0,00;0,19
2004.0;7.0;2004-07-01;BRASPINE;FLOEMA;PR;DOUTOR ULYSSES;2189,88;701,43;112,07;13,11;87,57;5,46;41,24;23,63;100,00;309,88;0,00;8,42
2004.0;7.0;2004-07-01;BRASPINE;FLOEMA I - SUDATI;;;;;110,12;13,39;87,43;6,28;45,13;23,73;100,00;317,68;0,00;1,01
2004.0;7.0;2004-07-01;BRASPINE;FLOEMA II - SUDATI;PR;DOUTOR ULYSSES;453,83;211,13;107,98;13,39;87,43;6,28;45,13;23,73;100,00;317,68;0,00;1,01
2004.0;7.0;2004-07-01;BRASPINE;FLOR DA SERRA;PR;SAO JOSE DA BOA VISTA;209,10;128,72;71,64;14,98;81,11;5,80;48,03;24,53;99,38;318,63;0,00;1,27
2004.0;7.0;2004-07-01;BRASPINE;GENTIL;PR;JAGUARIAIVA;126,77;53,33;106,53;12,91;85,39;4,21;43,51;22,12;99,83;298,28;4,21;1,47
2004.0;7.0;2004-07-01;BRASPINE;GUAIRACA;PR;GUARAPUAVA;623,62;169,31;127,23;12,41;87,10;2,55;45,54;22,22;100,00;269,94;13,94;1,17
2004.0;7.0;2004-07-01;BRASPINE;HERVAL 2 - MADALOSSO;;;;;119,00;13,22;86,13;3,72;38,59;23,65;99,87;284,36;3,72;1,12
2004.0;7.0;2004-07-01;BRASPINE;HERVAL DE BAIXO;PR;RESERVA;827,29;475,92;160,21;13,88;84,31;3,72;43,56;23,49;99,79;309,11;12,06;4,34
2004.0;7.0;2004-07-01;BRASPINE;HORTO 01;PR;TURVO;19,12;19,12;157,62;13,01;86,33;2,87;45,56;22,46;99,80;288,83;19,45;0,09
2004.0;7.0;2004-07-01;BRASPINE;HORTO 02;PR;TURVO;4,24;4,24;156,89;13,01;86,33;2,87;45,56;22,46;99,80;288,83;19,45;0,09
2004.0;7.0;2004-07-01;BRASPINE;HORTO 03;PR;PRUDENTOPOLIS;80,91;25,89;159,61;13,37;85,71;3,30;44,83;22,99;99,97;293,77;14,87;8,66
2004.0;7.0;2004-07-01;BRASPINE;HORTO 08;PR;TURVO;9,53;9,53;160,06;13,37;85,71;3,30;44,83;22,99;99,97;293,77;14,87;8,66
2004.0;7.0;2004-07-01;BRASPINE;HORTO 12;PR;PRUDENTOPOLIS;12,20;12,20;159,72;13,37;85,71;3,30;44,83;22,99;99,97;293,77;14,87;8,66
2004.0;7.0;2004-07-01;BRASPINE;IZAU;PR;PIRAI DO SUL;19,37;11,60;112,83;12,93;85,91;3,74;41,85;22,29;99,81;285,74;3,74;2,27
2004.0;7.0;2004-07-01;BRASPINE;JOAO RICO;PR;JAGUARIAIVA;47,46;26,18;104,00;13,14;85,41;4,94;44,02;22,42;99,91;304,68;9,91;0,86
2004.0;7.0;2004-07-01;BRASPINE;LAGOA;PR;JAGUARIAIVA;24,10;10,78;106,02;13,20;87,19;5,60;44,42;23,31;100,00;293,49;0,00;0,12
2004.0;7.0;2004-07-01;BRASPINE;MARACANA;PR;JANDAIA DO SUL;11,45;11,45;100,42;16,02;79,74;6,93;46,73;25,19;99,88;191,72;0,00;1,29
2004.0;7.0;2004-07-01;BRASPINE;MARRECA;;;;;103,59;13,50;87,80;6,35;41,95;24,31;100,00;320,92;0,00;0,19
2004.0;7.0;2004-07-01;BRASPINE;MARRECA SP;SP;ITAPIRAPUA PAULISTA;675,30;236,19;102,61;14,05;87,83;6,82;42,61;25,16;100,00;332,55;0,00;0,57
2004.0;7.0;2004-07-01;BRASPINE;MARRECAS;;;;;129,54;11,95;87,59;2,19;43,65;21,70;100,00;258,37;18,03;2,58
2004.0;7.0;2004-07-01;BRASPINE;MERCADINHO;;;;;107,60;13,87;87,28;6,78;41,46;24,91;100,00;327,00;0,00;1,51
2004.0;7.0;2004-07-01;BRASPINE;MONTE ALEGRE;;;;;100,54;16,44;79,02;7,02;45,61;25,68;99,70;197,66;0,00;0,73
2004.0;7.0;2004-07-01;BRASPINE;MONTE TABOR II;;;;;102,57;13,64;88,92;6,79;53,17;24,56;100,00;323,52;0,00;0,88
2004.0;7.0;2004-07-01;BRASPINE;MOREIRA;PR;DOUTOR ULYSSES;230,52;68,68;107,98;13,39;87,43;6,28;45,13;23,73;100,00;317,68;0,00;1,01
2004.0;7.0;2004-07-01;BRASPINE;MOREIRAS II;PR;DOUTOR ULYSSES;66,76;28,75;99,86;13,39;87,43;6,28;45,13;23,73;100,00;317,68;0,00;1,01
2004.0;7.0;2004-07-01;BRASPINE;MORRETES;PR;ORTIGUEIRA;20,36;20,36;133,25;14,15;84,34;3,77;44,10;24,01;99,62;312,28;13,03;0,87
2004.0;7.0;2004-07-01;BRASPINE;MORRO AZUL;;;;;81,76;13,66;87,27;6,21;50,54;23,94;100,00;307,20;0,00;1,30
2004.0;7.0;2004-07-01;BRASPINE;OURO FINO;SP;APIAI;51,70;51,70;94,35;13,55;88,17;6,27;52,63;23,95;100,00;323,09;0,00;6,89
2004.0;7.0;2004-07-01;BRASPINE;PALMEIRINHA DE BAIXO - SOSSEGO;PR;SENGES;85,93;9,22;85,60;13,12;85,91;5,40;49,39;22,52;99,86;307,35;0,00;13,25
2004.0;7.0;2004-07-01;BRASPINE;PAZIN;PR;DOUTOR ULYSSES;41,20;23,90;101,13;13,50;87,80;6,35;41,95;24,31;100,00;320,92;0,00;0,19
2004.0;7.0;2004-07-01;BRASPINE;PEDRAS;PR;CASTRO;7,18;7,18;133,76;12,93;86,28;3,36;41,86;22,33;99,85;272,29;3,36;8,61
2004.0;7.0;2004-07-01;BRASPINE;PESCARIA;PR;SAO JOSE DA BOA VISTA;184,57;129,22;83,47;15,11;80,76;5,07;47,19;24,54;99,80;306,63;0,00;9,20
2004.0;7.0;2004-07-01;BRASPINE;PESSEGUEIRO;PR;DOUTOR ULYSSES;109,95;64,79;113,73;13,39;87,43;6,28;45,13;23,73;100,00;317,68;0,00;1,01
2004.0;7.0;2004-07-01;BRASPINE;PITANGA;;;;;154,85;13,28;84,75;2,69;44,16;22,30;99,81;279,17;6,84;3,34
2004.0;7.0;2004-07-01;BRASPINE;QUEIMADINHO ARROIO CLARO;PR;DOUTOR ULYSSES;48,13;19,09;95,03;13,39;87,43;6,28;45,13;23,73;100,00;317,68;0,00;1,01
2004.0;7.0;2004-07-01;BRASPINE;QUEIMADINHO M6042;PR;DOUTOR ULYSSES;48,38;18,50;95,03;13,39;87,43;6,28;45,13;23,73;100,00;317,68;0,00;1,01
2004.0;7.0;2004-07-01;BRASPINE;QUEIMADINHO USUCAPIAO;PR;DOUTOR ULYSSES;200,27;92,43;95,03;13,39;87,43;6,28;45,13;23,73;100,00;317,68;0,00;1,01
2004.0;7.0;2004-07-01;BRASPINE;RAMOS;PR;SENGES;69,83;38,15;110,12;13,20;87,19;5,60;44,42;23,31;100,00;293,49;0,00;0,12
2004.0;7.0;2004-07-01;BRASPINE;RIBEIRAO GRANDE;PR;JAGUARIAIVA;20,77;20,77;111,25;12,93;85,91;3,74;41,85;22,29;99,81;285,74;3,74;2,27
2004.0;7.0;2004-07-01;BRASPINE;RINCAO DE BAIXO;;;;;120,59;13,46;83,11;3,71;41,74;22,59;99,88;280,56;12,44;4,94
2004.0;7.0;2004-07-01;BRASPINE;RIO BOMBA;PR;CERRO AZUL;65,03;37,72;115,26;14,08;86,60;6,43;39,38;25,25;99,99;332,40;0,00;7,48
2004.0;7.0;2004-07-01;BRASPINE;RIO DO MEIO;PR;DOUTOR ULYSSES;712,33;389,13;98,57;13,39;87,43;6,28;45,13;23,73;100,00;317,68;0,00;1,01
2004.0;7.0;2004-07-01;BRASPINE;RONDON;PR;JAGUARIAIVA;2899,24;1475,88;77,02;13,08;86,24;5,28;46,98;22,57;99,88;304,17;0,00;1,85
2004.0;7.0;2004-07-01;BRASPINE;SANTA FELICIDADE;;;;;100,02;14,37;87,88;6,92;43,43;25,74;100,00;338,89;0,00;0,49
2004.0;7.0;2004-07-01;BRASPINE;SANTA LIDIA DO CERCADINHO;;;;;119,32;13,21;83,26;3,52;41,85;22,23;99,99;290,11;12,40;4,49
2004.0;7.0;2004-07-01;BRASPINE;SANTO ANTONIO;;;;;84,48;13,19;86,17;5,91;50,45;22,82;100,00;309,26;0,00;5,11
2004.0;7.0;2004-07-01;BRASPINE;SAO JOSE;PR;JANDAIA DO SUL;37,56;37,56;100,89;16,31;79,16;6,98;45,80;25,52;99,84;195,86;0,00;1,11
2004.0;7.0;2004-07-01;BRASPINE;SAO MATHEUS;;;;;115,71;17,25;78,96;7,30;44,06;26,77;99,56;208,05;0,00;1,18
2004.0;7.0;2004-07-01;BRASPINE;SAO PEDRO E SAO PAULO;PR;SAPOPEMA;709,13;323,93;87,75;14,49;82,09;6,04;39,66;23,77;99,14;326,67;0,00;2,08
2004.0;7.0;2004-07-01;BRASPINE;SAO RAFAEL;;;;;96,01;12,87;85,63;2,23;48,49;23,42;99,63;299,65;6,81;4,43
2004.0;7.0;2004-07-01;BRASPINE;SAO RAFAEL - PB;;;;;86,17;13,63;87,95;6,28;52,30;24,01;100,00;325,32;0,00;9,63
2004.0;7.0;2004-07-01;BRASPINE;SERRARIA;PR;DOUTOR ULYSSES;280,88;117,71;106,01;13,30;87,69;5,90;41,59;23,97;100,00;315,39;0,00;7,63
2004.0;7.0;2004-07-01;BRASPINE;SERRO VERDE;;;;;171,36;12,99;84,32;2,15;43,01;22,26;99,92;256,28;6,29;2,32
2004.0;7.0;2004-07-01;BRASPINE;SERTAOZINHO;PR;DOUTOR ULYSSES;16,25;16,25;92,72;13,39;87,43;6,28;45,13;23,73;100,00;317,68;0,00;1,01
2004.0;7.0;2004-07-01;BRASPINE;SITIO BASILIO;PR;JAGUARIAIVA;8,08;8,08;100,18;12,97;85,23;4,56;44,16;22,14;99,86;299,05;9,30;2,43
2004.0;7.0;2004-07-01;BRASPINE;SITIO DAS MARRECAS;PR;DOUTOR ULYSSES;77,49;35,17;102,95;13,89;87,82;6,85;42,42;24,92;100,00;329,23;0,00;0,46
2004.0;7.0;2004-07-01;BRASPINE;SOBRADINHO;SP;BOM SUCESSO DE ITARARE;285,80;123,10;80,72;13,22;86,82;5,83;53,29;23,00;100,00;310,54;0,00;8,12
2004.0;7.0;2004-07-01;BRASPINE;TAQUARAL;PR;JAGUARIAIVA;519,13;31,07;88,98;13,18;85,99;5,16;45,17;22,60;99,97;290,65;0,00;6,76
2004.0;7.0;2004-07-01;BRASPINE;TUCUNDUVA;PR;SENGES;82,21;60,89;97,01;13,85;82,77;4,73;47,20;22,93;99,78;296,05;4,73;8,26
2004.0;7.0;2004-07-01;BRASPINE;TUCUNDUVA - CHAMMA;;;;;93,96;13,87;83,20;4,99;48,52;23,01;99,77;313,53;4,99;6,09
2004.0;7.0;2004-07-01;BRASPINE;VIENA 1;PR;DOUTOR ULYSSES;263,98;178,34;115,66;13,02;87,19;4,78;41,64;23,12;100,00;308,51;4,78;8,09
2004.0;7.0;2004-07-01;BRASPINE;VIENA 2;PR;CERRO AZUL;140,23;96,54;115,36;14,08;86,60;6,43;39,38;25,25;99,99;332,40;0,00;7,48
2004.0;7.0;2004-07-01;BRASPINE;VITORIA;PR;SENGES;50,54;35,69;85,60;13,12;85,91;5,40;49,39;22,52;99,86;307,35;0,00;13,25
2004.0;7.0;2004-07-01;BRASPINE;VIVEIRO;PR;DOUTOR ULYSSES;405,39;261,22;99,86;13,39;87,43;6,28;45,13;23,73;100,00;317,68;0,00;1,01
2004.0;7.0;2004-07-01;BRASPINE;VO LINO;PR;DOUTOR ULYSSES;164,50;97,89;105,11;13,50;87,80;6,35;41,95;24,31;100,00;320,92;0,00;0,19
2004.0;7.0;2004-07-01;BRASPINE;XAXIM VELHO;;;;;134,69;12,02;87,84;1,51;45,54;21,93;100,00;266,49;12,65;8,79
2004.0;8.0;2004-08-01;BRASPINE;AGUA DOCE;PR;JAGUARIAIVA;238,97;121,99;7,05;15,31;71,07;3,09;28,99;26,64;99,37;289,01;15,48;9,07
2004.0;8.0;2004-08-01;BRASPINE;AMATA;;;;;15,19;15,84;78,89;3,51;29,86;29,65;99,97;326,75;12,32;0,23
2004.0;8.0;2004-08-01;BRASPINE;ANTA BRAVA;;;;;7,21;17,74;70,82;7,09;30,30;29,93;98,39;291,40;0,00;0,60
2004.0;8.0;2004-08-01;BRASPINE;ARAPONGAS;PR;SENGES;423,34;263,70;7,10;14,94;77,09;3,14;28,61;27,58;99,70;301,88;10,50;2,81
2004.0;8.0;2004-08-01;BRASPINE;ARROIO CLARO;PR;DOUTOR ULYSSES;275,14;92,00;9,50;14,98;78,39;3,24;29,22;28,05;100,00;305,34;10,94;0,73
2004.0;8.0;2004-08-01;BRASPINE;BARRA GRANDE;PR;DOUTOR ULYSSES;493,79;139,68;8,38;15,28;78,16;3,41;28,23;28,53;100,00;309,27;11,30;7,84
2004.0;8.0;2004-08-01;BRASPINE;BARRA GRANDE - BEMAIS;PR;GUARAPUAVA;299,16;108,61;26,51;14,39;74,78;1,73;31,87;26,20;99,95;277,25;16,22;0,91
2004.0;8.0;2004-08-01;BRASPINE;BARRETOS;PR;JAGUARIAIVA;43,35;32,98;7,59;15,11;74,67;3,15;29,31;27,47;99,51;311,16;16,24;3,73
2004.0;8.0;2004-08-01;BRASPINE;BAU;;;;;36,66;14,64;72,15;1,17;34,55;25,77;99,81;294,37;10,04;5,38
2004.0;8.0;2004-08-01;BRASPINE;BOA VISTA II;PR;PIRAI DO SUL;944,00;535,05;8,55;15,11;73,36;2,87;29,69;27,07;99,60;297,99;11,18;2,83
2004.0;8.0;2004-08-01;BRASPINE;BRASILEIRA;;;;;7,62;14,94;77,09;3,14;28,61;27,58;99,70;301,88;10,50;2,81
2004.0;8.0;2004-08-01;BRASPINE;BURACAO;;;;;25,48;14,74;76,07;2,01;32,40;27,12;99,92;299,24;10,25;83,38
2004.0;8.0;2004-08-01;BRASPINE;BURRINHO;PR;DOUTOR ULYSSES;211,01;100,37;9,58;14,98;78,39;3,24;29,22;28,05;100,00;305,34;10,94;0,73
2004.0;8.0;2004-08-01;BRASPINE;CADEADO I;PR;JAGUARIAIVA;21,07;12,29;7,44;14,86;75,94;3,20;29,03;27,32;99,93;298,57;10,57;1,73
2004.0;8.0;2004-08-01;BRASPINE;CADEADO II;PR;JAGUARIAIVA;21,88;16,79;7,44;14,86;75,94;3,20;29,03;27,32;99,93;298,57;10,57;1,73
2004.0;8.0;2004-08-01;BRASPINE;CAMPINA ALTA;PR;TIBAGI;29,77;18,24;20,37;15,91;71,11;2,08;27,68;28,28;99,58;302,90;13,75;8,40
2004.0;8.0;2004-08-01;BRASPINE;CAMPINA DO ELIAS;PR;JAGUARIAIVA;29,17;14,65;8,15;15,02;75,13;3,23;29,21;27,42;99,65;306,62;11,02;3,03
2004.0;8.0;2004-08-01;BRASPINE;CAMPO NOVO;PR;JAGUARIAIVA;295,98;156,36;7,26;14,86;75,94;3,20;29,03;27,32;99,93;298,57;10,57;1,73
2004.0;8.0;2004-08-01;BRASPINE;CONSULTORIA II A;PR;DOUTOR ULYSSES;89,62;60,79;7,41;14,94;77,09;3,14;28,61;27,58;99,70;301,88;10,50;2,81
2004.0;8.0;2004-08-01;BRASPINE;DINIZ;;;;;7,38;14,94;77,09;3,14;28,61;27,58;99,70;301,88;10,50;2,81
2004.0;8.0;2004-08-01;BRASPINE;ENES;PR;JAGUARIAIVA;5,93;5,69;7,29;14,86;75,94;3,20;29,03;27,32;99,93;298,57;10,57;1,73
2004.0;8.0;2004-08-01;BRASPINE;ENGENHARIA;;;;;7,38;14,94;77,09;3,14;28,61;27,58;99,70;301,88;10,50;2,81
2004.0;8.0;2004-08-01;BRASPINE;ESTACAO;PR;SENGES;4,76;4,14;7,45;14,86;75,94;3,20;29,03;27,32;99,93;298,57;10,57;1,73
2004.0;8.0;2004-08-01;BRASPINE;FAXINAL;PR;JAGUARIAIVA;20,65;20,65;7,29;14,86;75,94;3,20;29,03;27,32;99,93;298,57;10,57;1,73
2004.0;8.0;2004-08-01;BRASPINE;FEITAL;PR;DOUTOR ULYSSES;154,17;86,53;8,24;15,06;77,45;3,23;28,48;27,87;99,72;304,35;10,77;1,70
2004.0;8.0;2004-08-01;BRASPINE;FIGUEIRA;PR;DOUTOR ULYSSES;1053,81;315,71;9,90;14,98;78,39;3,24;29,22;28,05;100,00;305,34;10,94;0,73
2004.0;8.0;2004-08-01;BRASPINE;FIGUEIRINHA;PR;DOUTOR ULYSSES;94,37;56,74;10,12;14,98;78,39;3,24;29,22;28,05;100,00;305,34;10,94;0,73
2004.0;8.0;2004-08-01;BRASPINE;FLOEMA;PR;DOUTOR ULYSSES;2189,88;701,43;9,72;14,64;77,02;2,51;29,64;27,35;100,00;295,72;9,45;4,67
2004.0;8.0;2004-08-01;BRASPINE;FLOEMA I - SUDATI;;;;;7,13;14,94;77,09;3,14;28,61;27,58;99,70;301,88;10,50;2,81
2004.0;8.0;2004-08-01;BRASPINE;FLOEMA II - SUDATI;PR;DOUTOR ULYSSES;453,83;211,13;7,79;14,94;77,09;3,14;28,61;27,58;99,70;301,88;10,50;2,81
2004.0;8.0;2004-08-01;BRASPINE;FLOR DA SERRA;PR;SAO JOSE DA BOA VISTA;209,10;128,72;8,33;16,65;69,60;3,18;27,49;28,40;98,52;283,32;3,18;0,87
2004.0;8.0;2004-08-01;BRASPINE;GENTIL;PR;JAGUARIAIVA;126,77;53,33;7,33;15,08;71,08;2,91;30,29;26,31;99,61;284,47;15,79;11,14
2004.0;8.0;2004-08-01;BRASPINE;GUAIRACA;PR;GUARAPUAVA;623,62;169,31;31,74;14,37;75,56;1,48;33,92;26,35;99,97;274,07;14,64;11,27
2004.0;8.0;2004-08-01;BRASPINE;HERVAL 2 - MADALOSSO;;;;;26,67;14,74;76,07;2,01;32,40;27,12;99,92;299,24;10,25;83,38
2004.0;8.0;2004-08-01;BRASPINE;HERVAL DE BAIXO;PR;RESERVA;827,29;475,92;17,26;15,74;72,15;1,92;27,76;28,02;99,91;257,44;12,70;5,36
2004.0;8.0;2004-08-01;BRASPINE;HORTO 01;PR;TURVO;19,12;19,12;25,05;14,99;73,86;1,70;32,68;26,93;99,02;265,92;9,67;0,24
2004.0;8.0;2004-08-01;BRASPINE;HORTO 02;PR;TURVO;4,24;4,24;25,07;14,99;73,86;1,70;32,68;26,93;99,02;265,92;9,67;0,24
2004.0;8.0;2004-08-01;BRASPINE;HORTO 03;PR;PRUDENTOPOLIS;80,91;25,89;23,94;15,33;73,98;2,43;30,73;27,57;99,79;274,95;7,93;6,34
2004.0;8.0;2004-08-01;BRASPINE;HORTO 08;PR;TURVO;9,53;9,53;29,38;15,33;73,98;2,43;30,73;27,57;99,79;274,95;7,93;6,34
2004.0;8.0;2004-08-01;BRASPINE;HORTO 12;PR;PRUDENTOPOLIS;12,20;12,20;22,63;15,33;73,98;2,43;30,73;27,57;99,79;274,95;7,93;6,34
2004.0;8.0;2004-08-01;BRASPINE;IZAU;PR;PIRAI DO SUL;19,37;11,60;8,99;15,03;72,21;2,73;31,07;26,75;99,67;285,99;10,87;1,78
2004.0;8.0;2004-08-01;BRASPINE;JOAO RICO;PR;JAGUARIAIVA;47,46;26,18;7,20;15,31;71,07;3,09;28,99;26,64;99,37;289,01;15,48;9,07
2004.0;8.0;2004-08-01;BRASPINE;LAGOA;PR;JAGUARIAIVA;24,10;10,78;7,61;14,86;75,94;3,20;29,03;27,32;99,93;298,57;10,57;1,73
2004.0;8.0;2004-08-01;BRASPINE;MARACANA;PR;JANDAIA DO SUL;11,45;11,45;6,58;18,39;63,08;4,60;25,54;30,45;94,66;244,78;4,60;2,75
2004.0;8.0;2004-08-01;BRASPINE;MARRECA;;;;;10,67;14,98;78,39;3,24;29,22;28,05;100,00;305,34;10,94;0,73
2004.0;8.0;2004-08-01;BRASPINE;MARRECA SP;SP;ITAPIRAPUA PAULISTA;675,30;236,19;8,43;15,45;79,63;3,10;28,82;29,29;100,00;314,19;11,41;0,90
2004.0;8.0;2004-08-01;BRASPINE;MARRECAS;;;;;31,54;13,95;75,08;1,40;32,50;25,54;100,00;268,59;13,78;14,51
2004.0;8.0;2004-08-01;BRASPINE;MERCADINHO;;;;;11,32;15,32;78,83;3,15;29,15;28,87;99,94;310,46;11,72;4,20
2004.0;8.0;2004-08-01;BRASPINE;MONTE ALEGRE;;;;;6,05;18,73;63,06;4,97;26,44;30,86;97,95;249,94;4,97;0,90
2004.0;8.0;2004-08-01;BRASPINE;MONTE TABOR II;;;;;9,32;14,83;82,52;2,97;29,92;27,64;100,00;304,05;10,92;3,40
2004.0;8.0;2004-08-01;BRASPINE;MOREIRA;PR;DOUTOR ULYSSES;230,52;68,68;7,79;14,94;77,09;3,14;28,61;27,58;99,70;301,88;10,50;2,81
2004.0;8.0;2004-08-01;BRASPINE;MOREIRAS II;PR;DOUTOR ULYSSES;66,76;28,75;7,36;14,94;77,09;3,14;28,61;27,58;99,70;301,88;10,50;2,81
2004.0;8.0;2004-08-01;BRASPINE;MORRETES;PR;ORTIGUEIRA;20,36;20,36;15,64;16,00;72,72;2,07;27,75;28,58;99,62;269,95;13,39;1,88
2004.0;8.0;2004-08-01;BRASPINE;MORRO AZUL;;;;;7,88;15,20;77,22;3,32;27,45;28,06;100,00;306,19;12,02;4,26
2004.0;8.0;2004-08-01;BRASPINE;OURO FINO;SP;APIAI;51,70;51,70;11,15;14,86;79,79;3,30;28,79;27,65;99,98;302,06;11,06;1,23
2004.0;8.0;2004-08-01;BRASPINE;PALMEIRINHA DE BAIXO - SOSSEGO;PR;SENGES;85,93;9,22;6,58;15,01;72,72;2,99;26,65;26,70;99,48;285,45;20,19;1,80
2004.0;8.0;2004-08-01;BRASPINE;PAZIN;PR;DOUTOR ULYSSES;41,20;23,90;8,82;14,98;78,39;3,24;29,22;28,05;100,00;305,34;10,94;0,73
2004.0;8.0;2004-08-01;BRASPINE;PEDRAS;PR;CASTRO;7,18;7,18;13,82;14,75;74,11;2,50;33,55;26,33;99,93;285,67;10,73;4,70
2004.0;8.0;2004-08-01;BRASPINE;PESCARIA;PR;SAO JOSE DA BOA VISTA;184,57;129,22;8,13;16,86;68,74;3,52;25,38;28,63;99,18;272,85;3,52;0,23
2004.0;8.0;2004-08-01;BRASPINE;PESSEGUEIRO;PR;DOUTOR ULYSSES;109,95;64,79;8,30;14,94;77,09;3,14;28,61;27,58;99,70;301,88;10,50;2,81
2004.0;8.0;2004-08-01;BRASPINE;PITANGA;;;;;19,26;15,35;70,79;1,61;32,68;26,72;99,79;280,16;11,60;1,62
2004.0;8.0;2004-08-01;BRASPINE;QUEIMADINHO ARROIO CLARO;PR;DOUTOR ULYSSES;48,13;19,09;7,62;14,94;77,09;3,14;28,61;27,58;99,70;301,88;10,50;2,81
2004.0;8.0;2004-08-01;BRASPINE;QUEIMADINHO M6042;PR;DOUTOR ULYSSES;48,38;18,50;7,62;14,94;77,09;3,14;28,61;27,58;99,70;301,88;10,50;2,81
2004.0;8.0;2004-08-01;BRASPINE;QUEIMADINHO USUCAPIAO;PR;DOUTOR ULYSSES;200,27;92,43;7,62;14,94;77,09;3,14;28,61;27,58;99,70;301,88;10,50;2,81
2004.0;8.0;2004-08-01;BRASPINE;RAMOS;PR;SENGES;69,83;38,15;7,13;14,86;75,94;3,20;29,03;27,32;99,93;298,57;10,57;1,73
2004.0;8.0;2004-08-01;BRASPINE;RIBEIRAO GRANDE;PR;JAGUARIAIVA;20,77;20,77;8,43;15,03;72,21;2,73;31,07;26,75;99,67;285,99;10,87;1,78
2004.0;8.0;2004-08-01;BRASPINE;RINCAO DE BAIXO;;;;;17,88;15,37;70,09;3,36;30,09;26,95;99,99;286,53;15,58;0,28
2004.0;8.0;2004-08-01;BRASPINE;RIO BOMBA;PR;CERRO AZUL;65,03;37,72;11,47;15,51;78,31;3,42;30,00;29,00;99,92;314,84;11,91;3,90
2004.0;8.0;2004-08-01;BRASPINE;RIO DO MEIO;PR;DOUTOR ULYSSES;712,33;389,13;7,42;14,94;77,09;3,14;28,61;27,58;99,70;301,88;10,50;2,81
2004.0;8.0;2004-08-01;BRASPINE;RONDON;PR;JAGUARIAIVA;2899,24;1475,88;6,72;14,99;73,13;3,02;28,31;26,65;99,73;287,68;20,05;3,76
2004.0;8.0;2004-08-01;BRASPINE;SANTA FELICIDADE;;;;;9,22;15,70;80,60;3,65;28,38;30,01;100,00;317,00;11,69;0,24
2004.0;8.0;2004-08-01;BRASPINE;SANTA LIDIA DO CERCADINHO;;;;;17,18;15,13;69,95;3,39;30,39;26,45;99,99;284,77;15,66;1,30
2004.0;8.0;2004-08-01;BRASPINE;SANTO ANTONIO;;;;;7,03;14,94;73,78;3,56;26,60;26,91;99,39;298,75;20,56;8,72
2004.0;8.0;2004-08-01;BRASPINE;SAO JOSE;PR;JANDAIA DO SUL;37,56;37,56;6,13;18,62;63,06;4,88;26,34;30,69;97,77;248,53;4,88;0,68
2004.0;8.0;2004-08-01;BRASPINE;SAO MATHEUS;;;;;5,62;19,35;64,71;6,10;27,29;31,64;98,92;220,41;0,00;4,03
2004.0;8.0;2004-08-01;BRASPINE;SAO PEDRO E SAO PAULO;PR;SAPOPEMA;709,13;323,93;8,04;16,43;67,94;5,29;26,80;28,12;96,29;284,57;0,00;7,03
2004.0;8.0;2004-08-01;BRASPINE;SAO RAFAEL;;;;;27,00;14,50;77,69;2,10;33,59;26,63;99,98;295,96;8,37;9,56
2004.0;8.0;2004-08-01;BRASPINE;SAO RAFAEL - PB;;;;;9,06;15,01;79,06;3,40;28,15;27,88;99,98;305,98;11,59;3,46
2004.0;8.0;2004-08-01;BRASPINE;SERRARIA;PR;DOUTOR ULYSSES;280,88;117,71;9,27;14,81;77,71;2,91;29,43;27,66;100,00;300,57;10,20;0,34
2004.0;8.0;2004-08-01;BRASPINE;SERRO VERDE;;;;;41,85;14,96;71,21;1,14;34,12;26,07;99,90;289,53;9,49;4,83
2004.0;8.0;2004-08-01;BRASPINE;SERTAOZINHO;PR;DOUTOR ULYSSES;16,25;16,25;7,18;14,94;77,09;3,14;28,61;27,58;99,70;301,88;10,50;2,81
2004.0;8.0;2004-08-01;BRASPINE;SITIO BASILIO;PR;JAGUARIAIVA;8,08;8,08;7,05;15,16;70,72;3,02;29,70;26,26;99,53;285,26;15,43;10,07
2004.0;8.0;2004-08-01;BRASPINE;SITIO DAS MARRECAS;PR;DOUTOR ULYSSES;77,49;35,17;9,13;15,31;79,28;3,14;28,93;28,94;99,72;311,67;11,28;0,91
2004.0;8.0;2004-08-01;BRASPINE;SOBRADINHO;SP;BOM SUCESSO DE ITARARE;285,80;123,10;7,57;14,78;75,81;3,57;27,71;26,91;99,93;294,58;16,60;7,50
2004.0;8.0;2004-08-01;BRASPINE;TAQUARAL;PR;JAGUARIAIVA;519,13;31,07;7,19;15,20;72,35;3,18;29,05;26,74;99,49;299,46;15,38;7,26
2004.0;8.0;2004-08-01;BRASPINE;TUCUNDUVA;PR;SENGES;82,21;60,89;7,87;15,62;69,71;2,10;26,84;26,90;98,86;292,86;15,43;0,05
2004.0;8.0;2004-08-01;BRASPINE;TUCUNDUVA - CHAMMA;;;;;7,35;15,68;70,22;2,86;26,36;27,05;99,29;296,77;17,21;3,23
2004.0;8.0;2004-08-01;BRASPINE;VIENA 1;PR;DOUTOR ULYSSES;263,98;178,34;9,79;14,62;76,05;2,29;31,02;26,80;99,99;296,14;8,94;0,86
2004.0;8.0;2004-08-01;BRASPINE;VIENA 2;PR;CERRO AZUL;140,23;96,54;11,43;15,51;78,31;3,42;30,00;29,00;99,92;314,84;11,91;3,90
2004.0;8.0;2004-08-01;BRASPINE;VITORIA;PR;SENGES;50,54;35,69;6,58;15,01;72,72;2,99;26,65;26,70;99,48;285,45;20,19;1,80
2004.0;8.0;2004-08-01;BRASPINE;VIVEIRO;PR;DOUTOR ULYSSES;405,39;261,22;7,36;14,94;77,09;3,14;28,61;27,58;99,70;301,88;10,50;2,81
2004.0;8.0;2004-08-01;BRASPINE;VO LINO;PR;DOUTOR ULYSSES;164,50;97,89;10,40;14,98;78,39;3,24;29,22;28,05;100,00;305,34;10,94;0,73
2004.0;8.0;2004-08-01;BRASPINE;XAXIM VELHO;;;;;38,19;13,87;76,53;1,05;34,80;25,49;100,00;265,25;6,70;0,39
2004.0;9.0;2004-09-01;BRASPINE;AGUA DOCE;PR;JAGUARIAIVA;238,97;121,99;41,71;19,38;70,18;9,38;24,88;30,03;99,82;190,79;0,00;2,80
2004.0;9.0;2004-09-01;BRASPINE;AMATA;;;;;43,53;20,22;75,14;7,26;22,94;32,96;99,98;190,30;0,00;5,05
2004.0;9.0;2004-09-01;BRASPINE;ANTA BRAVA;;;;;10,46;22,61;62,49;12,49;19,03;34,76;97,57;70,22;0,00;6,60
2004.0;9.0;2004-09-01;BRASPINE;ARAPONGAS;PR;SENGES;423,34;263,70;37,18;19,08;75,26;10,38;21,83;31,12;100,00;235,33;0,00;2,71
2004.0;9.0;2004-09-01;BRASPINE;ARROIO CLARO;PR;DOUTOR ULYSSES;275,14;92,00;33,58;19,13;76,42;10,31;22,33;31,81;100,00;250,60;0,00;0,46
2004.0;9.0;2004-09-01;BRASPINE;BARRA GRANDE;PR;DOUTOR ULYSSES;493,79;139,68;32,54;19,46;76,27;10,75;22,12;31,85;100,00;226,08;0,00;0,41
2004.0;9.0;2004-09-01;BRASPINE;BARRA GRANDE - BEMAIS;PR;GUARAPUAVA;299,16;108,61;46,42;18,40;74,18;6,10;27,70;29,00;99,97;202,53;0,00;6,52
2004.0;9.0;2004-09-01;BRASPINE;BARRETOS;PR;JAGUARIAIVA;43,35;32,98;36,04;19,32;73,02;9,94;21,99;30,97;99,98;176,07;0,00;0,41
2004.0;9.0;2004-09-01;BRASPINE;BAU;;;;;74,65;18,58;72,73;5,83;29,16;28,62;99,84;168,63;0,00;2,40
2004.0;9.0;2004-09-01;BRASPINE;BOA VISTA II;PR;PIRAI DO SUL;944,00;535,05;42,42;19,34;72,05;9,79;24,55;30,50;99,92;175,60;0,00;3,00
2004.0;9.0;2004-09-01;BRASPINE;BRASILEIRA;;;;;32,57;19,08;75,26;10,38;21,83;31,12;100,00;235,33;0,00;2,71
2004.0;9.0;2004-09-01;BRASPINE;BURACAO;;;;;52,13;18,80;75,51;8,87;26,82;30,76;99,83;258,31;0,00;10,12
2004.0;9.0;2004-09-01;BRASPINE;BURRINHO;PR;DOUTOR ULYSSES;211,01;100,37;33,49;19,13;76,42;10,31;22,33;31,81;100,00;250,60;0,00;0,46
2004.0;9.0;2004-09-01;BRASPINE;CADEADO I;PR;JAGUARIAIVA;21,07;12,29;38,91;19,01;74,15;10,10;21,64;30,73;100,00;233,47;0,00;5,27
2004.0;9.0;2004-09-01;BRASPINE;CADEADO II;PR;JAGUARIAIVA;21,88;16,79;38,91;19,01;74,15;10,10;21,64;30,73;100,00;233,47;0,00;5,27
2004.0;9.0;2004-09-01;BRASPINE;CAMPINA ALTA;PR;TIBAGI;29,77;18,24;54,20;20,06;69,74;7,20;22,22;31,46;99,75;183,19;0,00;13,82
2004.0;9.0;2004-09-01;BRASPINE;CAMPINA DO ELIAS;PR;JAGUARIAIVA;29,17;14,65;39,72;19,21;73,43;10,00;21,86;30,86;99,99;190,54;0,00;0,56
2004.0;9.0;2004-09-01;BRASPINE;CAMPO NOVO;PR;JAGUARIAIVA;295,98;156,36;36,15;19,01;74,15;10,10;21,64;30,73;100,00;233,47;0,00;5,27
2004.0;9.0;2004-09-01;BRASPINE;CONSULTORIA II A;PR;DOUTOR ULYSSES;89,62;60,79;37,05;19,08;75,26;10,38;21,83;31,12;100,00;235,33;0,00;2,71
2004.0;9.0;2004-09-01;BRASPINE;DINIZ;;;;;31,74;19,08;75,26;10,38;21,83;31,12;100,00;235,33;0,00;2,71
2004.0;9.0;2004-09-01;BRASPINE;ENES;PR;JAGUARIAIVA;5,93;5,69;36,02;19,01;74,15;10,10;21,64;30,73;100,00;233,47;0,00;5,27
2004.0;9.0;2004-09-01;BRASPINE;ENGENHARIA;;;;;31,74;19,08;75,26;10,38;21,83;31,12;100,00;235,33;0,00;2,71
2004.0;9.0;2004-09-01;BRASPINE;ESTACAO;PR;SENGES;4,76;4,14;38,48;19,01;74,15;10,10;21,64;30,73;100,00;233,47;0,00;5,27
2004.0;9.0;2004-09-01;BRASPINE;FAXINAL;PR;JAGUARIAIVA;20,65;20,65;36,02;19,01;74,15;10,10;21,64;30,73;100,00;233,47;0,00;5,27
2004.0;9.0;2004-09-01;BRASPINE;FEITAL;PR;DOUTOR ULYSSES;154,17;86,53;34,92;19,20;75,60;10,50;21,93;31,32;100,00;237,30;0,00;1,66
2004.0;9.0;2004-09-01;BRASPINE;FIGUEIRA;PR;DOUTOR ULYSSES;1053,81;315,71;34,34;19,13;76,42;10,31;22,33;31,81;100,00;250,60;0,00;0,46
2004.0;9.0;2004-09-01;BRASPINE;FIGUEIRINHA;PR;DOUTOR ULYSSES;94,37;56,74;31,26;19,13;76,42;10,31;22,33;31,81;100,00;250,60;0,00;0,46
2004.0;9.0;2004-09-01;BRASPINE;FLOEMA;PR;DOUTOR ULYSSES;2189,88;701,43;36,41;18,74;75,31;10,03;22,33;31,15;100,00;288,39;0,00;5,08
2004.0;9.0;2004-09-01;BRASPINE;FLOEMA I - SUDATI;;;;;39,29;19,08;75,26;10,38;21,83;31,12;100,00;235,33;0,00;2,71
2004.0;9.0;2004-09-01;BRASPINE;FLOEMA II - SUDATI;PR;DOUTOR ULYSSES;453,83;211,13;36,92;19,08;75,26;10,38;21,83;31,12;100,00;235,33;0,00;2,71
2004.0;9.0;2004-09-01;BRASPINE;FLOR DA SERRA;PR;SAO JOSE DA BOA VISTA;209,10;128,72;23,49;21,21;65,03;10,27;23,31;32,86;99,42;161,81;0,00;2,99
2004.0;9.0;2004-09-01;BRASPINE;GENTIL;PR;JAGUARIAIVA;126,77;53,33;47,59;19,07;70,24;9,27;25,55;29,62;99,53;201,18;0,00;3,86
2004.0;9.0;2004-09-01;BRASPINE;GUAIRACA;PR;GUARAPUAVA;623,62;169,31;49,61;18,45;75,06;5,72;28,77;29,18;99,98;188,27;0,00;24,02
2004.0;9.0;2004-09-01;BRASPINE;HERVAL 2 - MADALOSSO;;;;;52,08;18,80;75,51;8,87;26,82;30,76;99,83;258,31;0,00;10,12
2004.0;9.0;2004-09-01;BRASPINE;HERVAL DE BAIXO;PR;RESERVA;827,29;475,92;56,46;19,95;70,51;7,01;23,00;31,35;99,68;223,34;0,00;7,99
2004.0;9.0;2004-09-01;BRASPINE;HORTO 01;PR;TURVO;19,12;19,12;59,99;19,27;72,67;5,88;27,13;29,83;99,90;192,33;0,00;1,40
2004.0;9.0;2004-09-01;BRASPINE;HORTO 02;PR;TURVO;4,24;4,24;61,24;19,27;72,67;5,88;27,13;29,83;99,90;192,33;0,00;1,40
2004.0;9.0;2004-09-01;BRASPINE;HORTO 03;PR;PRUDENTOPOLIS;80,91;25,89;52,43;19,65;72,68;6,68;25,78;30,58;99,84;183,23;0,00;341,47
2004.0;9.0;2004-09-01;BRASPINE;HORTO 08;PR;TURVO;9,53;9,53;51,26;19,65;72,68;6,68;25,78;30,58;99,84;183,23;0,00;341,47
2004.0;9.0;2004-09-01;BRASPINE;HORTO 12;PR;PRUDENTOPOLIS;12,20;12,20;47,12;19,65;72,68;6,68;25,78;30,58;99,84;183,23;0,00;341,47
2004.0;9.0;2004-09-01;BRASPINE;IZAU;PR;PIRAI DO SUL;19,37;11,60;45,28;19,12;71,20;9,74;24,20;29,97;99,54;186,34;0,00;5,18
2004.0;9.0;2004-09-01;BRASPINE;JOAO RICO;PR;JAGUARIAIVA;47,46;26,18;44,39;19,38;70,18;9,38;24,88;30,03;99,82;190,79;0,00;2,80
2004.0;9.0;2004-09-01;BRASPINE;LAGOA;PR;JAGUARIAIVA;24,10;10,78;37,78;19,01;74,15;10,10;21,64;30,73;100,00;233,47;0,00;5,27
2004.0;9.0;2004-09-01;BRASPINE;MARACANA;PR;JANDAIA DO SUL;11,45;11,45;72,21;23,05;56,48;10,95;18,48;34,49;99,98;75,27;0,00;6,42
2004.0;9.0;2004-09-01;BRASPINE;MARRECA;;;;;32,26;19,13;76,42;10,31;22,33;31,81;100,00;250,60;0,00;0,46
2004.0;9.0;2004-09-01;BRASPINE;MARRECA SP;SP;ITAPIRAPUA PAULISTA;675,30;236,19;29,65;19,68;77,32;9,67;22,98;32,40;100,00;242,44;0,00;0,61
2004.0;9.0;2004-09-01;BRASPINE;MARRECAS;;;;;56,41;17,90;74,72;5,72;28,51;28,36;100,00;213,92;0,00;2,05
2004.0;9.0;2004-09-01;BRASPINE;MERCADINHO;;;;;31,82;19,63;75,80;7,68;21,89;32,48;100,00;240,69;0,00;4,03
2004.0;9.0;2004-09-01;BRASPINE;MONTE ALEGRE;;;;;71,26;23,43;56,52;11,26;19,05;34,99;99,93;47,48;0,00;8,18
2004.0;9.0;2004-09-01;BRASPINE;MONTE TABOR II;;;;;37,13;18,88;79,94;9,30;25,33;32,38;100,00;265,76;0,00;6,50
2004.0;9.0;2004-09-01;BRASPINE;MOREIRA;PR;DOUTOR ULYSSES;230,52;68,68;36,92;19,08;75,26;10,38;21,83;31,12;100,00;235,33;0,00;2,71
2004.0;9.0;2004-09-01;BRASPINE;MOREIRAS II;PR;DOUTOR ULYSSES;66,76;28,75;37,07;19,08;75,26;10,38;21,83;31,12;100,00;235,33;0,00;2,71
2004.0;9.0;2004-09-01;BRASPINE;MORRETES;PR;ORTIGUEIRA;20,36;20,36;48,53;20,39;70,45;7,42;23,88;32,05;99,73;256,39;0,00;1,30
2004.0;9.0;2004-09-01;BRASPINE;MORRO AZUL;;;;;34,85;19,32;75,52;10,02;20,83;31,54;100,00;223,53;0,00;6,96
2004.0;9.0;2004-09-01;BRASPINE;OURO FINO;SP;APIAI;51,70;51,70;34,74;18,84;78,04;9,68;23,62;31,44;100,00;264,32;0,00;2,31
2004.0;9.0;2004-09-01;BRASPINE;PALMEIRINHA DE BAIXO - SOSSEGO;PR;SENGES;85,93;9,22;31,33;19,05;71,08;9,43;19,84;30,22;99,85;248,41;0,00;1,77
2004.0;9.0;2004-09-01;BRASPINE;PAZIN;PR;DOUTOR ULYSSES;41,20;23,90;34,63;19,13;76,42;10,31;22,33;31,81;100,00;250,60;0,00;0,46
2004.0;9.0;2004-09-01;BRASPINE;PEDRAS;PR;CASTRO;7,18;7,18;52,51;18,90;73,48;9,51;27,37;29,80;99,54;230,78;0,00;1,39
2004.0;9.0;2004-09-01;BRASPINE;PESCARIA;PR;SAO JOSE DA BOA VISTA;184,57;129,22;22,17;21,37;64,83;11,35;22,65;32,83;99,35;191,45;0,00;4,26
2004.0;9.0;2004-09-01;BRASPINE;PESSEGUEIRO;PR;DOUTOR ULYSSES;109,95;64,79;36,23;19,08;75,26;10,38;21,83;31,12;100,00;235,33;0,00;2,71
2004.0;9.0;2004-09-01;BRASPINE;PITANGA;;;;;63,23;19,42;70,59;5,67;26,37;29,75;99,79;116,26;0,00;0,55
2004.0;9.0;2004-09-01;BRASPINE;QUEIMADINHO ARROIO CLARO;PR;DOUTOR ULYSSES;48,13;19,09;32,57;19,08;75,26;10,38;21,83;31,12;100,00;235,33;0,00;2,71
2004.0;9.0;2004-09-01;BRASPINE;QUEIMADINHO M6042;PR;DOUTOR ULYSSES;48,38;18,50;32,57;19,08;75,26;10,38;21,83;31,12;100,00;235,33;0,00;2,71
2004.0;9.0;2004-09-01;BRASPINE;QUEIMADINHO USUCAPIAO;PR;DOUTOR ULYSSES;200,27;92,43;32,57;19,08;75,26;10,38;21,83;31,12;100,00;235,33;0,00;2,71
2004.0;9.0;2004-09-01;BRASPINE;RAMOS;PR;SENGES;69,83;38,15;39,29;19,01;74,15;10,10;21,64;30,73;100,00;233,47;0,00;5,27
2004.0;9.0;2004-09-01;BRASPINE;RIBEIRAO GRANDE;PR;JAGUARIAIVA;20,77;20,77;48,69;19,12;71,20;9,74;24,20;29,97;99,54;186,34;0,00;5,18
2004.0;9.0;2004-09-01;BRASPINE;RINCAO DE BAIXO;;;;;54,77;19,44;68,79;7,80;21,80;30,31;99,47;235,47;0,00;11,04
2004.0;9.0;2004-09-01;BRASPINE;RIO BOMBA;PR;CERRO AZUL;65,03;37,72;40,31;19,87;75,04;8,69;22,88;32,66;99,95;245,11;0,00;11,73
2004.0;9.0;2004-09-01;BRASPINE;RIO DO MEIO;PR;DOUTOR ULYSSES;712,33;389,13;35,88;19,08;75,26;10,38;21,83;31,12;100,00;235,33;0,00;2,71
2004.0;9.0;2004-09-01;BRASPINE;RONDON;PR;JAGUARIAIVA;2899,24;1475,88;32,54;19,08;71,59;9,78;22,00;30,12;99,87;234,32;0,00;0,28
2004.0;9.0;2004-09-01;BRASPINE;SANTA FELICIDADE;;;;;30,86;19,95;78,03;8,41;23,30;33,04;100,00;243,90;0,00;1,53
2004.0;9.0;2004-09-01;BRASPINE;SANTA LIDIA DO CERCADINHO;;;;;54,93;19,12;68,70;7,49;22,25;29,78;99,42;231,74;0,00;9,93
2004.0;9.0;2004-09-01;BRASPINE;SANTO ANTONIO;;;;;31,90;18,99;72,13;8,95;19,68;30,40;100,00;261,88;0,00;10,02
2004.0;9.0;2004-09-01;BRASPINE;SAO JOSE;PR;JANDAIA DO SUL;37,56;37,56;72,22;23,29;56,57;11,20;19,06;34,77;100,00;61,97;0,00;7,77
2004.0;9.0;2004-09-01;BRASPINE;SAO MATHEUS;;;;;56,38;24,21;58,03;10,46;20,30;36,11;99,92;63,06;0,00;8,33
2004.0;9.0;2004-09-01;BRASPINE;SAO PEDRO E SAO PAULO;PR;SAPOPEMA;709,13;323,93;44,17;20,69;64,39;9,43;23,91;32,14;99,43;191,56;0,00;1,03
2004.0;9.0;2004-09-01;BRASPINE;SAO RAFAEL;;;;;68,52;18,33;77,36;7,80;28,79;30,23;99,75;242,26;0,00;6,45
2004.0;9.0;2004-09-01;BRASPINE;SAO RAFAEL - PB;;;;;34,09;19,02;77,38;9,80;22,56;31,46;100,00;251,97;0,00;2,80
2004.0;9.0;2004-09-01;BRASPINE;SERRARIA;PR;DOUTOR ULYSSES;280,88;117,71;36,03;18,93;75,87;10,22;22,33;31,48;100,00;262,10;0,00;2,74
2004.0;9.0;2004-09-01;BRASPINE;SERRO VERDE;;;;;73,87;18,94;71,71;7,07;28,16;29,22;99,86;128,30;0,00;3,64
2004.0;9.0;2004-09-01;BRASPINE;SERTAOZINHO;PR;DOUTOR ULYSSES;16,25;16,25;31,82;19,08;75,26;10,38;21,83;31,12;100,00;235,33;0,00;2,71
2004.0;9.0;2004-09-01;BRASPINE;SITIO BASILIO;PR;JAGUARIAIVA;8,08;8,08;41,77;19,14;69,92;9,15;25,79;29,62;99,61;202,41;0,00;2,11
2004.0;9.0;2004-09-01;BRASPINE;SITIO DAS MARRECAS;PR;DOUTOR ULYSSES;77,49;35,17;31,20;19,52;77,06;9,87;22,80;32,23;100,00;240,52;0,00;8,58
2004.0;9.0;2004-09-01;BRASPINE;SOBRADINHO;SP;BOM SUCESSO DE ITARARE;285,80;123,10;33,55;18,78;74,20;8,70;21,09;30,49;100,00;259,87;0,00;0,61
2004.0;9.0;2004-09-01;BRASPINE;TAQUARAL;PR;JAGUARIAIVA;519,13;31,07;33,91;19,34;71,13;9,76;24,02;30,23;99,97;191,53;0,00;1,69
2004.0;9.0;2004-09-01;BRASPINE;TUCUNDUVA;PR;SENGES;82,21;60,89;30,35;19,74;67,73;9,16;22,93;30,55;99,52;243,70;0,00;1,07
2004.0;9.0;2004-09-01;BRASPINE;TUCUNDUVA - CHAMMA;;;;;24,46;19,80;68,20;10,13;20,91;30,69;99,53;230,49;0,00;8,14
2004.0;9.0;2004-09-01;BRASPINE;VIENA 1;PR;DOUTOR ULYSSES;263,98;178,34;40,48;18,69;74,71;9,79;24,83;30,36;100,00;287,94;0,00;6,37
2004.0;9.0;2004-09-01;BRASPINE;VIENA 2;PR;CERRO AZUL;140,23;96,54;40,26;19,87;75,04;8,69;22,88;32,66;99,95;245,11;0,00;11,73
2004.0;9.0;2004-09-01;BRASPINE;VITORIA;PR;SENGES;50,54;35,69;31,33;19,05;71,08;9,43;19,84;30,22;99,85;248,41;0,00;1,77
2004.0;9.0;2004-09-01;BRASPINE;VIVEIRO;PR;DOUTOR ULYSSES;405,39;261,22;37,07;19,08;75,26;10,38;21,83;31,12;100,00;235,33;0,00;2,71
2004.0;9.0;2004-09-01;BRASPINE;VO LINO;PR;DOUTOR ULYSSES;164,50;97,89;32,77;19,13;76,42;10,31;22,33;31,81;100,00;250,60;0,00;0,46
2004.0;9.0;2004-09-01;BRASPINE;XAXIM VELHO;;;;;71,68;17,82;76,84;5,80;30,93;28,43;100,00;211,58;0,00;3,72
2004.0;10.0;2004-10-01;BRASPINE;AGUA DOCE;PR;JAGUARIAIVA;238,97;121,99;198,19;17,43;80,33;7,30;32,12;27,62;99,85;234,88;0,00;6,88
2004.0;10.0;2004-10-01;BRASPINE;AMATA;;;;;202,17;18,73;79,34;8,45;28,46;30,54;100,00;194,37;0,00;1,66
2004.0;10.0;2004-10-01;BRASPINE;ANTA BRAVA;;;;;191,50;20,02;77,35;10,34;27,66;31,04;99,54;166,20;0,00;19,59
2004.0;10.0;2004-10-01;BRASPINE;ARAPONGAS;PR;SENGES;423,34;263,70;196,97;17,37;82,45;7,66;30,05;28,50;100,00;256,03;0,00;0,15
2004.0;10.0;2004-10-01;BRASPINE;ARROIO CLARO;PR;DOUTOR ULYSSES;275,14;92,00;201,28;17,50;82,46;7,88;29,31;29,20;100,00;246,27;0,00;2,38
2004.0;10.0;2004-10-01;BRASPINE;BARRA GRANDE;PR;DOUTOR ULYSSES;493,79;139,68;191,82;17,75;82,49;7,98;29,51;29,08;100,00;219,06;0,00;1,42
2004.0;10.0;2004-10-01;BRASPINE;BARRA GRANDE - BEMAIS;PR;GUARAPUAVA;299,16;108,61;278,77;17,08;80,09;7,65;33,07;27,02;99,99;247,52;0,00;5,35
2004.0;10.0;2004-10-01;BRASPINE;BARRETOS;PR;JAGUARIAIVA;43,35;32,98;210,87;17,38;81,80;7,23;30,32;28,12;99,99;249,98;0,00;1,46
2004.0;10.0;2004-10-01;BRASPINE;BAU;;;;;297,00;17,19;79,36;7,29;32,86;26,82;99,89;219,61;0,00;0,77
2004.0;10.0;2004-10-01;BRASPINE;BOA VISTA II;PR;PIRAI DO SUL;944,00;535,05;218,08;17,41;81,01;7,06;30,98;27,89;99,97;231,45;0,00;337,18
2004.0;10.0;2004-10-01;BRASPINE;BRASILEIRA;;;;;188,33;17,37;82,45;7,66;30,05;28,50;100,00;256,03;0,00;0,15
2004.0;10.0;2004-10-01;BRASPINE;BURACAO;;;;;206,74;17,44;80,10;7,44;29,42;29,05;99,83;253,18;0,00;0,10
2004.0;10.0;2004-10-01;BRASPINE;BURRINHO;PR;DOUTOR ULYSSES;211,01;100,37;200,35;17,50;82,46;7,88;29,31;29,20;100,00;246,27;0,00;2,38
2004.0;10.0;2004-10-01;BRASPINE;CADEADO I;PR;JAGUARIAIVA;21,07;12,29;190,90;17,23;82,13;7,38;30,49;28,18;100,00;265,24;0,00;2,94
2004.0;10.0;2004-10-01;BRASPINE;CADEADO II;PR;JAGUARIAIVA;21,88;16,79;190,90;17,23;82,13;7,38;30,49;28,18;100,00;265,24;0,00;2,94
2004.0;10.0;2004-10-01;BRASPINE;CAMPINA ALTA;PR;TIBAGI;29,77;18,24;262,80;18,87;77,16;8,40;26,37;29,96;99,91;198,45;0,00;5,14
2004.0;10.0;2004-10-01;BRASPINE;CAMPINA DO ELIAS;PR;JAGUARIAIVA;29,17;14,65;204,59;17,33;81,92;7,29;30,38;28,14;99,99;265,11;0,00;0,70
2004.0;10.0;2004-10-01;BRASPINE;CAMPO NOVO;PR;JAGUARIAIVA;295,98;156,36;195,81;17,23;82,13;7,38;30,49;28,18;100,00;265,24;0,00;2,94
2004.0;10.0;2004-10-01;BRASPINE;CONSULTORIA II A;PR;DOUTOR ULYSSES;89,62;60,79;189,24;17,37;82,45;7,66;30,05;28,50;100,00;256,03;0,00;0,15
2004.0;10.0;2004-10-01;BRASPINE;DINIZ;;;;;187,08;17,37;82,45;7,66;30,05;28,50;100,00;256,03;0,00;0,15
2004.0;10.0;2004-10-01;BRASPINE;ENES;PR;JAGUARIAIVA;5,93;5,69;195,62;17,23;82,13;7,38;30,49;28,18;100,00;265,24;0,00;2,94
2004.0;10.0;2004-10-01;BRASPINE;ENGENHARIA;;;;;187,08;17,37;82,45;7,66;30,05;28,50;100,00;256,03;0,00;0,15
2004.0;10.0;2004-10-01;BRASPINE;ESTACAO;PR;SENGES;4,76;4,14;196,48;17,23;82,13;7,38;30,49;28,18;100,00;265,24;0,00;2,94
2004.0;10.0;2004-10-01;BRASPINE;FAXINAL;PR;JAGUARIAIVA;20,65;20,65;195,62;17,23;82,13;7,38;30,49;28,18;100,00;265,24;0,00;2,94
2004.0;10.0;2004-10-01;BRASPINE;FEITAL;PR;DOUTOR ULYSSES;154,17;86,53;188,86;17,50;82,46;7,77;29,87;28,63;100,00;243,85;0,00;3,23
2004.0;10.0;2004-10-01;BRASPINE;FIGUEIRA;PR;DOUTOR ULYSSES;1053,81;315,71;187,20;17,50;82,46;7,88;29,31;29,20;100,00;246,27;0,00;2,38
2004.0;10.0;2004-10-01;BRASPINE;FIGUEIRINHA;PR;DOUTOR ULYSSES;94,37;56,74;193,52;17,50;82,46;7,88;29,31;29,20;100,00;246,27;0,00;2,38
2004.0;10.0;2004-10-01;BRASPINE;FLOEMA;PR;DOUTOR ULYSSES;2189,88;701,43;200,65;17,12;82,26;7,46;29,69;28,74;100,00;265,04;0,00;7,61
2004.0;10.0;2004-10-01;BRASPINE;FLOEMA I - SUDATI;;;;;199,12;17,37;82,45;7,66;30,05;28,50;100,00;256,03;0,00;0,15
2004.0;10.0;2004-10-01;BRASPINE;FLOEMA II - SUDATI;PR;DOUTOR ULYSSES;453,83;211,13;196,83;17,37;82,45;7,66;30,05;28,50;100,00;256,03;0,00;0,15
2004.0;10.0;2004-10-01;BRASPINE;FLOR DA SERRA;PR;SAO JOSE DA BOA VISTA;209,10;128,72;163,66;19,52;75,53;9,71;31,88;29,64;99,55;202,50;0,00;0,38
2004.0;10.0;2004-10-01;BRASPINE;GENTIL;PR;JAGUARIAIVA;126,77;53,33;210,46;17,24;80,28;7,23;32,10;27,63;99,64;245,90;0,00;0,79
2004.0;10.0;2004-10-01;BRASPINE;GUAIRACA;PR;GUARAPUAVA;623,62;169,31;279,43;17,14;80,25;7,39;34,29;27,26;99,99;231,43;0,00;2,26
2004.0;10.0;2004-10-01;BRASPINE;HERVAL 2 - MADALOSSO;;;;;210,48;17,44;80,10;7,44;29,42;29,05;99,83;253,18;0,00;0,10
2004.0;10.0;2004-10-01;BRASPINE;HERVAL DE BAIXO;PR;RESERVA;827,29;475,92;257,47;18,84;77,39;8,51;25,83;30,05;99,84;211,99;0,00;0,67
2004.0;10.0;2004-10-01;BRASPINE;HORTO 01;PR;TURVO;19,12;19,12;270,61;17,84;79,82;8,18;31,68;27,84;99,70;210,11;0,00;8,13
2004.0;10.0;2004-10-01;BRASPINE;HORTO 02;PR;TURVO;4,24;4,24;270,88;17,84;79,82;8,18;31,68;27,84;99,70;210,11;0,00;8,13
2004.0;10.0;2004-10-01;BRASPINE;HORTO 03;PR;PRUDENTOPOLIS;80,91;25,89;272,44;18,31;78,88;8,80;29,88;28,45;99,98;219,89;0,00;2,56
2004.0;10.0;2004-10-01;BRASPINE;HORTO 08;PR;TURVO;9,53;9,53;274,97;18,31;78,88;8,80;29,88;28,45;99,98;219,89;0,00;2,56
2004.0;10.0;2004-10-01;BRASPINE;HORTO 12;PR;PRUDENTOPOLIS;12,20;12,20;275,46;18,31;78,88;8,80;29,88;28,45;99,98;219,89;0,00;2,56
2004.0;10.0;2004-10-01;BRASPINE;IZAU;PR;PIRAI DO SUL;19,37;11,60;221,86;17,19;80,93;7,01;30,93;27,82;99,63;259,53;0,00;1,38
2004.0;10.0;2004-10-01;BRASPINE;JOAO RICO;PR;JAGUARIAIVA;47,46;26,18;205,37;17,43;80,33;7,30;32,12;27,62;99,85;234,88;0,00;6,88
2004.0;10.0;2004-10-01;BRASPINE;LAGOA;PR;JAGUARIAIVA;24,10;10,78;194,88;17,23;82,13;7,38;30,49;28,18;100,00;265,24;0,00;2,94
2004.0;10.0;2004-10-01;BRASPINE;MARACANA;PR;JANDAIA DO SUL;11,45;11,45;291,92;20,66;74,58;11,90;23,22;32,06;99,98;163,09;0,00;4,02
2004.0;10.0;2004-10-01;BRASPINE;MARRECA;;;;;188,56;17,50;82,46;7,88;29,31;29,20;100,00;246,27;0,00;2,38
2004.0;10.0;2004-10-01;BRASPINE;MARRECA SP;SP;ITAPIRAPUA PAULISTA;675,30;236,19;198,59;18,07;82,28;7,94;29,10;29,59;100,00;210,36;0,00;0,67
2004.0;10.0;2004-10-01;BRASPINE;MARRECAS;;;;;280,73;16,55;80,73;7,04;34,69;26,46;100,00;249,01;0,00;7,51
2004.0;10.0;2004-10-01;BRASPINE;MERCADINHO;;;;;191,01;18,05;80,99;7,92;28,48;29,92;100,00;210,79;0,00;7,46
2004.0;10.0;2004-10-01;BRASPINE;MONTE ALEGRE;;;;;307,95;21,15;73,77;12,44;23,31;32,48;99,88;138,16;0,00;0,60
2004.0;10.0;2004-10-01;BRASPINE;MONTE TABOR II;;;;;163,52;17,44;83,65;7,50;31,21;29,83;100,00;236,84;0,00;0,24
2004.0;10.0;2004-10-01;BRASPINE;MOREIRA;PR;DOUTOR ULYSSES;230,52;68,68;196,83;17,37;82,45;7,66;30,05;28,50;100,00;256,03;0,00;0,15
2004.0;10.0;2004-10-01;BRASPINE;MOREIRAS II;PR;DOUTOR ULYSSES;66,76;28,75;188,14;17,37;82,45;7,66;30,05;28,50;100,00;256,03;0,00;0,15
2004.0;10.0;2004-10-01;BRASPINE;MORRETES;PR;ORTIGUEIRA;20,36;20,36;260,48;19,28;77,14;8,65;25,04;30,69;99,81;202,40;0,00;4,67
2004.0;10.0;2004-10-01;BRASPINE;MORRO AZUL;;;;;203,47;17,51;82,55;7,82;28,83;29,68;100,00;258,03;0,00;26,85
2004.0;10.0;2004-10-01;BRASPINE;OURO FINO;SP;APIAI;51,70;51,70;180,73;17,27;83,59;7,79;29,69;29,51;100,00;230,14;0,00;14,70
2004.0;10.0;2004-10-01;BRASPINE;PALMEIRINHA DE BAIXO - SOSSEGO;PR;SENGES;85,93;9,22;191,70;17,17;81,22;7,44;31,35;27,70;99,86;264,94;0,00;2,76
2004.0;10.0;2004-10-01;BRASPINE;PAZIN;PR;DOUTOR ULYSSES;41,20;23,90;191,00;17,50;82,46;7,88;29,31;29,20;100,00;246,27;0,00;2,38
2004.0;10.0;2004-10-01;BRASPINE;PEDRAS;PR;CASTRO;7,18;7,18;226,07;17,21;81,12;6,89;32,48;27,67;100,00;227,24;0,00;0,69
2004.0;10.0;2004-10-01;BRASPINE;PESCARIA;PR;SAO JOSE DA BOA VISTA;184,57;129,22;171,78;19,61;75,27;9,76;31,68;29,87;99,56;187,84;0,00;0,52
2004.0;10.0;2004-10-01;BRASPINE;PESSEGUEIRO;PR;DOUTOR ULYSSES;109,95;64,79;192,59;17,37;82,45;7,66;30,05;28,50;100,00;256,03;0,00;0,15
2004.0;10.0;2004-10-01;BRASPINE;PITANGA;;;;;297,95;17,92;78,70;8,05;32,32;27,58;99,93;217,31;0,00;0,24
2004.0;10.0;2004-10-01;BRASPINE;QUEIMADINHO ARROIO CLARO;PR;DOUTOR ULYSSES;48,13;19,09;188,33;17,37;82,45;7,66;30,05;28,50;100,00;256,03;0,00;0,15
2004.0;10.0;2004-10-01;BRASPINE;QUEIMADINHO M6042;PR;DOUTOR ULYSSES;48,38;18,50;188,33;17,37;82,45;7,66;30,05;28,50;100,00;256,03;0,00;0,15
2004.0;10.0;2004-10-01;BRASPINE;QUEIMADINHO USUCAPIAO;PR;DOUTOR ULYSSES;200,27;92,43;188,33;17,37;82,45;7,66;30,05;28,50;100,00;256,03;0,00;0,15
2004.0;10.0;2004-10-01;BRASPINE;RAMOS;PR;SENGES;69,83;38,15;199,12;17,23;82,13;7,38;30,49;28,18;100,00;265,24;0,00;2,94
2004.0;10.0;2004-10-01;BRASPINE;RIBEIRAO GRANDE;PR;JAGUARIAIVA;20,77;20,77;218,12;17,19;80,93;7,01;30,93;27,82;99,63;259,53;0,00;1,38
2004.0;10.0;2004-10-01;BRASPINE;RINCAO DE BAIXO;;;;;243,27;18,14;76,94;8,23;29,57;29,00;99,70;216,01;0,00;5,35
2004.0;10.0;2004-10-01;BRASPINE;RIO BOMBA;PR;CERRO AZUL;65,03;37,72;195,17;18,41;79,53;8,21;28,92;30,41;99,99;202,65;0,00;2,50
2004.0;10.0;2004-10-01;BRASPINE;RIO DO MEIO;PR;DOUTOR ULYSSES;712,33;389,13;188,19;17,37;82,45;7,66;30,05;28,50;100,00;256,03;0,00;0,15
2004.0;10.0;2004-10-01;BRASPINE;RONDON;PR;JAGUARIAIVA;2899,24;1475,88;188,12;17,21;81,37;7,32;32,57;27,38;99,89;264,87;0,00;2,97
2004.0;10.0;2004-10-01;BRASPINE;SANTA FELICIDADE;;;;;194,87;18,41;82,13;8,37;28,77;30,95;100,00;202,45;0,00;0,10
2004.0;10.0;2004-10-01;BRASPINE;SANTA LIDIA DO CERCADINHO;;;;;245,03;17,81;77,18;8,15;29,75;28,64;99,87;211,14;0,00;4,46
2004.0;10.0;2004-10-01;BRASPINE;SANTO ANTONIO;;;;;197,54;17,16;81,33;7,42;29,39;28,34;100,00;263,82;0,00;1,56
2004.0;10.0;2004-10-01;BRASPINE;SAO JOSE;PR;JANDAIA DO SUL;37,56;37,56;306,86;20,99;73,96;12,31;23,40;32,31;99,94;136,72;0,00;1,45
2004.0;10.0;2004-10-01;BRASPINE;SAO MATHEUS;;;;;313,62;22,21;72,97;13,39;22,43;33,65;99,87;84,91;0,00;3,64
2004.0;10.0;2004-10-01;BRASPINE;SAO PEDRO E SAO PAULO;PR;SAPOPEMA;709,13;323,93;207,74;19,02;76,77;9,49;29,19;29,99;99,69;207,55;0,00;2,52
2004.0;10.0;2004-10-01;BRASPINE;SAO RAFAEL;;;;;203,37;17,09;79,68;7,10;30,52;28,43;99,55;261,96;0,00;2,07
2004.0;10.0;2004-10-01;BRASPINE;SAO RAFAEL - PB;;;;;191,76;17,37;83,35;7,86;29,19;29,67;100,00;230,79;0,00;17,67
2004.0;10.0;2004-10-01;BRASPINE;SERRARIA;PR;DOUTOR ULYSSES;280,88;117,71;199,02;17,31;82,36;7,67;29,50;28,97;100,00;270,88;0,00;2,30
2004.0;10.0;2004-10-01;BRASPINE;SERRO VERDE;;;;;309,78;17,53;78,12;7,29;30,89;27,43;99,98;209,49;0,00;3,36
2004.0;10.0;2004-10-01;BRASPINE;SERTAOZINHO;PR;DOUTOR ULYSSES;16,25;16,25;186,94;17,37;82,45;7,66;30,05;28,50;100,00;256,03;0,00;0,15
2004.0;10.0;2004-10-01;BRASPINE;SITIO BASILIO;PR;JAGUARIAIVA;8,08;8,08;198,20;17,30;80,09;7,31;32,47;27,57;99,68;232,40;0,00;0,30
2004.0;10.0;2004-10-01;BRASPINE;SITIO DAS MARRECAS;PR;DOUTOR ULYSSES;77,49;35,17;195,53;17,91;82,33;7,92;29,16;29,47;100,00;222,89;0,00;1,22
2004.0;10.0;2004-10-01;BRASPINE;SOBRADINHO;SP;BOM SUCESSO DE ITARARE;285,80;123,10;202,70;17,05;82,22;7,16;28,84;28,68;100,00;264,00;0,00;32,56
2004.0;10.0;2004-10-01;BRASPINE;TAQUARAL;PR;JAGUARIAIVA;519,13;31,07;189,37;17,38;80,97;7,26;32,59;27,48;100,00;235,73;0,00;2,94
2004.0;10.0;2004-10-01;BRASPINE;TUCUNDUVA;PR;SENGES;82,21;60,89;195,11;18,07;77,86;8,28;32,76;27,98;99,56;220,67;0,00;0,10
2004.0;10.0;2004-10-01;BRASPINE;TUCUNDUVA - CHAMMA;;;;;191,66;18,04;78,36;8,29;32,73;28,17;99,60;207,29;0,00;1,20
2004.0;10.0;2004-10-01;BRASPINE;VIENA 1;PR;DOUTOR ULYSSES;263,98;178,34;208,26;17,03;82,10;7,16;31,23;28,12;100,00;260,65;0,00;1,60
2004.0;10.0;2004-10-01;BRASPINE;VIENA 2;PR;CERRO AZUL;140,23;96,54;195,42;18,41;79,53;8,21;28,92;30,41;99,99;202,65;0,00;2,50
2004.0;10.0;2004-10-01;BRASPINE;VITORIA;PR;SENGES;50,54;35,69;191,70;17,17;81,22;7,44;31,35;27,70;99,86;264,94;0,00;2,76
2004.0;10.0;2004-10-01;BRASPINE;VIVEIRO;PR;DOUTOR ULYSSES;405,39;261,22;188,14;17,37;82,45;7,66;30,05;28,50;100,00;256,03;0,00;0,15
2004.0;10.0;2004-10-01;BRASPINE;VO LINO;PR;DOUTOR ULYSSES;164,50;97,89;192,20;17,50;82,46;7,88;29,31;29,20;100,00;246,27;0,00;2,38
2004.0;10.0;2004-10-01;BRASPINE;XAXIM VELHO;;;;;272,09;16,52;81,46;6,58;38,70;26,68;100,00;247,68;0,00;1,00
2004.0;11.0;2004-11-01;BRASPINE;AGUA DOCE;PR;JAGUARIAIVA;238,97;121,99;137,79;18,55;81,82;10,69;42,27;28,02;99,86;222,04;0,00;1,69
2004.0;11.0;2004-11-01;BRASPINE;AMATA;;;;;140,99;20,07;80,80;13,55;38,69;31,31;100,00;158,91;0,00;4,10
2004.0;11.0;2004-11-01;BRASPINE;ANTA BRAVA;;;;;135,09;21,37;78,02;13,42;33,15;31,36;98,83;56,51;0,00;0,05
2004.0;11.0;2004-11-01;BRASPINE;ARAPONGAS;PR;SENGES;423,34;263,70;133,02;18,63;83,23;11,90;40,62;29,09;100,00;198,27;0,00;2,20
2004.0;11.0;2004-11-01;BRASPINE;ARROIO CLARO;PR;DOUTOR ULYSSES;275,14;92,00;142,99;18,81;82,99;12,28;39,67;29,60;100,00;187,28;0,00;4,01
2004.0;11.0;2004-11-01;BRASPINE;BARRA GRANDE;PR;DOUTOR ULYSSES;493,79;139,68;151,08;19,10;83,23;12,37;39,54;30,12;100,00;175,66;0,00;5,74
2004.0;11.0;2004-11-01;BRASPINE;BARRA GRANDE - BEMAIS;PR;GUARAPUAVA;299,16;108,61;153,25;18,07;82,35;9,00;38,52;27,65;99,99;212,41;0,00;5,10
2004.0;11.0;2004-11-01;BRASPINE;BARRETOS;PR;JAGUARIAIVA;43,35;32,98;128,33;18,58;82,85;11,39;42,01;28,75;100,00;223,60;0,00;3,21
2004.0;11.0;2004-11-01;BRASPINE;BAU;;;;;197,30;18,07;82,46;7,95;42,40;27,00;99,89;181,80;0,00;2,07
2004.0;11.0;2004-11-01;BRASPINE;BOA VISTA II;PR;PIRAI DO SUL;944,00;535,05;125,41;18,57;82,31;10,61;42,13;28,44;100,00;220,95;0,00;5,08
2004.0;11.0;2004-11-01;BRASPINE;BRASILEIRA;;;;;149,28;18,63;83,23;11,90;40,62;29,09;100,00;198,27;0,00;2,20
2004.0;11.0;2004-11-01;BRASPINE;BURACAO;;;;;129,32;18,51;81,62;10,90;41,61;28,57;99,86;209,81;0,00;0,59
2004.0;11.0;2004-11-01;BRASPINE;BURRINHO;PR;DOUTOR ULYSSES;211,01;100,37;143,20;18,81;82,99;12,28;39,67;29,60;100,00;187,28;0,00;4,01
2004.0;11.0;2004-11-01;BRASPINE;CADEADO I;PR;JAGUARIAIVA;21,07;12,29;129,80;18,45;82,98;11,46;41,32;28,60;100,00;223,92;0,00;0,62
2004.0;11.0;2004-11-01;BRASPINE;CADEADO II;PR;JAGUARIAIVA;21,88;16,79;129,80;18,45;82,98;11,46;41,32;28,60;100,00;223,92;0,00;0,62
2004.0;11.0;2004-11-01;BRASPINE;CAMPINA ALTA;PR;TIBAGI;29,77;18,24;141,81;19,69;80,55;9,92;41,70;29,27;99,90;173,37;0,00;0,15
2004.0;11.0;2004-11-01;BRASPINE;CAMPINA DO ELIAS;PR;JAGUARIAIVA;29,17;14,65;128,67;18,53;82,90;11,42;41,83;28,70;100,00;223,70;0,00;2,33
2004.0;11.0;2004-11-01;BRASPINE;CAMPO NOVO;PR;JAGUARIAIVA;295,98;156,36;131,62;18,45;82,98;11,46;41,32;28,60;100,00;223,92;0,00;0,62
2004.0;11.0;2004-11-01;BRASPINE;CONSULTORIA II A;PR;DOUTOR ULYSSES;89,62;60,79;144,70;18,63;83,23;11,90;40,62;29,09;100,00;198,27;0,00;2,20
2004.0;11.0;2004-11-01;BRASPINE;DINIZ;;;;;144,46;18,63;83,23;11,90;40,62;29,09;100,00;198,27;0,00;2,20
2004.0;11.0;2004-11-01;BRASPINE;ENES;PR;JAGUARIAIVA;5,93;5,69;131,40;18,45;82,98;11,46;41,32;28,60;100,00;223,92;0,00;0,62
2004.0;11.0;2004-11-01;BRASPINE;ENGENHARIA;;;;;144,46;18,63;83,23;11,90;40,62;29,09;100,00;198,27;0,00;2,20
2004.0;11.0;2004-11-01;BRASPINE;ESTACAO;PR;SENGES;4,76;4,14;133,89;18,45;82,98;11,46;41,32;28,60;100,00;223,92;0,00;0,62
2004.0;11.0;2004-11-01;BRASPINE;FAXINAL;PR;JAGUARIAIVA;20,65;20,65;131,40;18,45;82,98;11,46;41,32;28,60;100,00;223,92;0,00;0,62
2004.0;11.0;2004-11-01;BRASPINE;FEITAL;PR;DOUTOR ULYSSES;154,17;86,53;151,41;18,78;83,23;12,14;40,26;29,43;100,00;200,86;0,00;0,85
2004.0;11.0;2004-11-01;BRASPINE;FIGUEIRA;PR;DOUTOR ULYSSES;1053,81;315,71;145,85;18,81;82,99;12,28;39,67;29,60;100,00;187,28;0,00;4,01
2004.0;11.0;2004-11-01;BRASPINE;FIGUEIRINHA;PR;DOUTOR ULYSSES;94,37;56,74;152,60;18,81;82,99;12,28;39,67;29,60;100,00;187,28;0,00;4,01
2004.0;11.0;2004-11-01;BRASPINE;FLOEMA;PR;DOUTOR ULYSSES;2189,88;701,43;129,76;18,35;82,88;11,34;39,66;28,58;100,00;224,07;0,00;2,49
2004.0;11.0;2004-11-01;BRASPINE;FLOEMA I - SUDATI;;;;;134,33;18,63;83,23;11,90;40,62;29,09;100,00;198,27;0,00;2,20
2004.0;11.0;2004-11-01;BRASPINE;FLOEMA II - SUDATI;PR;DOUTOR ULYSSES;453,83;211,13;142,19;18,63;83,23;11,90;40,62;29,09;100,00;198,27;0,00;2,20
2004.0;11.0;2004-11-01;BRASPINE;FLOR DA SERRA;PR;SAO JOSE DA BOA VISTA;209,10;128,72;105,77;20,58;77,20;11,84;38,84;30,54;99,53;111,89;0,00;6,94
2004.0;11.0;2004-11-01;BRASPINE;GENTIL;PR;JAGUARIAIVA;126,77;53,33;133,05;18,31;81,86;10,40;40,61;27,59;99,59;217,22;0,00;5,23
2004.0;11.0;2004-11-01;BRASPINE;GUAIRACA;PR;GUARAPUAVA;623,62;169,31;152,75;18,16;82,19;8,86;38,76;27,97;99,99;184,88;0,00;4,73
2004.0;11.0;2004-11-01;BRASPINE;HERVAL 2 - MADALOSSO;;;;;127,27;18,51;81,62;10,90;41,61;28,57;99,86;209,81;0,00;0,59
2004.0;11.0;2004-11-01;BRASPINE;HERVAL DE BAIXO;PR;RESERVA;827,29;475,92;161,93;19,66;80,85;9,35;41,40;29,31;99,84;186,11;0,00;13,30
2004.0;11.0;2004-11-01;BRASPINE;HORTO 01;PR;TURVO;19,12;19,12;203,91;18,82;82,66;8,48;44,12;28,08;99,81;175,42;0,00;11,77
2004.0;11.0;2004-11-01;BRASPINE;HORTO 02;PR;TURVO;4,24;4,24;205,56;18,82;82,66;8,48;44,12;28,08;99,81;175,42;0,00;11,77
2004.0;11.0;2004-11-01;BRASPINE;HORTO 03;PR;PRUDENTOPOLIS;80,91;25,89;192,48;19,33;81,66;9,31;42,11;29,00;99,90;168,21;0,00;1,23
2004.0;11.0;2004-11-01;BRASPINE;HORTO 08;PR;TURVO;9,53;9,53;170,06;19,33;81,66;9,31;42,11;29,00;99,90;168,21;0,00;1,23
2004.0;11.0;2004-11-01;BRASPINE;HORTO 12;PR;PRUDENTOPOLIS;12,20;12,20;183,75;19,33;81,66;9,31;42,11;29,00;99,90;168,21;0,00;1,23
2004.0;11.0;2004-11-01;BRASPINE;IZAU;PR;PIRAI DO SUL;19,37;11,60;126,71;18,28;82,39;10,91;40,35;27,84;99,77;216,06;0,00;7,11
2004.0;11.0;2004-11-01;BRASPINE;JOAO RICO;PR;JAGUARIAIVA;47,46;26,18;135,14;18,55;81,82;10,69;42,27;28,02;99,86;222,04;0,00;1,69
2004.0;11.0;2004-11-01;BRASPINE;LAGOA;PR;JAGUARIAIVA;24,10;10,78;129,48;18,45;82,98;11,46;41,32;28,60;100,00;223,92;0,00;0,62
2004.0;11.0;2004-11-01;BRASPINE;MARACANA;PR;JANDAIA DO SUL;11,45;11,45;193,65;21,43;77,28;12,19;37,43;31,55;99,98;40,34;0,00;4,17
2004.0;11.0;2004-11-01;BRASPINE;MARRECA;;;;;147,12;18,81;82,99;12,28;39,67;29,60;100,00;187,28;0,00;4,01
2004.0;11.0;2004-11-01;BRASPINE;MARRECA SP;SP;ITAPIRAPUA PAULISTA;675,30;236,19;160,00;19,49;82,77;12,74;38,85;30,93;100,00;150,84;0,00;2,23
2004.0;11.0;2004-11-01;BRASPINE;MARRECAS;;;;;157,63;17,51;82,90;8,50;37,58;27,05;100,00;247,82;0,00;10,41
2004.0;11.0;2004-11-01;BRASPINE;MERCADINHO;;;;;151,00;19,38;81,91;12,79;38,85;30,46;100,00;150,28;0,00;5,32
2004.0;11.0;2004-11-01;BRASPINE;MONTE ALEGRE;;;;;198,28;21,93;76,36;12,64;36,57;32,00;99,97;41,71;0,00;1,99
2004.0;11.0;2004-11-01;BRASPINE;MONTE TABOR II;;;;;139,22;18,84;84,34;11,81;39,60;29,64;100,00;178,41;0,00;7,24
2004.0;11.0;2004-11-01;BRASPINE;MOREIRA;PR;DOUTOR ULYSSES;230,52;68,68;142,19;18,63;83,23;11,90;40,62;29,09;100,00;198,27;0,00;2,20
2004.0;11.0;2004-11-01;BRASPINE;MOREIRAS II;PR;DOUTOR ULYSSES;66,76;28,75;145,06;18,63;83,23;11,90;40,62;29,09;100,00;198,27;0,00;2,20
2004.0;11.0;2004-11-01;BRASPINE;MORRETES;PR;ORTIGUEIRA;20,36;20,36;153,95;20,10;80,85;9,61;40,86;29,87;99,82;131,30;0,00;0,80
2004.0;11.0;2004-11-01;BRASPINE;MORRO AZUL;;;;;130,93;18,84;83,60;12,24;38,50;29,66;100,00;171,75;0,00;17,55
2004.0;11.0;2004-11-01;BRASPINE;OURO FINO;SP;APIAI;51,70;51,70;130,78;18,61;84,58;11,87;39,38;29,33;100,00;171,86;0,00;2,57
2004.0;11.0;2004-11-01;BRASPINE;PALMEIRINHA DE BAIXO - SOSSEGO;PR;SENGES;85,93;9,22;131,03;18,30;82,49;11,18;39,26;27,83;99,88;236,75;0,00;8,10
2004.0;11.0;2004-11-01;BRASPINE;PAZIN;PR;DOUTOR ULYSSES;41,20;23,90;152,79;18,81;82,99;12,28;39,67;29,60;100,00;187,28;0,00;4,01
2004.0;11.0;2004-11-01;BRASPINE;PEDRAS;PR;CASTRO;7,18;7,18;124,94;18,30;82,71;9,93;43,43;27,75;99,60;215,74;0,00;11,29
2004.0;11.0;2004-11-01;BRASPINE;PESCARIA;PR;SAO JOSE DA BOA VISTA;184,57;129,22;119,94;20,68;76,95;12,46;37,70;30,91;99,77;83,38;0,00;1,86
2004.0;11.0;2004-11-01;BRASPINE;PESSEGUEIRO;PR;DOUTOR ULYSSES;109,95;64,79;135,12;18,63;83,23;11,90;40,62;29,09;100,00;198,27;0,00;2,20
2004.0;11.0;2004-11-01;BRASPINE;PITANGA;;;;;204,38;18,81;81,73;8,53;41,96;27,79;99,87;162,91;0,00;0,70
2004.0;11.0;2004-11-01;BRASPINE;QUEIMADINHO ARROIO CLARO;PR;DOUTOR ULYSSES;48,13;19,09;149,28;18,63;83,23;11,90;40,62;29,09;100,00;198,27;0,00;2,20
2004.0;11.0;2004-11-01;BRASPINE;QUEIMADINHO M6042;PR;DOUTOR ULYSSES;48,38;18,50;149,28;18,63;83,23;11,90;40,62;29,09;100,00;198,27;0,00;2,20
2004.0;11.0;2004-11-01;BRASPINE;QUEIMADINHO USUCAPIAO;PR;DOUTOR ULYSSES;200,27;92,43;149,28;18,63;83,23;11,90;40,62;29,09;100,00;198,27;0,00;2,20
2004.0;11.0;2004-11-01;BRASPINE;RAMOS;PR;SENGES;69,83;38,15;134,33;18,45;82,98;11,46;41,32;28,60;100,00;223,92;0,00;0,62
2004.0;11.0;2004-11-01;BRASPINE;RIBEIRAO GRANDE;PR;JAGUARIAIVA;20,77;20,77;128,16;18,28;82,39;10,91;40,35;27,84;99,77;216,06;0,00;7,11
2004.0;11.0;2004-11-01;BRASPINE;RINCAO DE BAIXO;;;;;119,36;19,06;79,42;9,59;41,61;28,04;99,56;197,25;0,00;9,45
2004.0;11.0;2004-11-01;BRASPINE;RIO BOMBA;PR;CERRO AZUL;65,03;37,72;138,29;19,69;80,90;12,56;39,22;30,57;99,98;153,75;0,00;0,98
2004.0;11.0;2004-11-01;BRASPINE;RIO DO MEIO;PR;DOUTOR ULYSSES;712,33;389,13;146,19;18,63;83,23;11,90;40,62;29,09;100,00;198,27;0,00;2,20
2004.0;11.0;2004-11-01;BRASPINE;RONDON;PR;JAGUARIAIVA;2899,24;1475,88;131,50;18,36;82,52;10,89;40,75;27,88;99,92;221,66;0,00;331,59
2004.0;11.0;2004-11-01;BRASPINE;SANTA FELICIDADE;;;;;161,59;19,89;82,62;13,16;37,34;31,74;100,00;156,09;0,00;0,21
2004.0;11.0;2004-11-01;BRASPINE;SANTA LIDIA DO CERCADINHO;;;;;125,06;18,71;79,58;9,41;41,71;27,49;99,56;192,45;0,00;7,85
2004.0;11.0;2004-11-01;BRASPINE;SANTO ANTONIO;;;;;129,85;18,33;82,73;10,93;38,55;28,17;100,00;252,46;0,00;29,34
2004.0;11.0;2004-11-01;BRASPINE;SAO JOSE;PR;JANDAIA DO SUL;37,56;37,56;199,43;21,77;76,56;12,46;36,83;31,82;99,99;41,25;0,00;2,54
2004.0;11.0;2004-11-01;BRASPINE;SAO MATHEUS;;;;;201,17;23,00;75,75;12,72;36,15;33,12;99,99;27,53;0,00;3,18
2004.0;11.0;2004-11-01;BRASPINE;SAO PEDRO E SAO PAULO;PR;SAPOPEMA;709,13;323,93;115,24;20,06;78,05;10,67;40,69;29,28;99,66;134,44;0,00;0,56
2004.0;11.0;2004-11-01;BRASPINE;SAO RAFAEL;;;;;113,40;18,30;80,85;9,80;40,67;28,78;99,56;208,55;0,00;0,29
2004.0;11.0;2004-11-01;BRASPINE;SAO RAFAEL - PB;;;;;139,24;18,71;84,32;12,06;38,96;29,53;100,00;172,21;0,00;6,02
2004.0;11.0;2004-11-01;BRASPINE;SERRARIA;PR;DOUTOR ULYSSES;280,88;117,71;133,76;18,58;82,93;11,85;39,67;29,09;100,00;198,36;0,00;1,13
2004.0;11.0;2004-11-01;BRASPINE;SERRO VERDE;;;;;202,04;18,36;81,56;7,57;42,01;27,46;99,91;184,32;0,00;6,82
2004.0;11.0;2004-11-01;BRASPINE;SERTAOZINHO;PR;DOUTOR ULYSSES;16,25;16,25;143,69;18,63;83,23;11,90;40,62;29,09;100,00;198,27;0,00;2,20
2004.0;11.0;2004-11-01;BRASPINE;SITIO BASILIO;PR;JAGUARIAIVA;8,08;8,08;137,73;18,39;81,68;10,32;41,21;27,63;99,63;218,91;0,00;3,66
2004.0;11.0;2004-11-01;BRASPINE;SITIO DAS MARRECAS;PR;DOUTOR ULYSSES;77,49;35,17;154,63;19,30;82,83;12,61;39,20;30,55;100,00;148,68;0,00;2,75
2004.0;11.0;2004-11-01;BRASPINE;SOBRADINHO;SP;BOM SUCESSO DE ITARARE;285,80;123,10;127,25;18,25;83,62;11,10;38,68;28,29;100,00;253,02;0,00;16,08
2004.0;11.0;2004-11-01;BRASPINE;TAQUARAL;PR;JAGUARIAIVA;519,13;31,07;136,03;18,53;82,30;10,66;41,84;28,06;100,00;222,77;0,00;131,23
2004.0;11.0;2004-11-01;BRASPINE;TUCUNDUVA;PR;SENGES;82,21;60,89;135,28;19,13;79,49;10,75;40,04;28,60;99,77;202,28;0,00;2,11
2004.0;11.0;2004-11-01;BRASPINE;TUCUNDUVA - CHAMMA;;;;;133,98;19,10;79,90;11,44;39,69;28,76;99,76;203,40;0,00;0,59
2004.0;11.0;2004-11-01;BRASPINE;VIENA 1;PR;DOUTOR ULYSSES;263,98;178,34;129,12;18,22;82,93;11,02;41,84;28,15;100,00;219,82;0,00;7,32
2004.0;11.0;2004-11-01;BRASPINE;VIENA 2;PR;CERRO AZUL;140,23;96,54;138,44;19,69;80,90;12,56;39,22;30,57;99,98;153,75;0,00;0,98
2004.0;11.0;2004-11-01;BRASPINE;VITORIA;PR;SENGES;50,54;35,69;131,03;18,30;82,49;11,18;39,26;27,83;99,88;236,75;0,00;8,10
2004.0;11.0;2004-11-01;BRASPINE;VIVEIRO;PR;DOUTOR ULYSSES;405,39;261,22;145,06;18,63;83,23;11,90;40,62;29,09;100,00;198,27;0,00;2,20
2004.0;11.0;2004-11-01;BRASPINE;VO LINO;PR;DOUTOR ULYSSES;164,50;97,89;145,15;18,81;82,99;12,28;39,67;29,60;100,00;187,28;0,00;4,01
2004.0;11.0;2004-11-01;BRASPINE;XAXIM VELHO;;;;;140,78;17,59;82,89;8,12;37,51;27,50;100,00;221,57;0,00;1,35
2004.0;12.0;2004-12-01;BRASPINE;AGUA DOCE;PR;JAGUARIAIVA;238,97;121,99;152,79;19,20;83,27;11,73;42,93;28,72;99,93;159,25;0,00;1,52
2004.0;12.0;2004-12-01;BRASPINE;AMATA;;;;;168,63;20,89;82,09;13,77;36,60;31,51;99,99;70,24;0,00;10,91
2004.0;12.0;2004-12-01;BRASPINE;ANTA BRAVA;;;;;163,56;22,01;80,42;15,22;43,20;31,53;99,07;0,00;0,00;30,39
2004.0;12.0;2004-12-01;BRASPINE;ARAPONGAS;PR;SENGES;423,34;263,70;184,23;19,32;84,75;12,42;38,10;29,34;100,00;161,91;0,00;1,41
2004.0;12.0;2004-12-01;BRASPINE;ARROIO CLARO;PR;DOUTOR ULYSSES;275,14;92,00;178,15;19,48;84,66;12,59;36,76;29,72;100,00;164,00;0,00;3,18
2004.0;12.0;2004-12-01;BRASPINE;BARRA GRANDE;PR;DOUTOR ULYSSES;493,79;139,68;170,83;19,85;84,87;12,99;37,33;30,13;100,00;137,74;0,00;1,23
2004.0;12.0;2004-12-01;BRASPINE;BARRA GRANDE - BEMAIS;PR;GUARAPUAVA;299,16;108,61;92,95;18,75;82,74;10,82;41,25;28,88;99,95;237,97;0,00;3,90
2004.0;12.0;2004-12-01;BRASPINE;BARRETOS;PR;JAGUARIAIVA;43,35;32,98;191,08;19,27;84,30;11,84;39,88;29,14;99,99;158,93;0,00;2,72
2004.0;12.0;2004-12-01;BRASPINE;BAU;;;;;100,98;18,78;82,50;10,70;44,40;27,73;99,81;224,34;0,00;3,51
2004.0;12.0;2004-12-01;BRASPINE;BOA VISTA II;PR;PIRAI DO SUL;944,00;535,05;183,53;19,26;83,76;11,59;41,43;28,98;99,99;172,66;0,00;0,19
2004.0;12.0;2004-12-01;BRASPINE;BRASILEIRA;;;;;174,69;19,32;84,75;12,42;38,10;29,34;100,00;161,91;0,00;1,41
2004.0;12.0;2004-12-01;BRASPINE;BURACAO;;;;;167,93;19,24;83,13;11,90;41,73;28,62;99,82;158,92;0,00;15,83
2004.0;12.0;2004-12-01;BRASPINE;BURRINHO;PR;DOUTOR ULYSSES;211,01;100,37;178,20;19,48;84,66;12,59;36,76;29,72;100,00;164,00;0,00;3,18
2004.0;12.0;2004-12-01;BRASPINE;CADEADO I;PR;JAGUARIAIVA;21,07;12,29;174,69;19,12;84,40;11,96;38,88;28,95;100,00;173,06;0,00;0,75
2004.0;12.0;2004-12-01;BRASPINE;CADEADO II;PR;JAGUARIAIVA;21,88;16,79;174,69;19,12;84,40;11,96;38,88;28,95;100,00;173,06;0,00;0,75
2004.0;12.0;2004-12-01;BRASPINE;CAMPINA ALTA;PR;TIBAGI;29,77;18,24;111,05;20,10;82,40;12,30;43,41;30,17;99,96;152,55;0,00;1,29
2004.0;12.0;2004-12-01;BRASPINE;CAMPINA DO ELIAS;PR;JAGUARIAIVA;29,17;14,65;194,50;19,22;84,33;11,88;39,65;29,07;99,99;173,66;0,00;1,68
2004.0;12.0;2004-12-01;BRASPINE;CAMPO NOVO;PR;JAGUARIAIVA;295,98;156,36;185,51;19,12;84,40;11,96;38,88;28,95;100,00;173,06;0,00;0,75
2004.0;12.0;2004-12-01;BRASPINE;CONSULTORIA II A;PR;DOUTOR ULYSSES;89,62;60,79;175,47;19,32;84,75;12,42;38,10;29,34;100,00;161,91;0,00;1,41
2004.0;12.0;2004-12-01;BRASPINE;DINIZ;;;;;163,99;19,32;84,75;12,42;38,10;29,34;100,00;161,91;0,00;1,41
2004.0;12.0;2004-12-01;BRASPINE;ENES;PR;JAGUARIAIVA;5,93;5,69;185,97;19,12;84,40;11,96;38,88;28,95;100,00;173,06;0,00;0,75
2004.0;12.0;2004-12-01;BRASPINE;ENGENHARIA;;;;;163,99;19,32;84,75;12,42;38,10;29,34;100,00;161,91;0,00;1,41
2004.0;12.0;2004-12-01;BRASPINE;ESTACAO;PR;SENGES;4,76;4,14;197,12;19,12;84,40;11,96;38,88;28,95;100,00;173,06;0,00;0,75
2004.0;12.0;2004-12-01;BRASPINE;FAXINAL;PR;JAGUARIAIVA;20,65;20,65;185,97;19,12;84,40;11,96;38,88;28,95;100,00;173,06;0,00;0,75
2004.0;12.0;2004-12-01;BRASPINE;FEITAL;PR;DOUTOR ULYSSES;154,17;86,53;175,86;19,49;84,79;12,64;37,85;29,60;100,00;164,00;0,00;5,10
2004.0;12.0;2004-12-01;BRASPINE;FIGUEIRA;PR;DOUTOR ULYSSES;1053,81;315,71;176,39;19,48;84,66;12,59;36,76;29,72;100,00;164,00;0,00;3,18
2004.0;12.0;2004-12-01;BRASPINE;FIGUEIRINHA;PR;DOUTOR ULYSSES;94,37;56,74;175,02;19,48;84,66;12,59;36,76;29,72;100,00;164,00;0,00;3,18
2004.0;12.0;2004-12-01;BRASPINE;FLOEMA;PR;DOUTOR ULYSSES;2189,88;701,43;196,23;18,96;84,54;11,91;37,72;28,87;100,00;171,93;0,00;1,43
2004.0;12.0;2004-12-01;BRASPINE;FLOEMA I - SUDATI;;;;;205,18;19,32;84,75;12,42;38,10;29,34;100,00;161,91;0,00;1,41
2004.0;12.0;2004-12-01;BRASPINE;FLOEMA II - SUDATI;PR;DOUTOR ULYSSES;453,83;211,13;174,82;19,32;84,75;12,42;38,10;29,34;100,00;161,91;0,00;1,41
2004.0;12.0;2004-12-01;BRASPINE;FLOR DA SERRA;PR;SAO JOSE DA BOA VISTA;209,10;128,72;117,95;21,22;78,24;13,91;39,21;31,25;99,70;57,82;0,00;6,10
2004.0;12.0;2004-12-01;BRASPINE;GENTIL;PR;JAGUARIAIVA;126,77;53,33;163,75;18,93;83,27;11,40;43,28;28,31;99,74;185,76;0,00;5,26
2004.0;12.0;2004-12-01;BRASPINE;GUAIRACA;PR;GUARAPUAVA;623,62;169,31;77,90;18,89;82,53;10,97;41,46;29,09;99,89;240,62;0,00;6,66
2004.0;12.0;2004-12-01;BRASPINE;HERVAL 2 - MADALOSSO;;;;;166,89;19,24;83,13;11,90;41,73;28,62;99,82;158,92;0,00;15,83
2004.0;12.0;2004-12-01;BRASPINE;HERVAL DE BAIXO;PR;RESERVA;827,29;475,92;99,34;20,09;82,57;12,27;43,93;30,15;99,91;150,31;0,00;0,37
2004.0;12.0;2004-12-01;BRASPINE;HORTO 01;PR;TURVO;19,12;19,12;81,28;19,48;83,09;11,45;45,09;29,06;99,68;185,86;0,00;12,99
2004.0;12.0;2004-12-01;BRASPINE;HORTO 02;PR;TURVO;4,24;4,24;80,52;19,48;83,09;11,45;45,09;29,06;99,68;185,86;0,00;12,99
2004.0;12.0;2004-12-01;BRASPINE;HORTO 03;PR;PRUDENTOPOLIS;80,91;25,89;86,60;20,01;81,98;12,02;43,13;30,05;99,75;162,69;0,00;9,00
2004.0;12.0;2004-12-01;BRASPINE;HORTO 08;PR;TURVO;9,53;9,53;86,77;20,01;81,98;12,02;43,13;30,05;99,75;162,69;0,00;9,00
2004.0;12.0;2004-12-01;BRASPINE;HORTO 12;PR;PRUDENTOPOLIS;12,20;12,20;90,54;20,01;81,98;12,02;43,13;30,05;99,75;162,69;0,00;9,00
2004.0;12.0;2004-12-01;BRASPINE;IZAU;PR;PIRAI DO SUL;19,37;11,60;172,08;18,93;83,72;11,23;41,78;28,42;99,75;184,30;0,00;1,38
2004.0;12.0;2004-12-01;BRASPINE;JOAO RICO;PR;JAGUARIAIVA;47,46;26,18;160,24;19,20;83,27;11,73;42,93;28,72;99,93;159,25;0,00;1,52
2004.0;12.0;2004-12-01;BRASPINE;LAGOA;PR;JAGUARIAIVA;24,10;10,78;192,39;19,12;84,40;11,96;38,88;28,95;100,00;173,06;0,00;0,75
2004.0;12.0;2004-12-01;BRASPINE;MARACANA;PR;JANDAIA DO SUL;11,45;11,45;176,17;21,90;79,62;14,35;37,99;30,81;99,98;14,35;0,00;1,90
2004.0;12.0;2004-12-01;BRASPINE;MARRECA;;;;;178,47;19,48;84,66;12,59;36,76;29,72;100,00;164,00;0,00;3,18
2004.0;12.0;2004-12-01;BRASPINE;MARRECA SP;SP;ITAPIRAPUA PAULISTA;675,30;236,19;181,72;20,24;84,47;13,26;36,13;30,86;100,00;110,77;0,00;0,38
2004.0;12.0;2004-12-01;BRASPINE;MARRECAS;;;;;83,48;18,21;83,19;10,24;41,49;28,31;100,00;229,22;0,00;1,54
2004.0;12.0;2004-12-01;BRASPINE;MERCADINHO;;;;;174,37;20,12;83,33;12,80;36,33;30,52;99,99;110,28;0,00;3,74
2004.0;12.0;2004-12-01;BRASPINE;MONTE ALEGRE;;;;;156,75;22,41;78,73;14,87;38,48;31,20;99,98;14,87;0,00;3,16
2004.0;12.0;2004-12-01;BRASPINE;MONTE TABOR II;;;;;178,87;19,50;86,09;12,38;37,64;29,28;100,00;108,70;0,00;5,66
2004.0;12.0;2004-12-01;BRASPINE;MOREIRA;PR;DOUTOR ULYSSES;230,52;68,68;174,82;19,32;84,75;12,42;38,10;29,34;100,00;161,91;0,00;1,41
2004.0;12.0;2004-12-01;BRASPINE;MOREIRAS II;PR;DOUTOR ULYSSES;66,76;28,75;175,55;19,32;84,75;12,42;38,10;29,34;100,00;161,91;0,00;1,41
2004.0;12.0;2004-12-01;BRASPINE;MORRETES;PR;ORTIGUEIRA;20,36;20,36;94,62;20,55;82,58;12,35;44,38;30,61;99,92;154,49;0,00;1,69
2004.0;12.0;2004-12-01;BRASPINE;MORRO AZUL;;;;;155,11;19,61;85,08;12,79;37,99;29,61;100,00;135,78;0,00;3,98
2004.0;12.0;2004-12-01;BRASPINE;OURO FINO;SP;APIAI;51,70;51,70;168,25;19,34;86,06;12,30;38,50;29,03;100,00;135,24;0,00;2,92
2004.0;12.0;2004-12-01;BRASPINE;PALMEIRINHA DE BAIXO - SOSSEGO;PR;SENGES;85,93;9,22;149,26;19,01;83,71;11,99;38,79;28,37;99,88;204,38;0,00;2,15
2004.0;12.0;2004-12-01;BRASPINE;PAZIN;PR;DOUTOR ULYSSES;41,20;23,90;176,05;19,48;84,66;12,59;36,76;29,72;100,00;164,00;0,00;3,18
2004.0;12.0;2004-12-01;BRASPINE;PEDRAS;PR;CASTRO;7,18;7,18;155,33;18,97;84,15;11,16;43,74;28,30;99,95;153,75;0,00;3,49
2004.0;12.0;2004-12-01;BRASPINE;PESCARIA;PR;SAO JOSE DA BOA VISTA;184,57;129,22;107,53;21,34;77,98;13,95;37,22;31,46;99,74;43,02;0,00;1,17
2004.0;12.0;2004-12-01;BRASPINE;PESSEGUEIRO;PR;DOUTOR ULYSSES;109,95;64,79;186,03;19,32;84,75;12,42;38,10;29,34;100,00;161,91;0,00;1,41
2004.0;12.0;2004-12-01;BRASPINE;PITANGA;;;;;95,10;19,47;82,09;11,67;45,37;28,69;99,80;188,56;0,00;3,27
2004.0;12.0;2004-12-01;BRASPINE;QUEIMADINHO ARROIO CLARO;PR;DOUTOR ULYSSES;48,13;19,09;174,69;19,32;84,75;12,42;38,10;29,34;100,00;161,91;0,00;1,41
2004.0;12.0;2004-12-01;BRASPINE;QUEIMADINHO M6042;PR;DOUTOR ULYSSES;48,38;18,50;174,69;19,32;84,75;12,42;38,10;29,34;100,00;161,91;0,00;1,41
2004.0;12.0;2004-12-01;BRASPINE;QUEIMADINHO USUCAPIAO;PR;DOUTOR ULYSSES;200,27;92,43;174,69;19,32;84,75;12,42;38,10;29,34;100,00;161,91;0,00;1,41
2004.0;12.0;2004-12-01;BRASPINE;RAMOS;PR;SENGES;69,83;38,15;205,18;19,12;84,40;11,96;38,88;28,95;100,00;173,06;0,00;0,75
2004.0;12.0;2004-12-01;BRASPINE;RIBEIRAO GRANDE;PR;JAGUARIAIVA;20,77;20,77;170,57;18,93;83,72;11,23;41,78;28,42;99,75;184,30;0,00;1,38
2004.0;12.0;2004-12-01;BRASPINE;RINCAO DE BAIXO;;;;;123,71;19,53;81,00;11,88;42,87;28,92;99,94;206,81;0,00;14,86
2004.0;12.0;2004-12-01;BRASPINE;RIO BOMBA;PR;CERRO AZUL;65,03;37,72;172,02;20,43;82,57;13,15;37,33;30,99;99,90;97,04;0,00;17,30
2004.0;12.0;2004-12-01;BRASPINE;RIO DO MEIO;PR;DOUTOR ULYSSES;712,33;389,13;175,33;19,32;84,75;12,42;38,10;29,34;100,00;161,91;0,00;1,41
2004.0;12.0;2004-12-01;BRASPINE;RONDON;PR;JAGUARIAIVA;2899,24;1475,88;150,44;19,04;83,85;12,00;40,73;28,47;99,88;188,96;0,00;9,57
2004.0;12.0;2004-12-01;BRASPINE;SANTA FELICIDADE;;;;;186,99;20,70;84,30;13,69;35,56;31,51;100,00;98,68;0,00;0,04
2004.0;12.0;2004-12-01;BRASPINE;SANTA LIDIA DO CERCADINHO;;;;;125,21;19,20;81,13;11,64;43,26;28,44;100,00;217,49;0,00;13,48
2004.0;12.0;2004-12-01;BRASPINE;SANTO ANTONIO;;;;;146,59;19,07;83,93;12,09;38,12;28,68;99,98;189,96;0,00;38,17
2004.0;12.0;2004-12-01;BRASPINE;SAO JOSE;PR;JANDAIA DO SUL;37,56;37,56;158,67;22,25;78,91;14,73;38,36;31,05;99,99;14,73;0,00;3,22
2004.0;12.0;2004-12-01;BRASPINE;SAO MATHEUS;;;;;149,19;23,46;78,56;15,77;40,54;32,39;99,92;0,00;0,00;6,61
2004.0;12.0;2004-12-01;BRASPINE;SAO PEDRO E SAO PAULO;PR;SAPOPEMA;709,13;323,93;117,98;20,52;80,11;12,86;41,77;30,07;99,66;113,92;0,00;0,85
2004.0;12.0;2004-12-01;BRASPINE;SAO RAFAEL;;;;;144,07;19,08;81,89;12,00;45,23;28,52;99,85;145,27;0,00;5,39
2004.0;12.0;2004-12-01;BRASPINE;SAO RAFAEL - PB;;;;;167,82;19,46;85,81;12,54;38,13;29,31;100,00;135,97;0,00;7,52
2004.0;12.0;2004-12-01;BRASPINE;SERRARIA;PR;DOUTOR ULYSSES;280,88;117,71;177,56;19,22;84,60;12,25;37,24;29,30;100,00;175,59;0,00;3,96
2004.0;12.0;2004-12-01;BRASPINE;SERRO VERDE;;;;;90,87;19,12;81,38;11,05;43,36;28,00;99,68;214,10;0,00;3,31
2004.0;12.0;2004-12-01;BRASPINE;SERTAOZINHO;PR;DOUTOR ULYSSES;16,25;16,25;158,78;19,32;84,75;12,42;38,10;29,34;100,00;161,91;0,00;1,41
2004.0;12.0;2004-12-01;BRASPINE;SITIO BASILIO;PR;JAGUARIAIVA;8,08;8,08;152,77;19,01;83,13;11,54;43,65;28,39;99,79;172,17;0,00;3,71
2004.0;12.0;2004-12-01;BRASPINE;SITIO DAS MARRECAS;PR;DOUTOR ULYSSES;77,49;35,17;176,52;20,03;84,52;13,09;36,31;30,54;100,00;109,27;0,00;1,18
2004.0;12.0;2004-12-01;BRASPINE;SOBRADINHO;SP;BOM SUCESSO DE ITARARE;285,80;123,10;151,03;19,01;84,84;12,10;38,19;28,65;100,00;205,20;0,00;29,75
2004.0;12.0;2004-12-01;BRASPINE;TAQUARAL;PR;JAGUARIAIVA;519,13;31,07;151,81;19,20;83,76;11,90;42,36;28,78;99,99;159,74;0,00;0,41
2004.0;12.0;2004-12-01;BRASPINE;TUCUNDUVA;PR;SENGES;82,21;60,89;139,87;19,77;80,78;12,42;39,44;29,14;99,73;108,01;0,00;5,14
2004.0;12.0;2004-12-01;BRASPINE;TUCUNDUVA - CHAMMA;;;;;130,76;19,78;81,03;12,40;38,59;29,07;99,66;108,22;0,00;4,19
2004.0;12.0;2004-12-01;BRASPINE;VIENA 1;PR;DOUTOR ULYSSES;263,98;178,34;188,35;18,86;84,52;11,58;39,99;28,55;100,00;199,63;0,00;4,74
2004.0;12.0;2004-12-01;BRASPINE;VIENA 2;PR;CERRO AZUL;140,23;96,54;171,79;20,43;82,57;13,15;37,33;30,99;99,90;97,04;0,00;17,30
2004.0;12.0;2004-12-01;BRASPINE;VITORIA;PR;SENGES;50,54;35,69;149,26;19,01;83,71;11,99;38,79;28,37;99,88;204,38;0,00;2,15
2004.0;12.0;2004-12-01;BRASPINE;VIVEIRO;PR;DOUTOR ULYSSES;405,39;261,22;175,55;19,32;84,75;12,42;38,10;29,34;100,00;161,91;0,00;1,41
2004.0;12.0;2004-12-01;BRASPINE;VO LINO;PR;DOUTOR ULYSSES;164,50;97,89;178,69;19,48;84,66;12,59;36,76;29,72;100,00;164,00;0,00;3,18
2004.0;12.0;2004-12-01;BRASPINE;XAXIM VELHO;;;;;101,54;18,39;82,88;10,23;40,64;28,49;100,00;234,18;0,00;0,47
