ANO;MES;DATA;EMPRESA;FAZENDA;UF;MUNICIPIO;AREA_T;AREA_PRODU;PRECIP_CHIRPS_MM;TEMP_MEDIA_C;UMID_MEDIA_PCT;TEMP_MIN_C;UMID_MIN_PCT;TEMP_MAX_C;UMID_MAX_PCT;NOITES_FRIAS_Eucalipto_<15C;NOITES_FRIAS_Pinus_<5C;DIRECAO_VENTO_GRAUS
2012.0;1.0;2012-01-01;BRASPINE;AGUA DOCE;PR;JAGUARIAIVA;238,97;121,99;155,36;19,44;85,08;12,85;41,82;26,54;99,90;112,37;0,00;8,71
2012.0;1.0;2012-01-01;BRASPINE;AMATA;;;;;175,00;21,12;84,87;13,48;41,21;28,69;100,00;13,48;0,00;0,13
2012.0;1.0;2012-01-01;BRASPINE;ANTA BRAVA;;;;;216,43;21,91;80,74;15,23;33,00;29,18;99,41;0,00;0,00;3,36
2012.0;1.0;2012-01-01;BRASPINE;ARAPONGAS;PR;SENGES;423,34;263,70;178,82;19,58;86,48;13,17;41,08;26,65;100,00;100,00;0,00;325,13
2012.0;1.0;2012-01-01;BRASPINE;ARROIO CLARO;PR;DOUTOR ULYSSES;275,14;92,00;176,01;19,79;86,37;13,17;42,01;27,32;100,00;86,14;0,00;0,34
2012.0;1.0;2012-01-01;BRASPINE;BARRA GRANDE;PR;DOUTOR ULYSSES;493,79;139,68;187,00;20,11;86,55;13,74;41,08;27,31;100,00;57,64;0,00;0,32
2012.0;1.0;2012-01-01;BRASPINE;BARRA GRANDE - BEMAIS;PR;GUARAPUAVA;299,16;108,61;175,68;19,15;84,40;12,40;41,43;26,77;99,99;167,17;0,00;14,69
2012.0;1.0;2012-01-01;BRASPINE;BARRETOS;PR;JAGUARIAIVA;43,35;32,98;164,81;19,55;86,00;12,83;41,45;26,86;99,99;84,04;0,00;9,00
2012.0;1.0;2012-01-01;BRASPINE;BAU;;;;;168,32;19,22;83,98;12,42;40,25;26,32;99,91;80,11;0,00;0,19
2012.0;1.0;2012-01-01;BRASPINE;BOA VISTA II;PR;PIRAI DO SUL;944,00;535,05;159,96;19,55;85,40;12,79;41,94;26,83;99,98;112,95;0,00;10,78
2012.0;1.0;2012-01-01;BRASPINE;BRASILEIRA;;;;;177,48;19,58;86,48;13,17;41,08;26,65;100,00;100,00;0,00;325,13
2012.0;1.0;2012-01-01;BRASPINE;BURACAO;;;;;163,45;19,53;85,17;12,32;44,74;26,85;99,82;97,27;0,00;3,19
2012.0;1.0;2012-01-01;BRASPINE;BURRINHO;PR;DOUTOR ULYSSES;211,01;100,37;176,04;19,79;86,37;13,17;42,01;27,32;100,00;86,14;0,00;0,34
2012.0;1.0;2012-01-01;BRASPINE;CADEADO I;PR;JAGUARIAIVA;21,07;12,29;168,26;19,39;86,12;12,80;41,17;26,52;100,00;113,13;0,00;5,85
2012.0;1.0;2012-01-01;BRASPINE;CADEADO II;PR;JAGUARIAIVA;21,88;16,79;168,26;19,39;86,12;12,80;41,17;26,52;100,00;113,13;0,00;5,85
2012.0;1.0;2012-01-01;BRASPINE;CAMPINA ALTA;PR;TIBAGI;29,77;18,24;159,37;20,37;83,70;12,73;38,04;28,76;99,88;69,06;0,00;4,81
2012.0;1.0;2012-01-01;BRASPINE;CAMPINA DO ELIAS;PR;JAGUARIAIVA;29,17;14,65;165,86;19,49;86,04;12,82;41,35;26,74;100,00;113,76;0,00;7,96
2012.0;1.0;2012-01-01;BRASPINE;CAMPO NOVO;PR;JAGUARIAIVA;295,98;156,36;173,87;19,39;86,12;12,80;41,17;26,52;100,00;113,13;0,00;5,85
2012.0;1.0;2012-01-01;BRASPINE;CONSULTORIA II A;PR;DOUTOR ULYSSES;89,62;60,79;179,71;19,58;86,48;13,17;41,08;26,65;100,00;100,00;0,00;325,13
2012.0;1.0;2012-01-01;BRASPINE;DINIZ;;;;;186,47;19,58;86,48;13,17;41,08;26,65;100,00;100,00;0,00;325,13
2012.0;1.0;2012-01-01;BRASPINE;ENES;PR;JAGUARIAIVA;5,93;5,69;173,03;19,39;86,12;12,80;41,17;26,52;100,00;113,13;0,00;5,85
2012.0;1.0;2012-01-01;BRASPINE;ENGENHARIA;;;;;186,47;19,58;86,48;13,17;41,08;26,65;100,00;100,00;0,00;325,13
2012.0;1.0;2012-01-01;BRASPINE;ESTACAO;PR;SENGES;4,76;4,14;170,93;19,39;86,12;12,80;41,17;26,52;100,00;113,13;0,00;5,85
2012.0;1.0;2012-01-01;BRASPINE;FAXINAL;PR;JAGUARIAIVA;20,65;20,65;173,03;19,39;86,12;12,80;41,17;26,52;100,00;113,13;0,00;5,85
2012.0;1.0;2012-01-01;BRASPINE;FEITAL;PR;DOUTOR ULYSSES;154,17;86,53;177,22;19,75;86,50;13,36;41,08;26,87;100,00;86,13;0,00;0,60
2012.0;1.0;2012-01-01;BRASPINE;FIGUEIRA;PR;DOUTOR ULYSSES;1053,81;315,71;174,59;19,79;86,37;13,17;42,01;27,32;100,00;86,14;0,00;0,34
2012.0;1.0;2012-01-01;BRASPINE;FIGUEIRINHA;PR;DOUTOR ULYSSES;94,37;56,74;177,93;19,79;86,37;13,17;42,01;27,32;100,00;86,14;0,00;0,34
2012.0;1.0;2012-01-01;BRASPINE;FLOEMA;PR;DOUTOR ULYSSES;2189,88;701,43;170,68;19,26;86,28;12,57;42,04;26,39;100,00;111,33;0,00;0,93
2012.0;1.0;2012-01-01;BRASPINE;FLOEMA I - SUDATI;;;;;171,66;19,58;86,48;13,17;41,08;26,65;100,00;100,00;0,00;325,13
2012.0;1.0;2012-01-01;BRASPINE;FLOEMA II - SUDATI;PR;DOUTOR ULYSSES;453,83;211,13;178,68;19,58;86,48;13,17;41,08;26,65;100,00;100,00;0,00;325,13
2012.0;1.0;2012-01-01;BRASPINE;FLOR DA SERRA;PR;SAO JOSE DA BOA VISTA;209,10;128,72;144,54;21,40;79,68;14,71;34,03;29,09;99,68;14,71;0,00;6,22
2012.0;1.0;2012-01-01;BRASPINE;GENTIL;PR;JAGUARIAIVA;126,77;53,33;148,83;19,17;84,94;12,50;42,22;26,22;99,64;109,88;0,00;11,83
2012.0;1.0;2012-01-01;BRASPINE;GUAIRACA;PR;GUARAPUAVA;623,62;169,31;169,76;19,31;84,26;12,56;42,08;26,89;99,99;137,44;0,00;4,80
2012.0;1.0;2012-01-01;BRASPINE;HERVAL 2 - MADALOSSO;;;;;159,13;19,53;85,17;12,32;44,74;26,85;99,82;97,27;0,00;3,19
2012.0;1.0;2012-01-01;BRASPINE;HERVAL DE BAIXO;PR;RESERVA;827,29;475,92;179,79;20,44;83,25;12,57;36,80;28,87;99,83;83,01;0,00;3,41
2012.0;1.0;2012-01-01;BRASPINE;HORTO 01;PR;TURVO;19,12;19,12;167,33;19,92;84,34;13,04;40,33;27,60;99,97;97,67;0,00;1,88
2012.0;1.0;2012-01-01;BRASPINE;HORTO 02;PR;TURVO;4,24;4,24;168,80;19,92;84,34;13,04;40,33;27,60;99,97;97,67;0,00;1,88
2012.0;1.0;2012-01-01;BRASPINE;HORTO 03;PR;PRUDENTOPOLIS;80,91;25,89;166,26;20,43;83,30;13,56;39,44;28,42;99,97;69,87;0,00;13,39
2012.0;1.0;2012-01-01;BRASPINE;HORTO 08;PR;TURVO;9,53;9,53;168,09;20,43;83,30;13,56;39,44;28,42;99,97;69,87;0,00;13,39
2012.0;1.0;2012-01-01;BRASPINE;HORTO 12;PR;PRUDENTOPOLIS;12,20;12,20;169,46;20,43;83,30;13,56;39,44;28,42;99,97;69,87;0,00;13,39
2012.0;1.0;2012-01-01;BRASPINE;IZAU;PR;PIRAI DO SUL;19,37;11,60;139,09;19,20;85,25;12,49;42,13;26,44;99,80;110,59;0,00;12,34
2012.0;1.0;2012-01-01;BRASPINE;JOAO RICO;PR;JAGUARIAIVA;47,46;26,18;153,05;19,44;85,08;12,85;41,82;26,54;99,90;112,37;0,00;8,71
2012.0;1.0;2012-01-01;BRASPINE;LAGOA;PR;JAGUARIAIVA;24,10;10,78;167,37;19,39;86,12;12,80;41,17;26,52;100,00;113,13;0,00;5,85
2012.0;1.0;2012-01-01;BRASPINE;MARACANA;PR;JANDAIA DO SUL;11,45;11,45;172,35;22,21;80,06;15,21;33,17;30,61;99,99;0,00;0,00;0,85
2012.0;1.0;2012-01-01;BRASPINE;MARRECA;;;;;176,90;19,79;86,37;13,17;42,01;27,32;100,00;86,14;0,00;0,34
2012.0;1.0;2012-01-01;BRASPINE;MARRECA SP;SP;ITAPIRAPUA PAULISTA;675,30;236,19;183,67;20,54;86,21;13,79;41,55;27,80;100,00;28,64;0,00;4,68
2012.0;1.0;2012-01-01;BRASPINE;MARRECAS;;;;;182,96;18,60;85,01;11,96;41,97;26,02;100,00;204,65;0,00;0,30
2012.0;1.0;2012-01-01;BRASPINE;MERCADINHO;;;;;177,06;20,39;85,51;13,05;41,19;27,77;100,00;42,33;0,00;6,59
2012.0;1.0;2012-01-01;BRASPINE;MONTE ALEGRE;;;;;149,73;22,78;78,71;15,75;32,75;31,38;99,98;0,00;0,00;0,33
2012.0;1.0;2012-01-01;BRASPINE;MONTE TABOR II;;;;;192,89;19,79;87,39;14,01;42,93;27,05;99,98;87,13;0,00;7,01
2012.0;1.0;2012-01-01;BRASPINE;MOREIRA;PR;DOUTOR ULYSSES;230,52;68,68;178,68;19,58;86,48;13,17;41,08;26,65;100,00;100,00;0,00;325,13
2012.0;1.0;2012-01-01;BRASPINE;MOREIRAS II;PR;DOUTOR ULYSSES;66,76;28,75;179,89;19,58;86,48;13,17;41,08;26,65;100,00;100,00;0,00;325,13
2012.0;1.0;2012-01-01;BRASPINE;MORRETES;PR;ORTIGUEIRA;20,36;20,36;169,07;21,01;82,44;12,82;34,41;29,83;99,80;84,85;0,00;0,18
2012.0;1.0;2012-01-01;BRASPINE;MORRO AZUL;;;;;184,04;19,80;86,82;13,71;39,41;27,07;100,00;116,31;0,00;3,32
2012.0;1.0;2012-01-01;BRASPINE;OURO FINO;SP;APIAI;51,70;51,70;199,43;19,56;87,46;13,74;40,57;26,81;100,00;114,88;0,00;27,09
2012.0;1.0;2012-01-01;BRASPINE;PALMEIRINHA DE BAIXO - SOSSEGO;PR;SENGES;85,93;9,22;189,96;19,17;85,57;13,06;38,81;26,45;99,87;110,97;0,00;1,94
2012.0;1.0;2012-01-01;BRASPINE;PAZIN;PR;DOUTOR ULYSSES;41,20;23,90;177,23;19,79;86,37;13,17;42,01;27,32;100,00;86,14;0,00;0,34
2012.0;1.0;2012-01-01;BRASPINE;PEDRAS;PR;CASTRO;7,18;7,18;148,76;19,30;85,44;12,42;44,52;26,41;99,68;109,72;0,00;12,42
2012.0;1.0;2012-01-01;BRASPINE;PESCARIA;PR;SAO JOSE DA BOA VISTA;184,57;129,22;149,15;21,54;79,41;15,04;33,21;29,35;99,58;0,00;0,00;2,64
2012.0;1.0;2012-01-01;BRASPINE;PESSEGUEIRO;PR;DOUTOR ULYSSES;109,95;64,79;170,34;19,58;86,48;13,17;41,08;26,65;100,00;100,00;0,00;325,13
2012.0;1.0;2012-01-01;BRASPINE;PITANGA;;;;;157,26;20,03;82,74;13,12;35,52;27,46;99,83;70,64;0,00;2,88
2012.0;1.0;2012-01-01;BRASPINE;QUEIMADINHO ARROIO CLARO;PR;DOUTOR ULYSSES;48,13;19,09;177,48;19,58;86,48;13,17;41,08;26,65;100,00;100,00;0,00;325,13
2012.0;1.0;2012-01-01;BRASPINE;QUEIMADINHO M6042;PR;DOUTOR ULYSSES;48,38;18,50;177,48;19,58;86,48;13,17;41,08;26,65;100,00;100,00;0,00;325,13
2012.0;1.0;2012-01-01;BRASPINE;QUEIMADINHO USUCAPIAO;PR;DOUTOR ULYSSES;200,27;92,43;177,48;19,58;86,48;13,17;41,08;26,65;100,00;100,00;0,00;325,13
2012.0;1.0;2012-01-01;BRASPINE;RAMOS;PR;SENGES;69,83;38,15;171,66;19,39;86,12;12,80;41,17;26,52;100,00;113,13;0,00;5,85
2012.0;1.0;2012-01-01;BRASPINE;RIBEIRAO GRANDE;PR;JAGUARIAIVA;20,77;20,77;136,96;19,20;85,25;12,49;42,13;26,44;99,80;110,59;0,00;12,34
2012.0;1.0;2012-01-01;BRASPINE;RINCAO DE BAIXO;;;;;161,51;19,78;82,41;12,29;40,58;27,43;99,53;95,08;0,00;23,92
2012.0;1.0;2012-01-01;BRASPINE;RIO BOMBA;PR;CERRO AZUL;65,03;37,72;175,00;20,66;85,08;12,74;42,13;28,23;99,99;27,67;0,00;2,58
2012.0;1.0;2012-01-01;BRASPINE;RIO DO MEIO;PR;DOUTOR ULYSSES;712,33;389,13;179,25;19,58;86,48;13,17;41,08;26,65;100,00;100,00;0,00;325,13
2012.0;1.0;2012-01-01;BRASPINE;RONDON;PR;JAGUARIAIVA;2899,24;1475,88;179,14;19,25;85,67;12,91;40,32;26,37;99,89;111,74;0,00;6,93
2012.0;1.0;2012-01-01;BRASPINE;SANTA FELICIDADE;;;;;184,40;20,99;86,05;14,25;41,21;28,45;100,00;14,25;0,00;4,96
2012.0;1.0;2012-01-01;BRASPINE;SANTA LIDIA DO CERCADINHO;;;;;156,69;19,44;82,47;12,18;41,08;26,97;99,52;93,58;0,00;23,35
2012.0;1.0;2012-01-01;BRASPINE;SANTO ANTONIO;;;;;192,40;19,22;85,78;13,20;38,61;26,51;100,00;110,43;0,00;14,77
2012.0;1.0;2012-01-01;BRASPINE;SAO JOSE;PR;JANDAIA DO SUL;37,56;37,56;149,59;22,61;78,99;15,59;32,84;31,11;99,99;0,00;0,00;0,93
2012.0;1.0;2012-01-01;BRASPINE;SAO MATHEUS;;;;;164,00;24,07;77,07;16,86;31,46;33,51;99,89;0,00;0,00;3,46
2012.0;1.0;2012-01-01;BRASPINE;SAO PEDRO E SAO PAULO;PR;SAPOPEMA;709,13;323,93;182,15;20,61;82,11;13,53;39,91;27,99;99,64;56,65;0,00;11,96
2012.0;1.0;2012-01-01;BRASPINE;SAO RAFAEL;;;;;126,75;19,54;84,08;13,45;46,87;26,41;99,74;99,02;0,00;10,55
2012.0;1.0;2012-01-01;BRASPINE;SAO RAFAEL - PB;;;;;206,67;19,67;87,32;13,79;40,05;26,96;100,00;115,78;0,00;30,67
2012.0;1.0;2012-01-01;BRASPINE;SERRARIA;PR;DOUTOR ULYSSES;280,88;117,71;167,57;19,52;86,32;12,87;42,03;26,66;100,00;113,88;0,00;0,64
2012.0;1.0;2012-01-01;BRASPINE;SERRO VERDE;;;;;164,52;19,61;82,42;12,72;39,15;26,71;99,97;97,17;0,00;3,44
2012.0;1.0;2012-01-01;BRASPINE;SERTAOZINHO;PR;DOUTOR ULYSSES;16,25;16,25;188,48;19,58;86,48;13,17;41,08;26,65;100,00;100,00;0,00;325,13
2012.0;1.0;2012-01-01;BRASPINE;SITIO BASILIO;PR;JAGUARIAIVA;8,08;8,08;154,93;19,23;84,88;12,60;42,14;26,24;99,70;110,31;0,00;10,83
2012.0;1.0;2012-01-01;BRASPINE;SITIO DAS MARRECAS;PR;DOUTOR ULYSSES;77,49;35,17;178,74;20,33;86,25;13,62;41,68;27,54;100,00;43,19;0,00;0,71
2012.0;1.0;2012-01-01;BRASPINE;SOBRADINHO;SP;BOM SUCESSO DE ITARARE;285,80;123,10;207,30;19,14;86,56;13,00;38,81;26,27;100,00;124,89;0,00;6,74
2012.0;1.0;2012-01-01;BRASPINE;TAQUARAL;PR;JAGUARIAIVA;519,13;31,07;169,56;19,45;85,57;12,94;41,73;26,52;100,00;113,12;0,00;4,97
2012.0;1.0;2012-01-01;BRASPINE;TUCUNDUVA;PR;SENGES;82,21;60,89;168,53;19,96;82,36;13,60;37,16;27,08;99,80;99,57;0,00;2,58
2012.0;1.0;2012-01-01;BRASPINE;TUCUNDUVA - CHAMMA;;;;;166,50;19,97;82,54;13,75;36,61;27,22;99,78;100,87;0,00;3,07
2012.0;1.0;2012-01-01;BRASPINE;VIENA 1;PR;DOUTOR ULYSSES;263,98;178,34;171,59;19,16;86,16;12,40;43,19;26,25;100,00;110,37;0,00;7,81
2012.0;1.0;2012-01-01;BRASPINE;VIENA 2;PR;CERRO AZUL;140,23;96,54;175,08;20,66;85,08;12,74;42,13;28,23;99,99;27,67;0,00;2,58
2012.0;1.0;2012-01-01;BRASPINE;VITORIA;PR;SENGES;50,54;35,69;189,96;19,17;85,57;13,06;38,81;26,45;99,87;110,97;0,00;1,94
2012.0;1.0;2012-01-01;BRASPINE;VIVEIRO;PR;DOUTOR ULYSSES;405,39;261,22;179,89;19,58;86,48;13,17;41,08;26,65;100,00;100,00;0,00;325,13
2012.0;1.0;2012-01-01;BRASPINE;VO LINO;PR;DOUTOR ULYSSES;164,50;97,89;176,52;19,79;86,37;13,17;42,01;27,32;100,00;86,14;0,00;0,34
2012.0;1.0;2012-01-01;BRASPINE;XAXIM VELHO;;;;;175,06;18,81;85,06;11,98;43,13;26,09;100,00;174,79;0,00;7,36
2012.0;2.0;2012-02-01;BRASPINE;AGUA DOCE;PR;JAGUARIAIVA;238,97;121,99;131,51;21,55;82,66;13,68;36,18;30,31;99,90;13,68;0,00;0,79
2012.0;2.0;2012-02-01;BRASPINE;AMATA;;;;;161,92;23,17;83,55;16,65;34,36;33,43;99,99;0,00;0,00;5,66
2012.0;2.0;2012-02-01;BRASPINE;ANTA BRAVA;;;;;168,62;24,22;78,68;15,84;35,82;32,61;99,11;0,00;0,00;0,77
2012.0;2.0;2012-02-01;BRASPINE;ARAPONGAS;PR;SENGES;423,34;263,70;144,72;21,63;84,73;14,94;37,33;31,16;100,00;14,94;0,00;1,87
2012.0;2.0;2012-02-01;BRASPINE;ARROIO CLARO;PR;DOUTOR ULYSSES;275,14;92,00;151,89;21,79;84,88;14,70;37,57;31,55;100,00;14,70;0,00;2,12
2012.0;2.0;2012-02-01;BRASPINE;BARRA GRANDE;PR;DOUTOR ULYSSES;493,79;139,68;164,31;22,17;85,11;15,36;37,69;31,87;100,00;0,00;0,00;0,08
2012.0;2.0;2012-02-01;BRASPINE;BARRA GRANDE - BEMAIS;PR;GUARAPUAVA;299,16;108,61;117,30;20,84;82,11;14,03;38,45;29,21;99,99;28,47;0,00;3,40
2012.0;2.0;2012-02-01;BRASPINE;BARRETOS;PR;JAGUARIAIVA;43,35;32,98;143,00;21,70;83,65;15,36;35,96;31,14;99,98;0,00;0,00;4,63
2012.0;2.0;2012-02-01;BRASPINE;BAU;;;;;117,65;20,81;82,47;15,70;42,80;28,09;99,88;0,00;0,00;6,93
2012.0;2.0;2012-02-01;BRASPINE;BOA VISTA II;PR;PIRAI DO SUL;944,00;535,05;137,07;21,71;83,01;15,26;36,49;30,70;99,96;0,00;0,00;5,24
2012.0;2.0;2012-02-01;BRASPINE;BRASILEIRA;;;;;153,32;21,63;84,73;14,94;37,33;31,16;100,00;14,94;0,00;1,87
2012.0;2.0;2012-02-01;BRASPINE;BURACAO;;;;;150,63;21,53;83,21;14,89;38,42;30,58;99,86;14,89;0,00;0,96
2012.0;2.0;2012-02-01;BRASPINE;BURRINHO;PR;DOUTOR ULYSSES;211,01;100,37;152,19;21,79;84,88;14,70;37,57;31,55;100,00;14,70;0,00;2,12
2012.0;2.0;2012-02-01;BRASPINE;CADEADO I;PR;JAGUARIAIVA;21,07;12,29;144,50;21,46;84,10;14,93;36,18;31,00;100,00;14,93;0,00;3,60
2012.0;2.0;2012-02-01;BRASPINE;CADEADO II;PR;JAGUARIAIVA;21,88;16,79;144,50;21,46;84,10;14,93;36,18;31,00;100,00;14,93;0,00;3,60
2012.0;2.0;2012-02-01;BRASPINE;CAMPINA ALTA;PR;TIBAGI;29,77;18,24;115,84;22,19;82,09;15,35;37,95;31,52;99,99;0,00;0,00;3,94
2012.0;2.0;2012-02-01;BRASPINE;CAMPINA DO ELIAS;PR;JAGUARIAIVA;29,17;14,65;139,40;21,61;83,81;15,21;36,04;31,09;99,99;0,00;0,00;4,30
2012.0;2.0;2012-02-01;BRASPINE;CAMPO NOVO;PR;JAGUARIAIVA;295,98;156,36;145,55;21,46;84,10;14,93;36,18;31,00;100,00;14,93;0,00;3,60
2012.0;2.0;2012-02-01;BRASPINE;CONSULTORIA II A;PR;DOUTOR ULYSSES;89,62;60,79;153,65;21,63;84,73;14,94;37,33;31,16;100,00;14,94;0,00;1,87
2012.0;2.0;2012-02-01;BRASPINE;DINIZ;;;;;156,88;21,63;84,73;14,94;37,33;31,16;100,00;14,94;0,00;1,87
2012.0;2.0;2012-02-01;BRASPINE;ENES;PR;JAGUARIAIVA;5,93;5,69;145,72;21,46;84,10;14,93;36,18;31,00;100,00;14,93;0,00;3,60
2012.0;2.0;2012-02-01;BRASPINE;ENGENHARIA;;;;;156,88;21,63;84,73;14,94;37,33;31,16;100,00;14,94;0,00;1,87
2012.0;2.0;2012-02-01;BRASPINE;ESTACAO;PR;SENGES;4,76;4,14;145,29;21,46;84,10;14,93;36,18;31,00;100,00;14,93;0,00;3,60
2012.0;2.0;2012-02-01;BRASPINE;FAXINAL;PR;JAGUARIAIVA;20,65;20,65;145,72;21,46;84,10;14,93;36,18;31,00;100,00;14,93;0,00;3,60
2012.0;2.0;2012-02-01;BRASPINE;FEITAL;PR;DOUTOR ULYSSES;154,17;86,53;156,52;21,81;84,86;15,08;37,79;31,39;100,00;0,00;0,00;1,27
2012.0;2.0;2012-02-01;BRASPINE;FIGUEIRA;PR;DOUTOR ULYSSES;1053,81;315,71;157,03;21,79;84,88;14,70;37,57;31,55;100,00;14,70;0,00;2,12
2012.0;2.0;2012-02-01;BRASPINE;FIGUEIRINHA;PR;DOUTOR ULYSSES;94,37;56,74;161,23;21,79;84,88;14,70;37,57;31,55;100,00;14,70;0,00;2,12
2012.0;2.0;2012-02-01;BRASPINE;FLOEMA;PR;DOUTOR ULYSSES;2189,88;701,43;141,28;21,25;84,48;14,77;36,17;30,81;100,00;14,77;0,00;3,89
2012.0;2.0;2012-02-01;BRASPINE;FLOEMA I - SUDATI;;;;;144,55;21,63;84,73;14,94;37,33;31,16;100,00;14,94;0,00;1,87
2012.0;2.0;2012-02-01;BRASPINE;FLOEMA II - SUDATI;PR;DOUTOR ULYSSES;453,83;211,13;152,71;21,63;84,73;14,94;37,33;31,16;100,00;14,94;0,00;1,87
2012.0;2.0;2012-02-01;BRASPINE;FLOR DA SERRA;PR;SAO JOSE DA BOA VISTA;209,10;128,72;129,39;23,39;77,44;14,90;33,47;33,08;99,46;14,90;0,00;7,66
2012.0;2.0;2012-02-01;BRASPINE;GENTIL;PR;JAGUARIAIVA;126,77;53,33;126,70;21,25;82,41;13,57;36,28;29,73;99,72;28,30;0,00;3,13
2012.0;2.0;2012-02-01;BRASPINE;GUAIRACA;PR;GUARAPUAVA;623,62;169,31;128,07;21,06;82,02;14,38;39,15;29,44;100,00;29,03;0,00;7,55
2012.0;2.0;2012-02-01;BRASPINE;HERVAL 2 - MADALOSSO;;;;;147,29;21,53;83,21;14,89;38,42;30,58;99,86;14,89;0,00;0,96
2012.0;2.0;2012-02-01;BRASPINE;HERVAL DE BAIXO;PR;RESERVA;827,29;475,92;114,08;22,16;82,25;14,93;37,28;31,46;99,94;14,93;0,00;0,18
2012.0;2.0;2012-02-01;BRASPINE;HORTO 01;PR;TURVO;19,12;19,12;117,04;21,44;83,35;14,64;41,41;29,54;99,80;29,59;0,00;8,97
2012.0;2.0;2012-02-01;BRASPINE;HORTO 02;PR;TURVO;4,24;4,24;117,23;21,44;83,35;14,64;41,41;29,54;99,80;29,59;0,00;8,97
2012.0;2.0;2012-02-01;BRASPINE;HORTO 03;PR;PRUDENTOPOLIS;80,91;25,89;117,26;22,04;82,19;14,92;39,16;30,45;99,98;14,92;0,00;1,59
2012.0;2.0;2012-02-01;BRASPINE;HORTO 08;PR;TURVO;9,53;9,53;115,18;22,04;82,19;14,92;39,16;30,45;99,98;14,92;0,00;1,59
2012.0;2.0;2012-02-01;BRASPINE;HORTO 12;PR;PRUDENTOPOLIS;12,20;12,20;118,01;22,04;82,19;14,92;39,16;30,45;99,98;14,92;0,00;1,59
2012.0;2.0;2012-02-01;BRASPINE;IZAU;PR;PIRAI DO SUL;19,37;11,60;124,97;21,35;82,51;14,35;36,09;30,01;99,77;14,35;0,00;0,48
2012.0;2.0;2012-02-01;BRASPINE;JOAO RICO;PR;JAGUARIAIVA;47,46;26,18;130,14;21,55;82,66;13,68;36,18;30,31;99,90;13,68;0,00;0,79
2012.0;2.0;2012-02-01;BRASPINE;LAGOA;PR;JAGUARIAIVA;24,10;10,78;142,19;21,46;84,10;14,93;36,18;31,00;100,00;14,93;0,00;3,60
2012.0;2.0;2012-02-01;BRASPINE;MARACANA;PR;JANDAIA DO SUL;11,45;11,45;132,16;24,16;74,42;18,02;27,45;34,08;99,97;0,00;0,00;3,99
2012.0;2.0;2012-02-01;BRASPINE;MARRECA;;;;;156,47;21,79;84,88;14,70;37,57;31,55;100,00;14,70;0,00;2,12
2012.0;2.0;2012-02-01;BRASPINE;MARRECA SP;SP;ITAPIRAPUA PAULISTA;675,30;236,19;169,13;22,55;85,10;15,47;37,87;32,58;100,00;0,00;0,00;0,03
2012.0;2.0;2012-02-01;BRASPINE;MARRECAS;;;;;127,91;20,29;82,56;14,04;40,00;28,56;100,00;57,38;0,00;18,63
2012.0;2.0;2012-02-01;BRASPINE;MERCADINHO;;;;;158,13;22,39;84,23;15,82;35,45;32,53;100,00;0,00;0,00;4,00
2012.0;2.0;2012-02-01;BRASPINE;MONTE ALEGRE;;;;;136,32;24,75;73,02;18,46;27,15;34,66;99,90;0,00;0,00;1,41
2012.0;2.0;2012-02-01;BRASPINE;MONTE TABOR II;;;;;168,31;21,85;86,32;14,15;37,20;30,67;100,00;14,15;0,00;0,83
2012.0;2.0;2012-02-01;BRASPINE;MOREIRA;PR;DOUTOR ULYSSES;230,52;68,68;152,71;21,63;84,73;14,94;37,33;31,16;100,00;14,94;0,00;1,87
2012.0;2.0;2012-02-01;BRASPINE;MOREIRAS II;PR;DOUTOR ULYSSES;66,76;28,75;153,77;21,63;84,73;14,94;37,33;31,16;100,00;14,94;0,00;1,87
2012.0;2.0;2012-02-01;BRASPINE;MORRETES;PR;ORTIGUEIRA;20,36;20,36;107,08;22,69;81,42;14,86;35,48;32,22;99,93;14,86;0,00;1,68
2012.0;2.0;2012-02-01;BRASPINE;MORRO AZUL;;;;;155,13;21,93;85,23;14,34;36,16;31,29;100,00;14,34;0,00;4,00
2012.0;2.0;2012-02-01;BRASPINE;OURO FINO;SP;APIAI;51,70;51,70;161,72;21,65;86,24;13,61;37,15;30,66;100,00;13,61;0,00;0,36
2012.0;2.0;2012-02-01;BRASPINE;PALMEIRINHA DE BAIXO - SOSSEGO;PR;SENGES;85,93;9,22;136,47;21,29;83,14;13,57;36,30;30,37;99,87;13,57;0,00;11,23
2012.0;2.0;2012-02-01;BRASPINE;PAZIN;PR;DOUTOR ULYSSES;41,20;23,90;159,51;21,79;84,88;14,70;37,57;31,55;100,00;14,70;0,00;2,12
2012.0;2.0;2012-02-01;BRASPINE;PEDRAS;PR;CASTRO;7,18;7,18;139,30;21,43;83,01;14,26;38,79;29,85;99,81;14,26;0,00;1,89
2012.0;2.0;2012-02-01;BRASPINE;PESCARIA;PR;SAO JOSE DA BOA VISTA;184,57;129,22;134,98;23,67;76,51;14,97;31,58;33,56;99,59;14,97;0,00;3,58
2012.0;2.0;2012-02-01;BRASPINE;PESSEGUEIRO;PR;DOUTOR ULYSSES;109,95;64,79;147,08;21,63;84,73;14,94;37,33;31,16;100,00;14,94;0,00;1,87
2012.0;2.0;2012-02-01;BRASPINE;PITANGA;;;;;117,51;21,53;81,50;16,26;40,83;29,62;99,75;0,00;0,00;2,76
2012.0;2.0;2012-02-01;BRASPINE;QUEIMADINHO ARROIO CLARO;PR;DOUTOR ULYSSES;48,13;19,09;153,32;21,63;84,73;14,94;37,33;31,16;100,00;14,94;0,00;1,87
2012.0;2.0;2012-02-01;BRASPINE;QUEIMADINHO M6042;PR;DOUTOR ULYSSES;48,38;18,50;153,32;21,63;84,73;14,94;37,33;31,16;100,00;14,94;0,00;1,87
2012.0;2.0;2012-02-01;BRASPINE;QUEIMADINHO USUCAPIAO;PR;DOUTOR ULYSSES;200,27;92,43;153,32;21,63;84,73;14,94;37,33;31,16;100,00;14,94;0,00;1,87
2012.0;2.0;2012-02-01;BRASPINE;RAMOS;PR;SENGES;69,83;38,15;144,55;21,46;84,10;14,93;36,18;31,00;100,00;14,93;0,00;3,60
2012.0;2.0;2012-02-01;BRASPINE;RIBEIRAO GRANDE;PR;JAGUARIAIVA;20,77;20,77;120,21;21,35;82,51;14,35;36,09;30,01;99,77;14,35;0,00;0,48
2012.0;2.0;2012-02-01;BRASPINE;RINCAO DE BAIXO;;;;;139,17;21,69;80,30;13,92;37,71;30,42;99,59;13,92;0,00;6,13
2012.0;2.0;2012-02-01;BRASPINE;RIO BOMBA;PR;CERRO AZUL;65,03;37,72;155,18;22,66;83,69;16,26;34,67;32,70;99,98;0,00;0,00;7,96
2012.0;2.0;2012-02-01;BRASPINE;RIO DO MEIO;PR;DOUTOR ULYSSES;712,33;389,13;153,65;21,63;84,73;14,94;37,33;31,16;100,00;14,94;0,00;1,87
2012.0;2.0;2012-02-01;BRASPINE;RONDON;PR;JAGUARIAIVA;2899,24;1475,88;138,35;21,36;83,29;13,75;36,51;30,49;99,89;13,75;0,00;11,83
2012.0;2.0;2012-02-01;BRASPINE;SANTA FELICIDADE;;;;;168,12;22,98;85,19;15,61;36,39;33,13;100,00;0,00;0,00;4,08
2012.0;2.0;2012-02-01;BRASPINE;SANTA LIDIA DO CERCADINHO;;;;;139,82;21,33;80,34;13,33;37,32;29,85;99,64;28,17;0,00;5,67
2012.0;2.0;2012-02-01;BRASPINE;SANTO ANTONIO;;;;;143,19;21,34;83,66;13,40;36,68;30,39;100,00;13,40;0,00;6,03
2012.0;2.0;2012-02-01;BRASPINE;SAO JOSE;PR;JANDAIA DO SUL;37,56;37,56;136,31;24,56;73,33;18,31;27,30;34,43;99,99;0,00;0,00;2,09
2012.0;2.0;2012-02-01;BRASPINE;SAO MATHEUS;;;;;122,93;25,93;72,44;19,35;28,37;35,80;99,79;0,00;0,00;3,03
2012.0;2.0;2012-02-01;BRASPINE;SAO PEDRO E SAO PAULO;PR;SAPOPEMA;709,13;323,93;91,22;22,52;78,52;14,65;31,44;31,50;99,64;14,65;0,00;1,01
2012.0;2.0;2012-02-01;BRASPINE;SAO RAFAEL;;;;;175,35;21,74;82,05;14,89;41,13;29,87;99,72;14,89;0,00;1,87
2012.0;2.0;2012-02-01;BRASPINE;SAO RAFAEL - PB;;;;;167,99;21,78;85,96;13,90;36,55;30,92;100,00;13,90;0,00;4,22
2012.0;2.0;2012-02-01;BRASPINE;SERRARIA;PR;DOUTOR ULYSSES;280,88;117,71;149,80;21,52;84,68;14,74;36,87;31,18;100,00;14,74;0,00;3,00
2012.0;2.0;2012-02-01;BRASPINE;SERRO VERDE;;;;;136,47;21,19;81,08;15,65;41,18;28,46;99,77;0,00;0,00;13,67
2012.0;2.0;2012-02-01;BRASPINE;SERTAOZINHO;PR;DOUTOR ULYSSES;16,25;16,25;147,56;21,63;84,73;14,94;37,33;31,16;100,00;14,94;0,00;1,87
2012.0;2.0;2012-02-01;BRASPINE;SITIO BASILIO;PR;JAGUARIAIVA;8,08;8,08;131,15;21,30;82,45;13,36;36,32;29,80;99,74;28,09;0,00;1,62
2012.0;2.0;2012-02-01;BRASPINE;SITIO DAS MARRECAS;PR;DOUTOR ULYSSES;77,49;35,17;163,48;22,33;85,04;15,25;38,33;32,28;100,00;0,00;0,00;0,61
2012.0;2.0;2012-02-01;BRASPINE;SOBRADINHO;SP;BOM SUCESSO DE ITARARE;285,80;123,10;159,38;21,26;84,73;12,91;36,43;30,23;100,00;12,91;0,00;1,56
2012.0;2.0;2012-02-01;BRASPINE;TAQUARAL;PR;JAGUARIAIVA;519,13;31,07;135,99;21,58;83,24;14,04;36,95;30,53;100,00;14,04;0,00;7,58
2012.0;2.0;2012-02-01;BRASPINE;TUCUNDUVA;PR;SENGES;82,21;60,89;135,74;22,01;79,74;13,05;35,31;31,23;99,77;13,05;0,00;15,11
2012.0;2.0;2012-02-01;BRASPINE;TUCUNDUVA - CHAMMA;;;;;140,99;22,09;79,74;14,10;35,50;31,51;99,63;14,10;0,00;12,43
2012.0;2.0;2012-02-01;BRASPINE;VIENA 1;PR;DOUTOR ULYSSES;263,98;178,34;141,42;21,17;84,30;14,80;37,61;30,31;100,00;14,80;0,00;3,70
2012.0;2.0;2012-02-01;BRASPINE;VIENA 2;PR;CERRO AZUL;140,23;96,54;155,14;22,66;83,69;16,26;34,67;32,70;99,98;0,00;0,00;7,96
2012.0;2.0;2012-02-01;BRASPINE;VITORIA;PR;SENGES;50,54;35,69;136,47;21,29;83,14;13,57;36,30;30,37;99,87;13,57;0,00;11,23
2012.0;2.0;2012-02-01;BRASPINE;VIVEIRO;PR;DOUTOR ULYSSES;405,39;261,22;153,77;21,63;84,73;14,94;37,33;31,16;100,00;14,94;0,00;1,87
2012.0;2.0;2012-02-01;BRASPINE;VO LINO;PR;DOUTOR ULYSSES;164,50;97,89;154,42;21,79;84,88;14,70;37,57;31,55;100,00;14,70;0,00;2,12
2012.0;2.0;2012-02-01;BRASPINE;XAXIM VELHO;;;;;150,54;20,54;83,06;14,26;42,22;28,66;100,00;57,48;0,00;3,71
2012.0;3.0;2012-03-01;BRASPINE;AGUA DOCE;PR;JAGUARIAIVA;238,97;121,99;75,47;20,03;78,17;10,69;37,02;28,10;99,86;134,68;0,00;7,12
2012.0;3.0;2012-03-01;BRASPINE;AMATA;;;;;97,58;21,68;78,02;11,50;33,85;31,45;99,93;39,03;0,00;2,88
2012.0;3.0;2012-03-01;BRASPINE;ANTA BRAVA;;;;;102,61;22,88;76,74;14,54;41,17;31,00;98,56;14,54;0,00;15,36
2012.0;3.0;2012-03-01;BRASPINE;ARAPONGAS;PR;SENGES;423,34;263,70;86,92;20,06;80,82;10,63;35,43;29,17;100,00;136,45;0,00;3,33
2012.0;3.0;2012-03-01;BRASPINE;ARROIO CLARO;PR;DOUTOR ULYSSES;275,14;92,00;85,88;20,20;80,88;10,76;34,64;29,63;100,00;108,07;0,00;351,90
2012.0;3.0;2012-03-01;BRASPINE;BARRA GRANDE;PR;DOUTOR ULYSSES;493,79;139,68;98,53;20,61;81,27;10,99;35,18;30,13;100,00;110,49;0,00;25,30
2012.0;3.0;2012-03-01;BRASPINE;BARRA GRANDE - BEMAIS;PR;GUARAPUAVA;299,16;108,61;78,09;19,17;76,34;7,41;33,83;27,41;99,98;185,71;0,00;155,97
2012.0;3.0;2012-03-01;BRASPINE;BARRETOS;PR;JAGUARIAIVA;43,35;32,98;84,58;20,10;79,62;10,67;36,20;28,84;99,86;135,76;0,00;4,00
2012.0;3.0;2012-03-01;BRASPINE;BAU;;;;;77,46;19,02;76,74;6,58;40,48;26,81;99,85;154,72;0,00;3,43
2012.0;3.0;2012-03-01;BRASPINE;BOA VISTA II;PR;PIRAI DO SUL;944,00;535,05;85,90;20,06;78,87;10,57;37,58;28,55;99,98;134,54;0,00;3,86
2012.0;3.0;2012-03-01;BRASPINE;BRASILEIRA;;;;;89,07;20,06;80,82;10,63;35,43;29,17;100,00;136,45;0,00;3,33
2012.0;3.0;2012-03-01;BRASPINE;BURACAO;;;;;110,75;19,94;77,70;10,00;36,36;28,80;99,83;161,33;0,00;3,22
2012.0;3.0;2012-03-01;BRASPINE;BURRINHO;PR;DOUTOR ULYSSES;211,01;100,37;86,15;20,20;80,88;10,76;34,64;29,63;100,00;108,07;0,00;351,90
2012.0;3.0;2012-03-01;BRASPINE;CADEADO I;PR;JAGUARIAIVA;21,07;12,29;70,33;19,88;80,15;10,52;35,51;28,80;100,00;163,39;0,00;3,23
2012.0;3.0;2012-03-01;BRASPINE;CADEADO II;PR;JAGUARIAIVA;21,88;16,79;70,33;19,88;80,15;10,52;35,51;28,80;100,00;163,39;0,00;3,23
2012.0;3.0;2012-03-01;BRASPINE;CAMPINA ALTA;PR;TIBAGI;29,77;18,24;75,23;20,79;75,07;8,68;33,75;29,13;99,97;153,74;0,00;5,15
2012.0;3.0;2012-03-01;BRASPINE;CAMPINA DO ELIAS;PR;JAGUARIAIVA;29,17;14,65;80,15;20,02;79,81;10,62;35,95;28,83;99,87;150,02;0,00;3,72
2012.0;3.0;2012-03-01;BRASPINE;CAMPO NOVO;PR;JAGUARIAIVA;295,98;156,36;85,65;19,88;80,15;10,52;35,51;28,80;100,00;163,39;0,00;3,23
2012.0;3.0;2012-03-01;BRASPINE;CONSULTORIA II A;PR;DOUTOR ULYSSES;89,62;60,79;87,34;20,06;80,82;10,63;35,43;29,17;100,00;136,45;0,00;3,33
2012.0;3.0;2012-03-01;BRASPINE;DINIZ;;;;;83,88;20,06;80,82;10,63;35,43;29,17;100,00;136,45;0,00;3,33
2012.0;3.0;2012-03-01;BRASPINE;ENES;PR;JAGUARIAIVA;5,93;5,69;85,33;19,88;80,15;10,52;35,51;28,80;100,00;163,39;0,00;3,23
2012.0;3.0;2012-03-01;BRASPINE;ENGENHARIA;;;;;83,88;20,06;80,82;10,63;35,43;29,17;100,00;136,45;0,00;3,33
2012.0;3.0;2012-03-01;BRASPINE;ESTACAO;PR;SENGES;4,76;4,14;77,75;19,88;80,15;10,52;35,51;28,80;100,00;163,39;0,00;3,23
2012.0;3.0;2012-03-01;BRASPINE;FAXINAL;PR;JAGUARIAIVA;20,65;20,65;85,33;19,88;80,15;10,52;35,51;28,80;100,00;163,39;0,00;3,23
2012.0;3.0;2012-03-01;BRASPINE;FEITAL;PR;DOUTOR ULYSSES;154,17;86,53;90,04;20,24;80,97;10,75;35,35;29,49;100,00;108,04;0,00;1,94
2012.0;3.0;2012-03-01;BRASPINE;FIGUEIRA;PR;DOUTOR ULYSSES;1053,81;315,71;86,00;20,20;80,88;10,76;34,64;29,63;100,00;108,07;0,00;351,90
2012.0;3.0;2012-03-01;BRASPINE;FIGUEIRINHA;PR;DOUTOR ULYSSES;94,37;56,74;96,15;20,20;80,88;10,76;34,64;29,63;100,00;108,07;0,00;351,90
2012.0;3.0;2012-03-01;BRASPINE;FLOEMA;PR;DOUTOR ULYSSES;2189,88;701,43;83,00;19,65;80,38;10,26;35,40;28,71;100,00;176,70;0,00;1,14
2012.0;3.0;2012-03-01;BRASPINE;FLOEMA I - SUDATI;;;;;79,20;20,06;80,82;10,63;35,43;29,17;100,00;136,45;0,00;3,33
2012.0;3.0;2012-03-01;BRASPINE;FLOEMA II - SUDATI;PR;DOUTOR ULYSSES;453,83;211,13;85,35;20,06;80,82;10,63;35,43;29,17;100,00;136,45;0,00;3,33
2012.0;3.0;2012-03-01;BRASPINE;FLOR DA SERRA;PR;SAO JOSE DA BOA VISTA;209,10;128,72;90,69;22,29;71,25;13,19;33,58;30,15;99,71;27,39;0,00;1,39
2012.0;3.0;2012-03-01;BRASPINE;GENTIL;PR;JAGUARIAIVA;126,77;53,33;72,47;19,70;77,97;10,42;37,28;27,60;99,80;160,55;0,00;13,06
2012.0;3.0;2012-03-01;BRASPINE;GUAIRACA;PR;GUARAPUAVA;623,62;169,31;77,11;19,34;76,09;6,54;34,63;27,80;99,97;170,62;0,00;152,47
2012.0;3.0;2012-03-01;BRASPINE;HERVAL 2 - MADALOSSO;;;;;98,25;19,94;77,70;10,00;36,36;28,80;99,83;161,33;0,00;3,22
2012.0;3.0;2012-03-01;BRASPINE;HERVAL DE BAIXO;PR;RESERVA;827,29;475,92;79,04;20,73;75,18;8,08;33,10;29,26;99,84;150,99;0,00;4,34
2012.0;3.0;2012-03-01;BRASPINE;HORTO 01;PR;TURVO;19,12;19,12;83,38;19,79;76,78;6,54;36,33;28,00;99,60;170,77;0,00;159,87
2012.0;3.0;2012-03-01;BRASPINE;HORTO 02;PR;TURVO;4,24;4,24;83,42;19,79;76,78;6,54;36,33;28,00;99,60;170,77;0,00;159,87
2012.0;3.0;2012-03-01;BRASPINE;HORTO 03;PR;PRUDENTOPOLIS;80,91;25,89;82,54;20,45;75,43;7,74;33,66;28,95;99,73;149,92;0,00;332,72
2012.0;3.0;2012-03-01;BRASPINE;HORTO 08;PR;TURVO;9,53;9,53;77,02;20,45;75,43;7,74;33,66;28,95;99,73;149,92;0,00;332,72
2012.0;3.0;2012-03-01;BRASPINE;HORTO 12;PR;PRUDENTOPOLIS;12,20;12,20;81,64;20,45;75,43;7,74;33,66;28,95;99,73;149,92;0,00;332,72
2012.0;3.0;2012-03-01;BRASPINE;IZAU;PR;PIRAI DO SUL;19,37;11,60;74,66;19,75;78,34;10,14;37,08;27,88;99,86;146,39;0,00;1,58
2012.0;3.0;2012-03-01;BRASPINE;JOAO RICO;PR;JAGUARIAIVA;47,46;26,18;75,00;20,03;78,17;10,69;37,02;28,10;99,86;134,68;0,00;7,12
2012.0;3.0;2012-03-01;BRASPINE;LAGOA;PR;JAGUARIAIVA;24,10;10,78;73,42;19,88;80,15;10,52;35,51;28,80;100,00;163,39;0,00;3,23
2012.0;3.0;2012-03-01;BRASPINE;MARACANA;PR;JANDAIA DO SUL;11,45;11,45;107,68;22,77;70,07;10,41;30,05;31,00;99,96;37,07;0,00;1,45
2012.0;3.0;2012-03-01;BRASPINE;MARRECA;;;;;90,70;20,20;80,88;10,76;34,64;29,63;100,00;108,07;0,00;351,90
2012.0;3.0;2012-03-01;BRASPINE;MARRECA SP;SP;ITAPIRAPUA PAULISTA;675,30;236,19;105,93;20,98;81,12;11,13;34,51;30,91;100,00;66,91;0,00;0,06
2012.0;3.0;2012-03-01;BRASPINE;MARRECAS;;;;;75,63;18,58;77,05;6,03;35,13;26,65;100,00;235,95;0,00;7,39
2012.0;3.0;2012-03-01;BRASPINE;MERCADINHO;;;;;96,02;20,84;79,56;11,29;33,83;30,49;99,95;81,71;0,00;8,18
2012.0;3.0;2012-03-01;BRASPINE;MONTE ALEGRE;;;;;106,41;23,42;67,87;10,87;28,49;31,69;99,89;22,88;0,00;85,34
2012.0;3.0;2012-03-01;BRASPINE;MONTE TABOR II;;;;;88,70;20,03;83,78;10,13;39,20;29,35;99,97;108,41;0,00;0,08
2012.0;3.0;2012-03-01;BRASPINE;MOREIRA;PR;DOUTOR ULYSSES;230,52;68,68;85,35;20,06;80,82;10,63;35,43;29,17;100,00;136,45;0,00;3,33
2012.0;3.0;2012-03-01;BRASPINE;MOREIRAS II;PR;DOUTOR ULYSSES;66,76;28,75;87,64;20,06;80,82;10,63;35,43;29,17;100,00;136,45;0,00;3,33
2012.0;3.0;2012-03-01;BRASPINE;MORRETES;PR;ORTIGUEIRA;20,36;20,36;84,25;21,39;73,43;8,22;30,32;30,31;99,72;140,83;0,00;1,07
2012.0;3.0;2012-03-01;BRASPINE;MORRO AZUL;;;;;95,37;20,39;81,43;10,63;35,67;29,63;100,00;109,12;0,00;23,02
2012.0;3.0;2012-03-01;BRASPINE;OURO FINO;SP;APIAI;51,70;51,70;106,78;19,99;83,00;9,84;39,36;29,14;100,00;121,50;0,00;2,23
2012.0;3.0;2012-03-01;BRASPINE;PALMEIRINHA DE BAIXO - SOSSEGO;PR;SENGES;85,93;9,22;94,45;19,82;78,87;10,42;34,31;28,08;99,69;178,30;0,00;6,33
2012.0;3.0;2012-03-01;BRASPINE;PAZIN;PR;DOUTOR ULYSSES;41,20;23,90;92,21;20,20;80,88;10,76;34,64;29,63;100,00;108,07;0,00;351,90
2012.0;3.0;2012-03-01;BRASPINE;PEDRAS;PR;CASTRO;7,18;7,18;84,43;19,72;78,89;9,59;39,66;27,87;99,71;174,88;0,00;4,22
2012.0;3.0;2012-03-01;BRASPINE;PESCARIA;PR;SAO JOSE DA BOA VISTA;184,57;129,22;92,61;22,67;69,56;13,40;29,38;30,67;99,76;27,91;0,00;6,87
2012.0;3.0;2012-03-01;BRASPINE;PESSEGUEIRO;PR;DOUTOR ULYSSES;109,95;64,79;77,62;20,06;80,82;10,63;35,43;29,17;100,00;136,45;0,00;3,33
2012.0;3.0;2012-03-01;BRASPINE;PITANGA;;;;;110,76;19,81;75,40;7,15;39,92;27,65;99,81;119,03;0,00;1,16
2012.0;3.0;2012-03-01;BRASPINE;QUEIMADINHO ARROIO CLARO;PR;DOUTOR ULYSSES;48,13;19,09;89,07;20,06;80,82;10,63;35,43;29,17;100,00;136,45;0,00;3,33
2012.0;3.0;2012-03-01;BRASPINE;QUEIMADINHO M6042;PR;DOUTOR ULYSSES;48,38;18,50;89,07;20,06;80,82;10,63;35,43;29,17;100,00;136,45;0,00;3,33
2012.0;3.0;2012-03-01;BRASPINE;QUEIMADINHO USUCAPIAO;PR;DOUTOR ULYSSES;200,27;92,43;89,07;20,06;80,82;10,63;35,43;29,17;100,00;136,45;0,00;3,33
2012.0;3.0;2012-03-01;BRASPINE;RAMOS;PR;SENGES;69,83;38,15;79,20;19,88;80,15;10,52;35,51;28,80;100,00;163,39;0,00;3,23
2012.0;3.0;2012-03-01;BRASPINE;RIBEIRAO GRANDE;PR;JAGUARIAIVA;20,77;20,77;72,25;19,75;78,34;10,14;37,08;27,88;99,86;146,39;0,00;1,58
2012.0;3.0;2012-03-01;BRASPINE;RINCAO DE BAIXO;;;;;84,59;20,26;74,35;9,48;34,13;27,91;99,51;128,79;0,00;0,36
2012.0;3.0;2012-03-01;BRASPINE;RIO BOMBA;PR;CERRO AZUL;65,03;37,72;91,71;21,13;78,42;11,14;34,23;30,73;99,88;67,20;0,00;2,81
2012.0;3.0;2012-03-01;BRASPINE;RIO DO MEIO;PR;DOUTOR ULYSSES;712,33;389,13;88,02;20,06;80,82;10,63;35,43;29,17;100,00;136,45;0,00;3,33
2012.0;3.0;2012-03-01;BRASPINE;RONDON;PR;JAGUARIAIVA;2899,24;1475,88;83,75;19,83;79,27;10,51;36,33;28,13;99,76;163,59;0,00;24,20
2012.0;3.0;2012-03-01;BRASPINE;SANTA FELICIDADE;;;;;114,13;21,42;81,35;11,67;34,00;31,70;100,00;53,31;0,00;1,25
2012.0;3.0;2012-03-01;BRASPINE;SANTA LIDIA DO CERCADINHO;;;;;83,28;19,88;74,67;9,35;34,87;27,35;99,52;142,40;0,00;8,15
2012.0;3.0;2012-03-01;BRASPINE;SANTO ANTONIO;;;;;94,72;19,85;79,43;10,20;34,20;28,32;100,00;162,93;0,00;317,35
2012.0;3.0;2012-03-01;BRASPINE;SAO JOSE;PR;JANDAIA DO SUL;37,56;37,56;105,94;23,22;68,34;10,79;28,88;31,46;99,93;22,71;0,00;0,17
2012.0;3.0;2012-03-01;BRASPINE;SAO MATHEUS;;;;;98,79;24,74;65,53;10,50;26,99;33,26;99,67;23,29;0,00;5,08
2012.0;3.0;2012-03-01;BRASPINE;SAO PEDRO E SAO PAULO;PR;SAPOPEMA;709,13;323,93;82,01;21,21;73,13;10,74;34,72;28,82;99,49;94,42;0,00;5,83
2012.0;3.0;2012-03-01;BRASPINE;SAO RAFAEL;;;;;62,14;19,83;76,47;8,86;36,90;28,77;99,68;129,81;0,00;4,97
2012.0;3.0;2012-03-01;BRASPINE;SAO RAFAEL - PB;;;;;110,75;20,16;82,54;10,18;38,51;29,38;100,00;108,10;0,00;7,10
2012.0;3.0;2012-03-01;BRASPINE;SERRARIA;PR;DOUTOR ULYSSES;280,88;117,71;88,30;19,92;80,63;10,51;35,02;29,17;100,00;150,14;0,00;0,88
2012.0;3.0;2012-03-01;BRASPINE;SERRO VERDE;;;;;59,12;19,38;75,37;6,62;39,93;27,29;99,92;143,67;0,00;2,43
2012.0;3.0;2012-03-01;BRASPINE;SERTAOZINHO;PR;DOUTOR ULYSSES;16,25;16,25;86,80;20,06;80,82;10,63;35,43;29,17;100,00;136,45;0,00;3,33
2012.0;3.0;2012-03-01;BRASPINE;SITIO BASILIO;PR;JAGUARIAIVA;8,08;8,08;75,07;19,77;77,90;10,55;37,27;27,65;99,80;161,41;0,00;9,92
2012.0;3.0;2012-03-01;BRASPINE;SITIO DAS MARRECAS;PR;DOUTOR ULYSSES;77,49;35,17;97,62;20,75;81,05;11,03;34,55;30,54;100,00;80,96;0,00;0,06
2012.0;3.0;2012-03-01;BRASPINE;SOBRADINHO;SP;BOM SUCESSO DE ITARARE;285,80;123,10;100,32;19,75;80,66;9,95;35,50;28,34;100,00;162,05;0,00;8,24
2012.0;3.0;2012-03-01;BRASPINE;TAQUARAL;PR;JAGUARIAIVA;519,13;31,07;82,33;20,02;79,00;10,63;37,34;28,28;99,84;135,58;0,00;0,97
2012.0;3.0;2012-03-01;BRASPINE;TUCUNDUVA;PR;SENGES;82,21;60,89;93,77;20,77;73,91;11,43;32,86;28,63;99,77;93,93;0,00;12,60
2012.0;3.0;2012-03-01;BRASPINE;TUCUNDUVA - CHAMMA;;;;;92,14;20,85;74,04;11,51;32,07;28,80;99,76;95,33;0,00;8,17
2012.0;3.0;2012-03-01;BRASPINE;VIENA 1;PR;DOUTOR ULYSSES;263,98;178,34;88,96;19,56;79,94;10,18;37,37;28,32;99,98;174,71;0,00;1,86
2012.0;3.0;2012-03-01;BRASPINE;VIENA 2;PR;CERRO AZUL;140,23;96,54;91,41;21,13;78,42;11,14;34,23;30,73;99,88;67,20;0,00;2,81
2012.0;3.0;2012-03-01;BRASPINE;VITORIA;PR;SENGES;50,54;35,69;94,45;19,82;78,87;10,42;34,31;28,08;99,69;178,30;0,00;6,33
2012.0;3.0;2012-03-01;BRASPINE;VIVEIRO;PR;DOUTOR ULYSSES;405,39;261,22;87,64;20,06;80,82;10,63;35,43;29,17;100,00;136,45;0,00;3,33
2012.0;3.0;2012-03-01;BRASPINE;VO LINO;PR;DOUTOR ULYSSES;164,50;97,89;88,65;20,20;80,88;10,76;34,64;29,63;100,00;108,07;0,00;351,90
2012.0;3.0;2012-03-01;BRASPINE;XAXIM VELHO;;;;;80,15;18,73;77,47;6,07;37,63;26,82;100,00;239,70;0,00;1,43
2012.0;4.0;2012-04-01;BRASPINE;AGUA DOCE;PR;JAGUARIAIVA;238,97;121,99;99,99;18,54;82,05;9,39;41,87;27,78;99,86;201,43;0,00;9,37
2012.0;4.0;2012-04-01;BRASPINE;AMATA;;;;;147,31;20,03;81,38;10,58;42,17;30,72;100,00;54,13;0,00;2,50
2012.0;4.0;2012-04-01;BRASPINE;ANTA BRAVA;;;;;119,60;21,61;79,06;14,75;42,36;30,51;98,16;14,75;0,00;7,01
2012.0;4.0;2012-04-01;BRASPINE;ARAPONGAS;PR;SENGES;423,34;263,70;117,75;18,49;85,11;10,04;43,99;28,45;100,00;190,69;0,00;3,59
2012.0;4.0;2012-04-01;BRASPINE;ARROIO CLARO;PR;DOUTOR ULYSSES;275,14;92,00;128,49;18,63;85,02;9,89;43,85;28,84;100,00;193,63;0,00;1,36
2012.0;4.0;2012-04-01;BRASPINE;BARRA GRANDE;PR;DOUTOR ULYSSES;493,79;139,68;145,73;19,01;85,37;10,76;43,56;29,39;100,00;152,12;0,00;0,38
2012.0;4.0;2012-04-01;BRASPINE;BARRA GRANDE - BEMAIS;PR;GUARAPUAVA;299,16;108,61;209,07;17,26;83,33;6,19;41,87;26,72;99,99;258,50;0,00;2,08
2012.0;4.0;2012-04-01;BRASPINE;BARRETOS;PR;JAGUARIAIVA;43,35;32,98;114,25;18,51;84,10;9,72;43,34;28,20;100,00;188,73;0,00;1,99
2012.0;4.0;2012-04-01;BRASPINE;BAU;;;;;238,02;17,27;83,23;5,34;42,86;25,93;99,90;220,16;0,00;1,70
2012.0;4.0;2012-04-01;BRASPINE;BOA VISTA II;PR;PIRAI DO SUL;944,00;535,05;115,01;18,52;83,24;9,27;42,63;27,97;99,99;201,35;0,00;2,58
2012.0;4.0;2012-04-01;BRASPINE;BRASILEIRA;;;;;126,61;18,49;85,11;10,04;43,99;28,45;100,00;190,69;0,00;3,59
2012.0;4.0;2012-04-01;BRASPINE;BURACAO;;;;;145,29;18,29;82,64;8,65;43,59;28,16;99,79;199,97;0,00;5,12
2012.0;4.0;2012-04-01;BRASPINE;BURRINHO;PR;DOUTOR ULYSSES;211,01;100,37;128,80;18,63;85,02;9,89;43,85;28,84;100,00;193,63;0,00;1,36
2012.0;4.0;2012-04-01;BRASPINE;CADEADO I;PR;JAGUARIAIVA;21,07;12,29;103,28;18,30;84,60;9,64;43,43;28,04;100,00;186,28;0,00;1,05
2012.0;4.0;2012-04-01;BRASPINE;CADEADO II;PR;JAGUARIAIVA;21,88;16,79;103,28;18,30;84,60;9,64;43,43;28,04;100,00;186,28;0,00;1,05
2012.0;4.0;2012-04-01;BRASPINE;CAMPINA ALTA;PR;TIBAGI;29,77;18,24;195,17;18,97;80,99;8,81;40,74;28,91;99,98;189,88;0,00;2,41
2012.0;4.0;2012-04-01;BRASPINE;CAMPINA DO ELIAS;PR;JAGUARIAIVA;29,17;14,65;114,16;18,43;84,28;9,69;43,61;28,14;100,00;187,84;0,00;1,67
2012.0;4.0;2012-04-01;BRASPINE;CAMPO NOVO;PR;JAGUARIAIVA;295,98;156,36;118,93;18,30;84,60;9,64;43,43;28,04;100,00;186,28;0,00;1,05
2012.0;4.0;2012-04-01;BRASPINE;CONSULTORIA II A;PR;DOUTOR ULYSSES;89,62;60,79;123,84;18,49;85,11;10,04;43,99;28,45;100,00;190,69;0,00;3,59
2012.0;4.0;2012-04-01;BRASPINE;DINIZ;;;;;125,56;18,49;85,11;10,04;43,99;28,45;100,00;190,69;0,00;3,59
2012.0;4.0;2012-04-01;BRASPINE;ENES;PR;JAGUARIAIVA;5,93;5,69;119,08;18,30;84,60;9,64;43,43;28,04;100,00;186,28;0,00;1,05
2012.0;4.0;2012-04-01;BRASPINE;ENGENHARIA;;;;;125,56;18,49;85,11;10,04;43,99;28,45;100,00;190,69;0,00;3,59
2012.0;4.0;2012-04-01;BRASPINE;ESTACAO;PR;SENGES;4,76;4,14;114,15;18,30;84,60;9,64;43,43;28,04;100,00;186,28;0,00;1,05
2012.0;4.0;2012-04-01;BRASPINE;FAXINAL;PR;JAGUARIAIVA;20,65;20,65;119,08;18,30;84,60;9,64;43,43;28,04;100,00;186,28;0,00;1,05
2012.0;4.0;2012-04-01;BRASPINE;FEITAL;PR;DOUTOR ULYSSES;154,17;86,53;131,27;18,66;85,20;10,28;44,05;28,76;100,00;178,15;0,00;2,52
2012.0;4.0;2012-04-01;BRASPINE;FIGUEIRA;PR;DOUTOR ULYSSES;1053,81;315,71;131,15;18,63;85,02;9,89;43,85;28,84;100,00;193,63;0,00;1,36
2012.0;4.0;2012-04-01;BRASPINE;FIGUEIRINHA;PR;DOUTOR ULYSSES;94,37;56,74;148,19;18,63;85,02;9,89;43,85;28,84;100,00;193,63;0,00;1,36
2012.0;4.0;2012-04-01;BRASPINE;FLOEMA;PR;DOUTOR ULYSSES;2189,88;701,43;120,31;18,11;84,80;8,95;44,07;27,92;100,00;214,33;0,00;1,08
2012.0;4.0;2012-04-01;BRASPINE;FLOEMA I - SUDATI;;;;;115,56;18,49;85,11;10,04;43,99;28,45;100,00;190,69;0,00;3,59
2012.0;4.0;2012-04-01;BRASPINE;FLOEMA II - SUDATI;PR;DOUTOR ULYSSES;453,83;211,13;119,39;18,49;85,11;10,04;43,99;28,45;100,00;190,69;0,00;3,59
2012.0;4.0;2012-04-01;BRASPINE;FLOR DA SERRA;PR;SAO JOSE DA BOA VISTA;209,10;128,72;110,72;20,89;74,23;11,79;36,31;30,60;99,46;39,23;0,00;0,45
2012.0;4.0;2012-04-01;BRASPINE;GENTIL;PR;JAGUARIAIVA;126,77;53,33;103,70;18,24;81,81;8,79;42,03;27,34;99,73;196,42;0,00;3,08
2012.0;4.0;2012-04-01;BRASPINE;GUAIRACA;PR;GUARAPUAVA;623,62;169,31;214,21;17,41;82,98;6,42;42,05;26,95;99,99;244,27;0,00;6,15
2012.0;4.0;2012-04-01;BRASPINE;HERVAL 2 - MADALOSSO;;;;;148,66;18,29;82,64;8,65;43,59;28,16;99,79;199,97;0,00;5,12
2012.0;4.0;2012-04-01;BRASPINE;HERVAL DE BAIXO;PR;RESERVA;827,29;475,92;212,21;18,87;81,17;8,38;39,50;29,06;99,90;183,16;0,00;0,98
2012.0;4.0;2012-04-01;BRASPINE;HORTO 01;PR;TURVO;19,12;19,12;229,48;17,94;82,97;6,44;41,80;27,53;99,79;201,33;0,00;1,87
2012.0;4.0;2012-04-01;BRASPINE;HORTO 02;PR;TURVO;4,24;4,24;230,41;17,94;82,97;6,44;41,80;27,53;99,79;201,33;0,00;1,87
2012.0;4.0;2012-04-01;BRASPINE;HORTO 03;PR;PRUDENTOPOLIS;80,91;25,89;228,65;18,51;81,93;7,12;39,70;28,47;99,88;182,87;0,00;44,30
2012.0;4.0;2012-04-01;BRASPINE;HORTO 08;PR;TURVO;9,53;9,53;229,07;18,51;81,93;7,12;39,70;28,47;99,88;182,87;0,00;44,30
2012.0;4.0;2012-04-01;BRASPINE;HORTO 12;PR;PRUDENTOPOLIS;12,20;12,20;230,68;18,51;81,93;7,12;39,70;28,47;99,88;182,87;0,00;44,30
2012.0;4.0;2012-04-01;BRASPINE;IZAU;PR;PIRAI DO SUL;19,37;11,60;106,34;18,23;82,60;9,19;42,39;27,51;99,69;197,85;0,00;0,55
2012.0;4.0;2012-04-01;BRASPINE;JOAO RICO;PR;JAGUARIAIVA;47,46;26,18;103,23;18,54;82,05;9,39;41,87;27,78;99,86;201,43;0,00;9,37
2012.0;4.0;2012-04-01;BRASPINE;LAGOA;PR;JAGUARIAIVA;24,10;10,78;107,12;18,30;84,60;9,64;43,43;28,04;100,00;186,28;0,00;1,05
2012.0;4.0;2012-04-01;BRASPINE;MARACANA;PR;JANDAIA DO SUL;11,45;11,45;181,66;21,28;74,90;9,72;29,60;31,33;100,00;37,88;0,00;0,38
2012.0;4.0;2012-04-01;BRASPINE;MARRECA;;;;;134,49;18,63;85,02;9,89;43,85;28,84;100,00;193,63;0,00;1,36
2012.0;4.0;2012-04-01;BRASPINE;MARRECA SP;SP;ITAPIRAPUA PAULISTA;675,30;236,19;154,42;19,37;84,99;10,99;43,09;30,06;100,00;110,79;0,00;0,77
2012.0;4.0;2012-04-01;BRASPINE;MARRECAS;;;;;218,68;16,68;84,20;5,64;43,29;25,85;100,00;304,78;0,00;9,81
2012.0;4.0;2012-04-01;BRASPINE;MERCADINHO;;;;;146,45;19,24;83,24;10,27;42,68;29,75;100,00;109,24;0,00;0,23
2012.0;4.0;2012-04-01;BRASPINE;MONTE ALEGRE;;;;;166,13;21,81;73,46;10,17;27,56;31,97;99,99;23,88;0,00;3,25
2012.0;4.0;2012-04-01;BRASPINE;MONTE TABOR II;;;;;109,26;18,70;87,13;11,20;45,71;28,77;100,00;153,32;0,00;1,78
2012.0;4.0;2012-04-01;BRASPINE;MOREIRA;PR;DOUTOR ULYSSES;230,52;68,68;119,39;18,49;85,11;10,04;43,99;28,45;100,00;190,69;0,00;3,59
2012.0;4.0;2012-04-01;BRASPINE;MOREIRAS II;PR;DOUTOR ULYSSES;66,76;28,75;124,49;18,49;85,11;10,04;43,99;28,45;100,00;190,69;0,00;3,59
2012.0;4.0;2012-04-01;BRASPINE;MORRETES;PR;ORTIGUEIRA;20,36;20,36;203,83;19,48;79,37;8,15;34,99;30,16;99,80;186,85;0,00;1,56
2012.0;4.0;2012-04-01;BRASPINE;MORRO AZUL;;;;;102,20;18,78;85,86;11,02;43,22;29,07;100,00;164,76;0,00;4,01
2012.0;4.0;2012-04-01;BRASPINE;OURO FINO;SP;APIAI;51,70;51,70;115,32;18,52;87,08;11,08;44,89;28,53;100,00;164,64;0,00;0,93
2012.0;4.0;2012-04-01;BRASPINE;PALMEIRINHA DE BAIXO - SOSSEGO;PR;SENGES;85,93;9,22;94,67;18,31;83,10;10,18;41,20;27,75;99,86;200,79;0,00;20,96
2012.0;4.0;2012-04-01;BRASPINE;PAZIN;PR;DOUTOR ULYSSES;41,20;23,90;138,21;18,63;85,02;9,89;43,85;28,84;100,00;193,63;0,00;1,36
2012.0;4.0;2012-04-01;BRASPINE;PEDRAS;PR;CASTRO;7,18;7,18;125,25;18,18;83,24;8,58;43,28;27,22;99,76;195,30;0,00;4,61
2012.0;4.0;2012-04-01;BRASPINE;PESCARIA;PR;SAO JOSE DA BOA VISTA;184,57;129,22;105,23;21,21;73,18;12,22;33,47;31,16;99,41;40,10;0,00;1,26
2012.0;4.0;2012-04-01;BRASPINE;PESSEGUEIRO;PR;DOUTOR ULYSSES;109,95;64,79;115,98;18,49;85,11;10,04;43,99;28,45;100,00;190,69;0,00;3,59
2012.0;4.0;2012-04-01;BRASPINE;PITANGA;;;;;256,36;18,08;81,89;6,01;40,67;26,99;99,88;187,66;0,00;0,38
2012.0;4.0;2012-04-01;BRASPINE;QUEIMADINHO ARROIO CLARO;PR;DOUTOR ULYSSES;48,13;19,09;126,61;18,49;85,11;10,04;43,99;28,45;100,00;190,69;0,00;3,59
2012.0;4.0;2012-04-01;BRASPINE;QUEIMADINHO M6042;PR;DOUTOR ULYSSES;48,38;18,50;126,61;18,49;85,11;10,04;43,99;28,45;100,00;190,69;0,00;3,59
2012.0;4.0;2012-04-01;BRASPINE;QUEIMADINHO USUCAPIAO;PR;DOUTOR ULYSSES;200,27;92,43;126,61;18,49;85,11;10,04;43,99;28,45;100,00;190,69;0,00;3,59
2012.0;4.0;2012-04-01;BRASPINE;RAMOS;PR;SENGES;69,83;38,15;115,56;18,30;84,60;9,64;43,43;28,04;100,00;186,28;0,00;1,05
2012.0;4.0;2012-04-01;BRASPINE;RIBEIRAO GRANDE;PR;JAGUARIAIVA;20,77;20,77;103,70;18,23;82,60;9,19;42,39;27,51;99,69;197,85;0,00;0,55
2012.0;4.0;2012-04-01;BRASPINE;RINCAO DE BAIXO;;;;;166,57;18,65;79,08;8,74;37,09;27,83;99,60;193,40;0,00;0,77
2012.0;4.0;2012-04-01;BRASPINE;RIO BOMBA;PR;CERRO AZUL;65,03;37,72;142,04;19,54;81,66;10,01;42,73;30,05;99,97;95,35;0,00;1,65
2012.0;4.0;2012-04-01;BRASPINE;RIO DO MEIO;PR;DOUTOR ULYSSES;712,33;389,13;125,08;18,49;85,11;10,04;43,99;28,45;100,00;190,69;0,00;3,59
2012.0;4.0;2012-04-01;BRASPINE;RONDON;PR;JAGUARIAIVA;2899,24;1475,88;88,55;18,32;83,31;9,86;42,46;27,66;99,88;215,24;0,00;5,15
2012.0;4.0;2012-04-01;BRASPINE;SANTA FELICIDADE;;;;;153,06;19,79;85,02;11,76;42,48;30,81;100,00;53,34;0,00;5,82
2012.0;4.0;2012-04-01;BRASPINE;SANTA LIDIA DO CERCADINHO;;;;;169,67;18,33;79,14;8,49;37,39;27,29;99,57;191,07;0,00;0,84
2012.0;4.0;2012-04-01;BRASPINE;SANTO ANTONIO;;;;;103,52;18,33;83,90;10,45;41,06;27,93;100,00;186,79;0,00;12,10
2012.0;4.0;2012-04-01;BRASPINE;SAO JOSE;PR;JANDAIA DO SUL;37,56;37,56;165,97;21,64;73,79;10,05;28,07;31,73;100,00;23,64;0,00;3,76
2012.0;4.0;2012-04-01;BRASPINE;SAO MATHEUS;;;;;165,33;22,94;71,94;10,88;25,25;33,56;99,94;25,44;0,00;0,21
2012.0;4.0;2012-04-01;BRASPINE;SAO PEDRO E SAO PAULO;PR;SAPOPEMA;709,13;323,93;135,73;19,79;76,57;9,77;35,80;29,43;99,65;190,81;0,00;0,43
2012.0;4.0;2012-04-01;BRASPINE;SAO RAFAEL;;;;;181,94;18,16;80,79;7,45;41,34;28,04;99,59;193,46;0,00;2,95
2012.0;4.0;2012-04-01;BRASPINE;SAO RAFAEL - PB;;;;;118,46;18,64;86,79;11,15;44,13;28,78;100,00;165,85;0,00;3,20
2012.0;4.0;2012-04-01;BRASPINE;SERRARIA;PR;DOUTOR ULYSSES;280,88;117,71;127,88;18,37;84,91;9,42;44,26;28,38;100,00;189,20;0,00;0,50
2012.0;4.0;2012-04-01;BRASPINE;SERRO VERDE;;;;;253,01;17,58;82,37;5,38;40,95;26,26;99,94;213,26;0,00;3,53
2012.0;4.0;2012-04-01;BRASPINE;SERTAOZINHO;PR;DOUTOR ULYSSES;16,25;16,25;124,55;18,49;85,11;10,04;43,99;28,45;100,00;190,69;0,00;3,59
2012.0;4.0;2012-04-01;BRASPINE;SITIO BASILIO;PR;JAGUARIAIVA;8,08;8,08;99,61;18,33;81,63;8,82;41,87;27,41;99,77;197,32;0,00;0,16
2012.0;4.0;2012-04-01;BRASPINE;SITIO DAS MARRECAS;PR;DOUTOR ULYSSES;77,49;35,17;148,59;19,16;85,00;10,68;43,31;29,71;100,00;124,19;0,00;0,94
2012.0;4.0;2012-04-01;BRASPINE;SOBRADINHO;SP;BOM SUCESSO DE ITARARE;285,80;123,10;102,20;18,24;85,26;10,59;41,86;27,91;100,00;217,41;0,00;3,19
2012.0;4.0;2012-04-01;BRASPINE;TAQUARAL;PR;JAGUARIAIVA;519,13;31,07;99,63;18,52;82,97;9,75;42,57;27,81;100,00;202,52;0,00;3,13
2012.0;4.0;2012-04-01;BRASPINE;TUCUNDUVA;PR;SENGES;82,21;60,89;102,97;19,32;77,71;10,39;37,09;28,71;99,55;193,28;0,00;16,85
2012.0;4.0;2012-04-01;BRASPINE;TUCUNDUVA - CHAMMA;;;;;98,65;19,36;78,07;10,78;36,27;28,84;99,54;165,64;0,00;14,03
2012.0;4.0;2012-04-01;BRASPINE;VIENA 1;PR;DOUTOR ULYSSES;263,98;178,34;119,39;18,00;84,61;8,74;44,90;27,50;100,00;211,02;0,00;1,94
2012.0;4.0;2012-04-01;BRASPINE;VIENA 2;PR;CERRO AZUL;140,23;96,54;141,83;19,54;81,66;10,01;42,73;30,05;99,97;95,35;0,00;1,65
2012.0;4.0;2012-04-01;BRASPINE;VITORIA;PR;SENGES;50,54;35,69;94,67;18,31;83,10;10,18;41,20;27,75;99,86;200,79;0,00;20,96
2012.0;4.0;2012-04-01;BRASPINE;VIVEIRO;PR;DOUTOR ULYSSES;405,39;261,22;124,49;18,49;85,11;10,04;43,99;28,45;100,00;190,69;0,00;3,59
2012.0;4.0;2012-04-01;BRASPINE;VO LINO;PR;DOUTOR ULYSSES;164,50;97,89;131,31;18,63;85,02;9,89;43,85;28,84;100,00;193,63;0,00;1,36
2012.0;4.0;2012-04-01;BRASPINE;XAXIM VELHO;;;;;248,05;16,82;84,29;5,67;42,57;25,98;100,00;310,94;0,00;1,35
2012.0;5.0;2012-05-01;BRASPINE;AGUA DOCE;PR;JAGUARIAIVA;238,97;121,99;62,81;14,89;85,36;5,74;44,27;23,17;99,96;365,56;0,00;2,16
2012.0;5.0;2012-05-01;BRASPINE;AMATA;;;;;59,46;16,33;85,54;6,53;42,49;26,18;100,00;388,07;0,00;0,68
2012.0;5.0;2012-05-01;BRASPINE;ANTA BRAVA;;;;;67,28;17,86;81,15;10,91;44,98;26,43;99,74;218,57;0,00;2,59
2012.0;5.0;2012-05-01;BRASPINE;ARAPONGAS;PR;SENGES;423,34;263,70;61,90;15,02;87,45;5,88;43,67;24,28;100,00;375,11;0,00;3,28
2012.0;5.0;2012-05-01;BRASPINE;ARROIO CLARO;PR;DOUTOR ULYSSES;275,14;92,00;53,35;15,11;87,70;5,66;43,64;24,75;100,00;377,41;0,00;2,02
2012.0;5.0;2012-05-01;BRASPINE;BARRA GRANDE;PR;DOUTOR ULYSSES;493,79;139,68;59,87;15,55;87,58;6,31;42,99;25,15;100,00;389,26;0,00;0,74
2012.0;5.0;2012-05-01;BRASPINE;BARRA GRANDE - BEMAIS;PR;GUARAPUAVA;299,16;108,61;70,80;13,97;85,38;3,64;45,02;22,02;100,00;322,30;3,64;3,95
2012.0;5.0;2012-05-01;BRASPINE;BARRETOS;PR;JAGUARIAIVA;43,35;32,98;65,63;14,97;86,99;5,71;44,60;23,81;100,00;355,63;0,00;3,69
2012.0;5.0;2012-05-01;BRASPINE;BAU;;;;;78,14;14,23;84,50;3,30;45,55;22,06;99,92;321,17;3,30;1,28
2012.0;5.0;2012-05-01;BRASPINE;BOA VISTA II;PR;PIRAI DO SUL;944,00;535,05;62,24;14,94;86,39;5,62;44,09;23,54;100,00;353,02;0,00;1,20
2012.0;5.0;2012-05-01;BRASPINE;BRASILEIRA;;;;;58,95;15,02;87,45;5,88;43,67;24,28;100,00;375,11;0,00;3,28
2012.0;5.0;2012-05-01;BRASPINE;BURACAO;;;;;63,26;14,84;86,07;5,11;44,48;23,79;100,00;350,34;0,00;2,59
2012.0;5.0;2012-05-01;BRASPINE;BURRINHO;PR;DOUTOR ULYSSES;211,01;100,37;53,19;15,11;87,70;5,66;43,64;24,75;100,00;377,41;0,00;2,02
2012.0;5.0;2012-05-01;BRASPINE;CADEADO I;PR;JAGUARIAIVA;21,07;12,29;61,55;14,80;87,19;5,58;44,29;23,84;100,00;366,08;0,00;2,88
2012.0;5.0;2012-05-01;BRASPINE;CADEADO II;PR;JAGUARIAIVA;21,88;16,79;61,55;14,80;87,19;5,58;44,29;23,84;100,00;366,08;0,00;2,88
2012.0;5.0;2012-05-01;BRASPINE;CAMPINA ALTA;PR;TIBAGI;29,77;18,24;75,45;15,66;82,96;5,75;45,25;23,42;100,00;363,63;0,00;335,63
2012.0;5.0;2012-05-01;BRASPINE;CAMPINA DO ELIAS;PR;JAGUARIAIVA;29,17;14,65;53,49;14,91;87,06;5,66;44,49;23,82;100,00;354,07;0,00;3,42
2012.0;5.0;2012-05-01;BRASPINE;CAMPO NOVO;PR;JAGUARIAIVA;295,98;156,36;63,69;14,80;87,19;5,58;44,29;23,84;100,00;366,08;0,00;2,88
2012.0;5.0;2012-05-01;BRASPINE;CONSULTORIA II A;PR;DOUTOR ULYSSES;89,62;60,79;59,71;15,02;87,45;5,88;43,67;24,28;100,00;375,11;0,00;3,28
2012.0;5.0;2012-05-01;BRASPINE;DINIZ;;;;;61,21;15,02;87,45;5,88;43,67;24,28;100,00;375,11;0,00;3,28
2012.0;5.0;2012-05-01;BRASPINE;ENES;PR;JAGUARIAIVA;5,93;5,69;63,98;14,80;87,19;5,58;44,29;23,84;100,00;366,08;0,00;2,88
2012.0;5.0;2012-05-01;BRASPINE;ENGENHARIA;;;;;61,21;15,02;87,45;5,88;43,67;24,28;100,00;375,11;0,00;3,28
2012.0;5.0;2012-05-01;BRASPINE;ESTACAO;PR;SENGES;4,76;4,14;58,84;14,80;87,19;5,58;44,29;23,84;100,00;366,08;0,00;2,88
2012.0;5.0;2012-05-01;BRASPINE;FAXINAL;PR;JAGUARIAIVA;20,65;20,65;63,98;14,80;87,19;5,58;44,29;23,84;100,00;366,08;0,00;2,88
2012.0;5.0;2012-05-01;BRASPINE;FEITAL;PR;DOUTOR ULYSSES;154,17;86,53;59,29;15,19;87,50;6,03;43,44;24,57;100,00;379,85;0,00;331,47
2012.0;5.0;2012-05-01;BRASPINE;FIGUEIRA;PR;DOUTOR ULYSSES;1053,81;315,71;57,66;15,11;87,70;5,66;43,64;24,75;100,00;377,41;0,00;2,02
2012.0;5.0;2012-05-01;BRASPINE;FIGUEIRINHA;PR;DOUTOR ULYSSES;94,37;56,74;58,57;15,11;87,70;5,66;43,64;24,75;100,00;377,41;0,00;2,02
2012.0;5.0;2012-05-01;BRASPINE;FLOEMA;PR;DOUTOR ULYSSES;2189,88;701,43;54,69;14,59;87,60;5,14;44,23;23,90;100,00;361,04;0,00;2,95
2012.0;5.0;2012-05-01;BRASPINE;FLOEMA I - SUDATI;;;;;61,19;15,02;87,45;5,88;43,67;24,28;100,00;375,11;0,00;3,28
2012.0;5.0;2012-05-01;BRASPINE;FLOEMA II - SUDATI;PR;DOUTOR ULYSSES;453,83;211,13;60,80;15,02;87,45;5,88;43,67;24,28;100,00;375,11;0,00;3,28
2012.0;5.0;2012-05-01;BRASPINE;FLOR DA SERRA;PR;SAO JOSE DA BOA VISTA;209,10;128,72;61,16;16,90;78,78;8,24;38,77;24,82;99,96;365,10;0,00;6,58
2012.0;5.0;2012-05-01;BRASPINE;GENTIL;PR;JAGUARIAIVA;126,77;53,33;62,95;14,61;85,35;5,28;45,01;22,71;99,82;358,80;0,00;0,15
2012.0;5.0;2012-05-01;BRASPINE;GUAIRACA;PR;GUARAPUAVA;623,62;169,31;71,71;14,09;85,28;3,76;45,57;22,24;99,99;326,64;3,76;1,39
2012.0;5.0;2012-05-01;BRASPINE;HERVAL 2 - MADALOSSO;;;;;64,23;14,84;86,07;5,11;44,48;23,79;100,00;350,34;0,00;2,59
2012.0;5.0;2012-05-01;BRASPINE;HERVAL DE BAIXO;PR;RESERVA;827,29;475,92;85,40;15,54;83,40;5,29;45,54;23,41;100,00;352,73;0,00;1,58
2012.0;5.0;2012-05-01;BRASPINE;HORTO 01;PR;TURVO;19,12;19,12;86,06;14,71;85,27;3,89;47,92;22,69;100,00;324,57;3,89;2,39
2012.0;5.0;2012-05-01;BRASPINE;HORTO 02;PR;TURVO;4,24;4,24;86,02;14,71;85,27;3,89;47,92;22,69;100,00;324,57;3,89;2,39
2012.0;5.0;2012-05-01;BRASPINE;HORTO 03;PR;PRUDENTOPOLIS;80,91;25,89;92,93;15,17;84,44;4,41;45,66;23,27;100,00;349,78;4,41;127,18
2012.0;5.0;2012-05-01;BRASPINE;HORTO 08;PR;TURVO;9,53;9,53;88,26;15,17;84,44;4,41;45,66;23,27;100,00;349,78;4,41;127,18
2012.0;5.0;2012-05-01;BRASPINE;HORTO 12;PR;PRUDENTOPOLIS;12,20;12,20;101,05;15,17;84,44;4,41;45,66;23,27;100,00;349,78;4,41;127,18
2012.0;5.0;2012-05-01;BRASPINE;IZAU;PR;PIRAI DO SUL;19,37;11,60;63,52;14,60;86,21;5,21;44,89;22,89;99,80;361,11;0,00;357,82
2012.0;5.0;2012-05-01;BRASPINE;JOAO RICO;PR;JAGUARIAIVA;47,46;26,18;63,38;14,89;85,36;5,74;44,27;23,17;99,96;365,56;0,00;2,16
2012.0;5.0;2012-05-01;BRASPINE;LAGOA;PR;JAGUARIAIVA;24,10;10,78;55,84;14,80;87,19;5,58;44,29;23,84;100,00;366,08;0,00;2,88
2012.0;5.0;2012-05-01;BRASPINE;MARACANA;PR;JANDAIA DO SUL;11,45;11,45;92,77;17,65;78,40;6,85;43,68;25,41;100,00;289,72;0,00;0,11
2012.0;5.0;2012-05-01;BRASPINE;MARRECA;;;;;52,21;15,11;87,70;5,66;43,64;24,75;100,00;377,41;0,00;2,02
2012.0;5.0;2012-05-01;BRASPINE;MARRECA SP;SP;ITAPIRAPUA PAULISTA;675,30;236,19;63,92;15,85;87,58;6,68;42,82;25,91;100,00;378,84;0,00;1,18
2012.0;5.0;2012-05-01;BRASPINE;MARRECAS;;;;;68,28;13,49;85,93;3,16;45,08;21,64;100,00;311,57;3,16;3,98
2012.0;5.0;2012-05-01;BRASPINE;MERCADINHO;;;;;52,94;15,63;86,67;6,09;42,94;25,42;100,00;385,54;0,00;2,88
2012.0;5.0;2012-05-01;BRASPINE;MONTE ALEGRE;;;;;92,15;18,11;77,60;7,14;43,47;25,97;99,95;266,80;0,00;2,45
2012.0;5.0;2012-05-01;BRASPINE;MONTE TABOR II;;;;;63,44;15,30;88,38;6,40;46,76;24,84;100,00;383,32;0,00;5,25
2012.0;5.0;2012-05-01;BRASPINE;MOREIRA;PR;DOUTOR ULYSSES;230,52;68,68;60,80;15,02;87,45;5,88;43,67;24,28;100,00;375,11;0,00;3,28
2012.0;5.0;2012-05-01;BRASPINE;MOREIRAS II;PR;DOUTOR ULYSSES;66,76;28,75;59,57;15,02;87,45;5,88;43,67;24,28;100,00;375,11;0,00;3,28
2012.0;5.0;2012-05-01;BRASPINE;MORRETES;PR;ORTIGUEIRA;20,36;20,36;83,88;15,95;83,07;5,29;44,12;24,05;100,00;357,43;0,00;2,76
2012.0;5.0;2012-05-01;BRASPINE;MORRO AZUL;;;;;55,53;15,40;87,38;6,57;42,57;24,61;100,00;386,61;0,00;9,12
2012.0;5.0;2012-05-01;BRASPINE;OURO FINO;SP;APIAI;51,70;51,70;66,08;15,21;88,16;6,36;45,43;24,43;100,00;383,57;0,00;0,70
2012.0;5.0;2012-05-01;BRASPINE;PALMEIRINHA DE BAIXO - SOSSEGO;PR;SENGES;85,93;9,22;56,55;14,77;85,69;5,88;43,30;23,11;99,95;363,44;0,00;0,02
2012.0;5.0;2012-05-01;BRASPINE;PAZIN;PR;DOUTOR ULYSSES;41,20;23,90;60,08;15,11;87,70;5,66;43,64;24,75;100,00;377,41;0,00;2,02
2012.0;5.0;2012-05-01;BRASPINE;PEDRAS;PR;CASTRO;7,18;7,18;58,29;14,62;86,58;4,93;46,57;23,04;99,84;343,83;4,93;1,96
2012.0;5.0;2012-05-01;BRASPINE;PESCARIA;PR;SAO JOSE DA BOA VISTA;184,57;129,22;60,86;17,12;78,29;8,58;37,26;25,14;99,86;355,53;0,00;11,17
2012.0;5.0;2012-05-01;BRASPINE;PESSEGUEIRO;PR;DOUTOR ULYSSES;109,95;64,79;53,62;15,02;87,45;5,88;43,67;24,28;100,00;375,11;0,00;3,28
2012.0;5.0;2012-05-01;BRASPINE;PITANGA;;;;;91,59;14,93;83,69;3,83;46,72;22,63;100,00;336,26;3,83;1,06
2012.0;5.0;2012-05-01;BRASPINE;QUEIMADINHO ARROIO CLARO;PR;DOUTOR ULYSSES;48,13;19,09;58,95;15,02;87,45;5,88;43,67;24,28;100,00;375,11;0,00;3,28
2012.0;5.0;2012-05-01;BRASPINE;QUEIMADINHO M6042;PR;DOUTOR ULYSSES;48,38;18,50;58,95;15,02;87,45;5,88;43,67;24,28;100,00;375,11;0,00;3,28
2012.0;5.0;2012-05-01;BRASPINE;QUEIMADINHO USUCAPIAO;PR;DOUTOR ULYSSES;200,27;92,43;58,95;15,02;87,45;5,88;43,67;24,28;100,00;375,11;0,00;3,28
2012.0;5.0;2012-05-01;BRASPINE;RAMOS;PR;SENGES;69,83;38,15;61,19;14,80;87,19;5,58;44,29;23,84;100,00;366,08;0,00;2,88
2012.0;5.0;2012-05-01;BRASPINE;RIBEIRAO GRANDE;PR;JAGUARIAIVA;20,77;20,77;63,47;14,60;86,21;5,21;44,89;22,89;99,80;361,11;0,00;357,82
2012.0;5.0;2012-05-01;BRASPINE;RINCAO DE BAIXO;;;;;58,16;15,13;82,49;5,26;44,04;22,84;99,72;359,44;0,00;0,34
2012.0;5.0;2012-05-01;BRASPINE;RIO BOMBA;PR;CERRO AZUL;65,03;37,72;57,43;15,85;85,68;6,04;42,96;25,56;99,96;385,24;0,00;1,86
2012.0;5.0;2012-05-01;BRASPINE;RIO DO MEIO;PR;DOUTOR ULYSSES;712,33;389,13;59,40;15,02;87,45;5,88;43,67;24,28;100,00;375,11;0,00;3,28
2012.0;5.0;2012-05-01;BRASPINE;RONDON;PR;JAGUARIAIVA;2899,24;1475,88;58,32;14,75;86,11;5,75;44,30;23,23;100,00;362,14;0,00;0,64
2012.0;5.0;2012-05-01;BRASPINE;SANTA FELICIDADE;;;;;61,23;16,27;87,50;7,09;42,26;26,67;100,00;388,44;0,00;2,60
2012.0;5.0;2012-05-01;BRASPINE;SANTA LIDIA DO CERCADINHO;;;;;60,23;14,82;82,69;4,94;44,16;22,46;99,65;353,33;4,94;0,15
2012.0;5.0;2012-05-01;BRASPINE;SANTO ANTONIO;;;;;58,05;14,85;85,96;6,01;42,29;23,35;100,00;368,42;0,00;16,06
2012.0;5.0;2012-05-01;BRASPINE;SAO JOSE;PR;JANDAIA DO SUL;37,56;37,56;92,31;17,96;77,78;7,04;43,54;25,78;99,98;279,44;0,00;0,34
2012.0;5.0;2012-05-01;BRASPINE;SAO MATHEUS;;;;;93,35;19,08;77,17;7,84;43,04;27,25;99,57;171,54;0,00;1,72
2012.0;5.0;2012-05-01;BRASPINE;SAO PEDRO E SAO PAULO;PR;SAPOPEMA;709,13;323,93;85,71;16,12;79,76;6,69;42,04;24,18;99,89;349,88;0,00;0,14
2012.0;5.0;2012-05-01;BRASPINE;SAO RAFAEL;;;;;59,89;14,84;84,74;4,22;45,98;23,05;99,95;349,31;4,22;1,23
2012.0;5.0;2012-05-01;BRASPINE;SAO RAFAEL - PB;;;;;56,38;15,32;87,96;6,51;44,50;24,56;100,00;387,54;0,00;3,36
2012.0;5.0;2012-05-01;BRASPINE;SERRARIA;PR;DOUTOR ULYSSES;280,88;117,71;55,19;14,85;87,65;5,40;43,94;24,32;100,00;369,24;0,00;2,50
2012.0;5.0;2012-05-01;BRASPINE;SERRO VERDE;;;;;78,55;14,59;83,30;3,29;44,39;22,45;99,95;315,91;3,29;0,31
2012.0;5.0;2012-05-01;BRASPINE;SERTAOZINHO;PR;DOUTOR ULYSSES;16,25;16,25;60,05;15,02;87,45;5,88;43,67;24,28;100,00;375,11;0,00;3,28
2012.0;5.0;2012-05-01;BRASPINE;SITIO BASILIO;PR;JAGUARIAIVA;8,08;8,08;62,70;14,69;85,08;5,43;44,85;22,79;99,87;359,91;0,00;3,59
2012.0;5.0;2012-05-01;BRASPINE;SITIO DAS MARRECAS;PR;DOUTOR ULYSSES;77,49;35,17;61,85;15,64;87,61;6,39;43,05;25,58;100,00;374,24;0,00;1,42
2012.0;5.0;2012-05-01;BRASPINE;SOBRADINHO;SP;BOM SUCESSO DE ITARARE;285,80;123,10;56,01;14,87;86,70;6,01;43,18;23,45;100,00;372,33;0,00;9,08
2012.0;5.0;2012-05-01;BRASPINE;TAQUARAL;PR;JAGUARIAIVA;519,13;31,07;62,09;14,91;85,97;5,85;44,44;23,36;100,00;366,78;0,00;3,59
2012.0;5.0;2012-05-01;BRASPINE;TUCUNDUVA;PR;SENGES;82,21;60,89;63,51;15,55;81,71;6,64;40,93;23,58;99,99;348,61;0,00;23,30
2012.0;5.0;2012-05-01;BRASPINE;TUCUNDUVA - CHAMMA;;;;;64,96;15,58;82,08;6,72;41,19;23,66;99,96;352,22;0,00;20,65
2012.0;5.0;2012-05-01;BRASPINE;VIENA 1;PR;DOUTOR ULYSSES;263,98;178,34;60,20;14,53;87,38;5,05;45,06;23,46;100,00;360,11;0,00;4,16
2012.0;5.0;2012-05-01;BRASPINE;VIENA 2;PR;CERRO AZUL;140,23;96,54;57,61;15,85;85,68;6,04;42,96;25,56;99,96;385,24;0,00;1,86
2012.0;5.0;2012-05-01;BRASPINE;VITORIA;PR;SENGES;50,54;35,69;56,55;14,77;85,69;5,88;43,30;23,11;99,95;363,44;0,00;0,02
2012.0;5.0;2012-05-01;BRASPINE;VIVEIRO;PR;DOUTOR ULYSSES;405,39;261,22;59,57;15,02;87,45;5,88;43,67;24,28;100,00;375,11;0,00;3,28
2012.0;5.0;2012-05-01;BRASPINE;VO LINO;PR;DOUTOR ULYSSES;164,50;97,89;51,73;15,11;87,70;5,66;43,64;24,75;100,00;377,41;0,00;2,02
2012.0;5.0;2012-05-01;BRASPINE;XAXIM VELHO;;;;;77,21;13,60;86,32;3,12;45,99;22,12;100,00;317,49;3,12;6,27
2012.0;6.0;2012-06-01;BRASPINE;AGUA DOCE;PR;JAGUARIAIVA;238,97;121,99;209,71;14,15;88,71;6,02;52,73;21,45;99,92;316,92;0,00;1,79
2012.0;6.0;2012-06-01;BRASPINE;AMATA;;;;;218,00;15,06;90,77;7,65;53,54;24,10;100,00;324,51;0,00;4,46
2012.0;6.0;2012-06-01;BRASPINE;ANTA BRAVA;;;;;179,82;17,20;84,92;9,73;43,92;26,59;99,74;270,42;0,00;1,87
2012.0;6.0;2012-06-01;BRASPINE;ARAPONGAS;PR;SENGES;423,34;263,70;225,92;14,30;90,43;6,13;50,29;22,12;100,00;310,53;0,00;5,47
2012.0;6.0;2012-06-01;BRASPINE;ARROIO CLARO;PR;DOUTOR ULYSSES;275,14;92,00;213,68;14,34;90,99;6,43;50,21;22,49;100,00;311,08;0,00;0,69
2012.0;6.0;2012-06-01;BRASPINE;BARRA GRANDE;PR;DOUTOR ULYSSES;493,79;139,68;216,88;14,64;90,62;6,41;50,28;22,99;100,00;317,14;0,00;3,70
2012.0;6.0;2012-06-01;BRASPINE;BARRA GRANDE - BEMAIS;PR;GUARAPUAVA;299,16;108,61;303,25;13,37;89,56;4,30;50,74;20,89;100,00;302,13;4,30;10,56
2012.0;6.0;2012-06-01;BRASPINE;BARRETOS;PR;JAGUARIAIVA;43,35;32,98;222,27;14,27;89,68;5,80;51,01;22,04;99,98;308,52;0,00;0,29
2012.0;6.0;2012-06-01;BRASPINE;BAU;;;;;314,82;13,61;87,87;5,42;50,52;21,51;99,97;298,69;0,00;2,41
2012.0;6.0;2012-06-01;BRASPINE;BOA VISTA II;PR;PIRAI DO SUL;944,00;535,05;214,08;14,21;89,09;5,61;51,53;21,93;99,96;304,15;0,00;5,54
2012.0;6.0;2012-06-01;BRASPINE;BRASILEIRA;;;;;220,41;14,30;90,43;6,13;50,29;22,12;100,00;310,53;0,00;5,47
2012.0;6.0;2012-06-01;BRASPINE;BURACAO;;;;;209,27;14,11;89,04;6,19;50,53;22,10;100,00;302,60;0,00;2,86
2012.0;6.0;2012-06-01;BRASPINE;BURRINHO;PR;DOUTOR ULYSSES;211,01;100,37;214,06;14,34;90,99;6,43;50,21;22,49;100,00;311,08;0,00;0,69
2012.0;6.0;2012-06-01;BRASPINE;CADEADO I;PR;JAGUARIAIVA;21,07;12,29;214,05;14,16;90,09;5,91;50,40;21,82;100,00;304,92;0,00;7,01
2012.0;6.0;2012-06-01;BRASPINE;CADEADO II;PR;JAGUARIAIVA;21,88;16,79;214,05;14,16;90,09;5,91;50,40;21,82;100,00;304,92;0,00;7,01
2012.0;6.0;2012-06-01;BRASPINE;CAMPINA ALTA;PR;TIBAGI;29,77;18,24;263,29;14,76;89,00;7,62;53,95;22,31;100,00;279,59;0,00;0,60
2012.0;6.0;2012-06-01;BRASPINE;CAMPINA DO ELIAS;PR;JAGUARIAIVA;29,17;14,65;218,18;14,23;89,83;5,84;50,79;21,96;99,99;307,23;0,00;1,28
2012.0;6.0;2012-06-01;BRASPINE;CAMPO NOVO;PR;JAGUARIAIVA;295,98;156,36;229,74;14,16;90,09;5,91;50,40;21,82;100,00;304,92;0,00;7,01
2012.0;6.0;2012-06-01;BRASPINE;CONSULTORIA II A;PR;DOUTOR ULYSSES;89,62;60,79;219,51;14,30;90,43;6,13;50,29;22,12;100,00;310,53;0,00;5,47
2012.0;6.0;2012-06-01;BRASPINE;DINIZ;;;;;230,20;14,30;90,43;6,13;50,29;22,12;100,00;310,53;0,00;5,47
2012.0;6.0;2012-06-01;BRASPINE;ENES;PR;JAGUARIAIVA;5,93;5,69;230,26;14,16;90,09;5,91;50,40;21,82;100,00;304,92;0,00;7,01
2012.0;6.0;2012-06-01;BRASPINE;ENGENHARIA;;;;;230,20;14,30;90,43;6,13;50,29;22,12;100,00;310,53;0,00;5,47
2012.0;6.0;2012-06-01;BRASPINE;ESTACAO;PR;SENGES;4,76;4,14;219,89;14,16;90,09;5,91;50,40;21,82;100,00;304,92;0,00;7,01
2012.0;6.0;2012-06-01;BRASPINE;FAXINAL;PR;JAGUARIAIVA;20,65;20,65;230,26;14,16;90,09;5,91;50,40;21,82;100,00;304,92;0,00;7,01
2012.0;6.0;2012-06-01;BRASPINE;FEITAL;PR;DOUTOR ULYSSES;154,17;86,53;218,98;14,41;90,49;6,22;50,29;22,41;100,00;312,70;0,00;4,85
2012.0;6.0;2012-06-01;BRASPINE;FIGUEIRA;PR;DOUTOR ULYSSES;1053,81;315,71;218,83;14,34;90,99;6,43;50,21;22,49;100,00;311,08;0,00;0,69
2012.0;6.0;2012-06-01;BRASPINE;FIGUEIRINHA;PR;DOUTOR ULYSSES;94,37;56,74;216,14;14,34;90,99;6,43;50,21;22,49;100,00;311,08;0,00;0,69
2012.0;6.0;2012-06-01;BRASPINE;FLOEMA;PR;DOUTOR ULYSSES;2189,88;701,43;217,46;14,00;90,72;6,07;50,16;21,71;100,00;316,82;0,00;0,43
2012.0;6.0;2012-06-01;BRASPINE;FLOEMA I - SUDATI;;;;;218,25;14,30;90,43;6,13;50,29;22,12;100,00;310,53;0,00;5,47
2012.0;6.0;2012-06-01;BRASPINE;FLOEMA II - SUDATI;PR;DOUTOR ULYSSES;453,83;211,13;220,29;14,30;90,43;6,13;50,29;22,12;100,00;310,53;0,00;5,47
2012.0;6.0;2012-06-01;BRASPINE;FLOR DA SERRA;PR;SAO JOSE DA BOA VISTA;209,10;128,72;205,16;15,77;86,21;8,16;46,93;23,45;100,00;286,67;0,00;6,41
2012.0;6.0;2012-06-01;BRASPINE;GENTIL;PR;JAGUARIAIVA;126,77;53,33;211,28;13,98;88,48;5,96;53,53;21,00;99,91;313,59;0,00;4,21
2012.0;6.0;2012-06-01;BRASPINE;GUAIRACA;PR;GUARAPUAVA;623,62;169,31;296,46;13,36;89,64;3,72;51,97;20,93;100,00;284,58;3,72;5,71
2012.0;6.0;2012-06-01;BRASPINE;HERVAL 2 - MADALOSSO;;;;;213,80;14,11;89,04;6,19;50,53;22,10;100,00;302,60;0,00;2,86
2012.0;6.0;2012-06-01;BRASPINE;HERVAL DE BAIXO;PR;RESERVA;827,29;475,92;270,50;14,68;89,22;6,22;54,21;22,30;99,99;272,16;0,00;332,08
2012.0;6.0;2012-06-01;BRASPINE;HORTO 01;PR;TURVO;19,12;19,12;297,97;13,98;88,89;5,33;52,24;21,34;100,00;298,70;0,00;4,00
2012.0;6.0;2012-06-01;BRASPINE;HORTO 02;PR;TURVO;4,24;4,24;299,14;13,98;88,89;5,33;52,24;21,34;100,00;298,70;0,00;4,00
2012.0;6.0;2012-06-01;BRASPINE;HORTO 03;PR;PRUDENTOPOLIS;80,91;25,89;287,40;14,31;88,82;6,11;50,80;21,89;99,98;308,23;0,00;11,35
2012.0;6.0;2012-06-01;BRASPINE;HORTO 08;PR;TURVO;9,53;9,53;298,00;14,31;88,82;6,11;50,80;21,89;99,98;308,23;0,00;11,35
2012.0;6.0;2012-06-01;BRASPINE;HORTO 12;PR;PRUDENTOPOLIS;12,20;12,20;278,31;14,31;88,82;6,11;50,80;21,89;99,98;308,23;0,00;11,35
2012.0;6.0;2012-06-01;BRASPINE;IZAU;PR;PIRAI DO SUL;19,37;11,60;214,46;14,00;88,68;5,62;52,58;21,27;99,80;317,23;0,00;2,57
2012.0;6.0;2012-06-01;BRASPINE;JOAO RICO;PR;JAGUARIAIVA;47,46;26,18;210,59;14,15;88,71;6,02;52,73;21,45;99,92;316,92;0,00;1,79
2012.0;6.0;2012-06-01;BRASPINE;LAGOA;PR;JAGUARIAIVA;24,10;10,78;217,63;14,16;90,09;5,91;50,40;21,82;100,00;304,92;0,00;7,01
2012.0;6.0;2012-06-01;BRASPINE;MARACANA;PR;JANDAIA DO SUL;11,45;11,45;216,99;17,02;85,00;8,87;52,52;24,17;99,99;223,96;0,00;1,94
2012.0;6.0;2012-06-01;BRASPINE;MARRECA;;;;;218,33;14,34;90,99;6,43;50,21;22,49;100,00;311,08;0,00;0,69
2012.0;6.0;2012-06-01;BRASPINE;MARRECA SP;SP;ITAPIRAPUA PAULISTA;675,30;236,19;213,70;14,78;91,06;6,82;50,58;23,68;100,00;317,40;0,00;0,64
2012.0;6.0;2012-06-01;BRASPINE;MARRECAS;;;;;300,79;12,91;89,76;3,45;50,55;20,69;100,00;288,12;3,45;22,53
2012.0;6.0;2012-06-01;BRASPINE;MERCADINHO;;;;;223,90;14,59;90,93;7,19;51,74;23,22;100,00;341,35;0,00;1,48
2012.0;6.0;2012-06-01;BRASPINE;MONTE ALEGRE;;;;;197,09;17,42;84,04;9,23;52,79;24,64;99,98;198,70;0,00;1,51
2012.0;6.0;2012-06-01;BRASPINE;MONTE TABOR II;;;;;202,06;14,47;91,68;7,38;54,49;22,65;100,00;328,77;0,00;8,89
2012.0;6.0;2012-06-01;BRASPINE;MOREIRA;PR;DOUTOR ULYSSES;230,52;68,68;220,29;14,30;90,43;6,13;50,29;22,12;100,00;310,53;0,00;5,47
2012.0;6.0;2012-06-01;BRASPINE;MOREIRAS II;PR;DOUTOR ULYSSES;66,76;28,75;219,41;14,30;90,43;6,13;50,29;22,12;100,00;310,53;0,00;5,47
2012.0;6.0;2012-06-01;BRASPINE;MORRETES;PR;ORTIGUEIRA;20,36;20,36;262,13;14,98;89,12;6,06;53,99;22,94;99,98;276,29;0,00;4,04
2012.0;6.0;2012-06-01;BRASPINE;MORRO AZUL;;;;;207,06;14,53;90,35;6,22;50,06;22,49;100,00;315,24;0,00;3,41
2012.0;6.0;2012-06-01;BRASPINE;OURO FINO;SP;APIAI;51,70;51,70;198,53;14,40;91,00;6,47;52,33;22,23;100,00;327,96;0,00;6,14
2012.0;6.0;2012-06-01;BRASPINE;PALMEIRINHA DE BAIXO - SOSSEGO;PR;SENGES;85,93;9,22;217,41;14,07;89,09;6,04;51,07;21,04;99,92;316,69;0,00;3,53
2012.0;6.0;2012-06-01;BRASPINE;PAZIN;PR;DOUTOR ULYSSES;41,20;23,90;215,88;14,34;90,99;6,43;50,21;22,49;100,00;311,08;0,00;0,69
2012.0;6.0;2012-06-01;BRASPINE;PEDRAS;PR;CASTRO;7,18;7,18;230,37;13,97;88,88;5,63;53,25;21,34;100,00;296,88;0,00;0,91
2012.0;6.0;2012-06-01;BRASPINE;PESCARIA;PR;SAO JOSE DA BOA VISTA;184,57;129,22;212,36;15,86;85,86;8,56;46,71;23,71;100,00;290,56;0,00;1,52
2012.0;6.0;2012-06-01;BRASPINE;PESSEGUEIRO;PR;DOUTOR ULYSSES;109,95;64,79;224,67;14,30;90,43;6,13;50,29;22,12;100,00;310,53;0,00;5,47
2012.0;6.0;2012-06-01;BRASPINE;PITANGA;;;;;325,59;14,27;87,22;6,10;51,89;21,92;99,86;317,13;0,00;4,49
2012.0;6.0;2012-06-01;BRASPINE;QUEIMADINHO ARROIO CLARO;PR;DOUTOR ULYSSES;48,13;19,09;220,41;14,30;90,43;6,13;50,29;22,12;100,00;310,53;0,00;5,47
2012.0;6.0;2012-06-01;BRASPINE;QUEIMADINHO M6042;PR;DOUTOR ULYSSES;48,38;18,50;220,41;14,30;90,43;6,13;50,29;22,12;100,00;310,53;0,00;5,47
2012.0;6.0;2012-06-01;BRASPINE;QUEIMADINHO USUCAPIAO;PR;DOUTOR ULYSSES;200,27;92,43;220,41;14,30;90,43;6,13;50,29;22,12;100,00;310,53;0,00;5,47
2012.0;6.0;2012-06-01;BRASPINE;RAMOS;PR;SENGES;69,83;38,15;218,25;14,16;90,09;5,91;50,40;21,82;100,00;304,92;0,00;7,01
2012.0;6.0;2012-06-01;BRASPINE;RIBEIRAO GRANDE;PR;JAGUARIAIVA;20,77;20,77;215,56;14,00;88,68;5,62;52,58;21,27;99,80;317,23;0,00;2,57
2012.0;6.0;2012-06-01;BRASPINE;RINCAO DE BAIXO;;;;;253,22;14,31;87,49;6,35;52,42;21,44;100,00;298,62;0,00;1,21
2012.0;6.0;2012-06-01;BRASPINE;RIO BOMBA;PR;CERRO AZUL;65,03;37,72;216,90;14,75;90,81;7,15;52,55;23,56;99,98;329,33;0,00;7,79
2012.0;6.0;2012-06-01;BRASPINE;RIO DO MEIO;PR;DOUTOR ULYSSES;712,33;389,13;219,68;14,30;90,43;6,13;50,29;22,12;100,00;310,53;0,00;5,47
2012.0;6.0;2012-06-01;BRASPINE;RONDON;PR;JAGUARIAIVA;2899,24;1475,88;223,33;14,06;89,29;5,97;51,84;21,22;99,89;316,16;0,00;2,59
2012.0;6.0;2012-06-01;BRASPINE;SANTA FELICIDADE;;;;;213,04;15,03;91,10;7,18;50,92;24,35;100,00;334,83;0,00;2,69
2012.0;6.0;2012-06-01;BRASPINE;SANTA LIDIA DO CERCADINHO;;;;;254,30;14,09;87,52;6,38;52,79;21,15;100,00;309,86;0,00;0,72
2012.0;6.0;2012-06-01;BRASPINE;SANTO ANTONIO;;;;;223,17;14,10;89,43;6,00;50,06;21,26;100,00;316,28;0,00;12,09
2012.0;6.0;2012-06-01;BRASPINE;SAO JOSE;PR;JANDAIA DO SUL;37,56;37,56;198,38;17,29;84,24;9,16;52,66;24,47;100,00;212,45;0,00;2,65
2012.0;6.0;2012-06-01;BRASPINE;SAO MATHEUS;;;;;214,86;18,15;83,64;8,56;53,33;25,85;100,00;172,26;0,00;2,43
2012.0;6.0;2012-06-01;BRASPINE;SAO PEDRO E SAO PAULO;PR;SAPOPEMA;709,13;323,93;232,16;15,47;86,71;7,12;50,68;22,94;99,97;327,83;0,00;0,28
2012.0;6.0;2012-06-01;BRASPINE;SAO RAFAEL;;;;;217,22;13,64;88,08;6,45;52,74;21,71;100,00;301,54;0,00;3,88
2012.0;6.0;2012-06-01;BRASPINE;SAO RAFAEL - PB;;;;;210,30;14,48;90,84;6,40;51,55;22,30;100,00;330,64;0,00;8,43
2012.0;6.0;2012-06-01;BRASPINE;SERRARIA;PR;DOUTOR ULYSSES;280,88;117,71;217,68;14,17;90,86;6,25;50,19;22,10;100,00;306,50;0,00;0,09
2012.0;6.0;2012-06-01;BRASPINE;SERRO VERDE;;;;;306,58;13,93;86,85;5,30;49,27;22,19;99,95;308,05;0,00;7,75
2012.0;6.0;2012-06-01;BRASPINE;SERTAOZINHO;PR;DOUTOR ULYSSES;16,25;16,25;228,51;14,30;90,43;6,13;50,29;22,12;100,00;310,53;0,00;5,47
2012.0;6.0;2012-06-01;BRASPINE;SITIO BASILIO;PR;JAGUARIAIVA;8,08;8,08;210,04;14,01;88,48;6,09;53,53;21,04;99,95;313,34;0,00;2,84
2012.0;6.0;2012-06-01;BRASPINE;SITIO DAS MARRECAS;PR;DOUTOR ULYSSES;77,49;35,17;211,76;14,65;91,04;6,71;50,48;23,34;100,00;315,60;0,00;3,57
2012.0;6.0;2012-06-01;BRASPINE;SOBRADINHO;SP;BOM SUCESSO DE ITARARE;285,80;123,10;213,76;14,13;89,91;5,99;50,15;21,26;100,00;318,68;0,00;7,38
2012.0;6.0;2012-06-01;BRASPINE;TAQUARAL;PR;JAGUARIAIVA;519,13;31,07;215,20;14,15;89,22;5,96;52,38;21,54;100,00;302,76;0,00;7,21
2012.0;6.0;2012-06-01;BRASPINE;TUCUNDUVA;PR;SENGES;82,21;60,89;217,81;14,68;86,95;7,04;50,26;21,69;100,00;339,16;0,00;1,43
2012.0;6.0;2012-06-01;BRASPINE;TUCUNDUVA - CHAMMA;;;;;221,34;14,73;87,08;7,02;50,09;21,71;99,93;343,79;0,00;5,38
2012.0;6.0;2012-06-01;BRASPINE;VIENA 1;PR;DOUTOR ULYSSES;263,98;178,34;213,11;13,97;90,14;5,72;51,37;21,49;100,00;300,74;0,00;0,64
2012.0;6.0;2012-06-01;BRASPINE;VIENA 2;PR;CERRO AZUL;140,23;96,54;216,65;14,75;90,81;7,15;52,55;23,56;99,98;329,33;0,00;7,79
2012.0;6.0;2012-06-01;BRASPINE;VITORIA;PR;SENGES;50,54;35,69;217,41;14,07;89,09;6,04;51,07;21,04;99,92;316,69;0,00;3,53
2012.0;6.0;2012-06-01;BRASPINE;VIVEIRO;PR;DOUTOR ULYSSES;405,39;261,22;219,41;14,30;90,43;6,13;50,29;22,12;100,00;310,53;0,00;5,47
2012.0;6.0;2012-06-01;BRASPINE;VO LINO;PR;DOUTOR ULYSSES;164,50;97,89;217,45;14,34;90,99;6,43;50,21;22,49;100,00;311,08;0,00;0,69
2012.0;6.0;2012-06-01;BRASPINE;XAXIM VELHO;;;;;302,36;12,98;89,61;3,31;51,35;21,00;100,00;275,77;3,31;43,82
2012.0;7.0;2012-07-01;BRASPINE;AGUA DOCE;PR;JAGUARIAIVA;238,97;121,99;74,39;14,09;80,27;3,56;44,63;23,82;99,84;316,27;16,52;1,36
2012.0;7.0;2012-07-01;BRASPINE;AMATA;;;;;101,43;14,83;84,70;4,22;42,99;26,46;100,00;324,07;4,22;1,79
2012.0;7.0;2012-07-01;BRASPINE;ANTA BRAVA;;;;;44,34;16,79;77,18;7,87;40,55;27,27;98,72;326,25;0,00;28,30
2012.0;7.0;2012-07-01;BRASPINE;ARAPONGAS;PR;SENGES;423,34;263,70;79,00;14,03;83,04;4,04;41,48;24,71;100,00;311,24;4,04;2,55
2012.0;7.0;2012-07-01;BRASPINE;ARROIO CLARO;PR;DOUTOR ULYSSES;275,14;92,00;96,00;14,05;84,14;4,55;41,41;25,15;100,00;312,67;4,55;11,68
2012.0;7.0;2012-07-01;BRASPINE;BARRA GRANDE;PR;DOUTOR ULYSSES;493,79;139,68;95,07;14,35;83,75;4,11;41,09;25,64;100,00;314,42;4,11;19,60
2012.0;7.0;2012-07-01;BRASPINE;BARRA GRANDE - BEMAIS;PR;GUARAPUAVA;299,16;108,61;104,15;13,17;84,05;2,87;42,25;22,78;100,00;276,65;19,65;4,97
2012.0;7.0;2012-07-01;BRASPINE;BARRETOS;PR;JAGUARIAIVA;43,35;32,98;82,54;14,12;81,86;4,53;42,78;24,51;99,98;315,77;9,25;6,04
2012.0;7.0;2012-07-01;BRASPINE;BAU;;;;;126,20;13,20;83,07;1,91;44,88;23,00;99,92;237,49;12,53;5,06
2012.0;7.0;2012-07-01;BRASPINE;BOA VISTA II;PR;PIRAI DO SUL;944,00;535,05;84,67;14,07;81,16;3,80;43,41;24,36;99,96;296,49;12,31;6,66
2012.0;7.0;2012-07-01;BRASPINE;BRASILEIRA;;;;;89,83;14,03;83,04;4,04;41,48;24,71;100,00;311,24;4,04;2,55
2012.0;7.0;2012-07-01;BRASPINE;BURACAO;;;;;110,76;13,99;81,45;4,41;43,03;24,76;99,84;311,02;9,40;7,81
2012.0;7.0;2012-07-01;BRASPINE;BURRINHO;PR;DOUTOR ULYSSES;211,01;100,37;96,04;14,05;84,14;4,55;41,41;25,15;100,00;312,67;4,55;11,68
2012.0;7.0;2012-07-01;BRASPINE;CADEADO I;PR;JAGUARIAIVA;21,07;12,29;83,37;13,93;82,40;4,13;41,71;24,35;100,00;305,94;13,55;4,97
2012.0;7.0;2012-07-01;BRASPINE;CADEADO II;PR;JAGUARIAIVA;21,88;16,79;83,37;13,93;82,40;4,13;41,71;24,35;100,00;305,94;13,55;4,97
2012.0;7.0;2012-07-01;BRASPINE;CAMPINA ALTA;PR;TIBAGI;29,77;18,24;74,13;14,51;82,49;2,75;49,51;24,78;99,91;270,02;15,70;1,32
2012.0;7.0;2012-07-01;BRASPINE;CAMPINA DO ELIAS;PR;JAGUARIAIVA;29,17;14,65;87,86;14,05;82,06;4,39;42,39;24,45;99,99;312,20;14,01;5,68
2012.0;7.0;2012-07-01;BRASPINE;CAMPO NOVO;PR;JAGUARIAIVA;295,98;156,36;79,68;13,93;82,40;4,13;41,71;24,35;100,00;305,94;13,55;4,97
2012.0;7.0;2012-07-01;BRASPINE;CONSULTORIA II A;PR;DOUTOR ULYSSES;89,62;60,79;92,01;14,03;83,04;4,04;41,48;24,71;100,00;311,24;4,04;2,55
2012.0;7.0;2012-07-01;BRASPINE;DINIZ;;;;;92,20;14,03;83,04;4,04;41,48;24,71;100,00;311,24;4,04;2,55
2012.0;7.0;2012-07-01;BRASPINE;ENES;PR;JAGUARIAIVA;5,93;5,69;79,80;13,93;82,40;4,13;41,71;24,35;100,00;305,94;13,55;4,97
2012.0;7.0;2012-07-01;BRASPINE;ENGENHARIA;;;;;92,20;14,03;83,04;4,04;41,48;24,71;100,00;311,24;4,04;2,55
2012.0;7.0;2012-07-01;BRASPINE;ESTACAO;PR;SENGES;4,76;4,14;81,56;13,93;82,40;4,13;41,71;24,35;100,00;305,94;13,55;4,97
2012.0;7.0;2012-07-01;BRASPINE;FAXINAL;PR;JAGUARIAIVA;20,65;20,65;79,80;13,93;82,40;4,13;41,71;24,35;100,00;305,94;13,55;4,97
2012.0;7.0;2012-07-01;BRASPINE;FEITAL;PR;DOUTOR ULYSSES;154,17;86,53;91,63;14,14;83,28;4,06;41,35;25,02;100,00;312,32;4,06;1,60
2012.0;7.0;2012-07-01;BRASPINE;FIGUEIRA;PR;DOUTOR ULYSSES;1053,81;315,71;93,87;14,05;84,14;4,55;41,41;25,15;100,00;312,67;4,55;11,68
2012.0;7.0;2012-07-01;BRASPINE;FIGUEIRINHA;PR;DOUTOR ULYSSES;94,37;56,74;104,95;14,05;84,14;4,55;41,41;25,15;100,00;312,67;4,55;11,68
2012.0;7.0;2012-07-01;BRASPINE;FLOEMA;PR;DOUTOR ULYSSES;2189,88;701,43;96,20;13,75;83,21;4,65;41,47;24,32;100,00;308,12;4,65;13,72
2012.0;7.0;2012-07-01;BRASPINE;FLOEMA I - SUDATI;;;;;79,57;14,03;83,04;4,04;41,48;24,71;100,00;311,24;4,04;2,55
2012.0;7.0;2012-07-01;BRASPINE;FLOEMA II - SUDATI;PR;DOUTOR ULYSSES;453,83;211,13;85,01;14,03;83,04;4,04;41,48;24,71;100,00;311,24;4,04;2,55
2012.0;7.0;2012-07-01;BRASPINE;FLOR DA SERRA;PR;SAO JOSE DA BOA VISTA;209,10;128,72;45,14;15,59;77,62;4,34;44,84;25,67;98,68;289,21;9,25;16,09
2012.0;7.0;2012-07-01;BRASPINE;GENTIL;PR;JAGUARIAIVA;126,77;53,33;75,32;13,82;80,54;3,75;46,25;23,39;99,54;309,94;16,16;4,58
2012.0;7.0;2012-07-01;BRASPINE;GUAIRACA;PR;GUARAPUAVA;623,62;169,31;88,75;13,18;84,40;2,71;41,91;22,99;99,98;245,05;23,40;8,50
2012.0;7.0;2012-07-01;BRASPINE;HERVAL 2 - MADALOSSO;;;;;102,19;13,99;81,45;4,41;43,03;24,76;99,84;311,02;9,40;7,81
2012.0;7.0;2012-07-01;BRASPINE;HERVAL DE BAIXO;PR;RESERVA;827,29;475,92;76,68;14,34;83,27;2,60;50,01;24,83;99,85;270,79;19,94;5,45
2012.0;7.0;2012-07-01;BRASPINE;HORTO 01;PR;TURVO;19,12;19,12;101,35;14,01;82,74;2,76;45,81;23,79;99,86;253,75;17,75;5,91
2012.0;7.0;2012-07-01;BRASPINE;HORTO 02;PR;TURVO;4,24;4,24;101,89;14,01;82,74;2,76;45,81;23,79;99,86;253,75;17,75;5,91
2012.0;7.0;2012-07-01;BRASPINE;HORTO 03;PR;PRUDENTOPOLIS;80,91;25,89;102,34;14,29;82,75;2,73;43,78;24,45;99,99;252,27;15,88;13,79
2012.0;7.0;2012-07-01;BRASPINE;HORTO 08;PR;TURVO;9,53;9,53;99,70;14,29;82,75;2,73;43,78;24,45;99,99;252,27;15,88;13,79
2012.0;7.0;2012-07-01;BRASPINE;HORTO 12;PR;PRUDENTOPOLIS;12,20;12,20;105,16;14,29;82,75;2,73;43,78;24,45;99,99;252,27;15,88;13,79
2012.0;7.0;2012-07-01;BRASPINE;IZAU;PR;PIRAI DO SUL;19,37;11,60;76,96;13,83;80,95;4,39;45,73;23,78;99,57;296,35;18,87;7,33
2012.0;7.0;2012-07-01;BRASPINE;JOAO RICO;PR;JAGUARIAIVA;47,46;26,18;75,72;14,09;80,27;3,56;44,63;23,82;99,84;316,27;16,52;1,36
2012.0;7.0;2012-07-01;BRASPINE;LAGOA;PR;JAGUARIAIVA;24,10;10,78;83,18;13,93;82,40;4,13;41,71;24,35;100,00;305,94;13,55;4,97
2012.0;7.0;2012-07-01;BRASPINE;MARACANA;PR;JANDAIA DO SUL;11,45;11,45;33,34;16,59;76,87;5,84;44,39;26,50;99,98;178,80;0,00;3,77
2012.0;7.0;2012-07-01;BRASPINE;MARRECA;;;;;97,68;14,05;84,14;4,55;41,41;25,15;100,00;312,67;4,55;11,68
2012.0;7.0;2012-07-01;BRASPINE;MARRECA SP;SP;ITAPIRAPUA PAULISTA;675,30;236,19;104,36;14,49;84,99;3,79;41,06;26,34;100,00;312,62;8,66;8,70
2012.0;7.0;2012-07-01;BRASPINE;MARRECAS;;;;;93,96;12,73;84,42;2,82;42,06;22,21;100,00;280,86;27,55;1,09
2012.0;7.0;2012-07-01;BRASPINE;MERCADINHO;;;;;101,15;14,29;84,79;3,93;42,04;25,78;100,00;309,81;3,93;16,31
2012.0;7.0;2012-07-01;BRASPINE;MONTE ALEGRE;;;;;27,91;16,95;76,53;6,40;44,46;27,16;99,86;168,65;0,00;6,77
2012.0;7.0;2012-07-01;BRASPINE;MONTE TABOR II;;;;;93,77;13,78;86,45;3,24;44,14;24,86;100,00;300,39;12,34;11,25
2012.0;7.0;2012-07-01;BRASPINE;MOREIRA;PR;DOUTOR ULYSSES;230,52;68,68;85,01;14,03;83,04;4,04;41,48;24,71;100,00;311,24;4,04;2,55
2012.0;7.0;2012-07-01;BRASPINE;MOREIRAS II;PR;DOUTOR ULYSSES;66,76;28,75;93,04;14,03;83,04;4,04;41,48;24,71;100,00;311,24;4,04;2,55
2012.0;7.0;2012-07-01;BRASPINE;MORRETES;PR;ORTIGUEIRA;20,36;20,36;71,40;14,59;83,58;2,99;49,68;25,42;99,82;298,62;25,21;6,24
2012.0;7.0;2012-07-01;BRASPINE;MORRO AZUL;;;;;74,41;14,24;82,88;4,40;41,07;25,15;100,00;310,00;9,01;6,37
2012.0;7.0;2012-07-01;BRASPINE;OURO FINO;SP;APIAI;51,70;51,70;85,63;13,95;84,23;3,99;42,66;24,79;100,00;303,39;22,73;25,07
2012.0;7.0;2012-07-01;BRASPINE;PALMEIRINHA DE BAIXO - SOSSEGO;PR;SENGES;85,93;9,22;70,10;14,00;80,14;4,21;42,62;23,49;99,83;314,20;12,90;11,66
2012.0;7.0;2012-07-01;BRASPINE;PAZIN;PR;DOUTOR ULYSSES;41,20;23,90;97,22;14,05;84,14;4,55;41,41;25,15;100,00;312,67;4,55;11,68
2012.0;7.0;2012-07-01;BRASPINE;PEDRAS;PR;CASTRO;7,18;7,18;78,12;13,72;81,79;3,42;47,47;23,89;99,53;288,60;16,75;12,38
2012.0;7.0;2012-07-01;BRASPINE;PESCARIA;PR;SAO JOSE DA BOA VISTA;184,57;129,22;58,46;15,75;77,11;4,82;43,70;25,97;98,42;321,91;4,82;14,57
2012.0;7.0;2012-07-01;BRASPINE;PESSEGUEIRO;PR;DOUTOR ULYSSES;109,95;64,79;85,49;14,03;83,04;4,04;41,48;24,71;100,00;311,24;4,04;2,55
2012.0;7.0;2012-07-01;BRASPINE;PITANGA;;;;;102,07;13,68;82,71;2,05;45,13;23,62;99,88;225,99;12,12;3,74
2012.0;7.0;2012-07-01;BRASPINE;QUEIMADINHO ARROIO CLARO;PR;DOUTOR ULYSSES;48,13;19,09;89,83;14,03;83,04;4,04;41,48;24,71;100,00;311,24;4,04;2,55
2012.0;7.0;2012-07-01;BRASPINE;QUEIMADINHO M6042;PR;DOUTOR ULYSSES;48,38;18,50;89,83;14,03;83,04;4,04;41,48;24,71;100,00;311,24;4,04;2,55
2012.0;7.0;2012-07-01;BRASPINE;QUEIMADINHO USUCAPIAO;PR;DOUTOR ULYSSES;200,27;92,43;89,83;14,03;83,04;4,04;41,48;24,71;100,00;311,24;4,04;2,55
2012.0;7.0;2012-07-01;BRASPINE;RAMOS;PR;SENGES;69,83;38,15;79,57;13,93;82,40;4,13;41,71;24,35;100,00;305,94;13,55;4,97
2012.0;7.0;2012-07-01;BRASPINE;RIBEIRAO GRANDE;PR;JAGUARIAIVA;20,77;20,77;71,80;13,83;80,95;4,39;45,73;23,78;99,57;296,35;18,87;7,33
2012.0;7.0;2012-07-01;BRASPINE;RINCAO DE BAIXO;;;;;53,99;13,99;80,77;3,43;48,25;23,76;99,53;275,85;15,56;2,50
2012.0;7.0;2012-07-01;BRASPINE;RIO BOMBA;PR;CERRO AZUL;65,03;37,72;100,55;14,51;84,47;3,89;42,38;25,95;99,98;313,71;3,89;6,20
2012.0;7.0;2012-07-01;BRASPINE;RIO DO MEIO;PR;DOUTOR ULYSSES;712,33;389,13;92,18;14,03;83,04;4,04;41,48;24,71;100,00;311,24;4,04;2,55
2012.0;7.0;2012-07-01;BRASPINE;RONDON;PR;JAGUARIAIVA;2899,24;1475,88;67,90;13,97;80,70;3,78;42,90;23,63;99,88;311,85;17,06;25,98
2012.0;7.0;2012-07-01;BRASPINE;SANTA FELICIDADE;;;;;102,23;14,67;85,79;3,15;40,76;27,02;100,00;310,73;7,32;3,93
2012.0;7.0;2012-07-01;BRASPINE;SANTA LIDIA DO CERCADINHO;;;;;51,14;13,71;80,73;3,40;48,28;23,23;99,53;285,18;15,15;1,55
2012.0;7.0;2012-07-01;BRASPINE;SANTO ANTONIO;;;;;70,88;13,95;80,67;3,63;41,84;23,78;100,00;309,07;11,85;5,39
2012.0;7.0;2012-07-01;BRASPINE;SAO JOSE;PR;JANDAIA DO SUL;37,56;37,56;28,52;16,83;76,57;6,33;44,46;26,94;99,94;182,31;0,00;7,22
2012.0;7.0;2012-07-01;BRASPINE;SAO MATHEUS;;;;;31,75;17,62;77,47;6,14;45,90;28,64;99,59;153,67;0,00;6,92
2012.0;7.0;2012-07-01;BRASPINE;SAO PEDRO E SAO PAULO;PR;SAPOPEMA;709,13;323,93;55,12;15,26;78,09;4,16;43,52;24,42;99,16;309,37;9,03;4,36
2012.0;7.0;2012-07-01;BRASPINE;SAO RAFAEL;;;;;97,40;13,21;83,52;3,85;45,12;24,65;100,00;285,33;16,21;6,48
2012.0;7.0;2012-07-01;BRASPINE;SAO RAFAEL - PB;;;;;83,87;14,09;83,84;4,23;42,04;24,98;100,00;309,09;19,10;0,37
2012.0;7.0;2012-07-01;BRASPINE;SERRARIA;PR;DOUTOR ULYSSES;280,88;117,71;94,27;13,90;83,68;4,60;41,44;24,73;100,00;310,38;4,60;119,55
2012.0;7.0;2012-07-01;BRASPINE;SERRO VERDE;;;;;135,20;13,52;82,19;1,83;44,79;23,47;99,93;218,71;12,38;4,73
2012.0;7.0;2012-07-01;BRASPINE;SERTAOZINHO;PR;DOUTOR ULYSSES;16,25;16,25;88,96;14,03;83,04;4,04;41,48;24,71;100,00;311,24;4,04;2,55
2012.0;7.0;2012-07-01;BRASPINE;SITIO BASILIO;PR;JAGUARIAIVA;8,08;8,08;74,26;13,89;80,34;3,47;45,97;23,39;99,62;311,06;15,42;2,85
2012.0;7.0;2012-07-01;BRASPINE;SITIO DAS MARRECAS;PR;DOUTOR ULYSSES;77,49;35,17;106,10;14,37;84,75;4,01;41,16;26,00;100,00;312,65;4,01;9,59
2012.0;7.0;2012-07-01;BRASPINE;SOBRADINHO;SP;BOM SUCESSO DE ITARARE;285,80;123,10;78,54;13,84;81,64;3,54;42,22;23,89;100,00;302,70;11,78;42,90
2012.0;7.0;2012-07-01;BRASPINE;TAQUARAL;PR;JAGUARIAIVA;519,13;31,07;69,71;14,09;80,71;3,65;43,67;23,92;100,00;314,69;16,13;116,91
2012.0;7.0;2012-07-01;BRASPINE;TUCUNDUVA;PR;SENGES;82,21;60,89;74,54;14,66;77,68;3,30;43,83;24,01;98,22;313,25;11,47;9,64
2012.0;7.0;2012-07-01;BRASPINE;TUCUNDUVA - CHAMMA;;;;;71,12;14,72;77,81;4,19;43,47;24,04;98,21;314,46;12,93;4,74
2012.0;7.0;2012-07-01;BRASPINE;VIENA 1;PR;DOUTOR ULYSSES;263,98;178,34;89,53;13,77;82,40;4,01;42,99;24,02;100,00;310,31;13,54;12,65
2012.0;7.0;2012-07-01;BRASPINE;VIENA 2;PR;CERRO AZUL;140,23;96,54;100,65;14,51;84,47;3,89;42,38;25,95;99,98;313,71;3,89;6,20
2012.0;7.0;2012-07-01;BRASPINE;VITORIA;PR;SENGES;50,54;35,69;70,10;14,00;80,14;4,21;42,62;23,49;99,83;314,20;12,90;11,66
2012.0;7.0;2012-07-01;BRASPINE;VIVEIRO;PR;DOUTOR ULYSSES;405,39;261,22;93,04;14,03;83,04;4,04;41,48;24,71;100,00;311,24;4,04;2,55
2012.0;7.0;2012-07-01;BRASPINE;VO LINO;PR;DOUTOR ULYSSES;164,50;97,89;96,28;14,05;84,14;4,55;41,41;25,15;100,00;312,67;4,55;11,68
2012.0;7.0;2012-07-01;BRASPINE;XAXIM VELHO;;;;;118,88;12,61;85,16;2,63;42,63;22,51;100,00;245,46;21,74;9,94
2012.0;8.0;2012-08-01;BRASPINE;AGUA DOCE;PR;JAGUARIAIVA;238,97;121,99;10,22;16,28;73,60;7,63;35,85;24,01;99,72;361,05;0,00;1,05
2012.0;8.0;2012-08-01;BRASPINE;AMATA;;;;;13,67;17,10;80,06;9,51;33,90;26,51;99,99;387,74;0,00;1,78
2012.0;8.0;2012-08-01;BRASPINE;ANTA BRAVA;;;;;11,06;18,79;69,29;10,25;28,75;26,79;97,80;310,32;0,00;0,17
2012.0;8.0;2012-08-01;BRASPINE;ARAPONGAS;PR;SENGES;423,34;263,70;10,20;16,12;78,11;7,61;34,67;24,79;100,00;358,28;0,00;0,42
2012.0;8.0;2012-08-01;BRASPINE;ARROIO CLARO;PR;DOUTOR ULYSSES;275,14;92,00;10,98;16,15;79,56;8,34;34,98;25,00;100,00;360,83;0,00;0,72
2012.0;8.0;2012-08-01;BRASPINE;BARRA GRANDE;PR;DOUTOR ULYSSES;493,79;139,68;10,44;16,52;79,20;7,90;34,99;25,70;100,00;365,87;0,00;1,98
2012.0;8.0;2012-08-01;BRASPINE;BARRA GRANDE - BEMAIS;PR;GUARAPUAVA;299,16;108,61;0,00;15,67;75,40;7,28;31,97;23,64;99,54;330,58;0,00;3,53
2012.0;8.0;2012-08-01;BRASPINE;BARRETOS;PR;JAGUARIAIVA;43,35;32,98;10,44;16,37;76,01;8,03;34,19;24,79;100,00;369,34;0,00;4,22
2012.0;8.0;2012-08-01;BRASPINE;BAU;;;;;8,10;16,31;71,73;7,58;32,65;23,73;99,46;362,65;0,00;13,84
2012.0;8.0;2012-08-01;BRASPINE;BOA VISTA II;PR;PIRAI DO SUL;944,00;535,05;11,38;16,39;75,07;7,95;35,38;24,55;99,99;368,82;0,00;4,82
2012.0;8.0;2012-08-01;BRASPINE;BRASILEIRA;;;;;10,40;16,12;78,11;7,61;34,67;24,79;100,00;358,28;0,00;0,42
2012.0;8.0;2012-08-01;BRASPINE;BURACAO;;;;;14,16;15,88;78,50;8,52;34,76;24,61;99,81;353,48;0,00;10,81
2012.0;8.0;2012-08-01;BRASPINE;BURRINHO;PR;DOUTOR ULYSSES;211,01;100,37;11,00;16,15;79,56;8,34;34,98;25,00;100,00;360,83;0,00;0,72
2012.0;8.0;2012-08-01;BRASPINE;CADEADO I;PR;JAGUARIAIVA;21,07;12,29;9,88;16,03;77,09;7,77;34,30;24,48;100,00;354,44;0,00;3,13
2012.0;8.0;2012-08-01;BRASPINE;CADEADO II;PR;JAGUARIAIVA;21,88;16,79;9,88;16,03;77,09;7,77;34,30;24,48;100,00;354,44;0,00;3,13
2012.0;8.0;2012-08-01;BRASPINE;CAMPINA ALTA;PR;TIBAGI;29,77;18,24;12,82;17,41;69,81;8,39;33,12;25,61;99,08;366,68;0,00;12,32
2012.0;8.0;2012-08-01;BRASPINE;CAMPINA DO ELIAS;PR;JAGUARIAIVA;29,17;14,65;10,63;16,25;76,40;7,94;34,23;24,67;100,00;363,95;0,00;3,85
2012.0;8.0;2012-08-01;BRASPINE;CAMPO NOVO;PR;JAGUARIAIVA;295,98;156,36;10,33;16,03;77,09;7,77;34,30;24,48;100,00;354,44;0,00;3,13
2012.0;8.0;2012-08-01;BRASPINE;CONSULTORIA II A;PR;DOUTOR ULYSSES;89,62;60,79;10,38;16,12;78,11;7,61;34,67;24,79;100,00;358,28;0,00;0,42
2012.0;8.0;2012-08-01;BRASPINE;DINIZ;;;;;9,14;16,12;78,11;7,61;34,67;24,79;100,00;358,28;0,00;0,42
2012.0;8.0;2012-08-01;BRASPINE;ENES;PR;JAGUARIAIVA;5,93;5,69;10,37;16,03;77,09;7,77;34,30;24,48;100,00;354,44;0,00;3,13
2012.0;8.0;2012-08-01;BRASPINE;ENGENHARIA;;;;;9,14;16,12;78,11;7,61;34,67;24,79;100,00;358,28;0,00;0,42
2012.0;8.0;2012-08-01;BRASPINE;ESTACAO;PR;SENGES;4,76;4,14;10,60;16,03;77,09;7,77;34,30;24,48;100,00;354,44;0,00;3,13
2012.0;8.0;2012-08-01;BRASPINE;FAXINAL;PR;JAGUARIAIVA;20,65;20,65;10,37;16,03;77,09;7,77;34,30;24,48;100,00;354,44;0,00;3,13
2012.0;8.0;2012-08-01;BRASPINE;FEITAL;PR;DOUTOR ULYSSES;154,17;86,53;10,43;16,25;78,47;7,71;34,78;25,09;100,00;360,82;0,00;0,43
2012.0;8.0;2012-08-01;BRASPINE;FIGUEIRA;PR;DOUTOR ULYSSES;1053,81;315,71;10,61;16,15;79,56;8,34;34,98;25,00;100,00;360,83;0,00;0,72
2012.0;8.0;2012-08-01;BRASPINE;FIGUEIRINHA;PR;DOUTOR ULYSSES;94,37;56,74;11,14;16,15;79,56;8,34;34,98;25,00;100,00;360,83;0,00;0,72
2012.0;8.0;2012-08-01;BRASPINE;FLOEMA;PR;DOUTOR ULYSSES;2189,88;701,43;10,77;15,75;78,43;7,84;34,57;24,19;100,00;350,29;0,00;1,61
2012.0;8.0;2012-08-01;BRASPINE;FLOEMA I - SUDATI;;;;;10,65;16,12;78,11;7,61;34,67;24,79;100,00;358,28;0,00;0,42
2012.0;8.0;2012-08-01;BRASPINE;FLOEMA II - SUDATI;PR;DOUTOR ULYSSES;453,83;211,13;10,46;16,12;78,11;7,61;34,67;24,79;100,00;358,28;0,00;0,42
2012.0;8.0;2012-08-01;BRASPINE;FLOR DA SERRA;PR;SAO JOSE DA BOA VISTA;209,10;128,72;11,13;17,89;68,94;9,55;36,63;25,57;96,86;364,26;0,00;3,98
2012.0;8.0;2012-08-01;BRASPINE;GENTIL;PR;JAGUARIAIVA;126,77;53,33;10,41;15,97;73,73;7,40;36,73;23,51;99,46;352,77;0,00;3,27
2012.0;8.0;2012-08-01;BRASPINE;GUAIRACA;PR;GUARAPUAVA;623,62;169,31;8,25;15,75;76,32;6,75;32,88;23,83;99,82;330,20;0,00;0,60
2012.0;8.0;2012-08-01;BRASPINE;HERVAL 2 - MADALOSSO;;;;;14,10;15,88;78,50;8,52;34,76;24,61;99,81;353,48;0,00;10,81
2012.0;8.0;2012-08-01;BRASPINE;HERVAL DE BAIXO;PR;RESERVA;827,29;475,92;12,96;17,21;70,73;8,14;32,33;25,66;98,95;362,30;0,00;7,15
2012.0;8.0;2012-08-01;BRASPINE;HORTO 01;PR;TURVO;19,12;19,12;7,87;16,46;74,33;7,15;32,71;24,70;99,68;348,70;0,00;0,66
2012.0;8.0;2012-08-01;BRASPINE;HORTO 02;PR;TURVO;4,24;4,24;7,88;16,46;74,33;7,15;32,71;24,70;99,68;348,70;0,00;0,66
2012.0;8.0;2012-08-01;BRASPINE;HORTO 03;PR;PRUDENTOPOLIS;80,91;25,89;7,74;16,92;73,88;7,98;30,53;25,48;99,27;357,65;0,00;3,07
2012.0;8.0;2012-08-01;BRASPINE;HORTO 08;PR;TURVO;9,53;9,53;8,10;16,92;73,88;7,98;30,53;25,48;99,27;357,65;0,00;3,07
2012.0;8.0;2012-08-01;BRASPINE;HORTO 12;PR;PRUDENTOPOLIS;12,20;12,20;7,63;16,92;73,88;7,98;30,53;25,48;99,27;357,65;0,00;3,07
2012.0;8.0;2012-08-01;BRASPINE;IZAU;PR;PIRAI DO SUL;19,37;11,60;11,50;16,13;74,30;7,99;34,95;24,02;99,56;363,63;0,00;5,46
2012.0;8.0;2012-08-01;BRASPINE;JOAO RICO;PR;JAGUARIAIVA;47,46;26,18;10,31;16,28;73,60;7,63;35,85;24,01;99,72;361,05;0,00;1,05
2012.0;8.0;2012-08-01;BRASPINE;LAGOA;PR;JAGUARIAIVA;24,10;10,78;9,87;16,03;77,09;7,77;34,30;24,48;100,00;354,44;0,00;3,13
2012.0;8.0;2012-08-01;BRASPINE;MARACANA;PR;JANDAIA DO SUL;11,45;11,45;7,65;20,20;58,09;12,21;26,93;28,38;99,99;80,33;0,00;10,60
2012.0;8.0;2012-08-01;BRASPINE;MARRECA;;;;;11,20;16,15;79,56;8,34;34,98;25,00;100,00;360,83;0,00;0,72
2012.0;8.0;2012-08-01;BRASPINE;MARRECA SP;SP;ITAPIRAPUA PAULISTA;675,30;236,19;10,60;16,71;80,70;8,21;34,76;26,15;100,00;368,97;0,00;2,93
2012.0;8.0;2012-08-01;BRASPINE;MARRECAS;;;;;7,08;15,16;75,99;6,37;33,00;23,17;99,90;317,18;0,00;2,65
2012.0;8.0;2012-08-01;BRASPINE;MERCADINHO;;;;;11,20;16,52;80,04;8,88;34,05;25,74;100,00;366,06;0,00;3,23
2012.0;8.0;2012-08-01;BRASPINE;MONTE ALEGRE;;;;;7,81;20,68;57,44;12,68;26,30;28,90;99,78;67,69;0,00;7,43
2012.0;8.0;2012-08-01;BRASPINE;MONTE TABOR II;;;;;12,32;15,87;82,62;8,12;37,51;24,77;100,00;352,99;0,00;0,91
2012.0;8.0;2012-08-01;BRASPINE;MOREIRA;PR;DOUTOR ULYSSES;230,52;68,68;10,46;16,12;78,11;7,61;34,67;24,79;100,00;358,28;0,00;0,42
2012.0;8.0;2012-08-01;BRASPINE;MOREIRAS II;PR;DOUTOR ULYSSES;66,76;28,75;10,36;16,12;78,11;7,61;34,67;24,79;100,00;358,28;0,00;0,42
2012.0;8.0;2012-08-01;BRASPINE;MORRETES;PR;ORTIGUEIRA;20,36;20,36;11,69;17,46;71,64;7,83;33,03;26,20;99,28;359,38;0,00;2,10
2012.0;8.0;2012-08-01;BRASPINE;MORRO AZUL;;;;;10,06;16,38;78,27;7,28;33,26;25,58;100,00;360,25;0,00;5,14
2012.0;8.0;2012-08-01;BRASPINE;OURO FINO;SP;APIAI;51,70;51,70;11,49;15,99;80,14;7,01;34,77;25,03;100,00;356,23;0,00;1,86
2012.0;8.0;2012-08-01;BRASPINE;PALMEIRINHA DE BAIXO - SOSSEGO;PR;SENGES;85,93;9,22;9,30;15,98;74,09;7,34;32,40;24,10;99,54;349,38;0,00;6,14
2012.0;8.0;2012-08-01;BRASPINE;PAZIN;PR;DOUTOR ULYSSES;41,20;23,90;10,66;16,15;79,56;8,34;34,98;25,00;100,00;360,83;0,00;0,72
2012.0;8.0;2012-08-01;BRASPINE;PEDRAS;PR;CASTRO;7,18;7,18;13,19;15,98;76,26;7,98;36,51;24,07;99,58;357,04;0,00;2,54
2012.0;8.0;2012-08-01;BRASPINE;PESCARIA;PR;SAO JOSE DA BOA VISTA;184,57;129,22;11,07;18,12;68,64;9,12;35,43;26,06;96,06;385,33;0,00;4,18
2012.0;8.0;2012-08-01;BRASPINE;PESSEGUEIRO;PR;DOUTOR ULYSSES;109,95;64,79;10,75;16,12;78,11;7,61;34,67;24,79;100,00;358,28;0,00;0,42
2012.0;8.0;2012-08-01;BRASPINE;PITANGA;;;;;8,42;17,09;69,93;8,48;32,64;24,70;99,35;369,59;0,00;11,67
2012.0;8.0;2012-08-01;BRASPINE;QUEIMADINHO ARROIO CLARO;PR;DOUTOR ULYSSES;48,13;19,09;10,40;16,12;78,11;7,61;34,67;24,79;100,00;358,28;0,00;0,42
2012.0;8.0;2012-08-01;BRASPINE;QUEIMADINHO M6042;PR;DOUTOR ULYSSES;48,38;18,50;10,40;16,12;78,11;7,61;34,67;24,79;100,00;358,28;0,00;0,42
2012.0;8.0;2012-08-01;BRASPINE;QUEIMADINHO USUCAPIAO;PR;DOUTOR ULYSSES;200,27;92,43;10,40;16,12;78,11;7,61;34,67;24,79;100,00;358,28;0,00;0,42
2012.0;8.0;2012-08-01;BRASPINE;RAMOS;PR;SENGES;69,83;38,15;10,65;16,03;77,09;7,77;34,30;24,48;100,00;354,44;0,00;3,13
2012.0;8.0;2012-08-01;BRASPINE;RIBEIRAO GRANDE;PR;JAGUARIAIVA;20,77;20,77;11,22;16,13;74,30;7,99;34,95;24,02;99,56;363,63;0,00;5,46
2012.0;8.0;2012-08-01;BRASPINE;RINCAO DE BAIXO;;;;;12,23;16,60;70,94;8,15;35,50;24,27;99,54;366,09;0,00;16,18
2012.0;8.0;2012-08-01;BRASPINE;RIO BOMBA;PR;CERRO AZUL;65,03;37,72;11,90;16,72;79,51;9,34;33,43;25,91;99,98;375,26;0,00;5,43
2012.0;8.0;2012-08-01;BRASPINE;RIO DO MEIO;PR;DOUTOR ULYSSES;712,33;389,13;10,38;16,12;78,11;7,61;34,67;24,79;100,00;358,28;0,00;0,42
2012.0;8.0;2012-08-01;BRASPINE;RONDON;PR;JAGUARIAIVA;2899,24;1475,88;9,32;16,00;74,67;7,41;34,67;24,00;99,60;349,85;0,00;5,11
2012.0;8.0;2012-08-01;BRASPINE;SANTA FELICIDADE;;;;;11,18;16,96;81,62;7,97;34,53;26,78;100,00;369,69;0,00;1,89
2012.0;8.0;2012-08-01;BRASPINE;SANTA LIDIA DO CERCADINHO;;;;;11,71;16,25;71,00;8,28;35,57;23,67;99,52;359,70;0,00;0,87
2012.0;8.0;2012-08-01;BRASPINE;SANTO ANTONIO;;;;;9,45;15,95;75,12;7,16;30,85;24,43;99,94;346,47;0,00;3,72
2012.0;8.0;2012-08-01;BRASPINE;SAO JOSE;PR;JANDAIA DO SUL;37,56;37,56;7,91;20,51;57,66;12,55;26,55;28,71;99,88;66,98;0,00;8,22
2012.0;8.0;2012-08-01;BRASPINE;SAO MATHEUS;;;;;7,91;21,71;57,67;12,25;25,94;30,09;99,57;54,93;0,00;2,58
2012.0;8.0;2012-08-01;BRASPINE;SAO PEDRO E SAO PAULO;PR;SAPOPEMA;709,13;323,93;9,95;17,36;67,98;9,47;34,53;24,84;99,64;360,54;0,00;1,11
2012.0;8.0;2012-08-01;BRASPINE;SAO RAFAEL;;;;;25,69;15,78;78,77;7,91;33,11;24,37;99,63;352,76;0,00;4,55
2012.0;8.0;2012-08-01;BRASPINE;SAO RAFAEL - PB;;;;;10,32;16,16;79,60;7,12;34,12;25,29;100,00;360,19;0,00;1,81
2012.0;8.0;2012-08-01;BRASPINE;SERRARIA;PR;DOUTOR ULYSSES;280,88;117,71;10,94;15,95;79,00;8,09;34,79;24,60;100,00;355,57;0,00;1,17
2012.0;8.0;2012-08-01;BRASPINE;SERRO VERDE;;;;;6,13;16,74;70,37;9,01;31,77;24,25;99,28;368,57;0,00;22,34
2012.0;8.0;2012-08-01;BRASPINE;SERTAOZINHO;PR;DOUTOR ULYSSES;16,25;16,25;9,20;16,12;78,11;7,61;34,67;24,79;100,00;358,28;0,00;0,42
2012.0;8.0;2012-08-01;BRASPINE;SITIO BASILIO;PR;JAGUARIAIVA;8,08;8,08;10,22;16,00;73,51;7,28;36,45;23,48;99,50;351,62;0,00;0,70
2012.0;8.0;2012-08-01;BRASPINE;SITIO DAS MARRECAS;PR;DOUTOR ULYSSES;77,49;35,17;10,99;16,55;80,37;8,25;34,82;25,82;100,00;366,66;0,00;3,85
2012.0;8.0;2012-08-01;BRASPINE;SOBRADINHO;SP;BOM SUCESSO DE ITARARE;285,80;123,10;10,57;15,81;76,82;6,95;30,58;24,51;100,00;344,79;0,00;1,57
2012.0;8.0;2012-08-01;BRASPINE;TAQUARAL;PR;JAGUARIAIVA;519,13;31,07;9,92;16,23;74,47;7,44;35,58;24,18;99,95;358,33;0,00;0,66
2012.0;8.0;2012-08-01;BRASPINE;TUCUNDUVA;PR;SENGES;82,21;60,89;11,04;16,55;71,10;7,31;34,85;24,11;97,71;360,91;0,00;0,15
2012.0;8.0;2012-08-01;BRASPINE;TUCUNDUVA - CHAMMA;;;;;10,82;16,65;71,41;7,91;34,63;24,31;98,01;367,37;0,00;2,05
2012.0;8.0;2012-08-01;BRASPINE;VIENA 1;PR;DOUTOR ULYSSES;263,98;178,34;10,70;15,78;77,62;8,00;35,86;23,90;100,00;353,67;0,00;1,39
2012.0;8.0;2012-08-01;BRASPINE;VIENA 2;PR;CERRO AZUL;140,23;96,54;11,88;16,72;79,51;9,34;33,43;25,91;99,98;375,26;0,00;5,43
2012.0;8.0;2012-08-01;BRASPINE;VITORIA;PR;SENGES;50,54;35,69;9,30;15,98;74,09;7,34;32,40;24,10;99,54;349,38;0,00;6,14
2012.0;8.0;2012-08-01;BRASPINE;VIVEIRO;PR;DOUTOR ULYSSES;405,39;261,22;10,36;16,12;78,11;7,61;34,67;24,79;100,00;358,28;0,00;0,42
2012.0;8.0;2012-08-01;BRASPINE;VO LINO;PR;DOUTOR ULYSSES;164,50;97,89;11,13;16,15;79,56;8,34;34,98;25,00;100,00;360,83;0,00;0,72
2012.0;8.0;2012-08-01;BRASPINE;XAXIM VELHO;;;;;1,33;15,36;77,07;6,20;34,67;23,14;99,78;329,54;0,00;9,41
2012.0;9.0;2012-09-01;BRASPINE;AGUA DOCE;PR;JAGUARIAIVA;238,97;121,99;84,31;17,94;68,77;5,88;27,15;30,53;99,84;239,32;0,00;0,69
2012.0;9.0;2012-09-01;BRASPINE;AMATA;;;;;95,85;19,05;71,42;7,48;23,34;33,71;99,94;213,65;0,00;3,20
2012.0;9.0;2012-09-01;BRASPINE;ANTA BRAVA;;;;;75,02;20,65;66,68;9,62;22,27;34,08;99,99;158,39;0,00;3,17
2012.0;9.0;2012-09-01;BRASPINE;ARAPONGAS;PR;SENGES;423,34;263,70;72,95;17,81;72,70;5,92;26,10;31,59;100,00;290,96;0,00;0,74
2012.0;9.0;2012-09-01;BRASPINE;ARROIO CLARO;PR;DOUTOR ULYSSES;275,14;92,00;82,50;17,88;73,19;5,87;24,94;32,20;100,00;294,31;0,00;4,68
2012.0;9.0;2012-09-01;BRASPINE;BARRA GRANDE;PR;DOUTOR ULYSSES;493,79;139,68;77,88;18,19;73,60;6,50;24,39;32,65;100,00;270,84;0,00;5,87
2012.0;9.0;2012-09-01;BRASPINE;BARRA GRANDE - BEMAIS;PR;GUARAPUAVA;299,16;108,61;76,61;17,33;66,67;4,30;27,30;30,41;99,97;276,34;9,25;15,30
2012.0;9.0;2012-09-01;BRASPINE;BARRETOS;PR;JAGUARIAIVA;43,35;32,98;80,81;17,97;70,86;5,97;25,43;31,39;99,98;228,93;0,00;2,34
2012.0;9.0;2012-09-01;BRASPINE;BAU;;;;;75,42;17,50;65,26;3,54;29,41;30,05;99,90;233,03;3,54;0,78
2012.0;9.0;2012-09-01;BRASPINE;BOA VISTA II;PR;PIRAI DO SUL;944,00;535,05;89,76;17,92;69,87;5,81;26,65;30,94;99,95;241,34;0,00;2,54
2012.0;9.0;2012-09-01;BRASPINE;BRASILEIRA;;;;;76,74;17,81;72,70;5,92;26,10;31,59;100,00;290,96;0,00;0,74
2012.0;9.0;2012-09-01;BRASPINE;BURACAO;;;;;104,66;17,70;69,77;5,57;25,71;31,28;99,79;251,54;0,00;2,89
2012.0;9.0;2012-09-01;BRASPINE;BURRINHO;PR;DOUTOR ULYSSES;211,01;100,37;82,50;17,88;73,19;5,87;24,94;32,20;100,00;294,31;0,00;4,68
2012.0;9.0;2012-09-01;BRASPINE;CADEADO I;PR;JAGUARIAIVA;21,07;12,29;78,57;17,72;71,76;5,76;25,63;31,14;100,00;285,08;0,00;4,23
2012.0;9.0;2012-09-01;BRASPINE;CADEADO II;PR;JAGUARIAIVA;21,88;16,79;78,57;17,72;71,76;5,76;25,63;31,14;100,00;285,08;0,00;4,23
2012.0;9.0;2012-09-01;BRASPINE;CAMPINA ALTA;PR;TIBAGI;29,77;18,24;95,27;19,08;64,05;6,11;25,80;32,21;99,90;226,93;0,00;1,37
2012.0;9.0;2012-09-01;BRASPINE;CAMPINA DO ELIAS;PR;JAGUARIAIVA;29,17;14,65;83,22;17,88;71,19;5,89;25,50;31,28;99,99;257,81;0,00;1,24
2012.0;9.0;2012-09-01;BRASPINE;CAMPO NOVO;PR;JAGUARIAIVA;295,98;156,36;74,78;17,72;71,76;5,76;25,63;31,14;100,00;285,08;0,00;4,23
2012.0;9.0;2012-09-01;BRASPINE;CONSULTORIA II A;PR;DOUTOR ULYSSES;89,62;60,79;77,27;17,81;72,70;5,92;26,10;31,59;100,00;290,96;0,00;0,74
2012.0;9.0;2012-09-01;BRASPINE;DINIZ;;;;;72,21;17,81;72,70;5,92;26,10;31,59;100,00;290,96;0,00;0,74
2012.0;9.0;2012-09-01;BRASPINE;ENES;PR;JAGUARIAIVA;5,93;5,69;75,16;17,72;71,76;5,76;25,63;31,14;100,00;285,08;0,00;4,23
2012.0;9.0;2012-09-01;BRASPINE;ENGENHARIA;;;;;72,21;17,81;72,70;5,92;26,10;31,59;100,00;290,96;0,00;0,74
2012.0;9.0;2012-09-01;BRASPINE;ESTACAO;PR;SENGES;4,76;4,14;80,56;17,72;71,76;5,76;25,63;31,14;100,00;285,08;0,00;4,23
2012.0;9.0;2012-09-01;BRASPINE;FAXINAL;PR;JAGUARIAIVA;20,65;20,65;75,16;17,72;71,76;5,76;25,63;31,14;100,00;285,08;0,00;4,23
2012.0;9.0;2012-09-01;BRASPINE;FEITAL;PR;DOUTOR ULYSSES;154,17;86,53;77,57;17,94;73,00;6,11;25,84;31,94;100,00;294,34;0,00;10,08
2012.0;9.0;2012-09-01;BRASPINE;FIGUEIRA;PR;DOUTOR ULYSSES;1053,81;315,71;78,34;17,88;73,19;5,87;24,94;32,20;100,00;294,31;0,00;4,68
2012.0;9.0;2012-09-01;BRASPINE;FIGUEIRINHA;PR;DOUTOR ULYSSES;94,37;56,74;83,26;17,88;73,19;5,87;24,94;32,20;100,00;294,31;0,00;4,68
2012.0;9.0;2012-09-01;BRASPINE;FLOEMA;PR;DOUTOR ULYSSES;2189,88;701,43;83,67;17,49;72,19;5,31;25,37;31,32;100,00;282,89;0,00;6,30
2012.0;9.0;2012-09-01;BRASPINE;FLOEMA I - SUDATI;;;;;79,63;17,81;72,70;5,92;26,10;31,59;100,00;290,96;0,00;0,74
2012.0;9.0;2012-09-01;BRASPINE;FLOEMA II - SUDATI;PR;DOUTOR ULYSSES;453,83;211,13;73,53;17,81;72,70;5,92;26,10;31,59;100,00;290,96;0,00;0,74
2012.0;9.0;2012-09-01;BRASPINE;FLOR DA SERRA;PR;SAO JOSE DA BOA VISTA;209,10;128,72;59,29;19,79;65,13;8,10;24,60;32,90;99,62;184,76;0,00;24,18
2012.0;9.0;2012-09-01;BRASPINE;GENTIL;PR;JAGUARIAIVA;126,77;53,33;85,38;17,68;68,68;5,48;27,67;30,17;99,57;279,60;0,00;5,19
2012.0;9.0;2012-09-01;BRASPINE;GUAIRACA;PR;GUARAPUAVA;623,62;169,31;77,36;17,37;67,32;4,16;27,91;30,54;99,95;261,09;4,16;46,67
2012.0;9.0;2012-09-01;BRASPINE;HERVAL 2 - MADALOSSO;;;;;104,73;17,70;69,77;5,57;25,71;31,28;99,79;251,54;0,00;2,89
2012.0;9.0;2012-09-01;BRASPINE;HERVAL DE BAIXO;PR;RESERVA;827,29;475,92;85,31;18,99;64,58;6,24;25,64;32,29;99,82;252,86;0,00;0,28
2012.0;9.0;2012-09-01;BRASPINE;HORTO 01;PR;TURVO;19,12;19,12;82,55;18,18;65,71;5,10;29,68;30,99;99,28;251,73;0,00;19,85
2012.0;9.0;2012-09-01;BRASPINE;HORTO 02;PR;TURVO;4,24;4,24;82,54;18,18;65,71;5,10;29,68;30,99;99,28;251,73;0,00;19,85
2012.0;9.0;2012-09-01;BRASPINE;HORTO 03;PR;PRUDENTOPOLIS;80,91;25,89;80,31;18,64;65,10;5,76;28,15;31,73;99,61;236,06;0,00;0,15
2012.0;9.0;2012-09-01;BRASPINE;HORTO 08;PR;TURVO;9,53;9,53;75,69;18,64;65,10;5,76;28,15;31,73;99,61;236,06;0,00;0,15
2012.0;9.0;2012-09-01;BRASPINE;HORTO 12;PR;PRUDENTOPOLIS;12,20;12,20;77,53;18,64;65,10;5,76;28,15;31,73;99,61;236,06;0,00;0,15
2012.0;9.0;2012-09-01;BRASPINE;IZAU;PR;PIRAI DO SUL;19,37;11,60;85,72;17,71;69,30;5,34;26,49;30,75;99,56;222,11;0,00;2,06
2012.0;9.0;2012-09-01;BRASPINE;JOAO RICO;PR;JAGUARIAIVA;47,46;26,18;84,62;17,94;68,77;5,88;27,15;30,53;99,84;239,32;0,00;0,69
2012.0;9.0;2012-09-01;BRASPINE;LAGOA;PR;JAGUARIAIVA;24,10;10,78;81,82;17,72;71,76;5,76;25,63;31,14;100,00;285,08;0,00;4,23
2012.0;9.0;2012-09-01;BRASPINE;MARACANA;PR;JANDAIA DO SUL;11,45;11,45;71,83;21,64;56,25;8,07;19,44;34,64;100,00;202,85;0,00;4,54
2012.0;9.0;2012-09-01;BRASPINE;MARRECA;;;;;82,53;17,88;73,19;5,87;24,94;32,20;100,00;294,31;0,00;4,68
2012.0;9.0;2012-09-01;BRASPINE;MARRECA SP;SP;ITAPIRAPUA PAULISTA;675,30;236,19;83,54;18,44;73,97;6,68;23,84;33,32;100,00;259,45;0,00;1,77
2012.0;9.0;2012-09-01;BRASPINE;MARRECAS;;;;;74,96;16,73;67,54;3,57;27,56;29,85;99,99;276,42;8,02;2,40
2012.0;9.0;2012-09-01;BRASPINE;MERCADINHO;;;;;86,01;18,40;72,38;6,64;23,51;33,08;99,96;258,93;0,00;0,04
2012.0;9.0;2012-09-01;BRASPINE;MONTE ALEGRE;;;;;67,36;22,06;55,84;8,41;19,13;35,12;99,96;163,00;0,00;3,43
2012.0;9.0;2012-09-01;BRASPINE;MONTE TABOR II;;;;;82,12;17,65;76,24;7,26;24,25;32,66;99,93;269,39;0,00;3,13
2012.0;9.0;2012-09-01;BRASPINE;MOREIRA;PR;DOUTOR ULYSSES;230,52;68,68;73,53;17,81;72,70;5,92;26,10;31,59;100,00;290,96;0,00;0,74
2012.0;9.0;2012-09-01;BRASPINE;MOREIRAS II;PR;DOUTOR ULYSSES;66,76;28,75;77,83;17,81;72,70;5,92;26,10;31,59;100,00;290,96;0,00;0,74
2012.0;9.0;2012-09-01;BRASPINE;MORRETES;PR;ORTIGUEIRA;20,36;20,36;81,20;19,33;65,36;6,58;25,80;32,71;99,77;229,02;0,00;1,32
2012.0;9.0;2012-09-01;BRASPINE;MORRO AZUL;;;;;73,10;17,99;73,69;6,25;23,17;32,33;100,00;295,26;0,00;3,89
2012.0;9.0;2012-09-01;BRASPINE;OURO FINO;SP;APIAI;51,70;51,70;79,46;17,63;75,30;6,63;23,50;31,97;100,00;294,23;0,00;17,33
2012.0;9.0;2012-09-01;BRASPINE;PALMEIRINHA DE BAIXO - SOSSEGO;PR;SENGES;85,93;9,22;70,47;17,74;69,96;6,03;24,77;30,71;99,86;282,92;0,00;2,57
2012.0;9.0;2012-09-01;BRASPINE;PAZIN;PR;DOUTOR ULYSSES;41,20;23,90;79,24;17,88;73,19;5,87;24,94;32,20;100,00;294,31;0,00;4,68
2012.0;9.0;2012-09-01;BRASPINE;PEDRAS;PR;CASTRO;7,18;7,18;93,04;17,51;70,48;5,28;29,66;30,23;99,51;259,23;0,00;1,23
2012.0;9.0;2012-09-01;BRASPINE;PESCARIA;PR;SAO JOSE DA BOA VISTA;184,57;129,22;63,88;19,93;65,11;8,40;23,87;33,35;99,95;187,30;0,00;13,92
2012.0;9.0;2012-09-01;BRASPINE;PESSEGUEIRO;PR;DOUTOR ULYSSES;109,95;64,79;82,74;17,81;72,70;5,92;26,10;31,59;100,00;290,96;0,00;0,74
2012.0;9.0;2012-09-01;BRASPINE;PITANGA;;;;;82,89;18,37;63,59;4,14;28,64;30,70;99,82;219,24;4,14;0,94
2012.0;9.0;2012-09-01;BRASPINE;QUEIMADINHO ARROIO CLARO;PR;DOUTOR ULYSSES;48,13;19,09;76,74;17,81;72,70;5,92;26,10;31,59;100,00;290,96;0,00;0,74
2012.0;9.0;2012-09-01;BRASPINE;QUEIMADINHO M6042;PR;DOUTOR ULYSSES;48,38;18,50;76,74;17,81;72,70;5,92;26,10;31,59;100,00;290,96;0,00;0,74
2012.0;9.0;2012-09-01;BRASPINE;QUEIMADINHO USUCAPIAO;PR;DOUTOR ULYSSES;200,27;92,43;76,74;17,81;72,70;5,92;26,10;31,59;100,00;290,96;0,00;0,74
2012.0;9.0;2012-09-01;BRASPINE;RAMOS;PR;SENGES;69,83;38,15;79,63;17,72;71,76;5,76;25,63;31,14;100,00;285,08;0,00;4,23
2012.0;9.0;2012-09-01;BRASPINE;RIBEIRAO GRANDE;PR;JAGUARIAIVA;20,77;20,77;85,10;17,71;69,30;5,34;26,49;30,75;99,56;222,11;0,00;2,06
2012.0;9.0;2012-09-01;BRASPINE;RINCAO DE BAIXO;;;;;89,28;18,28;65,43;5,47;26,86;30,72;99,53;222,49;0,00;0,51
2012.0;9.0;2012-09-01;BRASPINE;RIO BOMBA;PR;CERRO AZUL;65,03;37,72;93,65;18,72;70,72;6,67;23,23;33,32;99,88;249,06;0,00;3,63
2012.0;9.0;2012-09-01;BRASPINE;RIO DO MEIO;PR;DOUTOR ULYSSES;712,33;389,13;77,54;17,81;72,70;5,92;26,10;31,59;100,00;290,96;0,00;0,74
2012.0;9.0;2012-09-01;BRASPINE;RONDON;PR;JAGUARIAIVA;2899,24;1475,88;72,95;17,74;70,14;6,06;26,12;30,55;99,89;282,70;0,00;93,46
2012.0;9.0;2012-09-01;BRASPINE;SANTA FELICIDADE;;;;;85,35;18,73;74,58;7,24;22,17;34,20;100,00;265,68;0,00;1,18
2012.0;9.0;2012-09-01;BRASPINE;SANTA LIDIA DO CERCADINHO;;;;;86,80;17,95;65,63;5,25;27,09;30,13;99,54;234,29;0,00;6,22
2012.0;9.0;2012-09-01;BRASPINE;SANTO ANTONIO;;;;;68,38;17,68;71,05;5,91;24,56;30,91;100,00;281,81;0,00;3,61
2012.0;9.0;2012-09-01;BRASPINE;SAO JOSE;PR;JANDAIA DO SUL;37,56;37,56;67,84;21,91;55,98;8,30;19,33;34,93;99,99;176,69;0,00;3,72
2012.0;9.0;2012-09-01;BRASPINE;SAO MATHEUS;;;;;61,07;22,88;56,24;9,30;19,91;36,22;99,89;108,34;0,00;0,01
2012.0;9.0;2012-09-01;BRASPINE;SAO PEDRO E SAO PAULO;PR;SAPOPEMA;709,13;323,93;67,38;19,53;62,74;6,67;24,08;31,62;99,51;204,76;0,00;0,94
2012.0;9.0;2012-09-01;BRASPINE;SAO RAFAEL;;;;;66,98;17,39;69,90;4,58;23,99;31,78;99,53;255,47;4,58;5,64
2012.0;9.0;2012-09-01;BRASPINE;SAO RAFAEL - PB;;;;;75,98;17,77;74,92;6,53;23,17;32,21;100,00;296,11;0,00;17,92
2012.0;9.0;2012-09-01;BRASPINE;SERRARIA;PR;DOUTOR ULYSSES;280,88;117,71;83,97;17,68;72,69;5,59;25,15;31,76;100,00;288,59;0,00;5,50
2012.0;9.0;2012-09-01;BRASPINE;SERRO VERDE;;;;;84,40;17,89;63,89;3,52;28,50;30,61;99,77;210,45;3,52;3,35
2012.0;9.0;2012-09-01;BRASPINE;SERTAOZINHO;PR;DOUTOR ULYSSES;16,25;16,25;71,82;17,81;72,70;5,92;26,10;31,59;100,00;290,96;0,00;0,74
2012.0;9.0;2012-09-01;BRASPINE;SITIO BASILIO;PR;JAGUARIAIVA;8,08;8,08;84,54;17,74;68,51;5,63;27,90;30,08;99,65;250,15;0,00;3,20
2012.0;9.0;2012-09-01;BRASPINE;SITIO DAS MARRECAS;PR;DOUTOR ULYSSES;77,49;35,17;82,10;18,28;73,75;6,45;24,16;32,94;100,00;256,65;0,00;2,69
2012.0;9.0;2012-09-01;BRASPINE;SOBRADINHO;SP;BOM SUCESSO DE ITARARE;285,80;123,10;67,05;17,47;72,99;5,94;24,43;30,99;100,00;296,27;0,00;9,40
2012.0;9.0;2012-09-01;BRASPINE;TAQUARAL;PR;JAGUARIAIVA;519,13;31,07;76,86;17,91;69,61;6,07;26,97;30,65;100,00;240,83;0,00;34,48
2012.0;9.0;2012-09-01;BRASPINE;TUCUNDUVA;PR;SENGES;82,21;60,89;76,19;18,47;66,77;6,78;25,46;31,11;99,56;235,28;0,00;4,94
2012.0;9.0;2012-09-01;BRASPINE;TUCUNDUVA - CHAMMA;;;;;77,01;18,52;67,29;6,86;24,91;31,38;99,56;237,88;0,00;5,49
2012.0;9.0;2012-09-01;BRASPINE;VIENA 1;PR;DOUTOR ULYSSES;263,98;178,34;89,74;17,44;71,56;5,33;27,09;30,66;100,00;262,96;0,00;5,86
2012.0;9.0;2012-09-01;BRASPINE;VIENA 2;PR;CERRO AZUL;140,23;96,54;93,71;18,72;70,72;6,67;23,23;33,32;99,88;249,06;0,00;3,63
2012.0;9.0;2012-09-01;BRASPINE;VITORIA;PR;SENGES;50,54;35,69;70,47;17,74;69,96;6,03;24,77;30,71;99,86;282,92;0,00;2,57
2012.0;9.0;2012-09-01;BRASPINE;VIVEIRO;PR;DOUTOR ULYSSES;405,39;261,22;77,83;17,81;72,70;5,92;26,10;31,59;100,00;290,96;0,00;0,74
2012.0;9.0;2012-09-01;BRASPINE;VO LINO;PR;DOUTOR ULYSSES;164,50;97,89;82,59;17,88;73,19;5,87;24,94;32,20;100,00;294,31;0,00;4,68
2012.0;9.0;2012-09-01;BRASPINE;XAXIM VELHO;;;;;76,98;16,73;68,66;3,14;29,17;30,07;99,98;246,18;7,57;1,86
2012.0;10.0;2012-10-01;BRASPINE;AGUA DOCE;PR;JAGUARIAIVA;238,97;121,99;143,86;20,04;76,52;10,27;25,80;31,98;99,88;163,55;0,00;0,17
2012.0;10.0;2012-10-01;BRASPINE;AMATA;;;;;159,22;21,26;76,37;12,26;22,71;35,24;100,00;106,96;0,00;6,20
2012.0;10.0;2012-10-01;BRASPINE;ANTA BRAVA;;;;;255,31;22,83;73,03;12,81;30,99;34,96;97,38;69,87;0,00;0,01
2012.0;10.0;2012-10-01;BRASPINE;ARAPONGAS;PR;SENGES;423,34;263,70;142,81;19,86;79,44;10,54;25,15;33,01;100,00;181,24;0,00;0,79
2012.0;10.0;2012-10-01;BRASPINE;ARROIO CLARO;PR;DOUTOR ULYSSES;275,14;92,00;158,02;19,97;79,59;10,76;23,89;33,52;100,00;169,10;0,00;3,00
2012.0;10.0;2012-10-01;BRASPINE;BARRA GRANDE;PR;DOUTOR ULYSSES;493,79;139,68;143,37;20,25;79,88;10,87;24,59;33,89;100,00;170,11;0,00;5,77
2012.0;10.0;2012-10-01;BRASPINE;BARRA GRANDE - BEMAIS;PR;GUARAPUAVA;299,16;108,61;222,24;18,99;80,16;9,86;27,48;30,82;99,98;213,19;0,00;21,51
2012.0;10.0;2012-10-01;BRASPINE;BARRETOS;PR;JAGUARIAIVA;43,35;32,98;146,60;19,97;78,35;10,29;24,97;32,53;100,00;164,78;0,00;2,69
2012.0;10.0;2012-10-01;BRASPINE;BAU;;;;;239,86;19,33;78,08;9,60;27,25;29,83;99,90;161,95;0,00;3,77
2012.0;10.0;2012-10-01;BRASPINE;BOA VISTA II;PR;PIRAI DO SUL;944,00;535,05;155,18;20,02;77,50;10,07;24,67;32,19;99,96;162,77;0,00;5,65
2012.0;10.0;2012-10-01;BRASPINE;BRASILEIRA;;;;;154,86;19,86;79,44;10,54;25,15;33,01;100,00;181,24;0,00;0,79
2012.0;10.0;2012-10-01;BRASPINE;BURACAO;;;;;168,83;19,75;77,72;10,66;26,00;32,21;99,85;191,84;0,00;0,25
2012.0;10.0;2012-10-01;BRASPINE;BURRINHO;PR;DOUTOR ULYSSES;211,01;100,37;157,67;19,97;79,59;10,76;23,89;33,52;100,00;169,10;0,00;3,00
2012.0;10.0;2012-10-01;BRASPINE;CADEADO I;PR;JAGUARIAIVA;21,07;12,29;144,85;19,74;78,83;10,47;25,41;32,56;100,00;177,03;0,00;2,81
2012.0;10.0;2012-10-01;BRASPINE;CADEADO II;PR;JAGUARIAIVA;21,88;16,79;144,85;19,74;78,83;10,47;25,41;32,56;100,00;177,03;0,00;2,81
2012.0;10.0;2012-10-01;BRASPINE;CAMPINA ALTA;PR;TIBAGI;29,77;18,24;152,39;21,01;75,25;10,97;25,51;32,79;99,44;177,39;0,00;12,12
2012.0;10.0;2012-10-01;BRASPINE;CAMPINA DO ELIAS;PR;JAGUARIAIVA;29,17;14,65;150,30;19,89;78,52;10,36;25,13;32,54;100,00;163,95;0,00;1,53
2012.0;10.0;2012-10-01;BRASPINE;CAMPO NOVO;PR;JAGUARIAIVA;295,98;156,36;142,63;19,74;78,83;10,47;25,41;32,56;100,00;177,03;0,00;2,81
2012.0;10.0;2012-10-01;BRASPINE;CONSULTORIA II A;PR;DOUTOR ULYSSES;89,62;60,79;146,15;19,86;79,44;10,54;25,15;33,01;100,00;181,24;0,00;0,79
2012.0;10.0;2012-10-01;BRASPINE;DINIZ;;;;;141,29;19,86;79,44;10,54;25,15;33,01;100,00;181,24;0,00;0,79
2012.0;10.0;2012-10-01;BRASPINE;ENES;PR;JAGUARIAIVA;5,93;5,69;142,71;19,74;78,83;10,47;25,41;32,56;100,00;177,03;0,00;2,81
2012.0;10.0;2012-10-01;BRASPINE;ENGENHARIA;;;;;141,29;19,86;79,44;10,54;25,15;33,01;100,00;181,24;0,00;0,79
2012.0;10.0;2012-10-01;BRASPINE;ESTACAO;PR;SENGES;4,76;4,14;148,70;19,74;78,83;10,47;25,41;32,56;100,00;177,03;0,00;2,81
2012.0;10.0;2012-10-01;BRASPINE;FAXINAL;PR;JAGUARIAIVA;20,65;20,65;142,71;19,74;78,83;10,47;25,41;32,56;100,00;177,03;0,00;2,81
2012.0;10.0;2012-10-01;BRASPINE;FEITAL;PR;DOUTOR ULYSSES;154,17;86,53;150,83;19,99;79,59;10,65;24,97;33,30;100,00;182,54;0,00;1,47
2012.0;10.0;2012-10-01;BRASPINE;FIGUEIRA;PR;DOUTOR ULYSSES;1053,81;315,71;146,10;19,97;79,59;10,76;23,89;33,52;100,00;169,10;0,00;3,00
2012.0;10.0;2012-10-01;BRASPINE;FIGUEIRINHA;PR;DOUTOR ULYSSES;94,37;56,74;159,01;19,97;79,59;10,76;23,89;33,52;100,00;169,10;0,00;3,00
2012.0;10.0;2012-10-01;BRASPINE;FLOEMA;PR;DOUTOR ULYSSES;2189,88;701,43;152,23;19,56;79,09;10,27;23,92;32,62;100,00;178,02;0,00;2,45
2012.0;10.0;2012-10-01;BRASPINE;FLOEMA I - SUDATI;;;;;150,24;19,86;79,44;10,54;25,15;33,01;100,00;181,24;0,00;0,79
2012.0;10.0;2012-10-01;BRASPINE;FLOEMA II - SUDATI;PR;DOUTOR ULYSSES;453,83;211,13;149,04;19,86;79,44;10,54;25,15;33,01;100,00;181,24;0,00;0,79
2012.0;10.0;2012-10-01;BRASPINE;FLOR DA SERRA;PR;SAO JOSE DA BOA VISTA;209,10;128,72;141,18;22,07;71,67;12,96;29,91;34,04;98,68;112,18;0,00;2,16
2012.0;10.0;2012-10-01;BRASPINE;GENTIL;PR;JAGUARIAIVA;126,77;53,33;150,46;19,76;76,62;10,00;25,56;31,42;99,54;161,17;0,00;5,75
2012.0;10.0;2012-10-01;BRASPINE;GUAIRACA;PR;GUARAPUAVA;623,62;169,31;229,54;19,06;80,25;9,94;27,02;30,97;100,00;213,73;0,00;2,02
2012.0;10.0;2012-10-01;BRASPINE;HERVAL 2 - MADALOSSO;;;;;166,85;19,75;77,72;10,66;26,00;32,21;99,85;191,84;0,00;0,25
2012.0;10.0;2012-10-01;BRASPINE;HERVAL DE BAIXO;PR;RESERVA;827,29;475,92;152,45;20,93;75,88;10,26;25,94;32,63;99,53;160,20;0,00;11,61
2012.0;10.0;2012-10-01;BRASPINE;HORTO 01;PR;TURVO;19,12;19,12;236,82;19,88;79,07;9,64;30,07;31,05;99,83;192,81;0,00;8,11
2012.0;10.0;2012-10-01;BRASPINE;HORTO 02;PR;TURVO;4,24;4,24;236,19;19,88;79,07;9,64;30,07;31,05;99,83;192,81;0,00;8,11
2012.0;10.0;2012-10-01;BRASPINE;HORTO 03;PR;PRUDENTOPOLIS;80,91;25,89;238,50;20,37;78,26;10,59;29,47;31,91;99,93;169,80;0,00;2,16
2012.0;10.0;2012-10-01;BRASPINE;HORTO 08;PR;TURVO;9,53;9,53;230,92;20,37;78,26;10,59;29,47;31,91;99,93;169,80;0,00;2,16
2012.0;10.0;2012-10-01;BRASPINE;HORTO 12;PR;PRUDENTOPOLIS;12,20;12,20;238,57;20,37;78,26;10,59;29,47;31,91;99,93;169,80;0,00;2,16
2012.0;10.0;2012-10-01;BRASPINE;IZAU;PR;PIRAI DO SUL;19,37;11,60;158,19;19,74;77,40;9,78;24,79;31,38;99,61;161,35;0,00;8,80
2012.0;10.0;2012-10-01;BRASPINE;JOAO RICO;PR;JAGUARIAIVA;47,46;26,18;147,33;20,04;76,52;10,27;25,80;31,98;99,88;163,55;0,00;0,17
2012.0;10.0;2012-10-01;BRASPINE;LAGOA;PR;JAGUARIAIVA;24,10;10,78;146,74;19,74;78,83;10,47;25,41;32,56;100,00;177,03;0,00;2,81
2012.0;10.0;2012-10-01;BRASPINE;MARACANA;PR;JANDAIA DO SUL;11,45;11,45;119,22;23,13;70,21;13,47;27,43;34,19;99,38;41,80;0,00;6,10
2012.0;10.0;2012-10-01;BRASPINE;MARRECA;;;;;153,46;19,97;79,59;10,76;23,89;33,52;100,00;169,10;0,00;3,00
2012.0;10.0;2012-10-01;BRASPINE;MARRECA SP;SP;ITAPIRAPUA PAULISTA;675,30;236,19;152,39;20,56;79,76;10,95;23,63;34,58;100,00;144,45;0,00;2,57
2012.0;10.0;2012-10-01;BRASPINE;MARRECAS;;;;;227,65;18,40;80,95;9,49;26,62;30,10;100,00;264,11;0,00;1,69
2012.0;10.0;2012-10-01;BRASPINE;MERCADINHO;;;;;156,90;20,55;78,01;11,19;22,75;34,33;100,00;129,89;0,00;10,35
2012.0;10.0;2012-10-01;BRASPINE;MONTE ALEGRE;;;;;118,08;23,57;69,79;13,96;28,26;34,65;99,27;43,14;0,00;1,19
2012.0;10.0;2012-10-01;BRASPINE;MONTE TABOR II;;;;;138,01;19,75;81,35;10,62;28,16;33,60;99,99;198,35;0,00;8,32
2012.0;10.0;2012-10-01;BRASPINE;MOREIRA;PR;DOUTOR ULYSSES;230,52;68,68;149,04;19,86;79,44;10,54;25,15;33,01;100,00;181,24;0,00;0,79
2012.0;10.0;2012-10-01;BRASPINE;MOREIRAS II;PR;DOUTOR ULYSSES;66,76;28,75;145,71;19,86;79,44;10,54;25,15;33,01;100,00;181,24;0,00;0,79
2012.0;10.0;2012-10-01;BRASPINE;MORRETES;PR;ORTIGUEIRA;20,36;20,36;156,32;21,38;76,11;10,71;26,46;33,16;99,40;163,46;0,00;1,01
2012.0;10.0;2012-10-01;BRASPINE;MORRO AZUL;;;;;130,92;20,03;79,92;10,49;25,63;33,49;100,00;196,99;0,00;0,82
2012.0;10.0;2012-10-01;BRASPINE;OURO FINO;SP;APIAI;51,70;51,70;132,37;19,62;81,39;9,97;27,97;33,15;100,00;194,59;0,00;3,72
2012.0;10.0;2012-10-01;BRASPINE;PALMEIRINHA DE BAIXO - SOSSEGO;PR;SENGES;85,93;9,22;130,70;19,73;77,41;10,67;27,45;32,24;99,80;179,80;0,00;0,66
2012.0;10.0;2012-10-01;BRASPINE;PAZIN;PR;DOUTOR ULYSSES;41,20;23,90;152,10;19,97;79,59;10,76;23,89;33,52;100,00;169,10;0,00;3,00
2012.0;10.0;2012-10-01;BRASPINE;PEDRAS;PR;CASTRO;7,18;7,18;158,60;19,74;77,85;9,74;25,71;31,27;99,58;177,33;0,00;13,82
2012.0;10.0;2012-10-01;BRASPINE;PESCARIA;PR;SAO JOSE DA BOA VISTA;184,57;129,22;147,80;22,23;71,23;12,92;28,38;34,57;98,96;111,90;0,00;0,12
2012.0;10.0;2012-10-01;BRASPINE;PESSEGUEIRO;PR;DOUTOR ULYSSES;109,95;64,79;146,82;19,86;79,44;10,54;25,15;33,01;100,00;181,24;0,00;0,79
2012.0;10.0;2012-10-01;BRASPINE;PITANGA;;;;;222,85;20,17;76,67;9,66;29,18;30,58;99,80;138,93;0,00;1,44
2012.0;10.0;2012-10-01;BRASPINE;QUEIMADINHO ARROIO CLARO;PR;DOUTOR ULYSSES;48,13;19,09;154,86;19,86;79,44;10,54;25,15;33,01;100,00;181,24;0,00;0,79
2012.0;10.0;2012-10-01;BRASPINE;QUEIMADINHO M6042;PR;DOUTOR ULYSSES;48,38;18,50;154,86;19,86;79,44;10,54;25,15;33,01;100,00;181,24;0,00;0,79
2012.0;10.0;2012-10-01;BRASPINE;QUEIMADINHO USUCAPIAO;PR;DOUTOR ULYSSES;200,27;92,43;154,86;19,86;79,44;10,54;25,15;33,01;100,00;181,24;0,00;0,79
2012.0;10.0;2012-10-01;BRASPINE;RAMOS;PR;SENGES;69,83;38,15;150,24;19,74;78,83;10,47;25,41;32,56;100,00;177,03;0,00;2,81
2012.0;10.0;2012-10-01;BRASPINE;RIBEIRAO GRANDE;PR;JAGUARIAIVA;20,77;20,77;151,75;19,74;77,40;9,78;24,79;31,38;99,61;161,35;0,00;8,80
2012.0;10.0;2012-10-01;BRASPINE;RINCAO DE BAIXO;;;;;155,44;20,52;73,55;10,54;23,58;32,22;98,68;171,47;0,00;4,86
2012.0;10.0;2012-10-01;BRASPINE;RIO BOMBA;PR;CERRO AZUL;65,03;37,72;148,41;20,90;76,64;12,16;23,54;34,67;99,99;133,32;0,00;9,38
2012.0;10.0;2012-10-01;BRASPINE;RIO DO MEIO;PR;DOUTOR ULYSSES;712,33;389,13;148,14;19,86;79,44;10,54;25,15;33,01;100,00;181,24;0,00;0,79
2012.0;10.0;2012-10-01;BRASPINE;RONDON;PR;JAGUARIAIVA;2899,24;1475,88;144,22;19,78;77,54;10,48;27,49;32,07;99,88;164,11;0,00;4,37
2012.0;10.0;2012-10-01;BRASPINE;SANTA FELICIDADE;;;;;146,97;20,86;79,88;11,16;23,12;35,26;100,00;161,94;0,00;2,09
2012.0;10.0;2012-10-01;BRASPINE;SANTA LIDIA DO CERCADINHO;;;;;156,77;20,16;73,69;10,28;23,67;31,65;98,67;168,20;0,00;3,02
2012.0;10.0;2012-10-01;BRASPINE;SANTO ANTONIO;;;;;132,81;19,71;77,91;10,62;26,73;32,55;100,00;179,11;0,00;7,49
2012.0;10.0;2012-10-01;BRASPINE;SAO JOSE;PR;JANDAIA DO SUL;37,56;37,56;117,77;23,42;69,90;13,82;28,43;34,47;99,38;42,79;0,00;3,26
2012.0;10.0;2012-10-01;BRASPINE;SAO MATHEUS;;;;;121,92;24,55;69,97;14,55;28,62;35,93;99,64;14,55;0,00;1,69
2012.0;10.0;2012-10-01;BRASPINE;SAO PEDRO E SAO PAULO;PR;SAPOPEMA;709,13;323,93;121,87;21,33;73,51;12,00;28,83;32,82;99,08;106,81;0,00;0,58
2012.0;10.0;2012-10-01;BRASPINE;SAO RAFAEL;;;;;182,68;19,17;79,29;11,21;32,07;31,19;99,66;205,80;0,00;5,95
2012.0;10.0;2012-10-01;BRASPINE;SAO RAFAEL - PB;;;;;127,14;19,78;81,05;10,20;27,04;33,33;100,00;196,87;0,00;2,92
2012.0;10.0;2012-10-01;BRASPINE;SERRARIA;PR;DOUTOR ULYSSES;280,88;117,71;153,90;19,77;79,34;10,52;23,91;33,07;100,00;181,21;0,00;3,01
2012.0;10.0;2012-10-01;BRASPINE;SERRO VERDE;;;;;249,15;19,75;76,49;9,21;26,68;30,43;99,91;120,18;0,00;1,25
2012.0;10.0;2012-10-01;BRASPINE;SERTAOZINHO;PR;DOUTOR ULYSSES;16,25;16,25;137,56;19,86;79,44;10,54;25,15;33,01;100,00;181,24;0,00;0,79
2012.0;10.0;2012-10-01;BRASPINE;SITIO BASILIO;PR;JAGUARIAIVA;8,08;8,08;143,88;19,84;76,34;10,14;25,87;31,58;99,61;161,76;0,00;3,17
2012.0;10.0;2012-10-01;BRASPINE;SITIO DAS MARRECAS;PR;DOUTOR ULYSSES;77,49;35,17;157,52;20,39;79,71;10,89;23,70;34,28;100,00;172,94;0,00;3,92
2012.0;10.0;2012-10-01;BRASPINE;SOBRADINHO;SP;BOM SUCESSO DE ITARARE;285,80;123,10;127,27;19,51;79,37;10,28;27,81;32,40;99,99;206,91;0,00;4,89
2012.0;10.0;2012-10-01;BRASPINE;TAQUARAL;PR;JAGUARIAIVA;519,13;31,07;138,88;20,00;77,19;10,38;26,81;32,17;99,97;163,41;0,00;1,04
2012.0;10.0;2012-10-01;BRASPINE;TUCUNDUVA;PR;SENGES;82,21;60,89;145,00;20,64;73,70;11,43;27,52;32,74;99,52;158,75;0,00;8,19
2012.0;10.0;2012-10-01;BRASPINE;TUCUNDUVA - CHAMMA;;;;;145,36;20,62;74,22;11,47;28,15;32,85;99,51;145,42;0,00;5,60
2012.0;10.0;2012-10-01;BRASPINE;VIENA 1;PR;DOUTOR ULYSSES;263,98;178,34;151,56;19,49;78,87;10,21;25,18;31,93;100,00;176,30;0,00;0,30
2012.0;10.0;2012-10-01;BRASPINE;VIENA 2;PR;CERRO AZUL;140,23;96,54;148,25;20,90;76,64;12,16;23,54;34,67;99,99;133,32;0,00;9,38
2012.0;10.0;2012-10-01;BRASPINE;VITORIA;PR;SENGES;50,54;35,69;130,70;19,73;77,41;10,67;27,45;32,24;99,80;179,80;0,00;0,66
2012.0;10.0;2012-10-01;BRASPINE;VIVEIRO;PR;DOUTOR ULYSSES;405,39;261,22;145,71;19,86;79,44;10,54;25,15;33,01;100,00;181,24;0,00;0,79
2012.0;10.0;2012-10-01;BRASPINE;VO LINO;PR;DOUTOR ULYSSES;164,50;97,89;154,48;19,97;79,59;10,76;23,89;33,52;100,00;169,10;0,00;3,00
2012.0;10.0;2012-10-01;BRASPINE;XAXIM VELHO;;;;;232,33;18,42;81,83;8,98;27,22;29,92;100,00;248,76;0,00;14,72
2012.0;11.0;2012-11-01;BRASPINE;AGUA DOCE;PR;JAGUARIAIVA;238,97;121,99;88,59;18,97;80,03;11,24;37,98;28,93;99,85;196,07;0,00;346,33
2012.0;11.0;2012-11-01;BRASPINE;AMATA;;;;;69,64;20,82;76,39;13,69;30,15;32,63;99,97;86,81;0,00;2,46
2012.0;11.0;2012-11-01;BRASPINE;ANTA BRAVA;;;;;98,37;21,81;74,22;13,79;32,62;32,29;97,23;57,54;0,00;2,55
2012.0;11.0;2012-11-01;BRASPINE;ARAPONGAS;PR;SENGES;423,34;263,70;83,73;18,99;81,51;12,11;32,91;30,22;100,00;187,19;0,00;341,55
2012.0;11.0;2012-11-01;BRASPINE;ARROIO CLARO;PR;DOUTOR ULYSSES;275,14;92,00;62,66;19,23;80,87;12,44;31,56;30,81;100,00;175,97;0,00;0,35
2012.0;11.0;2012-11-01;BRASPINE;BARRA GRANDE;PR;DOUTOR ULYSSES;493,79;139,68;70,60;19,45;81,38;12,67;32,01;31,15;100,00;164,03;0,00;0,46
2012.0;11.0;2012-11-01;BRASPINE;BARRA GRANDE - BEMAIS;PR;GUARAPUAVA;299,16;108,61;76,68;18,91;80,65;11,40;39,89;28,03;99,98;213,56;0,00;10,95
2012.0;11.0;2012-11-01;BRASPINE;BARRETOS;PR;JAGUARIAIVA;43,35;32,98;83,76;18,94;81,35;11,50;34,90;29,81;100,00;212,05;0,00;1,58
2012.0;11.0;2012-11-01;BRASPINE;BAU;;;;;45,89;19,14;79,75;11,50;45,22;27,10;99,68;185,59;0,00;0,40
2012.0;11.0;2012-11-01;BRASPINE;BOA VISTA II;PR;PIRAI DO SUL;944,00;535,05;74,41;18,95;80,89;11,18;36,48;29,46;99,99;194,60;0,00;1,39
2012.0;11.0;2012-11-01;BRASPINE;BRASILEIRA;;;;;66,22;18,99;81,51;12,11;32,91;30,22;100,00;187,19;0,00;341,55
2012.0;11.0;2012-11-01;BRASPINE;BURACAO;;;;;66,98;19,01;80,03;11,67;36,28;29,45;99,84;199,43;0,00;14,46
2012.0;11.0;2012-11-01;BRASPINE;BURRINHO;PR;DOUTOR ULYSSES;211,01;100,37;62,82;19,23;80,87;12,44;31,56;30,81;100,00;175,97;0,00;0,35
2012.0;11.0;2012-11-01;BRASPINE;CADEADO I;PR;JAGUARIAIVA;21,07;12,29;77,82;18,81;81,34;11,65;33,95;29,73;100,00;211,69;0,00;0,33
2012.0;11.0;2012-11-01;BRASPINE;CADEADO II;PR;JAGUARIAIVA;21,88;16,79;77,82;18,81;81,34;11,65;33,95;29,73;100,00;211,69;0,00;0,33
2012.0;11.0;2012-11-01;BRASPINE;CAMPINA ALTA;PR;TIBAGI;29,77;18,24;92,30;20,53;77,00;12,21;35,73;30,34;99,60;135,42;0,00;1,45
2012.0;11.0;2012-11-01;BRASPINE;CAMPINA DO ELIAS;PR;JAGUARIAIVA;29,17;14,65;74,55;18,90;81,35;11,55;34,55;29,78;100,00;211,94;0,00;1,36
2012.0;11.0;2012-11-01;BRASPINE;CAMPO NOVO;PR;JAGUARIAIVA;295,98;156,36;88,43;18,81;81,34;11,65;33,95;29,73;100,00;211,69;0,00;0,33
2012.0;11.0;2012-11-01;BRASPINE;CONSULTORIA II A;PR;DOUTOR ULYSSES;89,62;60,79;73,76;18,99;81,51;12,11;32,91;30,22;100,00;187,19;0,00;341,55
2012.0;11.0;2012-11-01;BRASPINE;DINIZ;;;;;73,48;18,99;81,51;12,11;32,91;30,22;100,00;187,19;0,00;341,55
2012.0;11.0;2012-11-01;BRASPINE;ENES;PR;JAGUARIAIVA;5,93;5,69;89,06;18,81;81,34;11,65;33,95;29,73;100,00;211,69;0,00;0,33
2012.0;11.0;2012-11-01;BRASPINE;ENGENHARIA;;;;;73,48;18,99;81,51;12,11;32,91;30,22;100,00;187,19;0,00;341,55
2012.0;11.0;2012-11-01;BRASPINE;ESTACAO;PR;SENGES;4,76;4,14;74,91;18,81;81,34;11,65;33,95;29,73;100,00;211,69;0,00;0,33
2012.0;11.0;2012-11-01;BRASPINE;FAXINAL;PR;JAGUARIAIVA;20,65;20,65;89,06;18,81;81,34;11,65;33,95;29,73;100,00;211,69;0,00;0,33
2012.0;11.0;2012-11-01;BRASPINE;FEITAL;PR;DOUTOR ULYSSES;154,17;86,53;70,35;19,14;81,47;12,30;32,61;30,53;100,00;174,70;0,00;4,17
2012.0;11.0;2012-11-01;BRASPINE;FIGUEIRA;PR;DOUTOR ULYSSES;1053,81;315,71;68,75;19,23;80,87;12,44;31,56;30,81;100,00;175,97;0,00;0,35
2012.0;11.0;2012-11-01;BRASPINE;FIGUEIRINHA;PR;DOUTOR ULYSSES;94,37;56,74;66,51;19,23;80,87;12,44;31,56;30,81;100,00;175,97;0,00;0,35
2012.0;11.0;2012-11-01;BRASPINE;FLOEMA;PR;DOUTOR ULYSSES;2189,88;701,43;72,71;18,76;80,98;11,77;32,83;29,82;100,00;227,84;0,00;1,98
2012.0;11.0;2012-11-01;BRASPINE;FLOEMA I - SUDATI;;;;;75,62;18,99;81,51;12,11;32,91;30,22;100,00;187,19;0,00;341,55
2012.0;11.0;2012-11-01;BRASPINE;FLOEMA II - SUDATI;PR;DOUTOR ULYSSES;453,83;211,13;75,97;18,99;81,51;12,11;32,91;30,22;100,00;187,19;0,00;341,55
2012.0;11.0;2012-11-01;BRASPINE;FLOR DA SERRA;PR;SAO JOSE DA BOA VISTA;209,10;128,72;70,18;21,35;72,09;13,21;36,18;30,76;97,78;70,75;0,00;0,81
2012.0;11.0;2012-11-01;BRASPINE;GENTIL;PR;JAGUARIAIVA;126,77;53,33;80,54;18,73;80,11;10,94;38,66;28,47;99,51;207,19;0,00;2,13
2012.0;11.0;2012-11-01;BRASPINE;GUAIRACA;PR;GUARAPUAVA;623,62;169,31;77,48;19,06;80,21;11,54;39,92;28,28;99,91;216,32;0,00;12,15
2012.0;11.0;2012-11-01;BRASPINE;HERVAL 2 - MADALOSSO;;;;;66,80;19,01;80,03;11,67;36,28;29,45;99,84;199,43;0,00;14,46
2012.0;11.0;2012-11-01;BRASPINE;HERVAL DE BAIXO;PR;RESERVA;827,29;475,92;87,74;20,58;76,95;12,19;35,18;30,49;99,35;136,07;0,00;0,15
2012.0;11.0;2012-11-01;BRASPINE;HORTO 01;PR;TURVO;19,12;19,12;58,68;19,79;80,10;11,92;41,97;28,95;99,62;161,67;0,00;12,32
2012.0;11.0;2012-11-01;BRASPINE;HORTO 02;PR;TURVO;4,24;4,24;56,77;19,79;80,10;11,92;41,97;28,95;99,62;161,67;0,00;12,32
2012.0;11.0;2012-11-01;BRASPINE;HORTO 03;PR;PRUDENTOPOLIS;80,91;25,89;66,31;20,31;79,03;12,74;38,38;29,99;99,75;107,00;0,00;3,79
2012.0;11.0;2012-11-01;BRASPINE;HORTO 08;PR;TURVO;9,53;9,53;64,72;20,31;79,03;12,74;38,38;29,99;99,75;107,00;0,00;3,79
2012.0;11.0;2012-11-01;BRASPINE;HORTO 12;PR;PRUDENTOPOLIS;12,20;12,20;69,52;20,31;79,03;12,74;38,38;29,99;99,75;107,00;0,00;3,79
2012.0;11.0;2012-11-01;BRASPINE;IZAU;PR;PIRAI DO SUL;19,37;11,60;76,02;18,65;81,09;10,84;37,68;28,79;99,55;220,53;0,00;1,15
2012.0;11.0;2012-11-01;BRASPINE;JOAO RICO;PR;JAGUARIAIVA;47,46;26,18;83,90;18,97;80,03;11,24;37,98;28,93;99,85;196,07;0,00;346,33
2012.0;11.0;2012-11-01;BRASPINE;LAGOA;PR;JAGUARIAIVA;24,10;10,78;76,53;18,81;81,34;11,65;33,95;29,73;100,00;211,69;0,00;0,33
2012.0;11.0;2012-11-01;BRASPINE;MARACANA;PR;JANDAIA DO SUL;11,45;11,45;55,41;22,53;73,30;14,48;38,02;31,28;99,67;14,48;0,00;2,73
2012.0;11.0;2012-11-01;BRASPINE;MARRECA;;;;;65,73;19,23;80,87;12,44;31,56;30,81;100,00;175,97;0,00;0,35
2012.0;11.0;2012-11-01;BRASPINE;MARRECA SP;SP;ITAPIRAPUA PAULISTA;675,30;236,19;67,47;19,89;80,42;13,09;30,69;31,98;100,00;139,31;0,00;3,37
2012.0;11.0;2012-11-01;BRASPINE;MARRECAS;;;;;78,42;18,34;81,46;10,81;41,69;27,09;100,00;220,28;0,00;3,39
2012.0;11.0;2012-11-01;BRASPINE;MERCADINHO;;;;;61,40;19,96;78,63;13,11;30,29;31,75;100,00;124,46;0,00;1,85
2012.0;11.0;2012-11-01;BRASPINE;MONTE ALEGRE;;;;;52,16;23,05;72,64;15,11;38,48;31,76;99,44;0,00;0,00;1,63
2012.0;11.0;2012-11-01;BRASPINE;MONTE TABOR II;;;;;66,90;19,17;82,12;13,17;32,29;31,19;100,00;166,47;0,00;71,82
2012.0;11.0;2012-11-01;BRASPINE;MOREIRA;PR;DOUTOR ULYSSES;230,52;68,68;75,97;18,99;81,51;12,11;32,91;30,22;100,00;187,19;0,00;341,55
2012.0;11.0;2012-11-01;BRASPINE;MOREIRAS II;PR;DOUTOR ULYSSES;66,76;28,75;73,44;18,99;81,51;12,11;32,91;30,22;100,00;187,19;0,00;341,55
2012.0;11.0;2012-11-01;BRASPINE;MORRETES;PR;ORTIGUEIRA;20,36;20,36;78,87;21,11;76,39;12,41;34,70;31,17;99,54;109,97;0,00;1,37
2012.0;11.0;2012-11-01;BRASPINE;MORRO AZUL;;;;;80,96;19,13;81,99;12,32;32,39;30,67;100,00;175,63;0,00;4,09
2012.0;11.0;2012-11-01;BRASPINE;OURO FINO;SP;APIAI;51,70;51,70;72,01;18,84;83,04;12,45;33,19;30,42;100,00;190,80;0,00;6,90
2012.0;11.0;2012-11-01;BRASPINE;PALMEIRINHA DE BAIXO - SOSSEGO;PR;SENGES;85,93;9,22;92,12;18,67;80,76;11,57;35,66;28,87;99,86;212,46;0,00;34,93
2012.0;11.0;2012-11-01;BRASPINE;PAZIN;PR;DOUTOR ULYSSES;41,20;23,90;71,23;19,23;80,87;12,44;31,56;30,81;100,00;175,97;0,00;0,35
2012.0;11.0;2012-11-01;BRASPINE;PEDRAS;PR;CASTRO;7,18;7,18;67,24;18,73;81,28;10,83;39,46;28,76;99,49;206,69;0,00;6,68
2012.0;11.0;2012-11-01;BRASPINE;PESCARIA;PR;SAO JOSE DA BOA VISTA;184,57;129,22;78,32;21,40;72,23;13,42;34,92;31,20;98,14;71,09;0,00;2,03
2012.0;11.0;2012-11-01;BRASPINE;PESSEGUEIRO;PR;DOUTOR ULYSSES;109,95;64,79;72,01;18,99;81,51;12,11;32,91;30,22;100,00;187,19;0,00;341,55
2012.0;11.0;2012-11-01;BRASPINE;PITANGA;;;;;35,26;20,02;78,27;12,29;45,40;28,00;99,22;120,63;0,00;0,08
2012.0;11.0;2012-11-01;BRASPINE;QUEIMADINHO ARROIO CLARO;PR;DOUTOR ULYSSES;48,13;19,09;66,22;18,99;81,51;12,11;32,91;30,22;100,00;187,19;0,00;341,55
2012.0;11.0;2012-11-01;BRASPINE;QUEIMADINHO M6042;PR;DOUTOR ULYSSES;48,38;18,50;66,22;18,99;81,51;12,11;32,91;30,22;100,00;187,19;0,00;341,55
2012.0;11.0;2012-11-01;BRASPINE;QUEIMADINHO USUCAPIAO;PR;DOUTOR ULYSSES;200,27;92,43;66,22;18,99;81,51;12,11;32,91;30,22;100,00;187,19;0,00;341,55
2012.0;11.0;2012-11-01;BRASPINE;RAMOS;PR;SENGES;69,83;38,15;75,62;18,81;81,34;11,65;33,95;29,73;100,00;211,69;0,00;0,33
2012.0;11.0;2012-11-01;BRASPINE;RIBEIRAO GRANDE;PR;JAGUARIAIVA;20,77;20,77;78,83;18,65;81,09;10,84;37,68;28,79;99,55;220,53;0,00;1,15
2012.0;11.0;2012-11-01;BRASPINE;RINCAO DE BAIXO;;;;;106,23;19,79;75,60;11,57;35,66;29,40;99,03;158,73;0,00;3,14
2012.0;11.0;2012-11-01;BRASPINE;RIO BOMBA;PR;CERRO AZUL;65,03;37,72;73,29;20,41;76,75;13,37;30,71;31,96;99,91;127,67;0,00;4,10
2012.0;11.0;2012-11-01;BRASPINE;RIO DO MEIO;PR;DOUTOR ULYSSES;712,33;389,13;71,51;18,99;81,51;12,11;32,91;30,22;100,00;187,19;0,00;341,55
2012.0;11.0;2012-11-01;BRASPINE;RONDON;PR;JAGUARIAIVA;2899,24;1475,88;90,49;18,74;80,80;11,53;36,57;28,89;99,88;211,29;0,00;32,87
2012.0;11.0;2012-11-01;BRASPINE;SANTA FELICIDADE;;;;;66,37;20,29;80,06;13,56;29,65;32,74;100,00;114,07;0,00;0,14
2012.0;11.0;2012-11-01;BRASPINE;SANTA LIDIA DO CERCADINHO;;;;;104,40;19,41;75,90;11,28;36,07;28,84;98,94;198,89;0,00;1,62
2012.0;11.0;2012-11-01;BRASPINE;SANTO ANTONIO;;;;;88,01;18,67;81,08;11,61;34,24;29,20;100,00;228,03;0,00;29,62
2012.0;11.0;2012-11-01;BRASPINE;SAO JOSE;PR;JANDAIA DO SUL;37,56;37,56;52,17;22,88;72,81;14,92;38,46;31,55;99,61;14,92;0,00;2,34
2012.0;11.0;2012-11-01;BRASPINE;SAO MATHEUS;;;;;41,32;24,20;72,21;16,62;38,84;33,08;99,75;0,00;0,00;5,26
2012.0;11.0;2012-11-01;BRASPINE;SAO PEDRO E SAO PAULO;PR;SAPOPEMA;709,13;323,93;74,71;20,77;74,33;12,26;38,39;29,39;99,55;95,94;0,00;4,45
2012.0;11.0;2012-11-01;BRASPINE;SAO RAFAEL;;;;;75,50;18,96;78,70;12,07;36,65;29,24;99,76;159,58;0,00;0,51
2012.0;11.0;2012-11-01;BRASPINE;SAO RAFAEL - PB;;;;;76,16;18,95;82,80;12,47;32,58;30,60;100,00;191,50;0,00;9,48
2012.0;11.0;2012-11-01;BRASPINE;SERRARIA;PR;DOUTOR ULYSSES;280,88;117,71;70,36;19,00;80,92;12,11;32,20;30,32;100,00;172,34;0,00;0,11
2012.0;11.0;2012-11-01;BRASPINE;SERRO VERDE;;;;;47,32;19,56;78,42;11,77;44,06;27,61;99,79;159,96;0,00;0,74
2012.0;11.0;2012-11-01;BRASPINE;SERTAOZINHO;PR;DOUTOR ULYSSES;16,25;16,25;81,14;18,99;81,51;12,11;32,91;30,22;100,00;187,19;0,00;341,55
2012.0;11.0;2012-11-01;BRASPINE;SITIO BASILIO;PR;JAGUARIAIVA;8,08;8,08;88,93;18,82;79,78;11,05;38,78;28,49;99,59;208,75;0,00;1,04
2012.0;11.0;2012-11-01;BRASPINE;SITIO DAS MARRECAS;PR;DOUTOR ULYSSES;77,49;35,17;68,45;19,70;80,55;12,94;30,94;31,65;100,00;152,11;0,00;0,05
2012.0;11.0;2012-11-01;BRASPINE;SOBRADINHO;SP;BOM SUCESSO DE ITARARE;285,80;123,10;78,28;18,54;82,18;11,68;33,76;29,30;100,00;242,72;0,00;22,28
2012.0;11.0;2012-11-01;BRASPINE;TAQUARAL;PR;JAGUARIAIVA;519,13;31,07;90,17;18,94;80,55;11,42;37,42;29,07;99,99;196,81;0,00;2,86
2012.0;11.0;2012-11-01;BRASPINE;TUCUNDUVA;PR;SENGES;82,21;60,89;90,10;19,64;76,46;12,07;36,64;29,26;98,71;177,85;0,00;339,47
2012.0;11.0;2012-11-01;BRASPINE;TUCUNDUVA - CHAMMA;;;;;89,48;19,61;76,99;12,21;36,03;29,37;98,60;163,25;0,00;42,08
2012.0;11.0;2012-11-01;BRASPINE;VIENA 1;PR;DOUTOR ULYSSES;263,98;178,34;74,06;18,59;81,42;11,38;35,48;29,20;100,00;237,09;0,00;3,30
2012.0;11.0;2012-11-01;BRASPINE;VIENA 2;PR;CERRO AZUL;140,23;96,54;73,48;20,41;76,75;13,37;30,71;31,96;99,91;127,67;0,00;4,10
2012.0;11.0;2012-11-01;BRASPINE;VITORIA;PR;SENGES;50,54;35,69;92,12;18,67;80,76;11,57;35,66;28,87;99,86;212,46;0,00;34,93
2012.0;11.0;2012-11-01;BRASPINE;VIVEIRO;PR;DOUTOR ULYSSES;405,39;261,22;73,44;18,99;81,51;12,11;32,91;30,22;100,00;187,19;0,00;341,55
2012.0;11.0;2012-11-01;BRASPINE;VO LINO;PR;DOUTOR ULYSSES;164,50;97,89;64,43;19,23;80,87;12,44;31,56;30,81;100,00;175,97;0,00;0,35
2012.0;11.0;2012-11-01;BRASPINE;XAXIM VELHO;;;;;77,38;18,45;81,56;10,94;43,29;27,22;100,00;221,79;0,00;0,27
2012.0;12.0;2012-12-01;BRASPINE;AGUA DOCE;PR;JAGUARIAIVA;238,97;121,99;269,40;22,11;84,39;14,98;49,36;29,64;99,86;14,98;0,00;1,77
2012.0;12.0;2012-12-01;BRASPINE;AMATA;;;;;277,42;23,91;82,90;16,38;42,05;32,96;100,00;0,00;0,00;1,57
2012.0;12.0;2012-12-01;BRASPINE;ANTA BRAVA;;;;;321,49;24,63;81,16;17,97;41,54;32,97;99,57;0,00;0,00;1,41
2012.0;12.0;2012-12-01;BRASPINE;ARAPONGAS;PR;SENGES;423,34;263,70;270,22;22,29;85,56;15,09;47,64;30,60;100,00;0,00;0,00;7,34
2012.0;12.0;2012-12-01;BRASPINE;ARROIO CLARO;PR;DOUTOR ULYSSES;275,14;92,00;263,72;22,51;85,40;15,33;45,66;31,17;100,00;0,00;0,00;4,97
2012.0;12.0;2012-12-01;BRASPINE;BARRA GRANDE;PR;DOUTOR ULYSSES;493,79;139,68;281,51;22,80;85,65;15,44;46,25;31,42;100,00;0,00;0,00;2,42
2012.0;12.0;2012-12-01;BRASPINE;BARRA GRANDE - BEMAIS;PR;GUARAPUAVA;299,16;108,61;328,85;21,33;87,45;15,18;55,17;29,08;99,98;0,00;0,00;94,26
2012.0;12.0;2012-12-01;BRASPINE;BARRETOS;PR;JAGUARIAIVA;43,35;32,98;265,65;22,24;85,25;14,90;49,02;30,11;99,97;14,90;0,00;0,55
2012.0;12.0;2012-12-01;BRASPINE;BAU;;;;;335,78;21,35;87,48;15,78;58,93;28,22;99,97;0,00;0,00;8,13
2012.0;12.0;2012-12-01;BRASPINE;BOA VISTA II;PR;PIRAI DO SUL;944,00;535,05;258,17;22,23;84,75;15,07;48,84;30,07;99,96;0,00;0,00;2,43
2012.0;12.0;2012-12-01;BRASPINE;BRASILEIRA;;;;;272,60;22,29;85,56;15,09;47,64;30,60;100,00;0,00;0,00;7,34
2012.0;12.0;2012-12-01;BRASPINE;BURACAO;;;;;261,01;22,19;84,56;15,10;51,38;30,02;99,87;0,00;0,00;2,54
2012.0;12.0;2012-12-01;BRASPINE;BURRINHO;PR;DOUTOR ULYSSES;211,01;100,37;264,68;22,51;85,40;15,33;45,66;31,17;100,00;0,00;0,00;4,97
2012.0;12.0;2012-12-01;BRASPINE;CADEADO I;PR;JAGUARIAIVA;21,07;12,29;269,17;22,09;85,30;14,68;48,66;30,17;100,00;14,68;0,00;11,60
2012.0;12.0;2012-12-01;BRASPINE;CADEADO II;PR;JAGUARIAIVA;21,88;16,79;269,17;22,09;85,30;14,68;48,66;30,17;100,00;14,68;0,00;11,60
2012.0;12.0;2012-12-01;BRASPINE;CAMPINA ALTA;PR;TIBAGI;29,77;18,24;288,43;22,85;85,08;16,13;48,75;31,11;99,89;0,00;0,00;3,28
2012.0;12.0;2012-12-01;BRASPINE;CAMPINA DO ELIAS;PR;JAGUARIAIVA;29,17;14,65;260,40;22,18;85,27;14,82;48,96;30,05;99,98;14,82;0,00;12,42
2012.0;12.0;2012-12-01;BRASPINE;CAMPO NOVO;PR;JAGUARIAIVA;295,98;156,36;279,08;22,09;85,30;14,68;48,66;30,17;100,00;14,68;0,00;11,60
2012.0;12.0;2012-12-01;BRASPINE;CONSULTORIA II A;PR;DOUTOR ULYSSES;89,62;60,79;274,20;22,29;85,56;15,09;47,64;30,60;100,00;0,00;0,00;7,34
2012.0;12.0;2012-12-01;BRASPINE;DINIZ;;;;;288,73;22,29;85,56;15,09;47,64;30,60;100,00;0,00;0,00;7,34
2012.0;12.0;2012-12-01;BRASPINE;ENES;PR;JAGUARIAIVA;5,93;5,69;280,51;22,09;85,30;14,68;48,66;30,17;100,00;14,68;0,00;11,60
2012.0;12.0;2012-12-01;BRASPINE;ENGENHARIA;;;;;288,73;22,29;85,56;15,09;47,64;30,60;100,00;0,00;0,00;7,34
2012.0;12.0;2012-12-01;BRASPINE;ESTACAO;PR;SENGES;4,76;4,14;272,12;22,09;85,30;14,68;48,66;30,17;100,00;14,68;0,00;11,60
2012.0;12.0;2012-12-01;BRASPINE;FAXINAL;PR;JAGUARIAIVA;20,65;20,65;280,51;22,09;85,30;14,68;48,66;30,17;100,00;14,68;0,00;11,60
2012.0;12.0;2012-12-01;BRASPINE;FEITAL;PR;DOUTOR ULYSSES;154,17;86,53;270,85;22,46;85,59;15,21;47,18;30,87;100,00;0,00;0,00;5,58
2012.0;12.0;2012-12-01;BRASPINE;FIGUEIRA;PR;DOUTOR ULYSSES;1053,81;315,71;267,64;22,51;85,40;15,33;45,66;31,17;100,00;0,00;0,00;4,97
2012.0;12.0;2012-12-01;BRASPINE;FIGUEIRINHA;PR;DOUTOR ULYSSES;94,37;56,74;275,81;22,51;85,40;15,33;45,66;31,17;100,00;0,00;0,00;4,97
2012.0;12.0;2012-12-01;BRASPINE;FLOEMA;PR;DOUTOR ULYSSES;2189,88;701,43;278,57;21,98;85,38;14,78;46,93;30,23;100,00;14,78;0,00;6,98
2012.0;12.0;2012-12-01;BRASPINE;FLOEMA I - SUDATI;;;;;272,47;22,29;85,56;15,09;47,64;30,60;100,00;0,00;0,00;7,34
2012.0;12.0;2012-12-01;BRASPINE;FLOEMA II - SUDATI;PR;DOUTOR ULYSSES;453,83;211,13;276,12;22,29;85,56;15,09;47,64;30,60;100,00;0,00;0,00;7,34
2012.0;12.0;2012-12-01;BRASPINE;FLOR DA SERRA;PR;SAO JOSE DA BOA VISTA;209,10;128,72;295,85;24,12;78,91;17,55;40,08;32,75;99,75;0,00;0,00;6,02
2012.0;12.0;2012-12-01;BRASPINE;GENTIL;PR;JAGUARIAIVA;126,77;53,33;269,74;21,85;84,32;14,73;49,57;29,28;99,52;14,73;0,00;1,77
2012.0;12.0;2012-12-01;BRASPINE;GUAIRACA;PR;GUARAPUAVA;623,62;169,31;328,44;21,57;86,50;15,11;54,49;29,32;100,00;0,00;0,00;39,61
2012.0;12.0;2012-12-01;BRASPINE;HERVAL 2 - MADALOSSO;;;;;264,26;22,19;84,56;15,10;51,38;30,02;99,87;0,00;0,00;2,54
2012.0;12.0;2012-12-01;BRASPINE;HERVAL DE BAIXO;PR;RESERVA;827,29;475,92;296,91;22,85;85,14;16,02;48,01;31,23;99,82;0,00;0,00;1,73
2012.0;12.0;2012-12-01;BRASPINE;HORTO 01;PR;TURVO;19,12;19,12;358,78;22,07;87,41;15,53;55,26;29,28;99,76;0,00;0,00;1,61
2012.0;12.0;2012-12-01;BRASPINE;HORTO 02;PR;TURVO;4,24;4,24;356,97;22,07;87,41;15,53;55,26;29,28;99,76;0,00;0,00;1,61
2012.0;12.0;2012-12-01;BRASPINE;HORTO 03;PR;PRUDENTOPOLIS;80,91;25,89;362,47;22,61;86,18;16,07;50,79;30,28;99,94;0,00;0,00;16,74
2012.0;12.0;2012-12-01;BRASPINE;HORTO 08;PR;TURVO;9,53;9,53;342,00;22,61;86,18;16,07;50,79;30,28;99,94;0,00;0,00;16,74
2012.0;12.0;2012-12-01;BRASPINE;HORTO 12;PR;PRUDENTOPOLIS;12,20;12,20;361,39;22,61;86,18;16,07;50,79;30,28;99,94;0,00;0,00;16,74
2012.0;12.0;2012-12-01;BRASPINE;IZAU;PR;PIRAI DO SUL;19,37;11,60;259,92;21,90;84,67;14,87;49,09;29,57;99,65;14,87;0,00;4,47
2012.0;12.0;2012-12-01;BRASPINE;JOAO RICO;PR;JAGUARIAIVA;47,46;26,18;271,71;22,11;84,39;14,98;49,36;29,64;99,86;14,98;0,00;1,77
2012.0;12.0;2012-12-01;BRASPINE;LAGOA;PR;JAGUARIAIVA;24,10;10,78;265,61;22,09;85,30;14,68;48,66;30,17;100,00;14,68;0,00;11,60
2012.0;12.0;2012-12-01;BRASPINE;MARACANA;PR;JANDAIA DO SUL;11,45;11,45;216,11;24,51;81,13;19,32;43,22;32,99;99,97;0,00;0,00;7,26
2012.0;12.0;2012-12-01;BRASPINE;MARRECA;;;;;277,93;22,51;85,40;15,33;45,66;31,17;100,00;0,00;0,00;4,97
2012.0;12.0;2012-12-01;BRASPINE;MARRECA SP;SP;ITAPIRAPUA PAULISTA;675,30;236,19;268,70;23,23;85,22;15,80;44,70;32,34;100,00;0,00;0,00;2,83
2012.0;12.0;2012-12-01;BRASPINE;MARRECAS;;;;;318,20;20,79;88,08;14,47;55,60;28,52;100,00;14,47;0,00;2,79
2012.0;12.0;2012-12-01;BRASPINE;MERCADINHO;;;;;263,49;23,10;84,25;15,67;43,90;32,06;100,00;0,00;0,00;5,07
2012.0;12.0;2012-12-01;BRASPINE;MONTE ALEGRE;;;;;242,41;25,08;79,57;19,87;41,46;33,75;99,94;0,00;0,00;3,44
2012.0;12.0;2012-12-01;BRASPINE;MONTE TABOR II;;;;;335,00;22,60;84,97;15,56;45,94;31,29;100,00;0,00;0,00;10,93
2012.0;12.0;2012-12-01;BRASPINE;MOREIRA;PR;DOUTOR ULYSSES;230,52;68,68;276,12;22,29;85,56;15,09;47,64;30,60;100,00;0,00;0,00;7,34
2012.0;12.0;2012-12-01;BRASPINE;MOREIRAS II;PR;DOUTOR ULYSSES;66,76;28,75;273,89;22,29;85,56;15,09;47,64;30,60;100,00;0,00;0,00;7,34
2012.0;12.0;2012-12-01;BRASPINE;MORRETES;PR;ORTIGUEIRA;20,36;20,36;291,22;23,34;84,55;16,38;45,95;32,25;99,80;0,00;0,00;4,86
2012.0;12.0;2012-12-01;BRASPINE;MORRO AZUL;;;;;296,33;22,51;85,77;15,14;44,32;30,66;100,00;0,00;0,00;4,84
2012.0;12.0;2012-12-01;BRASPINE;OURO FINO;SP;APIAI;51,70;51,70;341,70;22,27;86,23;15,05;45,92;30,48;100,00;0,00;0,00;5,75
2012.0;12.0;2012-12-01;BRASPINE;PALMEIRINHA DE BAIXO - SOSSEGO;PR;SENGES;85,93;9,22;291,40;21,86;84,70;14,63;46,82;29,50;99,87;14,63;0,00;13,23
2012.0;12.0;2012-12-01;BRASPINE;PAZIN;PR;DOUTOR ULYSSES;41,20;23,90;273,71;22,51;85,40;15,33;45,66;31,17;100,00;0,00;0,00;4,97
2012.0;12.0;2012-12-01;BRASPINE;PEDRAS;PR;CASTRO;7,18;7,18;255,49;21,97;85,06;14,92;51,39;29,38;99,64;14,92;0,00;7,99
2012.0;12.0;2012-12-01;BRASPINE;PESCARIA;PR;SAO JOSE DA BOA VISTA;184,57;129,22;287,00;24,26;78,61;17,44;39,79;32,93;99,69;0,00;0,00;2,23
2012.0;12.0;2012-12-01;BRASPINE;PESSEGUEIRO;PR;DOUTOR ULYSSES;109,95;64,79;272,21;22,29;85,56;15,09;47,64;30,60;100,00;0,00;0,00;7,34
2012.0;12.0;2012-12-01;BRASPINE;PITANGA;;;;;362,86;22,14;86,08;16,71;57,14;28,75;99,85;0,00;0,00;7,22
2012.0;12.0;2012-12-01;BRASPINE;QUEIMADINHO ARROIO CLARO;PR;DOUTOR ULYSSES;48,13;19,09;272,60;22,29;85,56;15,09;47,64;30,60;100,00;0,00;0,00;7,34
2012.0;12.0;2012-12-01;BRASPINE;QUEIMADINHO M6042;PR;DOUTOR ULYSSES;48,38;18,50;272,60;22,29;85,56;15,09;47,64;30,60;100,00;0,00;0,00;7,34
2012.0;12.0;2012-12-01;BRASPINE;QUEIMADINHO USUCAPIAO;PR;DOUTOR ULYSSES;200,27;92,43;272,60;22,29;85,56;15,09;47,64;30,60;100,00;0,00;0,00;7,34
2012.0;12.0;2012-12-01;BRASPINE;RAMOS;PR;SENGES;69,83;38,15;272,47;22,09;85,30;14,68;48,66;30,17;100,00;14,68;0,00;11,60
2012.0;12.0;2012-12-01;BRASPINE;RIBEIRAO GRANDE;PR;JAGUARIAIVA;20,77;20,77;258,31;21,90;84,67;14,87;49,09;29,57;99,65;14,87;0,00;4,47
2012.0;12.0;2012-12-01;BRASPINE;RINCAO DE BAIXO;;;;;268,80;22,40;82,58;15,62;48,33;30,16;99,79;0,00;0,00;0,88
2012.0;12.0;2012-12-01;BRASPINE;RIO BOMBA;PR;CERRO AZUL;65,03;37,72;277,70;23,43;83,46;16,09;43,72;32,13;99,97;0,00;0,00;3,25
2012.0;12.0;2012-12-01;BRASPINE;RIO DO MEIO;PR;DOUTOR ULYSSES;712,33;389,13;273,57;22,29;85,56;15,09;47,64;30,60;100,00;0,00;0,00;7,34
2012.0;12.0;2012-12-01;BRASPINE;RONDON;PR;JAGUARIAIVA;2899,24;1475,88;268,94;21,92;84,93;14,67;49,10;29,50;99,89;14,67;0,00;6,43
2012.0;12.0;2012-12-01;BRASPINE;SANTA FELICIDADE;;;;;287,64;23,66;84,92;15,81;43,71;33,18;100,00;0,00;0,00;0,13
2012.0;12.0;2012-12-01;BRASPINE;SANTA LIDIA DO CERCADINHO;;;;;272,13;22,07;82,58;15,38;48,88;29,62;99,78;0,00;0,00;0,04
2012.0;12.0;2012-12-01;BRASPINE;SANTO ANTONIO;;;;;284,27;21,93;84,75;14,67;45,61;29,63;100,00;14,67;0,00;6,45
2012.0;12.0;2012-12-01;BRASPINE;SAO JOSE;PR;JANDAIA DO SUL;37,56;37,56;239,64;24,90;79,94;19,70;42,01;33,48;99,97;0,00;0,00;4,44
2012.0;12.0;2012-12-01;BRASPINE;SAO MATHEUS;;;;;329,30;26,30;78,44;21,05;39,72;35,32;99,89;0,00;0,00;53,18
2012.0;12.0;2012-12-01;BRASPINE;SAO PEDRO E SAO PAULO;PR;SAPOPEMA;709,13;323,93;280,01;23,12;82,69;17,16;46,08;30,86;99,65;0,00;0,00;1,52
2012.0;12.0;2012-12-01;BRASPINE;SAO RAFAEL;;;;;269,32;22,09;84,06;15,58;46,99;29,78;99,64;0,00;0,00;0,97
2012.0;12.0;2012-12-01;BRASPINE;SAO RAFAEL - PB;;;;;313,81;22,40;86,08;15,18;45,23;30,62;100,00;0,00;0,00;7,42
2012.0;12.0;2012-12-01;BRASPINE;SERRARIA;PR;DOUTOR ULYSSES;280,88;117,71;269,05;22,24;85,39;15,06;46,29;30,70;100,00;0,00;0,00;5,94
2012.0;12.0;2012-12-01;BRASPINE;SERRO VERDE;;;;;346,78;21,71;86,09;16,29;56,47;28,60;99,87;0,00;0,00;11,96
2012.0;12.0;2012-12-01;BRASPINE;SERTAOZINHO;PR;DOUTOR ULYSSES;16,25;16,25;291,13;22,29;85,56;15,09;47,64;30,60;100,00;0,00;0,00;7,34
2012.0;12.0;2012-12-01;BRASPINE;SITIO BASILIO;PR;JAGUARIAIVA;8,08;8,08;268,83;21,91;84,23;14,75;49,67;29,28;99,58;14,75;0,00;4,06
2012.0;12.0;2012-12-01;BRASPINE;SITIO DAS MARRECAS;PR;DOUTOR ULYSSES;77,49;35,17;278,82;23,03;85,27;15,67;44,98;32,01;100,00;0,00;0,00;3,41
2012.0;12.0;2012-12-01;BRASPINE;SOBRADINHO;SP;BOM SUCESSO DE ITARARE;285,80;123,10;294,07;21,86;85,54;14,61;44,95;29,60;100,00;14,61;0,00;26,22
2012.0;12.0;2012-12-01;BRASPINE;TAQUARAL;PR;JAGUARIAIVA;519,13;31,07;265,57;22,12;84,82;14,94;49,50;29,69;99,99;14,94;0,00;14,71
2012.0;12.0;2012-12-01;BRASPINE;TUCUNDUVA;PR;SENGES;82,21;60,89;283,30;22,66;81,61;15,58;44,88;30,45;99,67;0,00;0,00;6,32
2012.0;12.0;2012-12-01;BRASPINE;TUCUNDUVA - CHAMMA;;;;;291,63;22,67;81,83;15,53;44,44;30,56;99,66;0,00;0,00;1,05
2012.0;12.0;2012-12-01;BRASPINE;VIENA 1;PR;DOUTOR ULYSSES;263,98;178,34;271,50;21,87;85,39;14,65;49,57;29,50;100,00;14,65;0,00;26,62
2012.0;12.0;2012-12-01;BRASPINE;VIENA 2;PR;CERRO AZUL;140,23;96,54;277,92;23,43;83,46;16,09;43,72;32,13;99,97;0,00;0,00;3,25
2012.0;12.0;2012-12-01;BRASPINE;VITORIA;PR;SENGES;50,54;35,69;291,40;21,86;84,70;14,63;46,82;29,50;99,87;14,63;0,00;13,23
2012.0;12.0;2012-12-01;BRASPINE;VIVEIRO;PR;DOUTOR ULYSSES;405,39;261,22;273,89;22,29;85,56;15,09;47,64;30,60;100,00;0,00;0,00;7,34
2012.0;12.0;2012-12-01;BRASPINE;VO LINO;PR;DOUTOR ULYSSES;164,50;97,89;272,86;22,51;85,40;15,33;45,66;31,17;100,00;0,00;0,00;4,97
2012.0;12.0;2012-12-01;BRASPINE;XAXIM VELHO;;;;;302,37;21,07;87,40;15,03;53,49;28,29;100,00;0,00;0,00;1,54
