ANO;MES;DATA;EMPRESA;FAZENDA;UF;MUNICIPIO;AREA_T;AREA_PRODU;PRECIP_CHIRPS_MM;TEMP_MEDIA_C;UMID_MEDIA_PCT;TEMP_MIN_C;UMID_MIN_PCT;TEMP_MAX_C;UMID_MAX_PCT;NOITES_FRIAS_Eucalipto_<15C;NOITES_FRIAS_Pinus_<5C;DIRECAO_VENTO_GRAUS
2025.0;1.0;2025-01-01;BRASPINE;AGUA DOCE;PR;JAGUARIAIVA;238,97;121,99;186,74;20,52;86,00;13,28;46,28;27,82;99,92;69,80;0,00;13,67
2025.0;1.0;2025-01-01;BRASPINE;AMATA;;;;;156,80;22,49;85,51;15,89;41,50;31,93;100,00;0,00;0,00;2,80
2025.0;1.0;2025-01-01;BRASPINE;ANTA BRAVA;;;;;211,36;23,64;80,70;15,96;43,09;31,18;97,73;0,00;0,00;16,54
2025.0;1.0;2025-01-01;BRASPINE;ARAPONGAS;PR;SENGES;423,34;263,70;211,52;20,84;87,14;14,06;43,56;29,59;100,00;43,11;0,00;7,07
2025.0;1.0;2025-01-01;BRASPINE;ARROIO CLARO;PR;DOUTOR ULYSSES;275,14;92,00;193,73;21,08;87,08;14,54;40,75;30,14;100,00;44,12;0,00;0,13
2025.0;1.0;2025-01-01;BRASPINE;BARRA GRANDE;PR;DOUTOR ULYSSES;493,79;139,68;175,96;21,41;87,20;14,90;43,83;30,37;100,00;14,90;0,00;2,05
2025.0;1.0;2025-01-01;BRASPINE;BARRA GRANDE - BEMAIS;PR;GUARAPUAVA;299,16;108,61;189,34;20,61;82,74;13,22;35,84;28,33;99,98;56,84;0,00;350,60
2025.0;1.0;2025-01-01;BRASPINE;BARRETOS;PR;JAGUARIAIVA;43,35;32,98;213,49;20,66;86,92;13,63;43,62;28,74;100,00;70,89;0,00;2,35
2025.0;1.0;2025-01-01;BRASPINE;BAU;;;;;186,51;20,55;82,36;13,54;38,57;27,40;99,84;71,92;0,00;7,66
2025.0;1.0;2025-01-01;BRASPINE;BOA VISTA II;PR;PIRAI DO SUL;944,00;535,05;179,20;20,55;86,38;13,39;44,66;28,12;99,96;69,46;0,00;0,50
2025.0;1.0;2025-01-01;BRASPINE;BRASILEIRA;;;;;175,28;20,84;87,14;14,06;43,56;29,59;100,00;43,11;0,00;7,07
2025.0;1.0;2025-01-01;BRASPINE;BURACAO;;;;;119,13;20,92;84,96;13,76;45,77;29,29;99,87;42,00;0,00;4,25
2025.0;1.0;2025-01-01;BRASPINE;BURRINHO;PR;DOUTOR ULYSSES;211,01;100,37;193,60;21,08;87,08;14,54;40,75;30,14;100,00;44,12;0,00;0,13
2025.0;1.0;2025-01-01;BRASPINE;CADEADO I;PR;JAGUARIAIVA;21,07;12,29;202,53;20,59;86,95;13,34;43,16;29,06;100,00;70,94;0,00;1,36
2025.0;1.0;2025-01-01;BRASPINE;CADEADO II;PR;JAGUARIAIVA;21,88;16,79;202,53;20,59;86,95;13,34;43,16;29,06;100,00;70,94;0,00;1,36
2025.0;1.0;2025-01-01;BRASPINE;CAMPINA ALTA;PR;TIBAGI;29,77;18,24;199,76;21,76;83,66;13,74;43,92;28,98;99,91;42,59;0,00;0,16
2025.0;1.0;2025-01-01;BRASPINE;CAMPINA DO ELIAS;PR;JAGUARIAIVA;29,17;14,65;190,69;20,63;86,93;13,53;43,46;28,86;100,00;70,92;0,00;2,00
2025.0;1.0;2025-01-01;BRASPINE;CAMPO NOVO;PR;JAGUARIAIVA;295,98;156,36;221,67;20,59;86,95;13,34;43,16;29,06;100,00;70,94;0,00;1,36
2025.0;1.0;2025-01-01;BRASPINE;CONSULTORIA II A;PR;DOUTOR ULYSSES;89,62;60,79;208,54;20,84;87,14;14,06;43,56;29,59;100,00;43,11;0,00;7,07
2025.0;1.0;2025-01-01;BRASPINE;DINIZ;;;;;219,82;20,84;87,14;14,06;43,56;29,59;100,00;43,11;0,00;7,07
2025.0;1.0;2025-01-01;BRASPINE;ENES;PR;JAGUARIAIVA;5,93;5,69;223,18;20,59;86,95;13,34;43,16;29,06;100,00;70,94;0,00;1,36
2025.0;1.0;2025-01-01;BRASPINE;ENGENHARIA;;;;;219,82;20,84;87,14;14,06;43,56;29,59;100,00;43,11;0,00;7,07
2025.0;1.0;2025-01-01;BRASPINE;ESTACAO;PR;SENGES;4,76;4,14;202,38;20,59;86,95;13,34;43,16;29,06;100,00;70,94;0,00;1,36
2025.0;1.0;2025-01-01;BRASPINE;FAXINAL;PR;JAGUARIAIVA;20,65;20,65;223,18;20,59;86,95;13,34;43,16;29,06;100,00;70,94;0,00;1,36
2025.0;1.0;2025-01-01;BRASPINE;FEITAL;PR;DOUTOR ULYSSES;154,17;86,53;172,64;21,03;87,16;14,34;43,65;29,85;100,00;43,82;0,00;5,40
2025.0;1.0;2025-01-01;BRASPINE;FIGUEIRA;PR;DOUTOR ULYSSES;1053,81;315,71;206,16;21,08;87,08;14,54;40,75;30,14;100,00;44,12;0,00;0,13
2025.0;1.0;2025-01-01;BRASPINE;FIGUEIRINHA;PR;DOUTOR ULYSSES;94,37;56,74;188,17;21,08;87,08;14,54;40,75;30,14;100,00;44,12;0,00;0,13
2025.0;1.0;2025-01-01;BRASPINE;FLOEMA;PR;DOUTOR ULYSSES;2189,88;701,43;165,69;20,55;86,90;13,77;40,87;29,30;100,00;71,44;0,00;4,14
2025.0;1.0;2025-01-01;BRASPINE;FLOEMA I - SUDATI;;;;;205,42;20,84;87,14;14,06;43,56;29,59;100,00;43,11;0,00;7,07
2025.0;1.0;2025-01-01;BRASPINE;FLOEMA II - SUDATI;PR;DOUTOR ULYSSES;453,83;211,13;208,35;20,84;87,14;14,06;43,56;29,59;100,00;43,11;0,00;7,07
2025.0;1.0;2025-01-01;BRASPINE;FLOR DA SERRA;PR;SAO JOSE DA BOA VISTA;209,10;128,72;169,53;22,73;80,46;15,08;41,68;30,28;99,84;0,00;0,00;11,46
2025.0;1.0;2025-01-01;BRASPINE;GENTIL;PR;JAGUARIAIVA;126,77;53,33;179,31;20,41;85,63;13,00;46,89;27,51;99,74;68,86;0,00;2,01
2025.0;1.0;2025-01-01;BRASPINE;GUAIRACA;PR;GUARAPUAVA;623,62;169,31;180,05;20,77;82,61;13,31;36,32;28,34;99,99;42,31;0,00;27,38
2025.0;1.0;2025-01-01;BRASPINE;HERVAL 2 - MADALOSSO;;;;;120,95;20,92;84,96;13,76;45,77;29,29;99,87;42,00;0,00;4,25
2025.0;1.0;2025-01-01;BRASPINE;HERVAL DE BAIXO;PR;RESERVA;827,29;475,92;206,55;21,79;83,43;13,92;42,62;29,03;99,87;42,67;0,00;0,37
2025.0;1.0;2025-01-01;BRASPINE;HORTO 01;PR;TURVO;19,12;19,12;203,34;21,36;82,96;13,96;38,67;28,61;99,82;42,96;0,00;1,41
2025.0;1.0;2025-01-01;BRASPINE;HORTO 02;PR;TURVO;4,24;4,24;205,80;21,36;82,96;13,96;38,67;28,61;99,82;42,96;0,00;1,41
2025.0;1.0;2025-01-01;BRASPINE;HORTO 03;PR;PRUDENTOPOLIS;80,91;25,89;193,74;21,86;81,99;14,42;36,60;29,25;99,88;14,42;0,00;8,59
2025.0;1.0;2025-01-01;BRASPINE;HORTO 08;PR;TURVO;9,53;9,53;193,89;21,86;81,99;14,42;36,60;29,25;99,88;14,42;0,00;8,59
2025.0;1.0;2025-01-01;BRASPINE;HORTO 12;PR;PRUDENTOPOLIS;12,20;12,20;189,68;21,86;81,99;14,42;36,60;29,25;99,88;14,42;0,00;8,59
2025.0;1.0;2025-01-01;BRASPINE;IZAU;PR;PIRAI DO SUL;19,37;11,60;175,69;20,48;85,87;13,31;45,39;27,73;99,77;69,14;0,00;4,84
2025.0;1.0;2025-01-01;BRASPINE;JOAO RICO;PR;JAGUARIAIVA;47,46;26,18;182,33;20,52;86,00;13,28;46,28;27,82;99,92;69,80;0,00;13,67
2025.0;1.0;2025-01-01;BRASPINE;LAGOA;PR;JAGUARIAIVA;24,10;10,78;185,01;20,59;86,95;13,34;43,16;29,06;100,00;70,94;0,00;1,36
2025.0;1.0;2025-01-01;BRASPINE;MARACANA;PR;JANDAIA DO SUL;11,45;11,45;207,97;23,74;78,18;17,27;31,13;30,48;99,73;0,00;0,00;1,32
2025.0;1.0;2025-01-01;BRASPINE;MARRECA;;;;;191,46;21,08;87,08;14,54;40,75;30,14;100,00;44,12;0,00;0,13
2025.0;1.0;2025-01-01;BRASPINE;MARRECA SP;SP;ITAPIRAPUA PAULISTA;675,30;236,19;195,73;21,85;86,97;15,13;41,02;31,22;100,00;0,00;0,00;1,92
2025.0;1.0;2025-01-01;BRASPINE;MARRECAS;;;;;190,41;20,13;82,97;12,79;35,47;27,70;99,99;70,32;0,00;0,53
2025.0;1.0;2025-01-01;BRASPINE;MERCADINHO;;;;;182,64;21,83;86,29;14,72;40,40;31,19;100,00;14,72;0,00;2,24
2025.0;1.0;2025-01-01;BRASPINE;MONTE ALEGRE;;;;;200,61;24,33;76,98;17,72;31,12;31,30;99,69;0,00;0,00;0,80
2025.0;1.0;2025-01-01;BRASPINE;MONTE TABOR II;;;;;214,02;21,03;87,93;14,45;50,53;30,11;100,00;29,01;0,00;24,93
2025.0;1.0;2025-01-01;BRASPINE;MOREIRA;PR;DOUTOR ULYSSES;230,52;68,68;208,35;20,84;87,14;14,06;43,56;29,59;100,00;43,11;0,00;7,07
2025.0;1.0;2025-01-01;BRASPINE;MOREIRAS II;PR;DOUTOR ULYSSES;66,76;28,75;208,56;20,84;87,14;14,06;43,56;29,59;100,00;43,11;0,00;7,07
2025.0;1.0;2025-01-01;BRASPINE;MORRETES;PR;ORTIGUEIRA;20,36;20,36;194,50;22,30;82,95;14,53;40,91;29,52;99,89;29,13;0,00;0,34
2025.0;1.0;2025-01-01;BRASPINE;MORRO AZUL;;;;;212,49;20,96;87,61;14,12;44,51;29,71;100,00;43,66;0,00;0,55
2025.0;1.0;2025-01-01;BRASPINE;OURO FINO;SP;APIAI;51,70;51,70;243,37;20,72;88,24;14,01;46,21;29,57;100,00;43,36;0,00;2,42
2025.0;1.0;2025-01-01;BRASPINE;PALMEIRINHA DE BAIXO - SOSSEGO;PR;SENGES;85,93;9,22;203,54;20,33;86,58;13,44;44,74;28,29;99,86;55,81;0,00;18,87
2025.0;1.0;2025-01-01;BRASPINE;PAZIN;PR;DOUTOR ULYSSES;41,20;23,90;176,91;21,08;87,08;14,54;40,75;30,14;100,00;44,12;0,00;0,13
2025.0;1.0;2025-01-01;BRASPINE;PEDRAS;PR;CASTRO;7,18;7,18;165,94;20,53;86,09;13,27;47,17;27,75;99,73;69,01;0,00;9,58
2025.0;1.0;2025-01-01;BRASPINE;PESCARIA;PR;SAO JOSE DA BOA VISTA;184,57;129,22;179,19;22,79;80,72;14,95;41,48;30,31;99,88;14,95;0,00;3,18
2025.0;1.0;2025-01-01;BRASPINE;PESSEGUEIRO;PR;DOUTOR ULYSSES;109,95;64,79;196,14;20,84;87,14;14,06;43,56;29,59;100,00;43,11;0,00;7,07
2025.0;1.0;2025-01-01;BRASPINE;PITANGA;;;;;183,65;21,34;81,56;13,79;38,21;28,00;99,91;42,81;0,00;4,04
2025.0;1.0;2025-01-01;BRASPINE;QUEIMADINHO ARROIO CLARO;PR;DOUTOR ULYSSES;48,13;19,09;175,28;20,84;87,14;14,06;43,56;29,59;100,00;43,11;0,00;7,07
2025.0;1.0;2025-01-01;BRASPINE;QUEIMADINHO M6042;PR;DOUTOR ULYSSES;48,38;18,50;175,28;20,84;87,14;14,06;43,56;29,59;100,00;43,11;0,00;7,07
2025.0;1.0;2025-01-01;BRASPINE;QUEIMADINHO USUCAPIAO;PR;DOUTOR ULYSSES;200,27;92,43;175,28;20,84;87,14;14,06;43,56;29,59;100,00;43,11;0,00;7,07
2025.0;1.0;2025-01-01;BRASPINE;RAMOS;PR;SENGES;69,83;38,15;205,42;20,59;86,95;13,34;43,16;29,06;100,00;70,94;0,00;1,36
2025.0;1.0;2025-01-01;BRASPINE;RIBEIRAO GRANDE;PR;JAGUARIAIVA;20,77;20,77;172,51;20,48;85,87;13,31;45,39;27,73;99,77;69,14;0,00;4,84
2025.0;1.0;2025-01-01;BRASPINE;RINCAO DE BAIXO;;;;;182,70;21,14;82,83;13,09;44,85;28,09;99,84;56,07;0,00;0,65
2025.0;1.0;2025-01-01;BRASPINE;RIO BOMBA;PR;CERRO AZUL;65,03;37,72;142,98;22,07;85,27;15,22;41,18;31,28;100,00;0,00;0,00;9,12
2025.0;1.0;2025-01-01;BRASPINE;RIO DO MEIO;PR;DOUTOR ULYSSES;712,33;389,13;199,67;20,84;87,14;14,06;43,56;29,59;100,00;43,11;0,00;7,07
2025.0;1.0;2025-01-01;BRASPINE;RONDON;PR;JAGUARIAIVA;2899,24;1475,88;190,35;20,40;86,67;13,46;45,27;28,32;99,89;70,51;0,00;3,18
2025.0;1.0;2025-01-01;BRASPINE;SANTA FELICIDADE;;;;;182,85;22,18;87,00;15,48;41,35;31,94;100,00;0,00;0,00;1,25
2025.0;1.0;2025-01-01;BRASPINE;SANTA LIDIA DO CERCADINHO;;;;;174,90;20,78;83,04;12,88;45,19;27,67;99,80;55,14;0,00;4,09
2025.0;1.0;2025-01-01;BRASPINE;SANTO ANTONIO;;;;;210,93;20,37;86,69;13,48;43,29;28,54;100,00;56,21;0,00;10,23
2025.0;1.0;2025-01-01;BRASPINE;SAO JOSE;PR;JANDAIA DO SUL;37,56;37,56;202,34;24,15;77,34;17,50;31,29;31,03;99,77;0,00;0,00;1,68
2025.0;1.0;2025-01-01;BRASPINE;SAO MATHEUS;;;;;194,32;25,44;75,64;18,72;31,90;32,67;99,67;0,00;0,00;0,21
2025.0;1.0;2025-01-01;BRASPINE;SAO PEDRO E SAO PAULO;PR;SAPOPEMA;709,13;323,93;195,95;22,07;81,10;14,91;38,85;29,14;99,61;14,91;0,00;2,54
2025.0;1.0;2025-01-01;BRASPINE;SAO RAFAEL;;;;;137,56;20,84;83,68;14,29;44,98;28,76;99,77;43,13;0,00;5,09
2025.0;1.0;2025-01-01;BRASPINE;SAO RAFAEL - PB;;;;;234,78;20,83;88,08;14,06;45,20;29,72;100,00;28,56;0,00;6,58
2025.0;1.0;2025-01-01;BRASPINE;SERRARIA;PR;DOUTOR ULYSSES;280,88;117,71;161,86;20,81;86,99;14,21;40,81;29,72;100,00;58,02;0,00;2,02
2025.0;1.0;2025-01-01;BRASPINE;SERRO VERDE;;;;;192,86;20,95;81,30;13,26;38,33;27,55;99,90;41,84;0,00;11,45
2025.0;1.0;2025-01-01;BRASPINE;SERTAOZINHO;PR;DOUTOR ULYSSES;16,25;16,25;214,91;20,84;87,14;14,06;43,56;29,59;100,00;43,11;0,00;7,07
2025.0;1.0;2025-01-01;BRASPINE;SITIO BASILIO;PR;JAGUARIAIVA;8,08;8,08;187,73;20,42;85,66;12,98;47,13;27,52;99,80;69,03;0,00;0,16
2025.0;1.0;2025-01-01;BRASPINE;SITIO DAS MARRECAS;PR;DOUTOR ULYSSES;77,49;35,17;189,67;21,63;87,00;14,96;40,94;30,91;100,00;14,96;0,00;2,61
2025.0;1.0;2025-01-01;BRASPINE;SOBRADINHO;SP;BOM SUCESSO DE ITARARE;285,80;123,10;205,20;20,35;87,36;13,52;44,23;28,67;100,00;56,66;0,00;1,58
2025.0;1.0;2025-01-01;BRASPINE;TAQUARAL;PR;JAGUARIAIVA;519,13;31,07;185,52;20,50;86,59;13,41;45,65;28,12;99,99;70,16;0,00;7,85
2025.0;1.0;2025-01-01;BRASPINE;TUCUNDUVA;PR;SENGES;82,21;60,89;197,84;21,03;84,22;13,50;44,72;28,61;99,76;42,09;0,00;6,53
2025.0;1.0;2025-01-01;BRASPINE;TUCUNDUVA - CHAMMA;;;;;194,05;21,11;84,13;13,92;44,60;28,75;99,78;42,97;0,00;6,98
2025.0;1.0;2025-01-01;BRASPINE;VIENA 1;PR;DOUTOR ULYSSES;263,98;178,34;147,06;20,44;86,73;13,09;43,64;28,68;100,00;69,77;0,00;7,22
2025.0;1.0;2025-01-01;BRASPINE;VIENA 2;PR;CERRO AZUL;140,23;96,54;143,42;22,07;85,27;15,22;41,18;31,28;100,00;0,00;0,00;9,12
2025.0;1.0;2025-01-01;BRASPINE;VITORIA;PR;SENGES;50,54;35,69;203,54;20,33;86,58;13,44;44,74;28,29;99,86;55,81;0,00;18,87
2025.0;1.0;2025-01-01;BRASPINE;VIVEIRO;PR;DOUTOR ULYSSES;405,39;261,22;208,56;20,84;87,14;14,06;43,56;29,59;100,00;43,11;0,00;7,07
2025.0;1.0;2025-01-01;BRASPINE;VO LINO;PR;DOUTOR ULYSSES;164,50;97,89;192,55;21,08;87,08;14,54;40,75;30,14;100,00;44,12;0,00;0,13
2025.0;1.0;2025-01-01;BRASPINE;XAXIM VELHO;;;;;138,04;20,35;82,81;13,09;35,66;27,34;100,00;41,73;0,00;0,17
2025.0;2.0;2025-02-01;BRASPINE;AGUA DOCE;PR;JAGUARIAIVA;238,97;121,99;134,88;21,64;85,52;16,47;54,12;28,05;99,81;0,00;0,00;1,72
2025.0;2.0;2025-02-01;BRASPINE;AMATA;;;;;150,02;23,50;87,47;18,27;46,87;31,97;100,00;0,00;0,00;9,44
2025.0;2.0;2025-02-01;BRASPINE;ANTA BRAVA;;;;;157,08;24,80;79,12;19,62;45,58;31,63;97,28;0,00;0,00;11,64
2025.0;2.0;2025-02-01;BRASPINE;ARAPONGAS;PR;SENGES;423,34;263,70;152,18;21,94;87,38;16,97;46,87;29,63;100,00;0,00;0,00;1,32
2025.0;2.0;2025-02-01;BRASPINE;ARROIO CLARO;PR;DOUTOR ULYSSES;275,14;92,00;155,36;22,12;88,05;17,62;46,01;30,22;100,00;0,00;0,00;6,69
2025.0;2.0;2025-02-01;BRASPINE;BARRA GRANDE;PR;DOUTOR ULYSSES;493,79;139,68;166,15;22,56;87,63;17,12;45,37;30,74;100,00;0,00;0,00;3,14
2025.0;2.0;2025-02-01;BRASPINE;BARRA GRANDE - BEMAIS;PR;GUARAPUAVA;299,16;108,61;134,08;21,28;86,55;16,76;54,18;27,76;99,98;0,00;0,00;2,64
2025.0;2.0;2025-02-01;BRASPINE;BARRETOS;PR;JAGUARIAIVA;43,35;32,98;157,27;21,80;86,74;16,68;51,30;28,76;99,99;0,00;0,00;4,30
2025.0;2.0;2025-02-01;BRASPINE;BAU;;;;;158,84;21,19;86,46;16,25;58,24;27,33;99,87;0,00;0,00;1,90
2025.0;2.0;2025-02-01;BRASPINE;BOA VISTA II;PR;PIRAI DO SUL;944,00;535,05;157,86;21,70;86,14;16,72;53,89;28,16;99,94;0,00;0,00;5,30
2025.0;2.0;2025-02-01;BRASPINE;BRASILEIRA;;;;;163,68;21,94;87,38;16,97;46,87;29,63;100,00;0,00;0,00;1,32
2025.0;2.0;2025-02-01;BRASPINE;BURACAO;;;;;130,81;21,95;85,95;17,63;50,50;29,02;99,79;0,00;0,00;0,48
2025.0;2.0;2025-02-01;BRASPINE;BURRINHO;PR;DOUTOR ULYSSES;211,01;100,37;155,10;22,12;88,05;17,62;46,01;30,22;100,00;0,00;0,00;6,69
2025.0;2.0;2025-02-01;BRASPINE;CADEADO I;PR;JAGUARIAIVA;21,07;12,29;152,20;21,68;86,99;16,56;48,72;29,01;100,00;0,00;0,00;3,12
2025.0;2.0;2025-02-01;BRASPINE;CADEADO II;PR;JAGUARIAIVA;21,88;16,79;152,20;21,68;86,99;16,56;48,72;29,01;100,00;0,00;0,00;3,12
2025.0;2.0;2025-02-01;BRASPINE;CAMPINA ALTA;PR;TIBAGI;29,77;18,24;101,78;22,40;86,57;17,35;51,31;29,31;99,81;0,00;0,00;8,51
2025.0;2.0;2025-02-01;BRASPINE;CAMPINA DO ELIAS;PR;JAGUARIAIVA;29,17;14,65;160,49;21,75;86,83;16,63;50,36;28,85;99,95;0,00;0,00;3,91
2025.0;2.0;2025-02-01;BRASPINE;CAMPO NOVO;PR;JAGUARIAIVA;295,98;156,36;155,94;21,68;86,99;16,56;48,72;29,01;100,00;0,00;0,00;3,12
2025.0;2.0;2025-02-01;BRASPINE;CONSULTORIA II A;PR;DOUTOR ULYSSES;89,62;60,79;156,45;21,94;87,38;16,97;46,87;29,63;100,00;0,00;0,00;1,32
2025.0;2.0;2025-02-01;BRASPINE;DINIZ;;;;;159,10;21,94;87,38;16,97;46,87;29,63;100,00;0,00;0,00;1,32
2025.0;2.0;2025-02-01;BRASPINE;ENES;PR;JAGUARIAIVA;5,93;5,69;156,58;21,68;86,99;16,56;48,72;29,01;100,00;0,00;0,00;3,12
2025.0;2.0;2025-02-01;BRASPINE;ENGENHARIA;;;;;159,10;21,94;87,38;16,97;46,87;29,63;100,00;0,00;0,00;1,32
2025.0;2.0;2025-02-01;BRASPINE;ESTACAO;PR;SENGES;4,76;4,14;152,57;21,68;86,99;16,56;48,72;29,01;100,00;0,00;0,00;3,12
2025.0;2.0;2025-02-01;BRASPINE;FAXINAL;PR;JAGUARIAIVA;20,65;20,65;156,58;21,68;86,99;16,56;48,72;29,01;100,00;0,00;0,00;3,12
2025.0;2.0;2025-02-01;BRASPINE;FEITAL;PR;DOUTOR ULYSSES;154,17;86,53;160,44;22,15;87,46;17,02;46,37;30,00;100,00;0,00;0,00;0,70
2025.0;2.0;2025-02-01;BRASPINE;FIGUEIRA;PR;DOUTOR ULYSSES;1053,81;315,71;155,28;22,12;88,05;17,62;46,01;30,22;100,00;0,00;0,00;6,69
2025.0;2.0;2025-02-01;BRASPINE;FIGUEIRINHA;PR;DOUTOR ULYSSES;94,37;56,74;156,71;22,12;88,05;17,62;46,01;30,22;100,00;0,00;0,00;6,69
2025.0;2.0;2025-02-01;BRASPINE;FLOEMA;PR;DOUTOR ULYSSES;2189,88;701,43;159,74;21,54;87,71;17,17;47,79;29,15;100,00;0,00;0,00;9,90
2025.0;2.0;2025-02-01;BRASPINE;FLOEMA I - SUDATI;;;;;153,29;21,94;87,38;16,97;46,87;29,63;100,00;0,00;0,00;1,32
2025.0;2.0;2025-02-01;BRASPINE;FLOEMA II - SUDATI;PR;DOUTOR ULYSSES;453,83;211,13;152,40;21,94;87,38;16,97;46,87;29,63;100,00;0,00;0,00;1,32
2025.0;2.0;2025-02-01;BRASPINE;FLOR DA SERRA;PR;SAO JOSE DA BOA VISTA;209,10;128,72;111,96;23,76;80,05;16,85;46,37;30,60;99,62;0,00;0,00;0,48
2025.0;2.0;2025-02-01;BRASPINE;GENTIL;PR;JAGUARIAIVA;126,77;53,33;135,15;21,45;85,55;16,57;54,31;27,73;99,52;0,00;0,00;4,42
2025.0;2.0;2025-02-01;BRASPINE;GUAIRACA;PR;GUARAPUAVA;623,62;169,31;138,46;21,47;86,31;16,94;53,09;28,01;99,98;0,00;0,00;0,06
2025.0;2.0;2025-02-01;BRASPINE;HERVAL 2 - MADALOSSO;;;;;129,93;21,95;85,95;17,63;50,50;29,02;99,79;0,00;0,00;0,48
2025.0;2.0;2025-02-01;BRASPINE;HERVAL DE BAIXO;PR;RESERVA;827,29;475,92;112,64;22,38;87,05;17,21;52,33;29,39;99,76;0,00;0,00;3,31
2025.0;2.0;2025-02-01;BRASPINE;HORTO 01;PR;TURVO;19,12;19,12;149,28;21,99;87,00;17,08;57,25;28,52;99,82;0,00;0,00;2,05
2025.0;2.0;2025-02-01;BRASPINE;HORTO 02;PR;TURVO;4,24;4,24;146,31;21,99;87,00;17,08;57,25;28,52;99,82;0,00;0,00;2,05
2025.0;2.0;2025-02-01;BRASPINE;HORTO 03;PR;PRUDENTOPOLIS;80,91;25,89;157,48;22,47;86,44;17,57;54,80;29,21;99,90;0,00;0,00;1,34
2025.0;2.0;2025-02-01;BRASPINE;HORTO 08;PR;TURVO;9,53;9,53;153,54;22,47;86,44;17,57;54,80;29,21;99,90;0,00;0,00;1,34
2025.0;2.0;2025-02-01;BRASPINE;HORTO 12;PR;PRUDENTOPOLIS;12,20;12,20;158,20;22,47;86,44;17,57;54,80;29,21;99,90;0,00;0,00;1,34
2025.0;2.0;2025-02-01;BRASPINE;IZAU;PR;PIRAI DO SUL;19,37;11,60;140,64;21,53;85,97;16,85;53,76;27,89;99,63;0,00;0,00;8,06
2025.0;2.0;2025-02-01;BRASPINE;JOAO RICO;PR;JAGUARIAIVA;47,46;26,18;135,62;21,64;85,52;16,47;54,12;28,05;99,81;0,00;0,00;1,72
2025.0;2.0;2025-02-01;BRASPINE;LAGOA;PR;JAGUARIAIVA;24,10;10,78;150,57;21,68;86,99;16,56;48,72;29,01;100,00;0,00;0,00;3,12
2025.0;2.0;2025-02-01;BRASPINE;MARACANA;PR;JANDAIA DO SUL;11,45;11,45;134,85;24,02;82,36;19,12;49,37;33,32;99,82;0,00;0,00;6,18
2025.0;2.0;2025-02-01;BRASPINE;MARRECA;;;;;152,60;22,12;88,05;17,62;46,01;30,22;100,00;0,00;0,00;6,69
2025.0;2.0;2025-02-01;BRASPINE;MARRECA SP;SP;ITAPIRAPUA PAULISTA;675,30;236,19;163,00;22,92;88,18;17,86;44,46;31,62;100,00;0,00;0,00;0,42
2025.0;2.0;2025-02-01;BRASPINE;MARRECAS;;;;;132,98;20,82;86,65;16,38;53,63;27,27;100,00;0,00;0,00;7,37
2025.0;2.0;2025-02-01;BRASPINE;MERCADINHO;;;;;150,10;22,82;87,95;17,60;45,85;31,28;100,00;0,00;0,00;8,74
2025.0;2.0;2025-02-01;BRASPINE;MONTE ALEGRE;;;;;136,86;24,60;81,24;19,63;48,36;31,76;99,62;0,00;0,00;2,33
2025.0;2.0;2025-02-01;BRASPINE;MONTE TABOR II;;;;;165,53;22,20;88,16;17,17;44,75;30,37;99,99;0,00;0,00;0,57
2025.0;2.0;2025-02-01;BRASPINE;MOREIRA;PR;DOUTOR ULYSSES;230,52;68,68;152,40;21,94;87,38;16,97;46,87;29,63;100,00;0,00;0,00;1,32
2025.0;2.0;2025-02-01;BRASPINE;MOREIRAS II;PR;DOUTOR ULYSSES;66,76;28,75;157,09;21,94;87,38;16,97;46,87;29,63;100,00;0,00;0,00;1,32
2025.0;2.0;2025-02-01;BRASPINE;MORRETES;PR;ORTIGUEIRA;20,36;20,36;112,87;22,83;87,00;17,48;52,27;29,97;99,78;0,00;0,00;0,76
2025.0;2.0;2025-02-01;BRASPINE;MORRO AZUL;;;;;168,27;22,19;87,20;16,81;46,15;29,93;100,00;0,00;0,00;12,48
2025.0;2.0;2025-02-01;BRASPINE;OURO FINO;SP;APIAI;51,70;51,70;162,23;21,96;87,72;17,14;46,01;29,80;100,00;0,00;0,00;1,56
2025.0;2.0;2025-02-01;BRASPINE;PALMEIRINHA DE BAIXO - SOSSEGO;PR;SENGES;85,93;9,22;143,28;21,51;85,49;16,28;49,93;28,14;99,86;0,00;0,00;1,09
2025.0;2.0;2025-02-01;BRASPINE;PAZIN;PR;DOUTOR ULYSSES;41,20;23,90;159,02;22,12;88,05;17,62;46,01;30,22;100,00;0,00;0,00;6,69
2025.0;2.0;2025-02-01;BRASPINE;PEDRAS;PR;CASTRO;7,18;7,18;114,16;21,58;86,55;17,03;54,20;27,83;99,66;0,00;0,00;2,52
2025.0;2.0;2025-02-01;BRASPINE;PESCARIA;PR;SAO JOSE DA BOA VISTA;184,57;129,22;125,50;23,92;79,71;16,90;45,20;30,93;99,71;0,00;0,00;4,82
2025.0;2.0;2025-02-01;BRASPINE;PESSEGUEIRO;PR;DOUTOR ULYSSES;109,95;64,79;151,09;21,94;87,38;16,97;46,87;29,63;100,00;0,00;0,00;1,32
2025.0;2.0;2025-02-01;BRASPINE;PITANGA;;;;;172,13;21,95;85,84;16,50;59,92;28,30;99,81;0,00;0,00;3,50
2025.0;2.0;2025-02-01;BRASPINE;QUEIMADINHO ARROIO CLARO;PR;DOUTOR ULYSSES;48,13;19,09;163,68;21,94;87,38;16,97;46,87;29,63;100,00;0,00;0,00;1,32
2025.0;2.0;2025-02-01;BRASPINE;QUEIMADINHO M6042;PR;DOUTOR ULYSSES;48,38;18,50;163,68;21,94;87,38;16,97;46,87;29,63;100,00;0,00;0,00;1,32
2025.0;2.0;2025-02-01;BRASPINE;QUEIMADINHO USUCAPIAO;PR;DOUTOR ULYSSES;200,27;92,43;163,68;21,94;87,38;16,97;46,87;29,63;100,00;0,00;0,00;1,32
2025.0;2.0;2025-02-01;BRASPINE;RAMOS;PR;SENGES;69,83;38,15;153,29;21,68;86,99;16,56;48,72;29,01;100,00;0,00;0,00;3,12
2025.0;2.0;2025-02-01;BRASPINE;RIBEIRAO GRANDE;PR;JAGUARIAIVA;20,77;20,77;131,38;21,53;85,97;16,85;53,76;27,89;99,63;0,00;0,00;8,06
2025.0;2.0;2025-02-01;BRASPINE;RINCAO DE BAIXO;;;;;96,06;21,96;84,16;16,85;51,56;28,41;99,74;0,00;0,00;0,65
2025.0;2.0;2025-02-01;BRASPINE;RIO BOMBA;PR;CERRO AZUL;65,03;37,72;149,56;23,01;87,37;18,18;47,54;31,16;100,00;0,00;0,00;8,02
2025.0;2.0;2025-02-01;BRASPINE;RIO DO MEIO;PR;DOUTOR ULYSSES;712,33;389,13;158,84;21,94;87,38;16,97;46,87;29,63;100,00;0,00;0,00;1,32
2025.0;2.0;2025-02-01;BRASPINE;RONDON;PR;JAGUARIAIVA;2899,24;1475,88;130,67;21,53;85,98;16,18;50,75;28,19;99,88;0,00;0,00;1,64
2025.0;2.0;2025-02-01;BRASPINE;SANTA FELICIDADE;;;;;164,75;23,28;88,24;17,95;43,34;32,39;100,00;0,00;0,00;0,04
2025.0;2.0;2025-02-01;BRASPINE;SANTA LIDIA DO CERCADINHO;;;;;100,51;21,62;84,24;16,70;52,18;27,88;99,75;0,00;0,00;0,59
2025.0;2.0;2025-02-01;BRASPINE;SANTO ANTONIO;;;;;150,22;21,56;85,67;16,19;48,61;28,39;100,00;0,00;0,00;12,59
2025.0;2.0;2025-02-01;BRASPINE;SAO JOSE;PR;JANDAIA DO SUL;37,56;37,56;136,44;24,43;81,59;19,47;48,74;31,54;99,72;0,00;0,00;2,93
2025.0;2.0;2025-02-01;BRASPINE;SAO MATHEUS;;;;;128,40;25,75;80,06;20,55;47,23;33,14;99,63;0,00;0,00;1,85
2025.0;2.0;2025-02-01;BRASPINE;SAO PEDRO E SAO PAULO;PR;SAPOPEMA;709,13;323,93;97,61;22,64;83,14;17,39;48,94;29,34;99,43;0,00;0,00;1,71
2025.0;2.0;2025-02-01;BRASPINE;SAO RAFAEL;;;;;129,46;22,08;84,56;17,19;48,07;28,94;99,74;0,00;0,00;1,81
2025.0;2.0;2025-02-01;BRASPINE;SAO RAFAEL - PB;;;;;182,62;22,08;87,57;17,28;45,75;29,96;100,00;0,00;0,00;2,15
2025.0;2.0;2025-02-01;BRASPINE;SERRARIA;PR;DOUTOR ULYSSES;280,88;117,71;153,77;21,83;87,88;17,44;46,90;29,68;100,00;0,00;0,00;8,34
2025.0;2.0;2025-02-01;BRASPINE;SERRO VERDE;;;;;169,31;21,60;85,32;16,30;56,93;27,68;99,86;0,00;0,00;4,70
2025.0;2.0;2025-02-01;BRASPINE;SERTAOZINHO;PR;DOUTOR ULYSSES;16,25;16,25;153,21;21,94;87,38;16,97;46,87;29,63;100,00;0,00;0,00;1,32
2025.0;2.0;2025-02-01;BRASPINE;SITIO BASILIO;PR;JAGUARIAIVA;8,08;8,08;134,96;21,48;85,41;16,46;54,08;27,79;99,59;0,00;0,00;2,00
2025.0;2.0;2025-02-01;BRASPINE;SITIO DAS MARRECAS;PR;DOUTOR ULYSSES;77,49;35,17;160,19;22,69;88,14;17,79;44,91;31,22;100,00;0,00;0,00;0,26
2025.0;2.0;2025-02-01;BRASPINE;SOBRADINHO;SP;BOM SUCESSO DE ITARARE;285,80;123,10;165,84;21,59;86,22;16,14;47,99;28,60;100,00;0,00;0,00;6,66
2025.0;2.0;2025-02-01;BRASPINE;TAQUARAL;PR;JAGUARIAIVA;519,13;31,07;135,38;21,65;85,97;16,34;52,91;28,09;99,99;0,00;0,00;4,96
2025.0;2.0;2025-02-01;BRASPINE;TUCUNDUVA;PR;SENGES;82,21;60,89;146,97;22,15;83,21;16,06;49,93;28,75;99,77;0,00;0,00;3,11
2025.0;2.0;2025-02-01;BRASPINE;TUCUNDUVA - CHAMMA;;;;;136,49;22,30;82,71;16,66;49,27;28,91;99,69;0,00;0,00;1,60
2025.0;2.0;2025-02-01;BRASPINE;VIENA 1;PR;DOUTOR ULYSSES;263,98;178,34;163,25;21,45;87,35;17,10;50,82;28,54;100,00;0,00;0,00;6,41
2025.0;2.0;2025-02-01;BRASPINE;VIENA 2;PR;CERRO AZUL;140,23;96,54;149,76;23,01;87,37;18,18;47,54;31,16;100,00;0,00;0,00;8,02
2025.0;2.0;2025-02-01;BRASPINE;VITORIA;PR;SENGES;50,54;35,69;143,28;21,51;85,49;16,28;49,93;28,14;99,86;0,00;0,00;1,09
2025.0;2.0;2025-02-01;BRASPINE;VIVEIRO;PR;DOUTOR ULYSSES;405,39;261,22;157,09;21,94;87,38;16,97;46,87;29,63;100,00;0,00;0,00;1,32
2025.0;2.0;2025-02-01;BRASPINE;VO LINO;PR;DOUTOR ULYSSES;164,50;97,89;152,88;22,12;88,05;17,62;46,01;30,22;100,00;0,00;0,00;6,69
2025.0;2.0;2025-02-01;BRASPINE;XAXIM VELHO;;;;;142,36;21,10;86,32;16,15;52,80;27,58;100,00;0,00;0,00;2,09
2025.0;3.0;2025-03-01;BRASPINE;AGUA DOCE;PR;JAGUARIAIVA;238,97;121,99;86,22;20,75;82,11;13,73;40,22;29,15;99,81;41,84;0,00;0,18
2025.0;3.0;2025-03-01;BRASPINE;AMATA;;;;;107,00;22,64;82,45;14,12;38,91;31,20;100,00;14,12;0,00;4,06
2025.0;3.0;2025-03-01;BRASPINE;ANTA BRAVA;;;;;64,06;24,00;76,07;16,67;36,62;31,68;98,10;0,00;0,00;1,25
2025.0;3.0;2025-03-01;BRASPINE;ARAPONGAS;PR;SENGES;423,34;263,70;116,51;20,91;85,11;14,22;42,69;29,27;100,00;28,68;0,00;1,59
2025.0;3.0;2025-03-01;BRASPINE;ARROIO CLARO;PR;DOUTOR ULYSSES;275,14;92,00;92,60;21,09;85,57;14,41;42,58;29,32;100,00;29,20;0,00;0,53
2025.0;3.0;2025-03-01;BRASPINE;BARRA GRANDE;PR;DOUTOR ULYSSES;493,79;139,68;99,09;21,49;85,24;15,06;42,40;29,95;100,00;0,00;0,00;0,58
2025.0;3.0;2025-03-01;BRASPINE;BARRA GRANDE - BEMAIS;PR;GUARAPUAVA;299,16;108,61;112,29;20,41;80,30;11,49;38,89;28,25;99,95;52,15;0,00;4,57
2025.0;3.0;2025-03-01;BRASPINE;BARRETOS;PR;JAGUARIAIVA;43,35;32,98;118,83;20,73;84,53;13,89;42,97;29,17;100,00;42,82;0,00;0,43
2025.0;3.0;2025-03-01;BRASPINE;BAU;;;;;88,24;20,36;80,56;13,23;44,01;27,88;99,55;55,49;0,00;1,92
2025.0;3.0;2025-03-01;BRASPINE;BOA VISTA II;PR;PIRAI DO SUL;944,00;535,05;116,50;20,63;83,75;13,62;41,90;28,93;100,00;42,09;0,00;1,08
2025.0;3.0;2025-03-01;BRASPINE;BRASILEIRA;;;;;89,75;20,91;85,11;14,22;42,69;29,27;100,00;28,68;0,00;1,59
2025.0;3.0;2025-03-01;BRASPINE;BURACAO;;;;;150,63;20,83;83,25;13,96;42,74;28,83;99,91;73,02;0,00;3,20
2025.0;3.0;2025-03-01;BRASPINE;BURRINHO;PR;DOUTOR ULYSSES;211,01;100,37;92,42;21,09;85,57;14,41;42,58;29,32;100,00;29,20;0,00;0,53
2025.0;3.0;2025-03-01;BRASPINE;CADEADO I;PR;JAGUARIAIVA;21,07;12,29;97,67;20,61;84,89;13,49;42,96;28,99;100,00;42,36;0,00;1,28
2025.0;3.0;2025-03-01;BRASPINE;CADEADO II;PR;JAGUARIAIVA;21,88;16,79;97,67;20,61;84,89;13,49;42,96;28,99;100,00;42,36;0,00;1,28
2025.0;3.0;2025-03-01;BRASPINE;CAMPINA ALTA;PR;TIBAGI;29,77;18,24;84,46;21,87;79,93;13,29;40,98;30,26;99,80;41,40;0,00;3,76
2025.0;3.0;2025-03-01;BRASPINE;CAMPINA DO ELIAS;PR;JAGUARIAIVA;29,17;14,65;112,63;20,69;84,66;13,74;43,07;29,10;100,00;42,64;0,00;1,60
2025.0;3.0;2025-03-01;BRASPINE;CAMPO NOVO;PR;JAGUARIAIVA;295,98;156,36;113,31;20,61;84,89;13,49;42,96;28,99;100,00;42,36;0,00;1,28
2025.0;3.0;2025-03-01;BRASPINE;CONSULTORIA II A;PR;DOUTOR ULYSSES;89,62;60,79;95,37;20,91;85,11;14,22;42,69;29,27;100,00;28,68;0,00;1,59
2025.0;3.0;2025-03-01;BRASPINE;DINIZ;;;;;91,21;20,91;85,11;14,22;42,69;29,27;100,00;28,68;0,00;1,59
2025.0;3.0;2025-03-01;BRASPINE;ENES;PR;JAGUARIAIVA;5,93;5,69;112,58;20,61;84,89;13,49;42,96;28,99;100,00;42,36;0,00;1,28
2025.0;3.0;2025-03-01;BRASPINE;ENGENHARIA;;;;;91,21;20,91;85,11;14,22;42,69;29,27;100,00;28,68;0,00;1,59
2025.0;3.0;2025-03-01;BRASPINE;ESTACAO;PR;SENGES;4,76;4,14;97,65;20,61;84,89;13,49;42,96;28,99;100,00;42,36;0,00;1,28
2025.0;3.0;2025-03-01;BRASPINE;FAXINAL;PR;JAGUARIAIVA;20,65;20,65;112,58;20,61;84,89;13,49;42,96;28,99;100,00;42,36;0,00;1,28
2025.0;3.0;2025-03-01;BRASPINE;FEITAL;PR;DOUTOR ULYSSES;154,17;86,53;91,30;21,10;85,15;14,51;42,62;29,50;100,00;29,17;0,00;1,26
2025.0;3.0;2025-03-01;BRASPINE;FIGUEIRA;PR;DOUTOR ULYSSES;1053,81;315,71;90,86;21,09;85,57;14,41;42,58;29,32;100,00;29,20;0,00;0,53
2025.0;3.0;2025-03-01;BRASPINE;FIGUEIRINHA;PR;DOUTOR ULYSSES;94,37;56,74;102,56;21,09;85,57;14,41;42,58;29,32;100,00;29,20;0,00;0,53
2025.0;3.0;2025-03-01;BRASPINE;FLOEMA;PR;DOUTOR ULYSSES;2189,88;701,43;97,80;20,51;85,36;13,87;42,74;28,63;100,00;57,44;0,00;0,79
2025.0;3.0;2025-03-01;BRASPINE;FLOEMA I - SUDATI;;;;;97,78;20,91;85,11;14,22;42,69;29,27;100,00;28,68;0,00;1,59
2025.0;3.0;2025-03-01;BRASPINE;FLOEMA II - SUDATI;PR;DOUTOR ULYSSES;453,83;211,13;110,45;20,91;85,11;14,22;42,69;29,27;100,00;28,68;0,00;1,59
2025.0;3.0;2025-03-01;BRASPINE;FLOR DA SERRA;PR;SAO JOSE DA BOA VISTA;209,10;128,72;63,14;23,25;74,16;15,82;35,22;31,24;99,38;0,00;0,00;0,20
2025.0;3.0;2025-03-01;BRASPINE;GENTIL;PR;JAGUARIAIVA;126,77;53,33;85,74;20,59;81,86;13,29;41,13;28,79;99,62;41,01;0,00;2,93
2025.0;3.0;2025-03-01;BRASPINE;GUAIRACA;PR;GUARAPUAVA;623,62;169,31;121,27;20,60;79,86;11,21;39,34;28,59;100,00;52,50;0,00;1,53
2025.0;3.0;2025-03-01;BRASPINE;HERVAL 2 - MADALOSSO;;;;;137,14;20,83;83,25;13,96;42,74;28,83;99,91;73,02;0,00;3,20
2025.0;3.0;2025-03-01;BRASPINE;HERVAL DE BAIXO;PR;RESERVA;827,29;475,92;103,18;21,82;80,40;12,87;41,43;30,21;99,77;40,35;0,00;2,76
2025.0;3.0;2025-03-01;BRASPINE;HORTO 01;PR;TURVO;19,12;19,12;79,02;21,09;81,06;11,91;43,58;28,69;99,44;38,08;0,00;0,86
2025.0;3.0;2025-03-01;BRASPINE;HORTO 02;PR;TURVO;4,24;4,24;78,50;21,09;81,06;11,91;43,58;28,69;99,44;38,08;0,00;0,86
2025.0;3.0;2025-03-01;BRASPINE;HORTO 03;PR;PRUDENTOPOLIS;80,91;25,89;80,27;21,67;79,85;12,52;40,77;29,49;99,59;39,89;0,00;353,08
2025.0;3.0;2025-03-01;BRASPINE;HORTO 08;PR;TURVO;9,53;9,53;87,76;21,67;79,85;12,52;40,77;29,49;99,59;39,89;0,00;353,08
2025.0;3.0;2025-03-01;BRASPINE;HORTO 12;PR;PRUDENTOPOLIS;12,20;12,20;80,19;21,67;79,85;12,52;40,77;29,49;99,59;39,89;0,00;353,08
2025.0;3.0;2025-03-01;BRASPINE;IZAU;PR;PIRAI DO SUL;19,37;11,60;105,84;20,58;82,91;13,11;41,77;28,77;99,60;41,49;0,00;3,76
2025.0;3.0;2025-03-01;BRASPINE;JOAO RICO;PR;JAGUARIAIVA;47,46;26,18;92,09;20,75;82,11;13,73;40,22;29,15;99,81;41,84;0,00;0,18
2025.0;3.0;2025-03-01;BRASPINE;LAGOA;PR;JAGUARIAIVA;24,10;10,78;95,45;20,61;84,89;13,49;42,96;28,99;100,00;42,36;0,00;1,28
2025.0;3.0;2025-03-01;BRASPINE;MARACANA;PR;JANDAIA DO SUL;11,45;11,45;109,36;23,93;73,77;17,04;34,46;31,82;99,75;0,00;0,00;1,15
2025.0;3.0;2025-03-01;BRASPINE;MARRECA;;;;;91,60;21,09;85,57;14,41;42,58;29,32;100,00;29,20;0,00;0,53
2025.0;3.0;2025-03-01;BRASPINE;MARRECA SP;SP;ITAPIRAPUA PAULISTA;675,30;236,19;113,17;21,85;85,50;15,01;42,54;30,24;100,00;0,00;0,00;1,42
2025.0;3.0;2025-03-01;BRASPINE;MARRECAS;;;;;120,90;19,90;80,72;10,59;39,32;27,80;100,00;49,81;0,00;0,34
2025.0;3.0;2025-03-01;BRASPINE;MERCADINHO;;;;;99,95;21,90;84,12;14,28;40,76;30,31;100,00;14,28;0,00;2,47
2025.0;3.0;2025-03-01;BRASPINE;MONTE ALEGRE;;;;;114,56;24,49;72,80;17,54;33,79;32,42;99,81;0,00;0,00;0,48
2025.0;3.0;2025-03-01;BRASPINE;MONTE TABOR II;;;;;88,49;21,14;86,35;14,58;44,35;29,66;100,00;29,47;0,00;0,14
2025.0;3.0;2025-03-01;BRASPINE;MOREIRA;PR;DOUTOR ULYSSES;230,52;68,68;110,45;20,91;85,11;14,22;42,69;29,27;100,00;28,68;0,00;1,59
2025.0;3.0;2025-03-01;BRASPINE;MOREIRAS II;PR;DOUTOR ULYSSES;66,76;28,75;93,10;20,91;85,11;14,22;42,69;29,27;100,00;28,68;0,00;1,59
2025.0;3.0;2025-03-01;BRASPINE;MORRETES;PR;ORTIGUEIRA;20,36;20,36;97,00;22,34;80,41;13,21;38,89;30,70;99,79;41,89;0,00;1,82
2025.0;3.0;2025-03-01;BRASPINE;MORRO AZUL;;;;;75,76;21,03;85,80;14,25;41,59;29,63;100,00;43,69;0,00;7,07
2025.0;3.0;2025-03-01;BRASPINE;OURO FINO;SP;APIAI;51,70;51,70;91,04;20,75;86,78;14,10;44,78;29,17;100,00;43,30;0,00;64,66
2025.0;3.0;2025-03-01;BRASPINE;PALMEIRINHA DE BAIXO - SOSSEGO;PR;SENGES;85,93;9,22;78,95;20,52;83,04;13,60;38,14;29,25;99,66;56,02;0,00;3,20
2025.0;3.0;2025-03-01;BRASPINE;PAZIN;PR;DOUTOR ULYSSES;41,20;23,90;95,57;21,09;85,57;14,41;42,58;29,32;100,00;29,20;0,00;0,53
2025.0;3.0;2025-03-01;BRASPINE;PEDRAS;PR;CASTRO;7,18;7,18;113,54;20,51;84,01;13,21;45,06;28,47;99,54;41,64;0,00;0,33
2025.0;3.0;2025-03-01;BRASPINE;PESCARIA;PR;SAO JOSE DA BOA VISTA;184,57;129,22;65,43;23,44;73,47;15,53;33,69;31,93;99,51;0,00;0,00;0,13
2025.0;3.0;2025-03-01;BRASPINE;PESSEGUEIRO;PR;DOUTOR ULYSSES;109,95;64,79;97,00;20,91;85,11;14,22;42,69;29,27;100,00;28,68;0,00;1,59
2025.0;3.0;2025-03-01;BRASPINE;PITANGA;;;;;105,42;21,21;79,54;14,13;41,86;28,35;99,34;43,70;0,00;0,34
2025.0;3.0;2025-03-01;BRASPINE;QUEIMADINHO ARROIO CLARO;PR;DOUTOR ULYSSES;48,13;19,09;89,75;20,91;85,11;14,22;42,69;29,27;100,00;28,68;0,00;1,59
2025.0;3.0;2025-03-01;BRASPINE;QUEIMADINHO M6042;PR;DOUTOR ULYSSES;48,38;18,50;89,75;20,91;85,11;14,22;42,69;29,27;100,00;28,68;0,00;1,59
2025.0;3.0;2025-03-01;BRASPINE;QUEIMADINHO USUCAPIAO;PR;DOUTOR ULYSSES;200,27;92,43;89,75;20,91;85,11;14,22;42,69;29,27;100,00;28,68;0,00;1,59
2025.0;3.0;2025-03-01;BRASPINE;RAMOS;PR;SENGES;69,83;38,15;97,78;20,61;84,89;13,49;42,96;28,99;100,00;42,36;0,00;1,28
2025.0;3.0;2025-03-01;BRASPINE;RIBEIRAO GRANDE;PR;JAGUARIAIVA;20,77;20,77;91,06;20,58;82,91;13,11;41,77;28,77;99,60;41,49;0,00;3,76
2025.0;3.0;2025-03-01;BRASPINE;RINCAO DE BAIXO;;;;;83,64;21,30;78,49;13,29;39,78;29,50;99,13;41,04;0,00;0,28
2025.0;3.0;2025-03-01;BRASPINE;RIO BOMBA;PR;CERRO AZUL;65,03;37,72;95,99;22,15;82,45;13,67;38,56;30,65;99,99;13,67;0,00;3,92
2025.0;3.0;2025-03-01;BRASPINE;RIO DO MEIO;PR;DOUTOR ULYSSES;712,33;389,13;92,22;20,91;85,11;14,22;42,69;29,27;100,00;28,68;0,00;1,59
2025.0;3.0;2025-03-01;BRASPINE;RONDON;PR;JAGUARIAIVA;2899,24;1475,88;120,72;20,55;83,39;13,65;40,03;29,11;99,81;56,57;0,00;18,45
2025.0;3.0;2025-03-01;BRASPINE;SANTA FELICIDADE;;;;;107,23;22,21;85,53;15,24;42,49;30,72;100,00;0,00;0,00;0,03
2025.0;3.0;2025-03-01;BRASPINE;SANTA LIDIA DO CERCADINHO;;;;;87,13;20,93;78,75;13,21;39,99;28,97;99,07;40,79;0,00;0,08
2025.0;3.0;2025-03-01;BRASPINE;SANTO ANTONIO;;;;;89,89;20,51;83,81;13,52;38,88;29,18;99,96;55,93;0,00;5,42
2025.0;3.0;2025-03-01;BRASPINE;SAO JOSE;PR;JANDAIA DO SUL;37,56;37,56;113,27;24,31;73,18;17,37;34,42;32,22;99,85;0,00;0,00;0,09
2025.0;3.0;2025-03-01;BRASPINE;SAO MATHEUS;;;;;104,81;25,67;71,00;18,60;32,33;33,69;99,77;0,00;0,00;0,62
2025.0;3.0;2025-03-01;BRASPINE;SAO PEDRO E SAO PAULO;PR;SAPOPEMA;709,13;323,93;93,60;22,18;77,37;14,22;40,27;29,62;98,90;29,01;0,00;3,76
2025.0;3.0;2025-03-01;BRASPINE;SAO RAFAEL;;;;;91,90;20,94;80,76;14,84;42,80;29,28;99,78;29,76;0,00;1,42
2025.0;3.0;2025-03-01;BRASPINE;SAO RAFAEL - PB;;;;;90,45;20,87;86,56;14,25;44,13;29,31;100,00;43,69;0,00;1,17
2025.0;3.0;2025-03-01;BRASPINE;SERRARIA;PR;DOUTOR ULYSSES;280,88;117,71;92,35;20,80;85,46;14,14;42,66;28,98;100,00;28,60;0,00;0,66
2025.0;3.0;2025-03-01;BRASPINE;SERRO VERDE;;;;;89,85;20,78;79,43;13,85;43,19;28,45;99,48;57,29;0,00;1,99
2025.0;3.0;2025-03-01;BRASPINE;SERTAOZINHO;PR;DOUTOR ULYSSES;16,25;16,25;103,84;20,91;85,11;14,22;42,69;29,27;100,00;28,68;0,00;1,59
2025.0;3.0;2025-03-01;BRASPINE;SITIO BASILIO;PR;JAGUARIAIVA;8,08;8,08;83,85;20,64;81,60;13,46;40,68;28,89;99,64;41,08;0,00;1,50
2025.0;3.0;2025-03-01;BRASPINE;SITIO DAS MARRECAS;PR;DOUTOR ULYSSES;77,49;35,17;104,66;21,63;85,52;14,84;42,55;29,96;100,00;14,84;0,00;0,01
2025.0;3.0;2025-03-01;BRASPINE;SOBRADINHO;SP;BOM SUCESSO DE ITARARE;285,80;123,10;79,32;20,44;85,11;13,49;41,50;28,89;99,99;56,11;0,00;42,30
2025.0;3.0;2025-03-01;BRASPINE;TAQUARAL;PR;JAGUARIAIVA;519,13;31,07;122,14;20,68;83,21;13,86;40,79;29,13;99,96;42,04;0,00;0,67
2025.0;3.0;2025-03-01;BRASPINE;TUCUNDUVA;PR;SENGES;82,21;60,89;108,40;21,37;79,07;14,04;37,39;29,94;99,39;42,89;0,00;1,77
2025.0;3.0;2025-03-01;BRASPINE;TUCUNDUVA - CHAMMA;;;;;90,24;21,50;78,82;14,31;36,31;30,20;99,40;43,70;0,00;0,71
2025.0;3.0;2025-03-01;BRASPINE;VIENA 1;PR;DOUTOR ULYSSES;263,98;178,34;96,76;20,37;85,10;13,55;44,51;28,34;100,00;56,20;0,00;8,42
2025.0;3.0;2025-03-01;BRASPINE;VIENA 2;PR;CERRO AZUL;140,23;96,54;95,90;22,15;82,45;13,67;38,56;30,65;99,99;13,67;0,00;3,92
2025.0;3.0;2025-03-01;BRASPINE;VITORIA;PR;SENGES;50,54;35,69;78,95;20,52;83,04;13,60;38,14;29,25;99,66;56,02;0,00;3,20
2025.0;3.0;2025-03-01;BRASPINE;VIVEIRO;PR;DOUTOR ULYSSES;405,39;261,22;93,10;20,91;85,11;14,22;42,69;29,27;100,00;28,68;0,00;1,59
2025.0;3.0;2025-03-01;BRASPINE;VO LINO;PR;DOUTOR ULYSSES;164,50;97,89;90,89;21,09;85,57;14,41;42,58;29,32;100,00;29,20;0,00;0,53
2025.0;3.0;2025-03-01;BRASPINE;XAXIM VELHO;;;;;148,23;20,18;80,55;11,11;40,45;28,22;100,00;52,69;0,00;0,53
2025.0;4.0;2025-04-01;BRASPINE;AGUA DOCE;PR;JAGUARIAIVA;238,97;121,99;57,68;17,78;85,86;11,43;49,76;25,20;99,57;256,63;0,00;1,93
2025.0;4.0;2025-04-01;BRASPINE;AMATA;;;;;58,57;19,59;86,18;13,00;51,23;28,10;99,99;55,54;0,00;8,08
2025.0;4.0;2025-04-01;BRASPINE;ANTA BRAVA;;;;;81,51;21,10;81,03;15,05;47,01;30,19;100,00;0,00;0,00;2,22
2025.0;4.0;2025-04-01;BRASPINE;ARAPONGAS;PR;SENGES;423,34;263,70;38,57;18,05;88,11;12,68;53,80;26,06;100,00;190,75;0,00;1,60
2025.0;4.0;2025-04-01;BRASPINE;ARROIO CLARO;PR;DOUTOR ULYSSES;275,14;92,00;56,36;18,20;88,48;12,50;52,58;26,51;100,00;193,44;0,00;1,17
2025.0;4.0;2025-04-01;BRASPINE;BARRA GRANDE;PR;DOUTOR ULYSSES;493,79;139,68;56,16;18,62;88,28;13,25;53,07;26,76;100,00;198,69;0,00;9,06
2025.0;4.0;2025-04-01;BRASPINE;BARRA GRANDE - BEMAIS;PR;GUARAPUAVA;299,16;108,61;55,55;17,13;86,01;8,05;42,70;25,20;99,94;281,53;0,00;5,51
2025.0;4.0;2025-04-01;BRASPINE;BARRETOS;PR;JAGUARIAIVA;43,35;32,98;39,19;17,79;87,64;11,71;50,37;25,24;100,00;242,61;0,00;4,99
2025.0;4.0;2025-04-01;BRASPINE;BAU;;;;;63,68;17,03;86,18;8,32;41,72;24,23;99,80;266,82;0,00;0,38
2025.0;4.0;2025-04-01;BRASPINE;BOA VISTA II;PR;PIRAI DO SUL;944,00;535,05;46,61;17,67;86,92;11,13;47,67;24,93;100,00;253,30;0,00;6,91
2025.0;4.0;2025-04-01;BRASPINE;BRASILEIRA;;;;;50,41;18,05;88,11;12,68;53,80;26,06;100,00;190,75;0,00;1,60
2025.0;4.0;2025-04-01;BRASPINE;BURACAO;;;;;30,87;17,85;86,26;9,55;46,76;26,17;99,93;242,48;0,00;4,59
2025.0;4.0;2025-04-01;BRASPINE;BURRINHO;PR;DOUTOR ULYSSES;211,01;100,37;56,37;18,20;88,48;12,50;52,58;26,51;100,00;193,44;0,00;1,17
2025.0;4.0;2025-04-01;BRASPINE;CADEADO I;PR;JAGUARIAIVA;21,07;12,29;38,69;17,75;87,80;12,02;52,64;25,66;100,00;228,88;0,00;2,68
2025.0;4.0;2025-04-01;BRASPINE;CADEADO II;PR;JAGUARIAIVA;21,88;16,79;38,69;17,75;87,80;12,02;52,64;25,66;100,00;228,88;0,00;2,68
2025.0;4.0;2025-04-01;BRASPINE;CAMPINA ALTA;PR;TIBAGI;29,77;18,24;70,29;18,58;86,04;10,60;50,44;26,15;99,98;204,07;0,00;5,80
2025.0;4.0;2025-04-01;BRASPINE;CAMPINA DO ELIAS;PR;JAGUARIAIVA;29,17;14,65;38,22;17,77;87,70;11,82;51,19;25,39;100,00;243,17;0,00;4,21
2025.0;4.0;2025-04-01;BRASPINE;CAMPO NOVO;PR;JAGUARIAIVA;295,98;156,36;44,13;17,75;87,80;12,02;52,64;25,66;100,00;228,88;0,00;2,68
2025.0;4.0;2025-04-01;BRASPINE;CONSULTORIA II A;PR;DOUTOR ULYSSES;89,62;60,79;54,78;18,05;88,11;12,68;53,80;26,06;100,00;190,75;0,00;1,60
2025.0;4.0;2025-04-01;BRASPINE;DINIZ;;;;;63,77;18,05;88,11;12,68;53,80;26,06;100,00;190,75;0,00;1,60
2025.0;4.0;2025-04-01;BRASPINE;ENES;PR;JAGUARIAIVA;5,93;5,69;44,95;17,75;87,80;12,02;52,64;25,66;100,00;228,88;0,00;2,68
2025.0;4.0;2025-04-01;BRASPINE;ENGENHARIA;;;;;63,77;18,05;88,11;12,68;53,80;26,06;100,00;190,75;0,00;1,60
2025.0;4.0;2025-04-01;BRASPINE;ESTACAO;PR;SENGES;4,76;4,14;35,72;17,75;87,80;12,02;52,64;25,66;100,00;228,88;0,00;2,68
2025.0;4.0;2025-04-01;BRASPINE;FAXINAL;PR;JAGUARIAIVA;20,65;20,65;44,95;17,75;87,80;12,02;52,64;25,66;100,00;228,88;0,00;2,68
2025.0;4.0;2025-04-01;BRASPINE;FEITAL;PR;DOUTOR ULYSSES;154,17;86,53;57,17;18,24;88,17;12,87;53,55;26,29;100,00;193,40;0,00;3,56
2025.0;4.0;2025-04-01;BRASPINE;FIGUEIRA;PR;DOUTOR ULYSSES;1053,81;315,71;54,71;18,20;88,48;12,50;52,58;26,51;100,00;193,44;0,00;1,17
2025.0;4.0;2025-04-01;BRASPINE;FIGUEIRINHA;PR;DOUTOR ULYSSES;94,37;56,74;69,14;18,20;88,48;12,50;52,58;26,51;100,00;193,44;0,00;1,17
2025.0;4.0;2025-04-01;BRASPINE;FLOEMA;PR;DOUTOR ULYSSES;2189,88;701,43;56,40;17,65;88,20;11,55;52,76;25,80;100,00;258,34;0,00;0,14
2025.0;4.0;2025-04-01;BRASPINE;FLOEMA I - SUDATI;;;;;34,99;18,05;88,11;12,68;53,80;26,06;100,00;190,75;0,00;1,60
2025.0;4.0;2025-04-01;BRASPINE;FLOEMA II - SUDATI;PR;DOUTOR ULYSSES;453,83;211,13;38,40;18,05;88,11;12,68;53,80;26,06;100,00;190,75;0,00;1,60
2025.0;4.0;2025-04-01;BRASPINE;FLOR DA SERRA;PR;SAO JOSE DA BOA VISTA;209,10;128,72;69,27;20,13;79,97;14,26;47,39;28,60;99,83;28,72;0,00;0,54
2025.0;4.0;2025-04-01;BRASPINE;GENTIL;PR;JAGUARIAIVA;126,77;53,33;67,54;17,61;85,84;10,38;49,38;25,01;99,73;267,14;0,00;4,51
2025.0;4.0;2025-04-01;BRASPINE;GUAIRACA;PR;GUARAPUAVA;623,62;169,31;50,36;17,32;85,17;7,92;42,01;25,73;99,99;269,21;0,00;3,24
2025.0;4.0;2025-04-01;BRASPINE;HERVAL 2 - MADALOSSO;;;;;31,03;17,85;86,26;9,55;46,76;26,17;99,93;242,48;0,00;4,59
2025.0;4.0;2025-04-01;BRASPINE;HERVAL DE BAIXO;PR;RESERVA;827,29;475,92;55,02;18,54;86,41;10,04;50,67;26,21;99,93;202,32;0,00;0,94
2025.0;4.0;2025-04-01;BRASPINE;HORTO 01;PR;TURVO;19,12;19,12;50,09;17,75;86,81;7,46;48,74;25,58;99,89;259,62;0,00;3,56
2025.0;4.0;2025-04-01;BRASPINE;HORTO 02;PR;TURVO;4,24;4,24;49,46;17,75;86,81;7,46;48,74;25,58;99,89;259,62;0,00;3,56
2025.0;4.0;2025-04-01;BRASPINE;HORTO 03;PR;PRUDENTOPOLIS;80,91;25,89;55,52;18,19;86,25;8,04;46,53;26,45;99,98;238,12;0,00;9,36
2025.0;4.0;2025-04-01;BRASPINE;HORTO 08;PR;TURVO;9,53;9,53;60,70;18,19;86,25;8,04;46,53;26,45;99,98;238,12;0,00;9,36
2025.0;4.0;2025-04-01;BRASPINE;HORTO 12;PR;PRUDENTOPOLIS;12,20;12,20;60,15;18,19;86,25;8,04;46,53;26,45;99,98;238,12;0,00;9,36
2025.0;4.0;2025-04-01;BRASPINE;IZAU;PR;PIRAI DO SUL;19,37;11,60;57,32;17,58;86,56;10,45;47,62;24,88;99,88;266,80;0,00;10,57
2025.0;4.0;2025-04-01;BRASPINE;JOAO RICO;PR;JAGUARIAIVA;47,46;26,18;57,86;17,78;85,86;11,43;49,76;25,20;99,57;256,63;0,00;1,93
2025.0;4.0;2025-04-01;BRASPINE;LAGOA;PR;JAGUARIAIVA;24,10;10,78;40,80;17,75;87,80;12,02;52,64;25,66;100,00;228,88;0,00;2,68
2025.0;4.0;2025-04-01;BRASPINE;MARACANA;PR;JANDAIA DO SUL;11,45;11,45;87,46;20,42;83,18;13,48;50,70;27,81;99,99;27,35;0,00;1,43
2025.0;4.0;2025-04-01;BRASPINE;MARRECA;;;;;58,26;18,20;88,48;12,50;52,58;26,51;100,00;193,44;0,00;1,17
2025.0;4.0;2025-04-01;BRASPINE;MARRECA SP;SP;ITAPIRAPUA PAULISTA;675,30;236,19;71,79;18,96;88,47;13,25;51,91;27,40;100,00;142,63;0,00;2,87
2025.0;4.0;2025-04-01;BRASPINE;MARRECAS;;;;;48,59;16,70;86,02;7,19;41,47;24,59;99,99;318,11;0,00;2,41
2025.0;4.0;2025-04-01;BRASPINE;MERCADINHO;;;;;62,04;18,92;87,47;12,80;51,69;27,31;99,98;126,81;0,00;1,89
2025.0;4.0;2025-04-01;BRASPINE;MONTE ALEGRE;;;;;89,48;20,90;82,61;13,78;50,41;28,20;100,00;27,69;0,00;1,62
2025.0;4.0;2025-04-01;BRASPINE;MONTE TABOR II;;;;;81,34;18,36;88,80;13,43;54,64;26,72;99,96;140,94;0,00;4,49
2025.0;4.0;2025-04-01;BRASPINE;MOREIRA;PR;DOUTOR ULYSSES;230,52;68,68;38,40;18,05;88,11;12,68;53,80;26,06;100,00;190,75;0,00;1,60
2025.0;4.0;2025-04-01;BRASPINE;MOREIRAS II;PR;DOUTOR ULYSSES;66,76;28,75;57,19;18,05;88,11;12,68;53,80;26,06;100,00;190,75;0,00;1,60
2025.0;4.0;2025-04-01;BRASPINE;MORRETES;PR;ORTIGUEIRA;20,36;20,36;50,22;19,00;86,50;10,26;51,16;26,77;99,77;177,05;0,00;2,43
2025.0;4.0;2025-04-01;BRASPINE;MORRO AZUL;;;;;64,91;18,22;88,79;13,00;53,04;26,33;100,00;194,92;0,00;3,23
2025.0;4.0;2025-04-01;BRASPINE;OURO FINO;SP;APIAI;51,70;51,70;84,31;18,02;89,46;12,77;53,32;26,36;100,00;179,78;0,00;8,90
2025.0;4.0;2025-04-01;BRASPINE;PALMEIRINHA DE BAIXO - SOSSEGO;PR;SENGES;85,93;9,22;60,92;17,72;86,49;12,37;52,17;25,29;99,87;260,49;0,00;17,11
2025.0;4.0;2025-04-01;BRASPINE;PAZIN;PR;DOUTOR ULYSSES;41,20;23,90;63,98;18,20;88,48;12,50;52,58;26,51;100,00;193,44;0,00;1,17
2025.0;4.0;2025-04-01;BRASPINE;PEDRAS;PR;CASTRO;7,18;7,18;39,47;17,54;87,02;9,44;47,39;24,75;99,93;279,27;0,00;0,35
2025.0;4.0;2025-04-01;BRASPINE;PESCARIA;PR;SAO JOSE DA BOA VISTA;184,57;129,22;74,68;20,28;79,45;14,12;45,29;28,59;99,86;43,50;0,00;1,50
2025.0;4.0;2025-04-01;BRASPINE;PESSEGUEIRO;PR;DOUTOR ULYSSES;109,95;64,79;38,10;18,05;88,11;12,68;53,80;26,06;100,00;190,75;0,00;1,60
2025.0;4.0;2025-04-01;BRASPINE;PITANGA;;;;;42,96;17,75;85,89;8,92;46,14;25,19;99,88;250,92;0,00;2,25
2025.0;4.0;2025-04-01;BRASPINE;QUEIMADINHO ARROIO CLARO;PR;DOUTOR ULYSSES;48,13;19,09;50,41;18,05;88,11;12,68;53,80;26,06;100,00;190,75;0,00;1,60
2025.0;4.0;2025-04-01;BRASPINE;QUEIMADINHO M6042;PR;DOUTOR ULYSSES;48,38;18,50;50,41;18,05;88,11;12,68;53,80;26,06;100,00;190,75;0,00;1,60
2025.0;4.0;2025-04-01;BRASPINE;QUEIMADINHO USUCAPIAO;PR;DOUTOR ULYSSES;200,27;92,43;50,41;18,05;88,11;12,68;53,80;26,06;100,00;190,75;0,00;1,60
2025.0;4.0;2025-04-01;BRASPINE;RAMOS;PR;SENGES;69,83;38,15;34,99;17,75;87,80;12,02;52,64;25,66;100,00;228,88;0,00;2,68
2025.0;4.0;2025-04-01;BRASPINE;RIBEIRAO GRANDE;PR;JAGUARIAIVA;20,77;20,77;63,63;17,58;86,56;10,45;47,62;24,88;99,88;266,80;0,00;10,57
2025.0;4.0;2025-04-01;BRASPINE;RINCAO DE BAIXO;;;;;79,69;18,18;83,64;9,56;47,72;25,21;99,85;243,21;0,00;1,01
2025.0;4.0;2025-04-01;BRASPINE;RIO BOMBA;PR;CERRO AZUL;65,03;37,72;54,17;19,12;85,97;12,40;51,71;27,68;99,98;127,88;0,00;10,00
2025.0;4.0;2025-04-01;BRASPINE;RIO DO MEIO;PR;DOUTOR ULYSSES;712,33;389,13;55,38;18,05;88,11;12,68;53,80;26,06;100,00;190,75;0,00;1,60
2025.0;4.0;2025-04-01;BRASPINE;RONDON;PR;JAGUARIAIVA;2899,24;1475,88;17,80;17,72;86,61;12,19;51,93;25,19;99,82;258,89;0,00;1,61
2025.0;4.0;2025-04-01;BRASPINE;SANTA FELICIDADE;;;;;85,89;19,31;88,57;13,11;51,34;27,84;100,00;100,28;0,00;0,81
2025.0;4.0;2025-04-01;BRASPINE;SANTA LIDIA DO CERCADINHO;;;;;72,36;17,87;83,73;9,34;47,86;24,84;99,82;269,04;0,00;1,41
2025.0;4.0;2025-04-01;BRASPINE;SANTO ANTONIO;;;;;59,14;17,73;87,15;12,38;52,97;25,53;99,97;232,23;0,00;10,97
2025.0;4.0;2025-04-01;BRASPINE;SAO JOSE;PR;JANDAIA DO SUL;37,56;37,56;89,67;20,75;82,83;13,70;50,74;28,05;100,00;27,53;0,00;29,92
2025.0;4.0;2025-04-01;BRASPINE;SAO MATHEUS;;;;;81,29;21,88;81,63;13,21;47,77;29,32;100,00;27,35;0,00;0,26
2025.0;4.0;2025-04-01;BRASPINE;SAO PEDRO E SAO PAULO;PR;SAPOPEMA;709,13;323,93;85,01;19,09;83,59;12,40;51,64;27,30;99,80;155,88;0,00;0,58
2025.0;4.0;2025-04-01;BRASPINE;SAO RAFAEL;;;;;73,88;17,78;83,24;7,13;40,86;26,05;99,72;256,59;0,00;5,43
2025.0;4.0;2025-04-01;BRASPINE;SAO RAFAEL - PB;;;;;80,57;18,12;89,36;12,87;53,00;26,44;100,00;180,40;0,00;9,77
2025.0;4.0;2025-04-01;BRASPINE;SERRARIA;PR;DOUTOR ULYSSES;280,88;117,71;52,12;17,92;88,34;12,03;52,90;26,16;100,00;218,80;0,00;1,84
2025.0;4.0;2025-04-01;BRASPINE;SERRO VERDE;;;;;72,19;17,39;85,43;8,21;39,49;24,66;99,84;261,25;0,00;6,96
2025.0;4.0;2025-04-01;BRASPINE;SERTAOZINHO;PR;DOUTOR ULYSSES;16,25;16,25;50,76;18,05;88,11;12,68;53,80;26,06;100,00;190,75;0,00;1,60
2025.0;4.0;2025-04-01;BRASPINE;SITIO BASILIO;PR;JAGUARIAIVA;8,08;8,08;59,56;17,66;85,62;10,64;50,03;25,11;99,64;253,42;0,00;4,73
2025.0;4.0;2025-04-01;BRASPINE;SITIO DAS MARRECAS;PR;DOUTOR ULYSSES;77,49;35,17;70,75;18,74;88,48;13,24;52,10;27,15;100,00;170,40;0,00;0,06
2025.0;4.0;2025-04-01;BRASPINE;SOBRADINHO;SP;BOM SUCESSO DE ITARARE;285,80;123,10;65,97;17,71;88,21;12,20;53,76;25,68;100,00;233,50;0,00;5,40
2025.0;4.0;2025-04-01;BRASPINE;TAQUARAL;PR;JAGUARIAIVA;519,13;31,07;24,14;17,77;86,51;12,03;50,54;25,09;99,99;258,02;0,00;6,35
2025.0;4.0;2025-04-01;BRASPINE;TUCUNDUVA;PR;SENGES;82,21;60,89;44,53;18,45;83,35;12,35;49,82;26,19;99,79;223,12;0,00;16,02
2025.0;4.0;2025-04-01;BRASPINE;TUCUNDUVA - CHAMMA;;;;;56,66;18,59;83,02;12,78;49,35;26,25;99,78;196,88;0,00;13,05
2025.0;4.0;2025-04-01;BRASPINE;VIENA 1;PR;DOUTOR ULYSSES;263,98;178,34;52,44;17,51;87,89;11,16;51,33;25,22;100,00;268,06;0,00;0,14
2025.0;4.0;2025-04-01;BRASPINE;VIENA 2;PR;CERRO AZUL;140,23;96,54;54,23;19,12;85,97;12,40;51,71;27,68;99,98;127,88;0,00;10,00
2025.0;4.0;2025-04-01;BRASPINE;VITORIA;PR;SENGES;50,54;35,69;60,92;17,72;86,49;12,37;52,17;25,29;99,87;260,49;0,00;17,11
2025.0;4.0;2025-04-01;BRASPINE;VIVEIRO;PR;DOUTOR ULYSSES;405,39;261,22;57,19;18,05;88,11;12,68;53,80;26,06;100,00;190,75;0,00;1,60
2025.0;4.0;2025-04-01;BRASPINE;VO LINO;PR;DOUTOR ULYSSES;164,50;97,89;56,46;18,20;88,48;12,50;52,58;26,51;100,00;193,44;0,00;1,17
2025.0;4.0;2025-04-01;BRASPINE;XAXIM VELHO;;;;;54,00;16,95;85,41;7,48;41,21;25,11;100,00;263,92;0,00;9,09
2025.0;5.0;2025-05-01;BRASPINE;AGUA DOCE;PR;JAGUARIAIVA;238,97;121,99;51,85;15,85;81,73;3,21;52,06;24,78;99,98;323,19;3,21;18,38
2025.0;5.0;2025-05-01;BRASPINE;AMATA;;;;;69,18;17,61;84,01;5,29;48,56;28,55;100,00;226,22;0,00;1,48
2025.0;5.0;2025-05-01;BRASPINE;ANTA BRAVA;;;;;50,65;19,17;75,79;9,30;41,23;28,05;99,37;113,78;0,00;2,14
2025.0;5.0;2025-05-01;BRASPINE;ARAPONGAS;PR;SENGES;423,34;263,70;65,33;16,22;84,05;4,71;50,73;26,13;100,00;357,13;4,71;7,20
2025.0;5.0;2025-05-01;BRASPINE;ARROIO CLARO;PR;DOUTOR ULYSSES;275,14;92,00;71,79;16,39;84,78;5,29;49,86;26,66;100,00;364,88;0,00;3,20
2025.0;5.0;2025-05-01;BRASPINE;BARRA GRANDE;PR;DOUTOR ULYSSES;493,79;139,68;66,37;16,76;84,36;4,94;49,44;26,99;100,00;355,60;4,94;7,26
2025.0;5.0;2025-05-01;BRASPINE;BARRA GRANDE - BEMAIS;PR;GUARAPUAVA;299,16;108,61;85,04;15,28;82,53;2,43;49,99;24,32;99,94;324,86;2,43;5,00
2025.0;5.0;2025-05-01;BRASPINE;BARRETOS;PR;JAGUARIAIVA;43,35;32,98;61,23;16,04;83,35;4,45;52,14;25,36;100,00;335,27;4,45;1,22
2025.0;5.0;2025-05-01;BRASPINE;BAU;;;;;109,57;15,36;82,02;1,56;50,34;23,84;100,00;309,64;5,72;5,78
2025.0;5.0;2025-05-01;BRASPINE;BOA VISTA II;PR;PIRAI DO SUL;944,00;535,05;58,91;15,85;82,66;3,91;52,15;24,90;100,00;340,75;3,91;2,52
2025.0;5.0;2025-05-01;BRASPINE;BRASILEIRA;;;;;66,54;16,22;84,05;4,71;50,73;26,13;100,00;357,13;4,71;7,20
2025.0;5.0;2025-05-01;BRASPINE;BURACAO;;;;;63,96;16,04;83,42;3,47;51,30;25,97;99,99;332,48;3,47;0,36
2025.0;5.0;2025-05-01;BRASPINE;BURRINHO;PR;DOUTOR ULYSSES;211,01;100,37;71,72;16,39;84,78;5,29;49,86;26,66;100,00;364,88;0,00;3,20
2025.0;5.0;2025-05-01;BRASPINE;CADEADO I;PR;JAGUARIAIVA;21,07;12,29;58,02;15,97;83,76;4,56;51,25;25,59;100,00;346,67;4,56;3,04
2025.0;5.0;2025-05-01;BRASPINE;CADEADO II;PR;JAGUARIAIVA;21,88;16,79;58,02;15,97;83,76;4,56;51,25;25,59;100,00;346,67;4,56;3,04
2025.0;5.0;2025-05-01;BRASPINE;CAMPINA ALTA;PR;TIBAGI;29,77;18,24;68,15;16,69;81,51;3,63;51,83;25,79;99,96;328,47;8,30;1,87
2025.0;5.0;2025-05-01;BRASPINE;CAMPINA DO ELIAS;PR;JAGUARIAIVA;29,17;14,65;57,34;16,01;83,50;4,49;51,82;25,44;100,00;349,09;4,49;0,70
2025.0;5.0;2025-05-01;BRASPINE;CAMPO NOVO;PR;JAGUARIAIVA;295,98;156,36;63,95;15,97;83,76;4,56;51,25;25,59;100,00;346,67;4,56;3,04
2025.0;5.0;2025-05-01;BRASPINE;CONSULTORIA II A;PR;DOUTOR ULYSSES;89,62;60,79;65,77;16,22;84,05;4,71;50,73;26,13;100,00;357,13;4,71;7,20
2025.0;5.0;2025-05-01;BRASPINE;DINIZ;;;;;62,64;16,22;84,05;4,71;50,73;26,13;100,00;357,13;4,71;7,20
2025.0;5.0;2025-05-01;BRASPINE;ENES;PR;JAGUARIAIVA;5,93;5,69;63,72;15,97;83,76;4,56;51,25;25,59;100,00;346,67;4,56;3,04
2025.0;5.0;2025-05-01;BRASPINE;ENGENHARIA;;;;;62,64;16,22;84,05;4,71;50,73;26,13;100,00;357,13;4,71;7,20
2025.0;5.0;2025-05-01;BRASPINE;ESTACAO;PR;SENGES;4,76;4,14;64,40;15,97;83,76;4,56;51,25;25,59;100,00;346,67;4,56;3,04
2025.0;5.0;2025-05-01;BRASPINE;FAXINAL;PR;JAGUARIAIVA;20,65;20,65;63,72;15,97;83,76;4,56;51,25;25,59;100,00;346,67;4,56;3,04
2025.0;5.0;2025-05-01;BRASPINE;FEITAL;PR;DOUTOR ULYSSES;154,17;86,53;68,35;16,40;84,15;4,79;50,30;26,42;100,00;361,65;4,79;3,69
2025.0;5.0;2025-05-01;BRASPINE;FIGUEIRA;PR;DOUTOR ULYSSES;1053,81;315,71;71,57;16,39;84,78;5,29;49,86;26,66;100,00;364,88;0,00;3,20
2025.0;5.0;2025-05-01;BRASPINE;FIGUEIRINHA;PR;DOUTOR ULYSSES;94,37;56,74;75,49;16,39;84,78;5,29;49,86;26,66;100,00;364,88;0,00;3,20
2025.0;5.0;2025-05-01;BRASPINE;FLOEMA;PR;DOUTOR ULYSSES;2189,88;701,43;64,31;15,88;84,34;4,26;50,46;25,83;100,00;349,56;4,26;3,28
2025.0;5.0;2025-05-01;BRASPINE;FLOEMA I - SUDATI;;;;;63,18;16,22;84,05;4,71;50,73;26,13;100,00;357,13;4,71;7,20
2025.0;5.0;2025-05-01;BRASPINE;FLOEMA II - SUDATI;PR;DOUTOR ULYSSES;453,83;211,13;64,68;16,22;84,05;4,71;50,73;26,13;100,00;357,13;4,71;7,20
2025.0;5.0;2025-05-01;BRASPINE;FLOR DA SERRA;PR;SAO JOSE DA BOA VISTA;209,10;128,72;35,54;17,95;76,31;4,75;46,00;27,42;99,45;291,63;4,75;20,68
2025.0;5.0;2025-05-01;BRASPINE;GENTIL;PR;JAGUARIAIVA;126,77;53,33;54,47;15,68;81,87;3,70;52,95;24,64;99,84;334,84;3,70;0,85
2025.0;5.0;2025-05-01;BRASPINE;GUAIRACA;PR;GUARAPUAVA;623,62;169,31;92,21;15,43;81,97;2,32;49,66;24,60;100,00;329,33;2,32;7,37
2025.0;5.0;2025-05-01;BRASPINE;HERVAL 2 - MADALOSSO;;;;;64,41;16,04;83,42;3,47;51,30;25,97;99,99;332,48;3,47;0,36
2025.0;5.0;2025-05-01;BRASPINE;HERVAL DE BAIXO;PR;RESERVA;827,29;475,92;81,95;16,55;82,27;3,60;51,80;25,85;99,86;347,65;8,39;3,22
2025.0;5.0;2025-05-01;BRASPINE;HORTO 01;PR;TURVO;19,12;19,12;98,27;15,80;83,07;2,44;52,21;24,90;99,53;343,80;7,40;2,61
2025.0;5.0;2025-05-01;BRASPINE;HORTO 02;PR;TURVO;4,24;4,24;97,79;15,80;83,07;2,44;52,21;24,90;99,53;343,80;7,40;2,61
2025.0;5.0;2025-05-01;BRASPINE;HORTO 03;PR;PRUDENTOPOLIS;80,91;25,89;98,30;16,23;82,52;2,65;50,66;25,54;99,79;353,50;2,65;0,26
2025.0;5.0;2025-05-01;BRASPINE;HORTO 08;PR;TURVO;9,53;9,53;94,21;16,23;82,52;2,65;50,66;25,54;99,79;353,50;2,65;0,26
2025.0;5.0;2025-05-01;BRASPINE;HORTO 12;PR;PRUDENTOPOLIS;12,20;12,20;96,91;16,23;82,52;2,65;50,66;25,54;99,79;353,50;2,65;0,26
2025.0;5.0;2025-05-01;BRASPINE;IZAU;PR;PIRAI DO SUL;19,37;11,60;53,05;15,78;82,43;4,28;52,60;24,80;99,89;341,08;4,28;2,44
2025.0;5.0;2025-05-01;BRASPINE;JOAO RICO;PR;JAGUARIAIVA;47,46;26,18;54,31;15,85;81,73;3,21;52,06;24,78;99,98;323,19;3,21;18,38
2025.0;5.0;2025-05-01;BRASPINE;LAGOA;PR;JAGUARIAIVA;24,10;10,78;59,98;15,97;83,76;4,56;51,25;25,59;100,00;346,67;4,56;3,04
2025.0;5.0;2025-05-01;BRASPINE;MARACANA;PR;JANDAIA DO SUL;11,45;11,45;75,01;18,95;73,78;5,51;42,25;27,70;99,93;112,85;0,00;1,12
2025.0;5.0;2025-05-01;BRASPINE;MARRECA;;;;;71,27;16,39;84,78;5,29;49,86;26,66;100,00;364,88;0,00;3,20
2025.0;5.0;2025-05-01;BRASPINE;MARRECA SP;SP;ITAPIRAPUA PAULISTA;675,30;236,19;82,25;17,09;85,01;4,90;48,95;27,74;100,00;318,70;4,90;0,32
2025.0;5.0;2025-05-01;BRASPINE;MARRECAS;;;;;82,92;14,87;82,66;1,98;50,02;23,85;99,97;316,22;6,78;3,88
2025.0;5.0;2025-05-01;BRASPINE;MERCADINHO;;;;;72,43;17,00;84,60;5,46;49,06;27,74;100,00;316,80;0,00;3,53
2025.0;5.0;2025-05-01;BRASPINE;MONTE ALEGRE;;;;;73,99;19,40;73,55;6,29;40,77;28,23;99,88;100,96;0,00;2,59
2025.0;5.0;2025-05-01;BRASPINE;MONTE TABOR II;;;;;67,02;16,32;85,91;4,17;51,09;26,82;100,00;361,92;4,17;0,39
2025.0;5.0;2025-05-01;BRASPINE;MOREIRA;PR;DOUTOR ULYSSES;230,52;68,68;64,68;16,22;84,05;4,71;50,73;26,13;100,00;357,13;4,71;7,20
2025.0;5.0;2025-05-01;BRASPINE;MOREIRAS II;PR;DOUTOR ULYSSES;66,76;28,75;65,95;16,22;84,05;4,71;50,73;26,13;100,00;357,13;4,71;7,20
2025.0;5.0;2025-05-01;BRASPINE;MORRETES;PR;ORTIGUEIRA;20,36;20,36;71,43;16,93;82,31;3,81;52,13;26,48;99,79;368,73;8,58;0,16
2025.0;5.0;2025-05-01;BRASPINE;MORRO AZUL;;;;;58,25;16,43;84,34;4,82;49,76;26,30;100,00;345,49;4,82;0,34
2025.0;5.0;2025-05-01;BRASPINE;OURO FINO;SP;APIAI;51,70;51,70;57,38;16,22;85,22;4,42;50,03;26,13;100,00;358,16;4,42;0,36
2025.0;5.0;2025-05-01;BRASPINE;PALMEIRINHA DE BAIXO - SOSSEGO;PR;SENGES;85,93;9,22;54,39;15,88;81,98;4,42;51,26;24,97;99,89;343,54;4,42;11,91
2025.0;5.0;2025-05-01;BRASPINE;PAZIN;PR;DOUTOR ULYSSES;41,20;23,90;71,70;16,39;84,78;5,29;49,86;26,66;100,00;364,88;0,00;3,20
2025.0;5.0;2025-05-01;BRASPINE;PEDRAS;PR;CASTRO;7,18;7,18;68,60;15,70;83,20;4,79;53,58;24,63;99,98;352,27;4,79;0,27
2025.0;5.0;2025-05-01;BRASPINE;PESCARIA;PR;SAO JOSE DA BOA VISTA;184,57;129,22;43,02;18,14;76,01;5,14;46,11;27,66;99,91;264,95;0,00;20,51
2025.0;5.0;2025-05-01;BRASPINE;PESSEGUEIRO;PR;DOUTOR ULYSSES;109,95;64,79;69,73;16,22;84,05;4,71;50,73;26,13;100,00;357,13;4,71;7,20
2025.0;5.0;2025-05-01;BRASPINE;PITANGA;;;;;96,63;16,11;80,97;2,42;50,54;24,54;99,62;298,70;11,87;0,57
2025.0;5.0;2025-05-01;BRASPINE;QUEIMADINHO ARROIO CLARO;PR;DOUTOR ULYSSES;48,13;19,09;66,54;16,22;84,05;4,71;50,73;26,13;100,00;357,13;4,71;7,20
2025.0;5.0;2025-05-01;BRASPINE;QUEIMADINHO M6042;PR;DOUTOR ULYSSES;48,38;18,50;66,54;16,22;84,05;4,71;50,73;26,13;100,00;357,13;4,71;7,20
2025.0;5.0;2025-05-01;BRASPINE;QUEIMADINHO USUCAPIAO;PR;DOUTOR ULYSSES;200,27;92,43;66,54;16,22;84,05;4,71;50,73;26,13;100,00;357,13;4,71;7,20
2025.0;5.0;2025-05-01;BRASPINE;RAMOS;PR;SENGES;69,83;38,15;63,18;15,97;83,76;4,56;51,25;25,59;100,00;346,67;4,56;3,04
2025.0;5.0;2025-05-01;BRASPINE;RIBEIRAO GRANDE;PR;JAGUARIAIVA;20,77;20,77;50,69;15,78;82,43;4,28;52,60;24,80;99,89;341,08;4,28;2,44
2025.0;5.0;2025-05-01;BRASPINE;RINCAO DE BAIXO;;;;;47,61;16,21;79,77;3,57;50,26;25,31;99,51;336,17;7,95;0,99
2025.0;5.0;2025-05-01;BRASPINE;RIO BOMBA;PR;CERRO AZUL;65,03;37,72;65,99;17,13;83,78;4,82;48,92;27,93;99,99;303,85;4,82;0,81
2025.0;5.0;2025-05-01;BRASPINE;RIO DO MEIO;PR;DOUTOR ULYSSES;712,33;389,13;66,10;16,22;84,05;4,71;50,73;26,13;100,00;357,13;4,71;7,20
2025.0;5.0;2025-05-01;BRASPINE;RONDON;PR;JAGUARIAIVA;2899,24;1475,88;53,93;15,86;82,34;4,03;52,57;24,97;99,88;343,06;4,03;2,74
2025.0;5.0;2025-05-01;BRASPINE;SANTA FELICIDADE;;;;;71,53;17,41;85,34;5,20;48,18;28,36;100,00;306,91;0,00;0,93
2025.0;5.0;2025-05-01;BRASPINE;SANTA LIDIA DO CERCADINHO;;;;;49,78;15,93;79,83;3,45;50,84;24,95;99,76;332,62;7,81;0,33
2025.0;5.0;2025-05-01;BRASPINE;SANTO ANTONIO;;;;;57,17;15,91;82,47;3,73;50,56;25,17;100,00;359,24;3,73;6,93
2025.0;5.0;2025-05-01;BRASPINE;SAO JOSE;PR;JANDAIA DO SUL;37,56;37,56;74,64;19,24;73,76;6,09;41,24;28,05;99,93;99,93;0,00;3,42
2025.0;5.0;2025-05-01;BRASPINE;SAO MATHEUS;;;;;78,82;20,40;72,99;7,00;39,29;29,45;99,78;92,30;0,00;1,73
2025.0;5.0;2025-05-01;BRASPINE;SAO PEDRO E SAO PAULO;PR;SAPOPEMA;709,13;323,93;61,18;17,09;77,56;4,94;44,49;26,11;99,25;300,19;4,94;3,90
2025.0;5.0;2025-05-01;BRASPINE;SAO RAFAEL;;;;;60,12;16,06;81,65;4,16;49,01;26,29;99,76;342,00;4,16;2,06
2025.0;5.0;2025-05-01;BRASPINE;SAO RAFAEL - PB;;;;;60,74;16,34;85,00;4,61;49,70;26,26;100,00;362,01;4,61;0,64
2025.0;5.0;2025-05-01;BRASPINE;SERRARIA;PR;DOUTOR ULYSSES;280,88;117,71;73,22;16,14;84,56;4,78;50,21;26,25;100,00;357,22;4,78;3,25
2025.0;5.0;2025-05-01;BRASPINE;SERRO VERDE;;;;;103,55;15,77;80,84;1,74;48,83;24,33;99,88;276,32;6,13;12,62
2025.0;5.0;2025-05-01;BRASPINE;SERTAOZINHO;PR;DOUTOR ULYSSES;16,25;16,25;65,61;16,22;84,05;4,71;50,73;26,13;100,00;357,13;4,71;7,20
2025.0;5.0;2025-05-01;BRASPINE;SITIO BASILIO;PR;JAGUARIAIVA;8,08;8,08;51,37;15,69;81,66;3,39;52,63;24,63;99,86;333,55;3,39;20,64
2025.0;5.0;2025-05-01;BRASPINE;SITIO DAS MARRECAS;PR;DOUTOR ULYSSES;77,49;35,17;77,64;16,89;84,95;5,01;49,21;27,43;100,00;360,01;0,00;3,18
2025.0;5.0;2025-05-01;BRASPINE;SOBRADINHO;SP;BOM SUCESSO DE ITARARE;285,80;123,10;55,54;15,92;83,52;3,62;50,46;25,28;100,00;345,29;3,62;0,34
2025.0;5.0;2025-05-01;BRASPINE;TAQUARAL;PR;JAGUARIAIVA;519,13;31,07;59,77;15,89;82,20;3,42;52,34;24,84;100,00;326,67;3,42;14,41
2025.0;5.0;2025-05-01;BRASPINE;TUCUNDUVA;PR;SENGES;82,21;60,89;52,38;16,37;79,50;3,42;50,33;25,57;99,86;348,59;3,42;5,21
2025.0;5.0;2025-05-01;BRASPINE;TUCUNDUVA - CHAMMA;;;;;54,27;16,57;79,32;4,52;49,63;25,69;99,64;356,87;4,52;2,77
2025.0;5.0;2025-05-01;BRASPINE;VIENA 1;PR;DOUTOR ULYSSES;263,98;178,34;60,61;15,78;83,88;3,95;52,12;25,34;100,00;359,82;3,95;2,33
2025.0;5.0;2025-05-01;BRASPINE;VIENA 2;PR;CERRO AZUL;140,23;96,54;65,95;17,13;83,78;4,82;48,92;27,93;99,99;303,85;4,82;0,81
2025.0;5.0;2025-05-01;BRASPINE;VITORIA;PR;SENGES;50,54;35,69;54,39;15,88;81,98;4,42;51,26;24,97;99,89;343,54;4,42;11,91
2025.0;5.0;2025-05-01;BRASPINE;VIVEIRO;PR;DOUTOR ULYSSES;405,39;261,22;65,95;16,22;84,05;4,71;50,73;26,13;100,00;357,13;4,71;7,20
2025.0;5.0;2025-05-01;BRASPINE;VO LINO;PR;DOUTOR ULYSSES;164,50;97,89;70,95;16,39;84,78;5,29;49,86;26,66;100,00;364,88;0,00;3,20
2025.0;5.0;2025-05-01;BRASPINE;XAXIM VELHO;;;;;82,74;15,06;82,33;2,43;50,71;24,18;100,00;322,25;7,18;2,40
2025.0;6.0;2025-06-01;BRASPINE;AGUA DOCE;PR;JAGUARIAIVA;238,97;121,99;151,98;14,17;84,52;0,03;38,32;21,60;99,85;310,09;2,38;20,69
2025.0;6.0;2025-06-01;BRASPINE;AMATA;;;;;168,25;15,57;86,39;0,21;37,23;25,04;100,00;306,45;3,22;2,69
2025.0;6.0;2025-06-01;BRASPINE;ANTA BRAVA;;;;;98,85;17,20;79,11;4,09;35,82;25,79;99,34;225,22;4,09;3,14
2025.0;6.0;2025-06-01;BRASPINE;ARAPONGAS;PR;SENGES;423,34;263,70;163,33;14,51;86,05;0,63;37,50;22,95;100,00;303,84;3,51;0,62
2025.0;6.0;2025-06-01;BRASPINE;ARROIO CLARO;PR;DOUTOR ULYSSES;275,14;92,00;156,63;14,66;86,49;0,50;36,50;23,46;100,00;290,59;3,29;5,30
2025.0;6.0;2025-06-01;BRASPINE;BARRA GRANDE;PR;DOUTOR ULYSSES;493,79;139,68;156,02;14,94;86,42;0,46;37,23;23,84;100,00;296,86;3,65;0,50
2025.0;6.0;2025-06-01;BRASPINE;BARRA GRANDE - BEMAIS;PR;GUARAPUAVA;299,16;108,61;230,86;13,11;87,18;-1,10;40,39;20,94;99,98;288,24;7,64;10,47
2025.0;6.0;2025-06-01;BRASPINE;BARRETOS;PR;JAGUARIAIVA;43,35;32,98;159,27;14,45;85,10;0,70;39,13;24,43;99,98;304,55;3,50;0,35
2025.0;6.0;2025-06-01;BRASPINE;BAU;;;;;256,47;13,14;85,98;-1,26;40,53;20,73;99,91;293,37;10,79;9,40
2025.0;6.0;2025-06-01;BRASPINE;BOA VISTA II;PR;PIRAI DO SUL;944,00;535,05;160,25;14,33;84,43;-0,34;37,36;21,75;99,95;300,38;1,94;0,35
2025.0;6.0;2025-06-01;BRASPINE;BRASILEIRA;;;;;159,23;14,51;86,05;0,63;37,50;22,95;100,00;303,84;3,51;0,62
2025.0;6.0;2025-06-01;BRASPINE;BURACAO;;;;;174,49;14,43;84,61;-0,64;40,22;22,38;99,84;297,38;1,10;0,29
2025.0;6.0;2025-06-01;BRASPINE;BURRINHO;PR;DOUTOR ULYSSES;211,01;100,37;156,60;14,66;86,49;0,50;36,50;23,46;100,00;290,59;3,29;5,30
2025.0;6.0;2025-06-01;BRASPINE;CADEADO I;PR;JAGUARIAIVA;21,07;12,29;153,94;14,34;85,58;0,61;37,86;22,45;100,00;299,21;3,19;0,61
2025.0;6.0;2025-06-01;BRASPINE;CADEADO II;PR;JAGUARIAIVA;21,88;16,79;153,94;14,34;85,58;0,61;37,86;22,45;100,00;299,21;3,19;0,61
2025.0;6.0;2025-06-01;BRASPINE;CAMPINA ALTA;PR;TIBAGI;29,77;18,24;210,99;14,64;86,20;-1,31;42,26;22,34;99,95;284,27;0,76;9,79
2025.0;6.0;2025-06-01;BRASPINE;CAMPINA DO ELIAS;PR;JAGUARIAIVA;29,17;14,65;156,78;14,41;85,27;0,67;38,71;23,43;99,99;302,65;3,39;0,43
2025.0;6.0;2025-06-01;BRASPINE;CAMPO NOVO;PR;JAGUARIAIVA;295,98;156,36;159,45;14,34;85,58;0,61;37,86;22,45;100,00;299,21;3,19;0,61
2025.0;6.0;2025-06-01;BRASPINE;CONSULTORIA II A;PR;DOUTOR ULYSSES;89,62;60,79;156,68;14,51;86,05;0,63;37,50;22,95;100,00;303,84;3,51;0,62
2025.0;6.0;2025-06-01;BRASPINE;DINIZ;;;;;158,00;14,51;86,05;0,63;37,50;22,95;100,00;303,84;3,51;0,62
2025.0;6.0;2025-06-01;BRASPINE;ENES;PR;JAGUARIAIVA;5,93;5,69;158,83;14,34;85,58;0,61;37,86;22,45;100,00;299,21;3,19;0,61
2025.0;6.0;2025-06-01;BRASPINE;ENGENHARIA;;;;;158,00;14,51;86,05;0,63;37,50;22,95;100,00;303,84;3,51;0,62
2025.0;6.0;2025-06-01;BRASPINE;ESTACAO;PR;SENGES;4,76;4,14;160,68;14,34;85,58;0,61;37,86;22,45;100,00;299,21;3,19;0,61
2025.0;6.0;2025-06-01;BRASPINE;FAXINAL;PR;JAGUARIAIVA;20,65;20,65;158,83;14,34;85,58;0,61;37,86;22,45;100,00;299,21;3,19;0,61
2025.0;6.0;2025-06-01;BRASPINE;FEITAL;PR;DOUTOR ULYSSES;154,17;86,53;157,11;14,65;86,18;0,57;37,41;23,25;100,00;291,57;3,56;0,58
2025.0;6.0;2025-06-01;BRASPINE;FIGUEIRA;PR;DOUTOR ULYSSES;1053,81;315,71;158,03;14,66;86,49;0,50;36,50;23,46;100,00;290,59;3,29;5,30
2025.0;6.0;2025-06-01;BRASPINE;FIGUEIRINHA;PR;DOUTOR ULYSSES;94,37;56,74;158,56;14,66;86,49;0,50;36,50;23,46;100,00;290,59;3,29;5,30
2025.0;6.0;2025-06-01;BRASPINE;FLOEMA;PR;DOUTOR ULYSSES;2189,88;701,43;156,10;14,24;85,95;-0,08;36,60;22,61;100,00;295,97;2,13;7,21
2025.0;6.0;2025-06-01;BRASPINE;FLOEMA I - SUDATI;;;;;159,99;14,51;86,05;0,63;37,50;22,95;100,00;303,84;3,51;0,62
2025.0;6.0;2025-06-01;BRASPINE;FLOEMA II - SUDATI;PR;DOUTOR ULYSSES;453,83;211,13;163,85;14,51;86,05;0,63;37,50;22,95;100,00;303,84;3,51;0,62
2025.0;6.0;2025-06-01;BRASPINE;FLOR DA SERRA;PR;SAO JOSE DA BOA VISTA;209,10;128,72;159,81;15,84;81,99;1,07;40,65;23,92;99,76;266,55;4,22;3,13
2025.0;6.0;2025-06-01;BRASPINE;GENTIL;PR;JAGUARIAIVA;126,77;53,33;156,27;14,04;84,54;0,23;38,85;21,39;99,69;307,34;2,21;33,09
2025.0;6.0;2025-06-01;BRASPINE;GUAIRACA;PR;GUARAPUAVA;623,62;169,31;236,00;13,20;86,99;-1,06;40,56;21,12;100,00;288,55;7,35;2,84
2025.0;6.0;2025-06-01;BRASPINE;HERVAL 2 - MADALOSSO;;;;;176,00;14,43;84,61;-0,64;40,22;22,38;99,84;297,38;1,10;0,29
2025.0;6.0;2025-06-01;BRASPINE;HERVAL DE BAIXO;PR;RESERVA;827,29;475,92;249,72;14,49;86,73;-1,32;43,16;22,39;99,90;273,59;5,53;7,25
2025.0;6.0;2025-06-01;BRASPINE;HORTO 01;PR;TURVO;19,12;19,12;233,80;13,72;87,08;-1,22;43,00;21,62;99,82;272,93;8,60;1,06
2025.0;6.0;2025-06-01;BRASPINE;HORTO 02;PR;TURVO;4,24;4,24;233,84;13,72;87,08;-1,22;43,00;21,62;99,82;272,93;8,60;1,06
2025.0;6.0;2025-06-01;BRASPINE;HORTO 03;PR;PRUDENTOPOLIS;80,91;25,89;228,90;14,07;86,91;-1,47;42,60;22,16;99,96;278,21;4,15;17,77
2025.0;6.0;2025-06-01;BRASPINE;HORTO 08;PR;TURVO;9,53;9,53;226,85;14,07;86,91;-1,47;42,60;22,16;99,96;278,21;4,15;17,77
2025.0;6.0;2025-06-01;BRASPINE;HORTO 12;PR;PRUDENTOPOLIS;12,20;12,20;223,06;14,07;86,91;-1,47;42,60;22,16;99,96;278,21;4,15;17,77
2025.0;6.0;2025-06-01;BRASPINE;IZAU;PR;PIRAI DO SUL;19,37;11,60;161,42;14,18;84,58;0,77;37,83;21,50;99,67;313,61;2,71;0,32
2025.0;6.0;2025-06-01;BRASPINE;JOAO RICO;PR;JAGUARIAIVA;47,46;26,18;155,08;14,17;84,52;0,03;38,32;21,60;99,85;310,09;2,38;20,69
2025.0;6.0;2025-06-01;BRASPINE;LAGOA;PR;JAGUARIAIVA;24,10;10,78;153,95;14,34;85,58;0,61;37,86;22,45;100,00;299,21;3,19;0,61
2025.0;6.0;2025-06-01;BRASPINE;MARACANA;PR;JANDAIA DO SUL;11,45;11,45;173,70;16,51;81,97;4,11;42,04;24,89;100,00;191,67;8,36;3,67
2025.0;6.0;2025-06-01;BRASPINE;MARRECA;;;;;156,53;14,66;86,49;0,50;36,50;23,46;100,00;290,59;3,29;5,30
2025.0;6.0;2025-06-01;BRASPINE;MARRECA SP;SP;ITAPIRAPUA PAULISTA;675,30;236,19;153,18;15,21;86,91;-0,18;36,34;24,59;100,00;297,99;3,08;2,72
2025.0;6.0;2025-06-01;BRASPINE;MARRECAS;;;;;241,60;12,74;87,09;-1,03;39,69;20,55;100,00;277,58;11,15;6,48
2025.0;6.0;2025-06-01;BRASPINE;MERCADINHO;;;;;159,46;15,10;86,78;0,27;36,56;24,38;100,00;308,78;3,14;11,82
2025.0;6.0;2025-06-01;BRASPINE;MONTE ALEGRE;;;;;161,54;16,89;81,54;4,39;42,58;25,43;100,00;151,27;8,91;1,11
2025.0;6.0;2025-06-01;BRASPINE;MONTE TABOR II;;;;;146,35;14,49;87,91;-0,01;39,29;23,56;100,00;309,68;3,06;10,71
2025.0;6.0;2025-06-01;BRASPINE;MOREIRA;PR;DOUTOR ULYSSES;230,52;68,68;163,85;14,51;86,05;0,63;37,50;22,95;100,00;303,84;3,51;0,62
2025.0;6.0;2025-06-01;BRASPINE;MOREIRAS II;PR;DOUTOR ULYSSES;66,76;28,75;155,61;14,51;86,05;0,63;37,50;22,95;100,00;303,84;3,51;0,62
2025.0;6.0;2025-06-01;BRASPINE;MORRETES;PR;ORTIGUEIRA;20,36;20,36;217,41;14,78;86,83;-1,16;43,68;23,03;99,91;288,41;0,42;5,65
2025.0;6.0;2025-06-01;BRASPINE;MORRO AZUL;;;;;163,26;14,66;86,19;1,53;37,52;23,06;100,00;309,44;5,51;1,55
2025.0;6.0;2025-06-01;BRASPINE;OURO FINO;SP;APIAI;51,70;51,70;153,08;14,46;86,82;0,29;37,33;23,04;100,00;302,10;3,54;13,05
2025.0;6.0;2025-06-01;BRASPINE;PALMEIRINHA DE BAIXO - SOSSEGO;PR;SENGES;85,93;9,22;158,19;14,10;84,84;0,60;38,78;21,65;99,85;307,10;3,37;18,87
2025.0;6.0;2025-06-01;BRASPINE;PAZIN;PR;DOUTOR ULYSSES;41,20;23,90;156,86;14,66;86,49;0,50;36,50;23,46;100,00;290,59;3,29;5,30
2025.0;6.0;2025-06-01;BRASPINE;PEDRAS;PR;CASTRO;7,18;7,18;166,02;14,22;84,78;-0,65;39,38;21,47;99,76;298,30;1,07;5,80
2025.0;6.0;2025-06-01;BRASPINE;PESCARIA;PR;SAO JOSE DA BOA VISTA;184,57;129,22;156,29;16,00;81,43;1,51;39,35;23,99;99,57;256,77;4,88;3,49
2025.0;6.0;2025-06-01;BRASPINE;PESSEGUEIRO;PR;DOUTOR ULYSSES;109,95;64,79;164,49;14,51;86,05;0,63;37,50;22,95;100,00;303,84;3,51;0,62
2025.0;6.0;2025-06-01;BRASPINE;PITANGA;;;;;217,25;13,73;85,54;-0,43;41,60;21,33;99,83;290,96;3,68;5,66
2025.0;6.0;2025-06-01;BRASPINE;QUEIMADINHO ARROIO CLARO;PR;DOUTOR ULYSSES;48,13;19,09;159,23;14,51;86,05;0,63;37,50;22,95;100,00;303,84;3,51;0,62
2025.0;6.0;2025-06-01;BRASPINE;QUEIMADINHO M6042;PR;DOUTOR ULYSSES;48,38;18,50;159,23;14,51;86,05;0,63;37,50;22,95;100,00;303,84;3,51;0,62
2025.0;6.0;2025-06-01;BRASPINE;QUEIMADINHO USUCAPIAO;PR;DOUTOR ULYSSES;200,27;92,43;159,23;14,51;86,05;0,63;37,50;22,95;100,00;303,84;3,51;0,62
2025.0;6.0;2025-06-01;BRASPINE;RAMOS;PR;SENGES;69,83;38,15;159,99;14,34;85,58;0,61;37,86;22,45;100,00;299,21;3,19;0,61
2025.0;6.0;2025-06-01;BRASPINE;RIBEIRAO GRANDE;PR;JAGUARIAIVA;20,77;20,77;159,04;14,18;84,58;0,77;37,83;21,50;99,67;313,61;2,71;0,32
2025.0;6.0;2025-06-01;BRASPINE;RINCAO DE BAIXO;;;;;172,17;14,37;84,10;-1,10;38,52;21,59;99,94;298,13;0,86;138,03
2025.0;6.0;2025-06-01;BRASPINE;RIO BOMBA;PR;CERRO AZUL;65,03;37,72;155,49;15,24;86,03;0,06;36,99;24,41;99,99;299,23;2,66;1,18
2025.0;6.0;2025-06-01;BRASPINE;RIO DO MEIO;PR;DOUTOR ULYSSES;712,33;389,13;156,58;14,51;86,05;0,63;37,50;22,95;100,00;303,84;3,51;0,62
2025.0;6.0;2025-06-01;BRASPINE;RONDON;PR;JAGUARIAIVA;2899,24;1475,88;156,31;14,12;85,02;0,73;39,46;21,76;99,90;306,75;3,30;3,96
2025.0;6.0;2025-06-01;BRASPINE;SANTA FELICIDADE;;;;;150,35;15,39;87,40;-0,15;36,18;25,22;100,00;296,23;3,21;0,19
2025.0;6.0;2025-06-01;BRASPINE;SANTA LIDIA DO CERCADINHO;;;;;173,84;14,13;84,06;-1,06;38,38;21,22;99,89;293,50;0,63;4,64
2025.0;6.0;2025-06-01;BRASPINE;SANTO ANTONIO;;;;;166,48;14,13;85,05;0,83;38,82;21,86;100,00;307,96;4,07;125,12
2025.0;6.0;2025-06-01;BRASPINE;SAO JOSE;PR;JANDAIA DO SUL;37,56;37,56;162,67;16,77;81,70;4,35;42,48;25,25;100,00;149,99;8,78;1,39
2025.0;6.0;2025-06-01;BRASPINE;SAO MATHEUS;;;;;190,27;17,61;80,90;3,25;42,98;26,68;100,00;139,11;8,03;1,27
2025.0;6.0;2025-06-01;BRASPINE;SAO PEDRO E SAO PAULO;PR;SAPOPEMA;709,13;323,93;146,78;15,19;83,15;2,07;39,77;23,31;99,80;297,86;5,17;22,38
2025.0;6.0;2025-06-01;BRASPINE;SAO RAFAEL;;;;;188,56;13,82;84,49;-1,05;42,78;22,43;99,63;309,51;1,11;3,51
2025.0;6.0;2025-06-01;BRASPINE;SAO RAFAEL - PB;;;;;164,60;14,57;86,65;0,75;37,08;23,14;100,00;306,09;4,32;16,88
2025.0;6.0;2025-06-01;BRASPINE;SERRARIA;PR;DOUTOR ULYSSES;280,88;117,71;154,67;14,45;86,22;0,21;36,55;23,04;100,00;300,85;2,71;6,28
2025.0;6.0;2025-06-01;BRASPINE;SERRO VERDE;;;;;261,04;13,48;84,90;-0,73;39,06;21,22;99,95;302,36;7,03;13,08
2025.0;6.0;2025-06-01;BRASPINE;SERTAOZINHO;PR;DOUTOR ULYSSES;16,25;16,25;158,28;14,51;86,05;0,63;37,50;22,95;100,00;303,84;3,51;0,62
2025.0;6.0;2025-06-01;BRASPINE;SITIO BASILIO;PR;JAGUARIAIVA;8,08;8,08;151,83;14,04;84,53;0,01;39,02;21,41;99,67;306,15;2,11;29,02
2025.0;6.0;2025-06-01;BRASPINE;SITIO DAS MARRECAS;PR;DOUTOR ULYSSES;77,49;35,17;157,50;15,05;86,79;0,01;36,38;24,26;100,00;296,00;3,13;3,48
2025.0;6.0;2025-06-01;BRASPINE;SOBRADINHO;SP;BOM SUCESSO DE ITARARE;285,80;123,10;169,41;14,17;85,56;1,38;38,61;22,03;100,00;310,95;4,92;26,93
2025.0;6.0;2025-06-01;BRASPINE;TAQUARAL;PR;JAGUARIAIVA;519,13;31,07;160,92;14,20;84,82;0,46;38,82;21,70;100,00;310,10;3,09;11,11
2025.0;6.0;2025-06-01;BRASPINE;TUCUNDUVA;PR;SENGES;82,21;60,89;151,33;14,62;83,10;-0,14;38,81;22,16;99,68;319,74;1,59;3,28
2025.0;6.0;2025-06-01;BRASPINE;TUCUNDUVA - CHAMMA;;;;;159,54;14,78;82,75;0,68;38,79;22,28;99,64;326,61;3,36;0,13
2025.0;6.0;2025-06-01;BRASPINE;VIENA 1;PR;DOUTOR ULYSSES;263,98;178,34;157,98;14,19;85,42;-0,60;38,25;22,13;100,00;294,93;0,84;6,54
2025.0;6.0;2025-06-01;BRASPINE;VIENA 2;PR;CERRO AZUL;140,23;96,54;154,99;15,24;86,03;0,06;36,99;24,41;99,99;299,23;2,66;1,18
2025.0;6.0;2025-06-01;BRASPINE;VITORIA;PR;SENGES;50,54;35,69;158,19;14,10;84,84;0,60;38,78;21,65;99,85;307,10;3,37;18,87
2025.0;6.0;2025-06-01;BRASPINE;VIVEIRO;PR;DOUTOR ULYSSES;405,39;261,22;155,61;14,51;86,05;0,63;37,50;22,95;100,00;303,84;3,51;0,62
2025.0;6.0;2025-06-01;BRASPINE;VO LINO;PR;DOUTOR ULYSSES;164,50;97,89;156,38;14,66;86,49;0,50;36,50;23,46;100,00;290,59;3,29;5,30
2025.0;6.0;2025-06-01;BRASPINE;XAXIM VELHO;;;;;253,50;12,88;86,67;-0,47;40,33;20,79;100,00;284,21;11,54;2,19
2025.0;7.0;2025-07-01;BRASPINE;AGUA DOCE;PR;JAGUARIAIVA;238,97;121,99;31,26;12,26;78,89;3,66;41,98;22,37;99,89;245,28;12,87;13,44
2025.0;7.0;2025-07-01;BRASPINE;AMATA;;;;;47,42;13,36;83,81;4,09;43,66;25,43;99,99;272,21;8,69;4,08
2025.0;7.0;2025-07-01;BRASPINE;ANTA BRAVA;;;;;21,90;15,49;74,37;6,92;31,64;28,24;99,98;350,18;0,00;1,83
2025.0;7.0;2025-07-01;BRASPINE;ARAPONGAS;PR;SENGES;423,34;263,70;35,90;12,40;82,50;3,66;41,77;23,56;100,00;253,45;8,18;0,21
2025.0;7.0;2025-07-01;BRASPINE;ARROIO CLARO;PR;DOUTOR ULYSSES;275,14;92,00;43,15;12,48;83,72;4,11;42,11;24,10;100,00;256,35;8,64;1,14
2025.0;7.0;2025-07-01;BRASPINE;BARRA GRANDE;PR;DOUTOR ULYSSES;493,79;139,68;39,74;12,78;83,04;3,86;41,54;24,44;100,00;261,46;8,32;1,16
2025.0;7.0;2025-07-01;BRASPINE;BARRA GRANDE - BEMAIS;PR;GUARAPUAVA;299,16;108,61;50,20;11,73;80,01;2,84;41,56;22,13;99,96;218,82;33,73;22,77
2025.0;7.0;2025-07-01;BRASPINE;BARRETOS;PR;JAGUARIAIVA;43,35;32,98;35,07;12,37;81,01;3,53;42,69;23,12;99,97;257,33;8,18;19,40
2025.0;7.0;2025-07-01;BRASPINE;BAU;;;;;59,34;12,07;77,72;3,32;41,89;21,88;99,86;239,19;11,65;6,38
2025.0;7.0;2025-07-01;BRASPINE;BOA VISTA II;PR;PIRAI DO SUL;944,00;535,05;37,44;12,24;80,00;3,08;42,29;22,77;99,98;248,75;12,82;355,06
2025.0;7.0;2025-07-01;BRASPINE;BRASILEIRA;;;;;37,48;12,40;82,50;3,66;41,77;23,56;100,00;253,45;8,18;0,21
2025.0;7.0;2025-07-01;BRASPINE;BURACAO;;;;;46,35;12,13;82,17;2,75;44,10;23,57;99,99;244,97;12,31;4,30
2025.0;7.0;2025-07-01;BRASPINE;BURRINHO;PR;DOUTOR ULYSSES;211,01;100,37;43,08;12,48;83,72;4,11;42,11;24,10;100,00;256,35;8,64;1,14
2025.0;7.0;2025-07-01;BRASPINE;CADEADO I;PR;JAGUARIAIVA;21,07;12,29;32,21;12,24;81,87;3,57;41,95;23,16;100,00;248,69;7,66;6,14
2025.0;7.0;2025-07-01;BRASPINE;CADEADO II;PR;JAGUARIAIVA;21,88;16,79;32,21;12,24;81,87;3,57;41,95;23,16;100,00;248,69;7,66;6,14
2025.0;7.0;2025-07-01;BRASPINE;CAMPINA ALTA;PR;TIBAGI;29,77;18,24;42,36;13,05;79,21;2,62;43,34;23,87;99,80;247,03;14,06;1,73
2025.0;7.0;2025-07-01;BRASPINE;CAMPINA DO ELIAS;PR;JAGUARIAIVA;29,17;14,65;37,41;12,32;81,33;3,55;42,42;23,13;99,98;254,21;8,00;1,45
2025.0;7.0;2025-07-01;BRASPINE;CAMPO NOVO;PR;JAGUARIAIVA;295,98;156,36;36,18;12,24;81,87;3,57;41,95;23,16;100,00;248,69;7,66;6,14
2025.0;7.0;2025-07-01;BRASPINE;CONSULTORIA II A;PR;DOUTOR ULYSSES;89,62;60,79;37,23;12,40;82,50;3,66;41,77;23,56;100,00;253,45;8,18;0,21
2025.0;7.0;2025-07-01;BRASPINE;DINIZ;;;;;34,16;12,40;82,50;3,66;41,77;23,56;100,00;253,45;8,18;0,21
2025.0;7.0;2025-07-01;BRASPINE;ENES;PR;JAGUARIAIVA;5,93;5,69;36,24;12,24;81,87;3,57;41,95;23,16;100,00;248,69;7,66;6,14
2025.0;7.0;2025-07-01;BRASPINE;ENGENHARIA;;;;;34,16;12,40;82,50;3,66;41,77;23,56;100,00;253,45;8,18;0,21
2025.0;7.0;2025-07-01;BRASPINE;ESTACAO;PR;SENGES;4,76;4,14;36,80;12,24;81,87;3,57;41,95;23,16;100,00;248,69;7,66;6,14
2025.0;7.0;2025-07-01;BRASPINE;FAXINAL;PR;JAGUARIAIVA;20,65;20,65;36,24;12,24;81,87;3,57;41,95;23,16;100,00;248,69;7,66;6,14
2025.0;7.0;2025-07-01;BRASPINE;FEITAL;PR;DOUTOR ULYSSES;154,17;86,53;40,38;12,52;82,68;3,73;41,69;23,86;100,00;256,13;8,23;0,92
2025.0;7.0;2025-07-01;BRASPINE;FIGUEIRA;PR;DOUTOR ULYSSES;1053,81;315,71;39,58;12,48;83,72;4,11;42,11;24,10;100,00;256,35;8,64;1,14
2025.0;7.0;2025-07-01;BRASPINE;FIGUEIRINHA;PR;DOUTOR ULYSSES;94,37;56,74;44,14;12,48;83,72;4,11;42,11;24,10;100,00;256,35;8,64;1,14
2025.0;7.0;2025-07-01;BRASPINE;FLOEMA;PR;DOUTOR ULYSSES;2189,88;701,43;39,36;12,07;83,09;3,38;42,14;23,31;100,00;244,49;7,78;0,31
2025.0;7.0;2025-07-01;BRASPINE;FLOEMA I - SUDATI;;;;;36,96;12,40;82,50;3,66;41,77;23,56;100,00;253,45;8,18;0,21
2025.0;7.0;2025-07-01;BRASPINE;FLOEMA II - SUDATI;PR;DOUTOR ULYSSES;453,83;211,13;38,90;12,40;82,50;3,66;41,77;23,56;100,00;253,45;8,18;0,21
2025.0;7.0;2025-07-01;BRASPINE;FLOR DA SERRA;PR;SAO JOSE DA BOA VISTA;209,10;128,72;19,60;14,10;75,40;4,75;36,51;26,01;99,82;285,59;4,75;64,67
2025.0;7.0;2025-07-01;BRASPINE;GENTIL;PR;JAGUARIAIVA;126,77;53,33;33,33;12,13;78,94;2,68;43,20;22,17;99,85;243,03;11,64;3,97
2025.0;7.0;2025-07-01;BRASPINE;GUAIRACA;PR;GUARAPUAVA;623,62;169,31;48,89;11,74;80,21;2,23;42,26;22,30;100,00;215,71;26,38;41,26
2025.0;7.0;2025-07-01;BRASPINE;HERVAL 2 - MADALOSSO;;;;;44,49;12,13;82,17;2,75;44,10;23,57;99,99;244,97;12,31;4,30
2025.0;7.0;2025-07-01;BRASPINE;HERVAL DE BAIXO;PR;RESERVA;827,29;475,92;46,90;12,90;80,06;2,72;43,29;24,01;99,78;235,00;18,08;0,90
2025.0;7.0;2025-07-01;BRASPINE;HORTO 01;PR;TURVO;19,12;19,12;60,36;12,23;80,30;2,19;45,93;23,11;100,00;220,18;31,77;2,30
2025.0;7.0;2025-07-01;BRASPINE;HORTO 02;PR;TURVO;4,24;4,24;59,93;12,23;80,30;2,19;45,93;23,11;100,00;220,18;31,77;2,30
2025.0;7.0;2025-07-01;BRASPINE;HORTO 03;PR;PRUDENTOPOLIS;80,91;25,89;60,55;12,57;80,41;2,90;45,41;23,71;99,80;227,78;24,18;0,23
2025.0;7.0;2025-07-01;BRASPINE;HORTO 08;PR;TURVO;9,53;9,53;55,79;12,57;80,41;2,90;45,41;23,71;99,80;227,78;24,18;0,23
2025.0;7.0;2025-07-01;BRASPINE;HORTO 12;PR;PRUDENTOPOLIS;12,20;12,20;59,50;12,57;80,41;2,90;45,41;23,71;99,80;227,78;24,18;0,23
2025.0;7.0;2025-07-01;BRASPINE;IZAU;PR;PIRAI DO SUL;19,37;11,60;31,84;12,22;79,54;3,06;42,70;22,52;99,92;250,93;7,93;16,73
2025.0;7.0;2025-07-01;BRASPINE;JOAO RICO;PR;JAGUARIAIVA;47,46;26,18;32,59;12,26;78,89;3,66;41,98;22,37;99,89;245,28;12,87;13,44
2025.0;7.0;2025-07-01;BRASPINE;LAGOA;PR;JAGUARIAIVA;24,10;10,78;34,30;12,24;81,87;3,57;41,95;23,16;100,00;248,69;7,66;6,14
2025.0;7.0;2025-07-01;BRASPINE;MARACANA;PR;JANDAIA DO SUL;11,45;11,45;34,73;15,77;69,85;7,35;28,95;28,00;99,54;343,30;0,00;0,16
2025.0;7.0;2025-07-01;BRASPINE;MARRECA;;;;;42,42;12,48;83,72;4,11;42,11;24,10;100,00;256,35;8,64;1,14
2025.0;7.0;2025-07-01;BRASPINE;MARRECA SP;SP;ITAPIRAPUA PAULISTA;675,30;236,19;46,22;12,96;84,22;4,22;42,04;25,13;100,00;262,36;8,61;0,91
2025.0;7.0;2025-07-01;BRASPINE;MARRECAS;;;;;46,88;11,35;79,80;1,91;40,70;21,59;99,99;206,38;30,13;3,34
2025.0;7.0;2025-07-01;BRASPINE;MERCADINHO;;;;;46,18;12,96;83,92;4,21;42,84;24,93;100,00;265,32;8,76;2,41
2025.0;7.0;2025-07-01;BRASPINE;MONTE ALEGRE;;;;;32,70;16,15;69,69;7,72;27,62;28,67;99,34;350,61;0,00;0,07
2025.0;7.0;2025-07-01;BRASPINE;MONTE TABOR II;;;;;36,08;12,39;85,34;3,94;44,69;23,76;100,00;249,08;8,11;3,25
2025.0;7.0;2025-07-01;BRASPINE;MOREIRA;PR;DOUTOR ULYSSES;230,52;68,68;38,90;12,40;82,50;3,66;41,77;23,56;100,00;253,45;8,18;0,21
2025.0;7.0;2025-07-01;BRASPINE;MOREIRAS II;PR;DOUTOR ULYSSES;66,76;28,75;36,97;12,40;82,50;3,66;41,77;23,56;100,00;253,45;8,18;0,21
2025.0;7.0;2025-07-01;BRASPINE;MORRETES;PR;ORTIGUEIRA;20,36;20,36;45,13;13,23;80,16;3,35;41,76;24,90;100,00;242,12;25,31;0,17
2025.0;7.0;2025-07-01;BRASPINE;MORRO AZUL;;;;;31,84;12,55;82,53;3,78;40,50;24,21;100,00;255,99;7,56;48,30
2025.0;7.0;2025-07-01;BRASPINE;OURO FINO;SP;APIAI;51,70;51,70;31,86;12,31;83,74;3,10;42,13;24,03;100,00;251,59;7,59;3,23
2025.0;7.0;2025-07-01;BRASPINE;PALMEIRINHA DE BAIXO - SOSSEGO;PR;SENGES;85,93;9,22;28,67;12,26;79,52;4,12;40,19;22,57;99,85;247,21;8,76;18,62
2025.0;7.0;2025-07-01;BRASPINE;PAZIN;PR;DOUTOR ULYSSES;41,20;23,90;42,30;12,48;83,72;4,11;42,11;24,10;100,00;256,35;8,64;1,14
2025.0;7.0;2025-07-01;BRASPINE;PEDRAS;PR;CASTRO;7,18;7,18;40,84;12,05;80,73;2,56;43,84;22,58;100,00;244,01;12,16;2,41
2025.0;7.0;2025-07-01;BRASPINE;PESCARIA;PR;SAO JOSE DA BOA VISTA;184,57;129,22;23,26;14,23;75,17;5,40;34,62;26,02;99,99;287,24;0,00;59,51
2025.0;7.0;2025-07-01;BRASPINE;PESSEGUEIRO;PR;DOUTOR ULYSSES;109,95;64,79;38,37;12,40;82,50;3,66;41,77;23,56;100,00;253,45;8,18;0,21
2025.0;7.0;2025-07-01;BRASPINE;PITANGA;;;;;56,58;12,69;77,27;3,90;44,98;22,63;99,68;255,86;12,97;0,82
2025.0;7.0;2025-07-01;BRASPINE;QUEIMADINHO ARROIO CLARO;PR;DOUTOR ULYSSES;48,13;19,09;37,48;12,40;82,50;3,66;41,77;23,56;100,00;253,45;8,18;0,21
2025.0;7.0;2025-07-01;BRASPINE;QUEIMADINHO M6042;PR;DOUTOR ULYSSES;48,38;18,50;37,48;12,40;82,50;3,66;41,77;23,56;100,00;253,45;8,18;0,21
2025.0;7.0;2025-07-01;BRASPINE;QUEIMADINHO USUCAPIAO;PR;DOUTOR ULYSSES;200,27;92,43;37,48;12,40;82,50;3,66;41,77;23,56;100,00;253,45;8,18;0,21
2025.0;7.0;2025-07-01;BRASPINE;RAMOS;PR;SENGES;69,83;38,15;36,96;12,24;81,87;3,57;41,95;23,16;100,00;248,69;7,66;6,14
2025.0;7.0;2025-07-01;BRASPINE;RIBEIRAO GRANDE;PR;JAGUARIAIVA;20,77;20,77;32,98;12,22;79,54;3,06;42,70;22,52;99,92;250,93;7,93;16,73
2025.0;7.0;2025-07-01;BRASPINE;RINCAO DE BAIXO;;;;;29,23;12,51;77,82;1,92;43,32;22,80;99,39;237,66;22,81;3,43
2025.0;7.0;2025-07-01;BRASPINE;RIO BOMBA;PR;CERRO AZUL;65,03;37,72;43,99;13,05;83,41;4,08;43,56;24,90;99,97;263,12;8,74;5,80
2025.0;7.0;2025-07-01;BRASPINE;RIO DO MEIO;PR;DOUTOR ULYSSES;712,33;389,13;37,11;12,40;82,50;3,66;41,77;23,56;100,00;253,45;8,18;0,21
2025.0;7.0;2025-07-01;BRASPINE;RONDON;PR;JAGUARIAIVA;2899,24;1475,88;32,39;12,21;79,97;3,91;41,54;22,46;99,91;245,41;8,29;33,99
2025.0;7.0;2025-07-01;BRASPINE;SANTA FELICIDADE;;;;;42,36;13,13;84,73;4,27;41,97;25,68;100,00;259,70;8,56;3,27
2025.0;7.0;2025-07-01;BRASPINE;SANTA LIDIA DO CERCADINHO;;;;;26,91;12,28;77,80;1,70;43,68;22,35;99,38;234,51;23,15;2,60
2025.0;7.0;2025-07-01;BRASPINE;SANTO ANTONIO;;;;;29,90;12,23;80,22;4,03;39,20;23,02;99,99;243,94;8,56;23,94
2025.0;7.0;2025-07-01;BRASPINE;SAO JOSE;PR;JANDAIA DO SUL;37,56;37,56;33,23;16,02;69,87;7,62;28,04;28,43;99,49;347,88;0,00;0,41
2025.0;7.0;2025-07-01;BRASPINE;SAO MATHEUS;;;;;37,66;16,82;70,04;7,35;26,23;29,89;97,97;294,63;0,00;4,85
2025.0;7.0;2025-07-01;BRASPINE;SAO PEDRO E SAO PAULO;PR;SAPOPEMA;709,13;323,93;32,21;13,66;74,88;4,49;34,69;25,96;99,65;276,41;9,22;88,73
2025.0;7.0;2025-07-01;BRASPINE;SAO RAFAEL;;;;;33,18;11,90;80,69;1,66;43,57;23,48;100,00;240,96;10,44;1,40
2025.0;7.0;2025-07-01;BRASPINE;SAO RAFAEL - PB;;;;;34,93;12,43;83,43;3,44;41,46;24,20;100,00;255,61;7,67;1,33
2025.0;7.0;2025-07-01;BRASPINE;SERRARIA;PR;DOUTOR ULYSSES;280,88;117,71;42,94;12,28;83,40;3,74;42,13;23,70;100,00;250,45;8,20;0,72
2025.0;7.0;2025-07-01;BRASPINE;SERRO VERDE;;;;;60,61;12,45;76,66;3,51;40,53;22,33;99,91;251,89;11,77;3,70
2025.0;7.0;2025-07-01;BRASPINE;SERTAOZINHO;PR;DOUTOR ULYSSES;16,25;16,25;33,96;12,40;82,50;3,66;41,77;23,56;100,00;253,45;8,18;0,21
2025.0;7.0;2025-07-01;BRASPINE;SITIO BASILIO;PR;JAGUARIAIVA;8,08;8,08;30,96;12,14;78,74;2,83;42,77;22,11;99,84;241,13;11,56;16,55
2025.0;7.0;2025-07-01;BRASPINE;SITIO DAS MARRECAS;PR;DOUTOR ULYSSES;77,49;35,17;43,75;12,82;84,07;4,19;42,06;24,84;100,00;260,64;8,62;0,98
2025.0;7.0;2025-07-01;BRASPINE;SOBRADINHO;SP;BOM SUCESSO DE ITARARE;285,80;123,10;32,10;12,18;81,45;3,90;39,95;23,37;100,00;244,08;8,12;34,67
2025.0;7.0;2025-07-01;BRASPINE;TAQUARAL;PR;JAGUARIAIVA;519,13;31,07;32,78;12,27;79,60;3,72;42,14;22,48;99,99;247,33;13,02;9,55
2025.0;7.0;2025-07-01;BRASPINE;TUCUNDUVA;PR;SENGES;82,21;60,89;31,48;12,66;77,59;3,72;38,34;23,23;99,78;247,58;8,08;0,98
2025.0;7.0;2025-07-01;BRASPINE;TUCUNDUVA - CHAMMA;;;;;28,90;12,90;77,45;4,71;38,25;23,36;99,65;261,35;4,71;78,67
2025.0;7.0;2025-07-01;BRASPINE;VIENA 1;PR;DOUTOR ULYSSES;263,98;178,34;40,35;12,01;82,19;2,76;43,42;22,90;100,00;243,14;11,72;6,37
2025.0;7.0;2025-07-01;BRASPINE;VIENA 2;PR;CERRO AZUL;140,23;96,54;44,06;13,05;83,41;4,08;43,56;24,90;99,97;263,12;8,74;5,80
2025.0;7.0;2025-07-01;BRASPINE;VITORIA;PR;SENGES;50,54;35,69;28,67;12,26;79,52;4,12;40,19;22,57;99,85;247,21;8,76;18,62
2025.0;7.0;2025-07-01;BRASPINE;VIVEIRO;PR;DOUTOR ULYSSES;405,39;261,22;36,97;12,40;82,50;3,66;41,77;23,56;100,00;253,45;8,18;0,21
2025.0;7.0;2025-07-01;BRASPINE;VO LINO;PR;DOUTOR ULYSSES;164,50;97,89;42,59;12,48;83,72;4,11;42,11;24,10;100,00;256,35;8,64;1,14
2025.0;7.0;2025-07-01;BRASPINE;XAXIM VELHO;;;;;50,35;11,55;79,83;1,37;42,49;21,87;100,00;215,48;22,11;348,79
2025.0;8.0;2025-08-01;BRASPINE;AGUA DOCE;PR;JAGUARIAIVA;238,97;121,99;19,69;14,32;76,32;3,20;29,19;26,68;99,83;271,25;10,87;13,62
2025.0;8.0;2025-08-01;BRASPINE;AMATA;;;;;27,15;15,52;80,31;3,87;27,96;30,02;99,87;323,72;7,74;7,87
2025.0;8.0;2025-08-01;BRASPINE;ANTA BRAVA;;;;;6,39;17,74;68,37;5,91;21,44;31,30;99,61;276,84;0,00;1,35
2025.0;8.0;2025-08-01;BRASPINE;ARAPONGAS;PR;SENGES;423,34;263,70;22,87;14,38;80,14;2,86;27,34;27,84;100,00;293,25;15,45;11,84
2025.0;8.0;2025-08-01;BRASPINE;ARROIO CLARO;PR;DOUTOR ULYSSES;275,14;92,00;26,23;14,45;81,33;3,22;27,51;28,36;100,00;298,11;15,63;2,35
2025.0;8.0;2025-08-01;BRASPINE;BARRA GRANDE;PR;DOUTOR ULYSSES;493,79;139,68;21,17;14,77;80,73;3,22;26,63;28,86;100,00;301,32;16,75;8,05
2025.0;8.0;2025-08-01;BRASPINE;BARRA GRANDE - BEMAIS;PR;GUARAPUAVA;299,16;108,61;75,89;13,81;78,93;2,03;38,61;25,48;99,98;270,49;14,67;3,28
2025.0;8.0;2025-08-01;BRASPINE;BARRETOS;PR;JAGUARIAIVA;43,35;32,98;20,64;14,36;78,68;2,83;28,41;27,26;99,98;279,79;7,76;0,47
2025.0;8.0;2025-08-01;BRASPINE;BAU;;;;;114,45;14,00;76,78;2,33;37,91;25,20;99,91;251,35;13,06;0,81
2025.0;8.0;2025-08-01;BRASPINE;BOA VISTA II;PR;PIRAI DO SUL;944,00;535,05;22,35;14,30;77,48;2,47;29,59;26,82;99,95;261,81;11,08;0,73
2025.0;8.0;2025-08-01;BRASPINE;BRASILEIRA;;;;;21,56;14,38;80,14;2,86;27,34;27,84;100,00;293,25;15,45;11,84
2025.0;8.0;2025-08-01;BRASPINE;BURACAO;;;;;31,06;14,15;79,52;2,14;33,12;27,21;100,00;294,00;12,71;3,61
2025.0;8.0;2025-08-01;BRASPINE;BURRINHO;PR;DOUTOR ULYSSES;211,01;100,37;26,33;14,45;81,33;3,22;27,51;28,36;100,00;298,11;15,63;2,35
2025.0;8.0;2025-08-01;BRASPINE;CADEADO I;PR;JAGUARIAIVA;21,07;12,29;22,40;14,22;79,53;2,81;28,01;27,25;100,00;288,94;15,75;4,70
2025.0;8.0;2025-08-01;BRASPINE;CADEADO II;PR;JAGUARIAIVA;21,88;16,79;22,40;14,22;79,53;2,81;28,01;27,25;100,00;288,94;15,75;4,70
2025.0;8.0;2025-08-01;BRASPINE;CAMPINA ALTA;PR;TIBAGI;29,77;18,24;25,59;15,40;74,79;3,26;30,94;28,04;99,37;269,28;14,54;0,03
2025.0;8.0;2025-08-01;BRASPINE;CAMPINA DO ELIAS;PR;JAGUARIAIVA;29,17;14,65;21,40;14,31;78,99;2,82;28,27;27,23;99,99;277,75;12,45;0,08
2025.0;8.0;2025-08-01;BRASPINE;CAMPO NOVO;PR;JAGUARIAIVA;295,98;156,36;22,78;14,22;79,53;2,81;28,01;27,25;100,00;288,94;15,75;4,70
2025.0;8.0;2025-08-01;BRASPINE;CONSULTORIA II A;PR;DOUTOR ULYSSES;89,62;60,79;21,62;14,38;80,14;2,86;27,34;27,84;100,00;293,25;15,45;11,84
2025.0;8.0;2025-08-01;BRASPINE;DINIZ;;;;;20,90;14,38;80,14;2,86;27,34;27,84;100,00;293,25;15,45;11,84
2025.0;8.0;2025-08-01;BRASPINE;ENES;PR;JAGUARIAIVA;5,93;5,69;22,78;14,22;79,53;2,81;28,01;27,25;100,00;288,94;15,75;4,70
2025.0;8.0;2025-08-01;BRASPINE;ENGENHARIA;;;;;20,90;14,38;80,14;2,86;27,34;27,84;100,00;293,25;15,45;11,84
2025.0;8.0;2025-08-01;BRASPINE;ESTACAO;PR;SENGES;4,76;4,14;24,06;14,22;79,53;2,81;28,01;27,25;100,00;288,94;15,75;4,70
2025.0;8.0;2025-08-01;BRASPINE;FAXINAL;PR;JAGUARIAIVA;20,65;20,65;22,78;14,22;79,53;2,81;28,01;27,25;100,00;288,94;15,75;4,70
2025.0;8.0;2025-08-01;BRASPINE;FEITAL;PR;DOUTOR ULYSSES;154,17;86,53;23,68;14,51;80,34;2,98;27,11;28,18;100,00;295,96;15,88;10,60
2025.0;8.0;2025-08-01;BRASPINE;FIGUEIRA;PR;DOUTOR ULYSSES;1053,81;315,71;24,10;14,45;81,33;3,22;27,51;28,36;100,00;298,11;15,63;2,35
2025.0;8.0;2025-08-01;BRASPINE;FIGUEIRINHA;PR;DOUTOR ULYSSES;94,37;56,74;27,84;14,45;81,33;3,22;27,51;28,36;100,00;298,11;15,63;2,35
2025.0;8.0;2025-08-01;BRASPINE;FLOEMA;PR;DOUTOR ULYSSES;2189,88;701,43;23,12;14,05;80,55;2,29;28,33;27,36;100,00;287,54;12,78;0,47
2025.0;8.0;2025-08-01;BRASPINE;FLOEMA I - SUDATI;;;;;24,39;14,38;80,14;2,86;27,34;27,84;100,00;293,25;15,45;11,84
2025.0;8.0;2025-08-01;BRASPINE;FLOEMA II - SUDATI;PR;DOUTOR ULYSSES;453,83;211,13;22,84;14,38;80,14;2,86;27,34;27,84;100,00;293,25;15,45;11,84
2025.0;8.0;2025-08-01;BRASPINE;FLOR DA SERRA;PR;SAO JOSE DA BOA VISTA;209,10;128,72;13,32;16,63;69,22;4,33;22,16;30,06;95,58;318,81;8,99;42,22
2025.0;8.0;2025-08-01;BRASPINE;GENTIL;PR;JAGUARIAIVA;126,77;53,33;19,85;14,13;76,63;2,33;30,13;26,38;99,46;266,92;14,47;4,63
2025.0;8.0;2025-08-01;BRASPINE;GUAIRACA;PR;GUARAPUAVA;623,62;169,31;82,70;13,85;79,08;1,72;38,59;25,69;99,99;269,58;13,26;14,65
2025.0;8.0;2025-08-01;BRASPINE;HERVAL 2 - MADALOSSO;;;;;33,73;14,15;79,52;2,14;33,12;27,21;100,00;294,00;12,71;3,61
2025.0;8.0;2025-08-01;BRASPINE;HERVAL DE BAIXO;PR;RESERVA;827,29;475,92;33,15;15,23;75,93;2,73;31,49;28,12;99,41;274,07;22,84;6,15
2025.0;8.0;2025-08-01;BRASPINE;HORTO 01;PR;TURVO;19,12;19,12;67,64;14,31;79,53;1,30;40,86;26,52;99,84;288,25;18,25;1,93
2025.0;8.0;2025-08-01;BRASPINE;HORTO 02;PR;TURVO;4,24;4,24;68,65;14,31;79,53;1,30;40,86;26,52;99,84;288,25;18,25;1,93
2025.0;8.0;2025-08-01;BRASPINE;HORTO 03;PR;PRUDENTOPOLIS;80,91;25,89;62,32;14,80;78,95;1,94;38,12;27,22;99,86;300,99;8,91;6,42
2025.0;8.0;2025-08-01;BRASPINE;HORTO 08;PR;TURVO;9,53;9,53;68,17;14,80;78,95;1,94;38,12;27,22;99,86;300,99;8,91;6,42
2025.0;8.0;2025-08-01;BRASPINE;HORTO 12;PR;PRUDENTOPOLIS;12,20;12,20;59,08;14,80;78,95;1,94;38,12;27,22;99,86;300,99;8,91;6,42
2025.0;8.0;2025-08-01;BRASPINE;IZAU;PR;PIRAI DO SUL;19,37;11,60;20,14;14,19;77,46;2,59;29,93;26,68;99,46;274,61;11,33;1,11
2025.0;8.0;2025-08-01;BRASPINE;JOAO RICO;PR;JAGUARIAIVA;47,46;26,18;19,84;14,32;76,32;3,20;29,19;26,68;99,83;271,25;10,87;13,62
2025.0;8.0;2025-08-01;BRASPINE;LAGOA;PR;JAGUARIAIVA;24,10;10,78;22,43;14,22;79,53;2,81;28,01;27,25;100,00;288,94;15,75;4,70
2025.0;8.0;2025-08-01;BRASPINE;MARACANA;PR;JANDAIA DO SUL;11,45;11,45;15,73;18,30;61,30;5,76;19,88;31,10;99,67;276,23;0,00;1,51
2025.0;8.0;2025-08-01;BRASPINE;MARRECA;;;;;27,60;14,45;81,33;3,22;27,51;28,36;100,00;298,11;15,63;2,35
2025.0;8.0;2025-08-01;BRASPINE;MARRECA SP;SP;ITAPIRAPUA PAULISTA;675,30;236,19;29,57;14,94;81,89;3,28;26,60;29,54;100,00;305,68;15,82;2,83
2025.0;8.0;2025-08-01;BRASPINE;MARRECAS;;;;;97,16;13,39;79,00;1,25;38,71;24,84;100,00;257,90;17,56;0,49
2025.0;8.0;2025-08-01;BRASPINE;MERCADINHO;;;;;27,43;14,96;81,35;3,74;27,32;29,38;99,98;321,94;17,09;0,50
2025.0;8.0;2025-08-01;BRASPINE;MONTE ALEGRE;;;;;16,54;18,71;60,79;6,24;19,81;31,63;99,25;221,93;0,00;0,57
2025.0;8.0;2025-08-01;BRASPINE;MONTE TABOR II;;;;;25,35;14,30;83,59;2,11;27,65;28,34;100,00;309,81;19,20;11,20
2025.0;8.0;2025-08-01;BRASPINE;MOREIRA;PR;DOUTOR ULYSSES;230,52;68,68;22,84;14,38;80,14;2,86;27,34;27,84;100,00;293,25;15,45;11,84
2025.0;8.0;2025-08-01;BRASPINE;MOREIRAS II;PR;DOUTOR ULYSSES;66,76;28,75;21,45;14,38;80,14;2,86;27,34;27,84;100,00;293,25;15,45;11,84
2025.0;8.0;2025-08-01;BRASPINE;MORRETES;PR;ORTIGUEIRA;20,36;20,36;31,14;15,58;75,85;2,80;29,58;28,98;99,39;274,45;18,46;1,89
2025.0;8.0;2025-08-01;BRASPINE;MORRO AZUL;;;;;19,33;14,50;79,92;2,97;26,37;28,31;99,74;293,63;15,72;14,71
2025.0;8.0;2025-08-01;BRASPINE;OURO FINO;SP;APIAI;51,70;51,70;19,59;14,19;81,72;2,07;26,93;28,13;100,00;291,69;14,77;13,74
2025.0;8.0;2025-08-01;BRASPINE;PALMEIRINHA DE BAIXO - SOSSEGO;PR;SENGES;85,93;9,22;18,68;14,25;76,76;3,37;26,87;26,75;99,61;283,87;15,23;3,65
2025.0;8.0;2025-08-01;BRASPINE;PAZIN;PR;DOUTOR ULYSSES;41,20;23,90;26,00;14,45;81,33;3,22;27,51;28,36;100,00;298,11;15,63;2,35
2025.0;8.0;2025-08-01;BRASPINE;PEDRAS;PR;CASTRO;7,18;7,18;17,92;14,12;78,27;2,42;33,48;26,35;100,00;272,78;13,92;344,03
2025.0;8.0;2025-08-01;BRASPINE;PESCARIA;PR;SAO JOSE DA BOA VISTA;184,57;129,22;13,45;16,76;68,99;4,53;21,70;30,45;96,65;323,45;4,53;43,33
2025.0;8.0;2025-08-01;BRASPINE;PESSEGUEIRO;PR;DOUTOR ULYSSES;109,95;64,79;23,98;14,38;80,14;2,86;27,34;27,84;100,00;293,25;15,45;11,84
2025.0;8.0;2025-08-01;BRASPINE;PITANGA;;;;;85,82;14,70;76,07;2,96;40,55;26,16;99,82;270,90;20,02;4,65
2025.0;8.0;2025-08-01;BRASPINE;QUEIMADINHO ARROIO CLARO;PR;DOUTOR ULYSSES;48,13;19,09;21,56;14,38;80,14;2,86;27,34;27,84;100,00;293,25;15,45;11,84
2025.0;8.0;2025-08-01;BRASPINE;QUEIMADINHO M6042;PR;DOUTOR ULYSSES;48,38;18,50;21,56;14,38;80,14;2,86;27,34;27,84;100,00;293,25;15,45;11,84
2025.0;8.0;2025-08-01;BRASPINE;QUEIMADINHO USUCAPIAO;PR;DOUTOR ULYSSES;200,27;92,43;21,56;14,38;80,14;2,86;27,34;27,84;100,00;293,25;15,45;11,84
2025.0;8.0;2025-08-01;BRASPINE;RAMOS;PR;SENGES;69,83;38,15;24,39;14,22;79,53;2,81;28,01;27,25;100,00;288,94;15,75;4,70
2025.0;8.0;2025-08-01;BRASPINE;RIBEIRAO GRANDE;PR;JAGUARIAIVA;20,77;20,77;18,77;14,19;77,46;2,59;29,93;26,68;99,46;274,61;11,33;1,11
2025.0;8.0;2025-08-01;BRASPINE;RINCAO DE BAIXO;;;;;18,83;14,85;73,46;2,04;30,65;27,10;99,42;274,44;16,92;2,66
2025.0;8.0;2025-08-01;BRASPINE;RIO BOMBA;PR;CERRO AZUL;65,03;37,72;24,79;15,17;80,17;3,29;28,67;29,34;99,95;327,43;11,31;7,03
2025.0;8.0;2025-08-01;BRASPINE;RIO DO MEIO;PR;DOUTOR ULYSSES;712,33;389,13;21,47;14,38;80,14;2,86;27,34;27,84;100,00;293,25;15,45;11,84
2025.0;8.0;2025-08-01;BRASPINE;RONDON;PR;JAGUARIAIVA;2899,24;1475,88;19,53;14,18;77,65;3,22;28,09;26,68;99,74;281,15;15,46;6,87
2025.0;8.0;2025-08-01;BRASPINE;SANTA FELICIDADE;;;;;24,88;15,14;82,43;3,03;25,74;30,25;100,00;307,36;10,63;2,11
2025.0;8.0;2025-08-01;BRASPINE;SANTA LIDIA DO CERCADINHO;;;;;17,87;14,54;73,58;1,87;30,78;26,62;99,51;268,49;15,78;2,04
2025.0;8.0;2025-08-01;BRASPINE;SANTO ANTONIO;;;;;19,01;14,22;77,12;3,37;26,59;27,03;99,31;283,74;20,58;2,48
2025.0;8.0;2025-08-01;BRASPINE;SAO JOSE;PR;JANDAIA DO SUL;37,56;37,56;16,69;18,57;61,04;6,11;19,94;31,42;99,36;234,86;0,00;1,21
2025.0;8.0;2025-08-01;BRASPINE;SAO MATHEUS;;;;;20,33;19,49;60,73;6,77;19,49;32,92;99,72;227,27;0,00;5,94
2025.0;8.0;2025-08-01;BRASPINE;SAO PEDRO E SAO PAULO;PR;SAPOPEMA;709,13;323,93;16,78;16,12;68,07;3,69;21,97;29,60;98,55;296,68;3,69;347,22
2025.0;8.0;2025-08-01;BRASPINE;SAO RAFAEL;;;;;48,03;13,91;79,37;2,06;33,58;27,34;99,94;292,18;10,79;18,03
2025.0;8.0;2025-08-01;BRASPINE;SAO RAFAEL - PB;;;;;18,78;14,32;81,25;2,56;26,43;28,31;99,98;294,99;15,53;14,61
2025.0;8.0;2025-08-01;BRASPINE;SERRARIA;PR;DOUTOR ULYSSES;280,88;117,71;23,69;14,25;80,94;2,76;27,92;27,86;100,00;292,84;14,22;1,40
2025.0;8.0;2025-08-01;BRASPINE;SERRO VERDE;;;;;138,66;14,33;75,92;2,31;37,85;25,63;99,91;260,27;18,49;3,58
2025.0;8.0;2025-08-01;BRASPINE;SERTAOZINHO;PR;DOUTOR ULYSSES;16,25;16,25;20,31;14,38;80,14;2,86;27,34;27,84;100,00;293,25;15,45;11,84
2025.0;8.0;2025-08-01;BRASPINE;SITIO BASILIO;PR;JAGUARIAIVA;8,08;8,08;19,67;14,16;76,29;2,48;29,93;26,37;99,49;265,72;14,34;1,99
2025.0;8.0;2025-08-01;BRASPINE;SITIO DAS MARRECAS;PR;DOUTOR ULYSSES;77,49;35,17;28,61;14,80;81,73;3,30;26,86;29,21;100,00;303,51;15,76;0,87
2025.0;8.0;2025-08-01;BRASPINE;SOBRADINHO;SP;BOM SUCESSO DE ITARARE;285,80;123,10;18,10;14,13;78,41;2,82;27,11;27,21;99,51;284,57;19,97;1,68
2025.0;8.0;2025-08-01;BRASPINE;TAQUARAL;PR;JAGUARIAIVA;519,13;31,07;19,35;14,27;77,21;3,11;29,12;26,69;100,00;270,16;11,51;11,13
2025.0;8.0;2025-08-01;BRASPINE;TUCUNDUVA;PR;SENGES;82,21;60,89;15,77;14,85;73,73;3,19;25,91;27,61;99,20;305,42;14,32;0,75
2025.0;8.0;2025-08-01;BRASPINE;TUCUNDUVA - CHAMMA;;;;;14,07;15,07;73,48;3,75;25,50;27,82;99,10;314,00;15,99;31,49
2025.0;8.0;2025-08-01;BRASPINE;VIENA 1;PR;DOUTOR ULYSSES;263,98;178,34;23,89;13,97;79,76;1,86;29,82;26,80;99,99;285,85;11,77;5,88
2025.0;8.0;2025-08-01;BRASPINE;VIENA 2;PR;CERRO AZUL;140,23;96,54;24,82;15,17;80,17;3,29;28,67;29,34;99,95;327,43;11,31;7,03
2025.0;8.0;2025-08-01;BRASPINE;VITORIA;PR;SENGES;50,54;35,69;18,68;14,25;76,76;3,37;26,87;26,75;99,61;283,87;15,23;3,65
2025.0;8.0;2025-08-01;BRASPINE;VIVEIRO;PR;DOUTOR ULYSSES;405,39;261,22;21,45;14,38;80,14;2,86;27,34;27,84;100,00;293,25;15,45;11,84
2025.0;8.0;2025-08-01;BRASPINE;VO LINO;PR;DOUTOR ULYSSES;164,50;97,89;27,08;14,45;81,33;3,22;27,51;28,36;100,00;298,11;15,63;2,35
2025.0;8.0;2025-08-01;BRASPINE;XAXIM VELHO;;;;;114,72;13,46;79,45;0,75;38,47;25,16;100,00;248,00;7,91;2,64
2025.0;9.0;2025-09-01;BRASPINE;AGUA DOCE;PR;JAGUARIAIVA;238,97;121,99;41,17;16,96;72,55;7,95;26,60;29,02;99,10;302,56;0,00;1,57
2025.0;9.0;2025-09-01;BRASPINE;AMATA;;;;;60,25;18,14;76,99;9,07;30,67;32,01;99,63;284,61;0,00;4,50
2025.0;9.0;2025-09-01;BRASPINE;ANTA BRAVA;;;;;19,80;20,66;63,76;11,53;17,72;33,89;95,48;199,21;0,00;6,01
2025.0;9.0;2025-09-01;BRASPINE;ARAPONGAS;PR;SENGES;423,34;263,70;43,20;16,94;77,18;9,13;27,47;29,63;100,00;343,07;0,00;0,12
2025.0;9.0;2025-09-01;BRASPINE;ARROIO CLARO;PR;DOUTOR ULYSSES;275,14;92,00;51,93;17,00;78,33;9,08;27,73;30,08;100,00;347,62;0,00;6,23
2025.0;9.0;2025-09-01;BRASPINE;BARRA GRANDE;PR;DOUTOR ULYSSES;493,79;139,68;50,81;17,32;77,90;9,31;27,75;30,49;100,00;354,42;0,00;0,38
2025.0;9.0;2025-09-01;BRASPINE;BARRA GRANDE - BEMAIS;PR;GUARAPUAVA;299,16;108,61;92,39;16,57;76,37;6,45;37,20;27,61;99,91;321,76;0,00;6,12
2025.0;9.0;2025-09-01;BRASPINE;BARRETOS;PR;JAGUARIAIVA;43,35;32,98;42,63;16,81;75,68;8,40;26,93;29,51;99,85;305,77;0,00;3,80
2025.0;9.0;2025-09-01;BRASPINE;BAU;;;;;120,24;16,85;74,07;5,76;35,30;27,54;99,88;301,90;0,00;4,30
2025.0;9.0;2025-09-01;BRASPINE;BOA VISTA II;PR;PIRAI DO SUL;944,00;535,05;42,74;16,76;74,33;7,89;26,89;29,26;99,58;298,41;0,00;4,46
2025.0;9.0;2025-09-01;BRASPINE;BRASILEIRA;;;;;49,24;16,94;77,18;9,13;27,47;29,63;100,00;343,07;0,00;0,12
2025.0;9.0;2025-09-01;BRASPINE;BURACAO;;;;;71,17;16,74;76,21;6,87;29,92;29,34;99,84;304,89;0,00;1,54
2025.0;9.0;2025-09-01;BRASPINE;BURRINHO;PR;DOUTOR ULYSSES;211,01;100,37;52,06;17,00;78,33;9,08;27,73;30,08;100,00;347,62;0,00;6,23
2025.0;9.0;2025-09-01;BRASPINE;CADEADO I;PR;JAGUARIAIVA;21,07;12,29;42,38;16,73;76,48;8,73;27,09;29,39;99,95;320,16;0,00;2,38
2025.0;9.0;2025-09-01;BRASPINE;CADEADO II;PR;JAGUARIAIVA;21,88;16,79;42,38;16,73;76,48;8,73;27,09;29,39;99,95;320,16;0,00;2,38
2025.0;9.0;2025-09-01;BRASPINE;CAMPINA ALTA;PR;TIBAGI;29,77;18,24;63,55;18,64;69,15;8,01;29,04;30,79;99,85;312,57;0,00;0,86
2025.0;9.0;2025-09-01;BRASPINE;CAMPINA DO ELIAS;PR;JAGUARIAIVA;29,17;14,65;44,81;16,78;75,97;8,53;26,99;29,47;99,88;320,65;0,00;3,57
2025.0;9.0;2025-09-01;BRASPINE;CAMPO NOVO;PR;JAGUARIAIVA;295,98;156,36;41,43;16,73;76,48;8,73;27,09;29,39;99,95;320,16;0,00;2,38
2025.0;9.0;2025-09-01;BRASPINE;CONSULTORIA II A;PR;DOUTOR ULYSSES;89,62;60,79;48,78;16,94;77,18;9,13;27,47;29,63;100,00;343,07;0,00;0,12
2025.0;9.0;2025-09-01;BRASPINE;DINIZ;;;;;45,05;16,94;77,18;9,13;27,47;29,63;100,00;343,07;0,00;0,12
2025.0;9.0;2025-09-01;BRASPINE;ENES;PR;JAGUARIAIVA;5,93;5,69;41,15;16,73;76,48;8,73;27,09;29,39;99,95;320,16;0,00;2,38
2025.0;9.0;2025-09-01;BRASPINE;ENGENHARIA;;;;;45,05;16,94;77,18;9,13;27,47;29,63;100,00;343,07;0,00;0,12
2025.0;9.0;2025-09-01;BRASPINE;ESTACAO;PR;SENGES;4,76;4,14;44,05;16,73;76,48;8,73;27,09;29,39;99,95;320,16;0,00;2,38
2025.0;9.0;2025-09-01;BRASPINE;FAXINAL;PR;JAGUARIAIVA;20,65;20,65;41,15;16,73;76,48;8,73;27,09;29,39;99,95;320,16;0,00;2,38
2025.0;9.0;2025-09-01;BRASPINE;FEITAL;PR;DOUTOR ULYSSES;154,17;86,53;51,50;17,06;77,42;9,19;27,56;29,82;100,00;346,85;0,00;2,28
2025.0;9.0;2025-09-01;BRASPINE;FIGUEIRA;PR;DOUTOR ULYSSES;1053,81;315,71;51,40;17,00;78,33;9,08;27,73;30,08;100,00;347,62;0,00;6,23
2025.0;9.0;2025-09-01;BRASPINE;FIGUEIRINHA;PR;DOUTOR ULYSSES;94,37;56,74;53,40;17,00;78,33;9,08;27,73;30,08;100,00;347,62;0,00;6,23
2025.0;9.0;2025-09-01;BRASPINE;FLOEMA;PR;DOUTOR ULYSSES;2189,88;701,43;46,88;16,61;77,47;8,56;27,37;29,50;99,97;333,78;0,00;8,35
2025.0;9.0;2025-09-01;BRASPINE;FLOEMA I - SUDATI;;;;;42,40;16,94;77,18;9,13;27,47;29,63;100,00;343,07;0,00;0,12
2025.0;9.0;2025-09-01;BRASPINE;FLOEMA II - SUDATI;PR;DOUTOR ULYSSES;453,83;211,13;42,60;16,94;77,18;9,13;27,47;29,63;100,00;343,07;0,00;0,12
2025.0;9.0;2025-09-01;BRASPINE;FLOR DA SERRA;PR;SAO JOSE DA BOA VISTA;209,10;128,72;27,94;19,65;64,13;9,86;24,14;31,98;94,56;239,63;0,00;1,25
2025.0;9.0;2025-09-01;BRASPINE;GENTIL;PR;JAGUARIAIVA;126,77;53,33;41,12;16,84;72,64;7,45;27,11;28,84;98,85;298,95;0,00;4,27
2025.0;9.0;2025-09-01;BRASPINE;GUAIRACA;PR;GUARAPUAVA;623,62;169,31;99,78;16,52;76,81;6,09;37,06;27,70;99,94;321,13;0,00;4,28
2025.0;9.0;2025-09-01;BRASPINE;HERVAL 2 - MADALOSSO;;;;;73,42;16,74;76,21;6,87;29,92;29,34;99,84;304,89;0,00;1,54
2025.0;9.0;2025-09-01;BRASPINE;HERVAL DE BAIXO;PR;RESERVA;827,29;475,92;78,90;18,56;70,01;6,81;30,05;30,83;99,77;336,59;0,00;0,70
2025.0;9.0;2025-09-01;BRASPINE;HORTO 01;PR;TURVO;19,12;19,12;114,83;17,33;75,75;5,29;38,12;28,98;99,47;317,24;0,00;0,04
2025.0;9.0;2025-09-01;BRASPINE;HORTO 02;PR;TURVO;4,24;4,24;115,89;17,33;75,75;5,29;38,12;28,98;99,47;317,24;0,00;0,04
2025.0;9.0;2025-09-01;BRASPINE;HORTO 03;PR;PRUDENTOPOLIS;80,91;25,89;107,29;17,78;75,03;6,50;37,30;29,61;99,76;315,26;0,00;0,71
2025.0;9.0;2025-09-01;BRASPINE;HORTO 08;PR;TURVO;9,53;9,53;100,36;17,78;75,03;6,50;37,30;29,61;99,76;315,26;0,00;0,71
2025.0;9.0;2025-09-01;BRASPINE;HORTO 12;PR;PRUDENTOPOLIS;12,20;12,20;101,42;17,78;75,03;6,50;37,30;29,61;99,76;315,26;0,00;0,71
2025.0;9.0;2025-09-01;BRASPINE;IZAU;PR;PIRAI DO SUL;19,37;11,60;39,56;16,77;73,93;7,57;27,20;29,13;99,12;284,03;0,00;6,15
2025.0;9.0;2025-09-01;BRASPINE;JOAO RICO;PR;JAGUARIAIVA;47,46;26,18;40,85;16,96;72,55;7,95;26,60;29,02;99,10;302,56;0,00;1,57
2025.0;9.0;2025-09-01;BRASPINE;LAGOA;PR;JAGUARIAIVA;24,10;10,78;44,21;16,73;76,48;8,73;27,09;29,39;99,95;320,16;0,00;2,38
2025.0;9.0;2025-09-01;BRASPINE;MARACANA;PR;JANDAIA DO SUL;11,45;11,45;71,34;22,02;54,89;11,08;20,72;33,98;99,81;133,07;0,00;0,23
2025.0;9.0;2025-09-01;BRASPINE;MARRECA;;;;;53,57;17,00;78,33;9,08;27,73;30,08;100,00;347,62;0,00;6,23
2025.0;9.0;2025-09-01;BRASPINE;MARRECA SP;SP;ITAPIRAPUA PAULISTA;675,30;236,19;52,04;17,51;78,96;8,79;28,25;31,13;100,00;313,77;0,00;3,95
2025.0;9.0;2025-09-01;BRASPINE;MARRECAS;;;;;106,66;16,10;76,74;6,04;35,17;26,86;100,00;311,85;0,00;2,08
2025.0;9.0;2025-09-01;BRASPINE;MERCADINHO;;;;;54,93;17,60;77,87;9,07;28,84;31,14;99,95;302,39;0,00;0,00
2025.0;9.0;2025-09-01;BRASPINE;MONTE ALEGRE;;;;;73,75;22,50;54,67;11,49;20,60;34,59;99,35;107,49;0,00;2,21
2025.0;9.0;2025-09-01;BRASPINE;MONTE TABOR II;;;;;56,25;16,83;81,54;7,82;33,39;30,92;99,97;351,73;0,00;1,37
2025.0;9.0;2025-09-01;BRASPINE;MOREIRA;PR;DOUTOR ULYSSES;230,52;68,68;42,60;16,94;77,18;9,13;27,47;29,63;100,00;343,07;0,00;0,12
2025.0;9.0;2025-09-01;BRASPINE;MOREIRAS II;PR;DOUTOR ULYSSES;66,76;28,75;49,69;16,94;77,18;9,13;27,47;29,63;100,00;343,07;0,00;0,12
2025.0;9.0;2025-09-01;BRASPINE;MORRETES;PR;ORTIGUEIRA;20,36;20,36;67,48;19,07;69,18;6,79;29,53;31,58;99,55;312,68;0,00;326,64
2025.0;9.0;2025-09-01;BRASPINE;MORRO AZUL;;;;;44,91;16,96;77,86;9,17;26,49;29,83;99,99;343,68;0,00;332,36
2025.0;9.0;2025-09-01;BRASPINE;OURO FINO;SP;APIAI;51,70;51,70;52,42;16,61;80,17;8,62;27,64;29,78;99,91;341,97;0,00;3,41
2025.0;9.0;2025-09-01;BRASPINE;PALMEIRINHA DE BAIXO - SOSSEGO;PR;SENGES;85,93;9,22;39,04;16,81;73,86;8,69;26,14;28,85;99,42;333,26;0,00;1,22
2025.0;9.0;2025-09-01;BRASPINE;PAZIN;PR;DOUTOR ULYSSES;41,20;23,90;52,52;17,00;78,33;9,08;27,73;30,08;100,00;347,62;0,00;6,23
2025.0;9.0;2025-09-01;BRASPINE;PEDRAS;PR;CASTRO;7,18;7,18;41,39;16,60;75,20;6,47;30,49;28,91;99,48;292,95;0,00;2,28
2025.0;9.0;2025-09-01;BRASPINE;PESCARIA;PR;SAO JOSE DA BOA VISTA;184,57;129,22;29,61;19,66;64,58;9,84;22,80;32,05;94,60;224,79;0,00;1,96
2025.0;9.0;2025-09-01;BRASPINE;PESSEGUEIRO;PR;DOUTOR ULYSSES;109,95;64,79;48,43;16,94;77,18;9,13;27,47;29,63;100,00;343,07;0,00;0,12
2025.0;9.0;2025-09-01;BRASPINE;PITANGA;;;;;118,84;17,77;72,43;6,01;37,51;28,90;99,75;311,75;0,00;1,89
2025.0;9.0;2025-09-01;BRASPINE;QUEIMADINHO ARROIO CLARO;PR;DOUTOR ULYSSES;48,13;19,09;49,24;16,94;77,18;9,13;27,47;29,63;100,00;343,07;0,00;0,12
2025.0;9.0;2025-09-01;BRASPINE;QUEIMADINHO M6042;PR;DOUTOR ULYSSES;48,38;18,50;49,24;16,94;77,18;9,13;27,47;29,63;100,00;343,07;0,00;0,12
2025.0;9.0;2025-09-01;BRASPINE;QUEIMADINHO USUCAPIAO;PR;DOUTOR ULYSSES;200,27;92,43;49,24;16,94;77,18;9,13;27,47;29,63;100,00;343,07;0,00;0,12
2025.0;9.0;2025-09-01;BRASPINE;RAMOS;PR;SENGES;69,83;38,15;42,40;16,73;76,48;8,73;27,09;29,39;99,95;320,16;0,00;2,38
2025.0;9.0;2025-09-01;BRASPINE;RIBEIRAO GRANDE;PR;JAGUARIAIVA;20,77;20,77;37,41;16,77;73,93;7,57;27,20;29,13;99,12;284,03;0,00;6,15
2025.0;9.0;2025-09-01;BRASPINE;RINCAO DE BAIXO;;;;;35,27;17,76;69,34;6,94;27,34;29,53;99,40;295,76;0,00;1,39
2025.0;9.0;2025-09-01;BRASPINE;RIO BOMBA;PR;CERRO AZUL;65,03;37,72;56,17;17,83;76,51;8,58;30,28;31,38;99,85;305,63;0,00;7,31
2025.0;9.0;2025-09-01;BRASPINE;RIO DO MEIO;PR;DOUTOR ULYSSES;712,33;389,13;49,57;16,94;77,18;9,13;27,47;29,63;100,00;343,07;0,00;0,12
2025.0;9.0;2025-09-01;BRASPINE;RONDON;PR;JAGUARIAIVA;2899,24;1475,88;39,95;16,78;74,32;8,55;27,40;28,84;99,55;332,42;0,00;8,66
2025.0;9.0;2025-09-01;BRASPINE;SANTA FELICIDADE;;;;;56,43;17,72;79,63;8,14;28,45;31,80;100,00;303,13;0,00;1,66
2025.0;9.0;2025-09-01;BRASPINE;SANTA LIDIA DO CERCADINHO;;;;;37,07;17,43;69,59;6,84;27,42;28,97;99,38;289,85;0,00;0,30
2025.0;9.0;2025-09-01;BRASPINE;SANTO ANTONIO;;;;;42,48;16,73;74,68;8,50;25,30;29,03;99,51;331,88;0,00;18,25
2025.0;9.0;2025-09-01;BRASPINE;SAO JOSE;PR;JANDAIA DO SUL;37,56;37,56;73,88;22,33;54,89;11,40;20,87;34,33;99,53;121,47;0,00;2,88
2025.0;9.0;2025-09-01;BRASPINE;SAO MATHEUS;;;;;74,21;23,42;54,32;11,37;20,95;35,87;99,26;95,23;0,00;0,54
2025.0;9.0;2025-09-01;BRASPINE;SAO PEDRO E SAO PAULO;PR;SAPOPEMA;709,13;323,93;61,23;19,61;61,28;8,99;22,13;31,72;95,20;289,67;0,00;5,27
2025.0;9.0;2025-09-01;BRASPINE;SAO RAFAEL;;;;;90,03;16,22;77,96;5,96;33,79;28,26;99,84;297,97;0,00;0,89
2025.0;9.0;2025-09-01;BRASPINE;SAO RAFAEL - PB;;;;;48,65;16,73;79,63;8,94;26,90;29,77;99,95;343,88;0,00;5,20
2025.0;9.0;2025-09-01;BRASPINE;SERRARIA;PR;DOUTOR ULYSSES;280,88;117,71;49,84;16,80;77,90;8,95;27,55;29,79;99,99;340,74;0,00;7,31
2025.0;9.0;2025-09-01;BRASPINE;SERRO VERDE;;;;;125,02;17,28;73,05;5,22;34,86;28,06;99,90;298,70;0,00;0,14
2025.0;9.0;2025-09-01;BRASPINE;SERTAOZINHO;PR;DOUTOR ULYSSES;16,25;16,25;41,77;16,94;77,18;9,13;27,47;29,63;100,00;343,07;0,00;0,12
2025.0;9.0;2025-09-01;BRASPINE;SITIO BASILIO;PR;JAGUARIAIVA;8,08;8,08;41,23;16,89;72,21;7,55;26,94;28,80;98,83;299,72;0,00;2,93
2025.0;9.0;2025-09-01;BRASPINE;SITIO DAS MARRECAS;PR;DOUTOR ULYSSES;77,49;35,17;52,17;17,36;78,78;8,99;28,10;30,77;99,98;325,69;0,00;4,60
2025.0;9.0;2025-09-01;BRASPINE;SOBRADINHO;SP;BOM SUCESSO DE ITARARE;285,80;123,10;48,74;16,57;76,54;8,35;25,46;29,00;99,85;332,35;0,00;3,48
2025.0;9.0;2025-09-01;BRASPINE;TAQUARAL;PR;JAGUARIAIVA;519,13;31,07;39,45;16,85;73,73;8,32;27,34;28,96;99,48;317,61;0,00;13,35
2025.0;9.0;2025-09-01;BRASPINE;TUCUNDUVA;PR;SENGES;82,21;60,89;38,34;17,68;69,56;8,40;24,78;29,43;97,69;330,49;0,00;4,45
2025.0;9.0;2025-09-01;BRASPINE;TUCUNDUVA - CHAMMA;;;;;38,25;17,77;70,02;9,05;25,35;29,55;97,49;337,84;0,00;1,75
2025.0;9.0;2025-09-01;BRASPINE;VIENA 1;PR;DOUTOR ULYSSES;263,98;178,34;49,57;16,49;76,76;8,04;28,55;29,06;99,91;313,32;0,00;8,50
2025.0;9.0;2025-09-01;BRASPINE;VIENA 2;PR;CERRO AZUL;140,23;96,54;56,33;17,83;76,51;8,58;30,28;31,38;99,85;305,63;0,00;7,31
2025.0;9.0;2025-09-01;BRASPINE;VITORIA;PR;SENGES;50,54;35,69;39,04;16,81;73,86;8,69;26,14;28,85;99,42;333,26;0,00;1,22
2025.0;9.0;2025-09-01;BRASPINE;VIVEIRO;PR;DOUTOR ULYSSES;405,39;261,22;49,69;16,94;77,18;9,13;27,47;29,63;100,00;343,07;0,00;0,12
2025.0;9.0;2025-09-01;BRASPINE;VO LINO;PR;DOUTOR ULYSSES;164,50;97,89;53,15;17,00;78,33;9,08;27,73;30,08;100,00;347,62;0,00;6,23
2025.0;9.0;2025-09-01;BRASPINE;XAXIM VELHO;;;;;130,70;16,02;77,62;5,34;34,83;26,91;99,97;285,58;0,00;5,31
2025.0;10.0;2025-10-01;BRASPINE;AGUA DOCE;PR;JAGUARIAIVA;238,97;121,99;123,09;17,06;80,63;8,54;37,57;28,50;99,80;242,12;0,00;6,10
2025.0;10.0;2025-10-01;BRASPINE;AMATA;;;;;114,65;18,51;83,03;11,70;38,43;31,53;100,00;192,43;0,00;3,77
2025.0;10.0;2025-10-01;BRASPINE;ANTA BRAVA;;;;;123,84;20,71;71,02;11,35;25,35;33,76;97,65;117,02;0,00;21,28
2025.0;10.0;2025-10-01;BRASPINE;ARAPONGAS;PR;SENGES;423,34;263,70;126,11;17,16;83,62;9,52;37,63;29,28;100,00;251,16;0,00;2,47
2025.0;10.0;2025-10-01;BRASPINE;ARROIO CLARO;PR;DOUTOR ULYSSES;275,14;92,00;114,26;17,26;84,37;9,73;37,63;29,86;100,00;255,36;0,00;8,07
2025.0;10.0;2025-10-01;BRASPINE;BARRA GRANDE;PR;DOUTOR ULYSSES;493,79;139,68;117,25;17,66;83,76;10,30;37,09;30,21;100,00;263,03;0,00;2,40
2025.0;10.0;2025-10-01;BRASPINE;BARRA GRANDE - BEMAIS;PR;GUARAPUAVA;299,16;108,61;212,76;16,61;82,41;8,27;41,86;27,12;99,98;326,57;0,00;4,55
2025.0;10.0;2025-10-01;BRASPINE;BARRETOS;PR;JAGUARIAIVA;43,35;32,98;126,05;16,97;82,99;8,78;38,49;28,87;99,98;242,10;0,00;0,95
2025.0;10.0;2025-10-01;BRASPINE;BAU;;;;;241,20;16,77;80,79;8,12;41,69;26,76;99,89;285,01;0,00;1,62
2025.0;10.0;2025-10-01;BRASPINE;BOA VISTA II;PR;PIRAI DO SUL;944,00;535,05;122,27;16,89;82,12;8,34;38,54;28,64;99,96;237,90;0,00;7,92
2025.0;10.0;2025-10-01;BRASPINE;BRASILEIRA;;;;;117,97;17,16;83,62;9,52;37,63;29,28;100,00;251,16;0,00;2,47
2025.0;10.0;2025-10-01;BRASPINE;BURACAO;;;;;125,59;16,89;83,50;9,12;39,56;28,95;99,83;262,01;0,00;3,57
2025.0;10.0;2025-10-01;BRASPINE;BURRINHO;PR;DOUTOR ULYSSES;211,01;100,37;114,06;17,26;84,37;9,73;37,63;29,86;100,00;255,36;0,00;8,07
2025.0;10.0;2025-10-01;BRASPINE;CADEADO I;PR;JAGUARIAIVA;21,07;12,29;119,42;16,93;83,23;9,03;38,26;28,71;100,00;243,54;0,00;2,16
2025.0;10.0;2025-10-01;BRASPINE;CADEADO II;PR;JAGUARIAIVA;21,88;16,79;119,42;16,93;83,23;9,03;38,26;28,71;100,00;243,54;0,00;2,16
2025.0;10.0;2025-10-01;BRASPINE;CAMPINA ALTA;PR;TIBAGI;29,77;18,24;155,90;18,48;77,87;9,65;35,30;30,12;99,89;211,96;0,00;0,19
2025.0;10.0;2025-10-01;BRASPINE;CAMPINA DO ELIAS;PR;JAGUARIAIVA;29,17;14,65;119,57;16,96;83,08;8,87;38,41;28,81;99,99;242,61;0,00;1,38
2025.0;10.0;2025-10-01;BRASPINE;CAMPO NOVO;PR;JAGUARIAIVA;295,98;156,36;127,21;16,93;83,23;9,03;38,26;28,71;100,00;243,54;0,00;2,16
2025.0;10.0;2025-10-01;BRASPINE;CONSULTORIA II A;PR;DOUTOR ULYSSES;89,62;60,79;114,21;17,16;83,62;9,52;37,63;29,28;100,00;251,16;0,00;2,47
2025.0;10.0;2025-10-01;BRASPINE;DINIZ;;;;;120,95;17,16;83,62;9,52;37,63;29,28;100,00;251,16;0,00;2,47
2025.0;10.0;2025-10-01;BRASPINE;ENES;PR;JAGUARIAIVA;5,93;5,69;127,23;16,93;83,23;9,03;38,26;28,71;100,00;243,54;0,00;2,16
2025.0;10.0;2025-10-01;BRASPINE;ENGENHARIA;;;;;120,95;17,16;83,62;9,52;37,63;29,28;100,00;251,16;0,00;2,47
2025.0;10.0;2025-10-01;BRASPINE;ESTACAO;PR;SENGES;4,76;4,14;114,19;16,93;83,23;9,03;38,26;28,71;100,00;243,54;0,00;2,16
2025.0;10.0;2025-10-01;BRASPINE;FAXINAL;PR;JAGUARIAIVA;20,65;20,65;127,23;16,93;83,23;9,03;38,26;28,71;100,00;243,54;0,00;2,16
2025.0;10.0;2025-10-01;BRASPINE;FEITAL;PR;DOUTOR ULYSSES;154,17;86,53;115,09;17,33;83,66;9,78;37,45;29,59;100,00;255,08;0,00;0,12
2025.0;10.0;2025-10-01;BRASPINE;FIGUEIRA;PR;DOUTOR ULYSSES;1053,81;315,71;115,95;17,26;84,37;9,73;37,63;29,86;100,00;255,36;0,00;8,07
2025.0;10.0;2025-10-01;BRASPINE;FIGUEIRINHA;PR;DOUTOR ULYSSES;94,37;56,74;110,22;17,26;84,37;9,73;37,63;29,86;100,00;255,36;0,00;8,07
2025.0;10.0;2025-10-01;BRASPINE;FLOEMA;PR;DOUTOR ULYSSES;2189,88;701,43;118,39;16,79;83,95;8,88;37,75;29,00;100,00;258,28;0,00;0,78
2025.0;10.0;2025-10-01;BRASPINE;FLOEMA I - SUDATI;;;;;114,36;17,16;83,62;9,52;37,63;29,28;100,00;251,16;0,00;2,47
2025.0;10.0;2025-10-01;BRASPINE;FLOEMA II - SUDATI;PR;DOUTOR ULYSSES;453,83;211,13;112,99;17,16;83,62;9,52;37,63;29,28;100,00;251,16;0,00;2,47
2025.0;10.0;2025-10-01;BRASPINE;FLOR DA SERRA;PR;SAO JOSE DA BOA VISTA;209,10;128,72;130,20;19,70;72,67;10,91;31,12;31,70;99,41;170,45;0,00;6,13
2025.0;10.0;2025-10-01;BRASPINE;GENTIL;PR;JAGUARIAIVA;126,77;53,33;127,10;16,92;80,68;8,39;38,35;28,28;99,64;239,77;0,00;8,91
2025.0;10.0;2025-10-01;BRASPINE;GUAIRACA;PR;GUARAPUAVA;623,62;169,31;214,25;16,63;82,57;8,56;42,43;27,32;99,99;328,27;0,00;1,16
2025.0;10.0;2025-10-01;BRASPINE;HERVAL 2 - MADALOSSO;;;;;125,77;16,89;83,50;9,12;39,56;28,95;99,83;262,01;0,00;3,57
2025.0;10.0;2025-10-01;BRASPINE;HERVAL DE BAIXO;PR;RESERVA;827,29;475,92;159,49;18,44;78,34;9,56;36,19;30,19;99,82;210,45;0,00;8,35
2025.0;10.0;2025-10-01;BRASPINE;HORTO 01;PR;TURVO;19,12;19,12;214,88;17,43;81,97;8,77;45,19;28,06;99,66;265,66;0,00;4,53
2025.0;10.0;2025-10-01;BRASPINE;HORTO 02;PR;TURVO;4,24;4,24;217,99;17,43;81,97;8,77;45,19;28,06;99,66;265,66;0,00;4,53
2025.0;10.0;2025-10-01;BRASPINE;HORTO 03;PR;PRUDENTOPOLIS;80,91;25,89;207,69;17,83;81,48;9,37;42,07;28,69;99,92;230,86;0,00;0,78
2025.0;10.0;2025-10-01;BRASPINE;HORTO 08;PR;TURVO;9,53;9,53;211,71;17,83;81,48;9,37;42,07;28,69;99,92;230,86;0,00;0,78
2025.0;10.0;2025-10-01;BRASPINE;HORTO 12;PR;PRUDENTOPOLIS;12,20;12,20;208,70;17,83;81,48;9,37;42,07;28,69;99,92;230,86;0,00;0,78
2025.0;10.0;2025-10-01;BRASPINE;IZAU;PR;PIRAI DO SUL;19,37;11,60;129,42;16,84;81,80;8,23;38,65;28,46;99,50;237,73;0,00;1,49
2025.0;10.0;2025-10-01;BRASPINE;JOAO RICO;PR;JAGUARIAIVA;47,46;26,18;124,92;17,06;80,63;8,54;37,57;28,50;99,80;242,12;0,00;6,10
2025.0;10.0;2025-10-01;BRASPINE;LAGOA;PR;JAGUARIAIVA;24,10;10,78;119,75;16,93;83,23;9,03;38,26;28,71;100,00;243,54;0,00;2,16
2025.0;10.0;2025-10-01;BRASPINE;MARACANA;PR;JANDAIA DO SUL;11,45;11,45;191,34;21,07;70,43;11,34;25,41;33,34;99,97;76,33;0,00;1,75
2025.0;10.0;2025-10-01;BRASPINE;MARRECA;;;;;111,57;17,26;84,37;9,73;37,63;29,86;100,00;255,36;0,00;8,07
2025.0;10.0;2025-10-01;BRASPINE;MARRECA SP;SP;ITAPIRAPUA PAULISTA;675,30;236,19;109,28;17,92;84,36;10,85;37,04;31,00;100,00;254,79;0,00;5,65
2025.0;10.0;2025-10-01;BRASPINE;MARRECAS;;;;;219,95;16,12;82,74;7,82;42,91;26,53;100,00;329,75;0,00;0,46
2025.0;10.0;2025-10-01;BRASPINE;MERCADINHO;;;;;109,19;17,93;83,77;10,79;37,68;30,87;100,00;226,24;0,00;0,36
2025.0;10.0;2025-10-01;BRASPINE;MONTE ALEGRE;;;;;187,01;21,61;69,35;11,85;24,58;33,78;99,98;64,49;0,00;2,40
2025.0;10.0;2025-10-01;BRASPINE;MONTE TABOR II;;;;;112,22;17,33;85,24;9,88;38,06;29,90;100,00;278,90;0,00;16,21
2025.0;10.0;2025-10-01;BRASPINE;MOREIRA;PR;DOUTOR ULYSSES;230,52;68,68;112,99;17,16;83,62;9,52;37,63;29,28;100,00;251,16;0,00;2,47
2025.0;10.0;2025-10-01;BRASPINE;MOREIRAS II;PR;DOUTOR ULYSSES;66,76;28,75;114,39;17,16;83,62;9,52;37,63;29,28;100,00;251,16;0,00;2,47
2025.0;10.0;2025-10-01;BRASPINE;MORRETES;PR;ORTIGUEIRA;20,36;20,36;175,96;18,98;77,64;10,03;34,30;31,02;99,87;171,72;0,00;1,69
2025.0;10.0;2025-10-01;BRASPINE;MORRO AZUL;;;;;104,97;17,31;83,69;9,70;37,74;29,47;100,00;253,92;0,00;4,57
2025.0;10.0;2025-10-01;BRASPINE;OURO FINO;SP;APIAI;51,70;51,70;97,75;17,05;84,73;9,49;38,36;29,35;100,00;282,43;0,00;43,89
2025.0;10.0;2025-10-01;BRASPINE;PALMEIRINHA DE BAIXO - SOSSEGO;PR;SENGES;85,93;9,22;110,23;16,98;81,14;8,90;37,57;28,12;99,79;257,96;0,00;1,53
2025.0;10.0;2025-10-01;BRASPINE;PAZIN;PR;DOUTOR ULYSSES;41,20;23,90;112,87;17,26;84,37;9,73;37,63;29,86;100,00;255,36;0,00;8,07
2025.0;10.0;2025-10-01;BRASPINE;PEDRAS;PR;CASTRO;7,18;7,18;128,02;16,77;82,53;8,12;41,23;28,24;99,49;237,13;0,00;4,52
2025.0;10.0;2025-10-01;BRASPINE;PESCARIA;PR;SAO JOSE DA BOA VISTA;184,57;129,22;131,88;19,73;72,96;11,09;30,83;31,90;99,40;171,12;0,00;6,56
2025.0;10.0;2025-10-01;BRASPINE;PESSEGUEIRO;PR;DOUTOR ULYSSES;109,95;64,79;111,86;17,16;83,62;9,52;37,63;29,28;100,00;251,16;0,00;2,47
2025.0;10.0;2025-10-01;BRASPINE;PITANGA;;;;;195,82;17,62;79,43;8,65;43,84;27,76;99,80;256,16;0,00;4,59
2025.0;10.0;2025-10-01;BRASPINE;QUEIMADINHO ARROIO CLARO;PR;DOUTOR ULYSSES;48,13;19,09;117,97;17,16;83,62;9,52;37,63;29,28;100,00;251,16;0,00;2,47
2025.0;10.0;2025-10-01;BRASPINE;QUEIMADINHO M6042;PR;DOUTOR ULYSSES;48,38;18,50;117,97;17,16;83,62;9,52;37,63;29,28;100,00;251,16;0,00;2,47
2025.0;10.0;2025-10-01;BRASPINE;QUEIMADINHO USUCAPIAO;PR;DOUTOR ULYSSES;200,27;92,43;117,97;17,16;83,62;9,52;37,63;29,28;100,00;251,16;0,00;2,47
2025.0;10.0;2025-10-01;BRASPINE;RAMOS;PR;SENGES;69,83;38,15;114,36;16,93;83,23;9,03;38,26;28,71;100,00;243,54;0,00;2,16
2025.0;10.0;2025-10-01;BRASPINE;RIBEIRAO GRANDE;PR;JAGUARIAIVA;20,77;20,77;126,60;16,84;81,80;8,23;38,65;28,46;99,50;237,73;0,00;1,49
2025.0;10.0;2025-10-01;BRASPINE;RINCAO DE BAIXO;;;;;144,82;17,79;77,21;8,95;36,73;29,08;99,95;230,13;0,00;2,91
2025.0;10.0;2025-10-01;BRASPINE;RIO BOMBA;PR;CERRO AZUL;65,03;37,72;118,77;18,11;83,00;10,95;38,61;30,89;99,99;230,08;0,00;4,62
2025.0;10.0;2025-10-01;BRASPINE;RIO DO MEIO;PR;DOUTOR ULYSSES;712,33;389,13;115,35;17,16;83,62;9,52;37,63;29,28;100,00;251,16;0,00;2,47
2025.0;10.0;2025-10-01;BRASPINE;RONDON;PR;JAGUARIAIVA;2899,24;1475,88;115,53;16,95;81,64;8,86;38,22;28,20;99,86;242,13;0,00;4,99
2025.0;10.0;2025-10-01;BRASPINE;SANTA FELICIDADE;;;;;111,18;18,23;84,42;11,47;36,59;31,66;100,00;231,86;0,00;2,59
2025.0;10.0;2025-10-01;BRASPINE;SANTA LIDIA DO CERCADINHO;;;;;140,85;17,46;77,48;8,73;36,92;28,54;99,92;238,68;0,00;2,34
2025.0;10.0;2025-10-01;BRASPINE;SANTO ANTONIO;;;;;113,23;16,96;81,52;8,96;37,82;28,24;100,00;258,19;0,00;12,42
2025.0;10.0;2025-10-01;BRASPINE;SAO JOSE;PR;JANDAIA DO SUL;37,56;37,56;188,78;21,44;69,65;11,71;24,99;33,59;100,00;78,59;0,00;2,54
2025.0;10.0;2025-10-01;BRASPINE;SAO MATHEUS;;;;;198,90;22,72;67,25;13,01;22,82;35,14;99,93;55,16;0,00;0,10
2025.0;10.0;2025-10-01;BRASPINE;SAO PEDRO E SAO PAULO;PR;SAPOPEMA;709,13;323,93;141,39;19,32;73,06;9,77;29,25;31,32;99,76;190,70;0,00;7,61
2025.0;10.0;2025-10-01;BRASPINE;SAO RAFAEL;;;;;143,81;16,53;82,96;9,37;41,77;28,96;99,53;275,27;0,00;1,58
2025.0;10.0;2025-10-01;BRASPINE;SAO RAFAEL - PB;;;;;98,68;17,15;84,54;9,59;38,06;29,48;100,00;268,59;0,00;47,87
2025.0;10.0;2025-10-01;BRASPINE;SERRARIA;PR;DOUTOR ULYSSES;280,88;117,71;115,07;17,02;84,16;9,30;37,69;29,43;100,00;249,37;0,00;0,13
2025.0;10.0;2025-10-01;BRASPINE;SERRO VERDE;;;;;239,04;17,18;79,49;8,57;40,41;27,24;99,91;262,60;0,00;2,23
2025.0;10.0;2025-10-01;BRASPINE;SERTAOZINHO;PR;DOUTOR ULYSSES;16,25;16,25;118,04;17,16;83,62;9,52;37,63;29,28;100,00;251,16;0,00;2,47
2025.0;10.0;2025-10-01;BRASPINE;SITIO BASILIO;PR;JAGUARIAIVA;8,08;8,08;123,24;16,98;80,32;8,48;37,92;28,29;99,69;241,04;0,00;7,77
2025.0;10.0;2025-10-01;BRASPINE;SITIO DAS MARRECAS;PR;DOUTOR ULYSSES;77,49;35,17;111,00;17,73;84,36;10,54;37,21;30,68;100,00;250,75;0,00;6,34
2025.0;10.0;2025-10-01;BRASPINE;SOBRADINHO;SP;BOM SUCESSO DE ITARARE;285,80;123,10;107,11;16,87;82,70;9,00;38,01;28,38;100,00;273,68;0,00;1,83
2025.0;10.0;2025-10-01;BRASPINE;TAQUARAL;PR;JAGUARIAIVA;519,13;31,07;116,93;17,00;81,46;8,67;38,39;28,40;99,99;241,48;0,00;2,85
2025.0;10.0;2025-10-01;BRASPINE;TUCUNDUVA;PR;SENGES;82,21;60,89;116,38;17,83;77,50;9,43;34,18;29,21;99,61;272,92;0,00;6,20
2025.0;10.0;2025-10-01;BRASPINE;TUCUNDUVA - CHAMMA;;;;;126,17;17,91;77,64;9,58;34,52;29,27;99,54;261,00;0,00;4,01
2025.0;10.0;2025-10-01;BRASPINE;VIENA 1;PR;DOUTOR ULYSSES;263,98;178,34;114,13;16,68;83,58;8,68;39,17;28,39;100,00;254,19;0,00;1,24
2025.0;10.0;2025-10-01;BRASPINE;VIENA 2;PR;CERRO AZUL;140,23;96,54;118,92;18,11;83,00;10,95;38,61;30,89;99,99;230,08;0,00;4,62
2025.0;10.0;2025-10-01;BRASPINE;VITORIA;PR;SENGES;50,54;35,69;110,23;16,98;81,14;8,90;37,57;28,12;99,79;257,96;0,00;1,53
2025.0;10.0;2025-10-01;BRASPINE;VIVEIRO;PR;DOUTOR ULYSSES;405,39;261,22;114,39;17,16;83,62;9,52;37,63;29,28;100,00;251,16;0,00;2,47
2025.0;10.0;2025-10-01;BRASPINE;VO LINO;PR;DOUTOR ULYSSES;164,50;97,89;112,49;17,26;84,37;9,73;37,63;29,86;100,00;255,36;0,00;8,07
2025.0;10.0;2025-10-01;BRASPINE;XAXIM VELHO;;;;;205,18;16,18;82,81;8,12;44,72;26,79;100,00;317,53;0,00;1,60
2025.0;11.0;2025-11-01;BRASPINE;AGUA DOCE;PR;JAGUARIAIVA;238,97;121,99;156,14;18,56;79,86;9,39;39,35;29,09;99,71;227,04;0,00;21,38
2025.0;11.0;2025-11-01;BRASPINE;AMATA;;;;;135,65;20,18;80,94;10,43;39,23;31,99;100,00;119,59;0,00;4,42
2025.0;11.0;2025-11-01;BRASPINE;ANTA BRAVA;;;;;137,48;21,43;75,03;12,56;34,22;32,21;98,81;99,68;0,00;40,30
2025.0;11.0;2025-11-01;BRASPINE;ARAPONGAS;PR;SENGES;423,34;263,70;147,83;18,73;81,62;9,61;39,39;30,16;100,00;218,58;0,00;15,41
2025.0;11.0;2025-11-01;BRASPINE;ARROIO CLARO;PR;DOUTOR ULYSSES;275,14;92,00;143,66;18,89;82,08;9,72;39,61;30,64;100,00;236,69;0,00;1,62
2025.0;11.0;2025-11-01;BRASPINE;BARRA GRANDE;PR;DOUTOR ULYSSES;493,79;139,68;142,20;19,24;81,65;9,75;38,69;30,87;100,00;211,56;0,00;4,23
2025.0;11.0;2025-11-01;BRASPINE;BARRA GRANDE - BEMAIS;PR;GUARAPUAVA;299,16;108,61;152,79;18,37;80,75;9,62;41,74;28,78;99,95;269,78;0,00;7,36
2025.0;11.0;2025-11-01;BRASPINE;BARRETOS;PR;JAGUARIAIVA;43,35;32,98;148,20;18,59;81,30;9,31;40,17;29,70;99,97;229,49;0,00;28,93
2025.0;11.0;2025-11-01;BRASPINE;BAU;;;;;160,71;18,37;80,03;10,45;41,44;28,57;99,88;257,34;0,00;0,65
2025.0;11.0;2025-11-01;BRASPINE;BOA VISTA II;PR;PIRAI DO SUL;944,00;535,05;144,47;18,50;80,66;9,13;39,75;29,22;99,95;226,25;0,00;29,13
2025.0;11.0;2025-11-01;BRASPINE;BRASILEIRA;;;;;142,54;18,73;81,62;9,61;39,39;30,16;100,00;218,58;0,00;15,41
2025.0;11.0;2025-11-01;BRASPINE;BURACAO;;;;;152,82;18,76;80,39;9,67;41,08;29,82;99,70;247,72;0,00;0,10
2025.0;11.0;2025-11-01;BRASPINE;BURRINHO;PR;DOUTOR ULYSSES;211,01;100,37;143,37;18,89;82,08;9,72;39,61;30,64;100,00;236,69;0,00;1,62
2025.0;11.0;2025-11-01;BRASPINE;CADEADO I;PR;JAGUARIAIVA;21,07;12,29;144,71;18,50;81,49;9,44;40,06;29,78;100,00;243,71;0,00;27,52
2025.0;11.0;2025-11-01;BRASPINE;CADEADO II;PR;JAGUARIAIVA;21,88;16,79;144,71;18,50;81,49;9,44;40,06;29,78;100,00;243,71;0,00;27,52
2025.0;11.0;2025-11-01;BRASPINE;CAMPINA ALTA;PR;TIBAGI;29,77;18,24;168,33;19,78;79,17;10,07;40,68;29,92;99,89;210,69;0,00;8,40
2025.0;11.0;2025-11-01;BRASPINE;CAMPINA DO ELIAS;PR;JAGUARIAIVA;29,17;14,65;140,56;18,56;81,37;9,36;40,56;29,73;99,98;229,27;0,00;28,44
2025.0;11.0;2025-11-01;BRASPINE;CAMPO NOVO;PR;JAGUARIAIVA;295,98;156,36;149,56;18,50;81,49;9,44;40,06;29,78;100,00;243,71;0,00;27,52
2025.0;11.0;2025-11-01;BRASPINE;CONSULTORIA II A;PR;DOUTOR ULYSSES;89,62;60,79;143,70;18,73;81,62;9,61;39,39;30,16;100,00;218,58;0,00;15,41
2025.0;11.0;2025-11-01;BRASPINE;DINIZ;;;;;148,88;18,73;81,62;9,61;39,39;30,16;100,00;218,58;0,00;15,41
2025.0;11.0;2025-11-01;BRASPINE;ENES;PR;JAGUARIAIVA;5,93;5,69;149,75;18,50;81,49;9,44;40,06;29,78;100,00;243,71;0,00;27,52
2025.0;11.0;2025-11-01;BRASPINE;ENGENHARIA;;;;;148,88;18,73;81,62;9,61;39,39;30,16;100,00;218,58;0,00;15,41
2025.0;11.0;2025-11-01;BRASPINE;ESTACAO;PR;SENGES;4,76;4,14;141,24;18,50;81,49;9,44;40,06;29,78;100,00;243,71;0,00;27,52
2025.0;11.0;2025-11-01;BRASPINE;FAXINAL;PR;JAGUARIAIVA;20,65;20,65;149,75;18,50;81,49;9,44;40,06;29,78;100,00;243,71;0,00;27,52
2025.0;11.0;2025-11-01;BRASPINE;FEITAL;PR;DOUTOR ULYSSES;154,17;86,53;143,65;18,90;81,63;9,66;39,16;30,39;100,00;221,30;0,00;11,44
2025.0;11.0;2025-11-01;BRASPINE;FIGUEIRA;PR;DOUTOR ULYSSES;1053,81;315,71;142,98;18,89;82,08;9,72;39,61;30,64;100,00;236,69;0,00;1,62
2025.0;11.0;2025-11-01;BRASPINE;FIGUEIRINHA;PR;DOUTOR ULYSSES;94,37;56,74;140,04;18,89;82,08;9,72;39,61;30,64;100,00;236,69;0,00;1,62
2025.0;11.0;2025-11-01;BRASPINE;FLOEMA;PR;DOUTOR ULYSSES;2189,88;701,43;139,28;18,41;81,82;9,49;40,29;29,87;100,00;257,08;0,00;0,16
2025.0;11.0;2025-11-01;BRASPINE;FLOEMA I - SUDATI;;;;;141,00;18,73;81,62;9,61;39,39;30,16;100,00;218,58;0,00;15,41
2025.0;11.0;2025-11-01;BRASPINE;FLOEMA II - SUDATI;PR;DOUTOR ULYSSES;453,83;211,13;142,45;18,73;81,62;9,61;39,39;30,16;100,00;218,58;0,00;15,41
2025.0;11.0;2025-11-01;BRASPINE;FLOR DA SERRA;PR;SAO JOSE DA BOA VISTA;209,10;128,72;142,38;20,82;74,38;11,82;36,55;31,59;98,63;139,30;0,00;15,43
2025.0;11.0;2025-11-01;BRASPINE;GENTIL;PR;JAGUARIAIVA;126,77;53,33;154,16;18,45;79,80;9,39;40,52;28,87;99,69;224,64;0,00;0,08
2025.0;11.0;2025-11-01;BRASPINE;GUAIRACA;PR;GUARAPUAVA;623,62;169,31;147,91;18,45;80,77;9,43;41,15;29,07;99,98;240,49;0,00;8,80
2025.0;11.0;2025-11-01;BRASPINE;HERVAL 2 - MADALOSSO;;;;;150,78;18,76;80,39;9,67;41,08;29,82;99,70;247,72;0,00;0,10
2025.0;11.0;2025-11-01;BRASPINE;HERVAL DE BAIXO;PR;RESERVA;827,29;475,92;174,31;19,75;79,57;9,64;40,48;29,90;99,82;207,18;0,00;8,59
2025.0;11.0;2025-11-01;BRASPINE;HORTO 01;PR;TURVO;19,12;19,12;159,65;19,08;81,16;9,74;42,69;29,34;99,76;247,98;0,00;2,30
2025.0;11.0;2025-11-01;BRASPINE;HORTO 02;PR;TURVO;4,24;4,24;157,57;19,08;81,16;9,74;42,69;29,34;99,76;247,98;0,00;2,30
2025.0;11.0;2025-11-01;BRASPINE;HORTO 03;PR;PRUDENTOPOLIS;80,91;25,89;165,59;19,53;80,60;9,91;42,11;29,95;99,87;223,74;0,00;5,00
2025.0;11.0;2025-11-01;BRASPINE;HORTO 08;PR;TURVO;9,53;9,53;165,48;19,53;80,60;9,91;42,11;29,95;99,87;223,74;0,00;5,00
2025.0;11.0;2025-11-01;BRASPINE;HORTO 12;PR;PRUDENTOPOLIS;12,20;12,20;166,33;19,53;80,60;9,91;42,11;29,95;99,87;223,74;0,00;5,00
2025.0;11.0;2025-11-01;BRASPINE;IZAU;PR;PIRAI DO SUL;19,37;11,60;150,90;18,47;80,36;9,28;40,31;29,09;99,55;225,79;0,00;0,11
2025.0;11.0;2025-11-01;BRASPINE;JOAO RICO;PR;JAGUARIAIVA;47,46;26,18;155,56;18,56;79,86;9,39;39,35;29,09;99,71;227,04;0,00;21,38
2025.0;11.0;2025-11-01;BRASPINE;LAGOA;PR;JAGUARIAIVA;24,10;10,78;140,92;18,50;81,49;9,44;40,06;29,78;100,00;243,71;0,00;27,52
2025.0;11.0;2025-11-01;BRASPINE;MARACANA;PR;JANDAIA DO SUL;11,45;11,45;222,39;21,70;74,29;12,79;33,31;32,72;99,94;70,44;0,00;1,81
2025.0;11.0;2025-11-01;BRASPINE;MARRECA;;;;;139,73;18,89;82,08;9,72;39,61;30,64;100,00;236,69;0,00;1,62
2025.0;11.0;2025-11-01;BRASPINE;MARRECA SP;SP;ITAPIRAPUA PAULISTA;675,30;236,19;140,61;19,55;82,00;9,80;39,09;31,49;100,00;201,38;0,00;3,39
2025.0;11.0;2025-11-01;BRASPINE;MARRECAS;;;;;140,94;17,90;80,82;9,32;41,59;28,28;99,99;305,91;0,00;3,43
2025.0;11.0;2025-11-01;BRASPINE;MERCADINHO;;;;;138,88;19,59;81,50;10,16;39,77;31,47;100,00;218,09;0,00;2,72
2025.0;11.0;2025-11-01;BRASPINE;MONTE ALEGRE;;;;;214,53;22,22;73,67;13,08;33,32;33,41;99,95;26,82;0,00;6,02
2025.0;11.0;2025-11-01;BRASPINE;MONTE TABOR II;;;;;142,38;18,71;83,47;9,13;41,54;30,19;100,00;237,13;0,00;8,21
2025.0;11.0;2025-11-01;BRASPINE;MOREIRA;PR;DOUTOR ULYSSES;230,52;68,68;142,45;18,73;81,62;9,61;39,39;30,16;100,00;218,58;0,00;15,41
2025.0;11.0;2025-11-01;BRASPINE;MOREIRAS II;PR;DOUTOR ULYSSES;66,76;28,75;143,86;18,73;81,62;9,61;39,39;30,16;100,00;218,58;0,00;15,41
2025.0;11.0;2025-11-01;BRASPINE;MORRETES;PR;ORTIGUEIRA;20,36;20,36;186,19;20,16;79,69;9,98;39,71;30,49;99,90;211,76;0,00;0,42
2025.0;11.0;2025-11-01;BRASPINE;MORRO AZUL;;;;;138,86;18,83;81,71;9,49;36,46;30,35;100,00;218,26;0,00;16,10
2025.0;11.0;2025-11-01;BRASPINE;OURO FINO;SP;APIAI;51,70;51,70;151,37;18,48;82,88;9,05;39,33;30,10;100,00;229,73;0,00;10,54
2025.0;11.0;2025-11-01;BRASPINE;PALMEIRINHA DE BAIXO - SOSSEGO;PR;SENGES;85,93;9,22;160,34;18,42;80,08;9,51;35,27;29,18;99,83;256,63;0,00;19,73
2025.0;11.0;2025-11-01;BRASPINE;PAZIN;PR;DOUTOR ULYSSES;41,20;23,90;143,31;18,89;82,08;9,72;39,61;30,64;100,00;236,69;0,00;1,62
2025.0;11.0;2025-11-01;BRASPINE;PEDRAS;PR;CASTRO;7,18;7,18;157,11;18,44;81,02;9,16;43,07;28,85;99,81;225,45;0,00;2,32
2025.0;11.0;2025-11-01;BRASPINE;PESCARIA;PR;SAO JOSE DA BOA VISTA;184,57;129,22;158,67;20,92;74,20;11,75;36,10;31,71;99,38;125,18;0,00;17,02
2025.0;11.0;2025-11-01;BRASPINE;PESSEGUEIRO;PR;DOUTOR ULYSSES;109,95;64,79;140,60;18,73;81,62;9,61;39,39;30,16;100,00;218,58;0,00;15,41
2025.0;11.0;2025-11-01;BRASPINE;PITANGA;;;;;159,89;19,10;79,58;10,22;41,59;29,34;99,71;224,37;0,00;8,44
2025.0;11.0;2025-11-01;BRASPINE;QUEIMADINHO ARROIO CLARO;PR;DOUTOR ULYSSES;48,13;19,09;142,54;18,73;81,62;9,61;39,39;30,16;100,00;218,58;0,00;15,41
2025.0;11.0;2025-11-01;BRASPINE;QUEIMADINHO M6042;PR;DOUTOR ULYSSES;48,38;18,50;142,54;18,73;81,62;9,61;39,39;30,16;100,00;218,58;0,00;15,41
2025.0;11.0;2025-11-01;BRASPINE;QUEIMADINHO USUCAPIAO;PR;DOUTOR ULYSSES;200,27;92,43;142,54;18,73;81,62;9,61;39,39;30,16;100,00;218,58;0,00;15,41
2025.0;11.0;2025-11-01;BRASPINE;RAMOS;PR;SENGES;69,83;38,15;141,00;18,50;81,49;9,44;40,06;29,78;100,00;243,71;0,00;27,52
2025.0;11.0;2025-11-01;BRASPINE;RIBEIRAO GRANDE;PR;JAGUARIAIVA;20,77;20,77;151,21;18,47;80,36;9,28;40,31;29,09;99,55;225,79;0,00;0,11
2025.0;11.0;2025-11-01;BRASPINE;RINCAO DE BAIXO;;;;;157,04;19,22;77,26;10,24;39,63;29,38;99,54;220,60;0,00;0,61
2025.0;11.0;2025-11-01;BRASPINE;RIO BOMBA;PR;CERRO AZUL;65,03;37,72;140,77;19,82;80,69;10,16;38,77;31,52;99,98;190,84;0,00;2,99
2025.0;11.0;2025-11-01;BRASPINE;RIO DO MEIO;PR;DOUTOR ULYSSES;712,33;389,13;143,51;18,73;81,62;9,61;39,39;30,16;100,00;218,58;0,00;15,41
2025.0;11.0;2025-11-01;BRASPINE;RONDON;PR;JAGUARIAIVA;2899,24;1475,88;156,46;18,44;80,46;9,43;38,34;29,17;99,86;256,71;0,00;10,93
2025.0;11.0;2025-11-01;BRASPINE;SANTA FELICIDADE;;;;;135,93;19,83;82,10;9,88;38,64;31,85;100,00;174,21;0,00;2,13
2025.0;11.0;2025-11-01;BRASPINE;SANTA LIDIA DO CERCADINHO;;;;;156,16;18,89;77,41;10,13;39,99;28,87;99,54;246,15;0,00;0,00
2025.0;11.0;2025-11-01;BRASPINE;SANTO ANTONIO;;;;;158,15;18,41;80,28;9,42;34,61;29,36;100,00;255,85;0,00;14,27
2025.0;11.0;2025-11-01;BRASPINE;SAO JOSE;PR;JANDAIA DO SUL;37,56;37,56;214,63;22,06;73,89;12,90;33,38;33,18;99,96;41,47;0,00;6,06
2025.0;11.0;2025-11-01;BRASPINE;SAO MATHEUS;;;;;211,87;23,30;72,56;14,56;31,28;34,94;99,65;29,18;0,00;1,28
2025.0;11.0;2025-11-01;BRASPINE;SAO PEDRO E SAO PAULO;PR;SAPOPEMA;709,13;323,93;202,77;20,17;75,65;11,25;35,69;30,35;99,06;174,84;0,00;0,08
2025.0;11.0;2025-11-01;BRASPINE;SAO RAFAEL;;;;;135,11;18,45;79,96;8,97;40,08;29,11;99,50;246,06;0,00;6,26
2025.0;11.0;2025-11-01;BRASPINE;SAO RAFAEL - PB;;;;;144,92;18,61;82,58;9,25;38,30;30,26;100,00;216,71;0,00;12,08
2025.0;11.0;2025-11-01;BRASPINE;SERRARIA;PR;DOUTOR ULYSSES;280,88;117,71;140,98;18,65;81,95;9,60;39,95;30,25;100,00;247,02;0,00;4,18
2025.0;11.0;2025-11-01;BRASPINE;SERRO VERDE;;;;;161,70;18,76;79,04;10,68;40,39;29,14;99,91;235,34;0,00;2,74
2025.0;11.0;2025-11-01;BRASPINE;SERTAOZINHO;PR;DOUTOR ULYSSES;16,25;16,25;145,70;18,73;81,62;9,61;39,39;30,16;100,00;218,58;0,00;15,41
2025.0;11.0;2025-11-01;BRASPINE;SITIO BASILIO;PR;JAGUARIAIVA;8,08;8,08;155,76;18,48;79,64;9,43;40,27;28,86;99,74;224,95;0,00;23,20
2025.0;11.0;2025-11-01;BRASPINE;SITIO DAS MARRECAS;PR;DOUTOR ULYSSES;77,49;35,17;141,33;19,36;82,02;9,78;39,24;31,25;100,00;228,82;0,00;3,56
2025.0;11.0;2025-11-01;BRASPINE;SOBRADINHO;SP;BOM SUCESSO DE ITARARE;285,80;123,10;138,49;18,32;81,18;9,34;35,87;29,44;100,00;269,33;0,00;8,78
2025.0;11.0;2025-11-01;BRASPINE;TAQUARAL;PR;JAGUARIAIVA;519,13;31,07;155,17;18,52;80,42;9,31;39,01;29,12;99,99;241,99;0,00;18,29
2025.0;11.0;2025-11-01;BRASPINE;TUCUNDUVA;PR;SENGES;82,21;60,89;157,52;19,14;77,67;10,14;35,97;29,70;99,27;221,26;0,00;0,54
2025.0;11.0;2025-11-01;BRASPINE;TUCUNDUVA - CHAMMA;;;;;163,03;19,24;77,55;10,30;35,62;29,87;99,23;224,59;0,00;19,27
2025.0;11.0;2025-11-01;BRASPINE;VIENA 1;PR;DOUTOR ULYSSES;263,98;178,34;144,35;18,31;81,61;9,31;42,20;29,33;100,00;239,69;0,00;0,28
2025.0;11.0;2025-11-01;BRASPINE;VIENA 2;PR;CERRO AZUL;140,23;96,54;140,61;19,82;80,69;10,16;38,77;31,52;99,98;190,84;0,00;2,99
2025.0;11.0;2025-11-01;BRASPINE;VITORIA;PR;SENGES;50,54;35,69;160,34;18,42;80,08;9,51;35,27;29,18;99,83;256,63;0,00;19,73
2025.0;11.0;2025-11-01;BRASPINE;VIVEIRO;PR;DOUTOR ULYSSES;405,39;261,22;143,86;18,73;81,62;9,61;39,39;30,16;100,00;218,58;0,00;15,41
2025.0;11.0;2025-11-01;BRASPINE;VO LINO;PR;DOUTOR ULYSSES;164,50;97,89;140,88;18,89;82,08;9,72;39,61;30,64;100,00;236,69;0,00;1,62
2025.0;11.0;2025-11-01;BRASPINE;XAXIM VELHO;;;;;149,93;18,02;80,74;9,42;40,29;28,67;100,00;264,37;0,00;2,22
2025.0;12.0;2025-12-01;BRASPINE;AGUA DOCE;PR;JAGUARIAIVA;238,97;121,99;171,13;21,22;79,64;12,08;36,78;30,63;99,84;68,81;0,00;1,41
2025.0;12.0;2025-12-01;BRASPINE;AMATA;;;;;147,06;23,27;79,92;14,48;37,32;34,42;100,00;14,48;0,00;0,21
2025.0;12.0;2025-12-01;BRASPINE;ANTA BRAVA;;;;;320,16;24,22;75,59;15,34;41,81;33,29;99,99;0,00;0,00;13,86
2025.0;12.0;2025-12-01;BRASPINE;ARAPONGAS;PR;SENGES;423,34;263,70;166,36;21,54;81,30;12,86;40,92;31,85;100,00;71,65;0,00;25,08
2025.0;12.0;2025-12-01;BRASPINE;ARROIO CLARO;PR;DOUTOR ULYSSES;275,14;92,00;155,87;21,78;81,49;13,15;41,35;32,38;100,00;57,62;0,00;25,53
2025.0;12.0;2025-12-01;BRASPINE;BARRA GRANDE;PR;DOUTOR ULYSSES;493,79;139,68;168,70;22,14;81,47;13,28;42,47;32,78;100,00;28,26;0,00;19,97
2025.0;12.0;2025-12-01;BRASPINE;BARRA GRANDE - BEMAIS;PR;GUARAPUAVA;299,16;108,61;153,34;20,70;80,99;11,87;37,21;30,40;99,98;109,60;0,00;8,91
2025.0;12.0;2025-12-01;BRASPINE;BARRETOS;PR;JAGUARIAIVA;43,35;32,98;159,38;21,35;80,90;12,19;38,06;31,33;99,99;68,99;0,00;30,33
2025.0;12.0;2025-12-01;BRASPINE;BAU;;;;;190,48;20,57;81,56;12,08;41,03;29,28;99,91;95,99;0,00;0,91
2025.0;12.0;2025-12-01;BRASPINE;BOA VISTA II;PR;PIRAI DO SUL;944,00;535,05;157,17;21,21;80,33;11,86;37,70;30,82;99,95;67,67;0,00;2,62
2025.0;12.0;2025-12-01;BRASPINE;BRASILEIRA;;;;;152,87;21,54;81,30;12,86;40,92;31,85;100,00;71,65;0,00;25,08
2025.0;12.0;2025-12-01;BRASPINE;BURACAO;;;;;115,54;21,60;79,28;12,84;40,63;31,48;99,82;55,82;0,00;2,76
2025.0;12.0;2025-12-01;BRASPINE;BURRINHO;PR;DOUTOR ULYSSES;211,01;100,37;155,72;21,78;81,49;13,15;41,35;32,38;100,00;57,62;0,00;25,53
2025.0;12.0;2025-12-01;BRASPINE;CADEADO I;PR;JAGUARIAIVA;21,07;12,29;153,68;21,25;81,18;12,48;39,23;31,37;100,00;69,75;0,00;28,76
2025.0;12.0;2025-12-01;BRASPINE;CADEADO II;PR;JAGUARIAIVA;21,88;16,79;153,68;21,25;81,18;12,48;39,23;31,37;100,00;69,75;0,00;28,76
2025.0;12.0;2025-12-01;BRASPINE;CAMPINA ALTA;PR;TIBAGI;29,77;18,24;153,96;22,20;79,33;13,07;35,16;32,14;99,94;41,95;0,00;26,48
2025.0;12.0;2025-12-01;BRASPINE;CAMPINA DO ELIAS;PR;JAGUARIAIVA;29,17;14,65;152,23;21,32;81,00;12,29;38,48;31,34;99,99;69,27;0,00;29,80
2025.0;12.0;2025-12-01;BRASPINE;CAMPO NOVO;PR;JAGUARIAIVA;295,98;156,36;165,73;21,25;81,18;12,48;39,23;31,37;100,00;69,75;0,00;28,76
2025.0;12.0;2025-12-01;BRASPINE;CONSULTORIA II A;PR;DOUTOR ULYSSES;89,62;60,79;154,18;21,54;81,30;12,86;40,92;31,85;100,00;71,65;0,00;25,08
2025.0;12.0;2025-12-01;BRASPINE;DINIZ;;;;;164,49;21,54;81,30;12,86;40,92;31,85;100,00;71,65;0,00;25,08
2025.0;12.0;2025-12-01;BRASPINE;ENES;PR;JAGUARIAIVA;5,93;5,69;165,39;21,25;81,18;12,48;39,23;31,37;100,00;69,75;0,00;28,76
2025.0;12.0;2025-12-01;BRASPINE;ENGENHARIA;;;;;164,49;21,54;81,30;12,86;40,92;31,85;100,00;71,65;0,00;25,08
2025.0;12.0;2025-12-01;BRASPINE;ESTACAO;PR;SENGES;4,76;4,14;150,43;21,25;81,18;12,48;39,23;31,37;100,00;69,75;0,00;28,76
2025.0;12.0;2025-12-01;BRASPINE;FAXINAL;PR;JAGUARIAIVA;20,65;20,65;165,39;21,25;81,18;12,48;39,23;31,37;100,00;69,75;0,00;28,76
2025.0;12.0;2025-12-01;BRASPINE;FEITAL;PR;DOUTOR ULYSSES;154,17;86,53;156,54;21,74;81,36;13,00;41,44;32,16;100,00;57,48;0,00;23,64
2025.0;12.0;2025-12-01;BRASPINE;FIGUEIRA;PR;DOUTOR ULYSSES;1053,81;315,71;153,88;21,78;81,49;13,15;41,35;32,38;100,00;57,62;0,00;25,53
2025.0;12.0;2025-12-01;BRASPINE;FIGUEIRINHA;PR;DOUTOR ULYSSES;94,37;56,74;158,32;21,78;81,49;13,15;41,35;32,38;100,00;57,62;0,00;25,53
2025.0;12.0;2025-12-01;BRASPINE;FLOEMA;PR;DOUTOR ULYSSES;2189,88;701,43;157,82;21,20;81,24;12,65;40,77;31,42;100,00;84,94;0,00;0,28
2025.0;12.0;2025-12-01;BRASPINE;FLOEMA I - SUDATI;;;;;149,28;21,54;81,30;12,86;40,92;31,85;100,00;71,65;0,00;25,08
2025.0;12.0;2025-12-01;BRASPINE;FLOEMA II - SUDATI;PR;DOUTOR ULYSSES;453,83;211,13;146,42;21,54;81,30;12,86;40,92;31,85;100,00;71,65;0,00;25,08
2025.0;12.0;2025-12-01;BRASPINE;FLOR DA SERRA;PR;SAO JOSE DA BOA VISTA;209,10;128,72;213,74;23,25;75,94;14,40;39,55;32,85;99,71;14,40;0,00;1,26
2025.0;12.0;2025-12-01;BRASPINE;GENTIL;PR;JAGUARIAIVA;126,77;53,33;180,01;21,09;79,49;12,01;37,00;30,49;99,59;68,28;0,00;4,62
2025.0;12.0;2025-12-01;BRASPINE;GUAIRACA;PR;GUARAPUAVA;623,62;169,31;145,19;20,82;80,81;11,99;36,98;30,63;100,00;109,61;0,00;15,74
2025.0;12.0;2025-12-01;BRASPINE;HERVAL 2 - MADALOSSO;;;;;119,75;21,60;79,28;12,84;40,63;31,48;99,82;55,82;0,00;2,76
2025.0;12.0;2025-12-01;BRASPINE;HERVAL DE BAIXO;PR;RESERVA;827,29;475,92;154,86;22,18;79,66;12,81;35,35;32,19;99,93;56,29;0,00;25,91
2025.0;12.0;2025-12-01;BRASPINE;HORTO 01;PR;TURVO;19,12;19,12;181,15;21,38;82,08;12,38;42,61;30,65;99,69;96,51;0,00;0,58
2025.0;12.0;2025-12-01;BRASPINE;HORTO 02;PR;TURVO;4,24;4,24;182,95;21,38;82,08;12,38;42,61;30,65;99,69;96,51;0,00;0,58
2025.0;12.0;2025-12-01;BRASPINE;HORTO 03;PR;PRUDENTOPOLIS;80,91;25,89;172,27;21,90;81,17;12,79;40,07;31,56;99,91;69,58;0,00;5,10
2025.0;12.0;2025-12-01;BRASPINE;HORTO 08;PR;TURVO;9,53;9,53;165,10;21,90;81,17;12,79;40,07;31,56;99,91;69,58;0,00;5,10
2025.0;12.0;2025-12-01;BRASPINE;HORTO 12;PR;PRUDENTOPOLIS;12,20;12,20;167,07;21,90;81,17;12,79;40,07;31,56;99,91;69,58;0,00;5,10
2025.0;12.0;2025-12-01;BRASPINE;IZAU;PR;PIRAI DO SUL;19,37;11,60;186,87;21,15;79,86;11,89;37,07;30,75;99,56;67,65;0,00;5,57
2025.0;12.0;2025-12-01;BRASPINE;JOAO RICO;PR;JAGUARIAIVA;47,46;26,18;176,98;21,22;79,64;12,08;36,78;30,63;99,84;68,81;0,00;1,41
2025.0;12.0;2025-12-01;BRASPINE;LAGOA;PR;JAGUARIAIVA;24,10;10,78;154,55;21,25;81,18;12,48;39,23;31,37;100,00;69,75;0,00;28,76
2025.0;12.0;2025-12-01;BRASPINE;MARACANA;PR;JANDAIA DO SUL;11,45;11,45;261,42;24,02;75,58;15,24;34,78;32,68;99,91;0,00;0,00;0,43
2025.0;12.0;2025-12-01;BRASPINE;MARRECA;;;;;154,57;21,78;81,49;13,15;41,35;32,38;100,00;57,62;0,00;25,53
2025.0;12.0;2025-12-01;BRASPINE;MARRECA SP;SP;ITAPIRAPUA PAULISTA;675,30;236,19;159,19;22,58;81,52;13,68;40,21;33,52;100,00;13,68;0,00;21,18
2025.0;12.0;2025-12-01;BRASPINE;MARRECAS;;;;;150,64;20,20;81,16;11,54;37,15;29,78;100,00;120,76;0,00;23,24
2025.0;12.0;2025-12-01;BRASPINE;MERCADINHO;;;;;154,35;22,56;80,85;13,93;38,81;33,52;100,00;13,93;0,00;0,08
2025.0;12.0;2025-12-01;BRASPINE;MONTE ALEGRE;;;;;254,89;24,53;74,97;15,68;34,34;33,14;99,94;0,00;0,00;1,34
2025.0;12.0;2025-12-01;BRASPINE;MONTE TABOR II;;;;;168,33;21,65;82,84;13,46;42,04;32,05;100,00;27,66;0,00;2,32
2025.0;12.0;2025-12-01;BRASPINE;MOREIRA;PR;DOUTOR ULYSSES;230,52;68,68;146,42;21,54;81,30;12,86;40,92;31,85;100,00;71,65;0,00;25,08
2025.0;12.0;2025-12-01;BRASPINE;MOREIRAS II;PR;DOUTOR ULYSSES;66,76;28,75;155,34;21,54;81,30;12,86;40,92;31,85;100,00;71,65;0,00;25,08
2025.0;12.0;2025-12-01;BRASPINE;MORRETES;PR;ORTIGUEIRA;20,36;20,36;156,39;22,67;79,58;12,94;35,22;32,80;99,91;27,44;0,00;23,67
2025.0;12.0;2025-12-01;BRASPINE;MORRO AZUL;;;;;166,95;21,65;81,81;12,71;40,06;32,04;100,00;71,71;0,00;3,40
2025.0;12.0;2025-12-01;BRASPINE;OURO FINO;SP;APIAI;51,70;51,70;155,52;21,36;82,76;12,76;42,20;31,64;100,00;71,67;0,00;0,48
2025.0;12.0;2025-12-01;BRASPINE;PALMEIRINHA DE BAIXO - SOSSEGO;PR;SENGES;85,93;9,22;164,34;21,04;80,14;12,28;35,97;30,74;99,87;69,39;0,00;8,01
2025.0;12.0;2025-12-01;BRASPINE;PAZIN;PR;DOUTOR ULYSSES;41,20;23,90;159,16;21,78;81,49;13,15;41,35;32,38;100,00;57,62;0,00;25,53
2025.0;12.0;2025-12-01;BRASPINE;PEDRAS;PR;CASTRO;7,18;7,18;154,11;21,11;80,68;11,86;40,02;30,55;99,53;82,05;0,00;8,84
2025.0;12.0;2025-12-01;BRASPINE;PESCARIA;PR;SAO JOSE DA BOA VISTA;184,57;129,22;194,47;23,40;75,69;14,47;37,26;33,10;99,63;14,47;0,00;2,10
2025.0;12.0;2025-12-01;BRASPINE;PESSEGUEIRO;PR;DOUTOR ULYSSES;109,95;64,79;151,62;21,54;81,30;12,86;40,92;31,85;100,00;71,65;0,00;25,08
2025.0;12.0;2025-12-01;BRASPINE;PITANGA;;;;;206,65;21,34;81,05;12,98;41,61;29,82;99,80;70,06;0,00;4,12
2025.0;12.0;2025-12-01;BRASPINE;QUEIMADINHO ARROIO CLARO;PR;DOUTOR ULYSSES;48,13;19,09;152,87;21,54;81,30;12,86;40,92;31,85;100,00;71,65;0,00;25,08
2025.0;12.0;2025-12-01;BRASPINE;QUEIMADINHO M6042;PR;DOUTOR ULYSSES;48,38;18,50;152,87;21,54;81,30;12,86;40,92;31,85;100,00;71,65;0,00;25,08
2025.0;12.0;2025-12-01;BRASPINE;QUEIMADINHO USUCAPIAO;PR;DOUTOR ULYSSES;200,27;92,43;152,87;21,54;81,30;12,86;40,92;31,85;100,00;71,65;0,00;25,08
2025.0;12.0;2025-12-01;BRASPINE;RAMOS;PR;SENGES;69,83;38,15;149,28;21,25;81,18;12,48;39,23;31,37;100,00;69,75;0,00;28,76
2025.0;12.0;2025-12-01;BRASPINE;RIBEIRAO GRANDE;PR;JAGUARIAIVA;20,77;20,77;182,23;21,15;79,86;11,89;37,07;30,75;99,56;67,65;0,00;5,57
2025.0;12.0;2025-12-01;BRASPINE;RINCAO DE BAIXO;;;;;170,76;21,69;77,77;12,83;34,52;31,43;99,59;56,30;0,00;18,62
2025.0;12.0;2025-12-01;BRASPINE;RIO BOMBA;PR;CERRO AZUL;65,03;37,72;151,66;22,78;79,88;14,20;37,69;33,68;99,97;28,70;0,00;1,62
2025.0;12.0;2025-12-01;BRASPINE;RIO DO MEIO;PR;DOUTOR ULYSSES;712,33;389,13;154,68;21,54;81,30;12,86;40,92;31,85;100,00;71,65;0,00;25,08
2025.0;12.0;2025-12-01;BRASPINE;RONDON;PR;JAGUARIAIVA;2899,24;1475,88;159,84;21,08;80,45;12,28;37,36;30,72;99,89;69,32;0,00;23,97
2025.0;12.0;2025-12-01;BRASPINE;SANTA FELICIDADE;;;;;163,46;22,95;81,58;13,99;39,23;34,10;100,00;13,99;0,00;16,73
2025.0;12.0;2025-12-01;BRASPINE;SANTA LIDIA DO CERCADINHO;;;;;144,73;21,35;77,84;12,56;35,18;30,91;99,58;70,13;0,00;17,48
2025.0;12.0;2025-12-01;BRASPINE;SANTO ANTONIO;;;;;168,92;21,05;80,48;12,26;36,25;31,00;100,00;84,29;0,00;2,44
2025.0;12.0;2025-12-01;BRASPINE;SAO JOSE;PR;JANDAIA DO SUL;37,56;37,56;254,72;24,37;75,23;15,55;34,72;32,95;99,95;0,00;0,00;2,08
2025.0;12.0;2025-12-01;BRASPINE;SAO MATHEUS;;;;;262,51;25,63;73,68;16,59;32,51;34,60;99,95;0,00;0,00;19,79
2025.0;12.0;2025-12-01;BRASPINE;SAO PEDRO E SAO PAULO;PR;SAPOPEMA;709,13;323,93;237,48;22,42;77,86;13,72;39,91;31,48;99,64;13,72;0,00;3,09
2025.0;12.0;2025-12-01;BRASPINE;SAO RAFAEL;;;;;97,95;21,42;78,41;12,39;33,60;31,37;99,54;68,30;0,00;8,46
2025.0;12.0;2025-12-01;BRASPINE;SAO RAFAEL - PB;;;;;169,55;21,50;82,47;12,76;41,56;31,89;100,00;71,76;0,00;1,88
2025.0;12.0;2025-12-01;BRASPINE;SERRARIA;PR;DOUTOR ULYSSES;280,88;117,71;151,73;21,49;81,36;12,90;41,40;31,90;100,00;71,38;0,00;27,45
2025.0;12.0;2025-12-01;BRASPINE;SERRO VERDE;;;;;181,73;20,95;80,56;12,52;39,77;29,71;99,94;66,97;0,00;3,66
2025.0;12.0;2025-12-01;BRASPINE;SERTAOZINHO;PR;DOUTOR ULYSSES;16,25;16,25;166,05;21,54;81,30;12,86;40,92;31,85;100,00;71,65;0,00;25,08
2025.0;12.0;2025-12-01;BRASPINE;SITIO BASILIO;PR;JAGUARIAIVA;8,08;8,08;170,64;21,10;79,41;12,07;36,92;30,44;99,70;68,63;0,00;3,46
2025.0;12.0;2025-12-01;BRASPINE;SITIO DAS MARRECAS;PR;DOUTOR ULYSSES;77,49;35,17;160,30;22,35;81,51;13,53;40,54;33,20;100,00;13,53;0,00;22,45
2025.0;12.0;2025-12-01;BRASPINE;SOBRADINHO;SP;BOM SUCESSO DE ITARARE;285,80;123,10;147,82;21,00;81,44;12,29;38,57;31,04;100,00;84,21;0,00;11,45
2025.0;12.0;2025-12-01;BRASPINE;TAQUARAL;PR;JAGUARIAIVA;519,13;31,07;175,05;21,18;80,32;12,11;37,43;30,68;99,99;68,84;0,00;30,23
2025.0;12.0;2025-12-01;BRASPINE;TUCUNDUVA;PR;SENGES;82,21;60,89;191,06;21,70;78,21;12,86;36,48;31,03;99,72;42,55;0,00;13,41
2025.0;12.0;2025-12-01;BRASPINE;TUCUNDUVA - CHAMMA;;;;;193,65;21,83;77,80;12,98;35,77;31,27;99,74;12,98;0,00;11,12
2025.0;12.0;2025-12-01;BRASPINE;VIENA 1;PR;DOUTOR ULYSSES;263,98;178,34;142,33;21,08;80,97;12,31;40,84;30,90;100,00;68,79;0,00;3,05
2025.0;12.0;2025-12-01;BRASPINE;VIENA 2;PR;CERRO AZUL;140,23;96,54;152,03;22,78;79,88;14,20;37,69;33,68;99,97;28,70;0,00;1,62
2025.0;12.0;2025-12-01;BRASPINE;VITORIA;PR;SENGES;50,54;35,69;164,34;21,04;80,14;12,28;35,97;30,74;99,87;69,39;0,00;8,01
2025.0;12.0;2025-12-01;BRASPINE;VIVEIRO;PR;DOUTOR ULYSSES;405,39;261,22;155,34;21,54;81,30;12,86;40,92;31,85;100,00;71,65;0,00;25,08
2025.0;12.0;2025-12-01;BRASPINE;VO LINO;PR;DOUTOR ULYSSES;164,50;97,89;154,41;21,78;81,49;13,15;41,35;32,38;100,00;57,62;0,00;25,53
2025.0;12.0;2025-12-01;BRASPINE;XAXIM VELHO;;;;;140,71;20,38;80,75;11,78;37,90;29,90;100,00;137,66;0,00;0,71
