ANO;MES;DATA;EMPRESA;FAZENDA;UF;MUNICIPIO;AREA_T;AREA_PRODU;PRECIP_CHIRPS_MM;TEMP_MEDIA_C;UMID_MEDIA_PCT;TEMP_MIN_C;UMID_MIN_PCT;TEMP_MAX_C;UMID_MAX_PCT;NOITES_FRIAS_Eucalipto_<15C;NOITES_FRIAS_Pinus_<5C;DIRECAO_VENTO_GRAUS
2003.0;1.0;2003-01-01;BRASPINE;AGUA DOCE;PR;JAGUARIAIVA;238,97;121,99;314,81;20,79;87,74;15,65;41,71;29,28;99,90;0,00;0,00;1,61
2003.0;1.0;2003-01-01;BRASPINE;AMATA;;;;;261,68;22,50;86,26;17,23;38,43;33,03;100,00;0,00;0,00;0,15
2003.0;1.0;2003-01-01;BRASPINE;ANTA BRAVA;;;;;265,31;23,14;84,94;18,15;33,28;31,31;99,55;0,00;0,00;9,19
2003.0;1.0;2003-01-01;BRASPINE;ARAPONGAS;PR;SENGES;423,34;263,70;269,16;20,91;89,08;16,03;40,61;30,69;100,00;0,00;0,00;0,56
2003.0;1.0;2003-01-01;BRASPINE;ARROIO CLARO;PR;DOUTOR ULYSSES;275,14;92,00;261,07;21,12;88,74;16,28;40,00;31,30;100,00;0,00;0,00;3,03
2003.0;1.0;2003-01-01;BRASPINE;BARRA GRANDE;PR;DOUTOR ULYSSES;493,79;139,68;241,94;21,43;89,01;16,53;40,38;31,78;100,00;0,00;0,00;0,12
2003.0;1.0;2003-01-01;BRASPINE;BARRA GRANDE - BEMAIS;PR;GUARAPUAVA;299,16;108,61;206,42;20,53;87,77;15,38;43,22;33,34;99,99;0,00;0,00;1,69
2003.0;1.0;2003-01-01;BRASPINE;BARRETOS;PR;JAGUARIAIVA;43,35;32,98;293,97;20,87;88,66;15,68;40,57;30,13;100,00;0,00;0,00;1,79
2003.0;1.0;2003-01-01;BRASPINE;BAU;;;;;176,70;20,64;86,72;15,66;48,02;27,73;99,96;0,00;0,00;7,33
2003.0;1.0;2003-01-01;BRASPINE;BOA VISTA II;PR;PIRAI DO SUL;944,00;535,05;303,00;20,88;88,10;15,62;41,08;29,78;99,98;0,00;0,00;0,54
2003.0;1.0;2003-01-01;BRASPINE;BRASILEIRA;;;;;240,70;20,91;89,08;16,03;40,61;30,69;100,00;0,00;0,00;0,56
2003.0;1.0;2003-01-01;BRASPINE;BURACAO;;;;;241,42;20,92;87,13;15,82;44,35;29,76;99,86;0,00;0,00;1,17
2003.0;1.0;2003-01-01;BRASPINE;BURRINHO;PR;DOUTOR ULYSSES;211,01;100,37;261,12;21,12;88,74;16,28;40,00;31,30;100,00;0,00;0,00;3,03
2003.0;1.0;2003-01-01;BRASPINE;CADEADO I;PR;JAGUARIAIVA;21,07;12,29;268,10;20,73;88,83;15,73;40,76;30,09;100,00;0,00;0,00;3,29
2003.0;1.0;2003-01-01;BRASPINE;CADEADO II;PR;JAGUARIAIVA;21,88;16,79;268,10;20,73;88,83;15,73;40,76;30,09;100,00;0,00;0,00;3,29
2003.0;1.0;2003-01-01;BRASPINE;CAMPINA ALTA;PR;TIBAGI;29,77;18,24;317,06;21,83;86,61;16,76;41,81;29,79;99,92;0,00;0,00;2,29
2003.0;1.0;2003-01-01;BRASPINE;CAMPINA DO ELIAS;PR;JAGUARIAIVA;29,17;14,65;280,81;20,82;88,72;15,70;40,64;30,11;100,00;0,00;0,00;0,44
2003.0;1.0;2003-01-01;BRASPINE;CAMPO NOVO;PR;JAGUARIAIVA;295,98;156,36;283,10;20,73;88,83;15,73;40,76;30,09;100,00;0,00;0,00;3,29
2003.0;1.0;2003-01-01;BRASPINE;CONSULTORIA II A;PR;DOUTOR ULYSSES;89,62;60,79;262,94;20,91;89,08;16,03;40,61;30,69;100,00;0,00;0,00;0,56
2003.0;1.0;2003-01-01;BRASPINE;DINIZ;;;;;247,88;20,91;89,08;16,03;40,61;30,69;100,00;0,00;0,00;0,56
2003.0;1.0;2003-01-01;BRASPINE;ENES;PR;JAGUARIAIVA;5,93;5,69;285,19;20,73;88,83;15,73;40,76;30,09;100,00;0,00;0,00;3,29
2003.0;1.0;2003-01-01;BRASPINE;ENGENHARIA;;;;;247,88;20,91;89,08;16,03;40,61;30,69;100,00;0,00;0,00;0,56
2003.0;1.0;2003-01-01;BRASPINE;ESTACAO;PR;SENGES;4,76;4,14;267,65;20,73;88,83;15,73;40,76;30,09;100,00;0,00;0,00;3,29
2003.0;1.0;2003-01-01;BRASPINE;FAXINAL;PR;JAGUARIAIVA;20,65;20,65;285,19;20,73;88,83;15,73;40,76;30,09;100,00;0,00;0,00;3,29
2003.0;1.0;2003-01-01;BRASPINE;FEITAL;PR;DOUTOR ULYSSES;154,17;86,53;249,70;21,08;89,06;16,19;40,54;31,05;100,00;0,00;0,00;1,55
2003.0;1.0;2003-01-01;BRASPINE;FIGUEIRA;PR;DOUTOR ULYSSES;1053,81;315,71;255,64;21,12;88,74;16,28;40,00;31,30;100,00;0,00;0,00;3,03
2003.0;1.0;2003-01-01;BRASPINE;FIGUEIRINHA;PR;DOUTOR ULYSSES;94,37;56,74;252,96;21,12;88,74;16,28;40,00;31,30;100,00;0,00;0,00;3,03
2003.0;1.0;2003-01-01;BRASPINE;FLOEMA;PR;DOUTOR ULYSSES;2189,88;701,43;288,23;20,61;88,80;15,77;40,87;30,18;100,00;0,00;0,00;0,67
2003.0;1.0;2003-01-01;BRASPINE;FLOEMA I - SUDATI;;;;;264,09;20,91;89,08;16,03;40,61;30,69;100,00;0,00;0,00;0,56
2003.0;1.0;2003-01-01;BRASPINE;FLOEMA II - SUDATI;PR;DOUTOR ULYSSES;453,83;211,13;258,49;20,91;89,08;16,03;40,61;30,69;100,00;0,00;0,00;0,56
2003.0;1.0;2003-01-01;BRASPINE;FLOR DA SERRA;PR;SAO JOSE DA BOA VISTA;209,10;128,72;232,46;22,55;83,88;17,26;39,65;31,11;99,67;0,00;0,00;0,90
2003.0;1.0;2003-01-01;BRASPINE;GENTIL;PR;JAGUARIAIVA;126,77;53,33;297,34;20,57;87,43;15,50;41,78;28,82;99,65;0,00;0,00;1,55
2003.0;1.0;2003-01-01;BRASPINE;GUAIRACA;PR;GUARAPUAVA;623,62;169,31;211,48;20,69;87,39;15,44;43,17;28,90;100,00;0,00;0,00;3,44
2003.0;1.0;2003-01-01;BRASPINE;HERVAL 2 - MADALOSSO;;;;;224,19;20,92;87,13;15,82;44,35;29,76;99,86;0,00;0,00;1,17
2003.0;1.0;2003-01-01;BRASPINE;HERVAL DE BAIXO;PR;RESERVA;827,29;475,92;308,87;21,83;86,95;16,51;42,26;29,71;99,83;0,00;0,00;1,12
2003.0;1.0;2003-01-01;BRASPINE;HORTO 01;PR;TURVO;19,12;19,12;200,56;21,23;88,13;15,94;48,15;28,77;99,78;0,00;0,00;0,18
2003.0;1.0;2003-01-01;BRASPINE;HORTO 02;PR;TURVO;4,24;4,24;200,18;21,23;88,13;15,94;48,15;28,77;99,78;0,00;0,00;0,18
2003.0;1.0;2003-01-01;BRASPINE;HORTO 03;PR;PRUDENTOPOLIS;80,91;25,89;202,85;21,69;87,53;16,47;46,92;29,63;99,98;0,00;0,00;4,93
2003.0;1.0;2003-01-01;BRASPINE;HORTO 08;PR;TURVO;9,53;9,53;192,98;21,69;87,53;16,47;46,92;29,63;99,98;0,00;0,00;4,93
2003.0;1.0;2003-01-01;BRASPINE;HORTO 12;PR;PRUDENTOPOLIS;12,20;12,20;204,49;21,69;87,53;16,47;46,92;29,63;99,98;0,00;0,00;4,93
2003.0;1.0;2003-01-01;BRASPINE;IZAU;PR;PIRAI DO SUL;19,37;11,60;287,72;20,59;87,74;15,36;40,45;29,14;99,71;0,00;0,00;2,23
2003.0;1.0;2003-01-01;BRASPINE;JOAO RICO;PR;JAGUARIAIVA;47,46;26,18;307,02;20,79;87,74;15,65;41,71;29,28;99,90;0,00;0,00;1,61
2003.0;1.0;2003-01-01;BRASPINE;LAGOA;PR;JAGUARIAIVA;24,10;10,78;267,51;20,73;88,83;15,73;40,76;30,09;100,00;0,00;0,00;3,29
2003.0;1.0;2003-01-01;BRASPINE;MARACANA;PR;JANDAIA DO SUL;11,45;11,45;257,43;23,09;86,92;18,08;39,34;30,70;99,99;0,00;0,00;6,77
2003.0;1.0;2003-01-01;BRASPINE;MARRECA;;;;;260,86;21,12;88,74;16,28;40,00;31,30;100,00;0,00;0,00;3,03
2003.0;1.0;2003-01-01;BRASPINE;MARRECA SP;SP;ITAPIRAPUA PAULISTA;675,30;236,19;249,50;21,88;88,32;16,92;38,01;32,67;100,00;0,00;0,00;5,09
2003.0;1.0;2003-01-01;BRASPINE;MARRECAS;;;;;204,68;20,04;87,90;15,06;42,36;28,07;100,00;0,00;0,00;0,54
2003.0;1.0;2003-01-01;BRASPINE;MERCADINHO;;;;;248,44;21,74;87,40;16,66;38,60;32,17;100,00;0,00;0,00;1,11
2003.0;1.0;2003-01-01;BRASPINE;MONTE ALEGRE;;;;;236,25;23,60;85,90;18,68;38,94;31,28;99,97;0,00;0,00;4,32
2003.0;1.0;2003-01-01;BRASPINE;MONTE TABOR II;;;;;257,19;21,22;88,91;16,16;39,29;31,76;100,00;0,00;0,00;1,30
2003.0;1.0;2003-01-01;BRASPINE;MOREIRA;PR;DOUTOR ULYSSES;230,52;68,68;258,49;20,91;89,08;16,03;40,61;30,69;100,00;0,00;0,00;0,56
2003.0;1.0;2003-01-01;BRASPINE;MOREIRAS II;PR;DOUTOR ULYSSES;66,76;28,75;263,62;20,91;89,08;16,03;40,61;30,69;100,00;0,00;0,00;0,56
2003.0;1.0;2003-01-01;BRASPINE;MORRETES;PR;ORTIGUEIRA;20,36;20,36;326,08;22,28;86,75;16,74;41,41;30,24;99,80;0,00;0,00;1,91
2003.0;1.0;2003-01-01;BRASPINE;MORRO AZUL;;;;;256,60;21,15;89,28;16,26;39,65;31,30;100,00;0,00;0,00;8,00
2003.0;1.0;2003-01-01;BRASPINE;OURO FINO;SP;APIAI;51,70;51,70;269,42;20,96;89,62;15,96;41,04;31,20;100,00;0,00;0,00;2,08
2003.0;1.0;2003-01-01;BRASPINE;PALMEIRINHA DE BAIXO - SOSSEGO;PR;SENGES;85,93;9,22;267,05;20,51;88,53;15,70;39,58;29,29;99,86;0,00;0,00;16,43
2003.0;1.0;2003-01-01;BRASPINE;PAZIN;PR;DOUTOR ULYSSES;41,20;23,90;254,61;21,12;88,74;16,28;40,00;31,30;100,00;0,00;0,00;3,03
2003.0;1.0;2003-01-01;BRASPINE;PEDRAS;PR;CASTRO;7,18;7,18;279,82;20,68;87,86;15,38;43,13;28,89;99,59;0,00;0,00;3,56
2003.0;1.0;2003-01-01;BRASPINE;PESCARIA;PR;SAO JOSE DA BOA VISTA;184,57;129,22;246,44;22,67;83,78;17,34;37,41;31,54;99,71;0,00;0,00;2,36
2003.0;1.0;2003-01-01;BRASPINE;PESSEGUEIRO;PR;DOUTOR ULYSSES;109,95;64,79;274,01;20,91;89,08;16,03;40,61;30,69;100,00;0,00;0,00;0,56
2003.0;1.0;2003-01-01;BRASPINE;PITANGA;;;;;232,40;21,25;86,88;16,17;49,77;28,09;99,84;0,00;0,00;0,73
2003.0;1.0;2003-01-01;BRASPINE;QUEIMADINHO ARROIO CLARO;PR;DOUTOR ULYSSES;48,13;19,09;240,70;20,91;89,08;16,03;40,61;30,69;100,00;0,00;0,00;0,56
2003.0;1.0;2003-01-01;BRASPINE;QUEIMADINHO M6042;PR;DOUTOR ULYSSES;48,38;18,50;240,70;20,91;89,08;16,03;40,61;30,69;100,00;0,00;0,00;0,56
2003.0;1.0;2003-01-01;BRASPINE;QUEIMADINHO USUCAPIAO;PR;DOUTOR ULYSSES;200,27;92,43;240,70;20,91;89,08;16,03;40,61;30,69;100,00;0,00;0,00;0,56
2003.0;1.0;2003-01-01;BRASPINE;RAMOS;PR;SENGES;69,83;38,15;264,09;20,73;88,83;15,73;40,76;30,09;100,00;0,00;0,00;3,29
2003.0;1.0;2003-01-01;BRASPINE;RIBEIRAO GRANDE;PR;JAGUARIAIVA;20,77;20,77;298,02;20,59;87,74;15,36;40,45;29,14;99,71;0,00;0,00;2,23
2003.0;1.0;2003-01-01;BRASPINE;RINCAO DE BAIXO;;;;;286,63;21,23;85,26;16,27;42,04;28,66;99,76;0,00;0,00;3,61
2003.0;1.0;2003-01-01;BRASPINE;RIO BOMBA;PR;CERRO AZUL;65,03;37,72;254,55;22,03;86,72;16,90;39,49;32,25;99,98;0,00;0,00;1,31
2003.0;1.0;2003-01-01;BRASPINE;RIO DO MEIO;PR;DOUTOR ULYSSES;712,33;389,13;257,50;20,91;89,08;16,03;40,61;30,69;100,00;0,00;0,00;0,56
2003.0;1.0;2003-01-01;BRASPINE;RONDON;PR;JAGUARIAIVA;2899,24;1475,88;285,17;20,58;88,55;15,66;40,71;29,30;99,90;0,00;0,00;2,55
2003.0;1.0;2003-01-01;BRASPINE;SANTA FELICIDADE;;;;;258,99;22,33;87,92;17,14;36,40;33,57;100,00;0,00;0,00;0,93
2003.0;1.0;2003-01-01;BRASPINE;SANTA LIDIA DO CERCADINHO;;;;;282,01;20,90;85,35;15,97;42,27;28,16;99,72;0,00;0,00;15,91
2003.0;1.0;2003-01-01;BRASPINE;SANTO ANTONIO;;;;;270,96;20,57;88,66;15,78;39,06;29,70;100,00;0,00;0,00;12,25
2003.0;1.0;2003-01-01;BRASPINE;SAO JOSE;PR;JANDAIA DO SUL;37,56;37,56;236,29;23,44;86,12;18,53;39,01;31,09;99,99;0,00;0,00;67,37
2003.0;1.0;2003-01-01;BRASPINE;SAO MATHEUS;;;;;234,78;24,68;85,05;20,04;38,83;32,56;99,87;0,00;0,00;7,02
2003.0;1.0;2003-01-01;BRASPINE;SAO PEDRO E SAO PAULO;PR;SAPOPEMA;709,13;323,93;284,75;21,87;86,39;16,59;40,43;29,93;99,78;0,00;0,00;0,68
2003.0;1.0;2003-01-01;BRASPINE;SAO RAFAEL;;;;;137,20;21,04;84,73;15,84;44,27;29,79;99,78;0,00;0,00;3,79
2003.0;1.0;2003-01-01;BRASPINE;SAO RAFAEL - PB;;;;;273,82;21,06;89,53;16,28;40,79;31,34;100,00;0,00;0,00;0,53
2003.0;1.0;2003-01-01;BRASPINE;SERRARIA;PR;DOUTOR ULYSSES;280,88;117,71;278,19;20,86;88,77;16,02;40,76;30,74;100,00;0,00;0,00;0,60
2003.0;1.0;2003-01-01;BRASPINE;SERRO VERDE;;;;;191,87;21,01;85,30;15,98;46,33;28,23;99,98;0,00;0,00;7,33
2003.0;1.0;2003-01-01;BRASPINE;SERTAOZINHO;PR;DOUTOR ULYSSES;16,25;16,25;252,63;20,91;89,08;16,03;40,61;30,69;100,00;0,00;0,00;0,56
2003.0;1.0;2003-01-01;BRASPINE;SITIO BASILIO;PR;JAGUARIAIVA;8,08;8,08;314,55;20,63;87,42;15,57;42,17;28,84;99,70;0,00;0,00;0,32
2003.0;1.0;2003-01-01;BRASPINE;SITIO DAS MARRECAS;PR;DOUTOR ULYSSES;77,49;35,17;253,85;21,66;88,44;16,75;38,57;32,28;100,00;0,00;0,00;4,64
2003.0;1.0;2003-01-01;BRASPINE;SOBRADINHO;SP;BOM SUCESSO DE ITARARE;285,80;123,10;289,76;20,53;89,24;15,87;40,12;29,94;100,00;0,00;0,00;7,05
2003.0;1.0;2003-01-01;BRASPINE;TAQUARAL;PR;JAGUARIAIVA;519,13;31,07;300,90;20,77;88,39;15,65;41,68;29,43;100,00;0,00;0,00;0,68
2003.0;1.0;2003-01-01;BRASPINE;TUCUNDUVA;PR;SENGES;82,21;60,89;308,51;21,24;85,87;16,27;39,09;29,51;99,73;0,00;0,00;0,29
2003.0;1.0;2003-01-01;BRASPINE;TUCUNDUVA - CHAMMA;;;;;298,49;21,23;86,14;16,31;38,45;29,67;99,76;0,00;0,00;3,94
2003.0;1.0;2003-01-01;BRASPINE;VIENA 1;PR;DOUTOR ULYSSES;263,98;178,34;286,11;20,53;88,69;15,54;41,86;29,60;100,00;0,00;0,00;0,21
2003.0;1.0;2003-01-01;BRASPINE;VIENA 2;PR;CERRO AZUL;140,23;96,54;253,52;22,03;86,72;16,90;39,49;32,25;99,98;0,00;0,00;1,31
2003.0;1.0;2003-01-01;BRASPINE;VITORIA;PR;SENGES;50,54;35,69;267,05;20,51;88,53;15,70;39,58;29,29;99,86;0,00;0,00;16,43
2003.0;1.0;2003-01-01;BRASPINE;VIVEIRO;PR;DOUTOR ULYSSES;405,39;261,22;263,62;20,91;89,08;16,03;40,61;30,69;100,00;0,00;0,00;0,56
2003.0;1.0;2003-01-01;BRASPINE;VO LINO;PR;DOUTOR ULYSSES;164,50;97,89;261,50;21,12;88,74;16,28;40,00;31,30;100,00;0,00;0,00;3,03
2003.0;1.0;2003-01-01;BRASPINE;XAXIM VELHO;;;;;191,10;20,25;87,46;15,01;42,39;28,32;100,00;0,00;0,00;1,82
2003.0;2.0;2003-02-01;BRASPINE;AGUA DOCE;PR;JAGUARIAIVA;238,97;121,99;143,93;21,99;84,47;16,99;46,23;28,95;99,76;0,00;0,00;18,44
2003.0;2.0;2003-02-01;BRASPINE;AMATA;;;;;159,51;23,79;84,69;17,73;37,11;31,89;99,98;0,00;0,00;10,13
2003.0;2.0;2003-02-01;BRASPINE;ANTA BRAVA;;;;;134,73;24,65;80,81;19,70;44,03;31,63;99,33;0,00;0,00;29,56
2003.0;2.0;2003-02-01;BRASPINE;ARAPONGAS;PR;SENGES;423,34;263,70;146,39;22,27;85,52;16,87;39,17;30,14;100,00;0,00;0,00;0,15
2003.0;2.0;2003-02-01;BRASPINE;ARROIO CLARO;PR;DOUTOR ULYSSES;275,14;92,00;142,85;22,44;85,72;16,74;38,65;30,61;100,00;0,00;0,00;12,58
2003.0;2.0;2003-02-01;BRASPINE;BARRA GRANDE;PR;DOUTOR ULYSSES;493,79;139,68;141,98;22,86;85,64;17,24;37,90;31,08;100,00;0,00;0,00;3,12
2003.0;2.0;2003-02-01;BRASPINE;BARRA GRANDE - BEMAIS;PR;GUARAPUAVA;299,16;108,61;146,00;20,86;88,85;15,96;49,09;28,94;100,00;0,00;0,00;0,66
2003.0;2.0;2003-02-01;BRASPINE;BARRETOS;PR;JAGUARIAIVA;43,35;32,98;153,19;22,21;85,13;16,99;44,23;29,38;99,85;0,00;0,00;3,39
2003.0;2.0;2003-02-01;BRASPINE;BAU;;;;;188,74;20,80;89,33;15,69;55,79;28,38;99,90;0,00;0,00;1,29
2003.0;2.0;2003-02-01;BRASPINE;BOA VISTA II;PR;PIRAI DO SUL;944,00;535,05;147,14;22,16;84,74;17,14;47,39;29,14;99,86;0,00;0,00;4,78
2003.0;2.0;2003-02-01;BRASPINE;BRASILEIRA;;;;;134,64;22,27;85,52;16,87;39,17;30,14;100,00;0,00;0,00;0,15
2003.0;2.0;2003-02-01;BRASPINE;BURACAO;;;;;186,50;22,10;84,62;16,55;42,71;29,34;99,84;0,00;0,00;7,76
2003.0;2.0;2003-02-01;BRASPINE;BURRINHO;PR;DOUTOR ULYSSES;211,01;100,37;142,51;22,44;85,72;16,74;38,65;30,61;100,00;0,00;0,00;12,58
2003.0;2.0;2003-02-01;BRASPINE;CADEADO I;PR;JAGUARIAIVA;21,07;12,29;142,50;22,04;85,21;16,70;40,84;29,61;100,00;0,00;0,00;1,63
2003.0;2.0;2003-02-01;BRASPINE;CADEADO II;PR;JAGUARIAIVA;21,88;16,79;142,50;22,04;85,21;16,70;40,84;29,61;100,00;0,00;0,00;1,63
2003.0;2.0;2003-02-01;BRASPINE;CAMPINA ALTA;PR;TIBAGI;29,77;18,24;178,42;22,18;87,89;16,59;49,66;30,40;99,92;0,00;0,00;0,50
2003.0;2.0;2003-02-01;BRASPINE;CAMPINA DO ELIAS;PR;JAGUARIAIVA;29,17;14,65;153,77;22,15;85,16;16,89;43,00;29,46;99,90;0,00;0,00;2,81
2003.0;2.0;2003-02-01;BRASPINE;CAMPO NOVO;PR;JAGUARIAIVA;295,98;156,36;153,03;22,04;85,21;16,70;40,84;29,61;100,00;0,00;0,00;1,63
2003.0;2.0;2003-02-01;BRASPINE;CONSULTORIA II A;PR;DOUTOR ULYSSES;89,62;60,79;140,06;22,27;85,52;16,87;39,17;30,14;100,00;0,00;0,00;0,15
2003.0;2.0;2003-02-01;BRASPINE;DINIZ;;;;;145,07;22,27;85,52;16,87;39,17;30,14;100,00;0,00;0,00;0,15
2003.0;2.0;2003-02-01;BRASPINE;ENES;PR;JAGUARIAIVA;5,93;5,69;154,02;22,04;85,21;16,70;40,84;29,61;100,00;0,00;0,00;1,63
2003.0;2.0;2003-02-01;BRASPINE;ENGENHARIA;;;;;145,07;22,27;85,52;16,87;39,17;30,14;100,00;0,00;0,00;0,15
2003.0;2.0;2003-02-01;BRASPINE;ESTACAO;PR;SENGES;4,76;4,14;144,17;22,04;85,21;16,70;40,84;29,61;100,00;0,00;0,00;1,63
2003.0;2.0;2003-02-01;BRASPINE;FAXINAL;PR;JAGUARIAIVA;20,65;20,65;154,02;22,04;85,21;16,70;40,84;29,61;100,00;0,00;0,00;1,63
2003.0;2.0;2003-02-01;BRASPINE;FEITAL;PR;DOUTOR ULYSSES;154,17;86,53;138,59;22,46;85,56;17,00;38,75;30,46;100,00;0,00;0,00;7,05
2003.0;2.0;2003-02-01;BRASPINE;FIGUEIRA;PR;DOUTOR ULYSSES;1053,81;315,71;139,77;22,44;85,72;16,74;38,65;30,61;100,00;0,00;0,00;12,58
2003.0;2.0;2003-02-01;BRASPINE;FIGUEIRINHA;PR;DOUTOR ULYSSES;94,37;56,74;137,64;22,44;85,72;16,74;38,65;30,61;100,00;0,00;0,00;12,58
2003.0;2.0;2003-02-01;BRASPINE;FLOEMA;PR;DOUTOR ULYSSES;2189,88;701,43;146,45;21,87;85,52;16,47;40,37;29,66;100,00;0,00;0,00;13,59
2003.0;2.0;2003-02-01;BRASPINE;FLOEMA I - SUDATI;;;;;143,03;22,27;85,52;16,87;39,17;30,14;100,00;0,00;0,00;0,15
2003.0;2.0;2003-02-01;BRASPINE;FLOEMA II - SUDATI;PR;DOUTOR ULYSSES;453,83;211,13;142,90;22,27;85,52;16,87;39,17;30,14;100,00;0,00;0,00;0,15
2003.0;2.0;2003-02-01;BRASPINE;FLOR DA SERRA;PR;SAO JOSE DA BOA VISTA;209,10;128,72;137,95;23,56;81,60;17,66;43,21;31,30;99,87;0,00;0,00;5,76
2003.0;2.0;2003-02-01;BRASPINE;GENTIL;PR;JAGUARIAIVA;126,77;53,33;133,48;21,69;84,50;16,92;46,71;28,50;99,68;0,00;0,00;1,71
2003.0;2.0;2003-02-01;BRASPINE;GUAIRACA;PR;GUARAPUAVA;623,62;169,31;162,74;21,07;88,28;15,72;48,38;29,09;100,00;0,00;0,00;14,37
2003.0;2.0;2003-02-01;BRASPINE;HERVAL 2 - MADALOSSO;;;;;188,95;22,10;84,62;16,55;42,71;29,34;99,84;0,00;0,00;7,76
2003.0;2.0;2003-02-01;BRASPINE;HERVAL DE BAIXO;PR;RESERVA;827,29;475,92;159,73;22,13;88,33;16,85;50,97;30,31;99,96;0,00;0,00;0,25
2003.0;2.0;2003-02-01;BRASPINE;HORTO 01;PR;TURVO;19,12;19,12;158,71;21,49;89,96;16,46;56,52;29,35;99,84;0,00;0,00;0,74
2003.0;2.0;2003-02-01;BRASPINE;HORTO 02;PR;TURVO;4,24;4,24;159,54;21,49;89,96;16,46;56,52;29,35;99,84;0,00;0,00;0,74
2003.0;2.0;2003-02-01;BRASPINE;HORTO 03;PR;PRUDENTOPOLIS;80,91;25,89;156,95;22,00;89,12;16,93;53,34;30,22;99,96;0,00;0,00;23,00
2003.0;2.0;2003-02-01;BRASPINE;HORTO 08;PR;TURVO;9,53;9,53;155,58;22,00;89,12;16,93;53,34;30,22;99,96;0,00;0,00;23,00
2003.0;2.0;2003-02-01;BRASPINE;HORTO 12;PR;PRUDENTOPOLIS;12,20;12,20;157,41;22,00;89,12;16,93;53,34;30,22;99,96;0,00;0,00;23,00
2003.0;2.0;2003-02-01;BRASPINE;IZAU;PR;PIRAI DO SUL;19,37;11,60;139,45;21,81;84,59;17,03;46,72;28,55;99,81;0,00;0,00;5,91
2003.0;2.0;2003-02-01;BRASPINE;JOAO RICO;PR;JAGUARIAIVA;47,46;26,18;139,01;21,99;84,47;16,99;46,23;28,95;99,76;0,00;0,00;18,44
2003.0;2.0;2003-02-01;BRASPINE;LAGOA;PR;JAGUARIAIVA;24,10;10,78;145,09;22,04;85,21;16,70;40,84;29,61;100,00;0,00;0,00;1,63
2003.0;2.0;2003-02-01;BRASPINE;MARACANA;PR;JANDAIA DO SUL;11,45;11,45;206,71;23,45;86,90;19,00;48,77;31,54;99,89;0,00;0,00;0,27
2003.0;2.0;2003-02-01;BRASPINE;MARRECA;;;;;137,96;22,44;85,72;16,74;38,65;30,61;100,00;0,00;0,00;12,58
2003.0;2.0;2003-02-01;BRASPINE;MARRECA SP;SP;ITAPIRAPUA PAULISTA;675,30;236,19;133,37;23,28;85,63;17,32;37,52;31,75;100,00;0,00;0,00;6,81
2003.0;2.0;2003-02-01;BRASPINE;MARRECAS;;;;;166,88;20,36;88,90;15,34;48,30;28,33;100,00;0,00;0,00;3,96
2003.0;2.0;2003-02-01;BRASPINE;MERCADINHO;;;;;140,80;23,00;85,26;17,17;38,82;31,26;100,00;0,00;0,00;2,35
2003.0;2.0;2003-02-01;BRASPINE;MONTE ALEGRE;;;;;215,85;23,95;85,86;19,47;47,47;32,11;99,85;0,00;0,00;9,25
2003.0;2.0;2003-02-01;BRASPINE;MONTE TABOR II;;;;;158,70;22,46;86,60;16,52;42,78;30,58;100,00;0,00;0,00;8,02
2003.0;2.0;2003-02-01;BRASPINE;MOREIRA;PR;DOUTOR ULYSSES;230,52;68,68;142,90;22,27;85,52;16,87;39,17;30,14;100,00;0,00;0,00;0,15
2003.0;2.0;2003-02-01;BRASPINE;MOREIRAS II;PR;DOUTOR ULYSSES;66,76;28,75;139,65;22,27;85,52;16,87;39,17;30,14;100,00;0,00;0,00;0,15
2003.0;2.0;2003-02-01;BRASPINE;MORRETES;PR;ORTIGUEIRA;20,36;20,36;160,40;22,55;88,41;17,15;51,55;30,85;99,92;0,00;0,00;3,63
2003.0;2.0;2003-02-01;BRASPINE;MORRO AZUL;;;;;144,11;22,62;85,48;16,95;37,13;30,76;100,00;0,00;0,00;29,74
2003.0;2.0;2003-02-01;BRASPINE;OURO FINO;SP;APIAI;51,70;51,70;167,97;22,36;86,27;16,74;39,14;30,57;100,00;0,00;0,00;17,60
2003.0;2.0;2003-02-01;BRASPINE;PALMEIRINHA DE BAIXO - SOSSEGO;PR;SENGES;85,93;9,22;140,81;21,79;84,39;16,81;40,91;29,02;99,96;0,00;0,00;0,21
2003.0;2.0;2003-02-01;BRASPINE;PAZIN;PR;DOUTOR ULYSSES;41,20;23,90;139,34;22,44;85,72;16,74;38,65;30,61;100,00;0,00;0,00;12,58
2003.0;2.0;2003-02-01;BRASPINE;PEDRAS;PR;CASTRO;7,18;7,18;161,16;21,86;85,21;17,21;49,44;28,62;99,82;0,00;0,00;0,35
2003.0;2.0;2003-02-01;BRASPINE;PESCARIA;PR;SAO JOSE DA BOA VISTA;184,57;129,22;138,82;23,75;81,10;17,36;42,77;31,53;99,82;0,00;0,00;9,43
2003.0;2.0;2003-02-01;BRASPINE;PESSEGUEIRO;PR;DOUTOR ULYSSES;109,95;64,79;147,03;22,27;85,52;16,87;39,17;30,14;100,00;0,00;0,00;0,15
2003.0;2.0;2003-02-01;BRASPINE;PITANGA;;;;;185,93;21,39;89,52;16,43;56,02;29,10;99,82;0,00;0,00;10,67
2003.0;2.0;2003-02-01;BRASPINE;QUEIMADINHO ARROIO CLARO;PR;DOUTOR ULYSSES;48,13;19,09;134,64;22,27;85,52;16,87;39,17;30,14;100,00;0,00;0,00;0,15
2003.0;2.0;2003-02-01;BRASPINE;QUEIMADINHO M6042;PR;DOUTOR ULYSSES;48,38;18,50;134,64;22,27;85,52;16,87;39,17;30,14;100,00;0,00;0,00;0,15
2003.0;2.0;2003-02-01;BRASPINE;QUEIMADINHO USUCAPIAO;PR;DOUTOR ULYSSES;200,27;92,43;134,64;22,27;85,52;16,87;39,17;30,14;100,00;0,00;0,00;0,15
2003.0;2.0;2003-02-01;BRASPINE;RAMOS;PR;SENGES;69,83;38,15;143,03;22,04;85,21;16,70;40,84;29,61;100,00;0,00;0,00;1,63
2003.0;2.0;2003-02-01;BRASPINE;RIBEIRAO GRANDE;PR;JAGUARIAIVA;20,77;20,77;137,73;21,81;84,59;17,03;46,72;28,55;99,81;0,00;0,00;5,91
2003.0;2.0;2003-02-01;BRASPINE;RINCAO DE BAIXO;;;;;149,23;21,87;84,83;16,46;47,01;29,46;99,87;0,00;0,00;3,61
2003.0;2.0;2003-02-01;BRASPINE;RIO BOMBA;PR;CERRO AZUL;65,03;37,72;152,73;23,24;85,12;17,33;38,16;31,24;99,92;0,00;0,00;9,59
2003.0;2.0;2003-02-01;BRASPINE;RIO DO MEIO;PR;DOUTOR ULYSSES;712,33;389,13;138,31;22,27;85,52;16,87;39,17;30,14;100,00;0,00;0,00;0,15
2003.0;2.0;2003-02-01;BRASPINE;RONDON;PR;JAGUARIAIVA;2899,24;1475,88;140,92;21,84;84,72;16,66;42,78;28,91;99,93;0,00;0,00;6,53
2003.0;2.0;2003-02-01;BRASPINE;SANTA FELICIDADE;;;;;122,30;23,71;85,61;17,56;36,78;32,46;100,00;0,00;0,00;0,30
2003.0;2.0;2003-02-01;BRASPINE;SANTA LIDIA DO CERCADINHO;;;;;149,63;21,57;84,67;16,42;47,02;28,95;99,85;0,00;0,00;2,05
2003.0;2.0;2003-02-01;BRASPINE;SANTO ANTONIO;;;;;142,09;21,90;84,45;16,79;39,03;29,38;99,96;0,00;0,00;38,25
2003.0;2.0;2003-02-01;BRASPINE;SAO JOSE;PR;JANDAIA DO SUL;37,56;37,56;215,96;23,79;86,08;19,34;47,81;31,90;99,90;0,00;0,00;9,89
2003.0;2.0;2003-02-01;BRASPINE;SAO MATHEUS;;;;;191,01;24,99;85,73;20,09;48,00;33,67;99,84;0,00;0,00;8,72
2003.0;2.0;2003-02-01;BRASPINE;SAO PEDRO E SAO PAULO;PR;SAPOPEMA;709,13;323,93;134,71;22,47;85,16;16,99;44,64;29,96;99,71;0,00;0,00;5,19
2003.0;2.0;2003-02-01;BRASPINE;SAO RAFAEL;;;;;130,83;22,01;84,59;16,56;42,97;29,58;99,76;0,00;0,00;1,23
2003.0;2.0;2003-02-01;BRASPINE;SAO RAFAEL - PB;;;;;155,89;22,50;86,00;17,07;38,26;30,73;100,00;0,00;0,00;20,81
2003.0;2.0;2003-02-01;BRASPINE;SERRARIA;PR;DOUTOR ULYSSES;280,88;117,71;146,08;22,16;85,62;16,61;39,51;30,13;100,00;0,00;0,00;13,09
2003.0;2.0;2003-02-01;BRASPINE;SERRO VERDE;;;;;192,07;21,10;88,27;15,87;54,27;28,81;99,90;0,00;0,00;16,91
2003.0;2.0;2003-02-01;BRASPINE;SERTAOZINHO;PR;DOUTOR ULYSSES;16,25;16,25;147,07;22,27;85,52;16,87;39,17;30,14;100,00;0,00;0,00;0,15
2003.0;2.0;2003-02-01;BRASPINE;SITIO BASILIO;PR;JAGUARIAIVA;8,08;8,08;143,72;21,74;84,47;16,78;46,58;28,60;99,67;0,00;0,00;21,05
2003.0;2.0;2003-02-01;BRASPINE;SITIO DAS MARRECAS;PR;DOUTOR ULYSSES;77,49;35,17;136,02;23,04;85,65;17,15;37,84;31,42;100,00;0,00;0,00;8,64
2003.0;2.0;2003-02-01;BRASPINE;SOBRADINHO;SP;BOM SUCESSO DE ITARARE;285,80;123,10;144,45;21,91;85,03;16,46;37,76;29,65;99,98;0,00;0,00;30,47
2003.0;2.0;2003-02-01;BRASPINE;TAQUARAL;PR;JAGUARIAIVA;519,13;31,07;141,52;22,03;84,79;16,93;46,10;29,04;99,97;0,00;0,00;13,82
2003.0;2.0;2003-02-01;BRASPINE;TUCUNDUVA;PR;SENGES;82,21;60,89;144,95;22,35;82,59;16,87;43,25;29,53;99,84;0,00;0,00;2,16
2003.0;2.0;2003-02-01;BRASPINE;TUCUNDUVA - CHAMMA;;;;;126,41;22,42;82,59;17,10;42,62;29,62;99,84;0,00;0,00;6,70
2003.0;2.0;2003-02-01;BRASPINE;VIENA 1;PR;DOUTOR ULYSSES;263,98;178,34;149,63;21,80;85,37;16,64;44,68;28,96;100,00;0,00;0,00;10,75
2003.0;2.0;2003-02-01;BRASPINE;VIENA 2;PR;CERRO AZUL;140,23;96,54;152,12;23,24;85,12;17,33;38,16;31,24;99,92;0,00;0,00;9,59
2003.0;2.0;2003-02-01;BRASPINE;VITORIA;PR;SENGES;50,54;35,69;140,81;21,79;84,39;16,81;40,91;29,02;99,96;0,00;0,00;0,21
2003.0;2.0;2003-02-01;BRASPINE;VIVEIRO;PR;DOUTOR ULYSSES;405,39;261,22;139,65;22,27;85,52;16,87;39,17;30,14;100,00;0,00;0,00;0,15
2003.0;2.0;2003-02-01;BRASPINE;VO LINO;PR;DOUTOR ULYSSES;164,50;97,89;139,72;22,44;85,72;16,74;38,65;30,61;100,00;0,00;0,00;12,58
2003.0;2.0;2003-02-01;BRASPINE;XAXIM VELHO;;;;;194,75;20,68;88,11;15,28;47,08;28,46;100,00;0,00;0,00;9,03
2003.0;3.0;2003-03-01;BRASPINE;AGUA DOCE;PR;JAGUARIAIVA;238,97;121,99;109,35;20,09;84,39;13,48;40,51;29,32;99,88;128,40;0,00;1,50
2003.0;3.0;2003-03-01;BRASPINE;AMATA;;;;;144,03;21,86;82,93;15,55;39,80;32,33;99,99;0,00;0,00;2,89
2003.0;3.0;2003-03-01;BRASPINE;ANTA BRAVA;;;;;171,37;22,66;81,81;16,43;41,17;32,29;99,44;0,00;0,00;1,88
2003.0;3.0;2003-03-01;BRASPINE;ARAPONGAS;PR;SENGES;423,34;263,70;127,90;20,24;85,89;14,16;39,79;30,50;100,00;86,55;0,00;20,98
2003.0;3.0;2003-03-01;BRASPINE;ARROIO CLARO;PR;DOUTOR ULYSSES;275,14;92,00;140,62;20,43;85,67;14,38;40,06;30,81;100,00;102,85;0,00;4,12
2003.0;3.0;2003-03-01;BRASPINE;BARRA GRANDE;PR;DOUTOR ULYSSES;493,79;139,68;150,83;20,81;85,88;14,76;40,70;31,37;100,00;44,46;0,00;8,27
2003.0;3.0;2003-03-01;BRASPINE;BARRA GRANDE - BEMAIS;PR;GUARAPUAVA;299,16;108,61;109,39;19,49;84,28;11,87;36,15;28,46;100,00;166,43;0,00;32,02
2003.0;3.0;2003-03-01;BRASPINE;BARRETOS;PR;JAGUARIAIVA;43,35;32,98;127,73;20,18;85,45;13,82;39,18;30,15;100,00;99,86;0,00;2,94
2003.0;3.0;2003-03-01;BRASPINE;BAU;;;;;109,22;19,61;83,86;12,71;38,83;27,70;99,90;139,23;0,00;0,78
2003.0;3.0;2003-03-01;BRASPINE;BOA VISTA II;PR;PIRAI DO SUL;944,00;535,05;131,67;20,17;84,86;13,77;39,56;29,79;100,00;128,68;0,00;6,44
2003.0;3.0;2003-03-01;BRASPINE;BRASILEIRA;;;;;141,87;20,24;85,89;14,16;39,79;30,50;100,00;86,55;0,00;20,98
2003.0;3.0;2003-03-01;BRASPINE;BURACAO;;;;;163,55;20,10;84,24;13,26;42,62;29,46;99,85;113,42;0,00;4,60
2003.0;3.0;2003-03-01;BRASPINE;BURRINHO;PR;DOUTOR ULYSSES;211,01;100,37;140,93;20,43;85,67;14,38;40,06;30,81;100,00;102,85;0,00;4,12
2003.0;3.0;2003-03-01;BRASPINE;CADEADO I;PR;JAGUARIAIVA;21,07;12,29;115,11;20,01;85,64;13,82;39,21;30,11;100,00;114,53;0,00;24,65
2003.0;3.0;2003-03-01;BRASPINE;CADEADO II;PR;JAGUARIAIVA;21,88;16,79;115,11;20,01;85,64;13,82;39,21;30,11;100,00;114,53;0,00;24,65
2003.0;3.0;2003-03-01;BRASPINE;CAMPINA ALTA;PR;TIBAGI;29,77;18,24;105,66;20,90;83,72;13,44;39,03;30,14;99,97;84,87;0,00;6,38
2003.0;3.0;2003-03-01;BRASPINE;CAMPINA DO ELIAS;PR;JAGUARIAIVA;29,17;14,65;129,59;20,12;85,52;13,82;39,19;30,14;100,00;114,80;0,00;1,55
2003.0;3.0;2003-03-01;BRASPINE;CAMPO NOVO;PR;JAGUARIAIVA;295,98;156,36;127,59;20,01;85,64;13,82;39,21;30,11;100,00;114,53;0,00;24,65
2003.0;3.0;2003-03-01;BRASPINE;CONSULTORIA II A;PR;DOUTOR ULYSSES;89,62;60,79;142,55;20,24;85,89;14,16;39,79;30,50;100,00;86,55;0,00;20,98
2003.0;3.0;2003-03-01;BRASPINE;DINIZ;;;;;134,43;20,24;85,89;14,16;39,79;30,50;100,00;86,55;0,00;20,98
2003.0;3.0;2003-03-01;BRASPINE;ENES;PR;JAGUARIAIVA;5,93;5,69;127,51;20,01;85,64;13,82;39,21;30,11;100,00;114,53;0,00;24,65
2003.0;3.0;2003-03-01;BRASPINE;ENGENHARIA;;;;;134,43;20,24;85,89;14,16;39,79;30,50;100,00;86,55;0,00;20,98
2003.0;3.0;2003-03-01;BRASPINE;ESTACAO;PR;SENGES;4,76;4,14;124,71;20,01;85,64;13,82;39,21;30,11;100,00;114,53;0,00;24,65
2003.0;3.0;2003-03-01;BRASPINE;FAXINAL;PR;JAGUARIAIVA;20,65;20,65;127,51;20,01;85,64;13,82;39,21;30,11;100,00;114,53;0,00;24,65
2003.0;3.0;2003-03-01;BRASPINE;FEITAL;PR;DOUTOR ULYSSES;154,17;86,53;142,70;20,43;85,88;14,36;40,09;30,79;100,00;87,69;0,00;18,69
2003.0;3.0;2003-03-01;BRASPINE;FIGUEIRA;PR;DOUTOR ULYSSES;1053,81;315,71;136,87;20,43;85,67;14,38;40,06;30,81;100,00;102,85;0,00;4,12
2003.0;3.0;2003-03-01;BRASPINE;FIGUEIRINHA;PR;DOUTOR ULYSSES;94,37;56,74;153,98;20,43;85,67;14,38;40,06;30,81;100,00;102,85;0,00;4,12
2003.0;3.0;2003-03-01;BRASPINE;FLOEMA;PR;DOUTOR ULYSSES;2189,88;701,43;135,76;19,88;85,55;13,76;39,34;29,99;100,00;113,26;0,00;5,23
2003.0;3.0;2003-03-01;BRASPINE;FLOEMA I - SUDATI;;;;;124,53;20,24;85,89;14,16;39,79;30,50;100,00;86,55;0,00;20,98
2003.0;3.0;2003-03-01;BRASPINE;FLOEMA II - SUDATI;PR;DOUTOR ULYSSES;453,83;211,13;136,50;20,24;85,89;14,16;39,79;30,50;100,00;86,55;0,00;20,98
2003.0;3.0;2003-03-01;BRASPINE;FLOR DA SERRA;PR;SAO JOSE DA BOA VISTA;209,10;128,72;137,69;22,09;79,06;14,79;39,45;30,89;99,53;14,79;0,00;3,47
2003.0;3.0;2003-03-01;BRASPINE;GENTIL;PR;JAGUARIAIVA;126,77;53,33;103,97;19,81;84,24;13,19;40,99;28,69;99,59;125,75;0,00;1,67
2003.0;3.0;2003-03-01;BRASPINE;GUAIRACA;PR;GUARAPUAVA;623,62;169,31;105,60;19,66;84,03;11,62;36,61;28,72;100,00;123,05;0,00;1,22
2003.0;3.0;2003-03-01;BRASPINE;HERVAL 2 - MADALOSSO;;;;;144,36;20,10;84,24;13,26;42,62;29,46;99,85;113,42;0,00;4,60
2003.0;3.0;2003-03-01;BRASPINE;HERVAL DE BAIXO;PR;RESERVA;827,29;475,92;115,86;20,90;83,79;13,23;39,12;30,01;99,93;83,61;0,00;0,82
2003.0;3.0;2003-03-01;BRASPINE;HORTO 01;PR;TURVO;19,12;19,12;83,05;20,25;84,52;12,54;38,80;28,62;99,77;111,34;0,00;1,57
2003.0;3.0;2003-03-01;BRASPINE;HORTO 02;PR;TURVO;4,24;4,24;84,08;20,25;84,52;12,54;38,80;28,62;99,77;111,34;0,00;1,57
2003.0;3.0;2003-03-01;BRASPINE;HORTO 03;PR;PRUDENTOPOLIS;80,91;25,89;81,28;20,74;83,61;13,13;36,39;29,56;99,96;100,43;0,00;16,07
2003.0;3.0;2003-03-01;BRASPINE;HORTO 08;PR;TURVO;9,53;9,53;88,03;20,74;83,61;13,13;36,39;29,56;99,96;100,43;0,00;16,07
2003.0;3.0;2003-03-01;BRASPINE;HORTO 12;PR;PRUDENTOPOLIS;12,20;12,20;82,19;20,74;83,61;13,13;36,39;29,56;99,96;100,43;0,00;16,07
2003.0;3.0;2003-03-01;BRASPINE;IZAU;PR;PIRAI DO SUL;19,37;11,60;111,28;19,84;84,64;13,52;40,01;28,97;99,70;140,56;0,00;0,30
2003.0;3.0;2003-03-01;BRASPINE;JOAO RICO;PR;JAGUARIAIVA;47,46;26,18;105,72;20,09;84,39;13,48;40,51;29,32;99,88;128,40;0,00;1,50
2003.0;3.0;2003-03-01;BRASPINE;LAGOA;PR;JAGUARIAIVA;24,10;10,78;119,60;20,01;85,64;13,82;39,21;30,11;100,00;114,53;0,00;24,65
2003.0;3.0;2003-03-01;BRASPINE;MARACANA;PR;JANDAIA DO SUL;11,45;11,45;135,34;22,65;80,64;16,34;37,14;31,65;99,98;0,00;0,00;0,25
2003.0;3.0;2003-03-01;BRASPINE;MARRECA;;;;;146,37;20,43;85,67;14,38;40,06;30,81;100,00;102,85;0,00;4,12
2003.0;3.0;2003-03-01;BRASPINE;MARRECA SP;SP;ITAPIRAPUA PAULISTA;675,30;236,19;164,71;21,20;85,51;15,23;40,48;31,86;100,00;0,00;0,00;1,33
2003.0;3.0;2003-03-01;BRASPINE;MARRECAS;;;;;106,73;18,95;84,76;11,33;37,23;27,87;100,00;190,97;0,00;6,64
2003.0;3.0;2003-03-01;BRASPINE;MERCADINHO;;;;;149,94;21,07;84,25;14,96;39,49;31,52;100,00;14,96;0,00;1,70
2003.0;3.0;2003-03-01;BRASPINE;MONTE ALEGRE;;;;;158,02;23,16;79,73;16,75;37,57;32,22;99,98;0,00;0,00;0,96
2003.0;3.0;2003-03-01;BRASPINE;MONTE TABOR II;;;;;152,87;20,52;87,06;14,78;43,06;30,52;99,98;29,65;0,00;0,90
2003.0;3.0;2003-03-01;BRASPINE;MOREIRA;PR;DOUTOR ULYSSES;230,52;68,68;136,50;20,24;85,89;14,16;39,79;30,50;100,00;86,55;0,00;20,98
2003.0;3.0;2003-03-01;BRASPINE;MOREIRAS II;PR;DOUTOR ULYSSES;66,76;28,75;143,43;20,24;85,89;14,16;39,79;30,50;100,00;86,55;0,00;20,98
2003.0;3.0;2003-03-01;BRASPINE;MORRETES;PR;ORTIGUEIRA;20,36;20,36;108,56;21,41;83,54;13,39;38,66;30,54;99,93;85,39;0,00;0,09
2003.0;3.0;2003-03-01;BRASPINE;MORRO AZUL;;;;;123,38;20,56;86,13;14,51;39,65;31,20;100,00;73,31;0,00;2,40
2003.0;3.0;2003-03-01;BRASPINE;OURO FINO;SP;APIAI;51,70;51,70;160,42;20,32;87,22;14,45;41,05;30,63;100,00;58,41;0,00;0,91
2003.0;3.0;2003-03-01;BRASPINE;PALMEIRINHA DE BAIXO - SOSSEGO;PR;SENGES;85,93;9,22;123,49;19,87;85,00;13,55;39,05;29,72;99,88;129,15;0,00;12,16
2003.0;3.0;2003-03-01;BRASPINE;PAZIN;PR;DOUTOR ULYSSES;41,20;23,90;146,75;20,43;85,67;14,38;40,06;30,81;100,00;102,85;0,00;4,12
2003.0;3.0;2003-03-01;BRASPINE;PEDRAS;PR;CASTRO;7,18;7,18;125,02;19,88;85,05;13,58;42,32;29,07;99,54;140,76;0,00;4,48
2003.0;3.0;2003-03-01;BRASPINE;PESCARIA;PR;SAO JOSE DA BOA VISTA;184,57;129,22;135,64;22,26;78,56;14,62;37,53;31,12;99,55;14,62;0,00;4,28
2003.0;3.0;2003-03-01;BRASPINE;PESSEGUEIRO;PR;DOUTOR ULYSSES;109,95;64,79;129,42;20,24;85,89;14,16;39,79;30,50;100,00;86,55;0,00;20,98
2003.0;3.0;2003-03-01;BRASPINE;PITANGA;;;;;123,91;20,36;83,41;13,44;38,32;28,53;99,81;86,07;0,00;2,03
2003.0;3.0;2003-03-01;BRASPINE;QUEIMADINHO ARROIO CLARO;PR;DOUTOR ULYSSES;48,13;19,09;141,87;20,24;85,89;14,16;39,79;30,50;100,00;86,55;0,00;20,98
2003.0;3.0;2003-03-01;BRASPINE;QUEIMADINHO M6042;PR;DOUTOR ULYSSES;48,38;18,50;141,87;20,24;85,89;14,16;39,79;30,50;100,00;86,55;0,00;20,98
2003.0;3.0;2003-03-01;BRASPINE;QUEIMADINHO USUCAPIAO;PR;DOUTOR ULYSSES;200,27;92,43;141,87;20,24;85,89;14,16;39,79;30,50;100,00;86,55;0,00;20,98
2003.0;3.0;2003-03-01;BRASPINE;RAMOS;PR;SENGES;69,83;38,15;124,53;20,01;85,64;13,82;39,21;30,11;100,00;114,53;0,00;24,65
2003.0;3.0;2003-03-01;BRASPINE;RIBEIRAO GRANDE;PR;JAGUARIAIVA;20,77;20,77;115,82;19,84;84,64;13,52;40,01;28,97;99,70;140,56;0,00;0,30
2003.0;3.0;2003-03-01;BRASPINE;RINCAO DE BAIXO;;;;;168,30;20,37;82,10;13,20;39,32;29,15;99,77;113,22;0,00;6,13
2003.0;3.0;2003-03-01;BRASPINE;RIO BOMBA;PR;CERRO AZUL;65,03;37,72;128,79;21,36;83,35;14,75;40,68;31,62;99,98;14,75;0,00;2,74
2003.0;3.0;2003-03-01;BRASPINE;RIO DO MEIO;PR;DOUTOR ULYSSES;712,33;389,13;143,00;20,24;85,89;14,16;39,79;30,50;100,00;86,55;0,00;20,98
2003.0;3.0;2003-03-01;BRASPINE;RONDON;PR;JAGUARIAIVA;2899,24;1475,88;119,31;19,90;85,18;13,50;39,80;29,59;99,90;128,41;0,00;6,54
2003.0;3.0;2003-03-01;BRASPINE;SANTA FELICIDADE;;;;;165,13;21,70;85,19;15,69;40,11;32,46;100,00;0,00;0,00;0,78
2003.0;3.0;2003-03-01;BRASPINE;SANTA LIDIA DO CERCADINHO;;;;;163,78;20,03;82,13;12,96;39,65;28,61;99,65;126,03;0,00;5,78
2003.0;3.0;2003-03-01;BRASPINE;SANTO ANTONIO;;;;;126,36;19,96;85,18;13,69;38,87;30,08;100,00;99,96;0,00;6,16
2003.0;3.0;2003-03-01;BRASPINE;SAO JOSE;PR;JANDAIA DO SUL;37,56;37,56;156,43;23,00;79,94;16,62;37,54;32,02;100,00;0,00;0,00;2,69
2003.0;3.0;2003-03-01;BRASPINE;SAO MATHEUS;;;;;143,74;24,27;79,30;16,77;39,43;33,65;99,94;0,00;0,00;0,14
2003.0;3.0;2003-03-01;BRASPINE;SAO PEDRO E SAO PAULO;PR;SAPOPEMA;709,13;323,93;81,55;21,30;81,02;14,05;40,16;29,28;99,71;43,79;0,00;2,65
2003.0;3.0;2003-03-01;BRASPINE;SAO RAFAEL;;;;;137,00;20,09;83,27;13,23;38,68;29,02;99,63;127,32;0,00;0,72
2003.0;3.0;2003-03-01;BRASPINE;SAO RAFAEL - PB;;;;;152,35;20,44;86,95;14,54;40,36;30,86;100,00;58,62;0,00;1,91
2003.0;3.0;2003-03-01;BRASPINE;SERRARIA;PR;DOUTOR ULYSSES;280,88;117,71;136,74;20,15;85,61;14,07;39,70;30,40;100,00;100,65;0,00;4,69
2003.0;3.0;2003-03-01;BRASPINE;SERRO VERDE;;;;;125,69;19,95;82,86;13,01;38,08;28,22;99,91;112,67;0,00;2,39
2003.0;3.0;2003-03-01;BRASPINE;SERTAOZINHO;PR;DOUTOR ULYSSES;16,25;16,25;135,48;20,24;85,89;14,16;39,79;30,50;100,00;86,55;0,00;20,98
2003.0;3.0;2003-03-01;BRASPINE;SITIO BASILIO;PR;JAGUARIAIVA;8,08;8,08;109,46;19,87;84,16;13,08;41,17;28,77;99,65;126,54;0,00;4,43
2003.0;3.0;2003-03-01;BRASPINE;SITIO DAS MARRECAS;PR;DOUTOR ULYSSES;77,49;35,17;156,11;20,98;85,55;14,99;40,66;31,56;100,00;14,99;0,00;2,19
2003.0;3.0;2003-03-01;BRASPINE;SOBRADINHO;SP;BOM SUCESSO DE ITARARE;285,80;123,10;137,53;19,93;86,00;13,70;39,69;30,18;100,00;85,31;0,00;16,36
2003.0;3.0;2003-03-01;BRASPINE;TAQUARAL;PR;JAGUARIAIVA;519,13;31,07;120,08;20,09;85,00;13,58;40,50;29,63;100,00;129,09;0,00;14,05
2003.0;3.0;2003-03-01;BRASPINE;TUCUNDUVA;PR;SENGES;82,21;60,89;129,31;20,64;81,58;13,33;38,70;29,58;99,55;87,84;0,00;3,21
2003.0;3.0;2003-03-01;BRASPINE;TUCUNDUVA - CHAMMA;;;;;123,22;20,68;81,77;13,84;38,22;29,85;99,56;43,37;0,00;8,83
2003.0;3.0;2003-03-01;BRASPINE;VIENA 1;PR;DOUTOR ULYSSES;263,98;178,34;138,26;19,77;85,56;13,55;40,28;29,55;100,00;141,34;0,00;4,48
2003.0;3.0;2003-03-01;BRASPINE;VIENA 2;PR;CERRO AZUL;140,23;96,54;128,90;21,36;83,35;14,75;40,68;31,62;99,98;14,75;0,00;2,74
2003.0;3.0;2003-03-01;BRASPINE;VITORIA;PR;SENGES;50,54;35,69;123,49;19,87;85,00;13,55;39,05;29,72;99,88;129,15;0,00;12,16
2003.0;3.0;2003-03-01;BRASPINE;VIVEIRO;PR;DOUTOR ULYSSES;405,39;261,22;143,43;20,24;85,89;14,16;39,79;30,50;100,00;86,55;0,00;20,98
2003.0;3.0;2003-03-01;BRASPINE;VO LINO;PR;DOUTOR ULYSSES;164,50;97,89;143,76;20,43;85,67;14,38;40,06;30,81;100,00;102,85;0,00;4,12
2003.0;3.0;2003-03-01;BRASPINE;XAXIM VELHO;;;;;128,45;19,16;84,88;12,67;38,97;28,08;100,00;194,10;0,00;1,33
2003.0;4.0;2003-04-01;BRASPINE;AGUA DOCE;PR;JAGUARIAIVA;238,97;121,99;112,05;18,85;78,31;8,42;34,44;26,53;99,84;134,28;0,00;4,02
2003.0;4.0;2003-04-01;BRASPINE;AMATA;;;;;127,20;20,35;78,11;9,29;35,01;30,09;99,88;90,85;0,00;0,98
2003.0;4.0;2003-04-01;BRASPINE;ANTA BRAVA;;;;;104,38;21,24;79,44;11,34;34,88;28,93;99,84;38,29;0,00;2,92
2003.0;4.0;2003-04-01;BRASPINE;ARAPONGAS;PR;SENGES;423,34;263,70;133,65;18,81;81,18;8,52;34,93;27,73;100,00;167,46;0,00;0,78
2003.0;4.0;2003-04-01;BRASPINE;ARROIO CLARO;PR;DOUTOR ULYSSES;275,14;92,00;126,13;18,95;81,11;8,56;35,18;28,29;100,00;167,89;0,00;0,69
2003.0;4.0;2003-04-01;BRASPINE;BARRA GRANDE;PR;DOUTOR ULYSSES;493,79;139,68;133,91;19,35;81,56;8,79;34,48;28,77;100,00;142,92;0,00;5,72
2003.0;4.0;2003-04-01;BRASPINE;BARRA GRANDE - BEMAIS;PR;GUARAPUAVA;299,16;108,61;106,17;17,62;79,29;6,81;32,58;25,08;99,99;235,63;0,00;7,19
2003.0;4.0;2003-04-01;BRASPINE;BARRETOS;PR;JAGUARIAIVA;43,35;32,98;134,74;18,88;79,97;8,44;35,32;27,35;99,93;152,56;0,00;0,41
2003.0;4.0;2003-04-01;BRASPINE;BAU;;;;;118,94;17,61;78,70;6,84;37,85;25,10;99,89;211,44;0,00;1,93
2003.0;4.0;2003-04-01;BRASPINE;BOA VISTA II;PR;PIRAI DO SUL;944,00;535,05;125,31;18,90;78,90;8,33;34,68;27,11;99,92;135,45;0,00;1,05
2003.0;4.0;2003-04-01;BRASPINE;BRASILEIRA;;;;;125,90;18,81;81,18;8,52;34,93;27,73;100,00;167,46;0,00;0,78
2003.0;4.0;2003-04-01;BRASPINE;BURACAO;;;;;113,51;18,61;78,63;7,29;38,23;27,25;99,93;219,95;0,00;1,81
2003.0;4.0;2003-04-01;BRASPINE;BURRINHO;PR;DOUTOR ULYSSES;211,01;100,37;125,97;18,95;81,11;8,56;35,18;28,29;100,00;167,89;0,00;0,69
2003.0;4.0;2003-04-01;BRASPINE;CADEADO I;PR;JAGUARIAIVA;21,07;12,29;111,39;18,62;80,68;8,42;35,39;27,21;100,00;194,70;0,00;3,04
2003.0;4.0;2003-04-01;BRASPINE;CADEADO II;PR;JAGUARIAIVA;21,88;16,79;111,39;18,62;80,68;8,42;35,39;27,21;100,00;194,70;0,00;3,04
2003.0;4.0;2003-04-01;BRASPINE;CAMPINA ALTA;PR;TIBAGI;29,77;18,24;141,80;19,39;77,23;7,27;35,78;27,01;99,89;157,25;0,00;1,23
2003.0;4.0;2003-04-01;BRASPINE;CAMPINA DO ELIAS;PR;JAGUARIAIVA;29,17;14,65;123,89;18,79;80,22;8,43;35,35;27,30;99,96;166,81;0,00;4,51
2003.0;4.0;2003-04-01;BRASPINE;CAMPO NOVO;PR;JAGUARIAIVA;295,98;156,36;138,47;18,62;80,68;8,42;35,39;27,21;100,00;194,70;0,00;3,04
2003.0;4.0;2003-04-01;BRASPINE;CONSULTORIA II A;PR;DOUTOR ULYSSES;89,62;60,79;125,37;18,81;81,18;8,52;34,93;27,73;100,00;167,46;0,00;0,78
2003.0;4.0;2003-04-01;BRASPINE;DINIZ;;;;;123,47;18,81;81,18;8,52;34,93;27,73;100,00;167,46;0,00;0,78
2003.0;4.0;2003-04-01;BRASPINE;ENES;PR;JAGUARIAIVA;5,93;5,69;139,06;18,62;80,68;8,42;35,39;27,21;100,00;194,70;0,00;3,04
2003.0;4.0;2003-04-01;BRASPINE;ENGENHARIA;;;;;123,47;18,81;81,18;8,52;34,93;27,73;100,00;167,46;0,00;0,78
2003.0;4.0;2003-04-01;BRASPINE;ESTACAO;PR;SENGES;4,76;4,14;122,87;18,62;80,68;8,42;35,39;27,21;100,00;194,70;0,00;3,04
2003.0;4.0;2003-04-01;BRASPINE;FAXINAL;PR;JAGUARIAIVA;20,65;20,65;139,06;18,62;80,68;8,42;35,39;27,21;100,00;194,70;0,00;3,04
2003.0;4.0;2003-04-01;BRASPINE;FEITAL;PR;DOUTOR ULYSSES;154,17;86,53;125,91;18,99;81,31;8,61;34,78;28,08;100,00;169,39;0,00;0,03
2003.0;4.0;2003-04-01;BRASPINE;FIGUEIRA;PR;DOUTOR ULYSSES;1053,81;315,71;121,82;18,95;81,11;8,56;35,18;28,29;100,00;167,89;0,00;0,69
2003.0;4.0;2003-04-01;BRASPINE;FIGUEIRINHA;PR;DOUTOR ULYSSES;94,37;56,74;128,47;18,95;81,11;8,56;35,18;28,29;100,00;167,89;0,00;0,69
2003.0;4.0;2003-04-01;BRASPINE;FLOEMA;PR;DOUTOR ULYSSES;2189,88;701,43;120,32;18,42;80,69;8,20;35,42;27,28;100,00;176,20;0,00;0,14
2003.0;4.0;2003-04-01;BRASPINE;FLOEMA I - SUDATI;;;;;123,52;18,81;81,18;8,52;34,93;27,73;100,00;167,46;0,00;0,78
2003.0;4.0;2003-04-01;BRASPINE;FLOEMA II - SUDATI;PR;DOUTOR ULYSSES;453,83;211,13;126,88;18,81;81,18;8,52;34,93;27,73;100,00;167,46;0,00;0,78
2003.0;4.0;2003-04-01;BRASPINE;FLOR DA SERRA;PR;SAO JOSE DA BOA VISTA;209,10;128,72;173,79;20,60;74,91;9,45;30,39;28,31;99,88;90,20;0,00;3,86
2003.0;4.0;2003-04-01;BRASPINE;GENTIL;PR;JAGUARIAIVA;126,77;53,33;118,87;18,58;78,01;7,98;35,40;26,11;99,58;174,59;0,00;1,25
2003.0;4.0;2003-04-01;BRASPINE;GUAIRACA;PR;GUARAPUAVA;623,62;169,31;105,48;17,79;78,95;6,72;31,85;25,37;99,98;236,66;0,00;12,39
2003.0;4.0;2003-04-01;BRASPINE;HERVAL 2 - MADALOSSO;;;;;112,14;18,61;78,63;7,29;38,23;27,25;99,93;219,95;0,00;1,81
2003.0;4.0;2003-04-01;BRASPINE;HERVAL DE BAIXO;PR;RESERVA;827,29;475,92;138,24;19,27;77,76;6,90;35,65;26,86;99,82;167,03;0,00;4,15
2003.0;4.0;2003-04-01;BRASPINE;HORTO 01;PR;TURVO;19,12;19,12;131,66;18,30;79,45;7,26;37,41;25,85;99,66;213,16;0,00;9,34
2003.0;4.0;2003-04-01;BRASPINE;HORTO 02;PR;TURVO;4,24;4,24;131,42;18,30;79,45;7,26;37,41;25,85;99,66;213,16;0,00;9,34
2003.0;4.0;2003-04-01;BRASPINE;HORTO 03;PR;PRUDENTOPOLIS;80,91;25,89;130,73;18,75;79,05;7,63;34,56;26,61;99,88;221,10;0,00;2,00
2003.0;4.0;2003-04-01;BRASPINE;HORTO 08;PR;TURVO;9,53;9,53;126,68;18,75;79,05;7,63;34,56;26,61;99,88;221,10;0,00;2,00
2003.0;4.0;2003-04-01;BRASPINE;HORTO 12;PR;PRUDENTOPOLIS;12,20;12,20;128,83;18,75;79,05;7,63;34,56;26,61;99,88;221,10;0,00;2,00
2003.0;4.0;2003-04-01;BRASPINE;IZAU;PR;PIRAI DO SUL;19,37;11,60;121,15;18,61;78,41;7,91;35,48;26,46;99,69;161,01;0,00;1,34
2003.0;4.0;2003-04-01;BRASPINE;JOAO RICO;PR;JAGUARIAIVA;47,46;26,18;118,32;18,85;78,31;8,42;34,44;26,53;99,84;134,28;0,00;4,02
2003.0;4.0;2003-04-01;BRASPINE;LAGOA;PR;JAGUARIAIVA;24,10;10,78;114,47;18,62;80,68;8,42;35,39;27,21;100,00;194,70;0,00;3,04
2003.0;4.0;2003-04-01;BRASPINE;MARACANA;PR;JANDAIA DO SUL;11,45;11,45;135,10;20,99;74,80;10,61;35,45;28,82;99,98;90,87;0,00;0,65
2003.0;4.0;2003-04-01;BRASPINE;MARRECA;;;;;123,81;18,95;81,11;8,56;35,18;28,29;100,00;167,89;0,00;0,69
2003.0;4.0;2003-04-01;BRASPINE;MARRECA SP;SP;ITAPIRAPUA PAULISTA;675,30;236,19;136,39;19,73;81,21;9,02;33,93;29,64;100,00;130,37;0,00;2,13
2003.0;4.0;2003-04-01;BRASPINE;MARRECAS;;;;;101,74;17,12;79,57;6,34;32,34;24,50;100,00;286,71;0,00;17,81
2003.0;4.0;2003-04-01;BRASPINE;MERCADINHO;;;;;129,12;19,59;79,62;8,91;34,81;29,20;99,87;129,42;0,00;2,61
2003.0;4.0;2003-04-01;BRASPINE;MONTE ALEGRE;;;;;141,79;21,38;74,69;10,88;35,18;29,08;99,97;92,52;0,00;8,86
2003.0;4.0;2003-04-01;BRASPINE;MONTE TABOR II;;;;;145,31;18,84;85,03;6,74;38,61;27,99;99,99;138,20;0,00;34,26
2003.0;4.0;2003-04-01;BRASPINE;MOREIRA;PR;DOUTOR ULYSSES;230,52;68,68;126,88;18,81;81,18;8,52;34,93;27,73;100,00;167,46;0,00;0,78
2003.0;4.0;2003-04-01;BRASPINE;MOREIRAS II;PR;DOUTOR ULYSSES;66,76;28,75;125,14;18,81;81,18;8,52;34,93;27,73;100,00;167,46;0,00;0,78
2003.0;4.0;2003-04-01;BRASPINE;MORRETES;PR;ORTIGUEIRA;20,36;20,36;139,61;19,66;78,13;7,41;36,49;27,45;99,78;184,92;0,00;2,91
2003.0;4.0;2003-04-01;BRASPINE;MORRO AZUL;;;;;138,28;19,14;81,83;8,58;35,28;28,20;100,00;171,19;0,00;11,60
2003.0;4.0;2003-04-01;BRASPINE;OURO FINO;SP;APIAI;51,70;51,70;152,52;18,77;83,87;7,68;38,20;27,67;100,00;152,72;0,00;2,80
2003.0;4.0;2003-04-01;BRASPINE;PALMEIRINHA DE BAIXO - SOSSEGO;PR;SENGES;85,93;9,22;133,66;18,54;79,75;8,50;33,97;26,38;99,86;178,03;0,00;22,28
2003.0;4.0;2003-04-01;BRASPINE;PAZIN;PR;DOUTOR ULYSSES;41,20;23,90;126,22;18,95;81,11;8,56;35,18;28,29;100,00;167,89;0,00;0,69
2003.0;4.0;2003-04-01;BRASPINE;PEDRAS;PR;CASTRO;7,18;7,18;120,22;18,52;79,09;7,51;37,18;26,38;99,88;188,21;0,00;1,29
2003.0;4.0;2003-04-01;BRASPINE;PESCARIA;PR;SAO JOSE DA BOA VISTA;184,57;129,22;164,14;20,86;74,00;10,15;28,67;28,67;99,94;91,89;0,00;3,55
2003.0;4.0;2003-04-01;BRASPINE;PESSEGUEIRO;PR;DOUTOR ULYSSES;109,95;64,79;125,82;18,81;81,18;8,52;34,93;27,73;100,00;167,46;0,00;0,78
2003.0;4.0;2003-04-01;BRASPINE;PITANGA;;;;;131,79;18,29;78,27;7,47;37,73;25,92;99,81;206,46;0,00;3,39
2003.0;4.0;2003-04-01;BRASPINE;QUEIMADINHO ARROIO CLARO;PR;DOUTOR ULYSSES;48,13;19,09;125,90;18,81;81,18;8,52;34,93;27,73;100,00;167,46;0,00;0,78
2003.0;4.0;2003-04-01;BRASPINE;QUEIMADINHO M6042;PR;DOUTOR ULYSSES;48,38;18,50;125,90;18,81;81,18;8,52;34,93;27,73;100,00;167,46;0,00;0,78
2003.0;4.0;2003-04-01;BRASPINE;QUEIMADINHO USUCAPIAO;PR;DOUTOR ULYSSES;200,27;92,43;125,90;18,81;81,18;8,52;34,93;27,73;100,00;167,46;0,00;0,78
2003.0;4.0;2003-04-01;BRASPINE;RAMOS;PR;SENGES;69,83;38,15;123,52;18,62;80,68;8,42;35,39;27,21;100,00;194,70;0,00;3,04
2003.0;4.0;2003-04-01;BRASPINE;RIBEIRAO GRANDE;PR;JAGUARIAIVA;20,77;20,77;117,36;18,61;78,41;7,91;35,48;26,46;99,69;161,01;0,00;1,34
2003.0;4.0;2003-04-01;BRASPINE;RINCAO DE BAIXO;;;;;153,87;18,93;76,17;7,00;36,50;26,43;99,54;170,84;0,00;1,13
2003.0;4.0;2003-04-01;BRASPINE;RIO BOMBA;PR;CERRO AZUL;65,03;37,72;114,52;19,83;78,54;9,04;36,80;29,31;99,79;116,45;0,00;0,82
2003.0;4.0;2003-04-01;BRASPINE;RIO DO MEIO;PR;DOUTOR ULYSSES;712,33;389,13;125,35;18,81;81,18;8,52;34,93;27,73;100,00;167,46;0,00;0,78
2003.0;4.0;2003-04-01;BRASPINE;RONDON;PR;JAGUARIAIVA;2899,24;1475,88;115,38;18,57;79,83;8,52;34,47;26,44;99,93;178,32;0,00;32,67
2003.0;4.0;2003-04-01;BRASPINE;SANTA FELICIDADE;;;;;137,39;20,17;81,48;9,09;32,96;30,48;100,00;118,31;0,00;1,11
2003.0;4.0;2003-04-01;BRASPINE;SANTA LIDIA DO CERCADINHO;;;;;143,75;18,64;75,96;7,27;36,40;25,97;99,54;184,67;0,00;0,48
2003.0;4.0;2003-04-01;BRASPINE;SANTO ANTONIO;;;;;136,99;18,59;80,11;8,44;34,37;26,72;100,00;179,01;0,00;14,57
2003.0;4.0;2003-04-01;BRASPINE;SAO JOSE;PR;JANDAIA DO SUL;37,56;37,56;140,64;21,25;74,69;10,81;35,26;28,96;99,99;92,01;0,00;9,58
2003.0;4.0;2003-04-01;BRASPINE;SAO MATHEUS;;;;;137,22;22,26;75,77;10,94;34,96;30,19;99,94;64,13;0,00;1,85
2003.0;4.0;2003-04-01;BRASPINE;SAO PEDRO E SAO PAULO;PR;SAPOPEMA;709,13;323,93;160,25;19,62;76,96;9,48;35,53;26,75;99,65;153,60;0,00;0,27
2003.0;4.0;2003-04-01;BRASPINE;SAO RAFAEL;;;;;97,11;18,46;78,35;7,23;37,90;26,60;99,59;158,62;0,00;6,69
2003.0;4.0;2003-04-01;BRASPINE;SAO RAFAEL - PB;;;;;151,53;18,92;83,34;8,06;37,22;27,89;100,00;154,72;0,00;4,92
2003.0;4.0;2003-04-01;BRASPINE;SERRARIA;PR;DOUTOR ULYSSES;280,88;117,71;124,46;18,69;80,90;8,38;35,57;27,78;100,00;164,56;0,00;1,12
2003.0;4.0;2003-04-01;BRASPINE;SERRO VERDE;;;;;119,64;17,91;77,80;6,85;38,10;25,75;99,89;216,15;0,00;2,03
2003.0;4.0;2003-04-01;BRASPINE;SERTAOZINHO;PR;DOUTOR ULYSSES;16,25;16,25;129,03;18,81;81,18;8,52;34,93;27,73;100,00;167,46;0,00;0,78
2003.0;4.0;2003-04-01;BRASPINE;SITIO BASILIO;PR;JAGUARIAIVA;8,08;8,08;111,25;18,64;77,96;8,12;35,11;26,11;99,65;145,45;0,00;138,91
2003.0;4.0;2003-04-01;BRASPINE;SITIO DAS MARRECAS;PR;DOUTOR ULYSSES;77,49;35,17;128,77;19,51;81,18;8,89;34,29;29,26;100,00;143,47;0,00;2,80
2003.0;4.0;2003-04-01;BRASPINE;SOBRADINHO;SP;BOM SUCESSO DE ITARARE;285,80;123,10;157,30;18,50;81,39;8,25;36,30;26,78;100,00;163,82;0,00;7,04
2003.0;4.0;2003-04-01;BRASPINE;TAQUARAL;PR;JAGUARIAIVA;519,13;31,07;125,20;18,82;79,25;8,59;34,76;26,65;99,99;136,07;0,00;0,90
2003.0;4.0;2003-04-01;BRASPINE;TUCUNDUVA;PR;SENGES;82,21;60,89;135,18;19,28;76,27;9,10;31,31;26,77;99,87;152,17;0,00;24,16
2003.0;4.0;2003-04-01;BRASPINE;TUCUNDUVA - CHAMMA;;;;;135,07;19,34;76,60;9,17;31,27;26,87;99,78;155,18;0,00;23,36
2003.0;4.0;2003-04-01;BRASPINE;VIENA 1;PR;DOUTOR ULYSSES;263,98;178,34;117,06;18,38;80,19;8,14;35,84;26,85;99,99;205,50;0,00;0,82
2003.0;4.0;2003-04-01;BRASPINE;VIENA 2;PR;CERRO AZUL;140,23;96,54;114,20;19,83;78,54;9,04;36,80;29,31;99,79;116,45;0,00;0,82
2003.0;4.0;2003-04-01;BRASPINE;VITORIA;PR;SENGES;50,54;35,69;133,66;18,54;79,75;8,50;33,97;26,38;99,86;178,03;0,00;22,28
2003.0;4.0;2003-04-01;BRASPINE;VIVEIRO;PR;DOUTOR ULYSSES;405,39;261,22;125,14;18,81;81,18;8,52;34,93;27,73;100,00;167,46;0,00;0,78
2003.0;4.0;2003-04-01;BRASPINE;VO LINO;PR;DOUTOR ULYSSES;164,50;97,89;124,30;18,95;81,11;8,56;35,18;28,29;100,00;167,89;0,00;0,69
2003.0;4.0;2003-04-01;BRASPINE;XAXIM VELHO;;;;;96,72;17,29;79,70;6,01;32,73;24,80;100,00;290,95;0,00;1,00
2003.0;5.0;2003-05-01;BRASPINE;AGUA DOCE;PR;JAGUARIAIVA;238,97;121,99;29,51;15,00;75,67;5,09;28,93;25,14;99,46;311,40;0,00;350,24
2003.0;5.0;2003-05-01;BRASPINE;AMATA;;;;;30,54;16,43;77,33;4,94;30,06;28,24;99,95;274,70;4,94;0,51
2003.0;5.0;2003-05-01;BRASPINE;ANTA BRAVA;;;;;53,56;18,02;74,18;8,59;35,56;28,27;99,21;250,16;0,00;0,18
2003.0;5.0;2003-05-01;BRASPINE;ARAPONGAS;PR;SENGES;423,34;263,70;27,96;15,17;78,19;4,24;30,39;26,26;100,00;321,98;4,24;23,60
2003.0;5.0;2003-05-01;BRASPINE;ARROIO CLARO;PR;DOUTOR ULYSSES;275,14;92,00;25,44;15,26;78,66;4,63;30,02;26,67;100,00;325,59;4,63;2,83
2003.0;5.0;2003-05-01;BRASPINE;BARRA GRANDE;PR;DOUTOR ULYSSES;493,79;139,68;27,22;15,61;78,92;4,36;30,78;27,36;100,00;315,57;4,36;1,16
2003.0;5.0;2003-05-01;BRASPINE;BARRA GRANDE - BEMAIS;PR;GUARAPUAVA;299,16;108,61;41,60;14,00;76,60;2,48;35,64;22,53;99,98;270,68;7,12;26,57
2003.0;5.0;2003-05-01;BRASPINE;BARRETOS;PR;JAGUARIAIVA;43,35;32,98;32,12;15,18;76,90;4,52;28,73;25,78;99,85;309,58;4,52;29,03
2003.0;5.0;2003-05-01;BRASPINE;BAU;;;;;48,45;14,08;75,72;4,40;34,85;22,63;99,89;269,53;8,80;0,34
2003.0;5.0;2003-05-01;BRASPINE;BOA VISTA II;PR;PIRAI DO SUL;944,00;535,05;31,22;15,06;76,09;4,47;27,85;25,54;99,88;300,16;4,47;28,60
2003.0;5.0;2003-05-01;BRASPINE;BRASILEIRA;;;;;26,24;15,17;78,19;4,24;30,39;26,26;100,00;321,98;4,24;23,60
2003.0;5.0;2003-05-01;BRASPINE;BURACAO;;;;;32,64;14,96;75,60;5,41;30,06;25,04;99,99;314,30;0,00;6,67
2003.0;5.0;2003-05-01;BRASPINE;BURRINHO;PR;DOUTOR ULYSSES;211,01;100,37;25,46;15,26;78,66;4,63;30,02;26,67;100,00;325,59;4,63;2,83
2003.0;5.0;2003-05-01;BRASPINE;CADEADO I;PR;JAGUARIAIVA;21,07;12,29;26,81;15,01;77,49;4,21;29,94;25,69;100,00;317,64;4,21;28,63
2003.0;5.0;2003-05-01;BRASPINE;CADEADO II;PR;JAGUARIAIVA;21,88;16,79;26,81;15,01;77,49;4,21;29,94;25,69;100,00;317,64;4,21;28,63
2003.0;5.0;2003-05-01;BRASPINE;CAMPINA ALTA;PR;TIBAGI;29,77;18,24;46,57;15,48;75,30;4,00;33,33;25,30;99,66;283,39;18,51;2,28
2003.0;5.0;2003-05-01;BRASPINE;CAMPINA DO ELIAS;PR;JAGUARIAIVA;29,17;14,65;29,61;15,12;77,12;4,41;29,17;25,75;99,91;322,14;4,41;28,90
2003.0;5.0;2003-05-01;BRASPINE;CAMPO NOVO;PR;JAGUARIAIVA;295,98;156,36;27,06;15,01;77,49;4,21;29,94;25,69;100,00;317,64;4,21;28,63
2003.0;5.0;2003-05-01;BRASPINE;CONSULTORIA II A;PR;DOUTOR ULYSSES;89,62;60,79;26,45;15,17;78,19;4,24;30,39;26,26;100,00;321,98;4,24;23,60
2003.0;5.0;2003-05-01;BRASPINE;DINIZ;;;;;26,71;15,17;78,19;4,24;30,39;26,26;100,00;321,98;4,24;23,60
2003.0;5.0;2003-05-01;BRASPINE;ENES;PR;JAGUARIAIVA;5,93;5,69;26,90;15,01;77,49;4,21;29,94;25,69;100,00;317,64;4,21;28,63
2003.0;5.0;2003-05-01;BRASPINE;ENGENHARIA;;;;;26,71;15,17;78,19;4,24;30,39;26,26;100,00;321,98;4,24;23,60
2003.0;5.0;2003-05-01;BRASPINE;ESTACAO;PR;SENGES;4,76;4,14;26,11;15,01;77,49;4,21;29,94;25,69;100,00;317,64;4,21;28,63
2003.0;5.0;2003-05-01;BRASPINE;FAXINAL;PR;JAGUARIAIVA;20,65;20,65;26,90;15,01;77,49;4,21;29,94;25,69;100,00;317,64;4,21;28,63
2003.0;5.0;2003-05-01;BRASPINE;FEITAL;PR;DOUTOR ULYSSES;154,17;86,53;25,92;15,32;78,44;4,28;30,52;26,62;100,00;324,86;4,28;21,49
2003.0;5.0;2003-05-01;BRASPINE;FIGUEIRA;PR;DOUTOR ULYSSES;1053,81;315,71;26,16;15,26;78,66;4,63;30,02;26,67;100,00;325,59;4,63;2,83
2003.0;5.0;2003-05-01;BRASPINE;FIGUEIRINHA;PR;DOUTOR ULYSSES;94,37;56,74;25,29;15,26;78,66;4,63;30,02;26,67;100,00;325,59;4,63;2,83
2003.0;5.0;2003-05-01;BRASPINE;FLOEMA;PR;DOUTOR ULYSSES;2189,88;701,43;28,73;14,83;77,79;4,47;29,88;25,62;100,00;315,66;4,47;2,80
2003.0;5.0;2003-05-01;BRASPINE;FLOEMA I - SUDATI;;;;;25,98;15,17;78,19;4,24;30,39;26,26;100,00;321,98;4,24;23,60
2003.0;5.0;2003-05-01;BRASPINE;FLOEMA II - SUDATI;PR;DOUTOR ULYSSES;453,83;211,13;27,07;15,17;78,19;4,24;30,39;26,26;100,00;321,98;4,24;23,60
2003.0;5.0;2003-05-01;BRASPINE;FLOR DA SERRA;PR;SAO JOSE DA BOA VISTA;209,10;128,72;27,58;16,64;72,72;4,83;30,79;27,46;98,77;294,94;4,83;0,52
2003.0;5.0;2003-05-01;BRASPINE;GENTIL;PR;JAGUARIAIVA;126,77;53,33;29,88;14,71;75,70;5,35;28,43;24,62;99,36;303,58;0,00;25,91
2003.0;5.0;2003-05-01;BRASPINE;GUAIRACA;PR;GUARAPUAVA;623,62;169,31;40,92;14,05;76,70;1,53;33,90;22,86;99,89;266,08;10,69;1,94
2003.0;5.0;2003-05-01;BRASPINE;HERVAL 2 - MADALOSSO;;;;;31,42;14,96;75,60;5,41;30,06;25,04;99,99;314,30;0,00;6,67
2003.0;5.0;2003-05-01;BRASPINE;HERVAL DE BAIXO;PR;RESERVA;827,29;475,92;46,77;15,31;75,95;3,67;33,84;25,29;99,84;283,13;16,73;3,48
2003.0;5.0;2003-05-01;BRASPINE;HORTO 01;PR;TURVO;19,12;19,12;41,49;14,61;76,31;1,96;38,39;23,59;99,32;274,47;20,58;4,22
2003.0;5.0;2003-05-01;BRASPINE;HORTO 02;PR;TURVO;4,24;4,24;42,37;14,61;76,31;1,96;38,39;23,59;99,32;274,47;20,58;4,22
2003.0;5.0;2003-05-01;BRASPINE;HORTO 03;PR;PRUDENTOPOLIS;80,91;25,89;39,25;15,09;75,80;1,89;37,38;24,22;99,56;288,98;6,59;12,83
2003.0;5.0;2003-05-01;BRASPINE;HORTO 08;PR;TURVO;9,53;9,53;38,66;15,09;75,80;1,89;37,38;24,22;99,56;288,98;6,59;12,83
2003.0;5.0;2003-05-01;BRASPINE;HORTO 12;PR;PRUDENTOPOLIS;12,20;12,20;39,30;15,09;75,80;1,89;37,38;24,22;99,56;288,98;6,59;12,83
2003.0;5.0;2003-05-01;BRASPINE;IZAU;PR;PIRAI DO SUL;19,37;11,60;31,55;14,79;75,95;5,29;27,23;24,84;99,45;311,50;0,00;28,31
2003.0;5.0;2003-05-01;BRASPINE;JOAO RICO;PR;JAGUARIAIVA;47,46;26,18;29,97;15,00;75,67;5,09;28,93;25,14;99,46;311,40;0,00;350,24
2003.0;5.0;2003-05-01;BRASPINE;LAGOA;PR;JAGUARIAIVA;24,10;10,78;27,18;15,01;77,49;4,21;29,94;25,69;100,00;317,64;4,21;28,63
2003.0;5.0;2003-05-01;BRASPINE;MARACANA;PR;JANDAIA DO SUL;11,45;11,45;44,61;17,59;69,82;7,33;34,93;27,54;99,70;211,20;0,00;4,49
2003.0;5.0;2003-05-01;BRASPINE;MARRECA;;;;;25,66;15,26;78,66;4,63;30,02;26,67;100,00;325,59;4,63;2,83
2003.0;5.0;2003-05-01;BRASPINE;MARRECA SP;SP;ITAPIRAPUA PAULISTA;675,30;236,19;25,40;15,90;79,36;4,91;30,28;28,07;100,00;321,26;4,91;2,63
2003.0;5.0;2003-05-01;BRASPINE;MARRECAS;;;;;42,09;13,49;77,21;1,43;34,27;22,08;100,00;254,71;10,48;7,23
2003.0;5.0;2003-05-01;BRASPINE;MERCADINHO;;;;;25,26;15,75;78,14;4,32;29,78;27,45;99,94;318,44;4,32;0,23
2003.0;5.0;2003-05-01;BRASPINE;MONTE ALEGRE;;;;;43,95;17,92;70,02;7,75;36,59;27,93;99,50;214,75;0,00;0,84
2003.0;5.0;2003-05-01;BRASPINE;MONTE TABOR II;;;;;27,17;15,12;81,50;4,21;35,14;26,76;100,00;316,83;9,04;21,44
2003.0;5.0;2003-05-01;BRASPINE;MOREIRA;PR;DOUTOR ULYSSES;230,52;68,68;27,07;15,17;78,19;4,24;30,39;26,26;100,00;321,98;4,24;23,60
2003.0;5.0;2003-05-01;BRASPINE;MOREIRAS II;PR;DOUTOR ULYSSES;66,76;28,75;26,36;15,17;78,19;4,24;30,39;26,26;100,00;321,98;4,24;23,60
2003.0;5.0;2003-05-01;BRASPINE;MORRETES;PR;ORTIGUEIRA;20,36;20,36;46,96;15,58;76,74;3,90;33,58;25,97;99,85;283,35;17,92;2,75
2003.0;5.0;2003-05-01;BRASPINE;MORRO AZUL;;;;;27,59;15,44;78,66;4,61;31,21;27,03;100,00;323,65;4,61;8,47
2003.0;5.0;2003-05-01;BRASPINE;OURO FINO;SP;APIAI;51,70;51,70;26,89;15,12;80,24;4,10;33,86;26,62;100,00;315,32;4,10;329,42
2003.0;5.0;2003-05-01;BRASPINE;PALMEIRINHA DE BAIXO - SOSSEGO;PR;SENGES;85,93;9,22;29,00;14,97;76,16;4,62;30,08;25,22;99,52;316,28;4,62;15,44
2003.0;5.0;2003-05-01;BRASPINE;PAZIN;PR;DOUTOR ULYSSES;41,20;23,90;25,67;15,26;78,66;4,63;30,02;26,67;100,00;325,59;4,63;2,83
2003.0;5.0;2003-05-01;BRASPINE;PEDRAS;PR;CASTRO;7,18;7,18;33,41;14,65;76,52;4,47;29,28;24,62;99,86;304,28;4,47;1,86
2003.0;5.0;2003-05-01;BRASPINE;PESCARIA;PR;SAO JOSE DA BOA VISTA;184,57;129,22;32,68;16,94;71,80;5,09;28,27;27,78;98,29;272,96;0,00;1,80
2003.0;5.0;2003-05-01;BRASPINE;PESSEGUEIRO;PR;DOUTOR ULYSSES;109,95;64,79;26,18;15,17;78,19;4,24;30,39;26,26;100,00;321,98;4,24;23,60
2003.0;5.0;2003-05-01;BRASPINE;PITANGA;;;;;42,71;14,74;74,95;4,03;36,72;23,54;99,68;283,22;12,82;11,18
2003.0;5.0;2003-05-01;BRASPINE;QUEIMADINHO ARROIO CLARO;PR;DOUTOR ULYSSES;48,13;19,09;26,24;15,17;78,19;4,24;30,39;26,26;100,00;321,98;4,24;23,60
2003.0;5.0;2003-05-01;BRASPINE;QUEIMADINHO M6042;PR;DOUTOR ULYSSES;48,38;18,50;26,24;15,17;78,19;4,24;30,39;26,26;100,00;321,98;4,24;23,60
2003.0;5.0;2003-05-01;BRASPINE;QUEIMADINHO USUCAPIAO;PR;DOUTOR ULYSSES;200,27;92,43;26,24;15,17;78,19;4,24;30,39;26,26;100,00;321,98;4,24;23,60
2003.0;5.0;2003-05-01;BRASPINE;RAMOS;PR;SENGES;69,83;38,15;25,98;15,01;77,49;4,21;29,94;25,69;100,00;317,64;4,21;28,63
2003.0;5.0;2003-05-01;BRASPINE;RIBEIRAO GRANDE;PR;JAGUARIAIVA;20,77;20,77;33,71;14,79;75,95;5,29;27,23;24,84;99,45;311,50;0,00;28,31
2003.0;5.0;2003-05-01;BRASPINE;RINCAO DE BAIXO;;;;;43,11;14,97;74,51;4,22;30,38;24,59;99,20;295,30;13,61;0,92
2003.0;5.0;2003-05-01;BRASPINE;RIO BOMBA;PR;CERRO AZUL;65,03;37,72;29,45;15,94;77,52;4,13;31,37;27,36;99,88;307,15;4,13;2,75
2003.0;5.0;2003-05-01;BRASPINE;RIO DO MEIO;PR;DOUTOR ULYSSES;712,33;389,13;26,33;15,17;78,19;4,24;30,39;26,26;100,00;321,98;4,24;23,60
2003.0;5.0;2003-05-01;BRASPINE;RONDON;PR;JAGUARIAIVA;2899,24;1475,88;28,01;14,91;76,58;4,41;30,37;25,13;99,62;312,21;4,41;22,17
2003.0;5.0;2003-05-01;BRASPINE;SANTA FELICIDADE;;;;;25,28;16,26;79,94;4,87;30,67;28,99;100,00;295,76;4,87;1,90
2003.0;5.0;2003-05-01;BRASPINE;SANTA LIDIA DO CERCADINHO;;;;;42,86;14,72;74,36;4,11;30,02;24,17;99,24;292,89;13,30;3,99
2003.0;5.0;2003-05-01;BRASPINE;SANTO ANTONIO;;;;;29,65;15,00;76,55;4,89;30,34;25,63;99,95;312,67;9,79;10,80
2003.0;5.0;2003-05-01;BRASPINE;SAO JOSE;PR;JANDAIA DO SUL;37,56;37,56;43,86;17,80;69,97;7,70;36,69;27,77;99,61;213,74;0,00;1,76
2003.0;5.0;2003-05-01;BRASPINE;SAO MATHEUS;;;;;50,54;18,59;71,76;7,23;37,31;28,88;99,21;198,32;0,00;2,23
2003.0;5.0;2003-05-01;BRASPINE;SAO PEDRO E SAO PAULO;PR;SAPOPEMA;709,13;323,93;41,46;15,88;74,10;5,55;34,35;25,87;97,57;293,99;0,00;4,77
2003.0;5.0;2003-05-01;BRASPINE;SAO RAFAEL;;;;;26,51;14,71;75,33;4,02;30,50;24,66;99,94;287,19;4,02;2,66
2003.0;5.0;2003-05-01;BRASPINE;SAO RAFAEL - PB;;;;;28,59;15,28;79,78;4,48;32,90;26,84;100,00;321,80;4,48;2,96
2003.0;5.0;2003-05-01;BRASPINE;SERRARIA;PR;DOUTOR ULYSSES;280,88;117,71;26,54;15,04;78,22;4,55;29,95;26,14;100,00;320,61;4,55;2,81
2003.0;5.0;2003-05-01;BRASPINE;SERRO VERDE;;;;;52,24;14,34;75,10;4,02;33,03;23,08;99,91;275,98;12,46;3,21
2003.0;5.0;2003-05-01;BRASPINE;SERTAOZINHO;PR;DOUTOR ULYSSES;16,25;16,25;26,68;15,17;78,19;4,24;30,39;26,26;100,00;321,98;4,24;23,60
2003.0;5.0;2003-05-01;BRASPINE;SITIO BASILIO;PR;JAGUARIAIVA;8,08;8,08;29,40;14,77;75,62;5,03;28,94;24,69;99,36;303,22;0,00;22,89
2003.0;5.0;2003-05-01;BRASPINE;SITIO DAS MARRECAS;PR;DOUTOR ULYSSES;77,49;35,17;25,47;15,72;79,16;4,83;30,21;27,67;100,00;318,32;4,83;1,00
2003.0;5.0;2003-05-01;BRASPINE;SOBRADINHO;SP;BOM SUCESSO DE ITARARE;285,80;123,10;28,15;14,91;77,73;4,75;32,10;25,80;99,99;308,15;9,67;6,03
2003.0;5.0;2003-05-01;BRASPINE;TAQUARAL;PR;JAGUARIAIVA;519,13;31,07;29,71;15,03;76,28;4,68;30,00;25,30;99,80;313,20;9,64;25,07
2003.0;5.0;2003-05-01;BRASPINE;TUCUNDUVA;PR;SENGES;82,21;60,89;29,87;15,49;73,62;3,99;29,77;25,67;97,01;302,39;8,69;12,57
2003.0;5.0;2003-05-01;BRASPINE;TUCUNDUVA - CHAMMA;;;;;30,54;15,64;73,61;4,37;29,51;25,78;97,32;295,26;4,37;11,72
2003.0;5.0;2003-05-01;BRASPINE;VIENA 1;PR;DOUTOR ULYSSES;263,98;178,34;30,99;14,80;77,01;4,37;30,10;25,19;99,99;316,53;4,37;1,89
2003.0;5.0;2003-05-01;BRASPINE;VIENA 2;PR;CERRO AZUL;140,23;96,54;29,41;15,94;77,52;4,13;31,37;27,36;99,88;307,15;4,13;2,75
2003.0;5.0;2003-05-01;BRASPINE;VITORIA;PR;SENGES;50,54;35,69;29,00;14,97;76,16;4,62;30,08;25,22;99,52;316,28;4,62;15,44
2003.0;5.0;2003-05-01;BRASPINE;VIVEIRO;PR;DOUTOR ULYSSES;405,39;261,22;26,36;15,17;78,19;4,24;30,39;26,26;100,00;321,98;4,24;23,60
2003.0;5.0;2003-05-01;BRASPINE;VO LINO;PR;DOUTOR ULYSSES;164,50;97,89;25,61;15,26;78,66;4,63;30,02;26,67;100,00;325,59;4,63;2,83
2003.0;5.0;2003-05-01;BRASPINE;XAXIM VELHO;;;;;35,53;13,48;77,97;1,15;33,76;22,44;100,00;254,43;19,57;1,59
2003.0;6.0;2003-06-01;BRASPINE;AGUA DOCE;PR;JAGUARIAIVA;238,97;121,99;60,08;16,16;80,59;7,62;42,30;22,83;99,88;328,59;0,00;1,11
2003.0;6.0;2003-06-01;BRASPINE;AMATA;;;;;50,39;17,00;84,74;7,32;41,46;26,20;99,97;354,94;0,00;11,62
2003.0;6.0;2003-06-01;BRASPINE;ANTA BRAVA;;;;;33,85;18,83;77,34;12,09;38,93;26,81;99,99;231,41;0,00;5,25
2003.0;6.0;2003-06-01;BRASPINE;ARAPONGAS;PR;SENGES;423,34;263,70;52,70;16,08;83,62;7,58;39,50;23,80;100,00;339,11;0,00;9,87
2003.0;6.0;2003-06-01;BRASPINE;ARROIO CLARO;PR;DOUTOR ULYSSES;275,14;92,00;45,72;16,15;84,48;8,27;39,30;24,32;100,00;344,06;0,00;4,69
2003.0;6.0;2003-06-01;BRASPINE;BARRA GRANDE;PR;DOUTOR ULYSSES;493,79;139,68;52,16;16,46;84,16;7,27;39,40;24,80;100,00;329,62;0,00;6,56
2003.0;6.0;2003-06-01;BRASPINE;BARRA GRANDE - BEMAIS;PR;GUARAPUAVA;299,16;108,61;110,49;15,12;85,86;6,43;45,83;22,11;100,00;335,01;0,00;9,32
2003.0;6.0;2003-06-01;BRASPINE;BARRETOS;PR;JAGUARIAIVA;43,35;32,98;57,09;16,22;82,46;7,76;40,21;23,39;99,98;317,03;0,00;8,71
2003.0;6.0;2003-06-01;BRASPINE;BAU;;;;;116,46;15,38;84,32;8,13;48,54;21,96;99,91;328,30;0,00;3,57
2003.0;6.0;2003-06-01;BRASPINE;BOA VISTA II;PR;PIRAI DO SUL;944,00;535,05;55,61;16,21;81,52;7,72;40,84;23,21;100,00;301,74;0,00;10,91
2003.0;6.0;2003-06-01;BRASPINE;BRASILEIRA;;;;;48,98;16,08;83,62;7,58;39,50;23,80;100,00;339,11;0,00;9,87
2003.0;6.0;2003-06-01;BRASPINE;BURACAO;;;;;61,71;16,04;82,50;8,02;41,26;23,66;100,00;300,35;0,00;18,85
2003.0;6.0;2003-06-01;BRASPINE;BURRINHO;PR;DOUTOR ULYSSES;211,01;100,37;45,96;16,15;84,48;8,27;39,30;24,32;100,00;344,06;0,00;4,69
2003.0;6.0;2003-06-01;BRASPINE;CADEADO I;PR;JAGUARIAIVA;21,07;12,29;50,43;15,94;83,18;6,98;39,74;23,29;100,00;332,49;0,00;5,83
2003.0;6.0;2003-06-01;BRASPINE;CADEADO II;PR;JAGUARIAIVA;21,88;16,79;50,43;15,94;83,18;6,98;39,74;23,29;100,00;332,49;0,00;5,83
2003.0;6.0;2003-06-01;BRASPINE;CAMPINA ALTA;PR;TIBAGI;29,77;18,24;74,04;16,37;83,60;7,11;43,98;24,21;99,96;306,56;0,00;4,31
2003.0;6.0;2003-06-01;BRASPINE;CAMPINA DO ELIAS;PR;JAGUARIAIVA;29,17;14,65;52,77;16,12;82,72;7,48;40,04;23,36;99,98;312,05;0,00;7,64
2003.0;6.0;2003-06-01;BRASPINE;CAMPO NOVO;PR;JAGUARIAIVA;295,98;156,36;54,02;15,94;83,18;6,98;39,74;23,29;100,00;332,49;0,00;5,83
2003.0;6.0;2003-06-01;BRASPINE;CONSULTORIA II A;PR;DOUTOR ULYSSES;89,62;60,79;52,14;16,08;83,62;7,58;39,50;23,80;100,00;339,11;0,00;9,87
2003.0;6.0;2003-06-01;BRASPINE;DINIZ;;;;;53,56;16,08;83,62;7,58;39,50;23,80;100,00;339,11;0,00;9,87
2003.0;6.0;2003-06-01;BRASPINE;ENES;PR;JAGUARIAIVA;5,93;5,69;54,21;15,94;83,18;6,98;39,74;23,29;100,00;332,49;0,00;5,83
2003.0;6.0;2003-06-01;BRASPINE;ENGENHARIA;;;;;53,56;16,08;83,62;7,58;39,50;23,80;100,00;339,11;0,00;9,87
2003.0;6.0;2003-06-01;BRASPINE;ESTACAO;PR;SENGES;4,76;4,14;52,21;15,94;83,18;6,98;39,74;23,29;100,00;332,49;0,00;5,83
2003.0;6.0;2003-06-01;BRASPINE;FAXINAL;PR;JAGUARIAIVA;20,65;20,65;54,21;15,94;83,18;6,98;39,74;23,29;100,00;332,49;0,00;5,83
2003.0;6.0;2003-06-01;BRASPINE;FEITAL;PR;DOUTOR ULYSSES;154,17;86,53;51,22;16,21;83,80;7,48;39,47;24,13;100,00;341,02;0,00;8,80
2003.0;6.0;2003-06-01;BRASPINE;FIGUEIRA;PR;DOUTOR ULYSSES;1053,81;315,71;49,14;16,15;84,48;8,27;39,30;24,32;100,00;344,06;0,00;4,69
2003.0;6.0;2003-06-01;BRASPINE;FIGUEIRINHA;PR;DOUTOR ULYSSES;94,37;56,74;48,21;16,15;84,48;8,27;39,30;24,32;100,00;344,06;0,00;4,69
2003.0;6.0;2003-06-01;BRASPINE;FLOEMA;PR;DOUTOR ULYSSES;2189,88;701,43;52,01;15,76;83,93;8,33;39,43;23,39;100,00;350,79;0,00;6,09
2003.0;6.0;2003-06-01;BRASPINE;FLOEMA I - SUDATI;;;;;52,87;16,08;83,62;7,58;39,50;23,80;100,00;339,11;0,00;9,87
2003.0;6.0;2003-06-01;BRASPINE;FLOEMA II - SUDATI;PR;DOUTOR ULYSSES;453,83;211,13;54,06;16,08;83,62;7,58;39,50;23,80;100,00;339,11;0,00;9,87
2003.0;6.0;2003-06-01;BRASPINE;FLOR DA SERRA;PR;SAO JOSE DA BOA VISTA;209,10;128,72;47,16;17,10;79,89;8,29;39,70;25,84;99,92;300,38;0,00;46,22
2003.0;6.0;2003-06-01;BRASPINE;GENTIL;PR;JAGUARIAIVA;126,77;53,33;63,66;15,92;80,50;7,99;43,43;22,47;99,73;340,42;0,00;6,84
2003.0;6.0;2003-06-01;BRASPINE;GUAIRACA;PR;GUARAPUAVA;623,62;169,31;111,50;15,21;85,77;6,08;45,28;22,41;99,99;320,00;0,00;16,38
2003.0;6.0;2003-06-01;BRASPINE;HERVAL 2 - MADALOSSO;;;;;63,52;16,04;82,50;8,02;41,26;23,66;100,00;300,35;0,00;18,85
2003.0;6.0;2003-06-01;BRASPINE;HERVAL DE BAIXO;PR;RESERVA;827,29;475,92;78,50;16,18;84,47;7,22;45,15;24,30;99,98;310,88;0,00;0,59
2003.0;6.0;2003-06-01;BRASPINE;HORTO 01;PR;TURVO;19,12;19,12;91,85;15,85;85,11;6,40;48,53;23,06;99,97;301,07;0,00;6,16
2003.0;6.0;2003-06-01;BRASPINE;HORTO 02;PR;TURVO;4,24;4,24;92,20;15,85;85,11;6,40;48,53;23,06;99,97;301,07;0,00;6,16
2003.0;6.0;2003-06-01;BRASPINE;HORTO 03;PR;PRUDENTOPOLIS;80,91;25,89;88,15;16,06;85,41;6,16;47,75;23,73;99,98;285,04;0,00;74,29
2003.0;6.0;2003-06-01;BRASPINE;HORTO 08;PR;TURVO;9,53;9,53;91,80;16,06;85,41;6,16;47,75;23,73;99,98;285,04;0,00;74,29
2003.0;6.0;2003-06-01;BRASPINE;HORTO 12;PR;PRUDENTOPOLIS;12,20;12,20;84,74;16,06;85,41;6,16;47,75;23,73;99,98;285,04;0,00;74,29
2003.0;6.0;2003-06-01;BRASPINE;IZAU;PR;PIRAI DO SUL;19,37;11,60;58,96;16,01;80,86;8,42;42,49;22,68;99,94;317,79;0,00;13,56
2003.0;6.0;2003-06-01;BRASPINE;JOAO RICO;PR;JAGUARIAIVA;47,46;26,18;61,93;16,16;80,59;7,62;42,30;22,83;99,88;328,59;0,00;1,11
2003.0;6.0;2003-06-01;BRASPINE;LAGOA;PR;JAGUARIAIVA;24,10;10,78;51,13;15,94;83,18;6,98;39,74;23,29;100,00;332,49;0,00;5,83
2003.0;6.0;2003-06-01;BRASPINE;MARACANA;PR;JANDAIA DO SUL;11,45;11,45;48,08;18,67;77,12;12,14;39,05;25,95;99,99;170,51;0,00;6,04
2003.0;6.0;2003-06-01;BRASPINE;MARRECA;;;;;49,14;16,15;84,48;8,27;39,30;24,32;100,00;344,06;0,00;4,69
2003.0;6.0;2003-06-01;BRASPINE;MARRECA SP;SP;ITAPIRAPUA PAULISTA;675,30;236,19;47,98;16,71;84,98;7,77;39,31;25,62;100,00;333,18;0,00;5,02
2003.0;6.0;2003-06-01;BRASPINE;MARRECAS;;;;;119,71;14,71;85,98;6,37;44,86;21,55;100,00;327,96;0,00;25,20
2003.0;6.0;2003-06-01;BRASPINE;MERCADINHO;;;;;46,27;16,47;84,77;7,55;40,34;25,23;100,00;342,38;0,00;8,68
2003.0;6.0;2003-06-01;BRASPINE;MONTE ALEGRE;;;;;49,53;18,98;77,35;12,21;40,24;26,41;99,99;170,51;0,00;5,17
2003.0;6.0;2003-06-01;BRASPINE;MONTE TABOR II;;;;;39,08;15,89;86,65;7,99;44,37;24,32;100,00;337,71;0,00;3,57
2003.0;6.0;2003-06-01;BRASPINE;MOREIRA;PR;DOUTOR ULYSSES;230,52;68,68;54,06;16,08;83,62;7,58;39,50;23,80;100,00;339,11;0,00;9,87
2003.0;6.0;2003-06-01;BRASPINE;MOREIRAS II;PR;DOUTOR ULYSSES;66,76;28,75;51,85;16,08;83,62;7,58;39,50;23,80;100,00;339,11;0,00;9,87
2003.0;6.0;2003-06-01;BRASPINE;MORRETES;PR;ORTIGUEIRA;20,36;20,36;67,28;16,45;84,68;7,19;44,57;24,95;99,93;295,38;0,00;5,94
2003.0;6.0;2003-06-01;BRASPINE;MORRO AZUL;;;;;53,49;16,30;83,56;7,22;39,57;24,40;100,00;327,94;0,00;18,95
2003.0;6.0;2003-06-01;BRASPINE;OURO FINO;SP;APIAI;51,70;51,70;47,48;16,02;84,99;7,07;41,73;24,12;100,00;323,43;0,00;8,93
2003.0;6.0;2003-06-01;BRASPINE;PALMEIRINHA DE BAIXO - SOSSEGO;PR;SENGES;85,93;9,22;56,15;15,87;80,98;6,86;40,90;22,86;99,99;346,15;0,00;24,12
2003.0;6.0;2003-06-01;BRASPINE;PAZIN;PR;DOUTOR ULYSSES;41,20;23,90;51,19;16,15;84,48;8,27;39,30;24,32;100,00;344,06;0,00;4,69
2003.0;6.0;2003-06-01;BRASPINE;PEDRAS;PR;CASTRO;7,18;7,18;60,19;15,83;81,90;7,89;44,43;22,71;100,00;292,55;0,00;19,26
2003.0;6.0;2003-06-01;BRASPINE;PESCARIA;PR;SAO JOSE DA BOA VISTA;184,57;129,22;49,05;17,41;78,92;8,17;37,96;26,03;100,00;322,63;0,00;46,43
2003.0;6.0;2003-06-01;BRASPINE;PESSEGUEIRO;PR;DOUTOR ULYSSES;109,95;64,79;51,12;16,08;83,62;7,58;39,50;23,80;100,00;339,11;0,00;9,87
2003.0;6.0;2003-06-01;BRASPINE;PITANGA;;;;;112,83;15,87;84,10;7,78;49,05;22,48;99,82;298,90;0,00;5,13
2003.0;6.0;2003-06-01;BRASPINE;QUEIMADINHO ARROIO CLARO;PR;DOUTOR ULYSSES;48,13;19,09;48,98;16,08;83,62;7,58;39,50;23,80;100,00;339,11;0,00;9,87
2003.0;6.0;2003-06-01;BRASPINE;QUEIMADINHO M6042;PR;DOUTOR ULYSSES;48,38;18,50;48,98;16,08;83,62;7,58;39,50;23,80;100,00;339,11;0,00;9,87
2003.0;6.0;2003-06-01;BRASPINE;QUEIMADINHO USUCAPIAO;PR;DOUTOR ULYSSES;200,27;92,43;48,98;16,08;83,62;7,58;39,50;23,80;100,00;339,11;0,00;9,87
2003.0;6.0;2003-06-01;BRASPINE;RAMOS;PR;SENGES;69,83;38,15;52,87;15,94;83,18;6,98;39,74;23,29;100,00;332,49;0,00;5,83
2003.0;6.0;2003-06-01;BRASPINE;RIBEIRAO GRANDE;PR;JAGUARIAIVA;20,77;20,77;60,72;16,01;80,86;8,42;42,49;22,68;99,94;317,79;0,00;13,56
2003.0;6.0;2003-06-01;BRASPINE;RINCAO DE BAIXO;;;;;60,02;16,01;80,92;6,93;42,84;22,98;100,00;337,46;0,00;19,85
2003.0;6.0;2003-06-01;BRASPINE;RIO BOMBA;PR;CERRO AZUL;65,03;37,72;47,19;16,61;84,91;7,20;42,11;25,49;99,99;344,02;0,00;17,63
2003.0;6.0;2003-06-01;BRASPINE;RIO DO MEIO;PR;DOUTOR ULYSSES;712,33;389,13;51,09;16,08;83,62;7,58;39,50;23,80;100,00;339,11;0,00;9,87
2003.0;6.0;2003-06-01;BRASPINE;RONDON;PR;JAGUARIAIVA;2899,24;1475,88;56,21;15,87;81,59;6,95;41,36;22,83;99,96;345,47;0,00;40,60
2003.0;6.0;2003-06-01;BRASPINE;SANTA FELICIDADE;;;;;45,36;16,92;85,50;7,71;39,46;26,47;100,00;344,66;0,00;127,71
2003.0;6.0;2003-06-01;BRASPINE;SANTA LIDIA DO CERCADINHO;;;;;62,30;15,77;80,62;7,02;43,01;22,50;100,00;348,32;0,00;18,98
2003.0;6.0;2003-06-01;BRASPINE;SANTO ANTONIO;;;;;57,31;15,90;81,31;6,76;39,84;23,21;100,00;332,67;0,00;15,50
2003.0;6.0;2003-06-01;BRASPINE;SAO JOSE;PR;JANDAIA DO SUL;37,56;37,56;49,22;18,86;77,29;12,16;40,00;26,23;100,00;169,97;0,00;5,79
2003.0;6.0;2003-06-01;BRASPINE;SAO MATHEUS;;;;;49,53;19,66;79,33;11,92;42,89;27,74;99,94;153,61;0,00;0,22
2003.0;6.0;2003-06-01;BRASPINE;SAO PEDRO E SAO PAULO;PR;SAPOPEMA;709,13;323,93;52,99;16,92;79,33;8,62;40,09;24,22;99,83;325,87;0,00;3,59
2003.0;6.0;2003-06-01;BRASPINE;SAO RAFAEL;;;;;112,41;15,49;84,18;6,99;39,83;23,96;100,00;329,30;0,00;13,98
2003.0;6.0;2003-06-01;BRASPINE;SAO RAFAEL - PB;;;;;48,12;16,18;84,54;7,46;40,94;24,29;100,00;328,41;0,00;11,15
2003.0;6.0;2003-06-01;BRASPINE;SERRARIA;PR;DOUTOR ULYSSES;280,88;117,71;47,72;15,96;84,20;8,30;39,37;23,86;100,00;339,97;0,00;6,02
2003.0;6.0;2003-06-01;BRASPINE;SERRO VERDE;;;;;126,64;15,66;83,62;8,39;46,83;22,35;99,95;315,76;0,00;18,53
2003.0;6.0;2003-06-01;BRASPINE;SERTAOZINHO;PR;DOUTOR ULYSSES;16,25;16,25;52,39;16,08;83,62;7,58;39,50;23,80;100,00;339,11;0,00;9,87
2003.0;6.0;2003-06-01;BRASPINE;SITIO BASILIO;PR;JAGUARIAIVA;8,08;8,08;60,06;15,96;80,41;7,93;43,42;22,50;99,75;323,39;0,00;1,75
2003.0;6.0;2003-06-01;BRASPINE;SITIO DAS MARRECAS;PR;DOUTOR ULYSSES;77,49;35,17;48,62;16,55;84,84;7,91;39,31;25,25;100,00;332,01;0,00;5,29
2003.0;6.0;2003-06-01;BRASPINE;SOBRADINHO;SP;BOM SUCESSO DE ITARARE;285,80;123,10;57,56;15,82;82,38;6,82;40,13;23,38;100,00;332,02;0,00;7,58
2003.0;6.0;2003-06-01;BRASPINE;TAQUARAL;PR;JAGUARIAIVA;519,13;31,07;60,83;16,11;81,32;7,27;41,75;22,97;100,00;310,34;0,00;0,16
2003.0;6.0;2003-06-01;BRASPINE;TUCUNDUVA;PR;SENGES;82,21;60,89;57,48;16,29;79,18;7,19;41,29;23,68;100,00;349,81;0,00;6,50
2003.0;6.0;2003-06-01;BRASPINE;TUCUNDUVA - CHAMMA;;;;;57,20;16,35;79,34;6,96;41,27;23,69;100,00;351,03;0,00;5,14
2003.0;6.0;2003-06-01;BRASPINE;VIENA 1;PR;DOUTOR ULYSSES;263,98;178,34;51,72;15,83;83,02;8,08;40,72;22,99;100,00;341,11;0,00;3,00
2003.0;6.0;2003-06-01;BRASPINE;VIENA 2;PR;CERRO AZUL;140,23;96,54;47,19;16,61;84,91;7,20;42,11;25,49;99,99;344,02;0,00;17,63
2003.0;6.0;2003-06-01;BRASPINE;VITORIA;PR;SENGES;50,54;35,69;56,15;15,87;80,98;6,86;40,90;22,86;99,99;346,15;0,00;24,12
2003.0;6.0;2003-06-01;BRASPINE;VIVEIRO;PR;DOUTOR ULYSSES;405,39;261,22;51,85;16,08;83,62;7,58;39,50;23,80;100,00;339,11;0,00;9,87
2003.0;6.0;2003-06-01;BRASPINE;VO LINO;PR;DOUTOR ULYSSES;164,50;97,89;48,04;16,15;84,48;8,27;39,30;24,32;100,00;344,06;0,00;4,69
2003.0;6.0;2003-06-01;BRASPINE;XAXIM VELHO;;;;;113,82;14,80;85,96;6,06;46,24;21,83;100,00;326,53;0,00;3,07
2003.0;7.0;2003-07-01;BRASPINE;AGUA DOCE;PR;JAGUARIAIVA;238,97;121,99;90,19;14,83;77,33;3,98;41,46;22,89;99,83;342,60;8,91;6,52
2003.0;7.0;2003-07-01;BRASPINE;AMATA;;;;;108,16;15,76;82,13;5,36;36,71;25,92;100,00;321,85;0,00;0,89
2003.0;7.0;2003-07-01;BRASPINE;ANTA BRAVA;;;;;45,12;17,69;72,29;7,86;30,76;27,43;98,25;343,62;0,00;0,89
2003.0;7.0;2003-07-01;BRASPINE;ARAPONGAS;PR;SENGES;423,34;263,70;100,91;14,68;81,38;4,78;36,41;23,91;100,00;332,96;4,78;117,99
2003.0;7.0;2003-07-01;BRASPINE;ARROIO CLARO;PR;DOUTOR ULYSSES;275,14;92,00;104,07;14,71;82,67;4,94;35,19;24,42;100,00;335,88;4,94;6,75
2003.0;7.0;2003-07-01;BRASPINE;BARRA GRANDE;PR;DOUTOR ULYSSES;493,79;139,68;102,86;15,10;82,00;5,09;35,63;24,75;100,00;339,56;0,00;118,02
2003.0;7.0;2003-07-01;BRASPINE;BARRA GRANDE - BEMAIS;PR;GUARAPUAVA;299,16;108,61;109,51;13,82;82,16;2,33;37,28;21,88;100,00;306,47;5,31;8,83
2003.0;7.0;2003-07-01;BRASPINE;BARRETOS;PR;JAGUARIAIVA;43,35;32,98;96,65;14,79;79,96;4,22;38,08;23,33;99,96;339,23;4,22;5,07
2003.0;7.0;2003-07-01;BRASPINE;BAU;;;;;128,58;14,01;80,32;3,06;36,86;21,84;99,90;320,27;6,65;2,18
2003.0;7.0;2003-07-01;BRASPINE;BOA VISTA II;PR;PIRAI DO SUL;944,00;535,05;95,76;14,75;79,00;3,87;39,30;23,14;99,96;319,79;8,54;0,55
2003.0;7.0;2003-07-01;BRASPINE;BRASILEIRA;;;;;100,03;14,68;81,38;4,78;36,41;23,91;100,00;332,96;4,78;117,99
2003.0;7.0;2003-07-01;BRASPINE;BURACAO;;;;;107,56;14,64;80,30;4,41;38,94;23,55;99,98;338,58;8,86;1,59
2003.0;7.0;2003-07-01;BRASPINE;BURRINHO;PR;DOUTOR ULYSSES;211,01;100,37;104,09;14,71;82,67;4,94;35,19;24,42;100,00;335,88;4,94;6,75
2003.0;7.0;2003-07-01;BRASPINE;CADEADO I;PR;JAGUARIAIVA;21,07;12,29;93,41;14,54;80,71;4,48;37,29;23,42;100,00;327,66;4,48;8,09
2003.0;7.0;2003-07-01;BRASPINE;CADEADO II;PR;JAGUARIAIVA;21,88;16,79;93,41;14,54;80,71;4,48;37,29;23,42;100,00;327,66;4,48;8,09
2003.0;7.0;2003-07-01;BRASPINE;CAMPINA ALTA;PR;TIBAGI;29,77;18,24;131,37;15,11;79,74;3,46;43,41;23,52;99,87;329,65;7,64;2,74
2003.0;7.0;2003-07-01;BRASPINE;CAMPINA DO ELIAS;PR;JAGUARIAIVA;29,17;14,65;97,33;14,70;80,24;4,31;37,79;23,36;99,97;335,00;4,31;6,18
2003.0;7.0;2003-07-01;BRASPINE;CAMPO NOVO;PR;JAGUARIAIVA;295,98;156,36;96,72;14,54;80,71;4,48;37,29;23,42;100,00;327,66;4,48;8,09
2003.0;7.0;2003-07-01;BRASPINE;CONSULTORIA II A;PR;DOUTOR ULYSSES;89,62;60,79;101,75;14,68;81,38;4,78;36,41;23,91;100,00;332,96;4,78;117,99
2003.0;7.0;2003-07-01;BRASPINE;DINIZ;;;;;97,68;14,68;81,38;4,78;36,41;23,91;100,00;332,96;4,78;117,99
2003.0;7.0;2003-07-01;BRASPINE;ENES;PR;JAGUARIAIVA;5,93;5,69;96,04;14,54;80,71;4,48;37,29;23,42;100,00;327,66;4,48;8,09
2003.0;7.0;2003-07-01;BRASPINE;ENGENHARIA;;;;;97,68;14,68;81,38;4,78;36,41;23,91;100,00;332,96;4,78;117,99
2003.0;7.0;2003-07-01;BRASPINE;ESTACAO;PR;SENGES;4,76;4,14;99,37;14,54;80,71;4,48;37,29;23,42;100,00;327,66;4,48;8,09
2003.0;7.0;2003-07-01;BRASPINE;FAXINAL;PR;JAGUARIAIVA;20,65;20,65;96,04;14,54;80,71;4,48;37,29;23,42;100,00;327,66;4,48;8,09
2003.0;7.0;2003-07-01;BRASPINE;FEITAL;PR;DOUTOR ULYSSES;154,17;86,53;101,12;14,82;81,58;4,88;36,15;24,19;100,00;335,19;4,88;2,16
2003.0;7.0;2003-07-01;BRASPINE;FIGUEIRA;PR;DOUTOR ULYSSES;1053,81;315,71;101,52;14,71;82,67;4,94;35,19;24,42;100,00;335,88;4,94;6,75
2003.0;7.0;2003-07-01;BRASPINE;FIGUEIRINHA;PR;DOUTOR ULYSSES;94,37;56,74;110,51;14,71;82,67;4,94;35,19;24,42;100,00;335,88;4,94;6,75
2003.0;7.0;2003-07-01;BRASPINE;FLOEMA;PR;DOUTOR ULYSSES;2189,88;701,43;98,78;14,31;81,81;4,62;35,95;23,62;100,00;328,30;4,62;4,26
2003.0;7.0;2003-07-01;BRASPINE;FLOEMA I - SUDATI;;;;;100,27;14,68;81,38;4,78;36,41;23,91;100,00;332,96;4,78;117,99
2003.0;7.0;2003-07-01;BRASPINE;FLOEMA II - SUDATI;PR;DOUTOR ULYSSES;453,83;211,13;102,19;14,68;81,38;4,78;36,41;23,91;100,00;332,96;4,78;117,99
2003.0;7.0;2003-07-01;BRASPINE;FLOR DA SERRA;PR;SAO JOSE DA BOA VISTA;209,10;128,72;66,71;16,19;75,04;6,35;38,84;25,20;98,93;339,56;0,00;0,28
2003.0;7.0;2003-07-01;BRASPINE;GENTIL;PR;JAGUARIAIVA;126,77;53,33;89,63;14,49;77,67;3,80;42,32;22,46;99,62;333,93;8,46;9,59
2003.0;7.0;2003-07-01;BRASPINE;GUAIRACA;PR;GUARAPUAVA;623,62;169,31;108,12;13,92;82,23;2,28;38,76;22,13;100,00;306,79;5,17;3,13
2003.0;7.0;2003-07-01;BRASPINE;HERVAL 2 - MADALOSSO;;;;;107,94;14,64;80,30;4,41;38,94;23,55;99,98;338,58;8,86;1,59
2003.0;7.0;2003-07-01;BRASPINE;HERVAL DE BAIXO;PR;RESERVA;827,29;475,92;142,50;14,87;80,86;2,76;43,12;23,51;99,79;311,21;6,43;1,41
2003.0;7.0;2003-07-01;BRASPINE;HORTO 01;PR;TURVO;19,12;19,12;137,10;14,47;81,73;2,15;38,33;22,49;99,88;318,04;5,53;0,08
2003.0;7.0;2003-07-01;BRASPINE;HORTO 02;PR;TURVO;4,24;4,24;139,11;14,47;81,73;2,15;38,33;22,49;99,88;318,04;5,53;0,08
2003.0;7.0;2003-07-01;BRASPINE;HORTO 03;PR;PRUDENTOPOLIS;80,91;25,89;136,97;14,80;81,86;3,02;38,33;23,17;99,96;319,36;6,67;10,15
2003.0;7.0;2003-07-01;BRASPINE;HORTO 08;PR;TURVO;9,53;9,53;131,18;14,80;81,86;3,02;38,33;23,17;99,96;319,36;6,67;10,15
2003.0;7.0;2003-07-01;BRASPINE;HORTO 12;PR;PRUDENTOPOLIS;12,20;12,20;143,14;14,80;81,86;3,02;38,33;23,17;99,96;319,36;6,67;10,15
2003.0;7.0;2003-07-01;BRASPINE;IZAU;PR;PIRAI DO SUL;19,37;11,60;90,63;14,50;78,53;3,70;41,03;22,72;99,75;335,15;8,12;0,22
2003.0;7.0;2003-07-01;BRASPINE;JOAO RICO;PR;JAGUARIAIVA;47,46;26,18;90,50;14,83;77,33;3,98;41,46;22,89;99,83;342,60;8,91;6,52
2003.0;7.0;2003-07-01;BRASPINE;LAGOA;PR;JAGUARIAIVA;24,10;10,78;94,16;14,54;80,71;4,48;37,29;23,42;100,00;327,66;4,48;8,09
2003.0;7.0;2003-07-01;BRASPINE;MARACANA;PR;JANDAIA DO SUL;11,45;11,45;71,37;17,47;71,83;7,22;35,62;25,66;100,00;223,65;0,00;1,27
2003.0;7.0;2003-07-01;BRASPINE;MARRECA;;;;;104,94;14,71;82,67;4,94;35,19;24,42;100,00;335,88;4,94;6,75
2003.0;7.0;2003-07-01;BRASPINE;MARRECA SP;SP;ITAPIRAPUA PAULISTA;675,30;236,19;112,33;15,32;83,30;4,95;34,51;25,50;100,00;342,55;4,95;3,92
2003.0;7.0;2003-07-01;BRASPINE;MARRECAS;;;;;116,89;13,39;82,21;1,03;36,72;21,49;100,00;296,66;8,35;7,10
2003.0;7.0;2003-07-01;BRASPINE;MERCADINHO;;;;;111,83;15,09;82,84;4,72;35,58;25,14;100,00;334,33;4,72;0,50
2003.0;7.0;2003-07-01;BRASPINE;MONTE ALEGRE;;;;;70,93;17,82;71,67;7,42;35,61;26,24;99,95;212,58;0,00;0,17
2003.0;7.0;2003-07-01;BRASPINE;MONTE TABOR II;;;;;103,28;14,59;84,47;5,00;40,09;24,52;100,00;329,42;0,00;6,10
2003.0;7.0;2003-07-01;BRASPINE;MOREIRA;PR;DOUTOR ULYSSES;230,52;68,68;102,19;14,68;81,38;4,78;36,41;23,91;100,00;332,96;4,78;117,99
2003.0;7.0;2003-07-01;BRASPINE;MOREIRAS II;PR;DOUTOR ULYSSES;66,76;28,75;101,68;14,68;81,38;4,78;36,41;23,91;100,00;332,96;4,78;117,99
2003.0;7.0;2003-07-01;BRASPINE;MORRETES;PR;ORTIGUEIRA;20,36;20,36;127,55;15,13;81,31;2,81;42,27;24,13;99,78;310,26;6,19;7,34
2003.0;7.0;2003-07-01;BRASPINE;MORRO AZUL;;;;;95,86;15,04;80,53;4,94;36,17;24,34;100,00;339,61;4,94;12,37
2003.0;7.0;2003-07-01;BRASPINE;OURO FINO;SP;APIAI;51,70;51,70;101,33;14,75;82,02;5,20;38,52;24,24;100,00;336,71;0,00;5,40
2003.0;7.0;2003-07-01;BRASPINE;PALMEIRINHA DE BAIXO - SOSSEGO;PR;SENGES;85,93;9,22;101,03;14,72;77,06;4,44;39,93;22,79;99,87;323,17;4,44;17,10
2003.0;7.0;2003-07-01;BRASPINE;PAZIN;PR;DOUTOR ULYSSES;41,20;23,90;104,31;14,71;82,67;4,94;35,19;24,42;100,00;335,88;4,94;6,75
2003.0;7.0;2003-07-01;BRASPINE;PEDRAS;PR;CASTRO;7,18;7,18;93,86;14,40;79,59;3,57;42,23;22,76;100,00;325,93;7,73;4,30
2003.0;7.0;2003-07-01;BRASPINE;PESCARIA;PR;SAO JOSE DA BOA VISTA;184,57;129,22;80,37;16,51;73,88;6,36;39,59;25,26;98,14;332,47;0,00;345,18
2003.0;7.0;2003-07-01;BRASPINE;PESSEGUEIRO;PR;DOUTOR ULYSSES;109,95;64,79;99,65;14,68;81,38;4,78;36,41;23,91;100,00;332,96;4,78;117,99
2003.0;7.0;2003-07-01;BRASPINE;PITANGA;;;;;143,13;14,50;80,07;3,80;36,40;22,50;99,82;327,50;8,31;0,64
2003.0;7.0;2003-07-01;BRASPINE;QUEIMADINHO ARROIO CLARO;PR;DOUTOR ULYSSES;48,13;19,09;100,03;14,68;81,38;4,78;36,41;23,91;100,00;332,96;4,78;117,99
2003.0;7.0;2003-07-01;BRASPINE;QUEIMADINHO M6042;PR;DOUTOR ULYSSES;48,38;18,50;100,03;14,68;81,38;4,78;36,41;23,91;100,00;332,96;4,78;117,99
2003.0;7.0;2003-07-01;BRASPINE;QUEIMADINHO USUCAPIAO;PR;DOUTOR ULYSSES;200,27;92,43;100,03;14,68;81,38;4,78;36,41;23,91;100,00;332,96;4,78;117,99
2003.0;7.0;2003-07-01;BRASPINE;RAMOS;PR;SENGES;69,83;38,15;100,27;14,54;80,71;4,48;37,29;23,42;100,00;327,66;4,48;8,09
2003.0;7.0;2003-07-01;BRASPINE;RIBEIRAO GRANDE;PR;JAGUARIAIVA;20,77;20,77;90,62;14,50;78,53;3,70;41,03;22,72;99,75;335,15;8,12;0,22
2003.0;7.0;2003-07-01;BRASPINE;RINCAO DE BAIXO;;;;;103,88;14,65;77,71;4,13;41,35;22,96;99,54;322,04;8,86;4,22
2003.0;7.0;2003-07-01;BRASPINE;RIO BOMBA;PR;CERRO AZUL;65,03;37,72;108,97;15,31;82,49;5,37;37,63;25,38;99,96;339,75;0,00;1,49
2003.0;7.0;2003-07-01;BRASPINE;RIO DO MEIO;PR;DOUTOR ULYSSES;712,33;389,13;101,23;14,68;81,38;4,78;36,41;23,91;100,00;332,96;4,78;117,99
2003.0;7.0;2003-07-01;BRASPINE;RONDON;PR;JAGUARIAIVA;2899,24;1475,88;92,13;14,65;78,07;4,30;40,51;22,76;99,87;336,56;4,30;24,81
2003.0;7.0;2003-07-01;BRASPINE;SANTA FELICIDADE;;;;;108,92;15,60;83,89;5,65;33,84;26,22;100,00;342,74;0,00;4,02
2003.0;7.0;2003-07-01;BRASPINE;SANTA LIDIA DO CERCADINHO;;;;;99,57;14,37;77,55;4,09;40,86;22,48;99,52;316,32;8,74;3,63
2003.0;7.0;2003-07-01;BRASPINE;SANTO ANTONIO;;;;;102,69;14,74;77,32;4,51;38,04;23,16;99,99;335,66;4,51;13,38
2003.0;7.0;2003-07-01;BRASPINE;SAO JOSE;PR;JANDAIA DO SUL;37,56;37,56;70,41;17,70;71,70;7,36;35,67;26,04;99,98;211,21;0,00;1,10
2003.0;7.0;2003-07-01;BRASPINE;SAO MATHEUS;;;;;70,04;18,59;72,86;7,63;36,09;27,71;99,91;184,45;0,00;1,62
2003.0;7.0;2003-07-01;BRASPINE;SAO PEDRO E SAO PAULO;PR;SAPOPEMA;709,13;323,93;82,47;15,65;75,47;5,81;41,43;23,82;99,55;351,88;0,00;0,31
2003.0;7.0;2003-07-01;BRASPINE;SAO RAFAEL;;;;;119,28;14,26;81,11;3,88;40,31;23,18;99,50;328,65;13,48;0,13
2003.0;7.0;2003-07-01;BRASPINE;SAO RAFAEL - PB;;;;;99,31;14,89;81,63;5,17;37,66;24,34;100,00;340,32;0,00;329,54
2003.0;7.0;2003-07-01;BRASPINE;SERRARIA;PR;DOUTOR ULYSSES;280,88;117,71;101,60;14,51;82,24;4,78;35,57;24,02;100,00;332,15;4,78;1,66
2003.0;7.0;2003-07-01;BRASPINE;SERRO VERDE;;;;;129,61;14,38;79,03;3,29;37,17;22,32;99,94;319,69;12,26;2,74
2003.0;7.0;2003-07-01;BRASPINE;SERTAOZINHO;PR;DOUTOR ULYSSES;16,25;16,25;97,34;14,68;81,38;4,78;36,41;23,91;100,00;332,96;4,78;117,99
2003.0;7.0;2003-07-01;BRASPINE;SITIO BASILIO;PR;JAGUARIAIVA;8,08;8,08;89,85;14,57;77,31;3,88;42,49;22,50;99,64;335,86;8,69;7,96
2003.0;7.0;2003-07-01;BRASPINE;SITIO DAS MARRECAS;PR;DOUTOR ULYSSES;77,49;35,17;110,07;15,15;83,12;4,95;34,70;25,19;100,00;340,67;4,95;5,57
2003.0;7.0;2003-07-01;BRASPINE;SOBRADINHO;SP;BOM SUCESSO DE ITARARE;285,80;123,10;110,13;14,63;78,55;4,65;37,56;23,37;100,00;331,87;4,65;7,57
2003.0;7.0;2003-07-01;BRASPINE;TAQUARAL;PR;JAGUARIAIVA;519,13;31,07;94,76;14,83;77,91;4,11;40,86;22,92;99,99;341,14;4,11;4,30
2003.0;7.0;2003-07-01;BRASPINE;TUCUNDUVA;PR;SENGES;82,21;60,89;104,90;15,31;74,56;4,93;42,16;23,28;98,73;347,55;4,93;11,75
2003.0;7.0;2003-07-01;BRASPINE;TUCUNDUVA - CHAMMA;;;;;104,55;15,38;74,68;5,10;41,43;23,40;98,43;349,33;0,00;9,92
2003.0;7.0;2003-07-01;BRASPINE;VIENA 1;PR;DOUTOR ULYSSES;263,98;178,34;97,90;14,37;80,73;4,22;37,92;23,13;100,00;333,53;9,09;4,69
2003.0;7.0;2003-07-01;BRASPINE;VIENA 2;PR;CERRO AZUL;140,23;96,54;109,17;15,31;82,49;5,37;37,63;25,38;99,96;339,75;0,00;1,49
2003.0;7.0;2003-07-01;BRASPINE;VITORIA;PR;SENGES;50,54;35,69;101,03;14,72;77,06;4,44;39,93;22,79;99,87;323,17;4,44;17,10
2003.0;7.0;2003-07-01;BRASPINE;VIVEIRO;PR;DOUTOR ULYSSES;405,39;261,22;101,68;14,68;81,38;4,78;36,41;23,91;100,00;332,96;4,78;117,99
2003.0;7.0;2003-07-01;BRASPINE;VO LINO;PR;DOUTOR ULYSSES;164,50;97,89;104,22;14,71;82,67;4,94;35,19;24,42;100,00;335,88;4,94;6,75
2003.0;7.0;2003-07-01;BRASPINE;XAXIM VELHO;;;;;122,91;13,45;82,95;1,58;39,71;21,85;100,00;296,24;8,44;3,58
2003.0;8.0;2003-08-01;BRASPINE;AGUA DOCE;PR;JAGUARIAIVA;238,97;121,99;21,65;13,62;72,70;3,34;30,73;25,86;99,70;251,92;18,78;4,67
2003.0;8.0;2003-08-01;BRASPINE;AMATA;;;;;28,29;14,43;77,68;3,15;26,97;29,53;99,86;286,86;20,81;0,63
2003.0;8.0;2003-08-01;BRASPINE;ANTA BRAVA;;;;;32,34;16,36;73,95;6,86;26,87;29,39;99,99;326,34;0,00;3,43
2003.0;8.0;2003-08-01;BRASPINE;ARAPONGAS;PR;SENGES;423,34;263,70;20,75;13,40;78,10;3,51;29,15;27,00;100,00;265,32;15,93;0,29
2003.0;8.0;2003-08-01;BRASPINE;ARROIO CLARO;PR;DOUTOR ULYSSES;275,14;92,00;21,58;13,40;79,24;3,16;29,23;27,55;100,00;263,49;19,12;0,24
2003.0;8.0;2003-08-01;BRASPINE;BARRA GRANDE;PR;DOUTOR ULYSSES;493,79;139,68;19,87;13,76;79,05;4,00;29,28;28,09;100,00;275,05;22,31;6,45
2003.0;8.0;2003-08-01;BRASPINE;BARRA GRANDE - BEMAIS;PR;GUARAPUAVA;299,16;108,61;35,42;12,64;70,46;1,78;30,88;24,79;99,95;223,00;34,12;6,14
2003.0;8.0;2003-08-01;BRASPINE;BARRETOS;PR;JAGUARIAIVA;43,35;32,98;18,96;13,52;75,90;3,37;27,78;26,64;99,85;269,59;20,25;0,32
2003.0;8.0;2003-08-01;BRASPINE;BAU;;;;;41,23;12,52;70,32;1,33;35,32;24,77;99,86;227,80;34,72;2,74
2003.0;8.0;2003-08-01;BRASPINE;BOA VISTA II;PR;PIRAI DO SUL;944,00;535,05;21,58;13,51;74,32;3,20;29,09;26,39;99,98;264,56;18,31;349,04
2003.0;8.0;2003-08-01;BRASPINE;BRASILEIRA;;;;;20,33;13,40;78,10;3,51;29,15;27,00;100,00;265,32;15,93;0,29
2003.0;8.0;2003-08-01;BRASPINE;BURACAO;;;;;24,92;13,08;75,92;1,80;30,24;26,77;99,78;248,34;14,96;10,13
2003.0;8.0;2003-08-01;BRASPINE;BURRINHO;PR;DOUTOR ULYSSES;211,01;100,37;21,44;13,40;79,24;3,16;29,23;27,55;100,00;263,49;19,12;0,24
2003.0;8.0;2003-08-01;BRASPINE;CADEADO I;PR;JAGUARIAIVA;21,07;12,29;17,93;13,30;77,07;3,22;27,65;26,45;100,00;261,55;20,07;2,21
2003.0;8.0;2003-08-01;BRASPINE;CADEADO II;PR;JAGUARIAIVA;21,88;16,79;17,93;13,30;77,07;3,22;27,65;26,45;100,00;261,55;20,07;2,21
2003.0;8.0;2003-08-01;BRASPINE;CAMPINA ALTA;PR;TIBAGI;29,77;18,24;39,27;14,05;71,56;1,88;31,36;26,78;99,89;250,23;20,35;10,85
2003.0;8.0;2003-08-01;BRASPINE;CAMPINA DO ELIAS;PR;JAGUARIAIVA;29,17;14,65;20,71;13,44;76,33;3,32;27,73;26,57;99,91;266,66;20,18;1,95
2003.0;8.0;2003-08-01;BRASPINE;CAMPO NOVO;PR;JAGUARIAIVA;295,98;156,36;19,57;13,30;77,07;3,22;27,65;26,45;100,00;261,55;20,07;2,21
2003.0;8.0;2003-08-01;BRASPINE;CONSULTORIA II A;PR;DOUTOR ULYSSES;89,62;60,79;19,89;13,40;78,10;3,51;29,15;27,00;100,00;265,32;15,93;0,29
2003.0;8.0;2003-08-01;BRASPINE;DINIZ;;;;;19,59;13,40;78,10;3,51;29,15;27,00;100,00;265,32;15,93;0,29
2003.0;8.0;2003-08-01;BRASPINE;ENES;PR;JAGUARIAIVA;5,93;5,69;19,36;13,30;77,07;3,22;27,65;26,45;100,00;261,55;20,07;2,21
2003.0;8.0;2003-08-01;BRASPINE;ENGENHARIA;;;;;19,59;13,40;78,10;3,51;29,15;27,00;100,00;265,32;15,93;0,29
2003.0;8.0;2003-08-01;BRASPINE;ESTACAO;PR;SENGES;4,76;4,14;18,80;13,30;77,07;3,22;27,65;26,45;100,00;261,55;20,07;2,21
2003.0;8.0;2003-08-01;BRASPINE;FAXINAL;PR;JAGUARIAIVA;20,65;20,65;19,36;13,30;77,07;3,22;27,65;26,45;100,00;261,55;20,07;2,21
2003.0;8.0;2003-08-01;BRASPINE;FEITAL;PR;DOUTOR ULYSSES;154,17;86,53;20,59;13,52;78,42;3,67;29,71;27,36;100,00;268,57;21,40;6,42
2003.0;8.0;2003-08-01;BRASPINE;FIGUEIRA;PR;DOUTOR ULYSSES;1053,81;315,71;21,01;13,40;79,24;3,16;29,23;27,55;100,00;263,49;19,12;0,24
2003.0;8.0;2003-08-01;BRASPINE;FIGUEIRINHA;PR;DOUTOR ULYSSES;94,37;56,74;24,90;13,40;79,24;3,16;29,23;27,55;100,00;263,49;19,12;0,24
2003.0;8.0;2003-08-01;BRASPINE;FLOEMA;PR;DOUTOR ULYSSES;2189,88;701,43;22,49;13,02;78,27;2,82;27,46;26,50;100,00;251,35;17,31;0,19
2003.0;8.0;2003-08-01;BRASPINE;FLOEMA I - SUDATI;;;;;18,46;13,40;78,10;3,51;29,15;27,00;100,00;265,32;15,93;0,29
2003.0;8.0;2003-08-01;BRASPINE;FLOEMA II - SUDATI;PR;DOUTOR ULYSSES;453,83;211,13;19,57;13,40;78,10;3,51;29,15;27,00;100,00;265,32;15,93;0,29
2003.0;8.0;2003-08-01;BRASPINE;FLOR DA SERRA;PR;SAO JOSE DA BOA VISTA;209,10;128,72;30,86;15,29;69,94;4,21;32,14;27,91;99,71;303,46;4,21;4,37
2003.0;8.0;2003-08-01;BRASPINE;GENTIL;PR;JAGUARIAIVA;126,77;53,33;22,32;13,31;72,76;2,95;31,95;25,40;99,87;258,48;16,99;6,67
2003.0;8.0;2003-08-01;BRASPINE;GUAIRACA;PR;GUARAPUAVA;623,62;169,31;39,11;12,71;70,26;1,49;31,36;25,24;99,93;225,42;18,02;19,16
2003.0;8.0;2003-08-01;BRASPINE;HERVAL 2 - MADALOSSO;;;;;28,08;13,08;75,92;1,80;30,24;26,77;99,78;248,34;14,96;10,13
2003.0;8.0;2003-08-01;BRASPINE;HERVAL DE BAIXO;PR;RESERVA;827,29;475,92;40,64;13,84;72,38;1,67;31,37;26,62;99,86;237,55;21,57;7,61
2003.0;8.0;2003-08-01;BRASPINE;HORTO 01;PR;TURVO;19,12;19,12;40,38;12,96;71,90;1,04;35,15;25,40;98,62;214,84;35,81;1,92
2003.0;8.0;2003-08-01;BRASPINE;HORTO 02;PR;TURVO;4,24;4,24;41,39;12,96;71,90;1,04;35,15;25,40;98,62;214,84;35,81;1,92
2003.0;8.0;2003-08-01;BRASPINE;HORTO 03;PR;PRUDENTOPOLIS;80,91;25,89;37,40;13,48;71,16;2,27;31,97;26,22;98,99;229,81;26,62;16,91
2003.0;8.0;2003-08-01;BRASPINE;HORTO 08;PR;TURVO;9,53;9,53;36,53;13,48;71,16;2,27;31,97;26,22;98,99;229,81;26,62;16,91
2003.0;8.0;2003-08-01;BRASPINE;HORTO 12;PR;PRUDENTOPOLIS;12,20;12,20;36,95;13,48;71,16;2,27;31,97;26,22;98,99;229,81;26,62;16,91
2003.0;8.0;2003-08-01;BRASPINE;IZAU;PR;PIRAI DO SUL;19,37;11,60;24,03;13,31;73,60;2,79;30,27;25,80;99,90;263,60;13,28;1,31
2003.0;8.0;2003-08-01;BRASPINE;JOAO RICO;PR;JAGUARIAIVA;47,46;26,18;21,83;13,62;72,70;3,34;30,73;25,86;99,70;251,92;18,78;4,67
2003.0;8.0;2003-08-01;BRASPINE;LAGOA;PR;JAGUARIAIVA;24,10;10,78;19,25;13,30;77,07;3,22;27,65;26,45;100,00;261,55;20,07;2,21
2003.0;8.0;2003-08-01;BRASPINE;MARACANA;PR;JANDAIA DO SUL;11,45;11,45;50,14;16,17;66,23;6,12;29,97;28,35;99,98;235,17;0,00;1,31
2003.0;8.0;2003-08-01;BRASPINE;MARRECA;;;;;20,23;13,40;79,24;3,16;29,23;27,55;100,00;263,49;19,12;0,24
2003.0;8.0;2003-08-01;BRASPINE;MARRECA SP;SP;ITAPIRAPUA PAULISTA;675,30;236,19;23,92;13,96;79,83;3,27;28,02;28,92;100,00;276,71;20,06;2,55
2003.0;8.0;2003-08-01;BRASPINE;MARRECAS;;;;;43,68;12,12;70,70;1,17;30,92;24,35;99,96;214,24;24,09;25,99
2003.0;8.0;2003-08-01;BRASPINE;MERCADINHO;;;;;24,91;13,82;78,74;3,12;27,71;28,54;99,92;269,66;19,64;5,32
2003.0;8.0;2003-08-01;BRASPINE;MONTE ALEGRE;;;;;49,38;16,45;66,15;6,35;29,38;28,92;99,87;225,29;0,00;0,78
2003.0;8.0;2003-08-01;BRASPINE;MONTE TABOR II;;;;;36,36;13,38;82,19;2,68;30,69;27,64;99,89;265,83;16,01;0,25
2003.0;8.0;2003-08-01;BRASPINE;MOREIRA;PR;DOUTOR ULYSSES;230,52;68,68;19,57;13,40;78,10;3,51;29,15;27,00;100,00;265,32;15,93;0,29
2003.0;8.0;2003-08-01;BRASPINE;MOREIRAS II;PR;DOUTOR ULYSSES;66,76;28,75;19,93;13,40;78,10;3,51;29,15;27,00;100,00;265,32;15,93;0,29
2003.0;8.0;2003-08-01;BRASPINE;MORRETES;PR;ORTIGUEIRA;20,36;20,36;38,30;14,10;73,14;1,87;31,55;27,13;99,92;238,48;17,78;7,52
2003.0;8.0;2003-08-01;BRASPINE;MORRO AZUL;;;;;29,00;13,72;78,24;4,01;29,27;27,69;100,00;278,08;17,49;3,87
2003.0;8.0;2003-08-01;BRASPINE;OURO FINO;SP;APIAI;51,70;51,70;37,68;13,36;80,72;3,64;30,37;27,34;99,99;266,20;15,93;3,53
2003.0;8.0;2003-08-01;BRASPINE;PALMEIRINHA DE BAIXO - SOSSEGO;PR;SENGES;85,93;9,22;25,40;13,56;73,80;3,68;27,71;25,77;99,57;269,52;21,44;37,33
2003.0;8.0;2003-08-01;BRASPINE;PAZIN;PR;DOUTOR ULYSSES;41,20;23,90;21,91;13,40;79,24;3,16;29,23;27,55;100,00;263,49;19,12;0,24
2003.0;8.0;2003-08-01;BRASPINE;PEDRAS;PR;CASTRO;7,18;7,18;25,92;13,07;74,90;1,91;32,41;25,64;100,00;250,04;10,16;0,72
2003.0;8.0;2003-08-01;BRASPINE;PESCARIA;PR;SAO JOSE DA BOA VISTA;184,57;129,22;31,57;15,53;69,06;4,33;31,20;28,23;99,79;308,22;4,33;4,92
2003.0;8.0;2003-08-01;BRASPINE;PESSEGUEIRO;PR;DOUTOR ULYSSES;109,95;64,79;19,91;13,40;78,10;3,51;29,15;27,00;100,00;265,32;15,93;0,29
2003.0;8.0;2003-08-01;BRASPINE;PITANGA;;;;;54,71;13,15;69,76;1,65;34,50;25,47;99,70;242,51;28,37;0,39
2003.0;8.0;2003-08-01;BRASPINE;QUEIMADINHO ARROIO CLARO;PR;DOUTOR ULYSSES;48,13;19,09;20,33;13,40;78,10;3,51;29,15;27,00;100,00;265,32;15,93;0,29
2003.0;8.0;2003-08-01;BRASPINE;QUEIMADINHO M6042;PR;DOUTOR ULYSSES;48,38;18,50;20,33;13,40;78,10;3,51;29,15;27,00;100,00;265,32;15,93;0,29
2003.0;8.0;2003-08-01;BRASPINE;QUEIMADINHO USUCAPIAO;PR;DOUTOR ULYSSES;200,27;92,43;20,33;13,40;78,10;3,51;29,15;27,00;100,00;265,32;15,93;0,29
2003.0;8.0;2003-08-01;BRASPINE;RAMOS;PR;SENGES;69,83;38,15;18,46;13,30;77,07;3,22;27,65;26,45;100,00;261,55;20,07;2,21
2003.0;8.0;2003-08-01;BRASPINE;RIBEIRAO GRANDE;PR;JAGUARIAIVA;20,77;20,77;23,66;13,31;73,60;2,79;30,27;25,80;99,90;263,60;13,28;1,31
2003.0;8.0;2003-08-01;BRASPINE;RINCAO DE BAIXO;;;;;31,20;13,45;71,84;1,65;32,42;25,87;99,86;247,08;13,55;0,32
2003.0;8.0;2003-08-01;BRASPINE;RIO BOMBA;PR;CERRO AZUL;65,03;37,72;26,52;14,04;77,83;3,01;27,77;28,78;99,76;273,03;19,05;2,48
2003.0;8.0;2003-08-01;BRASPINE;RIO DO MEIO;PR;DOUTOR ULYSSES;712,33;389,13;20,04;13,40;78,10;3,51;29,15;27,00;100,00;265,32;15,93;0,29
2003.0;8.0;2003-08-01;BRASPINE;RONDON;PR;JAGUARIAIVA;2899,24;1475,88;20,77;13,48;74,23;3,81;28,83;25,73;99,79;266,67;20,22;10,93
2003.0;8.0;2003-08-01;BRASPINE;SANTA FELICIDADE;;;;;21,83;14,22;80,56;3,23;27,07;29,79;99,99;277,24;15,40;0,41
2003.0;8.0;2003-08-01;BRASPINE;SANTA LIDIA DO CERCADINHO;;;;;30,91;13,22;71,68;1,66;32,30;25,36;99,89;245,49;8,70;0,92
2003.0;8.0;2003-08-01;BRASPINE;SANTO ANTONIO;;;;;25,48;13,54;74,71;3,42;26,91;26,19;99,90;269,50;21,43;36,37
2003.0;8.0;2003-08-01;BRASPINE;SAO JOSE;PR;JANDAIA DO SUL;37,56;37,56;49,79;16,35;66,19;6,29;29,63;28,70;99,93;223,80;0,00;2,06
2003.0;8.0;2003-08-01;BRASPINE;SAO MATHEUS;;;;;52,58;17,10;66,39;5,92;27,42;30,50;99,52;242,87;0,00;8,58
2003.0;8.0;2003-08-01;BRASPINE;SAO PEDRO E SAO PAULO;PR;SAPOPEMA;709,13;323,93;44,46;14,57;70,19;4,44;32,69;26,23;99,31;278,05;9,26;7,90
2003.0;8.0;2003-08-01;BRASPINE;SAO RAFAEL;;;;;29,69;12,92;73,39;0,66;26,16;27,43;99,70;246,71;14,05;1,64
2003.0;8.0;2003-08-01;BRASPINE;SAO RAFAEL - PB;;;;;33,02;13,51;80,12;3,90;29,74;27,57;100,00;271,46;16,57;3,40
2003.0;8.0;2003-08-01;BRASPINE;SERRARIA;PR;DOUTOR ULYSSES;280,88;117,71;23,10;13,21;78,75;2,99;28,43;27,02;100,00;257,43;18,21;0,43
2003.0;8.0;2003-08-01;BRASPINE;SERRO VERDE;;;;;44,94;12,82;69,31;1,16;32,90;25,40;99,90;238,15;33,89;4,55
2003.0;8.0;2003-08-01;BRASPINE;SERTAOZINHO;PR;DOUTOR ULYSSES;16,25;16,25;21,86;13,40;78,10;3,51;29,15;27,00;100,00;265,32;15,93;0,29
2003.0;8.0;2003-08-01;BRASPINE;SITIO BASILIO;PR;JAGUARIAIVA;8,08;8,08;21,67;13,39;72,48;2,93;32,14;25,40;99,80;243,55;17,01;6,28
2003.0;8.0;2003-08-01;BRASPINE;SITIO DAS MARRECAS;PR;DOUTOR ULYSSES;77,49;35,17;24,20;13,80;79,66;3,24;28,37;28,53;100,00;272,94;19,79;0,11
2003.0;8.0;2003-08-01;BRASPINE;SOBRADINHO;SP;BOM SUCESSO DE ITARARE;285,80;123,10;31,06;13,38;76,81;3,18;27,81;26,34;99,98;266,94;15,71;33,89
2003.0;8.0;2003-08-01;BRASPINE;TAQUARAL;PR;JAGUARIAIVA;519,13;31,07;21,49;13,62;73,69;3,57;29,82;25,95;99,87;269,27;19,61;2,22
2003.0;8.0;2003-08-01;BRASPINE;TUCUNDUVA;PR;SENGES;82,21;60,89;25,48;14,18;70,40;2,54;30,32;26,14;99,75;272,75;16,31;1,02
2003.0;8.0;2003-08-01;BRASPINE;TUCUNDUVA - CHAMMA;;;;;28,31;14,27;70,85;3,75;28,99;26,26;99,63;278,91;13,15;1,23
2003.0;8.0;2003-08-01;BRASPINE;VIENA 1;PR;DOUTOR ULYSSES;263,98;178,34;24,28;13,02;77,01;2,47;29,26;26,01;99,99;250,66;16,52;1,53
2003.0;8.0;2003-08-01;BRASPINE;VIENA 2;PR;CERRO AZUL;140,23;96,54;26,44;14,04;77,83;3,01;27,77;28,78;99,76;273,03;19,05;2,48
2003.0;8.0;2003-08-01;BRASPINE;VITORIA;PR;SENGES;50,54;35,69;25,40;13,56;73,80;3,68;27,71;25,77;99,57;269,52;21,44;37,33
2003.0;8.0;2003-08-01;BRASPINE;VIVEIRO;PR;DOUTOR ULYSSES;405,39;261,22;19,93;13,40;78,10;3,51;29,15;27,00;100,00;265,32;15,93;0,29
2003.0;8.0;2003-08-01;BRASPINE;VO LINO;PR;DOUTOR ULYSSES;164,50;97,89;20,29;13,40;79,24;3,16;29,23;27,55;100,00;263,49;19,12;0,24
2003.0;8.0;2003-08-01;BRASPINE;XAXIM VELHO;;;;;43,49;12,14;71,15;0,26;32,01;24,89;99,99;207,83;27,80;2,56
2003.0;9.0;2003-09-01;BRASPINE;AGUA DOCE;PR;JAGUARIAIVA;238,97;121,99;77,10;16,18;77,61;4,45;31,35;29,75;99,88;284,29;9,27;20,44
2003.0;9.0;2003-09-01;BRASPINE;AMATA;;;;;83,63;17,14;80,00;5,14;28,04;33,16;100,00;274,00;0,00;6,79
2003.0;9.0;2003-09-01;BRASPINE;ANTA BRAVA;;;;;28,28;19,12;73,42;8,47;26,11;33,32;98,53;228,62;0,00;0,40
2003.0;9.0;2003-09-01;BRASPINE;ARAPONGAS;PR;SENGES;423,34;263,70;63,68;15,96;81,80;4,90;28,86;30,70;100,00;286,38;4,90;1,95
2003.0;9.0;2003-09-01;BRASPINE;ARROIO CLARO;PR;DOUTOR ULYSSES;275,14;92,00;66,03;16,04;82,52;5,08;27,56;31,16;100,00;292,24;0,00;0,88
2003.0;9.0;2003-09-01;BRASPINE;BARRA GRANDE;PR;DOUTOR ULYSSES;493,79;139,68;79,94;16,32;82,34;5,01;27,62;31,79;100,00;295,15;0,00;0,46
2003.0;9.0;2003-09-01;BRASPINE;BARRA GRANDE - BEMAIS;PR;GUARAPUAVA;299,16;108,61;114,22;15,97;74,58;2,45;30,18;29,27;99,99;294,78;7,22;7,50
2003.0;9.0;2003-09-01;BRASPINE;BARRETOS;PR;JAGUARIAIVA;43,35;32,98;65,11;16,08;80,18;4,45;30,14;30,41;100,00;285,78;9,17;1,21
2003.0;9.0;2003-09-01;BRASPINE;BAU;;;;;112,69;16,38;71,99;1,67;30,82;28,80;99,90;276,06;6,49;7,29
2003.0;9.0;2003-09-01;BRASPINE;BOA VISTA II;PR;PIRAI DO SUL;944,00;535,05;72,47;16,12;79,02;4,13;31,29;30,19;99,98;283,30;8,73;2,73
2003.0;9.0;2003-09-01;BRASPINE;BRASILEIRA;;;;;68,49;15,96;81,80;4,90;28,86;30,70;100,00;286,38;4,90;1,95
2003.0;9.0;2003-09-01;BRASPINE;BURACAO;;;;;91,09;15,95;79,45;3,53;31,43;30,25;99,84;289,67;8,38;3,14
2003.0;9.0;2003-09-01;BRASPINE;BURRINHO;PR;DOUTOR ULYSSES;211,01;100,37;65,91;16,04;82,52;5,08;27,56;31,16;100,00;292,24;0,00;0,88
2003.0;9.0;2003-09-01;BRASPINE;CADEADO I;PR;JAGUARIAIVA;21,07;12,29;64,26;15,85;81,11;4,72;28,80;30,19;100,00;280,52;9,50;0,74
2003.0;9.0;2003-09-01;BRASPINE;CADEADO II;PR;JAGUARIAIVA;21,88;16,79;64,26;15,85;81,11;4,72;28,80;30,19;100,00;280,52;9,50;0,74
2003.0;9.0;2003-09-01;BRASPINE;CAMPINA ALTA;PR;TIBAGI;29,77;18,24;115,82;17,41;74,51;4,39;30,32;30,74;99,87;267,01;4,39;22,34
2003.0;9.0;2003-09-01;BRASPINE;CAMPINA DO ELIAS;PR;JAGUARIAIVA;29,17;14,65;69,43;16,00;80,52;4,55;29,65;30,33;100,00;283,90;9,30;0,52
2003.0;9.0;2003-09-01;BRASPINE;CAMPO NOVO;PR;JAGUARIAIVA;295,98;156,36;62,45;15,85;81,11;4,72;28,80;30,19;100,00;280,52;9,50;0,74
2003.0;9.0;2003-09-01;BRASPINE;CONSULTORIA II A;PR;DOUTOR ULYSSES;89,62;60,79;67,60;15,96;81,80;4,90;28,86;30,70;100,00;286,38;4,90;1,95
2003.0;9.0;2003-09-01;BRASPINE;DINIZ;;;;;66,70;15,96;81,80;4,90;28,86;30,70;100,00;286,38;4,90;1,95
2003.0;9.0;2003-09-01;BRASPINE;ENES;PR;JAGUARIAIVA;5,93;5,69;62,32;15,85;81,11;4,72;28,80;30,19;100,00;280,52;9,50;0,74
2003.0;9.0;2003-09-01;BRASPINE;ENGENHARIA;;;;;66,70;15,96;81,80;4,90;28,86;30,70;100,00;286,38;4,90;1,95
2003.0;9.0;2003-09-01;BRASPINE;ESTACAO;PR;SENGES;4,76;4,14;67,21;15,85;81,11;4,72;28,80;30,19;100,00;280,52;9,50;0,74
2003.0;9.0;2003-09-01;BRASPINE;FAXINAL;PR;JAGUARIAIVA;20,65;20,65;62,32;15,85;81,11;4,72;28,80;30,19;100,00;280,52;9,50;0,74
2003.0;9.0;2003-09-01;BRASPINE;FEITAL;PR;DOUTOR ULYSSES;154,17;86,53;67,64;16,08;81,98;4,93;28,45;31,06;100,00;289,29;4,93;350,62
2003.0;9.0;2003-09-01;BRASPINE;FIGUEIRA;PR;DOUTOR ULYSSES;1053,81;315,71;67,61;16,04;82,52;5,08;27,56;31,16;100,00;292,24;0,00;0,88
2003.0;9.0;2003-09-01;BRASPINE;FIGUEIRINHA;PR;DOUTOR ULYSSES;94,37;56,74;68,56;16,04;82,52;5,08;27,56;31,16;100,00;292,24;0,00;0,88
2003.0;9.0;2003-09-01;BRASPINE;FLOEMA;PR;DOUTOR ULYSSES;2189,88;701,43;64,24;15,67;81,91;4,65;27,39;30,14;100,00;296,24;9,38;1,89
2003.0;9.0;2003-09-01;BRASPINE;FLOEMA I - SUDATI;;;;;67,24;15,96;81,80;4,90;28,86;30,70;100,00;286,38;4,90;1,95
2003.0;9.0;2003-09-01;BRASPINE;FLOEMA II - SUDATI;PR;DOUTOR ULYSSES;453,83;211,13;68,03;15,96;81,80;4,90;28,86;30,70;100,00;286,38;4,90;1,95
2003.0;9.0;2003-09-01;BRASPINE;FLOR DA SERRA;PR;SAO JOSE DA BOA VISTA;209,10;128,72;44,67;18,20;72,05;7,32;30,35;31,91;99,55;289,40;0,00;1,63
2003.0;9.0;2003-09-01;BRASPINE;GENTIL;PR;JAGUARIAIVA;126,77;53,33;76,11;15,96;77,33;4,04;31,98;29,32;99,72;278,64;8,80;0,83
2003.0;9.0;2003-09-01;BRASPINE;GUAIRACA;PR;GUARAPUAVA;623,62;169,31;111,78;16,07;74,38;2,32;29,19;29,75;100,00;282,87;6,71;8,98
2003.0;9.0;2003-09-01;BRASPINE;HERVAL 2 - MADALOSSO;;;;;91,69;15,95;79,45;3,53;31,43;30,25;99,84;289,67;8,38;3,14
2003.0;9.0;2003-09-01;BRASPINE;HERVAL DE BAIXO;PR;RESERVA;827,29;475,92;109,16;17,31;75,07;4,46;29,84;30,70;99,79;258,84;4,46;5,85
2003.0;9.0;2003-09-01;BRASPINE;HORTO 01;PR;TURVO;19,12;19,12;108,48;16,69;74,37;1,81;32,66;29,72;99,61;261,06;6,65;9,04
2003.0;9.0;2003-09-01;BRASPINE;HORTO 02;PR;TURVO;4,24;4,24;109,06;16,69;74,37;1,81;32,66;29,72;99,61;261,06;6,65;9,04
2003.0;9.0;2003-09-01;BRASPINE;HORTO 03;PR;PRUDENTOPOLIS;80,91;25,89;105,98;17,13;74,13;2,81;30,70;30,43;99,90;272,12;2,81;2,35
2003.0;9.0;2003-09-01;BRASPINE;HORTO 08;PR;TURVO;9,53;9,53;111,69;17,13;74,13;2,81;30,70;30,43;99,90;272,12;2,81;2,35
2003.0;9.0;2003-09-01;BRASPINE;HORTO 12;PR;PRUDENTOPOLIS;12,20;12,20;104,75;17,13;74,13;2,81;30,70;30,43;99,90;272,12;2,81;2,35
2003.0;9.0;2003-09-01;BRASPINE;IZAU;PR;PIRAI DO SUL;19,37;11,60;73,62;15,95;78,18;3,75;31,09;29,66;99,57;280,06;8,36;3,74
2003.0;9.0;2003-09-01;BRASPINE;JOAO RICO;PR;JAGUARIAIVA;47,46;26,18;75,71;16,18;77,61;4,45;31,35;29,75;99,88;284,29;9,27;20,44
2003.0;9.0;2003-09-01;BRASPINE;LAGOA;PR;JAGUARIAIVA;24,10;10,78;62,35;15,85;81,11;4,72;28,80;30,19;100,00;280,52;9,50;0,74
2003.0;9.0;2003-09-01;BRASPINE;MARACANA;PR;JANDAIA DO SUL;11,45;11,45;101,17;19,70;66,98;6,08;22,92;33,69;99,97;164,02;0,00;6,88
2003.0;9.0;2003-09-01;BRASPINE;MARRECA;;;;;64,27;16,04;82,52;5,08;27,56;31,16;100,00;292,24;0,00;0,88
2003.0;9.0;2003-09-01;BRASPINE;MARRECA SP;SP;ITAPIRAPUA PAULISTA;675,30;236,19;70,38;16,55;82,85;5,27;26,49;32,55;100,00;272,66;0,00;0,12
2003.0;9.0;2003-09-01;BRASPINE;MARRECAS;;;;;114,10;15,47;74,69;1,85;30,38;28,78;100,00;267,88;5,70;16,44
2003.0;9.0;2003-09-01;BRASPINE;MERCADINHO;;;;;74,69;16,53;81,34;5,22;27,18;32,18;100,00;273,77;0,00;0,95
2003.0;9.0;2003-09-01;BRASPINE;MONTE ALEGRE;;;;;103,43;20,11;66,51;6,32;22,65;34,19;99,87;153,60;0,00;2,58
2003.0;9.0;2003-09-01;BRASPINE;MONTE TABOR II;;;;;91,62;15,97;84,45;4,85;31,59;31,21;99,99;316,39;4,85;0,87
2003.0;9.0;2003-09-01;BRASPINE;MOREIRA;PR;DOUTOR ULYSSES;230,52;68,68;68,03;15,96;81,80;4,90;28,86;30,70;100,00;286,38;4,90;1,95
2003.0;9.0;2003-09-01;BRASPINE;MOREIRAS II;PR;DOUTOR ULYSSES;66,76;28,75;67,54;15,96;81,80;4,90;28,86;30,70;100,00;286,38;4,90;1,95
2003.0;9.0;2003-09-01;BRASPINE;MORRETES;PR;ORTIGUEIRA;20,36;20,36;114,67;17,72;74,97;4,89;28,50;31,59;99,78;247,31;4,89;8,36
2003.0;9.0;2003-09-01;BRASPINE;MORRO AZUL;;;;;83,16;16,18;81,85;4,81;28,14;31,42;100,00;289,52;4,81;4,11
2003.0;9.0;2003-09-01;BRASPINE;OURO FINO;SP;APIAI;51,70;51,70;83,36;15,88;83,20;3,98;30,08;30,99;100,00;290,97;3,98;2,48
2003.0;9.0;2003-09-01;BRASPINE;PALMEIRINHA DE BAIXO - SOSSEGO;PR;SENGES;85,93;9,22;69,12;15,92;78,66;4,76;29,99;29,63;99,84;295,35;4,76;0,89
2003.0;9.0;2003-09-01;BRASPINE;PAZIN;PR;DOUTOR ULYSSES;41,20;23,90;66,23;16,04;82,52;5,08;27,56;31,16;100,00;292,24;0,00;0,88
2003.0;9.0;2003-09-01;BRASPINE;PEDRAS;PR;CASTRO;7,18;7,18;74,56;15,87;79,05;3,33;34,02;29,45;99,53;278,24;7,79;0,11
2003.0;9.0;2003-09-01;BRASPINE;PESCARIA;PR;SAO JOSE DA BOA VISTA;184,57;129,22;47,88;18,32;71,70;7,20;28,97;32,25;99,75;288,42;0,00;0,24
2003.0;9.0;2003-09-01;BRASPINE;PESSEGUEIRO;PR;DOUTOR ULYSSES;109,95;64,79;68,12;15,96;81,80;4,90;28,86;30,70;100,00;286,38;4,90;1,95
2003.0;9.0;2003-09-01;BRASPINE;PITANGA;;;;;128,19;17,12;71,26;2,03;31,54;29,60;99,81;233,19;2,03;4,88
2003.0;9.0;2003-09-01;BRASPINE;QUEIMADINHO ARROIO CLARO;PR;DOUTOR ULYSSES;48,13;19,09;68,49;15,96;81,80;4,90;28,86;30,70;100,00;286,38;4,90;1,95
2003.0;9.0;2003-09-01;BRASPINE;QUEIMADINHO M6042;PR;DOUTOR ULYSSES;48,38;18,50;68,49;15,96;81,80;4,90;28,86;30,70;100,00;286,38;4,90;1,95
2003.0;9.0;2003-09-01;BRASPINE;QUEIMADINHO USUCAPIAO;PR;DOUTOR ULYSSES;200,27;92,43;68,49;15,96;81,80;4,90;28,86;30,70;100,00;286,38;4,90;1,95
2003.0;9.0;2003-09-01;BRASPINE;RAMOS;PR;SENGES;69,83;38,15;67,24;15,85;81,11;4,72;28,80;30,19;100,00;280,52;9,50;0,74
2003.0;9.0;2003-09-01;BRASPINE;RIBEIRAO GRANDE;PR;JAGUARIAIVA;20,77;20,77;71,00;15,95;78,18;3,75;31,09;29,66;99,57;280,06;8,36;3,74
2003.0;9.0;2003-09-01;BRASPINE;RINCAO DE BAIXO;;;;;98,21;16,72;73,89;3,76;31,40;29,98;99,52;276,18;3,76;0,06
2003.0;9.0;2003-09-01;BRASPINE;RIO BOMBA;PR;CERRO AZUL;65,03;37,72;72,09;16,84;80,16;5,08;28,42;32,45;99,99;265,92;0,00;5,39
2003.0;9.0;2003-09-01;BRASPINE;RIO DO MEIO;PR;DOUTOR ULYSSES;712,33;389,13;67,79;15,96;81,80;4,90;28,86;30,70;100,00;286,38;4,90;1,95
2003.0;9.0;2003-09-01;BRASPINE;RONDON;PR;JAGUARIAIVA;2899,24;1475,88;69,09;15,90;79,17;4,74;31,27;29,55;99,88;278,91;9,63;334,77
2003.0;9.0;2003-09-01;BRASPINE;SANTA FELICIDADE;;;;;76,92;16,81;83,13;5,28;25,68;33,43;100,00;278,28;0,00;4,18
2003.0;9.0;2003-09-01;BRASPINE;SANTA LIDIA DO CERCADINHO;;;;;104,91;16,40;73,92;3,60;31,76;29,47;99,52;272,11;3,60;5,22
2003.0;9.0;2003-09-01;BRASPINE;SANTO ANTONIO;;;;;71,04;15,90;79,29;4,64;29,94;29,97;100,00;294,93;4,64;27,10
2003.0;9.0;2003-09-01;BRASPINE;SAO JOSE;PR;JANDAIA DO SUL;37,56;37,56;105,01;19,97;66,67;6,24;22,88;33,97;99,93;152,26;0,00;3,73
2003.0;9.0;2003-09-01;BRASPINE;SAO MATHEUS;;;;;94,44;21,08;65,88;6,73;22,60;35,51;99,70;159,74;0,00;2,56
2003.0;9.0;2003-09-01;BRASPINE;SAO PEDRO E SAO PAULO;PR;SAPOPEMA;709,13;323,93;60,48;17,66;72,31;5,82;29,33;30,75;99,22;268,23;0,00;1,23
2003.0;9.0;2003-09-01;BRASPINE;SAO RAFAEL;;;;;115,48;15,82;77,31;1,80;29,52;30,82;99,72;273,35;5,69;2,65
2003.0;9.0;2003-09-01;BRASPINE;SAO RAFAEL - PB;;;;;74,39;16,00;82,86;4,37;29,13;31,24;100,00;292,41;4,37;4,64
2003.0;9.0;2003-09-01;BRASPINE;SERRARIA;PR;DOUTOR ULYSSES;280,88;117,71;69,63;15,85;82,22;4,91;27,48;30,65;100,00;286,81;9,87;1,40
2003.0;9.0;2003-09-01;BRASPINE;SERRO VERDE;;;;;119,72;16,74;70,85;1,68;28,71;29,50;99,92;242,76;6,58;6,68
2003.0;9.0;2003-09-01;BRASPINE;SERTAOZINHO;PR;DOUTOR ULYSSES;16,25;16,25;63,69;15,96;81,80;4,90;28,86;30,70;100,00;286,38;4,90;1,95
2003.0;9.0;2003-09-01;BRASPINE;SITIO BASILIO;PR;JAGUARIAIVA;8,08;8,08;77,34;16,02;77,14;4,24;32,09;29,33;99,82;279,70;9,07;1,68
2003.0;9.0;2003-09-01;BRASPINE;SITIO DAS MARRECAS;PR;DOUTOR ULYSSES;77,49;35,17;65,55;16,40;82,76;5,22;26,80;32,15;100,00;284,85;0,00;1,10
2003.0;9.0;2003-09-01;BRASPINE;SOBRADINHO;SP;BOM SUCESSO DE ITARARE;285,80;123,10;77,08;15,76;80,67;4,52;29,84;30,06;100,00;294,40;4,52;23,83
2003.0;9.0;2003-09-01;BRASPINE;TAQUARAL;PR;JAGUARIAIVA;519,13;31,07;71,29;16,10;78,72;4,68;31,55;29,77;100,00;282,56;9,41;18,23
2003.0;9.0;2003-09-01;BRASPINE;TUCUNDUVA;PR;SENGES;82,21;60,89;75,33;16,75;74,59;5,69;29,44;30,12;99,79;282,40;0,00;5,68
2003.0;9.0;2003-09-01;BRASPINE;TUCUNDUVA - CHAMMA;;;;;70,29;16,78;75,09;5,68;28,78;30,22;99,74;284,21;0,00;0,54
2003.0;9.0;2003-09-01;BRASPINE;VIENA 1;PR;DOUTOR ULYSSES;263,98;178,34;72,23;15,64;81,15;4,24;30,27;29,63;100,00;279,35;8,81;2,06
2003.0;9.0;2003-09-01;BRASPINE;VIENA 2;PR;CERRO AZUL;140,23;96,54;72,11;16,84;80,16;5,08;28,42;32,45;99,99;265,92;0,00;5,39
2003.0;9.0;2003-09-01;BRASPINE;VITORIA;PR;SENGES;50,54;35,69;69,12;15,92;78,66;4,76;29,99;29,63;99,84;295,35;4,76;0,89
2003.0;9.0;2003-09-01;BRASPINE;VIVEIRO;PR;DOUTOR ULYSSES;405,39;261,22;67,54;15,96;81,80;4,90;28,86;30,70;100,00;286,38;4,90;1,95
2003.0;9.0;2003-09-01;BRASPINE;VO LINO;PR;DOUTOR ULYSSES;164,50;97,89;64,84;16,04;82,52;5,08;27,56;31,16;100,00;292,24;0,00;0,88
2003.0;9.0;2003-09-01;BRASPINE;XAXIM VELHO;;;;;115,11;15,56;74,81;1,47;28,89;29,20;100,00;274,08;5,82;2,28
2003.0;10.0;2003-10-01;BRASPINE;AGUA DOCE;PR;JAGUARIAIVA;238,97;121,99;96,17;17,74;79,77;7,28;29,35;28,97;99,90;235,86;0,00;1,94
2003.0;10.0;2003-10-01;BRASPINE;AMATA;;;;;86,75;18,92;81,06;8,33;34,03;31,32;100,00;185,46;0,00;3,06
2003.0;10.0;2003-10-01;BRASPINE;ANTA BRAVA;;;;;121,53;20,74;74,69;10,45;28,67;32,77;99,23;130,79;0,00;23,23
2003.0;10.0;2003-10-01;BRASPINE;ARAPONGAS;PR;SENGES;423,34;263,70;99,31;17,59;83,22;7,25;31,91;29,59;100,00;251,46;0,00;5,13
2003.0;10.0;2003-10-01;BRASPINE;ARROIO CLARO;PR;DOUTOR ULYSSES;275,14;92,00;99,93;17,70;83,77;7,62;33,44;29,67;100,00;255,47;0,00;15,37
2003.0;10.0;2003-10-01;BRASPINE;BARRA GRANDE;PR;DOUTOR ULYSSES;493,79;139,68;86,89;17,99;83,51;7,53;33,55;30,59;100,00;258,47;0,00;0,39
2003.0;10.0;2003-10-01;BRASPINE;BARRA GRANDE - BEMAIS;PR;GUARAPUAVA;299,16;108,61;126,20;17,54;79,33;7,85;31,77;26,78;99,98;278,43;0,00;8,20
2003.0;10.0;2003-10-01;BRASPINE;BARRETOS;PR;JAGUARIAIVA;43,35;32,98;104,37;17,60;82,22;7,11;29,77;29,36;99,98;236,24;0,00;11,86
2003.0;10.0;2003-10-01;BRASPINE;BAU;;;;;142,59;17,75;78,40;8,80;34,27;26,62;99,76;284,54;0,00;1,91
2003.0;10.0;2003-10-01;BRASPINE;BOA VISTA II;PR;PIRAI DO SUL;944,00;535,05;101,24;17,64;81,20;6,67;29,54;29,18;99,96;233,68;0,00;1,66
2003.0;10.0;2003-10-01;BRASPINE;BRASILEIRA;;;;;84,91;17,59;83,22;7,25;31,91;29,59;100,00;251,46;0,00;5,13
2003.0;10.0;2003-10-01;BRASPINE;BURACAO;;;;;86,04;17,52;81,71;7,45;33,47;28,75;99,84;222,07;0,00;1,88
2003.0;10.0;2003-10-01;BRASPINE;BURRINHO;PR;DOUTOR ULYSSES;211,01;100,37;99,20;17,70;83,77;7,62;33,44;29,67;100,00;255,47;0,00;15,37
2003.0;10.0;2003-10-01;BRASPINE;CADEADO I;PR;JAGUARIAIVA;21,07;12,29;103,15;17,45;82,74;7,31;30,44;29,13;100,00;247,61;0,00;9,52
2003.0;10.0;2003-10-01;BRASPINE;CADEADO II;PR;JAGUARIAIVA;21,88;16,79;103,15;17,45;82,74;7,31;30,44;29,13;100,00;247,61;0,00;9,52
2003.0;10.0;2003-10-01;BRASPINE;CAMPINA ALTA;PR;TIBAGI;29,77;18,24;171,66;19,15;76,33;7,74;27,18;29,87;99,93;221,24;0,00;2,60
2003.0;10.0;2003-10-01;BRASPINE;CAMPINA DO ELIAS;PR;JAGUARIAIVA;29,17;14,65;102,11;17,55;82,41;7,18;30,01;29,28;99,99;250,13;0,00;11,04
2003.0;10.0;2003-10-01;BRASPINE;CAMPO NOVO;PR;JAGUARIAIVA;295,98;156,36;101,54;17,45;82,74;7,31;30,44;29,13;100,00;247,61;0,00;9,52
2003.0;10.0;2003-10-01;BRASPINE;CONSULTORIA II A;PR;DOUTOR ULYSSES;89,62;60,79;87,94;17,59;83,22;7,25;31,91;29,59;100,00;251,46;0,00;5,13
2003.0;10.0;2003-10-01;BRASPINE;DINIZ;;;;;84,84;17,59;83,22;7,25;31,91;29,59;100,00;251,46;0,00;5,13
2003.0;10.0;2003-10-01;BRASPINE;ENES;PR;JAGUARIAIVA;5,93;5,69;101,93;17,45;82,74;7,31;30,44;29,13;100,00;247,61;0,00;9,52
2003.0;10.0;2003-10-01;BRASPINE;ENGENHARIA;;;;;84,84;17,59;83,22;7,25;31,91;29,59;100,00;251,46;0,00;5,13
2003.0;10.0;2003-10-01;BRASPINE;ESTACAO;PR;SENGES;4,76;4,14;103,18;17,45;82,74;7,31;30,44;29,13;100,00;247,61;0,00;9,52
2003.0;10.0;2003-10-01;BRASPINE;FAXINAL;PR;JAGUARIAIVA;20,65;20,65;101,93;17,45;82,74;7,31;30,44;29,13;100,00;247,61;0,00;9,52
2003.0;10.0;2003-10-01;BRASPINE;FEITAL;PR;DOUTOR ULYSSES;154,17;86,53;86,08;17,73;83,32;7,34;32,55;29,92;100,00;253,80;0,00;3,54
2003.0;10.0;2003-10-01;BRASPINE;FIGUEIRA;PR;DOUTOR ULYSSES;1053,81;315,71;92,06;17,70;83,77;7,62;33,44;29,67;100,00;255,47;0,00;15,37
2003.0;10.0;2003-10-01;BRASPINE;FIGUEIRINHA;PR;DOUTOR ULYSSES;94,37;56,74;86,28;17,70;83,77;7,62;33,44;29,67;100,00;255,47;0,00;15,37
2003.0;10.0;2003-10-01;BRASPINE;FLOEMA;PR;DOUTOR ULYSSES;2189,88;701,43;97,00;17,28;83,46;6,86;31,56;28,73;100,00;245,90;0,00;1,00
2003.0;10.0;2003-10-01;BRASPINE;FLOEMA I - SUDATI;;;;;103,13;17,59;83,22;7,25;31,91;29,59;100,00;251,46;0,00;5,13
2003.0;10.0;2003-10-01;BRASPINE;FLOEMA II - SUDATI;PR;DOUTOR ULYSSES;453,83;211,13;98,93;17,59;83,22;7,25;31,91;29,59;100,00;251,46;0,00;5,13
2003.0;10.0;2003-10-01;BRASPINE;FLOR DA SERRA;PR;SAO JOSE DA BOA VISTA;209,10;128,72;85,00;19,95;73,37;9,42;29,86;31,56;99,66;164,91;0,00;30,81
2003.0;10.0;2003-10-01;BRASPINE;GENTIL;PR;JAGUARIAIVA;126,77;53,33;100,80;17,52;79,73;7,03;28,75;28,49;99,62;261,60;0,00;3,40
2003.0;10.0;2003-10-01;BRASPINE;GUAIRACA;PR;GUARAPUAVA;623,62;169,31;135,30;17,66;78,91;7,16;31,52;27,10;99,99;297,34;0,00;1,99
2003.0;10.0;2003-10-01;BRASPINE;HERVAL 2 - MADALOSSO;;;;;94,58;17,52;81,71;7,45;33,47;28,75;99,84;222,07;0,00;1,88
2003.0;10.0;2003-10-01;BRASPINE;HERVAL DE BAIXO;PR;RESERVA;827,29;475,92;171,86;19,11;76,82;7,97;27,63;29,88;99,89;218,83;0,00;0,95
2003.0;10.0;2003-10-01;BRASPINE;HORTO 01;PR;TURVO;19,12;19,12;146,79;18,31;78,87;7,72;34,74;28,27;99,62;287,78;0,00;6,22
2003.0;10.0;2003-10-01;BRASPINE;HORTO 02;PR;TURVO;4,24;4,24;146,64;18,31;78,87;7,72;34,74;28,27;99,62;287,78;0,00;6,22
2003.0;10.0;2003-10-01;BRASPINE;HORTO 03;PR;PRUDENTOPOLIS;80,91;25,89;146,33;18,76;78,12;8,20;32,42;29,04;99,77;237,52;0,00;6,38
2003.0;10.0;2003-10-01;BRASPINE;HORTO 08;PR;TURVO;9,53;9,53;138,93;18,76;78,12;8,20;32,42;29,04;99,77;237,52;0,00;6,38
2003.0;10.0;2003-10-01;BRASPINE;HORTO 12;PR;PRUDENTOPOLIS;12,20;12,20;145,26;18,76;78,12;8,20;32,42;29,04;99,77;237,52;0,00;6,38
2003.0;10.0;2003-10-01;BRASPINE;IZAU;PR;PIRAI DO SUL;19,37;11,60;99,92;17,43;80,79;6,92;28,31;28,63;99,63;245,62;0,00;4,21
2003.0;10.0;2003-10-01;BRASPINE;JOAO RICO;PR;JAGUARIAIVA;47,46;26,18;99,27;17,74;79,77;7,28;29,35;28,97;99,90;235,86;0,00;1,94
2003.0;10.0;2003-10-01;BRASPINE;LAGOA;PR;JAGUARIAIVA;24,10;10,78;103,70;17,45;82,74;7,31;30,44;29,13;100,00;247,61;0,00;9,52
2003.0;10.0;2003-10-01;BRASPINE;MARACANA;PR;JANDAIA DO SUL;11,45;11,45;126,97;21,38;71,10;11,84;28,77;32,31;99,98;76,42;0,00;0,28
2003.0;10.0;2003-10-01;BRASPINE;MARRECA;;;;;89,18;17,70;83,77;7,62;33,44;29,67;100,00;255,47;0,00;15,37
2003.0;10.0;2003-10-01;BRASPINE;MARRECA SP;SP;ITAPIRAPUA PAULISTA;675,30;236,19;81,26;18,28;83,77;6,81;33,97;30,96;100,00;218,73;0,00;10,45
2003.0;10.0;2003-10-01;BRASPINE;MARRECAS;;;;;136,87;17,04;79,89;7,04;32,12;26,02;100,00;311,89;0,00;341,47
2003.0;10.0;2003-10-01;BRASPINE;MERCADINHO;;;;;84,93;18,24;82,47;7,30;33,50;30,44;100,00;205,63;0,00;0,11
2003.0;10.0;2003-10-01;BRASPINE;MONTE ALEGRE;;;;;119,27;21,88;70,34;12,34;29,07;32,65;99,96;79,67;0,00;1,88
2003.0;10.0;2003-10-01;BRASPINE;MONTE TABOR II;;;;;95,12;17,73;84,82;7,93;35,35;29,82;100,00;231,25;0,00;33,51
2003.0;10.0;2003-10-01;BRASPINE;MOREIRA;PR;DOUTOR ULYSSES;230,52;68,68;98,93;17,59;83,22;7,25;31,91;29,59;100,00;251,46;0,00;5,13
2003.0;10.0;2003-10-01;BRASPINE;MOREIRAS II;PR;DOUTOR ULYSSES;66,76;28,75;86,31;17,59;83,22;7,25;31,91;29,59;100,00;251,46;0,00;5,13
2003.0;10.0;2003-10-01;BRASPINE;MORRETES;PR;ORTIGUEIRA;20,36;20,36;170,07;19,62;76,24;8,22;27,70;30,70;99,90;179,33;0,00;3,10
2003.0;10.0;2003-10-01;BRASPINE;MORRO AZUL;;;;;75,31;17,84;82,85;7,62;32,17;30,64;100,00;270,47;0,00;72,15
2003.0;10.0;2003-10-01;BRASPINE;OURO FINO;SP;APIAI;51,70;51,70;95,61;17,56;84,13;7,94;33,72;30,05;100,00;284,74;0,00;336,55
2003.0;10.0;2003-10-01;BRASPINE;PALMEIRINHA DE BAIXO - SOSSEGO;PR;SENGES;85,93;9,22;89,23;17,51;80,37;7,24;28,66;29,22;99,86;277,03;0,00;4,72
2003.0;10.0;2003-10-01;BRASPINE;PAZIN;PR;DOUTOR ULYSSES;41,20;23,90;86,68;17,70;83,77;7,62;33,44;29,67;100,00;255,47;0,00;15,37
2003.0;10.0;2003-10-01;BRASPINE;PEDRAS;PR;CASTRO;7,18;7,18;106,25;17,43;81,24;6,78;30,46;28,38;99,93;243,73;0,00;4,00
2003.0;10.0;2003-10-01;BRASPINE;PESCARIA;PR;SAO JOSE DA BOA VISTA;184,57;129,22;90,84;20,09;72,85;8,96;27,03;31,94;99,53;150,63;0,00;2,72
2003.0;10.0;2003-10-01;BRASPINE;PESSEGUEIRO;PR;DOUTOR ULYSSES;109,95;64,79;102,95;17,59;83,22;7,25;31,91;29,59;100,00;251,46;0,00;5,13
2003.0;10.0;2003-10-01;BRASPINE;PITANGA;;;;;160,27;18,60;76,90;9,85;34,68;27,72;99,76;255,63;0,00;0,99
2003.0;10.0;2003-10-01;BRASPINE;QUEIMADINHO ARROIO CLARO;PR;DOUTOR ULYSSES;48,13;19,09;84,91;17,59;83,22;7,25;31,91;29,59;100,00;251,46;0,00;5,13
2003.0;10.0;2003-10-01;BRASPINE;QUEIMADINHO M6042;PR;DOUTOR ULYSSES;48,38;18,50;84,91;17,59;83,22;7,25;31,91;29,59;100,00;251,46;0,00;5,13
2003.0;10.0;2003-10-01;BRASPINE;QUEIMADINHO USUCAPIAO;PR;DOUTOR ULYSSES;200,27;92,43;84,91;17,59;83,22;7,25;31,91;29,59;100,00;251,46;0,00;5,13
2003.0;10.0;2003-10-01;BRASPINE;RAMOS;PR;SENGES;69,83;38,15;103,13;17,45;82,74;7,31;30,44;29,13;100,00;247,61;0,00;9,52
2003.0;10.0;2003-10-01;BRASPINE;RIBEIRAO GRANDE;PR;JAGUARIAIVA;20,77;20,77;101,83;17,43;80,79;6,92;28,31;28,63;99,63;245,62;0,00;4,21
2003.0;10.0;2003-10-01;BRASPINE;RINCAO DE BAIXO;;;;;124,87;18,47;75,58;6,86;26,52;28,89;99,85;228,34;0,00;2,00
2003.0;10.0;2003-10-01;BRASPINE;RIO BOMBA;PR;CERRO AZUL;65,03;37,72;88,46;18,56;81,36;7,63;34,19;30,56;100,00;180,01;0,00;0,70
2003.0;10.0;2003-10-01;BRASPINE;RIO DO MEIO;PR;DOUTOR ULYSSES;712,33;389,13;85,94;17,59;83,22;7,25;31,91;29,59;100,00;251,46;0,00;5,13
2003.0;10.0;2003-10-01;BRASPINE;RONDON;PR;JAGUARIAIVA;2899,24;1475,88;97,92;17,50;80,96;7,25;29,79;28,95;99,90;262,45;0,00;12,62
2003.0;10.0;2003-10-01;BRASPINE;SANTA FELICIDADE;;;;;82,74;18,61;83,80;6,80;33,65;31,69;100,00;208,50;0,00;3,50
2003.0;10.0;2003-10-01;BRASPINE;SANTA LIDIA DO CERCADINHO;;;;;122,68;18,13;75,80;6,63;26,71;28,34;99,85;238,68;0,00;0,71
2003.0;10.0;2003-10-01;BRASPINE;SANTO ANTONIO;;;;;91,80;17,52;80,65;6,61;28,61;29,60;100,00;275,73;0,00;74,22
2003.0;10.0;2003-10-01;BRASPINE;SAO JOSE;PR;JANDAIA DO SUL;37,56;37,56;119,80;21,72;70,53;12,20;29,08;32,48;99,98;78,71;0,00;0,49
2003.0;10.0;2003-10-01;BRASPINE;SAO MATHEUS;;;;;126,85;23,01;69,46;13,36;29,31;34,07;99,88;71,05;0,00;7,72
2003.0;10.0;2003-10-01;BRASPINE;SAO PEDRO E SAO PAULO;PR;SAPOPEMA;709,13;323,93;121,89;19,46;74,13;9,29;31,94;30,32;99,65;154,95;0,00;3,63
2003.0;10.0;2003-10-01;BRASPINE;SAO RAFAEL;;;;;103,24;17,33;80,69;6,86;35,57;28,88;99,71;249,93;0,00;0,04
2003.0;10.0;2003-10-01;BRASPINE;SAO RAFAEL - PB;;;;;82,44;17,68;83,79;7,90;32,95;30,32;100,00;271,01;0,00;64,51
2003.0;10.0;2003-10-01;BRASPINE;SERRARIA;PR;DOUTOR ULYSSES;280,88;117,71;99,61;17,49;83,61;7,24;32,50;29,20;100,00;250,70;0,00;0,38
2003.0;10.0;2003-10-01;BRASPINE;SERRO VERDE;;;;;145,20;18,18;76,84;9,31;32,60;27,33;99,93;263,45;0,00;0,53
2003.0;10.0;2003-10-01;BRASPINE;SERTAOZINHO;PR;DOUTOR ULYSSES;16,25;16,25;86,70;17,59;83,22;7,25;31,91;29,59;100,00;251,46;0,00;5,13
2003.0;10.0;2003-10-01;BRASPINE;SITIO BASILIO;PR;JAGUARIAIVA;8,08;8,08;96,23;17,61;79,42;7,13;29,05;28,57;99,71;263,08;0,00;2,02
2003.0;10.0;2003-10-01;BRASPINE;SITIO DAS MARRECAS;PR;DOUTOR ULYSSES;77,49;35,17;85,58;18,11;83,77;7,04;34,12;30,59;100,00;231,55;0,00;11,86
2003.0;10.0;2003-10-01;BRASPINE;SOBRADINHO;SP;BOM SUCESSO DE ITARARE;285,80;123,10;82,53;17,40;81,78;6,54;30,42;29,68;100,00;275,20;0,00;74,32
2003.0;10.0;2003-10-01;BRASPINE;TAQUARAL;PR;JAGUARIAIVA;519,13;31,07;100,05;17,68;80,62;7,39;30,03;29,05;100,00;251,14;0,00;2,39
2003.0;10.0;2003-10-01;BRASPINE;TUCUNDUVA;PR;SENGES;82,21;60,89;98,83;18,40;76,47;6,80;27,54;29,70;99,60;246,30;0,00;9,44
2003.0;10.0;2003-10-01;BRASPINE;TUCUNDUVA - CHAMMA;;;;;102,03;18,40;76,86;7,61;27,54;29,79;99,41;249,13;0,00;316,54
2003.0;10.0;2003-10-01;BRASPINE;VIENA 1;PR;DOUTOR ULYSSES;263,98;178,34;93,95;17,20;83,10;6,75;31,76;28,40;100,00;258,73;0,00;1,40
2003.0;10.0;2003-10-01;BRASPINE;VIENA 2;PR;CERRO AZUL;140,23;96,54;88,42;18,56;81,36;7,63;34,19;30,56;100,00;180,01;0,00;0,70
2003.0;10.0;2003-10-01;BRASPINE;VITORIA;PR;SENGES;50,54;35,69;89,23;17,51;80,37;7,24;28,66;29,22;99,86;277,03;0,00;4,72
2003.0;10.0;2003-10-01;BRASPINE;VIVEIRO;PR;DOUTOR ULYSSES;405,39;261,22;86,31;17,59;83,22;7,25;31,91;29,59;100,00;251,46;0,00;5,13
2003.0;10.0;2003-10-01;BRASPINE;VO LINO;PR;DOUTOR ULYSSES;164,50;97,89;93,00;17,70;83,77;7,62;33,44;29,67;100,00;255,47;0,00;15,37
2003.0;10.0;2003-10-01;BRASPINE;XAXIM VELHO;;;;;135,87;17,05;80,36;7,36;34,05;26,19;100,00;298,59;0,00;2,53
2003.0;11.0;2003-11-01;BRASPINE;AGUA DOCE;PR;JAGUARIAIVA;238,97;121,99;132,14;18,43;81,38;8,67;38,10;28,69;99,85;220,43;0,00;2,05
2003.0;11.0;2003-11-01;BRASPINE;AMATA;;;;;164,21;20,11;79,25;10,64;33,70;31,62;99,99;159,68;0,00;5,04
2003.0;11.0;2003-11-01;BRASPINE;ANTA BRAVA;;;;;168,61;21,22;77,27;12,16;33,29;32,28;99,43;65,31;0,00;47,98
2003.0;11.0;2003-11-01;BRASPINE;ARAPONGAS;PR;SENGES;423,34;263,70;140,24;18,59;82,30;9,30;35,42;29,33;100,00;199,36;0,00;0,84
2003.0;11.0;2003-11-01;BRASPINE;ARROIO CLARO;PR;DOUTOR ULYSSES;275,14;92,00;156,10;18,82;81,84;9,54;33,89;29,76;100,00;201,75;0,00;0,19
2003.0;11.0;2003-11-01;BRASPINE;BARRA GRANDE;PR;DOUTOR ULYSSES;493,79;139,68;150,33;19,08;82,15;9,88;34,51;30,23;100,00;192,46;0,00;6,18
2003.0;11.0;2003-11-01;BRASPINE;BARRA GRANDE - BEMAIS;PR;GUARAPUAVA;299,16;108,61;165,68;18,37;78,15;8,36;36,59;29,08;99,98;244,21;0,00;19,29
2003.0;11.0;2003-11-01;BRASPINE;BARRETOS;PR;JAGUARIAIVA;43,35;32,98;137,42;18,49;82,28;8,86;37,47;29,17;99,90;194,18;0,00;3,95
2003.0;11.0;2003-11-01;BRASPINE;BAU;;;;;171,71;18,42;77,58;8,48;39,53;28,35;99,90;215,43;0,00;3,58
2003.0;11.0;2003-11-01;BRASPINE;BOA VISTA II;PR;PIRAI DO SUL;944,00;535,05;137,46;18,45;81,83;8,59;37,65;29,08;99,92;206,18;0,00;2,28
2003.0;11.0;2003-11-01;BRASPINE;BRASILEIRA;;;;;147,41;18,59;82,30;9,30;35,42;29,33;100,00;199,36;0,00;0,84
2003.0;11.0;2003-11-01;BRASPINE;BURACAO;;;;;169,05;18,46;80,95;9,08;36,60;29,16;99,90;223,48;0,00;6,30
2003.0;11.0;2003-11-01;BRASPINE;BURRINHO;PR;DOUTOR ULYSSES;211,01;100,37;156,40;18,82;81,84;9,54;33,89;29,76;100,00;201,75;0,00;0,19
2003.0;11.0;2003-11-01;BRASPINE;CADEADO I;PR;JAGUARIAIVA;21,07;12,29;140,90;18,39;82,24;8,96;36,44;28,92;100,00;238,70;0,00;2,24
2003.0;11.0;2003-11-01;BRASPINE;CADEADO II;PR;JAGUARIAIVA;21,88;16,79;140,90;18,39;82,24;8,96;36,44;28,92;100,00;238,70;0,00;2,24
2003.0;11.0;2003-11-01;BRASPINE;CAMPINA ALTA;PR;TIBAGI;29,77;18,24;156,54;19,91;76,30;9,43;32,23;31,03;99,90;177,31;0,00;2,88
2003.0;11.0;2003-11-01;BRASPINE;CAMPINA DO ELIAS;PR;JAGUARIAIVA;29,17;14,65;142,40;18,45;82,27;8,90;37,39;29,08;99,94;239,05;0,00;3,37
2003.0;11.0;2003-11-01;BRASPINE;CAMPO NOVO;PR;JAGUARIAIVA;295,98;156,36;142,26;18,39;82,24;8,96;36,44;28,92;100,00;238,70;0,00;2,24
2003.0;11.0;2003-11-01;BRASPINE;CONSULTORIA II A;PR;DOUTOR ULYSSES;89,62;60,79;155,74;18,59;82,30;9,30;35,42;29,33;100,00;199,36;0,00;0,84
2003.0;11.0;2003-11-01;BRASPINE;DINIZ;;;;;146,30;18,59;82,30;9,30;35,42;29,33;100,00;199,36;0,00;0,84
2003.0;11.0;2003-11-01;BRASPINE;ENES;PR;JAGUARIAIVA;5,93;5,69;142,61;18,39;82,24;8,96;36,44;28,92;100,00;238,70;0,00;2,24
2003.0;11.0;2003-11-01;BRASPINE;ENGENHARIA;;;;;146,30;18,59;82,30;9,30;35,42;29,33;100,00;199,36;0,00;0,84
2003.0;11.0;2003-11-01;BRASPINE;ESTACAO;PR;SENGES;4,76;4,14;145,95;18,39;82,24;8,96;36,44;28,92;100,00;238,70;0,00;2,24
2003.0;11.0;2003-11-01;BRASPINE;FAXINAL;PR;JAGUARIAIVA;20,65;20,65;142,61;18,39;82,24;8,96;36,44;28,92;100,00;238,70;0,00;2,24
2003.0;11.0;2003-11-01;BRASPINE;FEITAL;PR;DOUTOR ULYSSES;154,17;86,53;151,87;18,76;82,25;9,49;35,12;29,63;100,00;202,07;0,00;8,55
2003.0;11.0;2003-11-01;BRASPINE;FIGUEIRA;PR;DOUTOR ULYSSES;1053,81;315,71;158,28;18,82;81,84;9,54;33,89;29,76;100,00;201,75;0,00;0,19
2003.0;11.0;2003-11-01;BRASPINE;FIGUEIRINHA;PR;DOUTOR ULYSSES;94,37;56,74;159,30;18,82;81,84;9,54;33,89;29,76;100,00;201,75;0,00;0,19
2003.0;11.0;2003-11-01;BRASPINE;FLOEMA;PR;DOUTOR ULYSSES;2189,88;701,43;151,15;18,33;81,93;8,86;34,99;28,91;100,00;237,22;0,00;2,64
2003.0;11.0;2003-11-01;BRASPINE;FLOEMA I - SUDATI;;;;;143,63;18,59;82,30;9,30;35,42;29,33;100,00;199,36;0,00;0,84
2003.0;11.0;2003-11-01;BRASPINE;FLOEMA II - SUDATI;PR;DOUTOR ULYSSES;453,83;211,13;151,87;18,59;82,30;9,30;35,42;29,33;100,00;199,36;0,00;0,84
2003.0;11.0;2003-11-01;BRASPINE;FLOR DA SERRA;PR;SAO JOSE DA BOA VISTA;209,10;128,72;127,01;20,56;76,00;10,84;37,97;31,49;99,47;104,61;0,00;0,15
2003.0;11.0;2003-11-01;BRASPINE;GENTIL;PR;JAGUARIAIVA;126,77;53,33;131,60;18,19;81,41;8,44;38,48;28,36;99,57;246,30;0,00;2,62
2003.0;11.0;2003-11-01;BRASPINE;GUAIRACA;PR;GUARAPUAVA;623,62;169,31;174,86;18,55;77,46;8,72;35,65;29,38;99,98;233,07;0,00;17,24
2003.0;11.0;2003-11-01;BRASPINE;HERVAL 2 - MADALOSSO;;;;;177,41;18,46;80,95;9,08;36,60;29,16;99,90;223,48;0,00;6,30
2003.0;11.0;2003-11-01;BRASPINE;HERVAL DE BAIXO;PR;RESERVA;827,29;475,92;172,64;19,90;76,41;9,15;31,59;31,14;99,81;190,20;0,00;0,49
2003.0;11.0;2003-11-01;BRASPINE;HORTO 01;PR;TURVO;19,12;19,12;161,57;19,15;77,92;8,85;38,41;29,66;99,90;208,68;0,00;0,40
2003.0;11.0;2003-11-01;BRASPINE;HORTO 02;PR;TURVO;4,24;4,24;161,54;19,15;77,92;8,85;38,41;29,66;99,90;208,68;0,00;0,40
2003.0;11.0;2003-11-01;BRASPINE;HORTO 03;PR;PRUDENTOPOLIS;80,91;25,89;163,78;19,69;76,69;9,37;35,43;30,71;99,87;173,01;0,00;10,41
2003.0;11.0;2003-11-01;BRASPINE;HORTO 08;PR;TURVO;9,53;9,53;168,55;19,69;76,69;9,37;35,43;30,71;99,87;173,01;0,00;10,41
2003.0;11.0;2003-11-01;BRASPINE;HORTO 12;PR;PRUDENTOPOLIS;12,20;12,20;166,48;19,69;76,69;9,37;35,43;30,71;99,87;173,01;0,00;10,41
2003.0;11.0;2003-11-01;BRASPINE;IZAU;PR;PIRAI DO SUL;19,37;11,60;134,51;18,16;82,01;8,35;37,83;28,62;99,66;231,16;0,00;1,56
2003.0;11.0;2003-11-01;BRASPINE;JOAO RICO;PR;JAGUARIAIVA;47,46;26,18;132,05;18,43;81,38;8,67;38,10;28,69;99,85;220,43;0,00;2,05
2003.0;11.0;2003-11-01;BRASPINE;LAGOA;PR;JAGUARIAIVA;24,10;10,78;142,96;18,39;82,24;8,96;36,44;28,92;100,00;238,70;0,00;2,24
2003.0;11.0;2003-11-01;BRASPINE;MARACANA;PR;JANDAIA DO SUL;11,45;11,45;126,63;22,02;71,55;12,11;25,29;33,69;99,93;54,22;0,00;6,00
2003.0;11.0;2003-11-01;BRASPINE;MARRECA;;;;;160,61;18,82;81,84;9,54;33,89;29,76;100,00;201,75;0,00;0,19
2003.0;11.0;2003-11-01;BRASPINE;MARRECA SP;SP;ITAPIRAPUA PAULISTA;675,30;236,19;156,81;19,51;81,42;10,21;32,73;30,87;100,00;181,84;0,00;1,15
2003.0;11.0;2003-11-01;BRASPINE;MARRECAS;;;;;169,64;17,81;78,88;7,94;37,87;28,25;100,00;234,92;0,00;0,39
2003.0;11.0;2003-11-01;BRASPINE;MERCADINHO;;;;;153,63;19,40;80,48;10,05;33,43;30,67;99,98;180,56;0,00;0,77
2003.0;11.0;2003-11-01;BRASPINE;MONTE ALEGRE;;;;;134,91;22,58;70,33;12,72;24,64;34,34;99,80;41,45;0,00;5,14
2003.0;11.0;2003-11-01;BRASPINE;MONTE TABOR II;;;;;126,44;18,90;82,80;9,39;35,41;30,16;99,89;196,21;0,00;4,09
2003.0;11.0;2003-11-01;BRASPINE;MOREIRA;PR;DOUTOR ULYSSES;230,52;68,68;151,87;18,59;82,30;9,30;35,42;29,33;100,00;199,36;0,00;0,84
2003.0;11.0;2003-11-01;BRASPINE;MOREIRAS II;PR;DOUTOR ULYSSES;66,76;28,75;156,31;18,59;82,30;9,30;35,42;29,33;100,00;199,36;0,00;0,84
2003.0;11.0;2003-11-01;BRASPINE;MORRETES;PR;ORTIGUEIRA;20,36;20,36;150,18;20,46;75,65;9,21;29,91;31,97;99,65;196,24;0,00;2,91
2003.0;11.0;2003-11-01;BRASPINE;MORRO AZUL;;;;;131,43;18,79;82,67;9,66;35,32;29,93;100,00;204,71;0,00;4,60
2003.0;11.0;2003-11-01;BRASPINE;OURO FINO;SP;APIAI;51,70;51,70;127,89;18,58;83,48;9,63;36,83;29,72;100,00;205,43;0,00;73,53
2003.0;11.0;2003-11-01;BRASPINE;PALMEIRINHA DE BAIXO - SOSSEGO;PR;SENGES;85,93;9,22;137,02;18,22;82,08;8,91;36,41;28,44;99,86;238,38;0,00;11,73
2003.0;11.0;2003-11-01;BRASPINE;PAZIN;PR;DOUTOR ULYSSES;41,20;23,90;156,36;18,82;81,84;9,54;33,89;29,76;100,00;201,75;0,00;0,19
2003.0;11.0;2003-11-01;BRASPINE;PEDRAS;PR;CASTRO;7,18;7,18;146,14;18,22;81,92;8,33;39,34;28,67;99,69;201,46;0,00;2,32
2003.0;11.0;2003-11-01;BRASPINE;PESCARIA;PR;SAO JOSE DA BOA VISTA;184,57;129,22;135,86;20,67;75,81;10,98;36,04;31,71;99,46;105,05;0,00;0,61
2003.0;11.0;2003-11-01;BRASPINE;PESSEGUEIRO;PR;DOUTOR ULYSSES;109,95;64,79;153,33;18,59;82,30;9,30;35,42;29,33;100,00;199,36;0,00;0,84
2003.0;11.0;2003-11-01;BRASPINE;PITANGA;;;;;151,29;19,31;76,18;9,39;36,68;29,66;99,78;183,72;0,00;2,48
2003.0;11.0;2003-11-01;BRASPINE;QUEIMADINHO ARROIO CLARO;PR;DOUTOR ULYSSES;48,13;19,09;147,41;18,59;82,30;9,30;35,42;29,33;100,00;199,36;0,00;0,84
2003.0;11.0;2003-11-01;BRASPINE;QUEIMADINHO M6042;PR;DOUTOR ULYSSES;48,38;18,50;147,41;18,59;82,30;9,30;35,42;29,33;100,00;199,36;0,00;0,84
2003.0;11.0;2003-11-01;BRASPINE;QUEIMADINHO USUCAPIAO;PR;DOUTOR ULYSSES;200,27;92,43;147,41;18,59;82,30;9,30;35,42;29,33;100,00;199,36;0,00;0,84
2003.0;11.0;2003-11-01;BRASPINE;RAMOS;PR;SENGES;69,83;38,15;143,63;18,39;82,24;8,96;36,44;28,92;100,00;238,70;0,00;2,24
2003.0;11.0;2003-11-01;BRASPINE;RIBEIRAO GRANDE;PR;JAGUARIAIVA;20,77;20,77;131,85;18,16;82,01;8,35;37,83;28,62;99,66;231,16;0,00;1,56
2003.0;11.0;2003-11-01;BRASPINE;RINCAO DE BAIXO;;;;;136,39;19,14;76,76;9,18;33,17;29,83;99,54;215,20;0,00;1,03
2003.0;11.0;2003-11-01;BRASPINE;RIO BOMBA;PR;CERRO AZUL;65,03;37,72;150,53;19,69;79,66;10,39;34,83;31,11;99,95;182,97;0,00;5,83
2003.0;11.0;2003-11-01;BRASPINE;RIO DO MEIO;PR;DOUTOR ULYSSES;712,33;389,13;153,94;18,59;82,30;9,30;35,42;29,33;100,00;199,36;0,00;0,84
2003.0;11.0;2003-11-01;BRASPINE;RONDON;PR;JAGUARIAIVA;2899,24;1475,88;132,17;18,25;82,14;8,82;37,75;28,38;99,88;236,10;0,00;18,15
2003.0;11.0;2003-11-01;BRASPINE;SANTA FELICIDADE;;;;;143,20;19,91;81,16;10,66;31,71;31,60;99,98;173,28;0,00;1,57
2003.0;11.0;2003-11-01;BRASPINE;SANTA LIDIA DO CERCADINHO;;;;;140,10;18,78;77,06;8,89;33,52;29,26;99,54;211,00;0,00;0,44
2003.0;11.0;2003-11-01;BRASPINE;SANTO ANTONIO;;;;;136,83;18,28;82,07;9,00;36,15;28,77;100,00;240,10;0,00;7,45
2003.0;11.0;2003-11-01;BRASPINE;SAO JOSE;PR;JANDAIA DO SUL;37,56;37,56;134,08;22,40;70,63;12,54;25,03;34,07;99,85;40,87;0,00;5,46
2003.0;11.0;2003-11-01;BRASPINE;SAO MATHEUS;;;;;121,69;23,83;68,58;14,10;23,87;35,84;99,80;14,10;0,00;0,84
2003.0;11.0;2003-11-01;BRASPINE;SAO PEDRO E SAO PAULO;PR;SAPOPEMA;709,13;323,93;129,88;20,16;75,52;9,99;33,69;30,79;99,65;141,53;0,00;0,96
2003.0;11.0;2003-11-01;BRASPINE;SAO RAFAEL;;;;;124,34;18,36;79,35;8,64;39,76;29,31;99,64;238,86;0,00;12,21
2003.0;11.0;2003-11-01;BRASPINE;SAO RAFAEL - PB;;;;;133,51;18,68;83,26;9,71;36,15;29,88;100,00;205,88;0,00;0,08
2003.0;11.0;2003-11-01;BRASPINE;SERRARIA;PR;DOUTOR ULYSSES;280,88;117,71;155,04;18,57;81,89;9,20;34,44;29,34;100,00;227,24;0,00;1,96
2003.0;11.0;2003-11-01;BRASPINE;SERRO VERDE;;;;;181,33;18,79;76,21;8,91;37,39;28,97;99,91;206,34;0,00;1,83
2003.0;11.0;2003-11-01;BRASPINE;SERTAOZINHO;PR;DOUTOR ULYSSES;16,25;16,25;144,94;18,59;82,30;9,30;35,42;29,33;100,00;199,36;0,00;0,84
2003.0;11.0;2003-11-01;BRASPINE;SITIO BASILIO;PR;JAGUARIAIVA;8,08;8,08;131,94;18,26;81,21;8,53;38,59;28,37;99,65;232,32;0,00;0,66
2003.0;11.0;2003-11-01;BRASPINE;SITIO DAS MARRECAS;PR;DOUTOR ULYSSES;77,49;35,17;159,89;19,31;81,54;10,02;33,06;30,55;100,00;194,01;0,00;0,18
2003.0;11.0;2003-11-01;BRASPINE;SOBRADINHO;SP;BOM SUCESSO DE ITARARE;285,80;123,10;132,38;18,20;82,86;9,11;35,88;28,86;100,00;255,98;0,00;2,49
2003.0;11.0;2003-11-01;BRASPINE;TAQUARAL;PR;JAGUARIAIVA;519,13;31,07;135,78;18,41;81,89;8,77;38,41;28,64;99,97;206,88;0,00;2,41
2003.0;11.0;2003-11-01;BRASPINE;TUCUNDUVA;PR;SENGES;82,21;60,89;126,25;19,03;78,96;9,51;37,41;29,24;99,55;218,37;0,00;14,25
2003.0;11.0;2003-11-01;BRASPINE;TUCUNDUVA - CHAMMA;;;;;127,95;19,03;79,33;9,62;36,73;29,27;99,56;205,60;0,00;12,75
2003.0;11.0;2003-11-01;BRASPINE;VIENA 1;PR;DOUTOR ULYSSES;263,98;178,34;149,68;18,18;82,14;8,62;37,34;28,57;100,00;233,56;0,00;3,32
2003.0;11.0;2003-11-01;BRASPINE;VIENA 2;PR;CERRO AZUL;140,23;96,54;150,12;19,69;79,66;10,39;34,83;31,11;99,95;182,97;0,00;5,83
2003.0;11.0;2003-11-01;BRASPINE;VITORIA;PR;SENGES;50,54;35,69;137,02;18,22;82,08;8,91;36,41;28,44;99,86;238,38;0,00;11,73
2003.0;11.0;2003-11-01;BRASPINE;VIVEIRO;PR;DOUTOR ULYSSES;405,39;261,22;156,31;18,59;82,30;9,30;35,42;29,33;100,00;199,36;0,00;0,84
2003.0;11.0;2003-11-01;BRASPINE;VO LINO;PR;DOUTOR ULYSSES;164,50;97,89;159,11;18,82;81,84;9,54;33,89;29,76;100,00;201,75;0,00;0,19
2003.0;11.0;2003-11-01;BRASPINE;XAXIM VELHO;;;;;182,60;17,93;78,75;8,40;39,23;28,49;100,00;237,56;0,00;2,57
2003.0;12.0;2003-12-01;BRASPINE;AGUA DOCE;PR;JAGUARIAIVA;238,97;121,99;184,44;20,12;84,49;11,86;36,40;27,97;99,88;108,16;0,00;5,51
2003.0;12.0;2003-12-01;BRASPINE;AMATA;;;;;186,56;21,70;82,95;13,91;29,32;31,61;100,00;28,61;0,00;1,30
2003.0;12.0;2003-12-01;BRASPINE;ANTA BRAVA;;;;;198,86;22,90;81,63;15,43;50,67;32,17;99,49;0,00;0,00;18,94
2003.0;12.0;2003-12-01;BRASPINE;ARAPONGAS;PR;SENGES;423,34;263,70;175,64;20,25;85,83;12,68;34,39;29,74;100,00;111,33;0,00;11,23
2003.0;12.0;2003-12-01;BRASPINE;ARROIO CLARO;PR;DOUTOR ULYSSES;275,14;92,00;173,87;20,44;85,59;13,15;31,86;30,25;100,00;98,42;0,00;3,36
2003.0;12.0;2003-12-01;BRASPINE;BARRA GRANDE;PR;DOUTOR ULYSSES;493,79;139,68;164,62;20,70;85,91;13,07;35,48;30,57;100,00;99,13;0,00;7,36
2003.0;12.0;2003-12-01;BRASPINE;BARRA GRANDE - BEMAIS;PR;GUARAPUAVA;299,16;108,61;195,54;19,76;83,42;11,40;33,51;27,40;99,99;107,98;0,00;0,69
2003.0;12.0;2003-12-01;BRASPINE;BARRETOS;PR;JAGUARIAIVA;43,35;32,98;186,87;20,15;85,50;12,02;32,89;28,94;99,99;108,66;0,00;5,05
2003.0;12.0;2003-12-01;BRASPINE;BAU;;;;;248,28;19,69;83,88;11,91;39,64;26,55;99,91;150,92;0,00;3,50
2003.0;12.0;2003-12-01;BRASPINE;BOA VISTA II;PR;PIRAI DO SUL;944,00;535,05;195,24;20,13;84,92;11,72;33,28;28,34;99,99;121,89;0,00;8,05
2003.0;12.0;2003-12-01;BRASPINE;BRASILEIRA;;;;;166,02;20,25;85,83;12,68;34,39;29,74;100,00;111,33;0,00;11,23
2003.0;12.0;2003-12-01;BRASPINE;BURACAO;;;;;174,62;20,14;83,92;12,54;30,22;28,87;99,91;95,32;0,00;1,54
2003.0;12.0;2003-12-01;BRASPINE;BURRINHO;PR;DOUTOR ULYSSES;211,01;100,37;173,33;20,44;85,59;13,15;31,86;30,25;100,00;98,42;0,00;3,36
2003.0;12.0;2003-12-01;BRASPINE;CADEADO I;PR;JAGUARIAIVA;21,07;12,29;181,50;20,06;85,56;12,31;33,12;29,22;100,00;109,24;0,00;1,52
2003.0;12.0;2003-12-01;BRASPINE;CADEADO II;PR;JAGUARIAIVA;21,88;16,79;181,50;20,06;85,56;12,31;33,12;29,22;100,00;109,24;0,00;1,52
2003.0;12.0;2003-12-01;BRASPINE;CAMPINA ALTA;PR;TIBAGI;29,77;18,24;240,75;21,15;82,59;11,85;33,10;28,88;99,95;54,41;0,00;4,59
2003.0;12.0;2003-12-01;BRASPINE;CAMPINA DO ELIAS;PR;JAGUARIAIVA;29,17;14,65;190,42;20,12;85,52;12,12;32,98;29,04;99,99;108,87;0,00;3,84
2003.0;12.0;2003-12-01;BRASPINE;CAMPO NOVO;PR;JAGUARIAIVA;295,98;156,36;179,34;20,06;85,56;12,31;33,12;29,22;100,00;109,24;0,00;1,52
2003.0;12.0;2003-12-01;BRASPINE;CONSULTORIA II A;PR;DOUTOR ULYSSES;89,62;60,79;170,83;20,25;85,83;12,68;34,39;29,74;100,00;111,33;0,00;11,23
2003.0;12.0;2003-12-01;BRASPINE;DINIZ;;;;;173,04;20,25;85,83;12,68;34,39;29,74;100,00;111,33;0,00;11,23
2003.0;12.0;2003-12-01;BRASPINE;ENES;PR;JAGUARIAIVA;5,93;5,69;180,05;20,06;85,56;12,31;33,12;29,22;100,00;109,24;0,00;1,52
2003.0;12.0;2003-12-01;BRASPINE;ENGENHARIA;;;;;173,04;20,25;85,83;12,68;34,39;29,74;100,00;111,33;0,00;11,23
2003.0;12.0;2003-12-01;BRASPINE;ESTACAO;PR;SENGES;4,76;4,14;181,29;20,06;85,56;12,31;33,12;29,22;100,00;109,24;0,00;1,52
2003.0;12.0;2003-12-01;BRASPINE;FAXINAL;PR;JAGUARIAIVA;20,65;20,65;180,05;20,06;85,56;12,31;33,12;29,22;100,00;109,24;0,00;1,52
2003.0;12.0;2003-12-01;BRASPINE;FEITAL;PR;DOUTOR ULYSSES;154,17;86,53;161,13;20,40;85,86;12,81;34,75;30,01;100,00;112,28;0,00;9,91
2003.0;12.0;2003-12-01;BRASPINE;FIGUEIRA;PR;DOUTOR ULYSSES;1053,81;315,71;165,20;20,44;85,59;13,15;31,86;30,25;100,00;98,42;0,00;3,36
2003.0;12.0;2003-12-01;BRASPINE;FIGUEIRINHA;PR;DOUTOR ULYSSES;94,37;56,74;162,60;20,44;85,59;13,15;31,86;30,25;100,00;98,42;0,00;3,36
2003.0;12.0;2003-12-01;BRASPINE;FLOEMA;PR;DOUTOR ULYSSES;2189,88;701,43;186,48;19,99;85,49;12,63;31,28;29,37;100,00;110,11;0,00;6,07
2003.0;12.0;2003-12-01;BRASPINE;FLOEMA I - SUDATI;;;;;183,23;20,25;85,83;12,68;34,39;29,74;100,00;111,33;0,00;11,23
2003.0;12.0;2003-12-01;BRASPINE;FLOEMA II - SUDATI;PR;DOUTOR ULYSSES;453,83;211,13;174,03;20,25;85,83;12,68;34,39;29,74;100,00;111,33;0,00;11,23
2003.0;12.0;2003-12-01;BRASPINE;FLOR DA SERRA;PR;SAO JOSE DA BOA VISTA;209,10;128,72;159,57;22,17;80,07;14,42;43,62;30,76;99,54;29,02;0,00;2,22
2003.0;12.0;2003-12-01;BRASPINE;GENTIL;PR;JAGUARIAIVA;126,77;53,33;189,36;19,89;84,51;11,71;36,29;27,73;99,82;121,87;0,00;9,10
2003.0;12.0;2003-12-01;BRASPINE;GUAIRACA;PR;GUARAPUAVA;623,62;169,31;202,55;19,96;82,68;10,86;32,66;27,86;100,00;107,98;0,00;0,52
2003.0;12.0;2003-12-01;BRASPINE;HERVAL 2 - MADALOSSO;;;;;185,70;20,14;83,92;12,54;30,22;28,87;99,91;95,32;0,00;1,54
2003.0;12.0;2003-12-01;BRASPINE;HERVAL DE BAIXO;PR;RESERVA;827,29;475,92;207,95;21,16;82,63;11,84;33,03;28,77;99,93;54,67;0,00;0,93
2003.0;12.0;2003-12-01;BRASPINE;HORTO 01;PR;TURVO;19,12;19,12;197,35;20,39;84,05;11,27;38,16;27,68;99,90;95,26;0,00;2,92
2003.0;12.0;2003-12-01;BRASPINE;HORTO 02;PR;TURVO;4,24;4,24;199,07;20,39;84,05;11,27;38,16;27,68;99,90;95,26;0,00;2,92
2003.0;12.0;2003-12-01;BRASPINE;HORTO 03;PR;PRUDENTOPOLIS;80,91;25,89;190,68;20,92;82,70;12,15;35,65;28,56;99,88;69,34;0,00;1,28
2003.0;12.0;2003-12-01;BRASPINE;HORTO 08;PR;TURVO;9,53;9,53;187,34;20,92;82,70;12,15;35,65;28,56;99,88;69,34;0,00;1,28
2003.0;12.0;2003-12-01;BRASPINE;HORTO 12;PR;PRUDENTOPOLIS;12,20;12,20;187,97;20,92;82,70;12,15;35,65;28,56;99,88;69,34;0,00;1,28
2003.0;12.0;2003-12-01;BRASPINE;IZAU;PR;PIRAI DO SUL;19,37;11,60;192,70;19,85;84,95;11,51;34,03;27,59;99,77;120,56;0,00;10,62
2003.0;12.0;2003-12-01;BRASPINE;JOAO RICO;PR;JAGUARIAIVA;47,46;26,18;186,98;20,12;84,49;11,86;36,40;27,97;99,88;108,16;0,00;5,51
2003.0;12.0;2003-12-01;BRASPINE;LAGOA;PR;JAGUARIAIVA;24,10;10,78;182,40;20,06;85,56;12,31;33,12;29,22;100,00;109,24;0,00;1,52
2003.0;12.0;2003-12-01;BRASPINE;MARACANA;PR;JANDAIA DO SUL;11,45;11,45;183,91;22,92;81,25;15,25;44,47;29,99;99,99;0,00;0,00;2,75
2003.0;12.0;2003-12-01;BRASPINE;MARRECA;;;;;165,09;20,44;85,59;13,15;31,86;30,25;100,00;98,42;0,00;3,36
2003.0;12.0;2003-12-01;BRASPINE;MARRECA SP;SP;ITAPIRAPUA PAULISTA;675,30;236,19;161,39;21,08;85,41;13,60;32,71;31,35;100,00;56,20;0,00;0,56
2003.0;12.0;2003-12-01;BRASPINE;MARRECAS;;;;;217,85;19,25;83,98;10,43;33,51;26,74;100,00;132,02;0,00;4,42
2003.0;12.0;2003-12-01;BRASPINE;MERCADINHO;;;;;169,59;20,98;84,37;13,31;30,21;30,91;100,00;41,54;0,00;1,69
2003.0;12.0;2003-12-01;BRASPINE;MONTE ALEGRE;;;;;195,19;23,44;80,10;15,67;42,93;30,70;99,99;0,00;0,00;0,41
2003.0;12.0;2003-12-01;BRASPINE;MONTE TABOR II;;;;;189,46;20,47;87,22;14,00;43,32;30,87;100,00;87,17;0,00;3,56
2003.0;12.0;2003-12-01;BRASPINE;MOREIRA;PR;DOUTOR ULYSSES;230,52;68,68;174,03;20,25;85,83;12,68;34,39;29,74;100,00;111,33;0,00;11,23
2003.0;12.0;2003-12-01;BRASPINE;MOREIRAS II;PR;DOUTOR ULYSSES;66,76;28,75;170,37;20,25;85,83;12,68;34,39;29,74;100,00;111,33;0,00;11,23
2003.0;12.0;2003-12-01;BRASPINE;MORRETES;PR;ORTIGUEIRA;20,36;20,36;226,66;21,66;82,15;12,31;31,88;29,46;99,87;26,04;0,00;1,65
2003.0;12.0;2003-12-01;BRASPINE;MORRO AZUL;;;;;165,17;20,45;86,27;12,74;40,01;30,06;100,00;97,87;0,00;8,56
2003.0;12.0;2003-12-01;BRASPINE;OURO FINO;SP;APIAI;51,70;51,70;182,80;20,22;87,43;13,04;43,77;29,96;100,00;114,10;0,00;17,46
2003.0;12.0;2003-12-01;BRASPINE;PALMEIRINHA DE BAIXO - SOSSEGO;PR;SENGES;85,93;9,22;173,15;19,95;85,09;12,15;40,48;28,57;99,86;110,44;0,00;3,31
2003.0;12.0;2003-12-01;BRASPINE;PAZIN;PR;DOUTOR ULYSSES;41,20;23,90;158,98;20,44;85,59;13,15;31,86;30,25;100,00;98,42;0,00;3,36
2003.0;12.0;2003-12-01;BRASPINE;PEDRAS;PR;CASTRO;7,18;7,18;204,19;19,89;84,99;11,45;34,71;27,66;99,86;104,87;0,00;14,58
2003.0;12.0;2003-12-01;BRASPINE;PESCARIA;PR;SAO JOSE DA BOA VISTA;184,57;129,22;165,98;22,26;79,70;14,49;41,86;30,91;99,68;29,33;0,00;20,81
2003.0;12.0;2003-12-01;BRASPINE;PESSEGUEIRO;PR;DOUTOR ULYSSES;109,95;64,79;176,01;20,25;85,83;12,68;34,39;29,74;100,00;111,33;0,00;11,23
2003.0;12.0;2003-12-01;BRASPINE;PITANGA;;;;;252,28;20,37;83,53;12,69;38,09;27,16;99,81;126,53;0,00;4,30
2003.0;12.0;2003-12-01;BRASPINE;QUEIMADINHO ARROIO CLARO;PR;DOUTOR ULYSSES;48,13;19,09;166,02;20,25;85,83;12,68;34,39;29,74;100,00;111,33;0,00;11,23
2003.0;12.0;2003-12-01;BRASPINE;QUEIMADINHO M6042;PR;DOUTOR ULYSSES;48,38;18,50;166,02;20,25;85,83;12,68;34,39;29,74;100,00;111,33;0,00;11,23
2003.0;12.0;2003-12-01;BRASPINE;QUEIMADINHO USUCAPIAO;PR;DOUTOR ULYSSES;200,27;92,43;166,02;20,25;85,83;12,68;34,39;29,74;100,00;111,33;0,00;11,23
2003.0;12.0;2003-12-01;BRASPINE;RAMOS;PR;SENGES;69,83;38,15;183,23;20,06;85,56;12,31;33,12;29,22;100,00;109,24;0,00;1,52
2003.0;12.0;2003-12-01;BRASPINE;RIBEIRAO GRANDE;PR;JAGUARIAIVA;20,77;20,77;190,53;19,85;84,95;11,51;34,03;27,59;99,77;120,56;0,00;10,62
2003.0;12.0;2003-12-01;BRASPINE;RINCAO DE BAIXO;;;;;245,11;20,56;81,81;11,90;32,25;28,38;99,76;67,21;0,00;5,25
2003.0;12.0;2003-12-01;BRASPINE;RIO BOMBA;PR;CERRO AZUL;65,03;37,72;196,23;21,28;83,41;12,90;29,40;31,02;100,00;41,94;0,00;2,04
2003.0;12.0;2003-12-01;BRASPINE;RIO DO MEIO;PR;DOUTOR ULYSSES;712,33;389,13;169,24;20,25;85,83;12,68;34,39;29,74;100,00;111,33;0,00;11,23
2003.0;12.0;2003-12-01;BRASPINE;RONDON;PR;JAGUARIAIVA;2899,24;1475,88;164,97;19,98;85,11;12,09;37,70;28,59;99,88;109,20;0,00;5,21
2003.0;12.0;2003-12-01;BRASPINE;SANTA FELICIDADE;;;;;168,67;21,48;85,19;13,34;33,24;32,01;100,00;41,98;0,00;6,22
2003.0;12.0;2003-12-01;BRASPINE;SANTA LIDIA DO CERCADINHO;;;;;224,68;20,24;81,97;11,84;32,64;27,99;99,79;80,94;0,00;4,40
2003.0;12.0;2003-12-01;BRASPINE;SANTO ANTONIO;;;;;172,01;19,99;85,27;12,20;41,62;28,84;100,00;110,57;0,00;1,75
2003.0;12.0;2003-12-01;BRASPINE;SAO JOSE;PR;JANDAIA DO SUL;37,56;37,56;193,76;23,28;80,36;15,57;43,35;30,48;100,00;0,00;0,00;1,00
2003.0;12.0;2003-12-01;BRASPINE;SAO MATHEUS;;;;;196,69;24,52;79,16;15,87;38,82;32,23;99,92;0,00;0,00;1,38
2003.0;12.0;2003-12-01;BRASPINE;SAO PEDRO E SAO PAULO;PR;SAPOPEMA;709,13;323,93;165,02;21,58;81,57;14,19;41,54;29,31;99,64;28,62;0,00;1,08
2003.0;12.0;2003-12-01;BRASPINE;SAO RAFAEL;;;;;235,47;20,01;82,93;11,98;34,80;28,70;99,46;108,45;0,00;3,55
2003.0;12.0;2003-12-01;BRASPINE;SAO RAFAEL - PB;;;;;166,89;20,33;87,10;12,98;42,33;30,09;100,00;99,33;0,00;0,58
2003.0;12.0;2003-12-01;BRASPINE;SERRARIA;PR;DOUTOR ULYSSES;280,88;117,71;177,24;20,21;85,54;12,89;31,57;29,81;100,00;111,83;0,00;4,74
2003.0;12.0;2003-12-01;BRASPINE;SERRO VERDE;;;;;274,10;20,04;82,69;12,36;39,12;26,95;99,91;152,66;0,00;0,55
2003.0;12.0;2003-12-01;BRASPINE;SERTAOZINHO;PR;DOUTOR ULYSSES;16,25;16,25;171,84;20,25;85,83;12,68;34,39;29,74;100,00;111,33;0,00;11,23
2003.0;12.0;2003-12-01;BRASPINE;SITIO BASILIO;PR;JAGUARIAIVA;8,08;8,08;184,65;19,96;84,36;11,82;37,03;27,83;99,85;107,67;0,00;54,50
2003.0;12.0;2003-12-01;BRASPINE;SITIO DAS MARRECAS;PR;DOUTOR ULYSSES;77,49;35,17;160,20;20,90;85,46;13,50;32,47;31,03;100,00;70,67;0,00;1,37
2003.0;12.0;2003-12-01;BRASPINE;SOBRADINHO;SP;BOM SUCESSO DE ITARARE;285,80;123,10;171,78;19,92;86,19;12,29;44,11;28,96;100,00;110,84;0,00;5,95
2003.0;12.0;2003-12-01;BRASPINE;TAQUARAL;PR;JAGUARIAIVA;519,13;31,07;174,23;20,12;84,92;11,96;36,93;28,40;99,94;108,63;0,00;1,67
2003.0;12.0;2003-12-01;BRASPINE;TUCUNDUVA;PR;SENGES;82,21;60,89;170,01;20,74;82,19;12,94;40,24;28,84;99,58;84,43;0,00;2,38
2003.0;12.0;2003-12-01;BRASPINE;TUCUNDUVA - CHAMMA;;;;;180,62;20,74;82,48;12,98;40,58;29,03;99,51;85,30;0,00;7,59
2003.0;12.0;2003-12-01;BRASPINE;VIENA 1;PR;DOUTOR ULYSSES;263,98;178,34;195,10;19,86;85,47;12,16;31,95;28,62;100,00;123,04;0,00;8,60
2003.0;12.0;2003-12-01;BRASPINE;VIENA 2;PR;CERRO AZUL;140,23;96,54;196,34;21,28;83,41;12,90;29,40;31,02;100,00;41,94;0,00;2,04
2003.0;12.0;2003-12-01;BRASPINE;VITORIA;PR;SENGES;50,54;35,69;173,15;19,95;85,09;12,15;40,48;28,57;99,86;110,44;0,00;3,31
2003.0;12.0;2003-12-01;BRASPINE;VIVEIRO;PR;DOUTOR ULYSSES;405,39;261,22;170,37;20,25;85,83;12,68;34,39;29,74;100,00;111,33;0,00;11,23
2003.0;12.0;2003-12-01;BRASPINE;VO LINO;PR;DOUTOR ULYSSES;164,50;97,89;168,50;20,44;85,59;13,15;31,86;30,25;100,00;98,42;0,00;3,36
2003.0;12.0;2003-12-01;BRASPINE;XAXIM VELHO;;;;;209,10;19,41;83,68;10,55;34,86;27,10;100,00;118,39;0,00;1,47
