ANO;MES;DATA;EMPRESA;FAZENDA;UF;MUNICIPIO;AREA_T;AREA_PRODU;PRECIP_CHIRPS_MM;TEMP_MEDIA_C;UMID_MEDIA_PCT;TEMP_MIN_C;UMID_MIN_PCT;TEMP_MAX_C;UMID_MAX_PCT;NOITES_FRIAS_Eucalipto_<15C;NOITES_FRIAS_Pinus_<5C;DIRECAO_VENTO_GRAUS
2011.0;1.0;2011-01-01;BRASPINE;AGUA DOCE;PR;JAGUARIAIVA;238,97;121,99;275,01;21,29;87,53;15,73;47,80;28,01;99,84;0,00;0,00;6,29
2011.0;1.0;2011-01-01;BRASPINE;AMATA;;;;;286,02;22,91;87,90;17,51;52,62;30,20;100,00;0,00;0,00;10,76
2011.0;1.0;2011-01-01;BRASPINE;ANTA BRAVA;;;;;331,52;23,78;84,46;18,11;48,68;30,54;99,67;0,00;0,00;8,21
2011.0;1.0;2011-01-01;BRASPINE;ARAPONGAS;PR;SENGES;423,34;263,70;283,94;21,43;89,14;16,10;53,12;29,28;100,00;0,00;0,00;11,49
2011.0;1.0;2011-01-01;BRASPINE;ARROIO CLARO;PR;DOUTOR ULYSSES;275,14;92,00;286,14;21,63;89,19;16,32;52,97;29,63;100,00;0,00;0,00;1,32
2011.0;1.0;2011-01-01;BRASPINE;BARRA GRANDE;PR;DOUTOR ULYSSES;493,79;139,68;287,73;21,95;89,31;16,64;53,44;29,79;100,00;0,00;0,00;4,52
2011.0;1.0;2011-01-01;BRASPINE;BARRA GRANDE - BEMAIS;PR;GUARAPUAVA;299,16;108,61;351,60;20,70;87,43;14,54;43,00;29,62;99,99;14,54;0,00;3,39
2011.0;1.0;2011-01-01;BRASPINE;BARRETOS;PR;JAGUARIAIVA;43,35;32,98;294,62;21,41;88,51;15,80;50,97;28,88;100,00;0,00;0,00;2,25
2011.0;1.0;2011-01-01;BRASPINE;BAU;;;;;240,92;20,65;87,22;14,32;49,53;26,80;99,96;14,32;0,00;7,00
2011.0;1.0;2011-01-01;BRASPINE;BOA VISTA II;PR;PIRAI DO SUL;944,00;535,05;285,98;21,44;87,75;15,65;49,60;28,37;100,00;0,00;0,00;36,22
2011.0;1.0;2011-01-01;BRASPINE;BRASILEIRA;;;;;286,64;21,43;89,14;16,10;53,12;29,28;100,00;0,00;0,00;11,49
2011.0;1.0;2011-01-01;BRASPINE;BURACAO;;;;;312,58;21,50;86,71;15,84;50,66;28,08;99,87;0,00;0,00;9,03
2011.0;1.0;2011-01-01;BRASPINE;BURRINHO;PR;DOUTOR ULYSSES;211,01;100,37;285,85;21,63;89,19;16,32;52,97;29,63;100,00;0,00;0,00;1,32
2011.0;1.0;2011-01-01;BRASPINE;CADEADO I;PR;JAGUARIAIVA;21,07;12,29;281,37;21,25;88,75;15,79;51,99;29,04;100,00;0,00;0,00;17,78
2011.0;1.0;2011-01-01;BRASPINE;CADEADO II;PR;JAGUARIAIVA;21,88;16,79;281,37;21,25;88,75;15,79;51,99;29,04;100,00;0,00;0,00;17,78
2011.0;1.0;2011-01-01;BRASPINE;CAMPINA ALTA;PR;TIBAGI;29,77;18,24;191,34;21,92;87,59;15,90;50,44;28,66;99,89;0,00;0,00;4,71
2011.0;1.0;2011-01-01;BRASPINE;CAMPINA DO ELIAS;PR;JAGUARIAIVA;29,17;14,65;273,89;21,35;88,60;15,80;51,35;28,94;100,00;0,00;0,00;0,65
2011.0;1.0;2011-01-01;BRASPINE;CAMPO NOVO;PR;JAGUARIAIVA;295,98;156,36;297,10;21,25;88,75;15,79;51,99;29,04;100,00;0,00;0,00;17,78
2011.0;1.0;2011-01-01;BRASPINE;CONSULTORIA II A;PR;DOUTOR ULYSSES;89,62;60,79;289,05;21,43;89,14;16,10;53,12;29,28;100,00;0,00;0,00;11,49
2011.0;1.0;2011-01-01;BRASPINE;DINIZ;;;;;302,56;21,43;89,14;16,10;53,12;29,28;100,00;0,00;0,00;11,49
2011.0;1.0;2011-01-01;BRASPINE;ENES;PR;JAGUARIAIVA;5,93;5,69;299,13;21,25;88,75;15,79;51,99;29,04;100,00;0,00;0,00;17,78
2011.0;1.0;2011-01-01;BRASPINE;ENGENHARIA;;;;;302,56;21,43;89,14;16,10;53,12;29,28;100,00;0,00;0,00;11,49
2011.0;1.0;2011-01-01;BRASPINE;ESTACAO;PR;SENGES;4,76;4,14;288,81;21,25;88,75;15,79;51,99;29,04;100,00;0,00;0,00;17,78
2011.0;1.0;2011-01-01;BRASPINE;FAXINAL;PR;JAGUARIAIVA;20,65;20,65;299,13;21,25;88,75;15,79;51,99;29,04;100,00;0,00;0,00;17,78
2011.0;1.0;2011-01-01;BRASPINE;FEITAL;PR;DOUTOR ULYSSES;154,17;86,53;279,39;21,60;89,20;16,28;53,55;29,45;100,00;0,00;0,00;9,22
2011.0;1.0;2011-01-01;BRASPINE;FIGUEIRA;PR;DOUTOR ULYSSES;1053,81;315,71;278,44;21,63;89,19;16,32;52,97;29,63;100,00;0,00;0,00;1,32
2011.0;1.0;2011-01-01;BRASPINE;FIGUEIRINHA;PR;DOUTOR ULYSSES;94,37;56,74;283,46;21,63;89,19;16,32;52,97;29,63;100,00;0,00;0,00;1,32
2011.0;1.0;2011-01-01;BRASPINE;FLOEMA;PR;DOUTOR ULYSSES;2189,88;701,43;304,43;21,13;88,90;15,76;52,61;29,06;100,00;0,00;0,00;4,61
2011.0;1.0;2011-01-01;BRASPINE;FLOEMA I - SUDATI;;;;;285,66;21,43;89,14;16,10;53,12;29,28;100,00;0,00;0,00;11,49
2011.0;1.0;2011-01-01;BRASPINE;FLOEMA II - SUDATI;PR;DOUTOR ULYSSES;453,83;211,13;290,18;21,43;89,14;16,10;53,12;29,28;100,00;0,00;0,00;11,49
2011.0;1.0;2011-01-01;BRASPINE;FLOR DA SERRA;PR;SAO JOSE DA BOA VISTA;209,10;128,72;238,26;22,95;84,15;17,81;44,22;29,74;99,55;0,00;0,00;2,34
2011.0;1.0;2011-01-01;BRASPINE;GENTIL;PR;JAGUARIAIVA;126,77;53,33;286,34;21,02;87,40;15,42;47,63;27,40;99,67;0,00;0,00;1,66
2011.0;1.0;2011-01-01;BRASPINE;GUAIRACA;PR;GUARAPUAVA;623,62;169,31;356,37;20,89;87,23;14,45;42,91;28,93;100,00;14,45;0,00;2,39
2011.0;1.0;2011-01-01;BRASPINE;HERVAL 2 - MADALOSSO;;;;;301,21;21,50;86,71;15,84;50,66;28,08;99,87;0,00;0,00;9,03
2011.0;1.0;2011-01-01;BRASPINE;HERVAL DE BAIXO;PR;RESERVA;827,29;475,92;189,62;21,95;87,61;15,90;49,65;28,65;99,85;0,00;0,00;0,12
2011.0;1.0;2011-01-01;BRASPINE;HORTO 01;PR;TURVO;19,12;19,12;265,81;21,38;87,85;14,35;48,21;27,78;99,88;14,35;0,00;9,65
2011.0;1.0;2011-01-01;BRASPINE;HORTO 02;PR;TURVO;4,24;4,24;268,45;21,38;87,85;14,35;48,21;27,78;99,88;14,35;0,00;9,65
2011.0;1.0;2011-01-01;BRASPINE;HORTO 03;PR;PRUDENTOPOLIS;80,91;25,89;256,86;21,89;87,02;14,64;45,19;28,66;99,97;14,64;0,00;4,52
2011.0;1.0;2011-01-01;BRASPINE;HORTO 08;PR;TURVO;9,53;9,53;277,66;21,89;87,02;14,64;45,19;28,66;99,97;14,64;0,00;4,52
2011.0;1.0;2011-01-01;BRASPINE;HORTO 12;PR;PRUDENTOPOLIS;12,20;12,20;254,14;21,89;87,02;14,64;45,19;28,66;99,97;14,64;0,00;4,52
2011.0;1.0;2011-01-01;BRASPINE;IZAU;PR;PIRAI DO SUL;19,37;11,60;279,22;21,08;87,55;15,31;47,92;27,49;99,69;0,00;0,00;1,87
2011.0;1.0;2011-01-01;BRASPINE;JOAO RICO;PR;JAGUARIAIVA;47,46;26,18;284,63;21,29;87,53;15,73;47,80;28,01;99,84;0,00;0,00;6,29
2011.0;1.0;2011-01-01;BRASPINE;LAGOA;PR;JAGUARIAIVA;24,10;10,78;279,86;21,25;88,75;15,79;51,99;29,04;100,00;0,00;0,00;17,78
2011.0;1.0;2011-01-01;BRASPINE;MARACANA;PR;JANDAIA DO SUL;11,45;11,45;197,01;23,16;86,66;18,54;46,32;29,56;100,00;0,00;0,00;5,29
2011.0;1.0;2011-01-01;BRASPINE;MARRECA;;;;;281,70;21,63;89,19;16,32;52,97;29,63;100,00;0,00;0,00;1,32
2011.0;1.0;2011-01-01;BRASPINE;MARRECA SP;SP;ITAPIRAPUA PAULISTA;675,30;236,19;284,23;22,35;89,26;17,06;53,05;30,36;100,00;0,00;0,00;5,86
2011.0;1.0;2011-01-01;BRASPINE;MARRECAS;;;;;360,56;20,19;87,73;13,96;43,30;28,69;100,00;13,96;0,00;11,41
2011.0;1.0;2011-01-01;BRASPINE;MERCADINHO;;;;;283,41;22,20;88,56;16,92;53,05;29,92;100,00;0,00;0,00;0,88
2011.0;1.0;2011-01-01;BRASPINE;MONTE ALEGRE;;;;;181,01;23,69;85,36;19,02;46,06;30,00;99,80;0,00;0,00;2,22
2011.0;1.0;2011-01-01;BRASPINE;MONTE TABOR II;;;;;282,80;21,82;89,40;16,75;52,64;29,49;100,00;0,00;0,00;328,11
2011.0;1.0;2011-01-01;BRASPINE;MOREIRA;PR;DOUTOR ULYSSES;230,52;68,68;290,18;21,43;89,14;16,10;53,12;29,28;100,00;0,00;0,00;11,49
2011.0;1.0;2011-01-01;BRASPINE;MOREIRAS II;PR;DOUTOR ULYSSES;66,76;28,75;288,85;21,43;89,14;16,10;53,12;29,28;100,00;0,00;0,00;11,49
2011.0;1.0;2011-01-01;BRASPINE;MORRETES;PR;ORTIGUEIRA;20,36;20,36;193,47;22,41;87,51;16,05;50,31;29,14;99,92;0,00;0,00;5,54
2011.0;1.0;2011-01-01;BRASPINE;MORRO AZUL;;;;;301,74;21,71;89,21;16,43;51,08;29,23;100,00;0,00;0,00;2,81
2011.0;1.0;2011-01-01;BRASPINE;OURO FINO;SP;APIAI;51,70;51,70;294,64;21,56;89,63;16,34;52,11;29,09;100,00;0,00;0,00;3,02
2011.0;1.0;2011-01-01;BRASPINE;PALMEIRINHA DE BAIXO - SOSSEGO;PR;SENGES;85,93;9,22;278,92;21,03;88,07;15,80;45,65;28,19;99,86;0,00;0,00;11,32
2011.0;1.0;2011-01-01;BRASPINE;PAZIN;PR;DOUTOR ULYSSES;41,20;23,90;277,54;21,63;89,19;16,32;52,97;29,63;100,00;0,00;0,00;1,32
2011.0;1.0;2011-01-01;BRASPINE;PEDRAS;PR;CASTRO;7,18;7,18;290,87;21,22;87,62;15,28;50,96;27,40;99,68;0,00;0,00;8,32
2011.0;1.0;2011-01-01;BRASPINE;PESCARIA;PR;SAO JOSE DA BOA VISTA;184,57;129,22;263,77;23,08;83,85;18,03;42,73;29,98;99,54;0,00;0,00;2,99
2011.0;1.0;2011-01-01;BRASPINE;PESSEGUEIRO;PR;DOUTOR ULYSSES;109,95;64,79;296,92;21,43;89,14;16,10;53,12;29,28;100,00;0,00;0,00;11,49
2011.0;1.0;2011-01-01;BRASPINE;PITANGA;;;;;261,73;21,27;86,96;14,23;49,42;27,25;99,79;14,23;0,00;4,28
2011.0;1.0;2011-01-01;BRASPINE;QUEIMADINHO ARROIO CLARO;PR;DOUTOR ULYSSES;48,13;19,09;286,64;21,43;89,14;16,10;53,12;29,28;100,00;0,00;0,00;11,49
2011.0;1.0;2011-01-01;BRASPINE;QUEIMADINHO M6042;PR;DOUTOR ULYSSES;48,38;18,50;286,64;21,43;89,14;16,10;53,12;29,28;100,00;0,00;0,00;11,49
2011.0;1.0;2011-01-01;BRASPINE;QUEIMADINHO USUCAPIAO;PR;DOUTOR ULYSSES;200,27;92,43;286,64;21,43;89,14;16,10;53,12;29,28;100,00;0,00;0,00;11,49
2011.0;1.0;2011-01-01;BRASPINE;RAMOS;PR;SENGES;69,83;38,15;285,66;21,25;88,75;15,79;51,99;29,04;100,00;0,00;0,00;17,78
2011.0;1.0;2011-01-01;BRASPINE;RIBEIRAO GRANDE;PR;JAGUARIAIVA;20,77;20,77;266,87;21,08;87,55;15,31;47,92;27,49;99,69;0,00;0,00;1,87
2011.0;1.0;2011-01-01;BRASPINE;RINCAO DE BAIXO;;;;;252,02;21,46;85,92;15,63;49,45;27,62;99,82;0,00;0,00;2,97
2011.0;1.0;2011-01-01;BRASPINE;RIO BOMBA;PR;CERRO AZUL;65,03;37,72;288,71;22,52;87,64;17,14;51,64;29,87;100,00;0,00;0,00;11,85
2011.0;1.0;2011-01-01;BRASPINE;RIO DO MEIO;PR;DOUTOR ULYSSES;712,33;389,13;288,28;21,43;89,14;16,10;53,12;29,28;100,00;0,00;0,00;11,49
2011.0;1.0;2011-01-01;BRASPINE;RONDON;PR;JAGUARIAIVA;2899,24;1475,88;262,50;21,10;88,22;15,75;47,96;28,36;99,90;0,00;0,00;3,76
2011.0;1.0;2011-01-01;BRASPINE;SANTA FELICIDADE;;;;;295,77;22,79;89,04;17,50;52,85;30,77;100,00;0,00;0,00;4,17
2011.0;1.0;2011-01-01;BRASPINE;SANTA LIDIA DO CERCADINHO;;;;;236,81;21,14;85,94;15,38;49,24;27,23;99,73;0,00;0,00;1,90
2011.0;1.0;2011-01-01;BRASPINE;SANTO ANTONIO;;;;;284,13;21,12;88,16;15,89;45,80;28,42;100,00;0,00;0,00;1,53
2011.0;1.0;2011-01-01;BRASPINE;SAO JOSE;PR;JANDAIA DO SUL;37,56;37,56;182,58;23,52;85,65;18,89;46,14;29,84;99,89;0,00;0,00;3,02
2011.0;1.0;2011-01-01;BRASPINE;SAO MATHEUS;;;;;163,24;24,90;84,06;18,96;45,77;31,28;99,80;0,00;0,00;2,38
2011.0;1.0;2011-01-01;BRASPINE;SAO PEDRO E SAO PAULO;PR;SAPOPEMA;709,13;323,93;295,04;22,05;86,47;16,45;51,76;28,45;99,86;0,00;0,00;0,59
2011.0;1.0;2011-01-01;BRASPINE;SAO RAFAEL;;;;;266,93;21,52;85,85;15,98;53,66;27,84;99,78;0,00;0,00;3,13
2011.0;1.0;2011-01-01;BRASPINE;SAO RAFAEL - PB;;;;;303,51;21,65;89,50;16,41;52,05;29,20;100,00;0,00;0,00;117,44
2011.0;1.0;2011-01-01;BRASPINE;SERRARIA;PR;DOUTOR ULYSSES;280,88;117,71;303,68;21,38;89,04;16,04;52,87;29,35;100,00;0,00;0,00;3,02
2011.0;1.0;2011-01-01;BRASPINE;SERRO VERDE;;;;;237,95;20,94;86,24;13,55;49,45;27,29;99,95;13,55;0,00;11,15
2011.0;1.0;2011-01-01;BRASPINE;SERTAOZINHO;PR;DOUTOR ULYSSES;16,25;16,25;287,91;21,43;89,14;16,10;53,12;29,28;100,00;0,00;0,00;11,49
2011.0;1.0;2011-01-01;BRASPINE;SITIO BASILIO;PR;JAGUARIAIVA;8,08;8,08;273,82;21,07;87,39;15,54;47,58;27,54;99,68;0,00;0,00;9,31
2011.0;1.0;2011-01-01;BRASPINE;SITIO DAS MARRECAS;PR;DOUTOR ULYSSES;77,49;35,17;281,93;22,14;89,24;16,85;53,03;30,16;100,00;0,00;0,00;1,28
2011.0;1.0;2011-01-01;BRASPINE;SOBRADINHO;SP;BOM SUCESSO DE ITARARE;285,80;123,10;298,49;21,10;88,80;15,87;48,28;28,49;100,00;0,00;0,00;13,67
2011.0;1.0;2011-01-01;BRASPINE;TAQUARAL;PR;JAGUARIAIVA;519,13;31,07;270,33;21,31;88,05;15,80;48,61;28,37;100,00;0,00;0,00;10,76
2011.0;1.0;2011-01-01;BRASPINE;TUCUNDUVA;PR;SENGES;82,21;60,89;275,27;21,69;85,76;16,53;43,89;28,41;99,61;0,00;0,00;1,25
2011.0;1.0;2011-01-01;BRASPINE;TUCUNDUVA - CHAMMA;;;;;273,05;21,70;85,96;16,57;43,81;28,60;99,67;0,00;0,00;1,19
2011.0;1.0;2011-01-01;BRASPINE;VIENA 1;PR;DOUTOR ULYSSES;263,98;178,34;299,29;21,06;88,62;15,52;53,70;28,43;100,00;0,00;0,00;1,67
2011.0;1.0;2011-01-01;BRASPINE;VIENA 2;PR;CERRO AZUL;140,23;96,54;288,16;22,52;87,64;17,14;51,64;29,87;100,00;0,00;0,00;11,85
2011.0;1.0;2011-01-01;BRASPINE;VITORIA;PR;SENGES;50,54;35,69;278,92;21,03;88,07;15,80;45,65;28,19;99,86;0,00;0,00;11,32
2011.0;1.0;2011-01-01;BRASPINE;VIVEIRO;PR;DOUTOR ULYSSES;405,39;261,22;288,85;21,43;89,14;16,10;53,12;29,28;100,00;0,00;0,00;11,49
2011.0;1.0;2011-01-01;BRASPINE;VO LINO;PR;DOUTOR ULYSSES;164,50;97,89;283,22;21,63;89,19;16,32;52,97;29,63;100,00;0,00;0,00;1,32
2011.0;1.0;2011-01-01;BRASPINE;XAXIM VELHO;;;;;343,65;20,43;87,67;13,90;43,86;26,53;100,00;13,90;0,00;4,57
2011.0;2.0;2011-02-01;BRASPINE;AGUA DOCE;PR;JAGUARIAIVA;238,97;121,99;121,49;21,01;88,01;15,85;54,55;27,30;99,84;0,00;0,00;5,19
2011.0;2.0;2011-02-01;BRASPINE;AMATA;;;;;195,27;22,57;88,57;18,01;48,58;30,20;100,00;0,00;0,00;7,01
2011.0;2.0;2011-02-01;BRASPINE;ANTA BRAVA;;;;;109,13;23,85;84,21;18,61;53,79;30,55;98,45;0,00;0,00;0,19
2011.0;2.0;2011-02-01;BRASPINE;ARAPONGAS;PR;SENGES;423,34;263,70;144,65;21,14;89,59;15,95;47,65;28,33;100,00;0,00;0,00;2,66
2011.0;2.0;2011-02-01;BRASPINE;ARROIO CLARO;PR;DOUTOR ULYSSES;275,14;92,00;146,85;21,30;89,74;16,36;45,69;28,87;100,00;0,00;0,00;0,16
2011.0;2.0;2011-02-01;BRASPINE;BARRA GRANDE;PR;DOUTOR ULYSSES;493,79;139,68;134,20;21,63;89,86;16,33;46,20;29,26;100,00;0,00;0,00;1,06
2011.0;2.0;2011-02-01;BRASPINE;BARRA GRANDE - BEMAIS;PR;GUARAPUAVA;299,16;108,61;177,75;20,00;91,20;15,12;57,99;26,93;100,00;0,00;0,00;82,82
2011.0;2.0;2011-02-01;BRASPINE;BARRETOS;PR;JAGUARIAIVA;43,35;32,98;141,42;21,11;88,99;15,73;51,36;27,78;100,00;0,00;0,00;2,70
2011.0;2.0;2011-02-01;BRASPINE;BAU;;;;;186,95;19,98;91,53;15,05;62,94;26,43;99,93;0,00;0,00;0,44
2011.0;2.0;2011-02-01;BRASPINE;BOA VISTA II;PR;PIRAI DO SUL;944,00;535,05;147,42;21,12;88,40;15,70;53,38;27,61;99,99;0,00;0,00;1,97
2011.0;2.0;2011-02-01;BRASPINE;BRASILEIRA;;;;;131,30;21,14;89,59;15,95;47,65;28,33;100,00;0,00;0,00;2,66
2011.0;2.0;2011-02-01;BRASPINE;BURACAO;;;;;183,85;21,06;88,10;16,20;52,87;27,86;99,90;0,00;0,00;3,14
2011.0;2.0;2011-02-01;BRASPINE;BURRINHO;PR;DOUTOR ULYSSES;211,01;100,37;146,65;21,30;89,74;16,36;45,69;28,87;100,00;0,00;0,00;0,16
2011.0;2.0;2011-02-01;BRASPINE;CADEADO I;PR;JAGUARIAIVA;21,07;12,29;140,19;20,96;89,12;15,74;49,27;27,83;100,00;0,00;0,00;0,02
2011.0;2.0;2011-02-01;BRASPINE;CADEADO II;PR;JAGUARIAIVA;21,88;16,79;140,19;20,96;89,12;15,74;49,27;27,83;100,00;0,00;0,00;0,02
2011.0;2.0;2011-02-01;BRASPINE;CAMPINA ALTA;PR;TIBAGI;29,77;18,24;195,62;21,44;90,14;17,11;59,94;28,16;99,99;0,00;0,00;1,40
2011.0;2.0;2011-02-01;BRASPINE;CAMPINA DO ELIAS;PR;JAGUARIAIVA;29,17;14,65;166,44;21,06;89,04;15,73;50,60;27,80;100,00;0,00;0,00;1,77
2011.0;2.0;2011-02-01;BRASPINE;CAMPO NOVO;PR;JAGUARIAIVA;295,98;156,36;144,55;20,96;89,12;15,74;49,27;27,83;100,00;0,00;0,00;0,02
2011.0;2.0;2011-02-01;BRASPINE;CONSULTORIA II A;PR;DOUTOR ULYSSES;89,62;60,79;145,05;21,14;89,59;15,95;47,65;28,33;100,00;0,00;0,00;2,66
2011.0;2.0;2011-02-01;BRASPINE;DINIZ;;;;;129,72;21,14;89,59;15,95;47,65;28,33;100,00;0,00;0,00;2,66
2011.0;2.0;2011-02-01;BRASPINE;ENES;PR;JAGUARIAIVA;5,93;5,69;144,49;20,96;89,12;15,74;49,27;27,83;100,00;0,00;0,00;0,02
2011.0;2.0;2011-02-01;BRASPINE;ENGENHARIA;;;;;129,72;21,14;89,59;15,95;47,65;28,33;100,00;0,00;0,00;2,66
2011.0;2.0;2011-02-01;BRASPINE;ESTACAO;PR;SENGES;4,76;4,14;140,47;20,96;89,12;15,74;49,27;27,83;100,00;0,00;0,00;0,02
2011.0;2.0;2011-02-01;BRASPINE;FAXINAL;PR;JAGUARIAIVA;20,65;20,65;144,49;20,96;89,12;15,74;49,27;27,83;100,00;0,00;0,00;0,02
2011.0;2.0;2011-02-01;BRASPINE;FEITAL;PR;DOUTOR ULYSSES;154,17;86,53;140,87;21,30;89,68;16,08;47,17;28,64;100,00;0,00;0,00;0,84
2011.0;2.0;2011-02-01;BRASPINE;FIGUEIRA;PR;DOUTOR ULYSSES;1053,81;315,71;146,10;21,30;89,74;16,36;45,69;28,87;100,00;0,00;0,00;0,16
2011.0;2.0;2011-02-01;BRASPINE;FIGUEIRINHA;PR;DOUTOR ULYSSES;94,37;56,74;141,27;21,30;89,74;16,36;45,69;28,87;100,00;0,00;0,00;0,16
2011.0;2.0;2011-02-01;BRASPINE;FLOEMA;PR;DOUTOR ULYSSES;2189,88;701,43;165,92;20,82;89,42;15,92;46,97;27,99;100,00;0,00;0,00;3,30
2011.0;2.0;2011-02-01;BRASPINE;FLOEMA I - SUDATI;;;;;140,72;21,14;89,59;15,95;47,65;28,33;100,00;0,00;0,00;2,66
2011.0;2.0;2011-02-01;BRASPINE;FLOEMA II - SUDATI;PR;DOUTOR ULYSSES;453,83;211,13;144,47;21,14;89,59;15,95;47,65;28,33;100,00;0,00;0,00;2,66
2011.0;2.0;2011-02-01;BRASPINE;FLOR DA SERRA;PR;SAO JOSE DA BOA VISTA;209,10;128,72;118,83;22,87;83,88;18,23;52,19;29,54;99,70;0,00;0,00;0,29
2011.0;2.0;2011-02-01;BRASPINE;GENTIL;PR;JAGUARIAIVA;126,77;53,33;105,24;20,77;87,82;15,73;54,79;26,93;99,56;0,00;0,00;2,02
2011.0;2.0;2011-02-01;BRASPINE;GUAIRACA;PR;GUARAPUAVA;623,62;169,31;181,84;20,17;90,97;15,13;58,85;27,13;100,00;0,00;0,00;3,97
2011.0;2.0;2011-02-01;BRASPINE;HERVAL 2 - MADALOSSO;;;;;187,92;21,06;88,10;16,20;52,87;27,86;99,90;0,00;0,00;3,14
2011.0;2.0;2011-02-01;BRASPINE;HERVAL DE BAIXO;PR;RESERVA;827,29;475,92;151,22;21,41;90,31;17,05;60,16;28,17;99,96;0,00;0,00;1,82
2011.0;2.0;2011-02-01;BRASPINE;HORTO 01;PR;TURVO;19,12;19,12;168,05;20,68;91,53;15,96;63,64;27,41;99,82;0,00;0,00;2,58
2011.0;2.0;2011-02-01;BRASPINE;HORTO 02;PR;TURVO;4,24;4,24;167,24;20,68;91,53;15,96;63,64;27,41;99,82;0,00;0,00;2,58
2011.0;2.0;2011-02-01;BRASPINE;HORTO 03;PR;PRUDENTOPOLIS;80,91;25,89;167,60;21,14;90,64;16,35;60,21;28,04;99,98;0,00;0,00;1,84
2011.0;2.0;2011-02-01;BRASPINE;HORTO 08;PR;TURVO;9,53;9,53;160,77;21,14;90,64;16,35;60,21;28,04;99,98;0,00;0,00;1,84
2011.0;2.0;2011-02-01;BRASPINE;HORTO 12;PR;PRUDENTOPOLIS;12,20;12,20;164,51;21,14;90,64;16,35;60,21;28,04;99,98;0,00;0,00;1,84
2011.0;2.0;2011-02-01;BRASPINE;IZAU;PR;PIRAI DO SUL;19,37;11,60;113,45;20,81;88,08;15,53;54,92;27,12;99,53;0,00;0,00;4,31
2011.0;2.0;2011-02-01;BRASPINE;JOAO RICO;PR;JAGUARIAIVA;47,46;26,18;112,08;21,01;88,01;15,85;54,55;27,30;99,84;0,00;0,00;5,19
2011.0;2.0;2011-02-01;BRASPINE;LAGOA;PR;JAGUARIAIVA;24,10;10,78;146,06;20,96;89,12;15,74;49,27;27,83;100,00;0,00;0,00;0,02
2011.0;2.0;2011-02-01;BRASPINE;MARACANA;PR;JANDAIA DO SUL;11,45;11,45;223,22;22,81;88,59;19,24;56,78;29,13;99,98;0,00;0,00;57,98
2011.0;2.0;2011-02-01;BRASPINE;MARRECA;;;;;143,83;21,30;89,74;16,36;45,69;28,87;100,00;0,00;0,00;0,16
2011.0;2.0;2011-02-01;BRASPINE;MARRECA SP;SP;ITAPIRAPUA PAULISTA;675,30;236,19;137,52;22,02;89,81;16,92;44,97;30,04;100,00;0,00;0,00;1,51
2011.0;2.0;2011-02-01;BRASPINE;MARRECAS;;;;;177,17;19,52;91,67;14,54;57,99;26,44;100,00;14,54;0,00;0,60
2011.0;2.0;2011-02-01;BRASPINE;MERCADINHO;;;;;146,60;21,86;89,16;17,21;46,47;29,55;100,00;0,00;0,00;3,81
2011.0;2.0;2011-02-01;BRASPINE;MONTE ALEGRE;;;;;226,78;23,30;87,60;19,61;56,58;29,67;99,88;0,00;0,00;1,11
2011.0;2.0;2011-02-01;BRASPINE;MONTE TABOR II;;;;;99,25;21,45;90,31;16,90;48,38;29,19;100,00;0,00;0,00;18,53
2011.0;2.0;2011-02-01;BRASPINE;MOREIRA;PR;DOUTOR ULYSSES;230,52;68,68;144,47;21,14;89,59;15,95;47,65;28,33;100,00;0,00;0,00;2,66
2011.0;2.0;2011-02-01;BRASPINE;MOREIRAS II;PR;DOUTOR ULYSSES;66,76;28,75;145,13;21,14;89,59;15,95;47,65;28,33;100,00;0,00;0,00;2,66
2011.0;2.0;2011-02-01;BRASPINE;MORRETES;PR;ORTIGUEIRA;20,36;20,36;154,73;21,83;90,22;17,21;60,08;28,72;99,94;0,00;0,00;0,01
2011.0;2.0;2011-02-01;BRASPINE;MORRO AZUL;;;;;116,50;21,38;89,82;15,91;46,50;28,80;100,00;0,00;0,00;46,09
2011.0;2.0;2011-02-01;BRASPINE;OURO FINO;SP;APIAI;51,70;51,70;107,58;21,22;90,40;16,06;46,98;28,84;100,00;0,00;0,00;27,11
2011.0;2.0;2011-02-01;BRASPINE;PALMEIRINHA DE BAIXO - SOSSEGO;PR;SENGES;85,93;9,22;117,60;20,74;88,48;15,50;50,80;27,11;99,86;0,00;0,00;53,55
2011.0;2.0;2011-02-01;BRASPINE;PAZIN;PR;DOUTOR ULYSSES;41,20;23,90;144,26;21,30;89,74;16,36;45,69;28,87;100,00;0,00;0,00;0,16
2011.0;2.0;2011-02-01;BRASPINE;PEDRAS;PR;CASTRO;7,18;7,18;131,59;20,88;88,50;15,65;57,16;27,03;99,52;0,00;0,00;9,05
2011.0;2.0;2011-02-01;BRASPINE;PESCARIA;PR;SAO JOSE DA BOA VISTA;184,57;129,22;119,23;23,01;83,48;18,48;49,67;29,83;99,70;0,00;0,00;1,12
2011.0;2.0;2011-02-01;BRASPINE;PESSEGUEIRO;PR;DOUTOR ULYSSES;109,95;64,79;140,06;21,14;89,59;15,95;47,65;28,33;100,00;0,00;0,00;2,66
2011.0;2.0;2011-02-01;BRASPINE;PITANGA;;;;;179,43;20,61;91,11;16,06;62,14;26,96;99,83;0,00;0,00;1,15
2011.0;2.0;2011-02-01;BRASPINE;QUEIMADINHO ARROIO CLARO;PR;DOUTOR ULYSSES;48,13;19,09;131,30;21,14;89,59;15,95;47,65;28,33;100,00;0,00;0,00;2,66
2011.0;2.0;2011-02-01;BRASPINE;QUEIMADINHO M6042;PR;DOUTOR ULYSSES;48,38;18,50;131,30;21,14;89,59;15,95;47,65;28,33;100,00;0,00;0,00;2,66
2011.0;2.0;2011-02-01;BRASPINE;QUEIMADINHO USUCAPIAO;PR;DOUTOR ULYSSES;200,27;92,43;131,30;21,14;89,59;15,95;47,65;28,33;100,00;0,00;0,00;2,66
2011.0;2.0;2011-02-01;BRASPINE;RAMOS;PR;SENGES;69,83;38,15;140,72;20,96;89,12;15,74;49,27;27,83;100,00;0,00;0,00;0,02
2011.0;2.0;2011-02-01;BRASPINE;RIBEIRAO GRANDE;PR;JAGUARIAIVA;20,77;20,77;115,21;20,81;88,08;15,53;54,92;27,12;99,53;0,00;0,00;4,31
2011.0;2.0;2011-02-01;BRASPINE;RINCAO DE BAIXO;;;;;198,90;21,14;87,34;16,93;55,32;27,17;99,53;0,00;0,00;2,34
2011.0;2.0;2011-02-01;BRASPINE;RIO BOMBA;PR;CERRO AZUL;65,03;37,72;191,70;22,16;88,49;17,73;48,27;29,69;100,00;0,00;0,00;6,82
2011.0;2.0;2011-02-01;BRASPINE;RIO DO MEIO;PR;DOUTOR ULYSSES;712,33;389,13;141,48;21,14;89,59;15,95;47,65;28,33;100,00;0,00;0,00;2,66
2011.0;2.0;2011-02-01;BRASPINE;RONDON;PR;JAGUARIAIVA;2899,24;1475,88;131,60;20,82;88,57;15,60;53,34;27,14;99,89;0,00;0,00;2,08
2011.0;2.0;2011-02-01;BRASPINE;SANTA FELICIDADE;;;;;126,12;22,42;89,78;17,23;44,42;30,89;100,00;0,00;0,00;1,73
2011.0;2.0;2011-02-01;BRASPINE;SANTA LIDIA DO CERCADINHO;;;;;202,38;20,84;87,26;16,61;55,23;26,70;99,54;0,00;0,00;1,98
2011.0;2.0;2011-02-01;BRASPINE;SANTO ANTONIO;;;;;120,89;20,81;88,70;15,45;49,99;27,39;100,00;0,00;0,00;47,50
2011.0;2.0;2011-02-01;BRASPINE;SAO JOSE;PR;JANDAIA DO SUL;37,56;37,56;226,07;23,14;87,82;19,49;56,90;29,48;99,92;0,00;0,00;2,09
2011.0;2.0;2011-02-01;BRASPINE;SAO MATHEUS;;;;;227,90;24,33;87,33;20,09;55,59;31,05;99,82;0,00;0,00;3,26
2011.0;2.0;2011-02-01;BRASPINE;SAO PEDRO E SAO PAULO;PR;SAPOPEMA;709,13;323,93;181,12;21,86;87,07;17,09;55,53;27,82;99,64;0,00;0,00;3,61
2011.0;2.0;2011-02-01;BRASPINE;SAO RAFAEL;;;;;174,19;20,90;87,31;15,11;58,00;27,42;99,35;0,00;0,00;4,61
2011.0;2.0;2011-02-01;BRASPINE;SAO RAFAEL - PB;;;;;106,90;21,31;90,26;16,02;46,57;28,92;100,00;0,00;0,00;31,12
2011.0;2.0;2011-02-01;BRASPINE;SERRARIA;PR;DOUTOR ULYSSES;280,88;117,71;148,36;21,06;89,58;16,14;46,33;28,43;100,00;0,00;0,00;1,45
2011.0;2.0;2011-02-01;BRASPINE;SERRO VERDE;;;;;194,26;20,29;90,54;15,37;61,27;26,69;99,95;0,00;0,00;4,19
2011.0;2.0;2011-02-01;BRASPINE;SERTAOZINHO;PR;DOUTOR ULYSSES;16,25;16,25;144,47;21,14;89,59;15,95;47,65;28,33;100,00;0,00;0,00;2,66
2011.0;2.0;2011-02-01;BRASPINE;SITIO BASILIO;PR;JAGUARIAIVA;8,08;8,08;122,09;20,82;87,79;15,83;54,68;26,97;99,65;0,00;0,00;1,40
2011.0;2.0;2011-02-01;BRASPINE;SITIO DAS MARRECAS;PR;DOUTOR ULYSSES;77,49;35,17;140,25;21,81;89,79;16,76;45,18;29,71;100,00;0,00;0,00;3,03
2011.0;2.0;2011-02-01;BRASPINE;SOBRADINHO;SP;BOM SUCESSO DE ITARARE;285,80;123,10;131,59;20,80;89,32;15,41;48,26;27,64;100,00;0,00;0,00;37,91
2011.0;2.0;2011-02-01;BRASPINE;TAQUARAL;PR;JAGUARIAIVA;519,13;31,07;131,82;21,02;88,48;15,74;54,71;27,34;100,00;0,00;0,00;1,38
2011.0;2.0;2011-02-01;BRASPINE;TUCUNDUVA;PR;SENGES;82,21;60,89;125,28;21,51;85,73;16,70;50,64;27,76;99,44;0,00;0,00;8,77
2011.0;2.0;2011-02-01;BRASPINE;TUCUNDUVA - CHAMMA;;;;;122,18;21,51;85,95;16,59;50,18;27,80;99,36;0,00;0,00;2,36
2011.0;2.0;2011-02-01;BRASPINE;VIENA 1;PR;DOUTOR ULYSSES;263,98;178,34;168,02;20,74;89,21;15,68;49,96;27,45;100,00;0,00;0,00;5,76
2011.0;2.0;2011-02-01;BRASPINE;VIENA 2;PR;CERRO AZUL;140,23;96,54;191,44;22,16;88,49;17,73;48,27;29,69;100,00;0,00;0,00;6,82
2011.0;2.0;2011-02-01;BRASPINE;VITORIA;PR;SENGES;50,54;35,69;117,60;20,74;88,48;15,50;50,80;27,11;99,86;0,00;0,00;53,55
2011.0;2.0;2011-02-01;BRASPINE;VIVEIRO;PR;DOUTOR ULYSSES;405,39;261,22;145,13;21,14;89,59;15,95;47,65;28,33;100,00;0,00;0,00;2,66
2011.0;2.0;2011-02-01;BRASPINE;VO LINO;PR;DOUTOR ULYSSES;164,50;97,89;145,11;21,30;89,74;16,36;45,69;28,87;100,00;0,00;0,00;0,16
2011.0;2.0;2011-02-01;BRASPINE;XAXIM VELHO;;;;;203,71;19,70;91,70;14,27;59,59;26,74;100,00;14,27;0,00;4,45
2011.0;3.0;2011-03-01;BRASPINE;AGUA DOCE;PR;JAGUARIAIVA;238,97;121,99;110,47;18,78;88,10;14,03;64,32;26,56;99,67;101,46;0,00;9,71
2011.0;3.0;2011-03-01;BRASPINE;AMATA;;;;;143,06;20,42;86,45;14,21;59,96;28,61;99,99;14,21;0,00;0,67
2011.0;3.0;2011-03-01;BRASPINE;ANTA BRAVA;;;;;109,73;21,32;84,32;16,96;58,73;28,94;97,46;0,00;0,00;326,75
2011.0;3.0;2011-03-01;BRASPINE;ARAPONGAS;PR;SENGES;423,34;263,70;133,04;18,79;90,50;14,40;62,68;27,11;100,00;73,26;0,00;0,12
2011.0;3.0;2011-03-01;BRASPINE;ARROIO CLARO;PR;DOUTOR ULYSSES;275,14;92,00;126,48;18,97;90,32;14,16;61,94;27,35;100,00;43,57;0,00;3,45
2011.0;3.0;2011-03-01;BRASPINE;BARRA GRANDE;PR;DOUTOR ULYSSES;493,79;139,68;135,43;19,24;90,44;14,90;62,78;28,00;100,00;44,83;0,00;28,42
2011.0;3.0;2011-03-01;BRASPINE;BARRA GRANDE - BEMAIS;PR;GUARAPUAVA;299,16;108,61;116,07;18,81;84,86;13,24;55,73;25,68;99,99;113,28;0,00;335,47
2011.0;3.0;2011-03-01;BRASPINE;BARRETOS;PR;JAGUARIAIVA;43,35;32,98;129,17;18,67;89,98;13,98;64,29;26,98;99,98;100,73;0,00;7,52
2011.0;3.0;2011-03-01;BRASPINE;BAU;;;;;92,25;18,97;83,95;13,26;54,46;25,26;99,90;112,74;0,00;1,38
2011.0;3.0;2011-03-01;BRASPINE;BOA VISTA II;PR;PIRAI DO SUL;944,00;535,05;132,01;18,67;89,21;13,74;65,51;27,17;99,94;129,45;0,00;10,90
2011.0;3.0;2011-03-01;BRASPINE;BRASILEIRA;;;;;126,22;18,79;90,50;14,40;62,68;27,11;100,00;73,26;0,00;0,12
2011.0;3.0;2011-03-01;BRASPINE;BURACAO;;;;;138,06;18,79;88,09;12,96;60,70;26,90;99,89;85,37;0,00;1,91
2011.0;3.0;2011-03-01;BRASPINE;BURRINHO;PR;DOUTOR ULYSSES;211,01;100,37;127,43;18,97;90,32;14,16;61,94;27,35;100,00;43,57;0,00;3,45
2011.0;3.0;2011-03-01;BRASPINE;CADEADO I;PR;JAGUARIAIVA;21,07;12,29;116,43;18,59;90,19;13,97;62,96;26,88;100,00;101,61;0,00;3,73
2011.0;3.0;2011-03-01;BRASPINE;CADEADO II;PR;JAGUARIAIVA;21,88;16,79;116,43;18,59;90,19;13,97;62,96;26,88;100,00;101,61;0,00;3,73
2011.0;3.0;2011-03-01;BRASPINE;CAMPINA ALTA;PR;TIBAGI;29,77;18,24;102,93;20,18;83,52;14,64;54,48;27,09;99,81;29,45;0,00;354,32
2011.0;3.0;2011-03-01;BRASPINE;CAMPINA DO ELIAS;PR;JAGUARIAIVA;29,17;14,65;126,10;18,64;90,06;13,99;63,81;26,94;99,99;101,05;0,00;6,20
2011.0;3.0;2011-03-01;BRASPINE;CAMPO NOVO;PR;JAGUARIAIVA;295,98;156,36;130,40;18,59;90,19;13,97;62,96;26,88;100,00;101,61;0,00;3,73
2011.0;3.0;2011-03-01;BRASPINE;CONSULTORIA II A;PR;DOUTOR ULYSSES;89,62;60,79;133,32;18,79;90,50;14,40;62,68;27,11;100,00;73,26;0,00;0,12
2011.0;3.0;2011-03-01;BRASPINE;DINIZ;;;;;135,51;18,79;90,50;14,40;62,68;27,11;100,00;73,26;0,00;0,12
2011.0;3.0;2011-03-01;BRASPINE;ENES;PR;JAGUARIAIVA;5,93;5,69;129,91;18,59;90,19;13,97;62,96;26,88;100,00;101,61;0,00;3,73
2011.0;3.0;2011-03-01;BRASPINE;ENGENHARIA;;;;;135,51;18,79;90,50;14,40;62,68;27,11;100,00;73,26;0,00;0,12
2011.0;3.0;2011-03-01;BRASPINE;ESTACAO;PR;SENGES;4,76;4,14;125,71;18,59;90,19;13,97;62,96;26,88;100,00;101,61;0,00;3,73
2011.0;3.0;2011-03-01;BRASPINE;FAXINAL;PR;JAGUARIAIVA;20,65;20,65;129,91;18,59;90,19;13,97;62,96;26,88;100,00;101,61;0,00;3,73
2011.0;3.0;2011-03-01;BRASPINE;FEITAL;PR;DOUTOR ULYSSES;154,17;86,53;125,38;18,94;90,48;14,59;62,72;27,40;100,00;58,91;0,00;30,86
2011.0;3.0;2011-03-01;BRASPINE;FIGUEIRA;PR;DOUTOR ULYSSES;1053,81;315,71;131,68;18,97;90,32;14,16;61,94;27,35;100,00;43,57;0,00;3,45
2011.0;3.0;2011-03-01;BRASPINE;FIGUEIRINHA;PR;DOUTOR ULYSSES;94,37;56,74;140,65;18,97;90,32;14,16;61,94;27,35;100,00;43,57;0,00;3,45
2011.0;3.0;2011-03-01;BRASPINE;FLOEMA;PR;DOUTOR ULYSSES;2189,88;701,43;130,33;18,51;90,36;13,59;61,80;26,82;100,00;86,37;0,00;6,46
2011.0;3.0;2011-03-01;BRASPINE;FLOEMA I - SUDATI;;;;;127,20;18,79;90,50;14,40;62,68;27,11;100,00;73,26;0,00;0,12
2011.0;3.0;2011-03-01;BRASPINE;FLOEMA II - SUDATI;PR;DOUTOR ULYSSES;453,83;211,13;128,57;18,79;90,50;14,40;62,68;27,11;100,00;73,26;0,00;0,12
2011.0;3.0;2011-03-01;BRASPINE;FLOR DA SERRA;PR;SAO JOSE DA BOA VISTA;209,10;128,72;116,92;21,02;80,76;16,46;59,39;28,53;99,67;0,00;0,00;2,24
2011.0;3.0;2011-03-01;BRASPINE;GENTIL;PR;JAGUARIAIVA;126,77;53,33;106,02;18,55;88,02;13,75;63,96;26,10;99,53;129,31;0,00;0,13
2011.0;3.0;2011-03-01;BRASPINE;GUAIRACA;PR;GUARAPUAVA;623,62;169,31;122,41;18,91;84,89;13,27;57,11;25,86;99,99;99,09;0,00;1,42
2011.0;3.0;2011-03-01;BRASPINE;HERVAL 2 - MADALOSSO;;;;;127,80;18,79;88,09;12,96;60,70;26,90;99,89;85,37;0,00;1,91
2011.0;3.0;2011-03-01;BRASPINE;HERVAL DE BAIXO;PR;RESERVA;827,29;475,92;108,38;20,25;83,25;14,65;54,35;27,07;99,74;29,39;0,00;4,99
2011.0;3.0;2011-03-01;BRASPINE;HORTO 01;PR;TURVO;19,12;19,12;96,16;19,55;84,73;13,88;57,48;26,33;99,83;56,65;0,00;0,15
2011.0;3.0;2011-03-01;BRASPINE;HORTO 02;PR;TURVO;4,24;4,24;94,55;19,55;84,73;13,88;57,48;26,33;99,83;56,65;0,00;0,15
2011.0;3.0;2011-03-01;BRASPINE;HORTO 03;PR;PRUDENTOPOLIS;80,91;25,89;102,06;20,01;83,59;14,37;55,26;26,91;99,96;43,56;0,00;2,99
2011.0;3.0;2011-03-01;BRASPINE;HORTO 08;PR;TURVO;9,53;9,53;104,58;20,01;83,59;14,37;55,26;26,91;99,96;43,56;0,00;2,99
2011.0;3.0;2011-03-01;BRASPINE;HORTO 12;PR;PRUDENTOPOLIS;12,20;12,20;104,19;20,01;83,59;14,37;55,26;26,91;99,96;43,56;0,00;2,99
2011.0;3.0;2011-03-01;BRASPINE;IZAU;PR;PIRAI DO SUL;19,37;11,60;109,21;18,42;89,01;13,43;64,28;26,24;99,63;156,96;0,00;13,95
2011.0;3.0;2011-03-01;BRASPINE;JOAO RICO;PR;JAGUARIAIVA;47,46;26,18;110,04;18,78;88,10;14,03;64,32;26,56;99,67;101,46;0,00;9,71
2011.0;3.0;2011-03-01;BRASPINE;LAGOA;PR;JAGUARIAIVA;24,10;10,78;118,67;18,59;90,19;13,97;62,96;26,88;100,00;101,61;0,00;3,73
2011.0;3.0;2011-03-01;BRASPINE;MARACANA;PR;JANDAIA DO SUL;11,45;11,45;161,12;21,75;81,25;16,37;56,15;28,34;99,90;0,00;0,00;0,70
2011.0;3.0;2011-03-01;BRASPINE;MARRECA;;;;;140,41;18,97;90,32;14,16;61,94;27,35;100,00;43,57;0,00;3,45
2011.0;3.0;2011-03-01;BRASPINE;MARRECA SP;SP;ITAPIRAPUA PAULISTA;675,30;236,19;152,93;19,64;89,92;14,68;62,32;28,34;100,00;14,68;0,00;0,42
2011.0;3.0;2011-03-01;BRASPINE;MARRECAS;;;;;120,86;18,30;85,55;12,68;55,89;25,14;100,00;182,44;0,00;3,71
2011.0;3.0;2011-03-01;BRASPINE;MERCADINHO;;;;;141,83;19,62;88,37;13,77;60,88;27,93;100,00;13,77;0,00;0,13
2011.0;3.0;2011-03-01;BRASPINE;MONTE ALEGRE;;;;;173,62;22,26;80,29;16,91;54,95;28,86;99,72;0,00;0,00;0,42
2011.0;3.0;2011-03-01;BRASPINE;MONTE TABOR II;;;;;92,94;19,24;90,56;15,47;62,55;27,64;100,00;0,00;0,00;325,76
2011.0;3.0;2011-03-01;BRASPINE;MOREIRA;PR;DOUTOR ULYSSES;230,52;68,68;128,57;18,79;90,50;14,40;62,68;27,11;100,00;73,26;0,00;0,12
2011.0;3.0;2011-03-01;BRASPINE;MOREIRAS II;PR;DOUTOR ULYSSES;66,76;28,75;134,05;18,79;90,50;14,40;62,68;27,11;100,00;73,26;0,00;0,12
2011.0;3.0;2011-03-01;BRASPINE;MORRETES;PR;ORTIGUEIRA;20,36;20,36;116,57;20,71;82,76;15,02;54,01;27,63;99,81;0,00;0,00;4,73
2011.0;3.0;2011-03-01;BRASPINE;MORRO AZUL;;;;;125,66;19,03;90,54;14,76;62,44;27,96;100,00;14,76;0,00;22,46
2011.0;3.0;2011-03-01;BRASPINE;OURO FINO;SP;APIAI;51,70;51,70;114,88;18,93;91,05;14,91;62,31;27,62;100,00;14,91;0,00;11,26
2011.0;3.0;2011-03-01;BRASPINE;PALMEIRINHA DE BAIXO - SOSSEGO;PR;SENGES;85,93;9,22;130,62;18,60;89,03;14,37;62,37;26,74;99,91;102,86;0,00;25,23
2011.0;3.0;2011-03-01;BRASPINE;PAZIN;PR;DOUTOR ULYSSES;41,20;23,90;130,16;18,97;90,32;14,16;61,94;27,35;100,00;43,57;0,00;3,45
2011.0;3.0;2011-03-01;BRASPINE;PEDRAS;PR;CASTRO;7,18;7,18;108,46;18,45;89,14;13,32;64,85;26,27;99,62;156,32;0,00;1,95
2011.0;3.0;2011-03-01;BRASPINE;PESCARIA;PR;SAO JOSE DA BOA VISTA;184,57;129,22;124,12;21,11;80,68;16,59;58,12;28,84;99,75;0,00;0,00;1,39
2011.0;3.0;2011-03-01;BRASPINE;PESSEGUEIRO;PR;DOUTOR ULYSSES;109,95;64,79;125,52;18,79;90,50;14,40;62,68;27,11;100,00;73,26;0,00;0,12
2011.0;3.0;2011-03-01;BRASPINE;PITANGA;;;;;118,26;19,74;82,86;14,15;54,99;26,26;99,69;72,60;0,00;0,90
2011.0;3.0;2011-03-01;BRASPINE;QUEIMADINHO ARROIO CLARO;PR;DOUTOR ULYSSES;48,13;19,09;126,22;18,79;90,50;14,40;62,68;27,11;100,00;73,26;0,00;0,12
2011.0;3.0;2011-03-01;BRASPINE;QUEIMADINHO M6042;PR;DOUTOR ULYSSES;48,38;18,50;126,22;18,79;90,50;14,40;62,68;27,11;100,00;73,26;0,00;0,12
2011.0;3.0;2011-03-01;BRASPINE;QUEIMADINHO USUCAPIAO;PR;DOUTOR ULYSSES;200,27;92,43;126,22;18,79;90,50;14,40;62,68;27,11;100,00;73,26;0,00;0,12
2011.0;3.0;2011-03-01;BRASPINE;RAMOS;PR;SENGES;69,83;38,15;127,20;18,59;90,19;13,97;62,96;26,88;100,00;101,61;0,00;3,73
2011.0;3.0;2011-03-01;BRASPINE;RIBEIRAO GRANDE;PR;JAGUARIAIVA;20,77;20,77;102,30;18,42;89,01;13,43;64,28;26,24;99,63;156,96;0,00;13,95
2011.0;3.0;2011-03-01;BRASPINE;RINCAO DE BAIXO;;;;;105,48;19,48;83,49;14,27;57,54;26,45;98,91;58,11;0,00;2,27
2011.0;3.0;2011-03-01;BRASPINE;RIO BOMBA;PR;CERRO AZUL;65,03;37,72;131,68;20,01;86,68;13,74;58,67;28,20;99,93;13,74;0,00;0,69
2011.0;3.0;2011-03-01;BRASPINE;RIO DO MEIO;PR;DOUTOR ULYSSES;712,33;389,13;131,96;18,79;90,50;14,40;62,68;27,11;100,00;73,26;0,00;0,12
2011.0;3.0;2011-03-01;BRASPINE;RONDON;PR;JAGUARIAIVA;2899,24;1475,88;122,23;18,61;89,18;14,23;63,79;26,57;99,94;87,05;0,00;1,09
2011.0;3.0;2011-03-01;BRASPINE;SANTA FELICIDADE;;;;;145,80;20,07;89,53;15,03;62,59;29,11;100,00;0,00;0,00;24,22
2011.0;3.0;2011-03-01;BRASPINE;SANTA LIDIA DO CERCADINHO;;;;;100,65;19,15;83,91;14,01;58,20;26,02;99,06;72,13;0,00;1,90
2011.0;3.0;2011-03-01;BRASPINE;SANTO ANTONIO;;;;;134,06;18,62;89,34;14,44;61,37;27,05;100,00;88,40;0,00;22,13
2011.0;3.0;2011-03-01;BRASPINE;SAO JOSE;PR;JANDAIA DO SUL;37,56;37,56;172,92;22,11;80,50;16,63;55,30;28,67;99,80;0,00;0,00;0,27
2011.0;3.0;2011-03-01;BRASPINE;SAO MATHEUS;;;;;162,53;23,43;79,13;17,79;50,60;30,30;99,78;0,00;0,00;6,52
2011.0;3.0;2011-03-01;BRASPINE;SAO PEDRO E SAO PAULO;PR;SAPOPEMA;709,13;323,93;130,63;20,35;82,41;15,48;60,78;26,89;99,24;0,00;0,00;0,84
2011.0;3.0;2011-03-01;BRASPINE;SAO RAFAEL;;;;;120,69;18,96;85,21;13,92;57,24;26,58;99,54;115,93;0,00;0,76
2011.0;3.0;2011-03-01;BRASPINE;SAO RAFAEL - PB;;;;;140,24;18,99;90,96;14,89;61,95;27,81;100,00;14,89;0,00;14,54
2011.0;3.0;2011-03-01;BRASPINE;SERRARIA;PR;DOUTOR ULYSSES;280,88;117,71;134,36;18,74;90,34;13,88;61,87;27,09;100,00;72,56;0,00;4,98
2011.0;3.0;2011-03-01;BRASPINE;SERRO VERDE;;;;;101,22;19,38;82,31;13,57;53,03;25,66;99,78;84,81;0,00;0,60
2011.0;3.0;2011-03-01;BRASPINE;SERTAOZINHO;PR;DOUTOR ULYSSES;16,25;16,25;140,77;18,79;90,50;14,40;62,68;27,11;100,00;73,26;0,00;0,12
2011.0;3.0;2011-03-01;BRASPINE;SITIO BASILIO;PR;JAGUARIAIVA;8,08;8,08;109,78;18,66;87,73;13,90;64,00;26,19;99,55;115,60;0,00;12,00
2011.0;3.0;2011-03-01;BRASPINE;SITIO DAS MARRECAS;PR;DOUTOR ULYSSES;77,49;35,17;143,05;19,45;90,03;14,53;62,21;28,06;100,00;29,50;0,00;1,30
2011.0;3.0;2011-03-01;BRASPINE;SOBRADINHO;SP;BOM SUCESSO DE ITARARE;285,80;123,10;143,75;18,57;90,20;14,50;61,19;27,12;100,00;88,90;0,00;17,74
2011.0;3.0;2011-03-01;BRASPINE;TAQUARAL;PR;JAGUARIAIVA;519,13;31,07;126,80;18,74;88,86;14,15;64,40;26,69;99,99;86,86;0,00;5,86
2011.0;3.0;2011-03-01;BRASPINE;TUCUNDUVA;PR;SENGES;82,21;60,89;132,95;19,52;84,65;15,06;60,77;27,16;99,75;0,00;0,00;2,45
2011.0;3.0;2011-03-01;BRASPINE;TUCUNDUVA - CHAMMA;;;;;129,28;19,49;85,23;15,18;60,87;27,26;99,63;0,00;0,00;15,36
2011.0;3.0;2011-03-01;BRASPINE;VIENA 1;PR;DOUTOR ULYSSES;263,98;178,34;135,03;18,37;90,30;13,50;63,63;26,60;100,00;144,03;0,00;9,70
2011.0;3.0;2011-03-01;BRASPINE;VIENA 2;PR;CERRO AZUL;140,23;96,54;131,54;20,01;86,68;13,74;58,67;28,20;99,93;13,74;0,00;0,69
2011.0;3.0;2011-03-01;BRASPINE;VITORIA;PR;SENGES;50,54;35,69;130,62;18,60;89,03;14,37;62,37;26,74;99,91;102,86;0,00;25,23
2011.0;3.0;2011-03-01;BRASPINE;VIVEIRO;PR;DOUTOR ULYSSES;405,39;261,22;134,05;18,79;90,50;14,40;62,68;27,11;100,00;73,26;0,00;0,12
2011.0;3.0;2011-03-01;BRASPINE;VO LINO;PR;DOUTOR ULYSSES;164,50;97,89;135,76;18,97;90,32;14,16;61,94;27,35;100,00;43,57;0,00;3,45
2011.0;3.0;2011-03-01;BRASPINE;XAXIM VELHO;;;;;141,47;18,38;85,94;12,66;58,16;25,40;100,00;183,04;0,00;2,17
2011.0;4.0;2011-04-01;BRASPINE;AGUA DOCE;PR;JAGUARIAIVA;238,97;121,99;74,49;18,30;84,75;11,82;47,01;26,21;100,00;188,03;0,00;5,47
2011.0;4.0;2011-04-01;BRASPINE;AMATA;;;;;73,33;19,68;86,78;13,77;46,22;28,70;99,99;115,88;0,00;1,56
2011.0;4.0;2011-04-01;BRASPINE;ANTA BRAVA;;;;;63,94;21,21;81,40;14,46;47,52;28,75;99,63;14,46;0,00;0,96
2011.0;4.0;2011-04-01;BRASPINE;ARAPONGAS;PR;SENGES;423,34;263,70;86,58;18,33;87,18;12,53;49,46;26,81;100,00;205,65;0,00;0,00
2011.0;4.0;2011-04-01;BRASPINE;ARROIO CLARO;PR;DOUTOR ULYSSES;275,14;92,00;74,11;18,47;87,49;12,76;46,91;27,34;100,00;194,10;0,00;2,83
2011.0;4.0;2011-04-01;BRASPINE;BARRA GRANDE;PR;DOUTOR ULYSSES;493,79;139,68;72,96;18,83;87,63;12,77;48,96;27,55;100,00;181,71;0,00;13,13
2011.0;4.0;2011-04-01;BRASPINE;BARRA GRANDE - BEMAIS;PR;GUARAPUAVA;299,16;108,61;70,76;17,32;86,55;10,75;44,84;25,02;99,99;247,42;0,00;16,23
2011.0;4.0;2011-04-01;BRASPINE;BARRETOS;PR;JAGUARIAIVA;43,35;32,98;84,11;18,38;86,10;12,24;48,39;26,59;99,95;204,92;0,00;2,03
2011.0;4.0;2011-04-01;BRASPINE;BAU;;;;;70,02;17,39;85,80;9,87;45,26;24,77;99,82;219,56;0,00;1,58
2011.0;4.0;2011-04-01;BRASPINE;BOA VISTA II;PR;PIRAI DO SUL;944,00;535,05;82,97;18,38;85,45;12,06;47,57;26,54;99,98;204,49;0,00;0,12
2011.0;4.0;2011-04-01;BRASPINE;BRASILEIRA;;;;;70,61;18,33;87,18;12,53;49,46;26,81;100,00;205,65;0,00;0,00
2011.0;4.0;2011-04-01;BRASPINE;BURACAO;;;;;55,15;18,16;85,67;11,89;45,53;26,86;100,00;186,58;0,00;1,61
2011.0;4.0;2011-04-01;BRASPINE;BURRINHO;PR;DOUTOR ULYSSES;211,01;100,37;74,06;18,47;87,49;12,76;46,91;27,34;100,00;194,10;0,00;2,83
2011.0;4.0;2011-04-01;BRASPINE;CADEADO I;PR;JAGUARIAIVA;21,07;12,29;67,88;18,15;86,57;12,25;49,18;26,47;100,00;201,01;0,00;1,58
2011.0;4.0;2011-04-01;BRASPINE;CADEADO II;PR;JAGUARIAIVA;21,88;16,79;67,88;18,15;86,57;12,25;49,18;26,47;100,00;201,01;0,00;1,58
2011.0;4.0;2011-04-01;BRASPINE;CAMPINA ALTA;PR;TIBAGI;29,77;18,24;82,56;18,86;85,22;11,41;50,43;26,68;99,88;161,29;0,00;1,62
2011.0;4.0;2011-04-01;BRASPINE;CAMPINA DO ELIAS;PR;JAGUARIAIVA;29,17;14,65;80,38;18,29;86,27;12,24;48,68;26,55;99,97;203,48;0,00;1,88
2011.0;4.0;2011-04-01;BRASPINE;CAMPO NOVO;PR;JAGUARIAIVA;295,98;156,36;87,95;18,15;86,57;12,25;49,18;26,47;100,00;201,01;0,00;1,58
2011.0;4.0;2011-04-01;BRASPINE;CONSULTORIA II A;PR;DOUTOR ULYSSES;89,62;60,79;76,56;18,33;87,18;12,53;49,46;26,81;100,00;205,65;0,00;0,00
2011.0;4.0;2011-04-01;BRASPINE;DINIZ;;;;;74,22;18,33;87,18;12,53;49,46;26,81;100,00;205,65;0,00;0,00
2011.0;4.0;2011-04-01;BRASPINE;ENES;PR;JAGUARIAIVA;5,93;5,69;87,98;18,15;86,57;12,25;49,18;26,47;100,00;201,01;0,00;1,58
2011.0;4.0;2011-04-01;BRASPINE;ENGENHARIA;;;;;74,22;18,33;87,18;12,53;49,46;26,81;100,00;205,65;0,00;0,00
2011.0;4.0;2011-04-01;BRASPINE;ESTACAO;PR;SENGES;4,76;4,14;70,76;18,15;86,57;12,25;49,18;26,47;100,00;201,01;0,00;1,58
2011.0;4.0;2011-04-01;BRASPINE;FAXINAL;PR;JAGUARIAIVA;20,65;20,65;87,98;18,15;86,57;12,25;49,18;26,47;100,00;201,01;0,00;1,58
2011.0;4.0;2011-04-01;BRASPINE;FEITAL;PR;DOUTOR ULYSSES;154,17;86,53;68,98;18,50;87,33;12,61;49,29;27,06;100,00;192,80;0,00;18,60
2011.0;4.0;2011-04-01;BRASPINE;FIGUEIRA;PR;DOUTOR ULYSSES;1053,81;315,71;71,62;18,47;87,49;12,76;46,91;27,34;100,00;194,10;0,00;2,83
2011.0;4.0;2011-04-01;BRASPINE;FIGUEIRINHA;PR;DOUTOR ULYSSES;94,37;56,74;73,34;18,47;87,49;12,76;46,91;27,34;100,00;194,10;0,00;2,83
2011.0;4.0;2011-04-01;BRASPINE;FLOEMA;PR;DOUTOR ULYSSES;2189,88;701,43;75,72;17,96;87,05;12,24;45,18;26,66;100,00;216,37;0,00;0,72
2011.0;4.0;2011-04-01;BRASPINE;FLOEMA I - SUDATI;;;;;71,16;18,33;87,18;12,53;49,46;26,81;100,00;205,65;0,00;0,00
2011.0;4.0;2011-04-01;BRASPINE;FLOEMA II - SUDATI;PR;DOUTOR ULYSSES;453,83;211,13;77,44;18,33;87,18;12,53;49,46;26,81;100,00;205,65;0,00;0,00
2011.0;4.0;2011-04-01;BRASPINE;FLOR DA SERRA;PR;SAO JOSE DA BOA VISTA;209,10;128,72;121,02;20,03;80,46;12,56;43,73;27,48;99,90;83,55;0,00;7,57
2011.0;4.0;2011-04-01;BRASPINE;GENTIL;PR;JAGUARIAIVA;126,77;53,33;76,30;18,01;84,65;11,64;47,15;25,87;99,93;185,11;0,00;12,65
2011.0;4.0;2011-04-01;BRASPINE;GUAIRACA;PR;GUARAPUAVA;623,62;169,31;61,23;17,48;86,45;10,81;44,76;25,18;99,96;233,95;0,00;1,01
2011.0;4.0;2011-04-01;BRASPINE;HERVAL 2 - MADALOSSO;;;;;58,97;18,16;85,67;11,89;45,53;26,86;100,00;186,58;0,00;1,61
2011.0;4.0;2011-04-01;BRASPINE;HERVAL DE BAIXO;PR;RESERVA;827,29;475,92;75,26;18,79;85,48;11,41;50,83;26,64;99,82;157,50;0,00;0,29
2011.0;4.0;2011-04-01;BRASPINE;HORTO 01;PR;TURVO;19,12;19,12;73,33;18,02;86,47;10,75;48,30;25,67;99,81;193,41;0,00;5,61
2011.0;4.0;2011-04-01;BRASPINE;HORTO 02;PR;TURVO;4,24;4,24;72,85;18,02;86,47;10,75;48,30;25,67;99,81;193,41;0,00;5,61
2011.0;4.0;2011-04-01;BRASPINE;HORTO 03;PR;PRUDENTOPOLIS;80,91;25,89;74,93;18,51;86,01;11,72;47,51;26,20;99,96;186,80;0,00;14,81
2011.0;4.0;2011-04-01;BRASPINE;HORTO 08;PR;TURVO;9,53;9,53;66,15;18,51;86,01;11,72;47,51;26,20;99,96;186,80;0,00;14,81
2011.0;4.0;2011-04-01;BRASPINE;HORTO 12;PR;PRUDENTOPOLIS;12,20;12,20;75,35;18,51;86,01;11,72;47,51;26,20;99,96;186,80;0,00;14,81
2011.0;4.0;2011-04-01;BRASPINE;IZAU;PR;PIRAI DO SUL;19,37;11,60;78,92;18,09;85,00;11,77;46,88;26,09;99,93;187,54;0,00;1,66
2011.0;4.0;2011-04-01;BRASPINE;JOAO RICO;PR;JAGUARIAIVA;47,46;26,18;76,79;18,30;84,75;11,82;47,01;26,21;100,00;188,03;0,00;5,47
2011.0;4.0;2011-04-01;BRASPINE;LAGOA;PR;JAGUARIAIVA;24,10;10,78;69,80;18,15;86,57;12,25;49,18;26,47;100,00;201,01;0,00;1,58
2011.0;4.0;2011-04-01;BRASPINE;MARACANA;PR;JANDAIA DO SUL;11,45;11,45;102,37;20,83;80,05;14,51;46,37;28,19;99,83;44,35;0,00;1,59
2011.0;4.0;2011-04-01;BRASPINE;MARRECA;;;;;73,27;18,47;87,49;12,76;46,91;27,34;100,00;194,10;0,00;2,83
2011.0;4.0;2011-04-01;BRASPINE;MARRECA SP;SP;ITAPIRAPUA PAULISTA;675,30;236,19;73,33;19,16;87,86;12,84;48,74;28,29;100,00;170,02;0,00;0,88
2011.0;4.0;2011-04-01;BRASPINE;MARRECAS;;;;;63,06;16,81;86,81;10,73;44,56;24,54;100,00;312,58;0,00;5,13
2011.0;4.0;2011-04-01;BRASPINE;MERCADINHO;;;;;77,36;18,95;87,26;12,84;45,98;27,99;100,00;197,38;0,00;1,04
2011.0;4.0;2011-04-01;BRASPINE;MONTE ALEGRE;;;;;108,62;21,30;79,39;15,16;45,40;28,68;99,90;0,00;0,00;2,76
2011.0;4.0;2011-04-01;BRASPINE;MONTE TABOR II;;;;;51,87;18,65;88,35;12,63;51,15;27,34;100,00;152,09;0,00;6,37
2011.0;4.0;2011-04-01;BRASPINE;MOREIRA;PR;DOUTOR ULYSSES;230,52;68,68;77,44;18,33;87,18;12,53;49,46;26,81;100,00;205,65;0,00;0,00
2011.0;4.0;2011-04-01;BRASPINE;MOREIRAS II;PR;DOUTOR ULYSSES;66,76;28,75;76,42;18,33;87,18;12,53;49,46;26,81;100,00;205,65;0,00;0,00
2011.0;4.0;2011-04-01;BRASPINE;MORRETES;PR;ORTIGUEIRA;20,36;20,36;86,88;19,22;85,28;11,67;51,22;27,14;99,82;159,82;0,00;2,70
2011.0;4.0;2011-04-01;BRASPINE;MORRO AZUL;;;;;56,20;18,64;87,60;12,63;48,29;27,25;100,00;165,33;0,00;8,91
2011.0;4.0;2011-04-01;BRASPINE;OURO FINO;SP;APIAI;51,70;51,70;52,51;18,46;88,10;12,67;49,22;26,98;100,00;164,53;0,00;1,95
2011.0;4.0;2011-04-01;BRASPINE;PALMEIRINHA DE BAIXO - SOSSEGO;PR;SENGES;85,93;9,22;66,01;18,07;85,41;12,10;45,90;26,15;99,93;201,41;0,00;18,94
2011.0;4.0;2011-04-01;BRASPINE;PAZIN;PR;DOUTOR ULYSSES;41,20;23,90;69,30;18,47;87,49;12,76;46,91;27,34;100,00;194,10;0,00;2,83
2011.0;4.0;2011-04-01;BRASPINE;PEDRAS;PR;CASTRO;7,18;7,18;79,86;18,09;85,61;11,68;48,34;26,13;99,99;186,69;0,00;0,82
2011.0;4.0;2011-04-01;BRASPINE;PESCARIA;PR;SAO JOSE DA BOA VISTA;184,57;129,22;108,54;20,21;79,97;12,38;42,74;27,78;100,00;84,79;0,00;8,97
2011.0;4.0;2011-04-01;BRASPINE;PESSEGUEIRO;PR;DOUTOR ULYSSES;109,95;64,79;71,30;18,33;87,18;12,53;49,46;26,81;100,00;205,65;0,00;0,00
2011.0;4.0;2011-04-01;BRASPINE;PITANGA;;;;;89,02;18,08;85,04;10,34;45,58;25,36;99,80;197,39;0,00;2,45
2011.0;4.0;2011-04-01;BRASPINE;QUEIMADINHO ARROIO CLARO;PR;DOUTOR ULYSSES;48,13;19,09;70,61;18,33;87,18;12,53;49,46;26,81;100,00;205,65;0,00;0,00
2011.0;4.0;2011-04-01;BRASPINE;QUEIMADINHO M6042;PR;DOUTOR ULYSSES;48,38;18,50;70,61;18,33;87,18;12,53;49,46;26,81;100,00;205,65;0,00;0,00
2011.0;4.0;2011-04-01;BRASPINE;QUEIMADINHO USUCAPIAO;PR;DOUTOR ULYSSES;200,27;92,43;70,61;18,33;87,18;12,53;49,46;26,81;100,00;205,65;0,00;0,00
2011.0;4.0;2011-04-01;BRASPINE;RAMOS;PR;SENGES;69,83;38,15;71,16;18,15;86,57;12,25;49,18;26,47;100,00;201,01;0,00;1,58
2011.0;4.0;2011-04-01;BRASPINE;RIBEIRAO GRANDE;PR;JAGUARIAIVA;20,77;20,77;76,06;18,09;85,00;11,77;46,88;26,09;99,93;187,54;0,00;1,66
2011.0;4.0;2011-04-01;BRASPINE;RINCAO DE BAIXO;;;;;97,78;18,41;83,25;10,89;48,34;26,05;99,87;185,47;0,00;76,49
2011.0;4.0;2011-04-01;BRASPINE;RIO BOMBA;PR;CERRO AZUL;65,03;37,72;74,50;19,20;86,52;13,31;44,86;28,28;99,95;185,57;0,00;3,34
2011.0;4.0;2011-04-01;BRASPINE;RIO DO MEIO;PR;DOUTOR ULYSSES;712,33;389,13;74,89;18,33;87,18;12,53;49,46;26,81;100,00;205,65;0,00;0,00
2011.0;4.0;2011-04-01;BRASPINE;RONDON;PR;JAGUARIAIVA;2899,24;1475,88;75,58;18,10;85,53;12,18;47,51;26,12;99,93;186,67;0,00;18,35
2011.0;4.0;2011-04-01;BRASPINE;SANTA FELICIDADE;;;;;70,74;19,56;88,14;13,28;49,37;28,84;100,00;143,95;0,00;1,87
2011.0;4.0;2011-04-01;BRASPINE;SANTA LIDIA DO CERCADINHO;;;;;97,95;18,08;83,25;10,74;48,28;25,65;99,88;211,50;0,00;4,18
2011.0;4.0;2011-04-01;BRASPINE;SANTO ANTONIO;;;;;66,04;18,12;85,93;12,09;45,67;26,42;100,00;202,16;0,00;3,19
2011.0;4.0;2011-04-01;BRASPINE;SAO JOSE;PR;JANDAIA DO SUL;37,56;37,56;107,89;21,14;79,52;15,00;45,60;28,51;99,88;0,00;0,00;1,11
2011.0;4.0;2011-04-01;BRASPINE;SAO MATHEUS;;;;;98,50;22,25;79,98;15,11;44,59;29,69;99,94;0,00;0,00;0,48
2011.0;4.0;2011-04-01;BRASPINE;SAO PEDRO E SAO PAULO;PR;SAPOPEMA;709,13;323,93;90,37;19,33;81,88;12,16;47,42;26,66;99,74;164,22;0,00;0,90
2011.0;4.0;2011-04-01;BRASPINE;SAO RAFAEL;;;;;45,74;18,11;84,57;12,54;45,83;26,45;100,00;187,19;0,00;3,73
2011.0;4.0;2011-04-01;BRASPINE;SAO RAFAEL - PB;;;;;54,47;18,58;87,95;12,79;48,80;27,10;100,00;165,81;0,00;3,46
2011.0;4.0;2011-04-01;BRASPINE;SERRARIA;PR;DOUTOR ULYSSES;280,88;117,71;79,21;18,21;87,27;12,50;46,05;27,00;100,00;205,34;0,00;0,22
2011.0;4.0;2011-04-01;BRASPINE;SERRO VERDE;;;;;67,21;17,69;84,77;9,79;44,55;25,06;99,97;207,31;0,00;2,44
2011.0;4.0;2011-04-01;BRASPINE;SERTAOZINHO;PR;DOUTOR ULYSSES;16,25;16,25;78,02;18,33;87,18;12,53;49,46;26,81;100,00;205,65;0,00;0,00
2011.0;4.0;2011-04-01;BRASPINE;SITIO BASILIO;PR;JAGUARIAIVA;8,08;8,08;74,03;18,07;84,56;11,52;47,12;25,90;99,93;185,13;0,00;7,98
2011.0;4.0;2011-04-01;BRASPINE;SITIO DAS MARRECAS;PR;DOUTOR ULYSSES;77,49;35,17;72,00;18,96;87,76;12,84;48,22;28,02;100,00;183,43;0,00;350,71
2011.0;4.0;2011-04-01;BRASPINE;SOBRADINHO;SP;BOM SUCESSO DE ITARARE;285,80;123,10;60,79;18,09;86,84;12,10;46,38;26,53;100,00;203,19;0,00;4,91
2011.0;4.0;2011-04-01;BRASPINE;TAQUARAL;PR;JAGUARIAIVA;519,13;31,07;81,24;18,32;85,29;12,12;47,78;26,27;99,98;188,58;0,00;29,37
2011.0;4.0;2011-04-01;BRASPINE;TUCUNDUVA;PR;SENGES;82,21;60,89;83,41;18,73;82,41;11,89;44,63;26,40;99,96;176,86;0,00;18,24
2011.0;4.0;2011-04-01;BRASPINE;TUCUNDUVA - CHAMMA;;;;;80,05;18,78;82,62;12,13;44,60;26,50;99,91;178,64;0,00;15,71
2011.0;4.0;2011-04-01;BRASPINE;VIENA 1;PR;DOUTOR ULYSSES;263,98;178,34;80,56;17,88;86,71;12,01;45,79;26,30;100,00;213,75;0,00;0,51
2011.0;4.0;2011-04-01;BRASPINE;VIENA 2;PR;CERRO AZUL;140,23;96,54;74,62;19,20;86,52;13,31;44,86;28,28;99,95;185,57;0,00;3,34
2011.0;4.0;2011-04-01;BRASPINE;VITORIA;PR;SENGES;50,54;35,69;66,01;18,07;85,41;12,10;45,90;26,15;99,93;201,41;0,00;18,94
2011.0;4.0;2011-04-01;BRASPINE;VIVEIRO;PR;DOUTOR ULYSSES;405,39;261,22;76,42;18,33;87,18;12,53;49,46;26,81;100,00;205,65;0,00;0,00
2011.0;4.0;2011-04-01;BRASPINE;VO LINO;PR;DOUTOR ULYSSES;164,50;97,89;73,70;18,47;87,49;12,76;46,91;27,34;100,00;194,10;0,00;2,83
2011.0;4.0;2011-04-01;BRASPINE;XAXIM VELHO;;;;;65,96;16,99;86,84;9,66;44,75;24,73;100,00;268,84;0,00;0,67
2011.0;5.0;2011-05-01;BRASPINE;AGUA DOCE;PR;JAGUARIAIVA;238,97;121,99;16,42;14,54;81,52;4,44;46,23;24,13;99,78;315,99;4,44;1,68
2011.0;5.0;2011-05-01;BRASPINE;AMATA;;;;;16,57;16,00;82,78;5,60;43,69;26,41;99,62;301,08;0,00;0,24
2011.0;5.0;2011-05-01;BRASPINE;ANTA BRAVA;;;;;9,89;17,58;76,83;8,58;39,72;26,54;98,87;247,99;0,00;19,88
2011.0;5.0;2011-05-01;BRASPINE;ARAPONGAS;PR;SENGES;423,34;263,70;17,10;14,63;84,48;6,02;44,21;24,76;99,99;325,52;0,00;0,09
2011.0;5.0;2011-05-01;BRASPINE;ARROIO CLARO;PR;DOUTOR ULYSSES;275,14;92,00;18,79;14,75;84,97;6,23;43,81;25,12;99,85;333,09;0,00;5,02
2011.0;5.0;2011-05-01;BRASPINE;BARRA GRANDE;PR;DOUTOR ULYSSES;493,79;139,68;19,44;15,10;84,65;6,55;44,87;25,17;99,97;339,12;0,00;5,00
2011.0;5.0;2011-05-01;BRASPINE;BARRA GRANDE - BEMAIS;PR;GUARAPUAVA;299,16;108,61;28,05;13,81;82,38;4,03;46,37;24,01;99,98;298,80;12,40;1,61
2011.0;5.0;2011-05-01;BRASPINE;BARRETOS;PR;JAGUARIAIVA;43,35;32,98;16,92;14,63;83,55;4,96;43,90;24,45;100,00;308,33;4,96;3,69
2011.0;5.0;2011-05-01;BRASPINE;BAU;;;;;25,33;14,02;80,28;4,75;40,16;23,36;99,89;309,81;9,62;0,44
2011.0;5.0;2011-05-01;BRASPINE;BOA VISTA II;PR;PIRAI DO SUL;944,00;535,05;18,41;14,57;82,66;3,96;44,23;24,30;99,99;301,74;3,96;5,18
2011.0;5.0;2011-05-01;BRASPINE;BRASILEIRA;;;;;18,49;14,63;84,48;6,02;44,21;24,76;99,99;325,52;0,00;0,09
2011.0;5.0;2011-05-01;BRASPINE;BURACAO;;;;;28,52;14,53;82,44;5,11;40,87;24,77;99,91;325,93;0,00;1,39
2011.0;5.0;2011-05-01;BRASPINE;BURRINHO;PR;DOUTOR ULYSSES;211,01;100,37;18,75;14,75;84,97;6,23;43,81;25,12;99,85;333,09;0,00;5,02
2011.0;5.0;2011-05-01;BRASPINE;CADEADO I;PR;JAGUARIAIVA;21,07;12,29;16,26;14,43;84,09;5,20;43,68;24,53;100,00;315,10;0,00;1,41
2011.0;5.0;2011-05-01;BRASPINE;CADEADO II;PR;JAGUARIAIVA;21,88;16,79;16,26;14,43;84,09;5,20;43,68;24,53;100,00;315,10;0,00;1,41
2011.0;5.0;2011-05-01;BRASPINE;CAMPINA ALTA;PR;TIBAGI;29,77;18,24;23,34;15,52;78,85;3,31;42,72;24,59;99,60;323,44;7,53;1,51
2011.0;5.0;2011-05-01;BRASPINE;CAMPINA DO ELIAS;PR;JAGUARIAIVA;29,17;14,65;18,18;14,55;83,74;5,05;43,82;24,48;100,00;320,64;0,00;3,00
2011.0;5.0;2011-05-01;BRASPINE;CAMPO NOVO;PR;JAGUARIAIVA;295,98;156,36;16,71;14,43;84,09;5,20;43,68;24,53;100,00;315,10;0,00;1,41
2011.0;5.0;2011-05-01;BRASPINE;CONSULTORIA II A;PR;DOUTOR ULYSSES;89,62;60,79;17,83;14,63;84,48;6,02;44,21;24,76;99,99;325,52;0,00;0,09
2011.0;5.0;2011-05-01;BRASPINE;DINIZ;;;;;17,05;14,63;84,48;6,02;44,21;24,76;99,99;325,52;0,00;0,09
2011.0;5.0;2011-05-01;BRASPINE;ENES;PR;JAGUARIAIVA;5,93;5,69;16,66;14,43;84,09;5,20;43,68;24,53;100,00;315,10;0,00;1,41
2011.0;5.0;2011-05-01;BRASPINE;ENGENHARIA;;;;;17,05;14,63;84,48;6,02;44,21;24,76;99,99;325,52;0,00;0,09
2011.0;5.0;2011-05-01;BRASPINE;ESTACAO;PR;SENGES;4,76;4,14;17,83;14,43;84,09;5,20;43,68;24,53;100,00;315,10;0,00;1,41
2011.0;5.0;2011-05-01;BRASPINE;FAXINAL;PR;JAGUARIAIVA;20,65;20,65;16,66;14,43;84,09;5,20;43,68;24,53;100,00;315,10;0,00;1,41
2011.0;5.0;2011-05-01;BRASPINE;FEITAL;PR;DOUTOR ULYSSES;154,17;86,53;18,27;14,78;84,54;6,19;44,43;24,90;99,98;330,03;0,00;0,71
2011.0;5.0;2011-05-01;BRASPINE;FIGUEIRA;PR;DOUTOR ULYSSES;1053,81;315,71;18,17;14,75;84,97;6,23;43,81;25,12;99,85;333,09;0,00;5,02
2011.0;5.0;2011-05-01;BRASPINE;FIGUEIRINHA;PR;DOUTOR ULYSSES;94,37;56,74;19,43;14,75;84,97;6,23;43,81;25,12;99,85;333,09;0,00;5,02
2011.0;5.0;2011-05-01;BRASPINE;FLOEMA;PR;DOUTOR ULYSSES;2189,88;701,43;18,06;14,28;84,73;5,60;42,74;24,72;99,88;318,25;0,00;6,62
2011.0;5.0;2011-05-01;BRASPINE;FLOEMA I - SUDATI;;;;;17,46;14,63;84,48;6,02;44,21;24,76;99,99;325,52;0,00;0,09
2011.0;5.0;2011-05-01;BRASPINE;FLOEMA II - SUDATI;PR;DOUTOR ULYSSES;453,83;211,13;17,85;14,63;84,48;6,02;44,21;24,76;99,99;325,52;0,00;0,09
2011.0;5.0;2011-05-01;BRASPINE;FLOR DA SERRA;PR;SAO JOSE DA BOA VISTA;209,10;128,72;10,70;16,53;74,95;5,95;39,56;25,81;99,84;326,23;0,00;0,56
2011.0;5.0;2011-05-01;BRASPINE;GENTIL;PR;JAGUARIAIVA;126,77;53,33;16,56;14,27;81,46;3,77;45,27;23,79;99,78;322,77;3,77;3,93
2011.0;5.0;2011-05-01;BRASPINE;GUAIRACA;PR;GUARAPUAVA;623,62;169,31;33,92;13,92;82,41;3,04;47,52;24,24;99,92;299,43;10,49;9,38
2011.0;5.0;2011-05-01;BRASPINE;HERVAL 2 - MADALOSSO;;;;;27,47;14,53;82,44;5,11;40,87;24,77;99,91;325,93;0,00;1,39
2011.0;5.0;2011-05-01;BRASPINE;HERVAL DE BAIXO;PR;RESERVA;827,29;475,92;26,91;15,40;79,02;3,44;41,78;24,61;99,79;310,71;7,59;11,59
2011.0;5.0;2011-05-01;BRASPINE;HORTO 01;PR;TURVO;19,12;19,12;26,32;14,48;81,45;2,99;45,15;24,36;99,54;307,87;10,22;11,16
2011.0;5.0;2011-05-01;BRASPINE;HORTO 02;PR;TURVO;4,24;4,24;25,73;14,48;81,45;2,99;45,15;24,36;99,54;307,87;10,22;11,16
2011.0;5.0;2011-05-01;BRASPINE;HORTO 03;PR;PRUDENTOPOLIS;80,91;25,89;30,24;14,97;80,90;3,83;44,70;24,97;99,76;309,12;12,49;1,04
2011.0;5.0;2011-05-01;BRASPINE;HORTO 08;PR;TURVO;9,53;9,53;30,19;14,97;80,90;3,83;44,70;24,97;99,76;309,12;12,49;1,04
2011.0;5.0;2011-05-01;BRASPINE;HORTO 12;PR;PRUDENTOPOLIS;12,20;12,20;33,20;14,97;80,90;3,83;44,70;24,97;99,76;309,12;12,49;1,04
2011.0;5.0;2011-05-01;BRASPINE;IZAU;PR;PIRAI DO SUL;19,37;11,60;17,06;14,32;82,27;4,30;44,56;23,88;99,68;313,26;4,30;6,41
2011.0;5.0;2011-05-01;BRASPINE;JOAO RICO;PR;JAGUARIAIVA;47,46;26,18;16,59;14,54;81,52;4,44;46,23;24,13;99,78;315,99;4,44;1,68
2011.0;5.0;2011-05-01;BRASPINE;LAGOA;PR;JAGUARIAIVA;24,10;10,78;17,48;14,43;84,09;5,20;43,68;24,53;100,00;315,10;0,00;1,41
2011.0;5.0;2011-05-01;BRASPINE;MARACANA;PR;JANDAIA DO SUL;11,45;11,45;15,95;17,65;71,23;8,40;32,74;26,79;99,99;224,23;0,00;5,39
2011.0;5.0;2011-05-01;BRASPINE;MARRECA;;;;;18,33;14,75;84,97;6,23;43,81;25,12;99,85;333,09;0,00;5,02
2011.0;5.0;2011-05-01;BRASPINE;MARRECA SP;SP;ITAPIRAPUA PAULISTA;675,30;236,19;20,17;15,42;84,92;6,31;45,09;25,63;99,94;332,15;0,00;3,25
2011.0;5.0;2011-05-01;BRASPINE;MARRECAS;;;;;33,01;13,29;82,95;2,43;46,85;23,55;100,00;283,56;9,34;10,21
2011.0;5.0;2011-05-01;BRASPINE;MERCADINHO;;;;;19,68;15,28;83,98;6,46;43,68;25,73;99,71;327,93;0,00;3,42
2011.0;5.0;2011-05-01;BRASPINE;MONTE ALEGRE;;;;;18,24;18,08;70,74;8,74;32,37;27,14;100,00;216,70;0,00;0,99
2011.0;5.0;2011-05-01;BRASPINE;MONTE TABOR II;;;;;19,11;14,83;86,16;6,09;50,46;24,94;100,00;303,11;0,00;2,94
2011.0;5.0;2011-05-01;BRASPINE;MOREIRA;PR;DOUTOR ULYSSES;230,52;68,68;17,85;14,63;84,48;6,02;44,21;24,76;99,99;325,52;0,00;0,09
2011.0;5.0;2011-05-01;BRASPINE;MOREIRAS II;PR;DOUTOR ULYSSES;66,76;28,75;17,83;14,63;84,48;6,02;44,21;24,76;99,99;325,52;0,00;0,09
2011.0;5.0;2011-05-01;BRASPINE;MORRETES;PR;ORTIGUEIRA;20,36;20,36;23,35;15,80;78,72;3,82;40,28;25,13;99,54;313,18;8,03;3,21
2011.0;5.0;2011-05-01;BRASPINE;MORRO AZUL;;;;;15,82;14,93;84,23;5,84;44,50;25,11;99,84;332,64;0,00;61,53
2011.0;5.0;2011-05-01;BRASPINE;OURO FINO;SP;APIAI;51,70;51,70;20,12;14,72;85,40;5,78;46,11;24,68;99,88;330,22;0,00;56,21
2011.0;5.0;2011-05-01;BRASPINE;PALMEIRINHA DE BAIXO - SOSSEGO;PR;SENGES;85,93;9,22;14,73;14,45;81,91;5,07;45,17;24,31;99,67;317,25;0,00;57,85
2011.0;5.0;2011-05-01;BRASPINE;PAZIN;PR;DOUTOR ULYSSES;41,20;23,90;18,54;14,75;84,97;6,23;43,81;25,12;99,85;333,09;0,00;5,02
2011.0;5.0;2011-05-01;BRASPINE;PEDRAS;PR;CASTRO;7,18;7,18;22,79;14,31;82,69;3,34;45,51;23,74;99,80;310,07;3,34;14,67
2011.0;5.0;2011-05-01;BRASPINE;PESCARIA;PR;SAO JOSE DA BOA VISTA;184,57;129,22;12,41;16,72;74,75;5,83;39,34;26,31;99,72;316,58;0,00;0,40
2011.0;5.0;2011-05-01;BRASPINE;PESSEGUEIRO;PR;DOUTOR ULYSSES;109,95;64,79;19,17;14,63;84,48;6,02;44,21;24,76;99,99;325,52;0,00;0,09
2011.0;5.0;2011-05-01;BRASPINE;PITANGA;;;;;28,85;14,72;78,95;5,04;42,99;23,87;99,79;326,58;0,00;0,60
2011.0;5.0;2011-05-01;BRASPINE;QUEIMADINHO ARROIO CLARO;PR;DOUTOR ULYSSES;48,13;19,09;18,49;14,63;84,48;6,02;44,21;24,76;99,99;325,52;0,00;0,09
2011.0;5.0;2011-05-01;BRASPINE;QUEIMADINHO M6042;PR;DOUTOR ULYSSES;48,38;18,50;18,49;14,63;84,48;6,02;44,21;24,76;99,99;325,52;0,00;0,09
2011.0;5.0;2011-05-01;BRASPINE;QUEIMADINHO USUCAPIAO;PR;DOUTOR ULYSSES;200,27;92,43;18,49;14,63;84,48;6,02;44,21;24,76;99,99;325,52;0,00;0,09
2011.0;5.0;2011-05-01;BRASPINE;RAMOS;PR;SENGES;69,83;38,15;17,46;14,43;84,09;5,20;43,68;24,53;100,00;315,10;0,00;1,41
2011.0;5.0;2011-05-01;BRASPINE;RIBEIRAO GRANDE;PR;JAGUARIAIVA;20,77;20,77;17,26;14,32;82,27;4,30;44,56;23,88;99,68;313,26;4,30;6,41
2011.0;5.0;2011-05-01;BRASPINE;RINCAO DE BAIXO;;;;;17,33;15,00;77,83;3,26;42,64;24,04;99,56;332,64;3,26;3,58
2011.0;5.0;2011-05-01;BRASPINE;RIO BOMBA;PR;CERRO AZUL;65,03;37,72;21,86;15,55;82,92;5,71;42,31;26,25;99,90;302,66;0,00;1,71
2011.0;5.0;2011-05-01;BRASPINE;RIO DO MEIO;PR;DOUTOR ULYSSES;712,33;389,13;18,01;14,63;84,48;6,02;44,21;24,76;99,99;325,52;0,00;0,09
2011.0;5.0;2011-05-01;BRASPINE;RONDON;PR;JAGUARIAIVA;2899,24;1475,88;13,65;14,39;82,54;4,54;45,71;24,20;99,83;312,02;4,54;60,75
2011.0;5.0;2011-05-01;BRASPINE;SANTA FELICIDADE;;;;;20,34;15,81;84,94;5,98;46,38;25,94;100,00;322,56;0,00;1,14
2011.0;5.0;2011-05-01;BRASPINE;SANTA LIDIA DO CERCADINHO;;;;;17,69;14,68;78,00;3,07;42,98;23,77;99,79;325,64;8,05;2,34
2011.0;5.0;2011-05-01;BRASPINE;SANTO ANTONIO;;;;;15,34;14,48;82,29;5,86;44,12;24,46;99,65;319,06;0,00;60,09
2011.0;5.0;2011-05-01;BRASPINE;SAO JOSE;PR;JANDAIA DO SUL;37,56;37,56;17,83;17,93;70,87;8,63;32,58;27,00;100,00;229,49;0,00;0,23
2011.0;5.0;2011-05-01;BRASPINE;SAO MATHEUS;;;;;15,57;18,90;71,79;8,77;34,42;28,01;99,93;191,45;0,00;3,52
2011.0;5.0;2011-05-01;BRASPINE;SAO PEDRO E SAO PAULO;PR;SAPOPEMA;709,13;323,93;14,74;15,87;74,87;5,56;39,55;25,18;98,97;322,02;0,00;4,77
2011.0;5.0;2011-05-01;BRASPINE;SAO RAFAEL;;;;;24,01;14,53;80,50;3,85;41,25;24,53;99,34;324,87;8,53;2,69
2011.0;5.0;2011-05-01;BRASPINE;SAO RAFAEL - PB;;;;;17,92;14,84;85,09;5,82;45,47;24,77;99,77;334,44;0,00;57,68
2011.0;5.0;2011-05-01;BRASPINE;SERRARIA;PR;DOUTOR ULYSSES;280,88;117,71;19,35;14,52;84,85;5,91;43,28;24,92;99,86;325,65;0,00;5,84
2011.0;5.0;2011-05-01;BRASPINE;SERRO VERDE;;;;;22,61;14,35;79,25;5,53;38,18;23,60;99,91;318,21;0,00;1,18
2011.0;5.0;2011-05-01;BRASPINE;SERTAOZINHO;PR;DOUTOR ULYSSES;16,25;16,25;17,17;14,63;84,48;6,02;44,21;24,76;99,99;325,52;0,00;0,09
2011.0;5.0;2011-05-01;BRASPINE;SITIO BASILIO;PR;JAGUARIAIVA;8,08;8,08;16,38;14,33;81,22;3,79;45,60;23,83;99,81;323,28;8,77;0,99
2011.0;5.0;2011-05-01;BRASPINE;SITIO DAS MARRECAS;PR;DOUTOR ULYSSES;77,49;35,17;19,48;15,23;84,94;6,34;44,73;25,49;99,91;328,26;0,00;3,77
2011.0;5.0;2011-05-01;BRASPINE;SOBRADINHO;SP;BOM SUCESSO DE ITARARE;285,80;123,10;15,82;14,43;83,35;5,71;44,01;24,36;99,68;319,38;0,00;61,74
2011.0;5.0;2011-05-01;BRASPINE;TAQUARAL;PR;JAGUARIAIVA;519,13;31,07;16,06;14,53;82,33;4,50;46,07;24,30;99,87;316,34;4,50;0,70
2011.0;5.0;2011-05-01;BRASPINE;TUCUNDUVA;PR;SENGES;82,21;60,89;9,47;15,12;78,18;4,47;42,66;24,75;99,90;340,72;4,47;36,07
2011.0;5.0;2011-05-01;BRASPINE;TUCUNDUVA - CHAMMA;;;;;9,42;15,21;78,51;4,77;42,92;24,91;99,71;332,08;4,77;37,67
2011.0;5.0;2011-05-01;BRASPINE;VIENA 1;PR;DOUTOR ULYSSES;263,98;178,34;19,40;14,22;84,16;5,06;43,51;24,36;100,00;316,04;0,00;0,04
2011.0;5.0;2011-05-01;BRASPINE;VIENA 2;PR;CERRO AZUL;140,23;96,54;21,86;15,55;82,92;5,71;42,31;26,25;99,90;302,66;0,00;1,71
2011.0;5.0;2011-05-01;BRASPINE;VITORIA;PR;SENGES;50,54;35,69;14,73;14,45;81,91;5,07;45,17;24,31;99,67;317,25;0,00;57,85
2011.0;5.0;2011-05-01;BRASPINE;VIVEIRO;PR;DOUTOR ULYSSES;405,39;261,22;17,83;14,63;84,48;6,02;44,21;24,76;99,99;325,52;0,00;0,09
2011.0;5.0;2011-05-01;BRASPINE;VO LINO;PR;DOUTOR ULYSSES;164,50;97,89;18,39;14,75;84,97;6,23;43,81;25,12;99,85;333,09;0,00;5,02
2011.0;5.0;2011-05-01;BRASPINE;XAXIM VELHO;;;;;34,15;13,45;82,95;2,49;45,85;23,62;100,00;293,67;11,69;0,02
2011.0;6.0;2011-06-01;BRASPINE;AGUA DOCE;PR;JAGUARIAIVA;238,97;121,99;86,02;12,82;77,70;0,87;32,99;22,33;99,81;250,02;11,82;5,15
2011.0;6.0;2011-06-01;BRASPINE;AMATA;;;;;106,95;13,67;82,14;0,86;37,36;25,34;99,97;264,68;5,11;10,93
2011.0;6.0;2011-06-01;BRASPINE;ANTA BRAVA;;;;;72,51;15,49;76,89;6,24;35,30;25,80;99,96;315,16;0,00;2,96
2011.0;6.0;2011-06-01;BRASPINE;ARAPONGAS;PR;SENGES;423,34;263,70;85,79;12,93;81,39;0,84;34,20;23,50;100,00;253,27;3,98;0,23
2011.0;6.0;2011-06-01;BRASPINE;ARROIO CLARO;PR;DOUTOR ULYSSES;275,14;92,00;93,76;13,01;82,34;1,65;35,80;24,05;100,00;258,32;4,96;0,51
2011.0;6.0;2011-06-01;BRASPINE;BARRA GRANDE;PR;DOUTOR ULYSSES;493,79;139,68;83,93;13,20;82,13;0,97;34,26;24,18;100,00;255,84;4,67;1,17
2011.0;6.0;2011-06-01;BRASPINE;BARRA GRANDE - BEMAIS;PR;GUARAPUAVA;299,16;108,61;160,16;11,92;81,33;-0,66;38,97;21,77;99,99;219,06;15,17;31,13
2011.0;6.0;2011-06-01;BRASPINE;BARRETOS;PR;JAGUARIAIVA;43,35;32,98;90,03;12,89;79,75;0,79;33,85;22,97;99,92;254,72;3,14;2,92
2011.0;6.0;2011-06-01;BRASPINE;BAU;;;;;198,51;12,26;78,96;-1,69;36,78;22,22;99,89;247,93;0,65;13,84
2011.0;6.0;2011-06-01;BRASPINE;BOA VISTA II;PR;PIRAI DO SUL;944,00;535,05;93,54;12,81;78,63;0,92;33,28;22,68;99,95;251,22;7,34;3,98
2011.0;6.0;2011-06-01;BRASPINE;BRASILEIRA;;;;;83,95;12,93;81,39;0,84;34,20;23,50;100,00;253,27;3,98;0,23
2011.0;6.0;2011-06-01;BRASPINE;BURACAO;;;;;114,60;12,77;79,67;1,01;35,80;23,53;99,85;253,19;3,18;11,94
2011.0;6.0;2011-06-01;BRASPINE;BURRINHO;PR;DOUTOR ULYSSES;211,01;100,37;93,53;13,01;82,34;1,65;35,80;24,05;100,00;258,32;4,96;0,51
2011.0;6.0;2011-06-01;BRASPINE;CADEADO I;PR;JAGUARIAIVA;21,07;12,29;83,87;12,78;80,61;0,90;34,08;23,11;99,95;245,85;8,12;1,65
2011.0;6.0;2011-06-01;BRASPINE;CADEADO II;PR;JAGUARIAIVA;21,88;16,79;83,87;12,78;80,61;0,90;34,08;23,11;99,95;245,85;8,12;1,65
2011.0;6.0;2011-06-01;BRASPINE;CAMPINA ALTA;PR;TIBAGI;29,77;18,24;190,76;13,17;79,92;0,36;39,20;23,60;99,87;249,98;9,79;19,01
2011.0;6.0;2011-06-01;BRASPINE;CAMPINA DO ELIAS;PR;JAGUARIAIVA;29,17;14,65;95,80;12,85;80,06;0,83;33,93;23,02;99,89;251,52;3,32;2,49
2011.0;6.0;2011-06-01;BRASPINE;CAMPO NOVO;PR;JAGUARIAIVA;295,98;156,36;87,49;12,78;80,61;0,90;34,08;23,11;99,95;245,85;8,12;1,65
2011.0;6.0;2011-06-01;BRASPINE;CONSULTORIA II A;PR;DOUTOR ULYSSES;89,62;60,79;90,31;12,93;81,39;0,84;34,20;23,50;100,00;253,27;3,98;0,23
2011.0;6.0;2011-06-01;BRASPINE;DINIZ;;;;;88,23;12,93;81,39;0,84;34,20;23,50;100,00;253,27;3,98;0,23
2011.0;6.0;2011-06-01;BRASPINE;ENES;PR;JAGUARIAIVA;5,93;5,69;87,77;12,78;80,61;0,90;34,08;23,11;99,95;245,85;8,12;1,65
2011.0;6.0;2011-06-01;BRASPINE;ENGENHARIA;;;;;88,23;12,93;81,39;0,84;34,20;23,50;100,00;253,27;3,98;0,23
2011.0;6.0;2011-06-01;BRASPINE;ESTACAO;PR;SENGES;4,76;4,14;89,00;12,78;80,61;0,90;34,08;23,11;99,95;245,85;8,12;1,65
2011.0;6.0;2011-06-01;BRASPINE;FAXINAL;PR;JAGUARIAIVA;20,65;20,65;87,77;12,78;80,61;0,90;34,08;23,11;99,95;245,85;8,12;1,65
2011.0;6.0;2011-06-01;BRASPINE;FEITAL;PR;DOUTOR ULYSSES;154,17;86,53;84,41;13,02;81,63;0,88;34,22;23,73;100,00;254,12;4,21;2,39
2011.0;6.0;2011-06-01;BRASPINE;FIGUEIRA;PR;DOUTOR ULYSSES;1053,81;315,71;89,69;13,01;82,34;1,65;35,80;24,05;100,00;258,32;4,96;0,51
2011.0;6.0;2011-06-01;BRASPINE;FIGUEIRINHA;PR;DOUTOR ULYSSES;94,37;56,74;78,39;13,01;82,34;1,65;35,80;24,05;100,00;258,32;4,96;0,51
2011.0;6.0;2011-06-01;BRASPINE;FLOEMA;PR;DOUTOR ULYSSES;2189,88;701,43;93,71;12,74;81,32;1,20;35,61;23,42;99,99;253,04;3,92;0,71
2011.0;6.0;2011-06-01;BRASPINE;FLOEMA I - SUDATI;;;;;87,08;12,93;81,39;0,84;34,20;23,50;100,00;253,27;3,98;0,23
2011.0;6.0;2011-06-01;BRASPINE;FLOEMA II - SUDATI;PR;DOUTOR ULYSSES;453,83;211,13;93,16;12,93;81,39;0,84;34,20;23,50;100,00;253,27;3,98;0,23
2011.0;6.0;2011-06-01;BRASPINE;FLOR DA SERRA;PR;SAO JOSE DA BOA VISTA;209,10;128,72;83,22;14,14;76,42;1,22;36,82;24,42;99,48;273,61;5,35;0,13
2011.0;6.0;2011-06-01;BRASPINE;GENTIL;PR;JAGUARIAIVA;126,77;53,33;112,91;12,61;77,75;-0,15;33,59;22,09;99,90;244,28;5,49;1,81
2011.0;6.0;2011-06-01;BRASPINE;GUAIRACA;PR;GUARAPUAVA;623,62;169,31;153,53;11,90;81,58;-1,53;39,77;22,01;100,00;211,97;18,19;47,54
2011.0;6.0;2011-06-01;BRASPINE;HERVAL 2 - MADALOSSO;;;;;118,74;12,77;79,67;1,01;35,80;23,53;99,85;253,19;3,18;11,94
2011.0;6.0;2011-06-01;BRASPINE;HERVAL DE BAIXO;PR;RESERVA;827,29;475,92;185,71;12,95;80,93;-1,19;39,60;23,70;99,81;230,54;8,01;10,40
2011.0;6.0;2011-06-01;BRASPINE;HORTO 01;PR;TURVO;19,12;19,12;165,65;12,55;80,45;-1,16;40,08;22,72;100,00;231,35;19,77;2,41
2011.0;6.0;2011-06-01;BRASPINE;HORTO 02;PR;TURVO;4,24;4,24;166,93;12,55;80,45;-1,16;40,08;22,72;100,00;231,35;19,77;2,41
2011.0;6.0;2011-06-01;BRASPINE;HORTO 03;PR;PRUDENTOPOLIS;80,91;25,89;163,30;12,82;80,56;-0,45;39,94;23,28;99,96;235,84;13,28;4,74
2011.0;6.0;2011-06-01;BRASPINE;HORTO 08;PR;TURVO;9,53;9,53;149,72;12,82;80,56;-0,45;39,94;23,28;99,96;235,84;13,28;4,74
2011.0;6.0;2011-06-01;BRASPINE;HORTO 12;PR;PRUDENTOPOLIS;12,20;12,20;164,40;12,82;80,56;-0,45;39,94;23,28;99,96;235,84;13,28;4,74
2011.0;6.0;2011-06-01;BRASPINE;IZAU;PR;PIRAI DO SUL;19,37;11,60;107,82;12,66;78,03;0,38;33,45;22,22;99,92;250,40;6,55;4,99
2011.0;6.0;2011-06-01;BRASPINE;JOAO RICO;PR;JAGUARIAIVA;47,46;26,18;103,21;12,82;77,70;0,87;32,99;22,33;99,81;250,02;11,82;5,15
2011.0;6.0;2011-06-01;BRASPINE;LAGOA;PR;JAGUARIAIVA;24,10;10,78;89,42;12,78;80,61;0,90;34,08;23,11;99,95;245,85;8,12;1,65
2011.0;6.0;2011-06-01;BRASPINE;MARACANA;PR;JANDAIA DO SUL;11,45;11,45;123,69;15,50;74,34;2,28;38,69;25,56;100,00;278,83;6,25;7,49
2011.0;6.0;2011-06-01;BRASPINE;MARRECA;;;;;88,62;13,01;82,34;1,65;35,80;24,05;100,00;258,32;4,96;0,51
2011.0;6.0;2011-06-01;BRASPINE;MARRECA SP;SP;ITAPIRAPUA PAULISTA;675,30;236,19;76,30;13,37;83,12;1,76;35,94;24,88;100,00;258,66;5,71;7,59
2011.0;6.0;2011-06-01;BRASPINE;MARRECAS;;;;;150,53;11,48;81,60;-1,07;38,00;21,27;100,00;204,32;25,92;1,41
2011.0;6.0;2011-06-01;BRASPINE;MERCADINHO;;;;;86,05;13,21;82,56;1,11;36,58;24,66;99,89;254,21;4,83;5,52
2011.0;6.0;2011-06-01;BRASPINE;MONTE ALEGRE;;;;;132,16;15,90;73,85;2,69;37,88;26,15;99,72;241,59;7,18;2,58
2011.0;6.0;2011-06-01;BRASPINE;MONTE TABOR II;;;;;75,50;12,89;84,86;-0,02;38,14;24,09;100,00;244,12;8,77;2,19
2011.0;6.0;2011-06-01;BRASPINE;MOREIRA;PR;DOUTOR ULYSSES;230,52;68,68;93,16;12,93;81,39;0,84;34,20;23,50;100,00;253,27;3,98;0,23
2011.0;6.0;2011-06-01;BRASPINE;MOREIRAS II;PR;DOUTOR ULYSSES;66,76;28,75;89,89;12,93;81,39;0,84;34,20;23,50;100,00;253,27;3,98;0,23
2011.0;6.0;2011-06-01;BRASPINE;MORRETES;PR;ORTIGUEIRA;20,36;20,36;192,31;13,19;81,00;-1,05;38,74;24,32;99,76;230,87;9,12;0,08
2011.0;6.0;2011-06-01;BRASPINE;MORRO AZUL;;;;;69,65;13,07;81,59;1,01;32,06;23,69;100,00;251,16;14,68;1,41
2011.0;6.0;2011-06-01;BRASPINE;OURO FINO;SP;APIAI;51,70;51,70;66,47;12,89;83,08;0,44;34,36;23,64;100,00;247,34;13,76;3,61
2011.0;6.0;2011-06-01;BRASPINE;PALMEIRINHA DE BAIXO - SOSSEGO;PR;SENGES;85,93;9,22;76,19;12,83;78,48;1,05;30,81;22,39;99,59;246,94;8,78;5,46
2011.0;6.0;2011-06-01;BRASPINE;PAZIN;PR;DOUTOR ULYSSES;41,20;23,90;81,82;13,01;82,34;1,65;35,80;24,05;100,00;258,32;4,96;0,51
2011.0;6.0;2011-06-01;BRASPINE;PEDRAS;PR;CASTRO;7,18;7,18;128,24;12,50;78,90;-0,76;35,07;22,25;99,77;243,28;4,91;0,18
2011.0;6.0;2011-06-01;BRASPINE;PESCARIA;PR;SAO JOSE DA BOA VISTA;184,57;129,22;93,03;14,33;75,47;1,72;34,15;24,51;99,52;274,77;10,53;3,31
2011.0;6.0;2011-06-01;BRASPINE;PESSEGUEIRO;PR;DOUTOR ULYSSES;109,95;64,79;94,86;12,93;81,39;0,84;34,20;23,50;100,00;253,27;3,98;0,23
2011.0;6.0;2011-06-01;BRASPINE;PITANGA;;;;;177,39;12,70;78,85;-1,44;36,41;22,87;99,81;253,34;6,52;7,63
2011.0;6.0;2011-06-01;BRASPINE;QUEIMADINHO ARROIO CLARO;PR;DOUTOR ULYSSES;48,13;19,09;83,95;12,93;81,39;0,84;34,20;23,50;100,00;253,27;3,98;0,23
2011.0;6.0;2011-06-01;BRASPINE;QUEIMADINHO M6042;PR;DOUTOR ULYSSES;48,38;18,50;83,95;12,93;81,39;0,84;34,20;23,50;100,00;253,27;3,98;0,23
2011.0;6.0;2011-06-01;BRASPINE;QUEIMADINHO USUCAPIAO;PR;DOUTOR ULYSSES;200,27;92,43;83,95;12,93;81,39;0,84;34,20;23,50;100,00;253,27;3,98;0,23
2011.0;6.0;2011-06-01;BRASPINE;RAMOS;PR;SENGES;69,83;38,15;87,08;12,78;80,61;0,90;34,08;23,11;99,95;245,85;8,12;1,65
2011.0;6.0;2011-06-01;BRASPINE;RIBEIRAO GRANDE;PR;JAGUARIAIVA;20,77;20,77;100,12;12,66;78,03;0,38;33,45;22,22;99,92;250,40;6,55;4,99
2011.0;6.0;2011-06-01;BRASPINE;RINCAO DE BAIXO;;;;;151,88;12,80;77,56;-1,27;35,00;22,75;99,88;241,30;7,72;1,17
2011.0;6.0;2011-06-01;BRASPINE;RIO BOMBA;PR;CERRO AZUL;65,03;37,72;96,81;13,40;81,71;1,53;37,89;25,02;99,98;256,72;5,43;13,91
2011.0;6.0;2011-06-01;BRASPINE;RIO DO MEIO;PR;DOUTOR ULYSSES;712,33;389,13;88,30;12,93;81,39;0,84;34,20;23,50;100,00;253,27;3,98;0,23
2011.0;6.0;2011-06-01;BRASPINE;RONDON;PR;JAGUARIAIVA;2899,24;1475,88;82,65;12,74;78,96;0,60;32,45;22,42;99,78;244,00;12,37;8,82
2011.0;6.0;2011-06-01;BRASPINE;SANTA FELICIDADE;;;;;86,63;13,57;83,76;1,57;36,18;25,47;100,00;257,47;10,54;6,06
2011.0;6.0;2011-06-01;BRASPINE;SANTA LIDIA DO CERCADINHO;;;;;152,48;12,63;77,39;-1,38;34,58;22,40;99,91;239,27;7,38;0,50
2011.0;6.0;2011-06-01;BRASPINE;SANTO ANTONIO;;;;;76,50;12,79;79,33;0,33;29,98;22,66;99,82;243,99;8,50;4,13
2011.0;6.0;2011-06-01;BRASPINE;SAO JOSE;PR;JANDAIA DO SUL;37,56;37,56;131,44;15,78;73,96;2,60;38,21;25,94;99,95;239,52;6,96;3,83
2011.0;6.0;2011-06-01;BRASPINE;SAO MATHEUS;;;;;135,83;16,53;74,83;2,07;38,17;27,67;99,51;245,09;2,07;7,45
2011.0;6.0;2011-06-01;BRASPINE;SAO PEDRO E SAO PAULO;PR;SAPOPEMA;709,13;323,93;106,82;13,85;76,62;1,11;38,58;23,77;99,67;272,55;4,47;0,18
2011.0;6.0;2011-06-01;BRASPINE;SAO RAFAEL;;;;;152,44;12,36;79,21;-1,98;35,95;23,38;99,97;237,10;11,99;9,42
2011.0;6.0;2011-06-01;BRASPINE;SAO RAFAEL - PB;;;;;72,49;13,01;82,65;0,77;33,60;23,71;99,99;253,30;14,80;2,75
2011.0;6.0;2011-06-01;BRASPINE;SERRARIA;PR;DOUTOR ULYSSES;280,88;117,71;92,52;12,88;81,83;1,43;35,71;23,73;100,00;255,72;4,45;0,61
2011.0;6.0;2011-06-01;BRASPINE;SERRO VERDE;;;;;197,16;12,51;78,28;-2,82;36,16;22,79;99,91;237,25;3,89;9,51
2011.0;6.0;2011-06-01;BRASPINE;SERTAOZINHO;PR;DOUTOR ULYSSES;16,25;16,25;80,33;12,93;81,39;0,84;34,20;23,50;100,00;253,27;3,98;0,23
2011.0;6.0;2011-06-01;BRASPINE;SITIO BASILIO;PR;JAGUARIAIVA;8,08;8,08;83,95;12,65;77,65;-0,04;33,47;22,11;99,87;243,90;10,36;0,95
2011.0;6.0;2011-06-01;BRASPINE;SITIO DAS MARRECAS;PR;DOUTOR ULYSSES;77,49;35,17;76,14;13,27;82,90;1,73;35,90;24,64;100,00;258,54;5,50;7,99
2011.0;6.0;2011-06-01;BRASPINE;SOBRADINHO;SP;BOM SUCESSO DE ITARARE;285,80;123,10;75,45;12,75;80,57;0,28;30,66;22,82;99,91;244,41;8,77;7,45
2011.0;6.0;2011-06-01;BRASPINE;TAQUARAL;PR;JAGUARIAIVA;519,13;31,07;87,67;12,82;78,54;0,59;33,00;22,46;99,83;247,95;11,81;19,15
2011.0;6.0;2011-06-01;BRASPINE;TUCUNDUVA;PR;SENGES;82,21;60,89;78,49;13,27;76,22;0,29;32,26;22,89;99,52;253,86;7,19;6,43
2011.0;6.0;2011-06-01;BRASPINE;TUCUNDUVA - CHAMMA;;;;;82,23;13,39;76,34;1,45;31,85;22,92;99,52;259,35;8,68;17,74
2011.0;6.0;2011-06-01;BRASPINE;VIENA 1;PR;DOUTOR ULYSSES;263,98;178,34;97,69;12,71;80,19;1,18;35,60;22,96;99,98;255,91;3,45;9,33
2011.0;6.0;2011-06-01;BRASPINE;VIENA 2;PR;CERRO AZUL;140,23;96,54;96,52;13,40;81,71;1,53;37,89;25,02;99,98;256,72;5,43;13,91
2011.0;6.0;2011-06-01;BRASPINE;VITORIA;PR;SENGES;50,54;35,69;76,19;12,83;78,48;1,05;30,81;22,39;99,59;246,94;8,78;5,46
2011.0;6.0;2011-06-01;BRASPINE;VIVEIRO;PR;DOUTOR ULYSSES;405,39;261,22;89,89;12,93;81,39;0,84;34,20;23,50;100,00;253,27;3,98;0,23
2011.0;6.0;2011-06-01;BRASPINE;VO LINO;PR;DOUTOR ULYSSES;164,50;97,89;91,53;13,01;82,34;1,65;35,80;24,05;100,00;258,32;4,96;0,51
2011.0;6.0;2011-06-01;BRASPINE;XAXIM VELHO;;;;;158,57;11,52;81,59;-2,96;39,07;21,56;100,00;206,86;23,05;0,44
2011.0;7.0;2011-07-01;BRASPINE;AGUA DOCE;PR;JAGUARIAIVA;238,97;121,99;176,15;14,67;80,20;3,30;42,06;23,89;99,73;313,52;11,82;5,13
2011.0;7.0;2011-07-01;BRASPINE;AMATA;;;;;243,24;15,45;85,86;5,38;41,84;25,93;100,00;336,92;0,00;3,31
2011.0;7.0;2011-07-01;BRASPINE;ANTA BRAVA;;;;;44,48;17,86;73,84;6,70;31,71;28,28;98,24;326,97;0,00;1,73
2011.0;7.0;2011-07-01;BRASPINE;ARAPONGAS;PR;SENGES;423,34;263,70;184,73;14,57;84,33;4,82;40,27;24,43;100,00;332,96;9,81;0,67
2011.0;7.0;2011-07-01;BRASPINE;ARROIO CLARO;PR;DOUTOR ULYSSES;275,14;92,00;204,03;14,60;85,53;4,90;39,82;24,59;100,00;336,20;4,90;5,46
2011.0;7.0;2011-07-01;BRASPINE;BARRA GRANDE;PR;DOUTOR ULYSSES;493,79;139,68;181,76;14,93;85,26;4,75;39,65;25,21;100,00;339,36;4,75;87,43
2011.0;7.0;2011-07-01;BRASPINE;BARRA GRANDE - BEMAIS;PR;GUARAPUAVA;299,16;108,61;267,25;13,77;81,88;2,54;39,83;22,63;100,00;294,83;21,30;13,24
2011.0;7.0;2011-07-01;BRASPINE;BARRETOS;PR;JAGUARIAIVA;43,35;32,98;192,98;14,73;82,37;4,27;40,68;24,50;99,91;335,85;9,04;5,42
2011.0;7.0;2011-07-01;BRASPINE;BAU;;;;;297,74;13,96;80,35;1,74;38,09;22,67;99,90;309,09;15,38;0,88
2011.0;7.0;2011-07-01;BRASPINE;BOA VISTA II;PR;PIRAI DO SUL;944,00;535,05;207,55;14,73;81,21;3,83;40,96;24,40;99,96;316,79;8,46;7,58
2011.0;7.0;2011-07-01;BRASPINE;BRASILEIRA;;;;;180,90;14,57;84,33;4,82;40,27;24,43;100,00;332,96;9,81;0,67
2011.0;7.0;2011-07-01;BRASPINE;BURACAO;;;;;226,60;14,43;82,04;3,30;41,70;24,21;100,00;311,93;16,21;5,11
2011.0;7.0;2011-07-01;BRASPINE;BURRINHO;PR;DOUTOR ULYSSES;211,01;100,37;203,64;14,60;85,53;4,90;39,82;24,59;100,00;336,20;4,90;5,46
2011.0;7.0;2011-07-01;BRASPINE;CADEADO I;PR;JAGUARIAIVA;21,07;12,29;189,41;14,50;83,30;4,68;40,10;24,21;100,00;329,09;9,50;2,84
2011.0;7.0;2011-07-01;BRASPINE;CADEADO II;PR;JAGUARIAIVA;21,88;16,79;189,41;14,50;83,30;4,68;40,10;24,21;100,00;329,09;9,50;2,84
2011.0;7.0;2011-07-01;BRASPINE;CAMPINA ALTA;PR;TIBAGI;29,77;18,24;244,56;15,18;80,99;2,07;40,99;24,80;99,96;328,21;14,99;10,22
2011.0;7.0;2011-07-01;BRASPINE;CAMPINA DO ELIAS;PR;JAGUARIAIVA;29,17;14,65;196,57;14,65;82,71;4,42;40,63;24,39;99,94;333,39;9,21;4,55
2011.0;7.0;2011-07-01;BRASPINE;CAMPO NOVO;PR;JAGUARIAIVA;295,98;156,36;185,42;14,50;83,30;4,68;40,10;24,21;100,00;329,09;9,50;2,84
2011.0;7.0;2011-07-01;BRASPINE;CONSULTORIA II A;PR;DOUTOR ULYSSES;89,62;60,79;182,37;14,57;84,33;4,82;40,27;24,43;100,00;332,96;9,81;0,67
2011.0;7.0;2011-07-01;BRASPINE;DINIZ;;;;;164,39;14,57;84,33;4,82;40,27;24,43;100,00;332,96;9,81;0,67
2011.0;7.0;2011-07-01;BRASPINE;ENES;PR;JAGUARIAIVA;5,93;5,69;185,60;14,50;83,30;4,68;40,10;24,21;100,00;329,09;9,50;2,84
2011.0;7.0;2011-07-01;BRASPINE;ENGENHARIA;;;;;164,39;14,57;84,33;4,82;40,27;24,43;100,00;332,96;9,81;0,67
2011.0;7.0;2011-07-01;BRASPINE;ESTACAO;PR;SENGES;4,76;4,14;190,77;14,50;83,30;4,68;40,10;24,21;100,00;329,09;9,50;2,84
2011.0;7.0;2011-07-01;BRASPINE;FAXINAL;PR;JAGUARIAIVA;20,65;20,65;185,60;14,50;83,30;4,68;40,10;24,21;100,00;329,09;9,50;2,84
2011.0;7.0;2011-07-01;BRASPINE;FEITAL;PR;DOUTOR ULYSSES;154,17;86,53;185,00;14,69;84,64;4,80;40,06;24,69;100,00;335,09;4,80;12,45
2011.0;7.0;2011-07-01;BRASPINE;FIGUEIRA;PR;DOUTOR ULYSSES;1053,81;315,71;187,47;14,60;85,53;4,90;39,82;24,59;100,00;336,20;4,90;5,46
2011.0;7.0;2011-07-01;BRASPINE;FIGUEIRINHA;PR;DOUTOR ULYSSES;94,37;56,74;217,06;14,60;85,53;4,90;39,82;24,59;100,00;336,20;4,90;5,46
2011.0;7.0;2011-07-01;BRASPINE;FLOEMA;PR;DOUTOR ULYSSES;2189,88;701,43;203,68;14,28;84,24;4,65;40,01;23,96;100,00;328,37;9,40;7,30
2011.0;7.0;2011-07-01;BRASPINE;FLOEMA I - SUDATI;;;;;188,83;14,57;84,33;4,82;40,27;24,43;100,00;332,96;9,81;0,67
2011.0;7.0;2011-07-01;BRASPINE;FLOEMA II - SUDATI;PR;DOUTOR ULYSSES;453,83;211,13;180,16;14,57;84,33;4,82;40,27;24,43;100,00;332,96;9,81;0,67
2011.0;7.0;2011-07-01;BRASPINE;FLOR DA SERRA;PR;SAO JOSE DA BOA VISTA;209,10;128,72;88,67;16,10;78,36;4,64;37,76;26,06;99,73;334,83;4,64;16,15
2011.0;7.0;2011-07-01;BRASPINE;GENTIL;PR;JAGUARIAIVA;126,77;53,33;158,49;14,45;79,96;3,43;42,80;23,43;99,79;311,66;11,41;5,87
2011.0;7.0;2011-07-01;BRASPINE;GUAIRACA;PR;GUARAPUAVA;623,62;169,31;270,70;13,78;82,45;1,94;41,46;22,80;100,00;306,05;18,28;15,33
2011.0;7.0;2011-07-01;BRASPINE;HERVAL 2 - MADALOSSO;;;;;227,08;14,43;82,04;3,30;41,70;24,21;100,00;311,93;16,21;5,11
2011.0;7.0;2011-07-01;BRASPINE;HERVAL DE BAIXO;PR;RESERVA;827,29;475,92;261,15;14,96;82,12;2,00;41,52;24,83;99,92;312,74;14,51;9,21
2011.0;7.0;2011-07-01;BRASPINE;HORTO 01;PR;TURVO;19,12;19,12;281,74;14,44;81,70;1,75;42,94;23,30;99,77;290,84;15,66;2,59
2011.0;7.0;2011-07-01;BRASPINE;HORTO 02;PR;TURVO;4,24;4,24;284,38;14,44;81,70;1,75;42,94;23,30;99,77;290,84;15,66;2,59
2011.0;7.0;2011-07-01;BRASPINE;HORTO 03;PR;PRUDENTOPOLIS;80,91;25,89;273,58;14,72;82,13;2,36;43,63;23,99;99,93;309,85;12,89;8,06
2011.0;7.0;2011-07-01;BRASPINE;HORTO 08;PR;TURVO;9,53;9,53;276,64;14,72;82,13;2,36;43,63;23,99;99,93;309,85;12,89;8,06
2011.0;7.0;2011-07-01;BRASPINE;HORTO 12;PR;PRUDENTOPOLIS;12,20;12,20;271,99;14,72;82,13;2,36;43,63;23,99;99,93;309,85;12,89;8,06
2011.0;7.0;2011-07-01;BRASPINE;IZAU;PR;PIRAI DO SUL;19,37;11,60;185,82;14,50;80,49;3,31;41,92;23,82;99,97;331,88;12,56;9,40
2011.0;7.0;2011-07-01;BRASPINE;JOAO RICO;PR;JAGUARIAIVA;47,46;26,18;163,96;14,67;80,20;3,30;42,06;23,89;99,73;313,52;11,82;5,13
2011.0;7.0;2011-07-01;BRASPINE;LAGOA;PR;JAGUARIAIVA;24,10;10,78;188,78;14,50;83,30;4,68;40,10;24,21;100,00;329,09;9,50;2,84
2011.0;7.0;2011-07-01;BRASPINE;MARACANA;PR;JANDAIA DO SUL;11,45;11,45;150,45;17,47;73,87;6,98;33,71;26,89;100,00;186,82;0,00;2,94
2011.0;7.0;2011-07-01;BRASPINE;MARRECA;;;;;199,92;14,60;85,53;4,90;39,82;24,59;100,00;336,20;4,90;5,46
2011.0;7.0;2011-07-01;BRASPINE;MARRECA SP;SP;ITAPIRAPUA PAULISTA;675,30;236,19;219,34;15,11;86,57;4,60;39,74;25,58;100,00;329,55;4,60;3,48
2011.0;7.0;2011-07-01;BRASPINE;MARRECAS;;;;;261,34;13,34;81,83;1,69;38,09;22,10;100,00;299,60;18,20;9,44
2011.0;7.0;2011-07-01;BRASPINE;MERCADINHO;;;;;222,39;14,89;86,15;5,15;40,46;25,21;100,00;334,97;0,00;1,60
2011.0;7.0;2011-07-01;BRASPINE;MONTE ALEGRE;;;;;144,49;17,85;73,28;6,94;33,22;27,40;99,98;175,20;0,00;1,19
2011.0;7.0;2011-07-01;BRASPINE;MONTE TABOR II;;;;;166,14;14,43;87,79;4,29;44,78;24,57;100,00;328,36;4,29;0,32
2011.0;7.0;2011-07-01;BRASPINE;MOREIRA;PR;DOUTOR ULYSSES;230,52;68,68;180,16;14,57;84,33;4,82;40,27;24,43;100,00;332,96;9,81;0,67
2011.0;7.0;2011-07-01;BRASPINE;MOREIRAS II;PR;DOUTOR ULYSSES;66,76;28,75;182,69;14,57;84,33;4,82;40,27;24,43;100,00;332,96;9,81;0,67
2011.0;7.0;2011-07-01;BRASPINE;MORRETES;PR;ORTIGUEIRA;20,36;20,36;243,00;15,25;82,51;2,50;41,22;25,54;99,92;313,59;10,60;9,36
2011.0;7.0;2011-07-01;BRASPINE;MORRO AZUL;;;;;154,56;14,80;84,35;4,30;38,88;25,19;100,00;334,76;4,30;5,75
2011.0;7.0;2011-07-01;BRASPINE;OURO FINO;SP;APIAI;51,70;51,70;147,81;14,53;85,65;4,29;41,30;24,71;100,00;329,82;4,29;14,95
2011.0;7.0;2011-07-01;BRASPINE;PALMEIRINHA DE BAIXO - SOSSEGO;PR;SENGES;85,93;9,22;130,77;14,55;80,62;4,06;40,34;23,88;99,93;312,83;8,80;6,72
2011.0;7.0;2011-07-01;BRASPINE;PAZIN;PR;DOUTOR ULYSSES;41,20;23,90;195,55;14,60;85,53;4,90;39,82;24,59;100,00;336,20;4,90;5,46
2011.0;7.0;2011-07-01;BRASPINE;PEDRAS;PR;CASTRO;7,18;7,18;195,14;14,45;81,00;2,81;42,61;23,87;99,88;314,76;11,58;12,87
2011.0;7.0;2011-07-01;BRASPINE;PESCARIA;PR;SAO JOSE DA BOA VISTA;184,57;129,22;83,69;16,33;77,47;4,44;37,56;26,22;99,77;307,88;4,44;16,86
2011.0;7.0;2011-07-01;BRASPINE;PESSEGUEIRO;PR;DOUTOR ULYSSES;109,95;64,79;195,70;14,57;84,33;4,82;40,27;24,43;100,00;332,96;9,81;0,67
2011.0;7.0;2011-07-01;BRASPINE;PITANGA;;;;;317,89;14,48;80,26;2,30;40,65;23,13;99,81;320,25;18,02;1,79
2011.0;7.0;2011-07-01;BRASPINE;QUEIMADINHO ARROIO CLARO;PR;DOUTOR ULYSSES;48,13;19,09;180,90;14,57;84,33;4,82;40,27;24,43;100,00;332,96;9,81;0,67
2011.0;7.0;2011-07-01;BRASPINE;QUEIMADINHO M6042;PR;DOUTOR ULYSSES;48,38;18,50;180,90;14,57;84,33;4,82;40,27;24,43;100,00;332,96;9,81;0,67
2011.0;7.0;2011-07-01;BRASPINE;QUEIMADINHO USUCAPIAO;PR;DOUTOR ULYSSES;200,27;92,43;180,90;14,57;84,33;4,82;40,27;24,43;100,00;332,96;9,81;0,67
2011.0;7.0;2011-07-01;BRASPINE;RAMOS;PR;SENGES;69,83;38,15;188,83;14,50;83,30;4,68;40,10;24,21;100,00;329,09;9,50;2,84
2011.0;7.0;2011-07-01;BRASPINE;RIBEIRAO GRANDE;PR;JAGUARIAIVA;20,77;20,77;186,90;14,50;80,49;3,31;41,92;23,82;99,97;331,88;12,56;9,40
2011.0;7.0;2011-07-01;BRASPINE;RINCAO DE BAIXO;;;;;177,96;14,71;79,12;1,94;38,80;23,92;99,47;317,10;9,42;2,56
2011.0;7.0;2011-07-01;BRASPINE;RIO BOMBA;PR;CERRO AZUL;65,03;37,72;227,19;15,07;85,62;4,88;41,11;25,51;99,99;337,10;4,88;4,93
2011.0;7.0;2011-07-01;BRASPINE;RIO DO MEIO;PR;DOUTOR ULYSSES;712,33;389,13;182,21;14,57;84,33;4,82;40,27;24,43;100,00;332,96;9,81;0,67
2011.0;7.0;2011-07-01;BRASPINE;RONDON;PR;JAGUARIAIVA;2899,24;1475,88;145,52;14,53;81,16;4,16;41,75;23,75;99,84;327,09;13,25;0,40
2011.0;7.0;2011-07-01;BRASPINE;SANTA FELICIDADE;;;;;197,69;15,32;87,50;4,46;39,85;26,13;100,00;329,03;4,46;1,08
2011.0;7.0;2011-07-01;BRASPINE;SANTA LIDIA DO CERCADINHO;;;;;179,72;14,44;78,99;1,78;38,71;23,39;99,42;326,23;9,09;1,20
2011.0;7.0;2011-07-01;BRASPINE;SANTO ANTONIO;;;;;143,46;14,50;81,44;3,61;38,76;24,27;100,00;325,13;3,61;45,33
2011.0;7.0;2011-07-01;BRASPINE;SAO JOSE;PR;JANDAIA DO SUL;37,56;37,56;139,15;17,73;73,41;6,95;33,36;27,21;100,00;189,19;0,00;1,82
2011.0;7.0;2011-07-01;BRASPINE;SAO MATHEUS;;;;;178,57;18,58;73,72;5,04;33,48;28,72;99,91;131,12;0,00;1,97
2011.0;7.0;2011-07-01;BRASPINE;SAO PEDRO E SAO PAULO;PR;SAPOPEMA;709,13;323,93;116,83;15,90;76,58;4,53;35,45;25,05;99,71;321,71;4,53;4,09
2011.0;7.0;2011-07-01;BRASPINE;SAO RAFAEL;;;;;221,47;13,75;83,06;2,11;37,61;23,60;100,00;286,51;19,32;5,66
2011.0;7.0;2011-07-01;BRASPINE;SAO RAFAEL - PB;;;;;163,91;14,66;85,30;4,32;40,37;24,93;100,00;334,02;4,32;12,30
2011.0;7.0;2011-07-01;BRASPINE;SERRARIA;PR;DOUTOR ULYSSES;280,88;117,71;203,09;14,44;84,89;4,83;39,91;24,28;100,00;332,28;9,69;6,40
2011.0;7.0;2011-07-01;BRASPINE;SERRO VERDE;;;;;292,81;14,30;79,25;1,54;36,01;23,14;99,92;324,35;14,89;11,21
2011.0;7.0;2011-07-01;BRASPINE;SERTAOZINHO;PR;DOUTOR ULYSSES;16,25;16,25;175,84;14,57;84,33;4,82;40,27;24,43;100,00;332,96;9,81;0,67
2011.0;7.0;2011-07-01;BRASPINE;SITIO BASILIO;PR;JAGUARIAIVA;8,08;8,08;178,26;14,49;79,86;3,04;42,88;23,44;99,72;310,16;11,18;6,92
2011.0;7.0;2011-07-01;BRASPINE;SITIO DAS MARRECAS;PR;DOUTOR ULYSSES;77,49;35,17;213,77;14,96;86,27;4,69;39,76;25,29;100,00;327,25;4,69;118,26
2011.0;7.0;2011-07-01;BRASPINE;SOBRADINHO;SP;BOM SUCESSO DE ITARARE;285,80;123,10;146,97;14,38;82,74;3,08;38,61;24,40;100,00;322,84;8,02;45,35
2011.0;7.0;2011-07-01;BRASPINE;TAQUARAL;PR;JAGUARIAIVA;519,13;31,07;164,04;14,66;81,04;3,79;41,96;23,99;99,90;313,15;12,70;1,95
2011.0;7.0;2011-07-01;BRASPINE;TUCUNDUVA;PR;SENGES;82,21;60,89;138,86;15,23;77,59;3,79;39,34;24,18;99,96;343,44;8,07;5,72
2011.0;7.0;2011-07-01;BRASPINE;TUCUNDUVA - CHAMMA;;;;;130,03;15,30;77,83;4,08;39,52;24,30;99,74;346,49;8,47;4,09
2011.0;7.0;2011-07-01;BRASPINE;VIENA 1;PR;DOUTOR ULYSSES;263,98;178,34;208,70;14,35;82,84;4,06;41,42;23,81;100,00;333,68;8,85;8,85
2011.0;7.0;2011-07-01;BRASPINE;VIENA 2;PR;CERRO AZUL;140,23;96,54;227,04;15,07;85,62;4,88;41,11;25,51;99,99;337,10;4,88;4,93
2011.0;7.0;2011-07-01;BRASPINE;VITORIA;PR;SENGES;50,54;35,69;130,77;14,55;80,62;4,06;40,34;23,88;99,93;312,83;8,80;6,72
2011.0;7.0;2011-07-01;BRASPINE;VIVEIRO;PR;DOUTOR ULYSSES;405,39;261,22;182,69;14,57;84,33;4,82;40,27;24,43;100,00;332,96;9,81;0,67
2011.0;7.0;2011-07-01;BRASPINE;VO LINO;PR;DOUTOR ULYSSES;164,50;97,89;200,11;14,60;85,53;4,90;39,82;24,59;100,00;336,20;4,90;5,46
2011.0;7.0;2011-07-01;BRASPINE;XAXIM VELHO;;;;;274,64;13,30;82,69;0,96;39,98;22,35;100,00;290,26;15,45;8,61
2011.0;8.0;2011-08-01;BRASPINE;AGUA DOCE;PR;JAGUARIAIVA;238,97;121,99;61,90;15,10;76,14;1,17;38,07;26,69;99,62;267,46;5,79;2,71
2011.0;8.0;2011-08-01;BRASPINE;AMATA;;;;;126,31;15,88;81,12;3,13;36,43;29,11;99,99;309,40;11,51;8,27
2011.0;8.0;2011-08-01;BRASPINE;ANTA BRAVA;;;;;52,95;18,54;68,86;4,92;24,54;31,83;97,38;194,56;4,92;9,68
2011.0;8.0;2011-08-01;BRASPINE;ARAPONGAS;PR;SENGES;423,34;263,70;72,44;15,03;79,79;2,27;34,12;27,42;100,00;285,91;9,43;4,12
2011.0;8.0;2011-08-01;BRASPINE;ARROIO CLARO;PR;DOUTOR ULYSSES;275,14;92,00;90,15;15,07;80,89;3,08;33,67;27,75;100,00;291,21;10,88;3,13
2011.0;8.0;2011-08-01;BRASPINE;BARRA GRANDE;PR;DOUTOR ULYSSES;493,79;139,68;71,70;15,34;80,65;2,25;33,47;28,40;100,00;291,44;10,10;1,66
2011.0;8.0;2011-08-01;BRASPINE;BARRA GRANDE - BEMAIS;PR;GUARAPUAVA;299,16;108,61;212,56;13,83;80,33;-0,05;35,97;25,19;99,99;277,97;9,25;6,77
2011.0;8.0;2011-08-01;BRASPINE;BARRETOS;PR;JAGUARIAIVA;43,35;32,98;75,01;15,06;78,17;2,01;35,53;27,16;99,94;269,22;7,95;2,74
2011.0;8.0;2011-08-01;BRASPINE;BAU;;;;;201,61;14,03;78,29;1,40;36,77;25,03;99,92;257,14;12,62;4,76
2011.0;8.0;2011-08-01;BRASPINE;BOA VISTA II;PR;PIRAI DO SUL;944,00;535,05;84,37;15,08;76,94;1,11;36,76;27,00;99,85;266,68;6,08;3,50
2011.0;8.0;2011-08-01;BRASPINE;BRASILEIRA;;;;;68,16;15,03;79,79;2,27;34,12;27,42;100,00;285,91;9,43;4,12
2011.0;8.0;2011-08-01;BRASPINE;BURACAO;;;;;183,16;14,62;78,98;1,07;36,97;26,90;99,84;273,69;6,82;0,35
2011.0;8.0;2011-08-01;BRASPINE;BURRINHO;PR;DOUTOR ULYSSES;211,01;100,37;90,14;15,07;80,89;3,08;33,67;27,75;100,00;291,21;10,88;3,13
2011.0;8.0;2011-08-01;BRASPINE;CADEADO I;PR;JAGUARIAIVA;21,07;12,29;74,86;14,91;78,89;1,49;34,82;26,95;100,00;280,30;8,14;1,63
2011.0;8.0;2011-08-01;BRASPINE;CADEADO II;PR;JAGUARIAIVA;21,88;16,79;74,86;14,91;78,89;1,49;34,82;26,95;100,00;280,30;8,14;1,63
2011.0;8.0;2011-08-01;BRASPINE;CAMPINA ALTA;PR;TIBAGI;29,77;18,24;134,97;15,62;77,18;0,23;39,12;27,60;99,89;255,86;6,98;3,31
2011.0;8.0;2011-08-01;BRASPINE;CAMPINA DO ELIAS;PR;JAGUARIAIVA;29,17;14,65;86,59;15,00;78,43;1,83;35,27;27,08;99,96;282,90;8,03;2,36
2011.0;8.0;2011-08-01;BRASPINE;CAMPO NOVO;PR;JAGUARIAIVA;295,98;156,36;71,56;14,91;78,89;1,49;34,82;26,95;100,00;280,30;8,14;1,63
2011.0;8.0;2011-08-01;BRASPINE;CONSULTORIA II A;PR;DOUTOR ULYSSES;89,62;60,79;73,30;15,03;79,79;2,27;34,12;27,42;100,00;285,91;9,43;4,12
2011.0;8.0;2011-08-01;BRASPINE;DINIZ;;;;;68,46;15,03;79,79;2,27;34,12;27,42;100,00;285,91;9,43;4,12
2011.0;8.0;2011-08-01;BRASPINE;ENES;PR;JAGUARIAIVA;5,93;5,69;71,49;14,91;78,89;1,49;34,82;26,95;100,00;280,30;8,14;1,63
2011.0;8.0;2011-08-01;BRASPINE;ENGENHARIA;;;;;68,46;15,03;79,79;2,27;34,12;27,42;100,00;285,91;9,43;4,12
2011.0;8.0;2011-08-01;BRASPINE;ESTACAO;PR;SENGES;4,76;4,14;79,14;14,91;78,89;1,49;34,82;26,95;100,00;280,30;8,14;1,63
2011.0;8.0;2011-08-01;BRASPINE;FAXINAL;PR;JAGUARIAIVA;20,65;20,65;71,49;14,91;78,89;1,49;34,82;26,95;100,00;280,30;8,14;1,63
2011.0;8.0;2011-08-01;BRASPINE;FEITAL;PR;DOUTOR ULYSSES;154,17;86,53;75,10;15,13;80,08;2,27;33,90;27,74;100,00;287,76;9,66;3,32
2011.0;8.0;2011-08-01;BRASPINE;FIGUEIRA;PR;DOUTOR ULYSSES;1053,81;315,71;79,53;15,07;80,89;3,08;33,67;27,75;100,00;291,21;10,88;3,13
2011.0;8.0;2011-08-01;BRASPINE;FIGUEIRINHA;PR;DOUTOR ULYSSES;94,37;56,74;92,97;15,07;80,89;3,08;33,67;27,75;100,00;291,21;10,88;3,13
2011.0;8.0;2011-08-01;BRASPINE;FLOEMA;PR;DOUTOR ULYSSES;2189,88;701,43;89,80;14,73;79,69;2,57;34,25;26,82;100,00;282,73;9,57;2,84
2011.0;8.0;2011-08-01;BRASPINE;FLOEMA I - SUDATI;;;;;77,62;15,03;79,79;2,27;34,12;27,42;100,00;285,91;9,43;4,12
2011.0;8.0;2011-08-01;BRASPINE;FLOEMA II - SUDATI;PR;DOUTOR ULYSSES;453,83;211,13;73,18;15,03;79,79;2,27;34,12;27,42;100,00;285,91;9,43;4,12
2011.0;8.0;2011-08-01;BRASPINE;FLOR DA SERRA;PR;SAO JOSE DA BOA VISTA;209,10;128,72;56,80;17,11;72,24;2,23;32,55;29,71;97,50;283,96;5,58;42,32
2011.0;8.0;2011-08-01;BRASPINE;GENTIL;PR;JAGUARIAIVA;126,77;53,33;65,15;14,84;76,38;1,29;38,91;26,23;99,12;277,34;9,89;1,85
2011.0;8.0;2011-08-01;BRASPINE;GUAIRACA;PR;GUARAPUAVA;623,62;169,31;215,46;13,82;80,68;-0,67;37,49;25,46;100,00;276,43;7,72;12,61
2011.0;8.0;2011-08-01;BRASPINE;HERVAL 2 - MADALOSSO;;;;;176,11;14,62;78,98;1,07;36,97;26,90;99,84;273,69;6,82;0,35
2011.0;8.0;2011-08-01;BRASPINE;HERVAL DE BAIXO;PR;RESERVA;827,29;475,92;134,38;15,42;78,37;0,15;38,50;27,58;99,83;276,66;5,68;345,59
2011.0;8.0;2011-08-01;BRASPINE;HORTO 01;PR;TURVO;19,12;19,12;190,65;14,49;79,77;-0,25;38,38;26,17;99,62;272,97;9,80;1,76
2011.0;8.0;2011-08-01;BRASPINE;HORTO 02;PR;TURVO;4,24;4,24;190,69;14,49;79,77;-0,25;38,38;26,17;99,62;272,97;9,80;1,76
2011.0;8.0;2011-08-01;BRASPINE;HORTO 03;PR;PRUDENTOPOLIS;80,91;25,89;188,52;14,86;79,72;0,25;38,12;26,88;99,84;280,62;11,41;7,47
2011.0;8.0;2011-08-01;BRASPINE;HORTO 08;PR;TURVO;9,53;9,53;191,41;14,86;79,72;0,25;38,12;26,88;99,84;280,62;11,41;7,47
2011.0;8.0;2011-08-01;BRASPINE;HORTO 12;PR;PRUDENTOPOLIS;12,20;12,20;186,11;14,86;79,72;0,25;38,12;26,88;99,84;280,62;11,41;7,47
2011.0;8.0;2011-08-01;BRASPINE;IZAU;PR;PIRAI DO SUL;19,37;11,60;73,60;14,81;77,07;1,68;37,69;26,46;99,10;277,47;10,62;4,28
2011.0;8.0;2011-08-01;BRASPINE;JOAO RICO;PR;JAGUARIAIVA;47,46;26,18;64,25;15,10;76,14;1,17;38,07;26,69;99,62;267,46;5,79;2,71
2011.0;8.0;2011-08-01;BRASPINE;LAGOA;PR;JAGUARIAIVA;24,10;10,78;79,37;14,91;78,89;1,49;34,82;26,95;100,00;280,30;8,14;1,63
2011.0;8.0;2011-08-01;BRASPINE;MARACANA;PR;JANDAIA DO SUL;11,45;11,45;50,32;18,18;68,05;3,85;23,38;30,76;99,98;166,05;8,02;1,87
2011.0;8.0;2011-08-01;BRASPINE;MARRECA;;;;;89,80;15,07;80,89;3,08;33,67;27,75;100,00;291,21;10,88;3,13
2011.0;8.0;2011-08-01;BRASPINE;MARRECA SP;SP;ITAPIRAPUA PAULISTA;675,30;236,19;88,99;15,51;81,82;2,62;33,64;29,01;100,00;298,26;11,32;2,33
2011.0;8.0;2011-08-01;BRASPINE;MARRECAS;;;;;210,04;13,39;80,33;-0,56;34,85;24,57;100,00;270,39;6,90;12,81
2011.0;8.0;2011-08-01;BRASPINE;MERCADINHO;;;;;99,89;15,38;81,32;2,34;34,47;28,42;100,00;310,99;10,82;6,80
2011.0;8.0;2011-08-01;BRASPINE;MONTE ALEGRE;;;;;52,37;18,56;67,53;4,18;22,46;31,38;99,84;155,53;8,78;0,68
2011.0;8.0;2011-08-01;BRASPINE;MONTE TABOR II;;;;;70,88;15,09;84,26;2,84;39,25;27,93;100,00;320,99;11,67;6,54
2011.0;8.0;2011-08-01;BRASPINE;MOREIRA;PR;DOUTOR ULYSSES;230,52;68,68;73,18;15,03;79,79;2,27;34,12;27,42;100,00;285,91;9,43;4,12
2011.0;8.0;2011-08-01;BRASPINE;MOREIRAS II;PR;DOUTOR ULYSSES;66,76;28,75;73,31;15,03;79,79;2,27;34,12;27,42;100,00;285,91;9,43;4,12
2011.0;8.0;2011-08-01;BRASPINE;MORRETES;PR;ORTIGUEIRA;20,36;20,36;118,94;15,74;78,70;0,33;35,95;28,36;99,80;263,83;6,63;7,07
2011.0;8.0;2011-08-01;BRASPINE;MORRO AZUL;;;;;58,71;15,22;80,13;2,36;32,98;28,06;100,00;302,00;9,58;1,29
2011.0;8.0;2011-08-01;BRASPINE;OURO FINO;SP;APIAI;51,70;51,70;62,93;15,00;81,95;2,29;35,40;27,83;100,00;298,84;9,48;0,22
2011.0;8.0;2011-08-01;BRASPINE;PALMEIRINHA DE BAIXO - SOSSEGO;PR;SENGES;85,93;9,22;56,87;14,99;76,94;1,99;35,76;26,61;99,81;281,60;8,36;4,63
2011.0;8.0;2011-08-01;BRASPINE;PAZIN;PR;DOUTOR ULYSSES;41,20;23,90;82,01;15,07;80,89;3,08;33,67;27,75;100,00;291,21;10,88;3,13
2011.0;8.0;2011-08-01;BRASPINE;PEDRAS;PR;CASTRO;7,18;7,18;115,59;14,68;77,81;1,12;40,11;26,21;99,34;256,20;9,23;8,66
2011.0;8.0;2011-08-01;BRASPINE;PESCARIA;PR;SAO JOSE DA BOA VISTA;184,57;129,22;52,84;17,24;71,59;2,40;31,95;30,00;96,99;270,17;11,31;38,81
2011.0;8.0;2011-08-01;BRASPINE;PESSEGUEIRO;PR;DOUTOR ULYSSES;109,95;64,79;83,67;15,03;79,79;2,27;34,12;27,42;100,00;285,91;9,43;4,12
2011.0;8.0;2011-08-01;BRASPINE;PITANGA;;;;;194,77;14,64;77,90;1,95;36,91;25,87;99,80;257,86;15,41;2,13
2011.0;8.0;2011-08-01;BRASPINE;QUEIMADINHO ARROIO CLARO;PR;DOUTOR ULYSSES;48,13;19,09;68,16;15,03;79,79;2,27;34,12;27,42;100,00;285,91;9,43;4,12
2011.0;8.0;2011-08-01;BRASPINE;QUEIMADINHO M6042;PR;DOUTOR ULYSSES;48,38;18,50;68,16;15,03;79,79;2,27;34,12;27,42;100,00;285,91;9,43;4,12
2011.0;8.0;2011-08-01;BRASPINE;QUEIMADINHO USUCAPIAO;PR;DOUTOR ULYSSES;200,27;92,43;68,16;15,03;79,79;2,27;34,12;27,42;100,00;285,91;9,43;4,12
2011.0;8.0;2011-08-01;BRASPINE;RAMOS;PR;SENGES;69,83;38,15;77,62;14,91;78,89;1,49;34,82;26,95;100,00;280,30;8,14;1,63
2011.0;8.0;2011-08-01;BRASPINE;RIBEIRAO GRANDE;PR;JAGUARIAIVA;20,77;20,77;70,32;14,81;77,07;1,68;37,69;26,46;99,10;277,47;10,62;4,28
2011.0;8.0;2011-08-01;BRASPINE;RINCAO DE BAIXO;;;;;103,28;15,20;75,24;0,05;39,26;26,64;99,54;263,52;6,30;3,86
2011.0;8.0;2011-08-01;BRASPINE;RIO BOMBA;PR;CERRO AZUL;65,03;37,72;115,30;15,62;80,64;2,57;35,54;28,59;99,98;302,02;11,14;0,20
2011.0;8.0;2011-08-01;BRASPINE;RIO DO MEIO;PR;DOUTOR ULYSSES;712,33;389,13;71,94;15,03;79,79;2,27;34,12;27,42;100,00;285,91;9,43;4,12
2011.0;8.0;2011-08-01;BRASPINE;RONDON;PR;JAGUARIAIVA;2899,24;1475,88;61,92;14,94;77,31;1,91;37,16;26,50;99,85;280,35;7,60;2,80
2011.0;8.0;2011-08-01;BRASPINE;SANTA FELICIDADE;;;;;84,10;15,75;82,68;1,64;33,62;29,79;100,00;298,48;10,43;0,55
2011.0;8.0;2011-08-01;BRASPINE;SANTA LIDIA DO CERCADINHO;;;;;106,96;14,95;75,14;-0,06;39,32;26,07;99,54;259,91;6,47;3,00
2011.0;8.0;2011-08-01;BRASPINE;SANTO ANTONIO;;;;;58,28;15,00;77,36;1,93;33,97;26,94;99,98;280,81;8,22;55,45
2011.0;8.0;2011-08-01;BRASPINE;SAO JOSE;PR;JANDAIA DO SUL;37,56;37,56;58,03;18,44;67,63;4,12;22,71;31,16;99,92;169,51;8,62;1,21
2011.0;8.0;2011-08-01;BRASPINE;SAO MATHEUS;;;;;44,55;19,20;68,41;4,12;22,71;32,74;99,54;158,32;13,39;10,66
2011.0;8.0;2011-08-01;BRASPINE;SAO PEDRO E SAO PAULO;PR;SAPOPEMA;709,13;323,93;44,14;16,73;71,14;1,34;28,44;28,67;98,93;271,84;7,69;2,25
2011.0;8.0;2011-08-01;BRASPINE;SAO RAFAEL;;;;;148,51;14,01;80,15;0,45;41,90;26,89;100,00;270,70;12,24;2,72
2011.0;8.0;2011-08-01;BRASPINE;SAO RAFAEL - PB;;;;;61,16;15,10;81,47;2,60;34,35;28,01;100,00;301,93;9,92;0,39
2011.0;8.0;2011-08-01;BRASPINE;SERRARIA;PR;DOUTOR ULYSSES;280,88;117,71;90,03;14,90;80,29;2,82;33,96;27,28;100,00;286,96;10,22;2,98
2011.0;8.0;2011-08-01;BRASPINE;SERRO VERDE;;;;;213,38;14,37;77,18;1,25;36,90;25,30;99,92;266,55;13,20;8,51
2011.0;8.0;2011-08-01;BRASPINE;SERTAOZINHO;PR;DOUTOR ULYSSES;16,25;16,25;66,81;15,03;79,79;2,27;34,12;27,42;100,00;285,91;9,43;4,12
2011.0;8.0;2011-08-01;BRASPINE;SITIO BASILIO;PR;JAGUARIAIVA;8,08;8,08;61,70;14,92;76,10;1,07;39,07;26,28;99,31;263,43;9,96;0,12
2011.0;8.0;2011-08-01;BRASPINE;SITIO DAS MARRECAS;PR;DOUTOR ULYSSES;77,49;35,17;88,63;15,39;81,56;2,75;33,65;28,65;100,00;296,20;11,19;2,55
2011.0;8.0;2011-08-01;BRASPINE;SOBRADINHO;SP;BOM SUCESSO DE ITARARE;285,80;123,10;57,45;14,88;78,77;2,12;33,47;27,02;100,00;293,96;8,99;53,64
2011.0;8.0;2011-08-01;BRASPINE;TAQUARAL;PR;JAGUARIAIVA;519,13;31,07;64,44;15,08;76,84;1,26;37,84;26,72;99,97;283,44;6,58;11,00
2011.0;8.0;2011-08-01;BRASPINE;TUCUNDUVA;PR;SENGES;82,21;60,89;60,99;15,74;73,79;0,73;36,64;27,45;98,26;281,38;6,33;0,85
2011.0;8.0;2011-08-01;BRASPINE;TUCUNDUVA - CHAMMA;;;;;56,09;15,79;74,21;1,66;36,11;27,54;98,05;284,33;8,81;24,15
2011.0;8.0;2011-08-01;BRASPINE;VIENA 1;PR;DOUTOR ULYSSES;263,98;178,34;96,75;14,68;78,75;2,02;36,19;26,46;100,00;280,03;8,16;9,08
2011.0;8.0;2011-08-01;BRASPINE;VIENA 2;PR;CERRO AZUL;140,23;96,54;115,26;15,62;80,64;2,57;35,54;28,59;99,98;302,02;11,14;0,20
2011.0;8.0;2011-08-01;BRASPINE;VITORIA;PR;SENGES;50,54;35,69;56,87;14,99;76,94;1,99;35,76;26,61;99,81;281,60;8,36;4,63
2011.0;8.0;2011-08-01;BRASPINE;VIVEIRO;PR;DOUTOR ULYSSES;405,39;261,22;73,31;15,03;79,79;2,27;34,12;27,42;100,00;285,91;9,43;4,12
2011.0;8.0;2011-08-01;BRASPINE;VO LINO;PR;DOUTOR ULYSSES;164,50;97,89;90,04;15,07;80,89;3,08;33,67;27,75;100,00;291,21;10,88;3,13
2011.0;8.0;2011-08-01;BRASPINE;XAXIM VELHO;;;;;211,84;13,27;81,45;-0,43;36,31;24,98;100,00;267,73;10,46;0,40
2011.0;9.0;2011-09-01;BRASPINE;AGUA DOCE;PR;JAGUARIAIVA;238,97;121,99;35,99;15,85;74,59;4,54;28,74;30,14;99,29;301,46;4,54;10,59
2011.0;9.0;2011-09-01;BRASPINE;AMATA;;;;;31,98;16,50;78,38;4,99;26,25;32,08;100,00;353,57;4,99;2,76
2011.0;9.0;2011-09-01;BRASPINE;ANTA BRAVA;;;;;5,16;19,08;66,54;7,66;19,64;33,69;98,26;306,47;0,00;2,74
2011.0;9.0;2011-09-01;BRASPINE;ARAPONGAS;PR;SENGES;423,34;263,70;25,23;15,49;79,32;4,52;25,76;30,26;100,00;317,39;4,52;6,80
2011.0;9.0;2011-09-01;BRASPINE;ARROIO CLARO;PR;DOUTOR ULYSSES;275,14;92,00;32,49;15,51;80,44;4,66;25,58;30,32;100,00;322,49;4,66;2,37
2011.0;9.0;2011-09-01;BRASPINE;BARRA GRANDE;PR;DOUTOR ULYSSES;493,79;139,68;25,85;15,73;79,95;4,43;25,08;31,01;100,00;323,28;4,43;4,77
2011.0;9.0;2011-09-01;BRASPINE;BARRA GRANDE - BEMAIS;PR;GUARAPUAVA;299,16;108,61;99,36;15,29;77,32;4,14;37,67;28,10;99,99;305,28;8,68;1,28
2011.0;9.0;2011-09-01;BRASPINE;BARRETOS;PR;JAGUARIAIVA;43,35;32,98;29,58;15,65;77,52;4,47;27,07;30,40;99,73;289,71;4,47;1,74
2011.0;9.0;2011-09-01;BRASPINE;BAU;;;;;123,86;15,61;74,52;3,71;35,99;27,96;99,92;299,23;3,71;0,02
2011.0;9.0;2011-09-01;BRASPINE;BOA VISTA II;PR;PIRAI DO SUL;944,00;535,05;38,28;15,71;76,21;4,35;28,17;30,30;99,57;287,26;4,35;4,22
2011.0;9.0;2011-09-01;BRASPINE;BRASILEIRA;;;;;27,94;15,49;79,32;4,52;25,76;30,26;100,00;317,39;4,52;6,80
2011.0;9.0;2011-09-01;BRASPINE;BURACAO;;;;;46,19;15,33;78,41;4,95;29,65;29,66;99,58;306,13;4,95;0,56
2011.0;9.0;2011-09-01;BRASPINE;BURRINHO;PR;DOUTOR ULYSSES;211,01;100,37;32,33;15,51;80,44;4,66;25,58;30,32;100,00;322,49;4,66;2,37
2011.0;9.0;2011-09-01;BRASPINE;CADEADO I;PR;JAGUARIAIVA;21,07;12,29;27,23;15,43;78,59;4,49;26,37;30,04;100,00;312,56;4,49;8,31
2011.0;9.0;2011-09-01;BRASPINE;CADEADO II;PR;JAGUARIAIVA;21,88;16,79;27,23;15,43;78,59;4,49;26,37;30,04;100,00;312,56;4,49;8,31
2011.0;9.0;2011-09-01;BRASPINE;CAMPINA ALTA;PR;TIBAGI;29,77;18,24;58,27;17,29;71,12;4,10;28,59;31,07;100,00;323,39;4,10;0,47
2011.0;9.0;2011-09-01;BRASPINE;CAMPINA DO ELIAS;PR;JAGUARIAIVA;29,17;14,65;37,00;15,57;77,91;4,48;26,82;30,27;99,83;317,35;4,48;347,71
2011.0;9.0;2011-09-01;BRASPINE;CAMPO NOVO;PR;JAGUARIAIVA;295,98;156,36;25,01;15,43;78,59;4,49;26,37;30,04;100,00;312,56;4,49;8,31
2011.0;9.0;2011-09-01;BRASPINE;CONSULTORIA II A;PR;DOUTOR ULYSSES;89,62;60,79;27,70;15,49;79,32;4,52;25,76;30,26;100,00;317,39;4,52;6,80
2011.0;9.0;2011-09-01;BRASPINE;DINIZ;;;;;23,73;15,49;79,32;4,52;25,76;30,26;100,00;317,39;4,52;6,80
2011.0;9.0;2011-09-01;BRASPINE;ENES;PR;JAGUARIAIVA;5,93;5,69;25,04;15,43;78,59;4,49;26,37;30,04;100,00;312,56;4,49;8,31
2011.0;9.0;2011-09-01;BRASPINE;ENGENHARIA;;;;;23,73;15,49;79,32;4,52;25,76;30,26;100,00;317,39;4,52;6,80
2011.0;9.0;2011-09-01;BRASPINE;ESTACAO;PR;SENGES;4,76;4,14;28,59;15,43;78,59;4,49;26,37;30,04;100,00;312,56;4,49;8,31
2011.0;9.0;2011-09-01;BRASPINE;FAXINAL;PR;JAGUARIAIVA;20,65;20,65;25,04;15,43;78,59;4,49;26,37;30,04;100,00;312,56;4,49;8,31
2011.0;9.0;2011-09-01;BRASPINE;FEITAL;PR;DOUTOR ULYSSES;154,17;86,53;28,34;15,57;79,53;4,49;25,53;30,51;100,00;319,37;4,49;4,57
2011.0;9.0;2011-09-01;BRASPINE;FIGUEIRA;PR;DOUTOR ULYSSES;1053,81;315,71;29,66;15,51;80,44;4,66;25,58;30,32;100,00;322,49;4,66;2,37
2011.0;9.0;2011-09-01;BRASPINE;FIGUEIRINHA;PR;DOUTOR ULYSSES;94,37;56,74;29,27;15,51;80,44;4,66;25,58;30,32;100,00;322,49;4,66;2,37
2011.0;9.0;2011-09-01;BRASPINE;FLOEMA;PR;DOUTOR ULYSSES;2189,88;701,43;37,82;15,24;79,65;4,51;26,02;29,64;100,00;312,83;4,51;2,33
2011.0;9.0;2011-09-01;BRASPINE;FLOEMA I - SUDATI;;;;;28,61;15,49;79,32;4,52;25,76;30,26;100,00;317,39;4,52;6,80
2011.0;9.0;2011-09-01;BRASPINE;FLOEMA II - SUDATI;PR;DOUTOR ULYSSES;453,83;211,13;28,25;15,49;79,32;4,52;25,76;30,26;100,00;317,39;4,52;6,80
2011.0;9.0;2011-09-01;BRASPINE;FLOR DA SERRA;PR;SAO JOSE DA BOA VISTA;209,10;128,72;15,81;18,46;66,13;7,01;24,86;32,33;99,49;362,82;0,00;0,67
2011.0;9.0;2011-09-01;BRASPINE;GENTIL;PR;JAGUARIAIVA;126,77;53,33;37,23;15,69;74,46;4,51;28,67;29,57;99,19;299,08;4,51;3,01
2011.0;9.0;2011-09-01;BRASPINE;GUAIRACA;PR;GUARAPUAVA;623,62;169,31;105,64;15,17;78,03;3,77;37,04;28,43;99,97;301,32;8,12;1,42
2011.0;9.0;2011-09-01;BRASPINE;HERVAL 2 - MADALOSSO;;;;;47,03;15,33;78,41;4,95;29,65;29,66;99,58;306,13;4,95;0,56
2011.0;9.0;2011-09-01;BRASPINE;HERVAL DE BAIXO;PR;RESERVA;827,29;475,92;58,34;17,17;72,08;4,26;29,31;30,97;100,00;330,50;4,26;11,80
2011.0;9.0;2011-09-01;BRASPINE;HORTO 01;PR;TURVO;19,12;19,12;88,66;15,98;76,82;2,93;39,61;28,61;99,65;296,62;2,93;3,89
2011.0;9.0;2011-09-01;BRASPINE;HORTO 02;PR;TURVO;4,24;4,24;89,17;15,98;76,82;2,93;39,61;28,61;99,65;296,62;2,93;3,89
2011.0;9.0;2011-09-01;BRASPINE;HORTO 03;PR;PRUDENTOPOLIS;80,91;25,89;86,18;16,40;76,34;4,33;38,05;29,46;99,87;309,08;4,33;332,58
2011.0;9.0;2011-09-01;BRASPINE;HORTO 08;PR;TURVO;9,53;9,53;86,79;16,40;76,34;4,33;38,05;29,46;99,87;309,08;4,33;332,58
2011.0;9.0;2011-09-01;BRASPINE;HORTO 12;PR;PRUDENTOPOLIS;12,20;12,20;84,74;16,40;76,34;4,33;38,05;29,46;99,87;309,08;4,33;332,58
2011.0;9.0;2011-09-01;BRASPINE;IZAU;PR;PIRAI DO SUL;19,37;11,60;36,79;15,60;75,63;4,42;28,64;29,70;99,21;300,99;4,42;6,53
2011.0;9.0;2011-09-01;BRASPINE;JOAO RICO;PR;JAGUARIAIVA;47,46;26,18;36,38;15,85;74,59;4,54;28,74;30,14;99,29;301,46;4,54;10,59
2011.0;9.0;2011-09-01;BRASPINE;LAGOA;PR;JAGUARIAIVA;24,10;10,78;28,12;15,43;78,59;4,49;26,37;30,04;100,00;312,56;4,49;8,31
2011.0;9.0;2011-09-01;BRASPINE;MARACANA;PR;JANDAIA DO SUL;11,45;11,45;42,21;20,60;58,71;9,05;21,25;34,32;99,77;160,34;0,00;5,77
2011.0;9.0;2011-09-01;BRASPINE;MARRECA;;;;;30,09;15,51;80,44;4,66;25,58;30,32;100,00;322,49;4,66;2,37
2011.0;9.0;2011-09-01;BRASPINE;MARRECA SP;SP;ITAPIRAPUA PAULISTA;675,30;236,19;27,39;15,85;80,98;4,61;25,22;31,30;100,00;329,20;4,61;1,11
2011.0;9.0;2011-09-01;BRASPINE;MARRECAS;;;;;110,67;14,74;77,85;2,89;36,83;27,58;100,00;289,54;7,00;3,30
2011.0;9.0;2011-09-01;BRASPINE;MERCADINHO;;;;;30,03;15,93;79,64;4,87;25,53;31,17;100,00;334,07;4,87;0,74
2011.0;9.0;2011-09-01;BRASPINE;MONTE ALEGRE;;;;;42,05;21,06;58,10;9,37;20,84;34,86;99,87;164,45;0,00;2,26
2011.0;9.0;2011-09-01;BRASPINE;MONTE TABOR II;;;;;22,74;15,35;83,22;4,01;30,79;29,94;100,00;321,25;8,96;53,45
2011.0;9.0;2011-09-01;BRASPINE;MOREIRA;PR;DOUTOR ULYSSES;230,52;68,68;28,25;15,49;79,32;4,52;25,76;30,26;100,00;317,39;4,52;6,80
2011.0;9.0;2011-09-01;BRASPINE;MOREIRAS II;PR;DOUTOR ULYSSES;66,76;28,75;27,61;15,49;79,32;4,52;25,76;30,26;100,00;317,39;4,52;6,80
2011.0;9.0;2011-09-01;BRASPINE;MORRETES;PR;ORTIGUEIRA;20,36;20,36;49,64;17,68;71,20;4,43;27,38;31,90;100,00;321,55;4,43;0,24
2011.0;9.0;2011-09-01;BRASPINE;MORRO AZUL;;;;;19,26;15,62;79,14;4,33;24,43;31,02;100,00;317,14;4,33;2,93
2011.0;9.0;2011-09-01;BRASPINE;OURO FINO;SP;APIAI;51,70;51,70;19,14;15,25;81,29;3,61;26,72;30,37;100,00;311,57;3,61;19,32
2011.0;9.0;2011-09-01;BRASPINE;PALMEIRINHA DE BAIXO - SOSSEGO;PR;SENGES;85,93;9,22;20,83;15,64;75,49;4,58;26,24;30,09;99,25;312,85;4,58;10,69
2011.0;9.0;2011-09-01;BRASPINE;PAZIN;PR;DOUTOR ULYSSES;41,20;23,90;28,78;15,51;80,44;4,66;25,58;30,32;100,00;322,49;4,66;2,37
2011.0;9.0;2011-09-01;BRASPINE;PEDRAS;PR;CASTRO;7,18;7,18;39,83;15,48;76,64;4,32;32,13;29,50;99,35;300,68;4,32;12,51
2011.0;9.0;2011-09-01;BRASPINE;PESCARIA;PR;SAO JOSE DA BOA VISTA;184,57;129,22;15,54;18,55;65,80;6,91;23,50;32,78;99,54;349,91;0,00;51,05
2011.0;9.0;2011-09-01;BRASPINE;PESSEGUEIRO;PR;DOUTOR ULYSSES;109,95;64,79;29,26;15,49;79,32;4,52;25,76;30,26;100,00;317,39;4,52;6,80
2011.0;9.0;2011-09-01;BRASPINE;PITANGA;;;;;99,59;16,40;73,33;4,23;37,44;28,63;99,79;321,06;4,23;3,34
2011.0;9.0;2011-09-01;BRASPINE;QUEIMADINHO ARROIO CLARO;PR;DOUTOR ULYSSES;48,13;19,09;27,94;15,49;79,32;4,52;25,76;30,26;100,00;317,39;4,52;6,80
2011.0;9.0;2011-09-01;BRASPINE;QUEIMADINHO M6042;PR;DOUTOR ULYSSES;48,38;18,50;27,94;15,49;79,32;4,52;25,76;30,26;100,00;317,39;4,52;6,80
2011.0;9.0;2011-09-01;BRASPINE;QUEIMADINHO USUCAPIAO;PR;DOUTOR ULYSSES;200,27;92,43;27,94;15,49;79,32;4,52;25,76;30,26;100,00;317,39;4,52;6,80
2011.0;9.0;2011-09-01;BRASPINE;RAMOS;PR;SENGES;69,83;38,15;28,61;15,43;78,59;4,49;26,37;30,04;100,00;312,56;4,49;8,31
2011.0;9.0;2011-09-01;BRASPINE;RIBEIRAO GRANDE;PR;JAGUARIAIVA;20,77;20,77;34,86;15,60;75,63;4,42;28,64;29,70;99,21;300,99;4,42;6,53
2011.0;9.0;2011-09-01;BRASPINE;RINCAO DE BAIXO;;;;;43,66;16,72;69,85;5,28;28,58;30,22;99,95;318,90;0,00;1,30
2011.0;9.0;2011-09-01;BRASPINE;RIO BOMBA;PR;CERRO AZUL;65,03;37,72;33,18;16,29;78,28;4,89;25,86;31,52;99,97;345,21;4,89;3,93
2011.0;9.0;2011-09-01;BRASPINE;RIO DO MEIO;PR;DOUTOR ULYSSES;712,33;389,13;27,69;15,49;79,32;4,52;25,76;30,26;100,00;317,39;4,52;6,80
2011.0;9.0;2011-09-01;BRASPINE;RONDON;PR;JAGUARIAIVA;2899,24;1475,88;22,27;15,59;76,25;4,49;27,73;29,92;99,56;311,81;4,49;1,01
2011.0;9.0;2011-09-01;BRASPINE;SANTA FELICIDADE;;;;;27,94;16,01;81,52;4,60;24,93;31,80;100,00;331,47;4,60;0,74
2011.0;9.0;2011-09-01;BRASPINE;SANTA LIDIA DO CERCADINHO;;;;;45,28;16,40;70,10;5,38;28,60;29,63;99,94;313,48;0,00;0,65
2011.0;9.0;2011-09-01;BRASPINE;SANTO ANTONIO;;;;;21,66;15,55;76,05;4,49;24,91;30,37;99,85;310,22;4,49;4,68
2011.0;9.0;2011-09-01;BRASPINE;SAO JOSE;PR;JANDAIA DO SUL;37,56;37,56;42,41;20,90;58,33;9,29;21,05;34,62;99,83;163,24;0,00;3,73
2011.0;9.0;2011-09-01;BRASPINE;SAO MATHEUS;;;;;41,37;21,95;57,92;9,77;20,60;36,37;100,00;139,66;0,00;1,15
2011.0;9.0;2011-09-01;BRASPINE;SAO PEDRO E SAO PAULO;PR;SAPOPEMA;709,13;323,93;22,67;18,29;64,83;6,81;23,96;31,68;99,72;319,38;0,00;1,33
2011.0;9.0;2011-09-01;BRASPINE;SAO RAFAEL;;;;;79,06;14,82;78,98;4,81;32,03;28,87;99,97;311,91;4,81;3,44
2011.0;9.0;2011-09-01;BRASPINE;SAO RAFAEL - PB;;;;;20,04;15,38;80,75;4,02;25,74;30,64;100,00;314,78;4,02;26,76
2011.0;9.0;2011-09-01;BRASPINE;SERRARIA;PR;DOUTOR ULYSSES;280,88;117,71;31,43;15,37;80,05;4,58;25,80;29,98;100,00;317,63;4,58;2,35
2011.0;9.0;2011-09-01;BRASPINE;SERRO VERDE;;;;;124,11;15,96;73,23;3,48;33,63;28,56;99,94;307,42;3,48;0,85
2011.0;9.0;2011-09-01;BRASPINE;SERTAOZINHO;PR;DOUTOR ULYSSES;16,25;16,25;25,08;15,49;79,32;4,52;25,76;30,26;100,00;317,39;4,52;6,80
2011.0;9.0;2011-09-01;BRASPINE;SITIO BASILIO;PR;JAGUARIAIVA;8,08;8,08;35,95;15,76;74,13;4,54;28,70;29,68;99,20;299,15;4,54;0,56
2011.0;9.0;2011-09-01;BRASPINE;SITIO DAS MARRECAS;PR;DOUTOR ULYSSES;77,49;35,17;28,88;15,75;80,83;4,62;25,33;31,02;100,00;327,24;4,62;353,99
2011.0;9.0;2011-09-01;BRASPINE;SOBRADINHO;SP;BOM SUCESSO DE ITARARE;285,80;123,10;18,08;15,32;77,69;4,43;24,61;30,29;99,96;307,57;4,43;59,40
2011.0;9.0;2011-09-01;BRASPINE;TAQUARAL;PR;JAGUARIAIVA;519,13;31,07;30,83;15,74;75,78;4,46;28,43;30,17;99,80;299,40;4,46;4,78
2011.0;9.0;2011-09-01;BRASPINE;TUCUNDUVA;PR;SENGES;82,21;60,89;22,70;16,80;70,04;5,40;25,31;30,69;99,53;322,94;0,00;6,08
2011.0;9.0;2011-09-01;BRASPINE;TUCUNDUVA - CHAMMA;;;;;19,55;16,79;70,61;5,44;24,95;30,80;99,52;324,69;0,00;4,41
2011.0;9.0;2011-09-01;BRASPINE;VIENA 1;PR;DOUTOR ULYSSES;263,98;178,34;37,36;15,17;78,96;4,38;27,89;29,40;99,96;310,92;4,38;9,83
2011.0;9.0;2011-09-01;BRASPINE;VIENA 2;PR;CERRO AZUL;140,23;96,54;33,24;16,29;78,28;4,89;25,86;31,52;99,97;345,21;4,89;3,93
2011.0;9.0;2011-09-01;BRASPINE;VITORIA;PR;SENGES;50,54;35,69;20,83;15,64;75,49;4,58;26,24;30,09;99,25;312,85;4,58;10,69
2011.0;9.0;2011-09-01;BRASPINE;VIVEIRO;PR;DOUTOR ULYSSES;405,39;261,22;27,61;15,49;79,32;4,52;25,76;30,26;100,00;317,39;4,52;6,80
2011.0;9.0;2011-09-01;BRASPINE;VO LINO;PR;DOUTOR ULYSSES;164,50;97,89;30,96;15,51;80,44;4,66;25,58;30,32;100,00;322,49;4,66;2,37
2011.0;9.0;2011-09-01;BRASPINE;XAXIM VELHO;;;;;124,34;14,59;78,74;2,81;32,63;28,17;100,00;287,60;11,72;2,80
2011.0;10.0;2011-10-01;BRASPINE;AGUA DOCE;PR;JAGUARIAIVA;238,97;121,99;188,64;17,81;81,06;9,53;26,91;30,33;99,85;289,92;0,00;2,63
2011.0;10.0;2011-10-01;BRASPINE;AMATA;;;;;192,39;19,27;81,58;10,43;25,40;32,80;100,00;201,73;0,00;1,31
2011.0;10.0;2011-10-01;BRASPINE;ANTA BRAVA;;;;;299,11;20,93;74,96;12,40;23,29;33,95;99,54;138,25;0,00;3,39
2011.0;10.0;2011-10-01;BRASPINE;ARAPONGAS;PR;SENGES;423,34;263,70;212,80;17,87;83,29;10,11;25,13;31,02;100,00;280,15;0,00;3,31
2011.0;10.0;2011-10-01;BRASPINE;ARROIO CLARO;PR;DOUTOR ULYSSES;275,14;92,00;204,49;18,01;83,59;10,17;24,97;31,39;100,00;269,41;0,00;2,84
2011.0;10.0;2011-10-01;BRASPINE;BARRA GRANDE;PR;DOUTOR ULYSSES;493,79;139,68;205,65;18,31;83,52;10,71;24,47;31,95;100,00;258,91;0,00;4,37
2011.0;10.0;2011-10-01;BRASPINE;BARRA GRANDE - BEMAIS;PR;GUARAPUAVA;299,16;108,61;212,47;17,38;81,31;9,60;38,83;28,37;100,00;294,66;0,00;7,68
2011.0;10.0;2011-10-01;BRASPINE;BARRETOS;PR;JAGUARIAIVA;43,35;32,98;206,53;17,84;82,59;9,71;25,91;30,92;99,96;277,20;0,00;0,37
2011.0;10.0;2011-10-01;BRASPINE;BAU;;;;;226,88;17,54;80,25;9,93;40,05;27,80;99,94;257,73;0,00;1,56
2011.0;10.0;2011-10-01;BRASPINE;BOA VISTA II;PR;PIRAI DO SUL;944,00;535,05;196,74;17,82;82,00;9,51;27,19;30,51;99,97;274,67;0,00;0,32
2011.0;10.0;2011-10-01;BRASPINE;BRASILEIRA;;;;;203,27;17,87;83,29;10,11;25,13;31,02;100,00;280,15;0,00;3,31
2011.0;10.0;2011-10-01;BRASPINE;BURACAO;;;;;169,74;17,77;82,08;9,80;29,08;29,81;99,85;266,22;0,00;0,83
2011.0;10.0;2011-10-01;BRASPINE;BURRINHO;PR;DOUTOR ULYSSES;211,01;100,37;204,49;18,01;83,59;10,17;24,97;31,39;100,00;269,41;0,00;2,84
2011.0;10.0;2011-10-01;BRASPINE;CADEADO I;PR;JAGUARIAIVA;21,07;12,29;196,73;17,69;82,89;9,75;25,77;30,73;100,00;289,08;0,00;7,13
2011.0;10.0;2011-10-01;BRASPINE;CADEADO II;PR;JAGUARIAIVA;21,88;16,79;196,73;17,69;82,89;9,75;25,77;30,73;100,00;289,08;0,00;7,13
2011.0;10.0;2011-10-01;BRASPINE;CAMPINA ALTA;PR;TIBAGI;29,77;18,24;231,62;18,94;79,48;10,99;32,29;30,61;99,91;189,12;0,00;0,98
2011.0;10.0;2011-10-01;BRASPINE;CAMPINA DO ELIAS;PR;JAGUARIAIVA;29,17;14,65;192,50;17,79;82,70;9,72;25,86;30,86;99,98;276,16;0,00;9,48
2011.0;10.0;2011-10-01;BRASPINE;CAMPO NOVO;PR;JAGUARIAIVA;295,98;156,36;213,58;17,69;82,89;9,75;25,77;30,73;100,00;289,08;0,00;7,13
2011.0;10.0;2011-10-01;BRASPINE;CONSULTORIA II A;PR;DOUTOR ULYSSES;89,62;60,79;211,32;17,87;83,29;10,11;25,13;31,02;100,00;280,15;0,00;3,31
2011.0;10.0;2011-10-01;BRASPINE;DINIZ;;;;;207,11;17,87;83,29;10,11;25,13;31,02;100,00;280,15;0,00;3,31
2011.0;10.0;2011-10-01;BRASPINE;ENES;PR;JAGUARIAIVA;5,93;5,69;213,59;17,69;82,89;9,75;25,77;30,73;100,00;289,08;0,00;7,13
2011.0;10.0;2011-10-01;BRASPINE;ENGENHARIA;;;;;207,11;17,87;83,29;10,11;25,13;31,02;100,00;280,15;0,00;3,31
2011.0;10.0;2011-10-01;BRASPINE;ESTACAO;PR;SENGES;4,76;4,14;202,85;17,69;82,89;9,75;25,77;30,73;100,00;289,08;0,00;7,13
2011.0;10.0;2011-10-01;BRASPINE;FAXINAL;PR;JAGUARIAIVA;20,65;20,65;213,59;17,69;82,89;9,75;25,77;30,73;100,00;289,08;0,00;7,13
2011.0;10.0;2011-10-01;BRASPINE;FEITAL;PR;DOUTOR ULYSSES;154,17;86,53;205,37;18,02;83,36;10,31;24,91;31,33;100,00;283,22;0,00;2,02
2011.0;10.0;2011-10-01;BRASPINE;FIGUEIRA;PR;DOUTOR ULYSSES;1053,81;315,71;206,01;18,01;83,59;10,17;24,97;31,39;100,00;269,41;0,00;2,84
2011.0;10.0;2011-10-01;BRASPINE;FIGUEIRINHA;PR;DOUTOR ULYSSES;94,37;56,74;208,64;18,01;83,59;10,17;24,97;31,39;100,00;269,41;0,00;2,84
2011.0;10.0;2011-10-01;BRASPINE;FLOEMA;PR;DOUTOR ULYSSES;2189,88;701,43;190,51;17,56;83,26;9,76;25,91;30,59;100,00;304,37;0,00;1,41
2011.0;10.0;2011-10-01;BRASPINE;FLOEMA I - SUDATI;;;;;206,67;17,87;83,29;10,11;25,13;31,02;100,00;280,15;0,00;3,31
2011.0;10.0;2011-10-01;BRASPINE;FLOEMA II - SUDATI;PR;DOUTOR ULYSSES;453,83;211,13;209,36;17,87;83,29;10,11;25,13;31,02;100,00;280,15;0,00;3,31
2011.0;10.0;2011-10-01;BRASPINE;FLOR DA SERRA;PR;SAO JOSE DA BOA VISTA;209,10;128,72;256,63;20,14;74,33;11,70;23,42;32,98;99,56;176,26;0,00;1,28
2011.0;10.0;2011-10-01;BRASPINE;GENTIL;PR;JAGUARIAIVA;126,77;53,33;200,96;17,57;81,14;9,25;27,70;29,79;99,57;286,15;0,00;0,53
2011.0;10.0;2011-10-01;BRASPINE;GUAIRACA;PR;GUARAPUAVA;623,62;169,31;206,15;17,50;81,08;9,78;38,75;28,50;100,00;294,82;0,00;9,02
2011.0;10.0;2011-10-01;BRASPINE;HERVAL 2 - MADALOSSO;;;;;173,32;17,77;82,08;9,80;29,08;29,81;99,85;266,22;0,00;0,83
2011.0;10.0;2011-10-01;BRASPINE;HERVAL DE BAIXO;PR;RESERVA;827,29;475,92;244,45;18,91;79,85;10,85;32,51;30,53;99,84;216,86;0,00;4,01
2011.0;10.0;2011-10-01;BRASPINE;HORTO 01;PR;TURVO;19,12;19,12;251,45;18,09;81,95;10,36;42,65;28,83;99,72;248,48;0,00;4,65
2011.0;10.0;2011-10-01;BRASPINE;HORTO 02;PR;TURVO;4,24;4,24;254,84;18,09;81,95;10,36;42,65;28,83;99,72;248,48;0,00;4,65
2011.0;10.0;2011-10-01;BRASPINE;HORTO 03;PR;PRUDENTOPOLIS;80,91;25,89;241,10;18,52;81,44;10,83;39,90;29,66;99,97;228,16;0,00;1,62
2011.0;10.0;2011-10-01;BRASPINE;HORTO 08;PR;TURVO;9,53;9,53;218,07;18,52;81,44;10,83;39,90;29,66;99,97;228,16;0,00;1,62
2011.0;10.0;2011-10-01;BRASPINE;HORTO 12;PR;PRUDENTOPOLIS;12,20;12,20;239,15;18,52;81,44;10,83;39,90;29,66;99,97;228,16;0,00;1,62
2011.0;10.0;2011-10-01;BRASPINE;IZAU;PR;PIRAI DO SUL;19,37;11,60;200,98;17,54;81,91;9,19;27,28;29,97;99,61;301,45;0,00;2,25
2011.0;10.0;2011-10-01;BRASPINE;JOAO RICO;PR;JAGUARIAIVA;47,46;26,18;196,06;17,81;81,06;9,53;26,91;30,33;99,85;289,92;0,00;2,63
2011.0;10.0;2011-10-01;BRASPINE;LAGOA;PR;JAGUARIAIVA;24,10;10,78;191,73;17,69;82,89;9,75;25,77;30,73;100,00;289,08;0,00;7,13
2011.0;10.0;2011-10-01;BRASPINE;MARACANA;PR;JANDAIA DO SUL;11,45;11,45;272,76;21,15;74,51;13,22;29,14;32,83;99,98;97,18;0,00;10,58
2011.0;10.0;2011-10-01;BRASPINE;MARRECA;;;;;204,70;18,01;83,59;10,17;24,97;31,39;100,00;269,41;0,00;2,84
2011.0;10.0;2011-10-01;BRASPINE;MARRECA SP;SP;ITAPIRAPUA PAULISTA;675,30;236,19;202,61;18,65;83,61;10,37;24,54;32,50;100,00;234,95;0,00;0,55
2011.0;10.0;2011-10-01;BRASPINE;MARRECAS;;;;;198,69;16,89;81,31;9,07;39,12;27,61;100,00;326,40;0,00;0,61
2011.0;10.0;2011-10-01;BRASPINE;MERCADINHO;;;;;207,42;18,57;82,64;9,95;24,51;32,17;99,99;234,28;0,00;5,26
2011.0;10.0;2011-10-01;BRASPINE;MONTE ALEGRE;;;;;258,57;21,66;73,73;13,69;29,53;33,19;99,98;55,25;0,00;10,23
2011.0;10.0;2011-10-01;BRASPINE;MONTE TABOR II;;;;;211,54;18,03;85,00;10,96;36,83;30,89;100,00;230,27;0,00;0,96
2011.0;10.0;2011-10-01;BRASPINE;MOREIRA;PR;DOUTOR ULYSSES;230,52;68,68;209,36;17,87;83,29;10,11;25,13;31,02;100,00;280,15;0,00;3,31
2011.0;10.0;2011-10-01;BRASPINE;MOREIRAS II;PR;DOUTOR ULYSSES;66,76;28,75;211,61;17,87;83,29;10,11;25,13;31,02;100,00;280,15;0,00;3,31
2011.0;10.0;2011-10-01;BRASPINE;MORRETES;PR;ORTIGUEIRA;20,36;20,36;242,81;19,38;79,71;10,85;30,21;31,32;99,79;206,08;0,00;5,59
2011.0;10.0;2011-10-01;BRASPINE;MORRO AZUL;;;;;217,34;18,12;83,26;10,42;24,21;31,79;100,00;255,07;0,00;15,86
2011.0;10.0;2011-10-01;BRASPINE;OURO FINO;SP;APIAI;51,70;51,70;212,61;17,87;84,42;10,43;29,22;31,13;100,00;284,29;0,00;12,11
2011.0;10.0;2011-10-01;BRASPINE;PALMEIRINHA DE BAIXO - SOSSEGO;PR;SENGES;85,93;9,22;225,62;17,67;81,26;9,66;24,83;30,29;99,87;305,11;0,00;18,90
2011.0;10.0;2011-10-01;BRASPINE;PAZIN;PR;DOUTOR ULYSSES;41,20;23,90;207,19;18,01;83,59;10,17;24,97;31,39;100,00;269,41;0,00;2,84
2011.0;10.0;2011-10-01;BRASPINE;PEDRAS;PR;CASTRO;7,18;7,18;201,87;17,55;82,46;9,27;31,50;29,43;99,68;272,85;0,00;6,76
2011.0;10.0;2011-10-01;BRASPINE;PESCARIA;PR;SAO JOSE DA BOA VISTA;184,57;129,22;257,90;20,18;74,44;11,83;22,45;33,40;99,56;162,48;0,00;2,96
2011.0;10.0;2011-10-01;BRASPINE;PESSEGUEIRO;PR;DOUTOR ULYSSES;109,95;64,79;197,72;17,87;83,29;10,11;25,13;31,02;100,00;280,15;0,00;3,31
2011.0;10.0;2011-10-01;BRASPINE;PITANGA;;;;;261,93;18,30;79,97;10,39;41,29;28,01;99,88;226,07;0,00;7,91
2011.0;10.0;2011-10-01;BRASPINE;QUEIMADINHO ARROIO CLARO;PR;DOUTOR ULYSSES;48,13;19,09;203,27;17,87;83,29;10,11;25,13;31,02;100,00;280,15;0,00;3,31
2011.0;10.0;2011-10-01;BRASPINE;QUEIMADINHO M6042;PR;DOUTOR ULYSSES;48,38;18,50;203,27;17,87;83,29;10,11;25,13;31,02;100,00;280,15;0,00;3,31
2011.0;10.0;2011-10-01;BRASPINE;QUEIMADINHO USUCAPIAO;PR;DOUTOR ULYSSES;200,27;92,43;203,27;17,87;83,29;10,11;25,13;31,02;100,00;280,15;0,00;3,31
2011.0;10.0;2011-10-01;BRASPINE;RAMOS;PR;SENGES;69,83;38,15;206,67;17,69;82,89;9,75;25,77;30,73;100,00;289,08;0,00;7,13
2011.0;10.0;2011-10-01;BRASPINE;RIBEIRAO GRANDE;PR;JAGUARIAIVA;20,77;20,77;199,72;17,54;81,91;9,19;27,28;29,97;99,61;301,45;0,00;2,25
2011.0;10.0;2011-10-01;BRASPINE;RINCAO DE BAIXO;;;;;219,30;18,35;78,39;10,24;28,95;30,23;99,55;229,41;0,00;89,73
2011.0;10.0;2011-10-01;BRASPINE;RIO BOMBA;PR;CERRO AZUL;65,03;37,72;200,00;18,90;81,50;9,84;25,57;32,31;100,00;209,69;0,00;1,28
2011.0;10.0;2011-10-01;BRASPINE;RIO DO MEIO;PR;DOUTOR ULYSSES;712,33;389,13;209,39;17,87;83,29;10,11;25,13;31,02;100,00;280,15;0,00;3,31
2011.0;10.0;2011-10-01;BRASPINE;RONDON;PR;JAGUARIAIVA;2899,24;1475,88;217,75;17,65;81,73;9,58;26,03;30,20;99,89;302,58;0,00;1,63
2011.0;10.0;2011-10-01;BRASPINE;SANTA FELICIDADE;;;;;211,76;19,01;83,66;10,45;24,63;33,14;100,00;225,32;0,00;5,98
2011.0;10.0;2011-10-01;BRASPINE;SANTA LIDIA DO CERCADINHO;;;;;225,33;18,00;78,59;9,87;28,80;29,79;99,55;254,21;0,00;0,28
2011.0;10.0;2011-10-01;BRASPINE;SANTO ANTONIO;;;;;225,66;17,71;81,48;9,74;24,27;30,59;100,00;320,23;0,00;16,34
2011.0;10.0;2011-10-01;BRASPINE;SAO JOSE;PR;JANDAIA DO SUL;37,56;37,56;259,54;21,50;73,93;13,55;29,64;33,00;99,99;84,45;0,00;10,43
2011.0;10.0;2011-10-01;BRASPINE;SAO MATHEUS;;;;;250,44;22,76;73,02;14,73;29,27;34,64;99,94;29,62;0,00;0,32
2011.0;10.0;2011-10-01;BRASPINE;SAO PEDRO E SAO PAULO;PR;SAPOPEMA;709,13;323,93;260,05;19,70;74,88;11,09;23,96;31,78;99,66;213,81;0,00;12,72
2011.0;10.0;2011-10-01;BRASPINE;SAO RAFAEL;;;;;170,58;17,63;80,95;10,55;32,30;29,81;99,53;297,53;0,00;2,91
2011.0;10.0;2011-10-01;BRASPINE;SAO RAFAEL - PB;;;;;213,66;17,98;84,12;10,49;27,51;31,42;100,00;271,13;0,00;13,32
2011.0;10.0;2011-10-01;BRASPINE;SERRARIA;PR;DOUTOR ULYSSES;280,88;117,71;202,73;17,78;83,42;9,99;25,44;30,99;100,00;279,47;0,00;0,32
2011.0;10.0;2011-10-01;BRASPINE;SERRO VERDE;;;;;247,90;17,88;79,10;9,55;39,38;27,94;100,00;247,69;0,00;3,52
2011.0;10.0;2011-10-01;BRASPINE;SERTAOZINHO;PR;DOUTOR ULYSSES;16,25;16,25;207,71;17,87;83,29;10,11;25,13;31,02;100,00;280,15;0,00;3,31
2011.0;10.0;2011-10-01;BRASPINE;SITIO BASILIO;PR;JAGUARIAIVA;8,08;8,08;188,79;17,64;80,88;9,34;27,61;29,88;99,65;287,07;0,00;1,52
2011.0;10.0;2011-10-01;BRASPINE;SITIO DAS MARRECAS;PR;DOUTOR ULYSSES;77,49;35,17;207,47;18,47;83,60;10,31;24,66;32,18;100,00;232,27;0,00;1,23
2011.0;10.0;2011-10-01;BRASPINE;SOBRADINHO;SP;BOM SUCESSO DE ITARARE;285,80;123,10;227,49;17,62;82,51;9,78;24,57;30,68;100,00;320,35;0,00;12,41
2011.0;10.0;2011-10-01;BRASPINE;TAQUARAL;PR;JAGUARIAIVA;519,13;31,07;205,13;17,79;81,63;9,61;26,81;30,37;100,00;289,55;0,00;1,12
2011.0;10.0;2011-10-01;BRASPINE;TUCUNDUVA;PR;SENGES;82,21;60,89;226,27;18,49;77,84;10,26;24,66;31,01;99,61;228,34;0,00;2,43
2011.0;10.0;2011-10-01;BRASPINE;TUCUNDUVA - CHAMMA;;;;;238,49;18,52;78,14;10,35;24,29;31,09;99,70;215,19;0,00;8,94
2011.0;10.0;2011-10-01;BRASPINE;VIENA 1;PR;DOUTOR ULYSSES;263,98;178,34;192,95;17,45;83,12;9,48;28,03;29,91;100,00;301,52;0,00;2,78
2011.0;10.0;2011-10-01;BRASPINE;VIENA 2;PR;CERRO AZUL;140,23;96,54;200,53;18,90;81,50;9,84;25,57;32,31;100,00;209,69;0,00;1,28
2011.0;10.0;2011-10-01;BRASPINE;VITORIA;PR;SENGES;50,54;35,69;225,62;17,67;81,26;9,66;24,83;30,29;99,87;305,11;0,00;18,90
2011.0;10.0;2011-10-01;BRASPINE;VIVEIRO;PR;DOUTOR ULYSSES;405,39;261,22;211,61;17,87;83,29;10,11;25,13;31,02;100,00;280,15;0,00;3,31
2011.0;10.0;2011-10-01;BRASPINE;VO LINO;PR;DOUTOR ULYSSES;164,50;97,89;204,24;18,01;83,59;10,17;24,97;31,39;100,00;269,41;0,00;2,84
2011.0;10.0;2011-10-01;BRASPINE;XAXIM VELHO;;;;;217,98;16,93;81,44;9,20;39,43;27,50;100,00;326,38;0,00;6,12
2011.0;11.0;2011-11-01;BRASPINE;AGUA DOCE;PR;JAGUARIAIVA;238,97;121,99;121,21;17,67;78,62;8,49;38,23;27,57;99,85;249,24;0,00;0,85
2011.0;11.0;2011-11-01;BRASPINE;AMATA;;;;;87,26;19,05;79,40;10,72;36,72;29,52;100,00;209,04;0,00;0,21
2011.0;11.0;2011-11-01;BRASPINE;ANTA BRAVA;;;;;83,54;20,40;74,32;11,48;34,82;30,53;99,53;129,37;0,00;3,39
2011.0;11.0;2011-11-01;BRASPINE;ARAPONGAS;PR;SENGES;423,34;263,70;104,25;17,58;81,16;9,08;37,90;27,70;100,00;254,24;0,00;6,23
2011.0;11.0;2011-11-01;BRASPINE;ARROIO CLARO;PR;DOUTOR ULYSSES;275,14;92,00;93,72;17,70;81,52;9,41;37,74;28,06;100,00;242,96;0,00;2,91
2011.0;11.0;2011-11-01;BRASPINE;BARRA GRANDE;PR;DOUTOR ULYSSES;493,79;139,68;90,04;18,04;81,42;9,44;38,80;28,37;100,00;248,63;0,00;0,12
2011.0;11.0;2011-11-01;BRASPINE;BARRA GRANDE - BEMAIS;PR;GUARAPUAVA;299,16;108,61;98,76;17,29;79,51;8,09;41,75;26,61;99,99;273,26;0,00;12,66
2011.0;11.0;2011-11-01;BRASPINE;BARRETOS;PR;JAGUARIAIVA;43,35;32,98;111,60;17,63;80,38;8,66;37,26;27,82;99,98;251,43;0,00;1,58
2011.0;11.0;2011-11-01;BRASPINE;BAU;;;;;107,59;17,51;79,01;8,03;42,63;25,97;99,89;211,24;0,00;0,89
2011.0;11.0;2011-11-01;BRASPINE;BOA VISTA II;PR;PIRAI DO SUL;944,00;535,05;109,41;17,64;79,74;8,45;38,14;27,67;99,96;247,99;0,00;5,67
2011.0;11.0;2011-11-01;BRASPINE;BRASILEIRA;;;;;92,13;17,58;81,16;9,08;37,90;27,70;100,00;254,24;0,00;6,23
2011.0;11.0;2011-11-01;BRASPINE;BURACAO;;;;;93,33;17,57;80,21;8,91;36,72;27,62;99,87;253,95;0,00;0,53
2011.0;11.0;2011-11-01;BRASPINE;BURRINHO;PR;DOUTOR ULYSSES;211,01;100,37;93,36;17,70;81,52;9,41;37,74;28,06;100,00;242,96;0,00;2,91
2011.0;11.0;2011-11-01;BRASPINE;CADEADO I;PR;JAGUARIAIVA;21,07;12,29;103,96;17,43;80,73;8,81;37,17;27,59;100,00;263,45;0,00;13,18
2011.0;11.0;2011-11-01;BRASPINE;CADEADO II;PR;JAGUARIAIVA;21,88;16,79;103,96;17,43;80,73;8,81;37,17;27,59;100,00;263,45;0,00;13,18
2011.0;11.0;2011-11-01;BRASPINE;CAMPINA ALTA;PR;TIBAGI;29,77;18,24;114,48;18,93;76,28;8,70;39,98;28,37;99,53;234,16;0,00;7,96
2011.0;11.0;2011-11-01;BRASPINE;CAMPINA DO ELIAS;PR;JAGUARIAIVA;29,17;14,65;105,85;17,56;80,51;8,71;37,23;27,73;99,99;250,41;0,00;0,65
2011.0;11.0;2011-11-01;BRASPINE;CAMPO NOVO;PR;JAGUARIAIVA;295,98;156,36;105,99;17,43;80,73;8,81;37,17;27,59;100,00;263,45;0,00;13,18
2011.0;11.0;2011-11-01;BRASPINE;CONSULTORIA II A;PR;DOUTOR ULYSSES;89,62;60,79;98,67;17,58;81,16;9,08;37,90;27,70;100,00;254,24;0,00;6,23
2011.0;11.0;2011-11-01;BRASPINE;DINIZ;;;;;93,41;17,58;81,16;9,08;37,90;27,70;100,00;254,24;0,00;6,23
2011.0;11.0;2011-11-01;BRASPINE;ENES;PR;JAGUARIAIVA;5,93;5,69;106,25;17,43;80,73;8,81;37,17;27,59;100,00;263,45;0,00;13,18
2011.0;11.0;2011-11-01;BRASPINE;ENGENHARIA;;;;;93,41;17,58;81,16;9,08;37,90;27,70;100,00;254,24;0,00;6,23
2011.0;11.0;2011-11-01;BRASPINE;ESTACAO;PR;SENGES;4,76;4,14;102,71;17,43;80,73;8,81;37,17;27,59;100,00;263,45;0,00;13,18
2011.0;11.0;2011-11-01;BRASPINE;FAXINAL;PR;JAGUARIAIVA;20,65;20,65;106,25;17,43;80,73;8,81;37,17;27,59;100,00;263,45;0,00;13,18
2011.0;11.0;2011-11-01;BRASPINE;FEITAL;PR;DOUTOR ULYSSES;154,17;86,53;91,14;17,73;81,25;9,20;38,22;27,92;100,00;242,46;0,00;4,13
2011.0;11.0;2011-11-01;BRASPINE;FIGUEIRA;PR;DOUTOR ULYSSES;1053,81;315,71;91,31;17,70;81,52;9,41;37,74;28,06;100,00;242,96;0,00;2,91
2011.0;11.0;2011-11-01;BRASPINE;FIGUEIRINHA;PR;DOUTOR ULYSSES;94,37;56,74;87,22;17,70;81,52;9,41;37,74;28,06;100,00;242,96;0,00;2,91
2011.0;11.0;2011-11-01;BRASPINE;FLOEMA;PR;DOUTOR ULYSSES;2189,88;701,43;101,65;17,24;81,30;8,94;37,31;27,43;100,00;276,69;0,00;5,39
2011.0;11.0;2011-11-01;BRASPINE;FLOEMA I - SUDATI;;;;;102,69;17,58;81,16;9,08;37,90;27,70;100,00;254,24;0,00;6,23
2011.0;11.0;2011-11-01;BRASPINE;FLOEMA II - SUDATI;PR;DOUTOR ULYSSES;453,83;211,13;99,93;17,58;81,16;9,08;37,90;27,70;100,00;254,24;0,00;6,23
2011.0;11.0;2011-11-01;BRASPINE;FLOR DA SERRA;PR;SAO JOSE DA BOA VISTA;209,10;128,72;82,89;20,01;70,66;10,43;35,67;29,49;98,87;182,94;0,00;3,17
2011.0;11.0;2011-11-01;BRASPINE;GENTIL;PR;JAGUARIAIVA;126,77;53,33;123,11;17,40;78,63;8,19;38,61;27,07;99,55;244,05;0,00;0,29
2011.0;11.0;2011-11-01;BRASPINE;GUAIRACA;PR;GUARAPUAVA;623,62;169,31;96,93;17,36;79,65;8,38;41,17;26,96;99,99;274,44;0,00;12,63
2011.0;11.0;2011-11-01;BRASPINE;HERVAL 2 - MADALOSSO;;;;;93,22;17,57;80,21;8,91;36,72;27,62;99,87;253,95;0,00;0,53
2011.0;11.0;2011-11-01;BRASPINE;HERVAL DE BAIXO;PR;RESERVA;827,29;475,92;123,04;18,88;76,84;8,56;40,86;28,45;99,40;230,46;0,00;4,35
2011.0;11.0;2011-11-01;BRASPINE;HORTO 01;PR;TURVO;19,12;19,12;101,04;18,05;79,98;8,35;47,22;26,87;99,50;239,79;0,00;12,37
2011.0;11.0;2011-11-01;BRASPINE;HORTO 02;PR;TURVO;4,24;4,24;100,64;18,05;79,98;8,35;47,22;26,87;99,50;239,79;0,00;12,37
2011.0;11.0;2011-11-01;BRASPINE;HORTO 03;PR;PRUDENTOPOLIS;80,91;25,89;104,45;18,56;78,84;8,80;43,96;27,73;99,70;218,75;0,00;7,88
2011.0;11.0;2011-11-01;BRASPINE;HORTO 08;PR;TURVO;9,53;9,53;103,88;18,56;78,84;8,80;43,96;27,73;99,70;218,75;0,00;7,88
2011.0;11.0;2011-11-01;BRASPINE;HORTO 12;PR;PRUDENTOPOLIS;12,20;12,20;107,35;18,56;78,84;8,80;43,96;27,73;99,70;218,75;0,00;7,88
2011.0;11.0;2011-11-01;BRASPINE;IZAU;PR;PIRAI DO SUL;19,37;11,60;121,25;17,38;79,35;8,15;38,29;27,12;99,56;244,96;0,00;1,21
2011.0;11.0;2011-11-01;BRASPINE;JOAO RICO;PR;JAGUARIAIVA;47,46;26,18;122,00;17,67;78,62;8,49;38,23;27,57;99,85;249,24;0,00;0,85
2011.0;11.0;2011-11-01;BRASPINE;LAGOA;PR;JAGUARIAIVA;24,10;10,78;103,91;17,43;80,73;8,81;37,17;27,59;100,00;263,45;0,00;13,18
2011.0;11.0;2011-11-01;BRASPINE;MARACANA;PR;JANDAIA DO SUL;11,45;11,45;139,63;21,00;72,69;11,26;37,06;30,30;100,00;103,43;0,00;8,96
2011.0;11.0;2011-11-01;BRASPINE;MARRECA;;;;;88,23;17,70;81,52;9,41;37,74;28,06;100,00;242,96;0,00;2,91
2011.0;11.0;2011-11-01;BRASPINE;MARRECA SP;SP;ITAPIRAPUA PAULISTA;675,30;236,19;84,17;18,37;81,51;9,91;38,71;29,13;100,00;239,78;0,00;354,26
2011.0;11.0;2011-11-01;BRASPINE;MARRECAS;;;;;99,96;16,72;80,15;7,81;42,05;26,04;100,00;275,36;0,00;15,83
2011.0;11.0;2011-11-01;BRASPINE;MERCADINHO;;;;;89,26;18,31;80,45;10,02;36,62;28,76;100,00;239,26;0,00;3,54
2011.0;11.0;2011-11-01;BRASPINE;MONTE ALEGRE;;;;;143,09;21,54;71,79;11,79;36,62;30,88;99,99;92,55;0,00;5,70
2011.0;11.0;2011-11-01;BRASPINE;MONTE TABOR II;;;;;74,38;17,62;83,09;9,03;43,08;28,46;100,00;276,10;0,00;116,22
2011.0;11.0;2011-11-01;BRASPINE;MOREIRA;PR;DOUTOR ULYSSES;230,52;68,68;99,93;17,58;81,16;9,08;37,90;27,70;100,00;254,24;0,00;6,23
2011.0;11.0;2011-11-01;BRASPINE;MOREIRAS II;PR;DOUTOR ULYSSES;66,76;28,75;98,48;17,58;81,16;9,08;37,90;27,70;100,00;254,24;0,00;6,23
2011.0;11.0;2011-11-01;BRASPINE;MORRETES;PR;ORTIGUEIRA;20,36;20,36;124,51;19,37;76,85;8,93;39,79;29,07;99,35;221,67;0,00;5,50
2011.0;11.0;2011-11-01;BRASPINE;MORRO AZUL;;;;;84,97;17,81;81,37;9,11;37,60;28,16;100,00;243,23;0,00;330,42
2011.0;11.0;2011-11-01;BRASPINE;OURO FINO;SP;APIAI;51,70;51,70;75,57;17,45;82,81;9,06;40,89;27,71;100,00;253,72;0,00;10,49
2011.0;11.0;2011-11-01;BRASPINE;PALMEIRINHA DE BAIXO - SOSSEGO;PR;SENGES;85,93;9,22;97,65;17,42;78,97;8,59;35,41;27,19;99,87;247,96;0,00;6,61
2011.0;11.0;2011-11-01;BRASPINE;PAZIN;PR;DOUTOR ULYSSES;41,20;23,90;89,20;17,70;81,52;9,41;37,74;28,06;100,00;242,96;0,00;2,91
2011.0;11.0;2011-11-01;BRASPINE;PEDRAS;PR;CASTRO;7,18;7,18;102,56;17,39;80,09;8,17;40,95;26,95;99,28;245,51;0,00;0,92
2011.0;11.0;2011-11-01;BRASPINE;PESCARIA;PR;SAO JOSE DA BOA VISTA;184,57;129,22;89,90;20,14;70,59;10,59;32,79;29,82;97,98;168,71;0,00;4,40
2011.0;11.0;2011-11-01;BRASPINE;PESSEGUEIRO;PR;DOUTOR ULYSSES;109,95;64,79;101,83;17,58;81,16;9,08;37,90;27,70;100,00;254,24;0,00;6,23
2011.0;11.0;2011-11-01;BRASPINE;PITANGA;;;;;112,80;18,29;78,38;8,55;46,00;26,67;99,75;164,98;0,00;1,53
2011.0;11.0;2011-11-01;BRASPINE;QUEIMADINHO ARROIO CLARO;PR;DOUTOR ULYSSES;48,13;19,09;92,13;17,58;81,16;9,08;37,90;27,70;100,00;254,24;0,00;6,23
2011.0;11.0;2011-11-01;BRASPINE;QUEIMADINHO M6042;PR;DOUTOR ULYSSES;48,38;18,50;92,13;17,58;81,16;9,08;37,90;27,70;100,00;254,24;0,00;6,23
2011.0;11.0;2011-11-01;BRASPINE;QUEIMADINHO USUCAPIAO;PR;DOUTOR ULYSSES;200,27;92,43;92,13;17,58;81,16;9,08;37,90;27,70;100,00;254,24;0,00;6,23
2011.0;11.0;2011-11-01;BRASPINE;RAMOS;PR;SENGES;69,83;38,15;102,69;17,43;80,73;8,81;37,17;27,59;100,00;263,45;0,00;13,18
2011.0;11.0;2011-11-01;BRASPINE;RIBEIRAO GRANDE;PR;JAGUARIAIVA;20,77;20,77;123,72;17,38;79,35;8,15;38,29;27,12;99,56;244,96;0,00;1,21
2011.0;11.0;2011-11-01;BRASPINE;RINCAO DE BAIXO;;;;;124,84;18,26;74,98;8,51;38,32;27,42;98,25;239,74;0,00;3,87
2011.0;11.0;2011-11-01;BRASPINE;RIO BOMBA;PR;CERRO AZUL;65,03;37,72;90,94;18,67;79,28;10,39;35,73;29,18;99,98;246,01;0,00;1,95
2011.0;11.0;2011-11-01;BRASPINE;RIO DO MEIO;PR;DOUTOR ULYSSES;712,33;389,13;96,78;17,58;81,16;9,08;37,90;27,70;100,00;254,24;0,00;6,23
2011.0;11.0;2011-11-01;BRASPINE;RONDON;PR;JAGUARIAIVA;2899,24;1475,88;108,91;17,45;79,40;8,64;37,52;27,36;99,89;247,70;0,00;14,59
2011.0;11.0;2011-11-01;BRASPINE;SANTA FELICIDADE;;;;;79,36;18,75;81,58;10,34;39,50;29,96;100,00;247,06;0,00;9,88
2011.0;11.0;2011-11-01;BRASPINE;SANTA LIDIA DO CERCADINHO;;;;;117,24;17,88;75,18;8,31;38,40;26,87;98,60;235,06;0,00;2,75
2011.0;11.0;2011-11-01;BRASPINE;SANTO ANTONIO;;;;;96,91;17,41;79,40;8,60;34,84;27,16;100,00;277,95;0,00;324,07
2011.0;11.0;2011-11-01;BRASPINE;SAO JOSE;PR;JANDAIA DO SUL;37,56;37,56;142,28;21,36;72,01;11,63;36,79;30,67;100,00;106,33;0,00;6,51
2011.0;11.0;2011-11-01;BRASPINE;SAO MATHEUS;;;;;134,07;22,65;71,54;12,94;37,57;32,26;99,99;53,71;0,00;2,23
2011.0;11.0;2011-11-01;BRASPINE;SAO PEDRO E SAO PAULO;PR;SAPOPEMA;709,13;323,93;98,26;19,49;71,85;9,58;36,10;29,03;99,61;202,46;0,00;1,57
2011.0;11.0;2011-11-01;BRASPINE;SAO RAFAEL;;;;;79,51;17,43;78,73;8,62;34,87;27,64;99,53;268,59;0,00;1,70
2011.0;11.0;2011-11-01;BRASPINE;SAO RAFAEL - PB;;;;;78,74;17,59;82,42;9,13;39,73;27,87;100,00;256,54;0,00;1,34
2011.0;11.0;2011-11-01;BRASPINE;SERRARIA;PR;DOUTOR ULYSSES;280,88;117,71;97,88;17,47;81,41;9,18;37,53;27,74;100,00;252,48;0,00;4,15
2011.0;11.0;2011-11-01;BRASPINE;SERRO VERDE;;;;;115,54;17,91;77,64;8,39;40,90;26,43;99,91;203,01;0,00;1,01
2011.0;11.0;2011-11-01;BRASPINE;SERTAOZINHO;PR;DOUTOR ULYSSES;16,25;16,25;98,11;17,58;81,16;9,08;37,90;27,70;100,00;254,24;0,00;6,23
2011.0;11.0;2011-11-01;BRASPINE;SITIO BASILIO;PR;JAGUARIAIVA;8,08;8,08;121,22;17,48;78,41;8,28;38,60;27,18;99,63;245,22;0,00;4,48
2011.0;11.0;2011-11-01;BRASPINE;SITIO DAS MARRECAS;PR;DOUTOR ULYSSES;77,49;35,17;85,96;18,18;81,51;9,77;38,44;28,79;100,00;236,52;0,00;1,21
2011.0;11.0;2011-11-01;BRASPINE;SOBRADINHO;SP;BOM SUCESSO DE ITARARE;285,80;123,10;90,71;17,25;80,74;8,57;36,86;27,19;100,00;290,83;0,00;5,62
2011.0;11.0;2011-11-01;BRASPINE;TAQUARAL;PR;JAGUARIAIVA;519,13;31,07;114,75;17,65;79,27;8,63;38,28;27,59;100,00;250,19;0,00;339,31
2011.0;11.0;2011-11-01;BRASPINE;TUCUNDUVA;PR;SENGES;82,21;60,89;108,64;18,34;74,88;9,15;35,04;27,86;98,76;246,00;0,00;17,69
2011.0;11.0;2011-11-01;BRASPINE;TUCUNDUVA - CHAMMA;;;;;104,75;18,33;75,23;9,27;34,16;27,91;98,52;248,39;0,00;13,08
2011.0;11.0;2011-11-01;BRASPINE;VIENA 1;PR;DOUTOR ULYSSES;263,98;178,34;106,04;17,15;81,17;8,60;38,96;27,10;100,00;258,84;0,00;7,90
2011.0;11.0;2011-11-01;BRASPINE;VIENA 2;PR;CERRO AZUL;140,23;96,54;90,90;18,67;79,28;10,39;35,73;29,18;99,98;246,01;0,00;1,95
2011.0;11.0;2011-11-01;BRASPINE;VITORIA;PR;SENGES;50,54;35,69;97,65;17,42;78,97;8,59;35,41;27,19;99,87;247,96;0,00;6,61
2011.0;11.0;2011-11-01;BRASPINE;VIVEIRO;PR;DOUTOR ULYSSES;405,39;261,22;98,48;17,58;81,16;9,08;37,90;27,70;100,00;254,24;0,00;6,23
2011.0;11.0;2011-11-01;BRASPINE;VO LINO;PR;DOUTOR ULYSSES;164,50;97,89;90,23;17,70;81,52;9,41;37,74;28,06;100,00;242,96;0,00;2,91
2011.0;11.0;2011-11-01;BRASPINE;XAXIM VELHO;;;;;95,50;16,79;80,65;8,17;42,23;26,47;100,00;279,87;0,00;0,31
2011.0;12.0;2011-12-01;BRASPINE;AGUA DOCE;PR;JAGUARIAIVA;238,97;121,99;98,53;19,71;77,18;11,73;30,14;29,20;99,86;178,85;0,00;5,58
2011.0;12.0;2011-12-01;BRASPINE;AMATA;;;;;100,33;21,16;78,07;14,50;28,86;32,27;100,00;58,52;0,00;2,72
2011.0;12.0;2011-12-01;BRASPINE;ANTA BRAVA;;;;;107,62;22,71;73,83;14,16;34,14;31,60;98,06;14,16;0,00;17,64
2011.0;12.0;2011-12-01;BRASPINE;ARAPONGAS;PR;SENGES;423,34;263,70;107,22;19,66;79,69;12,43;28,32;30,16;100,00;165,45;0,00;9,87
2011.0;12.0;2011-12-01;BRASPINE;ARROIO CLARO;PR;DOUTOR ULYSSES;275,14;92,00;116,96;19,77;79,91;12,72;28,35;30,64;100,00;182,88;0,00;1,76
2011.0;12.0;2011-12-01;BRASPINE;BARRA GRANDE;PR;DOUTOR ULYSSES;493,79;139,68;110,49;20,18;79,96;13,12;27,75;31,07;100,00;156,73;0,00;3,49
2011.0;12.0;2011-12-01;BRASPINE;BARRA GRANDE - BEMAIS;PR;GUARAPUAVA;299,16;108,61;76,39;19,12;77,38;10,49;31,26;28,76;99,98;205,66;0,00;42,29
2011.0;12.0;2011-12-01;BRASPINE;BARRETOS;PR;JAGUARIAIVA;43,35;32,98;106,45;19,71;78,85;12,03;28,71;29,87;99,98;180,13;0,00;4,85
2011.0;12.0;2011-12-01;BRASPINE;BAU;;;;;90,18;19,18;76,60;11,11;32,28;28,39;99,84;198,95;0,00;0,50
2011.0;12.0;2011-12-01;BRASPINE;BOA VISTA II;PR;PIRAI DO SUL;944,00;535,05;111,62;19,70;78,10;11,80;29,77;29,54;99,97;192,69;0,00;0,52
2011.0;12.0;2011-12-01;BRASPINE;BRASILEIRA;;;;;109,48;19,66;79,69;12,43;28,32;30,16;100,00;165,45;0,00;9,87
2011.0;12.0;2011-12-01;BRASPINE;BURACAO;;;;;100,82;19,53;78,11;12,22;31,15;29,32;99,84;167,42;0,00;3,75
2011.0;12.0;2011-12-01;BRASPINE;BURRINHO;PR;DOUTOR ULYSSES;211,01;100,37;116,89;19,77;79,91;12,72;28,35;30,64;100,00;182,88;0,00;1,76
2011.0;12.0;2011-12-01;BRASPINE;CADEADO I;PR;JAGUARIAIVA;21,07;12,29;105,24;19,50;79,15;12,02;28,70;29,74;100,00;192,36;0,00;0,36
2011.0;12.0;2011-12-01;BRASPINE;CADEADO II;PR;JAGUARIAIVA;21,88;16,79;105,24;19,50;79,15;12,02;28,70;29,74;100,00;192,36;0,00;0,36
2011.0;12.0;2011-12-01;BRASPINE;CAMPINA ALTA;PR;TIBAGI;29,77;18,24;98,32;21,05;73,52;12,28;28,09;30,82;99,71;80,22;0,00;2,70
2011.0;12.0;2011-12-01;BRASPINE;CAMPINA DO ELIAS;PR;JAGUARIAIVA;29,17;14,65;111,94;19,63;78,96;12,03;28,70;29,82;99,98;194,19;0,00;3,21
2011.0;12.0;2011-12-01;BRASPINE;CAMPO NOVO;PR;JAGUARIAIVA;295,98;156,36;108,21;19,50;79,15;12,02;28,70;29,74;100,00;192,36;0,00;0,36
2011.0;12.0;2011-12-01;BRASPINE;CONSULTORIA II A;PR;DOUTOR ULYSSES;89,62;60,79;110,56;19,66;79,69;12,43;28,32;30,16;100,00;165,45;0,00;9,87
2011.0;12.0;2011-12-01;BRASPINE;DINIZ;;;;;98,44;19,66;79,69;12,43;28,32;30,16;100,00;165,45;0,00;9,87
2011.0;12.0;2011-12-01;BRASPINE;ENES;PR;JAGUARIAIVA;5,93;5,69;108,36;19,50;79,15;12,02;28,70;29,74;100,00;192,36;0,00;0,36
2011.0;12.0;2011-12-01;BRASPINE;ENGENHARIA;;;;;98,44;19,66;79,69;12,43;28,32;30,16;100,00;165,45;0,00;9,87
2011.0;12.0;2011-12-01;BRASPINE;ESTACAO;PR;SENGES;4,76;4,14;110,53;19,50;79,15;12,02;28,70;29,74;100,00;192,36;0,00;0,36
2011.0;12.0;2011-12-01;BRASPINE;FAXINAL;PR;JAGUARIAIVA;20,65;20,65;108,36;19,50;79,15;12,02;28,70;29,74;100,00;192,36;0,00;0,36
2011.0;12.0;2011-12-01;BRASPINE;FEITAL;PR;DOUTOR ULYSSES;154,17;86,53;108,68;19,83;79,78;12,66;28,13;30,46;100,00;167,57;0,00;8,25
2011.0;12.0;2011-12-01;BRASPINE;FIGUEIRA;PR;DOUTOR ULYSSES;1053,81;315,71;115,02;19,77;79,91;12,72;28,35;30,64;100,00;182,88;0,00;1,76
2011.0;12.0;2011-12-01;BRASPINE;FIGUEIRINHA;PR;DOUTOR ULYSSES;94,37;56,74;113,96;19,77;79,91;12,72;28,35;30,64;100,00;182,88;0,00;1,76
2011.0;12.0;2011-12-01;BRASPINE;FLOEMA;PR;DOUTOR ULYSSES;2189,88;701,43;120,80;19,27;79,41;12,01;29,35;29,70;100,00;205,49;0,00;3,25
2011.0;12.0;2011-12-01;BRASPINE;FLOEMA I - SUDATI;;;;;107,87;19,66;79,69;12,43;28,32;30,16;100,00;165,45;0,00;9,87
2011.0;12.0;2011-12-01;BRASPINE;FLOEMA II - SUDATI;PR;DOUTOR ULYSSES;453,83;211,13;107,06;19,66;79,69;12,43;28,32;30,16;100,00;165,45;0,00;9,87
2011.0;12.0;2011-12-01;BRASPINE;FLOR DA SERRA;PR;SAO JOSE DA BOA VISTA;209,10;128,72;95,82;22,41;67,99;13,83;23,22;32,17;98,40;43,60;0,00;8,21
2011.0;12.0;2011-12-01;BRASPINE;GENTIL;PR;JAGUARIAIVA;126,77;53,33;100,71;19,42;77,18;11,38;30,35;28,71;99,54;191,39;0,00;12,25
2011.0;12.0;2011-12-01;BRASPINE;GUAIRACA;PR;GUARAPUAVA;623,62;169,31;72,88;19,23;77,48;10,46;32,17;28,88;99,97;207,38;0,00;18,80
2011.0;12.0;2011-12-01;BRASPINE;HERVAL 2 - MADALOSSO;;;;;98,46;19,53;78,11;12,22;31,15;29,32;99,84;167,42;0,00;3,75
2011.0;12.0;2011-12-01;BRASPINE;HERVAL DE BAIXO;PR;RESERVA;827,29;475,92;89,65;21,11;73,09;12,00;26,46;30,91;99,62;94,24;0,00;0,85
2011.0;12.0;2011-12-01;BRASPINE;HORTO 01;PR;TURVO;19,12;19,12;92,72;20,00;76,72;10,41;31,90;29,64;99,77;179,90;0,00;32,59
2011.0;12.0;2011-12-01;BRASPINE;HORTO 02;PR;TURVO;4,24;4,24;93,51;20,00;76,72;10,41;31,90;29,64;99,77;179,90;0,00;32,59
2011.0;12.0;2011-12-01;BRASPINE;HORTO 03;PR;PRUDENTOPOLIS;80,91;25,89;87,23;20,60;75,67;10,74;30,38;30,54;99,88;142,09;0,00;28,73
2011.0;12.0;2011-12-01;BRASPINE;HORTO 08;PR;TURVO;9,53;9,53;88,48;20,60;75,67;10,74;30,38;30,54;99,88;142,09;0,00;28,73
2011.0;12.0;2011-12-01;BRASPINE;HORTO 12;PR;PRUDENTOPOLIS;12,20;12,20;82,93;20,60;75,67;10,74;30,38;30,54;99,88;142,09;0,00;28,73
2011.0;12.0;2011-12-01;BRASPINE;IZAU;PR;PIRAI DO SUL;19,37;11,60;105,96;19,42;77,80;11,37;29,33;28,89;99,55;207,12;0,00;2,42
2011.0;12.0;2011-12-01;BRASPINE;JOAO RICO;PR;JAGUARIAIVA;47,46;26,18;99,78;19,71;77,18;11,73;30,14;29,20;99,86;178,85;0,00;5,58
2011.0;12.0;2011-12-01;BRASPINE;LAGOA;PR;JAGUARIAIVA;24,10;10,78;114,95;19,50;79,15;12,02;28,70;29,74;100,00;192,36;0,00;0,36
2011.0;12.0;2011-12-01;BRASPINE;MARACANA;PR;JANDAIA DO SUL;11,45;11,45;64,22;23,65;64,56;15,11;21,15;33,24;99,91;0,00;0,00;2,57
2011.0;12.0;2011-12-01;BRASPINE;MARRECA;;;;;115,83;19,77;79,91;12,72;28,35;30,64;100,00;182,88;0,00;1,76
2011.0;12.0;2011-12-01;BRASPINE;MARRECA SP;SP;ITAPIRAPUA PAULISTA;675,30;236,19;111,33;20,52;80,06;13,70;27,82;31,79;100,00;115,29;0,00;0,55
2011.0;12.0;2011-12-01;BRASPINE;MARRECAS;;;;;75,93;18,51;78,09;10,11;32,08;27,96;100,00;212,74;0,00;29,48
2011.0;12.0;2011-12-01;BRASPINE;MERCADINHO;;;;;114,51;20,37;79,13;13,55;28,13;31,42;100,00;127,73;0,00;0,02
2011.0;12.0;2011-12-01;BRASPINE;MONTE ALEGRE;;;;;68,63;24,24;63,11;15,68;21,25;33,95;99,79;0,00;0,00;0,95
2011.0;12.0;2011-12-01;BRASPINE;MONTE TABOR II;;;;;108,70;19,65;81,86;13,10;31,19;30,73;100,00;137,78;0,00;53,47
2011.0;12.0;2011-12-01;BRASPINE;MOREIRA;PR;DOUTOR ULYSSES;230,52;68,68;107,06;19,66;79,69;12,43;28,32;30,16;100,00;165,45;0,00;9,87
2011.0;12.0;2011-12-01;BRASPINE;MOREIRAS II;PR;DOUTOR ULYSSES;66,76;28,75;111,08;19,66;79,69;12,43;28,32;30,16;100,00;165,45;0,00;9,87
2011.0;12.0;2011-12-01;BRASPINE;MORRETES;PR;ORTIGUEIRA;20,36;20,36;90,34;21,84;71,34;12,55;23,50;31,79;99,72;82,38;0,00;2,67
2011.0;12.0;2011-12-01;BRASPINE;MORRO AZUL;;;;;98,38;19,98;79,76;12,79;27,29;30,64;100,00;140,63;0,00;15,26
2011.0;12.0;2011-12-01;BRASPINE;OURO FINO;SP;APIAI;51,70;51,70;106,78;19,60;81,10;12,81;29,38;30,31;100,00;167,99;0,00;3,33
2011.0;12.0;2011-12-01;BRASPINE;PALMEIRINHA DE BAIXO - SOSSEGO;PR;SENGES;85,93;9,22;97,16;19,52;77,38;11,91;27,34;29,35;99,84;179,31;0,00;16,58
2011.0;12.0;2011-12-01;BRASPINE;PAZIN;PR;DOUTOR ULYSSES;41,20;23,90;110,17;19,77;79,91;12,72;28,35;30,64;100,00;182,88;0,00;1,76
2011.0;12.0;2011-12-01;BRASPINE;PEDRAS;PR;CASTRO;7,18;7,18;101,72;19,41;78,40;11,46;32,90;28,77;99,37;222,37;0,00;7,60
2011.0;12.0;2011-12-01;BRASPINE;PESCARIA;PR;SAO JOSE DA BOA VISTA;184,57;129,22;96,78;22,53;67,95;13,99;21,43;32,45;99,00;13,99;0,00;345,16
2011.0;12.0;2011-12-01;BRASPINE;PESSEGUEIRO;PR;DOUTOR ULYSSES;109,95;64,79;117,96;19,66;79,69;12,43;28,32;30,16;100,00;165,45;0,00;9,87
2011.0;12.0;2011-12-01;BRASPINE;PITANGA;;;;;76,14;20,12;74,52;12,52;29,24;29,67;99,77;177,94;0,00;0,22
2011.0;12.0;2011-12-01;BRASPINE;QUEIMADINHO ARROIO CLARO;PR;DOUTOR ULYSSES;48,13;19,09;109,48;19,66;79,69;12,43;28,32;30,16;100,00;165,45;0,00;9,87
2011.0;12.0;2011-12-01;BRASPINE;QUEIMADINHO M6042;PR;DOUTOR ULYSSES;48,38;18,50;109,48;19,66;79,69;12,43;28,32;30,16;100,00;165,45;0,00;9,87
2011.0;12.0;2011-12-01;BRASPINE;QUEIMADINHO USUCAPIAO;PR;DOUTOR ULYSSES;200,27;92,43;109,48;19,66;79,69;12,43;28,32;30,16;100,00;165,45;0,00;9,87
2011.0;12.0;2011-12-01;BRASPINE;RAMOS;PR;SENGES;69,83;38,15;107,87;19,50;79,15;12,02;28,70;29,74;100,00;192,36;0,00;0,36
2011.0;12.0;2011-12-01;BRASPINE;RIBEIRAO GRANDE;PR;JAGUARIAIVA;20,77;20,77;103,53;19,42;77,80;11,37;29,33;28,89;99,55;207,12;0,00;2,42
2011.0;12.0;2011-12-01;BRASPINE;RINCAO DE BAIXO;;;;;96,44;20,32;73,02;12,02;29,13;29,75;97,73;95,34;0,00;1,34
2011.0;12.0;2011-12-01;BRASPINE;RIO BOMBA;PR;CERRO AZUL;65,03;37,72;117,22;20,67;78,36;13,69;29,06;31,53;99,98;113,80;0,00;3,89
2011.0;12.0;2011-12-01;BRASPINE;RIO DO MEIO;PR;DOUTOR ULYSSES;712,33;389,13;110,65;19,66;79,69;12,43;28,32;30,16;100,00;165,45;0,00;9,87
2011.0;12.0;2011-12-01;BRASPINE;RONDON;PR;JAGUARIAIVA;2899,24;1475,88;100,37;19,51;77,92;11,85;28,97;29,25;99,86;177,68;0,00;6,85
2011.0;12.0;2011-12-01;BRASPINE;SANTA FELICIDADE;;;;;108,31;20,94;80,16;14,25;27,57;32,45;100,00;72,99;0,00;5,76
2011.0;12.0;2011-12-01;BRASPINE;SANTA LIDIA DO CERCADINHO;;;;;95,17;19,91;73,32;11,70;29,53;29,22;97,87;107,30;0,00;0,45
2011.0;12.0;2011-12-01;BRASPINE;SANTO ANTONIO;;;;;96,70;19,52;77,71;12,05;27,24;29,51;100,00;179,15;0,00;5,78
2011.0;12.0;2011-12-01;BRASPINE;SAO JOSE;PR;JANDAIA DO SUL;37,56;37,56;68,42;24,04;63,49;15,53;21,39;33,69;99,86;0,00;0,00;1,35
2011.0;12.0;2011-12-01;BRASPINE;SAO MATHEUS;;;;;67,49;25,40;62,06;15,97;22,44;35,19;99,57;0,00;0,00;3,72
2011.0;12.0;2011-12-01;BRASPINE;SAO PEDRO E SAO PAULO;PR;SAPOPEMA;709,13;323,93;116,63;21,87;68,20;13,27;24,45;31,16;99,64;85,05;0,00;0,58
2011.0;12.0;2011-12-01;BRASPINE;SAO RAFAEL;;;;;101,90;19,19;78,15;12,45;33,50;29,05;99,66;220,43;0,00;2,19
2011.0;12.0;2011-12-01;BRASPINE;SAO RAFAEL - PB;;;;;103,96;19,76;80,74;12,86;28,44;30,52;100,00;154,91;0,00;5,77
2011.0;12.0;2011-12-01;BRASPINE;SERRARIA;PR;DOUTOR ULYSSES;280,88;117,71;118,44;19,52;79,66;12,37;28,85;30,17;100,00;194,30;0,00;2,62
2011.0;12.0;2011-12-01;BRASPINE;SERRO VERDE;;;;;88,72;19,49;75,68;11,62;31,43;28,84;99,78;213,53;0,00;3,37
2011.0;12.0;2011-12-01;BRASPINE;SERTAOZINHO;PR;DOUTOR ULYSSES;16,25;16,25;101,89;19,66;79,69;12,43;28,32;30,16;100,00;165,45;0,00;9,87
2011.0;12.0;2011-12-01;BRASPINE;SITIO BASILIO;PR;JAGUARIAIVA;8,08;8,08;98,81;19,50;76,98;11,48;30,61;28,79;99,62;191,65;0,00;9,81
2011.0;12.0;2011-12-01;BRASPINE;SITIO DAS MARRECAS;PR;DOUTOR ULYSSES;77,49;35,17;113,49;20,30;80,02;13,42;27,97;31,46;100,00;113,64;0,00;0,20
2011.0;12.0;2011-12-01;BRASPINE;SOBRADINHO;SP;BOM SUCESSO DE ITARARE;285,80;123,10;94,98;19,40;78,79;12,09;27,97;29,47;100,00;164,73;0,00;5,43
2011.0;12.0;2011-12-01;BRASPINE;TAQUARAL;PR;JAGUARIAIVA;519,13;31,07;97,98;19,69;77,84;11,88;30,31;29,33;99,99;179,08;0,00;13,94
2011.0;12.0;2011-12-01;BRASPINE;TUCUNDUVA;PR;SENGES;82,21;60,89;96,67;20,52;72,80;12,41;26,06;30,03;98,77;139,29;0,00;3,85
2011.0;12.0;2011-12-01;BRASPINE;TUCUNDUVA - CHAMMA;;;;;100,16;20,55;73,04;12,54;25,39;30,14;99,31;111,88;0,00;3,65
2011.0;12.0;2011-12-01;BRASPINE;VIENA 1;PR;DOUTOR ULYSSES;263,98;178,34;119,33;19,20;79,09;11,75;30,69;29,21;100,00;205,75;0,00;4,28
2011.0;12.0;2011-12-01;BRASPINE;VIENA 2;PR;CERRO AZUL;140,23;96,54;117,48;20,67;78,36;13,69;29,06;31,53;99,98;113,80;0,00;3,89
2011.0;12.0;2011-12-01;BRASPINE;VITORIA;PR;SENGES;50,54;35,69;97,16;19,52;77,38;11,91;27,34;29,35;99,84;179,31;0,00;16,58
2011.0;12.0;2011-12-01;BRASPINE;VIVEIRO;PR;DOUTOR ULYSSES;405,39;261,22;111,08;19,66;79,69;12,43;28,32;30,16;100,00;165,45;0,00;9,87
2011.0;12.0;2011-12-01;BRASPINE;VO LINO;PR;DOUTOR ULYSSES;164,50;97,89;116,38;19,77;79,91;12,72;28,35;30,64;100,00;182,88;0,00;1,76
2011.0;12.0;2011-12-01;BRASPINE;XAXIM VELHO;;;;;88,53;18,62;78,33;10,66;32,75;28,18;100,00;232,89;0,00;0,77
