ANO;MES;DATA;EMPRESA;FAZENDA;UF;MUNICIPIO;AREA_T;AREA_PRODU;PRECIP_CHIRPS_MM;TEMP_MEDIA_C;UMID_MEDIA_PCT;TEMP_MIN_C;UMID_MIN_PCT;TEMP_MAX_C;UMID_MAX_PCT;NOITES_FRIAS_Eucalipto_<15C;NOITES_FRIAS_Pinus_<5C;DIRECAO_VENTO_GRAUS
2022.0;1.0;2022-01-01;BRASPINE;AGUA DOCE;PR;JAGUARIAIVA;238,97;121,99;135,98;20,49;86,61;13,39;46,99;29,66;99,81;70,34;0,00;0,41
2022.0;1.0;2022-01-01;BRASPINE;AMATA;;;;;150,20;22,59;84,19;14,47;35,99;33,26;100,00;14,47;0,00;7,19
2022.0;1.0;2022-01-01;BRASPINE;ANTA BRAVA;;;;;157,15;23,37;81,46;16,68;42,93;32,24;99,52;0,00;0,00;10,48
2022.0;1.0;2022-01-01;BRASPINE;ARAPONGAS;PR;SENGES;423,34;263,70;140,96;20,80;87,45;14,10;39,64;30,87;100,00;42,84;0,00;1,75
2022.0;1.0;2022-01-01;BRASPINE;ARROIO CLARO;PR;DOUTOR ULYSSES;275,14;92,00;142,97;20,95;87,36;13,93;38,04;31,17;100,00;42,91;0,00;7,67
2022.0;1.0;2022-01-01;BRASPINE;BARRA GRANDE;PR;DOUTOR ULYSSES;493,79;139,68;149,13;21,37;87,28;14,41;38,87;31,68;100,00;29,16;0,00;0,01
2022.0;1.0;2022-01-01;BRASPINE;BARRA GRANDE - BEMAIS;PR;GUARAPUAVA;299,16;108,61;152,64;20,64;83,71;13,25;45,54;30,23;99,96;84,11;0,00;32,94
2022.0;1.0;2022-01-01;BRASPINE;BARRETOS;PR;JAGUARIAIVA;43,35;32,98;149,57;20,54;87,72;13,43;42,79;30,21;99,99;55,42;0,00;1,91
2022.0;1.0;2022-01-01;BRASPINE;BAU;;;;;144,33;20,68;83,71;12,99;46,09;29,80;99,54;83,73;0,00;1,51
2022.0;1.0;2022-01-01;BRASPINE;BOA VISTA II;PR;PIRAI DO SUL;944,00;535,05;156,21;20,48;87,24;13,12;45,42;29,86;99,99;69,26;0,00;2,31
2022.0;1.0;2022-01-01;BRASPINE;BRASILEIRA;;;;;139,00;20,80;87,45;14,10;39,64;30,87;100,00;42,84;0,00;1,75
2022.0;1.0;2022-01-01;BRASPINE;BURACAO;;;;;144,58;20,83;85,55;13,53;42,53;30,14;99,88;56,26;0,00;5,58
2022.0;1.0;2022-01-01;BRASPINE;BURRINHO;PR;DOUTOR ULYSSES;211,01;100,37;142,51;20,95;87,36;13,93;38,04;31,17;100,00;42,91;0,00;7,67
2022.0;1.0;2022-01-01;BRASPINE;CADEADO I;PR;JAGUARIAIVA;21,07;12,29;143,06;20,50;87,56;13,64;40,50;30,33;100,00;55,94;0,00;2,14
2022.0;1.0;2022-01-01;BRASPINE;CADEADO II;PR;JAGUARIAIVA;21,88;16,79;143,06;20,50;87,56;13,64;40,50;30,33;100,00;55,94;0,00;2,14
2022.0;1.0;2022-01-01;BRASPINE;CAMPINA ALTA;PR;TIBAGI;29,77;18,24;153,57;21,91;82,90;14,38;47,36;30,87;99,78;29,18;0,00;9,49
2022.0;1.0;2022-01-01;BRASPINE;CAMPINA DO ELIAS;PR;JAGUARIAIVA;29,17;14,65;155,35;20,52;87,66;13,51;41,96;30,26;99,99;55,62;0,00;1,98
2022.0;1.0;2022-01-01;BRASPINE;CAMPO NOVO;PR;JAGUARIAIVA;295,98;156,36;144,55;20,50;87,56;13,64;40,50;30,33;100,00;55,94;0,00;2,14
2022.0;1.0;2022-01-01;BRASPINE;CONSULTORIA II A;PR;DOUTOR ULYSSES;89,62;60,79;139,30;20,80;87,45;14,10;39,64;30,87;100,00;42,84;0,00;1,75
2022.0;1.0;2022-01-01;BRASPINE;DINIZ;;;;;136,82;20,80;87,45;14,10;39,64;30,87;100,00;42,84;0,00;1,75
2022.0;1.0;2022-01-01;BRASPINE;ENES;PR;JAGUARIAIVA;5,93;5,69;145,11;20,50;87,56;13,64;40,50;30,33;100,00;55,94;0,00;2,14
2022.0;1.0;2022-01-01;BRASPINE;ENGENHARIA;;;;;136,82;20,80;87,45;14,10;39,64;30,87;100,00;42,84;0,00;1,75
2022.0;1.0;2022-01-01;BRASPINE;ESTACAO;PR;SENGES;4,76;4,14;141,69;20,50;87,56;13,64;40,50;30,33;100,00;55,94;0,00;2,14
2022.0;1.0;2022-01-01;BRASPINE;FAXINAL;PR;JAGUARIAIVA;20,65;20,65;145,11;20,50;87,56;13,64;40,50;30,33;100,00;55,94;0,00;2,14
2022.0;1.0;2022-01-01;BRASPINE;FEITAL;PR;DOUTOR ULYSSES;154,17;86,53;134,77;20,99;87,39;14,20;39,38;31,14;100,00;43,32;0,00;0,67
2022.0;1.0;2022-01-01;BRASPINE;FIGUEIRA;PR;DOUTOR ULYSSES;1053,81;315,71;138,06;20,95;87,36;13,93;38,04;31,17;100,00;42,91;0,00;7,67
2022.0;1.0;2022-01-01;BRASPINE;FIGUEIRINHA;PR;DOUTOR ULYSSES;94,37;56,74;140,49;20,95;87,36;13,93;38,04;31,17;100,00;42,91;0,00;7,67
2022.0;1.0;2022-01-01;BRASPINE;FLOEMA;PR;DOUTOR ULYSSES;2189,88;701,43;155,63;20,40;87,48;13,35;39,06;30,28;100,00;70,50;0,00;5,88
2022.0;1.0;2022-01-01;BRASPINE;FLOEMA I - SUDATI;;;;;141,91;20,80;87,45;14,10;39,64;30,87;100,00;42,84;0,00;1,75
2022.0;1.0;2022-01-01;BRASPINE;FLOEMA II - SUDATI;PR;DOUTOR ULYSSES;453,83;211,13;138,51;20,80;87,45;14,10;39,64;30,87;100,00;42,84;0,00;1,75
2022.0;1.0;2022-01-01;BRASPINE;FLOR DA SERRA;PR;SAO JOSE DA BOA VISTA;209,10;128,72;104,38;22,64;80,36;15,57;42,87;31,80;99,34;0,00;0,00;1,77
2022.0;1.0;2022-01-01;BRASPINE;GENTIL;PR;JAGUARIAIVA;126,77;53,33;148,94;20,32;86,32;13,24;47,02;29,29;99,78;69,44;0,00;4,45
2022.0;1.0;2022-01-01;BRASPINE;GUAIRACA;PR;GUARAPUAVA;623,62;169,31;147,48;20,78;83,42;13,34;45,59;30,39;99,94;84,65;0,00;30,09
2022.0;1.0;2022-01-01;BRASPINE;HERVAL 2 - MADALOSSO;;;;;149,84;20,83;85,55;13,53;42,53;30,14;99,88;56,26;0,00;5,58
2022.0;1.0;2022-01-01;BRASPINE;HERVAL DE BAIXO;PR;RESERVA;827,29;475,92;134,87;21,95;82,95;14,42;47,22;30,86;99,64;29,28;0,00;6,49
2022.0;1.0;2022-01-01;BRASPINE;HORTO 01;PR;TURVO;19,12;19,12;136,20;21,51;83,18;14,02;48,66;30,86;99,65;42,80;0,00;1,49
2022.0;1.0;2022-01-01;BRASPINE;HORTO 02;PR;TURVO;4,24;4,24;137,60;21,51;83,18;14,02;48,66;30,86;99,65;42,80;0,00;1,49
2022.0;1.0;2022-01-01;BRASPINE;HORTO 03;PR;PRUDENTOPOLIS;80,91;25,89;134,79;21,99;81,94;14,57;45,02;31,71;99,87;29,18;0,00;9,26
2022.0;1.0;2022-01-01;BRASPINE;HORTO 08;PR;TURVO;9,53;9,53;140,19;21,99;81,94;14,57;45,02;31,71;99,87;29,18;0,00;9,26
2022.0;1.0;2022-01-01;BRASPINE;HORTO 12;PR;PRUDENTOPOLIS;12,20;12,20;137,54;21,99;81,94;14,57;45,02;31,71;99,87;29,18;0,00;9,26
2022.0;1.0;2022-01-01;BRASPINE;IZAU;PR;PIRAI DO SUL;19,37;11,60;143,00;20,34;86,81;13,07;45,87;29,50;99,82;68,69;0,00;6,34
2022.0;1.0;2022-01-01;BRASPINE;JOAO RICO;PR;JAGUARIAIVA;47,46;26,18;144,38;20,49;86,61;13,39;46,99;29,66;99,81;70,34;0,00;0,41
2022.0;1.0;2022-01-01;BRASPINE;LAGOA;PR;JAGUARIAIVA;24,10;10,78;145,82;20,50;87,56;13,64;40,50;30,33;100,00;55,94;0,00;2,14
2022.0;1.0;2022-01-01;BRASPINE;MARACANA;PR;JANDAIA DO SUL;11,45;11,45;133,35;23,76;78,97;16,46;41,20;33,29;99,89;0,00;0,00;1,35
2022.0;1.0;2022-01-01;BRASPINE;MARRECA;;;;;136,28;20,95;87,36;13,93;38,04;31,17;100,00;42,91;0,00;7,67
2022.0;1.0;2022-01-01;BRASPINE;MARRECA SP;SP;ITAPIRAPUA PAULISTA;675,30;236,19;146,59;21,76;86,92;14,38;37,57;32,17;100,00;14,38;0,00;6,02
2022.0;1.0;2022-01-01;BRASPINE;MARRECAS;;;;;163,70;20,14;84,20;12,68;46,05;29,67;99,99;96,18;0,00;0,66
2022.0;1.0;2022-01-01;BRASPINE;MERCADINHO;;;;;146,25;21,76;85,87;13,91;36,78;32,31;100,00;28,68;0,00;0,55
2022.0;1.0;2022-01-01;BRASPINE;MONTE ALEGRE;;;;;127,18;24,38;77,19;17,03;38,41;34,19;99,71;0,00;0,00;3,72
2022.0;1.0;2022-01-01;BRASPINE;MONTE TABOR II;;;;;135,04;20,94;87,90;14,26;45,47;30,38;100,00;28,77;0,00;22,34
2022.0;1.0;2022-01-01;BRASPINE;MOREIRA;PR;DOUTOR ULYSSES;230,52;68,68;138,51;20,80;87,45;14,10;39,64;30,87;100,00;42,84;0,00;1,75
2022.0;1.0;2022-01-01;BRASPINE;MOREIRAS II;PR;DOUTOR ULYSSES;66,76;28,75;139,43;20,80;87,45;14,10;39,64;30,87;100,00;42,84;0,00;1,75
2022.0;1.0;2022-01-01;BRASPINE;MORRETES;PR;ORTIGUEIRA;20,36;20,36;122,23;22,56;81,52;15,11;45,45;31,77;99,64;0,00;0,00;7,10
2022.0;1.0;2022-01-01;BRASPINE;MORRO AZUL;;;;;152,23;20,94;87,91;14,28;39,40;31,31;100,00;43,26;0,00;14,59
2022.0;1.0;2022-01-01;BRASPINE;OURO FINO;SP;APIAI;51,70;51,70;137,79;20,67;88,46;13,95;43,83;30,34;100,00;42,65;0,00;4,94
2022.0;1.0;2022-01-01;BRASPINE;PALMEIRINHA DE BAIXO - SOSSEGO;PR;SENGES;85,93;9,22;139,91;20,32;86,86;13,81;43,10;30,11;99,86;56,50;0,00;5,14
2022.0;1.0;2022-01-01;BRASPINE;PAZIN;PR;DOUTOR ULYSSES;41,20;23,90;134,29;20,95;87,36;13,93;38,04;31,17;100,00;42,91;0,00;7,67
2022.0;1.0;2022-01-01;BRASPINE;PEDRAS;PR;CASTRO;7,18;7,18;155,74;20,44;87,01;12,99;47,67;29,48;99,63;83,67;0,00;9,09
2022.0;1.0;2022-01-01;BRASPINE;PESCARIA;PR;SAO JOSE DA BOA VISTA;184,57;129,22;111,19;22,76;80,12;15,90;41,57;32,22;99,30;0,00;0,00;0,23
2022.0;1.0;2022-01-01;BRASPINE;PESSEGUEIRO;PR;DOUTOR ULYSSES;109,95;64,79;140,69;20,80;87,45;14,10;39,64;30,87;100,00;42,84;0,00;1,75
2022.0;1.0;2022-01-01;BRASPINE;PITANGA;;;;;129,84;21,54;82,69;13,99;47,29;30,72;99,39;42,92;0,00;0,57
2022.0;1.0;2022-01-01;BRASPINE;QUEIMADINHO ARROIO CLARO;PR;DOUTOR ULYSSES;48,13;19,09;139,00;20,80;87,45;14,10;39,64;30,87;100,00;42,84;0,00;1,75
2022.0;1.0;2022-01-01;BRASPINE;QUEIMADINHO M6042;PR;DOUTOR ULYSSES;48,38;18,50;139,00;20,80;87,45;14,10;39,64;30,87;100,00;42,84;0,00;1,75
2022.0;1.0;2022-01-01;BRASPINE;QUEIMADINHO USUCAPIAO;PR;DOUTOR ULYSSES;200,27;92,43;139,00;20,80;87,45;14,10;39,64;30,87;100,00;42,84;0,00;1,75
2022.0;1.0;2022-01-01;BRASPINE;RAMOS;PR;SENGES;69,83;38,15;141,91;20,50;87,56;13,64;40,50;30,33;100,00;55,94;0,00;2,14
2022.0;1.0;2022-01-01;BRASPINE;RIBEIRAO GRANDE;PR;JAGUARIAIVA;20,77;20,77;140,98;20,34;86,81;13,07;45,87;29,50;99,82;68,69;0,00;6,34
2022.0;1.0;2022-01-01;BRASPINE;RINCAO DE BAIXO;;;;;143,62;21,10;82,82;14,08;47,05;30,09;99,52;42,46;0,00;2,99
2022.0;1.0;2022-01-01;BRASPINE;RIO BOMBA;PR;CERRO AZUL;65,03;37,72;154,30;22,10;84,40;14,22;37,12;32,63;99,97;14,22;0,00;6,16
2022.0;1.0;2022-01-01;BRASPINE;RIO DO MEIO;PR;DOUTOR ULYSSES;712,33;389,13;139,31;20,80;87,45;14,10;39,64;30,87;100,00;42,84;0,00;1,75
2022.0;1.0;2022-01-01;BRASPINE;RONDON;PR;JAGUARIAIVA;2899,24;1475,88;142,90;20,36;87,15;13,63;43,74;29,95;99,91;56,03;0,00;20,56
2022.0;1.0;2022-01-01;BRASPINE;SANTA FELICIDADE;;;;;146,77;22,12;86,66;14,45;36,64;32,63;100,00;14,45;0,00;4,19
2022.0;1.0;2022-01-01;BRASPINE;SANTA LIDIA DO CERCADINHO;;;;;142,59;20,74;83,13;13,80;47,64;29,55;99,40;41,60;0,00;1,23
2022.0;1.0;2022-01-01;BRASPINE;SANTO ANTONIO;;;;;144,79;20,38;87,01;13,82;41,65;30,37;100,00;56,60;0,00;4,40
2022.0;1.0;2022-01-01;BRASPINE;SAO JOSE;PR;JANDAIA DO SUL;37,56;37,56;128,85;24,19;77,66;16,87;39,18;33,92;99,78;0,00;0,00;4,11
2022.0;1.0;2022-01-01;BRASPINE;SAO MATHEUS;;;;;131,94;25,76;73,96;18,16;32,59;36,25;99,43;0,00;0,00;5,09
2022.0;1.0;2022-01-01;BRASPINE;SAO PEDRO E SAO PAULO;PR;SAPOPEMA;709,13;323,93;110,25;21,98;81,93;14,41;41,51;31,18;99,47;14,41;0,00;2,89
2022.0;1.0;2022-01-01;BRASPINE;SAO RAFAEL;;;;;180,88;20,87;83,53;13,89;42,78;30,09;99,51;71,93;0,00;7,16
2022.0;1.0;2022-01-01;BRASPINE;SAO RAFAEL - PB;;;;;147,84;20,78;88,31;14,12;42,22;30,68;100,00;42,96;0,00;7,40
2022.0;1.0;2022-01-01;BRASPINE;SERRARIA;PR;DOUTOR ULYSSES;280,88;117,71;145,86;20,67;87,42;13,64;38,55;30,73;100,00;56,86;0,00;7,47
2022.0;1.0;2022-01-01;BRASPINE;SERRO VERDE;;;;;135,77;21,20;81,47;13,35;42,02;30,56;99,51;85,58;0,00;0,37
2022.0;1.0;2022-01-01;BRASPINE;SERTAOZINHO;PR;DOUTOR ULYSSES;16,25;16,25;142,19;20,80;87,45;14,10;39,64;30,87;100,00;42,84;0,00;1,75
2022.0;1.0;2022-01-01;BRASPINE;SITIO BASILIO;PR;JAGUARIAIVA;8,08;8,08;136,01;20,36;86,25;13,33;47,48;29,32;99,77;69,91;0,00;2,13
2022.0;1.0;2022-01-01;BRASPINE;SITIO DAS MARRECAS;PR;DOUTOR ULYSSES;77,49;35,17;139,56;21,53;87,04;14,25;37,70;31,89;100,00;29,12;0,00;6,49
2022.0;1.0;2022-01-01;BRASPINE;SOBRADINHO;SP;BOM SUCESSO DE ITARARE;285,80;123,10;134,32;20,33;87,68;13,82;41,97;30,30;100,00;56,64;0,00;3,49
2022.0;1.0;2022-01-01;BRASPINE;TAQUARAL;PR;JAGUARIAIVA;519,13;31,07;144,55;20,45;87,21;13,44;45,73;29,84;100,00;70,48;0,00;0,76
2022.0;1.0;2022-01-01;BRASPINE;TUCUNDUVA;PR;SENGES;82,21;60,89;148,47;20,97;84,37;14,45;43,83;30,35;99,70;43,57;0,00;1,93
2022.0;1.0;2022-01-01;BRASPINE;TUCUNDUVA - CHAMMA;;;;;140,58;21,10;83,80;14,61;42,64;30,69;99,49;44,21;0,00;9,84
2022.0;1.0;2022-01-01;BRASPINE;VIENA 1;PR;DOUTOR ULYSSES;263,98;178,34;159,22;20,33;87,44;13,36;41,96;29,85;100,00;84,68;0,00;9,25
2022.0;1.0;2022-01-01;BRASPINE;VIENA 2;PR;CERRO AZUL;140,23;96,54;153,90;22,10;84,40;14,22;37,12;32,63;99,97;14,22;0,00;6,16
2022.0;1.0;2022-01-01;BRASPINE;VITORIA;PR;SENGES;50,54;35,69;139,91;20,32;86,86;13,81;43,10;30,11;99,86;56,50;0,00;5,14
2022.0;1.0;2022-01-01;BRASPINE;VIVEIRO;PR;DOUTOR ULYSSES;405,39;261,22;139,43;20,80;87,45;14,10;39,64;30,87;100,00;42,84;0,00;1,75
2022.0;1.0;2022-01-01;BRASPINE;VO LINO;PR;DOUTOR ULYSSES;164,50;97,89;138,38;20,95;87,36;13,93;38,04;31,17;100,00;42,91;0,00;7,67
2022.0;1.0;2022-01-01;BRASPINE;XAXIM VELHO;;;;;160,77;20,39;83,56;12,64;43,49;29,80;100,00;96,59;0,00;0,43
2022.0;2.0;2022-02-01;BRASPINE;AGUA DOCE;PR;JAGUARIAIVA;238,97;121,99;121,73;21,01;81,81;14,62;46,26;28,63;99,47;58,99;0,00;6,39
2022.0;2.0;2022-02-01;BRASPINE;AMATA;;;;;148,89;23,36;77,85;16,58;37,78;33,00;99,94;0,00;0,00;0,38
2022.0;2.0;2022-02-01;BRASPINE;ANTA BRAVA;;;;;110,39;23,71;76,72;16,84;31,84;31,80;97,75;0,00;0,00;6,58
2022.0;2.0;2022-02-01;BRASPINE;ARAPONGAS;PR;SENGES;423,34;263,70;132,19;21,33;82,72;15,18;40,65;29,83;100,00;0,00;0,00;2,24
2022.0;2.0;2022-02-01;BRASPINE;ARROIO CLARO;PR;DOUTOR ULYSSES;275,14;92,00;140,79;21,52;82,37;15,36;40,84;30,36;100,00;0,00;0,00;0,30
2022.0;2.0;2022-02-01;BRASPINE;BARRA GRANDE;PR;DOUTOR ULYSSES;493,79;139,68;127,30;21,92;82,64;15,65;37,84;30,86;100,00;0,00;0,00;11,58
2022.0;2.0;2022-02-01;BRASPINE;BARRA GRANDE - BEMAIS;PR;GUARAPUAVA;299,16;108,61;89,26;21,02;78,56;14,07;34,42;29,00;99,90;86,79;0,00;1,31
2022.0;2.0;2022-02-01;BRASPINE;BARRETOS;PR;JAGUARIAIVA;43,35;32,98;135,09;21,11;82,82;14,78;45,89;29,20;99,97;44,71;0,00;1,93
2022.0;2.0;2022-02-01;BRASPINE;BAU;;;;;140,48;21,06;77,70;13,71;37,04;28,62;99,67;56,91;0,00;6,51
2022.0;2.0;2022-02-01;BRASPINE;BOA VISTA II;PR;PIRAI DO SUL;944,00;535,05;122,66;21,03;82,48;14,62;46,47;28,85;100,00;59,10;0,00;2,07
2022.0;2.0;2022-02-01;BRASPINE;BRASILEIRA;;;;;130,97;21,33;82,72;15,18;40,65;29,83;100,00;0,00;0,00;2,24
2022.0;2.0;2022-02-01;BRASPINE;BURACAO;;;;;153,44;21,37;80,70;15,03;46,70;29,53;99,87;0,00;0,00;3,00
2022.0;2.0;2022-02-01;BRASPINE;BURRINHO;PR;DOUTOR ULYSSES;211,01;100,37;140,59;21,52;82,37;15,36;40,84;30,36;100,00;0,00;0,00;0,30
2022.0;2.0;2022-02-01;BRASPINE;CADEADO I;PR;JAGUARIAIVA;21,07;12,29;129,10;21,03;82,74;14,74;43,40;29,24;99,99;29,69;0,00;1,83
2022.0;2.0;2022-02-01;BRASPINE;CADEADO II;PR;JAGUARIAIVA;21,88;16,79;129,10;21,03;82,74;14,74;43,40;29,24;99,99;29,69;0,00;1,83
2022.0;2.0;2022-02-01;BRASPINE;CAMPINA ALTA;PR;TIBAGI;29,77;18,24;134,00;22,31;78,67;14,81;40,35;30,55;99,86;14,81;0,00;0,89
2022.0;2.0;2022-02-01;BRASPINE;CAMPINA DO ELIAS;PR;JAGUARIAIVA;29,17;14,65;134,54;21,08;82,79;14,77;44,99;29,22;99,98;44,72;0,00;1,36
2022.0;2.0;2022-02-01;BRASPINE;CAMPO NOVO;PR;JAGUARIAIVA;295,98;156,36;134,27;21,03;82,74;14,74;43,40;29,24;99,99;29,69;0,00;1,83
2022.0;2.0;2022-02-01;BRASPINE;CONSULTORIA II A;PR;DOUTOR ULYSSES;89,62;60,79;141,65;21,33;82,72;15,18;40,65;29,83;100,00;0,00;0,00;2,24
2022.0;2.0;2022-02-01;BRASPINE;DINIZ;;;;;136,81;21,33;82,72;15,18;40,65;29,83;100,00;0,00;0,00;2,24
2022.0;2.0;2022-02-01;BRASPINE;ENES;PR;JAGUARIAIVA;5,93;5,69;134,52;21,03;82,74;14,74;43,40;29,24;99,99;29,69;0,00;1,83
2022.0;2.0;2022-02-01;BRASPINE;ENGENHARIA;;;;;136,81;21,33;82,72;15,18;40,65;29,83;100,00;0,00;0,00;2,24
2022.0;2.0;2022-02-01;BRASPINE;ESTACAO;PR;SENGES;4,76;4,14;126,59;21,03;82,74;14,74;43,40;29,24;99,99;29,69;0,00;1,83
2022.0;2.0;2022-02-01;BRASPINE;FAXINAL;PR;JAGUARIAIVA;20,65;20,65;134,52;21,03;82,74;14,74;43,40;29,24;99,99;29,69;0,00;1,83
2022.0;2.0;2022-02-01;BRASPINE;FEITAL;PR;DOUTOR ULYSSES;154,17;86,53;132,94;21,53;82,69;15,34;39,72;30,17;100,00;0,00;0,00;0,86
2022.0;2.0;2022-02-01;BRASPINE;FIGUEIRA;PR;DOUTOR ULYSSES;1053,81;315,71;138,23;21,52;82,37;15,36;40,84;30,36;100,00;0,00;0,00;0,30
2022.0;2.0;2022-02-01;BRASPINE;FIGUEIRINHA;PR;DOUTOR ULYSSES;94,37;56,74;138,70;21,52;82,37;15,36;40,84;30,36;100,00;0,00;0,00;0,30
2022.0;2.0;2022-02-01;BRASPINE;FLOEMA;PR;DOUTOR ULYSSES;2189,88;701,43;134,89;20,94;82,44;14,75;43,07;29,36;99,94;44,48;0,00;0,09
2022.0;2.0;2022-02-01;BRASPINE;FLOEMA I - SUDATI;;;;;124,95;21,33;82,72;15,18;40,65;29,83;100,00;0,00;0,00;2,24
2022.0;2.0;2022-02-01;BRASPINE;FLOEMA II - SUDATI;PR;DOUTOR ULYSSES;453,83;211,13;132,05;21,33;82,72;15,18;40,65;29,83;100,00;0,00;0,00;2,24
2022.0;2.0;2022-02-01;BRASPINE;FLOR DA SERRA;PR;SAO JOSE DA BOA VISTA;209,10;128,72;138,73;23,19;74,65;16,31;36,03;31,83;97,81;0,00;0,00;1,58
2022.0;2.0;2022-02-01;BRASPINE;GENTIL;PR;JAGUARIAIVA;126,77;53,33;109,36;20,82;81,57;14,41;46,71;28,41;99,31;88,02;0,00;0,26
2022.0;2.0;2022-02-01;BRASPINE;GUAIRACA;PR;GUARAPUAVA;623,62;169,31;89,76;21,29;77,57;14,46;35,71;29,38;99,92;73,19;0,00;0,37
2022.0;2.0;2022-02-01;BRASPINE;HERVAL 2 - MADALOSSO;;;;;149,47;21,37;80,70;15,03;46,70;29,53;99,87;0,00;0,00;3,00
2022.0;2.0;2022-02-01;BRASPINE;HERVAL DE BAIXO;PR;RESERVA;827,29;475,92;147,39;22,33;78,13;14,73;39,51;30,77;99,80;74,13;0,00;3,81
2022.0;2.0;2022-02-01;BRASPINE;HORTO 01;PR;TURVO;19,12;19,12;158,48;21,89;77,84;14,12;38,40;30,51;99,64;57,79;0,00;5,77
2022.0;2.0;2022-02-01;BRASPINE;HORTO 02;PR;TURVO;4,24;4,24;156,87;21,89;77,84;14,12;38,40;30,51;99,64;57,79;0,00;5,77
2022.0;2.0;2022-02-01;BRASPINE;HORTO 03;PR;PRUDENTOPOLIS;80,91;25,89;159,33;22,46;76,27;14,65;37,03;31,34;99,59;44,61;0,00;0,96
2022.0;2.0;2022-02-01;BRASPINE;HORTO 08;PR;TURVO;9,53;9,53;161,93;22,46;76,27;14,65;37,03;31,34;99,59;44,61;0,00;0,96
2022.0;2.0;2022-02-01;BRASPINE;HORTO 12;PR;PRUDENTOPOLIS;12,20;12,20;155,35;22,46;76,27;14,65;37,03;31,34;99,59;44,61;0,00;0,96
2022.0;2.0;2022-02-01;BRASPINE;IZAU;PR;PIRAI DO SUL;19,37;11,60;137,00;20,90;81,89;14,51;45,97;28,65;99,35;58,47;0,00;5,33
2022.0;2.0;2022-02-01;BRASPINE;JOAO RICO;PR;JAGUARIAIVA;47,46;26,18;115,39;21,01;81,81;14,62;46,26;28,63;99,47;58,99;0,00;6,39
2022.0;2.0;2022-02-01;BRASPINE;LAGOA;PR;JAGUARIAIVA;24,10;10,78;128,59;21,03;82,74;14,74;43,40;29,24;99,99;29,69;0,00;1,83
2022.0;2.0;2022-02-01;BRASPINE;MARACANA;PR;JANDAIA DO SUL;11,45;11,45;162,65;24,21;71,95;16,47;34,43;32,43;99,89;0,00;0,00;1,76
2022.0;2.0;2022-02-01;BRASPINE;MARRECA;;;;;138,33;21,52;82,37;15,36;40,84;30,36;100,00;0,00;0,00;0,30
2022.0;2.0;2022-02-01;BRASPINE;MARRECA SP;SP;ITAPIRAPUA PAULISTA;675,30;236,19;135,01;22,35;82,07;16,02;38,22;31,63;100,00;0,00;0,00;0,09
2022.0;2.0;2022-02-01;BRASPINE;MARRECAS;;;;;92,26;20,47;79,37;13,73;33,54;28,16;99,92;128,69;0,00;0,17
2022.0;2.0;2022-02-01;BRASPINE;MERCADINHO;;;;;135,51;22,43;80,32;16,03;40,08;31,77;99,94;0,00;0,00;0,64
2022.0;2.0;2022-02-01;BRASPINE;MONTE ALEGRE;;;;;157,20;24,80;70,67;16,68;33,94;33,07;99,93;0,00;0,00;0,40
2022.0;2.0;2022-02-01;BRASPINE;MONTE TABOR II;;;;;133,41;21,32;83,50;15,21;35,03;30,93;99,99;0,00;0,00;0,00
2022.0;2.0;2022-02-01;BRASPINE;MOREIRA;PR;DOUTOR ULYSSES;230,52;68,68;132,05;21,33;82,72;15,18;40,65;29,83;100,00;0,00;0,00;2,24
2022.0;2.0;2022-02-01;BRASPINE;MOREIRAS II;PR;DOUTOR ULYSSES;66,76;28,75;143,06;21,33;82,72;15,18;40,65;29,83;100,00;0,00;0,00;2,24
2022.0;2.0;2022-02-01;BRASPINE;MORRETES;PR;ORTIGUEIRA;20,36;20,36;156,61;22,92;76,78;14,99;36,67;31,81;99,72;14,99;0,00;9,43
2022.0;2.0;2022-02-01;BRASPINE;MORRO AZUL;;;;;118,24;21,45;83,24;15,14;33,72;30,43;100,00;0,00;0,00;4,16
2022.0;2.0;2022-02-01;BRASPINE;OURO FINO;SP;APIAI;51,70;51,70;148,14;21,09;83,73;14,75;32,85;30,37;99,98;14,75;0,00;3,17
2022.0;2.0;2022-02-01;BRASPINE;PALMEIRINHA DE BAIXO - SOSSEGO;PR;SENGES;85,93;9,22;127,51;20,78;81,96;14,45;39,38;28,74;99,89;88,57;0,00;10,02
2022.0;2.0;2022-02-01;BRASPINE;PAZIN;PR;DOUTOR ULYSSES;41,20;23,90;135,95;21,52;82,37;15,36;40,84;30,36;100,00;0,00;0,00;0,30
2022.0;2.0;2022-02-01;BRASPINE;PEDRAS;PR;CASTRO;7,18;7,18;109,65;20,97;82,42;14,55;48,76;28,64;99,43;58,78;0,00;2,74
2022.0;2.0;2022-02-01;BRASPINE;PESCARIA;PR;SAO JOSE DA BOA VISTA;184,57;129,22;158,21;23,36;74,37;16,54;33,16;32,18;97,82;0,00;0,00;3,39
2022.0;2.0;2022-02-01;BRASPINE;PESSEGUEIRO;PR;DOUTOR ULYSSES;109,95;64,79;129,82;21,33;82,72;15,18;40,65;29,83;100,00;0,00;0,00;2,24
2022.0;2.0;2022-02-01;BRASPINE;PITANGA;;;;;124,24;22,01;75,50;13,92;36,70;29,83;99,68;28,39;0,00;4,40
2022.0;2.0;2022-02-01;BRASPINE;QUEIMADINHO ARROIO CLARO;PR;DOUTOR ULYSSES;48,13;19,09;130,97;21,33;82,72;15,18;40,65;29,83;100,00;0,00;0,00;2,24
2022.0;2.0;2022-02-01;BRASPINE;QUEIMADINHO M6042;PR;DOUTOR ULYSSES;48,38;18,50;130,97;21,33;82,72;15,18;40,65;29,83;100,00;0,00;0,00;2,24
2022.0;2.0;2022-02-01;BRASPINE;QUEIMADINHO USUCAPIAO;PR;DOUTOR ULYSSES;200,27;92,43;130,97;21,33;82,72;15,18;40,65;29,83;100,00;0,00;0,00;2,24
2022.0;2.0;2022-02-01;BRASPINE;RAMOS;PR;SENGES;69,83;38,15;124,95;21,03;82,74;14,74;43,40;29,24;99,99;29,69;0,00;1,83
2022.0;2.0;2022-02-01;BRASPINE;RIBEIRAO GRANDE;PR;JAGUARIAIVA;20,77;20,77;131,56;20,90;81,89;14,51;45,97;28,65;99,35;58,47;0,00;5,33
2022.0;2.0;2022-02-01;BRASPINE;RINCAO DE BAIXO;;;;;129,70;21,62;77,73;14,66;42,67;29,40;99,62;44,54;0,00;355,46
2022.0;2.0;2022-02-01;BRASPINE;RIO BOMBA;PR;CERRO AZUL;65,03;37,72;143,21;22,82;78,11;16,15;38,68;32,23;99,88;0,00;0,00;1,76
2022.0;2.0;2022-02-01;BRASPINE;RIO DO MEIO;PR;DOUTOR ULYSSES;712,33;389,13;139,83;21,33;82,72;15,18;40,65;29,83;100,00;0,00;0,00;2,24
2022.0;2.0;2022-02-01;BRASPINE;RONDON;PR;JAGUARIAIVA;2899,24;1475,88;122,42;20,85;82,31;14,55;43,33;28,66;99,88;88,92;0,00;15,10
2022.0;2.0;2022-02-01;BRASPINE;SANTA FELICIDADE;;;;;148,59;22,72;81,96;16,15;35,68;32,34;99,97;0,00;0,00;3,44
2022.0;2.0;2022-02-01;BRASPINE;SANTA LIDIA DO CERCADINHO;;;;;120,14;21,23;77,95;14,60;43,69;28,86;99,59;73,64;0,00;2,29
2022.0;2.0;2022-02-01;BRASPINE;SANTO ANTONIO;;;;;130,55;20,83;82,19;14,53;36,19;29,08;99,99;88,90;0,00;5,71
2022.0;2.0;2022-02-01;BRASPINE;SAO JOSE;PR;JANDAIA DO SUL;37,56;37,56;157,92;24,61;71,06;16,64;34,17;32,85;99,96;0,00;0,00;0,36
2022.0;2.0;2022-02-01;BRASPINE;SAO MATHEUS;;;;;153,19;26,12;68,39;16,22;31,62;34,93;99,90;0,00;0,00;17,30
2022.0;2.0;2022-02-01;BRASPINE;SAO PEDRO E SAO PAULO;PR;SAPOPEMA;709,13;323,93;123,80;22,35;76,81;15,34;38,73;30,62;99,65;0,00;0,00;9,18
2022.0;2.0;2022-02-01;BRASPINE;SAO RAFAEL;;;;;74,22;21,37;79,68;14,63;44,16;30,16;99,45;29,56;0,00;1,12
2022.0;2.0;2022-02-01;BRASPINE;SAO RAFAEL - PB;;;;;133,39;21,23;83,56;14,98;32,73;30,47;99,99;14,98;0,00;7,72
2022.0;2.0;2022-02-01;BRASPINE;SERRARIA;PR;DOUTOR ULYSSES;280,88;117,71;134,43;21,23;82,40;15,05;41,96;29,86;99,97;0,00;0,00;0,20
2022.0;2.0;2022-02-01;BRASPINE;SERRO VERDE;;;;;127,45;21,54;75,36;13,59;36,97;29,26;99,64;27,39;0,00;2,59
2022.0;2.0;2022-02-01;BRASPINE;SERTAOZINHO;PR;DOUTOR ULYSSES;16,25;16,25;140,99;21,33;82,72;15,18;40,65;29,83;100,00;0,00;0,00;2,24
2022.0;2.0;2022-02-01;BRASPINE;SITIO BASILIO;PR;JAGUARIAIVA;8,08;8,08;121,37;20,85;81,53;14,43;46,43;28,39;99,37;73,14;0,00;9,75
2022.0;2.0;2022-02-01;BRASPINE;SITIO DAS MARRECAS;PR;DOUTOR ULYSSES;77,49;35,17;138,92;22,12;82,15;15,84;38,97;31,27;100,00;0,00;0,00;0,15
2022.0;2.0;2022-02-01;BRASPINE;SOBRADINHO;SP;BOM SUCESSO DE ITARARE;285,80;123,10;132,10;20,75;82,91;14,53;33,42;29,35;99,99;58,93;0,00;9,33
2022.0;2.0;2022-02-01;BRASPINE;TAQUARAL;PR;JAGUARIAIVA;519,13;31,07;122,26;20,97;82,43;14,62;46,12;28,62;99,99;59,15;0,00;1,18
2022.0;2.0;2022-02-01;BRASPINE;TUCUNDUVA;PR;SENGES;82,21;60,89;137,32;21,45;79,34;14,86;40,16;29,46;98,83;14,86;0,00;12,66
2022.0;2.0;2022-02-01;BRASPINE;TUCUNDUVA - CHAMMA;;;;;130,02;21,60;78,69;15,05;38,50;29,80;98,48;0,00;0,00;11,01
2022.0;2.0;2022-02-01;BRASPINE;VIENA 1;PR;DOUTOR ULYSSES;263,98;178,34;127,19;20,86;82,49;14,59;46,43;28,96;100,00;58,96;0,00;4,71
2022.0;2.0;2022-02-01;BRASPINE;VIENA 2;PR;CERRO AZUL;140,23;96,54;143,13;22,82;78,11;16,15;38,68;32,23;99,88;0,00;0,00;1,76
2022.0;2.0;2022-02-01;BRASPINE;VITORIA;PR;SENGES;50,54;35,69;127,51;20,78;81,96;14,45;39,38;28,74;99,89;88,57;0,00;10,02
2022.0;2.0;2022-02-01;BRASPINE;VIVEIRO;PR;DOUTOR ULYSSES;405,39;261,22;143,06;21,33;82,72;15,18;40,65;29,83;100,00;0,00;0,00;2,24
2022.0;2.0;2022-02-01;BRASPINE;VO LINO;PR;DOUTOR ULYSSES;164,50;97,89;139,00;21,52;82,37;15,36;40,84;30,36;100,00;0,00;0,00;0,30
2022.0;2.0;2022-02-01;BRASPINE;XAXIM VELHO;;;;;84,71;20,83;78,20;13,57;34,15;28,61;100,00;86,44;0,00;2,96
2022.0;3.0;2022-03-01;BRASPINE;AGUA DOCE;PR;JAGUARIAIVA;238,97;121,99;142,37;20,30;87,31;11,32;56,43;28,15;99,90;53,12;0,00;12,91
2022.0;3.0;2022-03-01;BRASPINE;AMATA;;;;;160,89;22,30;85,75;13,19;49,61;31,67;100,00;13,19;0,00;2,12
2022.0;3.0;2022-03-01;BRASPINE;ANTA BRAVA;;;;;130,94;23,41;81,86;15,89;48,60;31,42;98,37;0,00;0,00;0,54
2022.0;3.0;2022-03-01;BRASPINE;ARAPONGAS;PR;SENGES;423,34;263,70;152,50;20,60;88,88;12,00;53,08;29,05;100,00;55,51;0,00;6,96
2022.0;3.0;2022-03-01;BRASPINE;ARROIO CLARO;PR;DOUTOR ULYSSES;275,14;92,00;147,69;20,72;88,96;12,10;51,51;29,40;100,00;41,00;0,00;0,79
2022.0;3.0;2022-03-01;BRASPINE;BARRA GRANDE;PR;DOUTOR ULYSSES;493,79;139,68;164,26;21,20;88,69;12,48;52,33;29,72;100,00;26,88;0,00;2,25
2022.0;3.0;2022-03-01;BRASPINE;BARRA GRANDE - BEMAIS;PR;GUARAPUAVA;299,16;108,61;197,24;19,71;87,30;11,12;50,03;28,94;99,98;94,38;0,00;12,17
2022.0;3.0;2022-03-01;BRASPINE;BARRETOS;PR;JAGUARIAIVA;43,35;32,98;155,64;20,34;88,70;11,28;55,78;28,58;100,00;53,25;0,00;13,77
2022.0;3.0;2022-03-01;BRASPINE;BAU;;;;;200,62;19,64;87,48;10,17;48,27;27,99;99,86;91,89;0,00;3,19
2022.0;3.0;2022-03-01;BRASPINE;BOA VISTA II;PR;PIRAI DO SUL;944,00;535,05;147,20;20,29;88,01;10,97;56,24;28,26;100,00;67,09;0,00;16,19
2022.0;3.0;2022-03-01;BRASPINE;BRASILEIRA;;;;;154,16;20,60;88,88;12,00;53,08;29,05;100,00;55,51;0,00;6,96
2022.0;3.0;2022-03-01;BRASPINE;BURACAO;;;;;167,73;20,46;87,10;11,14;53,97;28,76;99,86;53,97;0,00;3,80
2022.0;3.0;2022-03-01;BRASPINE;BURRINHO;PR;DOUTOR ULYSSES;211,01;100,37;147,25;20,72;88,96;12,10;51,51;29,40;100,00;41,00;0,00;0,79
2022.0;3.0;2022-03-01;BRASPINE;CADEADO I;PR;JAGUARIAIVA;21,07;12,29;128,84;20,27;88,86;11,58;54,00;28,64;100,00;53,85;0,00;10,79
2022.0;3.0;2022-03-01;BRASPINE;CADEADO II;PR;JAGUARIAIVA;21,88;16,79;128,84;20,27;88,86;11,58;54,00;28,64;100,00;53,85;0,00;10,79
2022.0;3.0;2022-03-01;BRASPINE;CAMPINA ALTA;PR;TIBAGI;29,77;18,24;187,64;21,18;86,97;12,81;53,34;30,06;99,99;42,26;0,00;4,55
2022.0;3.0;2022-03-01;BRASPINE;CAMPINA DO ELIAS;PR;JAGUARIAIVA;29,17;14,65;138,44;20,31;88,76;11,39;55,13;28,60;100,00;53,46;0,00;12,76
2022.0;3.0;2022-03-01;BRASPINE;CAMPO NOVO;PR;JAGUARIAIVA;295,98;156,36;162,54;20,27;88,86;11,58;54,00;28,64;100,00;53,85;0,00;10,79
2022.0;3.0;2022-03-01;BRASPINE;CONSULTORIA II A;PR;DOUTOR ULYSSES;89,62;60,79;147,04;20,60;88,88;12,00;53,08;29,05;100,00;55,51;0,00;6,96
2022.0;3.0;2022-03-01;BRASPINE;DINIZ;;;;;162,14;20,60;88,88;12,00;53,08;29,05;100,00;55,51;0,00;6,96
2022.0;3.0;2022-03-01;BRASPINE;ENES;PR;JAGUARIAIVA;5,93;5,69;163,85;20,27;88,86;11,58;54,00;28,64;100,00;53,85;0,00;10,79
2022.0;3.0;2022-03-01;BRASPINE;ENGENHARIA;;;;;162,14;20,60;88,88;12,00;53,08;29,05;100,00;55,51;0,00;6,96
2022.0;3.0;2022-03-01;BRASPINE;ESTACAO;PR;SENGES;4,76;4,14;134,68;20,27;88,86;11,58;54,00;28,64;100,00;53,85;0,00;10,79
2022.0;3.0;2022-03-01;BRASPINE;FAXINAL;PR;JAGUARIAIVA;20,65;20,65;163,85;20,27;88,86;11,58;54,00;28,64;100,00;53,85;0,00;10,79
2022.0;3.0;2022-03-01;BRASPINE;FEITAL;PR;DOUTOR ULYSSES;154,17;86,53;148,95;20,80;88,81;12,16;52,83;29,28;100,00;41,01;0,00;4,73
2022.0;3.0;2022-03-01;BRASPINE;FIGUEIRA;PR;DOUTOR ULYSSES;1053,81;315,71;145,13;20,72;88,96;12,10;51,51;29,40;100,00;41,00;0,00;0,79
2022.0;3.0;2022-03-01;BRASPINE;FIGUEIRINHA;PR;DOUTOR ULYSSES;94,37;56,74;156,17;20,72;88,96;12,10;51,51;29,40;100,00;41,00;0,00;0,79
2022.0;3.0;2022-03-01;BRASPINE;FLOEMA;PR;DOUTOR ULYSSES;2189,88;701,43;141,39;20,15;88,98;11,63;51,53;28,66;100,00;53,76;0,00;0,73
2022.0;3.0;2022-03-01;BRASPINE;FLOEMA I - SUDATI;;;;;132,92;20,60;88,88;12,00;53,08;29,05;100,00;55,51;0,00;6,96
2022.0;3.0;2022-03-01;BRASPINE;FLOEMA II - SUDATI;PR;DOUTOR ULYSSES;453,83;211,13;144,58;20,60;88,88;12,00;53,08;29,05;100,00;55,51;0,00;6,96
2022.0;3.0;2022-03-01;BRASPINE;FLOR DA SERRA;PR;SAO JOSE DA BOA VISTA;209,10;128,72;197,35;22,40;82,15;14,46;50,09;30,66;99,23;14,46;0,00;2,73
2022.0;3.0;2022-03-01;BRASPINE;GENTIL;PR;JAGUARIAIVA;126,77;53,33;143,09;20,12;87,13;11,30;55,65;27,79;99,65;67,52;0,00;17,61
2022.0;3.0;2022-03-01;BRASPINE;GUAIRACA;PR;GUARAPUAVA;623,62;169,31;193,56;19,84;87,07;10,93;48,87;29,34;100,00;93,62;0,00;14,40
2022.0;3.0;2022-03-01;BRASPINE;HERVAL 2 - MADALOSSO;;;;;168,27;20,46;87,10;11,14;53,97;28,76;99,86;53,97;0,00;3,80
2022.0;3.0;2022-03-01;BRASPINE;HERVAL DE BAIXO;PR;RESERVA;827,29;475,92;227,01;21,16;87,18;12,95;52,56;30,16;99,98;41,91;0,00;2,21
2022.0;3.0;2022-03-01;BRASPINE;HORTO 01;PR;TURVO;19,12;19,12;184,85;20,57;86,79;11,66;51,50;29,80;99,74;80,72;0,00;0,84
2022.0;3.0;2022-03-01;BRASPINE;HORTO 02;PR;TURVO;4,24;4,24;184,29;20,57;86,79;11,66;51,50;29,80;99,74;80,72;0,00;0,84
2022.0;3.0;2022-03-01;BRASPINE;HORTO 03;PR;PRUDENTOPOLIS;80,91;25,89;188,31;21,04;85,84;12,00;48,71;30,90;99,96;53,54;0,00;6,89
2022.0;3.0;2022-03-01;BRASPINE;HORTO 08;PR;TURVO;9,53;9,53;204,58;21,04;85,84;12,00;48,71;30,90;99,96;53,54;0,00;6,89
2022.0;3.0;2022-03-01;BRASPINE;HORTO 12;PR;PRUDENTOPOLIS;12,20;12,20;190,74;21,04;85,84;12,00;48,71;30,90;99,96;53,54;0,00;6,89
2022.0;3.0;2022-03-01;BRASPINE;IZAU;PR;PIRAI DO SUL;19,37;11,60;130,51;20,15;87,54;11,02;55,03;27,89;99,67;66,78;0,00;18,82
2022.0;3.0;2022-03-01;BRASPINE;JOAO RICO;PR;JAGUARIAIVA;47,46;26,18;144,07;20,30;87,31;11,32;56,43;28,15;99,90;53,12;0,00;12,91
2022.0;3.0;2022-03-01;BRASPINE;LAGOA;PR;JAGUARIAIVA;24,10;10,78;131,60;20,27;88,86;11,58;54,00;28,64;100,00;53,85;0,00;10,79
2022.0;3.0;2022-03-01;BRASPINE;MARACANA;PR;JANDAIA DO SUL;11,45;11,45;316,29;23,02;83,08;16,56;44,26;31,67;99,97;0,00;0,00;0,94
2022.0;3.0;2022-03-01;BRASPINE;MARRECA;;;;;143,54;20,72;88,96;12,10;51,51;29,40;100,00;41,00;0,00;0,79
2022.0;3.0;2022-03-01;BRASPINE;MARRECA SP;SP;ITAPIRAPUA PAULISTA;675,30;236,19;166,90;21,54;88,65;12,71;51,20;30,41;100,00;12,71;0,00;0,82
2022.0;3.0;2022-03-01;BRASPINE;MARRECAS;;;;;196,86;19,19;87,95;10,70;48,92;28,13;100,00;90,26;0,00;0,96
2022.0;3.0;2022-03-01;BRASPINE;MERCADINHO;;;;;150,22;21,49;87,58;12,69;50,74;30,58;100,00;12,69;0,00;4,16
2022.0;3.0;2022-03-01;BRASPINE;MONTE ALEGRE;;;;;324,86;23,56;81,89;17,04;42,07;32,49;99,97;0,00;0,00;3,74
2022.0;3.0;2022-03-01;BRASPINE;MONTE TABOR II;;;;;122,41;20,77;89,84;13,03;53,06;28,72;100,00;27,06;0,00;345,68
2022.0;3.0;2022-03-01;BRASPINE;MOREIRA;PR;DOUTOR ULYSSES;230,52;68,68;144,58;20,60;88,88;12,00;53,08;29,05;100,00;55,51;0,00;6,96
2022.0;3.0;2022-03-01;BRASPINE;MOREIRAS II;PR;DOUTOR ULYSSES;66,76;28,75;147,42;20,60;88,88;12,00;53,08;29,05;100,00;55,51;0,00;6,96
2022.0;3.0;2022-03-01;BRASPINE;MORRETES;PR;ORTIGUEIRA;20,36;20,36;228,23;21,65;86,79;13,72;49,87;30,82;100,00;43,37;0,00;3,47
2022.0;3.0;2022-03-01;BRASPINE;MORRO AZUL;;;;;139,96;20,83;88,90;12,34;52,18;29,16;100,00;40,92;0,00;5,38
2022.0;3.0;2022-03-01;BRASPINE;OURO FINO;SP;APIAI;51,70;51,70;128,34;20,56;89,82;12,55;53,82;28,66;100,00;40,64;0,00;7,89
2022.0;3.0;2022-03-01;BRASPINE;PALMEIRINHA DE BAIXO - SOSSEGO;PR;SENGES;85,93;9,22;158,74;20,20;87,37;11,87;54,82;28,02;99,88;54,02;0,00;20,06
2022.0;3.0;2022-03-01;BRASPINE;PAZIN;PR;DOUTOR ULYSSES;41,20;23,90;150,64;20,72;88,96;12,10;51,51;29,40;100,00;41,00;0,00;0,79
2022.0;3.0;2022-03-01;BRASPINE;PEDRAS;PR;CASTRO;7,18;7,18;138,64;20,19;87,99;10,79;57,02;27,97;99,56;66,46;0,00;0,50
2022.0;3.0;2022-03-01;BRASPINE;PESCARIA;PR;SAO JOSE DA BOA VISTA;184,57;129,22;205,74;22,54;81,65;14,23;50,30;31,20;99,39;14,23;0,00;9,12
2022.0;3.0;2022-03-01;BRASPINE;PESSEGUEIRO;PR;DOUTOR ULYSSES;109,95;64,79;141,13;20,60;88,88;12,00;53,08;29,05;100,00;55,51;0,00;6,96
2022.0;3.0;2022-03-01;BRASPINE;PITANGA;;;;;191,84;20,49;86,12;11,36;48,90;29,40;99,79;81,18;0,00;1,07
2022.0;3.0;2022-03-01;BRASPINE;QUEIMADINHO ARROIO CLARO;PR;DOUTOR ULYSSES;48,13;19,09;154,16;20,60;88,88;12,00;53,08;29,05;100,00;55,51;0,00;6,96
2022.0;3.0;2022-03-01;BRASPINE;QUEIMADINHO M6042;PR;DOUTOR ULYSSES;48,38;18,50;154,16;20,60;88,88;12,00;53,08;29,05;100,00;55,51;0,00;6,96
2022.0;3.0;2022-03-01;BRASPINE;QUEIMADINHO USUCAPIAO;PR;DOUTOR ULYSSES;200,27;92,43;154,16;20,60;88,88;12,00;53,08;29,05;100,00;55,51;0,00;6,96
2022.0;3.0;2022-03-01;BRASPINE;RAMOS;PR;SENGES;69,83;38,15;132,92;20,27;88,86;11,58;54,00;28,64;100,00;53,85;0,00;10,79
2022.0;3.0;2022-03-01;BRASPINE;RIBEIRAO GRANDE;PR;JAGUARIAIVA;20,77;20,77;136,17;20,15;87,54;11,02;55,03;27,89;99,67;66,78;0,00;18,82
2022.0;3.0;2022-03-01;BRASPINE;RINCAO DE BAIXO;;;;;199,51;20,70;85,02;12,05;54,30;28,86;99,96;55,23;0,00;2,19
2022.0;3.0;2022-03-01;BRASPINE;RIO BOMBA;PR;CERRO AZUL;65,03;37,72;156,77;21,76;86,15;12,86;50,25;30,99;99,98;12,86;0,00;4,58
2022.0;3.0;2022-03-01;BRASPINE;RIO DO MEIO;PR;DOUTOR ULYSSES;712,33;389,13;149,22;20,60;88,88;12,00;53,08;29,05;100,00;55,51;0,00;6,96
2022.0;3.0;2022-03-01;BRASPINE;RONDON;PR;JAGUARIAIVA;2899,24;1475,88;151,86;20,21;87,85;11,64;56,14;28,18;99,91;53,68;0,00;0,69
2022.0;3.0;2022-03-01;BRASPINE;SANTA FELICIDADE;;;;;143,73;21,94;88,39;13,11;50,76;30,98;100,00;13,11;0,00;3,04
2022.0;3.0;2022-03-01;BRASPINE;SANTA LIDIA DO CERCADINHO;;;;;198,36;20,36;85,21;11,87;55,27;28,28;99,94;54,21;0,00;2,53
2022.0;3.0;2022-03-01;BRASPINE;SANTO ANTONIO;;;;;166,41;20,27;87,63;11,98;53,31;28,31;100,00;54,29;0,00;3,60
2022.0;3.0;2022-03-01;BRASPINE;SAO JOSE;PR;JANDAIA DO SUL;37,56;37,56;325,78;23,40;82,21;16,90;42,67;32,23;99,98;0,00;0,00;4,72
2022.0;3.0;2022-03-01;BRASPINE;SAO MATHEUS;;;;;280,30;24,70;80,03;18,13;37,89;34,58;99,94;0,00;0,00;3,43
2022.0;3.0;2022-03-01;BRASPINE;SAO PEDRO E SAO PAULO;PR;SAPOPEMA;709,13;323,93;166,39;21,62;84,07;14,74;50,39;29,28;99,54;29,61;0,00;0,71
2022.0;3.0;2022-03-01;BRASPINE;SAO RAFAEL;;;;;92,28;20,26;85,49;10,49;48,45;28,86;99,55;67,55;0,00;2,96
2022.0;3.0;2022-03-01;BRASPINE;SAO RAFAEL - PB;;;;;153,13;20,68;89,60;12,51;53,60;28,80;100,00;40,92;0,00;0,05
2022.0;3.0;2022-03-01;BRASPINE;SERRARIA;PR;DOUTOR ULYSSES;280,88;117,71;147,33;20,44;88,97;11,86;51,52;29,03;100,00;54,94;0,00;0,82
2022.0;3.0;2022-03-01;BRASPINE;SERRO VERDE;;;;;213,64;20,00;86,14;10,08;47,53;28,57;99,86;77,69;0,00;1,15
2022.0;3.0;2022-03-01;BRASPINE;SERTAOZINHO;PR;DOUTOR ULYSSES;16,25;16,25;162,50;20,60;88,88;12,00;53,08;29,05;100,00;55,51;0,00;6,96
2022.0;3.0;2022-03-01;BRASPINE;SITIO BASILIO;PR;JAGUARIAIVA;8,08;8,08;141,87;20,16;87,05;11,40;56,06;27,86;99,72;52,88;0,00;16,38
2022.0;3.0;2022-03-01;BRASPINE;SITIO DAS MARRECAS;PR;DOUTOR ULYSSES;77,49;35,17;160,98;21,31;88,74;12,53;51,29;30,12;100,00;27,36;0,00;0,85
2022.0;3.0;2022-03-01;BRASPINE;SOBRADINHO;SP;BOM SUCESSO DE ITARARE;285,80;123,10;153,39;20,25;88,36;12,16;53,28;28,32;100,00;54,53;0,00;1,07
2022.0;3.0;2022-03-01;BRASPINE;TAQUARAL;PR;JAGUARIAIVA;519,13;31,07;165,02;20,28;87,88;11,36;57,72;28,23;100,00;53,24;0,00;7,28
2022.0;3.0;2022-03-01;BRASPINE;TUCUNDUVA;PR;SENGES;82,21;60,89;177,34;20,80;85,28;12,55;55,15;28,75;99,53;41,13;0,00;7,31
2022.0;3.0;2022-03-01;BRASPINE;TUCUNDUVA - CHAMMA;;;;;190,17;20,99;84,42;12,69;53,23;29,01;99,49;41,64;0,00;5,83
2022.0;3.0;2022-03-01;BRASPINE;VIENA 1;PR;DOUTOR ULYSSES;263,98;178,34;154,37;20,08;88,82;11,33;53,87;28,33;100,00;52,95;0,00;2,73
2022.0;3.0;2022-03-01;BRASPINE;VIENA 2;PR;CERRO AZUL;140,23;96,54;156,44;21,76;86,15;12,86;50,25;30,99;99,98;12,86;0,00;4,58
2022.0;3.0;2022-03-01;BRASPINE;VITORIA;PR;SENGES;50,54;35,69;158,74;20,20;87,37;11,87;54,82;28,02;99,88;54,02;0,00;20,06
2022.0;3.0;2022-03-01;BRASPINE;VIVEIRO;PR;DOUTOR ULYSSES;405,39;261,22;147,42;20,60;88,88;12,00;53,08;29,05;100,00;55,51;0,00;6,96
2022.0;3.0;2022-03-01;BRASPINE;VO LINO;PR;DOUTOR ULYSSES;164,50;97,89;143,41;20,72;88,96;12,10;51,51;29,40;100,00;41,00;0,00;0,79
2022.0;3.0;2022-03-01;BRASPINE;XAXIM VELHO;;;;;186,88;19,33;87,89;10,54;48,46;28,49;100,00;90,34;0,00;2,93
2022.0;4.0;2022-04-01;BRASPINE;AGUA DOCE;PR;JAGUARIAIVA;238,97;121,99;34,43;17,83;84,48;8,82;46,81;25,41;99,91;233,58;0,00;2,36
2022.0;4.0;2022-04-01;BRASPINE;AMATA;;;;;93,97;19,35;85,85;10,95;51,07;28,74;100,00;135,01;0,00;1,21
2022.0;4.0;2022-04-01;BRASPINE;ANTA BRAVA;;;;;46,37;20,92;79,26;13,03;43,82;29,13;99,29;70,42;0,00;12,65
2022.0;4.0;2022-04-01;BRASPINE;ARAPONGAS;PR;SENGES;423,34;263,70;46,66;18,01;86,86;10,50;52,32;26,73;100,00;240,86;0,00;4,41
2022.0;4.0;2022-04-01;BRASPINE;ARROIO CLARO;PR;DOUTOR ULYSSES;275,14;92,00;56,75;18,07;87,42;10,48;52,26;27,24;100,00;212,33;0,00;0,51
2022.0;4.0;2022-04-01;BRASPINE;BARRA GRANDE;PR;DOUTOR ULYSSES;493,79;139,68;48,20;18,53;86,95;11,17;52,51;27,59;100,00;189,10;0,00;0,95
2022.0;4.0;2022-04-01;BRASPINE;BARRA GRANDE - BEMAIS;PR;GUARAPUAVA;299,16;108,61;193,98;17,08;84,49;7,27;41,56;25,41;99,94;269,97;0,00;10,67
2022.0;4.0;2022-04-01;BRASPINE;BARRETOS;PR;JAGUARIAIVA;43,35;32,98;40,70;17,85;86,10;9,42;49,93;25,99;99,96;235,73;0,00;4,09
2022.0;4.0;2022-04-01;BRASPINE;BAU;;;;;191,77;17,25;83,79;7,39;40,08;25,08;99,84;244,94;0,00;3,66
2022.0;4.0;2022-04-01;BRASPINE;BOA VISTA II;PR;PIRAI DO SUL;944,00;535,05;49,06;17,78;85,25;8,40;46,81;25,72;99,91;262,11;0,00;0,78
2022.0;4.0;2022-04-01;BRASPINE;BRASILEIRA;;;;;40,76;18,01;86,86;10,50;52,32;26,73;100,00;240,86;0,00;4,41
2022.0;4.0;2022-04-01;BRASPINE;BURACAO;;;;;107,32;17,84;85,25;9,88;50,21;26,70;99,90;234,88;0,00;2,47
2022.0;4.0;2022-04-01;BRASPINE;BURRINHO;PR;DOUTOR ULYSSES;211,01;100,37;56,66;18,07;87,42;10,48;52,26;27,24;100,00;212,33;0,00;0,51
2022.0;4.0;2022-04-01;BRASPINE;CADEADO I;PR;JAGUARIAIVA;21,07;12,29;39,10;17,76;86,57;10,04;43,59;31,48;100,00;265,01;0,00;1,66
2022.0;4.0;2022-04-01;BRASPINE;CADEADO II;PR;JAGUARIAIVA;21,88;16,79;39,10;17,76;86,57;10,04;43,59;31,48;100,00;265,01;0,00;1,66
2022.0;4.0;2022-04-01;BRASPINE;CAMPINA ALTA;PR;TIBAGI;29,77;18,24;91,86;18,75;83,22;7,94;48,41;26,78;99,99;189,70;0,00;0,92
2022.0;4.0;2022-04-01;BRASPINE;CAMPINA DO ELIAS;PR;JAGUARIAIVA;29,17;14,65;49,05;17,82;86,27;9,64;50,40;26,11;99,98;250,65;0,00;3,26
2022.0;4.0;2022-04-01;BRASPINE;CAMPO NOVO;PR;JAGUARIAIVA;295,98;156,36;40,89;17,76;86,57;10,04;43,59;31,48;100,00;265,01;0,00;1,66
2022.0;4.0;2022-04-01;BRASPINE;CONSULTORIA II A;PR;DOUTOR ULYSSES;89,62;60,79;45,93;18,01;86,86;10,50;52,32;26,73;100,00;240,86;0,00;4,41
2022.0;4.0;2022-04-01;BRASPINE;DINIZ;;;;;40,23;18,01;86,86;10,50;52,32;26,73;100,00;240,86;0,00;4,41
2022.0;4.0;2022-04-01;BRASPINE;ENES;PR;JAGUARIAIVA;5,93;5,69;39,96;17,76;86,57;10,04;43,59;31,48;100,00;265,01;0,00;1,66
2022.0;4.0;2022-04-01;BRASPINE;ENGENHARIA;;;;;40,23;18,01;86,86;10,50;52,32;26,73;100,00;240,86;0,00;4,41
2022.0;4.0;2022-04-01;BRASPINE;ESTACAO;PR;SENGES;4,76;4,14;43,57;17,76;86,57;10,04;43,59;31,48;100,00;265,01;0,00;1,66
2022.0;4.0;2022-04-01;BRASPINE;FAXINAL;PR;JAGUARIAIVA;20,65;20,65;39,96;17,76;86,57;10,04;43,59;31,48;100,00;265,01;0,00;1,66
2022.0;4.0;2022-04-01;BRASPINE;FEITAL;PR;DOUTOR ULYSSES;154,17;86,53;47,86;18,19;86,89;10,72;52,61;27,02;100,00;228,71;0,00;3,28
2022.0;4.0;2022-04-01;BRASPINE;FIGUEIRA;PR;DOUTOR ULYSSES;1053,81;315,71;52,82;18,07;87,42;10,48;52,26;27,24;100,00;212,33;0,00;0,51
2022.0;4.0;2022-04-01;BRASPINE;FIGUEIRINHA;PR;DOUTOR ULYSSES;94,37;56,74;62,84;18,07;87,42;10,48;52,26;27,24;100,00;212,33;0,00;0,51
2022.0;4.0;2022-04-01;BRASPINE;FLOEMA;PR;DOUTOR ULYSSES;2189,88;701,43;57,21;17,59;87,10;9,69;43,18;31,72;100,00;263,26;0,00;1,39
2022.0;4.0;2022-04-01;BRASPINE;FLOEMA I - SUDATI;;;;;42,87;18,01;86,86;10,50;52,32;26,73;100,00;240,86;0,00;4,41
2022.0;4.0;2022-04-01;BRASPINE;FLOEMA II - SUDATI;PR;DOUTOR ULYSSES;453,83;211,13;44,77;18,01;86,86;10,50;52,32;26,73;100,00;240,86;0,00;4,41
2022.0;4.0;2022-04-01;BRASPINE;FLOR DA SERRA;PR;SAO JOSE DA BOA VISTA;209,10;128,72;39,93;19,93;78,99;10,69;47,25;28,01;99,60;135,62;0,00;15,22
2022.0;4.0;2022-04-01;BRASPINE;GENTIL;PR;JAGUARIAIVA;126,77;53,33;38,86;17,67;84,29;8,20;47,03;25,23;99,86;215,40;0,00;2,08
2022.0;4.0;2022-04-01;BRASPINE;GUAIRACA;PR;GUARAPUAVA;623,62;169,31;196,67;17,16;84,49;6,98;41,35;25,58;100,00;240,34;0,00;16,97
2022.0;4.0;2022-04-01;BRASPINE;HERVAL 2 - MADALOSSO;;;;;99,69;17,84;85,25;9,88;50,21;26,70;99,90;234,88;0,00;2,47
2022.0;4.0;2022-04-01;BRASPINE;HERVAL DE BAIXO;PR;RESERVA;827,29;475,92;99,27;18,65;83,75;7,70;47,60;26,76;99,95;186,11;0,00;0,58
2022.0;4.0;2022-04-01;BRASPINE;HORTO 01;PR;TURVO;19,12;19,12;145,82;17,74;84,78;6,58;44,29;26,00;99,70;199,39;0,00;10,54
2022.0;4.0;2022-04-01;BRASPINE;HORTO 02;PR;TURVO;4,24;4,24;145,62;17,74;84,78;6,58;44,29;26,00;99,70;199,39;0,00;10,54
2022.0;4.0;2022-04-01;BRASPINE;HORTO 03;PR;PRUDENTOPOLIS;80,91;25,89;144,75;18,18;84,17;6,59;43,78;26,58;99,83;177,75;0,00;4,52
2022.0;4.0;2022-04-01;BRASPINE;HORTO 08;PR;TURVO;9,53;9,53;146,04;18,18;84,17;6,59;43,78;26,58;99,83;177,75;0,00;4,52
2022.0;4.0;2022-04-01;BRASPINE;HORTO 12;PR;PRUDENTOPOLIS;12,20;12,20;142,87;18,18;84,17;6,59;43,78;26,58;99,83;177,75;0,00;4,52
2022.0;4.0;2022-04-01;BRASPINE;IZAU;PR;PIRAI DO SUL;19,37;11,60;45,73;17,70;84,76;8,59;46,48;25,48;99,78;215,66;0,00;3,63
2022.0;4.0;2022-04-01;BRASPINE;JOAO RICO;PR;JAGUARIAIVA;47,46;26,18;36,86;17,83;84,48;8,82;46,81;25,41;99,91;233,58;0,00;2,36
2022.0;4.0;2022-04-01;BRASPINE;LAGOA;PR;JAGUARIAIVA;24,10;10,78;41,77;17,76;86,57;10,04;43,59;31,48;100,00;265,01;0,00;1,66
2022.0;4.0;2022-04-01;BRASPINE;MARACANA;PR;JANDAIA DO SUL;11,45;11,45;107,60;20,94;78,25;12,54;45,82;28,45;99,91;80,78;0,00;2,89
2022.0;4.0;2022-04-01;BRASPINE;MARRECA;;;;;56,13;18,07;87,42;10,48;52,26;27,24;100,00;212,33;0,00;0,51
2022.0;4.0;2022-04-01;BRASPINE;MARRECA SP;SP;ITAPIRAPUA PAULISTA;675,30;236,19;60,06;18,78;87,48;11,36;51,33;28,27;100,00;192,07;0,00;0,69
2022.0;4.0;2022-04-01;BRASPINE;MARRECAS;;;;;200,81;16,60;84,80;6,87;40,44;24,92;99,98;319,47;0,00;22,49
2022.0;4.0;2022-04-01;BRASPINE;MERCADINHO;;;;;65,98;18,70;86,79;10,91;51,09;28,15;100,00;159,39;0,00;1,10
2022.0;4.0;2022-04-01;BRASPINE;MONTE ALEGRE;;;;;107,82;21,38;77,75;12,84;44,63;29,00;99,89;82,66;0,00;3,35
2022.0;4.0;2022-04-01;BRASPINE;MONTE TABOR II;;;;;39,11;18,14;88,10;11,39;52,36;27,69;100,00;215,44;0,00;3,23
2022.0;4.0;2022-04-01;BRASPINE;MOREIRA;PR;DOUTOR ULYSSES;230,52;68,68;44,77;18,01;86,86;10,50;52,32;26,73;100,00;240,86;0,00;4,41
2022.0;4.0;2022-04-01;BRASPINE;MOREIRAS II;PR;DOUTOR ULYSSES;66,76;28,75;46,10;18,01;86,86;10,50;52,32;26,73;100,00;240,86;0,00;4,41
2022.0;4.0;2022-04-01;BRASPINE;MORRETES;PR;ORTIGUEIRA;20,36;20,36;82,36;19,08;83,74;8,02;48,00;27,11;99,93;160,54;0,00;1,32
2022.0;4.0;2022-04-01;BRASPINE;MORRO AZUL;;;;;35,38;18,25;86,65;10,87;51,26;27,15;100,00;215,92;0,00;30,86
2022.0;4.0;2022-04-01;BRASPINE;OURO FINO;SP;APIAI;51,70;51,70;33,59;17,97;87,62;10,58;52,26;27,21;100,00;241,85;0,00;18,83
2022.0;4.0;2022-04-01;BRASPINE;PALMEIRINHA DE BAIXO - SOSSEGO;PR;SENGES;85,93;9,22;26,54;17,78;84,52;9,86;46,71;25,78;99,97;234,85;0,00;52,76
2022.0;4.0;2022-04-01;BRASPINE;PAZIN;PR;DOUTOR ULYSSES;41,20;23,90;54,98;18,07;87,42;10,48;52,26;27,24;100,00;212,33;0,00;0,51
2022.0;4.0;2022-04-01;BRASPINE;PEDRAS;PR;CASTRO;7,18;7,18;68,86;17,66;85,25;7,96;47,53;25,49;100,00;227,45;0,00;7,58
2022.0;4.0;2022-04-01;BRASPINE;PESCARIA;PR;SAO JOSE DA BOA VISTA;184,57;129,22;40,72;20,12;78,39;10,89;44,63;28,06;99,63;137,31;0,00;22,15
2022.0;4.0;2022-04-01;BRASPINE;PESSEGUEIRO;PR;DOUTOR ULYSSES;109,95;64,79;47,19;18,01;86,86;10,50;52,32;26,73;100,00;240,86;0,00;4,41
2022.0;4.0;2022-04-01;BRASPINE;PITANGA;;;;;153,34;18,06;82,90;8,34;41,53;25,80;99,70;185,41;0,00;1,09
2022.0;4.0;2022-04-01;BRASPINE;QUEIMADINHO ARROIO CLARO;PR;DOUTOR ULYSSES;48,13;19,09;40,76;18,01;86,86;10,50;52,32;26,73;100,00;240,86;0,00;4,41
2022.0;4.0;2022-04-01;BRASPINE;QUEIMADINHO M6042;PR;DOUTOR ULYSSES;48,38;18,50;40,76;18,01;86,86;10,50;52,32;26,73;100,00;240,86;0,00;4,41
2022.0;4.0;2022-04-01;BRASPINE;QUEIMADINHO USUCAPIAO;PR;DOUTOR ULYSSES;200,27;92,43;40,76;18,01;86,86;10,50;52,32;26,73;100,00;240,86;0,00;4,41
2022.0;4.0;2022-04-01;BRASPINE;RAMOS;PR;SENGES;69,83;38,15;42,87;17,76;86,57;10,04;43,59;31,48;100,00;265,01;0,00;1,66
2022.0;4.0;2022-04-01;BRASPINE;RIBEIRAO GRANDE;PR;JAGUARIAIVA;20,77;20,77;42,35;17,70;84,76;8,59;46,48;25,48;99,78;215,66;0,00;3,63
2022.0;4.0;2022-04-01;BRASPINE;RINCAO DE BAIXO;;;;;77,55;18,26;81,60;7,79;46,51;25,88;100,00;216,74;0,00;1,40
2022.0;4.0;2022-04-01;BRASPINE;RIO BOMBA;PR;CERRO AZUL;65,03;37,72;82,32;18,88;85,76;10,47;51,30;28,26;100,00;144,28;0,00;2,13
2022.0;4.0;2022-04-01;BRASPINE;RIO DO MEIO;PR;DOUTOR ULYSSES;712,33;389,13;44,68;18,01;86,86;10,50;52,32;26,73;100,00;240,86;0,00;4,41
2022.0;4.0;2022-04-01;BRASPINE;RONDON;PR;JAGUARIAIVA;2899,24;1475,88;29,31;17,74;85,26;9,32;48,49;25,59;99,91;249,15;0,00;68,33
2022.0;4.0;2022-04-01;BRASPINE;SANTA FELICIDADE;;;;;55,66;19,12;87,57;11,75;50,66;28,88;100,00;150,00;0,00;0,03
2022.0;4.0;2022-04-01;BRASPINE;SANTA LIDIA DO CERCADINHO;;;;;81,69;17,95;81,72;7,53;46,50;25,48;100,00;228,67;0,00;0,83
2022.0;4.0;2022-04-01;BRASPINE;SANTO ANTONIO;;;;;31,35;17,82;84,84;10,12;47,56;26,07;100,00;265,80;0,00;39,33
2022.0;4.0;2022-04-01;BRASPINE;SAO JOSE;PR;JANDAIA DO SUL;37,56;37,56;107,55;21,24;77,94;12,72;44,95;28,81;99,94;81,97;0,00;3,77
2022.0;4.0;2022-04-01;BRASPINE;SAO MATHEUS;;;;;107,36;22,31;77,23;13,49;43,82;30,32;99,79;55,85;0,00;0,65
2022.0;4.0;2022-04-01;BRASPINE;SAO PEDRO E SAO PAULO;PR;SAPOPEMA;709,13;323,93;65,77;19,29;79,97;9,93;46,13;27,10;99,78;111,23;0,00;3,07
2022.0;4.0;2022-04-01;BRASPINE;SAO RAFAEL;;;;;129,16;17,58;83,73;8,60;42,69;26,26;99,85;228,83;0,00;0,98
2022.0;4.0;2022-04-01;BRASPINE;SAO RAFAEL - PB;;;;;36,75;18,09;87,37;10,79;51,54;27,25;100,00;228,83;0,00;22,07
2022.0;4.0;2022-04-01;BRASPINE;SERRARIA;PR;DOUTOR ULYSSES;280,88;117,71;54,85;17,83;87,26;10,08;52,65;27,98;100,00;223,06;0,00;0,31
2022.0;4.0;2022-04-01;BRASPINE;SERRO VERDE;;;;;193,18;17,61;82,77;7,48;38,71;25,61;99,88;251,81;0,00;0,87
2022.0;4.0;2022-04-01;BRASPINE;SERTAOZINHO;PR;DOUTOR ULYSSES;16,25;16,25;40,69;18,01;86,86;10,50;52,32;26,73;100,00;240,86;0,00;4,41
2022.0;4.0;2022-04-01;BRASPINE;SITIO BASILIO;PR;JAGUARIAIVA;8,08;8,08;34,45;17,70;84,20;8,24;47,14;25,21;99,88;231,25;0,00;0,64
2022.0;4.0;2022-04-01;BRASPINE;SITIO DAS MARRECAS;PR;DOUTOR ULYSSES;77,49;35,17;61,41;18,58;87,46;11,11;51,60;27,98;100,00;189,44;0,00;1,32
2022.0;4.0;2022-04-01;BRASPINE;SOBRADINHO;SP;BOM SUCESSO DE ITARARE;285,80;123,10;32,86;17,77;85,64;10,31;49,42;26,31;100,00;237,88;0,00;24,96
2022.0;4.0;2022-04-01;BRASPINE;TAQUARAL;PR;JAGUARIAIVA;519,13;31,07;33,18;17,79;85,17;9,08;47,60;25,50;99,99;248,81;0,00;6,33
2022.0;4.0;2022-04-01;BRASPINE;TUCUNDUVA;PR;SENGES;82,21;60,89;32,99;18,40;82,06;8,99;45,22;26,17;99,84;194,34;0,00;28,78
2022.0;4.0;2022-04-01;BRASPINE;TUCUNDUVA - CHAMMA;;;;;28,63;18,57;81,48;10,03;44,19;26,32;99,57;197,98;0,00;28,56
2022.0;4.0;2022-04-01;BRASPINE;VIENA 1;PR;DOUTOR ULYSSES;263,98;178,34;64,97;17,55;86,55;9,40;51,77;26,75;100,00;260,37;0,00;2,09
2022.0;4.0;2022-04-01;BRASPINE;VIENA 2;PR;CERRO AZUL;140,23;96,54;82,16;18,88;85,76;10,47;51,30;28,26;100,00;144,28;0,00;2,13
2022.0;4.0;2022-04-01;BRASPINE;VITORIA;PR;SENGES;50,54;35,69;26,54;17,78;84,52;9,86;46,71;25,78;99,97;234,85;0,00;52,76
2022.0;4.0;2022-04-01;BRASPINE;VIVEIRO;PR;DOUTOR ULYSSES;405,39;261,22;46,10;18,01;86,86;10,50;52,32;26,73;100,00;240,86;0,00;4,41
2022.0;4.0;2022-04-01;BRASPINE;VO LINO;PR;DOUTOR ULYSSES;164,50;97,89;55,80;18,07;87,42;10,48;52,26;27,24;100,00;212,33;0,00;0,51
2022.0;4.0;2022-04-01;BRASPINE;XAXIM VELHO;;;;;228,18;16,69;85,16;6,37;40,52;25,07;100,00;262,94;0,00;1,74
2022.0;5.0;2022-05-01;BRASPINE;AGUA DOCE;PR;JAGUARIAIVA;238,97;121,99;67,86;14,26;79,44;3,76;45,75;23,61;99,85;279,87;12,20;14,50
2022.0;5.0;2022-05-01;BRASPINE;AMATA;;;;;76,75;16,14;80,38;4,35;40,37;27,00;100,00;276,57;9,25;5,77
2022.0;5.0;2022-05-01;BRASPINE;ANTA BRAVA;;;;;48,39;17,57;74,02;6,99;38,13;28,65;99,85;222,89;0,00;5,72
2022.0;5.0;2022-05-01;BRASPINE;ARAPONGAS;PR;SENGES;423,34;263,70;81,61;14,73;81,26;4,28;42,73;24,89;100,00;307,48;9,11;1,23
2022.0;5.0;2022-05-01;BRASPINE;ARROIO CLARO;PR;DOUTOR ULYSSES;275,14;92,00;67,42;14,83;81,73;4,28;41,16;25,35;100,00;294,75;13,52;3,14
2022.0;5.0;2022-05-01;BRASPINE;BARRA GRANDE;PR;DOUTOR ULYSSES;493,79;139,68;79,67;15,27;81,60;4,62;41,98;25,66;100,00;288,56;4,62;3,35
2022.0;5.0;2022-05-01;BRASPINE;BARRA GRANDE - BEMAIS;PR;GUARAPUAVA;299,16;108,61;117,48;13,50;81,73;2,74;49,36;23,29;99,99;294,32;10,76;1,87
2022.0;5.0;2022-05-01;BRASPINE;BARRETOS;PR;JAGUARIAIVA;43,35;32,98;80,05;14,50;80,50;4,14;43,61;24,11;99,97;274,29;8,70;5,34
2022.0;5.0;2022-05-01;BRASPINE;BAU;;;;;64,78;13,30;82,66;1,65;50,60;22,99;99,90;279,48;20,58;10,20
2022.0;5.0;2022-05-01;BRASPINE;BOA VISTA II;PR;PIRAI DO SUL;944,00;535,05;80,88;14,31;79,84;3,68;44,71;23,84;99,96;281,71;12,78;6,00
2022.0;5.0;2022-05-01;BRASPINE;BRASILEIRA;;;;;75,54;14,73;81,26;4,28;42,73;24,89;100,00;307,48;9,11;1,23
2022.0;5.0;2022-05-01;BRASPINE;BURACAO;;;;;81,89;14,45;80,14;3,22;42,94;24,49;99,99;311,88;20,88;0,16
2022.0;5.0;2022-05-01;BRASPINE;BURRINHO;PR;DOUTOR ULYSSES;211,01;100,37;67,40;14,83;81,73;4,28;41,16;25,35;100,00;294,75;13,52;3,14
2022.0;5.0;2022-05-01;BRASPINE;CADEADO I;PR;JAGUARIAIVA;21,07;12,29;76,25;14,45;80,92;4,29;43,05;24,34;100,00;285,58;18,35;4,32
2022.0;5.0;2022-05-01;BRASPINE;CADEADO II;PR;JAGUARIAIVA;21,88;16,79;76,25;14,45;80,92;4,29;43,05;24,34;100,00;285,58;18,35;4,32
2022.0;5.0;2022-05-01;BRASPINE;CAMPINA ALTA;PR;TIBAGI;29,77;18,24;78,20;14,84;80,52;2,43;46,51;25,30;99,88;268,27;14,69;12,26
2022.0;5.0;2022-05-01;BRASPINE;CAMPINA DO ELIAS;PR;JAGUARIAIVA;29,17;14,65;88,56;14,48;80,65;4,25;43,41;24,19;99,98;287,96;13,80;4,99
2022.0;5.0;2022-05-01;BRASPINE;CAMPO NOVO;PR;JAGUARIAIVA;295,98;156,36;75,31;14,45;80,92;4,29;43,05;24,34;100,00;285,58;18,35;4,32
2022.0;5.0;2022-05-01;BRASPINE;CONSULTORIA II A;PR;DOUTOR ULYSSES;89,62;60,79;72,61;14,73;81,26;4,28;42,73;24,89;100,00;307,48;9,11;1,23
2022.0;5.0;2022-05-01;BRASPINE;DINIZ;;;;;82,00;14,73;81,26;4,28;42,73;24,89;100,00;307,48;9,11;1,23
2022.0;5.0;2022-05-01;BRASPINE;ENES;PR;JAGUARIAIVA;5,93;5,69;74,32;14,45;80,92;4,29;43,05;24,34;100,00;285,58;18,35;4,32
2022.0;5.0;2022-05-01;BRASPINE;ENGENHARIA;;;;;82,00;14,73;81,26;4,28;42,73;24,89;100,00;307,48;9,11;1,23
2022.0;5.0;2022-05-01;BRASPINE;ESTACAO;PR;SENGES;4,76;4,14;74,71;14,45;80,92;4,29;43,05;24,34;100,00;285,58;18,35;4,32
2022.0;5.0;2022-05-01;BRASPINE;FAXINAL;PR;JAGUARIAIVA;20,65;20,65;74,32;14,45;80,92;4,29;43,05;24,34;100,00;285,58;18,35;4,32
2022.0;5.0;2022-05-01;BRASPINE;FEITAL;PR;DOUTOR ULYSSES;154,17;86,53;68,86;14,91;81,37;4,39;42,48;25,15;100,00;281,29;4,39;0,17
2022.0;5.0;2022-05-01;BRASPINE;FIGUEIRA;PR;DOUTOR ULYSSES;1053,81;315,71;67,42;14,83;81,73;4,28;41,16;25,35;100,00;294,75;13,52;3,14
2022.0;5.0;2022-05-01;BRASPINE;FIGUEIRINHA;PR;DOUTOR ULYSSES;94,37;56,74;70,59;14,83;81,73;4,28;41,16;25,35;100,00;294,75;13,52;3,14
2022.0;5.0;2022-05-01;BRASPINE;FLOEMA;PR;DOUTOR ULYSSES;2189,88;701,43;68,49;14,32;81,15;4,02;41,75;24,58;100,00;312,20;21,50;5,95
2022.0;5.0;2022-05-01;BRASPINE;FLOEMA I - SUDATI;;;;;78,93;14,73;81,26;4,28;42,73;24,89;100,00;307,48;9,11;1,23
2022.0;5.0;2022-05-01;BRASPINE;FLOEMA II - SUDATI;PR;DOUTOR ULYSSES;453,83;211,13;72,45;14,73;81,26;4,28;42,73;24,89;100,00;307,48;9,11;1,23
2022.0;5.0;2022-05-01;BRASPINE;FLOR DA SERRA;PR;SAO JOSE DA BOA VISTA;209,10;128,72;69,27;16,11;75,55;4,23;42,41;26,62;98,58;299,97;8,79;28,26
2022.0;5.0;2022-05-01;BRASPINE;GENTIL;PR;JAGUARIAIVA;126,77;53,33;74,85;14,05;79,64;3,47;46,18;23,36;99,72;290,31;11,94;3,97
2022.0;5.0;2022-05-01;BRASPINE;GUAIRACA;PR;GUARAPUAVA;623,62;169,31;120,08;13,63;81,29;2,56;48,17;23,44;99,98;295,18;10,50;5,12
2022.0;5.0;2022-05-01;BRASPINE;HERVAL 2 - MADALOSSO;;;;;80,64;14,45;80,14;3,22;42,94;24,49;99,99;311,88;20,88;0,16
2022.0;5.0;2022-05-01;BRASPINE;HERVAL DE BAIXO;PR;RESERVA;827,29;475,92;88,50;14,68;81,52;2,40;46,58;25,38;99,81;270,60;13,50;6,60
2022.0;5.0;2022-05-01;BRASPINE;HORTO 01;PR;TURVO;19,12;19,12;39,97;14,09;82,07;2,48;51,81;24,18;99,65;272,90;12,23;4,17
2022.0;5.0;2022-05-01;BRASPINE;HORTO 02;PR;TURVO;4,24;4,24;39,94;14,09;82,07;2,48;51,81;24,18;99,65;272,90;12,23;4,17
2022.0;5.0;2022-05-01;BRASPINE;HORTO 03;PR;PRUDENTOPOLIS;80,91;25,89;41,73;14,45;81,71;2,43;49,17;24,87;99,87;278,05;11,74;0,60
2022.0;5.0;2022-05-01;BRASPINE;HORTO 08;PR;TURVO;9,53;9,53;45,46;14,45;81,71;2,43;49,17;24,87;99,87;278,05;11,74;0,60
2022.0;5.0;2022-05-01;BRASPINE;HORTO 12;PR;PRUDENTOPOLIS;12,20;12,20;43,85;14,45;81,71;2,43;49,17;24,87;99,87;278,05;11,74;0,60
2022.0;5.0;2022-05-01;BRASPINE;IZAU;PR;PIRAI DO SUL;19,37;11,60;78,98;14,15;79,91;3,41;45,30;23,54;99,84;280,45;7,29;1,26
2022.0;5.0;2022-05-01;BRASPINE;JOAO RICO;PR;JAGUARIAIVA;47,46;26,18;73,40;14,26;79,44;3,76;45,75;23,61;99,85;279,87;12,20;14,50
2022.0;5.0;2022-05-01;BRASPINE;LAGOA;PR;JAGUARIAIVA;24,10;10,78;77,86;14,45;80,92;4,29;43,05;24,34;100,00;285,58;18,35;4,32
2022.0;5.0;2022-05-01;BRASPINE;MARACANA;PR;JANDAIA DO SUL;11,45;11,45;69,83;16,76;75,74;4,92;40,22;27,49;99,99;240,92;4,92;1,06
2022.0;5.0;2022-05-01;BRASPINE;MARRECA;;;;;67,48;14,83;81,73;4,28;41,16;25,35;100,00;294,75;13,52;3,14
2022.0;5.0;2022-05-01;BRASPINE;MARRECA SP;SP;ITAPIRAPUA PAULISTA;675,30;236,19;72,67;15,57;82,17;4,44;40,83;26,30;100,00;293,76;13,70;6,95
2022.0;5.0;2022-05-01;BRASPINE;MARRECAS;;;;;119,23;13,12;81,84;2,50;49,60;22,62;100,00;285,49;9,37;7,86
2022.0;5.0;2022-05-01;BRASPINE;MERCADINHO;;;;;72,27;15,45;81,43;4,06;40,25;26,31;100,00;304,42;13,63;0,02
2022.0;5.0;2022-05-01;BRASPINE;MONTE ALEGRE;;;;;76,10;17,14;75,59;5,25;39,98;28,02;99,98;216,35;0,00;0,73
2022.0;5.0;2022-05-01;BRASPINE;MONTE TABOR II;;;;;63,05;14,77;83,08;2,69;47,90;25,68;100,00;290,68;10,87;1,98
2022.0;5.0;2022-05-01;BRASPINE;MOREIRA;PR;DOUTOR ULYSSES;230,52;68,68;72,45;14,73;81,26;4,28;42,73;24,89;100,00;307,48;9,11;1,23
2022.0;5.0;2022-05-01;BRASPINE;MOREIRAS II;PR;DOUTOR ULYSSES;66,76;28,75;72,65;14,73;81,26;4,28;42,73;24,89;100,00;307,48;9,11;1,23
2022.0;5.0;2022-05-01;BRASPINE;MORRETES;PR;ORTIGUEIRA;20,36;20,36;93,64;15,05;81,67;2,79;45,08;26,06;99,95;274,47;13,49;0,56
2022.0;5.0;2022-05-01;BRASPINE;MORRO AZUL;;;;;77,52;15,04;80,93;4,84;40,63;25,05;100,00;283,94;4,84;10,33
2022.0;5.0;2022-05-01;BRASPINE;OURO FINO;SP;APIAI;51,70;51,70;70,23;14,77;81,84;3,82;42,03;25,22;100,00;291,44;16,96;2,10
2022.0;5.0;2022-05-01;BRASPINE;PALMEIRINHA DE BAIXO - SOSSEGO;PR;SENGES;85,93;9,22;74,82;14,37;79,00;4,10;42,66;23,84;99,87;311,96;17,52;14,04
2022.0;5.0;2022-05-01;BRASPINE;PAZIN;PR;DOUTOR ULYSSES;41,20;23,90;66,96;14,83;81,73;4,28;41,16;25,35;100,00;294,75;13,52;3,14
2022.0;5.0;2022-05-01;BRASPINE;PEDRAS;PR;CASTRO;7,18;7,18;93,31;14,06;80,66;3,23;46,68;23,59;99,84;289,27;11,76;6,67
2022.0;5.0;2022-05-01;BRASPINE;PESCARIA;PR;SAO JOSE DA BOA VISTA;184,57;129,22;75,00;16,36;74,91;5,09;40,74;26,77;99,16;277,61;0,00;22,92
2022.0;5.0;2022-05-01;BRASPINE;PESSEGUEIRO;PR;DOUTOR ULYSSES;109,95;64,79;64,68;14,73;81,26;4,28;42,73;24,89;100,00;307,48;9,11;1,23
2022.0;5.0;2022-05-01;BRASPINE;PITANGA;;;;;89,60;13,97;81,90;2,49;51,15;23,81;99,77;297,83;19,34;2,54
2022.0;5.0;2022-05-01;BRASPINE;QUEIMADINHO ARROIO CLARO;PR;DOUTOR ULYSSES;48,13;19,09;75,54;14,73;81,26;4,28;42,73;24,89;100,00;307,48;9,11;1,23
2022.0;5.0;2022-05-01;BRASPINE;QUEIMADINHO M6042;PR;DOUTOR ULYSSES;48,38;18,50;75,54;14,73;81,26;4,28;42,73;24,89;100,00;307,48;9,11;1,23
2022.0;5.0;2022-05-01;BRASPINE;QUEIMADINHO USUCAPIAO;PR;DOUTOR ULYSSES;200,27;92,43;75,54;14,73;81,26;4,28;42,73;24,89;100,00;307,48;9,11;1,23
2022.0;5.0;2022-05-01;BRASPINE;RAMOS;PR;SENGES;69,83;38,15;78,93;14,45;80,92;4,29;43,05;24,34;100,00;285,58;18,35;4,32
2022.0;5.0;2022-05-01;BRASPINE;RIBEIRAO GRANDE;PR;JAGUARIAIVA;20,77;20,77;73,96;14,15;79,91;3,41;45,30;23,54;99,84;280,45;7,29;1,26
2022.0;5.0;2022-05-01;BRASPINE;RINCAO DE BAIXO;;;;;64,60;14,30;79,13;3,21;45,44;24,20;99,53;286,13;20,83;12,21
2022.0;5.0;2022-05-01;BRASPINE;RIO BOMBA;PR;CERRO AZUL;65,03;37,72;71,57;15,60;80,27;3,80;40,30;26,49;99,97;292,79;12,79;5,25
2022.0;5.0;2022-05-01;BRASPINE;RIO DO MEIO;PR;DOUTOR ULYSSES;712,33;389,13;73,41;14,73;81,26;4,28;42,73;24,89;100,00;307,48;9,11;1,23
2022.0;5.0;2022-05-01;BRASPINE;RONDON;PR;JAGUARIAIVA;2899,24;1475,88;68,04;14,33;79,66;4,22;44,69;23,79;99,89;296,65;12,79;4,06
2022.0;5.0;2022-05-01;BRASPINE;SANTA FELICIDADE;;;;;69,49;15,88;82,67;4,09;40,59;26,84;100,00;295,71;13,14;4,23
2022.0;5.0;2022-05-01;BRASPINE;SANTA LIDIA DO CERCADINHO;;;;;67,74;14,03;79,09;3,11;45,57;23,70;99,53;296,66;20,14;11,70
2022.0;5.0;2022-05-01;BRASPINE;SANTO ANTONIO;;;;;76,09;14,49;78,94;4,41;40,78;24,12;100,00;285,32;13,29;10,79
2022.0;5.0;2022-05-01;BRASPINE;SAO JOSE;PR;JANDAIA DO SUL;37,56;37,56;76,04;17,01;75,73;5,16;40,26;27,83;100,00;229,41;0,00;2,77
2022.0;5.0;2022-05-01;BRASPINE;SAO MATHEUS;;;;;93,67;18,01;75,66;5,71;39,60;29,22;99,87;178,44;0,00;0,45
2022.0;5.0;2022-05-01;BRASPINE;SAO PEDRO E SAO PAULO;PR;SAPOPEMA;709,13;323,93;77,90;15,35;76,35;5,37;40,16;25,66;99,39;295,97;0,00;3,53
2022.0;5.0;2022-05-01;BRASPINE;SAO RAFAEL;;;;;127,67;14,21;80,33;3,80;43,67;23,73;99,83;293,92;17,15;202,05
2022.0;5.0;2022-05-01;BRASPINE;SAO RAFAEL - PB;;;;;83,06;14,89;81,61;4,32;41,11;25,27;100,00;280,86;13,19;1,48
2022.0;5.0;2022-05-01;BRASPINE;SERRARIA;PR;DOUTOR ULYSSES;280,88;117,71;68,87;14,57;81,44;4,19;41,45;24,96;100,00;318,62;17,61;4,57
2022.0;5.0;2022-05-01;BRASPINE;SERRO VERDE;;;;;75,66;13,59;82,16;1,91;50,01;23,41;99,91;288,49;21,89;1,88
2022.0;5.0;2022-05-01;BRASPINE;SERTAOZINHO;PR;DOUTOR ULYSSES;16,25;16,25;73,36;14,73;81,26;4,28;42,73;24,89;100,00;307,48;9,11;1,23
2022.0;5.0;2022-05-01;BRASPINE;SITIO BASILIO;PR;JAGUARIAIVA;8,08;8,08;67,62;14,08;79,50;3,57;46,34;23,35;99,71;289,99;11,78;1,09
2022.0;5.0;2022-05-01;BRASPINE;SITIO DAS MARRECAS;PR;DOUTOR ULYSSES;77,49;35,17;70,69;15,36;82,04;4,44;40,93;26,03;100,00;289,77;13,65;0,62
2022.0;5.0;2022-05-01;BRASPINE;SOBRADINHO;SP;BOM SUCESSO DE ITARARE;285,80;123,10;74,45;14,52;79,59;4,53;40,44;24,27;100,00;287,53;18,88;9,48
2022.0;5.0;2022-05-01;BRASPINE;TAQUARAL;PR;JAGUARIAIVA;519,13;31,07;68,11;14,33;79,63;4,00;45,56;23,69;100,00;281,76;12,60;12,78
2022.0;5.0;2022-05-01;BRASPINE;TUCUNDUVA;PR;SENGES;82,21;60,89;78,22;14,74;77,53;3,58;43,48;24,34;99,54;316,93;16,93;15,74
2022.0;5.0;2022-05-01;BRASPINE;TUCUNDUVA - CHAMMA;;;;;75,66;14,96;76,99;4,20;42,30;24,49;99,55;309,53;18,48;17,43
2022.0;5.0;2022-05-01;BRASPINE;VIENA 1;PR;DOUTOR ULYSSES;263,98;178,34;84,69;14,24;80,74;3,35;43,48;24,11;100,00;308,33;19,62;5,61
2022.0;5.0;2022-05-01;BRASPINE;VIENA 2;PR;CERRO AZUL;140,23;96,54;71,86;15,60;80,27;3,80;40,30;26,49;99,97;292,79;12,79;5,25
2022.0;5.0;2022-05-01;BRASPINE;VITORIA;PR;SENGES;50,54;35,69;74,82;14,37;79,00;4,10;42,66;23,84;99,87;311,96;17,52;14,04
2022.0;5.0;2022-05-01;BRASPINE;VIVEIRO;PR;DOUTOR ULYSSES;405,39;261,22;72,65;14,73;81,26;4,28;42,73;24,89;100,00;307,48;9,11;1,23
2022.0;5.0;2022-05-01;BRASPINE;VO LINO;PR;DOUTOR ULYSSES;164,50;97,89;67,20;14,83;81,73;4,28;41,16;25,35;100,00;294,75;13,52;3,14
2022.0;5.0;2022-05-01;BRASPINE;XAXIM VELHO;;;;;116,39;13,13;82,46;2,80;49,74;22,59;100,00;281,80;9,34;1,88
2022.0;6.0;2022-06-01;BRASPINE;AGUA DOCE;PR;JAGUARIAIVA;238,97;121,99;67,42;13,83;80,46;3,63;34,40;21,91;99,87;302,01;8,57;7,56
2022.0;6.0;2022-06-01;BRASPINE;AMATA;;;;;98,21;14,72;84,51;2,87;37,72;25,55;99,98;317,69;7,38;7,42
2022.0;6.0;2022-06-01;BRASPINE;ANTA BRAVA;;;;;18,42;16,78;78,60;6,20;36,93;25,54;99,73;323,47;0,00;322,54
2022.0;6.0;2022-06-01;BRASPINE;ARAPONGAS;PR;SENGES;423,34;263,70;58,51;13,90;84,00;3,11;37,66;23,06;100,00;303,83;7,43;0,33
2022.0;6.0;2022-06-01;BRASPINE;ARROIO CLARO;PR;DOUTOR ULYSSES;275,14;92,00;80,28;13,96;84,82;3,63;37,76;23,58;100,00;307,44;8,18;1,15
2022.0;6.0;2022-06-01;BRASPINE;BARRA GRANDE;PR;DOUTOR ULYSSES;493,79;139,68;61,67;14,20;84,54;2,84;37,37;23,95;100,00;308,89;7,23;0,85
2022.0;6.0;2022-06-01;BRASPINE;BARRA GRANDE - BEMAIS;PR;GUARAPUAVA;299,16;108,61;113,07;13,12;84,21;2,77;39,44;21,59;100,00;271,29;18,09;14,48
2022.0;6.0;2022-06-01;BRASPINE;BARRETOS;PR;JAGUARIAIVA;43,35;32,98;66,27;13,81;82,43;3,35;35,77;22,61;99,99;273,87;7,94;15,97
2022.0;6.0;2022-06-01;BRASPINE;BAU;;;;;152,08;13,22;82,30;2,47;37,56;21,61;99,89;282,29;18,96;5,26
2022.0;6.0;2022-06-01;BRASPINE;BOA VISTA II;PR;PIRAI DO SUL;944,00;535,05;68,20;13,73;81,23;3,04;33,80;22,35;99,97;268,57;7,60;16,59
2022.0;6.0;2022-06-01;BRASPINE;BRASILEIRA;;;;;69,95;13,90;84,00;3,11;37,66;23,06;100,00;303,83;7,43;0,33
2022.0;6.0;2022-06-01;BRASPINE;BURACAO;;;;;72,83;13,69;82,51;2,17;36,93;23,18;100,00;265,33;10,63;4,84
2022.0;6.0;2022-06-01;BRASPINE;BURRINHO;PR;DOUTOR ULYSSES;211,01;100,37;79,82;13,96;84,82;3,63;37,76;23,58;100,00;307,44;8,18;1,15
2022.0;6.0;2022-06-01;BRASPINE;CADEADO I;PR;JAGUARIAIVA;21,07;12,29;70,19;13,73;83,37;3,42;37,07;22,59;100,00;298,22;7,67;1,17
2022.0;6.0;2022-06-01;BRASPINE;CADEADO II;PR;JAGUARIAIVA;21,88;16,79;70,19;13,73;83,37;3,42;37,07;22,59;100,00;298,22;7,67;1,17
2022.0;6.0;2022-06-01;BRASPINE;CAMPINA ALTA;PR;TIBAGI;29,77;18,24;147,31;14,44;82,80;2,28;42,24;23,08;99,91;286,07;8,97;6,31
2022.0;6.0;2022-06-01;BRASPINE;CAMPINA DO ELIAS;PR;JAGUARIAIVA;29,17;14,65;62,28;13,78;82,77;3,38;36,24;22,60;99,99;271,98;7,84;15,65
2022.0;6.0;2022-06-01;BRASPINE;CAMPO NOVO;PR;JAGUARIAIVA;295,98;156,36;64,04;13,73;83,37;3,42;37,07;22,59;100,00;298,22;7,67;1,17
2022.0;6.0;2022-06-01;BRASPINE;CONSULTORIA II A;PR;DOUTOR ULYSSES;89,62;60,79;70,04;13,90;84,00;3,11;37,66;23,06;100,00;303,83;7,43;0,33
2022.0;6.0;2022-06-01;BRASPINE;DINIZ;;;;;51,05;13,90;84,00;3,11;37,66;23,06;100,00;303,83;7,43;0,33
2022.0;6.0;2022-06-01;BRASPINE;ENES;PR;JAGUARIAIVA;5,93;5,69;64,90;13,73;83,37;3,42;37,07;22,59;100,00;298,22;7,67;1,17
2022.0;6.0;2022-06-01;BRASPINE;ENGENHARIA;;;;;51,05;13,90;84,00;3,11;37,66;23,06;100,00;303,83;7,43;0,33
2022.0;6.0;2022-06-01;BRASPINE;ESTACAO;PR;SENGES;4,76;4,14;63,57;13,73;83,37;3,42;37,07;22,59;100,00;298,22;7,67;1,17
2022.0;6.0;2022-06-01;BRASPINE;FAXINAL;PR;JAGUARIAIVA;20,65;20,65;64,90;13,73;83,37;3,42;37,07;22,59;100,00;298,22;7,67;1,17
2022.0;6.0;2022-06-01;BRASPINE;FEITAL;PR;DOUTOR ULYSSES;154,17;86,53;73,38;14,00;84,18;3,02;37,56;23,36;100,00;305,54;7,37;0,49
2022.0;6.0;2022-06-01;BRASPINE;FIGUEIRA;PR;DOUTOR ULYSSES;1053,81;315,71;79,06;13,96;84,82;3,63;37,76;23,58;100,00;307,44;8,18;1,15
2022.0;6.0;2022-06-01;BRASPINE;FIGUEIRINHA;PR;DOUTOR ULYSSES;94,37;56,74;76,81;13,96;84,82;3,63;37,76;23,58;100,00;307,44;8,18;1,15
2022.0;6.0;2022-06-01;BRASPINE;FLOEMA;PR;DOUTOR ULYSSES;2189,88;701,43;70,83;13,65;84,05;3,42;37,17;22,73;100,00;299,95;7,91;0,16
2022.0;6.0;2022-06-01;BRASPINE;FLOEMA I - SUDATI;;;;;58,80;13,90;84,00;3,11;37,66;23,06;100,00;303,83;7,43;0,33
2022.0;6.0;2022-06-01;BRASPINE;FLOEMA II - SUDATI;PR;DOUTOR ULYSSES;453,83;211,13;59,10;13,90;84,00;3,11;37,66;23,06;100,00;303,83;7,43;0,33
2022.0;6.0;2022-06-01;BRASPINE;FLOR DA SERRA;PR;SAO JOSE DA BOA VISTA;209,10;128,72;79,62;15,50;78,43;3,65;36,87;24,08;99,60;319,89;3,65;25,29
2022.0;6.0;2022-06-01;BRASPINE;GENTIL;PR;JAGUARIAIVA;126,77;53,33;68,13;13,66;80,80;2,48;33,82;21,67;99,61;295,91;6,89;13,59
2022.0;6.0;2022-06-01;BRASPINE;GUAIRACA;PR;GUARAPUAVA;623,62;169,31;103,22;13,09;84,25;2,26;39,70;21,91;100,00;269,40;15,79;4,19
2022.0;6.0;2022-06-01;BRASPINE;HERVAL 2 - MADALOSSO;;;;;81,67;13,69;82,51;2,17;36,93;23,18;100,00;265,33;10,63;4,84
2022.0;6.0;2022-06-01;BRASPINE;HERVAL DE BAIXO;PR;RESERVA;827,29;475,92;147,66;14,28;83,72;1,84;42,55;23,13;99,88;272,75;6,29;3,34
2022.0;6.0;2022-06-01;BRASPINE;HORTO 01;PR;TURVO;19,12;19,12;142,52;13,64;83,95;1,61;42,53;22,32;99,75;272,79;10,98;1,10
2022.0;6.0;2022-06-01;BRASPINE;HORTO 02;PR;TURVO;4,24;4,24;143,37;13,64;83,95;1,61;42,53;22,32;99,75;272,79;10,98;1,10
2022.0;6.0;2022-06-01;BRASPINE;HORTO 03;PR;PRUDENTOPOLIS;80,91;25,89;139,65;13,97;83,89;2,83;42,13;22,89;99,96;280,86;14,24;0,67
2022.0;6.0;2022-06-01;BRASPINE;HORTO 08;PR;TURVO;9,53;9,53;144,29;13,97;83,89;2,83;42,13;22,89;99,96;280,86;14,24;0,67
2022.0;6.0;2022-06-01;BRASPINE;HORTO 12;PR;PRUDENTOPOLIS;12,20;12,20;138,85;13,97;83,89;2,83;42,13;22,89;99,96;280,86;14,24;0,67
2022.0;6.0;2022-06-01;BRASPINE;IZAU;PR;PIRAI DO SUL;19,37;11,60;71,09;13,68;81,19;2,75;32,94;22,01;99,74;285,39;6,82;1,44
2022.0;6.0;2022-06-01;BRASPINE;JOAO RICO;PR;JAGUARIAIVA;47,46;26,18;65,84;13,83;80,46;3,63;34,40;21,91;99,87;302,01;8,57;7,56
2022.0;6.0;2022-06-01;BRASPINE;LAGOA;PR;JAGUARIAIVA;24,10;10,78;60,71;13,73;83,37;3,42;37,07;22,59;100,00;298,22;7,67;1,17
2022.0;6.0;2022-06-01;BRASPINE;MARACANA;PR;JANDAIA DO SUL;11,45;11,45;76,26;16,55;78,46;5,49;43,43;24,76;99,95;243,22;0,00;9,70
2022.0;6.0;2022-06-01;BRASPINE;MARRECA;;;;;74,34;13,96;84,82;3,63;37,76;23,58;100,00;307,44;8,18;1,15
2022.0;6.0;2022-06-01;BRASPINE;MARRECA SP;SP;ITAPIRAPUA PAULISTA;675,30;236,19;70,81;14,38;85,32;3,45;37,47;24,74;100,00;312,33;8,29;0,85
2022.0;6.0;2022-06-01;BRASPINE;MARRECAS;;;;;105,96;12,69;84,21;2,48;36,52;21,19;100,00;261,93;15,16;1,79
2022.0;6.0;2022-06-01;BRASPINE;MERCADINHO;;;;;74,67;14,31;85,02;3,52;37,61;24,65;100,00;307,29;8,15;1,71
2022.0;6.0;2022-06-01;BRASPINE;MONTE ALEGRE;;;;;70,69;16,87;78,43;5,81;42,72;25,29;99,98;202,13;0,00;5,93
2022.0;6.0;2022-06-01;BRASPINE;MONTE TABOR II;;;;;56,60;13,84;86,76;2,09;40,71;23,40;100,00;299,01;5,54;1,67
2022.0;6.0;2022-06-01;BRASPINE;MOREIRA;PR;DOUTOR ULYSSES;230,52;68,68;59,10;13,90;84,00;3,11;37,66;23,06;100,00;303,83;7,43;0,33
2022.0;6.0;2022-06-01;BRASPINE;MOREIRAS II;PR;DOUTOR ULYSSES;66,76;28,75;71,68;13,90;84,00;3,11;37,66;23,06;100,00;303,83;7,43;0,33
2022.0;6.0;2022-06-01;BRASPINE;MORRETES;PR;ORTIGUEIRA;20,36;20,36;128,56;14,51;83,96;2,01;42,99;23,67;99,81;274,11;7,42;4,36
2022.0;6.0;2022-06-01;BRASPINE;MORRO AZUL;;;;;47,23;14,04;83,80;2,77;36,86;23,24;100,00;307,02;7,30;20,88
2022.0;6.0;2022-06-01;BRASPINE;OURO FINO;SP;APIAI;51,70;51,70;43,56;13,84;85,01;2,57;38,47;23,05;100,00;302,42;6,89;11,32
2022.0;6.0;2022-06-01;BRASPINE;PALMEIRINHA DE BAIXO - SOSSEGO;PR;SENGES;85,93;9,22;57,05;13,86;80,86;3,92;36,84;21,87;99,94;304,43;3,92;0,72
2022.0;6.0;2022-06-01;BRASPINE;PAZIN;PR;DOUTOR ULYSSES;41,20;23,90;76,36;13,96;84,82;3,63;37,76;23,58;100,00;307,44;8,18;1,15
2022.0;6.0;2022-06-01;BRASPINE;PEDRAS;PR;CASTRO;7,18;7,18;91,23;13,56;81,93;2,35;35,02;22,19;99,69;275,49;10,79;3,62
2022.0;6.0;2022-06-01;BRASPINE;PESCARIA;PR;SAO JOSE DA BOA VISTA;184,57;129,22;78,91;15,63;77,58;4,50;35,37;24,17;99,77;307,81;4,50;23,83
2022.0;6.0;2022-06-01;BRASPINE;PESSEGUEIRO;PR;DOUTOR ULYSSES;109,95;64,79;72,40;13,90;84,00;3,11;37,66;23,06;100,00;303,83;7,43;0,33
2022.0;6.0;2022-06-01;BRASPINE;PITANGA;;;;;114,54;13,84;81,82;3,19;38,77;22,13;99,81;299,67;16,06;11,16
2022.0;6.0;2022-06-01;BRASPINE;QUEIMADINHO ARROIO CLARO;PR;DOUTOR ULYSSES;48,13;19,09;69,95;13,90;84,00;3,11;37,66;23,06;100,00;303,83;7,43;0,33
2022.0;6.0;2022-06-01;BRASPINE;QUEIMADINHO M6042;PR;DOUTOR ULYSSES;48,38;18,50;69,95;13,90;84,00;3,11;37,66;23,06;100,00;303,83;7,43;0,33
2022.0;6.0;2022-06-01;BRASPINE;QUEIMADINHO USUCAPIAO;PR;DOUTOR ULYSSES;200,27;92,43;69,95;13,90;84,00;3,11;37,66;23,06;100,00;303,83;7,43;0,33
2022.0;6.0;2022-06-01;BRASPINE;RAMOS;PR;SENGES;69,83;38,15;58,80;13,73;83,37;3,42;37,07;22,59;100,00;298,22;7,67;1,17
2022.0;6.0;2022-06-01;BRASPINE;RIBEIRAO GRANDE;PR;JAGUARIAIVA;20,77;20,77;73,66;13,68;81,19;2,75;32,94;22,01;99,74;285,39;6,82;1,44
2022.0;6.0;2022-06-01;BRASPINE;RINCAO DE BAIXO;;;;;120,60;14,01;80,54;1,73;36,15;22,14;99,55;279,42;8,53;1,74
2022.0;6.0;2022-06-01;BRASPINE;RIO BOMBA;PR;CERRO AZUL;65,03;37,72;89,08;14,40;84,34;3,26;37,66;24,85;99,91;307,16;7,97;4,91
2022.0;6.0;2022-06-01;BRASPINE;RIO DO MEIO;PR;DOUTOR ULYSSES;712,33;389,13;71,22;13,90;84,00;3,11;37,66;23,06;100,00;303,83;7,43;0,33
2022.0;6.0;2022-06-01;BRASPINE;RONDON;PR;JAGUARIAIVA;2899,24;1475,88;67,86;13,77;81,49;3,69;36,78;21,93;99,94;299,81;8,67;1,45
2022.0;6.0;2022-06-01;BRASPINE;SANTA FELICIDADE;;;;;68,67;14,55;85,81;3,14;37,33;25,35;100,00;308,57;17,27;5,07
2022.0;6.0;2022-06-01;BRASPINE;SANTA LIDIA DO CERCADINHO;;;;;123,09;13,80;80,37;1,74;35,53;21,66;99,55;277,54;9,04;1,21
2022.0;6.0;2022-06-01;BRASPINE;SANTO ANTONIO;;;;;56,03;13,83;81,36;3,70;36,45;22,17;100,00;303,34;3,70;21,80
2022.0;6.0;2022-06-01;BRASPINE;SAO JOSE;PR;JANDAIA DO SUL;37,56;37,56;70,82;16,77;78,51;5,78;42,97;25,12;99,99;216,06;0,00;6,55
2022.0;6.0;2022-06-01;BRASPINE;SAO MATHEUS;;;;;86,99;17,47;78,69;4,89;41,85;26,45;99,94;171,54;4,89;1,12
2022.0;6.0;2022-06-01;BRASPINE;SAO PEDRO E SAO PAULO;PR;SAPOPEMA;709,13;323,93;75,57;15,02;79,82;3,63;38,39;22,98;99,85;320,23;3,63;2,02
2022.0;6.0;2022-06-01;BRASPINE;SAO RAFAEL;;;;;91,26;13,12;82,78;1,48;42,01;23,10;99,81;276,83;12,34;4,90
2022.0;6.0;2022-06-01;BRASPINE;SAO RAFAEL - PB;;;;;50,96;13,93;84,68;2,66;37,78;23,18;100,00;306,31;7,24;14,06
2022.0;6.0;2022-06-01;BRASPINE;SERRARIA;PR;DOUTOR ULYSSES;280,88;117,71;78,31;13,80;84,44;3,52;37,76;23,15;100,00;303,69;8,04;0,67
2022.0;6.0;2022-06-01;BRASPINE;SERRO VERDE;;;;;156,94;13,54;81,51;2,04;37,70;22,07;99,92;279,43;17,34;6,39
2022.0;6.0;2022-06-01;BRASPINE;SERTAOZINHO;PR;DOUTOR ULYSSES;16,25;16,25;52,27;13,90;84,00;3,11;37,66;23,06;100,00;303,83;7,43;0,33
2022.0;6.0;2022-06-01;BRASPINE;SITIO BASILIO;PR;JAGUARIAIVA;8,08;8,08;67,48;13,70;80,59;2,71;34,25;21,63;99,69;296,13;7,37;348,22
2022.0;6.0;2022-06-01;BRASPINE;SITIO DAS MARRECAS;PR;DOUTOR ULYSSES;77,49;35,17;77,17;14,26;85,18;3,51;37,55;24,41;100,00;310,94;8,27;0,93
2022.0;6.0;2022-06-01;BRASPINE;SOBRADINHO;SP;BOM SUCESSO DE ITARARE;285,80;123,10;60,30;13,75;82,47;3,23;37,00;22,33;100,00;302,14;8,08;14,65
2022.0;6.0;2022-06-01;BRASPINE;TAQUARAL;PR;JAGUARIAIVA;519,13;31,07;66,07;13,81;81,00;3,63;35,79;21,99;100,00;287,30;3,63;343,21
2022.0;6.0;2022-06-01;BRASPINE;TUCUNDUVA;PR;SENGES;82,21;60,89;62,23;14,27;79,34;3,22;35,52;22,14;99,74;287,22;3,22;2,24
2022.0;6.0;2022-06-01;BRASPINE;TUCUNDUVA - CHAMMA;;;;;64,78;14,46;78,93;4,49;36,05;22,31;99,73;299,24;4,49;0,52
2022.0;6.0;2022-06-01;BRASPINE;VIENA 1;PR;DOUTOR ULYSSES;263,98;178,34;69,32;13,61;83,14;2,99;36,37;22,41;100,00;298,82;12,00;1,53
2022.0;6.0;2022-06-01;BRASPINE;VIENA 2;PR;CERRO AZUL;140,23;96,54;89,21;14,40;84,34;3,26;37,66;24,85;99,91;307,16;7,97;4,91
2022.0;6.0;2022-06-01;BRASPINE;VITORIA;PR;SENGES;50,54;35,69;57,05;13,86;80,86;3,92;36,84;21,87;99,94;304,43;3,92;0,72
2022.0;6.0;2022-06-01;BRASPINE;VIVEIRO;PR;DOUTOR ULYSSES;405,39;261,22;71,68;13,90;84,00;3,11;37,66;23,06;100,00;303,83;7,43;0,33
2022.0;6.0;2022-06-01;BRASPINE;VO LINO;PR;DOUTOR ULYSSES;164,50;97,89;75,90;13,96;84,82;3,63;37,76;23,58;100,00;307,44;8,18;1,15
2022.0;6.0;2022-06-01;BRASPINE;XAXIM VELHO;;;;;105,51;12,65;84,21;2,04;37,81;21,70;100,00;259,15;19,16;0,60
2022.0;7.0;2022-07-01;BRASPINE;AGUA DOCE;PR;JAGUARIAIVA;238,97;121,99;17,68;16,07;71,40;4,52;40,16;23,74;99,85;343,61;9,35;1,57
2022.0;7.0;2022-07-01;BRASPINE;AMATA;;;;;45,22;16,86;77,89;5,52;39,09;26,88;100,00;342,82;0,00;10,44
2022.0;7.0;2022-07-01;BRASPINE;ANTA BRAVA;;;;;13,62;18,60;68,32;9,28;31,13;26,92;96,83;305,61;0,00;0,60
2022.0;7.0;2022-07-01;BRASPINE;ARAPONGAS;PR;SENGES;423,34;263,70;22,81;15,91;76,10;4,82;39,99;24,67;100,00;346,52;4,82;1,36
2022.0;7.0;2022-07-01;BRASPINE;ARROIO CLARO;PR;DOUTOR ULYSSES;275,14;92,00;30,92;15,91;77,38;5,18;39,13;25,05;100,00;343,05;0,00;1,96
2022.0;7.0;2022-07-01;BRASPINE;BARRA GRANDE;PR;DOUTOR ULYSSES;493,79;139,68;28,20;16,28;77,29;5,07;40,00;25,61;100,00;350,02;0,00;14,86
2022.0;7.0;2022-07-01;BRASPINE;BARRA GRANDE - BEMAIS;PR;GUARAPUAVA;299,16;108,61;45,23;15,12;73,93;4,36;33,19;23,25;99,96;312,98;9,05;12,00
2022.0;7.0;2022-07-01;BRASPINE;BARRETOS;PR;JAGUARIAIVA;43,35;32,98;23,18;16,15;73,42;5,04;39,37;24,25;99,97;352,39;0,00;8,55
2022.0;7.0;2022-07-01;BRASPINE;BAU;;;;;56,30;15,32;72,59;3,96;38,29;22,72;99,85;333,04;3,96;0,22
2022.0;7.0;2022-07-01;BRASPINE;BOA VISTA II;PR;PIRAI DO SUL;944,00;535,05;25,46;16,14;72,16;4,70;39,72;23,98;100,00;351,06;9,68;5,12
2022.0;7.0;2022-07-01;BRASPINE;BRASILEIRA;;;;;27,96;15,91;76,10;4,82;39,99;24,67;100,00;346,52;4,82;1,36
2022.0;7.0;2022-07-01;BRASPINE;BURACAO;;;;;51,66;15,84;74,78;3,58;38,33;24,44;99,78;328,03;3,58;11,45
2022.0;7.0;2022-07-01;BRASPINE;BURRINHO;PR;DOUTOR ULYSSES;211,01;100,37;31,13;15,91;77,38;5,18;39,13;25,05;100,00;343,05;0,00;1,96
2022.0;7.0;2022-07-01;BRASPINE;CADEADO I;PR;JAGUARIAIVA;21,07;12,29;23,21;15,83;74,83;5,05;38,76;24,15;100,00;333,25;0,00;8,69
2022.0;7.0;2022-07-01;BRASPINE;CADEADO II;PR;JAGUARIAIVA;21,88;16,79;23,21;15,83;74,83;5,05;38,76;24,15;100,00;333,25;0,00;8,69
2022.0;7.0;2022-07-01;BRASPINE;CAMPINA ALTA;PR;TIBAGI;29,77;18,24;34,39;16,31;73,94;4,77;37,99;25,19;99,89;326,51;4,77;0,28
2022.0;7.0;2022-07-01;BRASPINE;CAMPINA DO ELIAS;PR;JAGUARIAIVA;29,17;14,65;26,87;16,03;73,93;5,04;39,15;24,22;99,98;345,44;0,00;8,60
2022.0;7.0;2022-07-01;BRASPINE;CAMPO NOVO;PR;JAGUARIAIVA;295,98;156,36;22,86;15,83;74,83;5,05;38,76;24,15;100,00;333,25;0,00;8,69
2022.0;7.0;2022-07-01;BRASPINE;CONSULTORIA II A;PR;DOUTOR ULYSSES;89,62;60,79;25,86;15,91;76,10;4,82;39,99;24,67;100,00;346,52;4,82;1,36
2022.0;7.0;2022-07-01;BRASPINE;DINIZ;;;;;24,03;15,91;76,10;4,82;39,99;24,67;100,00;346,52;4,82;1,36
2022.0;7.0;2022-07-01;BRASPINE;ENES;PR;JAGUARIAIVA;5,93;5,69;22,87;15,83;74,83;5,05;38,76;24,15;100,00;333,25;0,00;8,69
2022.0;7.0;2022-07-01;BRASPINE;ENGENHARIA;;;;;24,03;15,91;76,10;4,82;39,99;24,67;100,00;346,52;4,82;1,36
2022.0;7.0;2022-07-01;BRASPINE;ESTACAO;PR;SENGES;4,76;4,14;24,70;15,83;74,83;5,05;38,76;24,15;100,00;333,25;0,00;8,69
2022.0;7.0;2022-07-01;BRASPINE;FAXINAL;PR;JAGUARIAIVA;20,65;20,65;22,87;15,83;74,83;5,05;38,76;24,15;100,00;333,25;0,00;8,69
2022.0;7.0;2022-07-01;BRASPINE;FEITAL;PR;DOUTOR ULYSSES;154,17;86,53;30,10;16,04;76,49;4,90;40,38;24,98;100,00;347,69;4,90;24,39
2022.0;7.0;2022-07-01;BRASPINE;FIGUEIRA;PR;DOUTOR ULYSSES;1053,81;315,71;30,85;15,91;77,38;5,18;39,13;25,05;100,00;343,05;0,00;1,96
2022.0;7.0;2022-07-01;BRASPINE;FIGUEIRINHA;PR;DOUTOR ULYSSES;94,37;56,74;36,01;15,91;77,38;5,18;39,13;25,05;100,00;343,05;0,00;1,96
2022.0;7.0;2022-07-01;BRASPINE;FLOEMA;PR;DOUTOR ULYSSES;2189,88;701,43;30,17;15,56;75,91;4,07;38,29;24,15;100,00;338,92;4,07;2,63
2022.0;7.0;2022-07-01;BRASPINE;FLOEMA I - SUDATI;;;;;24,36;15,91;76,10;4,82;39,99;24,67;100,00;346,52;4,82;1,36
2022.0;7.0;2022-07-01;BRASPINE;FLOEMA II - SUDATI;PR;DOUTOR ULYSSES;453,83;211,13;24,38;15,91;76,10;4,82;39,99;24,67;100,00;346,52;4,82;1,36
2022.0;7.0;2022-07-01;BRASPINE;FLOR DA SERRA;PR;SAO JOSE DA BOA VISTA;209,10;128,72;9,18;17,13;70,62;5,69;35,99;26,21;97,84;329,83;0,00;6,43
2022.0;7.0;2022-07-01;BRASPINE;GENTIL;PR;JAGUARIAIVA;126,77;53,33;18,66;15,75;72,15;3,60;40,76;23,47;99,51;334,56;8,52;12,53
2022.0;7.0;2022-07-01;BRASPINE;GUAIRACA;PR;GUARAPUAVA;623,62;169,31;45,11;15,28;73,54;3,98;32,15;23,52;100,00;317,28;3,98;20,89
2022.0;7.0;2022-07-01;BRASPINE;HERVAL 2 - MADALOSSO;;;;;51,99;15,84;74,78;3,58;38,33;24,44;99,78;328,03;3,58;11,45
2022.0;7.0;2022-07-01;BRASPINE;HERVAL DE BAIXO;PR;RESERVA;827,29;475,92;41,68;16,00;75,49;4,61;37,81;25,30;99,83;306,24;9,22;5,28
2022.0;7.0;2022-07-01;BRASPINE;HORTO 01;PR;TURVO;19,12;19,12;51,24;15,55;75,04;3,09;38,12;23,98;99,66;300,29;7,24;0,47
2022.0;7.0;2022-07-01;BRASPINE;HORTO 02;PR;TURVO;4,24;4,24;51,63;15,55;75,04;3,09;38,12;23,98;99,66;300,29;7,24;0,47
2022.0;7.0;2022-07-01;BRASPINE;HORTO 03;PR;PRUDENTOPOLIS;80,91;25,89;52,15;15,93;74,97;3,98;34,22;24,74;99,87;320,61;8,34;1,79
2022.0;7.0;2022-07-01;BRASPINE;HORTO 08;PR;TURVO;9,53;9,53;51,27;15,93;74,97;3,98;34,22;24,74;99,87;320,61;8,34;1,79
2022.0;7.0;2022-07-01;BRASPINE;HORTO 12;PR;PRUDENTOPOLIS;12,20;12,20;54,47;15,93;74,97;3,98;34,22;24,74;99,87;320,61;8,34;1,79
2022.0;7.0;2022-07-01;BRASPINE;IZAU;PR;PIRAI DO SUL;19,37;11,60;21,03;15,92;72,50;4,14;39,98;23,76;99,53;347,62;4,14;6,66
2022.0;7.0;2022-07-01;BRASPINE;JOAO RICO;PR;JAGUARIAIVA;47,46;26,18;18,67;16,07;71,40;4,52;40,16;23,74;99,85;343,61;9,35;1,57
2022.0;7.0;2022-07-01;BRASPINE;LAGOA;PR;JAGUARIAIVA;24,10;10,78;24,88;15,83;74,83;5,05;38,76;24,15;100,00;333,25;0,00;8,69
2022.0;7.0;2022-07-01;BRASPINE;MARACANA;PR;JANDAIA DO SUL;11,45;11,45;8,54;19,26;59,59;8,22;25,96;27,98;95,66;141,62;0,00;6,92
2022.0;7.0;2022-07-01;BRASPINE;MARRECA;;;;;34,11;15,91;77,38;5,18;39,13;25,05;100,00;343,05;0,00;1,96
2022.0;7.0;2022-07-01;BRASPINE;MARRECA SP;SP;ITAPIRAPUA PAULISTA;675,30;236,19;34,64;16,42;78,90;5,46;38,88;26,30;100,00;345,67;0,00;0,94
2022.0;7.0;2022-07-01;BRASPINE;MARRECAS;;;;;47,94;14,77;73,63;3,73;33,27;22,66;99,98;306,93;3,73;0,88
2022.0;7.0;2022-07-01;BRASPINE;MERCADINHO;;;;;37,71;16,31;78,24;5,35;39,42;26,05;100,00;341,95;0,00;6,84
2022.0;7.0;2022-07-01;BRASPINE;MONTE ALEGRE;;;;;8,35;19,59;59,66;8,63;26,41;28,45;95,34;128,63;0,00;1,34
2022.0;7.0;2022-07-01;BRASPINE;MONTE TABOR II;;;;;20,28;15,30;81,15;4,50;42,63;24,89;99,97;322,84;4,50;6,42
2022.0;7.0;2022-07-01;BRASPINE;MOREIRA;PR;DOUTOR ULYSSES;230,52;68,68;24,38;15,91;76,10;4,82;39,99;24,67;100,00;346,52;4,82;1,36
2022.0;7.0;2022-07-01;BRASPINE;MOREIRAS II;PR;DOUTOR ULYSSES;66,76;28,75;26,07;15,91;76,10;4,82;39,99;24,67;100,00;346,52;4,82;1,36
2022.0;7.0;2022-07-01;BRASPINE;MORRETES;PR;ORTIGUEIRA;20,36;20,36;41,36;16,25;76,00;4,47;36,56;26,04;99,79;318,19;9,41;2,42
2022.0;7.0;2022-07-01;BRASPINE;MORRO AZUL;;;;;19,35;16,19;75,51;4,85;38,97;25,05;100,00;336,77;4,85;4,94
2022.0;7.0;2022-07-01;BRASPINE;OURO FINO;SP;APIAI;51,70;51,70;19,28;15,68;77,46;4,59;40,73;24,77;100,00;336,46;9,42;11,17
2022.0;7.0;2022-07-01;BRASPINE;PALMEIRINHA DE BAIXO - SOSSEGO;PR;SENGES;85,93;9,22;15,43;15,90;71,57;4,98;36,79;23,59;99,74;336,19;4,98;6,70
2022.0;7.0;2022-07-01;BRASPINE;PAZIN;PR;DOUTOR ULYSSES;41,20;23,90;32,58;15,91;77,38;5,18;39,13;25,05;100,00;343,05;0,00;1,96
2022.0;7.0;2022-07-01;BRASPINE;PEDRAS;PR;CASTRO;7,18;7,18;26,99;15,70;74,00;2,76;41,42;23,64;99,69;330,83;7,37;1,83
2022.0;7.0;2022-07-01;BRASPINE;PESCARIA;PR;SAO JOSE DA BOA VISTA;184,57;129,22;11,55;17,45;69,51;4,98;36,21;26,49;97,96;322,00;4,98;8,59
2022.0;7.0;2022-07-01;BRASPINE;PESSEGUEIRO;PR;DOUTOR ULYSSES;109,95;64,79;26,06;15,91;76,10;4,82;39,99;24,67;100,00;346,52;4,82;1,36
2022.0;7.0;2022-07-01;BRASPINE;PITANGA;;;;;55,46;15,95;71,96;4,47;38,40;23,58;99,66;334,77;4,47;9,87
2022.0;7.0;2022-07-01;BRASPINE;QUEIMADINHO ARROIO CLARO;PR;DOUTOR ULYSSES;48,13;19,09;27,96;15,91;76,10;4,82;39,99;24,67;100,00;346,52;4,82;1,36
2022.0;7.0;2022-07-01;BRASPINE;QUEIMADINHO M6042;PR;DOUTOR ULYSSES;48,38;18,50;27,96;15,91;76,10;4,82;39,99;24,67;100,00;346,52;4,82;1,36
2022.0;7.0;2022-07-01;BRASPINE;QUEIMADINHO USUCAPIAO;PR;DOUTOR ULYSSES;200,27;92,43;27,96;15,91;76,10;4,82;39,99;24,67;100,00;346,52;4,82;1,36
2022.0;7.0;2022-07-01;BRASPINE;RAMOS;PR;SENGES;69,83;38,15;24,36;15,83;74,83;5,05;38,76;24,15;100,00;333,25;0,00;8,69
2022.0;7.0;2022-07-01;BRASPINE;RIBEIRAO GRANDE;PR;JAGUARIAIVA;20,77;20,77;19,65;15,92;72,50;4,14;39,98;23,76;99,53;347,62;4,14;6,66
2022.0;7.0;2022-07-01;BRASPINE;RINCAO DE BAIXO;;;;;21,64;15,69;72,95;3,23;38,56;24,03;98,60;300,66;7,52;9,03
2022.0;7.0;2022-07-01;BRASPINE;RIO BOMBA;PR;CERRO AZUL;65,03;37,72;40,87;16,44;77,30;5,11;39,26;26,09;99,98;347,13;0,00;11,99
2022.0;7.0;2022-07-01;BRASPINE;RIO DO MEIO;PR;DOUTOR ULYSSES;712,33;389,13;26,58;15,91;76,10;4,82;39,99;24,67;100,00;346,52;4,82;1,36
2022.0;7.0;2022-07-01;BRASPINE;RONDON;PR;JAGUARIAIVA;2899,24;1475,88;15,60;15,87;72,49;4,88;40,74;23,64;99,80;336,29;4,88;15,10
2022.0;7.0;2022-07-01;BRASPINE;SANTA FELICIDADE;;;;;31,19;16,55;80,16;5,52;38,57;27,01;100,00;337,86;0,00;4,61
2022.0;7.0;2022-07-01;BRASPINE;SANTA LIDIA DO CERCADINHO;;;;;21,50;15,43;72,74;3,00;38,71;23,53;98,73;296,61;7,28;8,47
2022.0;7.0;2022-07-01;BRASPINE;SANTO ANTONIO;;;;;16,96;15,90;71,95;4,87;34,90;23,79;99,95;334,66;4,87;6,44
2022.0;7.0;2022-07-01;BRASPINE;SAO JOSE;PR;JANDAIA DO SUL;37,56;37,56;8,19;19,45;59,89;8,54;26,65;28,23;95,39;127,94;0,00;2,01
2022.0;7.0;2022-07-01;BRASPINE;SAO MATHEUS;;;;;10,71;20,40;60,00;8,46;26,96;29,62;97,18;113,05;0,00;0,60
2022.0;7.0;2022-07-01;BRASPINE;SAO PEDRO E SAO PAULO;PR;SAPOPEMA;709,13;323,93;13,85;16,84;67,85;5,74;35,49;25,61;99,18;314,53;0,00;0,74
2022.0;7.0;2022-07-01;BRASPINE;SAO RAFAEL;;;;;35,67;15,57;74,87;2,98;37,65;24,71;99,65;324,13;7,94;2,55
2022.0;7.0;2022-07-01;BRASPINE;SAO RAFAEL - PB;;;;;19,90;15,88;76,91;4,85;39,76;24,95;100,00;342,94;9,71;10,90
2022.0;7.0;2022-07-01;BRASPINE;SERRARIA;PR;DOUTOR ULYSSES;280,88;117,71;32,21;15,73;76,64;4,63;38,86;24,60;100,00;341,01;4,63;0,32
2022.0;7.0;2022-07-01;BRASPINE;SERRO VERDE;;;;;62,13;15,80;71,13;3,42;37,96;23,10;99,90;339,82;3,42;9,59
2022.0;7.0;2022-07-01;BRASPINE;SERTAOZINHO;PR;DOUTOR ULYSSES;16,25;16,25;23,67;15,91;76,10;4,82;39,99;24,67;100,00;346,52;4,82;1,36
2022.0;7.0;2022-07-01;BRASPINE;SITIO BASILIO;PR;JAGUARIAIVA;8,08;8,08;17,58;15,78;71,83;3,69;40,84;23,45;99,60;332,96;8,47;4,87
2022.0;7.0;2022-07-01;BRASPINE;SITIO DAS MARRECAS;PR;DOUTOR ULYSSES;77,49;35,17;35,14;16,27;78,46;5,38;38,95;25,94;100,00;344,90;0,00;1,23
2022.0;7.0;2022-07-01;BRASPINE;SOBRADINHO;SP;BOM SUCESSO DE ITARARE;285,80;123,10;18,98;15,77;73,22;4,61;35,37;23,89;99,99;328,53;4,61;5,98
2022.0;7.0;2022-07-01;BRASPINE;TAQUARAL;PR;JAGUARIAIVA;519,13;31,07;17,13;16,08;71,82;4,81;40,69;23,73;100,00;331,03;4,81;8,73
2022.0;7.0;2022-07-01;BRASPINE;TUCUNDUVA;PR;SENGES;82,21;60,89;16,01;16,10;70,80;4,20;38,47;24,20;99,33;345,10;4,20;1,45
2022.0;7.0;2022-07-01;BRASPINE;TUCUNDUVA - CHAMMA;;;;;14,98;16,35;70,14;5,24;37,28;24,33;98,68;354,89;0,00;5,67
2022.0;7.0;2022-07-01;BRASPINE;VIENA 1;PR;DOUTOR ULYSSES;263,98;178,34;32,44;15,65;74,79;3,43;40,13;23,84;100,00;329,33;3,43;0,28
2022.0;7.0;2022-07-01;BRASPINE;VIENA 2;PR;CERRO AZUL;140,23;96,54;40,69;16,44;77,30;5,11;39,26;26,09;99,98;347,13;0,00;11,99
2022.0;7.0;2022-07-01;BRASPINE;VITORIA;PR;SENGES;50,54;35,69;15,43;15,90;71,57;4,98;36,79;23,59;99,74;336,19;4,98;6,70
2022.0;7.0;2022-07-01;BRASPINE;VIVEIRO;PR;DOUTOR ULYSSES;405,39;261,22;26,07;15,91;76,10;4,82;39,99;24,67;100,00;346,52;4,82;1,36
2022.0;7.0;2022-07-01;BRASPINE;VO LINO;PR;DOUTOR ULYSSES;164,50;97,89;32,95;15,91;77,38;5,18;39,13;25,05;100,00;343,05;0,00;1,96
2022.0;7.0;2022-07-01;BRASPINE;XAXIM VELHO;;;;;52,88;14,99;73,72;3,18;33,51;22,87;100,00;320,22;3,18;2,01
2022.0;8.0;2022-08-01;BRASPINE;AGUA DOCE;PR;JAGUARIAIVA;238,97;121,99;99,72;14,15;78,33;3,18;36,44;25,86;99,85;309,06;6,84;5,56
2022.0;8.0;2022-08-01;BRASPINE;AMATA;;;;;118,54;15,36;81,90;4,76;35,47;28,43;99,95;349,47;4,76;0,79
2022.0;8.0;2022-08-01;BRASPINE;ANTA BRAVA;;;;;44,38;17,32;72,74;7,51;31,52;28,96;98,43;276,70;0,00;20,08
2022.0;8.0;2022-08-01;BRASPINE;ARAPONGAS;PR;SENGES;423,34;263,70;94,93;14,25;81,84;4,00;36,06;26,38;100,00;318,89;8,53;13,08
2022.0;8.0;2022-08-01;BRASPINE;ARROIO CLARO;PR;DOUTOR ULYSSES;275,14;92,00;105,23;14,27;82,81;4,11;36,49;26,48;100,00;320,59;8,88;1,18
2022.0;8.0;2022-08-01;BRASPINE;BARRA GRANDE;PR;DOUTOR ULYSSES;493,79;139,68;92,59;14,69;82,32;4,45;36,15;27,20;100,00;330,63;9,38;8,20
2022.0;8.0;2022-08-01;BRASPINE;BARRA GRANDE - BEMAIS;PR;GUARAPUAVA;299,16;108,61;170,53;13,48;77,88;2,23;37,40;25,09;99,97;268,51;4,97;2,90
2022.0;8.0;2022-08-01;BRASPINE;BARRETOS;PR;JAGUARIAIVA;43,35;32,98;100,05;14,13;80,53;3,12;35,49;26,34;99,98;313,39;6,80;12,17
2022.0;8.0;2022-08-01;BRASPINE;BAU;;;;;168,27;13,66;76,37;1,52;38,95;25,06;99,91;282,96;3,82;2,30
2022.0;8.0;2022-08-01;BRASPINE;BOA VISTA II;PR;PIRAI DO SUL;944,00;535,05;103,83;14,05;79,50;2,79;35,58;26,12;99,96;307,01;6,14;2,87
2022.0;8.0;2022-08-01;BRASPINE;BRASILEIRA;;;;;93,22;14,25;81,84;4,00;36,06;26,38;100,00;318,89;8,53;13,08
2022.0;8.0;2022-08-01;BRASPINE;BURACAO;;;;;118,56;14,02;80,22;3,16;37,04;25,92;99,76;308,27;7,43;9,61
2022.0;8.0;2022-08-01;BRASPINE;BURRINHO;PR;DOUTOR ULYSSES;211,01;100,37;105,13;14,27;82,81;4,11;36,49;26,48;100,00;320,59;8,88;1,18
2022.0;8.0;2022-08-01;BRASPINE;CADEADO I;PR;JAGUARIAIVA;21,07;12,29;95,08;14,04;81,29;3,51;35,93;26,10;100,00;310,86;7,60;17,03
2022.0;8.0;2022-08-01;BRASPINE;CADEADO II;PR;JAGUARIAIVA;21,88;16,79;95,08;14,04;81,29;3,51;35,93;26,10;100,00;310,86;7,60;17,03
2022.0;8.0;2022-08-01;BRASPINE;CAMPINA ALTA;PR;TIBAGI;29,77;18,24;157,43;14,98;77,58;4,42;36,47;26,82;99,88;306,83;9,36;7,31
2022.0;8.0;2022-08-01;BRASPINE;CAMPINA DO ELIAS;PR;JAGUARIAIVA;29,17;14,65;101,82;14,10;80,80;3,26;35,65;26,25;99,99;312,47;7,09;16,01
2022.0;8.0;2022-08-01;BRASPINE;CAMPO NOVO;PR;JAGUARIAIVA;295,98;156,36;96,38;14,04;81,29;3,51;35,93;26,10;100,00;310,86;7,60;17,03
2022.0;8.0;2022-08-01;BRASPINE;CONSULTORIA II A;PR;DOUTOR ULYSSES;89,62;60,79;95,68;14,25;81,84;4,00;36,06;26,38;100,00;318,89;8,53;13,08
2022.0;8.0;2022-08-01;BRASPINE;DINIZ;;;;;91,12;14,25;81,84;4,00;36,06;26,38;100,00;318,89;8,53;13,08
2022.0;8.0;2022-08-01;BRASPINE;ENES;PR;JAGUARIAIVA;5,93;5,69;96,61;14,04;81,29;3,51;35,93;26,10;100,00;310,86;7,60;17,03
2022.0;8.0;2022-08-01;BRASPINE;ENGENHARIA;;;;;91,12;14,25;81,84;4,00;36,06;26,38;100,00;318,89;8,53;13,08
2022.0;8.0;2022-08-01;BRASPINE;ESTACAO;PR;SENGES;4,76;4,14;94,72;14,04;81,29;3,51;35,93;26,10;100,00;310,86;7,60;17,03
2022.0;8.0;2022-08-01;BRASPINE;FAXINAL;PR;JAGUARIAIVA;20,65;20,65;96,61;14,04;81,29;3,51;35,93;26,10;100,00;310,86;7,60;17,03
2022.0;8.0;2022-08-01;BRASPINE;FEITAL;PR;DOUTOR ULYSSES;154,17;86,53;94,89;14,40;82,00;4,15;36,09;26,65;100,00;322,77;8,81;335,31
2022.0;8.0;2022-08-01;BRASPINE;FIGUEIRA;PR;DOUTOR ULYSSES;1053,81;315,71;98,36;14,27;82,81;4,11;36,49;26,48;100,00;320,59;8,88;1,18
2022.0;8.0;2022-08-01;BRASPINE;FIGUEIRINHA;PR;DOUTOR ULYSSES;94,37;56,74;106,97;14,27;82,81;4,11;36,49;26,48;100,00;320,59;8,88;1,18
2022.0;8.0;2022-08-01;BRASPINE;FLOEMA;PR;DOUTOR ULYSSES;2189,88;701,43;104,42;13,87;82,00;3,60;36,34;25,74;100,00;308,35;7,93;1,44
2022.0;8.0;2022-08-01;BRASPINE;FLOEMA I - SUDATI;;;;;94,36;14,25;81,84;4,00;36,06;26,38;100,00;318,89;8,53;13,08
2022.0;8.0;2022-08-01;BRASPINE;FLOEMA II - SUDATI;PR;DOUTOR ULYSSES;453,83;211,13;95,30;14,25;81,84;4,00;36,06;26,38;100,00;318,89;8,53;13,08
2022.0;8.0;2022-08-01;BRASPINE;FLOR DA SERRA;PR;SAO JOSE DA BOA VISTA;209,10;128,72;96,04;16,10;73,60;6,38;32,46;28,15;98,62;325,43;0,00;24,65
2022.0;8.0;2022-08-01;BRASPINE;GENTIL;PR;JAGUARIAIVA;126,77;53,33;99,81;13,96;78,37;3,05;37,21;25,42;99,56;303,82;6,63;12,98
2022.0;8.0;2022-08-01;BRASPINE;GUAIRACA;PR;GUARAPUAVA;623,62;169,31;170,94;13,49;78,16;2,00;37,56;25,28;99,98;267,28;4,51;5,49
2022.0;8.0;2022-08-01;BRASPINE;HERVAL 2 - MADALOSSO;;;;;115,22;14,02;80,22;3,16;37,04;25,92;99,76;308,27;7,43;9,61
2022.0;8.0;2022-08-01;BRASPINE;HERVAL DE BAIXO;PR;RESERVA;827,29;475,92;182,63;14,88;78,14;4,44;35,86;26,93;99,81;297,26;9,40;3,39
2022.0;8.0;2022-08-01;BRASPINE;HORTO 01;PR;TURVO;19,12;19,12;165,41;14,14;77,81;2,84;41,05;25,93;99,62;283,98;10,63;4,81
2022.0;8.0;2022-08-01;BRASPINE;HORTO 02;PR;TURVO;4,24;4,24;164,76;14,14;77,81;2,84;41,05;25,93;99,62;283,98;10,63;4,81
2022.0;8.0;2022-08-01;BRASPINE;HORTO 03;PR;PRUDENTOPOLIS;80,91;25,89;164,50;14,53;77,45;3,26;39,19;26,51;99,87;295,11;6,92;0,60
2022.0;8.0;2022-08-01;BRASPINE;HORTO 08;PR;TURVO;9,53;9,53;166,59;14,53;77,45;3,26;39,19;26,51;99,87;295,11;6,92;0,60
2022.0;8.0;2022-08-01;BRASPINE;HORTO 12;PR;PRUDENTOPOLIS;12,20;12,20;161,34;14,53;77,45;3,26;39,19;26,51;99,87;295,11;6,92;0,60
2022.0;8.0;2022-08-01;BRASPINE;IZAU;PR;PIRAI DO SUL;19,37;11,60;104,90;13,96;79,05;2,75;35,98;25,72;99,61;305,75;6,06;0,05
2022.0;8.0;2022-08-01;BRASPINE;JOAO RICO;PR;JAGUARIAIVA;47,46;26,18;99,97;14,15;78,33;3,18;36,44;25,86;99,85;309,06;6,84;5,56
2022.0;8.0;2022-08-01;BRASPINE;LAGOA;PR;JAGUARIAIVA;24,10;10,78;95,22;14,04;81,29;3,51;35,93;26,10;100,00;310,86;7,60;17,03
2022.0;8.0;2022-08-01;BRASPINE;MARACANA;PR;JANDAIA DO SUL;11,45;11,45;130,05;17,65;67,56;6,76;23,36;30,34;99,98;223,00;0,00;5,04
2022.0;8.0;2022-08-01;BRASPINE;MARRECA;;;;;104,43;14,27;82,81;4,11;36,49;26,48;100,00;320,59;8,88;1,18
2022.0;8.0;2022-08-01;BRASPINE;MARRECA SP;SP;ITAPIRAPUA PAULISTA;675,30;236,19;101,73;14,87;83,26;4,64;36,52;27,62;100,00;335,15;4,64;0,60
2022.0;8.0;2022-08-01;BRASPINE;MARRECAS;;;;;173,65;13,03;78,08;1,71;36,96;24,54;100,00;255,27;3,84;2,23
2022.0;8.0;2022-08-01;BRASPINE;MERCADINHO;;;;;109,20;14,81;82,52;4,17;35,69;27,50;100,00;331,62;4,17;1,71
2022.0;8.0;2022-08-01;BRASPINE;MONTE ALEGRE;;;;;122,14;18,01;67,58;7,04;23,47;30,76;99,98;213,56;0,00;0,41
2022.0;8.0;2022-08-01;BRASPINE;MONTE TABOR II;;;;;74,70;14,27;84,47;5,55;40,57;26,20;100,00;324,79;0,00;1,55
2022.0;8.0;2022-08-01;BRASPINE;MOREIRA;PR;DOUTOR ULYSSES;230,52;68,68;95,30;14,25;81,84;4,00;36,06;26,38;100,00;318,89;8,53;13,08
2022.0;8.0;2022-08-01;BRASPINE;MOREIRAS II;PR;DOUTOR ULYSSES;66,76;28,75;95,73;14,25;81,84;4,00;36,06;26,38;100,00;318,89;8,53;13,08
2022.0;8.0;2022-08-01;BRASPINE;MORRETES;PR;ORTIGUEIRA;20,36;20,36;181,12;15,27;78,03;4,73;33,92;27,79;99,77;302,42;4,73;4,23
2022.0;8.0;2022-08-01;BRASPINE;MORRO AZUL;;;;;80,14;14,48;81,73;4,35;34,79;26,94;100,00;324,18;9,04;0,50
2022.0;8.0;2022-08-01;BRASPINE;OURO FINO;SP;APIAI;51,70;51,70;72,65;14,19;83,19;4,82;37,27;26,12;100,00;320,69;4,82;7,30
2022.0;8.0;2022-08-01;BRASPINE;PALMEIRINHA DE BAIXO - SOSSEGO;PR;SENGES;85,93;9,22;84,45;14,12;78,86;3,89;34,23;25,88;99,86;313,14;8,09;0,24
2022.0;8.0;2022-08-01;BRASPINE;PAZIN;PR;DOUTOR ULYSSES;41,20;23,90;99,06;14,27;82,81;4,11;36,49;26,48;100,00;320,59;8,88;1,18
2022.0;8.0;2022-08-01;BRASPINE;PEDRAS;PR;CASTRO;7,18;7,18;112,04;13,83;79,90;2,56;38,04;25,57;100,00;300,52;5,82;1,03
2022.0;8.0;2022-08-01;BRASPINE;PESCARIA;PR;SAO JOSE DA BOA VISTA;184,57;129,22;94,46;16,28;73,00;6,22;32,65;28,40;99,08;302,48;0,00;13,41
2022.0;8.0;2022-08-01;BRASPINE;PESSEGUEIRO;PR;DOUTOR ULYSSES;109,95;64,79;95,59;14,25;81,84;4,00;36,06;26,38;100,00;318,89;8,53;13,08
2022.0;8.0;2022-08-01;BRASPINE;PITANGA;;;;;161,47;14,48;75,28;2,16;39,46;25,94;99,79;288,86;5,35;2,74
2022.0;8.0;2022-08-01;BRASPINE;QUEIMADINHO ARROIO CLARO;PR;DOUTOR ULYSSES;48,13;19,09;93,22;14,25;81,84;4,00;36,06;26,38;100,00;318,89;8,53;13,08
2022.0;8.0;2022-08-01;BRASPINE;QUEIMADINHO M6042;PR;DOUTOR ULYSSES;48,38;18,50;93,22;14,25;81,84;4,00;36,06;26,38;100,00;318,89;8,53;13,08
2022.0;8.0;2022-08-01;BRASPINE;QUEIMADINHO USUCAPIAO;PR;DOUTOR ULYSSES;200,27;92,43;93,22;14,25;81,84;4,00;36,06;26,38;100,00;318,89;8,53;13,08
2022.0;8.0;2022-08-01;BRASPINE;RAMOS;PR;SENGES;69,83;38,15;94,36;14,04;81,29;3,51;35,93;26,10;100,00;310,86;7,60;17,03
2022.0;8.0;2022-08-01;BRASPINE;RIBEIRAO GRANDE;PR;JAGUARIAIVA;20,77;20,77;102,09;13,96;79,05;2,75;35,98;25,72;99,61;305,75;6,06;0,05
2022.0;8.0;2022-08-01;BRASPINE;RINCAO DE BAIXO;;;;;110,52;14,41;76,36;3,84;35,45;25,63;99,53;304,58;8,40;1,97
2022.0;8.0;2022-08-01;BRASPINE;RIO BOMBA;PR;CERRO AZUL;65,03;37,72;112,81;15,00;81,32;3,97;35,17;27,72;99,90;336,69;3,97;10,31
2022.0;8.0;2022-08-01;BRASPINE;RIO DO MEIO;PR;DOUTOR ULYSSES;712,33;389,13;95,06;14,25;81,84;4,00;36,06;26,38;100,00;318,89;8,53;13,08
2022.0;8.0;2022-08-01;BRASPINE;RONDON;PR;JAGUARIAIVA;2899,24;1475,88;90,67;14,06;79,43;3,59;35,63;25,84;99,88;309,70;7,60;12,83
2022.0;8.0;2022-08-01;BRASPINE;SANTA FELICIDADE;;;;;92,28;15,13;83,72;5,02;36,32;28,05;100,00;339,74;0,00;0,11
2022.0;8.0;2022-08-01;BRASPINE;SANTA LIDIA DO CERCADINHO;;;;;109,52;14,14;76,46;3,68;35,21;25,08;99,53;300,30;8,04;0,13
2022.0;8.0;2022-08-01;BRASPINE;SANTO ANTONIO;;;;;84,53;14,13;79,37;4,05;33,74;26,08;100,00;312,55;8,40;10,76
2022.0;8.0;2022-08-01;BRASPINE;SAO JOSE;PR;JANDAIA DO SUL;37,56;37,56;122,20;17,88;67,75;6,96;23,65;30,54;100,00;211,74;0,00;1,22
2022.0;8.0;2022-08-01;BRASPINE;SAO MATHEUS;;;;;129,87;18,81;67,57;7,64;24,08;31,86;99,93;208,10;0,00;0,39
2022.0;8.0;2022-08-01;BRASPINE;SAO PEDRO E SAO PAULO;PR;SAPOPEMA;709,13;323,93;128,01;15,62;73,19;5,68;30,73;27,50;99,62;335,37;0,00;1,27
2022.0;8.0;2022-08-01;BRASPINE;SAO RAFAEL;;;;;147,98;13,88;79,45;2,85;37,12;26,07;99,61;308,70;6,46;11,06
2022.0;8.0;2022-08-01;BRASPINE;SAO RAFAEL - PB;;;;;81,40;14,30;82,86;4,69;36,40;26,28;100,00;323,63;9,67;8,61
2022.0;8.0;2022-08-01;BRASPINE;SERRARIA;PR;DOUTOR ULYSSES;280,88;117,71;102,80;14,07;82,41;3,85;36,41;26,11;100,00;314,49;8,40;1,31
2022.0;8.0;2022-08-01;BRASPINE;SERRO VERDE;;;;;170,79;14,02;75,42;1,57;38,88;25,37;99,91;280,18;4,23;0,26
2022.0;8.0;2022-08-01;BRASPINE;SERTAOZINHO;PR;DOUTOR ULYSSES;16,25;16,25;91,88;14,25;81,84;4,00;36,06;26,38;100,00;318,89;8,53;13,08
2022.0;8.0;2022-08-01;BRASPINE;SITIO BASILIO;PR;JAGUARIAIVA;8,08;8,08;99,67;14,01;78,15;3,18;37,39;25,45;99,64;304,67;6,87;111,99
2022.0;8.0;2022-08-01;BRASPINE;SITIO DAS MARRECAS;PR;DOUTOR ULYSSES;77,49;35,17;104,86;14,70;83,13;4,49;36,58;27,29;100,00;331,03;4,49;0,77
2022.0;8.0;2022-08-01;BRASPINE;SOBRADINHO;SP;BOM SUCESSO DE ITARARE;285,80;123,10;80,54;14,07;80,48;4,30;34,43;25,98;100,00;313,33;8,85;5,70
2022.0;8.0;2022-08-01;BRASPINE;TAQUARAL;PR;JAGUARIAIVA;519,13;31,07;93,95;14,11;79,12;3,26;36,17;25,96;100,00;309,59;6,98;0,40
2022.0;8.0;2022-08-01;BRASPINE;TUCUNDUVA;PR;SENGES;82,21;60,89;100,15;14,63;76,40;4,47;34,99;26,31;99,45;319,95;4,47;2,34
2022.0;8.0;2022-08-01;BRASPINE;TUCUNDUVA - CHAMMA;;;;;94,07;14,82;76,11;4,65;34,41;26,49;99,38;328,74;4,65;0,47
2022.0;8.0;2022-08-01;BRASPINE;VIENA 1;PR;DOUTOR ULYSSES;263,98;178,34;108,06;13,82;81,26;3,23;37,15;25,58;100,00;305,04;7,18;0,17
2022.0;8.0;2022-08-01;BRASPINE;VIENA 2;PR;CERRO AZUL;140,23;96,54;112,76;15,00;81,32;3,97;35,17;27,72;99,90;336,69;3,97;10,31
2022.0;8.0;2022-08-01;BRASPINE;VITORIA;PR;SENGES;50,54;35,69;84,45;14,12;78,86;3,89;34,23;25,88;99,86;313,14;8,09;0,24
2022.0;8.0;2022-08-01;BRASPINE;VIVEIRO;PR;DOUTOR ULYSSES;405,39;261,22;95,73;14,25;81,84;4,00;36,06;26,38;100,00;318,89;8,53;13,08
2022.0;8.0;2022-08-01;BRASPINE;VO LINO;PR;DOUTOR ULYSSES;164,50;97,89;104,56;14,27;82,81;4,11;36,49;26,48;100,00;320,59;8,88;1,18
2022.0;8.0;2022-08-01;BRASPINE;XAXIM VELHO;;;;;178,44;13,05;78,65;1,26;38,81;24,63;100,00;259,56;2,80;8,30
2022.0;9.0;2022-09-01;BRASPINE;AGUA DOCE;PR;JAGUARIAIVA;238,97;121,99;160,32;14,33;82,87;6,03;42,72;26,39;99,84;291,72;0,00;15,74
2022.0;9.0;2022-09-01;BRASPINE;AMATA;;;;;144,15;15,60;84,03;6,49;36,33;30,47;100,00;317,66;0,00;0,02
2022.0;9.0;2022-09-01;BRASPINE;ANTA BRAVA;;;;;71,55;17,45;77,12;9,93;32,36;30,37;98,06;299,96;0,00;10,73
2022.0;9.0;2022-09-01;BRASPINE;ARAPONGAS;PR;SENGES;423,34;263,70;161,27;14,45;84,94;6,63;37,24;27,96;100,00;299,31;0,00;335,07
2022.0;9.0;2022-09-01;BRASPINE;ARROIO CLARO;PR;DOUTOR ULYSSES;275,14;92,00;154,84;14,53;85,51;6,38;36,41;28,56;100,00;303,18;0,00;1,02
2022.0;9.0;2022-09-01;BRASPINE;BARRA GRANDE;PR;DOUTOR ULYSSES;493,79;139,68;160,66;14,81;85,10;7,13;36,04;29,05;100,00;309,02;0,00;0,42
2022.0;9.0;2022-09-01;BRASPINE;BARRA GRANDE - BEMAIS;PR;GUARAPUAVA;299,16;108,61;201,41;14,17;83,90;4,93;42,78;26,66;99,96;306,42;4,93;2,71
2022.0;9.0;2022-09-01;BRASPINE;BARRETOS;PR;JAGUARIAIVA;43,35;32,98;174,43;14,25;84,46;5,48;39,56;27,16;100,00;289,64;0,00;7,85
2022.0;9.0;2022-09-01;BRASPINE;BAU;;;;;221,02;14,25;82,81;4,47;44,68;26,30;99,96;295,04;4,47;1,87
2022.0;9.0;2022-09-01;BRASPINE;BOA VISTA II;PR;PIRAI DO SUL;944,00;535,05;166,35;14,19;83,69;5,87;41,38;26,67;99,99;287,10;0,00;7,80
2022.0;9.0;2022-09-01;BRASPINE;BRASILEIRA;;;;;156,66;14,45;84,94;6,63;37,24;27,96;100,00;299,31;0,00;335,07
2022.0;9.0;2022-09-01;BRASPINE;BURACAO;;;;;140,70;14,30;83,97;4,50;41,00;27,68;99,84;282,45;4,50;1,44
2022.0;9.0;2022-09-01;BRASPINE;BURRINHO;PR;DOUTOR ULYSSES;211,01;100,37;155,57;14,53;85,51;6,38;36,41;28,56;100,00;303,18;0,00;1,02
2022.0;9.0;2022-09-01;BRASPINE;CADEADO I;PR;JAGUARIAIVA;21,07;12,29;171,47;14,24;84,71;6,17;38,41;27,31;100,00;291,45;0,00;7,56
2022.0;9.0;2022-09-01;BRASPINE;CADEADO II;PR;JAGUARIAIVA;21,88;16,79;171,47;14,24;84,71;6,17;38,41;27,31;100,00;291,45;0,00;7,56
2022.0;9.0;2022-09-01;BRASPINE;CAMPINA ALTA;PR;TIBAGI;29,77;18,24;168,44;15,95;80,69;6,25;41,68;28,38;99,91;321,23;0,00;8,00
2022.0;9.0;2022-09-01;BRASPINE;CAMPINA DO ELIAS;PR;JAGUARIAIVA;29,17;14,65;170,45;14,24;84,55;5,73;39,14;27,22;100,00;290,28;0,00;7,75
2022.0;9.0;2022-09-01;BRASPINE;CAMPO NOVO;PR;JAGUARIAIVA;295,98;156,36;172,29;14,24;84,71;6,17;38,41;27,31;100,00;291,45;0,00;7,56
2022.0;9.0;2022-09-01;BRASPINE;CONSULTORIA II A;PR;DOUTOR ULYSSES;89,62;60,79;153,59;14,45;84,94;6,63;37,24;27,96;100,00;299,31;0,00;335,07
2022.0;9.0;2022-09-01;BRASPINE;DINIZ;;;;;149,98;14,45;84,94;6,63;37,24;27,96;100,00;299,31;0,00;335,07
2022.0;9.0;2022-09-01;BRASPINE;ENES;PR;JAGUARIAIVA;5,93;5,69;173,94;14,24;84,71;6,17;38,41;27,31;100,00;291,45;0,00;7,56
2022.0;9.0;2022-09-01;BRASPINE;ENGENHARIA;;;;;149,98;14,45;84,94;6,63;37,24;27,96;100,00;299,31;0,00;335,07
2022.0;9.0;2022-09-01;BRASPINE;ESTACAO;PR;SENGES;4,76;4,14;158,56;14,24;84,71;6,17;38,41;27,31;100,00;291,45;0,00;7,56
2022.0;9.0;2022-09-01;BRASPINE;FAXINAL;PR;JAGUARIAIVA;20,65;20,65;173,94;14,24;84,71;6,17;38,41;27,31;100,00;291,45;0,00;7,56
2022.0;9.0;2022-09-01;BRASPINE;FEITAL;PR;DOUTOR ULYSSES;154,17;86,53;160,04;14,57;85,00;6,79;36,84;28,32;100,00;302,54;0,00;1,49
2022.0;9.0;2022-09-01;BRASPINE;FIGUEIRA;PR;DOUTOR ULYSSES;1053,81;315,71;162,42;14,53;85,51;6,38;36,41;28,56;100,00;303,18;0,00;1,02
2022.0;9.0;2022-09-01;BRASPINE;FIGUEIRINHA;PR;DOUTOR ULYSSES;94,37;56,74;170,88;14,53;85,51;6,38;36,41;28,56;100,00;303,18;0,00;1,02
2022.0;9.0;2022-09-01;BRASPINE;FLOEMA;PR;DOUTOR ULYSSES;2189,88;701,43;148,88;14,18;85,07;6,03;37,49;27,51;100,00;293,10;0,00;3,08
2022.0;9.0;2022-09-01;BRASPINE;FLOEMA I - SUDATI;;;;;157,76;14,45;84,94;6,63;37,24;27,96;100,00;299,31;0,00;335,07
2022.0;9.0;2022-09-01;BRASPINE;FLOEMA II - SUDATI;PR;DOUTOR ULYSSES;453,83;211,13;160,59;14,45;84,94;6,63;37,24;27,96;100,00;299,31;0,00;335,07
2022.0;9.0;2022-09-01;BRASPINE;FLOR DA SERRA;PR;SAO JOSE DA BOA VISTA;209,10;128,72;128,44;16,79;76,47;8,33;38,84;29,19;98,63;325,66;0,00;17,81
2022.0;9.0;2022-09-01;BRASPINE;GENTIL;PR;JAGUARIAIVA;126,77;53,33;161,21;14,26;82,96;5,02;43,56;26,18;99,59;290,58;0,00;7,23
2022.0;9.0;2022-09-01;BRASPINE;GUAIRACA;PR;GUARAPUAVA;623,62;169,31;209,64;14,11;83,99;4,61;43,43;26,84;99,99;305,25;4,61;4,99
2022.0;9.0;2022-09-01;BRASPINE;HERVAL 2 - MADALOSSO;;;;;135,89;14,30;83,97;4,50;41,00;27,68;99,84;282,45;4,50;1,44
2022.0;9.0;2022-09-01;BRASPINE;HERVAL DE BAIXO;PR;RESERVA;827,29;475,92;159,12;15,97;81,01;5,81;41,13;28,48;99,90;304,57;0,00;6,88
2022.0;9.0;2022-09-01;BRASPINE;HORTO 01;PR;TURVO;19,12;19,12;186,92;15,00;83,29;4,78;47,01;27,34;99,64;312,59;4,78;0,08
2022.0;9.0;2022-09-01;BRASPINE;HORTO 02;PR;TURVO;4,24;4,24;186,59;15,00;83,29;4,78;47,01;27,34;99,64;312,59;4,78;0,08
2022.0;9.0;2022-09-01;BRASPINE;HORTO 03;PR;PRUDENTOPOLIS;80,91;25,89;187,85;15,38;82,64;5,63;43,13;28,07;99,91;293,39;0,00;18,57
2022.0;9.0;2022-09-01;BRASPINE;HORTO 08;PR;TURVO;9,53;9,53;191,10;15,38;82,64;5,63;43,13;28,07;99,91;293,39;0,00;18,57
2022.0;9.0;2022-09-01;BRASPINE;HORTO 12;PR;PRUDENTOPOLIS;12,20;12,20;187,86;15,38;82,64;5,63;43,13;28,07;99,91;293,39;0,00;18,57
2022.0;9.0;2022-09-01;BRASPINE;IZAU;PR;PIRAI DO SUL;19,37;11,60;159,26;14,18;83,64;5,39;42,17;26,49;99,61;289,17;0,00;0,89
2022.0;9.0;2022-09-01;BRASPINE;JOAO RICO;PR;JAGUARIAIVA;47,46;26,18;161,36;14,33;82,87;6,03;42,72;26,39;99,84;291,72;0,00;15,74
2022.0;9.0;2022-09-01;BRASPINE;LAGOA;PR;JAGUARIAIVA;24,10;10,78;164,97;14,24;84,71;6,17;38,41;27,31;100,00;291,45;0,00;7,56
2022.0;9.0;2022-09-01;BRASPINE;MARACANA;PR;JANDAIA DO SUL;11,45;11,45;160,49;18,57;73,21;9,16;26,00;32,15;99,99;243,55;0,00;2,29
2022.0;9.0;2022-09-01;BRASPINE;MARRECA;;;;;166,36;14,53;85,51;6,38;36,41;28,56;100,00;303,18;0,00;1,02
2022.0;9.0;2022-09-01;BRASPINE;MARRECA SP;SP;ITAPIRAPUA PAULISTA;675,30;236,19;172,83;15,03;85,48;6,99;35,39;29,88;100,00;315,38;0,00;0,98
2022.0;9.0;2022-09-01;BRASPINE;MARRECAS;;;;;198,29;13,68;84,36;4,40;43,31;26,12;100,00;293,65;9,26;8,34
2022.0;9.0;2022-09-01;BRASPINE;MERCADINHO;;;;;164,01;15,08;84,94;7,33;35,75;29,72;100,00;317,01;0,00;0,28
2022.0;9.0;2022-09-01;BRASPINE;MONTE ALEGRE;;;;;153,69;19,00;72,93;9,49;26,46;32,60;99,99;266,75;0,00;0,19
2022.0;9.0;2022-09-01;BRASPINE;MONTE TABOR II;;;;;149,88;14,61;86,31;6,59;37,94;28,77;100,00;326,74;0,00;10,14
2022.0;9.0;2022-09-01;BRASPINE;MOREIRA;PR;DOUTOR ULYSSES;230,52;68,68;160,59;14,45;84,94;6,63;37,24;27,96;100,00;299,31;0,00;335,07
2022.0;9.0;2022-09-01;BRASPINE;MOREIRAS II;PR;DOUTOR ULYSSES;66,76;28,75;152,57;14,45;84,94;6,63;37,24;27,96;100,00;299,31;0,00;335,07
2022.0;9.0;2022-09-01;BRASPINE;MORRETES;PR;ORTIGUEIRA;20,36;20,36;148,92;16,44;80,47;5,90;39,49;29,27;99,88;297,68;0,00;8,16
2022.0;9.0;2022-09-01;BRASPINE;MORRO AZUL;;;;;155,01;14,50;85,03;5,84;35,82;28,48;100,00;298,39;0,00;16,47
2022.0;9.0;2022-09-01;BRASPINE;OURO FINO;SP;APIAI;51,70;51,70;140,47;14,30;85,83;5,05;36,98;28,37;100,00;297,95;0,00;17,56
2022.0;9.0;2022-09-01;BRASPINE;PALMEIRINHA DE BAIXO - SOSSEGO;PR;SENGES;85,93;9,22;134,93;14,29;83,09;6,51;39,04;26,63;99,94;290,48;0,00;44,22
2022.0;9.0;2022-09-01;BRASPINE;PAZIN;PR;DOUTOR ULYSSES;41,20;23,90;165,20;14,53;85,51;6,38;36,41;28,56;100,00;303,18;0,00;1,02
2022.0;9.0;2022-09-01;BRASPINE;PEDRAS;PR;CASTRO;7,18;7,18;137,20;14,12;84,04;3,79;44,32;26,35;99,62;287,50;3,79;0,13
2022.0;9.0;2022-09-01;BRASPINE;PESCARIA;PR;SAO JOSE DA BOA VISTA;184,57;129,22;139,17;16,81;76,20;8,58;37,09;29,46;98,46;326,01;0,00;10,86
2022.0;9.0;2022-09-01;BRASPINE;PESSEGUEIRO;PR;DOUTOR ULYSSES;109,95;64,79;155,22;14,45;84,94;6,63;37,24;27,96;100,00;299,31;0,00;335,07
2022.0;9.0;2022-09-01;BRASPINE;PITANGA;;;;;206,29;15,10;81,68;5,19;46,71;26,86;99,93;317,53;0,00;1,28
2022.0;9.0;2022-09-01;BRASPINE;QUEIMADINHO ARROIO CLARO;PR;DOUTOR ULYSSES;48,13;19,09;156,66;14,45;84,94;6,63;37,24;27,96;100,00;299,31;0,00;335,07
2022.0;9.0;2022-09-01;BRASPINE;QUEIMADINHO M6042;PR;DOUTOR ULYSSES;48,38;18,50;156,66;14,45;84,94;6,63;37,24;27,96;100,00;299,31;0,00;335,07
2022.0;9.0;2022-09-01;BRASPINE;QUEIMADINHO USUCAPIAO;PR;DOUTOR ULYSSES;200,27;92,43;156,66;14,45;84,94;6,63;37,24;27,96;100,00;299,31;0,00;335,07
2022.0;9.0;2022-09-01;BRASPINE;RAMOS;PR;SENGES;69,83;38,15;157,76;14,24;84,71;6,17;38,41;27,31;100,00;291,45;0,00;7,56
2022.0;9.0;2022-09-01;BRASPINE;RIBEIRAO GRANDE;PR;JAGUARIAIVA;20,77;20,77;159,13;14,18;83,64;5,39;42,17;26,49;99,61;289,17;0,00;0,89
2022.0;9.0;2022-09-01;BRASPINE;RINCAO DE BAIXO;;;;;142,71;15,24;79,76;4,41;42,73;27,12;99,55;302,59;4,41;5,51
2022.0;9.0;2022-09-01;BRASPINE;RIO BOMBA;PR;CERRO AZUL;65,03;37,72;139,33;15,31;83,99;5,65;36,83;29,72;100,00;323,68;0,00;1,11
2022.0;9.0;2022-09-01;BRASPINE;RIO DO MEIO;PR;DOUTOR ULYSSES;712,33;389,13;153,67;14,45;84,94;6,63;37,24;27,96;100,00;299,31;0,00;335,07
2022.0;9.0;2022-09-01;BRASPINE;RONDON;PR;JAGUARIAIVA;2899,24;1475,88;153,60;14,26;83,52;6,10;40,45;26,55;99,94;289,64;0,00;7,66
2022.0;9.0;2022-09-01;BRASPINE;SANTA FELICIDADE;;;;;160,44;15,25;85,56;7,28;34,52;30,63;100,00;320,60;0,00;6,33
2022.0;9.0;2022-09-01;BRASPINE;SANTA LIDIA DO CERCADINHO;;;;;138,30;14,95;80,02;4,36;43,06;26,59;99,55;296,24;4,36;0,58
2022.0;9.0;2022-09-01;BRASPINE;SANTO ANTONIO;;;;;138,52;14,27;83,30;6,63;37,44;27,03;100,00;290,23;0,00;44,65
2022.0;9.0;2022-09-01;BRASPINE;SAO JOSE;PR;JANDAIA DO SUL;37,56;37,56;154,30;18,87;73,10;9,40;26,51;32,41;100,00;264,40;0,00;1,43
2022.0;9.0;2022-09-01;BRASPINE;SAO MATHEUS;;;;;122,61;19,86;72,45;9,11;27,74;33,53;99,95;173,49;0,00;1,93
2022.0;9.0;2022-09-01;BRASPINE;SAO PEDRO E SAO PAULO;PR;SAPOPEMA;709,13;323,93;142,12;16,55;77,30;6,94;35,14;28,66;99,49;330,25;0,00;1,56
2022.0;9.0;2022-09-01;BRASPINE;SAO RAFAEL;;;;;170,58;13,91;82,75;3,99;42,81;27,73;99,68;290,31;3,99;0,40
2022.0;9.0;2022-09-01;BRASPINE;SAO RAFAEL - PB;;;;;149,95;14,37;85,71;5,50;36,28;28,53;100,00;299,00;0,00;25,14
2022.0;9.0;2022-09-01;BRASPINE;SERRARIA;PR;DOUTOR ULYSSES;280,88;117,71;147,30;14,35;85,29;6,21;36,95;28,04;100,00;298,13;0,00;2,07
2022.0;9.0;2022-09-01;BRASPINE;SERRO VERDE;;;;;230,22;14,62;81,69;4,58;43,66;26,80;99,96;303,41;4,58;0,81
2022.0;9.0;2022-09-01;BRASPINE;SERTAOZINHO;PR;DOUTOR ULYSSES;16,25;16,25;151,11;14,45;84,94;6,63;37,24;27,96;100,00;299,31;0,00;335,07
2022.0;9.0;2022-09-01;BRASPINE;SITIO BASILIO;PR;JAGUARIAIVA;8,08;8,08;159,34;14,30;82,72;5,18;43,76;26,14;99,63;291,37;0,00;3,46
2022.0;9.0;2022-09-01;BRASPINE;SITIO DAS MARRECAS;PR;DOUTOR ULYSSES;77,49;35,17;172,11;14,88;85,49;6,82;35,68;29,51;100,00;311,90;0,00;1,75
2022.0;9.0;2022-09-01;BRASPINE;SOBRADINHO;SP;BOM SUCESSO DE ITARARE;285,80;123,10;153,39;14,19;84,15;6,39;36,94;27,33;100,00;289,73;0,00;324,98
2022.0;9.0;2022-09-01;BRASPINE;TAQUARAL;PR;JAGUARIAIVA;519,13;31,07;170,49;14,27;83,40;5,80;41,84;26,47;100,00;288,92;0,00;14,48
2022.0;9.0;2022-09-01;BRASPINE;TUCUNDUVA;PR;SENGES;82,21;60,89;167,46;15,12;80,02;6,30;39,27;27,14;99,50;312,07;0,00;2,31
2022.0;9.0;2022-09-01;BRASPINE;TUCUNDUVA - CHAMMA;;;;;160,62;15,21;79,87;7,38;38,90;27,35;99,25;316,18;0,00;19,55
2022.0;9.0;2022-09-01;BRASPINE;VIENA 1;PR;DOUTOR ULYSSES;263,98;178,34;155,52;14,08;84,81;5,59;39,73;26,94;100,00;290,08;0,00;3,26
2022.0;9.0;2022-09-01;BRASPINE;VIENA 2;PR;CERRO AZUL;140,23;96,54;139,42;15,31;83,99;5,65;36,83;29,72;100,00;323,68;0,00;1,11
2022.0;9.0;2022-09-01;BRASPINE;VITORIA;PR;SENGES;50,54;35,69;134,93;14,29;83,09;6,51;39,04;26,63;99,94;290,48;0,00;44,22
2022.0;9.0;2022-09-01;BRASPINE;VIVEIRO;PR;DOUTOR ULYSSES;405,39;261,22;152,57;14,45;84,94;6,63;37,24;27,96;100,00;299,31;0,00;335,07
2022.0;9.0;2022-09-01;BRASPINE;VO LINO;PR;DOUTOR ULYSSES;164,50;97,89;162,00;14,53;85,51;6,38;36,41;28,56;100,00;303,18;0,00;1,02
2022.0;9.0;2022-09-01;BRASPINE;XAXIM VELHO;;;;;205,37;13,61;84,19;3,76;44,65;26,34;100,00;277,19;8,47;0,54
2022.0;10.0;2022-10-01;BRASPINE;AGUA DOCE;PR;JAGUARIAIVA;238,97;121,99;186,86;17,89;82,02;9,09;31,45;27,80;99,91;313,57;0,00;2,99
2022.0;10.0;2022-10-01;BRASPINE;AMATA;;;;;201,80;19,36;84,25;10,38;30,56;32,26;100,00;177,21;0,00;3,47
2022.0;10.0;2022-10-01;BRASPINE;ANTA BRAVA;;;;;161,61;21,35;76,81;13,95;32,57;32,21;99,73;57,73;0,00;26,67
2022.0;10.0;2022-10-01;BRASPINE;ARAPONGAS;PR;SENGES;423,34;263,70;192,66;18,11;84,27;10,25;31,53;29,77;100,00;337,56;0,00;0,00
2022.0;10.0;2022-10-01;BRASPINE;ARROIO CLARO;PR;DOUTOR ULYSSES;275,14;92,00;193,58;18,24;84,80;10,39;30,38;30,39;100,00;311,75;0,00;0,47
2022.0;10.0;2022-10-01;BRASPINE;BARRA GRANDE;PR;DOUTOR ULYSSES;493,79;139,68;201,05;18,62;84,62;10,83;29,65;30,93;100,00;242,20;0,00;10,31
2022.0;10.0;2022-10-01;BRASPINE;BARRA GRANDE - BEMAIS;PR;GUARAPUAVA;299,16;108,61;253,23;17,13;84,39;6,22;38,17;25,55;100,00;346,08;0,00;4,08
2022.0;10.0;2022-10-01;BRASPINE;BARRETOS;PR;JAGUARIAIVA;43,35;32,98;195,17;17,98;83,34;10,20;29,62;28,84;100,00;317,52;0,00;3,77
2022.0;10.0;2022-10-01;BRASPINE;BAU;;;;;348,61;17,10;83,39;5,42;40,27;25,36;99,91;336,97;0,00;2,74
2022.0;10.0;2022-10-01;BRASPINE;BOA VISTA II;PR;PIRAI DO SUL;944,00;535,05;187,80;17,87;82,57;9,71;30,34;28,19;99,96;312,07;0,00;0,07
2022.0;10.0;2022-10-01;BRASPINE;BRASILEIRA;;;;;191,78;18,11;84,27;10,25;31,53;29,77;100,00;337,56;0,00;0,00
2022.0;10.0;2022-10-01;BRASPINE;BURACAO;;;;;199,40;17,90;82,90;9,03;32,73;28,80;99,82;330,84;0,00;3,95
2022.0;10.0;2022-10-01;BRASPINE;BURRINHO;PR;DOUTOR ULYSSES;211,01;100,37;193,55;18,24;84,80;10,39;30,38;30,39;100,00;311,75;0,00;0,47
2022.0;10.0;2022-10-01;BRASPINE;CADEADO I;PR;JAGUARIAIVA;21,07;12,29;193,91;17,88;83,74;10,01;29,73;29,06;100,00;330,38;0,00;2,22
2022.0;10.0;2022-10-01;BRASPINE;CADEADO II;PR;JAGUARIAIVA;21,88;16,79;193,91;17,88;83,74;10,01;29,73;29,06;100,00;330,38;0,00;2,22
2022.0;10.0;2022-10-01;BRASPINE;CAMPINA ALTA;PR;TIBAGI;29,77;18,24;200,39;18,71;82,97;7,57;34,73;28,73;99,88;263,38;0,00;3,60
2022.0;10.0;2022-10-01;BRASPINE;CAMPINA DO ELIAS;PR;JAGUARIAIVA;29,17;14,65;186,07;17,94;83,48;10,13;29,66;28,92;100,00;316,79;0,00;3,25
2022.0;10.0;2022-10-01;BRASPINE;CAMPO NOVO;PR;JAGUARIAIVA;295,98;156,36;195,31;17,88;83,74;10,01;29,73;29,06;100,00;330,38;0,00;2,22
2022.0;10.0;2022-10-01;BRASPINE;CONSULTORIA II A;PR;DOUTOR ULYSSES;89,62;60,79;194,67;18,11;84,27;10,25;31,53;29,77;100,00;337,56;0,00;0,00
2022.0;10.0;2022-10-01;BRASPINE;DINIZ;;;;;200,31;18,11;84,27;10,25;31,53;29,77;100,00;337,56;0,00;0,00
2022.0;10.0;2022-10-01;BRASPINE;ENES;PR;JAGUARIAIVA;5,93;5,69;195,75;17,88;83,74;10,01;29,73;29,06;100,00;330,38;0,00;2,22
2022.0;10.0;2022-10-01;BRASPINE;ENGENHARIA;;;;;200,31;18,11;84,27;10,25;31,53;29,77;100,00;337,56;0,00;0,00
2022.0;10.0;2022-10-01;BRASPINE;ESTACAO;PR;SENGES;4,76;4,14;194,24;17,88;83,74;10,01;29,73;29,06;100,00;330,38;0,00;2,22
2022.0;10.0;2022-10-01;BRASPINE;FAXINAL;PR;JAGUARIAIVA;20,65;20,65;195,75;17,88;83,74;10,01;29,73;29,06;100,00;330,38;0,00;2,22
2022.0;10.0;2022-10-01;BRASPINE;FEITAL;PR;DOUTOR ULYSSES;154,17;86,53;197,57;18,28;84,38;10,44;30,98;30,15;100,00;341,31;0,00;18,57
2022.0;10.0;2022-10-01;BRASPINE;FIGUEIRA;PR;DOUTOR ULYSSES;1053,81;315,71;198,47;18,24;84,80;10,39;30,38;30,39;100,00;311,75;0,00;0,47
2022.0;10.0;2022-10-01;BRASPINE;FIGUEIRINHA;PR;DOUTOR ULYSSES;94,37;56,74;196,29;18,24;84,80;10,39;30,38;30,39;100,00;311,75;0,00;0,47
2022.0;10.0;2022-10-01;BRASPINE;FLOEMA;PR;DOUTOR ULYSSES;2189,88;701,43;208,50;17,75;84,24;9,64;30,50;29,18;100,00;329,60;0,00;2,56
2022.0;10.0;2022-10-01;BRASPINE;FLOEMA I - SUDATI;;;;;196,05;18,11;84,27;10,25;31,53;29,77;100,00;337,56;0,00;0,00
2022.0;10.0;2022-10-01;BRASPINE;FLOEMA II - SUDATI;PR;DOUTOR ULYSSES;453,83;211,13;197,67;18,11;84,27;10,25;31,53;29,77;100,00;337,56;0,00;0,00
2022.0;10.0;2022-10-01;BRASPINE;FLOR DA SERRA;PR;SAO JOSE DA BOA VISTA;209,10;128,72;200,96;20,13;77,29;10,22;35,43;30,55;99,73;135,80;0,00;0,18
2022.0;10.0;2022-10-01;BRASPINE;GENTIL;PR;JAGUARIAIVA;126,77;53,33;185,30;17,75;81,83;9,38;32,29;27,51;99,78;310,45;0,00;1,95
2022.0;10.0;2022-10-01;BRASPINE;GUAIRACA;PR;GUARAPUAVA;623,62;169,31;237,97;17,22;84,21;6,55;37,75;25,92;100,00;348,02;0,00;7,34
2022.0;10.0;2022-10-01;BRASPINE;HERVAL 2 - MADALOSSO;;;;;206,78;17,90;82,90;9,03;32,73;28,80;99,82;330,84;0,00;3,95
2022.0;10.0;2022-10-01;BRASPINE;HERVAL DE BAIXO;PR;RESERVA;827,29;475,92;201,66;18,64;83,47;7,48;35,28;28,66;99,81;275,72;0,00;1,56
2022.0;10.0;2022-10-01;BRASPINE;HORTO 01;PR;TURVO;19,12;19,12;260,61;17,92;84,22;6,75;42,76;26,18;99,87;312,41;0,00;0,33
2022.0;10.0;2022-10-01;BRASPINE;HORTO 02;PR;TURVO;4,24;4,24;260,03;17,92;84,22;6,75;42,76;26,18;99,87;312,41;0,00;0,33
2022.0;10.0;2022-10-01;BRASPINE;HORTO 03;PR;PRUDENTOPOLIS;80,91;25,89;255,00;18,34;84,05;6,79;39,85;26,94;99,96;322,65;0,00;1,14
2022.0;10.0;2022-10-01;BRASPINE;HORTO 08;PR;TURVO;9,53;9,53;248,95;18,34;84,05;6,79;39,85;26,94;99,96;322,65;0,00;1,14
2022.0;10.0;2022-10-01;BRASPINE;HORTO 12;PR;PRUDENTOPOLIS;12,20;12,20;246,36;18,34;84,05;6,79;39,85;26,94;99,96;322,65;0,00;1,14
2022.0;10.0;2022-10-01;BRASPINE;IZAU;PR;PIRAI DO SUL;19,37;11,60;194,90;17,79;82,25;10,02;30,96;27,94;99,85;296,53;0,00;0,19
2022.0;10.0;2022-10-01;BRASPINE;JOAO RICO;PR;JAGUARIAIVA;47,46;26,18;185,77;17,89;82,02;9,09;31,45;27,80;99,91;313,57;0,00;2,99
2022.0;10.0;2022-10-01;BRASPINE;LAGOA;PR;JAGUARIAIVA;24,10;10,78;193,98;17,88;83,74;10,01;29,73;29,06;100,00;330,38;0,00;2,22
2022.0;10.0;2022-10-01;BRASPINE;MARACANA;PR;JANDAIA DO SUL;11,45;11,45;259,09;20,84;77,50;10,73;28,96;29,74;99,94;83,54;0,00;8,56
2022.0;10.0;2022-10-01;BRASPINE;MARRECA;;;;;193,40;18,24;84,80;10,39;30,38;30,39;100,00;311,75;0,00;0,47
2022.0;10.0;2022-10-01;BRASPINE;MARRECA SP;SP;ITAPIRAPUA PAULISTA;675,30;236,19;203,89;18,91;85,09;10,23;28,51;31,79;100,00;230,85;0,00;1,99
2022.0;10.0;2022-10-01;BRASPINE;MARRECAS;;;;;253,84;16,66;84,36;6,24;37,60;25,23;100,00;349,85;0,00;2,84
2022.0;10.0;2022-10-01;BRASPINE;MERCADINHO;;;;;192,57;18,84;84,67;10,15;29,77;31,56;100,00;229,02;0,00;0,43
2022.0;10.0;2022-10-01;BRASPINE;MONTE ALEGRE;;;;;270,58;21,28;77,28;11,07;28,50;30,25;99,90;69,59;0,00;3,86
2022.0;10.0;2022-10-01;BRASPINE;MONTE TABOR II;;;;;171,62;18,30;86,03;10,71;30,23;30,58;100,00;270,27;0,00;14,12
2022.0;10.0;2022-10-01;BRASPINE;MOREIRA;PR;DOUTOR ULYSSES;230,52;68,68;197,67;18,11;84,27;10,25;31,53;29,77;100,00;337,56;0,00;0,00
2022.0;10.0;2022-10-01;BRASPINE;MOREIRAS II;PR;DOUTOR ULYSSES;66,76;28,75;194,25;18,11;84,27;10,25;31,53;29,77;100,00;337,56;0,00;0,00
2022.0;10.0;2022-10-01;BRASPINE;MORRETES;PR;ORTIGUEIRA;20,36;20,36;208,00;19,08;83,55;7,86;35,98;29,13;99,75;251,73;0,00;5,77
2022.0;10.0;2022-10-01;BRASPINE;MORRO AZUL;;;;;182,22;18,31;84,34;10,79;29,67;30,10;100,00;312,60;0,00;10,24
2022.0;10.0;2022-10-01;BRASPINE;OURO FINO;SP;APIAI;51,70;51,70;163,87;18,10;85,30;10,84;28,73;29,84;100,00;309,25;0,00;1,12
2022.0;10.0;2022-10-01;BRASPINE;PALMEIRINHA DE BAIXO - SOSSEGO;PR;SENGES;85,93;9,22;187,52;17,82;82,43;9,57;29,41;28,20;99,87;345,06;0,00;10,74
2022.0;10.0;2022-10-01;BRASPINE;PAZIN;PR;DOUTOR ULYSSES;41,20;23,90;199,36;18,24;84,80;10,39;30,38;30,39;100,00;311,75;0,00;0,47
2022.0;10.0;2022-10-01;BRASPINE;PEDRAS;PR;CASTRO;7,18;7,18;182,67;17,76;82,75;10,51;33,49;27,65;99,76;310,55;0,00;5,50
2022.0;10.0;2022-10-01;BRASPINE;PESCARIA;PR;SAO JOSE DA BOA VISTA;184,57;129,22;205,85;20,20;77,13;10,94;32,39;30,76;99,82;123,54;0,00;0,14
2022.0;10.0;2022-10-01;BRASPINE;PESSEGUEIRO;PR;DOUTOR ULYSSES;109,95;64,79;191,30;18,11;84,27;10,25;31,53;29,77;100,00;337,56;0,00;0,00
2022.0;10.0;2022-10-01;BRASPINE;PITANGA;;;;;350,21;17,88;82,51;6,21;39,28;25,94;99,81;296,92;0,00;15,83
2022.0;10.0;2022-10-01;BRASPINE;QUEIMADINHO ARROIO CLARO;PR;DOUTOR ULYSSES;48,13;19,09;191,78;18,11;84,27;10,25;31,53;29,77;100,00;337,56;0,00;0,00
2022.0;10.0;2022-10-01;BRASPINE;QUEIMADINHO M6042;PR;DOUTOR ULYSSES;48,38;18,50;191,78;18,11;84,27;10,25;31,53;29,77;100,00;337,56;0,00;0,00
2022.0;10.0;2022-10-01;BRASPINE;QUEIMADINHO USUCAPIAO;PR;DOUTOR ULYSSES;200,27;92,43;191,78;18,11;84,27;10,25;31,53;29,77;100,00;337,56;0,00;0,00
2022.0;10.0;2022-10-01;BRASPINE;RAMOS;PR;SENGES;69,83;38,15;196,05;17,88;83,74;10,01;29,73;29,06;100,00;330,38;0,00;2,22
2022.0;10.0;2022-10-01;BRASPINE;RIBEIRAO GRANDE;PR;JAGUARIAIVA;20,77;20,77;191,22;17,79;82,25;10,02;30,96;27,94;99,85;296,53;0,00;0,19
2022.0;10.0;2022-10-01;BRASPINE;RINCAO DE BAIXO;;;;;190,47;18,31;80,13;8,05;32,83;28,08;99,83;274,52;0,00;15,60
2022.0;10.0;2022-10-01;BRASPINE;RIO BOMBA;PR;CERRO AZUL;65,03;37,72;196,89;18,98;83,95;9,62;31,29;31,52;99,97;216,79;0,00;7,03
2022.0;10.0;2022-10-01;BRASPINE;RIO DO MEIO;PR;DOUTOR ULYSSES;712,33;389,13;193,58;18,11;84,27;10,25;31,53;29,77;100,00;337,56;0,00;0,00
2022.0;10.0;2022-10-01;BRASPINE;RONDON;PR;JAGUARIAIVA;2899,24;1475,88;178,38;17,80;82,78;9,40;30,58;28,20;99,88;342,81;0,00;24,65
2022.0;10.0;2022-10-01;BRASPINE;SANTA FELICIDADE;;;;;201,75;19,19;85,39;10,79;27,32;32,50;100,00;218,94;0,00;89,18
2022.0;10.0;2022-10-01;BRASPINE;SANTA LIDIA DO CERCADINHO;;;;;183,74;17,99;80,13;7,87;32,91;27,60;99,72;298,44;0,00;14,65
2022.0;10.0;2022-10-01;BRASPINE;SANTO ANTONIO;;;;;190,88;17,83;82,71;9,02;28,43;28,45;100,00;344,82;0,00;6,55
2022.0;10.0;2022-10-01;BRASPINE;SAO JOSE;PR;JANDAIA DO SUL;37,56;37,56;270,47;21,14;77,39;10,99;28,64;30,09;99,93;69,21;0,00;4,53
2022.0;10.0;2022-10-01;BRASPINE;SAO MATHEUS;;;;;238,04;22,16;77,28;11,01;28,70;31,83;99,87;55,02;0,00;4,50
2022.0;10.0;2022-10-01;BRASPINE;SAO PEDRO E SAO PAULO;PR;SAPOPEMA;709,13;323,93;217,94;19,40;78,77;9,96;35,81;29,29;99,70;172,81;0,00;3,88
2022.0;10.0;2022-10-01;BRASPINE;SAO RAFAEL;;;;;160,35;17,49;82,62;8,42;37,42;28,15;99,59;294,78;0,00;4,52
2022.0;10.0;2022-10-01;BRASPINE;SAO RAFAEL - PB;;;;;174,34;18,20;85,08;10,93;28,44;30,05;100,00;296,54;0,00;4,92
2022.0;10.0;2022-10-01;BRASPINE;SERRARIA;PR;DOUTOR ULYSSES;280,88;117,71;196,57;18,00;84,52;10,01;30,84;29,79;100,00;335,72;0,00;1,11
2022.0;10.0;2022-10-01;BRASPINE;SERRO VERDE;;;;;382,06;17,45;82,28;5,63;38,22;25,84;99,93;328,38;0,00;0,02
2022.0;10.0;2022-10-01;BRASPINE;SERTAOZINHO;PR;DOUTOR ULYSSES;16,25;16,25;192,05;18,11;84,27;10,25;31,53;29,77;100,00;337,56;0,00;0,00
2022.0;10.0;2022-10-01;BRASPINE;SITIO BASILIO;PR;JAGUARIAIVA;8,08;8,08;187,07;17,78;81,75;9,11;32,48;27,45;99,74;310,98;0,00;0,30
2022.0;10.0;2022-10-01;BRASPINE;SITIO DAS MARRECAS;PR;DOUTOR ULYSSES;77,49;35,17;198,20;18,72;85,01;10,27;29,04;31,39;100,00;243,46;0,00;0,81
2022.0;10.0;2022-10-01;BRASPINE;SOBRADINHO;SP;BOM SUCESSO DE ITARARE;285,80;123,10;184,17;17,82;83,55;9,07;29,24;28,63;100,00;315,97;0,00;1,67
2022.0;10.0;2022-10-01;BRASPINE;TAQUARAL;PR;JAGUARIAIVA;519,13;31,07;181,21;17,87;82,66;9,30;31,29;28,00;100,00;328,68;0,00;0,17
2022.0;10.0;2022-10-01;BRASPINE;TUCUNDUVA;PR;SENGES;82,21;60,89;193,18;18,50;80,05;8,61;31,04;28,57;99,70;294,85;0,00;1,87
2022.0;10.0;2022-10-01;BRASPINE;TUCUNDUVA - CHAMMA;;;;;197,28;18,63;79,85;9,90;30,50;28,77;99,75;286,36;0,00;0,33
2022.0;10.0;2022-10-01;BRASPINE;VIENA 1;PR;DOUTOR ULYSSES;263,98;178,34;202,35;17,65;83,76;9,46;31,35;28,50;100,00;340,68;0,00;2,64
2022.0;10.0;2022-10-01;BRASPINE;VIENA 2;PR;CERRO AZUL;140,23;96,54;196,70;18,98;83,95;9,62;31,29;31,52;99,97;216,79;0,00;7,03
2022.0;10.0;2022-10-01;BRASPINE;VITORIA;PR;SENGES;50,54;35,69;187,52;17,82;82,43;9,57;29,41;28,20;99,87;345,06;0,00;10,74
2022.0;10.0;2022-10-01;BRASPINE;VIVEIRO;PR;DOUTOR ULYSSES;405,39;261,22;194,25;18,11;84,27;10,25;31,53;29,77;100,00;337,56;0,00;0,00
2022.0;10.0;2022-10-01;BRASPINE;VO LINO;PR;DOUTOR ULYSSES;164,50;97,89;193,13;18,24;84,80;10,39;30,38;30,39;100,00;311,75;0,00;0,47
2022.0;10.0;2022-10-01;BRASPINE;XAXIM VELHO;;;;;261,70;16,75;84,41;6,64;39,52;25,71;100,00;370,83;0,00;12,63
2022.0;11.0;2022-11-01;BRASPINE;AGUA DOCE;PR;JAGUARIAIVA;238,97;121,99;64,66;16,53;79,30;7,33;35,19;26,26;99,84;246,97;0,00;1,47
2022.0;11.0;2022-11-01;BRASPINE;AMATA;;;;;96,98;18,48;79,31;8,27;33,07;29,25;99,98;155,31;0,00;38,40
2022.0;11.0;2022-11-01;BRASPINE;ANTA BRAVA;;;;;47,52;20,13;72,28;10,86;31,96;30,50;98,04;138,16;0,00;3,46
2022.0;11.0;2022-11-01;BRASPINE;ARAPONGAS;PR;SENGES;423,34;263,70;85,01;16,82;81,59;7,68;29,62;27,46;100,00;239,15;0,00;1,38
2022.0;11.0;2022-11-01;BRASPINE;ARROIO CLARO;PR;DOUTOR ULYSSES;275,14;92,00;101,60;16,96;82,00;7,43;29,77;28,01;100,00;242,43;0,00;3,83
2022.0;11.0;2022-11-01;BRASPINE;BARRA GRANDE;PR;DOUTOR ULYSSES;493,79;139,68;100,86;17,40;81,76;7,83;29,38;27,98;100,00;220,95;0,00;5,86
2022.0;11.0;2022-11-01;BRASPINE;BARRA GRANDE - BEMAIS;PR;GUARAPUAVA;299,16;108,61;66,63;16,24;76,33;6,70;35,87;26,58;99,97;288,06;0,00;11,97
2022.0;11.0;2022-11-01;BRASPINE;BARRETOS;PR;JAGUARIAIVA;43,35;32,98;79,31;16,56;81,13;7,31;32,76;26,92;99,99;234,42;0,00;1,33
2022.0;11.0;2022-11-01;BRASPINE;BAU;;;;;77,45;16,42;74,35;6,43;33,78;26,35;99,90;275,84;0,00;5,93
2022.0;11.0;2022-11-01;BRASPINE;BOA VISTA II;PR;PIRAI DO SUL;944,00;535,05;80,08;16,42;80,28;6,96;34,78;26,53;99,97;230,61;0,00;2,57
2022.0;11.0;2022-11-01;BRASPINE;BRASILEIRA;;;;;97,20;16,82;81,59;7,68;29,62;27,46;100,00;239,15;0,00;1,38
2022.0;11.0;2022-11-01;BRASPINE;BURACAO;;;;;83,33;16,70;79,47;6,46;34,26;27,04;99,81;231,75;0,00;9,36
2022.0;11.0;2022-11-01;BRASPINE;BURRINHO;PR;DOUTOR ULYSSES;211,01;100,37;101,68;16,96;82,00;7,43;29,77;28,01;100,00;242,43;0,00;3,83
2022.0;11.0;2022-11-01;BRASPINE;CADEADO I;PR;JAGUARIAIVA;21,07;12,29;80,02;16,52;81,45;7,58;30,60;27,16;100,00;233,02;0,00;3,34
2022.0;11.0;2022-11-01;BRASPINE;CADEADO II;PR;JAGUARIAIVA;21,88;16,79;80,02;16,52;81,45;7,58;30,60;27,16;100,00;233,02;0,00;3,34
2022.0;11.0;2022-11-01;BRASPINE;CAMPINA ALTA;PR;TIBAGI;29,77;18,24;58,63;17,78;75,11;7,01;35,20;27,63;99,80;222,47;0,00;2,40
2022.0;11.0;2022-11-01;BRASPINE;CAMPINA DO ELIAS;PR;JAGUARIAIVA;29,17;14,65;85,88;16,55;81,24;7,41;31,97;27,01;99,99;233,92;0,00;0,77
2022.0;11.0;2022-11-01;BRASPINE;CAMPO NOVO;PR;JAGUARIAIVA;295,98;156,36;83,80;16,52;81,45;7,58;30,60;27,16;100,00;233,02;0,00;3,34
2022.0;11.0;2022-11-01;BRASPINE;CONSULTORIA II A;PR;DOUTOR ULYSSES;89,62;60,79;91,51;16,82;81,59;7,68;29,62;27,46;100,00;239,15;0,00;1,38
2022.0;11.0;2022-11-01;BRASPINE;DINIZ;;;;;93,86;16,82;81,59;7,68;29,62;27,46;100,00;239,15;0,00;1,38
2022.0;11.0;2022-11-01;BRASPINE;ENES;PR;JAGUARIAIVA;5,93;5,69;83,61;16,52;81,45;7,58;30,60;27,16;100,00;233,02;0,00;3,34
2022.0;11.0;2022-11-01;BRASPINE;ENGENHARIA;;;;;93,86;16,82;81,59;7,68;29,62;27,46;100,00;239,15;0,00;1,38
2022.0;11.0;2022-11-01;BRASPINE;ESTACAO;PR;SENGES;4,76;4,14;84,64;16,52;81,45;7,58;30,60;27,16;100,00;233,02;0,00;3,34
2022.0;11.0;2022-11-01;BRASPINE;FAXINAL;PR;JAGUARIAIVA;20,65;20,65;83,61;16,52;81,45;7,58;30,60;27,16;100,00;233,02;0,00;3,34
2022.0;11.0;2022-11-01;BRASPINE;FEITAL;PR;DOUTOR ULYSSES;154,17;86,53;100,49;17,01;81,64;7,73;29,54;27,63;100,00;243,23;0,00;0,57
2022.0;11.0;2022-11-01;BRASPINE;FIGUEIRA;PR;DOUTOR ULYSSES;1053,81;315,71;100,00;16,96;82,00;7,43;29,77;28,01;100,00;242,43;0,00;3,83
2022.0;11.0;2022-11-01;BRASPINE;FIGUEIRINHA;PR;DOUTOR ULYSSES;94,37;56,74;102,17;16,96;82,00;7,43;29,77;28,01;100,00;242,43;0,00;3,83
2022.0;11.0;2022-11-01;BRASPINE;FLOEMA;PR;DOUTOR ULYSSES;2189,88;701,43;90,69;16,39;81,82;6,19;30,77;27,52;100,00;227,78;0,00;6,83
2022.0;11.0;2022-11-01;BRASPINE;FLOEMA I - SUDATI;;;;;84,61;16,82;81,59;7,68;29,62;27,46;100,00;239,15;0,00;1,38
2022.0;11.0;2022-11-01;BRASPINE;FLOEMA II - SUDATI;PR;DOUTOR ULYSSES;453,83;211,13;87,95;16,82;81,59;7,68;29,62;27,46;100,00;239,15;0,00;1,38
2022.0;11.0;2022-11-01;BRASPINE;FLOR DA SERRA;PR;SAO JOSE DA BOA VISTA;209,10;128,72;48,34;19,09;71,91;9,06;32,53;28,78;99,40;181,71;0,00;3,05
2022.0;11.0;2022-11-01;BRASPINE;GENTIL;PR;JAGUARIAIVA;126,77;53,33;67,48;16,37;79,14;7,20;37,40;26,08;99,75;241,92;0,00;0,80
2022.0;11.0;2022-11-01;BRASPINE;GUAIRACA;PR;GUARAPUAVA;623,62;169,31;67,41;16,32;76,76;6,91;37,77;26,69;99,97;246,80;0,00;15,48
2022.0;11.0;2022-11-01;BRASPINE;HERVAL 2 - MADALOSSO;;;;;82,05;16,70;79,47;6,46;34,26;27,04;99,81;231,75;0,00;9,36
2022.0;11.0;2022-11-01;BRASPINE;HERVAL DE BAIXO;PR;RESERVA;827,29;475,92;59,84;17,75;75,22;6,27;35,00;27,76;99,77;216,31;0,00;14,68
2022.0;11.0;2022-11-01;BRASPINE;HORTO 01;PR;TURVO;19,12;19,12;64,81;17,03;76,18;6,66;36,69;27,32;99,74;236,29;0,00;11,07
2022.0;11.0;2022-11-01;BRASPINE;HORTO 02;PR;TURVO;4,24;4,24;63,24;17,03;76,18;6,66;36,69;27,32;99,74;236,29;0,00;11,07
2022.0;11.0;2022-11-01;BRASPINE;HORTO 03;PR;PRUDENTOPOLIS;80,91;25,89;69,86;17,51;75,42;7,50;34,85;27,95;99,97;202,16;0,00;5,03
2022.0;11.0;2022-11-01;BRASPINE;HORTO 08;PR;TURVO;9,53;9,53;69,19;17,51;75,42;7,50;34,85;27,95;99,97;202,16;0,00;5,03
2022.0;11.0;2022-11-01;BRASPINE;HORTO 12;PR;PRUDENTOPOLIS;12,20;12,20;71,01;17,51;75,42;7,50;34,85;27,95;99,97;202,16;0,00;5,03
2022.0;11.0;2022-11-01;BRASPINE;IZAU;PR;PIRAI DO SUL;19,37;11,60;68,34;16,35;79,79;6,98;35,77;26,31;99,79;243,17;0,00;5,30
2022.0;11.0;2022-11-01;BRASPINE;JOAO RICO;PR;JAGUARIAIVA;47,46;26,18;66,43;16,53;79,30;7,33;35,19;26,26;99,84;246,97;0,00;1,47
2022.0;11.0;2022-11-01;BRASPINE;LAGOA;PR;JAGUARIAIVA;24,10;10,78;82,95;16,52;81,45;7,58;30,60;27,16;100,00;233,02;0,00;3,34
2022.0;11.0;2022-11-01;BRASPINE;MARACANA;PR;JANDAIA DO SUL;11,45;11,45;68,70;20,39;66,66;9,97;26,08;31,16;99,88;150,69;0,00;0,65
2022.0;11.0;2022-11-01;BRASPINE;MARRECA;;;;;102,69;16,96;82,00;7,43;29,77;28,01;100,00;242,43;0,00;3,83
2022.0;11.0;2022-11-01;BRASPINE;MARRECA SP;SP;ITAPIRAPUA PAULISTA;675,30;236,19;109,58;17,76;81,82;9,00;29,07;28,63;100,00;197,87;0,00;0,43
2022.0;11.0;2022-11-01;BRASPINE;MARRECAS;;;;;64,58;15,76;76,59;6,18;36,23;26,02;100,00;307,98;0,00;1,42
2022.0;11.0;2022-11-01;BRASPINE;MERCADINHO;;;;;103,63;17,78;80,61;8,19;30,94;28,76;99,99;179,46;0,00;0,27
2022.0;11.0;2022-11-01;BRASPINE;MONTE ALEGRE;;;;;66,72;20,88;66,03;10,39;25,74;31,68;99,99;140,23;0,00;11,56
2022.0;11.0;2022-11-01;BRASPINE;MONTE TABOR II;;;;;103,33;17,01;83,68;8,55;32,04;27,57;100,00;218,72;0,00;1,02
2022.0;11.0;2022-11-01;BRASPINE;MOREIRA;PR;DOUTOR ULYSSES;230,52;68,68;87,95;16,82;81,59;7,68;29,62;27,46;100,00;239,15;0,00;1,38
2022.0;11.0;2022-11-01;BRASPINE;MOREIRAS II;PR;DOUTOR ULYSSES;66,76;28,75;92,02;16,82;81,59;7,68;29,62;27,46;100,00;239,15;0,00;1,38
2022.0;11.0;2022-11-01;BRASPINE;MORRETES;PR;ORTIGUEIRA;20,36;20,36;59,03;18,23;75,01;6,53;34,47;28,38;99,79;205,39;0,00;11,94
2022.0;11.0;2022-11-01;BRASPINE;MORRO AZUL;;;;;93,53;16,99;82,35;7,51;27,56;27,48;100,00;212,82;0,00;7,51
2022.0;11.0;2022-11-01;BRASPINE;OURO FINO;SP;APIAI;51,70;51,70;92,45;16,70;83,82;7,40;28,58;27,17;100,00;225,23;0,00;0,81
2022.0;11.0;2022-11-01;BRASPINE;PALMEIRINHA DE BAIXO - SOSSEGO;PR;SENGES;85,93;9,22;76,57;16,49;80,13;7,76;29,81;26,47;99,84;248,39;0,00;10,35
2022.0;11.0;2022-11-01;BRASPINE;PAZIN;PR;DOUTOR ULYSSES;41,20;23,90;102,39;16,96;82,00;7,43;29,77;28,01;100,00;242,43;0,00;3,83
2022.0;11.0;2022-11-01;BRASPINE;PEDRAS;PR;CASTRO;7,18;7,18;77,94;16,30;80,34;6,85;37,42;26,27;99,54;240,99;0,00;10,01
2022.0;11.0;2022-11-01;BRASPINE;PESCARIA;PR;SAO JOSE DA BOA VISTA;184,57;129,22;56,02;19,19;71,94;9,37;30,48;28,92;99,47;198,81;0,00;4,91
2022.0;11.0;2022-11-01;BRASPINE;PESSEGUEIRO;PR;DOUTOR ULYSSES;109,95;64,79;86,67;16,82;81,59;7,68;29,62;27,46;100,00;239,15;0,00;1,38
2022.0;11.0;2022-11-01;BRASPINE;PITANGA;;;;;65,21;17,35;72,71;7,21;34,17;27,14;99,79;264,75;0,00;346,47
2022.0;11.0;2022-11-01;BRASPINE;QUEIMADINHO ARROIO CLARO;PR;DOUTOR ULYSSES;48,13;19,09;97,20;16,82;81,59;7,68;29,62;27,46;100,00;239,15;0,00;1,38
2022.0;11.0;2022-11-01;BRASPINE;QUEIMADINHO M6042;PR;DOUTOR ULYSSES;48,38;18,50;97,20;16,82;81,59;7,68;29,62;27,46;100,00;239,15;0,00;1,38
2022.0;11.0;2022-11-01;BRASPINE;QUEIMADINHO USUCAPIAO;PR;DOUTOR ULYSSES;200,27;92,43;97,20;16,82;81,59;7,68;29,62;27,46;100,00;239,15;0,00;1,38
2022.0;11.0;2022-11-01;BRASPINE;RAMOS;PR;SENGES;69,83;38,15;84,61;16,52;81,45;7,58;30,60;27,16;100,00;233,02;0,00;3,34
2022.0;11.0;2022-11-01;BRASPINE;RIBEIRAO GRANDE;PR;JAGUARIAIVA;20,77;20,77;65,00;16,35;79,79;6,98;35,77;26,31;99,79;243,17;0,00;5,30
2022.0;11.0;2022-11-01;BRASPINE;RINCAO DE BAIXO;;;;;62,47;17,16;74,93;7,23;36,42;26,38;99,79;219,55;0,00;0,89
2022.0;11.0;2022-11-01;BRASPINE;RIO BOMBA;PR;CERRO AZUL;65,03;37,72;103,91;18,00;79,18;7,36;33,74;28,94;99,94;162,06;0,00;8,57
2022.0;11.0;2022-11-01;BRASPINE;RIO DO MEIO;PR;DOUTOR ULYSSES;712,33;389,13;93,40;16,82;81,59;7,68;29,62;27,46;100,00;239,15;0,00;1,38
2022.0;11.0;2022-11-01;BRASPINE;RONDON;PR;JAGUARIAIVA;2899,24;1475,88;73,41;16,47;80,33;7,64;31,39;26,45;99,88;232,71;0,00;19,54
2022.0;11.0;2022-11-01;BRASPINE;SANTA FELICIDADE;;;;;101,98;18,13;81,93;9,41;28,75;28,93;100,00;173,78;0,00;0,09
2022.0;11.0;2022-11-01;BRASPINE;SANTA LIDIA DO CERCADINHO;;;;;60,87;16,82;75,20;7,13;36,54;25,99;99,75;245,61;0,00;0,22
2022.0;11.0;2022-11-01;BRASPINE;SANTO ANTONIO;;;;;79,72;16,50;80,64;7,76;28,36;26,80;100,00;248,85;0,00;5,09
2022.0;11.0;2022-11-01;BRASPINE;SAO JOSE;PR;JANDAIA DO SUL;37,56;37,56;67,02;20,72;66,24;10,26;25,92;31,48;99,99;138,78;0,00;11,67
2022.0;11.0;2022-11-01;BRASPINE;SAO MATHEUS;;;;;60,13;21,84;65,17;11,23;26,03;32,67;99,83;118,26;0,00;5,10
2022.0;11.0;2022-11-01;BRASPINE;SAO PEDRO E SAO PAULO;PR;SAPOPEMA;709,13;323,93;65,41;18,43;71,78;8,10;32,36;28,11;99,39;221,60;0,00;3,86
2022.0;11.0;2022-11-01;BRASPINE;SAO RAFAEL;;;;;174,66;16,53;78,26;7,29;35,38;26,42;99,49;205,81;0,00;9,43
2022.0;11.0;2022-11-01;BRASPINE;SAO RAFAEL - PB;;;;;89,01;16,82;83,46;7,56;27,82;27,34;100,00;212,28;0,00;2,62
2022.0;11.0;2022-11-01;BRASPINE;SERRARIA;PR;DOUTOR ULYSSES;280,88;117,71;97,94;16,68;81,91;6,81;30,27;27,77;100,00;235,08;0,00;5,35
2022.0;11.0;2022-11-01;BRASPINE;SERRO VERDE;;;;;83,74;16,90;72,72;6,61;31,93;27,03;99,91;269,98;0,00;2,72
2022.0;11.0;2022-11-01;BRASPINE;SERTAOZINHO;PR;DOUTOR ULYSSES;16,25;16,25;88,49;16,82;81,59;7,68;29,62;27,46;100,00;239,15;0,00;1,38
2022.0;11.0;2022-11-01;BRASPINE;SITIO BASILIO;PR;JAGUARIAIVA;8,08;8,08;64,43;16,41;78,98;7,28;36,86;26,05;99,74;242,91;0,00;355,54
2022.0;11.0;2022-11-01;BRASPINE;SITIO DAS MARRECAS;PR;DOUTOR ULYSSES;77,49;35,17;104,11;17,53;81,87;8,76;29,27;28,45;100,00;193,68;0,00;1,40
2022.0;11.0;2022-11-01;BRASPINE;SOBRADINHO;SP;BOM SUCESSO DE ITARARE;285,80;123,10;87,58;16,46;81,89;7,73;27,67;26,80;100,00;249,54;0,00;27,94
2022.0;11.0;2022-11-01;BRASPINE;TAQUARAL;PR;JAGUARIAIVA;519,13;31,07;74,52;16,51;80,15;7,37;33,56;26,37;99,99;232,73;0,00;23,84
2022.0;11.0;2022-11-01;BRASPINE;TUCUNDUVA;PR;SENGES;82,21;60,89;72,59;17,25;76,77;8,03;31,05;26,96;99,74;228,46;0,00;11,59
2022.0;11.0;2022-11-01;BRASPINE;TUCUNDUVA - CHAMMA;;;;;68,62;17,39;76,63;8,22;30,53;27,05;99,66;233,07;0,00;8,55
2022.0;11.0;2022-11-01;BRASPINE;VIENA 1;PR;DOUTOR ULYSSES;263,98;178,34;93,23;16,25;81,48;6,84;33,47;26,95;100,00;224,53;0,00;7,58
2022.0;11.0;2022-11-01;BRASPINE;VIENA 2;PR;CERRO AZUL;140,23;96,54;104,12;18,00;79,18;7,36;33,74;28,94;99,94;162,06;0,00;8,57
2022.0;11.0;2022-11-01;BRASPINE;VITORIA;PR;SENGES;50,54;35,69;76,57;16,49;80,13;7,76;29,81;26,47;99,84;248,39;0,00;10,35
2022.0;11.0;2022-11-01;BRASPINE;VIVEIRO;PR;DOUTOR ULYSSES;405,39;261,22;92,02;16,82;81,59;7,68;29,62;27,46;100,00;239,15;0,00;1,38
2022.0;11.0;2022-11-01;BRASPINE;VO LINO;PR;DOUTOR ULYSSES;164,50;97,89;102,31;16,96;82,00;7,43;29,77;28,01;100,00;242,43;0,00;3,83
2022.0;11.0;2022-11-01;BRASPINE;XAXIM VELHO;;;;;69,27;15,89;77,09;6,22;36,95;26,20;100,00;285,15;0,00;8,94
2022.0;12.0;2022-12-01;BRASPINE;AGUA DOCE;PR;JAGUARIAIVA;238,97;121,99;194,78;19,62;85,16;12,75;46,06;27,83;99,91;179,98;0,00;6,97
2022.0;12.0;2022-12-01;BRASPINE;AMATA;;;;;170,90;21,64;84,23;14,97;46,49;31,22;100,00;14,97;0,00;2,26
2022.0;12.0;2022-12-01;BRASPINE;ANTA BRAVA;;;;;155,50;22,49;80,40;15,62;43,89;31,73;99,56;0,00;0,00;11,18
2022.0;12.0;2022-12-01;BRASPINE;ARAPONGAS;PR;SENGES;423,34;263,70;196,82;19,91;86,42;13,25;45,19;29,10;100,00;111,47;0,00;5,53
2022.0;12.0;2022-12-01;BRASPINE;ARROIO CLARO;PR;DOUTOR ULYSSES;275,14;92,00;193,67;20,11;86,47;13,53;45,83;29,49;100,00;113,29;0,00;11,65
2022.0;12.0;2022-12-01;BRASPINE;BARRA GRANDE;PR;DOUTOR ULYSSES;493,79;139,68;172,28;20,47;86,35;13,80;44,87;30,08;100,00;86,46;0,00;2,40
2022.0;12.0;2022-12-01;BRASPINE;BARRA GRANDE - BEMAIS;PR;GUARAPUAVA;299,16;108,61;150,92;19,72;82,60;12,19;39,51;27,72;99,97;180,26;0,00;9,89
2022.0;12.0;2022-12-01;BRASPINE;BARRETOS;PR;JAGUARIAIVA;43,35;32,98;199,96;19,70;86,33;12,92;45,40;28,57;99,99;181,06;0,00;7,84
2022.0;12.0;2022-12-01;BRASPINE;BAU;;;;;137,69;19,66;82,37;12,36;38,40;27,26;99,79;150,41;0,00;0,54
2022.0;12.0;2022-12-01;BRASPINE;BOA VISTA II;PR;PIRAI DO SUL;944,00;535,05;196,39;19,59;85,69;12,57;45,41;28,10;100,00;208,08;0,00;8,03
2022.0;12.0;2022-12-01;BRASPINE;BRASILEIRA;;;;;176,23;19,91;86,42;13,25;45,19;29,10;100,00;111,47;0,00;5,53
2022.0;12.0;2022-12-01;BRASPINE;BURACAO;;;;;153,02;19,99;84,49;12,97;47,67;28,43;99,80;155,15;0,00;3,99
2022.0;12.0;2022-12-01;BRASPINE;BURRINHO;PR;DOUTOR ULYSSES;211,01;100,37;192,99;20,11;86,47;13,53;45,83;29,49;100,00;113,29;0,00;11,65
2022.0;12.0;2022-12-01;BRASPINE;CADEADO I;PR;JAGUARIAIVA;21,07;12,29;193,85;19,65;86,33;12,92;45,09;28,71;100,00;182,01;0,00;351,76
2022.0;12.0;2022-12-01;BRASPINE;CADEADO II;PR;JAGUARIAIVA;21,88;16,79;193,85;19,65;86,33;12,92;45,09;28,71;100,00;182,01;0,00;351,76
2022.0;12.0;2022-12-01;BRASPINE;CAMPINA ALTA;PR;TIBAGI;29,77;18,24;150,93;20,94;82,38;13,42;46,68;29,23;99,89;70,22;0,00;3,92
2022.0;12.0;2022-12-01;BRASPINE;CAMPINA DO ELIAS;PR;JAGUARIAIVA;29,17;14,65;194,65;19,68;86,33;12,93;45,29;28,62;99,99;181,42;0,00;7,80
2022.0;12.0;2022-12-01;BRASPINE;CAMPO NOVO;PR;JAGUARIAIVA;295,98;156,36;200,07;19,65;86,33;12,92;45,09;28,71;100,00;182,01;0,00;351,76
2022.0;12.0;2022-12-01;BRASPINE;CONSULTORIA II A;PR;DOUTOR ULYSSES;89,62;60,79;186,89;19,91;86,42;13,25;45,19;29,10;100,00;111,47;0,00;5,53
2022.0;12.0;2022-12-01;BRASPINE;DINIZ;;;;;191,84;19,91;86,42;13,25;45,19;29,10;100,00;111,47;0,00;5,53
2022.0;12.0;2022-12-01;BRASPINE;ENES;PR;JAGUARIAIVA;5,93;5,69;200,47;19,65;86,33;12,92;45,09;28,71;100,00;182,01;0,00;351,76
2022.0;12.0;2022-12-01;BRASPINE;ENGENHARIA;;;;;191,84;19,91;86,42;13,25;45,19;29,10;100,00;111,47;0,00;5,53
2022.0;12.0;2022-12-01;BRASPINE;ESTACAO;PR;SENGES;4,76;4,14;189,48;19,65;86,33;12,92;45,09;28,71;100,00;182,01;0,00;351,76
2022.0;12.0;2022-12-01;BRASPINE;FAXINAL;PR;JAGUARIAIVA;20,65;20,65;200,47;19,65;86,33;12,92;45,09;28,71;100,00;182,01;0,00;351,76
2022.0;12.0;2022-12-01;BRASPINE;FEITAL;PR;DOUTOR ULYSSES;154,17;86,53;178,20;20,10;86,40;13,43;45,08;29,42;100,00;113,22;0,00;4,49
2022.0;12.0;2022-12-01;BRASPINE;FIGUEIRA;PR;DOUTOR ULYSSES;1053,81;315,71;185,97;20,11;86,47;13,53;45,83;29,49;100,00;113,29;0,00;11,65
2022.0;12.0;2022-12-01;BRASPINE;FIGUEIRINHA;PR;DOUTOR ULYSSES;94,37;56,74;167,97;20,11;86,47;13,53;45,83;29,49;100,00;113,29;0,00;11,65
2022.0;12.0;2022-12-01;BRASPINE;FLOEMA;PR;DOUTOR ULYSSES;2189,88;701,43;192,47;19,58;86,45;12,92;45,82;28,78;100,00;181,98;0,00;0,11
2022.0;12.0;2022-12-01;BRASPINE;FLOEMA I - SUDATI;;;;;189,33;19,91;86,42;13,25;45,19;29,10;100,00;111,47;0,00;5,53
2022.0;12.0;2022-12-01;BRASPINE;FLOEMA II - SUDATI;PR;DOUTOR ULYSSES;453,83;211,13;188,00;19,91;86,42;13,25;45,19;29,10;100,00;111,47;0,00;5,53
2022.0;12.0;2022-12-01;BRASPINE;FLOR DA SERRA;PR;SAO JOSE DA BOA VISTA;209,10;128,72;219,41;21,76;80,20;14,94;44,17;30,18;99,66;29,91;0,00;5,72
2022.0;12.0;2022-12-01;BRASPINE;GENTIL;PR;JAGUARIAIVA;126,77;53,33;204,84;19,50;84,99;12,61;46,77;27,57;99,62;193,18;0,00;0,43
2022.0;12.0;2022-12-01;BRASPINE;GUAIRACA;PR;GUARAPUAVA;623,62;169,31;151,83;19,85;82,49;12,36;39,85;27,57;100,00;182,54;0,00;12,70
2022.0;12.0;2022-12-01;BRASPINE;HERVAL 2 - MADALOSSO;;;;;155,84;19,99;84,49;12,97;47,67;28,43;99,80;155,15;0,00;3,99
2022.0;12.0;2022-12-01;BRASPINE;HERVAL DE BAIXO;PR;RESERVA;827,29;475,92;129,39;20,98;82,46;13,28;45,83;29,17;99,83;69,78;0,00;1,32
2022.0;12.0;2022-12-01;BRASPINE;HORTO 01;PR;TURVO;19,12;19,12;134,77;20,51;82,81;12,92;42,09;28,60;99,86;127,51;0,00;4,74
2022.0;12.0;2022-12-01;BRASPINE;HORTO 02;PR;TURVO;4,24;4,24;135,12;20,51;82,81;12,92;42,09;28,60;99,86;127,51;0,00;4,74
2022.0;12.0;2022-12-01;BRASPINE;HORTO 03;PR;PRUDENTOPOLIS;80,91;25,89;142,95;21,02;81,66;13,32;40,91;29,26;99,95;86,23;0,00;1,62
2022.0;12.0;2022-12-01;BRASPINE;HORTO 08;PR;TURVO;9,53;9,53;145,72;21,02;81,66;13,32;40,91;29,26;99,95;86,23;0,00;1,62
2022.0;12.0;2022-12-01;BRASPINE;HORTO 12;PR;PRUDENTOPOLIS;12,20;12,20;153,98;21,02;81,66;13,32;40,91;29,26;99,95;86,23;0,00;1,62
2022.0;12.0;2022-12-01;BRASPINE;IZAU;PR;PIRAI DO SUL;19,37;11,60;218,49;19,51;85,42;12,47;45,99;27,80;99,59;192,13;0,00;0,34
2022.0;12.0;2022-12-01;BRASPINE;JOAO RICO;PR;JAGUARIAIVA;47,46;26,18;200,78;19,62;85,16;12,75;46,06;27,83;99,91;179,98;0,00;6,97
2022.0;12.0;2022-12-01;BRASPINE;LAGOA;PR;JAGUARIAIVA;24,10;10,78;191,43;19,65;86,33;12,92;45,09;28,71;100,00;182,01;0,00;351,76
2022.0;12.0;2022-12-01;BRASPINE;MARACANA;PR;JANDAIA DO SUL;11,45;11,45;160,79;22,86;78,49;15,45;39,16;30,49;99,95;0,00;0,00;5,42
2022.0;12.0;2022-12-01;BRASPINE;MARRECA;;;;;182,32;20,11;86,47;13,53;45,83;29,49;100,00;113,29;0,00;11,65
2022.0;12.0;2022-12-01;BRASPINE;MARRECA SP;SP;ITAPIRAPUA PAULISTA;675,30;236,19;165,25;20,89;86,10;14,26;45,64;30,56;100,00;43,58;0,00;7,95
2022.0;12.0;2022-12-01;BRASPINE;MARRECAS;;;;;144,14;19,21;83,03;11,77;38,45;26,98;100,00;188,95;0,00;3,20
2022.0;12.0;2022-12-01;BRASPINE;MERCADINHO;;;;;168,19;20,92;85,31;14,41;45,92;30,37;100,00;43,57;0,00;1,17
2022.0;12.0;2022-12-01;BRASPINE;MONTE ALEGRE;;;;;154,69;23,41;77,66;15,96;39,53;31,17;99,97;0,00;0,00;2,19
2022.0;12.0;2022-12-01;BRASPINE;MONTE TABOR II;;;;;167,82;20,02;87,35;12,99;45,20;29,80;100,00;100,20;0,00;14,09
2022.0;12.0;2022-12-01;BRASPINE;MOREIRA;PR;DOUTOR ULYSSES;230,52;68,68;188,00;19,91;86,42;13,25;45,19;29,10;100,00;111,47;0,00;5,53
2022.0;12.0;2022-12-01;BRASPINE;MOREIRAS II;PR;DOUTOR ULYSSES;66,76;28,75;186,70;19,91;86,42;13,25;45,19;29,10;100,00;111,47;0,00;5,53
2022.0;12.0;2022-12-01;BRASPINE;MORRETES;PR;ORTIGUEIRA;20,36;20,36;128,41;21,45;82,33;13,69;45,46;29,51;99,84;71,38;0,00;4,08
2022.0;12.0;2022-12-01;BRASPINE;MORRO AZUL;;;;;184,79;20,00;86,90;13,17;42,56;29,64;100,00;112,93;0,00;1,31
2022.0;12.0;2022-12-01;BRASPINE;OURO FINO;SP;APIAI;51,70;51,70;182,82;19,71;87,69;12,76;43,00;29,57;100,00;127,00;0,00;9,19
2022.0;12.0;2022-12-01;BRASPINE;PALMEIRINHA DE BAIXO - SOSSEGO;PR;SENGES;85,93;9,22;190,41;19,45;85,75;12,57;43,15;28,19;99,86;181,39;0,00;8,00
2022.0;12.0;2022-12-01;BRASPINE;PAZIN;PR;DOUTOR ULYSSES;41,20;23,90;176,33;20,11;86,47;13,53;45,83;29,49;100,00;113,29;0,00;11,65
2022.0;12.0;2022-12-01;BRASPINE;PEDRAS;PR;CASTRO;7,18;7,18;206,94;19,55;85,59;12,34;48,43;27,83;99,55;192,19;0,00;0,08
2022.0;12.0;2022-12-01;BRASPINE;PESCARIA;PR;SAO JOSE DA BOA VISTA;184,57;129,22;212,95;21,87;79,99;14,91;42,75;30,31;99,53;14,91;0,00;0,43
2022.0;12.0;2022-12-01;BRASPINE;PESSEGUEIRO;PR;DOUTOR ULYSSES;109,95;64,79;187,65;19,91;86,42;13,25;45,19;29,10;100,00;111,47;0,00;5,53
2022.0;12.0;2022-12-01;BRASPINE;PITANGA;;;;;150,61;20,48;81,61;13,27;39,26;28,27;99,78;128,04;0,00;4,04
2022.0;12.0;2022-12-01;BRASPINE;QUEIMADINHO ARROIO CLARO;PR;DOUTOR ULYSSES;48,13;19,09;176,23;19,91;86,42;13,25;45,19;29,10;100,00;111,47;0,00;5,53
2022.0;12.0;2022-12-01;BRASPINE;QUEIMADINHO M6042;PR;DOUTOR ULYSSES;48,38;18,50;176,23;19,91;86,42;13,25;45,19;29,10;100,00;111,47;0,00;5,53
2022.0;12.0;2022-12-01;BRASPINE;QUEIMADINHO USUCAPIAO;PR;DOUTOR ULYSSES;200,27;92,43;176,23;19,91;86,42;13,25;45,19;29,10;100,00;111,47;0,00;5,53
2022.0;12.0;2022-12-01;BRASPINE;RAMOS;PR;SENGES;69,83;38,15;189,33;19,65;86,33;12,92;45,09;28,71;100,00;182,01;0,00;351,76
2022.0;12.0;2022-12-01;BRASPINE;RIBEIRAO GRANDE;PR;JAGUARIAIVA;20,77;20,77;214,12;19,51;85,42;12,47;45,99;27,80;99,59;192,13;0,00;0,34
2022.0;12.0;2022-12-01;BRASPINE;RINCAO DE BAIXO;;;;;183,52;20,29;81,74;13,02;49,21;28,09;99,54;125,87;0,00;6,47
2022.0;12.0;2022-12-01;BRASPINE;RIO BOMBA;PR;CERRO AZUL;65,03;37,72;185,74;21,20;84,19;14,34;46,09;30,39;100,00;44,05;0,00;3,26
2022.0;12.0;2022-12-01;BRASPINE;RIO DO MEIO;PR;DOUTOR ULYSSES;712,33;389,13;183,92;19,91;86,42;13,25;45,19;29,10;100,00;111,47;0,00;5,53
2022.0;12.0;2022-12-01;BRASPINE;RONDON;PR;JAGUARIAIVA;2899,24;1475,88;194,93;19,52;85,83;12,67;44,85;28,04;99,89;195,84;0,00;12,17
2022.0;12.0;2022-12-01;BRASPINE;SANTA FELICIDADE;;;;;172,22;21,22;86,04;14,60;45,44;31,20;100,00;29,34;0,00;3,84
2022.0;12.0;2022-12-01;BRASPINE;SANTA LIDIA DO CERCADINHO;;;;;176,47;19,94;82,00;12,51;48,83;27,71;99,52;137,74;0,00;5,36
2022.0;12.0;2022-12-01;BRASPINE;SANTO ANTONIO;;;;;190,84;19,46;85,96;12,54;42,26;28,55;100,00;181,93;0,00;4,28
2022.0;12.0;2022-12-01;BRASPINE;SAO JOSE;PR;JANDAIA DO SUL;37,56;37,56;154,82;23,24;77,95;15,80;39,60;30,96;99,99;0,00;0,00;1,52
2022.0;12.0;2022-12-01;BRASPINE;SAO MATHEUS;;;;;160,36;24,54;76,22;16,96;38,45;32,65;99,94;0,00;0,00;2,22
2022.0;12.0;2022-12-01;BRASPINE;SAO PEDRO E SAO PAULO;PR;SAPOPEMA;709,13;323,93;157,44;21,12;81,49;14,08;45,39;28,99;99,54;101,99;0,00;0,05
2022.0;12.0;2022-12-01;BRASPINE;SAO RAFAEL;;;;;77,92;20,03;82,07;13,31;38,06;28,45;99,70;155,71;0,00;2,43
2022.0;12.0;2022-12-01;BRASPINE;SAO RAFAEL - PB;;;;;193,23;19,83;87,52;12,91;42,67;29,72;100,00;127,60;0,00;12,00
2022.0;12.0;2022-12-01;BRASPINE;SERRARIA;PR;DOUTOR ULYSSES;280,88;117,71;184,38;19,85;86,46;13,24;45,83;29,14;100,00;125,52;0,00;13,37
2022.0;12.0;2022-12-01;BRASPINE;SERRO VERDE;;;;;128,93;20,07;81,09;12,72;36,76;27,75;99,87;153,60;0,00;3,61
2022.0;12.0;2022-12-01;BRASPINE;SERTAOZINHO;PR;DOUTOR ULYSSES;16,25;16,25;193,03;19,91;86,42;13,25;45,19;29,10;100,00;111,47;0,00;5,53
2022.0;12.0;2022-12-01;BRASPINE;SITIO BASILIO;PR;JAGUARIAIVA;8,08;8,08;194,98;19,53;84,90;12,64;46,82;27,57;99,72;208,92;0,00;10,61
2022.0;12.0;2022-12-01;BRASPINE;SITIO DAS MARRECAS;PR;DOUTOR ULYSSES;77,49;35,17;169,49;20,67;86,21;14,05;45,69;30,21;100,00;72,53;0,00;9,04
2022.0;12.0;2022-12-01;BRASPINE;SOBRADINHO;SP;BOM SUCESSO DE ITARARE;285,80;123,10;203,73;19,41;86,74;12,46;42,12;28,84;100,00;182,52;0,00;8,50
2022.0;12.0;2022-12-01;BRASPINE;TAQUARAL;PR;JAGUARIAIVA;519,13;31,07;191,51;19,60;85,74;12,73;45,73;28,00;100,00;195,20;0,00;2,18
2022.0;12.0;2022-12-01;BRASPINE;TUCUNDUVA;PR;SENGES;82,21;60,89;193,48;20,16;83,42;13,23;44,26;28,58;99,76;97,22;0,00;10,70
2022.0;12.0;2022-12-01;BRASPINE;TUCUNDUVA - CHAMMA;;;;;194,48;20,24;83,25;13,34;43,56;28,68;99,48;98,14;0,00;8,18
2022.0;12.0;2022-12-01;BRASPINE;VIENA 1;PR;DOUTOR ULYSSES;263,98;178,34;195,10;19,46;86,33;12,79;46,68;28,33;100,00;194,31;0,00;0,53
2022.0;12.0;2022-12-01;BRASPINE;VIENA 2;PR;CERRO AZUL;140,23;96,54;186,05;21,20;84,19;14,34;46,09;30,39;100,00;44,05;0,00;3,26
2022.0;12.0;2022-12-01;BRASPINE;VITORIA;PR;SENGES;50,54;35,69;190,41;19,45;85,75;12,57;43,15;28,19;99,86;181,39;0,00;8,00
2022.0;12.0;2022-12-01;BRASPINE;VIVEIRO;PR;DOUTOR ULYSSES;405,39;261,22;186,70;19,91;86,42;13,25;45,19;29,10;100,00;111,47;0,00;5,53
2022.0;12.0;2022-12-01;BRASPINE;VO LINO;PR;DOUTOR ULYSSES;164,50;97,89;187,21;20,11;86,47;13,53;45,83;29,49;100,00;113,29;0,00;11,65
2022.0;12.0;2022-12-01;BRASPINE;XAXIM VELHO;;;;;140,78;19,38;83,08;12,05;36,84;27,08;100,00;177,05;0,00;4,23
