ANO;MES;DATA;EMPRESA;FAZENDA;UF;MUNICIPIO;AREA_T;AREA_PRODU;PRECIP_CHIRPS_MM;TEMP_MEDIA_C;UMID_MEDIA_PCT;TEMP_MIN_C;UMID_MIN_PCT;TEMP_MAX_C;UMID_MAX_PCT;NOITES_FRIAS_Eucalipto_<15C;NOITES_FRIAS_Pinus_<5C;DIRECAO_VENTO_GRAUS
2015.0;1.0;2015-01-01;BRASPINE;AGUA DOCE;PR;JAGUARIAIVA;238,97;121,99;266,55;22,18;83,10;15,12;46,26;30,54;99,86;0,00;0,00;0,70
2015.0;1.0;2015-01-01;BRASPINE;AMATA;;;;;203,70;23,85;82,41;16,98;43,45;33,47;99,98;0,00;0,00;2,06
2015.0;1.0;2015-01-01;BRASPINE;ANTA BRAVA;;;;;201,31;25,34;76,24;19,02;31,85;35,08;96,47;0,00;0,00;2,08
2015.0;1.0;2015-01-01;BRASPINE;ARAPONGAS;PR;SENGES;423,34;263,70;272,57;22,30;84,49;15,66;45,87;31,35;100,00;0,00;0,00;2,37
2015.0;1.0;2015-01-01;BRASPINE;ARROIO CLARO;PR;DOUTOR ULYSSES;275,14;92,00;236,46;22,45;84,56;15,87;44,86;31,89;100,00;0,00;0,00;8,57
2015.0;1.0;2015-01-01;BRASPINE;BARRA GRANDE;PR;DOUTOR ULYSSES;493,79;139,68;263,23;22,86;84,71;16,33;45,76;32,10;100,00;0,00;0,00;5,83
2015.0;1.0;2015-01-01;BRASPINE;BARRA GRANDE - BEMAIS;PR;GUARAPUAVA;299,16;108,61;223,53;21,17;86,59;14,37;47,46;29,84;99,98;29,22;0,00;12,78
2015.0;1.0;2015-01-01;BRASPINE;BARRETOS;PR;JAGUARIAIVA;43,35;32,98;282,22;22,26;84,10;15,21;45,96;31,05;99,99;0,00;0,00;0,24
2015.0;1.0;2015-01-01;BRASPINE;BAU;;;;;231,16;21,08;86,90;14,45;51,83;28,98;99,89;14,45;0,00;1,49
2015.0;1.0;2015-01-01;BRASPINE;BOA VISTA II;PR;PIRAI DO SUL;944,00;535,05;264,85;22,27;83,58;15,02;46,43;30,85;99,97;0,00;0,00;4,10
2015.0;1.0;2015-01-01;BRASPINE;BRASILEIRA;;;;;275,99;22,30;84,49;15,66;45,87;31,35;100,00;0,00;0,00;2,37
2015.0;1.0;2015-01-01;BRASPINE;BURACAO;;;;;177,35;22,11;83,66;14,60;45,85;30,71;99,85;14,60;0,00;4,28
2015.0;1.0;2015-01-01;BRASPINE;BURRINHO;PR;DOUTOR ULYSSES;211,01;100,37;238,74;22,45;84,56;15,87;44,86;31,89;100,00;0,00;0,00;8,57
2015.0;1.0;2015-01-01;BRASPINE;CADEADO I;PR;JAGUARIAIVA;21,07;12,29;276,14;22,07;84,19;15,21;44,34;30,94;100,00;0,00;0,00;2,43
2015.0;1.0;2015-01-01;BRASPINE;CADEADO II;PR;JAGUARIAIVA;21,88;16,79;276,14;22,07;84,19;15,21;44,34;30,94;100,00;0,00;0,00;2,43
2015.0;1.0;2015-01-01;BRASPINE;CAMPINA ALTA;PR;TIBAGI;29,77;18,24;250,78;22,70;84,49;15,46;44,81;31,69;99,87;0,00;0,00;7,45
2015.0;1.0;2015-01-01;BRASPINE;CAMPINA DO ELIAS;PR;JAGUARIAIVA;29,17;14,65;268,41;22,19;84,13;15,21;45,37;31,01;99,99;0,00;0,00;10,25
2015.0;1.0;2015-01-01;BRASPINE;CAMPO NOVO;PR;JAGUARIAIVA;295,98;156,36;287,75;22,07;84,19;15,21;44,34;30,94;100,00;0,00;0,00;2,43
2015.0;1.0;2015-01-01;BRASPINE;CONSULTORIA II A;PR;DOUTOR ULYSSES;89,62;60,79;272,53;22,30;84,49;15,66;45,87;31,35;100,00;0,00;0,00;2,37
2015.0;1.0;2015-01-01;BRASPINE;DINIZ;;;;;273,72;22,30;84,49;15,66;45,87;31,35;100,00;0,00;0,00;2,37
2015.0;1.0;2015-01-01;BRASPINE;ENES;PR;JAGUARIAIVA;5,93;5,69;289,98;22,07;84,19;15,21;44,34;30,94;100,00;0,00;0,00;2,43
2015.0;1.0;2015-01-01;BRASPINE;ENGENHARIA;;;;;273,72;22,30;84,49;15,66;45,87;31,35;100,00;0,00;0,00;2,37
2015.0;1.0;2015-01-01;BRASPINE;ESTACAO;PR;SENGES;4,76;4,14;264,03;22,07;84,19;15,21;44,34;30,94;100,00;0,00;0,00;2,43
2015.0;1.0;2015-01-01;BRASPINE;FAXINAL;PR;JAGUARIAIVA;20,65;20,65;289,98;22,07;84,19;15,21;44,34;30,94;100,00;0,00;0,00;2,43
2015.0;1.0;2015-01-01;BRASPINE;FEITAL;PR;DOUTOR ULYSSES;154,17;86,53;266,70;22,49;84,56;15,88;45,93;31,60;100,00;0,00;0,00;0,78
2015.0;1.0;2015-01-01;BRASPINE;FIGUEIRA;PR;DOUTOR ULYSSES;1053,81;315,71;270,14;22,45;84,56;15,87;44,86;31,89;100,00;0,00;0,00;8,57
2015.0;1.0;2015-01-01;BRASPINE;FIGUEIRINHA;PR;DOUTOR ULYSSES;94,37;56,74;248,44;22,45;84,56;15,87;44,86;31,89;100,00;0,00;0,00;8,57
2015.0;1.0;2015-01-01;BRASPINE;FLOEMA;PR;DOUTOR ULYSSES;2189,88;701,43;285,77;21,89;84,44;15,18;45,36;31,02;100,00;0,00;0,00;0,72
2015.0;1.0;2015-01-01;BRASPINE;FLOEMA I - SUDATI;;;;;262,15;22,30;84,49;15,66;45,87;31,35;100,00;0,00;0,00;2,37
2015.0;1.0;2015-01-01;BRASPINE;FLOEMA II - SUDATI;PR;DOUTOR ULYSSES;453,83;211,13;271,95;22,30;84,49;15,66;45,87;31,35;100,00;0,00;0,00;2,37
2015.0;1.0;2015-01-01;BRASPINE;FLOR DA SERRA;PR;SAO JOSE DA BOA VISTA;209,10;128,72;199,32;24,16;77,54;17,75;39,99;33,12;98,50;0,00;0,00;5,56
2015.0;1.0;2015-01-01;BRASPINE;GENTIL;PR;JAGUARIAIVA;126,77;53,33;263,76;21,87;83,14;14,82;46,52;30,12;99,58;14,82;0,00;5,01
2015.0;1.0;2015-01-01;BRASPINE;GUAIRACA;PR;GUARAPUAVA;623,62;169,31;242,27;21,38;86,08;14,06;47,84;29,91;99,98;14,06;0,00;4,53
2015.0;1.0;2015-01-01;BRASPINE;HERVAL 2 - MADALOSSO;;;;;180,97;22,11;83,66;14,60;45,85;30,71;99,85;14,60;0,00;4,28
2015.0;1.0;2015-01-01;BRASPINE;HERVAL DE BAIXO;PR;RESERVA;827,29;475,92;259,72;22,69;84,59;15,31;45,77;31,64;99,84;0,00;0,00;4,67
2015.0;1.0;2015-01-01;BRASPINE;HORTO 01;PR;TURVO;19,12;19,12;234,41;21,85;87,10;15,14;53,01;30,16;99,78;0,00;0,00;5,46
2015.0;1.0;2015-01-01;BRASPINE;HORTO 02;PR;TURVO;4,24;4,24;232,45;21,85;87,10;15,14;53,01;30,16;99,78;0,00;0,00;5,46
2015.0;1.0;2015-01-01;BRASPINE;HORTO 03;PR;PRUDENTOPOLIS;80,91;25,89;238,76;22,38;86,03;15,60;49,05;31,09;99,87;0,00;0,00;4,69
2015.0;1.0;2015-01-01;BRASPINE;HORTO 08;PR;TURVO;9,53;9,53;233,84;22,38;86,03;15,60;49,05;31,09;99,87;0,00;0,00;4,69
2015.0;1.0;2015-01-01;BRASPINE;HORTO 12;PR;PRUDENTOPOLIS;12,20;12,20;237,87;22,38;86,03;15,60;49,05;31,09;99,87;0,00;0,00;4,69
2015.0;1.0;2015-01-01;BRASPINE;IZAU;PR;PIRAI DO SUL;19,37;11,60;269,43;21,90;83,54;14,69;45,58;30,29;99,56;14,69;0,00;327,98
2015.0;1.0;2015-01-01;BRASPINE;JOAO RICO;PR;JAGUARIAIVA;47,46;26,18;265,75;22,18;83,10;15,12;46,26;30,54;99,86;0,00;0,00;0,70
2015.0;1.0;2015-01-01;BRASPINE;LAGOA;PR;JAGUARIAIVA;24,10;10,78;278,21;22,07;84,19;15,21;44,34;30,94;100,00;0,00;0,00;2,43
2015.0;1.0;2015-01-01;BRASPINE;MARACANA;PR;JANDAIA DO SUL;11,45;11,45;222,56;24,40;80,42;18,83;40,11;33,82;99,93;0,00;0,00;14,56
2015.0;1.0;2015-01-01;BRASPINE;MARRECA;;;;;269,41;22,45;84,56;15,87;44,86;31,89;100,00;0,00;0,00;8,57
2015.0;1.0;2015-01-01;BRASPINE;MARRECA SP;SP;ITAPIRAPUA PAULISTA;675,30;236,19;226,69;23,26;84,41;16,65;44,38;32,93;100,00;0,00;0,00;3,98
2015.0;1.0;2015-01-01;BRASPINE;MARRECAS;;;;;237,27;20,64;87,05;13,58;48,28;29,10;100,00;42,85;0,00;17,45
2015.0;1.0;2015-01-01;BRASPINE;MERCADINHO;;;;;222,34;23,05;83,49;16,33;44,45;32,67;100,00;0,00;0,00;0,24
2015.0;1.0;2015-01-01;BRASPINE;MONTE ALEGRE;;;;;227,93;24,97;78,82;19,49;38,48;34,52;99,88;0,00;0,00;11,16
2015.0;1.0;2015-01-01;BRASPINE;MONTE TABOR II;;;;;227,13;22,56;84,94;16,36;46,51;32,07;100,00;0,00;0,00;2,06
2015.0;1.0;2015-01-01;BRASPINE;MOREIRA;PR;DOUTOR ULYSSES;230,52;68,68;271,95;22,30;84,49;15,66;45,87;31,35;100,00;0,00;0,00;2,37
2015.0;1.0;2015-01-01;BRASPINE;MOREIRAS II;PR;DOUTOR ULYSSES;66,76;28,75;272,61;22,30;84,49;15,66;45,87;31,35;100,00;0,00;0,00;2,37
2015.0;1.0;2015-01-01;BRASPINE;MORRETES;PR;ORTIGUEIRA;20,36;20,36;256,50;23,23;83,81;15,86;43,84;32,45;99,82;0,00;0,00;5,58
2015.0;1.0;2015-01-01;BRASPINE;MORRO AZUL;;;;;238,17;22,61;85,05;16,21;44,14;31,94;100,00;0,00;0,00;10,56
2015.0;1.0;2015-01-01;BRASPINE;OURO FINO;SP;APIAI;51,70;51,70;229,45;22,34;85,68;16,30;45,36;31,82;100,00;0,00;0,00;94,27
2015.0;1.0;2015-01-01;BRASPINE;PALMEIRINHA DE BAIXO - SOSSEGO;PR;SENGES;85,93;9,22;250,46;21,96;83,39;15,37;42,72;30,93;99,86;0,00;0,00;27,30
2015.0;1.0;2015-01-01;BRASPINE;PAZIN;PR;DOUTOR ULYSSES;41,20;23,90;262,40;22,45;84,56;15,87;44,86;31,89;100,00;0,00;0,00;8,57
2015.0;1.0;2015-01-01;BRASPINE;PEDRAS;PR;CASTRO;7,18;7,18;236,59;21,93;84,17;14,70;48,93;30,29;99,80;14,70;0,00;0,02
2015.0;1.0;2015-01-01;BRASPINE;PESCARIA;PR;SAO JOSE DA BOA VISTA;184,57;129,22;223,26;24,44;76,34;17,88;37,16;33,63;98,71;0,00;0,00;0,78
2015.0;1.0;2015-01-01;BRASPINE;PESSEGUEIRO;PR;DOUTOR ULYSSES;109,95;64,79;264,63;22,30;84,49;15,66;45,87;31,35;100,00;0,00;0,00;2,37
2015.0;1.0;2015-01-01;BRASPINE;PITANGA;;;;;251,63;21,81;86,28;15,31;52,68;29,82;99,78;0,00;0,00;1,69
2015.0;1.0;2015-01-01;BRASPINE;QUEIMADINHO ARROIO CLARO;PR;DOUTOR ULYSSES;48,13;19,09;275,99;22,30;84,49;15,66;45,87;31,35;100,00;0,00;0,00;2,37
2015.0;1.0;2015-01-01;BRASPINE;QUEIMADINHO M6042;PR;DOUTOR ULYSSES;48,38;18,50;275,99;22,30;84,49;15,66;45,87;31,35;100,00;0,00;0,00;2,37
2015.0;1.0;2015-01-01;BRASPINE;QUEIMADINHO USUCAPIAO;PR;DOUTOR ULYSSES;200,27;92,43;275,99;22,30;84,49;15,66;45,87;31,35;100,00;0,00;0,00;2,37
2015.0;1.0;2015-01-01;BRASPINE;RAMOS;PR;SENGES;69,83;38,15;262,15;22,07;84,19;15,21;44,34;30,94;100,00;0,00;0,00;2,43
2015.0;1.0;2015-01-01;BRASPINE;RIBEIRAO GRANDE;PR;JAGUARIAIVA;20,77;20,77;267,04;21,90;83,54;14,69;45,58;30,29;99,56;14,69;0,00;327,98
2015.0;1.0;2015-01-01;BRASPINE;RINCAO DE BAIXO;;;;;234,49;22,29;82,04;15,51;45,07;30,91;99,46;0,00;0,00;4,79
2015.0;1.0;2015-01-01;BRASPINE;RIO BOMBA;PR;CERRO AZUL;65,03;37,72;229,43;23,33;82,92;16,29;44,41;32,83;99,87;0,00;0,00;6,50
2015.0;1.0;2015-01-01;BRASPINE;RIO DO MEIO;PR;DOUTOR ULYSSES;712,33;389,13;273,50;22,30;84,49;15,66;45,87;31,35;100,00;0,00;0,00;2,37
2015.0;1.0;2015-01-01;BRASPINE;RONDON;PR;JAGUARIAIVA;2899,24;1475,88;250,36;21,98;83,64;15,20;42,51;30,67;99,89;0,00;0,00;2,23
2015.0;1.0;2015-01-01;BRASPINE;SANTA FELICIDADE;;;;;253,00;23,71;84,24;17,28;43,44;33,67;100,00;0,00;0,00;3,54
2015.0;1.0;2015-01-01;BRASPINE;SANTA LIDIA DO CERCADINHO;;;;;236,84;21,96;81,97;15,34;45,55;30,39;99,46;0,00;0,00;4,16
2015.0;1.0;2015-01-01;BRASPINE;SANTO ANTONIO;;;;;246,24;22,05;83,63;15,54;42,10;31,28;100,00;0,00;0,00;21,78
2015.0;1.0;2015-01-01;BRASPINE;SAO JOSE;PR;JANDAIA DO SUL;37,56;37,56;226,48;24,79;79,18;19,30;38,92;34,28;99,92;0,00;0,00;12,59
2015.0;1.0;2015-01-01;BRASPINE;SAO MATHEUS;;;;;263,60;26,14;77,95;20,73;38,12;35,89;99,66;0,00;0,00;4,08
2015.0;1.0;2015-01-01;BRASPINE;SAO PEDRO E SAO PAULO;PR;SAPOPEMA;709,13;323,93;224,80;23,26;79,86;17,08;41,62;32,28;99,63;0,00;0,00;0,82
2015.0;1.0;2015-01-01;BRASPINE;SAO RAFAEL;;;;;153,28;21,83;84,22;15,37;49,06;30,09;99,62;0,00;0,00;1,77
2015.0;1.0;2015-01-01;BRASPINE;SAO RAFAEL - PB;;;;;240,15;22,48;85,45;16,32;44,74;31,93;100,00;0,00;0,00;1,69
2015.0;1.0;2015-01-01;BRASPINE;SERRARIA;PR;DOUTOR ULYSSES;280,88;117,71;270,75;22,17;84,50;15,52;45,42;31,46;100,00;0,00;0,00;10,86
2015.0;1.0;2015-01-01;BRASPINE;SERRO VERDE;;;;;231,24;21,39;85,80;14,74;51,25;29,30;99,92;14,74;0,00;1,92
2015.0;1.0;2015-01-01;BRASPINE;SERTAOZINHO;PR;DOUTOR ULYSSES;16,25;16,25;276,51;22,30;84,49;15,66;45,87;31,35;100,00;0,00;0,00;2,37
2015.0;1.0;2015-01-01;BRASPINE;SITIO BASILIO;PR;JAGUARIAIVA;8,08;8,08;266,57;21,95;83,01;14,94;46,74;30,18;99,66;14,94;0,00;3,14
2015.0;1.0;2015-01-01;BRASPINE;SITIO DAS MARRECAS;PR;DOUTOR ULYSSES;77,49;35,17;256,20;23,03;84,45;16,47;44,52;32,64;100,00;0,00;0,00;1,90
2015.0;1.0;2015-01-01;BRASPINE;SOBRADINHO;SP;BOM SUCESSO DE ITARARE;285,80;123,10;223,46;21,98;84,58;15,69;42,57;31,32;100,00;0,00;0,00;13,58
2015.0;1.0;2015-01-01;BRASPINE;TAQUARAL;PR;JAGUARIAIVA;519,13;31,07;263,62;22,20;83,55;15,21;44,25;30,72;100,00;0,00;0,00;4,02
2015.0;1.0;2015-01-01;BRASPINE;TUCUNDUVA;PR;SENGES;82,21;60,89;268,56;22,80;79,51;16,11;39,67;31,49;99,31;0,00;0,00;4,55
2015.0;1.0;2015-01-01;BRASPINE;TUCUNDUVA - CHAMMA;;;;;261,34;22,84;79,54;16,20;39,29;31,70;99,13;0,00;0,00;0,72
2015.0;1.0;2015-01-01;BRASPINE;VIENA 1;PR;DOUTOR ULYSSES;263,98;178,34;255,18;21,79;84,42;14,92;46,93;30,48;100,00;14,92;0,00;4,18
2015.0;1.0;2015-01-01;BRASPINE;VIENA 2;PR;CERRO AZUL;140,23;96,54;229,56;23,33;82,92;16,29;44,41;32,83;99,87;0,00;0,00;6,50
2015.0;1.0;2015-01-01;BRASPINE;VITORIA;PR;SENGES;50,54;35,69;250,46;21,96;83,39;15,37;42,72;30,93;99,86;0,00;0,00;27,30
2015.0;1.0;2015-01-01;BRASPINE;VIVEIRO;PR;DOUTOR ULYSSES;405,39;261,22;272,61;22,30;84,49;15,66;45,87;31,35;100,00;0,00;0,00;2,37
2015.0;1.0;2015-01-01;BRASPINE;VO LINO;PR;DOUTOR ULYSSES;164,50;97,89;259,03;22,45;84,56;15,87;44,86;31,89;100,00;0,00;0,00;8,57
2015.0;1.0;2015-01-01;BRASPINE;XAXIM VELHO;;;;;210,49;20,83;86,87;13,72;48,78;29,12;100,00;42,91;0,00;5,27
2015.0;2.0;2015-02-01;BRASPINE;AGUA DOCE;PR;JAGUARIAIVA;238,97;121,99;160,09;20,53;87,52;14,41;46,78;27,38;99,88;29,23;0,00;6,91
2015.0;2.0;2015-02-01;BRASPINE;AMATA;;;;;232,21;22,36;86,58;16,29;46,46;30,76;100,00;0,00;0,00;8,64
2015.0;2.0;2015-02-01;BRASPINE;ANTA BRAVA;;;;;155,14;23,48;81,97;17,57;49,74;30,78;99,27;0,00;0,00;0,83
2015.0;2.0;2015-02-01;BRASPINE;ARAPONGAS;PR;SENGES;423,34;263,70;175,96;20,73;88,87;14,59;48,55;28,30;100,00;29,48;0,00;3,20
2015.0;2.0;2015-02-01;BRASPINE;ARROIO CLARO;PR;DOUTOR ULYSSES;275,14;92,00;205,25;20,96;88,64;14,97;48,14;28,79;100,00;14,97;0,00;9,30
2015.0;2.0;2015-02-01;BRASPINE;BARRA GRANDE;PR;DOUTOR ULYSSES;493,79;139,68;180,52;21,27;88,84;15,10;48,89;29,11;100,00;0,00;0,00;0,43
2015.0;2.0;2015-02-01;BRASPINE;BARRA GRANDE - BEMAIS;PR;GUARAPUAVA;299,16;108,61;190,29;19,90;88,49;13,18;49,16;27,51;99,98;27,86;0,00;24,95
2015.0;2.0;2015-02-01;BRASPINE;BARRETOS;PR;JAGUARIAIVA;43,35;32,98;180,27;20,64;88,50;14,40;47,41;27,99;99,99;29,15;0,00;9,53
2015.0;2.0;2015-02-01;BRASPINE;BAU;;;;;192,88;19,91;88,47;13,42;52,58;27,16;99,97;42,37;0,00;1,07
2015.0;2.0;2015-02-01;BRASPINE;BOA VISTA II;PR;PIRAI DO SUL;944,00;535,05;174,84;20,63;87,93;14,31;47,05;27,81;99,99;29,02;0,00;11,52
2015.0;2.0;2015-02-01;BRASPINE;BRASILEIRA;;;;;183,32;20,73;88,87;14,59;48,55;28,30;100,00;29,48;0,00;3,20
2015.0;2.0;2015-02-01;BRASPINE;BURACAO;;;;;239,11;20,69;87,12;14,57;47,63;28,09;99,86;14,57;0,00;1,93
2015.0;2.0;2015-02-01;BRASPINE;BURRINHO;PR;DOUTOR ULYSSES;211,01;100,37;204,32;20,96;88,64;14,97;48,14;28,79;100,00;14,97;0,00;9,30
2015.0;2.0;2015-02-01;BRASPINE;CADEADO I;PR;JAGUARIAIVA;21,07;12,29;183,47;20,51;88,67;14,33;47,92;27,91;100,00;28,97;0,00;6,77
2015.0;2.0;2015-02-01;BRASPINE;CADEADO II;PR;JAGUARIAIVA;21,88;16,79;183,47;20,51;88,67;14,33;47,92;27,91;100,00;28,97;0,00;6,77
2015.0;2.0;2015-02-01;BRASPINE;CAMPINA ALTA;PR;TIBAGI;29,77;18,24;209,86;21,18;87,65;14,77;47,77;28,48;99,98;14,77;0,00;0,19
2015.0;2.0;2015-02-01;BRASPINE;CAMPINA DO ELIAS;PR;JAGUARIAIVA;29,17;14,65;197,16;20,59;88,56;14,37;47,60;27,96;99,99;29,08;0,00;8,61
2015.0;2.0;2015-02-01;BRASPINE;CAMPO NOVO;PR;JAGUARIAIVA;295,98;156,36;180,89;20,51;88,67;14,33;47,92;27,91;100,00;28,97;0,00;6,77
2015.0;2.0;2015-02-01;BRASPINE;CONSULTORIA II A;PR;DOUTOR ULYSSES;89,62;60,79;180,06;20,73;88,87;14,59;48,55;28,30;100,00;29,48;0,00;3,20
2015.0;2.0;2015-02-01;BRASPINE;DINIZ;;;;;174,30;20,73;88,87;14,59;48,55;28,30;100,00;29,48;0,00;3,20
2015.0;2.0;2015-02-01;BRASPINE;ENES;PR;JAGUARIAIVA;5,93;5,69;181,65;20,51;88,67;14,33;47,92;27,91;100,00;28,97;0,00;6,77
2015.0;2.0;2015-02-01;BRASPINE;ENGENHARIA;;;;;174,30;20,73;88,87;14,59;48,55;28,30;100,00;29,48;0,00;3,20
2015.0;2.0;2015-02-01;BRASPINE;ESTACAO;PR;SENGES;4,76;4,14;179,01;20,51;88,67;14,33;47,92;27,91;100,00;28,97;0,00;6,77
2015.0;2.0;2015-02-01;BRASPINE;FAXINAL;PR;JAGUARIAIVA;20,65;20,65;181,65;20,51;88,67;14,33;47,92;27,91;100,00;28,97;0,00;6,77
2015.0;2.0;2015-02-01;BRASPINE;FEITAL;PR;DOUTOR ULYSSES;154,17;86,53;187,43;20,91;88,86;14,76;48,76;28,57;100,00;14,76;0,00;1,96
2015.0;2.0;2015-02-01;BRASPINE;FIGUEIRA;PR;DOUTOR ULYSSES;1053,81;315,71;186,15;20,96;88,64;14,97;48,14;28,79;100,00;14,97;0,00;9,30
2015.0;2.0;2015-02-01;BRASPINE;FIGUEIRINHA;PR;DOUTOR ULYSSES;94,37;56,74;206,08;20,96;88,64;14,97;48,14;28,79;100,00;14,97;0,00;9,30
2015.0;2.0;2015-02-01;BRASPINE;FLOEMA;PR;DOUTOR ULYSSES;2189,88;701,43;199,97;20,41;88,68;14,38;48,00;27,95;100,00;29,08;0,00;9,21
2015.0;2.0;2015-02-01;BRASPINE;FLOEMA I - SUDATI;;;;;176,32;20,73;88,87;14,59;48,55;28,30;100,00;29,48;0,00;3,20
2015.0;2.0;2015-02-01;BRASPINE;FLOEMA II - SUDATI;PR;DOUTOR ULYSSES;453,83;211,13;175,45;20,73;88,87;14,59;48,55;28,30;100,00;29,48;0,00;3,20
2015.0;2.0;2015-02-01;BRASPINE;FLOR DA SERRA;PR;SAO JOSE DA BOA VISTA;209,10;128,72;156,75;22,37;83,14;16,62;45,21;29,23;99,55;0,00;0,00;2,86
2015.0;2.0;2015-02-01;BRASPINE;GENTIL;PR;JAGUARIAIVA;126,77;53,33;160,78;20,28;87,17;14,38;46,41;26,95;99,56;29,26;0,00;10,40
2015.0;2.0;2015-02-01;BRASPINE;GUAIRACA;PR;GUARAPUAVA;623,62;169,31;199,19;20,09;88,25;13,18;48,83;27,51;100,00;28,09;0,00;27,99
2015.0;2.0;2015-02-01;BRASPINE;HERVAL 2 - MADALOSSO;;;;;232,83;20,69;87,12;14,57;47,63;28,09;99,86;14,57;0,00;1,93
2015.0;2.0;2015-02-01;BRASPINE;HERVAL DE BAIXO;PR;RESERVA;827,29;475,92;224,12;21,18;87,81;14,85;48,99;28,45;99,95;14,85;0,00;2,98
2015.0;2.0;2015-02-01;BRASPINE;HORTO 01;PR;TURVO;19,12;19,12;202,59;20,60;88,90;13,98;56,22;27,86;99,90;13,98;0,00;19,86
2015.0;2.0;2015-02-01;BRASPINE;HORTO 02;PR;TURVO;4,24;4,24;194,56;20,60;88,90;13,98;56,22;27,86;99,90;13,98;0,00;19,86
2015.0;2.0;2015-02-01;BRASPINE;HORTO 03;PR;PRUDENTOPOLIS;80,91;25,89;223,72;21,07;88,14;14,42;53,84;28,50;99,96;14,42;0,00;12,87
2015.0;2.0;2015-02-01;BRASPINE;HORTO 08;PR;TURVO;9,53;9,53;181,62;21,07;88,14;14,42;53,84;28,50;99,96;14,42;0,00;12,87
2015.0;2.0;2015-02-01;BRASPINE;HORTO 12;PR;PRUDENTOPOLIS;12,20;12,20;224,22;21,07;88,14;14,42;53,84;28,50;99,96;14,42;0,00;12,87
2015.0;2.0;2015-02-01;BRASPINE;IZAU;PR;PIRAI DO SUL;19,37;11,60;156,13;20,31;87,43;14,27;46,30;27,16;99,64;29,05;0,00;356,92
2015.0;2.0;2015-02-01;BRASPINE;JOAO RICO;PR;JAGUARIAIVA;47,46;26,18;160,73;20,53;87,52;14,41;46,78;27,38;99,88;29,23;0,00;6,91
2015.0;2.0;2015-02-01;BRASPINE;LAGOA;PR;JAGUARIAIVA;24,10;10,78;190,93;20,51;88,67;14,33;47,92;27,91;100,00;28,97;0,00;6,77
2015.0;2.0;2015-02-01;BRASPINE;MARACANA;PR;JANDAIA DO SUL;11,45;11,45;180,78;22,69;86,15;17,38;50,22;29,31;99,95;0,00;0,00;2,33
2015.0;2.0;2015-02-01;BRASPINE;MARRECA;;;;;193,08;20,96;88,64;14,97;48,14;28,79;100,00;14,97;0,00;9,30
2015.0;2.0;2015-02-01;BRASPINE;MARRECA SP;SP;ITAPIRAPUA PAULISTA;675,30;236,19;215,88;21,75;88,28;15,77;48,19;29,95;100,00;0,00;0,00;5,12
2015.0;2.0;2015-02-01;BRASPINE;MARRECAS;;;;;206,13;19,41;88,77;12,64;47,94;26,97;100,00;71,03;0,00;3,22
2015.0;2.0;2015-02-01;BRASPINE;MERCADINHO;;;;;217,02;21,57;87,61;15,60;47,23;29,72;100,00;0,00;0,00;0,68
2015.0;2.0;2015-02-01;BRASPINE;MONTE ALEGRE;;;;;169,50;23,21;85,03;17,75;50,16;29,80;99,98;0,00;0,00;2,16
2015.0;2.0;2015-02-01;BRASPINE;MONTE TABOR II;;;;;177,06;21,09;89,05;15,73;53,94;29,08;100,00;0,00;0,00;8,55
2015.0;2.0;2015-02-01;BRASPINE;MOREIRA;PR;DOUTOR ULYSSES;230,52;68,68;175,45;20,73;88,87;14,59;48,55;28,30;100,00;29,48;0,00;3,20
2015.0;2.0;2015-02-01;BRASPINE;MOREIRAS II;PR;DOUTOR ULYSSES;66,76;28,75;180,77;20,73;88,87;14,59;48,55;28,30;100,00;29,48;0,00;3,20
2015.0;2.0;2015-02-01;BRASPINE;MORRETES;PR;ORTIGUEIRA;20,36;20,36;230,69;21,64;87,80;14,93;48,51;28,97;99,92;14,93;0,00;12,98
2015.0;2.0;2015-02-01;BRASPINE;MORRO AZUL;;;;;161,68;20,98;89,01;14,86;48,44;28,60;100,00;14,86;0,00;7,63
2015.0;2.0;2015-02-01;BRASPINE;OURO FINO;SP;APIAI;51,70;51,70;173,66;20,80;89,61;14,98;51,58;28,47;100,00;14,98;0,00;1,66
2015.0;2.0;2015-02-01;BRASPINE;PALMEIRINHA DE BAIXO - SOSSEGO;PR;SENGES;85,93;9,22;164,42;20,27;88,00;14,28;48,03;27,15;99,87;28,87;0,00;2,34
2015.0;2.0;2015-02-01;BRASPINE;PAZIN;PR;DOUTOR ULYSSES;41,20;23,90;193,07;20,96;88,64;14,97;48,14;28,79;100,00;14,97;0,00;9,30
2015.0;2.0;2015-02-01;BRASPINE;PEDRAS;PR;CASTRO;7,18;7,18;147,20;20,40;87,62;14,28;48,57;27,19;99,73;29,08;0,00;2,54
2015.0;2.0;2015-02-01;BRASPINE;PESCARIA;PR;SAO JOSE DA BOA VISTA;184,57;129,22;167,58;22,54;82,51;16,69;42,10;29,65;99,55;0,00;0,00;6,02
2015.0;2.0;2015-02-01;BRASPINE;PESSEGUEIRO;PR;DOUTOR ULYSSES;109,95;64,79;183,78;20,73;88,87;14,59;48,55;28,30;100,00;29,48;0,00;3,20
2015.0;2.0;2015-02-01;BRASPINE;PITANGA;;;;;167,78;20,60;88,15;14,27;55,44;27,57;99,91;29,19;0,00;0,30
2015.0;2.0;2015-02-01;BRASPINE;QUEIMADINHO ARROIO CLARO;PR;DOUTOR ULYSSES;48,13;19,09;183,32;20,73;88,87;14,59;48,55;28,30;100,00;29,48;0,00;3,20
2015.0;2.0;2015-02-01;BRASPINE;QUEIMADINHO M6042;PR;DOUTOR ULYSSES;48,38;18,50;183,32;20,73;88,87;14,59;48,55;28,30;100,00;29,48;0,00;3,20
2015.0;2.0;2015-02-01;BRASPINE;QUEIMADINHO USUCAPIAO;PR;DOUTOR ULYSSES;200,27;92,43;183,32;20,73;88,87;14,59;48,55;28,30;100,00;29,48;0,00;3,20
2015.0;2.0;2015-02-01;BRASPINE;RAMOS;PR;SENGES;69,83;38,15;176,32;20,51;88,67;14,33;47,92;27,91;100,00;28,97;0,00;6,77
2015.0;2.0;2015-02-01;BRASPINE;RIBEIRAO GRANDE;PR;JAGUARIAIVA;20,77;20,77;144,63;20,31;87,43;14,27;46,30;27,16;99,64;29,05;0,00;356,92
2015.0;2.0;2015-02-01;BRASPINE;RINCAO DE BAIXO;;;;;197,17;20,74;85,57;14,85;44,15;27,65;99,68;29,77;0,00;5,22
2015.0;2.0;2015-02-01;BRASPINE;RIO BOMBA;PR;CERRO AZUL;65,03;37,72;221,00;21,88;86,94;15,83;46,31;30,05;99,98;0,00;0,00;1,05
2015.0;2.0;2015-02-01;BRASPINE;RIO DO MEIO;PR;DOUTOR ULYSSES;712,33;389,13;181,43;20,73;88,87;14,59;48,55;28,30;100,00;29,48;0,00;3,20
2015.0;2.0;2015-02-01;BRASPINE;RONDON;PR;JAGUARIAIVA;2899,24;1475,88;169,61;20,36;88,14;14,27;47,97;27,30;99,89;28,87;0,00;1,87
2015.0;2.0;2015-02-01;BRASPINE;SANTA FELICIDADE;;;;;183,52;22,19;88,01;16,26;48,54;30,65;100,00;0,00;0,00;1,00
2015.0;2.0;2015-02-01;BRASPINE;SANTA LIDIA DO CERCADINHO;;;;;186,96;20,41;85,55;14,63;44,50;27,17;99,62;44,30;0,00;5,30
2015.0;2.0;2015-02-01;BRASPINE;SANTO ANTONIO;;;;;165,80;20,33;88,20;14,29;48,83;27,47;100,00;28,86;0,00;9,70
2015.0;2.0;2015-02-01;BRASPINE;SAO JOSE;PR;JANDAIA DO SUL;37,56;37,56;170,31;23,05;85,27;17,64;50,28;29,62;99,99;0,00;0,00;25,91
2015.0;2.0;2015-02-01;BRASPINE;SAO MATHEUS;;;;;157,16;24,34;84,10;18,73;51,86;30,98;99,99;0,00;0,00;8,15
2015.0;2.0;2015-02-01;BRASPINE;SAO PEDRO E SAO PAULO;PR;SAPOPEMA;709,13;323,93;203,36;21,44;85,97;15,81;49,13;28,06;99,66;0,00;0,00;3,47
2015.0;2.0;2015-02-01;BRASPINE;SAO RAFAEL;;;;;217,22;20,75;85,55;14,42;48,86;27,60;99,57;14,42;0,00;10,77
2015.0;2.0;2015-02-01;BRASPINE;SAO RAFAEL - PB;;;;;166,70;20,90;89,43;14,98;50,67;28,62;100,00;14,98;0,00;0,55
2015.0;2.0;2015-02-01;BRASPINE;SERRARIA;PR;DOUTOR ULYSSES;280,88;117,71;193,93;20,68;88,66;14,68;48,16;28,37;100,00;29,64;0,00;9,87
2015.0;2.0;2015-02-01;BRASPINE;SERRO VERDE;;;;;194,49;20,23;87,49;13,76;51,57;27,45;99,96;28,18;0,00;0,11
2015.0;2.0;2015-02-01;BRASPINE;SERTAOZINHO;PR;DOUTOR ULYSSES;16,25;16,25;179,09;20,73;88,87;14,59;48,55;28,30;100,00;29,48;0,00;3,20
2015.0;2.0;2015-02-01;BRASPINE;SITIO BASILIO;PR;JAGUARIAIVA;8,08;8,08;160,04;20,34;87,18;14,42;46,54;27,00;99,64;29,32;0,00;8,61
2015.0;2.0;2015-02-01;BRASPINE;SITIO DAS MARRECAS;PR;DOUTOR ULYSSES;77,49;35,17;203,19;21,52;88,38;15,54;48,18;29,62;100,00;0,00;0,00;6,32
2015.0;2.0;2015-02-01;BRASPINE;SOBRADINHO;SP;BOM SUCESSO DE ITARARE;285,80;123,10;169,24;20,33;88,82;14,39;49,49;27,60;100,00;29,04;0,00;7,93
2015.0;2.0;2015-02-01;BRASPINE;TAQUARAL;PR;JAGUARIAIVA;519,13;31,07;177,65;20,54;88,10;14,33;47,81;27,52;100,00;29,02;0,00;3,82
2015.0;2.0;2015-02-01;BRASPINE;TUCUNDUVA;PR;SENGES;82,21;60,89;182,14;21,04;84,95;15,28;44,90;27,83;99,55;0,00;0,00;10,11
2015.0;2.0;2015-02-01;BRASPINE;TUCUNDUVA - CHAMMA;;;;;185,67;21,07;85,04;15,26;45,31;27,90;99,56;0,00;0,00;6,89
2015.0;2.0;2015-02-01;BRASPINE;VIENA 1;PR;DOUTOR ULYSSES;263,98;178,34;202,91;20,30;88,60;14,12;48,37;27,61;100,00;43,47;0,00;6,73
2015.0;2.0;2015-02-01;BRASPINE;VIENA 2;PR;CERRO AZUL;140,23;96,54;220,80;21,88;86,94;15,83;46,31;30,05;99,98;0,00;0,00;1,05
2015.0;2.0;2015-02-01;BRASPINE;VITORIA;PR;SENGES;50,54;35,69;164,42;20,27;88,00;14,28;48,03;27,15;99,87;28,87;0,00;2,34
2015.0;2.0;2015-02-01;BRASPINE;VIVEIRO;PR;DOUTOR ULYSSES;405,39;261,22;180,77;20,73;88,87;14,59;48,55;28,30;100,00;29,48;0,00;3,20
2015.0;2.0;2015-02-01;BRASPINE;VO LINO;PR;DOUTOR ULYSSES;164,50;97,89;196,48;20,96;88,64;14,97;48,14;28,79;100,00;14,97;0,00;9,30
2015.0;2.0;2015-02-01;BRASPINE;XAXIM VELHO;;;;;210,98;19,61;88,58;12,62;47,86;26,82;100,00;55,80;0,00;0,79
2015.0;3.0;2015-03-01;BRASPINE;AGUA DOCE;PR;JAGUARIAIVA;238,97;121,99;136,62;19,53;88,04;14,80;51,37;26,28;99,86;14,80;0,00;0,53
2015.0;3.0;2015-03-01;BRASPINE;AMATA;;;;;194,28;21,15;87,20;16,50;46,64;29,35;100,00;0,00;0,00;3,61
2015.0;3.0;2015-03-01;BRASPINE;ANTA BRAVA;;;;;142,66;22,17;84,37;17,11;51,46;29,45;100,00;0,00;0,00;41,77
2015.0;3.0;2015-03-01;BRASPINE;ARAPONGAS;PR;SENGES;423,34;263,70;127,31;19,57;90,15;14,97;48,24;27,34;100,00;14,97;0,00;3,04
2015.0;3.0;2015-03-01;BRASPINE;ARROIO CLARO;PR;DOUTOR ULYSSES;275,14;92,00;185,00;19,73;90,20;15,26;47,47;27,66;100,00;0,00;0,00;0,84
2015.0;3.0;2015-03-01;BRASPINE;BARRA GRANDE;PR;DOUTOR ULYSSES;493,79;139,68;146,40;20,08;90,09;15,48;47,79;28,10;100,00;0,00;0,00;22,20
2015.0;3.0;2015-03-01;BRASPINE;BARRA GRANDE - BEMAIS;PR;GUARAPUAVA;299,16;108,61;104,17;19,06;87,46;13,42;50,64;25,42;99,98;86,24;0,00;5,22
2015.0;3.0;2015-03-01;BRASPINE;BARRETOS;PR;JAGUARIAIVA;43,35;32,98;141,29;19,56;89,47;14,68;49,46;27,19;99,99;29,64;0,00;0,09
2015.0;3.0;2015-03-01;BRASPINE;BAU;;;;;89,75;19,07;87,24;12,32;54,23;25,53;99,98;85,42;0,00;8,02
2015.0;3.0;2015-03-01;BRASPINE;BOA VISTA II;PR;PIRAI DO SUL;944,00;535,05;151,46;19,57;88,72;14,51;50,10;26,43;99,97;14,51;0,00;0,52
2015.0;3.0;2015-03-01;BRASPINE;BRASILEIRA;;;;;140,69;19,57;90,15;14,97;48,24;27,34;100,00;14,97;0,00;3,04
2015.0;3.0;2015-03-01;BRASPINE;BURACAO;;;;;231,31;19,58;87,79;14,46;50,01;26,24;99,88;14,46;0,00;0,12
2015.0;3.0;2015-03-01;BRASPINE;BURRINHO;PR;DOUTOR ULYSSES;211,01;100,37;182,97;19,73;90,20;15,26;47,47;27,66;100,00;0,00;0,00;0,84
2015.0;3.0;2015-03-01;BRASPINE;CADEADO I;PR;JAGUARIAIVA;21,07;12,29;130,32;19,38;89,84;14,53;48,55;26,95;100,00;29,51;0,00;3,26
2015.0;3.0;2015-03-01;BRASPINE;CADEADO II;PR;JAGUARIAIVA;21,88;16,79;130,32;19,38;89,84;14,53;48,55;26,95;100,00;29,51;0,00;3,26
2015.0;3.0;2015-03-01;BRASPINE;CAMPINA ALTA;PR;TIBAGI;29,77;18,24;139,98;20,35;87,19;14,92;50,05;26,81;99,91;14,92;0,00;1,72
2015.0;3.0;2015-03-01;BRASPINE;CAMPINA DO ELIAS;PR;JAGUARIAIVA;29,17;14,65;149,66;19,49;89,60;14,62;49,13;26,84;99,99;29,59;0,00;0,74
2015.0;3.0;2015-03-01;BRASPINE;CAMPO NOVO;PR;JAGUARIAIVA;295,98;156,36;132,82;19,38;89,84;14,53;48,55;26,95;100,00;29,51;0,00;3,26
2015.0;3.0;2015-03-01;BRASPINE;CONSULTORIA II A;PR;DOUTOR ULYSSES;89,62;60,79;148,33;19,57;90,15;14,97;48,24;27,34;100,00;14,97;0,00;3,04
2015.0;3.0;2015-03-01;BRASPINE;DINIZ;;;;;140,50;19,57;90,15;14,97;48,24;27,34;100,00;14,97;0,00;3,04
2015.0;3.0;2015-03-01;BRASPINE;ENES;PR;JAGUARIAIVA;5,93;5,69;133,66;19,38;89,84;14,53;48,55;26,95;100,00;29,51;0,00;3,26
2015.0;3.0;2015-03-01;BRASPINE;ENGENHARIA;;;;;140,50;19,57;90,15;14,97;48,24;27,34;100,00;14,97;0,00;3,04
2015.0;3.0;2015-03-01;BRASPINE;ESTACAO;PR;SENGES;4,76;4,14;129,74;19,38;89,84;14,53;48,55;26,95;100,00;29,51;0,00;3,26
2015.0;3.0;2015-03-01;BRASPINE;FAXINAL;PR;JAGUARIAIVA;20,65;20,65;133,66;19,38;89,84;14,53;48,55;26,95;100,00;29,51;0,00;3,26
2015.0;3.0;2015-03-01;BRASPINE;FEITAL;PR;DOUTOR ULYSSES;154,17;86,53;146,72;19,74;90,13;15,14;48,09;27,60;100,00;0,00;0,00;1,90
2015.0;3.0;2015-03-01;BRASPINE;FIGUEIRA;PR;DOUTOR ULYSSES;1053,81;315,71;151,49;19,73;90,20;15,26;47,47;27,66;100,00;0,00;0,00;0,84
2015.0;3.0;2015-03-01;BRASPINE;FIGUEIRINHA;PR;DOUTOR ULYSSES;94,37;56,74;171,60;19,73;90,20;15,26;47,47;27,66;100,00;0,00;0,00;0,84
2015.0;3.0;2015-03-01;BRASPINE;FLOEMA;PR;DOUTOR ULYSSES;2189,88;701,43;171,97;19,24;90,19;14,70;47,96;26,91;100,00;29,67;0,00;0,93
2015.0;3.0;2015-03-01;BRASPINE;FLOEMA I - SUDATI;;;;;125,80;19,57;90,15;14,97;48,24;27,34;100,00;14,97;0,00;3,04
2015.0;3.0;2015-03-01;BRASPINE;FLOEMA II - SUDATI;PR;DOUTOR ULYSSES;453,83;211,13;140,43;19,57;90,15;14,97;48,24;27,34;100,00;14,97;0,00;3,04
2015.0;3.0;2015-03-01;BRASPINE;FLOR DA SERRA;PR;SAO JOSE DA BOA VISTA;209,10;128,72;155,25;21,35;83,21;15,52;50,90;28,28;99,69;0,00;0,00;13,88
2015.0;3.0;2015-03-01;BRASPINE;GENTIL;PR;JAGUARIAIVA;126,77;53,33;139,08;19,28;87,78;14,46;52,04;25,79;99,62;58,95;0,00;0,22
2015.0;3.0;2015-03-01;BRASPINE;GUAIRACA;PR;GUARAPUAVA;623,62;169,31;101,91;19,25;87,19;13,49;52,12;25,58;100,00;71,84;0,00;3,78
2015.0;3.0;2015-03-01;BRASPINE;HERVAL 2 - MADALOSSO;;;;;203,16;19,58;87,79;14,46;50,01;26,24;99,88;14,46;0,00;0,12
2015.0;3.0;2015-03-01;BRASPINE;HERVAL DE BAIXO;PR;RESERVA;827,29;475,92;124,57;20,33;87,39;14,87;50,48;26,92;99,84;14,87;0,00;0,04
2015.0;3.0;2015-03-01;BRASPINE;HORTO 01;PR;TURVO;19,12;19,12;92,71;19,72;87,86;13,97;53,95;26,08;99,84;43,03;0,00;2,80
2015.0;3.0;2015-03-01;BRASPINE;HORTO 02;PR;TURVO;4,24;4,24;93,45;19,72;87,86;13,97;53,95;26,08;99,84;43,03;0,00;2,80
2015.0;3.0;2015-03-01;BRASPINE;HORTO 03;PR;PRUDENTOPOLIS;80,91;25,89;90,35;20,21;87,03;14,43;51,13;26,74;99,88;29,33;0,00;2,74
2015.0;3.0;2015-03-01;BRASPINE;HORTO 08;PR;TURVO;9,53;9,53;82,67;20,21;87,03;14,43;51,13;26,74;99,88;29,33;0,00;2,74
2015.0;3.0;2015-03-01;BRASPINE;HORTO 12;PR;PRUDENTOPOLIS;12,20;12,20;89,88;20,21;87,03;14,43;51,13;26,74;99,88;29,33;0,00;2,74
2015.0;3.0;2015-03-01;BRASPINE;IZAU;PR;PIRAI DO SUL;19,37;11,60;137,18;19,29;88,19;14,34;51,08;25,86;99,73;73,57;0,00;0,69
2015.0;3.0;2015-03-01;BRASPINE;JOAO RICO;PR;JAGUARIAIVA;47,46;26,18;138,42;19,53;88,04;14,80;51,37;26,28;99,86;14,80;0,00;0,53
2015.0;3.0;2015-03-01;BRASPINE;LAGOA;PR;JAGUARIAIVA;24,10;10,78;136,83;19,38;89,84;14,53;48,55;26,95;100,00;29,51;0,00;3,26
2015.0;3.0;2015-03-01;BRASPINE;MARACANA;PR;JANDAIA DO SUL;11,45;11,45;88,99;21,85;85,63;16,73;51,28;28,40;99,98;0,00;0,00;2,75
2015.0;3.0;2015-03-01;BRASPINE;MARRECA;;;;;156,09;19,73;90,20;15,26;47,47;27,66;100,00;0,00;0,00;0,84
2015.0;3.0;2015-03-01;BRASPINE;MARRECA SP;SP;ITAPIRAPUA PAULISTA;675,30;236,19;197,14;20,47;89,88;15,94;47,09;28,61;100,00;0,00;0,00;357,44
2015.0;3.0;2015-03-01;BRASPINE;MARRECAS;;;;;100,28;18,56;87,77;12,99;51,81;24,91;100,00;127,44;0,00;1,09
2015.0;3.0;2015-03-01;BRASPINE;MERCADINHO;;;;;201,46;20,37;88,70;15,63;46,84;28,47;100,00;0,00;0,00;1,99
2015.0;3.0;2015-03-01;BRASPINE;MONTE ALEGRE;;;;;89,89;22,36;84,63;17,16;50,48;29,02;99,99;0,00;0,00;3,27
2015.0;3.0;2015-03-01;BRASPINE;MONTE TABOR II;;;;;128,04;19,83;90,79;14,64;51,27;27,34;100,00;14,64;0,00;28,53
2015.0;3.0;2015-03-01;BRASPINE;MOREIRA;PR;DOUTOR ULYSSES;230,52;68,68;140,43;19,57;90,15;14,97;48,24;27,34;100,00;14,97;0,00;3,04
2015.0;3.0;2015-03-01;BRASPINE;MOREIRAS II;PR;DOUTOR ULYSSES;66,76;28,75;149,52;19,57;90,15;14,97;48,24;27,34;100,00;14,97;0,00;3,04
2015.0;3.0;2015-03-01;BRASPINE;MORRETES;PR;ORTIGUEIRA;20,36;20,36;120,34;20,75;87,40;14,88;51,06;27,59;99,91;14,88;0,00;2,09
2015.0;3.0;2015-03-01;BRASPINE;MORRO AZUL;;;;;124,52;19,87;89,94;15,01;48,46;27,94;100,00;0,00;0,00;61,80
2015.0;3.0;2015-03-01;BRASPINE;OURO FINO;SP;APIAI;51,70;51,70;140,15;19,66;90,87;14,57;50,24;27,45;100,00;14,57;0,00;57,92
2015.0;3.0;2015-03-01;BRASPINE;PALMEIRINHA DE BAIXO - SOSSEGO;PR;SENGES;85,93;9,22;138,87;19,30;88,48;14,64;49,83;26,69;99,85;14,64;0,00;67,73
2015.0;3.0;2015-03-01;BRASPINE;PAZIN;PR;DOUTOR ULYSSES;41,20;23,90;153,04;19,73;90,20;15,26;47,47;27,66;100,00;0,00;0,00;0,84
2015.0;3.0;2015-03-01;BRASPINE;PEDRAS;PR;CASTRO;7,18;7,18;154,13;19,37;88,33;13,97;52,76;25,82;99,72;73,43;0,00;3,02
2015.0;3.0;2015-03-01;BRASPINE;PESCARIA;PR;SAO JOSE DA BOA VISTA;184,57;129,22;164,94;21,53;82,55;15,77;48,31;28,51;99,55;0,00;0,00;0,12
2015.0;3.0;2015-03-01;BRASPINE;PESSEGUEIRO;PR;DOUTOR ULYSSES;109,95;64,79;139,18;19,57;90,15;14,97;48,24;27,34;100,00;14,97;0,00;3,04
2015.0;3.0;2015-03-01;BRASPINE;PITANGA;;;;;101,75;19,73;86,69;11,89;53,52;26,25;100,00;41,24;0,00;2,99
2015.0;3.0;2015-03-01;BRASPINE;QUEIMADINHO ARROIO CLARO;PR;DOUTOR ULYSSES;48,13;19,09;140,69;19,57;90,15;14,97;48,24;27,34;100,00;14,97;0,00;3,04
2015.0;3.0;2015-03-01;BRASPINE;QUEIMADINHO M6042;PR;DOUTOR ULYSSES;48,38;18,50;140,69;19,57;90,15;14,97;48,24;27,34;100,00;14,97;0,00;3,04
2015.0;3.0;2015-03-01;BRASPINE;QUEIMADINHO USUCAPIAO;PR;DOUTOR ULYSSES;200,27;92,43;140,69;19,57;90,15;14,97;48,24;27,34;100,00;14,97;0,00;3,04
2015.0;3.0;2015-03-01;BRASPINE;RAMOS;PR;SENGES;69,83;38,15;125,80;19,38;89,84;14,53;48,55;26,95;100,00;29,51;0,00;3,26
2015.0;3.0;2015-03-01;BRASPINE;RIBEIRAO GRANDE;PR;JAGUARIAIVA;20,77;20,77;135,34;19,29;88,19;14,34;51,08;25,86;99,73;73,57;0,00;0,69
2015.0;3.0;2015-03-01;BRASPINE;RINCAO DE BAIXO;;;;;161,76;19,90;85,16;14,24;49,01;26,19;99,86;14,24;0,00;1,31
2015.0;3.0;2015-03-01;BRASPINE;RIO BOMBA;PR;CERRO AZUL;65,03;37,72;196,25;20,68;87,63;15,72;47,11;28,66;99,97;0,00;0,00;0,31
2015.0;3.0;2015-03-01;BRASPINE;RIO DO MEIO;PR;DOUTOR ULYSSES;712,33;389,13;147,15;19,57;90,15;14,97;48,24;27,34;100,00;14,97;0,00;3,04
2015.0;3.0;2015-03-01;BRASPINE;RONDON;PR;JAGUARIAIVA;2899,24;1475,88;138,28;19,33;88,78;14,73;50,14;26,58;99,89;14,73;0,00;15,74
2015.0;3.0;2015-03-01;BRASPINE;SANTA FELICIDADE;;;;;162,69;20,89;89,59;15,83;46,78;29,18;100,00;0,00;0,00;0,30
2015.0;3.0;2015-03-01;BRASPINE;SANTA LIDIA DO CERCADINHO;;;;;164,70;19,57;85,28;13,97;49,35;25,83;99,83;13,97;0,00;1,92
2015.0;3.0;2015-03-01;BRASPINE;SANTO ANTONIO;;;;;140,75;19,35;88,74;14,64;49,29;27,08;100,00;14,64;0,00;66,88
2015.0;3.0;2015-03-01;BRASPINE;SAO JOSE;PR;JANDAIA DO SUL;37,56;37,56;89,63;22,20;84,87;17,01;50,72;28,82;99,99;0,00;0,00;3,64
2015.0;3.0;2015-03-01;BRASPINE;SAO MATHEUS;;;;;100,25;23,46;83,74;18,13;49,61;30,68;99,99;0,00;0,00;0,01
2015.0;3.0;2015-03-01;BRASPINE;SAO PEDRO E SAO PAULO;PR;SAPOPEMA;709,13;323,93;122,76;20,57;85,91;14,78;51,43;26,69;99,70;14,78;0,00;0,90
2015.0;3.0;2015-03-01;BRASPINE;SAO RAFAEL;;;;;144,17;19,67;85,45;14,43;52,52;25,84;99,82;44,22;0,00;0,39
2015.0;3.0;2015-03-01;BRASPINE;SAO RAFAEL - PB;;;;;139,01;19,76;90,65;14,87;49,57;27,67;100,00;14,87;0,00;59,02
2015.0;3.0;2015-03-01;BRASPINE;SERRARIA;PR;DOUTOR ULYSSES;280,88;117,71;166,10;19,48;90,20;14,98;47,71;27,29;100,00;14,98;0,00;0,89
2015.0;3.0;2015-03-01;BRASPINE;SERRO VERDE;;;;;115,23;19,40;86,04;12,31;52,72;26,08;99,93;56,19;0,00;8,64
2015.0;3.0;2015-03-01;BRASPINE;SERTAOZINHO;PR;DOUTOR ULYSSES;16,25;16,25;137,11;19,57;90,15;14,97;48,24;27,34;100,00;14,97;0,00;3,04
2015.0;3.0;2015-03-01;BRASPINE;SITIO BASILIO;PR;JAGUARIAIVA;8,08;8,08;136,84;19,35;87,72;14,59;52,15;25,90;99,70;59,40;0,00;1,86
2015.0;3.0;2015-03-01;BRASPINE;SITIO DAS MARRECAS;PR;DOUTOR ULYSSES;77,49;35,17;166,82;20,26;89,97;15,74;47,20;28,34;100,00;0,00;0,00;0,83
2015.0;3.0;2015-03-01;BRASPINE;SOBRADINHO;SP;BOM SUCESSO DE ITARARE;285,80;123,10;130,27;19,30;89,59;14,55;49,87;27,19;100,00;14,55;0,00;64,61
2015.0;3.0;2015-03-01;BRASPINE;TAQUARAL;PR;JAGUARIAIVA;519,13;31,07;144,27;19,52;88,67;14,84;50,91;26,49;100,00;14,84;0,00;4,22
2015.0;3.0;2015-03-01;BRASPINE;TUCUNDUVA;PR;SENGES;82,21;60,89;144,65;20,04;85,29;14,74;50,05;26,91;99,68;14,74;0,00;49,84
2015.0;3.0;2015-03-01;BRASPINE;TUCUNDUVA - CHAMMA;;;;;141,48;20,07;85,43;15,03;49,67;27,18;99,59;0,00;0,00;52,06
2015.0;3.0;2015-03-01;BRASPINE;VIENA 1;PR;DOUTOR ULYSSES;263,98;178,34;179,41;19,18;89,80;14,67;49,32;28,21;100,00;59,35;0,00;1,22
2015.0;3.0;2015-03-01;BRASPINE;VIENA 2;PR;CERRO AZUL;140,23;96,54;196,00;20,68;87,63;15,72;47,11;28,66;99,97;0,00;0,00;0,31
2015.0;3.0;2015-03-01;BRASPINE;VITORIA;PR;SENGES;50,54;35,69;138,87;19,30;88,48;14,64;49,83;26,69;99,85;14,64;0,00;67,73
2015.0;3.0;2015-03-01;BRASPINE;VIVEIRO;PR;DOUTOR ULYSSES;405,39;261,22;149,52;19,57;90,15;14,97;48,24;27,34;100,00;14,97;0,00;3,04
2015.0;3.0;2015-03-01;BRASPINE;VO LINO;PR;DOUTOR ULYSSES;164,50;97,89;165,45;19,73;90,20;15,26;47,47;27,66;100,00;0,00;0,00;0,84
2015.0;3.0;2015-03-01;BRASPINE;XAXIM VELHO;;;;;97,94;18,78;87,41;13,06;54,14;26,34;100,00;127,30;0,00;12,91
2015.0;4.0;2015-04-01;BRASPINE;AGUA DOCE;PR;JAGUARIAIVA;238,97;121,99;43,08;18,06;83,14;11,06;48,75;24,89;99,72;240,64;0,00;32,02
2015.0;4.0;2015-04-01;BRASPINE;AMATA;;;;;57,09;19,68;81,92;13,31;45,98;27,63;99,98;71,13;0,00;0,81
2015.0;4.0;2015-04-01;BRASPINE;ANTA BRAVA;;;;;41,03;20,78;80,90;14,91;47,11;28,19;99,94;14,91;0,00;331,29
2015.0;4.0;2015-04-01;BRASPINE;ARAPONGAS;PR;SENGES;423,34;263,70;45,84;18,10;85,49;11,54;49,29;25,94;100,00;233,76;0,00;4,62
2015.0;4.0;2015-04-01;BRASPINE;ARROIO CLARO;PR;DOUTOR ULYSSES;275,14;92,00;44,54;18,23;85,49;11,61;49,17;26,46;100,00;206,72;0,00;346,27
2015.0;4.0;2015-04-01;BRASPINE;BARRA GRANDE;PR;DOUTOR ULYSSES;493,79;139,68;45,08;18,62;85,55;12,05;49,48;26,69;100,00;166,46;0,00;4,51
2015.0;4.0;2015-04-01;BRASPINE;BARRA GRANDE - BEMAIS;PR;GUARAPUAVA;299,16;108,61;89,21;17,20;83,99;9,89;50,92;24,02;100,00;264,62;0,00;22,78
2015.0;4.0;2015-04-01;BRASPINE;BARRETOS;PR;JAGUARIAIVA;43,35;32,98;46,34;18,06;84,85;11,23;49,45;25,43;99,94;260,52;0,00;3,20
2015.0;4.0;2015-04-01;BRASPINE;BAU;;;;;67,44;17,50;82,83;10,50;51,13;23,92;99,89;271,49;0,00;2,94
2015.0;4.0;2015-04-01;BRASPINE;BOA VISTA II;PR;PIRAI DO SUL;944,00;535,05;42,56;18,05;84,07;11,04;49,04;25,22;100,00;242,76;0,00;1,54
2015.0;4.0;2015-04-01;BRASPINE;BRASILEIRA;;;;;41,60;18,10;85,49;11,54;49,29;25,94;100,00;233,76;0,00;4,62
2015.0;4.0;2015-04-01;BRASPINE;BURACAO;;;;;48,38;17,93;83,57;10,95;47,63;25,36;99,91;215,94;0,00;3,56
2015.0;4.0;2015-04-01;BRASPINE;BURRINHO;PR;DOUTOR ULYSSES;211,01;100,37;44,75;18,23;85,49;11,61;49,17;26,46;100,00;206,72;0,00;346,27
2015.0;4.0;2015-04-01;BRASPINE;CADEADO I;PR;JAGUARIAIVA;21,07;12,29;39,09;17,90;85,17;11,25;49,05;25,50;100,00;258,05;0,00;4,40
2015.0;4.0;2015-04-01;BRASPINE;CADEADO II;PR;JAGUARIAIVA;21,88;16,79;39,09;17,90;85,17;11,25;49,05;25,50;100,00;258,05;0,00;4,40
2015.0;4.0;2015-04-01;BRASPINE;CAMPINA ALTA;PR;TIBAGI;29,77;18,24;98,24;18,89;81,62;10,78;47,75;25,85;99,93;224,26;0,00;2,36
2015.0;4.0;2015-04-01;BRASPINE;CAMPINA DO ELIAS;PR;JAGUARIAIVA;29,17;14,65;40,48;18,00;84,97;11,23;49,31;25,46;99,96;259,61;0,00;3,57
2015.0;4.0;2015-04-01;BRASPINE;CAMPO NOVO;PR;JAGUARIAIVA;295,98;156,36;49,71;17,90;85,17;11,25;49,05;25,50;100,00;258,05;0,00;4,40
2015.0;4.0;2015-04-01;BRASPINE;CONSULTORIA II A;PR;DOUTOR ULYSSES;89,62;60,79;42,51;18,10;85,49;11,54;49,29;25,94;100,00;233,76;0,00;4,62
2015.0;4.0;2015-04-01;BRASPINE;DINIZ;;;;;43,71;18,10;85,49;11,54;49,29;25,94;100,00;233,76;0,00;4,62
2015.0;4.0;2015-04-01;BRASPINE;ENES;PR;JAGUARIAIVA;5,93;5,69;50,25;17,90;85,17;11,25;49,05;25,50;100,00;258,05;0,00;4,40
2015.0;4.0;2015-04-01;BRASPINE;ENGENHARIA;;;;;43,71;18,10;85,49;11,54;49,29;25,94;100,00;233,76;0,00;4,62
2015.0;4.0;2015-04-01;BRASPINE;ESTACAO;PR;SENGES;4,76;4,14;40,75;17,90;85,17;11,25;49,05;25,50;100,00;258,05;0,00;4,40
2015.0;4.0;2015-04-01;BRASPINE;FAXINAL;PR;JAGUARIAIVA;20,65;20,65;50,25;17,90;85,17;11,25;49,05;25,50;100,00;258,05;0,00;4,40
2015.0;4.0;2015-04-01;BRASPINE;FEITAL;PR;DOUTOR ULYSSES;154,17;86,53;43,86;18,27;85,51;11,71;49,36;26,19;100,00;221,54;0,00;4,58
2015.0;4.0;2015-04-01;BRASPINE;FIGUEIRA;PR;DOUTOR ULYSSES;1053,81;315,71;44,14;18,23;85,49;11,61;49,17;26,46;100,00;206,72;0,00;346,27
2015.0;4.0;2015-04-01;BRASPINE;FIGUEIRINHA;PR;DOUTOR ULYSSES;94,37;56,74;52,89;18,23;85,49;11,61;49,17;26,46;100,00;206,72;0,00;346,27
2015.0;4.0;2015-04-01;BRASPINE;FLOEMA;PR;DOUTOR ULYSSES;2189,88;701,43;41,58;17,70;85,45;11,11;49,14;25,70;100,00;256,06;0,00;0,02
2015.0;4.0;2015-04-01;BRASPINE;FLOEMA I - SUDATI;;;;;41,15;18,10;85,49;11,54;49,29;25,94;100,00;233,76;0,00;4,62
2015.0;4.0;2015-04-01;BRASPINE;FLOEMA II - SUDATI;PR;DOUTOR ULYSSES;453,83;211,13;41,48;18,10;85,49;11,54;49,29;25,94;100,00;233,76;0,00;4,62
2015.0;4.0;2015-04-01;BRASPINE;FLOR DA SERRA;PR;SAO JOSE DA BOA VISTA;209,10;128,72;56,60;20,17;76,58;13,41;41,78;27,20;99,74;86,02;0,00;5,02
2015.0;4.0;2015-04-01;BRASPINE;GENTIL;PR;JAGUARIAIVA;126,77;53,33;43,78;17,77;83,06;10,74;48,60;24,49;99,61;250,05;0,00;34,17
2015.0;4.0;2015-04-01;BRASPINE;GUAIRACA;PR;GUARAPUAVA;623,62;169,31;80,23;17,29;84,06;9,88;51,54;24,14;100,00;265,97;0,00;35,74
2015.0;4.0;2015-04-01;BRASPINE;HERVAL 2 - MADALOSSO;;;;;50,39;17,93;83,57;10,95;47,63;25,36;99,91;215,94;0,00;3,56
2015.0;4.0;2015-04-01;BRASPINE;HERVAL DE BAIXO;PR;RESERVA;827,29;475,92;95,38;18,79;82,03;9,79;48,06;25,80;99,87;234,35;0,00;5,46
2015.0;4.0;2015-04-01;BRASPINE;HORTO 01;PR;TURVO;19,12;19,12;75,90;17,95;83,94;10,61;53,75;24,57;99,83;256,05;0,00;0,02
2015.0;4.0;2015-04-01;BRASPINE;HORTO 02;PR;TURVO;4,24;4,24;72,18;17,95;83,94;10,61;53,75;24,57;99,83;256,05;0,00;0,02
2015.0;4.0;2015-04-01;BRASPINE;HORTO 03;PR;PRUDENTOPOLIS;80,91;25,89;86,07;18,43;83,17;11,08;52,92;25,21;99,96;209,57;0,00;3,65
2015.0;4.0;2015-04-01;BRASPINE;HORTO 08;PR;TURVO;9,53;9,53;63,80;18,43;83,17;11,08;52,92;25,21;99,96;209,57;0,00;3,65
2015.0;4.0;2015-04-01;BRASPINE;HORTO 12;PR;PRUDENTOPOLIS;12,20;12,20;86,72;18,43;83,17;11,08;52,92;25,21;99,96;209,57;0,00;3,65
2015.0;4.0;2015-04-01;BRASPINE;IZAU;PR;PIRAI DO SUL;19,37;11,60;45,33;17,76;83,71;10,70;47,89;24,66;99,61;253,03;0,00;1,13
2015.0;4.0;2015-04-01;BRASPINE;JOAO RICO;PR;JAGUARIAIVA;47,46;26,18;43,47;18,06;83,14;11,06;48,75;24,89;99,72;240,64;0,00;32,02
2015.0;4.0;2015-04-01;BRASPINE;LAGOA;PR;JAGUARIAIVA;24,10;10,78;39,08;17,90;85,17;11,25;49,05;25,50;100,00;258,05;0,00;4,40
2015.0;4.0;2015-04-01;BRASPINE;MARACANA;PR;JANDAIA DO SUL;11,45;11,45;64,88;20,76;79,48;14,10;46,26;27,27;99,92;71,58;0,00;5,24
2015.0;4.0;2015-04-01;BRASPINE;MARRECA;;;;;48,18;18,23;85,49;11,61;49,17;26,46;100,00;206,72;0,00;346,27
2015.0;4.0;2015-04-01;BRASPINE;MARRECA SP;SP;ITAPIRAPUA PAULISTA;675,30;236,19;53,44;18,98;85,22;11,93;49,16;27,40;100,00;125,13;0,00;0,07
2015.0;4.0;2015-04-01;BRASPINE;MARRECAS;;;;;78,91;16,67;84,53;9,29;51,01;23,57;100,00;282,31;0,00;349,33
2015.0;4.0;2015-04-01;BRASPINE;MERCADINHO;;;;;52,33;18,88;83,72;11,75;47,46;27,05;99,99;139,27;0,00;0,07
2015.0;4.0;2015-04-01;BRASPINE;MONTE ALEGRE;;;;;64,60;21,23;78,74;14,53;46,22;27,75;99,91;73,40;0,00;1,57
2015.0;4.0;2015-04-01;BRASPINE;MONTE TABOR II;;;;;49,93;18,31;87,17;11,03;54,45;26,37;100,00;209,77;0,00;0,64
2015.0;4.0;2015-04-01;BRASPINE;MOREIRA;PR;DOUTOR ULYSSES;230,52;68,68;41,48;18,10;85,49;11,54;49,29;25,94;100,00;233,76;0,00;4,62
2015.0;4.0;2015-04-01;BRASPINE;MOREIRAS II;PR;DOUTOR ULYSSES;66,76;28,75;42,66;18,10;85,49;11,54;49,29;25,94;100,00;233,76;0,00;4,62
2015.0;4.0;2015-04-01;BRASPINE;MORRETES;PR;ORTIGUEIRA;20,36;20,36;96,75;19,21;82,33;9,89;48,16;26,41;99,80;237,74;0,00;0,48
2015.0;4.0;2015-04-01;BRASPINE;MORRO AZUL;;;;;43,23;18,41;85,78;11,85;48,49;26,20;100,00;222,82;0,00;13,71
2015.0;4.0;2015-04-01;BRASPINE;OURO FINO;SP;APIAI;51,70;51,70;50,77;18,15;87,04;11,74;51,76;25,98;100,00;236,27;0,00;1,83
2015.0;4.0;2015-04-01;BRASPINE;PALMEIRINHA DE BAIXO - SOSSEGO;PR;SENGES;85,93;9,22;33,00;17,90;83,71;11,24;47,57;24,86;99,77;225,89;0,00;15,91
2015.0;4.0;2015-04-01;BRASPINE;PAZIN;PR;DOUTOR ULYSSES;41,20;23,90;47,42;18,23;85,49;11,61;49,17;26,46;100,00;206,72;0,00;346,27
2015.0;4.0;2015-04-01;BRASPINE;PEDRAS;PR;CASTRO;7,18;7,18;48,86;17,77;84,03;10,69;49,03;24,71;99,77;268,13;0,00;4,65
2015.0;4.0;2015-04-01;BRASPINE;PESCARIA;PR;SAO JOSE DA BOA VISTA;184,57;129,22;55,09;20,43;75,60;13,46;39,22;27,43;99,73;57,16;0,00;8,23
2015.0;4.0;2015-04-01;BRASPINE;PESSEGUEIRO;PR;DOUTOR ULYSSES;109,95;64,79;40,69;18,10;85,49;11,54;49,29;25,94;100,00;233,76;0,00;4,62
2015.0;4.0;2015-04-01;BRASPINE;PITANGA;;;;;68,99;18,25;82,11;11,38;52,71;24,58;99,80;210,95;0,00;1,67
2015.0;4.0;2015-04-01;BRASPINE;QUEIMADINHO ARROIO CLARO;PR;DOUTOR ULYSSES;48,13;19,09;41,60;18,10;85,49;11,54;49,29;25,94;100,00;233,76;0,00;4,62
2015.0;4.0;2015-04-01;BRASPINE;QUEIMADINHO M6042;PR;DOUTOR ULYSSES;48,38;18,50;41,60;18,10;85,49;11,54;49,29;25,94;100,00;233,76;0,00;4,62
2015.0;4.0;2015-04-01;BRASPINE;QUEIMADINHO USUCAPIAO;PR;DOUTOR ULYSSES;200,27;92,43;41,60;18,10;85,49;11,54;49,29;25,94;100,00;233,76;0,00;4,62
2015.0;4.0;2015-04-01;BRASPINE;RAMOS;PR;SENGES;69,83;38,15;41,15;17,90;85,17;11,25;49,05;25,50;100,00;258,05;0,00;4,40
2015.0;4.0;2015-04-01;BRASPINE;RIBEIRAO GRANDE;PR;JAGUARIAIVA;20,77;20,77;44,56;17,76;83,71;10,70;47,89;24,66;99,61;253,03;0,00;1,13
2015.0;4.0;2015-04-01;BRASPINE;RINCAO DE BAIXO;;;;;86,47;18,40;79,85;11,13;44,44;25,13;99,76;237,19;0,00;2,89
2015.0;4.0;2015-04-01;BRASPINE;RIO BOMBA;PR;CERRO AZUL;65,03;37,72;48,45;19,18;82,64;12,81;46,32;27,14;99,95;127,21;0,00;0,35
2015.0;4.0;2015-04-01;BRASPINE;RIO DO MEIO;PR;DOUTOR ULYSSES;712,33;389,13;42,37;18,10;85,49;11,54;49,29;25,94;100,00;233,76;0,00;4,62
2015.0;4.0;2015-04-01;BRASPINE;RONDON;PR;JAGUARIAIVA;2899,24;1475,88;42,37;17,89;84,08;11,17;48,97;24,85;99,79;255,60;0,00;26,84
2015.0;4.0;2015-04-01;BRASPINE;SANTA FELICIDADE;;;;;52,00;19,43;85,03;12,23;49,15;28,03;100,00;98,49;0,00;1,34
2015.0;4.0;2015-04-01;BRASPINE;SANTA LIDIA DO CERCADINHO;;;;;84,59;18,06;79,98;10,97;44,69;24,68;99,79;233,97;0,00;2,31
2015.0;4.0;2015-04-01;BRASPINE;SANTO ANTONIO;;;;;35,25;17,94;84,16;11,32;47,13;25,18;99,99;227,08;0,00;11,50
2015.0;4.0;2015-04-01;BRASPINE;SAO JOSE;PR;JANDAIA DO SUL;37,56;37,56;64,89;21,08;78,87;14,39;46,20;27,56;99,92;72,76;0,00;2,49
2015.0;4.0;2015-04-01;BRASPINE;SAO MATHEUS;;;;;54,40;22,20;78,84;15,04;46,78;29,08;99,95;0,00;0,00;0,83
2015.0;4.0;2015-04-01;BRASPINE;SAO PEDRO E SAO PAULO;PR;SAPOPEMA;709,13;323,93;74,23;19,32;78,97;12,37;47,88;26,14;99,60;223,03;0,00;13,01
2015.0;4.0;2015-04-01;BRASPINE;SAO RAFAEL;;;;;52,15;17,75;82,94;10,86;46,87;24,43;99,85;229,64;0,00;0,88
2015.0;4.0;2015-04-01;BRASPINE;SAO RAFAEL - PB;;;;;45,40;18,27;86,72;11,91;51,02;26,13;100,00;207,93;0,00;4,88
2015.0;4.0;2015-04-01;BRASPINE;SERRARIA;PR;DOUTOR ULYSSES;280,88;117,71;42,24;17,96;85,47;11,36;49,16;26,08;100,00;231,82;0,00;1,90
2015.0;4.0;2015-04-01;BRASPINE;SERRO VERDE;;;;;63,96;17,81;81,86;10,85;49,08;24,35;99,87;246,46;0,00;2,52
2015.0;4.0;2015-04-01;BRASPINE;SERTAOZINHO;PR;DOUTOR ULYSSES;16,25;16,25;43,75;18,10;85,49;11,54;49,29;25,94;100,00;233,76;0,00;4,62
2015.0;4.0;2015-04-01;BRASPINE;SITIO BASILIO;PR;JAGUARIAIVA;8,08;8,08;43,21;17,85;82,88;10,83;48,70;24,58;99,65;250,69;0,00;32,33
2015.0;4.0;2015-04-01;BRASPINE;SITIO DAS MARRECAS;PR;DOUTOR ULYSSES;77,49;35,17;52,41;18,77;85,30;11,83;49,21;27,13;100,00;138,23;0,00;0,76
2015.0;4.0;2015-04-01;BRASPINE;SOBRADINHO;SP;BOM SUCESSO DE ITARARE;285,80;123,10;44,54;17,85;85,34;11,40;48,19;25,33;100,00;227,50;0,00;5,61
2015.0;4.0;2015-04-01;BRASPINE;TAQUARAL;PR;JAGUARIAIVA;519,13;31,07;45,39;18,06;83,86;11,18;49,54;24,94;100,00;257,51;0,00;31,26
2015.0;4.0;2015-04-01;BRASPINE;TUCUNDUVA;PR;SENGES;82,21;60,89;46,53;18,74;79,38;11,83;44,23;25,48;99,61;220,04;0,00;322,70
2015.0;4.0;2015-04-01;BRASPINE;TUCUNDUVA - CHAMMA;;;;;49,59;18,79;79,62;11,96;43,62;25,56;99,53;207,60;0,00;14,59
2015.0;4.0;2015-04-01;BRASPINE;VIENA 1;PR;DOUTOR ULYSSES;263,98;178,34;42,75;17,61;85,21;10,91;50,25;25,26;100,00;253,13;0,00;5,65
2015.0;4.0;2015-04-01;BRASPINE;VIENA 2;PR;CERRO AZUL;140,23;96,54;48,29;19,18;82,64;12,81;46,32;27,14;99,95;127,21;0,00;0,35
2015.0;4.0;2015-04-01;BRASPINE;VITORIA;PR;SENGES;50,54;35,69;33,00;17,90;83,71;11,24;47,57;24,86;99,77;225,89;0,00;15,91
2015.0;4.0;2015-04-01;BRASPINE;VIVEIRO;PR;DOUTOR ULYSSES;405,39;261,22;42,66;18,10;85,49;11,54;49,29;25,94;100,00;233,76;0,00;4,62
2015.0;4.0;2015-04-01;BRASPINE;VO LINO;PR;DOUTOR ULYSSES;164,50;97,89;46,58;18,23;85,49;11,61;49,17;26,46;100,00;206,72;0,00;346,27
2015.0;4.0;2015-04-01;BRASPINE;XAXIM VELHO;;;;;74,53;16,76;84,70;9,46;51,33;23,80;100,00;316,60;0,00;2,00
2015.0;5.0;2015-05-01;BRASPINE;AGUA DOCE;PR;JAGUARIAIVA;238,97;121,99;83,80;15,63;85,74;8,45;47,96;22,97;99,86;306,64;0,00;1,19
2015.0;5.0;2015-05-01;BRASPINE;AMATA;;;;;93,68;17,11;84,95;8,41;49,64;26,13;100,00;269,10;0,00;3,20
2015.0;5.0;2015-05-01;BRASPINE;ANTA BRAVA;;;;;105,35;18,63;82,12;12,81;50,39;26,73;99,59;195,07;0,00;0,07
2015.0;5.0;2015-05-01;BRASPINE;ARAPONGAS;PR;SENGES;423,34;263,70;86,94;15,72;87,75;7,97;49,14;23,99;100,00;313,33;0,00;0,16
2015.0;5.0;2015-05-01;BRASPINE;ARROIO CLARO;PR;DOUTOR ULYSSES;275,14;92,00;87,15;15,87;87,70;7,78;50,12;24,60;100,00;318,61;0,00;0,48
2015.0;5.0;2015-05-01;BRASPINE;BARRA GRANDE;PR;DOUTOR ULYSSES;493,79;139,68;86,45;16,21;87,87;7,90;49,87;24,78;100,00;309,37;0,00;17,03
2015.0;5.0;2015-05-01;BRASPINE;BARRA GRANDE - BEMAIS;PR;GUARAPUAVA;299,16;108,61;182,04;14,83;86,20;6,40;51,98;21,70;99,99;305,77;0,00;20,45
2015.0;5.0;2015-05-01;BRASPINE;BARRETOS;PR;JAGUARIAIVA;43,35;32,98;92,97;15,68;87,11;7,71;47,99;23,39;99,98;310,29;0,00;3,95
2015.0;5.0;2015-05-01;BRASPINE;BAU;;;;;163,39;15,03;85,21;5,60;52,11;21,74;99,90;299,06;0,00;2,11
2015.0;5.0;2015-05-01;BRASPINE;BOA VISTA II;PR;PIRAI DO SUL;944,00;535,05;88,62;15,66;86,42;7,61;47,82;23,11;99,99;307,22;0,00;5,59
2015.0;5.0;2015-05-01;BRASPINE;BRASILEIRA;;;;;83,39;15,72;87,75;7,97;49,14;23,99;100,00;313,33;0,00;0,16
2015.0;5.0;2015-05-01;BRASPINE;BURACAO;;;;;103,68;15,51;85,99;7,56;50,85;23,80;99,85;303,78;0,00;2,94
2015.0;5.0;2015-05-01;BRASPINE;BURRINHO;PR;DOUTOR ULYSSES;211,01;100,37;87,02;15,87;87,70;7,78;50,12;24,60;100,00;318,61;0,00;0,48
2015.0;5.0;2015-05-01;BRASPINE;CADEADO I;PR;JAGUARIAIVA;21,07;12,29;80,52;15,51;87,47;7,15;48,14;23,53;100,00;303,87;0,00;0,29
2015.0;5.0;2015-05-01;BRASPINE;CADEADO II;PR;JAGUARIAIVA;21,88;16,79;80,52;15,51;87,47;7,15;48,14;23,53;100,00;303,87;0,00;0,29
2015.0;5.0;2015-05-01;BRASPINE;CAMPINA ALTA;PR;TIBAGI;29,77;18,24;169,28;16,41;84,58;6,88;52,12;23,87;99,91;311,26;0,00;7,36
2015.0;5.0;2015-05-01;BRASPINE;CAMPINA DO ELIAS;PR;JAGUARIAIVA;29,17;14,65;84,67;15,62;87,24;7,51;48,05;23,44;99,99;307,95;0,00;346,25
2015.0;5.0;2015-05-01;BRASPINE;CAMPO NOVO;PR;JAGUARIAIVA;295,98;156,36;93,04;15,51;87,47;7,15;48,14;23,53;100,00;303,87;0,00;0,29
2015.0;5.0;2015-05-01;BRASPINE;CONSULTORIA II A;PR;DOUTOR ULYSSES;89,62;60,79;78,44;15,72;87,75;7,97;49,14;23,99;100,00;313,33;0,00;0,16
2015.0;5.0;2015-05-01;BRASPINE;DINIZ;;;;;88,04;15,72;87,75;7,97;49,14;23,99;100,00;313,33;0,00;0,16
2015.0;5.0;2015-05-01;BRASPINE;ENES;PR;JAGUARIAIVA;5,93;5,69;93,99;15,51;87,47;7,15;48,14;23,53;100,00;303,87;0,00;0,29
2015.0;5.0;2015-05-01;BRASPINE;ENGENHARIA;;;;;88,04;15,72;87,75;7,97;49,14;23,99;100,00;313,33;0,00;0,16
2015.0;5.0;2015-05-01;BRASPINE;ESTACAO;PR;SENGES;4,76;4,14;87,67;15,51;87,47;7,15;48,14;23,53;100,00;303,87;0,00;0,29
2015.0;5.0;2015-05-01;BRASPINE;FAXINAL;PR;JAGUARIAIVA;20,65;20,65;93,99;15,51;87,47;7,15;48,14;23,53;100,00;303,87;0,00;0,29
2015.0;5.0;2015-05-01;BRASPINE;FEITAL;PR;DOUTOR ULYSSES;154,17;86,53;80,22;15,88;87,79;7,95;49,38;24,25;100,00;317,05;0,00;16,45
2015.0;5.0;2015-05-01;BRASPINE;FIGUEIRA;PR;DOUTOR ULYSSES;1053,81;315,71;82,33;15,87;87,70;7,78;50,12;24,60;100,00;318,61;0,00;0,48
2015.0;5.0;2015-05-01;BRASPINE;FIGUEIRINHA;PR;DOUTOR ULYSSES;94,37;56,74;83,02;15,87;87,70;7,78;50,12;24,60;100,00;318,61;0,00;0,48
2015.0;5.0;2015-05-01;BRASPINE;FLOEMA;PR;DOUTOR ULYSSES;2189,88;701,43;90,93;15,38;87,58;7,54;48,78;23,89;100,00;303,74;0,00;0,92
2015.0;5.0;2015-05-01;BRASPINE;FLOEMA I - SUDATI;;;;;90,56;15,72;87,75;7,97;49,14;23,99;100,00;313,33;0,00;0,16
2015.0;5.0;2015-05-01;BRASPINE;FLOEMA II - SUDATI;PR;DOUTOR ULYSSES;453,83;211,13;80,65;15,72;87,75;7,97;49,14;23,99;100,00;313,33;0,00;0,16
2015.0;5.0;2015-05-01;BRASPINE;FLOR DA SERRA;PR;SAO JOSE DA BOA VISTA;209,10;128,72;77,37;17,58;80,54;8,35;46,91;25,53;99,45;286,32;0,00;1,62
2015.0;5.0;2015-05-01;BRASPINE;GENTIL;PR;JAGUARIAIVA;126,77;53,33;83,35;15,36;85,65;8,29;48,76;22,73;99,71;299,49;0,00;3,91
2015.0;5.0;2015-05-01;BRASPINE;GUAIRACA;PR;GUARAPUAVA;623,62;169,31;185,55;14,94;86,20;5,95;52,45;21,89;99,99;306,22;0,00;2,05
2015.0;5.0;2015-05-01;BRASPINE;HERVAL 2 - MADALOSSO;;;;;107,32;15,51;85,99;7,56;50,85;23,80;99,85;303,78;0,00;2,94
2015.0;5.0;2015-05-01;BRASPINE;HERVAL DE BAIXO;PR;RESERVA;827,29;475,92;198,62;16,30;85,07;6,88;52,81;23,85;99,84;316,13;0,00;5,76
2015.0;5.0;2015-05-01;BRASPINE;HORTO 01;PR;TURVO;19,12;19,12;174,03;15,46;86,19;6,59;55,74;22,53;99,79;314,60;0,00;2,60
2015.0;5.0;2015-05-01;BRASPINE;HORTO 02;PR;TURVO;4,24;4,24;167,03;15,46;86,19;6,59;55,74;22,53;99,79;314,60;0,00;2,60
2015.0;5.0;2015-05-01;BRASPINE;HORTO 03;PR;PRUDENTOPOLIS;80,91;25,89;198,03;15,92;85,48;6,55;52,87;23,20;99,95;313,92;0,00;1,45
2015.0;5.0;2015-05-01;BRASPINE;HORTO 08;PR;TURVO;9,53;9,53;145,92;15,92;85,48;6,55;52,87;23,20;99,95;313,92;0,00;1,45
2015.0;5.0;2015-05-01;BRASPINE;HORTO 12;PR;PRUDENTOPOLIS;12,20;12,20;205,14;15,92;85,48;6,55;52,87;23,20;99,95;313,92;0,00;1,45
2015.0;5.0;2015-05-01;BRASPINE;IZAU;PR;PIRAI DO SUL;19,37;11,60;87,10;15,37;86,17;8,07;48,17;22,75;99,74;301,26;0,00;5,36
2015.0;5.0;2015-05-01;BRASPINE;JOAO RICO;PR;JAGUARIAIVA;47,46;26,18;83,70;15,63;85,74;8,45;47,96;22,97;99,86;306,64;0,00;1,19
2015.0;5.0;2015-05-01;BRASPINE;LAGOA;PR;JAGUARIAIVA;24,10;10,78;82,78;15,51;87,47;7,15;48,14;23,53;100,00;303,87;0,00;0,29
2015.0;5.0;2015-05-01;BRASPINE;MARACANA;PR;JANDAIA DO SUL;11,45;11,45;172,08;18,20;81,94;9,86;50,74;25,52;99,99;222,74;0,00;0,43
2015.0;5.0;2015-05-01;BRASPINE;MARRECA;;;;;84,48;15,87;87,70;7,78;50,12;24,60;100,00;318,61;0,00;0,48
2015.0;5.0;2015-05-01;BRASPINE;MARRECA SP;SP;ITAPIRAPUA PAULISTA;675,30;236,19;86,45;16,55;87,61;7,70;51,41;25,55;100,00;286,84;0,00;1,59
2015.0;5.0;2015-05-01;BRASPINE;MARRECAS;;;;;180,03;14,32;86,74;5,53;52,16;21,14;100,00;290,20;0,00;6,96
2015.0;5.0;2015-05-01;BRASPINE;MERCADINHO;;;;;87,47;16,40;86,45;7,76;50,02;25,34;100,00;298,95;0,00;0,71
2015.0;5.0;2015-05-01;BRASPINE;MONTE ALEGRE;;;;;173,95;18,60;81,49;10,11;50,92;26,10;99,96;213,73;0,00;2,65
2015.0;5.0;2015-05-01;BRASPINE;MONTE TABOR II;;;;;84,89;15,98;89,10;6,94;56,07;24,94;100,00;278,39;0,00;1,33
2015.0;5.0;2015-05-01;BRASPINE;MOREIRA;PR;DOUTOR ULYSSES;230,52;68,68;80,65;15,72;87,75;7,97;49,14;23,99;100,00;313,33;0,00;0,16
2015.0;5.0;2015-05-01;BRASPINE;MOREIRAS II;PR;DOUTOR ULYSSES;66,76;28,75;78,10;15,72;87,75;7,97;49,14;23,99;100,00;313,33;0,00;0,16
2015.0;5.0;2015-05-01;BRASPINE;MORRETES;PR;ORTIGUEIRA;20,36;20,36;182,86;16,66;85,33;7,01;53,09;24,37;99,82;319,86;0,00;0,00
2015.0;5.0;2015-05-01;BRASPINE;MORRO AZUL;;;;;79,74;16,01;88,01;7,71;47,39;24,32;100,00;320,09;0,00;2,41
2015.0;5.0;2015-05-01;BRASPINE;OURO FINO;SP;APIAI;51,70;51,70;75,71;15,82;88,90;7,17;52,50;24,28;100,00;317,27;0,00;14,19
2015.0;5.0;2015-05-01;BRASPINE;PALMEIRINHA DE BAIXO - SOSSEGO;PR;SENGES;85,93;9,22;75,85;15,50;86,24;8,81;44,68;22,93;99,86;321,22;0,00;1,61
2015.0;5.0;2015-05-01;BRASPINE;PAZIN;PR;DOUTOR ULYSSES;41,20;23,90;79,56;15,87;87,70;7,78;50,12;24,60;100,00;318,61;0,00;0,48
2015.0;5.0;2015-05-01;BRASPINE;PEDRAS;PR;CASTRO;7,18;7,18;100,15;15,39;86,41;7,03;49,93;22,66;99,56;301,45;0,00;2,71
2015.0;5.0;2015-05-01;BRASPINE;PESCARIA;PR;SAO JOSE DA BOA VISTA;184,57;129,22;87,68;17,79;79,79;8,88;43,67;25,51;99,48;275,35;0,00;341,76
2015.0;5.0;2015-05-01;BRASPINE;PESSEGUEIRO;PR;DOUTOR ULYSSES;109,95;64,79;83,75;15,72;87,75;7,97;49,14;23,99;100,00;313,33;0,00;0,16
2015.0;5.0;2015-05-01;BRASPINE;PITANGA;;;;;178,81;15,69;84,66;6,02;51,29;22,46;99,81;299,39;0,00;0,89
2015.0;5.0;2015-05-01;BRASPINE;QUEIMADINHO ARROIO CLARO;PR;DOUTOR ULYSSES;48,13;19,09;83,39;15,72;87,75;7,97;49,14;23,99;100,00;313,33;0,00;0,16
2015.0;5.0;2015-05-01;BRASPINE;QUEIMADINHO M6042;PR;DOUTOR ULYSSES;48,38;18,50;83,39;15,72;87,75;7,97;49,14;23,99;100,00;313,33;0,00;0,16
2015.0;5.0;2015-05-01;BRASPINE;QUEIMADINHO USUCAPIAO;PR;DOUTOR ULYSSES;200,27;92,43;83,39;15,72;87,75;7,97;49,14;23,99;100,00;313,33;0,00;0,16
2015.0;5.0;2015-05-01;BRASPINE;RAMOS;PR;SENGES;69,83;38,15;90,56;15,51;87,47;7,15;48,14;23,53;100,00;303,87;0,00;0,29
2015.0;5.0;2015-05-01;BRASPINE;RIBEIRAO GRANDE;PR;JAGUARIAIVA;20,77;20,77;85,98;15,37;86,17;8,07;48,17;22,75;99,74;301,26;0,00;5,36
2015.0;5.0;2015-05-01;BRASPINE;RINCAO DE BAIXO;;;;;131,68;15,93;83,13;6,70;48,67;23,02;99,52;304,39;0,00;1,69
2015.0;5.0;2015-05-01;BRASPINE;RIO BOMBA;PR;CERRO AZUL;65,03;37,72;95,84;16,63;85,35;7,56;50,43;25,65;100,00;271,09;0,00;0,12
2015.0;5.0;2015-05-01;BRASPINE;RIO DO MEIO;PR;DOUTOR ULYSSES;712,33;389,13;79,51;15,72;87,75;7,97;49,14;23,99;100,00;313,33;0,00;0,16
2015.0;5.0;2015-05-01;BRASPINE;RONDON;PR;JAGUARIAIVA;2899,24;1475,88;84,99;15,48;86,45;8,49;46,76;22,85;99,89;304,34;0,00;11,08
2015.0;5.0;2015-05-01;BRASPINE;SANTA FELICIDADE;;;;;88,71;16,96;87,53;7,28;52,64;26,25;100,00;278,20;0,00;1,27
2015.0;5.0;2015-05-01;BRASPINE;SANTA LIDIA DO CERCADINHO;;;;;140,95;15,63;83,21;6,54;48,74;22,66;99,52;299,19;0,00;356,32
2015.0;5.0;2015-05-01;BRASPINE;SANTO ANTONIO;;;;;76,64;15,54;86,65;8,15;44,05;23,28;100,00;321,53;0,00;29,42
2015.0;5.0;2015-05-01;BRASPINE;SAO JOSE;PR;JANDAIA DO SUL;37,56;37,56;172,77;18,47;81,58;10,05;50,93;25,91;99,98;211,85;0,00;3,25
2015.0;5.0;2015-05-01;BRASPINE;SAO MATHEUS;;;;;172,49;19,47;81,54;10,08;52,01;27,30;99,83;161,37;0,00;0,98
2015.0;5.0;2015-05-01;BRASPINE;SAO PEDRO E SAO PAULO;PR;SAPOPEMA;709,13;323,93;157,21;16,75;82,76;10,04;50,89;24,43;99,72;311,14;0,00;4,97
2015.0;5.0;2015-05-01;BRASPINE;SAO RAFAEL;;;;;116,43;15,47;84,72;6,63;53,67;23,23;99,54;324,21;0,00;3,37
2015.0;5.0;2015-05-01;BRASPINE;SAO RAFAEL - PB;;;;;84,99;15,92;88,68;7,83;51,01;24,35;100,00;320,67;0,00;17,21
2015.0;5.0;2015-05-01;BRASPINE;SERRARIA;PR;DOUTOR ULYSSES;280,88;117,71;90,56;15,62;87,64;7,66;49,45;24,25;100,00;311,17;0,00;0,92
2015.0;5.0;2015-05-01;BRASPINE;SERRO VERDE;;;;;161,19;15,34;84,15;5,18;50,95;22,22;99,92;288,28;0,00;1,21
2015.0;5.0;2015-05-01;BRASPINE;SERTAOZINHO;PR;DOUTOR ULYSSES;16,25;16,25;85,56;15,72;87,75;7,97;49,14;23,99;100,00;313,33;0,00;0,16
2015.0;5.0;2015-05-01;BRASPINE;SITIO BASILIO;PR;JAGUARIAIVA;8,08;8,08;83,68;15,43;85,51;8,20;48,72;22,79;99,71;300,89;0,00;0,57
2015.0;5.0;2015-05-01;BRASPINE;SITIO DAS MARRECAS;PR;DOUTOR ULYSSES;77,49;35,17;82,54;16,35;87,63;7,72;51,05;25,28;100,00;313,30;0,00;1,56
2015.0;5.0;2015-05-01;BRASPINE;SOBRADINHO;SP;BOM SUCESSO DE ITARARE;285,80;123,10;84,14;15,49;87,57;7,65;45,58;23,48;100,00;321,42;0,00;23,23
2015.0;5.0;2015-05-01;BRASPINE;TAQUARAL;PR;JAGUARIAIVA;519,13;31,07;93,60;15,64;86,28;8,51;47,76;22,90;100,00;308,06;0,00;18,54
2015.0;5.0;2015-05-01;BRASPINE;TUCUNDUVA;PR;SENGES;82,21;60,89;93,99;16,18;82,81;8,36;44,69;23,49;99,55;329,90;0,00;4,18
2015.0;5.0;2015-05-01;BRASPINE;TUCUNDUVA - CHAMMA;;;;;91,84;16,25;83,01;9,21;43,62;23,57;99,55;320,71;0,00;3,86
2015.0;5.0;2015-05-01;BRASPINE;VIENA 1;PR;DOUTOR ULYSSES;263,98;178,34;91,45;15,27;87,42;7,23;49,44;23,40;100,00;299,04;0,00;1,78
2015.0;5.0;2015-05-01;BRASPINE;VIENA 2;PR;CERRO AZUL;140,23;96,54;95,67;16,63;85,35;7,56;50,43;25,65;100,00;271,09;0,00;0,12
2015.0;5.0;2015-05-01;BRASPINE;VITORIA;PR;SENGES;50,54;35,69;75,85;15,50;86,24;8,81;44,68;22,93;99,86;321,22;0,00;1,61
2015.0;5.0;2015-05-01;BRASPINE;VIVEIRO;PR;DOUTOR ULYSSES;405,39;261,22;78,10;15,72;87,75;7,97;49,14;23,99;100,00;313,33;0,00;0,16
2015.0;5.0;2015-05-01;BRASPINE;VO LINO;PR;DOUTOR ULYSSES;164,50;97,89;85,65;15,87;87,70;7,78;50,12;24,60;100,00;318,61;0,00;0,48
2015.0;5.0;2015-05-01;BRASPINE;XAXIM VELHO;;;;;190,80;14,44;87,00;5,69;54,03;21,38;100,00;298,25;0,00;1,12
2015.0;6.0;2015-06-01;BRASPINE;AGUA DOCE;PR;JAGUARIAIVA;238,97;121,99;42,10;14,78;81,47;2,84;48,21;23,04;99,79;295,06;2,84;18,46
2015.0;6.0;2015-06-01;BRASPINE;AMATA;;;;;58,62;15,80;83,58;4,89;49,53;26,17;99,91;330,64;4,89;4,49
2015.0;6.0;2015-06-01;BRASPINE;ANTA BRAVA;;;;;38,80;17,70;79,07;8,90;45,32;26,40;99,60;285,17;0,00;1,44
2015.0;6.0;2015-06-01;BRASPINE;ARAPONGAS;PR;SENGES;423,34;263,70;44,21;14,77;83,97;5,59;48,96;24,03;100,00;311,50;0,00;0,73
2015.0;6.0;2015-06-01;BRASPINE;ARROIO CLARO;PR;DOUTOR ULYSSES;275,14;92,00;47,93;14,81;84,86;4,87;49,48;24,44;100,00;312,76;4,87;5,35
2015.0;6.0;2015-06-01;BRASPINE;BARRA GRANDE;PR;DOUTOR ULYSSES;493,79;139,68;35,00;15,19;84,25;5,86;48,38;24,96;100,00;319,66;0,00;6,93
2015.0;6.0;2015-06-01;BRASPINE;BARRA GRANDE - BEMAIS;PR;GUARAPUAVA;299,16;108,61;75,30;13,82;84,75;2,41;44,92;22,14;100,00;290,76;2,41;5,01
2015.0;6.0;2015-06-01;BRASPINE;BARRETOS;PR;JAGUARIAIVA;43,35;32,98;36,79;14,82;83,18;5,12;50,37;23,64;99,67;298,73;0,00;1,98
2015.0;6.0;2015-06-01;BRASPINE;BAU;;;;;52,95;14,14;83,55;2,00;45,55;21,72;99,89;296,93;5,85;3,80
2015.0;6.0;2015-06-01;BRASPINE;BOA VISTA II;PR;PIRAI DO SUL;944,00;535,05;36,36;14,77;82,56;4,02;49,82;23,42;99,87;292,06;4,02;0,84
2015.0;6.0;2015-06-01;BRASPINE;BRASILEIRA;;;;;34,31;14,77;83,97;5,59;48,96;24,03;100,00;311,50;0,00;0,73
2015.0;6.0;2015-06-01;BRASPINE;BURACAO;;;;;63,03;14,65;82,58;4,65;50,42;23,73;99,94;292,34;4,65;3,23
2015.0;6.0;2015-06-01;BRASPINE;BURRINHO;PR;DOUTOR ULYSSES;211,01;100,37;47,16;14,81;84,86;4,87;49,48;24,44;100,00;312,76;4,87;5,35
2015.0;6.0;2015-06-01;BRASPINE;CADEADO I;PR;JAGUARIAIVA;21,07;12,29;33,52;14,62;83,62;5,46;49,64;23,57;100,00;304,23;0,00;1,84
2015.0;6.0;2015-06-01;BRASPINE;CADEADO II;PR;JAGUARIAIVA;21,88;16,79;33,52;14,62;83,62;5,46;49,64;23,57;100,00;304,23;0,00;1,84
2015.0;6.0;2015-06-01;BRASPINE;CAMPINA ALTA;PR;TIBAGI;29,77;18,24;70,09;15,35;83,02;2,72;47,49;23,78;99,98;294,77;2,72;3,08
2015.0;6.0;2015-06-01;BRASPINE;CAMPINA DO ELIAS;PR;JAGUARIAIVA;29,17;14,65;38,65;14,74;83,34;5,24;50,11;23,62;99,78;295,44;0,00;2,20
2015.0;6.0;2015-06-01;BRASPINE;CAMPO NOVO;PR;JAGUARIAIVA;295,98;156,36;37,90;14,62;83,62;5,46;49,64;23,57;100,00;304,23;0,00;1,84
2015.0;6.0;2015-06-01;BRASPINE;CONSULTORIA II A;PR;DOUTOR ULYSSES;89,62;60,79;40,54;14,77;83,97;5,59;48,96;24,03;100,00;311,50;0,00;0,73
2015.0;6.0;2015-06-01;BRASPINE;DINIZ;;;;;34,33;14,77;83,97;5,59;48,96;24,03;100,00;311,50;0,00;0,73
2015.0;6.0;2015-06-01;BRASPINE;ENES;PR;JAGUARIAIVA;5,93;5,69;36,82;14,62;83,62;5,46;49,64;23,57;100,00;304,23;0,00;1,84
2015.0;6.0;2015-06-01;BRASPINE;ENGENHARIA;;;;;34,33;14,77;83,97;5,59;48,96;24,03;100,00;311,50;0,00;0,73
2015.0;6.0;2015-06-01;BRASPINE;ESTACAO;PR;SENGES;4,76;4,14;36,66;14,62;83,62;5,46;49,64;23,57;100,00;304,23;0,00;1,84
2015.0;6.0;2015-06-01;BRASPINE;FAXINAL;PR;JAGUARIAIVA;20,65;20,65;36,82;14,62;83,62;5,46;49,64;23,57;100,00;304,23;0,00;1,84
2015.0;6.0;2015-06-01;BRASPINE;FEITAL;PR;DOUTOR ULYSSES;154,17;86,53;36,54;14,91;84,06;5,68;48,77;24,34;100,00;314,18;0,00;0,31
2015.0;6.0;2015-06-01;BRASPINE;FIGUEIRA;PR;DOUTOR ULYSSES;1053,81;315,71;39,68;14,81;84,86;4,87;49,48;24,44;100,00;312,76;4,87;5,35
2015.0;6.0;2015-06-01;BRASPINE;FIGUEIRINHA;PR;DOUTOR ULYSSES;94,37;56,74;42,09;14,81;84,86;4,87;49,48;24,44;100,00;312,76;4,87;5,35
2015.0;6.0;2015-06-01;BRASPINE;FLOEMA;PR;DOUTOR ULYSSES;2189,88;701,43;39,03;14,42;84,39;4,98;49,57;23,55;100,00;304,49;4,98;5,73
2015.0;6.0;2015-06-01;BRASPINE;FLOEMA I - SUDATI;;;;;36,91;14,77;83,97;5,59;48,96;24,03;100,00;311,50;0,00;0,73
2015.0;6.0;2015-06-01;BRASPINE;FLOEMA II - SUDATI;PR;DOUTOR ULYSSES;453,83;211,13;43,97;14,77;83,97;5,59;48,96;24,03;100,00;311,50;0,00;0,73
2015.0;6.0;2015-06-01;BRASPINE;FLOR DA SERRA;PR;SAO JOSE DA BOA VISTA;209,10;128,72;47,24;16,42;78,11;3,90;46,42;25,32;99,43;311,52;3,90;27,50
2015.0;6.0;2015-06-01;BRASPINE;GENTIL;PR;JAGUARIAIVA;126,77;53,33;35,33;14,50;81,73;2,78;47,87;22,57;99,72;303,60;2,78;0,21
2015.0;6.0;2015-06-01;BRASPINE;GUAIRACA;PR;GUARAPUAVA;623,62;169,31;82,13;13,86;84,84;1,60;45,57;22,46;100,00;290,04;1,60;2,67
2015.0;6.0;2015-06-01;BRASPINE;HERVAL 2 - MADALOSSO;;;;;61,85;14,65;82,58;4,65;50,42;23,73;99,94;292,34;4,65;3,23
2015.0;6.0;2015-06-01;BRASPINE;HERVAL DE BAIXO;PR;RESERVA;827,29;475,92;78,34;15,22;83,72;2,77;48,09;23,83;99,80;286,00;2,77;3,63
2015.0;6.0;2015-06-01;BRASPINE;HORTO 01;PR;TURVO;19,12;19,12;47,08;14,54;84,22;1,81;47,19;22,80;100,00;261,25;6,45;2,23
2015.0;6.0;2015-06-01;BRASPINE;HORTO 02;PR;TURVO;4,24;4,24;44,41;14,54;84,22;1,81;47,19;22,80;100,00;261,25;6,45;2,23
2015.0;6.0;2015-06-01;BRASPINE;HORTO 03;PR;PRUDENTOPOLIS;80,91;25,89;55,27;14,87;83,95;2,49;47,12;23,46;100,00;294,34;2,49;9,65
2015.0;6.0;2015-06-01;BRASPINE;HORTO 08;PR;TURVO;9,53;9,53;40,81;14,87;83,95;2,49;47,12;23,46;100,00;294,34;2,49;9,65
2015.0;6.0;2015-06-01;BRASPINE;HORTO 12;PR;PRUDENTOPOLIS;12,20;12,20;56,81;14,87;83,95;2,49;47,12;23,46;100,00;294,34;2,49;9,65
2015.0;6.0;2015-06-01;BRASPINE;IZAU;PR;PIRAI DO SUL;19,37;11,60;36,98;14,52;82,36;3,46;48,34;22,76;99,62;306,47;3,46;0,49
2015.0;6.0;2015-06-01;BRASPINE;JOAO RICO;PR;JAGUARIAIVA;47,46;26,18;38,91;14,78;81,47;2,84;48,21;23,04;99,79;295,06;2,84;18,46
2015.0;6.0;2015-06-01;BRASPINE;LAGOA;PR;JAGUARIAIVA;24,10;10,78;35,72;14,62;83,62;5,46;49,64;23,57;100,00;304,23;0,00;1,84
2015.0;6.0;2015-06-01;BRASPINE;MARACANA;PR;JANDAIA DO SUL;11,45;11,45;30,93;17,82;77,64;7,19;46,05;25,98;99,95;242,40;0,00;2,86
2015.0;6.0;2015-06-01;BRASPINE;MARRECA;;;;;36,75;14,81;84,86;4,87;49,48;24,44;100,00;312,76;4,87;5,35
2015.0;6.0;2015-06-01;BRASPINE;MARRECA SP;SP;ITAPIRAPUA PAULISTA;675,30;236,19;46,97;15,39;85,02;4,71;48,64;25,68;100,00;319,94;4,71;4,58
2015.0;6.0;2015-06-01;BRASPINE;MARRECAS;;;;;78,25;13,32;85,21;1,22;43,56;21,58;100,00;275,61;6,13;8,20
2015.0;6.0;2015-06-01;BRASPINE;MERCADINHO;;;;;49,95;15,18;84,45;4,93;49,30;25,26;99,95;313,61;4,93;0,30
2015.0;6.0;2015-06-01;BRASPINE;MONTE ALEGRE;;;;;31,68;18,20;77,30;7,27;46,83;26,49;99,81;231,75;0,00;0,76
2015.0;6.0;2015-06-01;BRASPINE;MONTE TABOR II;;;;;41,23;14,78;86,27;6,07;52,89;24,58;99,96;325,28;0,00;3,42
2015.0;6.0;2015-06-01;BRASPINE;MOREIRA;PR;DOUTOR ULYSSES;230,52;68,68;43,97;14,77;83,97;5,59;48,96;24,03;100,00;311,50;0,00;0,73
2015.0;6.0;2015-06-01;BRASPINE;MOREIRAS II;PR;DOUTOR ULYSSES;66,76;28,75;40,03;14,77;83,97;5,59;48,96;24,03;100,00;311,50;0,00;0,73
2015.0;6.0;2015-06-01;BRASPINE;MORRETES;PR;ORTIGUEIRA;20,36;20,36;78,31;15,59;83,77;3,29;48,30;24,47;99,88;290,46;3,29;7,61
2015.0;6.0;2015-06-01;BRASPINE;MORRO AZUL;;;;;40,78;15,07;83,64;5,47;47,12;24,52;100,00;317,57;0,00;3,80
2015.0;6.0;2015-06-01;BRASPINE;OURO FINO;SP;APIAI;51,70;51,70;43,23;14,83;84,94;6,43;49,17;24,25;100,00;314,79;0,00;55,01
2015.0;6.0;2015-06-01;BRASPINE;PALMEIRINHA DE BAIXO - SOSSEGO;PR;SENGES;85,93;9,22;43,47;14,65;81,36;2,89;45,84;23,00;99,58;310,14;2,89;19,83
2015.0;6.0;2015-06-01;BRASPINE;PAZIN;PR;DOUTOR ULYSSES;41,20;23,90;38,05;14,81;84,86;4,87;49,48;24,44;100,00;312,76;4,87;5,35
2015.0;6.0;2015-06-01;BRASPINE;PEDRAS;PR;CASTRO;7,18;7,18;41,40;14,44;83,04;3,50;50,06;22,81;99,87;287,56;3,50;1,57
2015.0;6.0;2015-06-01;BRASPINE;PESCARIA;PR;SAO JOSE DA BOA VISTA;184,57;129,22;45,10;16,63;77,06;3,82;43,78;25,48;99,51;298,59;3,82;24,91
2015.0;6.0;2015-06-01;BRASPINE;PESSEGUEIRO;PR;DOUTOR ULYSSES;109,95;64,79;37,40;14,77;83,97;5,59;48,96;24,03;100,00;311,50;0,00;0,73
2015.0;6.0;2015-06-01;BRASPINE;PITANGA;;;;;52,70;14,81;82,89;3,05;45,95;22,43;99,82;310,48;7,13;0,03
2015.0;6.0;2015-06-01;BRASPINE;QUEIMADINHO ARROIO CLARO;PR;DOUTOR ULYSSES;48,13;19,09;34,31;14,77;83,97;5,59;48,96;24,03;100,00;311,50;0,00;0,73
2015.0;6.0;2015-06-01;BRASPINE;QUEIMADINHO M6042;PR;DOUTOR ULYSSES;48,38;18,50;34,31;14,77;83,97;5,59;48,96;24,03;100,00;311,50;0,00;0,73
2015.0;6.0;2015-06-01;BRASPINE;QUEIMADINHO USUCAPIAO;PR;DOUTOR ULYSSES;200,27;92,43;34,31;14,77;83,97;5,59;48,96;24,03;100,00;311,50;0,00;0,73
2015.0;6.0;2015-06-01;BRASPINE;RAMOS;PR;SENGES;69,83;38,15;36,91;14,62;83,62;5,46;49,64;23,57;100,00;304,23;0,00;1,84
2015.0;6.0;2015-06-01;BRASPINE;RIBEIRAO GRANDE;PR;JAGUARIAIVA;20,77;20,77;36,51;14,52;82,36;3,46;48,34;22,76;99,62;306,47;3,46;0,49
2015.0;6.0;2015-06-01;BRASPINE;RINCAO DE BAIXO;;;;;60,29;14,81;81,12;2,15;44,09;23,00;99,92;291,82;2,15;7,69
2015.0;6.0;2015-06-01;BRASPINE;RIO BOMBA;PR;CERRO AZUL;65,03;37,72;52,49;15,33;83,95;4,42;49,90;25,52;99,91;314,21;4,42;0,29
2015.0;6.0;2015-06-01;BRASPINE;RIO DO MEIO;PR;DOUTOR ULYSSES;712,33;389,13;38,50;14,77;83,97;5,59;48,96;24,03;100,00;311,50;0,00;0,73
2015.0;6.0;2015-06-01;BRASPINE;RONDON;PR;JAGUARIAIVA;2899,24;1475,88;34,98;14,64;81,88;3,47;47,80;23,05;99,68;307,67;3,47;8,20
2015.0;6.0;2015-06-01;BRASPINE;SANTA FELICIDADE;;;;;39,43;15,68;85,28;4,18;47,92;26,47;100,00;321,79;4,18;0,76
2015.0;6.0;2015-06-01;BRASPINE;SANTA LIDIA DO CERCADINHO;;;;;63,96;14,54;81,06;1,95;44,16;22,55;99,86;301,75;1,95;6,86
2015.0;6.0;2015-06-01;BRASPINE;SANTO ANTONIO;;;;;43,73;14,67;81,80;3,12;46,26;23,27;99,88;308,56;3,12;9,69
2015.0;6.0;2015-06-01;BRASPINE;SAO JOSE;PR;JANDAIA DO SUL;37,56;37,56;31,53;18,08;77,36;7,29;46,67;26,31;99,88;245,46;0,00;0,62
2015.0;6.0;2015-06-01;BRASPINE;SAO MATHEUS;;;;;55,06;18,96;78,14;6,10;48,02;27,68;99,85;202,04;0,00;0,70
2015.0;6.0;2015-06-01;BRASPINE;SAO PEDRO E SAO PAULO;PR;SAPOPEMA;709,13;323,93;51,13;16,02;78,87;5,27;46,62;24,32;99,79;277,76;0,00;14,19
2015.0;6.0;2015-06-01;BRASPINE;SAO RAFAEL;;;;;68,32;14,24;82,45;3,27;42,93;23,32;99,96;308,11;3,27;0,60
2015.0;6.0;2015-06-01;BRASPINE;SAO RAFAEL - PB;;;;;40,05;14,95;84,60;6,24;48,41;24,41;100,00;318,59;0,00;56,22
2015.0;6.0;2015-06-01;BRASPINE;SERRARIA;PR;DOUTOR ULYSSES;280,88;117,71;40,19;14,62;84,62;4,92;49,70;23,99;100,00;308,62;4,92;5,55
2015.0;6.0;2015-06-01;BRASPINE;SERRO VERDE;;;;;61,77;14,50;82,50;1,83;44,31;22,17;99,91;290,61;5,18;9,63
2015.0;6.0;2015-06-01;BRASPINE;SERTAOZINHO;PR;DOUTOR ULYSSES;16,25;16,25;38,83;14,77;83,97;5,59;48,96;24,03;100,00;311,50;0,00;0,73
2015.0;6.0;2015-06-01;BRASPINE;SITIO BASILIO;PR;JAGUARIAIVA;8,08;8,08;42,07;14,56;81,46;2,59;47,81;22,63;99,77;289,23;2,59;20,73
2015.0;6.0;2015-06-01;BRASPINE;SITIO DAS MARRECAS;PR;DOUTOR ULYSSES;77,49;35,17;40,36;15,22;84,97;4,75;48,95;25,33;100,00;317,90;4,75;4,80
2015.0;6.0;2015-06-01;BRASPINE;SOBRADINHO;SP;BOM SUCESSO DE ITARARE;285,80;123,10;41,58;14,62;82,72;3,68;46,36;23,35;99,97;307,95;3,68;45,45
2015.0;6.0;2015-06-01;BRASPINE;TAQUARAL;PR;JAGUARIAIVA;519,13;31,07;35,79;14,80;81,83;3,37;49,09;23,21;99,76;309,84;3,37;15,00
2015.0;6.0;2015-06-01;BRASPINE;TUCUNDUVA;PR;SENGES;82,21;60,89;43,52;15,30;78,52;2,92;45,43;23,56;99,50;322,00;2,92;17,21
2015.0;6.0;2015-06-01;BRASPINE;TUCUNDUVA - CHAMMA;;;;;43,59;15,35;78,63;3,05;44,78;23,66;99,51;324,36;3,05;15,17
2015.0;6.0;2015-06-01;BRASPINE;VIENA 1;PR;DOUTOR ULYSSES;263,98;178,34;43,57;14,43;83,74;5,70;51,11;23,19;100,00;306,43;0,00;4,68
2015.0;6.0;2015-06-01;BRASPINE;VIENA 2;PR;CERRO AZUL;140,23;96,54;52,41;15,33;83,95;4,42;49,90;25,52;99,91;314,21;4,42;0,29
2015.0;6.0;2015-06-01;BRASPINE;VITORIA;PR;SENGES;50,54;35,69;43,47;14,65;81,36;2,89;45,84;23,00;99,58;310,14;2,89;19,83
2015.0;6.0;2015-06-01;BRASPINE;VIVEIRO;PR;DOUTOR ULYSSES;405,39;261,22;40,03;14,77;83,97;5,59;48,96;24,03;100,00;311,50;0,00;0,73
2015.0;6.0;2015-06-01;BRASPINE;VO LINO;PR;DOUTOR ULYSSES;164,50;97,89;40,28;14,81;84,86;4,87;49,48;24,44;100,00;312,76;4,87;5,35
2015.0;6.0;2015-06-01;BRASPINE;XAXIM VELHO;;;;;89,43;13,30;85,51;1,99;44,94;21,97;100,00;275,16;6,48;0,77
2015.0;7.0;2015-07-01;BRASPINE;AGUA DOCE;PR;JAGUARIAIVA;238,97;121,99;131,68;15,16;84,27;7,17;43,97;22,86;99,82;322,12;0,00;13,56
2015.0;7.0;2015-07-01;BRASPINE;AMATA;;;;;171,03;16,07;86,68;7,52;48,44;25,41;100,00;331,73;0,00;2,42
2015.0;7.0;2015-07-01;BRASPINE;ANTA BRAVA;;;;;67,81;17,86;80,69;8,66;37,32;26,22;99,99;253,90;0,00;0,51
2015.0;7.0;2015-07-01;BRASPINE;ARAPONGAS;PR;SENGES;423,34;263,70;145,12;15,15;86,36;7,18;46,39;23,71;100,00;315,90;0,00;0,16
2015.0;7.0;2015-07-01;BRASPINE;ARROIO CLARO;PR;DOUTOR ULYSSES;275,14;92,00;148,75;15,18;87,04;6,86;47,20;24,15;100,00;330,74;0,00;11,71
2015.0;7.0;2015-07-01;BRASPINE;BARRA GRANDE;PR;DOUTOR ULYSSES;493,79;139,68;142,14;15,59;86,53;7,35;47,12;24,54;100,00;323,14;0,00;5,02
2015.0;7.0;2015-07-01;BRASPINE;BARRA GRANDE - BEMAIS;PR;GUARAPUAVA;299,16;108,61;350,31;13,71;87,77;5,79;48,89;21,95;100,00;313,51;0,00;13,02
2015.0;7.0;2015-07-01;BRASPINE;BARRETOS;PR;JAGUARIAIVA;43,35;32,98;150,22;15,23;85,48;7,17;45,48;23,32;100,00;322,50;0,00;4,28
2015.0;7.0;2015-07-01;BRASPINE;BAU;;;;;230,23;13,93;86,77;5,88;48,18;22,25;99,93;301,61;0,00;9,00
2015.0;7.0;2015-07-01;BRASPINE;BOA VISTA II;PR;PIRAI DO SUL;944,00;535,05;155,08;15,26;84,60;6,90;44,16;23,22;99,96;323,78;0,00;5,55
2015.0;7.0;2015-07-01;BRASPINE;BRASILEIRA;;;;;140,84;15,15;86,36;7,18;46,39;23,71;100,00;315,90;0,00;0,16
2015.0;7.0;2015-07-01;BRASPINE;BURACAO;;;;;174,81;14,86;85,20;6,04;44,77;23,67;99,83;307,90;0,00;5,19
2015.0;7.0;2015-07-01;BRASPINE;BURRINHO;PR;DOUTOR ULYSSES;211,01;100,37;148,91;15,18;87,04;6,86;47,20;24,15;100,00;330,74;0,00;11,71
2015.0;7.0;2015-07-01;BRASPINE;CADEADO I;PR;JAGUARIAIVA;21,07;12,29;147,46;15,01;86,03;7,26;45,71;23,28;100,00;314,15;0,00;2,51
2015.0;7.0;2015-07-01;BRASPINE;CADEADO II;PR;JAGUARIAIVA;21,88;16,79;147,46;15,01;86,03;7,26;45,71;23,28;100,00;314,15;0,00;2,51
2015.0;7.0;2015-07-01;BRASPINE;CAMPINA ALTA;PR;TIBAGI;29,77;18,24;339,46;15,20;86,95;6,55;50,32;23,82;100,00;334,09;0,00;2,31
2015.0;7.0;2015-07-01;BRASPINE;CAMPINA DO ELIAS;PR;JAGUARIAIVA;29,17;14,65;155,46;15,15;85,68;7,28;45,61;23,31;100,00;319,45;0,00;3,69
2015.0;7.0;2015-07-01;BRASPINE;CAMPO NOVO;PR;JAGUARIAIVA;295,98;156,36;145,07;15,01;86,03;7,26;45,71;23,28;100,00;314,15;0,00;2,51
2015.0;7.0;2015-07-01;BRASPINE;CONSULTORIA II A;PR;DOUTOR ULYSSES;89,62;60,79;144,92;15,15;86,36;7,18;46,39;23,71;100,00;315,90;0,00;0,16
2015.0;7.0;2015-07-01;BRASPINE;DINIZ;;;;;132,01;15,15;86,36;7,18;46,39;23,71;100,00;315,90;0,00;0,16
2015.0;7.0;2015-07-01;BRASPINE;ENES;PR;JAGUARIAIVA;5,93;5,69;145,10;15,01;86,03;7,26;45,71;23,28;100,00;314,15;0,00;2,51
2015.0;7.0;2015-07-01;BRASPINE;ENGENHARIA;;;;;132,01;15,15;86,36;7,18;46,39;23,71;100,00;315,90;0,00;0,16
2015.0;7.0;2015-07-01;BRASPINE;ESTACAO;PR;SENGES;4,76;4,14;148,30;15,01;86,03;7,26;45,71;23,28;100,00;314,15;0,00;2,51
2015.0;7.0;2015-07-01;BRASPINE;FAXINAL;PR;JAGUARIAIVA;20,65;20,65;145,10;15,01;86,03;7,26;45,71;23,28;100,00;314,15;0,00;2,51
2015.0;7.0;2015-07-01;BRASPINE;FEITAL;PR;DOUTOR ULYSSES;154,17;86,53;144,32;15,30;86,41;7,24;46,63;23,99;100,00;318,30;0,00;7,97
2015.0;7.0;2015-07-01;BRASPINE;FIGUEIRA;PR;DOUTOR ULYSSES;1053,81;315,71;146,03;15,18;87,04;6,86;47,20;24,15;100,00;330,74;0,00;11,71
2015.0;7.0;2015-07-01;BRASPINE;FIGUEIRINHA;PR;DOUTOR ULYSSES;94,37;56,74;154,42;15,18;87,04;6,86;47,20;24,15;100,00;330,74;0,00;11,71
2015.0;7.0;2015-07-01;BRASPINE;FLOEMA;PR;DOUTOR ULYSSES;2189,88;701,43;155,87;14,76;86,68;6,44;45,94;23,39;100,00;320,13;0,00;13,36
2015.0;7.0;2015-07-01;BRASPINE;FLOEMA I - SUDATI;;;;;148,09;15,15;86,36;7,18;46,39;23,71;100,00;315,90;0,00;0,16
2015.0;7.0;2015-07-01;BRASPINE;FLOEMA II - SUDATI;PR;DOUTOR ULYSSES;453,83;211,13;146,60;15,15;86,36;7,18;46,39;23,71;100,00;315,90;0,00;0,16
2015.0;7.0;2015-07-01;BRASPINE;FLOR DA SERRA;PR;SAO JOSE DA BOA VISTA;209,10;128,72;85,40;16,67;81,10;7,18;47,00;25,16;99,51;280,03;0,00;1,32
2015.0;7.0;2015-07-01;BRASPINE;GENTIL;PR;JAGUARIAIVA;126,77;53,33;135,08;14,90;84,14;6,96;44,08;22,51;99,58;331,43;0,00;3,28
2015.0;7.0;2015-07-01;BRASPINE;GUAIRACA;PR;GUARAPUAVA;623,62;169,31;338,55;13,83;87,70;5,47;48,36;22,11;99,99;299,19;0,00;17,85
2015.0;7.0;2015-07-01;BRASPINE;HERVAL 2 - MADALOSSO;;;;;168,97;14,86;85,20;6,04;44,77;23,67;99,83;307,90;0,00;5,19
2015.0;7.0;2015-07-01;BRASPINE;HERVAL DE BAIXO;PR;RESERVA;827,29;475,92;383,52;15,07;87,42;6,15;50,37;23,89;99,99;311,43;0,00;1,30
2015.0;7.0;2015-07-01;BRASPINE;HORTO 01;PR;TURVO;19,12;19,12;276,63;14,45;87,19;5,67;51,85;22,68;99,99;317,32;0,00;5,90
2015.0;7.0;2015-07-01;BRASPINE;HORTO 02;PR;TURVO;4,24;4,24;253,66;14,45;87,19;5,67;51,85;22,68;99,99;317,32;0,00;5,90
2015.0;7.0;2015-07-01;BRASPINE;HORTO 03;PR;PRUDENTOPOLIS;80,91;25,89;352,26;14,78;87,15;6,06;51,76;23,25;100,00;322,42;0,00;8,28
2015.0;7.0;2015-07-01;BRASPINE;HORTO 08;PR;TURVO;9,53;9,53;226,13;14,78;87,15;6,06;51,76;23,25;100,00;322,42;0,00;8,28
2015.0;7.0;2015-07-01;BRASPINE;HORTO 12;PR;PRUDENTOPOLIS;12,20;12,20;371,98;14,78;87,15;6,06;51,76;23,25;100,00;322,42;0,00;8,28
2015.0;7.0;2015-07-01;BRASPINE;IZAU;PR;PIRAI DO SUL;19,37;11,60;142,95;14,97;84,22;6,66;43,29;22,69;99,61;320,45;0,00;6,75
2015.0;7.0;2015-07-01;BRASPINE;JOAO RICO;PR;JAGUARIAIVA;47,46;26,18;134,74;15,16;84,27;7,17;43,97;22,86;99,82;322,12;0,00;13,56
2015.0;7.0;2015-07-01;BRASPINE;LAGOA;PR;JAGUARIAIVA;24,10;10,78;148,17;15,01;86,03;7,26;45,71;23,28;100,00;314,15;0,00;2,51
2015.0;7.0;2015-07-01;BRASPINE;MARACANA;PR;JANDAIA DO SUL;11,45;11,45;348,48;17,24;82,94;8,64;47,73;25,87;100,00;162,94;0,00;4,68
2015.0;7.0;2015-07-01;BRASPINE;MARRECA;;;;;150,92;15,18;87,04;6,86;47,20;24,15;100,00;330,74;0,00;11,71
2015.0;7.0;2015-07-01;BRASPINE;MARRECA SP;SP;ITAPIRAPUA PAULISTA;675,30;236,19;152,35;15,75;87,19;6,95;46,62;25,18;100,00;322,22;0,00;8,02
2015.0;7.0;2015-07-01;BRASPINE;MARRECAS;;;;;333,82;13,32;87,79;5,18;47,38;21,42;100,00;305,32;0,00;9,73
2015.0;7.0;2015-07-01;BRASPINE;MERCADINHO;;;;;156,22;15,49;87,03;6,92;48,03;24,75;100,00;330,35;0,00;0,30
2015.0;7.0;2015-07-01;BRASPINE;MONTE ALEGRE;;;;;337,03;17,60;82,39;9,08;47,40;26,41;100,00;167,65;0,00;2,95
2015.0;7.0;2015-07-01;BRASPINE;MONTE TABOR II;;;;;121,71;15,06;88,55;6,30;49,85;24,37;100,00;337,90;0,00;1,83
2015.0;7.0;2015-07-01;BRASPINE;MOREIRA;PR;DOUTOR ULYSSES;230,52;68,68;146,60;15,15;86,36;7,18;46,39;23,71;100,00;315,90;0,00;0,16
2015.0;7.0;2015-07-01;BRASPINE;MOREIRAS II;PR;DOUTOR ULYSSES;66,76;28,75;144,67;15,15;86,36;7,18;46,39;23,71;100,00;315,90;0,00;0,16
2015.0;7.0;2015-07-01;BRASPINE;MORRETES;PR;ORTIGUEIRA;20,36;20,36;382,26;15,39;87,57;5,94;50,19;24,41;100,00;315,10;0,00;6,92
2015.0;7.0;2015-07-01;BRASPINE;MORRO AZUL;;;;;115,51;15,48;86,08;7,78;44,81;24,16;100,00;322,29;0,00;15,37
2015.0;7.0;2015-07-01;BRASPINE;OURO FINO;SP;APIAI;51,70;51,70;115,18;15,19;87,19;6,76;46,96;24,03;100,00;330,80;0,00;3,46
2015.0;7.0;2015-07-01;BRASPINE;PALMEIRINHA DE BAIXO - SOSSEGO;PR;SENGES;85,93;9,22;115,97;14,99;84,53;6,89;42,11;22,68;99,87;307,86;0,00;1,41
2015.0;7.0;2015-07-01;BRASPINE;PAZIN;PR;DOUTOR ULYSSES;41,20;23,90;148,73;15,18;87,04;6,86;47,20;24,15;100,00;330,74;0,00;11,71
2015.0;7.0;2015-07-01;BRASPINE;PEDRAS;PR;CASTRO;7,18;7,18;160,87;14,95;84,54;6,49;45,57;22,76;99,59;301,12;0,00;1,07
2015.0;7.0;2015-07-01;BRASPINE;PESCARIA;PR;SAO JOSE DA BOA VISTA;184,57;129,22;103,98;16,77;81,00;6,80;45,23;25,29;99,65;278,98;0,00;321,33
2015.0;7.0;2015-07-01;BRASPINE;PESSEGUEIRO;PR;DOUTOR ULYSSES;109,95;64,79;149,21;15,15;86,36;7,18;46,39;23,71;100,00;315,90;0,00;0,16
2015.0;7.0;2015-07-01;BRASPINE;PITANGA;;;;;251,84;14,47;86,65;6,60;50,22;22,99;100,00;310,58;0,00;2,58
2015.0;7.0;2015-07-01;BRASPINE;QUEIMADINHO ARROIO CLARO;PR;DOUTOR ULYSSES;48,13;19,09;140,84;15,15;86,36;7,18;46,39;23,71;100,00;315,90;0,00;0,16
2015.0;7.0;2015-07-01;BRASPINE;QUEIMADINHO M6042;PR;DOUTOR ULYSSES;48,38;18,50;140,84;15,15;86,36;7,18;46,39;23,71;100,00;315,90;0,00;0,16
2015.0;7.0;2015-07-01;BRASPINE;QUEIMADINHO USUCAPIAO;PR;DOUTOR ULYSSES;200,27;92,43;140,84;15,15;86,36;7,18;46,39;23,71;100,00;315,90;0,00;0,16
2015.0;7.0;2015-07-01;BRASPINE;RAMOS;PR;SENGES;69,83;38,15;148,09;15,01;86,03;7,26;45,71;23,28;100,00;314,15;0,00;2,51
2015.0;7.0;2015-07-01;BRASPINE;RIBEIRAO GRANDE;PR;JAGUARIAIVA;20,77;20,77;140,95;14,97;84,22;6,66;43,29;22,69;99,61;320,45;0,00;6,75
2015.0;7.0;2015-07-01;BRASPINE;RINCAO DE BAIXO;;;;;255,30;14,95;84,18;6,85;47,30;22,99;99,60;319,82;0,00;4,55
2015.0;7.0;2015-07-01;BRASPINE;RIO BOMBA;PR;CERRO AZUL;65,03;37,72;167,11;15,63;86,80;6,78;48,91;24,95;99,99;317,03;0,00;5,55
2015.0;7.0;2015-07-01;BRASPINE;RIO DO MEIO;PR;DOUTOR ULYSSES;712,33;389,13;143,64;15,15;86,36;7,18;46,39;23,71;100,00;315,90;0,00;0,16
2015.0;7.0;2015-07-01;BRASPINE;RONDON;PR;JAGUARIAIVA;2899,24;1475,88;120,75;14,99;84,89;7,40;43,90;22,73;99,88;311,95;0,00;7,51
2015.0;7.0;2015-07-01;BRASPINE;SANTA FELICIDADE;;;;;145,84;16,03;87,38;6,64;45,92;25,84;100,00;321,63;0,00;3,18
2015.0;7.0;2015-07-01;BRASPINE;SANTA LIDIA DO CERCADINHO;;;;;240,67;14,69;84,03;6,76;46,81;22,57;99,58;315,09;0,00;3,70
2015.0;7.0;2015-07-01;BRASPINE;SANTO ANTONIO;;;;;119,09;15,05;84,71;6,82;41,92;22,99;100,00;306,61;0,00;15,17
2015.0;7.0;2015-07-01;BRASPINE;SAO JOSE;PR;JANDAIA DO SUL;37,56;37,56;338,72;17,48;82,50;8,96;47,65;26,24;100,00;181,49;0,00;2,85
2015.0;7.0;2015-07-01;BRASPINE;SAO MATHEUS;;;;;173,42;18,28;82,77;8,44;45,30;27,64;99,95;183,28;0,00;1,13
2015.0;7.0;2015-07-01;BRASPINE;SAO PEDRO E SAO PAULO;PR;SAPOPEMA;709,13;323,93;297,31;15,97;82,67;7,84;47,37;24,35;99,64;329,29;0,00;0,97
2015.0;7.0;2015-07-01;BRASPINE;SAO RAFAEL;;;;;167,59;14,58;84,90;6,24;47,23;23,87;100,00;322,25;0,00;6,53
2015.0;7.0;2015-07-01;BRASPINE;SAO RAFAEL - PB;;;;;117,14;15,33;86,92;7,09;46,23;24,14;100,00;335,18;0,00;9,96
2015.0;7.0;2015-07-01;BRASPINE;SERRARIA;PR;DOUTOR ULYSSES;280,88;117,71;151,86;14,97;86,86;6,65;46,57;23,77;100,00;325,40;0,00;12,56
2015.0;7.0;2015-07-01;BRASPINE;SERRO VERDE;;;;;244,80;14,23;85,95;6,13;46,15;22,83;99,92;312,65;0,00;4,95
2015.0;7.0;2015-07-01;BRASPINE;SERTAOZINHO;PR;DOUTOR ULYSSES;16,25;16,25;135,56;15,15;86,36;7,18;46,39;23,71;100,00;315,90;0,00;0,16
2015.0;7.0;2015-07-01;BRASPINE;SITIO BASILIO;PR;JAGUARIAIVA;8,08;8,08;131,30;14,94;84,15;7,11;44,30;22,55;99,64;331,65;0,00;1,01
2015.0;7.0;2015-07-01;BRASPINE;SITIO DAS MARRECAS;PR;DOUTOR ULYSSES;77,49;35,17;153,57;15,59;87,15;6,92;46,95;24,89;100,00;335,39;0,00;9,41
2015.0;7.0;2015-07-01;BRASPINE;SOBRADINHO;SP;BOM SUCESSO DE ITARARE;285,80;123,10;117,21;15,01;85,41;7,12;42,77;23,17;100,00;309,10;0,00;11,16
2015.0;7.0;2015-07-01;BRASPINE;TAQUARAL;PR;JAGUARIAIVA;519,13;31,07;130,98;15,18;84,70;7,29;44,46;22,93;100,00;321,14;0,00;11,40
2015.0;7.0;2015-07-01;BRASPINE;TUCUNDUVA;PR;SENGES;82,21;60,89;126,81;15,43;82,71;6,60;44,23;23,32;99,44;330,85;0,00;4,03
2015.0;7.0;2015-07-01;BRASPINE;TUCUNDUVA - CHAMMA;;;;;121,03;15,50;82,82;7,27;44,10;23,35;99,37;331,97;0,00;1,46
2015.0;7.0;2015-07-01;BRASPINE;VIENA 1;PR;DOUTOR ULYSSES;263,98;178,34;158,86;14,75;86,04;6,01;46,18;23,06;100,00;306,55;0,00;12,45
2015.0;7.0;2015-07-01;BRASPINE;VIENA 2;PR;CERRO AZUL;140,23;96,54;166,79;15,63;86,80;6,78;48,91;24,95;99,99;317,03;0,00;5,55
2015.0;7.0;2015-07-01;BRASPINE;VITORIA;PR;SENGES;50,54;35,69;115,97;14,99;84,53;6,89;42,11;22,68;99,87;307,86;0,00;1,41
2015.0;7.0;2015-07-01;BRASPINE;VIVEIRO;PR;DOUTOR ULYSSES;405,39;261,22;144,67;15,15;86,36;7,18;46,39;23,71;100,00;315,90;0,00;0,16
2015.0;7.0;2015-07-01;BRASPINE;VO LINO;PR;DOUTOR ULYSSES;164,50;97,89;149,93;15,18;87,04;6,86;47,20;24,15;100,00;330,74;0,00;11,71
2015.0;7.0;2015-07-01;BRASPINE;XAXIM VELHO;;;;;354,58;13,55;87,42;4,53;46,56;21,77;100,00;312,71;4,53;1,87
2015.0;8.0;2015-08-01;BRASPINE;AGUA DOCE;PR;JAGUARIAIVA;238,97;121,99;54,71;17,34;69,83;8,66;34,17;27,05;99,47;371,58;0,00;5,35
2015.0;8.0;2015-08-01;BRASPINE;AMATA;;;;;31,64;18,15;77,55;9,54;35,13;30,46;99,92;337,30;0,00;4,51
2015.0;8.0;2015-08-01;BRASPINE;ANTA BRAVA;;;;;32,12;19,82;69,44;11,66;28,35;30,77;100,00;286,70;0,00;0,68
2015.0;8.0;2015-08-01;BRASPINE;ARAPONGAS;PR;SENGES;423,34;263,70;52,18;17,10;75,20;9,49;34,98;28,62;100,00;375,44;0,00;1,28
2015.0;8.0;2015-08-01;BRASPINE;ARROIO CLARO;PR;DOUTOR ULYSSES;275,14;92,00;45,09;17,14;76,64;9,52;34,02;29,18;100,00;377,26;0,00;2,37
2015.0;8.0;2015-08-01;BRASPINE;BARRA GRANDE;PR;DOUTOR ULYSSES;493,79;139,68;47,31;17,54;76,49;9,69;33,93;29,55;100,00;383,16;0,00;1,17
2015.0;8.0;2015-08-01;BRASPINE;BARRA GRANDE - BEMAIS;PR;GUARAPUAVA;299,16;108,61;84,29;16,57;71,68;7,85;34,87;26,36;99,98;356,69;0,00;0,44
2015.0;8.0;2015-08-01;BRASPINE;BARRETOS;PR;JAGUARIAIVA;43,35;32,98;57,91;17,28;72,93;9,55;34,56;27,94;99,93;386,71;0,00;4,40
2015.0;8.0;2015-08-01;BRASPINE;BAU;;;;;75,89;16,85;70,23;7,15;35,47;25,92;99,80;351,73;0,00;16,47
2015.0;8.0;2015-08-01;BRASPINE;BOA VISTA II;PR;PIRAI DO SUL;944,00;535,05;61,22;17,24;71,89;9,26;34,41;27,46;99,88;366,79;0,00;5,19
2015.0;8.0;2015-08-01;BRASPINE;BRASILEIRA;;;;;47,30;17,10;75,20;9,49;34,98;28,62;100,00;375,44;0,00;1,28
2015.0;8.0;2015-08-01;BRASPINE;BURACAO;;;;;30,78;16,82;74,83;8,50;38,34;27,66;99,90;364,91;0,00;2,80
2015.0;8.0;2015-08-01;BRASPINE;BURRINHO;PR;DOUTOR ULYSSES;211,01;100,37;45,63;17,14;76,64;9,52;34,02;29,18;100,00;377,26;0,00;2,37
2015.0;8.0;2015-08-01;BRASPINE;CADEADO I;PR;JAGUARIAIVA;21,07;12,29;53,55;16,99;74,03;9,50;34,83;28,10;100,00;373,34;0,00;3,20
2015.0;8.0;2015-08-01;BRASPINE;CADEADO II;PR;JAGUARIAIVA;21,88;16,79;53,55;16,99;74,03;9,50;34,83;28,10;100,00;373,34;0,00;3,20
2015.0;8.0;2015-08-01;BRASPINE;CAMPINA ALTA;PR;TIBAGI;29,77;18,24;52,26;17,63;71,97;8,72;36,43;27,45;99,73;361,92;0,00;0,32
2015.0;8.0;2015-08-01;BRASPINE;CAMPINA DO ELIAS;PR;JAGUARIAIVA;29,17;14,65;59,37;17,18;73,33;9,53;34,66;28,00;99,96;381,86;0,00;4,01
2015.0;8.0;2015-08-01;BRASPINE;CAMPO NOVO;PR;JAGUARIAIVA;295,98;156,36;52,57;16,99;74,03;9,50;34,83;28,10;100,00;373,34;0,00;3,20
2015.0;8.0;2015-08-01;BRASPINE;CONSULTORIA II A;PR;DOUTOR ULYSSES;89,62;60,79;47,22;17,10;75,20;9,49;34,98;28,62;100,00;375,44;0,00;1,28
2015.0;8.0;2015-08-01;BRASPINE;DINIZ;;;;;46,41;17,10;75,20;9,49;34,98;28,62;100,00;375,44;0,00;1,28
2015.0;8.0;2015-08-01;BRASPINE;ENES;PR;JAGUARIAIVA;5,93;5,69;52,63;16,99;74,03;9,50;34,83;28,10;100,00;373,34;0,00;3,20
2015.0;8.0;2015-08-01;BRASPINE;ENGENHARIA;;;;;46,41;17,10;75,20;9,49;34,98;28,62;100,00;375,44;0,00;1,28
2015.0;8.0;2015-08-01;BRASPINE;ESTACAO;PR;SENGES;4,76;4,14;52,90;16,99;74,03;9,50;34,83;28,10;100,00;373,34;0,00;3,20
2015.0;8.0;2015-08-01;BRASPINE;FAXINAL;PR;JAGUARIAIVA;20,65;20,65;52,63;16,99;74,03;9,50;34,83;28,10;100,00;373,34;0,00;3,20
2015.0;8.0;2015-08-01;BRASPINE;FEITAL;PR;DOUTOR ULYSSES;154,17;86,53;47,66;17,25;75,63;9,56;34,63;28,93;100,00;378,00;0,00;0,60
2015.0;8.0;2015-08-01;BRASPINE;FIGUEIRA;PR;DOUTOR ULYSSES;1053,81;315,71;47,50;17,14;76,64;9,52;34,02;29,18;100,00;377,26;0,00;2,37
2015.0;8.0;2015-08-01;BRASPINE;FIGUEIRINHA;PR;DOUTOR ULYSSES;94,37;56,74;47,42;17,14;76,64;9,52;34,02;29,18;100,00;377,26;0,00;2,37
2015.0;8.0;2015-08-01;BRASPINE;FLOEMA;PR;DOUTOR ULYSSES;2189,88;701,43;57,96;16,70;75,20;9,00;35,02;28,29;100,00;367,72;0,00;4,26
2015.0;8.0;2015-08-01;BRASPINE;FLOEMA I - SUDATI;;;;;52,47;17,10;75,20;9,49;34,98;28,62;100,00;375,44;0,00;1,28
2015.0;8.0;2015-08-01;BRASPINE;FLOEMA II - SUDATI;PR;DOUTOR ULYSSES;453,83;211,13;49,00;17,10;75,20;9,49;34,98;28,62;100,00;375,44;0,00;1,28
2015.0;8.0;2015-08-01;BRASPINE;FLOR DA SERRA;PR;SAO JOSE DA BOA VISTA;209,10;128,72;50,03;18,51;69,13;10,26;34,06;29,13;97,87;339,20;0,00;0,18
2015.0;8.0;2015-08-01;BRASPINE;GENTIL;PR;JAGUARIAIVA;126,77;53,33;55,87;16,98;70,24;8,53;34,96;26,61;99,41;347,17;0,00;2,85
2015.0;8.0;2015-08-01;BRASPINE;GUAIRACA;PR;GUARAPUAVA;623,62;169,31;96,69;16,67;72,23;7,65;37,58;26,51;99,95;357,68;0,00;2,04
2015.0;8.0;2015-08-01;BRASPINE;HERVAL 2 - MADALOSSO;;;;;31,26;16,82;74,83;8,50;38,34;27,66;99,90;364,91;0,00;2,80
2015.0;8.0;2015-08-01;BRASPINE;HERVAL DE BAIXO;PR;RESERVA;827,29;475,92;57,63;17,37;73,36;8,47;35,67;27,52;99,66;356,18;0,00;2,56
2015.0;8.0;2015-08-01;BRASPINE;HORTO 01;PR;TURVO;19,12;19,12;62,72;17,17;72,39;7,64;36,25;26,63;99,74;367,45;0,00;352,87
2015.0;8.0;2015-08-01;BRASPINE;HORTO 02;PR;TURVO;4,24;4,24;62,58;17,17;72,39;7,64;36,25;26,63;99,74;367,45;0,00;352,87
2015.0;8.0;2015-08-01;BRASPINE;HORTO 03;PR;PRUDENTOPOLIS;80,91;25,89;62,34;17,47;72,72;7,85;36,07;27,24;99,91;370,03;0,00;5,77
2015.0;8.0;2015-08-01;BRASPINE;HORTO 08;PR;TURVO;9,53;9,53;62,24;17,47;72,72;7,85;36,07;27,24;99,91;370,03;0,00;5,77
2015.0;8.0;2015-08-01;BRASPINE;HORTO 12;PR;PRUDENTOPOLIS;12,20;12,20;61,42;17,47;72,72;7,85;36,07;27,24;99,91;370,03;0,00;5,77
2015.0;8.0;2015-08-01;BRASPINE;IZAU;PR;PIRAI DO SUL;19,37;11,60;60,42;17,02;71,16;9,00;34,43;26,81;99,52;350,38;0,00;5,93
2015.0;8.0;2015-08-01;BRASPINE;JOAO RICO;PR;JAGUARIAIVA;47,46;26,18;55,45;17,34;69,83;8,66;34,17;27,05;99,47;371,58;0,00;5,35
2015.0;8.0;2015-08-01;BRASPINE;LAGOA;PR;JAGUARIAIVA;24,10;10,78;55,30;16,99;74,03;9,50;34,83;28,10;100,00;373,34;0,00;3,20
2015.0;8.0;2015-08-01;BRASPINE;MARACANA;PR;JANDAIA DO SUL;11,45;11,45;33,33;20,24;62,17;11,35;30,26;30,26;99,89;89,33;0,00;4,33
2015.0;8.0;2015-08-01;BRASPINE;MARRECA;;;;;52,86;17,14;76,64;9,52;34,02;29,18;100,00;377,26;0,00;2,37
2015.0;8.0;2015-08-01;BRASPINE;MARRECA SP;SP;ITAPIRAPUA PAULISTA;675,30;236,19;41,39;17,78;78,10;9,16;33,04;30,35;100,00;370,65;0,00;0,36
2015.0;8.0;2015-08-01;BRASPINE;MARRECAS;;;;;95,03;16,14;71,52;7,63;34,00;25,94;100,00;345,27;0,00;9,33
2015.0;8.0;2015-08-01;BRASPINE;MERCADINHO;;;;;40,35;17,52;77,43;9,01;34,24;29,86;99,94;365,14;0,00;5,55
2015.0;8.0;2015-08-01;BRASPINE;MONTE ALEGRE;;;;;31,45;20,63;62,07;11,54;30,05;30,75;99,85;105,38;0,00;0,36
2015.0;8.0;2015-08-01;BRASPINE;MONTE TABOR II;;;;;44,11;16,75;81,18;8,21;38,65;28,98;100,00;361,36;0,00;1,49
2015.0;8.0;2015-08-01;BRASPINE;MOREIRA;PR;DOUTOR ULYSSES;230,52;68,68;49,00;17,10;75,20;9,49;34,98;28,62;100,00;375,44;0,00;1,28
2015.0;8.0;2015-08-01;BRASPINE;MOREIRAS II;PR;DOUTOR ULYSSES;66,76;28,75;46,94;17,10;75,20;9,49;34,98;28,62;100,00;375,44;0,00;1,28
2015.0;8.0;2015-08-01;BRASPINE;MORRETES;PR;ORTIGUEIRA;20,36;20,36;54,07;17,56;75,10;8,55;36,03;27,96;99,93;351,45;0,00;2,52
2015.0;8.0;2015-08-01;BRASPINE;MORRO AZUL;;;;;45,87;17,50;75,04;9,10;33,91;29,03;100,00;386,89;0,00;4,32
2015.0;8.0;2015-08-01;BRASPINE;OURO FINO;SP;APIAI;51,70;51,70;41,30;17,02;77,56;8,86;36,36;28,76;100,00;370,67;0,00;14,69
2015.0;8.0;2015-08-01;BRASPINE;PALMEIRINHA DE BAIXO - SOSSEGO;PR;SENGES;85,93;9,22;42,42;17,25;69,63;8,31;31,16;27,38;99,67;370,93;0,00;7,86
2015.0;8.0;2015-08-01;BRASPINE;PAZIN;PR;DOUTOR ULYSSES;41,20;23,90;49,02;17,14;76,64;9,52;34,02;29,18;100,00;377,26;0,00;2,37
2015.0;8.0;2015-08-01;BRASPINE;PEDRAS;PR;CASTRO;7,18;7,18;57,86;16,68;73,59;8,80;37,11;26,56;99,55;360,61;0,00;2,18
2015.0;8.0;2015-08-01;BRASPINE;PESCARIA;PR;SAO JOSE DA BOA VISTA;184,57;129,22;50,44;18,88;67,56;8,78;31,92;29,41;97,56;333,19;0,00;0,31
2015.0;8.0;2015-08-01;BRASPINE;PESSEGUEIRO;PR;DOUTOR ULYSSES;109,95;64,79;53,46;17,10;75,20;9,49;34,98;28,62;100,00;375,44;0,00;1,28
2015.0;8.0;2015-08-01;BRASPINE;PITANGA;;;;;68,25;17,41;69,85;7,11;35,09;26,59;99,47;359,89;0,00;12,15
2015.0;8.0;2015-08-01;BRASPINE;QUEIMADINHO ARROIO CLARO;PR;DOUTOR ULYSSES;48,13;19,09;47,30;17,10;75,20;9,49;34,98;28,62;100,00;375,44;0,00;1,28
2015.0;8.0;2015-08-01;BRASPINE;QUEIMADINHO M6042;PR;DOUTOR ULYSSES;48,38;18,50;47,30;17,10;75,20;9,49;34,98;28,62;100,00;375,44;0,00;1,28
2015.0;8.0;2015-08-01;BRASPINE;QUEIMADINHO USUCAPIAO;PR;DOUTOR ULYSSES;200,27;92,43;47,30;17,10;75,20;9,49;34,98;28,62;100,00;375,44;0,00;1,28
2015.0;8.0;2015-08-01;BRASPINE;RAMOS;PR;SENGES;69,83;38,15;52,47;16,99;74,03;9,50;34,83;28,10;100,00;373,34;0,00;3,20
2015.0;8.0;2015-08-01;BRASPINE;RIBEIRAO GRANDE;PR;JAGUARIAIVA;20,77;20,77;59,82;17,02;71,16;9,00;34,43;26,81;99,52;350,38;0,00;5,93
2015.0;8.0;2015-08-01;BRASPINE;RINCAO DE BAIXO;;;;;45,40;16,97;70,97;8,14;36,55;26,79;98,51;345,54;0,00;5,61
2015.0;8.0;2015-08-01;BRASPINE;RIO BOMBA;PR;CERRO AZUL;65,03;37,72;39,01;17,67;77,31;8,77;35,41;29,90;99,80;366,12;0,00;5,71
2015.0;8.0;2015-08-01;BRASPINE;RIO DO MEIO;PR;DOUTOR ULYSSES;712,33;389,13;47,04;17,10;75,20;9,49;34,98;28,62;100,00;375,44;0,00;1,28
2015.0;8.0;2015-08-01;BRASPINE;RONDON;PR;JAGUARIAIVA;2899,24;1475,88;43,74;17,22;70,36;8,47;33,05;27,36;99,49;370,38;0,00;0,24
2015.0;8.0;2015-08-01;BRASPINE;SANTA FELICIDADE;;;;;45,12;18,07;79,40;9,05;32,67;31,09;100,00;370,50;0,00;4,80
2015.0;8.0;2015-08-01;BRASPINE;SANTA LIDIA DO CERCADINHO;;;;;45,81;16,71;70,64;8,13;36,50;26,48;98,30;341,04;0,00;4,64
2015.0;8.0;2015-08-01;BRASPINE;SANTO ANTONIO;;;;;45,09;17,19;70,82;8,49;30,52;27,70;99,97;367,95;0,00;3,95
2015.0;8.0;2015-08-01;BRASPINE;SAO JOSE;PR;JANDAIA DO SUL;37,56;37,56;31,76;20,49;62,09;11,47;30,20;30,58;99,89;104,81;0,00;1,36
2015.0;8.0;2015-08-01;BRASPINE;SAO MATHEUS;;;;;29,95;21,44;63,61;11,64;30,87;31,76;100,00;106,45;0,00;2,31
2015.0;8.0;2015-08-01;BRASPINE;SAO PEDRO E SAO PAULO;PR;SAPOPEMA;709,13;323,93;45,54;18,20;67,42;9,68;34,67;28,20;99,85;361,50;0,00;1,62
2015.0;8.0;2015-08-01;BRASPINE;SAO RAFAEL;;;;;38,98;16,63;75,89;7,60;35,94;26,91;99,64;359,86;0,00;6,20
2015.0;8.0;2015-08-01;BRASPINE;SAO RAFAEL - PB;;;;;48,63;17,22;76,85;8,96;35,54;28,94;100,00;378,62;0,00;15,24
2015.0;8.0;2015-08-01;BRASPINE;SERRARIA;PR;DOUTOR ULYSSES;280,88;117,71;54,32;16,92;75,92;9,26;34,52;28,73;100,00;372,52;0,00;3,34
2015.0;8.0;2015-08-01;BRASPINE;SERRO VERDE;;;;;83,26;17,28;68,90;6,58;35,67;26,33;99,53;353,57;0,00;22,19
2015.0;8.0;2015-08-01;BRASPINE;SERTAOZINHO;PR;DOUTOR ULYSSES;16,25;16,25;46,80;17,10;75,20;9,49;34,98;28,62;100,00;375,44;0,00;1,28
2015.0;8.0;2015-08-01;BRASPINE;SITIO BASILIO;PR;JAGUARIAIVA;8,08;8,08;54,77;17,07;69,85;8,42;34,91;26,67;99,39;363,76;0,00;0,89
2015.0;8.0;2015-08-01;BRASPINE;SITIO DAS MARRECAS;PR;DOUTOR ULYSSES;77,49;35,17;49,37;17,59;77,68;9,27;33,32;30,01;100,00;368,37;0,00;0,48
2015.0;8.0;2015-08-01;BRASPINE;SOBRADINHO;SP;BOM SUCESSO DE ITARARE;285,80;123,10;45,88;17,00;72,91;8,28;31,61;27,83;99,96;377,34;0,00;6,59
2015.0;8.0;2015-08-01;BRASPINE;TAQUARAL;PR;JAGUARIAIVA;519,13;31,07;46,90;17,37;70,39;8,86;34,07;27,31;99,53;371,95;0,00;5,75
2015.0;8.0;2015-08-01;BRASPINE;TUCUNDUVA;PR;SENGES;82,21;60,89;50,75;17,80;66,97;8,14;31,96;27,67;98,06;379,55;0,00;4,43
2015.0;8.0;2015-08-01;BRASPINE;TUCUNDUVA - CHAMMA;;;;;47,63;17,90;67,18;8,23;31,38;27,83;98,41;367,58;0,00;5,21
2015.0;8.0;2015-08-01;BRASPINE;VIENA 1;PR;DOUTOR ULYSSES;263,98;178,34;55,83;16,74;74,17;8,78;36,69;27,63;100,00;372,88;0,00;3,09
2015.0;8.0;2015-08-01;BRASPINE;VIENA 2;PR;CERRO AZUL;140,23;96,54;39,25;17,67;77,31;8,77;35,41;29,90;99,80;366,12;0,00;5,71
2015.0;8.0;2015-08-01;BRASPINE;VITORIA;PR;SENGES;50,54;35,69;42,42;17,25;69,63;8,31;31,16;27,38;99,67;370,93;0,00;7,86
2015.0;8.0;2015-08-01;BRASPINE;VIVEIRO;PR;DOUTOR ULYSSES;405,39;261,22;46,94;17,10;75,20;9,49;34,98;28,62;100,00;375,44;0,00;1,28
2015.0;8.0;2015-08-01;BRASPINE;VO LINO;PR;DOUTOR ULYSSES;164,50;97,89;50,43;17,14;76,64;9,52;34,02;29,18;100,00;377,26;0,00;2,37
2015.0;8.0;2015-08-01;BRASPINE;XAXIM VELHO;;;;;93,56;16,16;73,23;7,62;35,97;26,12;100,00;344,35;0,00;6,55
2015.0;9.0;2015-09-01;BRASPINE;AGUA DOCE;PR;JAGUARIAIVA;238,97;121,99;92,33;18,76;78,10;8,56;32,03;30,61;99,99;184,33;0,00;45,82
2015.0;9.0;2015-09-01;BRASPINE;AMATA;;;;;114,55;19,82;81,38;10,55;26,53;34,24;100,00;190,96;0,00;8,04
2015.0;9.0;2015-09-01;BRASPINE;ANTA BRAVA;;;;;78,22;21,58;75,13;12,57;25,63;34,92;99,46;110,08;0,00;5,54
2015.0;9.0;2015-09-01;BRASPINE;ARAPONGAS;PR;SENGES;423,34;263,70;85,73;18,74;81,21;9,12;26,43;32,20;100,00;190,31;0,00;35,36
2015.0;9.0;2015-09-01;BRASPINE;ARROIO CLARO;PR;DOUTOR ULYSSES;275,14;92,00;95,21;18,80;81,92;9,41;25,68;32,65;100,00;192,76;0,00;14,13
2015.0;9.0;2015-09-01;BRASPINE;BARRA GRANDE;PR;DOUTOR ULYSSES;493,79;139,68;84,91;19,16;81,97;9,70;25,46;33,43;100,00;181,27;0,00;21,54
2015.0;9.0;2015-09-01;BRASPINE;BARRA GRANDE - BEMAIS;PR;GUARAPUAVA;299,16;108,61;151,09;17,70;78,04;4,19;33,81;29,03;99,99;216,95;4,19;13,02
2015.0;9.0;2015-09-01;BRASPINE;BARRETOS;PR;JAGUARIAIVA;43,35;32,98;89,77;18,86;79,75;8,75;28,25;31,69;100,00;186,93;0,00;41,45
2015.0;9.0;2015-09-01;BRASPINE;BAU;;;;;92,88;17,81;76,97;4,49;32,46;28,85;99,90;193,25;9,14;9,27
2015.0;9.0;2015-09-01;BRASPINE;BOA VISTA II;PR;PIRAI DO SUL;944,00;535,05;85,33;18,85;78,80;8,60;30,08;31,18;99,99;185,29;0,00;54,79
2015.0;9.0;2015-09-01;BRASPINE;BRASILEIRA;;;;;85,28;18,74;81,21;9,12;26,43;32,20;100,00;190,31;0,00;35,36
2015.0;9.0;2015-09-01;BRASPINE;BURACAO;;;;;116,74;18,55;79,27;9,26;30,72;31,10;99,84;185,73;0,00;7,82
2015.0;9.0;2015-09-01;BRASPINE;BURRINHO;PR;DOUTOR ULYSSES;211,01;100,37;94,35;18,80;81,92;9,41;25,68;32,65;100,00;192,76;0,00;14,13
2015.0;9.0;2015-09-01;BRASPINE;CADEADO I;PR;JAGUARIAIVA;21,07;12,29;88,25;18,64;80,37;8,75;27,46;31,55;100,00;185,84;0,00;13,88
2015.0;9.0;2015-09-01;BRASPINE;CADEADO II;PR;JAGUARIAIVA;21,88;16,79;88,25;18,64;80,37;8,75;27,46;31,55;100,00;185,84;0,00;13,88
2015.0;9.0;2015-09-01;BRASPINE;CAMPINA ALTA;PR;TIBAGI;29,77;18,24;173,32;19,19;78,22;7,71;31,09;31,42;99,93;202,49;0,00;8,50
2015.0;9.0;2015-09-01;BRASPINE;CAMPINA DO ELIAS;PR;JAGUARIAIVA;29,17;14,65;88,17;18,78;79,98;8,75;27,96;31,64;100,00;186,53;0,00;26,35
2015.0;9.0;2015-09-01;BRASPINE;CAMPO NOVO;PR;JAGUARIAIVA;295,98;156,36;87,11;18,64;80,37;8,75;27,46;31,55;100,00;185,84;0,00;13,88
2015.0;9.0;2015-09-01;BRASPINE;CONSULTORIA II A;PR;DOUTOR ULYSSES;89,62;60,79;84,40;18,74;81,21;9,12;26,43;32,20;100,00;190,31;0,00;35,36
2015.0;9.0;2015-09-01;BRASPINE;DINIZ;;;;;83,54;18,74;81,21;9,12;26,43;32,20;100,00;190,31;0,00;35,36
2015.0;9.0;2015-09-01;BRASPINE;ENES;PR;JAGUARIAIVA;5,93;5,69;87,31;18,64;80,37;8,75;27,46;31,55;100,00;185,84;0,00;13,88
2015.0;9.0;2015-09-01;BRASPINE;ENGENHARIA;;;;;83,54;18,74;81,21;9,12;26,43;32,20;100,00;190,31;0,00;35,36
2015.0;9.0;2015-09-01;BRASPINE;ESTACAO;PR;SENGES;4,76;4,14;83,79;18,64;80,37;8,75;27,46;31,55;100,00;185,84;0,00;13,88
2015.0;9.0;2015-09-01;BRASPINE;FAXINAL;PR;JAGUARIAIVA;20,65;20,65;87,31;18,64;80,37;8,75;27,46;31,55;100,00;185,84;0,00;13,88
2015.0;9.0;2015-09-01;BRASPINE;FEITAL;PR;DOUTOR ULYSSES;154,17;86,53;85,74;18,88;81,46;9,32;26,11;32,61;100,00;192,38;0,00;30,81
2015.0;9.0;2015-09-01;BRASPINE;FIGUEIRA;PR;DOUTOR ULYSSES;1053,81;315,71;83,07;18,80;81,92;9,41;25,68;32,65;100,00;192,76;0,00;14,13
2015.0;9.0;2015-09-01;BRASPINE;FIGUEIRINHA;PR;DOUTOR ULYSSES;94,37;56,74;93,63;18,80;81,92;9,41;25,68;32,65;100,00;192,76;0,00;14,13
2015.0;9.0;2015-09-01;BRASPINE;FLOEMA;PR;DOUTOR ULYSSES;2189,88;701,43;81,89;18,39;81,06;8,81;26,78;31,44;100,00;185,22;0,00;31,04
2015.0;9.0;2015-09-01;BRASPINE;FLOEMA I - SUDATI;;;;;84,71;18,74;81,21;9,12;26,43;32,20;100,00;190,31;0,00;35,36
2015.0;9.0;2015-09-01;BRASPINE;FLOEMA II - SUDATI;PR;DOUTOR ULYSSES;453,83;211,13;83,45;18,74;81,21;9,12;26,43;32,20;100,00;190,31;0,00;35,36
2015.0;9.0;2015-09-01;BRASPINE;FLOR DA SERRA;PR;SAO JOSE DA BOA VISTA;209,10;128,72;86,64;20,41;75,51;10,60;29,19;33,13;99,65;197,82;0,00;0,48
2015.0;9.0;2015-09-01;BRASPINE;GENTIL;PR;JAGUARIAIVA;126,77;53,33;87,47;18,46;78,07;8,29;32,79;30,09;99,95;180,61;0,00;50,38
2015.0;9.0;2015-09-01;BRASPINE;GUAIRACA;PR;GUARAPUAVA;623,62;169,31;160,27;17,74;78,53;4,26;35,11;29,26;99,99;217,72;4,26;16,60
2015.0;9.0;2015-09-01;BRASPINE;HERVAL 2 - MADALOSSO;;;;;117,12;18,55;79,27;9,26;30,72;31,10;99,84;185,73;0,00;7,82
2015.0;9.0;2015-09-01;BRASPINE;HERVAL DE BAIXO;PR;RESERVA;827,29;475,92;193,42;19,03;78,96;6,92;31,65;31,39;99,92;226,01;0,00;4,27
2015.0;9.0;2015-09-01;BRASPINE;HORTO 01;PR;TURVO;19,12;19,12;109,36;18,48;78,05;4,26;35,86;29,62;99,95;209,52;4,26;1,29
2015.0;9.0;2015-09-01;BRASPINE;HORTO 02;PR;TURVO;4,24;4,24;100,57;18,48;78,05;4,26;35,86;29,62;99,95;209,52;4,26;1,29
2015.0;9.0;2015-09-01;BRASPINE;HORTO 03;PR;PRUDENTOPOLIS;80,91;25,89;134,88;18,89;77,76;5,26;35,09;30,44;99,96;200,90;0,00;24,21
2015.0;9.0;2015-09-01;BRASPINE;HORTO 08;PR;TURVO;9,53;9,53;92,80;18,89;77,76;5,26;35,09;30,44;99,96;200,90;0,00;24,21
2015.0;9.0;2015-09-01;BRASPINE;HORTO 12;PR;PRUDENTOPOLIS;12,20;12,20;138,39;18,89;77,76;5,26;35,09;30,44;99,96;200,90;0,00;24,21
2015.0;9.0;2015-09-01;BRASPINE;IZAU;PR;PIRAI DO SUL;19,37;11,60;86,64;18,56;78,41;8,27;30,92;30,52;99,94;181,73;0,00;57,04
2015.0;9.0;2015-09-01;BRASPINE;JOAO RICO;PR;JAGUARIAIVA;47,46;26,18;89,95;18,76;78,10;8,56;32,03;30,61;99,99;184,33;0,00;45,82
2015.0;9.0;2015-09-01;BRASPINE;LAGOA;PR;JAGUARIAIVA;24,10;10,78;87,35;18,64;80,37;8,75;27,46;31,55;100,00;185,84;0,00;13,88
2015.0;9.0;2015-09-01;BRASPINE;MARACANA;PR;JANDAIA DO SUL;11,45;11,45;206,45;21,46;72,73;10,40;24,81;33,64;100,00;117,36;0,00;7,91
2015.0;9.0;2015-09-01;BRASPINE;MARRECA;;;;;83,52;18,80;81,92;9,41;25,68;32,65;100,00;192,76;0,00;14,13
2015.0;9.0;2015-09-01;BRASPINE;MARRECA SP;SP;ITAPIRAPUA PAULISTA;675,30;236,19;102,16;19,40;82,60;10,21;25,11;34,17;100,00;185,62;0,00;3,13
2015.0;9.0;2015-09-01;BRASPINE;MARRECAS;;;;;153,91;17,18;78,24;3,60;31,93;28,39;100,00;221,83;8,09;3,52
2015.0;9.0;2015-09-01;BRASPINE;MERCADINHO;;;;;102,78;19,23;81,79;10,20;25,46;33,49;100,00;182,57;0,00;1,32
2015.0;9.0;2015-09-01;BRASPINE;MONTE ALEGRE;;;;;183,54;21,87;72,10;10,41;24,97;34,02;99,97;89,69;0,00;6,07
2015.0;9.0;2015-09-01;BRASPINE;MONTE TABOR II;;;;;83,98;18,51;84,84;10,30;29,27;32,71;100,00;200,57;0,00;5,12
2015.0;9.0;2015-09-01;BRASPINE;MOREIRA;PR;DOUTOR ULYSSES;230,52;68,68;83,45;18,74;81,21;9,12;26,43;32,20;100,00;190,31;0,00;35,36
2015.0;9.0;2015-09-01;BRASPINE;MOREIRAS II;PR;DOUTOR ULYSSES;66,76;28,75;84,51;18,74;81,21;9,12;26,43;32,20;100,00;190,31;0,00;35,36
2015.0;9.0;2015-09-01;BRASPINE;MORRETES;PR;ORTIGUEIRA;20,36;20,36;180,50;19,36;79,77;6,79;31,25;31,97;99,87;227,98;0,00;0,76
2015.0;9.0;2015-09-01;BRASPINE;MORRO AZUL;;;;;88,12;19,00;81,68;9,53;25,04;33,18;100,00;179,63;0,00;3,17
2015.0;9.0;2015-09-01;BRASPINE;OURO FINO;SP;APIAI;51,70;51,70;83,73;18,65;83,11;9,73;27,49;32,70;100,00;195,98;0,00;10,95
2015.0;9.0;2015-09-01;BRASPINE;PALMEIRINHA DE BAIXO - SOSSEGO;PR;SENGES;85,93;9,22;93,43;18,56;78,91;8,71;28,22;31,02;99,94;184,94;0,00;10,40
2015.0;9.0;2015-09-01;BRASPINE;PAZIN;PR;DOUTOR ULYSSES;41,20;23,90;86,73;18,80;81,92;9,41;25,68;32,65;100,00;192,76;0,00;14,13
2015.0;9.0;2015-09-01;BRASPINE;PEDRAS;PR;CASTRO;7,18;7,18;86,86;18,49;79,15;8,42;33,11;30,27;99,82;181,45;0,00;61,52
2015.0;9.0;2015-09-01;BRASPINE;PESCARIA;PR;SAO JOSE DA BOA VISTA;184,57;129,22;91,13;20,62;74,86;10,74;27,99;33,45;99,58;183,55;0,00;3,17
2015.0;9.0;2015-09-01;BRASPINE;PESSEGUEIRO;PR;DOUTOR ULYSSES;109,95;64,79;80,12;18,74;81,21;9,12;26,43;32,20;100,00;190,31;0,00;35,36
2015.0;9.0;2015-09-01;BRASPINE;PITANGA;;;;;90,50;18,48;76,50;5,13;33,14;29,91;99,81;203,09;0,00;5,93
2015.0;9.0;2015-09-01;BRASPINE;QUEIMADINHO ARROIO CLARO;PR;DOUTOR ULYSSES;48,13;19,09;85,28;18,74;81,21;9,12;26,43;32,20;100,00;190,31;0,00;35,36
2015.0;9.0;2015-09-01;BRASPINE;QUEIMADINHO M6042;PR;DOUTOR ULYSSES;48,38;18,50;85,28;18,74;81,21;9,12;26,43;32,20;100,00;190,31;0,00;35,36
2015.0;9.0;2015-09-01;BRASPINE;QUEIMADINHO USUCAPIAO;PR;DOUTOR ULYSSES;200,27;92,43;85,28;18,74;81,21;9,12;26,43;32,20;100,00;190,31;0,00;35,36
2015.0;9.0;2015-09-01;BRASPINE;RAMOS;PR;SENGES;69,83;38,15;84,71;18,64;80,37;8,75;27,46;31,55;100,00;185,84;0,00;13,88
2015.0;9.0;2015-09-01;BRASPINE;RIBEIRAO GRANDE;PR;JAGUARIAIVA;20,77;20,77;87,16;18,56;78,41;8,27;30,92;30,52;99,94;181,73;0,00;57,04
2015.0;9.0;2015-09-01;BRASPINE;RINCAO DE BAIXO;;;;;152,92;18,73;76,92;8,52;31,37;30,60;99,61;213,40;0,00;2,19
2015.0;9.0;2015-09-01;BRASPINE;RIO BOMBA;PR;CERRO AZUL;65,03;37,72;106,59;19,46;81,04;9,98;26,50;33,41;100,00;186,11;0,00;9,33
2015.0;9.0;2015-09-01;BRASPINE;RIO DO MEIO;PR;DOUTOR ULYSSES;712,33;389,13;84,73;18,74;81,21;9,12;26,43;32,20;100,00;190,31;0,00;35,36
2015.0;9.0;2015-09-01;BRASPINE;RONDON;PR;JAGUARIAIVA;2899,24;1475,88;87,78;18,58;79,11;8,60;30,01;30,72;99,95;183,49;0,00;34,95
2015.0;9.0;2015-09-01;BRASPINE;SANTA FELICIDADE;;;;;86,43;19,67;83,35;10,72;24,72;35,14;100,00;189,37;0,00;10,06
2015.0;9.0;2015-09-01;BRASPINE;SANTA LIDIA DO CERCADINHO;;;;;151,29;18,43;76,83;8,48;31,64;30,05;99,55;225,34;0,00;0,88
2015.0;9.0;2015-09-01;BRASPINE;SANTO ANTONIO;;;;;93,51;18,59;79,42;8,89;26,79;31,48;100,00;187,06;0,00;2,13
2015.0;9.0;2015-09-01;BRASPINE;SAO JOSE;PR;JANDAIA DO SUL;37,56;37,56;185,79;21,73;72,25;10,37;25,19;33,81;99,99;119,02;0,00;6,55
2015.0;9.0;2015-09-01;BRASPINE;SAO MATHEUS;;;;;97,83;22,75;71,74;10,36;25,21;35,51;99,99;76,70;0,00;11,31
2015.0;9.0;2015-09-01;BRASPINE;SAO PEDRO E SAO PAULO;PR;SAPOPEMA;709,13;323,93;181,61;19,96;75,23;9,35;27,42;31,60;99,74;174,86;0,00;3,36
2015.0;9.0;2015-09-01;BRASPINE;SAO RAFAEL;;;;;111,55;17,99;79,81;6,99;32,08;30,89;99,67;207,94;0,00;9,25
2015.0;9.0;2015-09-01;BRASPINE;SAO RAFAEL - PB;;;;;90,64;18,80;82,72;9,71;26,37;32,98;100,00;196,58;0,00;12,09
2015.0;9.0;2015-09-01;BRASPINE;SERRARIA;PR;DOUTOR ULYSSES;280,88;117,71;81,26;18,59;81,49;9,11;26,23;32,05;100,00;188,99;0,00;21,45
2015.0;9.0;2015-09-01;BRASPINE;SERRO VERDE;;;;;95,30;18,23;75,46;4,32;32,37;29,49;99,91;198,26;8,86;8,27
2015.0;9.0;2015-09-01;BRASPINE;SERTAOZINHO;PR;DOUTOR ULYSSES;16,25;16,25;84,32;18,74;81,21;9,12;26,43;32,20;100,00;190,31;0,00;35,36
2015.0;9.0;2015-09-01;BRASPINE;SITIO BASILIO;PR;JAGUARIAIVA;8,08;8,08;92,49;18,51;77,97;8,37;33,20;30,09;99,96;181,29;0,00;46,55
2015.0;9.0;2015-09-01;BRASPINE;SITIO DAS MARRECAS;PR;DOUTOR ULYSSES;77,49;35,17;91,01;19,23;82,40;9,98;25,27;33,74;100,00;183,38;0,00;5,73
2015.0;9.0;2015-09-01;BRASPINE;SOBRADINHO;SP;BOM SUCESSO DE ITARARE;285,80;123,10;93,46;18,49;80,72;9,04;26,27;31,74;100,00;188,63;0,00;6,06
2015.0;9.0;2015-09-01;BRASPINE;TAQUARAL;PR;JAGUARIAIVA;519,13;31,07;93,72;18,76;78,79;8,65;31,08;30,80;100,00;184,59;0,00;43,56
2015.0;9.0;2015-09-01;BRASPINE;TUCUNDUVA;PR;SENGES;82,21;60,89;94,69;19,18;76,38;9,26;30,63;31,18;99,71;220,93;0,00;1,67
2015.0;9.0;2015-09-01;BRASPINE;TUCUNDUVA - CHAMMA;;;;;89,30;19,26;76,61;9,36;29,48;31,44;99,84;208,30;0,00;8,19
2015.0;9.0;2015-09-01;BRASPINE;VIENA 1;PR;DOUTOR ULYSSES;263,98;178,34;95,57;18,38;80,34;8,56;29,07;30,81;100,00;182,98;0,00;50,25
2015.0;9.0;2015-09-01;BRASPINE;VIENA 2;PR;CERRO AZUL;140,23;96,54;106,40;19,46;81,04;9,98;26,50;33,41;100,00;186,11;0,00;9,33
2015.0;9.0;2015-09-01;BRASPINE;VITORIA;PR;SENGES;50,54;35,69;93,43;18,56;78,91;8,71;28,22;31,02;99,94;184,94;0,00;10,40
2015.0;9.0;2015-09-01;BRASPINE;VIVEIRO;PR;DOUTOR ULYSSES;405,39;261,22;84,51;18,74;81,21;9,12;26,43;32,20;100,00;190,31;0,00;35,36
2015.0;9.0;2015-09-01;BRASPINE;VO LINO;PR;DOUTOR ULYSSES;164,50;97,89;86,99;18,80;81,92;9,41;25,68;32,65;100,00;192,76;0,00;14,13
2015.0;9.0;2015-09-01;BRASPINE;XAXIM VELHO;;;;;159,35;17,25;78,91;3,44;33,28;28,72;100,00;206,73;7,36;5,31
2015.0;10.0;2015-10-01;BRASPINE;AGUA DOCE;PR;JAGUARIAIVA;238,97;121,99;210,26;19,65;83,97;11,48;45,26;30,22;99,85;143,36;0,00;10,99
2015.0;10.0;2015-10-01;BRASPINE;AMATA;;;;;246,38;20,62;84,29;12,99;39,71;33,54;100,00;111,40;0,00;1,87
2015.0;10.0;2015-10-01;BRASPINE;ANTA BRAVA;;;;;191,54;22,74;76,80;15,10;29,96;34,79;99,51;0,00;0,00;1,61
2015.0;10.0;2015-10-01;BRASPINE;ARAPONGAS;PR;SENGES;423,34;263,70;213,74;19,51;85,99;11,56;41,91;31,36;100,00;144,78;0,00;3,00
2015.0;10.0;2015-10-01;BRASPINE;ARROIO CLARO;PR;DOUTOR ULYSSES;275,14;92,00;209,72;19,57;86,49;11,78;41,50;32,02;100,00;132,16;0,00;0,54
2015.0;10.0;2015-10-01;BRASPINE;BARRA GRANDE;PR;DOUTOR ULYSSES;493,79;139,68;198,73;19,87;86,12;11,82;42,25;32,09;100,00;132,43;0,00;11,49
2015.0;10.0;2015-10-01;BRASPINE;BARRA GRANDE - BEMAIS;PR;GUARAPUAVA;299,16;108,61;186,30;19,34;85,68;10,52;50,80;29,00;100,00;205,54;0,00;352,38
2015.0;10.0;2015-10-01;BRASPINE;BARRETOS;PR;JAGUARIAIVA;43,35;32,98;211,19;19,57;85,41;11,26;41,89;30,96;99,98;157,05;0,00;9,99
2015.0;10.0;2015-10-01;BRASPINE;BAU;;;;;195,54;19,51;84,86;9,81;51,60;28,49;99,89;176,56;0,00;4,70
2015.0;10.0;2015-10-01;BRASPINE;BOA VISTA II;PR;PIRAI DO SUL;944,00;535,05;209,46;19,62;84,82;11,19;42,81;30,64;99,95;141,12;0,00;0,20
2015.0;10.0;2015-10-01;BRASPINE;BRASILEIRA;;;;;195,22;19,51;85,99;11,56;41,91;31,36;100,00;144,78;0,00;3,00
2015.0;10.0;2015-10-01;BRASPINE;BURACAO;;;;;260,41;19,44;84,96;11,52;39,96;30,81;99,87;159,96;0,00;1,03
2015.0;10.0;2015-10-01;BRASPINE;BURRINHO;PR;DOUTOR ULYSSES;211,01;100,37;208,95;19,57;86,49;11,78;41,50;32,02;100,00;132,16;0,00;0,54
2015.0;10.0;2015-10-01;BRASPINE;CADEADO I;PR;JAGUARIAIVA;21,07;12,29;194,44;19,41;85,55;11,37;41,29;30,91;100,00;142,62;0,00;6,69
2015.0;10.0;2015-10-01;BRASPINE;CADEADO II;PR;JAGUARIAIVA;21,88;16,79;194,44;19,41;85,55;11,37;41,29;30,91;100,00;142,62;0,00;6,69
2015.0;10.0;2015-10-01;BRASPINE;CAMPINA ALTA;PR;TIBAGI;29,77;18,24;241,17;20,91;83,17;13,40;45,81;31,14;99,90;84,58;0,00;11,61
2015.0;10.0;2015-10-01;BRASPINE;CAMPINA DO ELIAS;PR;JAGUARIAIVA;29,17;14,65;204,62;19,51;85,46;11,30;41,67;30,95;99,98;157,25;0,00;8,87
2015.0;10.0;2015-10-01;BRASPINE;CAMPO NOVO;PR;JAGUARIAIVA;295,98;156,36;219,65;19,41;85,55;11,37;41,29;30,91;100,00;142,62;0,00;6,69
2015.0;10.0;2015-10-01;BRASPINE;CONSULTORIA II A;PR;DOUTOR ULYSSES;89,62;60,79;200,92;19,51;85,99;11,56;41,91;31,36;100,00;144,78;0,00;3,00
2015.0;10.0;2015-10-01;BRASPINE;DINIZ;;;;;201,40;19,51;85,99;11,56;41,91;31,36;100,00;144,78;0,00;3,00
2015.0;10.0;2015-10-01;BRASPINE;ENES;PR;JAGUARIAIVA;5,93;5,69;220,26;19,41;85,55;11,37;41,29;30,91;100,00;142,62;0,00;6,69
2015.0;10.0;2015-10-01;BRASPINE;ENGENHARIA;;;;;201,40;19,51;85,99;11,56;41,91;31,36;100,00;144,78;0,00;3,00
2015.0;10.0;2015-10-01;BRASPINE;ESTACAO;PR;SENGES;4,76;4,14;190,70;19,41;85,55;11,37;41,29;30,91;100,00;142,62;0,00;6,69
2015.0;10.0;2015-10-01;BRASPINE;FAXINAL;PR;JAGUARIAIVA;20,65;20,65;220,26;19,41;85,55;11,37;41,29;30,91;100,00;142,62;0,00;6,69
2015.0;10.0;2015-10-01;BRASPINE;FEITAL;PR;DOUTOR ULYSSES;154,17;86,53;196,28;19,63;86,04;11,65;42,41;31,57;100,00;145,71;0,00;1,23
2015.0;10.0;2015-10-01;BRASPINE;FIGUEIRA;PR;DOUTOR ULYSSES;1053,81;315,71;200,06;19,57;86,49;11,78;41,50;32,02;100,00;132,16;0,00;0,54
2015.0;10.0;2015-10-01;BRASPINE;FIGUEIRINHA;PR;DOUTOR ULYSSES;94,37;56,74;212,32;19,57;86,49;11,78;41,50;32,02;100,00;132,16;0,00;0,54
2015.0;10.0;2015-10-01;BRASPINE;FLOEMA;PR;DOUTOR ULYSSES;2189,88;701,43;206,95;19,21;86,22;11,47;39,39;31,25;100,00;143,37;0,00;1,65
2015.0;10.0;2015-10-01;BRASPINE;FLOEMA I - SUDATI;;;;;190,92;19,51;85,99;11,56;41,91;31,36;100,00;144,78;0,00;3,00
2015.0;10.0;2015-10-01;BRASPINE;FLOEMA II - SUDATI;PR;DOUTOR ULYSSES;453,83;211,13;195,12;19,51;85,99;11,56;41,91;31,36;100,00;144,78;0,00;3,00
2015.0;10.0;2015-10-01;BRASPINE;FLOR DA SERRA;PR;SAO JOSE DA BOA VISTA;209,10;128,72;221,44;21,79;78,23;14,27;42,40;32,77;99,53;57,94;0,00;0,28
2015.0;10.0;2015-10-01;BRASPINE;GENTIL;PR;JAGUARIAIVA;126,77;53,33;211,26;19,46;84,05;11,45;45,54;29,66;99,58;142,00;0,00;4,63
2015.0;10.0;2015-10-01;BRASPINE;GUAIRACA;PR;GUARAPUAVA;623,62;169,31;199,25;19,40;85,74;10,36;53,00;29,12;100,00;176,15;0,00;6,34
2015.0;10.0;2015-10-01;BRASPINE;HERVAL 2 - MADALOSSO;;;;;258,00;19,44;84,96;11,52;39,96;30,81;99,87;159,96;0,00;1,03
2015.0;10.0;2015-10-01;BRASPINE;HERVAL DE BAIXO;PR;RESERVA;827,29;475,92;236,05;20,91;83,40;13,50;46,56;31,16;99,89;69,65;0,00;4,37
2015.0;10.0;2015-10-01;BRASPINE;HORTO 01;PR;TURVO;19,12;19,12;220,14;20,05;85,51;11,30;51,93;29,49;99,85;167,43;0,00;0,94
2015.0;10.0;2015-10-01;BRASPINE;HORTO 02;PR;TURVO;4,24;4,24;219,79;20,05;85,51;11,30;51,93;29,49;99,85;167,43;0,00;0,94
2015.0;10.0;2015-10-01;BRASPINE;HORTO 03;PR;PRUDENTOPOLIS;80,91;25,89;216,94;20,48;84,83;11,87;49,60;30,28;99,97;111,08;0,00;1,36
2015.0;10.0;2015-10-01;BRASPINE;HORTO 08;PR;TURVO;9,53;9,53;200,47;20,48;84,83;11,87;49,60;30,28;99,97;111,08;0,00;1,36
2015.0;10.0;2015-10-01;BRASPINE;HORTO 12;PR;PRUDENTOPOLIS;12,20;12,20;211,98;20,48;84,83;11,87;49,60;30,28;99,97;111,08;0,00;1,36
2015.0;10.0;2015-10-01;BRASPINE;IZAU;PR;PIRAI DO SUL;19,37;11,60;214,91;19,39;84,80;11,20;44,06;29,95;99,59;154,97;0,00;5,44
2015.0;10.0;2015-10-01;BRASPINE;JOAO RICO;PR;JAGUARIAIVA;47,46;26,18;211,74;19,65;83,97;11,48;45,26;30,22;99,85;143,36;0,00;10,99
2015.0;10.0;2015-10-01;BRASPINE;LAGOA;PR;JAGUARIAIVA;24,10;10,78;193,71;19,41;85,55;11,37;41,29;30,91;100,00;142,62;0,00;6,69
2015.0;10.0;2015-10-01;BRASPINE;MARACANA;PR;JANDAIA DO SUL;11,45;11,45;228,49;22,80;78,49;13,65;39,80;33,19;99,99;28,62;0,00;1,87
2015.0;10.0;2015-10-01;BRASPINE;MARRECA;;;;;199,92;19,57;86,49;11,78;41,50;32,02;100,00;132,16;0,00;0,54
2015.0;10.0;2015-10-01;BRASPINE;MARRECA SP;SP;ITAPIRAPUA PAULISTA;675,30;236,19;229,83;20,09;86,39;12,14;40,64;32,64;100,00;134,67;0,00;1,85
2015.0;10.0;2015-10-01;BRASPINE;MARRECAS;;;;;192,88;18,86;86,03;9,79;52,24;28,54;100,00;213,53;0,00;0,06
2015.0;10.0;2015-10-01;BRASPINE;MERCADINHO;;;;;219,93;20,03;85,50;12,41;40,68;32,51;100,00;107,15;0,00;4,22
2015.0;10.0;2015-10-01;BRASPINE;MONTE ALEGRE;;;;;211,48;23,27;77,64;13,96;38,53;33,87;99,99;13,96;0,00;3,99
2015.0;10.0;2015-10-01;BRASPINE;MONTE TABOR II;;;;;197,74;19,55;87,55;12,78;45,14;32,87;100,00;124,85;0,00;10,32
2015.0;10.0;2015-10-01;BRASPINE;MOREIRA;PR;DOUTOR ULYSSES;230,52;68,68;195,12;19,51;85,99;11,56;41,91;31,36;100,00;144,78;0,00;3,00
2015.0;10.0;2015-10-01;BRASPINE;MOREIRAS II;PR;DOUTOR ULYSSES;66,76;28,75;201,80;19,51;85,99;11,56;41,91;31,36;100,00;144,78;0,00;3,00
2015.0;10.0;2015-10-01;BRASPINE;MORRETES;PR;ORTIGUEIRA;20,36;20,36;241,63;21,33;83,27;13,94;45,92;31,66;99,82;56,50;0,00;5,79
2015.0;10.0;2015-10-01;BRASPINE;MORRO AZUL;;;;;185,62;19,73;85,57;11,70;41,23;32,03;100,00;131,57;0,00;9,96
2015.0;10.0;2015-10-01;BRASPINE;OURO FINO;SP;APIAI;51,70;51,70;194,67;19,45;86,67;12,01;42,34;31,95;100,00;133,35;0,00;11,63
2015.0;10.0;2015-10-01;BRASPINE;PALMEIRINHA DE BAIXO - SOSSEGO;PR;SENGES;85,93;9,22;204,87;19,45;83,85;11,57;40,35;30,75;99,86;159,23;0,00;25,79
2015.0;10.0;2015-10-01;BRASPINE;PAZIN;PR;DOUTOR ULYSSES;41,20;23,90;200,90;19,57;86,49;11,78;41,50;32,02;100,00;132,16;0,00;0,54
2015.0;10.0;2015-10-01;BRASPINE;PEDRAS;PR;CASTRO;7,18;7,18;224,00;19,43;85,13;11,21;45,01;29,84;99,56;155,03;0,00;3,44
2015.0;10.0;2015-10-01;BRASPINE;PESCARIA;PR;SAO JOSE DA BOA VISTA;184,57;129,22;226,26;21,87;77,85;14,18;41,66;32,80;99,52;57,55;0,00;0,19
2015.0;10.0;2015-10-01;BRASPINE;PESSEGUEIRO;PR;DOUTOR ULYSSES;109,95;64,79;189,33;19,51;85,99;11,56;41,91;31,36;100,00;144,78;0,00;3,00
2015.0;10.0;2015-10-01;BRASPINE;PITANGA;;;;;200,19;20,21;83,95;10,39;51,15;29,07;99,81;124,17;0,00;4,26
2015.0;10.0;2015-10-01;BRASPINE;QUEIMADINHO ARROIO CLARO;PR;DOUTOR ULYSSES;48,13;19,09;195,22;19,51;85,99;11,56;41,91;31,36;100,00;144,78;0,00;3,00
2015.0;10.0;2015-10-01;BRASPINE;QUEIMADINHO M6042;PR;DOUTOR ULYSSES;48,38;18,50;195,22;19,51;85,99;11,56;41,91;31,36;100,00;144,78;0,00;3,00
2015.0;10.0;2015-10-01;BRASPINE;QUEIMADINHO USUCAPIAO;PR;DOUTOR ULYSSES;200,27;92,43;195,22;19,51;85,99;11,56;41,91;31,36;100,00;144,78;0,00;3,00
2015.0;10.0;2015-10-01;BRASPINE;RAMOS;PR;SENGES;69,83;38,15;190,92;19,41;85,55;11,37;41,29;30,91;100,00;142,62;0,00;6,69
2015.0;10.0;2015-10-01;BRASPINE;RIBEIRAO GRANDE;PR;JAGUARIAIVA;20,77;20,77;215,95;19,39;84,80;11,20;44,06;29,95;99,59;154,97;0,00;5,44
2015.0;10.0;2015-10-01;BRASPINE;RINCAO DE BAIXO;;;;;232,90;20,27;81,73;12,60;44,14;30,09;99,66;123,91;0,00;9,21
2015.0;10.0;2015-10-01;BRASPINE;RIO BOMBA;PR;CERRO AZUL;65,03;37,72;239,06;20,33;84,52;12,78;36,95;32,97;99,99;110,15;0,00;1,40
2015.0;10.0;2015-10-01;BRASPINE;RIO DO MEIO;PR;DOUTOR ULYSSES;712,33;389,13;200,05;19,51;85,99;11,56;41,91;31,36;100,00;144,78;0,00;3,00
2015.0;10.0;2015-10-01;BRASPINE;RONDON;PR;JAGUARIAIVA;2899,24;1475,88;212,64;19,45;84,39;11,41;42,49;30,54;99,87;158,17;0,00;1,14
2015.0;10.0;2015-10-01;BRASPINE;SANTA FELICIDADE;;;;;206,43;20,38;86,34;12,44;39,45;33,19;100,00;121,40;0,00;4,44
2015.0;10.0;2015-10-01;BRASPINE;SANTA LIDIA DO CERCADINHO;;;;;229,85;19,95;81,84;12,33;44,36;29,66;99,59;136,26;0,00;7,36
2015.0;10.0;2015-10-01;BRASPINE;SANTO ANTONIO;;;;;201,27;19,45;83,94;11,62;38,72;31,12;100,00;159,48;0,00;17,01
2015.0;10.0;2015-10-01;BRASPINE;SAO JOSE;PR;JANDAIA DO SUL;37,56;37,56;214,22;23,13;77,82;13,86;38,87;33,63;100,00;13,86;0,00;0,22
2015.0;10.0;2015-10-01;BRASPINE;SAO MATHEUS;;;;;189,83;24,26;77,15;14,62;37,86;35,19;99,95;14,62;0,00;0,75
2015.0;10.0;2015-10-01;BRASPINE;SAO PEDRO E SAO PAULO;PR;SAPOPEMA;709,13;323,93;263,95;21,32;80,06;13,68;43,75;31,62;99,59;56,22;0,00;6,14
2015.0;10.0;2015-10-01;BRASPINE;SAO RAFAEL;;;;;222,94;18,95;85,11;11,22;42,83;31,25;99,80;156,88;0,00;0,66
2015.0;10.0;2015-10-01;BRASPINE;SAO RAFAEL - PB;;;;;191,76;19,56;86,39;11,92;41,50;31,95;100,00;133,11;0,00;330,53
2015.0;10.0;2015-10-01;BRASPINE;SERRARIA;PR;DOUTOR ULYSSES;280,88;117,71;203,85;19,38;86,36;11,63;40,45;31,64;100,00;145,30;0,00;1,10
2015.0;10.0;2015-10-01;BRASPINE;SERRO VERDE;;;;;184,69;19,86;83,69;9,54;50,41;28,84;99,91;149,62;0,00;8,77
2015.0;10.0;2015-10-01;BRASPINE;SERTAOZINHO;PR;DOUTOR ULYSSES;16,25;16,25;194,22;19,51;85,99;11,56;41,91;31,36;100,00;144,78;0,00;3,00
2015.0;10.0;2015-10-01;BRASPINE;SITIO BASILIO;PR;JAGUARIAIVA;8,08;8,08;210,17;19,53;83,79;11,54;45,93;29,72;99,66;142,98;0,00;2,49
2015.0;10.0;2015-10-01;BRASPINE;SITIO DAS MARRECAS;PR;DOUTOR ULYSSES;77,49;35,17;213,16;19,94;86,42;12,04;41,06;32,47;100,00;133,94;0,00;3,40
2015.0;10.0;2015-10-01;BRASPINE;SOBRADINHO;SP;BOM SUCESSO DE ITARARE;285,80;123,10;191,23;19,34;84,73;11,61;38,54;31,27;100,00;144,62;0,00;6,42
2015.0;10.0;2015-10-01;BRASPINE;TAQUARAL;PR;JAGUARIAIVA;519,13;31,07;213,49;19,60;84,44;11,39;44,06;30,53;99,99;158,02;0,00;8,31
2015.0;10.0;2015-10-01;BRASPINE;TUCUNDUVA;PR;SENGES;82,21;60,89;211,95;20,35;80,64;12,61;44,05;30,73;99,48;123,45;0,00;3,72
2015.0;10.0;2015-10-01;BRASPINE;TUCUNDUVA - CHAMMA;;;;;216,31;20,33;80,87;12,56;42,83;30,98;99,48;123,18;0,00;1,61
2015.0;10.0;2015-10-01;BRASPINE;VIENA 1;PR;DOUTOR ULYSSES;263,98;178,34;219,75;19,16;86,00;11,27;40,94;30,36;100,00;155,63;0,00;1,72
2015.0;10.0;2015-10-01;BRASPINE;VIENA 2;PR;CERRO AZUL;140,23;96,54;238,87;20,33;84,52;12,78;36,95;32,97;99,99;110,15;0,00;1,40
2015.0;10.0;2015-10-01;BRASPINE;VITORIA;PR;SENGES;50,54;35,69;204,87;19,45;83,85;11,57;40,35;30,75;99,86;159,23;0,00;25,79
2015.0;10.0;2015-10-01;BRASPINE;VIVEIRO;PR;DOUTOR ULYSSES;405,39;261,22;201,80;19,51;85,99;11,56;41,91;31,36;100,00;144,78;0,00;3,00
2015.0;10.0;2015-10-01;BRASPINE;VO LINO;PR;DOUTOR ULYSSES;164,50;97,89;202,32;19,57;86,49;11,78;41,50;32,02;100,00;132,16;0,00;0,54
2015.0;10.0;2015-10-01;BRASPINE;XAXIM VELHO;;;;;198,01;18,85;86,32;9,06;52,16;28,67;100,00;198,94;0,00;0,00
2015.0;11.0;2015-11-01;BRASPINE;AGUA DOCE;PR;JAGUARIAIVA;238,97;121,99;211,99;19,45;89,06;13,15;53,73;28,58;99,92;127,52;0,00;5,91
2015.0;11.0;2015-11-01;BRASPINE;AMATA;;;;;207,79;20,65;88,81;14,74;51,23;31,26;100,00;29,71;0,00;1,12
2015.0;11.0;2015-11-01;BRASPINE;ANTA BRAVA;;;;;234,90;22,38;85,28;16,20;52,97;31,15;99,76;0,00;0,00;24,03
2015.0;11.0;2015-11-01;BRASPINE;ARAPONGAS;PR;SENGES;423,34;263,70;193,84;19,49;90,24;13,09;51,99;29,63;100,00;98,40;0,00;0,89
2015.0;11.0;2015-11-01;BRASPINE;ARROIO CLARO;PR;DOUTOR ULYSSES;275,14;92,00;205,91;19,62;90,18;13,30;53,53;29,87;100,00;99,89;0,00;0,98
2015.0;11.0;2015-11-01;BRASPINE;BARRA GRANDE;PR;DOUTOR ULYSSES;493,79;139,68;201,43;19,89;90,25;13,45;51,28;30,42;100,00;86,19;0,00;0,91
2015.0;11.0;2015-11-01;BRASPINE;BARRA GRANDE - BEMAIS;PR;GUARAPUAVA;299,16;108,61;313,09;19,03;91,20;11,63;53,67;27,44;99,99;139,46;0,00;0,26
2015.0;11.0;2015-11-01;BRASPINE;BARRETOS;PR;JAGUARIAIVA;43,35;32,98;196,74;19,46;89,93;12,86;53,54;29,17;99,99;126,13;0,00;1,78
2015.0;11.0;2015-11-01;BRASPINE;BAU;;;;;208,02;19,17;90,41;11,37;52,41;27,20;99,90;124,18;0,00;37,81
2015.0;11.0;2015-11-01;BRASPINE;BOA VISTA II;PR;PIRAI DO SUL;944,00;535,05;189,87;19,47;89,42;12,90;54,00;28,97;100,00;126,30;0,00;1,78
2015.0;11.0;2015-11-01;BRASPINE;BRASILEIRA;;;;;199,97;19,49;90,24;13,09;51,99;29,63;100,00;98,40;0,00;0,89
2015.0;11.0;2015-11-01;BRASPINE;BURACAO;;;;;210,22;19,36;89,10;12,86;49,50;28,70;99,91;112,44;0,00;6,02
2015.0;11.0;2015-11-01;BRASPINE;BURRINHO;PR;DOUTOR ULYSSES;211,01;100,37;204,99;19,62;90,18;13,30;53,53;29,87;100,00;99,89;0,00;0,98
2015.0;11.0;2015-11-01;BRASPINE;CADEADO I;PR;JAGUARIAIVA;21,07;12,29;196,41;19,34;89,96;12,84;52,66;29,20;100,00;126,31;0,00;0,52
2015.0;11.0;2015-11-01;BRASPINE;CADEADO II;PR;JAGUARIAIVA;21,88;16,79;196,41;19,34;89,96;12,84;52,66;29,20;100,00;126,31;0,00;0,52
2015.0;11.0;2015-11-01;BRASPINE;CAMPINA ALTA;PR;TIBAGI;29,77;18,24;234,58;20,51;88,96;14,35;53,76;29,35;99,89;29,19;0,00;11,95
2015.0;11.0;2015-11-01;BRASPINE;CAMPINA DO ELIAS;PR;JAGUARIAIVA;29,17;14,65;186,77;19,41;89,94;12,86;53,22;29,18;100,00;126,20;0,00;1,03
2015.0;11.0;2015-11-01;BRASPINE;CAMPO NOVO;PR;JAGUARIAIVA;295,98;156,36;194,29;19,34;89,96;12,84;52,66;29,20;100,00;126,31;0,00;0,52
2015.0;11.0;2015-11-01;BRASPINE;CONSULTORIA II A;PR;DOUTOR ULYSSES;89,62;60,79;198,05;19,49;90,24;13,09;51,99;29,63;100,00;98,40;0,00;0,89
2015.0;11.0;2015-11-01;BRASPINE;DINIZ;;;;;206,63;19,49;90,24;13,09;51,99;29,63;100,00;98,40;0,00;0,89
2015.0;11.0;2015-11-01;BRASPINE;ENES;PR;JAGUARIAIVA;5,93;5,69;194,33;19,34;89,96;12,84;52,66;29,20;100,00;126,31;0,00;0,52
2015.0;11.0;2015-11-01;BRASPINE;ENGENHARIA;;;;;206,63;19,49;90,24;13,09;51,99;29,63;100,00;98,40;0,00;0,89
2015.0;11.0;2015-11-01;BRASPINE;ESTACAO;PR;SENGES;4,76;4,14;194,13;19,34;89,96;12,84;52,66;29,20;100,00;126,31;0,00;0,52
2015.0;11.0;2015-11-01;BRASPINE;FAXINAL;PR;JAGUARIAIVA;20,65;20,65;194,33;19,34;89,96;12,84;52,66;29,20;100,00;126,31;0,00;0,52
2015.0;11.0;2015-11-01;BRASPINE;FEITAL;PR;DOUTOR ULYSSES;154,17;86,53;195,02;19,62;90,24;13,21;51,76;29,90;100,00;99,35;0,00;0,00
2015.0;11.0;2015-11-01;BRASPINE;FIGUEIRA;PR;DOUTOR ULYSSES;1053,81;315,71;195,51;19,62;90,18;13,30;53,53;29,87;100,00;99,89;0,00;0,98
2015.0;11.0;2015-11-01;BRASPINE;FIGUEIRINHA;PR;DOUTOR ULYSSES;94,37;56,74;191,56;19,62;90,18;13,30;53,53;29,87;100,00;99,89;0,00;0,98
2015.0;11.0;2015-11-01;BRASPINE;FLOEMA;PR;DOUTOR ULYSSES;2189,88;701,43;179,62;19,22;90,07;12,88;53,90;29,16;100,00;126,65;0,00;3,37
2015.0;11.0;2015-11-01;BRASPINE;FLOEMA I - SUDATI;;;;;193,68;19,49;90,24;13,09;51,99;29,63;100,00;98,40;0,00;0,89
2015.0;11.0;2015-11-01;BRASPINE;FLOEMA II - SUDATI;PR;DOUTOR ULYSSES;453,83;211,13;199,64;19,49;90,24;13,09;51,99;29,63;100,00;98,40;0,00;0,89
2015.0;11.0;2015-11-01;BRASPINE;FLOR DA SERRA;PR;SAO JOSE DA BOA VISTA;209,10;128,72;193,21;21,42;84,96;15,48;53,19;30,03;99,78;0,00;0,00;10,28
2015.0;11.0;2015-11-01;BRASPINE;GENTIL;PR;JAGUARIAIVA;126,77;53,33;205,19;19,25;88,91;12,95;54,65;28,11;99,65;141,16;0,00;3,26
2015.0;11.0;2015-11-01;BRASPINE;GUAIRACA;PR;GUARAPUAVA;623,62;169,31;325,75;19,09;90,91;11,76;52,96;27,53;100,00;139,26;0,00;1,38
2015.0;11.0;2015-11-01;BRASPINE;HERVAL 2 - MADALOSSO;;;;;212,02;19,36;89,10;12,86;49,50;28,70;99,91;112,44;0,00;6,02
2015.0;11.0;2015-11-01;BRASPINE;HERVAL DE BAIXO;PR;RESERVA;827,29;475,92;248,20;20,53;89,11;13,96;54,41;29,38;99,85;28,93;0,00;11,23
2015.0;11.0;2015-11-01;BRASPINE;HORTO 01;PR;TURVO;19,12;19,12;231,73;19,80;91,03;11,95;57,95;28,05;99,87;68,90;0,00;1,32
2015.0;11.0;2015-11-01;BRASPINE;HORTO 02;PR;TURVO;4,24;4,24;226,33;19,80;91,03;11,95;57,95;28,05;99,87;68,90;0,00;1,32
2015.0;11.0;2015-11-01;BRASPINE;HORTO 03;PR;PRUDENTOPOLIS;80,91;25,89;250,76;20,18;90,58;12,53;56,09;28,69;99,98;71,26;0,00;0,73
2015.0;11.0;2015-11-01;BRASPINE;HORTO 08;PR;TURVO;9,53;9,53;227,80;20,18;90,58;12,53;56,09;28,69;99,98;71,26;0,00;0,73
2015.0;11.0;2015-11-01;BRASPINE;HORTO 12;PR;PRUDENTOPOLIS;12,20;12,20;257,13;20,18;90,58;12,53;56,09;28,69;99,98;71,26;0,00;0,73
2015.0;11.0;2015-11-01;BRASPINE;IZAU;PR;PIRAI DO SUL;19,37;11,60;205,82;19,21;89,30;12,69;54,31;28,30;99,84;154,31;0,00;3,81
2015.0;11.0;2015-11-01;BRASPINE;JOAO RICO;PR;JAGUARIAIVA;47,46;26,18;207,38;19,45;89,06;13,15;53,73;28,58;99,92;127,52;0,00;5,91
2015.0;11.0;2015-11-01;BRASPINE;LAGOA;PR;JAGUARIAIVA;24,10;10,78;197,01;19,34;89,96;12,84;52,66;29,20;100,00;126,31;0,00;0,52
2015.0;11.0;2015-11-01;BRASPINE;MARACANA;PR;JANDAIA DO SUL;11,45;11,45;295,76;22,33;86,57;14,89;54,57;30,94;99,99;14,89;0,00;0,68
2015.0;11.0;2015-11-01;BRASPINE;MARRECA;;;;;191,45;19,62;90,18;13,30;53,53;29,87;100,00;99,89;0,00;0,98
2015.0;11.0;2015-11-01;BRASPINE;MARRECA SP;SP;ITAPIRAPUA PAULISTA;675,30;236,19;195,69;20,21;89,95;13,80;53,12;30,78;100,00;42,73;0,00;2,23
2015.0;11.0;2015-11-01;BRASPINE;MARRECAS;;;;;314,84;18,54;91,45;11,11;52,94;26,93;100,00;163,62;0,00;1,53
2015.0;11.0;2015-11-01;BRASPINE;MERCADINHO;;;;;210,69;20,08;89,46;13,94;53,67;30,40;100,00;28,12;0,00;0,39
2015.0;11.0;2015-11-01;BRASPINE;MONTE ALEGRE;;;;;283,28;22,81;85,77;15,24;54,02;31,49;99,92;0,00;0,00;10,64
2015.0;11.0;2015-11-01;BRASPINE;MONTE TABOR II;;;;;188,05;19,81;90,10;14,32;54,25;30,56;100,00;43,63;0,00;7,07
2015.0;11.0;2015-11-01;BRASPINE;MOREIRA;PR;DOUTOR ULYSSES;230,52;68,68;199,64;19,49;90,24;13,09;51,99;29,63;100,00;98,40;0,00;0,89
2015.0;11.0;2015-11-01;BRASPINE;MOREIRAS II;PR;DOUTOR ULYSSES;66,76;28,75;197,80;19,49;90,24;13,09;51,99;29,63;100,00;98,40;0,00;0,89
2015.0;11.0;2015-11-01;BRASPINE;MORRETES;PR;ORTIGUEIRA;20,36;20,36;245,39;21,00;88,93;13,58;55,10;29,84;99,84;13,58;0,00;8,73
2015.0;11.0;2015-11-01;BRASPINE;MORRO AZUL;;;;;203,82;19,68;90,38;13,32;49,02;30,31;100,00;85,04;0,00;6,49
2015.0;11.0;2015-11-01;BRASPINE;OURO FINO;SP;APIAI;51,70;51,70;199,11;19,55;90,56;13,54;51,06;30,33;100,00;71,22;0,00;15,48
2015.0;11.0;2015-11-01;BRASPINE;PALMEIRINHA DE BAIXO - SOSSEGO;PR;SENGES;85,93;9,22;210,62;19,24;89,55;13,01;49,35;28,95;99,87;142,23;0,00;2,45
2015.0;11.0;2015-11-01;BRASPINE;PAZIN;PR;DOUTOR ULYSSES;41,20;23,90;189,12;19,62;90,18;13,30;53,53;29,87;100,00;99,89;0,00;0,98
2015.0;11.0;2015-11-01;BRASPINE;PEDRAS;PR;CASTRO;7,18;7,18;189,43;19,30;89,32;12,69;56,43;28,36;99,57;139,61;0,00;10,47
2015.0;11.0;2015-11-01;BRASPINE;PESCARIA;PR;SAO JOSE DA BOA VISTA;184,57;129,22;211,17;21,43;84,81;15,63;51,28;30,21;99,69;0,00;0,00;0,69
2015.0;11.0;2015-11-01;BRASPINE;PESSEGUEIRO;PR;DOUTOR ULYSSES;109,95;64,79;194,27;19,49;90,24;13,09;51,99;29,63;100,00;98,40;0,00;0,89
2015.0;11.0;2015-11-01;BRASPINE;PITANGA;;;;;197,04;19,88;90,02;12,05;50,49;27,96;99,91;69,36;0,00;7,23
2015.0;11.0;2015-11-01;BRASPINE;QUEIMADINHO ARROIO CLARO;PR;DOUTOR ULYSSES;48,13;19,09;199,97;19,49;90,24;13,09;51,99;29,63;100,00;98,40;0,00;0,89
2015.0;11.0;2015-11-01;BRASPINE;QUEIMADINHO M6042;PR;DOUTOR ULYSSES;48,38;18,50;199,97;19,49;90,24;13,09;51,99;29,63;100,00;98,40;0,00;0,89
2015.0;11.0;2015-11-01;BRASPINE;QUEIMADINHO USUCAPIAO;PR;DOUTOR ULYSSES;200,27;92,43;199,97;19,49;90,24;13,09;51,99;29,63;100,00;98,40;0,00;0,89
2015.0;11.0;2015-11-01;BRASPINE;RAMOS;PR;SENGES;69,83;38,15;193,68;19,34;89,96;12,84;52,66;29,20;100,00;126,31;0,00;0,52
2015.0;11.0;2015-11-01;BRASPINE;RIBEIRAO GRANDE;PR;JAGUARIAIVA;20,77;20,77;203,41;19,21;89,30;12,69;54,31;28,30;99,84;154,31;0,00;3,81
2015.0;11.0;2015-11-01;BRASPINE;RINCAO DE BAIXO;;;;;235,16;19,96;86,97;13,93;53,31;28,57;99,39;87,71;0,00;4,64
2015.0;11.0;2015-11-01;BRASPINE;RIO BOMBA;PR;CERRO AZUL;65,03;37,72;206,61;20,34;89,02;14,37;50,96;30,82;99,99;29,06;0,00;3,67
2015.0;11.0;2015-11-01;BRASPINE;RIO DO MEIO;PR;DOUTOR ULYSSES;712,33;389,13;198,37;19,49;90,24;13,09;51,99;29,63;100,00;98,40;0,00;0,89
2015.0;11.0;2015-11-01;BRASPINE;RONDON;PR;JAGUARIAIVA;2899,24;1475,88;204,56;19,28;89,60;12,94;51,38;28,77;99,90;141,85;0,00;6,09
2015.0;11.0;2015-11-01;BRASPINE;SANTA FELICIDADE;;;;;177,16;20,54;89,66;14,21;52,98;31,35;100,00;28,60;0,00;0,86
2015.0;11.0;2015-11-01;BRASPINE;SANTA LIDIA DO CERCADINHO;;;;;235,82;19,65;87,06;13,58;53,48;28,12;99,48;85,98;0,00;3,66
2015.0;11.0;2015-11-01;BRASPINE;SANTO ANTONIO;;;;;207,81;19,28;89,65;13,06;48,07;29,39;100,00;112,72;0,00;0,50
2015.0;11.0;2015-11-01;BRASPINE;SAO JOSE;PR;JANDAIA DO SUL;37,56;37,56;284,91;22,66;85,94;15,14;54,19;31,30;99,96;0,00;0,00;11,14
2015.0;11.0;2015-11-01;BRASPINE;SAO MATHEUS;;;;;201,71;23,78;85,36;15,77;51,23;33,14;99,93;0,00;0,00;0,56
2015.0;11.0;2015-11-01;BRASPINE;SAO PEDRO E SAO PAULO;PR;SAPOPEMA;709,13;323,93;297,49;21,04;86,90;14,92;53,81;29,09;99,65;14,92;0,00;1,39
2015.0;11.0;2015-11-01;BRASPINE;SAO RAFAEL;;;;;238,53;19,01;88,07;12,55;58,73;27,96;99,81;138,36;0,00;0,06
2015.0;11.0;2015-11-01;BRASPINE;SAO RAFAEL - PB;;;;;204,06;19,62;90,53;13,48;50,23;30,44;100,00;70,96;0,00;22,01
2015.0;11.0;2015-11-01;BRASPINE;SERRARIA;PR;DOUTOR ULYSSES;280,88;117,71;182,75;19,42;90,12;13,09;53,71;29,51;100,00;98,43;0,00;3,53
2015.0;11.0;2015-11-01;BRASPINE;SERRO VERDE;;;;;204,68;19,47;89,41;11,41;50,16;27,49;99,90;111,32;0,00;3,12
2015.0;11.0;2015-11-01;BRASPINE;SERTAOZINHO;PR;DOUTOR ULYSSES;16,25;16,25;203,45;19,49;90,24;13,09;51,99;29,63;100,00;98,40;0,00;0,89
2015.0;11.0;2015-11-01;BRASPINE;SITIO BASILIO;PR;JAGUARIAIVA;8,08;8,08;212,23;19,32;88,83;13,08;54,51;28,17;99,72;142,12;0,00;1,54
2015.0;11.0;2015-11-01;BRASPINE;SITIO DAS MARRECAS;PR;DOUTOR ULYSSES;77,49;35,17;185,21;20,04;90,02;13,66;53,24;30,52;100,00;57,24;0,00;112,63
2015.0;11.0;2015-11-01;BRASPINE;SOBRADINHO;SP;BOM SUCESSO DE ITARARE;285,80;123,10;208,21;19,23;90,13;13,09;47,96;29,64;100,00;113,19;0,00;2,54
2015.0;11.0;2015-11-01;BRASPINE;TAQUARAL;PR;JAGUARIAIVA;519,13;31,07;202,85;19,44;89,51;13,06;52,94;28,80;100,00;142,41;0,00;0,47
2015.0;11.0;2015-11-01;BRASPINE;TUCUNDUVA;PR;SENGES;82,21;60,89;222,18;20,02;86,96;14,09;50,99;28,91;99,43;57,87;0,00;10,46
2015.0;11.0;2015-11-01;BRASPINE;TUCUNDUVA - CHAMMA;;;;;227,93;20,00;87,24;14,00;50,41;29,05;99,49;57,67;0,00;6,68
2015.0;11.0;2015-11-01;BRASPINE;VIENA 1;PR;DOUTOR ULYSSES;263,98;178,34;184,40;19,16;89,91;12,66;55,02;28,79;100,00;139,75;0,00;6,62
2015.0;11.0;2015-11-01;BRASPINE;VIENA 2;PR;CERRO AZUL;140,23;96,54;206,82;20,34;89,02;14,37;50,96;30,82;99,99;29,06;0,00;3,67
2015.0;11.0;2015-11-01;BRASPINE;VITORIA;PR;SENGES;50,54;35,69;210,62;19,24;89,55;13,01;49,35;28,95;99,87;142,23;0,00;2,45
2015.0;11.0;2015-11-01;BRASPINE;VIVEIRO;PR;DOUTOR ULYSSES;405,39;261,22;197,80;19,49;90,24;13,09;51,99;29,63;100,00;98,40;0,00;0,89
2015.0;11.0;2015-11-01;BRASPINE;VO LINO;PR;DOUTOR ULYSSES;164,50;97,89;197,12;19,62;90,18;13,30;53,53;29,87;100,00;99,89;0,00;0,98
2015.0;11.0;2015-11-01;BRASPINE;XAXIM VELHO;;;;;325,68;18,56;91,29;11,03;52,70;27,02;100,00;176,18;0,00;7,80
2015.0;12.0;2015-12-01;BRASPINE;AGUA DOCE;PR;JAGUARIAIVA;238,97;121,99;220,33;20,94;88,48;14,25;59,10;27,62;99,85;14,25;0,00;4,96
2015.0;12.0;2015-12-01;BRASPINE;AMATA;;;;;269,14;22,62;87,26;14,91;53,28;31,30;100,00;14,91;0,00;0,78
2015.0;12.0;2015-12-01;BRASPINE;ANTA BRAVA;;;;;278,12;23,54;84,28;16,66;47,97;31,99;98,97;0,00;0,00;17,60
2015.0;12.0;2015-12-01;BRASPINE;ARAPONGAS;PR;SENGES;423,34;263,70;283,20;21,22;88,60;14,20;57,07;29,20;100,00;14,20;0,00;3,74
2015.0;12.0;2015-12-01;BRASPINE;ARROIO CLARO;PR;DOUTOR ULYSSES;275,14;92,00;269,38;21,44;88,25;14,38;54,46;29,71;100,00;14,38;0,00;131,66
2015.0;12.0;2015-12-01;BRASPINE;BARRA GRANDE;PR;DOUTOR ULYSSES;493,79;139,68;300,23;21,68;88,76;14,45;54,43;30,22;100,00;14,45;0,00;0,24
2015.0;12.0;2015-12-01;BRASPINE;BARRA GRANDE - BEMAIS;PR;GUARAPUAVA;299,16;108,61;317,47;20,29;91,19;14,36;59,82;27,03;99,99;14,36;0,00;1,57
2015.0;12.0;2015-12-01;BRASPINE;BARRETOS;PR;JAGUARIAIVA;43,35;32,98;277,08;21,14;88,57;13,96;57,51;28,37;99,99;13,96;0,00;0,77
2015.0;12.0;2015-12-01;BRASPINE;BAU;;;;;339,21;20,28;91,17;14,68;61,64;26,79;99,93;14,68;0,00;10,35
2015.0;12.0;2015-12-01;BRASPINE;BOA VISTA II;PR;PIRAI DO SUL;944,00;535,05;265,41;21,10;88,36;13,93;57,71;28,15;99,96;13,93;0,00;4,48
2015.0;12.0;2015-12-01;BRASPINE;BRASILEIRA;;;;;292,10;21,22;88,60;14,20;57,07;29,20;100,00;14,20;0,00;3,74
2015.0;12.0;2015-12-01;BRASPINE;BURACAO;;;;;241,18;21,18;87,37;13,47;56,97;29,01;99,86;13,47;0,00;3,00
2015.0;12.0;2015-12-01;BRASPINE;BURRINHO;PR;DOUTOR ULYSSES;211,01;100,37;270,83;21,44;88,25;14,38;54,46;29,71;100,00;14,38;0,00;131,66
2015.0;12.0;2015-12-01;BRASPINE;CADEADO I;PR;JAGUARIAIVA;21,07;12,29;287,62;21,04;88,42;14,01;57,18;28,54;100,00;14,01;0,00;3,37
2015.0;12.0;2015-12-01;BRASPINE;CADEADO II;PR;JAGUARIAIVA;21,88;16,79;287,62;21,04;88,42;14,01;57,18;28,54;100,00;14,01;0,00;3,37
2015.0;12.0;2015-12-01;BRASPINE;CAMPINA ALTA;PR;TIBAGI;29,77;18,24;236,27;21,59;89,92;15,55;59,36;28,21;99,91;0,00;0,00;5,58
2015.0;12.0;2015-12-01;BRASPINE;CAMPINA DO ELIAS;PR;JAGUARIAIVA;29,17;14,65;276,47;21,11;88,51;13,98;57,39;28,43;100,00;13,98;0,00;6,35
2015.0;12.0;2015-12-01;BRASPINE;CAMPO NOVO;PR;JAGUARIAIVA;295,98;156,36;289,52;21,04;88,42;14,01;57,18;28,54;100,00;14,01;0,00;3,37
2015.0;12.0;2015-12-01;BRASPINE;CONSULTORIA II A;PR;DOUTOR ULYSSES;89,62;60,79;295,40;21,22;88,60;14,20;57,07;29,20;100,00;14,20;0,00;3,74
2015.0;12.0;2015-12-01;BRASPINE;DINIZ;;;;;305,05;21,22;88,60;14,20;57,07;29,20;100,00;14,20;0,00;3,74
2015.0;12.0;2015-12-01;BRASPINE;ENES;PR;JAGUARIAIVA;5,93;5,69;290,55;21,04;88,42;14,01;57,18;28,54;100,00;14,01;0,00;3,37
2015.0;12.0;2015-12-01;BRASPINE;ENGENHARIA;;;;;305,05;21,22;88,60;14,20;57,07;29,20;100,00;14,20;0,00;3,74
2015.0;12.0;2015-12-01;BRASPINE;ESTACAO;PR;SENGES;4,76;4,14;286,08;21,04;88,42;14,01;57,18;28,54;100,00;14,01;0,00;3,37
2015.0;12.0;2015-12-01;BRASPINE;FAXINAL;PR;JAGUARIAIVA;20,65;20,65;290,55;21,04;88,42;14,01;57,18;28,54;100,00;14,01;0,00;3,37
2015.0;12.0;2015-12-01;BRASPINE;FEITAL;PR;DOUTOR ULYSSES;154,17;86,53;288,64;21,37;88,65;14,28;56,19;29,54;100,00;14,28;0,00;2,63
2015.0;12.0;2015-12-01;BRASPINE;FIGUEIRA;PR;DOUTOR ULYSSES;1053,81;315,71;294,03;21,44;88,25;14,38;54,46;29,71;100,00;14,38;0,00;131,66
2015.0;12.0;2015-12-01;BRASPINE;FIGUEIRINHA;PR;DOUTOR ULYSSES;94,37;56,74;286,67;21,44;88,25;14,38;54,46;29,71;100,00;14,38;0,00;131,66
2015.0;12.0;2015-12-01;BRASPINE;FLOEMA;PR;DOUTOR ULYSSES;2189,88;701,43;275,49;20,98;88,18;14,00;55,84;28,76;100,00;14,00;0,00;1,98
2015.0;12.0;2015-12-01;BRASPINE;FLOEMA I - SUDATI;;;;;286,51;21,22;88,60;14,20;57,07;29,20;100,00;14,20;0,00;3,74
2015.0;12.0;2015-12-01;BRASPINE;FLOEMA II - SUDATI;PR;DOUTOR ULYSSES;453,83;211,13;292,47;21,22;88,60;14,20;57,07;29,20;100,00;14,20;0,00;3,74
2015.0;12.0;2015-12-01;BRASPINE;FLOR DA SERRA;PR;SAO JOSE DA BOA VISTA;209,10;128,72;277,66;22,63;84,94;16,53;56,31;29,64;99,82;0,00;0,00;5,53
2015.0;12.0;2015-12-01;BRASPINE;GENTIL;PR;JAGUARIAIVA;126,77;53,33;229,19;20,70;88,43;14,07;59,71;27,24;99,65;14,07;0,00;8,58
2015.0;12.0;2015-12-01;BRASPINE;GUAIRACA;PR;GUARAPUAVA;623,62;169,31;297,82;20,45;90,80;14,21;59,79;27,22;100,00;14,21;0,00;3,56
2015.0;12.0;2015-12-01;BRASPINE;HERVAL 2 - MADALOSSO;;;;;241,62;21,18;87,37;13,47;56,97;29,01;99,86;13,47;0,00;3,00
2015.0;12.0;2015-12-01;BRASPINE;HERVAL DE BAIXO;PR;RESERVA;827,29;475,92;235,47;21,58;90,10;15,73;59,04;28,16;99,87;0,00;0,00;4,68
2015.0;12.0;2015-12-01;BRASPINE;HORTO 01;PR;TURVO;19,12;19,12;304,27;20,92;91,72;15,20;63,73;27,29;99,86;0,00;0,00;0,81
2015.0;12.0;2015-12-01;BRASPINE;HORTO 02;PR;TURVO;4,24;4,24;306,05;20,92;91,72;15,20;63,73;27,29;99,86;0,00;0,00;0,81
2015.0;12.0;2015-12-01;BRASPINE;HORTO 03;PR;PRUDENTOPOLIS;80,91;25,89;297,21;21,36;91,01;15,44;60,60;27,98;99,92;0,00;0,00;25,14
2015.0;12.0;2015-12-01;BRASPINE;HORTO 08;PR;TURVO;9,53;9,53;293,67;21,36;91,01;15,44;60,60;27,98;99,92;0,00;0,00;25,14
2015.0;12.0;2015-12-01;BRASPINE;HORTO 12;PR;PRUDENTOPOLIS;12,20;12,20;294,31;21,36;91,01;15,44;60,60;27,98;99,92;0,00;0,00;25,14
2015.0;12.0;2015-12-01;BRASPINE;IZAU;PR;PIRAI DO SUL;19,37;11,60;246,77;20,76;88,43;13,79;58,85;27,53;99,67;13,79;0,00;0,64
2015.0;12.0;2015-12-01;BRASPINE;JOAO RICO;PR;JAGUARIAIVA;47,46;26,18;228,74;20,94;88,48;14,25;59,10;27,62;99,85;14,25;0,00;4,96
2015.0;12.0;2015-12-01;BRASPINE;LAGOA;PR;JAGUARIAIVA;24,10;10,78;287,83;21,04;88,42;14,01;57,18;28,54;100,00;14,01;0,00;3,37
2015.0;12.0;2015-12-01;BRASPINE;MARACANA;PR;JANDAIA DO SUL;11,45;11,45;339,93;22,97;88,30;17,37;57,43;29,67;99,99;0,00;0,00;1,70
2015.0;12.0;2015-12-01;BRASPINE;MARRECA;;;;;289,87;21,44;88,25;14,38;54,46;29,71;100,00;14,38;0,00;131,66
2015.0;12.0;2015-12-01;BRASPINE;MARRECA SP;SP;ITAPIRAPUA PAULISTA;675,30;236,19;286,26;22,11;88,20;14,76;52,31;30,98;100,00;14,76;0,00;4,52
2015.0;12.0;2015-12-01;BRASPINE;MARRECAS;;;;;304,41;19,84;91,36;13,87;60,37;26,62;100,00;13,87;0,00;0,77
2015.0;12.0;2015-12-01;BRASPINE;MERCADINHO;;;;;276,46;21,96;87,75;14,78;53,58;30,49;100,00;14,78;0,00;1,03
2015.0;12.0;2015-12-01;BRASPINE;MONTE ALEGRE;;;;;326,68;23,45;87,46;18,00;56,93;30,33;99,95;0,00;0,00;3,09
2015.0;12.0;2015-12-01;BRASPINE;MONTE TABOR II;;;;;322,59;21,50;88,63;15,17;50,65;30,28;100,00;0,00;0,00;6,59
2015.0;12.0;2015-12-01;BRASPINE;MOREIRA;PR;DOUTOR ULYSSES;230,52;68,68;292,47;21,22;88,60;14,20;57,07;29,20;100,00;14,20;0,00;3,74
2015.0;12.0;2015-12-01;BRASPINE;MOREIRAS II;PR;DOUTOR ULYSSES;66,76;28,75;295,81;21,22;88,60;14,20;57,07;29,20;100,00;14,20;0,00;3,74
2015.0;12.0;2015-12-01;BRASPINE;MORRETES;PR;ORTIGUEIRA;20,36;20,36;247,41;21,99;89,84;16,35;59,54;28,59;99,93;0,00;0,00;5,71
2015.0;12.0;2015-12-01;BRASPINE;MORRO AZUL;;;;;294,27;21,37;89,13;14,27;54,40;29,86;100,00;14,27;0,00;18,60
2015.0;12.0;2015-12-01;BRASPINE;OURO FINO;SP;APIAI;51,70;51,70;320,09;21,22;89,21;14,41;52,60;29,66;100,00;14,41;0,00;5,45
2015.0;12.0;2015-12-01;BRASPINE;PALMEIRINHA DE BAIXO - SOSSEGO;PR;SENGES;85,93;9,22;292,45;20,72;88,61;14,17;58,02;28,01;99,87;14,17;0,00;18,85
2015.0;12.0;2015-12-01;BRASPINE;PAZIN;PR;DOUTOR ULYSSES;41,20;23,90;287,82;21,44;88,25;14,38;54,46;29,71;100,00;14,38;0,00;131,66
2015.0;12.0;2015-12-01;BRASPINE;PEDRAS;PR;CASTRO;7,18;7,18;241,65;20,86;88,62;13,71;60,15;27,68;99,52;13,71;0,00;3,77
2015.0;12.0;2015-12-01;BRASPINE;PESCARIA;PR;SAO JOSE DA BOA VISTA;184,57;129,22;275,25;22,72;84,76;16,55;54,55;30,12;99,84;0,00;0,00;1,22
2015.0;12.0;2015-12-01;BRASPINE;PESSEGUEIRO;PR;DOUTOR ULYSSES;109,95;64,79;285,09;21,22;88,60;14,20;57,07;29,20;100,00;14,20;0,00;3,74
2015.0;12.0;2015-12-01;BRASPINE;PITANGA;;;;;345,80;20,85;91,25;15,45;62,16;27,34;99,81;0,00;0,00;7,46
2015.0;12.0;2015-12-01;BRASPINE;QUEIMADINHO ARROIO CLARO;PR;DOUTOR ULYSSES;48,13;19,09;292,10;21,22;88,60;14,20;57,07;29,20;100,00;14,20;0,00;3,74
2015.0;12.0;2015-12-01;BRASPINE;QUEIMADINHO M6042;PR;DOUTOR ULYSSES;48,38;18,50;292,10;21,22;88,60;14,20;57,07;29,20;100,00;14,20;0,00;3,74
2015.0;12.0;2015-12-01;BRASPINE;QUEIMADINHO USUCAPIAO;PR;DOUTOR ULYSSES;200,27;92,43;292,10;21,22;88,60;14,20;57,07;29,20;100,00;14,20;0,00;3,74
2015.0;12.0;2015-12-01;BRASPINE;RAMOS;PR;SENGES;69,83;38,15;286,51;21,04;88,42;14,01;57,18;28,54;100,00;14,01;0,00;3,37
2015.0;12.0;2015-12-01;BRASPINE;RIBEIRAO GRANDE;PR;JAGUARIAIVA;20,77;20,77;234,16;20,76;88,43;13,79;58,85;27,53;99,67;13,79;0,00;0,64
2015.0;12.0;2015-12-01;BRASPINE;RINCAO DE BAIXO;;;;;211,33;21,12;88,06;15,09;60,72;27,67;99,66;0,00;0,00;1,62
2015.0;12.0;2015-12-01;BRASPINE;RIO BOMBA;PR;CERRO AZUL;65,03;37,72;269,38;22,25;87,21;14,70;54,57;30,76;99,98;14,70;0,00;3,17
2015.0;12.0;2015-12-01;BRASPINE;RIO DO MEIO;PR;DOUTOR ULYSSES;712,33;389,13;294,82;21,22;88,60;14,20;57,07;29,20;100,00;14,20;0,00;3,74
2015.0;12.0;2015-12-01;BRASPINE;RONDON;PR;JAGUARIAIVA;2899,24;1475,88;266,83;20,82;88,56;14,14;57,82;28,14;99,89;14,14;0,00;1,04
2015.0;12.0;2015-12-01;BRASPINE;SANTA FELICIDADE;;;;;306,73;22,49;88,10;15,08;50,46;31,91;100,00;0,00;0,00;1,78
2015.0;12.0;2015-12-01;BRASPINE;SANTA LIDIA DO CERCADINHO;;;;;203,66;20,82;88,07;14,76;61,18;27,23;99,63;14,76;0,00;0,82
2015.0;12.0;2015-12-01;BRASPINE;SANTO ANTONIO;;;;;296,24;20,79;88,60;14,11;58,31;28,49;100,00;14,11;0,00;10,20
2015.0;12.0;2015-12-01;BRASPINE;SAO JOSE;PR;JANDAIA DO SUL;37,56;37,56;325,93;23,30;87,65;17,84;57,04;30,11;99,99;0,00;0,00;4,08
2015.0;12.0;2015-12-01;BRASPINE;SAO MATHEUS;;;;;329,11;24,45;87,12;19,05;55,99;31,74;99,84;0,00;0,00;8,56
2015.0;12.0;2015-12-01;BRASPINE;SAO PEDRO E SAO PAULO;PR;SAPOPEMA;709,13;323,93;263,68;21,92;87,45;16,13;61,10;28,18;99,65;0,00;0,00;0,78
2015.0;12.0;2015-12-01;BRASPINE;SAO RAFAEL;;;;;253,62;20,92;87,39;13,04;57,04;28,46;99,88;13,04;0,00;0,21
2015.0;12.0;2015-12-01;BRASPINE;SAO RAFAEL - PB;;;;;314,22;21,31;89,18;14,37;52,76;29,85;100,00;14,37;0,00;8,56
2015.0;12.0;2015-12-01;BRASPINE;SERRARIA;PR;DOUTOR ULYSSES;280,88;117,71;286,63;21,21;88,21;14,19;55,76;29,23;100,00;14,19;0,00;1,25
2015.0;12.0;2015-12-01;BRASPINE;SERRO VERDE;;;;;345,51;20,57;90,15;15,05;58,30;27,35;99,91;0,00;0,00;16,13
2015.0;12.0;2015-12-01;BRASPINE;SERTAOZINHO;PR;DOUTOR ULYSSES;16,25;16,25;301,03;21,22;88,60;14,20;57,07;29,20;100,00;14,20;0,00;3,74
2015.0;12.0;2015-12-01;BRASPINE;SITIO BASILIO;PR;JAGUARIAIVA;8,08;8,08;219,39;20,74;88,45;14,20;59,82;27,25;99,66;14,20;0,00;7,83
2015.0;12.0;2015-12-01;BRASPINE;SITIO DAS MARRECAS;PR;DOUTOR ULYSSES;77,49;35,17;289,13;21,92;88,21;14,65;52,92;30,61;100,00;14,65;0,00;5,30
2015.0;12.0;2015-12-01;BRASPINE;SOBRADINHO;SP;BOM SUCESSO DE ITARARE;285,80;123,10;309,54;20,76;89,06;14,04;55,92;28,78;100,00;14,04;0,00;17,16
2015.0;12.0;2015-12-01;BRASPINE;TAQUARAL;PR;JAGUARIAIVA;519,13;31,07;259,25;20,98;88,63;14,19;58,81;27,90;100,00;14,19;0,00;0,20
2015.0;12.0;2015-12-01;BRASPINE;TUCUNDUVA;PR;SENGES;82,21;60,89;258,02;21,38;86,60;15,15;56,00;28,47;99,69;0,00;0,00;5,42
2015.0;12.0;2015-12-01;BRASPINE;TUCUNDUVA - CHAMMA;;;;;268,75;21,39;86,69;15,10;55,04;28,86;99,67;0,00;0,00;2,29
2015.0;12.0;2015-12-01;BRASPINE;VIENA 1;PR;DOUTOR ULYSSES;263,98;178,34;275,33;20,87;88,30;13,72;57,07;28,31;100,00;13,72;0,00;2,00
2015.0;12.0;2015-12-01;BRASPINE;VIENA 2;PR;CERRO AZUL;140,23;96,54;269,24;22,25;87,21;14,70;54,57;30,76;99,98;14,70;0,00;3,17
2015.0;12.0;2015-12-01;BRASPINE;VITORIA;PR;SENGES;50,54;35,69;292,45;20,72;88,61;14,17;58,02;28,01;99,87;14,17;0,00;18,85
2015.0;12.0;2015-12-01;BRASPINE;VIVEIRO;PR;DOUTOR ULYSSES;405,39;261,22;295,81;21,22;88,60;14,20;57,07;29,20;100,00;14,20;0,00;3,74
2015.0;12.0;2015-12-01;BRASPINE;VO LINO;PR;DOUTOR ULYSSES;164,50;97,89;283,06;21,44;88,25;14,38;54,46;29,71;100,00;14,38;0,00;131,66
2015.0;12.0;2015-12-01;BRASPINE;XAXIM VELHO;;;;;290,45;20,04;90,82;13,44;57,65;26,80;100,00;13,44;0,00;2,95
