ANO;MES;DATA;EMPRESA;FAZENDA;UF;MUNICIPIO;AREA_T;AREA_PRODU;PRECIP_CHIRPS_MM;TEMP_MEDIA_C;UMID_MEDIA_PCT;TEMP_MIN_C;UMID_MIN_PCT;TEMP_MAX_C;UMID_MAX_PCT;NOITES_FRIAS_Eucalipto_<15C;NOITES_FRIAS_Pinus_<5C;DIRECAO_VENTO_GRAUS
2021.0;1.0;2021-01-01;BRASPINE;AGUA DOCE;PR;JAGUARIAIVA;238,97;121,99;215,98;20,52;88,67;14,77;62,61;27,55;99,84;29,62;0,00;12,15
2021.0;1.0;2021-01-01;BRASPINE;AMATA;;;;;201,85;22,48;87,35;16,37;52,19;30,84;100,00;0,00;0,00;4,10
2021.0;1.0;2021-01-01;BRASPINE;ANTA BRAVA;;;;;207,77;23,63;82,59;17,83;49,69;30,05;98,06;0,00;0,00;1,06
2021.0;1.0;2021-01-01;BRASPINE;ARAPONGAS;PR;SENGES;423,34;263,70;222,44;20,86;89,62;15,24;54,91;28,46;100,00;0,00;0,00;5,47
2021.0;1.0;2021-01-01;BRASPINE;ARROIO CLARO;PR;DOUTOR ULYSSES;275,14;92,00;193,16;20,99;89,62;15,28;53,18;29,03;100,00;0,00;0,00;5,61
2021.0;1.0;2021-01-01;BRASPINE;BARRA GRANDE;PR;DOUTOR ULYSSES;493,79;139,68;208,59;21,46;89,38;15,90;53,16;29,51;100,00;0,00;0,00;1,77
2021.0;1.0;2021-01-01;BRASPINE;BARRA GRANDE - BEMAIS;PR;GUARAPUAVA;299,16;108,61;450,82;20,02;89,54;14,07;54,62;27,83;99,99;14,07;0,00;1,72
2021.0;1.0;2021-01-01;BRASPINE;BARRETOS;PR;JAGUARIAIVA;43,35;32,98;212,69;20,58;89,73;14,78;59,70;27,70;100,00;29,68;0,00;12,38
2021.0;1.0;2021-01-01;BRASPINE;BAU;;;;;291,10;19,93;89,89;14,21;54,43;27,84;99,89;14,21;0,00;8,37
2021.0;1.0;2021-01-01;BRASPINE;BOA VISTA II;PR;PIRAI DO SUL;944,00;535,05;199,51;20,50;89,26;14,62;60,90;27,50;99,97;29,26;0,00;15,34
2021.0;1.0;2021-01-01;BRASPINE;BRASILEIRA;;;;;201,27;20,86;89,62;15,24;54,91;28,46;100,00;0,00;0,00;5,47
2021.0;1.0;2021-01-01;BRASPINE;BURACAO;;;;;160,62;20,77;88,09;14,70;59,42;28,31;99,77;14,70;0,00;2,38
2021.0;1.0;2021-01-01;BRASPINE;BURRINHO;PR;DOUTOR ULYSSES;211,01;100,37;193,84;20,99;89,62;15,28;53,18;29,03;100,00;0,00;0,00;5,61
2021.0;1.0;2021-01-01;BRASPINE;CADEADO I;PR;JAGUARIAIVA;21,07;12,29;220,64;20,54;89,69;14,83;56,89;27,85;100,00;14,83;0,00;8,97
2021.0;1.0;2021-01-01;BRASPINE;CADEADO II;PR;JAGUARIAIVA;21,88;16,79;220,64;20,54;89,69;14,83;56,89;27,85;100,00;14,83;0,00;8,97
2021.0;1.0;2021-01-01;BRASPINE;CAMPINA ALTA;PR;TIBAGI;29,77;18,24;240,68;21,56;87,55;15,48;54,99;29,13;99,91;0,00;0,00;1,10
2021.0;1.0;2021-01-01;BRASPINE;CAMPINA DO ELIAS;PR;JAGUARIAIVA;29,17;14,65;200,75;20,56;89,72;14,80;58,68;27,72;100,00;29,75;0,00;11,20
2021.0;1.0;2021-01-01;BRASPINE;CAMPO NOVO;PR;JAGUARIAIVA;295,98;156,36;221,62;20,54;89,69;14,83;56,89;27,85;100,00;14,83;0,00;8,97
2021.0;1.0;2021-01-01;BRASPINE;CONSULTORIA II A;PR;DOUTOR ULYSSES;89,62;60,79;197,10;20,86;89,62;15,24;54,91;28,46;100,00;0,00;0,00;5,47
2021.0;1.0;2021-01-01;BRASPINE;DINIZ;;;;;201,44;20,86;89,62;15,24;54,91;28,46;100,00;0,00;0,00;5,47
2021.0;1.0;2021-01-01;BRASPINE;ENES;PR;JAGUARIAIVA;5,93;5,69;221,39;20,54;89,69;14,83;56,89;27,85;100,00;14,83;0,00;8,97
2021.0;1.0;2021-01-01;BRASPINE;ENGENHARIA;;;;;201,44;20,86;89,62;15,24;54,91;28,46;100,00;0,00;0,00;5,47
2021.0;1.0;2021-01-01;BRASPINE;ESTACAO;PR;SENGES;4,76;4,14;209,60;20,54;89,69;14,83;56,89;27,85;100,00;14,83;0,00;8,97
2021.0;1.0;2021-01-01;BRASPINE;FAXINAL;PR;JAGUARIAIVA;20,65;20,65;221,39;20,54;89,69;14,83;56,89;27,85;100,00;14,83;0,00;8,97
2021.0;1.0;2021-01-01;BRASPINE;FEITAL;PR;DOUTOR ULYSSES;154,17;86,53;205,98;21,06;89,54;15,46;54,33;28,81;100,00;0,00;0,00;4,25
2021.0;1.0;2021-01-01;BRASPINE;FIGUEIRA;PR;DOUTOR ULYSSES;1053,81;315,71;204,55;20,99;89,62;15,28;53,18;29,03;100,00;0,00;0,00;5,61
2021.0;1.0;2021-01-01;BRASPINE;FIGUEIRINHA;PR;DOUTOR ULYSSES;94,37;56,74;211,51;20,99;89,62;15,28;53,18;29,03;100,00;0,00;0,00;5,61
2021.0;1.0;2021-01-01;BRASPINE;FLOEMA;PR;DOUTOR ULYSSES;2189,88;701,43;211,37;20,44;89,72;14,65;55,16;28,14;100,00;29,64;0,00;5,65
2021.0;1.0;2021-01-01;BRASPINE;FLOEMA I - SUDATI;;;;;212,99;20,86;89,62;15,24;54,91;28,46;100,00;0,00;0,00;5,47
2021.0;1.0;2021-01-01;BRASPINE;FLOEMA II - SUDATI;PR;DOUTOR ULYSSES;453,83;211,13;204,52;20,86;89,62;15,24;54,91;28,46;100,00;0,00;0,00;5,47
2021.0;1.0;2021-01-01;BRASPINE;FLOR DA SERRA;PR;SAO JOSE DA BOA VISTA;209,10;128,72;203,37;22,68;83,06;17,07;53,21;29,45;99,45;0,00;0,00;7,56
2021.0;1.0;2021-01-01;BRASPINE;GENTIL;PR;JAGUARIAIVA;126,77;53,33;213,70;20,36;88,36;14,55;62,02;27,40;99,46;29,21;0,00;15,68
2021.0;1.0;2021-01-01;BRASPINE;GUAIRACA;PR;GUARAPUAVA;623,62;169,31;473,16;20,16;89,14;14,30;55,40;27,82;99,99;14,30;0,00;2,45
2021.0;1.0;2021-01-01;BRASPINE;HERVAL 2 - MADALOSSO;;;;;170,25;20,77;88,09;14,70;59,42;28,31;99,77;14,70;0,00;2,38
2021.0;1.0;2021-01-01;BRASPINE;HERVAL DE BAIXO;PR;RESERVA;827,29;475,92;292,48;21,58;87,43;15,45;53,87;29,42;99,89;0,00;0,00;2,46
2021.0;1.0;2021-01-01;BRASPINE;HORTO 01;PR;TURVO;19,12;19,12;321,57;20,79;89,53;14,80;56,96;28,48;99,85;14,80;0,00;3,39
2021.0;1.0;2021-01-01;BRASPINE;HORTO 02;PR;TURVO;4,24;4,24;306,68;20,79;89,53;14,80;56,96;28,48;99,85;14,80;0,00;3,39
2021.0;1.0;2021-01-01;BRASPINE;HORTO 03;PR;PRUDENTOPOLIS;80,91;25,89;366,39;21,24;88,75;15,18;55,92;29,17;99,98;0,00;0,00;4,56
2021.0;1.0;2021-01-01;BRASPINE;HORTO 08;PR;TURVO;9,53;9,53;283,50;21,24;88,75;15,18;55,92;29,17;99,98;0,00;0,00;4,56
2021.0;1.0;2021-01-01;BRASPINE;HORTO 12;PR;PRUDENTOPOLIS;12,20;12,20;374,11;21,24;88,75;15,18;55,92;29,17;99,98;0,00;0,00;4,56
2021.0;1.0;2021-01-01;BRASPINE;IZAU;PR;PIRAI DO SUL;19,37;11,60;221,63;20,37;88,78;14,46;61,26;27,40;99,43;29,00;0,00;0,35
2021.0;1.0;2021-01-01;BRASPINE;JOAO RICO;PR;JAGUARIAIVA;47,46;26,18;217,27;20,52;88,67;14,77;62,61;27,55;99,84;29,62;0,00;12,15
2021.0;1.0;2021-01-01;BRASPINE;LAGOA;PR;JAGUARIAIVA;24,10;10,78;212,39;20,54;89,69;14,83;56,89;27,85;100,00;14,83;0,00;8,97
2021.0;1.0;2021-01-01;BRASPINE;MARACANA;PR;JANDAIA DO SUL;11,45;11,45;297,33;23,15;85,32;17,93;52,42;31,22;99,95;0,00;0,00;3,09
2021.0;1.0;2021-01-01;BRASPINE;MARRECA;;;;;204,40;20,99;89,62;15,28;53,18;29,03;100,00;0,00;0,00;5,61
2021.0;1.0;2021-01-01;BRASPINE;MARRECA SP;SP;ITAPIRAPUA PAULISTA;675,30;236,19;224,46;21,81;89,22;16,18;51,47;30,21;100,00;0,00;0,00;1,13
2021.0;1.0;2021-01-01;BRASPINE;MARRECAS;;;;;460,64;19,53;89,93;13,66;54,17;27,31;100,00;13,66;0,00;0,60
2021.0;1.0;2021-01-01;BRASPINE;MERCADINHO;;;;;206,55;21,73;88,56;15,87;52,32;30,05;100,00;0,00;0,00;0,45
2021.0;1.0;2021-01-01;BRASPINE;MONTE ALEGRE;;;;;313,60;23,58;85,11;18,41;53,02;31,58;99,95;0,00;0,00;6,60
2021.0;1.0;2021-01-01;BRASPINE;MONTE TABOR II;;;;;204,92;21,10;90,06;16,01;51,59;28,97;100,00;0,00;0,00;65,47
2021.0;1.0;2021-01-01;BRASPINE;MOREIRA;PR;DOUTOR ULYSSES;230,52;68,68;204,52;20,86;89,62;15,24;54,91;28,46;100,00;0,00;0,00;5,47
2021.0;1.0;2021-01-01;BRASPINE;MOREIRAS II;PR;DOUTOR ULYSSES;66,76;28,75;196,02;20,86;89,62;15,24;54,91;28,46;100,00;0,00;0,00;5,47
2021.0;1.0;2021-01-01;BRASPINE;MORRETES;PR;ORTIGUEIRA;20,36;20,36;300,04;22,07;86,85;15,92;52,36;30,39;99,91;0,00;0,00;1,56
2021.0;1.0;2021-01-01;BRASPINE;MORRO AZUL;;;;;205,49;21,01;90,20;15,59;53,61;28,77;100,00;0,00;0,00;82,55
2021.0;1.0;2021-01-01;BRASPINE;OURO FINO;SP;APIAI;51,70;51,70;216,53;20,79;90,68;15,55;52,13;28,55;100,00;0,00;0,00;82,00
2021.0;1.0;2021-01-01;BRASPINE;PALMEIRINHA DE BAIXO - SOSSEGO;PR;SENGES;85,93;9,22;201,62;20,36;89,16;14,95;58,77;27,31;99,86;14,95;0,00;84,90
2021.0;1.0;2021-01-01;BRASPINE;PAZIN;PR;DOUTOR ULYSSES;41,20;23,90;209,82;20,99;89,62;15,28;53,18;29,03;100,00;0,00;0,00;5,61
2021.0;1.0;2021-01-01;BRASPINE;PEDRAS;PR;CASTRO;7,18;7,18;197,32;20,44;89,01;14,48;61,01;27,35;99,52;29,02;0,00;0,28
2021.0;1.0;2021-01-01;BRASPINE;PESCARIA;PR;SAO JOSE DA BOA VISTA;184,57;129,22;210,88;22,77;82,95;17,22;52,48;29,58;99,57;0,00;0,00;8,51
2021.0;1.0;2021-01-01;BRASPINE;PESSEGUEIRO;PR;DOUTOR ULYSSES;109,95;64,79;196,64;20,86;89,62;15,24;54,91;28,46;100,00;0,00;0,00;5,47
2021.0;1.0;2021-01-01;BRASPINE;PITANGA;;;;;374,97;20,70;88,98;15,16;53,76;28,41;99,82;0,00;0,00;16,88
2021.0;1.0;2021-01-01;BRASPINE;QUEIMADINHO ARROIO CLARO;PR;DOUTOR ULYSSES;48,13;19,09;201,27;20,86;89,62;15,24;54,91;28,46;100,00;0,00;0,00;5,47
2021.0;1.0;2021-01-01;BRASPINE;QUEIMADINHO M6042;PR;DOUTOR ULYSSES;48,38;18,50;201,27;20,86;89,62;15,24;54,91;28,46;100,00;0,00;0,00;5,47
2021.0;1.0;2021-01-01;BRASPINE;QUEIMADINHO USUCAPIAO;PR;DOUTOR ULYSSES;200,27;92,43;201,27;20,86;89,62;15,24;54,91;28,46;100,00;0,00;0,00;5,47
2021.0;1.0;2021-01-01;BRASPINE;RAMOS;PR;SENGES;69,83;38,15;212,99;20,54;89,69;14,83;56,89;27,85;100,00;14,83;0,00;8,97
2021.0;1.0;2021-01-01;BRASPINE;RIBEIRAO GRANDE;PR;JAGUARIAIVA;20,77;20,77;204,78;20,37;88,78;14,46;61,26;27,40;99,43;29,00;0,00;0,35
2021.0;1.0;2021-01-01;BRASPINE;RINCAO DE BAIXO;;;;;181,92;21,03;86,03;15,16;57,38;28,13;99,73;0,00;0,00;0,16
2021.0;1.0;2021-01-01;BRASPINE;RIO BOMBA;PR;CERRO AZUL;65,03;37,72;208,05;21,97;87,60;15,82;53,64;30,18;100,00;0,00;0,00;4,34
2021.0;1.0;2021-01-01;BRASPINE;RIO DO MEIO;PR;DOUTOR ULYSSES;712,33;389,13;197,39;20,86;89,62;15,24;54,91;28,46;100,00;0,00;0,00;5,47
2021.0;1.0;2021-01-01;BRASPINE;RONDON;PR;JAGUARIAIVA;2899,24;1475,88;213,50;20,42;89,23;14,84;55,11;30,19;99,89;29,81;0,00;4,11
2021.0;1.0;2021-01-01;BRASPINE;SANTA FELICIDADE;;;;;192,47;22,22;88,91;16,64;50,26;31,00;100,00;0,00;0,00;1,02
2021.0;1.0;2021-01-01;BRASPINE;SANTA LIDIA DO CERCADINHO;;;;;176,07;20,69;86,17;14,85;57,38;27,72;99,67;14,85;0,00;0,88
2021.0;1.0;2021-01-01;BRASPINE;SANTO ANTONIO;;;;;211,74;20,42;89,46;15,06;56,35;27,41;100,00;0,00;0,00;86,39
2021.0;1.0;2021-01-01;BRASPINE;SAO JOSE;PR;JANDAIA DO SUL;37,56;37,56;311,30;23,44;85,26;18,26;53,16;31,42;99,96;0,00;0,00;7,05
2021.0;1.0;2021-01-01;BRASPINE;SAO MATHEUS;;;;;331,95;24,57;84,72;19,49;52,52;32,79;99,91;0,00;0,00;0,09
2021.0;1.0;2021-01-01;BRASPINE;SAO PEDRO E SAO PAULO;PR;SAPOPEMA;709,13;323,93;211,28;21,91;85,02;16,15;55,44;28,81;99,54;0,00;0,00;1,58
2021.0;1.0;2021-01-01;BRASPINE;SAO RAFAEL;;;;;164,18;20,58;87,24;14,51;61,34;28,03;99,38;29,49;0,00;0,12
2021.0;1.0;2021-01-01;BRASPINE;SAO RAFAEL - PB;;;;;208,01;20,88;90,60;15,58;52,28;28,70;100,00;0,00;0,00;82,39
2021.0;1.0;2021-01-01;BRASPINE;SERRARIA;PR;DOUTOR ULYSSES;280,88;117,71;183,31;20,71;89,67;14,96;54,17;28,59;100,00;14,96;0,00;5,63
2021.0;1.0;2021-01-01;BRASPINE;SERRO VERDE;;;;;322,66;20,27;88,88;14,56;53,99;28,29;99,92;14,56;0,00;0,12
2021.0;1.0;2021-01-01;BRASPINE;SERTAOZINHO;PR;DOUTOR ULYSSES;16,25;16,25;198,65;20,86;89,62;15,24;54,91;28,46;100,00;0,00;0,00;5,47
2021.0;1.0;2021-01-01;BRASPINE;SITIO BASILIO;PR;JAGUARIAIVA;8,08;8,08;215,27;20,41;88,31;14,64;62,32;27,44;99,61;29,39;0,00;13,99
2021.0;1.0;2021-01-01;BRASPINE;SITIO DAS MARRECAS;PR;DOUTOR ULYSSES;77,49;35,17;214,89;21,58;89,33;15,92;51,96;29,87;100,00;0,00;0,00;0,79
2021.0;1.0;2021-01-01;BRASPINE;SOBRADINHO;SP;BOM SUCESSO DE ITARARE;285,80;123,10;201,81;20,38;90,14;15,08;54,81;27,53;100,00;0,00;0,00;87,07
2021.0;1.0;2021-01-01;BRASPINE;TAQUARAL;PR;JAGUARIAIVA;519,13;31,07;224,92;20,48;89,31;14,80;62,41;27,38;99,98;29,68;0,00;8,84
2021.0;1.0;2021-01-01;BRASPINE;TUCUNDUVA;PR;SENGES;82,21;60,89;238,29;21,02;86,75;15,49;57,73;27,87;99,45;0,00;0,00;5,20
2021.0;1.0;2021-01-01;BRASPINE;TUCUNDUVA - CHAMMA;;;;;211,20;21,12;86,43;15,65;57,72;28,01;99,50;0,00;0,00;3,44
2021.0;1.0;2021-01-01;BRASPINE;VIENA 1;PR;DOUTOR ULYSSES;263,98;178,34;196,65;20,36;89,64;14,53;58,12;27,64;100,00;29,31;0,00;0,13
2021.0;1.0;2021-01-01;BRASPINE;VIENA 2;PR;CERRO AZUL;140,23;96,54;208,66;21,97;87,60;15,82;53,64;30,18;100,00;0,00;0,00;4,34
2021.0;1.0;2021-01-01;BRASPINE;VITORIA;PR;SENGES;50,54;35,69;201,62;20,36;89,16;14,95;58,77;27,31;99,86;14,95;0,00;84,90
2021.0;1.0;2021-01-01;BRASPINE;VIVEIRO;PR;DOUTOR ULYSSES;405,39;261,22;196,02;20,86;89,62;15,24;54,91;28,46;100,00;0,00;0,00;5,47
2021.0;1.0;2021-01-01;BRASPINE;VO LINO;PR;DOUTOR ULYSSES;164,50;97,89;199,87;20,99;89,62;15,28;53,18;29,03;100,00;0,00;0,00;5,61
2021.0;1.0;2021-01-01;BRASPINE;XAXIM VELHO;;;;;413,09;19,71;89,69;13,94;56,47;27,53;100,00;13,94;0,00;8,78
2021.0;2.0;2021-02-01;BRASPINE;AGUA DOCE;PR;JAGUARIAIVA;238,97;121,99;93,38;20,27;80,92;13,00;38,46;28,40;99,77;70,07;0,00;46,98
2021.0;2.0;2021-02-01;BRASPINE;AMATA;;;;;125,85;22,18;80,94;13,87;35,18;31,49;100,00;28,69;0,00;5,21
2021.0;2.0;2021-02-01;BRASPINE;ANTA BRAVA;;;;;70,51;23,37;77,18;16,90;36,73;31,94;98,39;0,00;0,00;26,54
2021.0;2.0;2021-02-01;BRASPINE;ARAPONGAS;PR;SENGES;423,34;263,70;104,01;20,53;83,06;13,99;36,17;29,15;100,00;42,61;0,00;1,03
2021.0;2.0;2021-02-01;BRASPINE;ARROIO CLARO;PR;DOUTOR ULYSSES;275,14;92,00;137,99;20,60;83,27;14,09;35,78;29,59;100,00;43,10;0,00;7,66
2021.0;2.0;2021-02-01;BRASPINE;BARRA GRANDE;PR;DOUTOR ULYSSES;493,79;139,68;132,36;21,12;83,23;14,68;36,25;30,02;100,00;29,36;0,00;6,78
2021.0;2.0;2021-02-01;BRASPINE;BARRA GRANDE - BEMAIS;PR;GUARAPUAVA;299,16;108,61;57,82;19,77;75,84;12,36;32,71;28,20;99,97;195,24;0,00;44,63
2021.0;2.0;2021-02-01;BRASPINE;BARRETOS;PR;JAGUARIAIVA;43,35;32,98;108,52;20,30;82,45;13,71;36,69;28,88;99,99;71,48;0,00;18,27
2021.0;2.0;2021-02-01;BRASPINE;BAU;;;;;64,89;19,58;76,95;11,52;37,90;27,45;99,85;176,99;0,00;5,47
2021.0;2.0;2021-02-01;BRASPINE;BOA VISTA II;PR;PIRAI DO SUL;944,00;535,05;98,84;20,25;81,57;13,03;37,79;28,72;99,98;69,81;0,00;17,60
2021.0;2.0;2021-02-01;BRASPINE;BRASILEIRA;;;;;116,98;20,53;83,06;13,99;36,17;29,15;100,00;42,61;0,00;1,03
2021.0;2.0;2021-02-01;BRASPINE;BURACAO;;;;;97,65;20,40;80,39;12,32;35,71;29,35;99,65;83,37;0,00;2,40
2021.0;2.0;2021-02-01;BRASPINE;BURRINHO;PR;DOUTOR ULYSSES;211,01;100,37;137,90;20,60;83,27;14,09;35,78;29,59;100,00;43,10;0,00;7,66
2021.0;2.0;2021-02-01;BRASPINE;CADEADO I;PR;JAGUARIAIVA;21,07;12,29;102,93;20,20;82,84;13,59;36,11;28,85;100,00;70,75;0,00;2,87
2021.0;2.0;2021-02-01;BRASPINE;CADEADO II;PR;JAGUARIAIVA;21,88;16,79;102,93;20,20;82,84;13,59;36,11;28,85;100,00;70,75;0,00;2,87
2021.0;2.0;2021-02-01;BRASPINE;CAMPINA ALTA;PR;TIBAGI;29,77;18,24;96,37;21,11;78,38;13,01;36,35;29,99;100,00;70,75;0,00;0,52
2021.0;2.0;2021-02-01;BRASPINE;CAMPINA DO ELIAS;PR;JAGUARIAIVA;29,17;14,65;109,44;20,27;82,59;13,71;36,48;28,87;99,99;71,22;0,00;0,62
2021.0;2.0;2021-02-01;BRASPINE;CAMPO NOVO;PR;JAGUARIAIVA;295,98;156,36;115,43;20,20;82,84;13,59;36,11;28,85;100,00;70,75;0,00;2,87
2021.0;2.0;2021-02-01;BRASPINE;CONSULTORIA II A;PR;DOUTOR ULYSSES;89,62;60,79;124,65;20,53;83,06;13,99;36,17;29,15;100,00;42,61;0,00;1,03
2021.0;2.0;2021-02-01;BRASPINE;DINIZ;;;;;122,75;20,53;83,06;13,99;36,17;29,15;100,00;42,61;0,00;1,03
2021.0;2.0;2021-02-01;BRASPINE;ENES;PR;JAGUARIAIVA;5,93;5,69;117,10;20,20;82,84;13,59;36,11;28,85;100,00;70,75;0,00;2,87
2021.0;2.0;2021-02-01;BRASPINE;ENGENHARIA;;;;;122,75;20,53;83,06;13,99;36,17;29,15;100,00;42,61;0,00;1,03
2021.0;2.0;2021-02-01;BRASPINE;ESTACAO;PR;SENGES;4,76;4,14;104,89;20,20;82,84;13,59;36,11;28,85;100,00;70,75;0,00;2,87
2021.0;2.0;2021-02-01;BRASPINE;FAXINAL;PR;JAGUARIAIVA;20,65;20,65;117,10;20,20;82,84;13,59;36,11;28,85;100,00;70,75;0,00;2,87
2021.0;2.0;2021-02-01;BRASPINE;FEITAL;PR;DOUTOR ULYSSES;154,17;86,53;127,23;20,72;83,12;14,22;36,20;29,43;100,00;43,37;0,00;0,06
2021.0;2.0;2021-02-01;BRASPINE;FIGUEIRA;PR;DOUTOR ULYSSES;1053,81;315,71;137,59;20,60;83,27;14,09;35,78;29,59;100,00;43,10;0,00;7,66
2021.0;2.0;2021-02-01;BRASPINE;FIGUEIRINHA;PR;DOUTOR ULYSSES;94,37;56,74;131,90;20,60;83,27;14,09;35,78;29,59;100,00;43,10;0,00;7,66
2021.0;2.0;2021-02-01;BRASPINE;FLOEMA;PR;DOUTOR ULYSSES;2189,88;701,43;124,37;20,01;83,00;13,28;35,90;28,93;100,00;69,30;0,00;10,00
2021.0;2.0;2021-02-01;BRASPINE;FLOEMA I - SUDATI;;;;;98,78;20,53;83,06;13,99;36,17;29,15;100,00;42,61;0,00;1,03
2021.0;2.0;2021-02-01;BRASPINE;FLOEMA II - SUDATI;PR;DOUTOR ULYSSES;453,83;211,13;121,96;20,53;83,06;13,99;36,17;29,15;100,00;42,61;0,00;1,03
2021.0;2.0;2021-02-01;BRASPINE;FLOR DA SERRA;PR;SAO JOSE DA BOA VISTA;209,10;128,72;97,41;22,51;74,64;15,35;34,50;31,31;99,52;0,00;0,00;309,24
2021.0;2.0;2021-02-01;BRASPINE;GENTIL;PR;JAGUARIAIVA;126,77;53,33;94,71;20,06;80,60;12,86;39,03;28,18;99,67;68,88;0,00;10,71
2021.0;2.0;2021-02-01;BRASPINE;GUAIRACA;PR;GUARAPUAVA;623,62;169,31;57,93;19,93;75,82;12,44;32,11;28,36;99,98;151,58;0,00;0,66
2021.0;2.0;2021-02-01;BRASPINE;HERVAL 2 - MADALOSSO;;;;;109,41;20,40;80,39;12,32;35,71;29,35;99,65;83,37;0,00;2,40
2021.0;2.0;2021-02-01;BRASPINE;HERVAL DE BAIXO;PR;RESERVA;827,29;475,92;89,48;21,05;78,48;12,48;36,65;30,06;100,00;82,65;0,00;2,17
2021.0;2.0;2021-02-01;BRASPINE;HORTO 01;PR;TURVO;19,12;19,12;66,55;20,32;77,90;11,72;38,81;28,56;99,80;136,60;0,00;0,77
2021.0;2.0;2021-02-01;BRASPINE;HORTO 02;PR;TURVO;4,24;4,24;66,31;20,32;77,90;11,72;38,81;28,56;99,80;136,60;0,00;0,77
2021.0;2.0;2021-02-01;BRASPINE;HORTO 03;PR;PRUDENTOPOLIS;80,91;25,89;69,54;20,89;76,42;13,16;35,92;29,46;99,93;82,80;0,00;24,13
2021.0;2.0;2021-02-01;BRASPINE;HORTO 08;PR;TURVO;9,53;9,53;76,37;20,89;76,42;13,16;35,92;29,46;99,93;82,80;0,00;24,13
2021.0;2.0;2021-02-01;BRASPINE;HORTO 12;PR;PRUDENTOPOLIS;12,20;12,20;72,40;20,89;76,42;13,16;35,92;29,46;99,93;82,80;0,00;24,13
2021.0;2.0;2021-02-01;BRASPINE;IZAU;PR;PIRAI DO SUL;19,37;11,60;94,16;20,11;80,89;13,26;37,96;28,44;99,72;69,71;0,00;22,98
2021.0;2.0;2021-02-01;BRASPINE;JOAO RICO;PR;JAGUARIAIVA;47,46;26,18;96,21;20,27;80,92;13,00;38,46;28,40;99,77;70,07;0,00;46,98
2021.0;2.0;2021-02-01;BRASPINE;LAGOA;PR;JAGUARIAIVA;24,10;10,78;107,10;20,20;82,84;13,59;36,11;28,85;100,00;70,75;0,00;2,87
2021.0;2.0;2021-02-01;BRASPINE;MARACANA;PR;JANDAIA DO SUL;11,45;11,45;76,74;22,77;75,16;15,05;35,83;32,48;99,91;0,00;0,00;347,83
2021.0;2.0;2021-02-01;BRASPINE;MARRECA;;;;;136,95;20,60;83,27;14,09;35,78;29,59;100,00;43,10;0,00;7,66
2021.0;2.0;2021-02-01;BRASPINE;MARRECA SP;SP;ITAPIRAPUA PAULISTA;675,30;236,19;143,41;21,46;83,25;15,08;35,94;30,83;100,00;0,00;0,00;4,46
2021.0;2.0;2021-02-01;BRASPINE;MARRECAS;;;;;59,78;19,29;75,90;11,91;32,50;27,73;100,00;203,83;0,00;3,14
2021.0;2.0;2021-02-01;BRASPINE;MERCADINHO;;;;;121,58;21,36;82,30;14,06;35,36;30,64;100,00;28,91;0,00;1,74
2021.0;2.0;2021-02-01;BRASPINE;MONTE ALEGRE;;;;;84,96;23,21;74,60;15,57;36,03;32,85;99,90;0,00;0,00;12,87
2021.0;2.0;2021-02-01;BRASPINE;MONTE TABOR II;;;;;109,15;20,67;85,13;14,57;40,42;30,09;100,00;29,34;0,00;30,13
2021.0;2.0;2021-02-01;BRASPINE;MOREIRA;PR;DOUTOR ULYSSES;230,52;68,68;121,96;20,53;83,06;13,99;36,17;29,15;100,00;42,61;0,00;1,03
2021.0;2.0;2021-02-01;BRASPINE;MOREIRAS II;PR;DOUTOR ULYSSES;66,76;28,75;125,05;20,53;83,06;13,99;36,17;29,15;100,00;42,61;0,00;1,03
2021.0;2.0;2021-02-01;BRASPINE;MORRETES;PR;ORTIGUEIRA;20,36;20,36;85,78;21,51;78,45;12,68;37,01;30,73;99,98;68,66;0,00;4,26
2021.0;2.0;2021-02-01;BRASPINE;MORRO AZUL;;;;;129,43;20,80;83,53;14,07;36,26;29,71;100,00;28,55;0,00;21,78
2021.0;2.0;2021-02-01;BRASPINE;OURO FINO;SP;APIAI;51,70;51,70;119,50;20,47;84,90;13,98;38,56;29,48;100,00;28,43;0,00;9,62
2021.0;2.0;2021-02-01;BRASPINE;PALMEIRINHA DE BAIXO - SOSSEGO;PR;SENGES;85,93;9,22;100,64;20,18;81,59;13,82;36,21;28,44;99,73;86,35;0,00;36,06
2021.0;2.0;2021-02-01;BRASPINE;PAZIN;PR;DOUTOR ULYSSES;41,20;23,90;135,15;20,60;83,27;14,09;35,78;29,59;100,00;43,10;0,00;7,66
2021.0;2.0;2021-02-01;BRASPINE;PEDRAS;PR;CASTRO;7,18;7,18;93,13;20,08;81,55;12,54;40,43;28,53;99,18;68,53;0,00;34,59
2021.0;2.0;2021-02-01;BRASPINE;PESCARIA;PR;SAO JOSE DA BOA VISTA;184,57;129,22;93,11;22,73;74,08;15,66;32,18;31,69;98,54;0,00;0,00;19,32
2021.0;2.0;2021-02-01;BRASPINE;PESSEGUEIRO;PR;DOUTOR ULYSSES;109,95;64,79;120,61;20,53;83,06;13,99;36,17;29,15;100,00;42,61;0,00;1,03
2021.0;2.0;2021-02-01;BRASPINE;PITANGA;;;;;70,15;20,32;76,85;11,31;38,90;28,11;99,88;107,52;0,00;3,44
2021.0;2.0;2021-02-01;BRASPINE;QUEIMADINHO ARROIO CLARO;PR;DOUTOR ULYSSES;48,13;19,09;116,98;20,53;83,06;13,99;36,17;29,15;100,00;42,61;0,00;1,03
2021.0;2.0;2021-02-01;BRASPINE;QUEIMADINHO M6042;PR;DOUTOR ULYSSES;48,38;18,50;116,98;20,53;83,06;13,99;36,17;29,15;100,00;42,61;0,00;1,03
2021.0;2.0;2021-02-01;BRASPINE;QUEIMADINHO USUCAPIAO;PR;DOUTOR ULYSSES;200,27;92,43;116,98;20,53;83,06;13,99;36,17;29,15;100,00;42,61;0,00;1,03
2021.0;2.0;2021-02-01;BRASPINE;RAMOS;PR;SENGES;69,83;38,15;98,78;20,20;82,84;13,59;36,11;28,85;100,00;70,75;0,00;2,87
2021.0;2.0;2021-02-01;BRASPINE;RIBEIRAO GRANDE;PR;JAGUARIAIVA;20,77;20,77;93,83;20,11;80,89;13,26;37,96;28,44;99,72;69,71;0,00;22,98
2021.0;2.0;2021-02-01;BRASPINE;RINCAO DE BAIXO;;;;;89,53;20,60;77,45;13,29;36,89;28,74;99,97;68,74;0,00;1,82
2021.0;2.0;2021-02-01;BRASPINE;RIO BOMBA;PR;CERRO AZUL;65,03;37,72;128,35;21,59;81,06;13,29;35,34;30,83;100,00;42,42;0,00;5,53
2021.0;2.0;2021-02-01;BRASPINE;RIO DO MEIO;PR;DOUTOR ULYSSES;712,33;389,13;122,91;20,53;83,06;13,99;36,17;29,15;100,00;42,61;0,00;1,03
2021.0;2.0;2021-02-01;BRASPINE;RONDON;PR;JAGUARIAIVA;2899,24;1475,88;93,18;20,14;82,07;13,59;37,17;28,28;99,85;85,66;0,00;43,10
2021.0;2.0;2021-02-01;BRASPINE;SANTA FELICIDADE;;;;;132,63;21,85;83,34;15,52;36,04;31,53;100,00;0,00;0,00;1,72
2021.0;2.0;2021-02-01;BRASPINE;SANTA LIDIA DO CERCADINHO;;;;;84,41;20,23;77,63;13,28;37,21;28,29;99,94;97,36;0,00;1,52
2021.0;2.0;2021-02-01;BRASPINE;SANTO ANTONIO;;;;;105,43;20,26;81,89;13,97;35,88;28,77;99,98;72,25;0,00;29,57
2021.0;2.0;2021-02-01;BRASPINE;SAO JOSE;PR;JANDAIA DO SUL;37,56;37,56;84,87;23,06;74,82;15,49;36,22;32,68;99,90;0,00;0,00;12,97
2021.0;2.0;2021-02-01;BRASPINE;SAO MATHEUS;;;;;76,76;24,19;73,84;15,66;36,40;33,85;99,83;0,00;0,00;8,60
2021.0;2.0;2021-02-01;BRASPINE;SAO PEDRO E SAO PAULO;PR;SAPOPEMA;709,13;323,93;70,31;21,41;76,88;14,22;37,79;30,47;99,58;28,81;0,00;26,00
2021.0;2.0;2021-02-01;BRASPINE;SAO RAFAEL;;;;;157,65;20,28;79,55;13,26;36,53;28,91;99,83;84,39;0,00;5,94
2021.0;2.0;2021-02-01;BRASPINE;SAO RAFAEL - PB;;;;;137,59;20,61;84,53;14,09;38,00;29,59;100,00;28,64;0,00;13,49
2021.0;2.0;2021-02-01;BRASPINE;SERRARIA;PR;DOUTOR ULYSSES;280,88;117,71;132,44;20,30;83,14;13,72;35,84;29,21;100,00;56,32;0,00;8,81
2021.0;2.0;2021-02-01;BRASPINE;SERRO VERDE;;;;;66,51;19,84;76,55;10,56;37,67;27,80;99,84;132,75;0,00;0,02
2021.0;2.0;2021-02-01;BRASPINE;SERTAOZINHO;PR;DOUTOR ULYSSES;16,25;16,25;124,39;20,53;83,06;13,99;36,17;29,15;100,00;42,61;0,00;1,03
2021.0;2.0;2021-02-01;BRASPINE;SITIO BASILIO;PR;JAGUARIAIVA;8,08;8,08;92,57;20,10;80,60;12,66;39,21;28,15;99,68;68,94;0,00;3,26
2021.0;2.0;2021-02-01;BRASPINE;SITIO DAS MARRECAS;PR;DOUTOR ULYSSES;77,49;35,17;140,84;21,21;83,26;14,80;35,89;30,48;100,00;14,80;0,00;5,35
2021.0;2.0;2021-02-01;BRASPINE;SOBRADINHO;SP;BOM SUCESSO DE ITARARE;285,80;123,10;138,77;20,22;82,92;14,09;36,89;28,93;99,99;57,94;0,00;20,71
2021.0;2.0;2021-02-01;BRASPINE;TAQUARAL;PR;JAGUARIAIVA;519,13;31,07;100,73;20,23;81,82;13,10;38,25;28,42;99,97;70,31;0,00;46,76
2021.0;2.0;2021-02-01;BRASPINE;TUCUNDUVA;PR;SENGES;82,21;60,89;104,82;20,82;78,79;13,55;35,75;29,01;98,85;42,00;0,00;30,22
2021.0;2.0;2021-02-01;BRASPINE;TUCUNDUVA - CHAMMA;;;;;95,51;21,02;78,18;14,44;35,23;29,31;98,51;43,47;0,00;33,15
2021.0;2.0;2021-02-01;BRASPINE;VIENA 1;PR;DOUTOR ULYSSES;263,98;178,34;128,63;19,95;82,58;12,74;37,39;28,71;100,00;68,01;0,00;6,16
2021.0;2.0;2021-02-01;BRASPINE;VIENA 2;PR;CERRO AZUL;140,23;96,54;128,75;21,59;81,06;13,29;35,34;30,83;100,00;42,42;0,00;5,53
2021.0;2.0;2021-02-01;BRASPINE;VITORIA;PR;SENGES;50,54;35,69;100,64;20,18;81,59;13,82;36,21;28,44;99,73;86,35;0,00;36,06
2021.0;2.0;2021-02-01;BRASPINE;VIVEIRO;PR;DOUTOR ULYSSES;405,39;261,22;125,05;20,53;83,06;13,99;36,17;29,15;100,00;42,61;0,00;1,03
2021.0;2.0;2021-02-01;BRASPINE;VO LINO;PR;DOUTOR ULYSSES;164,50;97,89;136,99;20,60;83,27;14,09;35,78;29,59;100,00;43,10;0,00;7,66
2021.0;2.0;2021-02-01;BRASPINE;XAXIM VELHO;;;;;59,77;19,47;76,40;11,87;32,92;27,96;100,00;176,33;0,00;17,37
2021.0;3.0;2021-03-01;BRASPINE;AGUA DOCE;PR;JAGUARIAIVA;238,97;121,99;140,92;20,29;86,15;12,39;48,71;27,08;99,89;40,47;0,00;6,00
2021.0;3.0;2021-03-01;BRASPINE;AMATA;;;;;154,30;22,12;86,54;13,83;47,84;30,12;100,00;13,83;0,00;3,66
2021.0;3.0;2021-03-01;BRASPINE;ANTA BRAVA;;;;;106,21;23,52;80,64;17,18;43,62;30,67;99,39;0,00;0,00;331,39
2021.0;3.0;2021-03-01;BRASPINE;ARAPONGAS;PR;SENGES;423,34;263,70;154,64;20,53;88,32;12,65;49,36;27,74;100,00;12,65;0,00;1,35
2021.0;3.0;2021-03-01;BRASPINE;ARROIO CLARO;PR;DOUTOR ULYSSES;275,14;92,00;150,51;20,66;88,48;12,69;47,99;28,20;100,00;12,69;0,00;10,84
2021.0;3.0;2021-03-01;BRASPINE;BARRA GRANDE;PR;DOUTOR ULYSSES;493,79;139,68;173,72;21,11;88,51;13,25;48,78;28,50;100,00;13,25;0,00;0,19
2021.0;3.0;2021-03-01;BRASPINE;BARRA GRANDE - BEMAIS;PR;GUARAPUAVA;299,16;108,61;189,84;19,74;84,14;11,23;40,58;27,43;99,98;92,20;0,00;5,43
2021.0;3.0;2021-03-01;BRASPINE;BARRETOS;PR;JAGUARIAIVA;43,35;32,98;155,42;20,40;87,38;12,08;48,24;27,54;100,00;26,67;0,00;11,83
2021.0;3.0;2021-03-01;BRASPINE;BAU;;;;;131,70;19,68;83,21;11,01;42,97;26,96;99,89;75,69;0,00;5,65
2021.0;3.0;2021-03-01;BRASPINE;BOA VISTA II;PR;PIRAI DO SUL;944,00;535,05;163,72;20,39;86,46;12,29;48,31;27,32;100,00;26,49;0,00;12,31
2021.0;3.0;2021-03-01;BRASPINE;BRASILEIRA;;;;;162,66;20,53;88,32;12,65;49,36;27,74;100,00;12,65;0,00;1,35
2021.0;3.0;2021-03-01;BRASPINE;BURACAO;;;;;188,97;20,53;85,72;12,02;44,43;27,73;99,87;26,13;0,00;7,71
2021.0;3.0;2021-03-01;BRASPINE;BURRINHO;PR;DOUTOR ULYSSES;211,01;100,37;150,14;20,66;88,48;12,69;47,99;28,20;100,00;12,69;0,00;10,84
2021.0;3.0;2021-03-01;BRASPINE;CADEADO I;PR;JAGUARIAIVA;21,07;12,29;143,32;20,23;87,95;12,08;48,23;27,47;100,00;26,48;0,00;6,77
2021.0;3.0;2021-03-01;BRASPINE;CADEADO II;PR;JAGUARIAIVA;21,88;16,79;143,32;20,23;87,95;12,08;48,23;27,47;100,00;26,48;0,00;6,77
2021.0;3.0;2021-03-01;BRASPINE;CAMPINA ALTA;PR;TIBAGI;29,77;18,24;115,15;20,94;86,32;12,37;47,35;28,49;99,90;55,60;0,00;6,26
2021.0;3.0;2021-03-01;BRASPINE;CAMPINA DO ELIAS;PR;JAGUARIAIVA;29,17;14,65;158,87;20,34;87,59;12,08;48,24;27,51;100,00;26,60;0,00;0,43
2021.0;3.0;2021-03-01;BRASPINE;CAMPO NOVO;PR;JAGUARIAIVA;295,98;156,36;149,73;20,23;87,95;12,08;48,23;27,47;100,00;26,48;0,00;6,77
2021.0;3.0;2021-03-01;BRASPINE;CONSULTORIA II A;PR;DOUTOR ULYSSES;89,62;60,79;157,37;20,53;88,32;12,65;49,36;27,74;100,00;12,65;0,00;1,35
2021.0;3.0;2021-03-01;BRASPINE;DINIZ;;;;;170,71;20,53;88,32;12,65;49,36;27,74;100,00;12,65;0,00;1,35
2021.0;3.0;2021-03-01;BRASPINE;ENES;PR;JAGUARIAIVA;5,93;5,69;148,96;20,23;87,95;12,08;48,23;27,47;100,00;26,48;0,00;6,77
2021.0;3.0;2021-03-01;BRASPINE;ENGENHARIA;;;;;170,71;20,53;88,32;12,65;49,36;27,74;100,00;12,65;0,00;1,35
2021.0;3.0;2021-03-01;BRASPINE;ESTACAO;PR;SENGES;4,76;4,14;148,65;20,23;87,95;12,08;48,23;27,47;100,00;26,48;0,00;6,77
2021.0;3.0;2021-03-01;BRASPINE;FAXINAL;PR;JAGUARIAIVA;20,65;20,65;148,96;20,23;87,95;12,08;48,23;27,47;100,00;26,48;0,00;6,77
2021.0;3.0;2021-03-01;BRASPINE;FEITAL;PR;DOUTOR ULYSSES;154,17;86,53;164,94;20,72;88,38;12,85;49,16;27,98;100,00;12,85;0,00;0,32
2021.0;3.0;2021-03-01;BRASPINE;FIGUEIRA;PR;DOUTOR ULYSSES;1053,81;315,71;146,86;20,66;88,48;12,69;47,99;28,20;100,00;12,69;0,00;10,84
2021.0;3.0;2021-03-01;BRASPINE;FIGUEIRINHA;PR;DOUTOR ULYSSES;94,37;56,74;178,39;20,66;88,48;12,69;47,99;28,20;100,00;12,69;0,00;10,84
2021.0;3.0;2021-03-01;BRASPINE;FLOEMA;PR;DOUTOR ULYSSES;2189,88;701,43;158,83;20,11;88,13;11,99;46,35;27,50;100,00;26,69;0,00;4,29
2021.0;3.0;2021-03-01;BRASPINE;FLOEMA I - SUDATI;;;;;154,44;20,53;88,32;12,65;49,36;27,74;100,00;12,65;0,00;1,35
2021.0;3.0;2021-03-01;BRASPINE;FLOEMA II - SUDATI;PR;DOUTOR ULYSSES;453,83;211,13;154,13;20,53;88,32;12,65;49,36;27,74;100,00;12,65;0,00;1,35
2021.0;3.0;2021-03-01;BRASPINE;FLOR DA SERRA;PR;SAO JOSE DA BOA VISTA;209,10;128,72;171,10;22,21;82,14;13,98;43,21;29,70;99,54;28,47;0,00;2,91
2021.0;3.0;2021-03-01;BRASPINE;GENTIL;PR;JAGUARIAIVA;126,77;53,33;136,53;20,08;85,84;11,60;49,90;26,77;99,74;39,82;0,00;10,98
2021.0;3.0;2021-03-01;BRASPINE;GUAIRACA;PR;GUARAPUAVA;623,62;169,31;190,97;19,91;83,70;11,41;40,09;27,75;99,98;106,71;0,00;2,33
2021.0;3.0;2021-03-01;BRASPINE;HERVAL 2 - MADALOSSO;;;;;163,04;20,53;85,72;12,02;44,43;27,73;99,87;26,13;0,00;7,71
2021.0;3.0;2021-03-01;BRASPINE;HERVAL DE BAIXO;PR;RESERVA;827,29;475,92;116,47;20,92;86,33;11,55;47,50;28,55;99,84;68,93;0,00;5,59
2021.0;3.0;2021-03-01;BRASPINE;HORTO 01;PR;TURVO;19,12;19,12;132,04;20,38;84,57;10,64;45,46;27,98;99,85;76,91;0,00;4,97
2021.0;3.0;2021-03-01;BRASPINE;HORTO 02;PR;TURVO;4,24;4,24;132,36;20,38;84,57;10,64;45,46;27,98;99,85;76,91;0,00;4,97
2021.0;3.0;2021-03-01;BRASPINE;HORTO 03;PR;PRUDENTOPOLIS;80,91;25,89;132,11;20,84;84,25;11,49;43,04;28,64;99,90;79,84;0,00;3,19
2021.0;3.0;2021-03-01;BRASPINE;HORTO 08;PR;TURVO;9,53;9,53;151,16;20,84;84,25;11,49;43,04;28,64;99,90;79,84;0,00;3,19
2021.0;3.0;2021-03-01;BRASPINE;HORTO 12;PR;PRUDENTOPOLIS;12,20;12,20;133,22;20,84;84,25;11,49;43,04;28,64;99,90;79,84;0,00;3,19
2021.0;3.0;2021-03-01;BRASPINE;IZAU;PR;PIRAI DO SUL;19,37;11,60;142,91;20,20;85,94;11,24;48,63;26,97;99,74;25,14;0,00;14,21
2021.0;3.0;2021-03-01;BRASPINE;JOAO RICO;PR;JAGUARIAIVA;47,46;26,18;139,41;20,29;86,15;12,39;48,71;27,08;99,89;40,47;0,00;6,00
2021.0;3.0;2021-03-01;BRASPINE;LAGOA;PR;JAGUARIAIVA;24,10;10,78;142,86;20,23;87,95;12,08;48,23;27,47;100,00;26,48;0,00;6,77
2021.0;3.0;2021-03-01;BRASPINE;MARACANA;PR;JANDAIA DO SUL;11,45;11,45;210,11;23,05;79,59;14,65;37,84;30,77;99,98;14,65;0,00;12,35
2021.0;3.0;2021-03-01;BRASPINE;MARRECA;;;;;148,34;20,66;88,48;12,69;47,99;28,20;100,00;12,69;0,00;10,84
2021.0;3.0;2021-03-01;BRASPINE;MARRECA SP;SP;ITAPIRAPUA PAULISTA;675,30;236,19;194,54;21,45;88,57;13,61;50,14;29,19;100,00;13,61;0,00;8,64
2021.0;3.0;2021-03-01;BRASPINE;MARRECAS;;;;;178,20;19,27;84,03;10,86;39,61;26,95;100,00;131,77;0,00;2,86
2021.0;3.0;2021-03-01;BRASPINE;MERCADINHO;;;;;178,23;21,37;87,73;13,06;47,73;29,22;100,00;13,06;0,00;0,70
2021.0;3.0;2021-03-01;BRASPINE;MONTE ALEGRE;;;;;190,20;23,57;78,48;15,21;36,99;31,31;99,99;0,00;0,00;4,08
2021.0;3.0;2021-03-01;BRASPINE;MONTE TABOR II;;;;;148,73;20,72;89,77;13,62;55,09;28,27;100,00;13,62;0,00;4,31
2021.0;3.0;2021-03-01;BRASPINE;MOREIRA;PR;DOUTOR ULYSSES;230,52;68,68;154,13;20,53;88,32;12,65;49,36;27,74;100,00;12,65;0,00;1,35
2021.0;3.0;2021-03-01;BRASPINE;MOREIRAS II;PR;DOUTOR ULYSSES;66,76;28,75;157,84;20,53;88,32;12,65;49,36;27,74;100,00;12,65;0,00;1,35
2021.0;3.0;2021-03-01;BRASPINE;MORRETES;PR;ORTIGUEIRA;20,36;20,36;110,56;21,41;86,03;11,52;47,04;29,35;99,86;54,84;0,00;7,19
2021.0;3.0;2021-03-01;BRASPINE;MORRO AZUL;;;;;165,75;20,79;88,79;12,62;47,49;28,16;100,00;12,62;0,00;4,43
2021.0;3.0;2021-03-01;BRASPINE;OURO FINO;SP;APIAI;51,70;51,70;175,63;20,53;89,53;12,70;50,34;27,95;100,00;12,70;0,00;8,89
2021.0;3.0;2021-03-01;BRASPINE;PALMEIRINHA DE BAIXO - SOSSEGO;PR;SENGES;85,93;9,22;168,97;20,12;86,91;12,67;45,92;26,94;99,86;41,93;0,00;9,58
2021.0;3.0;2021-03-01;BRASPINE;PAZIN;PR;DOUTOR ULYSSES;41,20;23,90;168,78;20,66;88,48;12,69;47,99;28,20;100,00;12,69;0,00;10,84
2021.0;3.0;2021-03-01;BRASPINE;PEDRAS;PR;CASTRO;7,18;7,18;151,03;20,28;86,29;11,18;49,30;27,06;99,82;25,38;0,00;4,54
2021.0;3.0;2021-03-01;BRASPINE;PESCARIA;PR;SAO JOSE DA BOA VISTA;184,57;129,22;182,17;22,33;81,88;14,06;42,41;29,78;99,72;28,39;0,00;0,47
2021.0;3.0;2021-03-01;BRASPINE;PESSEGUEIRO;PR;DOUTOR ULYSSES;109,95;64,79;138,37;20,53;88,32;12,65;49,36;27,74;100,00;12,65;0,00;1,35
2021.0;3.0;2021-03-01;BRASPINE;PITANGA;;;;;137,24;20,42;82,76;10,75;43,95;28,00;99,77;93,53;0,00;1,23
2021.0;3.0;2021-03-01;BRASPINE;QUEIMADINHO ARROIO CLARO;PR;DOUTOR ULYSSES;48,13;19,09;162,66;20,53;88,32;12,65;49,36;27,74;100,00;12,65;0,00;1,35
2021.0;3.0;2021-03-01;BRASPINE;QUEIMADINHO M6042;PR;DOUTOR ULYSSES;48,38;18,50;162,66;20,53;88,32;12,65;49,36;27,74;100,00;12,65;0,00;1,35
2021.0;3.0;2021-03-01;BRASPINE;QUEIMADINHO USUCAPIAO;PR;DOUTOR ULYSSES;200,27;92,43;162,66;20,53;88,32;12,65;49,36;27,74;100,00;12,65;0,00;1,35
2021.0;3.0;2021-03-01;BRASPINE;RAMOS;PR;SENGES;69,83;38,15;154,44;20,23;87,95;12,08;48,23;27,47;100,00;26,48;0,00;6,77
2021.0;3.0;2021-03-01;BRASPINE;RIBEIRAO GRANDE;PR;JAGUARIAIVA;20,77;20,77;138,90;20,20;85,94;11,24;48,63;26,97;99,74;25,14;0,00;14,21
2021.0;3.0;2021-03-01;BRASPINE;RINCAO DE BAIXO;;;;;139,05;20,46;84,21;11,52;47,89;27,50;99,78;54,56;0,00;0,30
2021.0;3.0;2021-03-01;BRASPINE;RIO BOMBA;PR;CERRO AZUL;65,03;37,72;162,05;21,62;86,60;13,08;46,61;29,57;100,00;13,08;0,00;0,72
2021.0;3.0;2021-03-01;BRASPINE;RIO DO MEIO;PR;DOUTOR ULYSSES;712,33;389,13;159,13;20,53;88,32;12,65;49,36;27,74;100,00;12,65;0,00;1,35
2021.0;3.0;2021-03-01;BRASPINE;RONDON;PR;JAGUARIAIVA;2899,24;1475,88;155,81;20,13;87,17;12,45;47,53;26,97;99,88;41,18;0,00;6,59
2021.0;3.0;2021-03-01;BRASPINE;SANTA FELICIDADE;;;;;174,22;21,79;88,71;13,93;49,99;29,72;100,00;13,93;0,00;2,69
2021.0;3.0;2021-03-01;BRASPINE;SANTA LIDIA DO CERCADINHO;;;;;138,66;20,14;84,17;11,25;48,36;27,01;99,80;68,85;0,00;4,56
2021.0;3.0;2021-03-01;BRASPINE;SANTO ANTONIO;;;;;173,22;20,23;87,26;12,76;45,55;27,18;100,00;27,69;0,00;2,76
2021.0;3.0;2021-03-01;BRASPINE;SAO JOSE;PR;JANDAIA DO SUL;37,56;37,56;191,42;23,40;78,82;15,07;37,40;31,11;100,00;0,00;0,00;4,31
2021.0;3.0;2021-03-01;BRASPINE;SAO MATHEUS;;;;;185,83;24,66;76,97;15,34;36,31;32,67;99,95;0,00;0,00;0,42
2021.0;3.0;2021-03-01;BRASPINE;SAO PEDRO E SAO PAULO;PR;SAPOPEMA;709,13;323,93;149,03;21,36;83,64;13,89;47,01;28,61;99,66;28,87;0,00;1,09
2021.0;3.0;2021-03-01;BRASPINE;SAO RAFAEL;;;;;157,97;20,45;84,81;11,16;45,81;27,83;99,77;39,05;0,00;3,74
2021.0;3.0;2021-03-01;BRASPINE;SAO RAFAEL - PB;;;;;193,71;20,65;89,31;13,03;49,45;28,08;100,00;13,03;0,00;0,57
2021.0;3.0;2021-03-01;BRASPINE;SERRARIA;PR;DOUTOR ULYSSES;280,88;117,71;148,36;20,39;88,30;12,34;47,17;27,82;100,00;12,34;0,00;1,75
2021.0;3.0;2021-03-01;BRASPINE;SERRO VERDE;;;;;142,12;20,00;82,33;10,89;42,36;27,54;99,91;91,05;0,00;15,87
2021.0;3.0;2021-03-01;BRASPINE;SERTAOZINHO;PR;DOUTOR ULYSSES;16,25;16,25;176,68;20,53;88,32;12,65;49,36;27,74;100,00;12,65;0,00;1,35
2021.0;3.0;2021-03-01;BRASPINE;SITIO BASILIO;PR;JAGUARIAIVA;8,08;8,08;140,66;20,10;85,89;11,93;49,71;26,82;99,76;39,75;0,00;8,85
2021.0;3.0;2021-03-01;BRASPINE;SITIO DAS MARRECAS;PR;DOUTOR ULYSSES;77,49;35,17;178,22;21,22;88,54;13,35;49,53;28,90;100,00;13,35;0,00;7,31
2021.0;3.0;2021-03-01;BRASPINE;SOBRADINHO;SP;BOM SUCESSO DE ITARARE;285,80;123,10;164,05;20,21;88,11;12,72;46,74;27,33;100,00;12,72;0,00;64,92
2021.0;3.0;2021-03-01;BRASPINE;TAQUARAL;PR;JAGUARIAIVA;519,13;31,07;157,32;20,28;86,83;12,63;48,36;27,07;100,00;41,10;0,00;0,25
2021.0;3.0;2021-03-01;BRASPINE;TUCUNDUVA;PR;SENGES;82,21;60,89;177,34;20,63;85,03;13,04;45,21;27,36;99,65;41,60;0,00;11,40
2021.0;3.0;2021-03-01;BRASPINE;TUCUNDUVA - CHAMMA;;;;;168,11;20,80;84,43;13,22;43,88;27,70;99,77;42,47;0,00;10,91
2021.0;3.0;2021-03-01;BRASPINE;VIENA 1;PR;DOUTOR ULYSSES;263,98;178,34;153,50;20,08;87,59;11,76;41,08;32,43;100,00;25,84;0,00;9,28
2021.0;3.0;2021-03-01;BRASPINE;VIENA 2;PR;CERRO AZUL;140,23;96,54;161,81;21,62;86,60;13,08;46,61;29,57;100,00;13,08;0,00;0,72
2021.0;3.0;2021-03-01;BRASPINE;VITORIA;PR;SENGES;50,54;35,69;168,97;20,12;86,91;12,67;45,92;26,94;99,86;41,93;0,00;9,58
2021.0;3.0;2021-03-01;BRASPINE;VIVEIRO;PR;DOUTOR ULYSSES;405,39;261,22;157,84;20,53;88,32;12,65;49,36;27,74;100,00;12,65;0,00;1,35
2021.0;3.0;2021-03-01;BRASPINE;VO LINO;PR;DOUTOR ULYSSES;164,50;97,89;146,61;20,66;88,48;12,69;47,99;28,20;100,00;12,69;0,00;10,84
2021.0;3.0;2021-03-01;BRASPINE;XAXIM VELHO;;;;;184,77;19,54;83,48;11,12;39,77;27,31;100,00;88,60;0,00;4,91
2021.0;4.0;2021-04-01;BRASPINE;AGUA DOCE;PR;JAGUARIAIVA;238,97;121,99;28,23;17,14;80,86;10,14;42,78;25,32;99,88;313,90;0,00;14,79
2021.0;4.0;2021-04-01;BRASPINE;AMATA;;;;;24,39;19,05;80,43;10,93;39,49;28,81;99,95;147,98;0,00;1,61
2021.0;4.0;2021-04-01;BRASPINE;ANTA BRAVA;;;;;15,08;20,38;73,53;14,24;33,62;29,77;98,72;43,40;0,00;13,82
2021.0;4.0;2021-04-01;BRASPINE;ARAPONGAS;PR;SENGES;423,34;263,70;21,91;17,32;83,65;10,51;39,76;26,32;100,00;277,68;0,00;17,74
2021.0;4.0;2021-04-01;BRASPINE;ARROIO CLARO;PR;DOUTOR ULYSSES;275,14;92,00;31,78;17,36;84,09;10,10;39,52;26,62;100,00;263,82;0,00;0,68
2021.0;4.0;2021-04-01;BRASPINE;BARRA GRANDE;PR;DOUTOR ULYSSES;493,79;139,68;22,42;17,92;83,60;11,18;39,26;27,36;100,00;258,32;0,00;14,26
2021.0;4.0;2021-04-01;BRASPINE;BARRA GRANDE - BEMAIS;PR;GUARAPUAVA;299,16;108,61;6,46;17,05;73,56;9,23;36,64;26,25;98,53;322,15;0,00;5,61
2021.0;4.0;2021-04-01;BRASPINE;BARRETOS;PR;JAGUARIAIVA;43,35;32,98;25,61;17,10;83,17;10,09;41,32;25,81;100,00;302,40;0,00;4,40
2021.0;4.0;2021-04-01;BRASPINE;BAU;;;;;10,49;17,09;72,72;8,68;33,68;26,08;98,22;351,85;0,00;1,68
2021.0;4.0;2021-04-01;BRASPINE;BOA VISTA II;PR;PIRAI DO SUL;944,00;535,05;25,42;17,02;82,23;9,84;42,46;25,55;99,98;356,58;0,00;5,88
2021.0;4.0;2021-04-01;BRASPINE;BRASILEIRA;;;;;22,48;17,32;83,65;10,51;39,76;26,32;100,00;277,68;0,00;17,74
2021.0;4.0;2021-04-01;BRASPINE;BURACAO;;;;;31,69;17,20;81,33;9,73;42,50;25,90;99,78;271,90;0,00;2,47
2021.0;4.0;2021-04-01;BRASPINE;BURRINHO;PR;DOUTOR ULYSSES;211,01;100,37;31,47;17,36;84,09;10,10;39,52;26,62;100,00;263,82;0,00;0,68
2021.0;4.0;2021-04-01;BRASPINE;CADEADO I;PR;JAGUARIAIVA;21,07;12,29;21,20;17,00;83,62;10,35;40,35;25,76;100,00;299,74;0,00;2,64
2021.0;4.0;2021-04-01;BRASPINE;CADEADO II;PR;JAGUARIAIVA;21,88;16,79;21,20;17,00;83,62;10,35;40,35;25,76;100,00;299,74;0,00;2,64
2021.0;4.0;2021-04-01;BRASPINE;CAMPINA ALTA;PR;TIBAGI;29,77;18,24;8,18;18,31;74,86;10,33;40,56;26,98;99,05;293,64;0,00;8,67
2021.0;4.0;2021-04-01;BRASPINE;CAMPINA DO ELIAS;PR;JAGUARIAIVA;29,17;14,65;24,72;17,06;83,33;10,18;40,97;25,79;100,00;301,43;0,00;3,74
2021.0;4.0;2021-04-01;BRASPINE;CAMPO NOVO;PR;JAGUARIAIVA;295,98;156,36;23,27;17,00;83,62;10,35;40,35;25,76;100,00;299,74;0,00;2,64
2021.0;4.0;2021-04-01;BRASPINE;CONSULTORIA II A;PR;DOUTOR ULYSSES;89,62;60,79;22,33;17,32;83,65;10,51;39,76;26,32;100,00;277,68;0,00;17,74
2021.0;4.0;2021-04-01;BRASPINE;DINIZ;;;;;19,15;17,32;83,65;10,51;39,76;26,32;100,00;277,68;0,00;17,74
2021.0;4.0;2021-04-01;BRASPINE;ENES;PR;JAGUARIAIVA;5,93;5,69;23,46;17,00;83,62;10,35;40,35;25,76;100,00;299,74;0,00;2,64
2021.0;4.0;2021-04-01;BRASPINE;ENGENHARIA;;;;;19,15;17,32;83,65;10,51;39,76;26,32;100,00;277,68;0,00;17,74
2021.0;4.0;2021-04-01;BRASPINE;ESTACAO;PR;SENGES;4,76;4,14;21,96;17,00;83,62;10,35;40,35;25,76;100,00;299,74;0,00;2,64
2021.0;4.0;2021-04-01;BRASPINE;FAXINAL;PR;JAGUARIAIVA;20,65;20,65;23,46;17,00;83,62;10,35;40,35;25,76;100,00;299,74;0,00;2,64
2021.0;4.0;2021-04-01;BRASPINE;FEITAL;PR;DOUTOR ULYSSES;154,17;86,53;23,60;17,52;83,63;10,73;39,59;26,66;100,00;251,35;0,00;339,83
2021.0;4.0;2021-04-01;BRASPINE;FIGUEIRA;PR;DOUTOR ULYSSES;1053,81;315,71;24,77;17,36;84,09;10,10;39,52;26,62;100,00;263,82;0,00;0,68
2021.0;4.0;2021-04-01;BRASPINE;FIGUEIRINHA;PR;DOUTOR ULYSSES;94,37;56,74;27,43;17,36;84,09;10,10;39,52;26,62;100,00;263,82;0,00;0,68
2021.0;4.0;2021-04-01;BRASPINE;FLOEMA;PR;DOUTOR ULYSSES;2189,88;701,43;29,61;16,79;83,99;9,68;40,20;25,63;100,00;310,61;0,00;8,18
2021.0;4.0;2021-04-01;BRASPINE;FLOEMA I - SUDATI;;;;;20,70;17,32;83,65;10,51;39,76;26,32;100,00;277,68;0,00;17,74
2021.0;4.0;2021-04-01;BRASPINE;FLOEMA II - SUDATI;PR;DOUTOR ULYSSES;453,83;211,13;21,67;17,32;83,65;10,51;39,76;26,32;100,00;277,68;0,00;17,74
2021.0;4.0;2021-04-01;BRASPINE;FLOR DA SERRA;PR;SAO JOSE DA BOA VISTA;209,10;128,72;10,20;19,65;71,13;12,14;36,61;28,58;98,18;195,26;0,00;209,13
2021.0;4.0;2021-04-01;BRASPINE;GENTIL;PR;JAGUARIAIVA;126,77;53,33;27,32;16,92;80,55;9,49;42,92;25,04;99,60;337,41;0,00;2,96
2021.0;4.0;2021-04-01;BRASPINE;GUAIRACA;PR;GUARAPUAVA;623,62;169,31;6,37;17,22;73,40;9,34;37,43;26,61;98,58;328,25;0,00;8,02
2021.0;4.0;2021-04-01;BRASPINE;HERVAL 2 - MADALOSSO;;;;;30,37;17,20;81,33;9,73;42,50;25,90;99,78;271,90;0,00;2,47
2021.0;4.0;2021-04-01;BRASPINE;HERVAL DE BAIXO;PR;RESERVA;827,29;475,92;6,31;18,28;74,70;9,72;39,58;27,11;98,85;302,05;0,00;7,93
2021.0;4.0;2021-04-01;BRASPINE;HORTO 01;PR;TURVO;19,12;19,12;5,93;17,87;72,51;9,49;33,69;27,19;98,77;284,64;0,00;3,31
2021.0;4.0;2021-04-01;BRASPINE;HORTO 02;PR;TURVO;4,24;4,24;5,83;17,87;72,51;9,49;33,69;27,19;98,77;284,64;0,00;3,31
2021.0;4.0;2021-04-01;BRASPINE;HORTO 03;PR;PRUDENTOPOLIS;80,91;25,89;6,56;18,41;71,48;10,52;33,11;27,86;98,65;284,30;0,00;0,30
2021.0;4.0;2021-04-01;BRASPINE;HORTO 08;PR;TURVO;9,53;9,53;6,20;18,41;71,48;10,52;33,11;27,86;98,65;284,30;0,00;0,30
2021.0;4.0;2021-04-01;BRASPINE;HORTO 12;PR;PRUDENTOPOLIS;12,20;12,20;7,01;18,41;71,48;10,52;33,11;27,86;98,65;284,30;0,00;0,30
2021.0;4.0;2021-04-01;BRASPINE;IZAU;PR;PIRAI DO SUL;19,37;11,60;28,02;16,90;81,43;9,85;42,36;25,35;99,67;369,60;0,00;9,97
2021.0;4.0;2021-04-01;BRASPINE;JOAO RICO;PR;JAGUARIAIVA;47,46;26,18;27,28;17,14;80,86;10,14;42,78;25,32;99,88;313,90;0,00;14,79
2021.0;4.0;2021-04-01;BRASPINE;LAGOA;PR;JAGUARIAIVA;24,10;10,78;24,34;17,00;83,62;10,35;40,35;25,76;100,00;299,74;0,00;2,64
2021.0;4.0;2021-04-01;BRASPINE;MARACANA;PR;JANDAIA DO SUL;11,45;11,45;5,87;21,13;61,69;11,34;26,89;30,63;97,90;109,56;0,00;2,55
2021.0;4.0;2021-04-01;BRASPINE;MARRECA;;;;;27,32;17,36;84,09;10,10;39,52;26,62;100,00;263,82;0,00;0,68
2021.0;4.0;2021-04-01;BRASPINE;MARRECA SP;SP;ITAPIRAPUA PAULISTA;675,30;236,19;29,72;18,19;83,84;10,72;38,98;28,03;100,00;231,58;0,00;1,82
2021.0;4.0;2021-04-01;BRASPINE;MARRECAS;;;;;6,88;16,48;74,64;8,69;38,34;25,64;98,67;324,59;0,00;9,80
2021.0;4.0;2021-04-01;BRASPINE;MERCADINHO;;;;;25,64;18,19;82,47;10,29;39,59;27,78;99,98;245,56;0,00;2,60
2021.0;4.0;2021-04-01;BRASPINE;MONTE ALEGRE;;;;;6,50;21,68;60,18;11,90;26,62;31,05;96,55;67,62;0,00;0,08
2021.0;4.0;2021-04-01;BRASPINE;MONTE TABOR II;;;;;24,25;17,35;85,83;10,82;42,53;26,35;100,00;253,42;0,00;9,78
2021.0;4.0;2021-04-01;BRASPINE;MOREIRA;PR;DOUTOR ULYSSES;230,52;68,68;21,67;17,32;83,65;10,51;39,76;26,32;100,00;277,68;0,00;17,74
2021.0;4.0;2021-04-01;BRASPINE;MOREIRAS II;PR;DOUTOR ULYSSES;66,76;28,75;22,44;17,32;83,65;10,51;39,76;26,32;100,00;277,68;0,00;17,74
2021.0;4.0;2021-04-01;BRASPINE;MORRETES;PR;ORTIGUEIRA;20,36;20,36;6,96;18,83;73,61;10,35;35,70;28,12;98,16;276,87;0,00;8,02
2021.0;4.0;2021-04-01;BRASPINE;MORRO AZUL;;;;;11,61;17,55;84,33;11,29;38,69;26,89;100,00;252,97;0,00;92,82
2021.0;4.0;2021-04-01;BRASPINE;OURO FINO;SP;APIAI;51,70;51,70;16,47;17,17;85,77;11,03;40,41;26,43;100,00;249,47;0,00;332,45
2021.0;4.0;2021-04-01;BRASPINE;PALMEIRINHA DE BAIXO - SOSSEGO;PR;SENGES;85,93;9,22;10,18;17,09;81,48;10,70;39,64;25,43;99,86;302,83;0,00;94,55
2021.0;4.0;2021-04-01;BRASPINE;PAZIN;PR;DOUTOR ULYSSES;41,20;23,90;25,44;17,36;84,09;10,10;39,52;26,62;100,00;263,82;0,00;0,68
2021.0;4.0;2021-04-01;BRASPINE;PEDRAS;PR;CASTRO;7,18;7,18;30,58;16,84;82,20;9,18;44,54;25,22;99,88;350,17;0,00;1,50
2021.0;4.0;2021-04-01;BRASPINE;PESCARIA;PR;SAO JOSE DA BOA VISTA;184,57;129,22;10,60;19,93;70,55;12,36;35,40;28,87;97,94;108,72;0,00;208,75
2021.0;4.0;2021-04-01;BRASPINE;PESSEGUEIRO;PR;DOUTOR ULYSSES;109,95;64,79;25,05;17,32;83,65;10,51;39,76;26,32;100,00;277,68;0,00;17,74
2021.0;4.0;2021-04-01;BRASPINE;PITANGA;;;;;9,87;18,09;70,20;8,34;30,85;27,13;97,12;311,39;0,00;0,26
2021.0;4.0;2021-04-01;BRASPINE;QUEIMADINHO ARROIO CLARO;PR;DOUTOR ULYSSES;48,13;19,09;22,48;17,32;83,65;10,51;39,76;26,32;100,00;277,68;0,00;17,74
2021.0;4.0;2021-04-01;BRASPINE;QUEIMADINHO M6042;PR;DOUTOR ULYSSES;48,38;18,50;22,48;17,32;83,65;10,51;39,76;26,32;100,00;277,68;0,00;17,74
2021.0;4.0;2021-04-01;BRASPINE;QUEIMADINHO USUCAPIAO;PR;DOUTOR ULYSSES;200,27;92,43;22,48;17,32;83,65;10,51;39,76;26,32;100,00;277,68;0,00;17,74
2021.0;4.0;2021-04-01;BRASPINE;RAMOS;PR;SENGES;69,83;38,15;20,70;17,00;83,62;10,35;40,35;25,76;100,00;299,74;0,00;2,64
2021.0;4.0;2021-04-01;BRASPINE;RIBEIRAO GRANDE;PR;JAGUARIAIVA;20,77;20,77;29,36;16,90;81,43;9,85;42,36;25,35;99,67;369,60;0,00;9,97
2021.0;4.0;2021-04-01;BRASPINE;RINCAO DE BAIXO;;;;;30,36;17,69;75,24;9,25;39,41;25,87;99,67;291,39;0,00;5,24
2021.0;4.0;2021-04-01;BRASPINE;RIO BOMBA;PR;CERRO AZUL;65,03;37,72;30,88;18,48;80,57;10,52;40,04;27,90;99,86;215,73;0,00;0,36
2021.0;4.0;2021-04-01;BRASPINE;RIO DO MEIO;PR;DOUTOR ULYSSES;712,33;389,13;22,45;17,32;83,65;10,51;39,76;26,32;100,00;277,68;0,00;17,74
2021.0;4.0;2021-04-01;BRASPINE;RONDON;PR;JAGUARIAIVA;2899,24;1475,88;17,18;17,03;82,04;10,13;41,36;25,32;99,89;314,96;0,00;5,90
2021.0;4.0;2021-04-01;BRASPINE;SANTA FELICIDADE;;;;;17,94;18,59;83,82;10,90;38,54;28,78;100,00;175,07;0,00;3,93
2021.0;4.0;2021-04-01;BRASPINE;SANTA LIDIA DO CERCADINHO;;;;;28,83;17,30;75,79;9,02;40,22;25,27;99,56;330,52;0,00;4,83
2021.0;4.0;2021-04-01;BRASPINE;SANTO ANTONIO;;;;;11,49;17,11;82,22;10,86;38,78;25,66;100,00;274,08;0,00;96,64
2021.0;4.0;2021-04-01;BRASPINE;SAO JOSE;PR;JANDAIA DO SUL;37,56;37,56;6,51;21,48;60,73;11,78;27,24;30,85;96,89;81,80;0,00;0,34
2021.0;4.0;2021-04-01;BRASPINE;SAO MATHEUS;;;;;13,51;22,78;58,59;11,61;25,95;32,08;94,94;39,32;0,00;9,10
2021.0;4.0;2021-04-01;BRASPINE;SAO PEDRO E SAO PAULO;PR;SAPOPEMA;709,13;323,93;9,27;18,76;71,25;11,21;37,13;27,69;99,58;247,40;0,00;3,11
2021.0;4.0;2021-04-01;BRASPINE;SAO RAFAEL;;;;;9,01;17,16;79,67;10,12;40,11;26,28;99,40;304,31;0,00;3,82
2021.0;4.0;2021-04-01;BRASPINE;SAO RAFAEL - PB;;;;;15,19;17,31;85,41;11,14;39,62;26,66;100,00;252,53;0,00;80,73
2021.0;4.0;2021-04-01;BRASPINE;SERRARIA;PR;DOUTOR ULYSSES;280,88;117,71;31,96;17,07;84,04;9,89;39,86;26,13;100,00;272,55;0,00;7,77
2021.0;4.0;2021-04-01;BRASPINE;SERRO VERDE;;;;;11,07;17,51;71,29;7,66;31,78;26,65;98,41;345,38;0,00;0,41
2021.0;4.0;2021-04-01;BRASPINE;SERTAOZINHO;PR;DOUTOR ULYSSES;16,25;16,25;20,81;17,32;83,65;10,51;39,76;26,32;100,00;277,68;0,00;17,74
2021.0;4.0;2021-04-01;BRASPINE;SITIO BASILIO;PR;JAGUARIAIVA;8,08;8,08;28,47;16,99;80,36;9,56;43,06;25,02;99,68;323,26;0,00;16,43
2021.0;4.0;2021-04-01;BRASPINE;SITIO DAS MARRECAS;PR;DOUTOR ULYSSES;77,49;35,17;28,30;17,95;83,91;10,54;39,14;27,63;100,00;258,09;0,00;347,52
2021.0;4.0;2021-04-01;BRASPINE;SOBRADINHO;SP;BOM SUCESSO DE ITARARE;285,80;123,10;10,89;17,01;83,61;11,00;39,08;25,75;99,99;287,57;0,00;328,22
2021.0;4.0;2021-04-01;BRASPINE;TAQUARAL;PR;JAGUARIAIVA;519,13;31,07;20,65;17,09;81,90;10,16;42,71;25,32;100,00;285,15;0,00;11,92
2021.0;4.0;2021-04-01;BRASPINE;TUCUNDUVA;PR;SENGES;82,21;60,89;18,87;17,81;77,22;10,60;40,29;26,06;99,02;248,27;0,00;336,51
2021.0;4.0;2021-04-01;BRASPINE;TUCUNDUVA - CHAMMA;;;;;13,38;18,04;76,53;11,20;38,59;26,28;98,48;254,83;0,00;72,14
2021.0;4.0;2021-04-01;BRASPINE;VIENA 1;PR;DOUTOR ULYSSES;263,98;178,34;29,11;16,73;83,55;10,20;42,00;25,29;100,00;339,33;0,00;6,99
2021.0;4.0;2021-04-01;BRASPINE;VIENA 2;PR;CERRO AZUL;140,23;96,54;30,98;18,48;80,57;10,52;40,04;27,90;99,86;215,73;0,00;0,36
2021.0;4.0;2021-04-01;BRASPINE;VITORIA;PR;SENGES;50,54;35,69;10,18;17,09;81,48;10,70;39,64;25,43;99,86;302,83;0,00;94,55
2021.0;4.0;2021-04-01;BRASPINE;VIVEIRO;PR;DOUTOR ULYSSES;405,39;261,22;22,44;17,32;83,65;10,51;39,76;26,32;100,00;277,68;0,00;17,74
2021.0;4.0;2021-04-01;BRASPINE;VO LINO;PR;DOUTOR ULYSSES;164,50;97,89;28,75;17,36;84,09;10,10;39,52;26,62;100,00;263,82;0,00;0,68
2021.0;4.0;2021-04-01;BRASPINE;XAXIM VELHO;;;;;13,56;16,53;75,79;8,63;37,00;26,13;98,79;345,18;0,00;1,56
2021.0;5.0;2021-05-01;BRASPINE;AGUA DOCE;PR;JAGUARIAIVA;238,97;121,99;60,26;15,83;75,65;6,16;32,67;24,97;99,85;346,81;0,00;13,23
2021.0;5.0;2021-05-01;BRASPINE;AMATA;;;;;77,65;16,96;81,40;4,70;39,59;27,62;99,98;333,22;4,70;0,41
2021.0;5.0;2021-05-01;BRASPINE;ANTA BRAVA;;;;;39,40;18,84;71,82;10,27;31,14;28,47;99,42;315,12;0,00;34,40
2021.0;5.0;2021-05-01;BRASPINE;ARAPONGAS;PR;SENGES;423,34;263,70;57,70;15,68;80,93;4,73;37,17;25,44;100,00;334,36;4,73;2,38
2021.0;5.0;2021-05-01;BRASPINE;ARROIO CLARO;PR;DOUTOR ULYSSES;275,14;92,00;68,88;15,74;81,82;4,67;38,16;25,74;100,00;338,39;4,67;0,68
2021.0;5.0;2021-05-01;BRASPINE;BARRA GRANDE;PR;DOUTOR ULYSSES;493,79;139,68;66,32;16,21;81,26;4,94;36,36;26,42;100,00;348,49;4,94;1,37
2021.0;5.0;2021-05-01;BRASPINE;BARRA GRANDE - BEMAIS;PR;GUARAPUAVA;299,16;108,61;71,74;14,89;75,59;3,84;34,63;25,31;99,92;299,39;8,31;0,15
2021.0;5.0;2021-05-01;BRASPINE;BARRETOS;PR;JAGUARIAIVA;43,35;32,98;64,71;15,66;78,99;6,28;34,55;25,16;99,98;338,09;0,00;15,39
2021.0;5.0;2021-05-01;BRASPINE;BAU;;;;;52,85;14,96;73,61;3,33;31,86;25,35;99,85;318,69;12,16;5,86
2021.0;5.0;2021-05-01;BRASPINE;BOA VISTA II;PR;PIRAI DO SUL;944,00;535,05;65,30;15,69;77,10;6,85;31,88;25,18;99,95;325,42;0,00;17,77
2021.0;5.0;2021-05-01;BRASPINE;BRASILEIRA;;;;;62,37;15,68;80,93;4,73;37,17;25,44;100,00;334,36;4,73;2,38
2021.0;5.0;2021-05-01;BRASPINE;BURACAO;;;;;69,90;15,40;78,95;3,90;36,81;25,04;99,74;324,11;3,90;1,49
2021.0;5.0;2021-05-01;BRASPINE;BURRINHO;PR;DOUTOR ULYSSES;211,01;100,37;68,94;15,74;81,82;4,67;38,16;25,74;100,00;338,39;4,67;0,68
2021.0;5.0;2021-05-01;BRASPINE;CADEADO I;PR;JAGUARIAIVA;21,07;12,29;61,58;15,43;80,44;4,78;36,24;24,91;100,00;325,69;4,78;2,80
2021.0;5.0;2021-05-01;BRASPINE;CADEADO II;PR;JAGUARIAIVA;21,88;16,79;61,58;15,43;80,44;4,78;36,24;24,91;100,00;325,69;4,78;2,80
2021.0;5.0;2021-05-01;BRASPINE;CAMPINA ALTA;PR;TIBAGI;29,77;18,24;95,78;16,38;75,25;3,63;37,76;26,69;99,88;335,64;3,63;0,59
2021.0;5.0;2021-05-01;BRASPINE;CAMPINA DO ELIAS;PR;JAGUARIAIVA;29,17;14,65;65,72;15,58;79,52;5,74;35,47;25,04;99,99;333,58;0,00;0,66
2021.0;5.0;2021-05-01;BRASPINE;CAMPO NOVO;PR;JAGUARIAIVA;295,98;156,36;58,17;15,43;80,44;4,78;36,24;24,91;100,00;325,69;4,78;2,80
2021.0;5.0;2021-05-01;BRASPINE;CONSULTORIA II A;PR;DOUTOR ULYSSES;89,62;60,79;62,34;15,68;80,93;4,73;37,17;25,44;100,00;334,36;4,73;2,38
2021.0;5.0;2021-05-01;BRASPINE;DINIZ;;;;;60,10;15,68;80,93;4,73;37,17;25,44;100,00;334,36;4,73;2,38
2021.0;5.0;2021-05-01;BRASPINE;ENES;PR;JAGUARIAIVA;5,93;5,69;58,29;15,43;80,44;4,78;36,24;24,91;100,00;325,69;4,78;2,80
2021.0;5.0;2021-05-01;BRASPINE;ENGENHARIA;;;;;60,10;15,68;80,93;4,73;37,17;25,44;100,00;334,36;4,73;2,38
2021.0;5.0;2021-05-01;BRASPINE;ESTACAO;PR;SENGES;4,76;4,14;61,67;15,43;80,44;4,78;36,24;24,91;100,00;325,69;4,78;2,80
2021.0;5.0;2021-05-01;BRASPINE;FAXINAL;PR;JAGUARIAIVA;20,65;20,65;58,29;15,43;80,44;4,78;36,24;24,91;100,00;325,69;4,78;2,80
2021.0;5.0;2021-05-01;BRASPINE;FEITAL;PR;DOUTOR ULYSSES;154,17;86,53;65,72;15,86;81,04;4,80;36,94;25,76;100,00;339,05;4,80;2,04
2021.0;5.0;2021-05-01;BRASPINE;FIGUEIRA;PR;DOUTOR ULYSSES;1053,81;315,71;65,70;15,74;81,82;4,67;38,16;25,74;100,00;338,39;4,67;0,68
2021.0;5.0;2021-05-01;BRASPINE;FIGUEIRINHA;PR;DOUTOR ULYSSES;94,37;56,74;76,38;15,74;81,82;4,67;38,16;25,74;100,00;338,39;4,67;0,68
2021.0;5.0;2021-05-01;BRASPINE;FLOEMA;PR;DOUTOR ULYSSES;2189,88;701,43;67,72;15,24;81,07;4,64;37,50;24,79;100,00;325,24;4,64;4,16
2021.0;5.0;2021-05-01;BRASPINE;FLOEMA I - SUDATI;;;;;60,77;15,68;80,93;4,73;37,17;25,44;100,00;334,36;4,73;2,38
2021.0;5.0;2021-05-01;BRASPINE;FLOEMA II - SUDATI;PR;DOUTOR ULYSSES;453,83;211,13;59,57;15,68;80,93;4,73;37,17;25,44;100,00;334,36;4,73;2,38
2021.0;5.0;2021-05-01;BRASPINE;FLOR DA SERRA;PR;SAO JOSE DA BOA VISTA;209,10;128,72;57,41;17,61;71,25;6,11;32,38;27,45;99,52;342,08;0,00;0,23
2021.0;5.0;2021-05-01;BRASPINE;GENTIL;PR;JAGUARIAIVA;126,77;53,33;60,97;15,62;75,36;6,57;32,98;24,66;99,82;343,80;0,00;11,53
2021.0;5.0;2021-05-01;BRASPINE;GUAIRACA;PR;GUARAPUAVA;623,62;169,31;72,98;14,99;75,35;4,15;34,35;25,69;99,87;300,88;8,67;5,50
2021.0;5.0;2021-05-01;BRASPINE;HERVAL 2 - MADALOSSO;;;;;67,96;15,40;78,95;3,90;36,81;25,04;99,74;324,11;3,90;1,49
2021.0;5.0;2021-05-01;BRASPINE;HERVAL DE BAIXO;PR;RESERVA;827,29;475,92;118,81;16,25;75,78;3,52;36,75;26,79;99,79;309,38;3,52;10,17
2021.0;5.0;2021-05-01;BRASPINE;HORTO 01;PR;TURVO;19,12;19,12;68,87;15,69;74,17;3,54;34,45;26,51;99,58;299,72;8,36;9,80
2021.0;5.0;2021-05-01;BRASPINE;HORTO 02;PR;TURVO;4,24;4,24;66,40;15,69;74,17;3,54;34,45;26,51;99,58;299,72;8,36;9,80
2021.0;5.0;2021-05-01;BRASPINE;HORTO 03;PR;PRUDENTOPOLIS;80,91;25,89;75,57;16,04;74,59;3,38;33,41;27,13;99,92;320,55;3,38;0,61
2021.0;5.0;2021-05-01;BRASPINE;HORTO 08;PR;TURVO;9,53;9,53;62,58;16,04;74,59;3,38;33,41;27,13;99,92;320,55;3,38;0,61
2021.0;5.0;2021-05-01;BRASPINE;HORTO 12;PR;PRUDENTOPOLIS;12,20;12,20;75,91;16,04;74,59;3,38;33,41;27,13;99,92;320,55;3,38;0,61
2021.0;5.0;2021-05-01;BRASPINE;IZAU;PR;PIRAI DO SUL;19,37;11,60;62,52;15,62;76,23;6,44;31,94;24,94;99,74;330,42;0,00;1,15
2021.0;5.0;2021-05-01;BRASPINE;JOAO RICO;PR;JAGUARIAIVA;47,46;26,18;61,07;15,83;75,65;6,16;32,67;24,97;99,85;346,81;0,00;13,23
2021.0;5.0;2021-05-01;BRASPINE;LAGOA;PR;JAGUARIAIVA;24,10;10,78;62,85;15,43;80,44;4,78;36,24;24,91;100,00;325,69;4,78;2,80
2021.0;5.0;2021-05-01;BRASPINE;MARACANA;PR;JANDAIA DO SUL;11,45;11,45;111,45;19,03;65,54;7,48;24,88;29,41;99,98;211,12;0,00;3,15
2021.0;5.0;2021-05-01;BRASPINE;MARRECA;;;;;70,50;15,74;81,82;4,67;38,16;25,74;100,00;338,39;4,67;0,68
2021.0;5.0;2021-05-01;BRASPINE;MARRECA SP;SP;ITAPIRAPUA PAULISTA;675,30;236,19;79,29;16,45;82,27;4,19;37,34;27,04;100,00;338,43;4,19;3,04
2021.0;5.0;2021-05-01;BRASPINE;MARRECAS;;;;;66,75;14,39;75,93;4,10;35,50;24,66;99,89;301,49;8,26;1,06
2021.0;5.0;2021-05-01;BRASPINE;MERCADINHO;;;;;75,67;16,33;82,04;4,67;38,86;26,79;100,00;335,47;4,67;1,41
2021.0;5.0;2021-05-01;BRASPINE;MONTE ALEGRE;;;;;113,00;19,41;65,44;7,85;23,98;30,00;99,97;200,50;0,00;12,95
2021.0;5.0;2021-05-01;BRASPINE;MONTE TABOR II;;;;;67,66;15,68;83,88;4,76;38,48;25,35;100,00;339,43;4,76;8,14
2021.0;5.0;2021-05-01;BRASPINE;MOREIRA;PR;DOUTOR ULYSSES;230,52;68,68;59,57;15,68;80,93;4,73;37,17;25,44;100,00;334,36;4,73;2,38
2021.0;5.0;2021-05-01;BRASPINE;MOREIRAS II;PR;DOUTOR ULYSSES;66,76;28,75;62,75;15,68;80,93;4,73;37,17;25,44;100,00;334,36;4,73;2,38
2021.0;5.0;2021-05-01;BRASPINE;MORRETES;PR;ORTIGUEIRA;20,36;20,36;112,14;16,71;75,36;3,89;34,49;27,63;99,75;299,80;3,89;9,01
2021.0;5.0;2021-05-01;BRASPINE;MORRO AZUL;;;;;64,85;15,99;81,00;5,45;34,29;25,69;100,00;344,21;0,00;28,68
2021.0;5.0;2021-05-01;BRASPINE;OURO FINO;SP;APIAI;51,70;51,70;67,17;15,68;82,31;5,36;35,65;25,21;100,00;339,33;0,00;24,75
2021.0;5.0;2021-05-01;BRASPINE;PALMEIRINHA DE BAIXO - SOSSEGO;PR;SENGES;85,93;9,22;67,17;15,61;77,31;5,18;31,50;24,78;99,86;335,03;0,00;94,19
2021.0;5.0;2021-05-01;BRASPINE;PAZIN;PR;DOUTOR ULYSSES;41,20;23,90;70,37;15,74;81,82;4,67;38,16;25,74;100,00;338,39;4,67;0,68
2021.0;5.0;2021-05-01;BRASPINE;PEDRAS;PR;CASTRO;7,18;7,18;68,92;15,46;77,24;6,21;33,58;24,95;99,96;334,00;0,00;3,27
2021.0;5.0;2021-05-01;BRASPINE;PESCARIA;PR;SAO JOSE DA BOA VISTA;184,57;129,22;63,87;17,86;70,77;7,03;31,17;27,93;99,29;337,61;0,00;28,02
2021.0;5.0;2021-05-01;BRASPINE;PESSEGUEIRO;PR;DOUTOR ULYSSES;109,95;64,79;63,84;15,68;80,93;4,73;37,17;25,44;100,00;334,36;4,73;2,38
2021.0;5.0;2021-05-01;BRASPINE;PITANGA;;;;;48,67;15,82;72,41;3,08;33,33;26,32;99,62;322,42;12,90;1,05
2021.0;5.0;2021-05-01;BRASPINE;QUEIMADINHO ARROIO CLARO;PR;DOUTOR ULYSSES;48,13;19,09;62,37;15,68;80,93;4,73;37,17;25,44;100,00;334,36;4,73;2,38
2021.0;5.0;2021-05-01;BRASPINE;QUEIMADINHO M6042;PR;DOUTOR ULYSSES;48,38;18,50;62,37;15,68;80,93;4,73;37,17;25,44;100,00;334,36;4,73;2,38
2021.0;5.0;2021-05-01;BRASPINE;QUEIMADINHO USUCAPIAO;PR;DOUTOR ULYSSES;200,27;92,43;62,37;15,68;80,93;4,73;37,17;25,44;100,00;334,36;4,73;2,38
2021.0;5.0;2021-05-01;BRASPINE;RAMOS;PR;SENGES;69,83;38,15;60,77;15,43;80,44;4,78;36,24;24,91;100,00;325,69;4,78;2,80
2021.0;5.0;2021-05-01;BRASPINE;RIBEIRAO GRANDE;PR;JAGUARIAIVA;20,77;20,77;61,24;15,62;76,23;6,44;31,94;24,94;99,74;330,42;0,00;1,15
2021.0;5.0;2021-05-01;BRASPINE;RINCAO DE BAIXO;;;;;64,64;16,03;72,87;5,12;33,59;25,71;99,96;320,85;0,00;4,55
2021.0;5.0;2021-05-01;BRASPINE;RIO BOMBA;PR;CERRO AZUL;65,03;37,72;74,93;16,43;81,45;4,46;40,28;26,84;99,96;331,54;4,46;2,08
2021.0;5.0;2021-05-01;BRASPINE;RIO DO MEIO;PR;DOUTOR ULYSSES;712,33;389,13;62,65;15,68;80,93;4,73;37,17;25,44;100,00;334,36;4,73;2,38
2021.0;5.0;2021-05-01;BRASPINE;RONDON;PR;JAGUARIAIVA;2899,24;1475,88;55,20;15,57;77,76;4,88;34,43;24,68;99,93;332,81;4,88;3,45
2021.0;5.0;2021-05-01;BRASPINE;SANTA FELICIDADE;;;;;77,46;16,76;82,69;4,32;36,63;27,70;100,00;327,16;4,32;1,71
2021.0;5.0;2021-05-01;BRASPINE;SANTA LIDIA DO CERCADINHO;;;;;68,50;15,72;72,91;5,42;33,16;25,15;99,92;315,03;0,00;6,40
2021.0;5.0;2021-05-01;BRASPINE;SANTO ANTONIO;;;;;66,78;15,60;78,25;4,82;30,04;24,94;100,00;332,39;4,82;30,31
2021.0;5.0;2021-05-01;BRASPINE;SAO JOSE;PR;JANDAIA DO SUL;37,56;37,56;112,77;19,27;65,66;7,74;24,28;29,79;99,98;213,87;0,00;0,12
2021.0;5.0;2021-05-01;BRASPINE;SAO MATHEUS;;;;;83,78;20,19;65,32;7,37;24,06;31,28;99,93;187,62;0,00;8,25
2021.0;5.0;2021-05-01;BRASPINE;SAO PEDRO E SAO PAULO;PR;SAPOPEMA;709,13;323,93;97,75;17,25;69,79;6,93;32,89;26,26;99,69;309,37;0,00;0,39
2021.0;5.0;2021-05-01;BRASPINE;SAO RAFAEL;;;;;94,82;15,16;77,80;5,95;38,40;25,27;99,73;321,62;0,00;1,33
2021.0;5.0;2021-05-01;BRASPINE;SAO RAFAEL - PB;;;;;68,72;15,83;81,98;5,49;35,03;25,44;100,00;343,86;0,00;25,09
2021.0;5.0;2021-05-01;BRASPINE;SERRARIA;PR;DOUTOR ULYSSES;280,88;117,71;67,95;15,49;81,44;4,66;37,98;25,26;100,00;331,82;4,66;2,85
2021.0;5.0;2021-05-01;BRASPINE;SERRO VERDE;;;;;45,86;15,24;73,10;2,86;30,77;25,93;99,86;308,85;11,30;1,50
2021.0;5.0;2021-05-01;BRASPINE;SERTAOZINHO;PR;DOUTOR ULYSSES;16,25;16,25;61,95;15,68;80,93;4,73;37,17;25,44;100,00;334,36;4,73;2,38
2021.0;5.0;2021-05-01;BRASPINE;SITIO BASILIO;PR;JAGUARIAIVA;8,08;8,08;60,04;15,68;75,17;6,38;33,22;24,66;99,82;344,02;0,00;3,76
2021.0;5.0;2021-05-01;BRASPINE;SITIO DAS MARRECAS;PR;DOUTOR ULYSSES;77,49;35,17;76,76;16,24;82,14;4,33;37,57;26,67;100,00;334,19;4,33;3,30
2021.0;5.0;2021-05-01;BRASPINE;SOBRADINHO;SP;BOM SUCESSO DE ITARARE;285,80;123,10;66,44;15,51;79,74;5,24;30,64;24,78;100,00;331,70;0,00;102,25
2021.0;5.0;2021-05-01;BRASPINE;TAQUARAL;PR;JAGUARIAIVA;519,13;31,07;57,83;15,73;76,91;5,76;33,56;24,91;99,99;340,80;0,00;9,12
2021.0;5.0;2021-05-01;BRASPINE;TUCUNDUVA;PR;SENGES;82,21;60,89;59,48;16,11;74,45;4,42;33,05;25,35;99,66;325,05;4,42;77,08
2021.0;5.0;2021-05-01;BRASPINE;TUCUNDUVA - CHAMMA;;;;;60,60;16,33;73,98;5,69;32,64;25,59;99,30;336,58;0,00;80,49
2021.0;5.0;2021-05-01;BRASPINE;VIENA 1;PR;DOUTOR ULYSSES;263,98;178,34;69,42;15,21;80,04;4,07;37,24;24,54;100,00;322,92;4,07;0,93
2021.0;5.0;2021-05-01;BRASPINE;VIENA 2;PR;CERRO AZUL;140,23;96,54;74,97;16,43;81,45;4,46;40,28;26,84;99,96;331,54;4,46;2,08
2021.0;5.0;2021-05-01;BRASPINE;VITORIA;PR;SENGES;50,54;35,69;67,17;15,61;77,31;5,18;31,50;24,78;99,86;335,03;0,00;94,19
2021.0;5.0;2021-05-01;BRASPINE;VIVEIRO;PR;DOUTOR ULYSSES;405,39;261,22;62,75;15,68;80,93;4,73;37,17;25,44;100,00;334,36;4,73;2,38
2021.0;5.0;2021-05-01;BRASPINE;VO LINO;PR;DOUTOR ULYSSES;164,50;97,89;69,42;15,74;81,82;4,67;38,16;25,74;100,00;338,39;4,67;0,68
2021.0;5.0;2021-05-01;BRASPINE;XAXIM VELHO;;;;;66,33;14,46;76,38;5,06;35,55;25,16;99,97;308,22;0,00;0,22
2021.0;6.0;2021-06-01;BRASPINE;AGUA DOCE;PR;JAGUARIAIVA;238,97;121,99;69,58;13,71;83,35;1,13;41,13;23,01;99,84;307,77;2,94;1,10
2021.0;6.0;2021-06-01;BRASPINE;AMATA;;;;;94,37;14,95;86,50;2,58;43,49;25,68;100,00;306,49;6,48;0,17
2021.0;6.0;2021-06-01;BRASPINE;ANTA BRAVA;;;;;29,35;17,12;77,44;4,77;36,27;26,96;99,65;229,58;4,77;14,92
2021.0;6.0;2021-06-01;BRASPINE;ARAPONGAS;PR;SENGES;423,34;263,70;77,31;13,97;86,04;1,75;43,51;23,54;100,00;317,30;4,77;2,91
2021.0;6.0;2021-06-01;BRASPINE;ARROIO CLARO;PR;DOUTOR ULYSSES;275,14;92,00;86,38;13,99;87,03;1,81;44,46;23,83;100,00;320,36;4,87;2,03
2021.0;6.0;2021-06-01;BRASPINE;BARRA GRANDE;PR;DOUTOR ULYSSES;493,79;139,68;90,05;14,37;86,54;2,02;43,18;24,34;100,00;325,02;5,51;2,31
2021.0;6.0;2021-06-01;BRASPINE;BARRA GRANDE - BEMAIS;PR;GUARAPUAVA;299,16;108,61;112,92;12,78;86,37;0,18;48,86;22,40;99,96;268,62;3,49;8,97
2021.0;6.0;2021-06-01;BRASPINE;BARRETOS;PR;JAGUARIAIVA;43,35;32,98;79,57;13,81;85,00;1,09;42,77;23,42;99,98;298,10;2,99;9,20
2021.0;6.0;2021-06-01;BRASPINE;BAU;;;;;115,76;12,85;85,34;-0,93;44,42;22,47;100,00;278,19;3,91;4,34
2021.0;6.0;2021-06-01;BRASPINE;BOA VISTA II;PR;PIRAI DO SUL;944,00;535,05;77,16;13,67;84,29;0,76;41,63;23,31;99,96;291,72;2,14;8,87
2021.0;6.0;2021-06-01;BRASPINE;BRASILEIRA;;;;;85,19;13,97;86,04;1,75;43,51;23,54;100,00;317,30;4,77;2,91
2021.0;6.0;2021-06-01;BRASPINE;BURACAO;;;;;92,08;13,67;85,34;1,07;43,67;23,56;99,99;311,26;2,57;8,21
2021.0;6.0;2021-06-01;BRASPINE;BURRINHO;PR;DOUTOR ULYSSES;211,01;100,37;86,46;13,99;87,03;1,81;44,46;23,83;100,00;320,36;4,87;2,03
2021.0;6.0;2021-06-01;BRASPINE;CADEADO I;PR;JAGUARIAIVA;21,07;12,29;79,98;13,73;85,57;1,43;43,73;23,23;100,00;309,03;3,90;8,86
2021.0;6.0;2021-06-01;BRASPINE;CADEADO II;PR;JAGUARIAIVA;21,88;16,79;79,98;13,73;85,57;1,43;43,73;23,23;100,00;309,03;3,90;8,86
2021.0;6.0;2021-06-01;BRASPINE;CAMPINA ALTA;PR;TIBAGI;29,77;18,24;84,98;14,20;84,91;1,20;47,47;24,33;99,92;299,50;7,52;9,11
2021.0;6.0;2021-06-01;BRASPINE;CAMPINA DO ELIAS;PR;JAGUARIAIVA;29,17;14,65;77,23;13,79;85,21;1,22;43,12;23,35;99,99;311,65;3,33;9,08
2021.0;6.0;2021-06-01;BRASPINE;CAMPO NOVO;PR;JAGUARIAIVA;295,98;156,36;76,06;13,73;85,57;1,43;43,73;23,23;100,00;309,03;3,90;8,86
2021.0;6.0;2021-06-01;BRASPINE;CONSULTORIA II A;PR;DOUTOR ULYSSES;89,62;60,79;82,52;13,97;86,04;1,75;43,51;23,54;100,00;317,30;4,77;2,91
2021.0;6.0;2021-06-01;BRASPINE;DINIZ;;;;;93,28;13,97;86,04;1,75;43,51;23,54;100,00;317,30;4,77;2,91
2021.0;6.0;2021-06-01;BRASPINE;ENES;PR;JAGUARIAIVA;5,93;5,69;75,97;13,73;85,57;1,43;43,73;23,23;100,00;309,03;3,90;8,86
2021.0;6.0;2021-06-01;BRASPINE;ENGENHARIA;;;;;93,28;13,97;86,04;1,75;43,51;23,54;100,00;317,30;4,77;2,91
2021.0;6.0;2021-06-01;BRASPINE;ESTACAO;PR;SENGES;4,76;4,14;85,37;13,73;85,57;1,43;43,73;23,23;100,00;309,03;3,90;8,86
2021.0;6.0;2021-06-01;BRASPINE;FAXINAL;PR;JAGUARIAIVA;20,65;20,65;75,97;13,73;85,57;1,43;43,73;23,23;100,00;309,03;3,90;8,86
2021.0;6.0;2021-06-01;BRASPINE;FEITAL;PR;DOUTOR ULYSSES;154,17;86,53;88,09;14,10;86,21;1,84;43,40;23,81;100,00;319,92;5,02;0,61
2021.0;6.0;2021-06-01;BRASPINE;FIGUEIRA;PR;DOUTOR ULYSSES;1053,81;315,71;86,86;13,99;87,03;1,81;44,46;23,83;100,00;320,36;4,87;2,03
2021.0;6.0;2021-06-01;BRASPINE;FIGUEIRINHA;PR;DOUTOR ULYSSES;94,37;56,74;93,31;13,99;87,03;1,81;44,46;23,83;100,00;320,36;4,87;2,03
2021.0;6.0;2021-06-01;BRASPINE;FLOEMA;PR;DOUTOR ULYSSES;2189,88;701,43;78,63;13,58;86,38;1,45;44,56;23,09;100,00;309,06;3,97;1,73
2021.0;6.0;2021-06-01;BRASPINE;FLOEMA I - SUDATI;;;;;84,91;13,97;86,04;1,75;43,51;23,54;100,00;317,30;4,77;2,91
2021.0;6.0;2021-06-01;BRASPINE;FLOEMA II - SUDATI;PR;DOUTOR ULYSSES;453,83;211,13;85,32;13,97;86,04;1,75;43,51;23,54;100,00;317,30;4,77;2,91
2021.0;6.0;2021-06-01;BRASPINE;FLOR DA SERRA;PR;SAO JOSE DA BOA VISTA;209,10;128,72;94,79;15,54;79,47;2,66;40,07;25,20;99,69;314,52;7,62;5,89
2021.0;6.0;2021-06-01;BRASPINE;GENTIL;PR;JAGUARIAIVA;126,77;53,33;68,55;13,50;83,48;0,96;40,76;22,73;99,74;302,65;2,43;7,84
2021.0;6.0;2021-06-01;BRASPINE;GUAIRACA;PR;GUARAPUAVA;623,62;169,31;133,37;12,84;86,33;0,08;49,57;22,78;99,99;270,47;12,98;3,18
2021.0;6.0;2021-06-01;BRASPINE;HERVAL 2 - MADALOSSO;;;;;92,53;13,67;85,34;1,07;43,67;23,56;99,99;311,26;2,57;8,21
2021.0;6.0;2021-06-01;BRASPINE;HERVAL DE BAIXO;PR;RESERVA;827,29;475,92;103,19;14,09;85,53;0,87;47,61;24,41;99,86;290,21;12,14;6,34
2021.0;6.0;2021-06-01;BRASPINE;HORTO 01;PR;TURVO;19,12;19,12;122,09;13,36;85,96;0,02;47,60;23,35;99,81;261,97;8,12;0,17
2021.0;6.0;2021-06-01;BRASPINE;HORTO 02;PR;TURVO;4,24;4,24;120,41;13,36;85,96;0,02;47,60;23,35;99,81;261,97;8,12;0,17
2021.0;6.0;2021-06-01;BRASPINE;HORTO 03;PR;PRUDENTOPOLIS;80,91;25,89;124,37;13,72;85,91;0,33;47,85;23,94;99,92;286,14;5,35;11,21
2021.0;6.0;2021-06-01;BRASPINE;HORTO 08;PR;TURVO;9,53;9,53;113,54;13,72;85,91;0,33;47,85;23,94;99,92;286,14;5,35;11,21
2021.0;6.0;2021-06-01;BRASPINE;HORTO 12;PR;PRUDENTOPOLIS;12,20;12,20;121,81;13,72;85,91;0,33;47,85;23,94;99,92;286,14;5,35;11,21
2021.0;6.0;2021-06-01;BRASPINE;IZAU;PR;PIRAI DO SUL;19,37;11,60;64,00;13,54;84,06;0,71;40,71;23,01;99,76;306,26;1,82;2,02
2021.0;6.0;2021-06-01;BRASPINE;JOAO RICO;PR;JAGUARIAIVA;47,46;26,18;69,17;13,71;83,35;1,13;41,13;23,01;99,84;307,77;2,94;1,10
2021.0;6.0;2021-06-01;BRASPINE;LAGOA;PR;JAGUARIAIVA;24,10;10,78;81,63;13,73;85,57;1,43;43,73;23,23;100,00;309,03;3,90;8,86
2021.0;6.0;2021-06-01;BRASPINE;MARACANA;PR;JANDAIA DO SUL;11,45;11,45;58,11;16,36;79,04;2,23;42,41;26,08;99,88;247,13;5,38;2,18
2021.0;6.0;2021-06-01;BRASPINE;MARRECA;;;;;88,71;13,99;87,03;1,81;44,46;23,83;100,00;320,36;4,87;2,03
2021.0;6.0;2021-06-01;BRASPINE;MARRECA SP;SP;ITAPIRAPUA PAULISTA;675,30;236,19;92,65;14,54;87,46;2,15;43,89;24,94;100,00;315,60;5,77;1,29
2021.0;6.0;2021-06-01;BRASPINE;MARRECAS;;;;;122,21;12,34;86,61;-0,28;48,98;21,84;99,99;257,80;15,83;6,12
2021.0;6.0;2021-06-01;BRASPINE;MERCADINHO;;;;;88,44;14,44;87,07;2,26;43,85;24,76;100,00;327,62;5,82;2,72
2021.0;6.0;2021-06-01;BRASPINE;MONTE ALEGRE;;;;;59,43;16,71;78,94;2,70;42,37;26,62;99,70;239,91;6,28;3,85
2021.0;6.0;2021-06-01;BRASPINE;MONTE TABOR II;;;;;97,40;14,03;88,52;0,67;45,89;23,43;100,00;317,76;5,40;6,14
2021.0;6.0;2021-06-01;BRASPINE;MOREIRA;PR;DOUTOR ULYSSES;230,52;68,68;85,32;13,97;86,04;1,75;43,51;23,54;100,00;317,30;4,77;2,91
2021.0;6.0;2021-06-01;BRASPINE;MOREIRAS II;PR;DOUTOR ULYSSES;66,76;28,75;82,10;13,97;86,04;1,75;43,51;23,54;100,00;317,30;4,77;2,91
2021.0;6.0;2021-06-01;BRASPINE;MORRETES;PR;ORTIGUEIRA;20,36;20,36;89,48;14,44;85,42;0,19;44,81;25,27;99,85;294,19;7,32;4,89
2021.0;6.0;2021-06-01;BRASPINE;MORRO AZUL;;;;;102,22;14,16;86,06;1,87;42,42;23,86;100,00;319,03;5,31;0,44
2021.0;6.0;2021-06-01;BRASPINE;OURO FINO;SP;APIAI;51,70;51,70;104,05;13,94;87,20;1,70;43,66;23,58;100,00;317,84;5,62;4,76
2021.0;6.0;2021-06-01;BRASPINE;PALMEIRINHA DE BAIXO - SOSSEGO;PR;SENGES;85,93;9,22;90,64;13,80;83,30;1,69;41,68;22,63;99,84;312,29;4,72;31,56
2021.0;6.0;2021-06-01;BRASPINE;PAZIN;PR;DOUTOR ULYSSES;41,20;23,90;91,61;13,99;87,03;1,81;44,46;23,83;100,00;320,36;4,87;2,03
2021.0;6.0;2021-06-01;BRASPINE;PEDRAS;PR;CASTRO;7,18;7,18;71,65;13,45;84,76;0,31;43,33;23,12;99,74;298,85;1,03;0,24
2021.0;6.0;2021-06-01;BRASPINE;PESCARIA;PR;SAO JOSE DA BOA VISTA;184,57;129,22;90,65;15,72;78,89;2,80;36,82;25,43;99,73;258,16;2,80;5,31
2021.0;6.0;2021-06-01;BRASPINE;PESSEGUEIRO;PR;DOUTOR ULYSSES;109,95;64,79;87,65;13,97;86,04;1,75;43,51;23,54;100,00;317,30;4,77;2,91
2021.0;6.0;2021-06-01;BRASPINE;PITANGA;;;;;121,57;13,54;84,41;-0,48;43,01;23,40;100,00;292,89;6,18;0,58
2021.0;6.0;2021-06-01;BRASPINE;QUEIMADINHO ARROIO CLARO;PR;DOUTOR ULYSSES;48,13;19,09;85,19;13,97;86,04;1,75;43,51;23,54;100,00;317,30;4,77;2,91
2021.0;6.0;2021-06-01;BRASPINE;QUEIMADINHO M6042;PR;DOUTOR ULYSSES;48,38;18,50;85,19;13,97;86,04;1,75;43,51;23,54;100,00;317,30;4,77;2,91
2021.0;6.0;2021-06-01;BRASPINE;QUEIMADINHO USUCAPIAO;PR;DOUTOR ULYSSES;200,27;92,43;85,19;13,97;86,04;1,75;43,51;23,54;100,00;317,30;4,77;2,91
2021.0;6.0;2021-06-01;BRASPINE;RAMOS;PR;SENGES;69,83;38,15;84,91;13,73;85,57;1,43;43,73;23,23;100,00;309,03;3,90;8,86
2021.0;6.0;2021-06-01;BRASPINE;RIBEIRAO GRANDE;PR;JAGUARIAIVA;20,77;20,77;65,84;13,54;84,06;0,71;40,71;23,01;99,76;306,26;1,82;2,02
2021.0;6.0;2021-06-01;BRASPINE;RINCAO DE BAIXO;;;;;63,88;13,79;82,63;0,89;42,88;23,44;99,99;295,72;2,22;3,29
2021.0;6.0;2021-06-01;BRASPINE;RIO BOMBA;PR;CERRO AZUL;65,03;37,72;85,16;14,54;86,44;2,40;43,72;24,96;99,99;310,13;6,02;10,33
2021.0;6.0;2021-06-01;BRASPINE;RIO DO MEIO;PR;DOUTOR ULYSSES;712,33;389,13;82,94;13,97;86,04;1,75;43,51;23,54;100,00;317,30;4,77;2,91
2021.0;6.0;2021-06-01;BRASPINE;RONDON;PR;JAGUARIAIVA;2899,24;1475,88;72,15;13,70;83,99;1,51;42,75;22,77;99,86;307,58;4,14;9,28
2021.0;6.0;2021-06-01;BRASPINE;SANTA FELICIDADE;;;;;97,24;14,78;87,88;2,34;43,63;25,53;100,00;316,31;6,32;1,01
2021.0;6.0;2021-06-01;BRASPINE;SANTA LIDIA DO CERCADINHO;;;;;65,54;13,54;82,59;0,78;42,70;22,92;99,99;292,62;1,96;2,59
2021.0;6.0;2021-06-01;BRASPINE;SANTO ANTONIO;;;;;93,09;13,83;83,80;1,72;41,25;22,79;100,00;311,74;4,94;28,56
2021.0;6.0;2021-06-01;BRASPINE;SAO JOSE;PR;JANDAIA DO SUL;37,56;37,56;58,98;16,59;79,06;2,62;42,56;26,42;99,81;253,09;6,12;4,31
2021.0;6.0;2021-06-01;BRASPINE;SAO MATHEUS;;;;;64,50;17,40;78,86;2,52;41,28;28,07;99,57;198,56;6,67;0,65
2021.0;6.0;2021-06-01;BRASPINE;SAO PEDRO E SAO PAULO;PR;SAPOPEMA;709,13;323,93;63,82;14,84;80,82;1,73;43,48;24,26;99,70;303,18;5,04;1,49
2021.0;6.0;2021-06-01;BRASPINE;SAO RAFAEL;;;;;113,08;13,24;85,09;0,67;48,49;23,43;100,00;294,38;10,32;8,70
2021.0;6.0;2021-06-01;BRASPINE;SAO RAFAEL - PB;;;;;115,38;14,05;86,91;1,78;43,18;23,74;100,00;321,55;5,57;35,10
2021.0;6.0;2021-06-01;BRASPINE;SERRARIA;PR;DOUTOR ULYSSES;280,88;117,71;78,93;13,78;86,70;1,63;44,51;23,45;100,00;314,73;4,42;1,43
2021.0;6.0;2021-06-01;BRASPINE;SERRO VERDE;;;;;127,42;13,16;84,53;-0,72;44,48;23,16;100,00;271,77;4,43;10,33
2021.0;6.0;2021-06-01;BRASPINE;SERTAOZINHO;PR;DOUTOR ULYSSES;16,25;16,25;84,09;13,97;86,04;1,75;43,51;23,54;100,00;317,30;4,77;2,91
2021.0;6.0;2021-06-01;BRASPINE;SITIO BASILIO;PR;JAGUARIAIVA;8,08;8,08;69,59;13,54;83,27;1,08;40,88;22,72;99,74;302,88;2,76;4,27
2021.0;6.0;2021-06-01;BRASPINE;SITIO DAS MARRECAS;PR;DOUTOR ULYSSES;77,49;35,17;94,97;14,38;87,34;2,05;44,05;24,62;100,00;312,76;5,51;1,79
2021.0;6.0;2021-06-01;BRASPINE;SOBRADINHO;SP;BOM SUCESSO DE ITARARE;285,80;123,10;108,21;13,80;84,80;1,74;42,00;22,86;100,00;312,00;5,22;25,42
2021.0;6.0;2021-06-01;BRASPINE;TAQUARAL;PR;JAGUARIAIVA;519,13;31,07;72,62;13,71;83,88;1,23;42,45;22,98;99,99;307,55;3,35;3,83
2021.0;6.0;2021-06-01;BRASPINE;TUCUNDUVA;PR;SENGES;82,21;60,89;81,29;14,17;81,58;2,04;40,43;23,33;99,91;296,24;5,45;341,30
2021.0;6.0;2021-06-01;BRASPINE;TUCUNDUVA - CHAMMA;;;;;81,62;14,41;80,96;2,25;40,12;23,41;99,90;305,95;6,10;40,29
2021.0;6.0;2021-06-01;BRASPINE;VIENA 1;PR;DOUTOR ULYSSES;263,98;178,34;80,98;13,53;85,72;1,13;44,32;22,97;100,00;308,36;3,09;0,53
2021.0;6.0;2021-06-01;BRASPINE;VIENA 2;PR;CERRO AZUL;140,23;96,54;85,32;14,54;86,44;2,40;43,72;24,96;99,99;310,13;6,02;10,33
2021.0;6.0;2021-06-01;BRASPINE;VITORIA;PR;SENGES;50,54;35,69;90,64;13,80;83,30;1,69;41,68;22,63;99,84;312,29;4,72;31,56
2021.0;6.0;2021-06-01;BRASPINE;VIVEIRO;PR;DOUTOR ULYSSES;405,39;261,22;82,10;13,97;86,04;1,75;43,51;23,54;100,00;317,30;4,77;2,91
2021.0;6.0;2021-06-01;BRASPINE;VO LINO;PR;DOUTOR ULYSSES;164,50;97,89;87,28;13,99;87,03;1,81;44,46;23,83;100,00;320,36;4,87;2,03
2021.0;6.0;2021-06-01;BRASPINE;XAXIM VELHO;;;;;129,65;12,44;86,74;-0,73;50,96;22,21;100,00;263,98;14,14;5,10
2021.0;7.0;2021-07-01;BRASPINE;AGUA DOCE;PR;JAGUARIAIVA;238,97;121,99;45,24;11,76;73,06;-0,46;39,21;22,16;99,76;208,83;24,57;14,69
2021.0;7.0;2021-07-01;BRASPINE;AMATA;;;;;37,31;12,82;79,25;-0,28;39,04;25,09;99,98;234,62;16,42;4,18
2021.0;7.0;2021-07-01;BRASPINE;ANTA BRAVA;;;;;20,71;15,45;66,80;3,59;26,19;28,38;99,38;319,13;8,55;0,97
2021.0;7.0;2021-07-01;BRASPINE;ARAPONGAS;PR;SENGES;423,34;263,70;48,95;11,99;77,34;-0,04;37,18;22,98;100,00;220,19;19,32;5,04
2021.0;7.0;2021-07-01;BRASPINE;ARROIO CLARO;PR;DOUTOR ULYSSES;275,14;92,00;52,10;12,01;78,68;-0,24;37,05;23,38;100,00;223,33;19,50;0,44
2021.0;7.0;2021-07-01;BRASPINE;BARRA GRANDE;PR;DOUTOR ULYSSES;493,79;139,68;49,77;12,39;78,22;0,44;36,99;23,94;100,00;228,05;14,83;3,42
2021.0;7.0;2021-07-01;BRASPINE;BARRA GRANDE - BEMAIS;PR;GUARAPUAVA;299,16;108,61;37,10;10,75;75,13;-0,99;39,85;21,57;99,91;175,71;23,33;2,93
2021.0;7.0;2021-07-01;BRASPINE;BARRETOS;PR;JAGUARIAIVA;43,35;32,98;52,46;11,93;75,14;-0,66;38,55;22,50;100,00;220,07;21,64;2,17
2021.0;7.0;2021-07-01;BRASPINE;BAU;;;;;44,18;11,00;71,87;-1,68;38,74;21,61;99,19;188,47;18,00;0,06
2021.0;7.0;2021-07-01;BRASPINE;BOA VISTA II;PR;PIRAI DO SUL;944,00;535,05;51,16;11,85;73,63;-0,65;39,28;22,32;100,00;214,10;18,80;14,41
2021.0;7.0;2021-07-01;BRASPINE;BRASILEIRA;;;;;48,76;11,99;77,34;-0,04;37,18;22,98;100,00;220,19;19,32;5,04
2021.0;7.0;2021-07-01;BRASPINE;BURACAO;;;;;37,07;11,50;76,57;-1,60;42,07;22,85;99,88;202,90;15,00;5,65
2021.0;7.0;2021-07-01;BRASPINE;BURRINHO;PR;DOUTOR ULYSSES;211,01;100,37;52,10;12,01;78,68;-0,24;37,05;23,38;100,00;223,33;19,50;0,44
2021.0;7.0;2021-07-01;BRASPINE;CADEADO I;PR;JAGUARIAIVA;21,07;12,29;46,84;11,81;76,33;-0,39;37,39;22,45;100,00;214,73;23,58;5,43
2021.0;7.0;2021-07-01;BRASPINE;CADEADO II;PR;JAGUARIAIVA;21,88;16,79;46,84;11,81;76,33;-0,39;37,39;22,45;100,00;214,73;23,58;5,43
2021.0;7.0;2021-07-01;BRASPINE;CAMPINA ALTA;PR;TIBAGI;29,77;18,24;53,92;11,91;76,08;-0,58;42,83;23,68;99,73;186,75;27,07;0,87
2021.0;7.0;2021-07-01;BRASPINE;CAMPINA DO ELIAS;PR;JAGUARIAIVA;29,17;14,65;51,04;11,89;75,57;-0,56;38,13;22,47;99,99;218,15;22,34;3,33
2021.0;7.0;2021-07-01;BRASPINE;CAMPO NOVO;PR;JAGUARIAIVA;295,98;156,36;48,97;11,81;76,33;-0,39;37,39;22,45;100,00;214,73;23,58;5,43
2021.0;7.0;2021-07-01;BRASPINE;CONSULTORIA II A;PR;DOUTOR ULYSSES;89,62;60,79;47,40;11,99;77,34;-0,04;37,18;22,98;100,00;220,19;19,32;5,04
2021.0;7.0;2021-07-01;BRASPINE;DINIZ;;;;;46,46;11,99;77,34;-0,04;37,18;22,98;100,00;220,19;19,32;5,04
2021.0;7.0;2021-07-01;BRASPINE;ENES;PR;JAGUARIAIVA;5,93;5,69;48,97;11,81;76,33;-0,39;37,39;22,45;100,00;214,73;23,58;5,43
2021.0;7.0;2021-07-01;BRASPINE;ENGENHARIA;;;;;46,46;11,99;77,34;-0,04;37,18;22,98;100,00;220,19;19,32;5,04
2021.0;7.0;2021-07-01;BRASPINE;ESTACAO;PR;SENGES;4,76;4,14;49,17;11,81;76,33;-0,39;37,39;22,45;100,00;214,73;23,58;5,43
2021.0;7.0;2021-07-01;BRASPINE;FAXINAL;PR;JAGUARIAIVA;20,65;20,65;48,97;11,81;76,33;-0,39;37,39;22,45;100,00;214,73;23,58;5,43
2021.0;7.0;2021-07-01;BRASPINE;FEITAL;PR;DOUTOR ULYSSES;154,17;86,53;49,62;12,13;77,64;0,12;37,11;23,28;100,00;222,81;19,51;4,51
2021.0;7.0;2021-07-01;BRASPINE;FIGUEIRA;PR;DOUTOR ULYSSES;1053,81;315,71;51,33;12,01;78,68;-0,24;37,05;23,38;100,00;223,33;19,50;0,44
2021.0;7.0;2021-07-01;BRASPINE;FIGUEIRINHA;PR;DOUTOR ULYSSES;94,37;56,74;53,87;12,01;78,68;-0,24;37,05;23,38;100,00;223,33;19,50;0,44
2021.0;7.0;2021-07-01;BRASPINE;FLOEMA;PR;DOUTOR ULYSSES;2189,88;701,43;55,03;11,62;77,43;-0,60;36,99;22,54;100,00;214,02;21,89;0,18
2021.0;7.0;2021-07-01;BRASPINE;FLOEMA I - SUDATI;;;;;48,79;11,99;77,34;-0,04;37,18;22,98;100,00;220,19;19,32;5,04
2021.0;7.0;2021-07-01;BRASPINE;FLOEMA II - SUDATI;PR;DOUTOR ULYSSES;453,83;211,13;49,64;11,99;77,34;-0,04;37,18;22,98;100,00;220,19;19,32;5,04
2021.0;7.0;2021-07-01;BRASPINE;FLOR DA SERRA;PR;SAO JOSE DA BOA VISTA;209,10;128,72;23,10;13,61;69,20;0,55;32,67;25,47;98,65;232,29;10,89;10,07
2021.0;7.0;2021-07-01;BRASPINE;GENTIL;PR;JAGUARIAIVA;126,77;53,33;45,95;11,47;73,48;-1,31;39,72;21,83;99,57;198,93;20,48;4,13
2021.0;7.0;2021-07-01;BRASPINE;GUAIRACA;PR;GUARAPUAVA;623,62;169,31;30,70;10,72;75,41;-1,17;39,45;21,88;99,97;166,93;22,82;2,07
2021.0;7.0;2021-07-01;BRASPINE;HERVAL 2 - MADALOSSO;;;;;38,69;11,50;76,57;-1,60;42,07;22,85;99,88;202,90;15,00;5,65
2021.0;7.0;2021-07-01;BRASPINE;HERVAL DE BAIXO;PR;RESERVA;827,29;475,92;58,91;11,63;77,40;-1,55;42,81;23,78;99,99;164,34;39,59;6,27
2021.0;7.0;2021-07-01;BRASPINE;HORTO 01;PR;TURVO;19,12;19,12;41,92;11,05;75,70;-2,09;42,56;22,44;99,36;164,54;33,15;30,92
2021.0;7.0;2021-07-01;BRASPINE;HORTO 02;PR;TURVO;4,24;4,24;41,41;11,05;75,70;-2,09;42,56;22,44;99,36;164,54;33,15;30,92
2021.0;7.0;2021-07-01;BRASPINE;HORTO 03;PR;PRUDENTOPOLIS;80,91;25,89;43,94;11,46;75,87;-0,83;39,54;23,05;99,71;173,57;29,56;23,75
2021.0;7.0;2021-07-01;BRASPINE;HORTO 08;PR;TURVO;9,53;9,53;43,20;11,46;75,87;-0,83;39,54;23,05;99,71;173,57;29,56;23,75
2021.0;7.0;2021-07-01;BRASPINE;HORTO 12;PR;PRUDENTOPOLIS;12,20;12,20;44,82;11,46;75,87;-0,83;39,54;23,05;99,71;173,57;29,56;23,75
2021.0;7.0;2021-07-01;BRASPINE;IZAU;PR;PIRAI DO SUL;19,37;11,60;49,39;11,62;73,88;-0,86;40,19;22,05;99,55;210,72;16,88;0,82
2021.0;7.0;2021-07-01;BRASPINE;JOAO RICO;PR;JAGUARIAIVA;47,46;26,18;46,05;11,76;73,06;-0,46;39,21;22,16;99,76;208,83;24,57;14,69
2021.0;7.0;2021-07-01;BRASPINE;LAGOA;PR;JAGUARIAIVA;24,10;10,78;48,67;11,81;76,33;-0,39;37,39;22,45;100,00;214,73;23,58;5,43
2021.0;7.0;2021-07-01;BRASPINE;MARACANA;PR;JANDAIA DO SUL;11,45;11,45;67,94;14,93;62,07;2,35;26,98;27,42;100,00;278,86;12,57;357,69
2021.0;7.0;2021-07-01;BRASPINE;MARRECA;;;;;52,18;12,01;78,68;-0,24;37,05;23,38;100,00;223,33;19,50;0,44
2021.0;7.0;2021-07-01;BRASPINE;MARRECA SP;SP;ITAPIRAPUA PAULISTA;675,30;236,19;54,07;12,52;79,75;-0,01;37,06;24,56;100,00;229,96;15,08;0,57
2021.0;7.0;2021-07-01;BRASPINE;MARRECAS;;;;;31,50;10,32;74,99;-1,44;39,42;21,04;99,96;157,41;34,14;6,38
2021.0;7.0;2021-07-01;BRASPINE;MERCADINHO;;;;;56,47;12,39;79,46;-0,04;37,92;24,31;100,00;224,01;22,22;5,50
2021.0;7.0;2021-07-01;BRASPINE;MONTE ALEGRE;;;;;68,70;15,21;62,47;2,69;27,61;27,90;99,95;281,86;13,82;0,47
2021.0;7.0;2021-07-01;BRASPINE;MONTE TABOR II;;;;;39,70;12,02;81,42;0,45;40,77;23,47;100,00;220,02;10,64;2,40
2021.0;7.0;2021-07-01;BRASPINE;MOREIRA;PR;DOUTOR ULYSSES;230,52;68,68;49,64;11,99;77,34;-0,04;37,18;22,98;100,00;220,19;19,32;5,04
2021.0;7.0;2021-07-01;BRASPINE;MOREIRAS II;PR;DOUTOR ULYSSES;66,76;28,75;47,07;11,99;77,34;-0,04;37,18;22,98;100,00;220,19;19,32;5,04
2021.0;7.0;2021-07-01;BRASPINE;MORRETES;PR;ORTIGUEIRA;20,36;20,36;61,49;11,98;77,25;-1,19;41,71;24,67;100,00;172,20;28,94;11,31
2021.0;7.0;2021-07-01;BRASPINE;MORRO AZUL;;;;;37,09;12,29;77,32;0,09;36,34;23,48;100,00;225,06;14,11;68,71
2021.0;7.0;2021-07-01;BRASPINE;OURO FINO;SP;APIAI;51,70;51,70;37,16;12,04;78,92;0,05;37,19;23,37;100,00;221,11;14,41;74,63
2021.0;7.0;2021-07-01;BRASPINE;PALMEIRINHA DE BAIXO - SOSSEGO;PR;SENGES;85,93;9,22;36,08;11,91;73,75;0,29;37,65;22,11;99,83;218,50;24,95;30,94
2021.0;7.0;2021-07-01;BRASPINE;PAZIN;PR;DOUTOR ULYSSES;41,20;23,90;51,19;12,01;78,68;-0,24;37,05;23,38;100,00;223,33;19,50;0,44
2021.0;7.0;2021-07-01;BRASPINE;PEDRAS;PR;CASTRO;7,18;7,18;58,99;11,43;75,09;-2,30;41,87;21,93;99,97;203,88;14,08;1,64
2021.0;7.0;2021-07-01;BRASPINE;PESCARIA;PR;SAO JOSE DA BOA VISTA;184,57;129,22;29,22;13,83;68,62;0,99;30,82;25,63;98,51;235,73;17,72;10,31
2021.0;7.0;2021-07-01;BRASPINE;PESSEGUEIRO;PR;DOUTOR ULYSSES;109,95;64,79;50,86;11,99;77,34;-0,04;37,18;22,98;100,00;220,19;19,32;5,04
2021.0;7.0;2021-07-01;BRASPINE;PITANGA;;;;;39,35;11,67;71,18;-0,89;39,66;22,57;99,52;207,70;21,24;0,98
2021.0;7.0;2021-07-01;BRASPINE;QUEIMADINHO ARROIO CLARO;PR;DOUTOR ULYSSES;48,13;19,09;48,76;11,99;77,34;-0,04;37,18;22,98;100,00;220,19;19,32;5,04
2021.0;7.0;2021-07-01;BRASPINE;QUEIMADINHO M6042;PR;DOUTOR ULYSSES;48,38;18,50;48,76;11,99;77,34;-0,04;37,18;22,98;100,00;220,19;19,32;5,04
2021.0;7.0;2021-07-01;BRASPINE;QUEIMADINHO USUCAPIAO;PR;DOUTOR ULYSSES;200,27;92,43;48,76;11,99;77,34;-0,04;37,18;22,98;100,00;220,19;19,32;5,04
2021.0;7.0;2021-07-01;BRASPINE;RAMOS;PR;SENGES;69,83;38,15;48,79;11,81;76,33;-0,39;37,39;22,45;100,00;214,73;23,58;5,43
2021.0;7.0;2021-07-01;BRASPINE;RIBEIRAO GRANDE;PR;JAGUARIAIVA;20,77;20,77;46,70;11,62;73,88;-0,86;40,19;22,05;99,55;210,72;16,88;0,82
2021.0;7.0;2021-07-01;BRASPINE;RINCAO DE BAIXO;;;;;42,71;11,44;73,56;-2,04;37,83;22,50;100,00;175,34;27,42;0,26
2021.0;7.0;2021-07-01;BRASPINE;RIO BOMBA;PR;CERRO AZUL;65,03;37,72;52,44;12,42;78,90;-0,58;39,07;24,34;99,95;224,86;20,53;7,67
2021.0;7.0;2021-07-01;BRASPINE;RIO DO MEIO;PR;DOUTOR ULYSSES;712,33;389,13;47,52;11,99;77,34;-0,04;37,18;22,98;100,00;220,19;19,32;5,04
2021.0;7.0;2021-07-01;BRASPINE;RONDON;PR;JAGUARIAIVA;2899,24;1475,88;39,52;11,78;74,33;0,07;38,52;22,06;99,86;210,72;27,95;313,79
2021.0;7.0;2021-07-01;BRASPINE;SANTA FELICIDADE;;;;;52,38;12,70;80,66;0,08;36,92;25,28;100,00;226,50;19,21;357,99
2021.0;7.0;2021-07-01;BRASPINE;SANTA LIDIA DO CERCADINHO;;;;;41,28;11,26;73,31;-2,03;37,75;21,96;100,00;175,76;23,13;4,71
2021.0;7.0;2021-07-01;BRASPINE;SANTO ANTONIO;;;;;39,56;11,96;74,29;0,09;36,31;22,34;100,00;219,00;19,96;40,32
2021.0;7.0;2021-07-01;BRASPINE;SAO JOSE;PR;JANDAIA DO SUL;37,56;37,56;68,19;15,10;62,53;2,60;27,78;27,70;99,98;280,32;13,56;0,94
2021.0;7.0;2021-07-01;BRASPINE;SAO MATHEUS;;;;;91,08;15,76;63,29;2,27;26,70;29,23;99,80;263,25;13,14;17,97
2021.0;7.0;2021-07-01;BRASPINE;SAO PEDRO E SAO PAULO;PR;SAPOPEMA;709,13;323,93;31,13;12,80;69,28;0,00;33,32;24,40;99,68;224,15;17,94;43,04
2021.0;7.0;2021-07-01;BRASPINE;SAO RAFAEL;;;;;20,99;11,24;76,48;-2,21;36,25;22,94;99,75;196,96;15,51;5,97
2021.0;7.0;2021-07-01;BRASPINE;SAO RAFAEL - PB;;;;;38,45;12,16;78,51;0,13;36,67;23,48;100,00;225,20;14,71;73,58
2021.0;7.0;2021-07-01;BRASPINE;SERRARIA;PR;DOUTOR ULYSSES;280,88;117,71;53,98;11,82;78,06;-0,42;37,02;22,96;100,00;218,67;18,20;0,00
2021.0;7.0;2021-07-01;BRASPINE;SERRO VERDE;;;;;40,77;11,47;70,14;-1,39;36,67;22,37;99,69;207,10;25,55;7,40
2021.0;7.0;2021-07-01;BRASPINE;SERTAOZINHO;PR;DOUTOR ULYSSES;16,25;16,25;43,20;11,99;77,34;-0,04;37,18;22,98;100,00;220,19;19,32;5,04
2021.0;7.0;2021-07-01;BRASPINE;SITIO BASILIO;PR;JAGUARIAIVA;8,08;8,08;45,14;11,50;73,24;-1,17;39,40;21,85;99,58;197,98;20,98;15,74
2021.0;7.0;2021-07-01;BRASPINE;SITIO DAS MARRECAS;PR;DOUTOR ULYSSES;77,49;35,17;53,55;12,37;79,44;-0,07;37,06;24,21;100,00;228,06;15,00;0,25
2021.0;7.0;2021-07-01;BRASPINE;SOBRADINHO;SP;BOM SUCESSO DE ITARARE;285,80;123,10;39,62;11,93;75,63;-0,38;36,35;22,50;100,00;216,39;18,36;58,63
2021.0;7.0;2021-07-01;BRASPINE;TAQUARAL;PR;JAGUARIAIVA;519,13;31,07;42,62;11,80;73,77;-0,26;39,44;22,14;99,99;210,21;25,76;13,59
2021.0;7.0;2021-07-01;BRASPINE;TUCUNDUVA;PR;SENGES;82,21;60,89;37,00;12,25;71,28;-0,76;35,28;22,92;98,95;201,39;22,74;17,16
2021.0;7.0;2021-07-01;BRASPINE;TUCUNDUVA - CHAMMA;;;;;36,12;12,60;70,73;0,50;34,46;23,07;98,81;218,73;13,41;16,27
2021.0;7.0;2021-07-01;BRASPINE;VIENA 1;PR;DOUTOR ULYSSES;263,98;178,34;52,87;11,55;76,39;-1,15;38,51;22,16;100,00;210,34;20,42;0,58
2021.0;7.0;2021-07-01;BRASPINE;VIENA 2;PR;CERRO AZUL;140,23;96,54;52,90;12,42;78,90;-0,58;39,07;24,34;99,95;224,86;20,53;7,67
2021.0;7.0;2021-07-01;BRASPINE;VITORIA;PR;SENGES;50,54;35,69;36,08;11,91;73,75;0,29;37,65;22,11;99,83;218,50;24,95;30,94
2021.0;7.0;2021-07-01;BRASPINE;VIVEIRO;PR;DOUTOR ULYSSES;405,39;261,22;47,07;11,99;77,34;-0,04;37,18;22,98;100,00;220,19;19,32;5,04
2021.0;7.0;2021-07-01;BRASPINE;VO LINO;PR;DOUTOR ULYSSES;164,50;97,89;52,04;12,01;78,68;-0,24;37,05;23,38;100,00;223,33;19,50;0,44
2021.0;7.0;2021-07-01;BRASPINE;XAXIM VELHO;;;;;36,94;10,37;75,44;-1,74;39,60;21,52;100,00;157,86;29,30;0,33
2021.0;8.0;2021-08-01;BRASPINE;AGUA DOCE;PR;JAGUARIAIVA;238,97;121,99;36,25;15,65;73,88;5,05;26,67;29,20;99,70;300,95;0,00;2,45
2021.0;8.0;2021-08-01;BRASPINE;AMATA;;;;;62,22;16,59;81,43;6,64;27,39;31,86;100,00;312,84;0,00;2,32
2021.0;8.0;2021-08-01;BRASPINE;ANTA BRAVA;;;;;20,97;19,04;65,31;9,67;21,13;33,07;97,76;286,43;0,00;6,95
2021.0;8.0;2021-08-01;BRASPINE;ARAPONGAS;PR;SENGES;423,34;263,70;36,54;15,56;79,17;5,69;25,61;30,12;100,00;321,12;0,00;6,87
2021.0;8.0;2021-08-01;BRASPINE;ARROIO CLARO;PR;DOUTOR ULYSSES;275,14;92,00;41,38;15,48;80,98;5,68;26,20;30,25;100,00;307,43;0,00;53,20
2021.0;8.0;2021-08-01;BRASPINE;BARRA GRANDE;PR;DOUTOR ULYSSES;493,79;139,68;38,36;16,00;80,21;6,14;25,07;31,19;100,00;330,20;0,00;3,87
2021.0;8.0;2021-08-01;BRASPINE;BARRA GRANDE - BEMAIS;PR;GUARAPUAVA;299,16;108,61;108,64;15,43;73,72;4,75;33,05;27,36;99,95;293,28;4,75;0,12
2021.0;8.0;2021-08-01;BRASPINE;BARRETOS;PR;JAGUARIAIVA;43,35;32,98;36,52;15,52;77,18;4,93;26,15;29,73;100,00;318,27;4,93;10,80
2021.0;8.0;2021-08-01;BRASPINE;BAU;;;;;97,41;15,47;72,57;4,83;33,27;27,28;99,87;278,68;4,83;0,67
2021.0;8.0;2021-08-01;BRASPINE;BOA VISTA II;PR;PIRAI DO SUL;944,00;535,05;37,80;15,41;76,24;4,63;27,30;29,26;100,00;310,70;4,63;9,65
2021.0;8.0;2021-08-01;BRASPINE;BRASILEIRA;;;;;36,72;15,56;79,17;5,69;25,61;30,12;100,00;321,12;0,00;6,87
2021.0;8.0;2021-08-01;BRASPINE;BURACAO;;;;;68,85;15,08;79,89;4,98;30,89;28,71;99,98;325,03;4,98;1,62
2021.0;8.0;2021-08-01;BRASPINE;BURRINHO;PR;DOUTOR ULYSSES;211,01;100,37;41,37;15,48;80,98;5,68;26,20;30,25;100,00;307,43;0,00;53,20
2021.0;8.0;2021-08-01;BRASPINE;CADEADO I;PR;JAGUARIAIVA;21,07;12,29;35,97;15,36;78,07;5,20;26,21;29,54;100,00;299,22;0,00;11,74
2021.0;8.0;2021-08-01;BRASPINE;CADEADO II;PR;JAGUARIAIVA;21,88;16,79;35,97;15,36;78,07;5,20;26,21;29,54;100,00;299,22;0,00;11,74
2021.0;8.0;2021-08-01;BRASPINE;CAMPINA ALTA;PR;TIBAGI;29,77;18,24;55,77;17,06;68,73;4,86;25,75;30,58;99,69;284,30;4,86;0,74
2021.0;8.0;2021-08-01;BRASPINE;CAMPINA DO ELIAS;PR;JAGUARIAIVA;29,17;14,65;37,49;15,46;77,51;5,03;26,17;29,66;99,99;316,78;0,00;11,11
2021.0;8.0;2021-08-01;BRASPINE;CAMPO NOVO;PR;JAGUARIAIVA;295,98;156,36;37,15;15,36;78,07;5,20;26,21;29,54;100,00;299,22;0,00;11,74
2021.0;8.0;2021-08-01;BRASPINE;CONSULTORIA II A;PR;DOUTOR ULYSSES;89,62;60,79;37,72;15,56;79,17;5,69;25,61;30,12;100,00;321,12;0,00;6,87
2021.0;8.0;2021-08-01;BRASPINE;DINIZ;;;;;36,77;15,56;79,17;5,69;25,61;30,12;100,00;321,12;0,00;6,87
2021.0;8.0;2021-08-01;BRASPINE;ENES;PR;JAGUARIAIVA;5,93;5,69;37,26;15,36;78,07;5,20;26,21;29,54;100,00;299,22;0,00;11,74
2021.0;8.0;2021-08-01;BRASPINE;ENGENHARIA;;;;;36,77;15,56;79,17;5,69;25,61;30,12;100,00;321,12;0,00;6,87
2021.0;8.0;2021-08-01;BRASPINE;ESTACAO;PR;SENGES;4,76;4,14;37,27;15,36;78,07;5,20;26,21;29,54;100,00;299,22;0,00;11,74
2021.0;8.0;2021-08-01;BRASPINE;FAXINAL;PR;JAGUARIAIVA;20,65;20,65;37,26;15,36;78,07;5,20;26,21;29,54;100,00;299,22;0,00;11,74
2021.0;8.0;2021-08-01;BRASPINE;FEITAL;PR;DOUTOR ULYSSES;154,17;86,53;38,42;15,71;79,51;5,84;25,43;30,48;100,00;324,14;0,00;4,37
2021.0;8.0;2021-08-01;BRASPINE;FIGUEIRA;PR;DOUTOR ULYSSES;1053,81;315,71;39,55;15,48;80,98;5,68;26,20;30,25;100,00;307,43;0,00;53,20
2021.0;8.0;2021-08-01;BRASPINE;FIGUEIRINHA;PR;DOUTOR ULYSSES;94,37;56,74;43,12;15,48;80,98;5,68;26,20;30,25;100,00;307,43;0,00;53,20
2021.0;8.0;2021-08-01;BRASPINE;FLOEMA;PR;DOUTOR ULYSSES;2189,88;701,43;39,52;15,06;79,61;5,14;26,96;29,17;100,00;312,77;0,00;23,39
2021.0;8.0;2021-08-01;BRASPINE;FLOEMA I - SUDATI;;;;;37,57;15,56;79,17;5,69;25,61;30,12;100,00;321,12;0,00;6,87
2021.0;8.0;2021-08-01;BRASPINE;FLOEMA II - SUDATI;PR;DOUTOR ULYSSES;453,83;211,13;37,94;15,56;79,17;5,69;25,61;30,12;100,00;321,12;0,00;6,87
2021.0;8.0;2021-08-01;BRASPINE;FLOR DA SERRA;PR;SAO JOSE DA BOA VISTA;209,10;128,72;36,84;18,12;65,69;7,92;20,79;32,39;96,57;310,38;0,00;0,78
2021.0;8.0;2021-08-01;BRASPINE;GENTIL;PR;JAGUARIAIVA;126,77;53,33;36,52;15,33;74,57;4,92;27,36;28,83;99,96;309,26;4,92;7,07
2021.0;8.0;2021-08-01;BRASPINE;GUAIRACA;PR;GUARAPUAVA;623,62;169,31;110,16;15,45;74,36;4,53;33,58;27,49;99,98;279,64;4,53;9,11
2021.0;8.0;2021-08-01;BRASPINE;HERVAL 2 - MADALOSSO;;;;;69,22;15,08;79,89;4,98;30,89;28,71;99,98;325,03;4,98;1,62
2021.0;8.0;2021-08-01;BRASPINE;HERVAL DE BAIXO;PR;RESERVA;827,29;475,92;57,26;16,90;69,53;4,73;25,53;30,69;99,84;315,63;4,73;0,39
2021.0;8.0;2021-08-01;BRASPINE;HORTO 01;PR;TURVO;19,12;19,12;81,09;16,18;72,63;4,30;32,05;28,73;99,17;294,33;13,81;4,73
2021.0;8.0;2021-08-01;BRASPINE;HORTO 02;PR;TURVO;4,24;4,24;81,43;16,18;72,63;4,30;32,05;28,73;99,17;294,33;13,81;4,73
2021.0;8.0;2021-08-01;BRASPINE;HORTO 03;PR;PRUDENTOPOLIS;80,91;25,89;79,34;16,55;72,64;4,98;29,53;29,54;99,69;303,80;4,98;32,31
2021.0;8.0;2021-08-01;BRASPINE;HORTO 08;PR;TURVO;9,53;9,53;82,78;16,55;72,64;4,98;29,53;29,54;99,69;303,80;4,98;32,31
2021.0;8.0;2021-08-01;BRASPINE;HORTO 12;PR;PRUDENTOPOLIS;12,20;12,20;78,33;16,55;72,64;4,98;29,53;29,54;99,69;303,80;4,98;32,31
2021.0;8.0;2021-08-01;BRASPINE;IZAU;PR;PIRAI DO SUL;19,37;11,60;37,50;15,25;76,31;4,67;27,00;29,17;100,00;308,35;4,67;11,49
2021.0;8.0;2021-08-01;BRASPINE;JOAO RICO;PR;JAGUARIAIVA;47,46;26,18;36,42;15,65;73,88;5,05;26,67;29,20;99,70;300,95;0,00;2,45
2021.0;8.0;2021-08-01;BRASPINE;LAGOA;PR;JAGUARIAIVA;24,10;10,78;35,49;15,36;78,07;5,20;26,21;29,54;100,00;299,22;0,00;11,74
2021.0;8.0;2021-08-01;BRASPINE;MARACANA;PR;JANDAIA DO SUL;11,45;11,45;28,37;20,53;52,64;8,08;16,69;34,15;99,59;188,34;0,00;2,50
2021.0;8.0;2021-08-01;BRASPINE;MARRECA;;;;;41,32;15,48;80,98;5,68;26,20;30,25;100,00;307,43;0,00;53,20
2021.0;8.0;2021-08-01;BRASPINE;MARRECA SP;SP;ITAPIRAPUA PAULISTA;675,30;236,19;42,11;16,12;82,04;6,23;25,71;31,65;100,00;319,73;0,00;349,20
2021.0;8.0;2021-08-01;BRASPINE;MARRECAS;;;;;114,25;14,90;74,54;4,39;34,99;26,50;99,98;282,56;4,39;1,84
2021.0;8.0;2021-08-01;BRASPINE;MERCADINHO;;;;;45,01;16,00;81,67;6,16;26,45;31,22;100,00;313,94;0,00;3,53
2021.0;8.0;2021-08-01;BRASPINE;MONTE ALEGRE;;;;;27,41;20,93;52,32;8,35;16,30;34,58;99,48;163,19;0,00;2,97
2021.0;8.0;2021-08-01;BRASPINE;MONTE TABOR II;;;;;49,31;15,42;83,87;6,99;30,01;30,09;100,00;336,37;0,00;4,05
2021.0;8.0;2021-08-01;BRASPINE;MOREIRA;PR;DOUTOR ULYSSES;230,52;68,68;37,94;15,56;79,17;5,69;25,61;30,12;100,00;321,12;0,00;6,87
2021.0;8.0;2021-08-01;BRASPINE;MOREIRAS II;PR;DOUTOR ULYSSES;66,76;28,75;37,69;15,56;79,17;5,69;25,61;30,12;100,00;321,12;0,00;6,87
2021.0;8.0;2021-08-01;BRASPINE;MORRETES;PR;ORTIGUEIRA;20,36;20,36;52,03;17,39;68,54;5,06;24,09;31,59;99,72;319,36;0,00;1,69
2021.0;8.0;2021-08-01;BRASPINE;MORRO AZUL;;;;;40,11;15,91;78,65;6,10;24,54;30,74;100,00;314,46;0,00;6,75
2021.0;8.0;2021-08-01;BRASPINE;OURO FINO;SP;APIAI;51,70;51,70;46,25;15,54;80,71;6,56;26,20;30,23;100,00;323,99;0,00;7,55
2021.0;8.0;2021-08-01;BRASPINE;PALMEIRINHA DE BAIXO - SOSSEGO;PR;SENGES;85,93;9,22;37,59;15,75;73,70;5,78;24,41;29,40;99,81;309,19;0,00;12,47
2021.0;8.0;2021-08-01;BRASPINE;PAZIN;PR;DOUTOR ULYSSES;41,20;23,90;40,26;15,48;80,98;5,68;26,20;30,25;100,00;307,43;0,00;53,20
2021.0;8.0;2021-08-01;BRASPINE;PEDRAS;PR;CASTRO;7,18;7,18;42,87;15,03;78,05;4,40;30,56;28,46;100,00;303,51;4,40;17,47
2021.0;8.0;2021-08-01;BRASPINE;PESCARIA;PR;SAO JOSE DA BOA VISTA;184,57;129,22;36,95;18,28;65,56;8,01;20,39;32,76;96,78;298,58;0,00;2,19
2021.0;8.0;2021-08-01;BRASPINE;PESSEGUEIRO;PR;DOUTOR ULYSSES;109,95;64,79;37,24;15,56;79,17;5,69;25,61;30,12;100,00;321,12;0,00;6,87
2021.0;8.0;2021-08-01;BRASPINE;PITANGA;;;;;86,43;16,51;69,21;5,37;28,77;28,81;99,00;296,48;0,00;3,67
2021.0;8.0;2021-08-01;BRASPINE;QUEIMADINHO ARROIO CLARO;PR;DOUTOR ULYSSES;48,13;19,09;36,72;15,56;79,17;5,69;25,61;30,12;100,00;321,12;0,00;6,87
2021.0;8.0;2021-08-01;BRASPINE;QUEIMADINHO M6042;PR;DOUTOR ULYSSES;48,38;18,50;36,72;15,56;79,17;5,69;25,61;30,12;100,00;321,12;0,00;6,87
2021.0;8.0;2021-08-01;BRASPINE;QUEIMADINHO USUCAPIAO;PR;DOUTOR ULYSSES;200,27;92,43;36,72;15,56;79,17;5,69;25,61;30,12;100,00;321,12;0,00;6,87
2021.0;8.0;2021-08-01;BRASPINE;RAMOS;PR;SENGES;69,83;38,15;37,57;15,36;78,07;5,20;26,21;29,54;100,00;299,22;0,00;11,74
2021.0;8.0;2021-08-01;BRASPINE;RIBEIRAO GRANDE;PR;JAGUARIAIVA;20,77;20,77;36,80;15,25;76,31;4,67;27,00;29,17;100,00;308,35;4,67;11,49
2021.0;8.0;2021-08-01;BRASPINE;RINCAO DE BAIXO;;;;;45,51;16,09;70,42;4,98;25,87;29,55;99,93;314,38;4,98;1,02
2021.0;8.0;2021-08-01;BRASPINE;RIO BOMBA;PR;CERRO AZUL;65,03;37,72;53,79;16,15;80,92;6,02;27,75;31,02;99,96;330,72;0,00;0,26
2021.0;8.0;2021-08-01;BRASPINE;RIO DO MEIO;PR;DOUTOR ULYSSES;712,33;389,13;37,43;15,56;79,17;5,69;25,61;30,12;100,00;321,12;0,00;6,87
2021.0;8.0;2021-08-01;BRASPINE;RONDON;PR;JAGUARIAIVA;2899,24;1475,88;36,11;15,59;74,86;5,41;25,83;29,20;99,91;302,93;0,00;2,89
2021.0;8.0;2021-08-01;BRASPINE;SANTA FELICIDADE;;;;;41,18;16,36;83,18;6,64;25,18;32,43;100,00;321,41;0,00;6,54
2021.0;8.0;2021-08-01;BRASPINE;SANTA LIDIA DO CERCADINHO;;;;;45,34;15,73;70,84;5,01;26,15;28,97;99,86;309,46;0,00;0,24
2021.0;8.0;2021-08-01;BRASPINE;SANTO ANTONIO;;;;;37,85;15,72;74,45;5,92;24,26;29,55;100,00;305,60;0,00;6,47
2021.0;8.0;2021-08-01;BRASPINE;SAO JOSE;PR;JANDAIA DO SUL;37,56;37,56;27,55;20,77;52,64;8,25;16,54;34,40;99,61;176,63;0,00;3,52
2021.0;8.0;2021-08-01;BRASPINE;SAO MATHEUS;;;;;27,02;21,89;51,57;7,96;16,13;35,73;99,19;123,22;0,00;2,47
2021.0;8.0;2021-08-01;BRASPINE;SAO PEDRO E SAO PAULO;PR;SAPOPEMA;709,13;323,93;40,38;17,82;62,79;6,39;21,60;31,26;99,00;286,48;0,00;1,24
2021.0;8.0;2021-08-01;BRASPINE;SAO RAFAEL;;;;;114,55;15,03;80,24;5,51;33,79;28,30;99,50;296,28;0,00;0,11
2021.0;8.0;2021-08-01;BRASPINE;SAO RAFAEL - PB;;;;;44,17;15,68;80,16;6,45;25,36;30,52;100,00;327,48;0,00;10,15
2021.0;8.0;2021-08-01;BRASPINE;SERRARIA;PR;DOUTOR ULYSSES;280,88;117,71;40,32;15,27;80,30;5,41;26,58;29,71;100,00;302,60;0,00;21,86
2021.0;8.0;2021-08-01;BRASPINE;SERRO VERDE;;;;;101,35;16,05;70,16;5,58;30,98;27,90;99,87;264,19;0,00;0,66
2021.0;8.0;2021-08-01;BRASPINE;SERTAOZINHO;PR;DOUTOR ULYSSES;16,25;16,25;36,06;15,56;79,17;5,69;25,61;30,12;100,00;321,12;0,00;6,87
2021.0;8.0;2021-08-01;BRASPINE;SITIO BASILIO;PR;JAGUARIAIVA;8,08;8,08;36,24;15,44;73,83;5,03;27,28;28,82;99,88;311,36;0,00;2,94
2021.0;8.0;2021-08-01;BRASPINE;SITIO DAS MARRECAS;PR;DOUTOR ULYSSES;77,49;35,17;42,14;15,94;81,74;6,07;25,85;31,25;100,00;316,22;0,00;349,58
2021.0;8.0;2021-08-01;BRASPINE;SOBRADINHO;SP;BOM SUCESSO DE ITARARE;285,80;123,10;41,85;15,59;76,09;6,16;24,87;29,52;100,00;305,36;0,00;54,41
2021.0;8.0;2021-08-01;BRASPINE;TAQUARAL;PR;JAGUARIAIVA;519,13;31,07;36,19;15,62;74,69;5,10;26,81;29,13;99,98;300,51;0,00;10,20
2021.0;8.0;2021-08-01;BRASPINE;TUCUNDUVA;PR;SENGES;82,21;60,89;38,00;16,45;69,76;6,17;23,96;30,00;98,94;274,46;0,00;2,51
2021.0;8.0;2021-08-01;BRASPINE;TUCUNDUVA - CHAMMA;;;;;36,99;16,66;69,67;6,51;23,29;30,29;98,52;281,79;0,00;22,71
2021.0;8.0;2021-08-01;BRASPINE;VIENA 1;PR;DOUTOR ULYSSES;263,98;178,34;42,86;15,07;78,61;4,91;28,16;28,74;100,00;311,08;4,91;20,79
2021.0;8.0;2021-08-01;BRASPINE;VIENA 2;PR;CERRO AZUL;140,23;96,54;53,58;16,15;80,92;6,02;27,75;31,02;99,96;330,72;0,00;0,26
2021.0;8.0;2021-08-01;BRASPINE;VITORIA;PR;SENGES;50,54;35,69;37,59;15,75;73,70;5,78;24,41;29,40;99,81;309,19;0,00;12,47
2021.0;8.0;2021-08-01;BRASPINE;VIVEIRO;PR;DOUTOR ULYSSES;405,39;261,22;37,69;15,56;79,17;5,69;25,61;30,12;100,00;321,12;0,00;6,87
2021.0;8.0;2021-08-01;BRASPINE;VO LINO;PR;DOUTOR ULYSSES;164,50;97,89;41,27;15,48;80,98;5,68;26,20;30,25;100,00;307,43;0,00;53,20
2021.0;8.0;2021-08-01;BRASPINE;XAXIM VELHO;;;;;111,07;14,72;76,74;4,28;37,56;26,58;100,00;286,84;8,60;2,74
2021.0;9.0;2021-09-01;BRASPINE;AGUA DOCE;PR;JAGUARIAIVA;238,97;121,99;65,80;18,70;73,59;8,20;30,14;31,13;99,62;288,73;0,00;19,03
2021.0;9.0;2021-09-01;BRASPINE;AMATA;;;;;65,22;19,48;78,91;10,78;32,09;33,97;100,00;222,68;0,00;2,48
2021.0;9.0;2021-09-01;BRASPINE;ANTA BRAVA;;;;;32,48;22,23;64,74;11,79;20,98;35,84;96,26;125,76;0,00;5,98
2021.0;9.0;2021-09-01;BRASPINE;ARAPONGAS;PR;SENGES;423,34;263,70;62,60;18,41;78,82;9,06;28,84;31,90;100,00;304,57;0,00;7,05
2021.0;9.0;2021-09-01;BRASPINE;ARROIO CLARO;PR;DOUTOR ULYSSES;275,14;92,00;65,66;18,37;80,15;9,31;29,44;32,15;100,00;306,72;0,00;0,03
2021.0;9.0;2021-09-01;BRASPINE;BARRA GRANDE;PR;DOUTOR ULYSSES;493,79;139,68;59,38;18,76;79,41;9,48;29,31;32,61;100,00;297,00;0,00;2,95
2021.0;9.0;2021-09-01;BRASPINE;BARRA GRANDE - BEMAIS;PR;GUARAPUAVA;299,16;108,61;81,16;18,48;73,42;7,95;31,75;29,70;99,88;265,99;0,00;9,67
2021.0;9.0;2021-09-01;BRASPINE;BARRETOS;PR;JAGUARIAIVA;43,35;32,98;65,96;18,44;77,05;8,18;29,58;31,64;99,72;269,71;0,00;11,52
2021.0;9.0;2021-09-01;BRASPINE;BAU;;;;;78,95;18,74;70,94;7,92;31,76;29,17;99,49;243,22;0,00;0,14
2021.0;9.0;2021-09-01;BRASPINE;BOA VISTA II;PR;PIRAI DO SUL;944,00;535,05;66,87;18,49;75,55;7,82;30,08;31,25;99,95;297,55;0,00;10,89
2021.0;9.0;2021-09-01;BRASPINE;BRASILEIRA;;;;;59,33;18,41;78,82;9,06;28,84;31,90;100,00;304,57;0,00;7,05
2021.0;9.0;2021-09-01;BRASPINE;BURACAO;;;;;69,61;18,18;78,17;8,90;32,59;31,08;99,92;298,23;0,00;1,94
2021.0;9.0;2021-09-01;BRASPINE;BURRINHO;PR;DOUTOR ULYSSES;211,01;100,37;65,32;18,37;80,15;9,31;29,44;32,15;100,00;306,72;0,00;0,03
2021.0;9.0;2021-09-01;BRASPINE;CADEADO I;PR;JAGUARIAIVA;21,07;12,29;70,12;18,25;78,07;8,57;29,03;31,60;100,00;298,25;0,00;12,16
2021.0;9.0;2021-09-01;BRASPINE;CADEADO II;PR;JAGUARIAIVA;21,88;16,79;70,12;18,25;78,07;8,57;29,03;31,60;100,00;298,25;0,00;12,16
2021.0;9.0;2021-09-01;BRASPINE;CAMPINA ALTA;PR;TIBAGI;29,77;18,24;65,58;20,26;69,20;10,00;27,16;32,08;99,97;228,25;0,00;2,83
2021.0;9.0;2021-09-01;BRASPINE;CAMPINA DO ELIAS;PR;JAGUARIAIVA;29,17;14,65;71,20;18,37;77,42;8,32;29,63;31,62;99,82;284,49;0,00;11,74
2021.0;9.0;2021-09-01;BRASPINE;CAMPO NOVO;PR;JAGUARIAIVA;295,98;156,36;61,36;18,25;78,07;8,57;29,03;31,60;100,00;298,25;0,00;12,16
2021.0;9.0;2021-09-01;BRASPINE;CONSULTORIA II A;PR;DOUTOR ULYSSES;89,62;60,79;60,88;18,41;78,82;9,06;28,84;31,90;100,00;304,57;0,00;7,05
2021.0;9.0;2021-09-01;BRASPINE;DINIZ;;;;;60,28;18,41;78,82;9,06;28,84;31,90;100,00;304,57;0,00;7,05
2021.0;9.0;2021-09-01;BRASPINE;ENES;PR;JAGUARIAIVA;5,93;5,69;61,26;18,25;78,07;8,57;29,03;31,60;100,00;298,25;0,00;12,16
2021.0;9.0;2021-09-01;BRASPINE;ENGENHARIA;;;;;60,28;18,41;78,82;9,06;28,84;31,90;100,00;304,57;0,00;7,05
2021.0;9.0;2021-09-01;BRASPINE;ESTACAO;PR;SENGES;4,76;4,14;70,31;18,25;78,07;8,57;29,03;31,60;100,00;298,25;0,00;12,16
2021.0;9.0;2021-09-01;BRASPINE;FAXINAL;PR;JAGUARIAIVA;20,65;20,65;61,26;18,25;78,07;8,57;29,03;31,60;100,00;298,25;0,00;12,16
2021.0;9.0;2021-09-01;BRASPINE;FEITAL;PR;DOUTOR ULYSSES;154,17;86,53;58,28;18,53;79,01;9,20;29,00;32,13;100,00;307,08;0,00;3,86
2021.0;9.0;2021-09-01;BRASPINE;FIGUEIRA;PR;DOUTOR ULYSSES;1053,81;315,71;61,16;18,37;80,15;9,31;29,44;32,15;100,00;306,72;0,00;0,03
2021.0;9.0;2021-09-01;BRASPINE;FIGUEIRINHA;PR;DOUTOR ULYSSES;94,37;56,74;65,78;18,37;80,15;9,31;29,44;32,15;100,00;306,72;0,00;0,03
2021.0;9.0;2021-09-01;BRASPINE;FLOEMA;PR;DOUTOR ULYSSES;2189,88;701,43;67,71;18,01;79,20;8,80;29,44;31,45;100,00;297,49;0,00;0,79
2021.0;9.0;2021-09-01;BRASPINE;FLOEMA I - SUDATI;;;;;69,86;18,41;78,82;9,06;28,84;31,90;100,00;304,57;0,00;7,05
2021.0;9.0;2021-09-01;BRASPINE;FLOEMA II - SUDATI;PR;DOUTOR ULYSSES;453,83;211,13;63,54;18,41;78,82;9,06;28,84;31,90;100,00;304,57;0,00;7,05
2021.0;9.0;2021-09-01;BRASPINE;FLOR DA SERRA;PR;SAO JOSE DA BOA VISTA;209,10;128,72;56,63;21,21;65,47;11,41;24,33;33,42;97,54;176,78;0,00;84,85
2021.0;9.0;2021-09-01;BRASPINE;GENTIL;PR;JAGUARIAIVA;126,77;53,33;61,38;18,50;73,79;8,17;31,56;30,75;99,19;301,61;0,00;8,22
2021.0;9.0;2021-09-01;BRASPINE;GUAIRACA;PR;GUARAPUAVA;623,62;169,31;91,10;18,46;73,90;7,66;30,36;29,61;99,97;266,09;0,00;0,08
2021.0;9.0;2021-09-01;BRASPINE;HERVAL 2 - MADALOSSO;;;;;74,07;18,18;78,17;8,90;32,59;31,08;99,92;298,23;0,00;1,94
2021.0;9.0;2021-09-01;BRASPINE;HERVAL DE BAIXO;PR;RESERVA;827,29;475,92;66,79;20,28;69,05;9,80;26,55;32,16;99,93;225,73;0,00;0,10
2021.0;9.0;2021-09-01;BRASPINE;HORTO 01;PR;TURVO;19,12;19,12;66,65;19,38;71,36;8,15;30,39;30,64;99,27;260,18;0,00;2,29
2021.0;9.0;2021-09-01;BRASPINE;HORTO 02;PR;TURVO;4,24;4,24;65,51;19,38;71,36;8,15;30,39;30,64;99,27;260,18;0,00;2,29
2021.0;9.0;2021-09-01;BRASPINE;HORTO 03;PR;PRUDENTOPOLIS;80,91;25,89;68,46;19,82;70,73;8,59;29,34;31,33;99,79;253,53;0,00;2,91
2021.0;9.0;2021-09-01;BRASPINE;HORTO 08;PR;TURVO;9,53;9,53;67,34;19,82;70,73;8,59;29,34;31,33;99,79;253,53;0,00;2,91
2021.0;9.0;2021-09-01;BRASPINE;HORTO 12;PR;PRUDENTOPOLIS;12,20;12,20;67,13;19,82;70,73;8,59;29,34;31,33;99,79;253,53;0,00;2,91
2021.0;9.0;2021-09-01;BRASPINE;IZAU;PR;PIRAI DO SUL;19,37;11,60;58,90;18,44;75,12;7,90;31,46;31,04;99,29;284,14;0,00;15,21
2021.0;9.0;2021-09-01;BRASPINE;JOAO RICO;PR;JAGUARIAIVA;47,46;26,18;63,27;18,70;73,59;8,20;30,14;31,13;99,62;288,73;0,00;19,03
2021.0;9.0;2021-09-01;BRASPINE;LAGOA;PR;JAGUARIAIVA;24,10;10,78;70,64;18,25;78,07;8,57;29,03;31,60;100,00;298,25;0,00;12,16
2021.0;9.0;2021-09-01;BRASPINE;MARACANA;PR;JANDAIA DO SUL;11,45;11,45;87,97;23,30;57,84;13,57;20,57;35,21;99,86;70,40;0,00;2,34
2021.0;9.0;2021-09-01;BRASPINE;MARRECA;;;;;61,48;18,37;80,15;9,31;29,44;32,15;100,00;306,72;0,00;0,03
2021.0;9.0;2021-09-01;BRASPINE;MARRECA SP;SP;ITAPIRAPUA PAULISTA;675,30;236,19;63,19;18,87;80,70;9,80;29,70;33,09;100,00;240,57;0,00;0,11
2021.0;9.0;2021-09-01;BRASPINE;MARRECAS;;;;;90,00;17,89;74,52;7,63;31,93;28,78;99,90;287,16;0,00;1,79
2021.0;9.0;2021-09-01;BRASPINE;MERCADINHO;;;;;64,80;18,90;80,05;10,09;31,01;33,14;100,00;243,16;0,00;0,38
2021.0;9.0;2021-09-01;BRASPINE;MONTE ALEGRE;;;;;110,22;23,76;57,34;14,19;20,55;35,74;99,30;57,24;0,00;0,11
2021.0;9.0;2021-09-01;BRASPINE;MONTE TABOR II;;;;;74,34;18,12;83,60;10,06;36,18;30,83;99,97;296,29;0,00;16,61
2021.0;9.0;2021-09-01;BRASPINE;MOREIRA;PR;DOUTOR ULYSSES;230,52;68,68;63,54;18,41;78,82;9,06;28,84;31,90;100,00;304,57;0,00;7,05
2021.0;9.0;2021-09-01;BRASPINE;MOREIRAS II;PR;DOUTOR ULYSSES;66,76;28,75;60,51;18,41;78,82;9,06;28,84;31,90;100,00;304,57;0,00;7,05
2021.0;9.0;2021-09-01;BRASPINE;MORRETES;PR;ORTIGUEIRA;20,36;20,36;53,95;20,85;67,72;10,05;25,17;33,08;99,81;217,61;0,00;9,86
2021.0;9.0;2021-09-01;BRASPINE;MORRO AZUL;;;;;58,24;18,57;78,58;9,04;27,85;32,36;100,00;307,33;0,00;25,11
2021.0;9.0;2021-09-01;BRASPINE;OURO FINO;SP;APIAI;51,70;51,70;68,57;18,08;81,28;9,13;31,17;31,52;100,00;317,52;0,00;20,26
2021.0;9.0;2021-09-01;BRASPINE;PALMEIRINHA DE BAIXO - SOSSEGO;PR;SENGES;85,93;9,22;70,43;18,55;74,07;8,66;27,57;31,33;99,70;289,41;0,00;33,94
2021.0;9.0;2021-09-01;BRASPINE;PAZIN;PR;DOUTOR ULYSSES;41,20;23,90;60,66;18,37;80,15;9,31;29,44;32,15;100,00;306,72;0,00;0,03
2021.0;9.0;2021-09-01;BRASPINE;PEDRAS;PR;CASTRO;7,18;7,18;57,93;18,27;76,42;7,77;33,50;30,62;99,82;278,84;0,00;1,14
2021.0;9.0;2021-09-01;BRASPINE;PESCARIA;PR;SAO JOSE DA BOA VISTA;184,57;129,22;59,54;21,27;65,71;11,27;24,48;33,80;97,18;147,57;0,00;86,59
2021.0;9.0;2021-09-01;BRASPINE;PESSEGUEIRO;PR;DOUTOR ULYSSES;109,95;64,79;71,06;18,41;78,82;9,06;28,84;31,90;100,00;304,57;0,00;7,05
2021.0;9.0;2021-09-01;BRASPINE;PITANGA;;;;;61,60;19,91;67,24;8,66;28,25;30,71;99,12;186,21;0,00;5,28
2021.0;9.0;2021-09-01;BRASPINE;QUEIMADINHO ARROIO CLARO;PR;DOUTOR ULYSSES;48,13;19,09;59,33;18,41;78,82;9,06;28,84;31,90;100,00;304,57;0,00;7,05
2021.0;9.0;2021-09-01;BRASPINE;QUEIMADINHO M6042;PR;DOUTOR ULYSSES;48,38;18,50;59,33;18,41;78,82;9,06;28,84;31,90;100,00;304,57;0,00;7,05
2021.0;9.0;2021-09-01;BRASPINE;QUEIMADINHO USUCAPIAO;PR;DOUTOR ULYSSES;200,27;92,43;59,33;18,41;78,82;9,06;28,84;31,90;100,00;304,57;0,00;7,05
2021.0;9.0;2021-09-01;BRASPINE;RAMOS;PR;SENGES;69,83;38,15;69,86;18,25;78,07;8,57;29,03;31,60;100,00;298,25;0,00;12,16
2021.0;9.0;2021-09-01;BRASPINE;RIBEIRAO GRANDE;PR;JAGUARIAIVA;20,77;20,77;61,64;18,44;75,12;7,90;31,46;31,04;99,29;284,14;0,00;15,21
2021.0;9.0;2021-09-01;BRASPINE;RINCAO DE BAIXO;;;;;61,13;19,45;69,46;9,22;29,82;31,09;99,81;235,06;0,00;2,26
2021.0;9.0;2021-09-01;BRASPINE;RIO BOMBA;PR;CERRO AZUL;65,03;37,72;61,27;19,16;78,91;10,33;32,00;33,37;100,00;232,11;0,00;3,32
2021.0;9.0;2021-09-01;BRASPINE;RIO DO MEIO;PR;DOUTOR ULYSSES;712,33;389,13;60,20;18,41;78,82;9,06;28,84;31,90;100,00;304,57;0,00;7,05
2021.0;9.0;2021-09-01;BRASPINE;RONDON;PR;JAGUARIAIVA;2899,24;1475,88;69,25;18,46;75,05;8,51;28,99;31,19;99,73;286,82;0,00;5,52
2021.0;9.0;2021-09-01;BRASPINE;SANTA FELICIDADE;;;;;58,14;19,04;81,27;10,11;30,19;33,42;100,00;257,68;0,00;0,26
2021.0;9.0;2021-09-01;BRASPINE;SANTA LIDIA DO CERCADINHO;;;;;59,29;19,11;69,72;9,04;30,52;30,56;99,80;261,20;0,00;1,58
2021.0;9.0;2021-09-01;BRASPINE;SANTO ANTONIO;;;;;67,34;18,49;74,77;8,69;26,03;31,57;100,00;303,73;0,00;21,65
2021.0;9.0;2021-09-01;BRASPINE;SAO JOSE;PR;JANDAIA DO SUL;37,56;37,56;110,30;23,59;57,66;14,05;20,80;35,50;99,64;56,79;0,00;0,89
2021.0;9.0;2021-09-01;BRASPINE;SAO MATHEUS;;;;;68,78;24,93;55,22;14,37;19,55;37,36;98,61;29,17;0,00;5,59
2021.0;9.0;2021-09-01;BRASPINE;SAO PEDRO E SAO PAULO;PR;SAPOPEMA;709,13;323,93;67,79;20,99;64,09;11,16;25,22;32,50;99,43;201,27;0,00;0,02
2021.0;9.0;2021-09-01;BRASPINE;SAO RAFAEL;;;;;95,76;17,80;78,35;8,82;35,04;29,74;99,67;268,38;0,00;4,22
2021.0;9.0;2021-09-01;BRASPINE;SAO RAFAEL - PB;;;;;62,67;18,23;80,65;9,10;29,22;31,83;100,00;304,78;0,00;21,37
2021.0;9.0;2021-09-01;BRASPINE;SERRARIA;PR;DOUTOR ULYSSES;280,88;117,71;69,70;18,19;79,68;9,05;29,44;31,80;100,00;302,11;0,00;124,26
2021.0;9.0;2021-09-01;BRASPINE;SERRO VERDE;;;;;80,85;19,24;69,04;7,83;29,76;29,83;99,70;221,41;0,00;0,97
2021.0;9.0;2021-09-01;BRASPINE;SERTAOZINHO;PR;DOUTOR ULYSSES;16,25;16,25;53,73;18,41;78,82;9,06;28,84;31,90;100,00;304,57;0,00;7,05
2021.0;9.0;2021-09-01;BRASPINE;SITIO BASILIO;PR;JAGUARIAIVA;8,08;8,08;65,97;18,58;73,32;8,26;30,93;30,76;99,41;287,36;0,00;1,37
2021.0;9.0;2021-09-01;BRASPINE;SITIO DAS MARRECAS;PR;DOUTOR ULYSSES;77,49;35,17;65,84;18,73;80,54;9,66;29,62;32,83;100,00;283,28;0,00;0,30
2021.0;9.0;2021-09-01;BRASPINE;SOBRADINHO;SP;BOM SUCESSO DE ITARARE;285,80;123,10;61,08;18,25;76,75;8,73;26,19;31,42;100,00;300,92;0,00;12,77
2021.0;9.0;2021-09-01;BRASPINE;TAQUARAL;PR;JAGUARIAIVA;519,13;31,07;63,45;18,58;74,61;8,21;29,75;31,15;99,88;286,65;0,00;15,02
2021.0;9.0;2021-09-01;BRASPINE;TUCUNDUVA;PR;SENGES;82,21;60,89;66,45;19,29;70,63;9,43;27,90;31,78;98,35;271,06;0,00;20,17
2021.0;9.0;2021-09-01;BRASPINE;TUCUNDUVA - CHAMMA;;;;;70,72;19,46;70,43;9,58;27,03;31,99;97,80;260,60;0,00;21,25
2021.0;9.0;2021-09-01;BRASPINE;VIENA 1;PR;DOUTOR ULYSSES;263,98;178,34;69,85;18,03;78,26;8,40;30,94;31,02;100,00;310,09;0,00;0,39
2021.0;9.0;2021-09-01;BRASPINE;VIENA 2;PR;CERRO AZUL;140,23;96,54;61,33;19,16;78,91;10,33;32,00;33,37;100,00;232,11;0,00;3,32
2021.0;9.0;2021-09-01;BRASPINE;VITORIA;PR;SENGES;50,54;35,69;70,43;18,55;74,07;8,66;27,57;31,33;99,70;289,41;0,00;33,94
2021.0;9.0;2021-09-01;BRASPINE;VIVEIRO;PR;DOUTOR ULYSSES;405,39;261,22;60,51;18,41;78,82;9,06;28,84;31,90;100,00;304,57;0,00;7,05
2021.0;9.0;2021-09-01;BRASPINE;VO LINO;PR;DOUTOR ULYSSES;164,50;97,89;62,39;18,37;80,15;9,31;29,44;32,15;100,00;306,72;0,00;0,03
2021.0;9.0;2021-09-01;BRASPINE;XAXIM VELHO;;;;;109,80;17,72;76,24;7,55;31,61;28,98;100,00;297,85;0,00;6,93
2021.0;10.0;2021-10-01;BRASPINE;AGUA DOCE;PR;JAGUARIAIVA;238,97;121,99;251,12;16,52;86,79;8,98;42,30;25,30;99,85;322,84;0,00;9,30
2021.0;10.0;2021-10-01;BRASPINE;AMATA;;;;;207,81;17,88;87,10;11,75;36,37;28,74;100,00;242,09;0,00;0,41
2021.0;10.0;2021-10-01;BRASPINE;ANTA BRAVA;;;;;164,56;19,89;80,20;12,07;28,08;34,36;98,36;97,07;0,00;41,98
2021.0;10.0;2021-10-01;BRASPINE;ARAPONGAS;PR;SENGES;423,34;263,70;243,98;16,58;89,12;9,76;36,92;26,77;100,00;347,36;0,00;0,61
2021.0;10.0;2021-10-01;BRASPINE;ARROIO CLARO;PR;DOUTOR ULYSSES;275,14;92,00;222,10;16,62;89,51;9,92;35,45;27,26;100,00;305,12;0,00;3,25
2021.0;10.0;2021-10-01;BRASPINE;BARRA GRANDE;PR;DOUTOR ULYSSES;493,79;139,68;237,92;16,99;89,12;10,44;36,13;27,70;100,00;282,78;0,00;18,08
2021.0;10.0;2021-10-01;BRASPINE;BARRA GRANDE - BEMAIS;PR;GUARAPUAVA;299,16;108,61;240,76;16,76;84,61;8,66;43,92;24,42;100,00;257,00;0,00;340,28
2021.0;10.0;2021-10-01;BRASPINE;BARRETOS;PR;JAGUARIAIVA;43,35;32,98;245,72;16,38;88,56;8,98;39,86;25,94;99,97;337,80;0,00;2,46
2021.0;10.0;2021-10-01;BRASPINE;BAU;;;;;301,21;16,94;83,90;8,24;44,42;24,84;99,87;319,65;0,00;0,82
2021.0;10.0;2021-10-01;BRASPINE;BOA VISTA II;PR;PIRAI DO SUL;944,00;535,05;233,84;16,34;87,87;8,71;41,92;25,43;99,96;333,50;0,00;4,17
2021.0;10.0;2021-10-01;BRASPINE;BRASILEIRA;;;;;232,95;16,58;89,12;9,76;36,92;26,77;100,00;347,36;0,00;0,61
2021.0;10.0;2021-10-01;BRASPINE;BURACAO;;;;;201,99;16,52;87,49;9,39;39,15;26,18;99,74;313,20;0,00;0,15
2021.0;10.0;2021-10-01;BRASPINE;BURRINHO;PR;DOUTOR ULYSSES;211,01;100,37;222,61;16,62;89,51;9,92;35,45;27,26;100,00;305,12;0,00;3,25
2021.0;10.0;2021-10-01;BRASPINE;CADEADO I;PR;JAGUARIAIVA;21,07;12,29;235,53;16,35;88,84;9,21;37,92;26,22;100,00;338,84;0,00;0,34
2021.0;10.0;2021-10-01;BRASPINE;CADEADO II;PR;JAGUARIAIVA;21,88;16,79;235,53;16,35;88,84;9,21;37,92;26,22;100,00;338,84;0,00;0,34
2021.0;10.0;2021-10-01;BRASPINE;CAMPINA ALTA;PR;TIBAGI;29,77;18,24;271,60;18,18;83,67;8,67;41,35;26,22;99,90;234,76;0,00;3,06
2021.0;10.0;2021-10-01;BRASPINE;CAMPINA DO ELIAS;PR;JAGUARIAIVA;29,17;14,65;233,87;16,37;88,66;9,06;39,15;26,03;99,98;338,15;0,00;1,76
2021.0;10.0;2021-10-01;BRASPINE;CAMPO NOVO;PR;JAGUARIAIVA;295,98;156,36;256,47;16,35;88,84;9,21;37,92;26,22;100,00;338,84;0,00;0,34
2021.0;10.0;2021-10-01;BRASPINE;CONSULTORIA II A;PR;DOUTOR ULYSSES;89,62;60,79;240,22;16,58;89,12;9,76;36,92;26,77;100,00;347,36;0,00;0,61
2021.0;10.0;2021-10-01;BRASPINE;DINIZ;;;;;243,85;16,58;89,12;9,76;36,92;26,77;100,00;347,36;0,00;0,61
2021.0;10.0;2021-10-01;BRASPINE;ENES;PR;JAGUARIAIVA;5,93;5,69;258,21;16,35;88,84;9,21;37,92;26,22;100,00;338,84;0,00;0,34
2021.0;10.0;2021-10-01;BRASPINE;ENGENHARIA;;;;;243,85;16,58;89,12;9,76;36,92;26,77;100,00;347,36;0,00;0,61
2021.0;10.0;2021-10-01;BRASPINE;ESTACAO;PR;SENGES;4,76;4,14;230,14;16,35;88,84;9,21;37,92;26,22;100,00;338,84;0,00;0,34
2021.0;10.0;2021-10-01;BRASPINE;FAXINAL;PR;JAGUARIAIVA;20,65;20,65;258,21;16,35;88,84;9,21;37,92;26,22;100,00;338,84;0,00;0,34
2021.0;10.0;2021-10-01;BRASPINE;FEITAL;PR;DOUTOR ULYSSES;154,17;86,53;235,30;16,71;89,12;9,99;36,66;27,08;100,00;336,14;0,00;1,99
2021.0;10.0;2021-10-01;BRASPINE;FIGUEIRA;PR;DOUTOR ULYSSES;1053,81;315,71;240,83;16,62;89,51;9,92;35,45;27,26;100,00;305,12;0,00;3,25
2021.0;10.0;2021-10-01;BRASPINE;FIGUEIRINHA;PR;DOUTOR ULYSSES;94,37;56,74;218,46;16,62;89,51;9,92;35,45;27,26;100,00;305,12;0,00;3,25
2021.0;10.0;2021-10-01;BRASPINE;FLOEMA;PR;DOUTOR ULYSSES;2189,88;701,43;224,34;16,22;89,26;9,26;36,41;26,58;100,00;337,77;0,00;1,29
2021.0;10.0;2021-10-01;BRASPINE;FLOEMA I - SUDATI;;;;;231,99;16,58;89,12;9,76;36,92;26,77;100,00;347,36;0,00;0,61
2021.0;10.0;2021-10-01;BRASPINE;FLOEMA II - SUDATI;PR;DOUTOR ULYSSES;453,83;211,13;243,43;16,58;89,12;9,76;36,92;26,77;100,00;347,36;0,00;0,61
2021.0;10.0;2021-10-01;BRASPINE;FLOR DA SERRA;PR;SAO JOSE DA BOA VISTA;209,10;128,72;267,32;18,96;79,70;11,58;35,80;28,40;99,36;131,79;0,00;2,78
2021.0;10.0;2021-10-01;BRASPINE;GENTIL;PR;JAGUARIAIVA;126,77;53,33;252,03;16,42;86,49;8,81;42,69;25,14;99,54;335,34;0,00;2,42
2021.0;10.0;2021-10-01;BRASPINE;GUAIRACA;PR;GUARAPUAVA;623,62;169,31;240,04;16,79;84,62;8,78;43,69;24,49;99,97;272,58;0,00;4,15
2021.0;10.0;2021-10-01;BRASPINE;HERVAL 2 - MADALOSSO;;;;;196,46;16,52;87,49;9,39;39,15;26,18;99,74;313,20;0,00;0,15
2021.0;10.0;2021-10-01;BRASPINE;HERVAL DE BAIXO;PR;RESERVA;827,29;475,92;268,54;18,21;83,82;8,55;41,19;26,41;99,84;233,61;0,00;8,23
2021.0;10.0;2021-10-01;BRASPINE;HORTO 01;PR;TURVO;19,12;19,12;305,99;17,58;84,51;9,22;47,07;25,44;99,68;270,68;0,00;0,38
2021.0;10.0;2021-10-01;BRASPINE;HORTO 02;PR;TURVO;4,24;4,24;306,22;17,58;84,51;9,22;47,07;25,44;99,68;270,68;0,00;0,38
2021.0;10.0;2021-10-01;BRASPINE;HORTO 03;PR;PRUDENTOPOLIS;80,91;25,89;302,33;17,96;83,91;9,41;45,33;26,03;99,90;233,62;0,00;11,27
2021.0;10.0;2021-10-01;BRASPINE;HORTO 08;PR;TURVO;9,53;9,53;291,58;17,96;83,91;9,41;45,33;26,03;99,90;233,62;0,00;11,27
2021.0;10.0;2021-10-01;BRASPINE;HORTO 12;PR;PRUDENTOPOLIS;12,20;12,20;298,60;17,96;83,91;9,41;45,33;26,03;99,90;233,62;0,00;11,27
2021.0;10.0;2021-10-01;BRASPINE;IZAU;PR;PIRAI DO SUL;19,37;11,60;249,15;16,35;87,20;8,61;42,77;25,14;99,55;334,38;0,00;1,41
2021.0;10.0;2021-10-01;BRASPINE;JOAO RICO;PR;JAGUARIAIVA;47,46;26,18;252,00;16,52;86,79;8,98;42,30;25,30;99,85;322,84;0,00;9,30
2021.0;10.0;2021-10-01;BRASPINE;LAGOA;PR;JAGUARIAIVA;24,10;10,78;231,41;16,35;88,84;9,21;37,92;26,22;100,00;338,84;0,00;0,34
2021.0;10.0;2021-10-01;BRASPINE;MARACANA;PR;JANDAIA DO SUL;11,45;11,45;404,64;20,45;79,26;12,19;34,15;32,28;99,97;52,12;0,00;6,07
2021.0;10.0;2021-10-01;BRASPINE;MARRECA;;;;;228,51;16,62;89,51;9,92;35,45;27,26;100,00;305,12;0,00;3,25
2021.0;10.0;2021-10-01;BRASPINE;MARRECA SP;SP;ITAPIRAPUA PAULISTA;675,30;236,19;225,00;17,20;89,37;10,82;34,75;28,45;100,00;286,97;0,00;1,68
2021.0;10.0;2021-10-01;BRASPINE;MARRECAS;;;;;236,33;16,29;84,93;8,20;43,80;23,85;100,00;335,52;0,00;356,90
2021.0;10.0;2021-10-01;BRASPINE;MERCADINHO;;;;;216,50;17,25;88,46;10,55;35,34;28,14;100,00;288,83;0,00;1,58
2021.0;10.0;2021-10-01;BRASPINE;MONTE ALEGRE;;;;;403,38;20,92;78,70;12,72;33,33;32,92;99,94;54,31;0,00;2,66
2021.0;10.0;2021-10-01;BRASPINE;MONTE TABOR II;;;;;204,82;16,75;90,26;9,70;39,60;27,28;100,00;299,40;0,00;23,61
2021.0;10.0;2021-10-01;BRASPINE;MOREIRA;PR;DOUTOR ULYSSES;230,52;68,68;243,43;16,58;89,12;9,76;36,92;26,77;100,00;347,36;0,00;0,61
2021.0;10.0;2021-10-01;BRASPINE;MOREIRAS II;PR;DOUTOR ULYSSES;66,76;28,75;239,73;16,58;89,12;9,76;36,92;26,77;100,00;347,36;0,00;0,61
2021.0;10.0;2021-10-01;BRASPINE;MORRETES;PR;ORTIGUEIRA;20,36;20,36;266,36;18,67;83,65;9,03;41,14;27,07;99,73;178,27;0,00;2,26
2021.0;10.0;2021-10-01;BRASPINE;MORRO AZUL;;;;;238,43;16,69;89,23;10,02;35,52;27,28;100,00;334,06;0,00;22,12
2021.0;10.0;2021-10-01;BRASPINE;OURO FINO;SP;APIAI;51,70;51,70;203,95;16,47;90,06;9,05;36,00;27,19;100,00;331,70;0,00;3,98
2021.0;10.0;2021-10-01;BRASPINE;PALMEIRINHA DE BAIXO - SOSSEGO;PR;SENGES;85,93;9,22;243,06;16,43;87,22;8,89;39,84;25,86;99,82;339,65;0,00;3,61
2021.0;10.0;2021-10-01;BRASPINE;PAZIN;PR;DOUTOR ULYSSES;41,20;23,90;231,26;16,62;89,51;9,92;35,45;27,26;100,00;305,12;0,00;3,25
2021.0;10.0;2021-10-01;BRASPINE;PEDRAS;PR;CASTRO;7,18;7,18;230,13;16,35;87,40;8,56;44,60;25,09;99,53;334,41;0,00;0,87
2021.0;10.0;2021-10-01;BRASPINE;PESCARIA;PR;SAO JOSE DA BOA VISTA;184,57;129,22;270,33;18,97;79,71;11,32;34,84;28,55;99,55;146,84;0,00;1,48
2021.0;10.0;2021-10-01;BRASPINE;PESSEGUEIRO;PR;DOUTOR ULYSSES;109,95;64,79;224,72;16,58;89,12;9,76;36,92;26,77;100,00;347,36;0,00;0,61
2021.0;10.0;2021-10-01;BRASPINE;PITANGA;;;;;332,01;17,78;82,87;9,09;44,67;25,70;99,91;249,03;0,00;3,78
2021.0;10.0;2021-10-01;BRASPINE;QUEIMADINHO ARROIO CLARO;PR;DOUTOR ULYSSES;48,13;19,09;232,95;16,58;89,12;9,76;36,92;26,77;100,00;347,36;0,00;0,61
2021.0;10.0;2021-10-01;BRASPINE;QUEIMADINHO M6042;PR;DOUTOR ULYSSES;48,38;18,50;232,95;16,58;89,12;9,76;36,92;26,77;100,00;347,36;0,00;0,61
2021.0;10.0;2021-10-01;BRASPINE;QUEIMADINHO USUCAPIAO;PR;DOUTOR ULYSSES;200,27;92,43;232,95;16,58;89,12;9,76;36,92;26,77;100,00;347,36;0,00;0,61
2021.0;10.0;2021-10-01;BRASPINE;RAMOS;PR;SENGES;69,83;38,15;231,99;16,35;88,84;9,21;37,92;26,22;100,00;338,84;0,00;0,34
2021.0;10.0;2021-10-01;BRASPINE;RIBEIRAO GRANDE;PR;JAGUARIAIVA;20,77;20,77;248,18;16,35;87,20;8,61;42,77;25,14;99,55;334,38;0,00;1,41
2021.0;10.0;2021-10-01;BRASPINE;RINCAO DE BAIXO;;;;;250,21;17,42;82,55;8,20;40,77;25,47;99,54;266,76;0,00;3,00
2021.0;10.0;2021-10-01;BRASPINE;RIO BOMBA;PR;CERRO AZUL;65,03;37,72;219,50;17,53;87,17;11,09;36,51;28,05;99,99;248,82;0,00;0,03
2021.0;10.0;2021-10-01;BRASPINE;RIO DO MEIO;PR;DOUTOR ULYSSES;712,33;389,13;237,92;16,58;89,12;9,76;36,92;26,77;100,00;347,36;0,00;0,61
2021.0;10.0;2021-10-01;BRASPINE;RONDON;PR;JAGUARIAIVA;2899,24;1475,88;237,95;16,39;87,65;9,03;41,20;25,75;99,92;337,68;0,00;0,92
2021.0;10.0;2021-10-01;BRASPINE;SANTA FELICIDADE;;;;;223,68;17,47;89,32;10,56;34,25;29,10;100,00;292,88;0,00;0,97
2021.0;10.0;2021-10-01;BRASPINE;SANTA LIDIA DO CERCADINHO;;;;;242,11;17,09;82,82;8,02;41,22;25,22;99,54;275,52;0,00;1,76
2021.0;10.0;2021-10-01;BRASPINE;SANTO ANTONIO;;;;;247,39;16,41;87,68;9,06;37,75;26,07;100,00;339,68;0,00;45,28
2021.0;10.0;2021-10-01;BRASPINE;SAO JOSE;PR;JANDAIA DO SUL;37,56;37,56;404,28;20,77;78,92;12,58;33,78;32,67;99,96;53,66;0,00;3,13
2021.0;10.0;2021-10-01;BRASPINE;SAO MATHEUS;;;;;463,20;21,94;77,50;13,70;32,49;34,04;99,80;42,66;0,00;2,47
2021.0;10.0;2021-10-01;BRASPINE;SAO PEDRO E SAO PAULO;PR;SAPOPEMA;709,13;323,93;188,76;18,58;80,91;10,11;39,50;27,91;99,56;210,74;0,00;3,77
2021.0;10.0;2021-10-01;BRASPINE;SAO RAFAEL;;;;;161,02;16,29;85,27;9,13;42,22;25,37;99,70;310,39;0,00;2,21
2021.0;10.0;2021-10-01;BRASPINE;SAO RAFAEL - PB;;;;;241,52;16,54;89,93;9,63;35,33;27,33;100,00;317,94;0,00;7,97
2021.0;10.0;2021-10-01;BRASPINE;SERRARIA;PR;DOUTOR ULYSSES;280,88;117,71;217,20;16,42;89,39;9,59;35,93;26,80;100,00;344,01;0,00;0,47
2021.0;10.0;2021-10-01;BRASPINE;SERRO VERDE;;;;;292,79;17,34;82,63;8,55;42,65;25,31;99,92;327,78;0,00;1,32
2021.0;10.0;2021-10-01;BRASPINE;SERTAOZINHO;PR;DOUTOR ULYSSES;16,25;16,25;250,45;16,58;89,12;9,76;36,92;26,77;100,00;347,36;0,00;0,61
2021.0;10.0;2021-10-01;BRASPINE;SITIO BASILIO;PR;JAGUARIAIVA;8,08;8,08;250,77;16,47;86,35;8,73;42,56;25,19;99,62;336,26;0,00;11,72
2021.0;10.0;2021-10-01;BRASPINE;SITIO DAS MARRECAS;PR;DOUTOR ULYSSES;77,49;35,17;221,52;17,03;89,41;10,56;34,95;28,11;100,00;283,74;0,00;2,48
2021.0;10.0;2021-10-01;BRASPINE;SOBRADINHO;SP;BOM SUCESSO DE ITARARE;285,80;123,10;243,23;16,32;88,55;8,94;36,59;26,19;100,00;339,09;0,00;28,57
2021.0;10.0;2021-10-01;BRASPINE;TAQUARAL;PR;JAGUARIAIVA;519,13;31,07;245,64;16,43;87,56;9,01;42,53;25,43;99,99;336,63;0,00;5,13
2021.0;10.0;2021-10-01;BRASPINE;TUCUNDUVA;PR;SENGES;82,21;60,89;257,39;17,20;84,04;8,83;38,67;26,43;99,71;310,05;0,00;0,75
2021.0;10.0;2021-10-01;BRASPINE;TUCUNDUVA - CHAMMA;;;;;258,09;17,29;83,85;9,60;38,13;26,53;99,74;284,37;0,00;332,13
2021.0;10.0;2021-10-01;BRASPINE;VIENA 1;PR;DOUTOR ULYSSES;263,98;178,34;219,27;16,16;88,92;8,99;38,80;25,99;100,00;334,38;0,00;0,53
2021.0;10.0;2021-10-01;BRASPINE;VIENA 2;PR;CERRO AZUL;140,23;96,54;219,46;17,53;87,17;11,09;36,51;28,05;99,99;248,82;0,00;0,03
2021.0;10.0;2021-10-01;BRASPINE;VITORIA;PR;SENGES;50,54;35,69;243,06;16,43;87,22;8,89;39,84;25,86;99,82;339,65;0,00;3,61
2021.0;10.0;2021-10-01;BRASPINE;VIVEIRO;PR;DOUTOR ULYSSES;405,39;261,22;239,73;16,58;89,12;9,76;36,92;26,77;100,00;347,36;0,00;0,61
2021.0;10.0;2021-10-01;BRASPINE;VO LINO;PR;DOUTOR ULYSSES;164,50;97,89;227,10;16,62;89,51;9,92;35,45;27,26;100,00;305,12;0,00;3,25
2021.0;10.0;2021-10-01;BRASPINE;XAXIM VELHO;;;;;214,13;16,28;85,14;8,23;44,67;23,97;100,00;337,04;0,00;0,21
2021.0;11.0;2021-11-01;BRASPINE;AGUA DOCE;PR;JAGUARIAIVA;238,97;121,99;71,44;19,26;76,85;9,62;28,92;29,45;99,83;181,63;0,00;57,88
2021.0;11.0;2021-11-01;BRASPINE;AMATA;;;;;60,75;21,12;75,17;12,92;25,62;32,81;99,94;82,31;0,00;3,30
2021.0;11.0;2021-11-01;BRASPINE;ANTA BRAVA;;;;;90,79;22,40;68,39;12,85;15,25;34,14;97,87;67,89;0,00;15,05
2021.0;11.0;2021-11-01;BRASPINE;ARAPONGAS;PR;SENGES;423,34;263,70;73,54;19,41;78,47;10,82;26,65;30,52;100,00;172,27;0,00;30,87
2021.0;11.0;2021-11-01;BRASPINE;ARROIO CLARO;PR;DOUTOR ULYSSES;275,14;92,00;66,68;19,51;78,49;11,11;26,40;30,69;100,00;143,41;0,00;341,53
2021.0;11.0;2021-11-01;BRASPINE;BARRA GRANDE;PR;DOUTOR ULYSSES;493,79;139,68;68,05;19,92;78,40;11,50;26,29;31,60;100,00;131,64;0,00;20,35
2021.0;11.0;2021-11-01;BRASPINE;BARRA GRANDE - BEMAIS;PR;GUARAPUAVA;299,16;108,61;58,26;19,25;76,29;9,44;34,64;28,43;99,85;226,30;0,00;2,86
2021.0;11.0;2021-11-01;BRASPINE;BARRETOS;PR;JAGUARIAIVA;43,35;32,98;73,51;19,21;78,40;9,90;28,21;30,03;100,00;213,24;0,00;0,06
2021.0;11.0;2021-11-01;BRASPINE;BAU;;;;;65,73;19,46;74,69;9,66;35,80;28,20;99,76;216,98;0,00;0,41
2021.0;11.0;2021-11-01;BRASPINE;BOA VISTA II;PR;PIRAI DO SUL;944,00;535,05;71,01;19,14;77,88;9,48;29,63;29,65;100,00;210,13;0,00;2,00
2021.0;11.0;2021-11-01;BRASPINE;BRASILEIRA;;;;;68,23;19,41;78,47;10,82;26,65;30,52;100,00;172,27;0,00;30,87
2021.0;11.0;2021-11-01;BRASPINE;BURACAO;;;;;61,17;19,38;77,25;10,51;32,58;29,47;99,87;173,97;0,00;2,38
2021.0;11.0;2021-11-01;BRASPINE;BURRINHO;PR;DOUTOR ULYSSES;211,01;100,37;66,66;19,51;78,49;11,11;26,40;30,69;100,00;143,41;0,00;341,53
2021.0;11.0;2021-11-01;BRASPINE;CADEADO I;PR;JAGUARIAIVA;21,07;12,29;71,71;19,15;78,40;10,25;27,16;29,93;100,00;213,17;0,00;2,30
2021.0;11.0;2021-11-01;BRASPINE;CADEADO II;PR;JAGUARIAIVA;21,88;16,79;71,71;19,15;78,40;10,25;27,16;29,93;100,00;213,17;0,00;2,30
2021.0;11.0;2021-11-01;BRASPINE;CAMPINA ALTA;PR;TIBAGI;29,77;18,24;52,25;20,86;73,42;10,08;25,59;30,92;99,96;119,20;0,00;14,08
2021.0;11.0;2021-11-01;BRASPINE;CAMPINA DO ELIAS;PR;JAGUARIAIVA;29,17;14,65;70,97;19,19;78,40;10,02;27,83;29,99;100,00;213,20;0,00;3,02
2021.0;11.0;2021-11-01;BRASPINE;CAMPO NOVO;PR;JAGUARIAIVA;295,98;156,36;73,39;19,15;78,40;10,25;27,16;29,93;100,00;213,17;0,00;2,30
2021.0;11.0;2021-11-01;BRASPINE;CONSULTORIA II A;PR;DOUTOR ULYSSES;89,62;60,79;69,85;19,41;78,47;10,82;26,65;30,52;100,00;172,27;0,00;30,87
2021.0;11.0;2021-11-01;BRASPINE;DINIZ;;;;;74,24;19,41;78,47;10,82;26,65;30,52;100,00;172,27;0,00;30,87
2021.0;11.0;2021-11-01;BRASPINE;ENES;PR;JAGUARIAIVA;5,93;5,69;73,33;19,15;78,40;10,25;27,16;29,93;100,00;213,17;0,00;2,30
2021.0;11.0;2021-11-01;BRASPINE;ENGENHARIA;;;;;74,24;19,41;78,47;10,82;26,65;30,52;100,00;172,27;0,00;30,87
2021.0;11.0;2021-11-01;BRASPINE;ESTACAO;PR;SENGES;4,76;4,14;70,85;19,15;78,40;10,25;27,16;29,93;100,00;213,17;0,00;2,30
2021.0;11.0;2021-11-01;BRASPINE;FAXINAL;PR;JAGUARIAIVA;20,65;20,65;73,33;19,15;78,40;10,25;27,16;29,93;100,00;213,17;0,00;2,30
2021.0;11.0;2021-11-01;BRASPINE;FEITAL;PR;DOUTOR ULYSSES;154,17;86,53;67,17;19,58;78,44;11,05;26,53;30,88;100,00;158,90;0,00;27,22
2021.0;11.0;2021-11-01;BRASPINE;FIGUEIRA;PR;DOUTOR ULYSSES;1053,81;315,71;67,42;19,51;78,49;11,11;26,40;30,69;100,00;143,41;0,00;341,53
2021.0;11.0;2021-11-01;BRASPINE;FIGUEIRINHA;PR;DOUTOR ULYSSES;94,37;56,74;66,14;19,51;78,49;11,11;26,40;30,69;100,00;143,41;0,00;341,53
2021.0;11.0;2021-11-01;BRASPINE;FLOEMA;PR;DOUTOR ULYSSES;2189,88;701,43;68,86;19,02;78,32;10,41;27,10;29,61;100,00;211,40;0,00;1,15
2021.0;11.0;2021-11-01;BRASPINE;FLOEMA I - SUDATI;;;;;70,53;19,41;78,47;10,82;26,65;30,52;100,00;172,27;0,00;30,87
2021.0;11.0;2021-11-01;BRASPINE;FLOEMA II - SUDATI;PR;DOUTOR ULYSSES;453,83;211,13;70,28;19,41;78,47;10,82;26,65;30,52;100,00;172,27;0,00;30,87
2021.0;11.0;2021-11-01;BRASPINE;FLOR DA SERRA;PR;SAO JOSE DA BOA VISTA;209,10;128,72;49,83;21,86;67,69;12,01;18,99;32,61;97,10;81,35;0,00;25,40
2021.0;11.0;2021-11-01;BRASPINE;GENTIL;PR;JAGUARIAIVA;126,77;53,33;72,67;19,09;76,89;9,47;28,51;29,08;99,60;225,28;0,00;2,11
2021.0;11.0;2021-11-01;BRASPINE;GUAIRACA;PR;GUARAPUAVA;623,62;169,31;62,77;19,34;76,28;9,50;34,62;28,69;99,87;197,78;0,00;5,38
2021.0;11.0;2021-11-01;BRASPINE;HERVAL 2 - MADALOSSO;;;;;62,05;19,38;77,25;10,51;32,58;29,47;99,87;173,97;0,00;2,38
2021.0;11.0;2021-11-01;BRASPINE;HERVAL DE BAIXO;PR;RESERVA;827,29;475,92;45,81;20,89;73,21;9,93;24,42;31,14;99,82;133,06;0,00;9,51
2021.0;11.0;2021-11-01;BRASPINE;HORTO 01;PR;TURVO;19,12;19,12;62,15;20,09;76,02;9,99;36,54;29,21;99,62;202,76;0,00;2,12
2021.0;11.0;2021-11-01;BRASPINE;HORTO 02;PR;TURVO;4,24;4,24;62,43;20,09;76,02;9,99;36,54;29,21;99,62;202,76;0,00;2,12
2021.0;11.0;2021-11-01;BRASPINE;HORTO 03;PR;PRUDENTOPOLIS;80,91;25,89;62,93;20,61;74,88;10,40;35,44;29,93;99,57;163,50;0,00;27,93
2021.0;11.0;2021-11-01;BRASPINE;HORTO 08;PR;TURVO;9,53;9,53;69,47;20,61;74,88;10,40;35,44;29,93;99,57;163,50;0,00;27,93
2021.0;11.0;2021-11-01;BRASPINE;HORTO 12;PR;PRUDENTOPOLIS;12,20;12,20;64,66;20,61;74,88;10,40;35,44;29,93;99,57;163,50;0,00;27,93
2021.0;11.0;2021-11-01;BRASPINE;IZAU;PR;PIRAI DO SUL;19,37;11,60;69,52;19,08;77,52;9,41;28,41;29,39;99,66;240,59;0,00;0,91
2021.0;11.0;2021-11-01;BRASPINE;JOAO RICO;PR;JAGUARIAIVA;47,46;26,18;72,45;19,26;76,85;9,62;28,92;29,45;99,83;181,63;0,00;57,88
2021.0;11.0;2021-11-01;BRASPINE;LAGOA;PR;JAGUARIAIVA;24,10;10,78;70,37;19,15;78,40;10,25;27,16;29,93;100,00;213,17;0,00;2,30
2021.0;11.0;2021-11-01;BRASPINE;MARACANA;PR;JANDAIA DO SUL;11,45;11,45;57,43;23,39;64,13;13,57;19,28;33,58;99,92;27,93;0,00;0,81
2021.0;11.0;2021-11-01;BRASPINE;MARRECA;;;;;66,69;19,51;78,49;11,11;26,40;30,69;100,00;143,41;0,00;341,53
2021.0;11.0;2021-11-01;BRASPINE;MARRECA SP;SP;ITAPIRAPUA PAULISTA;675,30;236,19;64,84;20,23;78,29;11,67;26,01;32,13;100,00;119,93;0,00;348,88
2021.0;11.0;2021-11-01;BRASPINE;MARRECAS;;;;;61,68;18,72;76,88;9,08;34,43;27,83;99,92;249,00;0,00;5,11
2021.0;11.0;2021-11-01;BRASPINE;MERCADINHO;;;;;66,01;20,32;76,94;12,04;26,20;31,83;99,99;121,43;0,00;1,14
2021.0;11.0;2021-11-01;BRASPINE;MONTE ALEGRE;;;;;59,28;23,92;63,44;14,19;19,27;34,14;99,98;29,15;0,00;6,30
2021.0;11.0;2021-11-01;BRASPINE;MONTE TABOR II;;;;;59,35;19,24;80,58;10,64;28,34;30,85;100,00;170,46;0,00;0,26
2021.0;11.0;2021-11-01;BRASPINE;MOREIRA;PR;DOUTOR ULYSSES;230,52;68,68;70,28;19,41;78,47;10,82;26,65;30,52;100,00;172,27;0,00;30,87
2021.0;11.0;2021-11-01;BRASPINE;MOREIRAS II;PR;DOUTOR ULYSSES;66,76;28,75;69,79;19,41;78,47;10,82;26,65;30,52;100,00;172,27;0,00;30,87
2021.0;11.0;2021-11-01;BRASPINE;MORRETES;PR;ORTIGUEIRA;20,36;20,36;50,44;21,46;72,19;10,33;22,61;31,88;99,81;92,04;0,00;4,27
2021.0;11.0;2021-11-01;BRASPINE;MORRO AZUL;;;;;65,37;19,52;78,75;10,78;26,51;31,26;100,00;170,47;0,00;6,67
2021.0;11.0;2021-11-01;BRASPINE;OURO FINO;SP;APIAI;51,70;51,70;60,14;19,07;80,14;10,63;28,84;30,64;100,00;196,83;0,00;0,42
2021.0;11.0;2021-11-01;BRASPINE;PALMEIRINHA DE BAIXO - SOSSEGO;PR;SENGES;85,93;9,22;66,24;19,12;76,83;10,17;26,58;29,82;99,81;225,73;0,00;28,21
2021.0;11.0;2021-11-01;BRASPINE;PAZIN;PR;DOUTOR ULYSSES;41,20;23,90;66,56;19,51;78,49;11,11;26,40;30,69;100,00;143,41;0,00;341,53
2021.0;11.0;2021-11-01;BRASPINE;PEDRAS;PR;CASTRO;7,18;7,18;62,72;19,04;78,34;9,40;31,49;29,03;99,65;255,00;0,00;6,52
2021.0;11.0;2021-11-01;BRASPINE;PESCARIA;PR;SAO JOSE DA BOA VISTA;184,57;129,22;52,89;21,94;68,05;12,09;17,94;32,92;98,18;66,50;0,00;31,56
2021.0;11.0;2021-11-01;BRASPINE;PESSEGUEIRO;PR;DOUTOR ULYSSES;109,95;64,79;71,12;19,41;78,47;10,82;26,65;30,52;100,00;172,27;0,00;30,87
2021.0;11.0;2021-11-01;BRASPINE;PITANGA;;;;;56,32;20,37;73,26;10,60;30,82;29,44;99,53;135,70;0,00;1,03
2021.0;11.0;2021-11-01;BRASPINE;QUEIMADINHO ARROIO CLARO;PR;DOUTOR ULYSSES;48,13;19,09;68,23;19,41;78,47;10,82;26,65;30,52;100,00;172,27;0,00;30,87
2021.0;11.0;2021-11-01;BRASPINE;QUEIMADINHO M6042;PR;DOUTOR ULYSSES;48,38;18,50;68,23;19,41;78,47;10,82;26,65;30,52;100,00;172,27;0,00;30,87
2021.0;11.0;2021-11-01;BRASPINE;QUEIMADINHO USUCAPIAO;PR;DOUTOR ULYSSES;200,27;92,43;68,23;19,41;78,47;10,82;26,65;30,52;100,00;172,27;0,00;30,87
2021.0;11.0;2021-11-01;BRASPINE;RAMOS;PR;SENGES;69,83;38,15;70,53;19,15;78,40;10,25;27,16;29,93;100,00;213,17;0,00;2,30
2021.0;11.0;2021-11-01;BRASPINE;RIBEIRAO GRANDE;PR;JAGUARIAIVA;20,77;20,77;67,66;19,08;77,52;9,41;28,41;29,39;99,66;240,59;0,00;0,91
2021.0;11.0;2021-11-01;BRASPINE;RINCAO DE BAIXO;;;;;58,93;20,00;73,15;10,05;28,28;29,67;99,60;144,98;0,00;4,73
2021.0;11.0;2021-11-01;BRASPINE;RIO BOMBA;PR;CERRO AZUL;65,03;37,72;65,21;20,66;75,23;12,31;26,63;31,84;99,91;94,05;0,00;2,45
2021.0;11.0;2021-11-01;BRASPINE;RIO DO MEIO;PR;DOUTOR ULYSSES;712,33;389,13;69,38;19,41;78,47;10,82;26,65;30,52;100,00;172,27;0,00;30,87
2021.0;11.0;2021-11-01;BRASPINE;RONDON;PR;JAGUARIAIVA;2899,24;1475,88;68,04;19,12;77,41;10,01;27,82;29,60;99,81;226,37;0,00;44,69
2021.0;11.0;2021-11-01;BRASPINE;SANTA FELICIDADE;;;;;63,01;20,56;78,28;11,76;25,70;32,91;100,00;107,50;0,00;1,14
2021.0;11.0;2021-11-01;BRASPINE;SANTA LIDIA DO CERCADINHO;;;;;56,31;19,62;73,39;9,87;28,50;29,07;99,54;201,03;0,00;3,49
2021.0;11.0;2021-11-01;BRASPINE;SANTO ANTONIO;;;;;68,87;19,12;77,09;9,54;26,29;30,09;99,98;208,89;0,00;12,24
2021.0;11.0;2021-11-01;BRASPINE;SAO JOSE;PR;JANDAIA DO SUL;37,56;37,56;59,24;23,74;63,76;14,00;19,45;33,92;99,98;28,79;0,00;6,64
2021.0;11.0;2021-11-01;BRASPINE;SAO MATHEUS;;;;;56,71;25,07;62,20;15,42;19,89;35,41;99,99;0,00;0,00;7,43
2021.0;11.0;2021-11-01;BRASPINE;SAO PEDRO E SAO PAULO;PR;SAPOPEMA;709,13;323,93;67,32;21,53;66,90;11,05;19,27;31,81;98,76;93,37;0,00;0,09
2021.0;11.0;2021-11-01;BRASPINE;SAO RAFAEL;;;;;45,12;19,09;77,15;10,45;36,56;29,22;99,54;158,11;0,00;2,03
2021.0;11.0;2021-11-01;BRASPINE;SAO RAFAEL - PB;;;;;67,95;19,22;79,80;10,65;28,05;30,92;100,00;168,59;0,00;1,83
2021.0;11.0;2021-11-01;BRASPINE;SERRARIA;PR;DOUTOR ULYSSES;280,88;117,71;66,54;19,26;78,41;10,76;26,75;30,15;100,00;185,20;0,00;0,56
2021.0;11.0;2021-11-01;BRASPINE;SERRO VERDE;;;;;70,83;19,86;73,59;10,11;35,70;28,91;99,86;162,41;0,00;0,68
2021.0;11.0;2021-11-01;BRASPINE;SERTAOZINHO;PR;DOUTOR ULYSSES;16,25;16,25;73,01;19,41;78,47;10,82;26,65;30,52;100,00;172,27;0,00;30,87
2021.0;11.0;2021-11-01;BRASPINE;SITIO BASILIO;PR;JAGUARIAIVA;8,08;8,08;71,29;19,14;76,68;9,53;28,66;29,08;99,61;225,56;0,00;2,23
2021.0;11.0;2021-11-01;BRASPINE;SITIO DAS MARRECAS;PR;DOUTOR ULYSSES;77,49;35,17;66,13;20,03;78,34;11,58;26,12;31,72;100,00;133,16;0,00;4,14
2021.0;11.0;2021-11-01;BRASPINE;SOBRADINHO;SP;BOM SUCESSO DE ITARARE;285,80;123,10;64,92;18,97;78,20;9,09;27,55;30,12;100,00;221,33;0,00;324,56
2021.0;11.0;2021-11-01;BRASPINE;TAQUARAL;PR;JAGUARIAIVA;519,13;31,07;70,86;19,18;77,49;9,74;29,31;29,50;100,00;196,57;0,00;53,56
2021.0;11.0;2021-11-01;BRASPINE;TUCUNDUVA;PR;SENGES;82,21;60,89;73,45;19,91;73,59;10,04;24,17;30,34;99,41;128,34;0,00;41,12
2021.0;11.0;2021-11-01;BRASPINE;TUCUNDUVA - CHAMMA;;;;;70,91;20,06;73,22;10,75;23,51;30,58;98,54;130,91;0,00;41,02
2021.0;11.0;2021-11-01;BRASPINE;VIENA 1;PR;DOUTOR ULYSSES;263,98;178,34;67,90;18,92;78,33;10,03;29,12;29,22;100,00;240,50;0,00;2,65
2021.0;11.0;2021-11-01;BRASPINE;VIENA 2;PR;CERRO AZUL;140,23;96,54;65,24;20,66;75,23;12,31;26,63;31,84;99,91;94,05;0,00;2,45
2021.0;11.0;2021-11-01;BRASPINE;VITORIA;PR;SENGES;50,54;35,69;66,24;19,12;76,83;10,17;26,58;29,82;99,81;225,73;0,00;28,21
2021.0;11.0;2021-11-01;BRASPINE;VIVEIRO;PR;DOUTOR ULYSSES;405,39;261,22;69,79;19,41;78,47;10,82;26,65;30,52;100,00;172,27;0,00;30,87
2021.0;11.0;2021-11-01;BRASPINE;VO LINO;PR;DOUTOR ULYSSES;164,50;97,89;66,71;19,51;78,49;11,11;26,40;30,69;100,00;143,41;0,00;341,53
2021.0;11.0;2021-11-01;BRASPINE;XAXIM VELHO;;;;;52,99;18,77;77,63;9,23;34,11;28,05;99,99;267,34;0,00;2,74
2021.0;12.0;2021-12-01;BRASPINE;AGUA DOCE;PR;JAGUARIAIVA;238,97;121,99;109,44;20,05;75,61;10,70;27,94;30,24;99,85;156,86;0,00;5,07
2021.0;12.0;2021-12-01;BRASPINE;AMATA;;;;;69,36;22,25;72,88;12,74;21,76;34,29;100,00;57,46;0,00;0,12
2021.0;12.0;2021-12-01;BRASPINE;ANTA BRAVA;;;;;96,36;23,25;68,72;15,41;19,86;35,20;98,53;0,00;0,00;13,41
2021.0;12.0;2021-12-01;BRASPINE;ARAPONGAS;PR;SENGES;423,34;263,70;118,94;20,20;77,88;11,41;23,38;31,78;100,00;163,83;0,00;2,43
2021.0;12.0;2021-12-01;BRASPINE;ARROIO CLARO;PR;DOUTOR ULYSSES;275,14;92,00;95,14;20,37;77,46;11,42;22,38;32,18;100,00;150,73;0,00;1,52
2021.0;12.0;2021-12-01;BRASPINE;BARRA GRANDE;PR;DOUTOR ULYSSES;493,79;139,68;95,67;20,74;77,99;11,93;22,17;33,02;100,00;124,18;0,00;0,85
2021.0;12.0;2021-12-01;BRASPINE;BARRA GRANDE - BEMAIS;PR;GUARAPUAVA;299,16;108,61;63,04;21,02;68,33;11,10;27,99;29,96;99,89;118,27;0,00;4,82
2021.0;12.0;2021-12-01;BRASPINE;BARRETOS;PR;JAGUARIAIVA;43,35;32,98;120,12;20,01;77,39;10,92;25,50;30,96;99,99;174,41;0,00;4,58
2021.0;12.0;2021-12-01;BRASPINE;BAU;;;;;55,08;21,47;64,44;10,85;26,40;30,06;99,27;135,32;0,00;1,39
2021.0;12.0;2021-12-01;BRASPINE;BOA VISTA II;PR;PIRAI DO SUL;944,00;535,05;110,05;19,95;76,76;10,64;27,42;30,44;99,95;186,07;0,00;5,14
2021.0;12.0;2021-12-01;BRASPINE;BRASILEIRA;;;;;98,16;20,20;77,88;11,41;23,38;31,78;100,00;163,83;0,00;2,43
2021.0;12.0;2021-12-01;BRASPINE;BURACAO;;;;;66,71;20,33;75,38;11,33;29,33;30,50;99,81;163,27;0,00;1,09
2021.0;12.0;2021-12-01;BRASPINE;BURRINHO;PR;DOUTOR ULYSSES;211,01;100,37;94,73;20,37;77,46;11,42;22,38;32,18;100,00;150,73;0,00;1,52
2021.0;12.0;2021-12-01;BRASPINE;CADEADO I;PR;JAGUARIAIVA;21,07;12,29;117,54;19,93;77,65;10,93;24,72;31,01;100,00;174,63;0,00;3,82
2021.0;12.0;2021-12-01;BRASPINE;CADEADO II;PR;JAGUARIAIVA;21,88;16,79;117,54;19,93;77,65;10,93;24,72;31,01;100,00;174,63;0,00;3,82
2021.0;12.0;2021-12-01;BRASPINE;CAMPINA ALTA;PR;TIBAGI;29,77;18,24;78,65;22,16;67,40;11,68;27,95;31,50;99,68;108,39;0,00;0,23
2021.0;12.0;2021-12-01;BRASPINE;CAMPINA DO ELIAS;PR;JAGUARIAIVA;29,17;14,65;115,29;19,98;77,48;10,92;25,22;30,98;99,99;189,60;0,00;4,33
2021.0;12.0;2021-12-01;BRASPINE;CAMPO NOVO;PR;JAGUARIAIVA;295,98;156,36;124,52;19,93;77,65;10,93;24,72;31,01;100,00;174,63;0,00;3,82
2021.0;12.0;2021-12-01;BRASPINE;CONSULTORIA II A;PR;DOUTOR ULYSSES;89,62;60,79;102,30;20,20;77,88;11,41;23,38;31,78;100,00;163,83;0,00;2,43
2021.0;12.0;2021-12-01;BRASPINE;DINIZ;;;;;108,85;20,20;77,88;11,41;23,38;31,78;100,00;163,83;0,00;2,43
2021.0;12.0;2021-12-01;BRASPINE;ENES;PR;JAGUARIAIVA;5,93;5,69;125,34;19,93;77,65;10,93;24,72;31,01;100,00;174,63;0,00;3,82
2021.0;12.0;2021-12-01;BRASPINE;ENGENHARIA;;;;;108,85;20,20;77,88;11,41;23,38;31,78;100,00;163,83;0,00;2,43
2021.0;12.0;2021-12-01;BRASPINE;ESTACAO;PR;SENGES;4,76;4,14;112,13;19,93;77,65;10,93;24,72;31,01;100,00;174,63;0,00;3,82
2021.0;12.0;2021-12-01;BRASPINE;FAXINAL;PR;JAGUARIAIVA;20,65;20,65;125,34;19,93;77,65;10,93;24,72;31,01;100,00;174,63;0,00;3,82
2021.0;12.0;2021-12-01;BRASPINE;FEITAL;PR;DOUTOR ULYSSES;154,17;86,53;98,14;20,38;77,91;11,59;22,98;32,20;100,00;150,85;0,00;1,93
2021.0;12.0;2021-12-01;BRASPINE;FIGUEIRA;PR;DOUTOR ULYSSES;1053,81;315,71;95,71;20,37;77,46;11,42;22,38;32,18;100,00;150,73;0,00;1,52
2021.0;12.0;2021-12-01;BRASPINE;FIGUEIRINHA;PR;DOUTOR ULYSSES;94,37;56,74;88,78;20,37;77,46;11,42;22,38;32,18;100,00;150,73;0,00;1,52
2021.0;12.0;2021-12-01;BRASPINE;FLOEMA;PR;DOUTOR ULYSSES;2189,88;701,43;106,67;19,85;77,14;10,58;24,02;30,90;100,00;188,17;0,00;0,95
2021.0;12.0;2021-12-01;BRASPINE;FLOEMA I - SUDATI;;;;;115,01;20,20;77,88;11,41;23,38;31,78;100,00;163,83;0,00;2,43
2021.0;12.0;2021-12-01;BRASPINE;FLOEMA II - SUDATI;PR;DOUTOR ULYSSES;453,83;211,13;104,96;20,20;77,88;11,41;23,38;31,78;100,00;163,83;0,00;2,43
2021.0;12.0;2021-12-01;BRASPINE;FLOR DA SERRA;PR;SAO JOSE DA BOA VISTA;209,10;128,72;116,95;22,65;66,69;13,67;19,89;34,02;98,59;42,59;0,00;11,48
2021.0;12.0;2021-12-01;BRASPINE;GENTIL;PR;JAGUARIAIVA;126,77;53,33;107,68;19,94;74,98;10,48;28,22;29,97;99,57;185,41;0,00;6,49
2021.0;12.0;2021-12-01;BRASPINE;GUAIRACA;PR;GUARAPUAVA;623,62;169,31;69,03;21,13;68,44;11,27;29,36;30,10;99,90;104,62;0,00;7,76
2021.0;12.0;2021-12-01;BRASPINE;HERVAL 2 - MADALOSSO;;;;;67,14;20,33;75,38;11,33;29,33;30,50;99,81;163,27;0,00;1,09
2021.0;12.0;2021-12-01;BRASPINE;HERVAL DE BAIXO;PR;RESERVA;827,29;475,92;59,24;22,30;66,48;11,46;25,91;31,79;99,52;107,50;0,00;8,76
2021.0;12.0;2021-12-01;BRASPINE;HORTO 01;PR;TURVO;19,12;19,12;58,64;22,03;66,42;11,57;26,05;31,33;99,71;92,75;0,00;1,27
2021.0;12.0;2021-12-01;BRASPINE;HORTO 02;PR;TURVO;4,24;4,24;57,39;22,03;66,42;11,57;26,05;31,33;99,71;92,75;0,00;1,27
2021.0;12.0;2021-12-01;BRASPINE;HORTO 03;PR;PRUDENTOPOLIS;80,91;25,89;61,58;22,50;65,46;12,27;24,15;31,93;99,64;66,36;0,00;8,86
2021.0;12.0;2021-12-01;BRASPINE;HORTO 08;PR;TURVO;9,53;9,53;63,43;22,50;65,46;12,27;24,15;31,93;99,64;66,36;0,00;8,86
2021.0;12.0;2021-12-01;BRASPINE;HORTO 12;PR;PRUDENTOPOLIS;12,20;12,20;61,18;22,50;65,46;12,27;24,15;31,93;99,64;66,36;0,00;8,86
2021.0;12.0;2021-12-01;BRASPINE;IZAU;PR;PIRAI DO SUL;19,37;11,60;111,06;19,95;75,60;10,53;27,03;30,34;99,56;185,62;0,00;0,59
2021.0;12.0;2021-12-01;BRASPINE;JOAO RICO;PR;JAGUARIAIVA;47,46;26,18;109,27;20,05;75,61;10,70;27,94;30,24;99,85;156,86;0,00;5,07
2021.0;12.0;2021-12-01;BRASPINE;LAGOA;PR;JAGUARIAIVA;24,10;10,78;110,07;19,93;77,65;10,93;24,72;31,01;100,00;174,63;0,00;3,82
2021.0;12.0;2021-12-01;BRASPINE;MARACANA;PR;JANDAIA DO SUL;11,45;11,45;45,25;24,81;57,62;15,19;19,11;34,41;95,02;0,00;0,00;0,94
2021.0;12.0;2021-12-01;BRASPINE;MARRECA;;;;;89,41;20,37;77,46;11,42;22,38;32,18;100,00;150,73;0,00;1,52
2021.0;12.0;2021-12-01;BRASPINE;MARRECA SP;SP;ITAPIRAPUA PAULISTA;675,30;236,19;93,15;21,15;77,38;12,64;21,09;33,79;100,00;97,95;0,00;3,86
2021.0;12.0;2021-12-01;BRASPINE;MARRECAS;;;;;66,89;20,48;69,22;10,63;29,46;29,20;99,91;143,25;0,00;340,39
2021.0;12.0;2021-12-01;BRASPINE;MERCADINHO;;;;;86,22;21,30;75,21;12,23;21,38;33,38;100,00;68,13;0,00;4,17
2021.0;12.0;2021-12-01;BRASPINE;MONTE ALEGRE;;;;;42,65;25,44;56,34;15,73;19,22;35,06;98,72;0,00;0,00;0,97
2021.0;12.0;2021-12-01;BRASPINE;MONTE TABOR II;;;;;94,32;20,05;80,43;11,81;23,62;32,62;100,00;152,03;0,00;3,06
2021.0;12.0;2021-12-01;BRASPINE;MOREIRA;PR;DOUTOR ULYSSES;230,52;68,68;104,96;20,20;77,88;11,41;23,38;31,78;100,00;163,83;0,00;2,43
2021.0;12.0;2021-12-01;BRASPINE;MOREIRAS II;PR;DOUTOR ULYSSES;66,76;28,75;101,89;20,20;77,88;11,41;23,38;31,78;100,00;163,83;0,00;2,43
2021.0;12.0;2021-12-01;BRASPINE;MORRETES;PR;ORTIGUEIRA;20,36;20,36;59,50;22,99;64,73;11,77;23,23;32,79;99,37;79,82;0,00;2,11
2021.0;12.0;2021-12-01;BRASPINE;MORRO AZUL;;;;;105,83;20,22;79,27;11,92;22,74;32,36;100,00;164,03;0,00;0,07
2021.0;12.0;2021-12-01;BRASPINE;OURO FINO;SP;APIAI;51,70;51,70;96,04;19,77;80,93;11,75;23,78;31,99;100,00;176,38;0,00;1,64
2021.0;12.0;2021-12-01;BRASPINE;PALMEIRINHA DE BAIXO - SOSSEGO;PR;SENGES;85,93;9,22;123,50;19,77;77,03;11,04;24,91;30,58;99,87;172,08;0,00;11,89
2021.0;12.0;2021-12-01;BRASPINE;PAZIN;PR;DOUTOR ULYSSES;41,20;23,90;96,00;20,37;77,46;11,42;22,38;32,18;100,00;150,73;0,00;1,52
2021.0;12.0;2021-12-01;BRASPINE;PEDRAS;PR;CASTRO;7,18;7,18;108,06;19,96;76,03;10,53;30,62;29,81;99,54;185,05;0,00;4,52
2021.0;12.0;2021-12-01;BRASPINE;PESCARIA;PR;SAO JOSE DA BOA VISTA;184,57;129,22;117,53;22,73;67,05;13,64;19,47;34,23;98,18;42,80;0,00;0,16
2021.0;12.0;2021-12-01;BRASPINE;PESSEGUEIRO;PR;DOUTOR ULYSSES;109,95;64,79;103,40;20,20;77,88;11,41;23,38;31,78;100,00;163,83;0,00;2,43
2021.0;12.0;2021-12-01;BRASPINE;PITANGA;;;;;44,37;22,51;62,38;11,65;25,51;31,49;98,62;66,75;0,00;1,69
2021.0;12.0;2021-12-01;BRASPINE;QUEIMADINHO ARROIO CLARO;PR;DOUTOR ULYSSES;48,13;19,09;98,16;20,20;77,88;11,41;23,38;31,78;100,00;163,83;0,00;2,43
2021.0;12.0;2021-12-01;BRASPINE;QUEIMADINHO M6042;PR;DOUTOR ULYSSES;48,38;18,50;98,16;20,20;77,88;11,41;23,38;31,78;100,00;163,83;0,00;2,43
2021.0;12.0;2021-12-01;BRASPINE;QUEIMADINHO USUCAPIAO;PR;DOUTOR ULYSSES;200,27;92,43;98,16;20,20;77,88;11,41;23,38;31,78;100,00;163,83;0,00;2,43
2021.0;12.0;2021-12-01;BRASPINE;RAMOS;PR;SENGES;69,83;38,15;115,01;19,93;77,65;10,93;24,72;31,01;100,00;174,63;0,00;3,82
2021.0;12.0;2021-12-01;BRASPINE;RIBEIRAO GRANDE;PR;JAGUARIAIVA;20,77;20,77;107,54;19,95;75,60;10,53;27,03;30,34;99,56;185,62;0,00;0,59
2021.0;12.0;2021-12-01;BRASPINE;RINCAO DE BAIXO;;;;;96,44;21,16;68,62;11,07;28,37;30,23;98,34;147,28;0,00;4,23
2021.0;12.0;2021-12-01;BRASPINE;RIO BOMBA;PR;CERRO AZUL;65,03;37,72;82,11;21,75;72,72;12,17;22,79;33,14;99,96;69,43;0,00;1,09
2021.0;12.0;2021-12-01;BRASPINE;RIO DO MEIO;PR;DOUTOR ULYSSES;712,33;389,13;100,89;20,20;77,88;11,41;23,38;31,78;100,00;163,83;0,00;2,43
2021.0;12.0;2021-12-01;BRASPINE;RONDON;PR;JAGUARIAIVA;2899,24;1475,88;119,45;19,82;77,09;10,94;26,41;30,41;99,89;172,42;0,00;1,79
2021.0;12.0;2021-12-01;BRASPINE;SANTA FELICIDADE;;;;;83,98;21,51;77,49;13,06;19,93;34,73;100,00;70,39;0,00;1,93
2021.0;12.0;2021-12-01;BRASPINE;SANTA LIDIA DO CERCADINHO;;;;;97,35;20,76;68,99;10,85;28,43;29,66;98,63;144,72;0,00;3,23
2021.0;12.0;2021-12-01;BRASPINE;SANTO ANTONIO;;;;;124,49;19,75;77,67;11,14;24,13;30,86;100,00;171,93;0,00;1,99
2021.0;12.0;2021-12-01;BRASPINE;SAO JOSE;PR;JANDAIA DO SUL;37,56;37,56;42,91;25,23;56,84;15,56;19,44;34,83;98,89;0,00;0,00;1,81
2021.0;12.0;2021-12-01;BRASPINE;SAO MATHEUS;;;;;42,89;26,74;54,53;16,83;19,82;36,15;94,43;0,00;0,00;8,65
2021.0;12.0;2021-12-01;BRASPINE;SAO PEDRO E SAO PAULO;PR;SAPOPEMA;709,13;323,93;95,97;22,53;63,48;12,76;22,31;32,29;98,63;69,26;0,00;3,23
2021.0;12.0;2021-12-01;BRASPINE;SAO RAFAEL;;;;;65,73;20,20;75,10;10,89;31,63;30,25;99,17;133,50;0,00;0,54
2021.0;12.0;2021-12-01;BRASPINE;SAO RAFAEL - PB;;;;;104,46;19,92;80,53;11,86;23,11;32,19;100,00;162,96;0,00;4,80
2021.0;12.0;2021-12-01;BRASPINE;SERRARIA;PR;DOUTOR ULYSSES;280,88;117,71;100,22;20,11;77,30;11,00;23,20;31,54;100,00;162,06;0,00;0,28
2021.0;12.0;2021-12-01;BRASPINE;SERRO VERDE;;;;;51,57;22,05;62,13;11,14;24,83;30,58;99,05;78,58;0,00;0,83
2021.0;12.0;2021-12-01;BRASPINE;SERTAOZINHO;PR;DOUTOR ULYSSES;16,25;16,25;110,19;20,20;77,88;11,41;23,38;31,78;100,00;163,83;0,00;2,43
2021.0;12.0;2021-12-01;BRASPINE;SITIO BASILIO;PR;JAGUARIAIVA;8,08;8,08;109,47;19,97;74,96;10,53;28,52;29,92;99,64;170,70;0,00;6,10
2021.0;12.0;2021-12-01;BRASPINE;SITIO DAS MARRECAS;PR;DOUTOR ULYSSES;77,49;35,17;92,01;20,93;77,40;12,29;21,46;33,33;100,00;111,27;0,00;3,19
2021.0;12.0;2021-12-01;BRASPINE;SOBRADINHO;SP;BOM SUCESSO DE ITARARE;285,80;123,10;108,43;19,58;79,21;11,27;24,50;30,91;100,00;171,63;0,00;15,33
2021.0;12.0;2021-12-01;BRASPINE;TAQUARAL;PR;JAGUARIAIVA;519,13;31,07;113,51;19,92;76,84;10,80;28,08;30,22;100,00;171,89;0,00;3,52
2021.0;12.0;2021-12-01;BRASPINE;TUCUNDUVA;PR;SENGES;82,21;60,89;129,36;20,63;72,90;11,50;24,43;31,23;99,39;148,15;0,00;22,38
2021.0;12.0;2021-12-01;BRASPINE;TUCUNDUVA - CHAMMA;;;;;130,09;20,75;72,77;11,84;23,71;31,45;98,92;120,73;0,00;332,73
2021.0;12.0;2021-12-01;BRASPINE;VIENA 1;PR;DOUTOR ULYSSES;263,98;178,34;99,77;19,78;77,04;10,54;26,53;30,25;100,00;202,01;0,00;1,85
2021.0;12.0;2021-12-01;BRASPINE;VIENA 2;PR;CERRO AZUL;140,23;96,54;81,94;21,75;72,72;12,17;22,79;33,14;99,96;69,43;0,00;1,09
2021.0;12.0;2021-12-01;BRASPINE;VITORIA;PR;SENGES;50,54;35,69;123,50;19,77;77,03;11,04;24,91;30,58;99,87;172,08;0,00;11,89
2021.0;12.0;2021-12-01;BRASPINE;VIVEIRO;PR;DOUTOR ULYSSES;405,39;261,22;101,89;20,20;77,88;11,41;23,38;31,78;100,00;163,83;0,00;2,43
2021.0;12.0;2021-12-01;BRASPINE;VO LINO;PR;DOUTOR ULYSSES;164,50;97,89;91,11;20,37;77,46;11,42;22,38;32,18;100,00;150,73;0,00;1,52
2021.0;12.0;2021-12-01;BRASPINE;XAXIM VELHO;;;;;70,11;20,49;70,59;10,85;30,02;29,31;99,96;143,58;0,00;1,12
