ANO;MES;DATA;EMPRESA;FAZENDA;UF;MUNICIPIO;AREA_T;AREA_PRODU;PRECIP_CHIRPS_MM;TEMP_MEDIA_C;UMID_MEDIA_PCT;TEMP_MIN_C;UMID_MIN_PCT;TEMP_MAX_C;UMID_MAX_PCT;NOITES_FRIAS_Eucalipto_<15C;NOITES_FRIAS_Pinus_<5C;DIRECAO_VENTO_GRAUS
2006.0;1.0;2006-01-01;BRASPINE;AGUA DOCE;PR;JAGUARIAIVA;238,97;121,99;182,71;21,69;79,87;16,24;34,74;30,81;99,81;0,00;0,00;1,76
2006.0;1.0;2006-01-01;BRASPINE;AMATA;;;;;186,79;23,48;79,40;17,73;27,32;34,24;100,00;0,00;0,00;6,05
2006.0;1.0;2006-01-01;BRASPINE;ANTA BRAVA;;;;;138,84;23,97;78,43;18,39;36,42;32,16;99,80;0,00;0,00;3,51
2006.0;1.0;2006-01-01;BRASPINE;ARAPONGAS;PR;SENGES;423,34;263,70;181,35;21,70;82,31;16,39;30,15;31,26;100,00;0,00;0,00;0,43
2006.0;1.0;2006-01-01;BRASPINE;ARROIO CLARO;PR;DOUTOR ULYSSES;275,14;92,00;188,53;21,92;82,24;16,52;29,07;31,88;100,00;0,00;0,00;2,01
2006.0;1.0;2006-01-01;BRASPINE;BARRA GRANDE;PR;DOUTOR ULYSSES;493,79;139,68;183,68;22,24;82,77;16,89;29,81;32,28;100,00;0,00;0,00;0,04
2006.0;1.0;2006-01-01;BRASPINE;BARRA GRANDE - BEMAIS;PR;GUARAPUAVA;299,16;108,61;186,86;21,36;79,93;15,92;31,47;31,22;99,98;0,00;0,00;1,40
2006.0;1.0;2006-01-01;BRASPINE;BARRETOS;PR;JAGUARIAIVA;43,35;32,98;181,68;21,76;81,33;16,21;31,28;31,12;99,94;0,00;0,00;2,17
2006.0;1.0;2006-01-01;BRASPINE;BAU;;;;;180,25;21,32;80,71;15,87;34,13;30,59;99,80;0,00;0,00;10,48
2006.0;1.0;2006-01-01;BRASPINE;BOA VISTA II;PR;PIRAI DO SUL;944,00;535,05;182,12;21,80;80,55;16,24;33,04;30,90;99,89;0,00;0,00;0,06
2006.0;1.0;2006-01-01;BRASPINE;BRASILEIRA;;;;;173,96;21,70;82,31;16,39;30,15;31,26;100,00;0,00;0,00;0,43
2006.0;1.0;2006-01-01;BRASPINE;BURACAO;;;;;159,91;21,76;80,39;16,46;33,47;30,79;99,83;0,00;0,00;1,46
2006.0;1.0;2006-01-01;BRASPINE;BURRINHO;PR;DOUTOR ULYSSES;211,01;100,37;188,28;21,92;82,24;16,52;29,07;31,88;100,00;0,00;0,00;2,01
2006.0;1.0;2006-01-01;BRASPINE;CADEADO I;PR;JAGUARIAIVA;21,07;12,29;175,28;21,53;81,73;16,16;30,59;30,86;100,00;0,00;0,00;0,95
2006.0;1.0;2006-01-01;BRASPINE;CADEADO II;PR;JAGUARIAIVA;21,88;16,79;175,28;21,53;81,73;16,16;30,59;30,86;100,00;0,00;0,00;0,95
2006.0;1.0;2006-01-01;BRASPINE;CAMPINA ALTA;PR;TIBAGI;29,77;18,24;179,38;22,71;78,89;16,16;32,36;32,51;99,86;0,00;0,00;11,49
2006.0;1.0;2006-01-01;BRASPINE;CAMPINA DO ELIAS;PR;JAGUARIAIVA;29,17;14,65;178,66;21,68;81,47;16,19;31,03;31,02;99,96;0,00;0,00;1,76
2006.0;1.0;2006-01-01;BRASPINE;CAMPO NOVO;PR;JAGUARIAIVA;295,98;156,36;189,61;21,53;81,73;16,16;30,59;30,86;100,00;0,00;0,00;0,95
2006.0;1.0;2006-01-01;BRASPINE;CONSULTORIA II A;PR;DOUTOR ULYSSES;89,62;60,79;179,22;21,70;82,31;16,39;30,15;31,26;100,00;0,00;0,00;0,43
2006.0;1.0;2006-01-01;BRASPINE;DINIZ;;;;;181,83;21,70;82,31;16,39;30,15;31,26;100,00;0,00;0,00;0,43
2006.0;1.0;2006-01-01;BRASPINE;ENES;PR;JAGUARIAIVA;5,93;5,69;190,87;21,53;81,73;16,16;30,59;30,86;100,00;0,00;0,00;0,95
2006.0;1.0;2006-01-01;BRASPINE;ENGENHARIA;;;;;181,83;21,70;82,31;16,39;30,15;31,26;100,00;0,00;0,00;0,43
2006.0;1.0;2006-01-01;BRASPINE;ESTACAO;PR;SENGES;4,76;4,14;177,28;21,53;81,73;16,16;30,59;30,86;100,00;0,00;0,00;0,95
2006.0;1.0;2006-01-01;BRASPINE;FAXINAL;PR;JAGUARIAIVA;20,65;20,65;190,87;21,53;81,73;16,16;30,59;30,86;100,00;0,00;0,00;0,95
2006.0;1.0;2006-01-01;BRASPINE;FEITAL;PR;DOUTOR ULYSSES;154,17;86,53;184,01;21,88;82,47;16,58;30,03;31,60;100,00;0,00;0,00;0,30
2006.0;1.0;2006-01-01;BRASPINE;FIGUEIRA;PR;DOUTOR ULYSSES;1053,81;315,71;183,07;21,92;82,24;16,52;29,07;31,88;100,00;0,00;0,00;2,01
2006.0;1.0;2006-01-01;BRASPINE;FIGUEIRINHA;PR;DOUTOR ULYSSES;94,37;56,74;187,36;21,92;82,24;16,52;29,07;31,88;100,00;0,00;0,00;2,01
2006.0;1.0;2006-01-01;BRASPINE;FLOEMA;PR;DOUTOR ULYSSES;2189,88;701,43;184,68;21,39;81,81;16,02;29,62;30,85;100,00;0,00;0,00;0,52
2006.0;1.0;2006-01-01;BRASPINE;FLOEMA I - SUDATI;;;;;177,78;21,70;82,31;16,39;30,15;31,26;100,00;0,00;0,00;0,43
2006.0;1.0;2006-01-01;BRASPINE;FLOEMA II - SUDATI;PR;DOUTOR ULYSSES;453,83;211,13;181,32;21,70;82,31;16,39;30,15;31,26;100,00;0,00;0,00;0,43
2006.0;1.0;2006-01-01;BRASPINE;FLOR DA SERRA;PR;SAO JOSE DA BOA VISTA;209,10;128,72;143,74;23,28;77,07;17,63;33,54;32,63;99,49;0,00;0,00;0,49
2006.0;1.0;2006-01-01;BRASPINE;GENTIL;PR;JAGUARIAIVA;126,77;53,33;173,68;21,42;79,72;16,07;34,91;30,39;99,75;0,00;0,00;0,56
2006.0;1.0;2006-01-01;BRASPINE;GUAIRACA;PR;GUARAPUAVA;623,62;169,31;181,07;21,64;79,23;16,14;31,45;31,54;99,99;0,00;0,00;0,78
2006.0;1.0;2006-01-01;BRASPINE;HERVAL 2 - MADALOSSO;;;;;155,95;21,76;80,39;16,46;33,47;30,79;99,83;0,00;0,00;1,46
2006.0;1.0;2006-01-01;BRASPINE;HERVAL DE BAIXO;PR;RESERVA;827,29;475,92;196,01;22,69;79,09;16,26;31,85;32,52;99,82;0,00;0,00;3,89
2006.0;1.0;2006-01-01;BRASPINE;HORTO 01;PR;TURVO;19,12;19,12;167,50;22,18;79,47;16,23;31,70;32,05;99,70;0,00;0,00;5,71
2006.0;1.0;2006-01-01;BRASPINE;HORTO 02;PR;TURVO;4,24;4,24;168,77;22,18;79,47;16,23;31,70;32,05;99,70;0,00;0,00;5,71
2006.0;1.0;2006-01-01;BRASPINE;HORTO 03;PR;PRUDENTOPOLIS;80,91;25,89;165,30;22,77;77,98;16,73;29,66;32,96;99,82;0,00;0,00;0,80
2006.0;1.0;2006-01-01;BRASPINE;HORTO 08;PR;TURVO;9,53;9,53;169,08;22,77;77,98;16,73;29,66;32,96;99,82;0,00;0,00;0,80
2006.0;1.0;2006-01-01;BRASPINE;HORTO 12;PR;PRUDENTOPOLIS;12,20;12,20;166,63;22,77;77,98;16,73;29,66;32,96;99,82;0,00;0,00;0,80
2006.0;1.0;2006-01-01;BRASPINE;IZAU;PR;PIRAI DO SUL;19,37;11,60;172,03;21,47;80,20;16,05;33,57;30,51;99,81;0,00;0,00;2,09
2006.0;1.0;2006-01-01;BRASPINE;JOAO RICO;PR;JAGUARIAIVA;47,46;26,18;178,91;21,69;79,87;16,24;34,74;30,81;99,81;0,00;0,00;1,76
2006.0;1.0;2006-01-01;BRASPINE;LAGOA;PR;JAGUARIAIVA;24,10;10,78;174,57;21,53;81,73;16,16;30,59;30,86;100,00;0,00;0,00;0,95
2006.0;1.0;2006-01-01;BRASPINE;MARACANA;PR;JANDAIA DO SUL;11,45;11,45;108,99;23,90;78,34;18,68;35,49;32,87;99,91;0,00;0,00;11,54
2006.0;1.0;2006-01-01;BRASPINE;MARRECA;;;;;185,38;21,92;82,24;16,52;29,07;31,88;100,00;0,00;0,00;2,01
2006.0;1.0;2006-01-01;BRASPINE;MARRECA SP;SP;ITAPIRAPUA PAULISTA;675,30;236,19;197,29;22,69;82,43;17,28;28,86;33,13;100,00;0,00;0,00;0,35
2006.0;1.0;2006-01-01;BRASPINE;MARRECAS;;;;;184,49;20,79;80,73;15,51;32,05;30,54;100,00;0,00;0,00;2,73
2006.0;1.0;2006-01-01;BRASPINE;MERCADINHO;;;;;184,07;22,62;80,81;17,14;27,71;33,05;100,00;0,00;0,00;0,56
2006.0;1.0;2006-01-01;BRASPINE;MONTE ALEGRE;;;;;114,54;24,43;77,37;19,17;34,92;33,34;99,79;0,00;0,00;37,27
2006.0;1.0;2006-01-01;BRASPINE;MONTE TABOR II;;;;;155,80;21,72;84,35;16,20;32,71;31,40;100,00;0,00;0,00;9,56
2006.0;1.0;2006-01-01;BRASPINE;MOREIRA;PR;DOUTOR ULYSSES;230,52;68,68;181,32;21,70;82,31;16,39;30,15;31,26;100,00;0,00;0,00;0,43
2006.0;1.0;2006-01-01;BRASPINE;MOREIRAS II;PR;DOUTOR ULYSSES;66,76;28,75;178,90;21,70;82,31;16,39;30,15;31,26;100,00;0,00;0,00;0,43
2006.0;1.0;2006-01-01;BRASPINE;MORRETES;PR;ORTIGUEIRA;20,36;20,36;191,65;23,18;78,78;16,67;31,74;33,04;99,78;0,00;0,00;3,22
2006.0;1.0;2006-01-01;BRASPINE;MORRO AZUL;;;;;168,40;21,91;83,19;16,55;30,27;31,87;100,00;0,00;0,00;1,07
2006.0;1.0;2006-01-01;BRASPINE;OURO FINO;SP;APIAI;51,70;51,70;140,82;21,56;84,29;16,09;31,80;31,25;100,00;0,00;0,00;14,70
2006.0;1.0;2006-01-01;BRASPINE;PALMEIRINHA DE BAIXO - SOSSEGO;PR;SENGES;85,93;9,22;168,06;21,27;80,96;15,97;32,35;30,54;99,77;0,00;0,00;2,17
2006.0;1.0;2006-01-01;BRASPINE;PAZIN;PR;DOUTOR ULYSSES;41,20;23,90;188,68;21,92;82,24;16,52;29,07;31,88;100,00;0,00;0,00;2,01
2006.0;1.0;2006-01-01;BRASPINE;PEDRAS;PR;CASTRO;7,18;7,18;169,61;21,56;80,69;16,25;34,52;30,22;99,77;0,00;0,00;5,23
2006.0;1.0;2006-01-01;BRASPINE;PESCARIA;PR;SAO JOSE DA BOA VISTA;184,57;129,22;153,80;23,51;76,26;17,75;30,90;33,51;99,58;0,00;0,00;0,94
2006.0;1.0;2006-01-01;BRASPINE;PESSEGUEIRO;PR;DOUTOR ULYSSES;109,95;64,79;177,46;21,70;82,31;16,39;30,15;31,26;100,00;0,00;0,00;0,43
2006.0;1.0;2006-01-01;BRASPINE;PITANGA;;;;;208,92;22,01;80,24;16,33;34,39;31,23;99,81;0,00;0,00;3,98
2006.0;1.0;2006-01-01;BRASPINE;QUEIMADINHO ARROIO CLARO;PR;DOUTOR ULYSSES;48,13;19,09;173,96;21,70;82,31;16,39;30,15;31,26;100,00;0,00;0,00;0,43
2006.0;1.0;2006-01-01;BRASPINE;QUEIMADINHO M6042;PR;DOUTOR ULYSSES;48,38;18,50;173,96;21,70;82,31;16,39;30,15;31,26;100,00;0,00;0,00;0,43
2006.0;1.0;2006-01-01;BRASPINE;QUEIMADINHO USUCAPIAO;PR;DOUTOR ULYSSES;200,27;92,43;173,96;21,70;82,31;16,39;30,15;31,26;100,00;0,00;0,00;0,43
2006.0;1.0;2006-01-01;BRASPINE;RAMOS;PR;SENGES;69,83;38,15;177,78;21,53;81,73;16,16;30,59;30,86;100,00;0,00;0,00;0,95
2006.0;1.0;2006-01-01;BRASPINE;RIBEIRAO GRANDE;PR;JAGUARIAIVA;20,77;20,77;173,96;21,47;80,20;16,05;33,57;30,51;99,81;0,00;0,00;2,09
2006.0;1.0;2006-01-01;BRASPINE;RINCAO DE BAIXO;;;;;173,65;22,16;76,92;15,75;31,37;31,59;99,82;0,00;0,00;13,37
2006.0;1.0;2006-01-01;BRASPINE;RIO BOMBA;PR;CERRO AZUL;65,03;37,72;182,05;23,01;79,30;17,56;27,55;33,45;99,99;0,00;0,00;1,66
2006.0;1.0;2006-01-01;BRASPINE;RIO DO MEIO;PR;DOUTOR ULYSSES;712,33;389,13;177,60;21,70;82,31;16,39;30,15;31,26;100,00;0,00;0,00;0,43
2006.0;1.0;2006-01-01;BRASPINE;RONDON;PR;JAGUARIAIVA;2899,24;1475,88;164,05;21,38;80,92;15,86;32,82;30,60;99,77;0,00;0,00;2,27
2006.0;1.0;2006-01-01;BRASPINE;SANTA FELICIDADE;;;;;202,10;23,13;82,55;17,48;28,65;33,90;100,00;0,00;0,00;0,50
2006.0;1.0;2006-01-01;BRASPINE;SANTA LIDIA DO CERCADINHO;;;;;168,36;21,77;77,15;15,43;32,17;30,87;99,86;0,00;0,00;11,57
2006.0;1.0;2006-01-01;BRASPINE;SANTO ANTONIO;;;;;163,11;21,30;81,57;15,88;31,90;30,53;100,00;0,00;0,00;9,25
2006.0;1.0;2006-01-01;BRASPINE;SAO JOSE;PR;JANDAIA DO SUL;37,56;37,56;113,66;24,26;77,58;19,01;35,15;33,15;99,87;0,00;0,00;13,29
2006.0;1.0;2006-01-01;BRASPINE;SAO MATHEUS;;;;;111,88;25,68;76,27;19,72;33,83;34,91;99,52;0,00;0,00;1,74
2006.0;1.0;2006-01-01;BRASPINE;SAO PEDRO E SAO PAULO;PR;SAPOPEMA;709,13;323,93;157,04;22,58;79,02;16,84;38,95;30,85;99,63;0,00;0,00;3,20
2006.0;1.0;2006-01-01;BRASPINE;SAO RAFAEL;;;;;138,20;21,72;80,80;15,88;38,09;30,28;99,74;0,00;0,00;4,90
2006.0;1.0;2006-01-01;BRASPINE;SAO RAFAEL - PB;;;;;162,53;21,70;84,00;16,30;31,06;31,51;100,00;0,00;0,00;17,20
2006.0;1.0;2006-01-01;BRASPINE;SERRARIA;PR;DOUTOR ULYSSES;280,88;117,71;180,61;21,65;82,03;16,27;29,35;31,37;100,00;0,00;0,00;0,07
2006.0;1.0;2006-01-01;BRASPINE;SERRO VERDE;;;;;194,37;21,67;79,76;16,01;33,62;31,01;99,74;0,00;0,00;1,87
2006.0;1.0;2006-01-01;BRASPINE;SERTAOZINHO;PR;DOUTOR ULYSSES;16,25;16,25;179,75;21,70;82,31;16,39;30,15;31,26;100,00;0,00;0,00;0,43
2006.0;1.0;2006-01-01;BRASPINE;SITIO BASILIO;PR;JAGUARIAIVA;8,08;8,08;182,06;21,48;79,62;16,12;35,16;30,46;99,75;0,00;0,00;3,61
2006.0;1.0;2006-01-01;BRASPINE;SITIO DAS MARRECAS;PR;DOUTOR ULYSSES;77,49;35,17;189,42;22,47;82,38;17,10;28,92;32,77;100,00;0,00;0,00;0,82
2006.0;1.0;2006-01-01;BRASPINE;SOBRADINHO;SP;BOM SUCESSO DE ITARARE;285,80;123,10;146,17;21,16;82,94;15,67;32,09;30,60;100,00;0,00;0,00;18,50
2006.0;1.0;2006-01-01;BRASPINE;TAQUARAL;PR;JAGUARIAIVA;519,13;31,07;179,26;21,65;80,62;16,08;34,00;30,78;99,96;0,00;0,00;0,79
2006.0;1.0;2006-01-01;BRASPINE;TUCUNDUVA;PR;SENGES;82,21;60,89;166,67;22,01;78,05;16,61;33,31;31,50;99,51;0,00;0,00;0,59
2006.0;1.0;2006-01-01;BRASPINE;TUCUNDUVA - CHAMMA;;;;;166,13;22,03;78,22;16,62;32,79;31,63;99,49;0,00;0,00;1,00
2006.0;1.0;2006-01-01;BRASPINE;VIENA 1;PR;DOUTOR ULYSSES;263,98;178,34;186,82;21,32;81,63;15,98;31,85;30,33;100,00;0,00;0,00;1,73
2006.0;1.0;2006-01-01;BRASPINE;VIENA 2;PR;CERRO AZUL;140,23;96,54;181,93;23,01;79,30;17,56;27,55;33,45;99,99;0,00;0,00;1,66
2006.0;1.0;2006-01-01;BRASPINE;VITORIA;PR;SENGES;50,54;35,69;168,06;21,27;80,96;15,97;32,35;30,54;99,77;0,00;0,00;2,17
2006.0;1.0;2006-01-01;BRASPINE;VIVEIRO;PR;DOUTOR ULYSSES;405,39;261,22;178,90;21,70;82,31;16,39;30,15;31,26;100,00;0,00;0,00;0,43
2006.0;1.0;2006-01-01;BRASPINE;VO LINO;PR;DOUTOR ULYSSES;164,50;97,89;186,24;21,92;82,24;16,52;29,07;31,88;100,00;0,00;0,00;2,01
2006.0;1.0;2006-01-01;BRASPINE;XAXIM VELHO;;;;;184,28;21,16;79,65;14,90;30,85;31,14;100,00;14,90;0,00;0,02
2006.0;2.0;2006-02-01;BRASPINE;AGUA DOCE;PR;JAGUARIAIVA;238,97;121,99;127,06;20,89;84,33;12,46;38,18;28,91;99,89;26,56;0,00;13,25
2006.0;2.0;2006-02-01;BRASPINE;AMATA;;;;;124,95;22,73;82,45;14,58;34,77;33,39;100,00;14,58;0,00;9,19
2006.0;2.0;2006-02-01;BRASPINE;ANTA BRAVA;;;;;187,99;23,29;83,92;17,59;52,67;30,89;99,53;0,00;0,00;23,19
2006.0;2.0;2006-02-01;BRASPINE;ARAPONGAS;PR;SENGES;423,34;263,70;140,21;21,05;85,66;14,11;36,85;30,13;100,00;29,04;0,00;5,68
2006.0;2.0;2006-02-01;BRASPINE;ARROIO CLARO;PR;DOUTOR ULYSSES;275,14;92,00;136,10;21,30;85,20;14,34;36,49;30,96;100,00;14,34;0,00;5,57
2006.0;2.0;2006-02-01;BRASPINE;BARRA GRANDE;PR;DOUTOR ULYSSES;493,79;139,68;176,93;21,57;85,94;14,72;37,44;31,12;100,00;14,72;0,00;4,31
2006.0;2.0;2006-02-01;BRASPINE;BARRA GRANDE - BEMAIS;PR;GUARAPUAVA;299,16;108,61;123,44;20,37;83,63;11,26;42,56;29,13;99,98;39,03;0,00;37,93
2006.0;2.0;2006-02-01;BRASPINE;BARRETOS;PR;JAGUARIAIVA;43,35;32,98;127,67;21,04;85,05;14,06;36,99;29,62;100,00;28,82;0,00;14,67
2006.0;2.0;2006-02-01;BRASPINE;BAU;;;;;112,16;20,22;84,57;10,56;48,35;27,95;99,87;38,08;0,00;0,44
2006.0;2.0;2006-02-01;BRASPINE;BOA VISTA II;PR;PIRAI DO SUL;944,00;535,05;122,94;21,03;84,55;13,59;38,00;29,35;99,98;27,99;0,00;17,40
2006.0;2.0;2006-02-01;BRASPINE;BRASILEIRA;;;;;164,70;21,05;85,66;14,11;36,85;30,13;100,00;29,04;0,00;5,68
2006.0;2.0;2006-02-01;BRASPINE;BURACAO;;;;;88,96;21,08;83,65;14,12;39,19;30,04;99,88;14,12;0,00;3,02
2006.0;2.0;2006-02-01;BRASPINE;BURRINHO;PR;DOUTOR ULYSSES;211,01;100,37;137,39;21,30;85,20;14,34;36,49;30,96;100,00;14,34;0,00;5,57
2006.0;2.0;2006-02-01;BRASPINE;CADEADO I;PR;JAGUARIAIVA;21,07;12,29;129,82;20,87;85,26;13,86;36,49;29,61;100,00;58,00;0,00;10,92
2006.0;2.0;2006-02-01;BRASPINE;CADEADO II;PR;JAGUARIAIVA;21,88;16,79;129,82;20,87;85,26;13,86;36,49;29,61;100,00;58,00;0,00;10,92
2006.0;2.0;2006-02-01;BRASPINE;CAMPINA ALTA;PR;TIBAGI;29,77;18,24;123,50;21,68;83,82;12,15;36,17;30,74;99,92;12,15;0,00;8,58
2006.0;2.0;2006-02-01;BRASPINE;CAMPINA DO ELIAS;PR;JAGUARIAIVA;29,17;14,65;124,98;20,98;85,13;13,99;36,81;29,62;100,00;28,70;0,00;13,43
2006.0;2.0;2006-02-01;BRASPINE;CAMPO NOVO;PR;JAGUARIAIVA;295,98;156,36;130,38;20,87;85,26;13,86;36,49;29,61;100,00;58,00;0,00;10,92
2006.0;2.0;2006-02-01;BRASPINE;CONSULTORIA II A;PR;DOUTOR ULYSSES;89,62;60,79;157,35;21,05;85,66;14,11;36,85;30,13;100,00;29,04;0,00;5,68
2006.0;2.0;2006-02-01;BRASPINE;DINIZ;;;;;168,03;21,05;85,66;14,11;36,85;30,13;100,00;29,04;0,00;5,68
2006.0;2.0;2006-02-01;BRASPINE;ENES;PR;JAGUARIAIVA;5,93;5,69;128,81;20,87;85,26;13,86;36,49;29,61;100,00;58,00;0,00;10,92
2006.0;2.0;2006-02-01;BRASPINE;ENGENHARIA;;;;;168,03;21,05;85,66;14,11;36,85;30,13;100,00;29,04;0,00;5,68
2006.0;2.0;2006-02-01;BRASPINE;ESTACAO;PR;SENGES;4,76;4,14;135,47;20,87;85,26;13,86;36,49;29,61;100,00;58,00;0,00;10,92
2006.0;2.0;2006-02-01;BRASPINE;FAXINAL;PR;JAGUARIAIVA;20,65;20,65;128,81;20,87;85,26;13,86;36,49;29,61;100,00;58,00;0,00;10,92
2006.0;2.0;2006-02-01;BRASPINE;FEITAL;PR;DOUTOR ULYSSES;154,17;86,53;166,95;21,23;85,75;14,31;37,05;30,46;100,00;14,31;0,00;3,73
2006.0;2.0;2006-02-01;BRASPINE;FIGUEIRA;PR;DOUTOR ULYSSES;1053,81;315,71;151,80;21,30;85,20;14,34;36,49;30,96;100,00;14,34;0,00;5,57
2006.0;2.0;2006-02-01;BRASPINE;FIGUEIRINHA;PR;DOUTOR ULYSSES;94,37;56,74;152,13;21,30;85,20;14,34;36,49;30,96;100,00;14,34;0,00;5,57
2006.0;2.0;2006-02-01;BRASPINE;FLOEMA;PR;DOUTOR ULYSSES;2189,88;701,43;125,47;20,77;84,96;13,80;36,31;29,95;100,00;43,06;0,00;5,60
2006.0;2.0;2006-02-01;BRASPINE;FLOEMA I - SUDATI;;;;;136,34;21,05;85,66;14,11;36,85;30,13;100,00;29,04;0,00;5,68
2006.0;2.0;2006-02-01;BRASPINE;FLOEMA II - SUDATI;PR;DOUTOR ULYSSES;453,83;211,13;156,65;21,05;85,66;14,11;36,85;30,13;100,00;29,04;0,00;5,68
2006.0;2.0;2006-02-01;BRASPINE;FLOR DA SERRA;PR;SAO JOSE DA BOA VISTA;209,10;128,72;153,97;22,50;81,47;14,40;39,31;30,67;99,79;14,40;0,00;0,45
2006.0;2.0;2006-02-01;BRASPINE;GENTIL;PR;JAGUARIAIVA;126,77;53,33;120,39;20,61;84,21;12,47;38,49;28,51;99,76;41,31;0,00;17,61
2006.0;2.0;2006-02-01;BRASPINE;GUAIRACA;PR;GUARAPUAVA;623,62;169,31;108,87;20,60;82,98;10,83;43,79;29,62;99,95;38,13;0,00;72,04
2006.0;2.0;2006-02-01;BRASPINE;HERVAL 2 - MADALOSSO;;;;;89,70;21,08;83,65;14,12;39,19;30,04;99,88;14,12;0,00;3,02
2006.0;2.0;2006-02-01;BRASPINE;HERVAL DE BAIXO;PR;RESERVA;827,29;475,92;117,16;21,69;83,58;12,35;35,91;30,72;99,90;27,34;0,00;6,22
2006.0;2.0;2006-02-01;BRASPINE;HORTO 01;PR;TURVO;19,12;19,12;126,81;21,16;83,26;11,25;43,04;29,45;99,92;39,92;0,00;26,60
2006.0;2.0;2006-02-01;BRASPINE;HORTO 02;PR;TURVO;4,24;4,24;125,81;21,16;83,26;11,25;43,04;29,45;99,92;39,92;0,00;26,60
2006.0;2.0;2006-02-01;BRASPINE;HORTO 03;PR;PRUDENTOPOLIS;80,91;25,89;131,84;21,75;81,55;11,55;39,39;30,60;99,98;40,74;0,00;18,19
2006.0;2.0;2006-02-01;BRASPINE;HORTO 08;PR;TURVO;9,53;9,53;130,03;21,75;81,55;11,55;39,39;30,60;99,98;40,74;0,00;18,19
2006.0;2.0;2006-02-01;BRASPINE;HORTO 12;PR;PRUDENTOPOLIS;12,20;12,20;134,78;21,75;81,55;11,55;39,39;30,60;99,98;40,74;0,00;18,19
2006.0;2.0;2006-02-01;BRASPINE;IZAU;PR;PIRAI DO SUL;19,37;11,60;123,28;20,67;84,37;13,40;38,27;28,76;99,72;28,18;0,00;1,44
2006.0;2.0;2006-02-01;BRASPINE;JOAO RICO;PR;JAGUARIAIVA;47,46;26,18;123,18;20,89;84,33;12,46;38,18;28,91;99,89;26,56;0,00;13,25
2006.0;2.0;2006-02-01;BRASPINE;LAGOA;PR;JAGUARIAIVA;24,10;10,78;128,31;20,87;85,26;13,86;36,49;29,61;100,00;58,00;0,00;10,92
2006.0;2.0;2006-02-01;BRASPINE;MARACANA;PR;JANDAIA DO SUL;11,45;11,45;234,38;22,83;84,64;14,46;44,63;30,51;100,00;14,46;0,00;3,34
2006.0;2.0;2006-02-01;BRASPINE;MARRECA;;;;;154,73;21,30;85,20;14,34;36,49;30,96;100,00;14,34;0,00;5,57
2006.0;2.0;2006-02-01;BRASPINE;MARRECA SP;SP;ITAPIRAPUA PAULISTA;675,30;236,19;167,91;22,05;85,28;15,03;36,90;32,21;100,00;0,00;0,00;2,93
2006.0;2.0;2006-02-01;BRASPINE;MARRECAS;;;;;122,50;19,78;84,76;10,85;45,49;28,41;100,00;51,86;0,00;0,61
2006.0;2.0;2006-02-01;BRASPINE;MERCADINHO;;;;;143,07;21,95;83,78;14,54;35,48;32,16;100,00;14,54;0,00;4,54
2006.0;2.0;2006-02-01;BRASPINE;MONTE ALEGRE;;;;;227,71;23,38;83,28;14,89;44,71;31,02;99,95;14,89;0,00;1,54
2006.0;2.0;2006-02-01;BRASPINE;MONTE TABOR II;;;;;163,61;21,21;86,82;14,24;42,19;30,93;100,00;14,24;0,00;8,13
2006.0;2.0;2006-02-01;BRASPINE;MOREIRA;PR;DOUTOR ULYSSES;230,52;68,68;156,65;21,05;85,66;14,11;36,85;30,13;100,00;29,04;0,00;5,68
2006.0;2.0;2006-02-01;BRASPINE;MOREIRAS II;PR;DOUTOR ULYSSES;66,76;28,75;157,45;21,05;85,66;14,11;36,85;30,13;100,00;29,04;0,00;5,68
2006.0;2.0;2006-02-01;BRASPINE;MORRETES;PR;ORTIGUEIRA;20,36;20,36;122,22;22,17;83,16;13,32;35,26;31,31;99,87;13,32;0,00;10,66
2006.0;2.0;2006-02-01;BRASPINE;MORRO AZUL;;;;;163,81;21,24;86,44;14,51;38,28;30,42;100,00;29,23;0,00;0,04
2006.0;2.0;2006-02-01;BRASPINE;OURO FINO;SP;APIAI;51,70;51,70;170,49;20,98;87,06;14,19;41,70;30,24;100,00;43,51;0,00;0,83
2006.0;2.0;2006-02-01;BRASPINE;PALMEIRINHA DE BAIXO - SOSSEGO;PR;SENGES;85,93;9,22;139,74;20,55;85,28;13,47;37,34;28,59;99,83;57,19;0,00;11,11
2006.0;2.0;2006-02-01;BRASPINE;PAZIN;PR;DOUTOR ULYSSES;41,20;23,90;164,03;21,30;85,20;14,34;36,49;30,96;100,00;14,34;0,00;5,57
2006.0;2.0;2006-02-01;BRASPINE;PEDRAS;PR;CASTRO;7,18;7,18;115,95;20,74;84,74;12,30;40,86;28,86;99,83;41,93;0,00;0,10
2006.0;2.0;2006-02-01;BRASPINE;PESCARIA;PR;SAO JOSE DA BOA VISTA;184,57;129,22;145,75;22,65;81,09;14,79;36,39;30,81;99,79;14,79;0,00;2,13
2006.0;2.0;2006-02-01;BRASPINE;PESSEGUEIRO;PR;DOUTOR ULYSSES;109,95;64,79;135,80;21,05;85,66;14,11;36,85;30,13;100,00;29,04;0,00;5,68
2006.0;2.0;2006-02-01;BRASPINE;PITANGA;;;;;138,56;21,01;83,34;10,97;45,71;28,89;99,77;39,79;0,00;0,62
2006.0;2.0;2006-02-01;BRASPINE;QUEIMADINHO ARROIO CLARO;PR;DOUTOR ULYSSES;48,13;19,09;164,70;21,05;85,66;14,11;36,85;30,13;100,00;29,04;0,00;5,68
2006.0;2.0;2006-02-01;BRASPINE;QUEIMADINHO M6042;PR;DOUTOR ULYSSES;48,38;18,50;164,70;21,05;85,66;14,11;36,85;30,13;100,00;29,04;0,00;5,68
2006.0;2.0;2006-02-01;BRASPINE;QUEIMADINHO USUCAPIAO;PR;DOUTOR ULYSSES;200,27;92,43;164,70;21,05;85,66;14,11;36,85;30,13;100,00;29,04;0,00;5,68
2006.0;2.0;2006-02-01;BRASPINE;RAMOS;PR;SENGES;69,83;38,15;136,34;20,87;85,26;13,86;36,49;29,61;100,00;58,00;0,00;10,92
2006.0;2.0;2006-02-01;BRASPINE;RIBEIRAO GRANDE;PR;JAGUARIAIVA;20,77;20,77;117,82;20,67;84,37;13,40;38,27;28,76;99,72;28,18;0,00;1,44
2006.0;2.0;2006-02-01;BRASPINE;RINCAO DE BAIXO;;;;;106,72;21,12;82,38;12,62;36,12;29,49;99,82;12,62;0,00;2,93
2006.0;2.0;2006-02-01;BRASPINE;RIO BOMBA;PR;CERRO AZUL;65,03;37,72;124,34;22,29;82,55;14,70;34,73;32,69;99,98;14,70;0,00;8,70
2006.0;2.0;2006-02-01;BRASPINE;RIO DO MEIO;PR;DOUTOR ULYSSES;712,33;389,13;159,39;21,05;85,66;14,11;36,85;30,13;100,00;29,04;0,00;5,68
2006.0;2.0;2006-02-01;BRASPINE;RONDON;PR;JAGUARIAIVA;2899,24;1475,88;127,74;20,67;85,07;13,07;37,41;28,72;99,88;42,10;0,00;8,98
2006.0;2.0;2006-02-01;BRASPINE;SANTA FELICIDADE;;;;;193,86;22,46;85,35;15,35;37,82;32,94;100,00;0,00;0,00;4,49
2006.0;2.0;2006-02-01;BRASPINE;SANTA LIDIA DO CERCADINHO;;;;;105,48;20,77;82,54;12,28;36,59;28,90;99,84;41,84;0,00;2,52
2006.0;2.0;2006-02-01;BRASPINE;SANTO ANTONIO;;;;;141,43;20,59;85,58;13,48;37,66;28,81;100,00;56,96;0,00;5,79
2006.0;2.0;2006-02-01;BRASPINE;SAO JOSE;PR;JANDAIA DO SUL;37,56;37,56;228,29;23,21;83,58;14,74;44,71;30,79;99,97;14,74;0,00;0,66
2006.0;2.0;2006-02-01;BRASPINE;SAO MATHEUS;;;;;174,74;24,63;81,60;15,98;42,05;33,05;99,81;0,00;0,00;18,69
2006.0;2.0;2006-02-01;BRASPINE;SAO PEDRO E SAO PAULO;PR;SAPOPEMA;709,13;323,93;156,43;21,69;84,01;13,00;41,19;29,57;99,76;13,00;0,00;0,76
2006.0;2.0;2006-02-01;BRASPINE;SAO RAFAEL;;;;;94,87;20,99;83,20;12,99;40,57;29,54;99,66;12,99;0,00;0,07
2006.0;2.0;2006-02-01;BRASPINE;SAO RAFAEL - PB;;;;;169,67;21,11;86,87;14,47;41,48;30,38;100,00;28,96;0,00;5,15
2006.0;2.0;2006-02-01;BRASPINE;SERRARIA;PR;DOUTOR ULYSSES;280,88;117,71;130,53;21,03;85,08;14,07;36,40;30,46;100,00;28,90;0,00;5,69
2006.0;2.0;2006-02-01;BRASPINE;SERRO VERDE;;;;;102,23;20,54;83,44;11,59;47,63;28,45;99,84;38,79;0,00;4,05
2006.0;2.0;2006-02-01;BRASPINE;SERTAOZINHO;PR;DOUTOR ULYSSES;16,25;16,25;156,11;21,05;85,66;14,11;36,85;30,13;100,00;29,04;0,00;5,68
2006.0;2.0;2006-02-01;BRASPINE;SITIO BASILIO;PR;JAGUARIAIVA;8,08;8,08;127,44;20,66;84,19;12,17;38,48;28,54;99,77;40,74;0,00;15,85
2006.0;2.0;2006-02-01;BRASPINE;SITIO DAS MARRECAS;PR;DOUTOR ULYSSES;77,49;35,17;158,19;21,84;85,26;14,83;36,78;31,85;100,00;14,83;0,00;3,72
2006.0;2.0;2006-02-01;BRASPINE;SOBRADINHO;SP;BOM SUCESSO DE ITARARE;285,80;123,10;170,32;20,53;86,39;13,73;39,90;28,93;100,00;57,11;0,00;0,76
2006.0;2.0;2006-02-01;BRASPINE;TAQUARAL;PR;JAGUARIAIVA;519,13;31,07;123,17;20,90;84,86;12,53;38,09;29,01;100,00;26,59;0,00;8,14
2006.0;2.0;2006-02-01;BRASPINE;TUCUNDUVA;PR;SENGES;82,21;60,89;146,30;21,25;82,71;12,79;36,96;28,99;99,74;27,04;0,00;7,19
2006.0;2.0;2006-02-01;BRASPINE;TUCUNDUVA - CHAMMA;;;;;135,55;21,26;82,98;13,66;36,96;29,05;99,76;28,48;0,00;0,64
2006.0;2.0;2006-02-01;BRASPINE;VIENA 1;PR;DOUTOR ULYSSES;263,98;178,34;117,45;20,67;84,93;13,81;38,05;29,36;100,00;57,00;0,00;3,10
2006.0;2.0;2006-02-01;BRASPINE;VIENA 2;PR;CERRO AZUL;140,23;96,54;124,82;22,29;82,55;14,70;34,73;32,69;99,98;14,70;0,00;8,70
2006.0;2.0;2006-02-01;BRASPINE;VITORIA;PR;SENGES;50,54;35,69;139,74;20,55;85,28;13,47;37,34;28,59;99,83;57,19;0,00;11,11
2006.0;2.0;2006-02-01;BRASPINE;VIVEIRO;PR;DOUTOR ULYSSES;405,39;261,22;157,45;21,05;85,66;14,11;36,85;30,13;100,00;29,04;0,00;5,68
2006.0;2.0;2006-02-01;BRASPINE;VO LINO;PR;DOUTOR ULYSSES;164,50;97,89;148,44;21,30;85,20;14,34;36,49;30,96;100,00;14,34;0,00;5,57
2006.0;2.0;2006-02-01;BRASPINE;XAXIM VELHO;;;;;119,08;20,01;84,26;11,22;47,32;28,78;100,00;52,19;0,00;1,51
2006.0;3.0;2006-03-01;BRASPINE;AGUA DOCE;PR;JAGUARIAIVA;238,97;121,99;86,20;20,44;86,24;14,65;50,09;28,18;99,79;59,10;0,00;2,18
2006.0;3.0;2006-03-01;BRASPINE;AMATA;;;;;120,59;22,34;83,85;16,67;47,91;31,11;100,00;0,00;0,00;6,84
2006.0;3.0;2006-03-01;BRASPINE;ANTA BRAVA;;;;;134,23;23,07;83,50;17,31;55,80;30,57;99,67;0,00;0,00;1,85
2006.0;3.0;2006-03-01;BRASPINE;ARAPONGAS;PR;SENGES;423,34;263,70;98,35;20,58;88,02;14,92;52,41;28,92;100,00;14,92;0,00;2,43
2006.0;3.0;2006-03-01;BRASPINE;ARROIO CLARO;PR;DOUTOR ULYSSES;275,14;92,00;115,64;20,81;87,69;15,09;52,39;29,39;100,00;0,00;0,00;9,54
2006.0;3.0;2006-03-01;BRASPINE;BARRA GRANDE;PR;DOUTOR ULYSSES;493,79;139,68;112,17;21,09;88,12;15,32;52,40;29,53;100,00;0,00;0,00;0,38
2006.0;3.0;2006-03-01;BRASPINE;BARRA GRANDE - BEMAIS;PR;GUARAPUAVA;299,16;108,61;85,20;20,10;83,85;13,02;45,28;27,33;99,99;97,84;0,00;0,03
2006.0;3.0;2006-03-01;BRASPINE;BARRETOS;PR;JAGUARIAIVA;43,35;32,98;100,30;20,53;87,44;14,55;50,67;28,62;99,95;59,03;0,00;4,60
2006.0;3.0;2006-03-01;BRASPINE;BAU;;;;;97,53;19,98;84,99;12,16;50,00;26,70;99,83;96,99;0,00;2,08
2006.0;3.0;2006-03-01;BRASPINE;BOA VISTA II;PR;PIRAI DO SUL;944,00;535,05;107,38;20,52;86,80;14,38;50,66;28,40;99,89;58,42;0,00;4,84
2006.0;3.0;2006-03-01;BRASPINE;BRASILEIRA;;;;;99,18;20,58;88,02;14,92;52,41;28,92;100,00;14,92;0,00;2,43
2006.0;3.0;2006-03-01;BRASPINE;BURACAO;;;;;133,05;20,61;85,67;14,43;47,95;28,46;99,84;29,34;0,00;3,85
2006.0;3.0;2006-03-01;BRASPINE;BURRINHO;PR;DOUTOR ULYSSES;211,01;100,37;115,29;20,81;87,69;15,09;52,39;29,39;100,00;0,00;0,00;9,54
2006.0;3.0;2006-03-01;BRASPINE;CADEADO I;PR;JAGUARIAIVA;21,07;12,29;90,28;20,38;87,69;14,64;50,75;28,64;100,00;59,24;0,00;4,08
2006.0;3.0;2006-03-01;BRASPINE;CADEADO II;PR;JAGUARIAIVA;21,88;16,79;90,28;20,38;87,69;14,64;50,75;28,64;100,00;59,24;0,00;4,08
2006.0;3.0;2006-03-01;BRASPINE;CAMPINA ALTA;PR;TIBAGI;29,77;18,24;101,27;21,34;84,38;13,89;44,70;29,07;100,00;28,85;0,00;1,03
2006.0;3.0;2006-03-01;BRASPINE;CAMPINA DO ELIAS;PR;JAGUARIAIVA;29,17;14,65;107,19;20,47;87,53;14,58;50,70;28,63;99,97;59,11;0,00;4,42
2006.0;3.0;2006-03-01;BRASPINE;CAMPO NOVO;PR;JAGUARIAIVA;295,98;156,36;100,84;20,38;87,69;14,64;50,75;28,64;100,00;59,24;0,00;4,08
2006.0;3.0;2006-03-01;BRASPINE;CONSULTORIA II A;PR;DOUTOR ULYSSES;89,62;60,79;116,05;20,58;88,02;14,92;52,41;28,92;100,00;14,92;0,00;2,43
2006.0;3.0;2006-03-01;BRASPINE;DINIZ;;;;;95,30;20,58;88,02;14,92;52,41;28,92;100,00;14,92;0,00;2,43
2006.0;3.0;2006-03-01;BRASPINE;ENES;PR;JAGUARIAIVA;5,93;5,69;101,29;20,38;87,69;14,64;50,75;28,64;100,00;59,24;0,00;4,08
2006.0;3.0;2006-03-01;BRASPINE;ENGENHARIA;;;;;95,30;20,58;88,02;14,92;52,41;28,92;100,00;14,92;0,00;2,43
2006.0;3.0;2006-03-01;BRASPINE;ESTACAO;PR;SENGES;4,76;4,14;101,76;20,38;87,69;14,64;50,75;28,64;100,00;59,24;0,00;4,08
2006.0;3.0;2006-03-01;BRASPINE;FAXINAL;PR;JAGUARIAIVA;20,65;20,65;101,29;20,38;87,69;14,64;50,75;28,64;100,00;59,24;0,00;4,08
2006.0;3.0;2006-03-01;BRASPINE;FEITAL;PR;DOUTOR ULYSSES;154,17;86,53;103,82;20,75;88,05;15,05;52,67;29,12;100,00;0,00;0,00;1,77
2006.0;3.0;2006-03-01;BRASPINE;FIGUEIRA;PR;DOUTOR ULYSSES;1053,81;315,71;109,26;20,81;87,69;15,09;52,39;29,39;100,00;0,00;0,00;9,54
2006.0;3.0;2006-03-01;BRASPINE;FIGUEIRINHA;PR;DOUTOR ULYSSES;94,37;56,74;119,20;20,81;87,69;15,09;52,39;29,39;100,00;0,00;0,00;9,54
2006.0;3.0;2006-03-01;BRASPINE;FLOEMA;PR;DOUTOR ULYSSES;2189,88;701,43;105,96;20,29;87,66;14,62;51,07;28,71;100,00;74,13;0,00;0,67
2006.0;3.0;2006-03-01;BRASPINE;FLOEMA I - SUDATI;;;;;102,20;20,58;88,02;14,92;52,41;28,92;100,00;14,92;0,00;2,43
2006.0;3.0;2006-03-01;BRASPINE;FLOEMA II - SUDATI;PR;DOUTOR ULYSSES;453,83;211,13;107,78;20,58;88,02;14,92;52,41;28,92;100,00;14,92;0,00;2,43
2006.0;3.0;2006-03-01;BRASPINE;FLOR DA SERRA;PR;SAO JOSE DA BOA VISTA;209,10;128,72;90,45;22,35;81,47;16,77;47,98;29,58;99,67;0,00;0,00;11,62
2006.0;3.0;2006-03-01;BRASPINE;GENTIL;PR;JAGUARIAIVA;126,77;53,33;91,87;20,19;86,05;14,41;49,43;27,71;99,70;73,00;0,00;4,18
2006.0;3.0;2006-03-01;BRASPINE;GUAIRACA;PR;GUARAPUAVA;623,62;169,31;96,73;20,36;82,71;13,10;43,00;27,79;100,00;69,06;0,00;0,45
2006.0;3.0;2006-03-01;BRASPINE;HERVAL 2 - MADALOSSO;;;;;124,31;20,61;85,67;14,43;47,95;28,46;99,84;29,34;0,00;3,85
2006.0;3.0;2006-03-01;BRASPINE;HERVAL DE BAIXO;PR;RESERVA;827,29;475,92;107,17;21,32;84,59;13,97;45,04;29,14;100,00;43,34;0,00;0,58
2006.0;3.0;2006-03-01;BRASPINE;HORTO 01;PR;TURVO;19,12;19,12;89,10;20,80;84,21;12,94;46,55;27,79;99,88;70,29;0,00;2,99
2006.0;3.0;2006-03-01;BRASPINE;HORTO 02;PR;TURVO;4,24;4,24;89,87;20,80;84,21;12,94;46,55;27,79;99,88;70,29;0,00;2,99
2006.0;3.0;2006-03-01;BRASPINE;HORTO 03;PR;PRUDENTOPOLIS;80,91;25,89;85,69;21,41;82,23;14,03;42,56;28,82;99,86;58,02;0,00;11,11
2006.0;3.0;2006-03-01;BRASPINE;HORTO 08;PR;TURVO;9,53;9,53;82,41;21,41;82,23;14,03;42,56;28,82;99,86;58,02;0,00;11,11
2006.0;3.0;2006-03-01;BRASPINE;HORTO 12;PR;PRUDENTOPOLIS;12,20;12,20;83,94;21,41;82,23;14,03;42,56;28,82;99,86;58,02;0,00;11,11
2006.0;3.0;2006-03-01;BRASPINE;IZAU;PR;PIRAI DO SUL;19,37;11,60;91,28;20,21;86,50;14,12;49,49;27,77;99,70;72,18;0,00;5,24
2006.0;3.0;2006-03-01;BRASPINE;JOAO RICO;PR;JAGUARIAIVA;47,46;26,18;90,78;20,44;86,24;14,65;50,09;28,18;99,79;59,10;0,00;2,18
2006.0;3.0;2006-03-01;BRASPINE;LAGOA;PR;JAGUARIAIVA;24,10;10,78;95,80;20,38;87,69;14,64;50,75;28,64;100,00;59,24;0,00;4,08
2006.0;3.0;2006-03-01;BRASPINE;MARACANA;PR;JANDAIA DO SUL;11,45;11,45;213,75;22,87;82,97;16,85;49,04;29,96;99,99;0,00;0,00;0,08
2006.0;3.0;2006-03-01;BRASPINE;MARRECA;;;;;111,04;20,81;87,69;15,09;52,39;29,39;100,00;0,00;0,00;9,54
2006.0;3.0;2006-03-01;BRASPINE;MARRECA SP;SP;ITAPIRAPUA PAULISTA;675,30;236,19;129,75;21,54;87,53;15,67;52,60;30,22;100,00;0,00;0,00;7,46
2006.0;3.0;2006-03-01;BRASPINE;MARRECAS;;;;;79,18;19,52;84,76;12,40;45,19;26,82;100,00;109,11;0,00;1,41
2006.0;3.0;2006-03-01;BRASPINE;MERCADINHO;;;;;121,49;21,48;85,79;15,56;50,51;30,23;100,00;0,00;0,00;1,09
2006.0;3.0;2006-03-01;BRASPINE;MONTE ALEGRE;;;;;235,36;23,37;82,11;17,27;48,45;30,39;99,95;0,00;0,00;5,33
2006.0;3.0;2006-03-01;BRASPINE;MONTE TABOR II;;;;;110,13;20,81;89,02;15,52;55,70;29,41;100,00;0,00;0,00;7,89
2006.0;3.0;2006-03-01;BRASPINE;MOREIRA;PR;DOUTOR ULYSSES;230,52;68,68;107,78;20,58;88,02;14,92;52,41;28,92;100,00;14,92;0,00;2,43
2006.0;3.0;2006-03-01;BRASPINE;MOREIRAS II;PR;DOUTOR ULYSSES;66,76;28,75;117,27;20,58;88,02;14,92;52,41;28,92;100,00;14,92;0,00;2,43
2006.0;3.0;2006-03-01;BRASPINE;MORRETES;PR;ORTIGUEIRA;20,36;20,36;104,14;21,75;84,55;14,58;45,22;29,83;100,00;29,46;0,00;1,99
2006.0;3.0;2006-03-01;BRASPINE;MORRO AZUL;;;;;97,74;20,81;88,43;15,23;50,68;29,21;100,00;0,00;0,00;3,00
2006.0;3.0;2006-03-01;BRASPINE;OURO FINO;SP;APIAI;51,70;51,70;122,78;20,57;89,31;15,21;52,91;28,86;100,00;0,00;0,00;6,30
2006.0;3.0;2006-03-01;BRASPINE;PALMEIRINHA DE BAIXO - SOSSEGO;PR;SENGES;85,93;9,22;89,80;20,15;87,20;14,69;51,61;28,21;99,86;29,58;0,00;1,11
2006.0;3.0;2006-03-01;BRASPINE;PAZIN;PR;DOUTOR ULYSSES;41,20;23,90;108,89;20,81;87,69;15,09;52,39;29,39;100,00;0,00;0,00;9,54
2006.0;3.0;2006-03-01;BRASPINE;PEDRAS;PR;CASTRO;7,18;7,18;97,23;20,30;86,70;14,06;51,29;27,84;99,61;57,21;0,00;3,58
2006.0;3.0;2006-03-01;BRASPINE;PESCARIA;PR;SAO JOSE DA BOA VISTA;184,57;129,22;90,48;22,48;80,97;16,91;46,96;29,80;99,60;0,00;0,00;0,57
2006.0;3.0;2006-03-01;BRASPINE;PESSEGUEIRO;PR;DOUTOR ULYSSES;109,95;64,79;105,69;20,58;88,02;14,92;52,41;28,92;100,00;14,92;0,00;2,43
2006.0;3.0;2006-03-01;BRASPINE;PITANGA;;;;;119,62;20,70;84,34;13,50;49,60;27,38;99,96;71,93;0,00;0,74
2006.0;3.0;2006-03-01;BRASPINE;QUEIMADINHO ARROIO CLARO;PR;DOUTOR ULYSSES;48,13;19,09;99,18;20,58;88,02;14,92;52,41;28,92;100,00;14,92;0,00;2,43
2006.0;3.0;2006-03-01;BRASPINE;QUEIMADINHO M6042;PR;DOUTOR ULYSSES;48,38;18,50;99,18;20,58;88,02;14,92;52,41;28,92;100,00;14,92;0,00;2,43
2006.0;3.0;2006-03-01;BRASPINE;QUEIMADINHO USUCAPIAO;PR;DOUTOR ULYSSES;200,27;92,43;99,18;20,58;88,02;14,92;52,41;28,92;100,00;14,92;0,00;2,43
2006.0;3.0;2006-03-01;BRASPINE;RAMOS;PR;SENGES;69,83;38,15;102,20;20,38;87,69;14,64;50,75;28,64;100,00;59,24;0,00;4,08
2006.0;3.0;2006-03-01;BRASPINE;RIBEIRAO GRANDE;PR;JAGUARIAIVA;20,77;20,77;90,38;20,21;86,50;14,12;49,49;27,77;99,70;72,18;0,00;5,24
2006.0;3.0;2006-03-01;BRASPINE;RINCAO DE BAIXO;;;;;88,09;20,91;82,41;14,86;42,56;28,59;99,98;14,86;0,00;5,05
2006.0;3.0;2006-03-01;BRASPINE;RIO BOMBA;PR;CERRO AZUL;65,03;37,72;115,25;21,87;84,23;16,13;48,19;30,65;99,97;0,00;0,00;7,14
2006.0;3.0;2006-03-01;BRASPINE;RIO DO MEIO;PR;DOUTOR ULYSSES;712,33;389,13;112,44;20,58;88,02;14,92;52,41;28,92;100,00;14,92;0,00;2,43
2006.0;3.0;2006-03-01;BRASPINE;RONDON;PR;JAGUARIAIVA;2899,24;1475,88;86,22;20,22;87,22;14,69;50,51;28,24;99,90;59,38;0,00;9,66
2006.0;3.0;2006-03-01;BRASPINE;SANTA FELICIDADE;;;;;130,44;21,96;87,42;15,92;51,91;30,74;100,00;0,00;0,00;1,36
2006.0;3.0;2006-03-01;BRASPINE;SANTA LIDIA DO CERCADINHO;;;;;93,13;20,55;82,84;14,61;43,51;28,14;99,96;44,43;0,00;4,76
2006.0;3.0;2006-03-01;BRASPINE;SANTO ANTONIO;;;;;95,93;20,22;87,45;14,77;50,60;28,47;100,00;29,74;0,00;3,91
2006.0;3.0;2006-03-01;BRASPINE;SAO JOSE;PR;JANDAIA DO SUL;37,56;37,56;232,29;23,21;82,31;17,13;48,61;30,24;99,97;0,00;0,00;5,76
2006.0;3.0;2006-03-01;BRASPINE;SAO MATHEUS;;;;;197,95;24,54;81,09;16,91;47,20;31,55;99,88;0,00;0,00;4,20
2006.0;3.0;2006-03-01;BRASPINE;SAO PEDRO E SAO PAULO;PR;SAPOPEMA;709,13;323,93;97,06;21,55;83,32;15,30;52,28;28,63;99,72;0,00;0,00;2,88
2006.0;3.0;2006-03-01;BRASPINE;SAO RAFAEL;;;;;133,01;20,75;83,09;14,35;40,53;29,16;99,85;14,35;0,00;6,49
2006.0;3.0;2006-03-01;BRASPINE;SAO RAFAEL - PB;;;;;117,62;20,68;89,10;15,24;52,16;29,01;99,99;0,00;0,00;9,90
2006.0;3.0;2006-03-01;BRASPINE;SERRARIA;PR;DOUTOR ULYSSES;280,88;117,71;114,91;20,55;87,68;14,85;51,73;29,05;100,00;14,85;0,00;0,25
2006.0;3.0;2006-03-01;BRASPINE;SERRO VERDE;;;;;100,39;20,31;83,91;12,16;49,15;27,10;99,82;97,52;0,00;1,07
2006.0;3.0;2006-03-01;BRASPINE;SERTAOZINHO;PR;DOUTOR ULYSSES;16,25;16,25;108,79;20,58;88,02;14,92;52,41;28,92;100,00;14,92;0,00;2,43
2006.0;3.0;2006-03-01;BRASPINE;SITIO BASILIO;PR;JAGUARIAIVA;8,08;8,08;85,39;20,25;85,96;14,56;49,59;27,82;99,71;58,59;0,00;3,32
2006.0;3.0;2006-03-01;BRASPINE;SITIO DAS MARRECAS;PR;DOUTOR ULYSSES;77,49;35,17;117,27;21,33;87,57;15,51;52,83;29,98;100,00;0,00;0,00;8,08
2006.0;3.0;2006-03-01;BRASPINE;SOBRADINHO;SP;BOM SUCESSO DE ITARARE;285,80;123,10;104,23;20,18;88,28;14,85;50,42;28,41;99,98;29,82;0,00;8,75
2006.0;3.0;2006-03-01;BRASPINE;TAQUARAL;PR;JAGUARIAIVA;519,13;31,07;87,15;20,42;86,93;14,71;50,76;28,35;99,99;59,38;0,00;0,49
2006.0;3.0;2006-03-01;BRASPINE;TUCUNDUVA;PR;SENGES;82,21;60,89;102,75;20,96;83,72;15,35;49,23;28,51;99,67;0,00;0,00;12,50
2006.0;3.0;2006-03-01;BRASPINE;TUCUNDUVA - CHAMMA;;;;;104,57;20,94;84,15;15,43;49,01;28,62;99,67;0,00;0,00;0,14
2006.0;3.0;2006-03-01;BRASPINE;VIENA 1;PR;DOUTOR ULYSSES;263,98;178,34;102,56;20,19;87,53;14,36;51,91;28,25;100,00;73,07;0,00;1,13
2006.0;3.0;2006-03-01;BRASPINE;VIENA 2;PR;CERRO AZUL;140,23;96,54;115,37;21,87;84,23;16,13;48,19;30,65;99,97;0,00;0,00;7,14
2006.0;3.0;2006-03-01;BRASPINE;VITORIA;PR;SENGES;50,54;35,69;89,80;20,15;87,20;14,69;51,61;28,21;99,86;29,58;0,00;1,11
2006.0;3.0;2006-03-01;BRASPINE;VIVEIRO;PR;DOUTOR ULYSSES;405,39;261,22;117,27;20,58;88,02;14,92;52,41;28,92;100,00;14,92;0,00;2,43
2006.0;3.0;2006-03-01;BRASPINE;VO LINO;PR;DOUTOR ULYSSES;164,50;97,89;112,28;20,81;87,69;15,09;52,39;29,39;100,00;0,00;0,00;9,54
2006.0;3.0;2006-03-01;BRASPINE;XAXIM VELHO;;;;;100,78;19,79;83,61;11,52;41,34;27,27;100,00;109,64;0,00;0,18
2006.0;4.0;2006-04-01;BRASPINE;AGUA DOCE;PR;JAGUARIAIVA;238,97;121,99;33,73;17,70;79,02;9,88;34,60;25,32;99,89;309,37;0,00;0,98
2006.0;4.0;2006-04-01;BRASPINE;AMATA;;;;;36,82;19,47;77,98;10,39;27,77;28,02;100,00;173,84;0,00;5,05
2006.0;4.0;2006-04-01;BRASPINE;ANTA BRAVA;;;;;54,17;20,26;78,79;12,39;46,00;27,71;99,70;67,43;0,00;20,74
2006.0;4.0;2006-04-01;BRASPINE;ARAPONGAS;PR;SENGES;423,34;263,70;31,20;17,79;81,87;10,05;31,44;25,92;100,00;244,01;0,00;1,19
2006.0;4.0;2006-04-01;BRASPINE;ARROIO CLARO;PR;DOUTOR ULYSSES;275,14;92,00;31,19;17,95;81,81;9,74;30,33;26,18;100,00;233,59;0,00;1,85
2006.0;4.0;2006-04-01;BRASPINE;BARRA GRANDE;PR;DOUTOR ULYSSES;493,79;139,68;33,98;18,32;82,19;10,23;31,17;26,73;100,00;237,45;0,00;3,22
2006.0;4.0;2006-04-01;BRASPINE;BARRA GRANDE - BEMAIS;PR;GUARAPUAVA;299,16;108,61;34,13;17,03;77,79;8,13;34,73;24,91;99,97;341,56;0,00;14,90
2006.0;4.0;2006-04-01;BRASPINE;BARRETOS;PR;JAGUARIAIVA;43,35;32,98;34,56;17,83;80,76;9,83;31,69;25,76;99,96;274,60;0,00;0,09
2006.0;4.0;2006-04-01;BRASPINE;BAU;;;;;54,69;17,08;77,96;9,23;30,32;24,62;99,75;306,87;0,00;2,53
2006.0;4.0;2006-04-01;BRASPINE;BOA VISTA II;PR;PIRAI DO SUL;944,00;535,05;35,81;17,80;79,71;9,79;32,04;25,67;99,95;300,18;0,00;2,40
2006.0;4.0;2006-04-01;BRASPINE;BRASILEIRA;;;;;30,97;17,79;81,87;10,05;31,44;25,92;100,00;244,01;0,00;1,19
2006.0;4.0;2006-04-01;BRASPINE;BURACAO;;;;;31,57;17,78;78,42;8,86;29,36;25,88;99,71;242,62;0,00;2,71
2006.0;4.0;2006-04-01;BRASPINE;BURRINHO;PR;DOUTOR ULYSSES;211,01;100,37;31,11;17,95;81,81;9,74;30,33;26,18;100,00;233,59;0,00;1,85
2006.0;4.0;2006-04-01;BRASPINE;CADEADO I;PR;JAGUARIAIVA;21,07;12,29;29,88;17,59;81,52;9,36;32,06;25,55;100,00;267,51;0,00;1,66
2006.0;4.0;2006-04-01;BRASPINE;CADEADO II;PR;JAGUARIAIVA;21,88;16,79;29,88;17,59;81,52;9,36;32,06;25,55;100,00;267,51;0,00;1,66
2006.0;4.0;2006-04-01;BRASPINE;CAMPINA ALTA;PR;TIBAGI;29,77;18,24;38,62;18,75;76,61;10,80;41,89;26,53;99,88;239,20;0,00;13,73
2006.0;4.0;2006-04-01;BRASPINE;CAMPINA DO ELIAS;PR;JAGUARIAIVA;29,17;14,65;34,23;17,74;81,04;9,75;31,82;25,67;99,97;257,04;0,00;2,74
2006.0;4.0;2006-04-01;BRASPINE;CAMPO NOVO;PR;JAGUARIAIVA;295,98;156,36;37,51;17,59;81,52;9,36;32,06;25,55;100,00;267,51;0,00;1,66
2006.0;4.0;2006-04-01;BRASPINE;CONSULTORIA II A;PR;DOUTOR ULYSSES;89,62;60,79;31,52;17,79;81,87;10,05;31,44;25,92;100,00;244,01;0,00;1,19
2006.0;4.0;2006-04-01;BRASPINE;DINIZ;;;;;28,67;17,79;81,87;10,05;31,44;25,92;100,00;244,01;0,00;1,19
2006.0;4.0;2006-04-01;BRASPINE;ENES;PR;JAGUARIAIVA;5,93;5,69;38,46;17,59;81,52;9,36;32,06;25,55;100,00;267,51;0,00;1,66
2006.0;4.0;2006-04-01;BRASPINE;ENGENHARIA;;;;;28,67;17,79;81,87;10,05;31,44;25,92;100,00;244,01;0,00;1,19
2006.0;4.0;2006-04-01;BRASPINE;ESTACAO;PR;SENGES;4,76;4,14;30,26;17,59;81,52;9,36;32,06;25,55;100,00;267,51;0,00;1,66
2006.0;4.0;2006-04-01;BRASPINE;FAXINAL;PR;JAGUARIAIVA;20,65;20,65;38,46;17,59;81,52;9,36;32,06;25,55;100,00;267,51;0,00;1,66
2006.0;4.0;2006-04-01;BRASPINE;FEITAL;PR;DOUTOR ULYSSES;154,17;86,53;32,13;17,97;81,98;10,11;31,35;26,19;100,00;231,96;0,00;0,40
2006.0;4.0;2006-04-01;BRASPINE;FIGUEIRA;PR;DOUTOR ULYSSES;1053,81;315,71;29,82;17,95;81,81;9,74;30,33;26,18;100,00;233,59;0,00;1,85
2006.0;4.0;2006-04-01;BRASPINE;FIGUEIRINHA;PR;DOUTOR ULYSSES;94,37;56,74;30,14;17,95;81,81;9,74;30,33;26,18;100,00;233,59;0,00;1,85
2006.0;4.0;2006-04-01;BRASPINE;FLOEMA;PR;DOUTOR ULYSSES;2189,88;701,43;34,37;17,42;81,52;9,17;30,69;25,48;100,00;297,86;0,00;1,97
2006.0;4.0;2006-04-01;BRASPINE;FLOEMA I - SUDATI;;;;;30,38;17,79;81,87;10,05;31,44;25,92;100,00;244,01;0,00;1,19
2006.0;4.0;2006-04-01;BRASPINE;FLOEMA II - SUDATI;PR;DOUTOR ULYSSES;453,83;211,13;29,59;17,79;81,87;10,05;31,44;25,92;100,00;244,01;0,00;1,19
2006.0;4.0;2006-04-01;BRASPINE;FLOR DA SERRA;PR;SAO JOSE DA BOA VISTA;209,10;128,72;48,28;19,61;74,29;11,37;43,01;27,47;99,52;199,28;0,00;0,62
2006.0;4.0;2006-04-01;BRASPINE;GENTIL;PR;JAGUARIAIVA;126,77;53,33;32,55;17,46;78,59;9,57;33,77;25,04;99,60;320,24;0,00;0,18
2006.0;4.0;2006-04-01;BRASPINE;GUAIRACA;PR;GUARAPUAVA;623,62;169,31;34,47;17,25;77,07;8,14;34,34;25,26;99,82;342,72;0,00;20,79
2006.0;4.0;2006-04-01;BRASPINE;HERVAL 2 - MADALOSSO;;;;;28,89;17,78;78,42;8,86;29,36;25,88;99,71;242,62;0,00;2,71
2006.0;4.0;2006-04-01;BRASPINE;HERVAL DE BAIXO;PR;RESERVA;827,29;475,92;36,60;18,69;76,69;10,45;40,16;26,57;99,74;248,66;0,00;9,35
2006.0;4.0;2006-04-01;BRASPINE;HORTO 01;PR;TURVO;19,12;19,12;41,02;17,89;76,67;9,07;33,02;26,07;99,71;280,60;0,00;0,07
2006.0;4.0;2006-04-01;BRASPINE;HORTO 02;PR;TURVO;4,24;4,24;41,82;17,89;76,67;9,07;33,02;26,07;99,71;280,60;0,00;0,07
2006.0;4.0;2006-04-01;BRASPINE;HORTO 03;PR;PRUDENTOPOLIS;80,91;25,89;38,46;18,51;74,97;8,96;32,62;26,80;99,70;246,27;0,00;1,15
2006.0;4.0;2006-04-01;BRASPINE;HORTO 08;PR;TURVO;9,53;9,53;39,50;18,51;74,97;8,96;32,62;26,80;99,70;246,27;0,00;1,15
2006.0;4.0;2006-04-01;BRASPINE;HORTO 12;PR;PRUDENTOPOLIS;12,20;12,20;37,87;18,51;74,97;8,96;32,62;26,80;99,70;246,27;0,00;1,15
2006.0;4.0;2006-04-01;BRASPINE;IZAU;PR;PIRAI DO SUL;19,37;11,60;36,86;17,55;78,96;9,52;31,25;25,35;99,57;312,95;0,00;4,36
2006.0;4.0;2006-04-01;BRASPINE;JOAO RICO;PR;JAGUARIAIVA;47,46;26,18;33,43;17,70;79,02;9,88;34,60;25,32;99,89;309,37;0,00;0,98
2006.0;4.0;2006-04-01;BRASPINE;LAGOA;PR;JAGUARIAIVA;24,10;10,78;31,07;17,59;81,52;9,36;32,06;25,55;100,00;267,51;0,00;1,66
2006.0;4.0;2006-04-01;BRASPINE;MARACANA;PR;JANDAIA DO SUL;11,45;11,45;76,32;20,65;74,43;13,13;29,93;27,98;99,99;84,21;0,00;2,68
2006.0;4.0;2006-04-01;BRASPINE;MARRECA;;;;;29,90;17,95;81,81;9,74;30,33;26,18;100,00;233,59;0,00;1,85
2006.0;4.0;2006-04-01;BRASPINE;MARRECA SP;SP;ITAPIRAPUA PAULISTA;675,30;236,19;33,43;18,70;82,06;10,41;30,46;27,23;100,00;211,83;0,00;1,37
2006.0;4.0;2006-04-01;BRASPINE;MARRECAS;;;;;35,26;16,42;78,97;7,40;35,06;24,21;100,00;340,95;0,00;24,68
2006.0;4.0;2006-04-01;BRASPINE;MERCADINHO;;;;;31,13;18,62;80,04;9,89;28,67;27,05;100,00;224,76;0,00;1,38
2006.0;4.0;2006-04-01;BRASPINE;MONTE ALEGRE;;;;;78,76;21,07;74,40;13,62;31,71;28,37;99,60;71,52;0,00;1,34
2006.0;4.0;2006-04-01;BRASPINE;MONTE TABOR II;;;;;40,02;17,81;84,63;9,71;37,29;25,71;100,00;248,24;0,00;4,54
2006.0;4.0;2006-04-01;BRASPINE;MOREIRA;PR;DOUTOR ULYSSES;230,52;68,68;29,59;17,79;81,87;10,05;31,44;25,92;100,00;244,01;0,00;1,19
2006.0;4.0;2006-04-01;BRASPINE;MOREIRAS II;PR;DOUTOR ULYSSES;66,76;28,75;31,81;17,79;81,87;10,05;31,44;25,92;100,00;244,01;0,00;1,19
2006.0;4.0;2006-04-01;BRASPINE;MORRETES;PR;ORTIGUEIRA;20,36;20,36;36,89;19,24;76,08;10,46;37,49;27,47;99,88;254,42;0,00;1,11
2006.0;4.0;2006-04-01;BRASPINE;MORRO AZUL;;;;;31,44;18,10;82,14;9,83;30,79;26,54;100,00;232,55;0,00;10,46
2006.0;4.0;2006-04-01;BRASPINE;OURO FINO;SP;APIAI;51,70;51,70;42,93;17,77;83,74;9,52;33,92;25,89;100,00;230,48;0,00;16,45
2006.0;4.0;2006-04-01;BRASPINE;PALMEIRINHA DE BAIXO - SOSSEGO;PR;SENGES;85,93;9,22;27,35;17,45;80,38;9,94;32,65;25,27;99,86;308,69;0,00;10,57
2006.0;4.0;2006-04-01;BRASPINE;PAZIN;PR;DOUTOR ULYSSES;41,20;23,90;31,71;17,95;81,81;9,74;30,33;26,18;100,00;233,59;0,00;1,85
2006.0;4.0;2006-04-01;BRASPINE;PEDRAS;PR;CASTRO;7,18;7,18;33,90;17,53;79,44;9,54;32,79;25,31;99,56;298,42;0,00;8,20
2006.0;4.0;2006-04-01;BRASPINE;PESCARIA;PR;SAO JOSE DA BOA VISTA;184,57;129,22;48,61;19,81;73,85;11,58;40,51;27,73;99,57;187,64;0,00;23,13
2006.0;4.0;2006-04-01;BRASPINE;PESSEGUEIRO;PR;DOUTOR ULYSSES;109,95;64,79;29,95;17,79;81,87;10,05;31,44;25,92;100,00;244,01;0,00;1,19
2006.0;4.0;2006-04-01;BRASPINE;PITANGA;;;;;72,50;17,87;77,02;10,02;32,33;25,59;99,66;275,47;0,00;1,15
2006.0;4.0;2006-04-01;BRASPINE;QUEIMADINHO ARROIO CLARO;PR;DOUTOR ULYSSES;48,13;19,09;30,97;17,79;81,87;10,05;31,44;25,92;100,00;244,01;0,00;1,19
2006.0;4.0;2006-04-01;BRASPINE;QUEIMADINHO M6042;PR;DOUTOR ULYSSES;48,38;18,50;30,97;17,79;81,87;10,05;31,44;25,92;100,00;244,01;0,00;1,19
2006.0;4.0;2006-04-01;BRASPINE;QUEIMADINHO USUCAPIAO;PR;DOUTOR ULYSSES;200,27;92,43;30,97;17,79;81,87;10,05;31,44;25,92;100,00;244,01;0,00;1,19
2006.0;4.0;2006-04-01;BRASPINE;RAMOS;PR;SENGES;69,83;38,15;30,38;17,59;81,52;9,36;32,06;25,55;100,00;267,51;0,00;1,66
2006.0;4.0;2006-04-01;BRASPINE;RIBEIRAO GRANDE;PR;JAGUARIAIVA;20,77;20,77;34,92;17,55;78,96;9,52;31,25;25,35;99,57;312,95;0,00;4,36
2006.0;4.0;2006-04-01;BRASPINE;RINCAO DE BAIXO;;;;;32,49;18,28;74,45;10,52;35,18;25,84;99,51;257,51;0,00;7,58
2006.0;4.0;2006-04-01;BRASPINE;RIO BOMBA;PR;CERRO AZUL;65,03;37,72;36,72;18,93;78,35;9,84;28,62;27,35;99,98;195,12;0,00;5,32
2006.0;4.0;2006-04-01;BRASPINE;RIO DO MEIO;PR;DOUTOR ULYSSES;712,33;389,13;31,59;17,79;81,87;10,05;31,44;25,92;100,00;244,01;0,00;1,19
2006.0;4.0;2006-04-01;BRASPINE;RONDON;PR;JAGUARIAIVA;2899,24;1475,88;30,87;17,47;80,68;9,78;33,79;25,18;99,90;307,29;0,00;27,02
2006.0;4.0;2006-04-01;BRASPINE;SANTA FELICIDADE;;;;;39,02;19,12;82,28;10,74;30,41;27,81;100,00;185,56;0,00;0,49
2006.0;4.0;2006-04-01;BRASPINE;SANTA LIDIA DO CERCADINHO;;;;;30,63;17,88;74,81;10,09;34,76;25,32;99,52;296,69;0,00;5,21
2006.0;4.0;2006-04-01;BRASPINE;SANTO ANTONIO;;;;;25,97;17,49;80,75;9,66;31,64;25,51;100,00;293,46;0,00;12,71
2006.0;4.0;2006-04-01;BRASPINE;SAO JOSE;PR;JANDAIA DO SUL;37,56;37,56;78,94;20,92;74,41;13,46;31,38;28,21;99,69;70,78;0,00;0,45
2006.0;4.0;2006-04-01;BRASPINE;SAO MATHEUS;;;;;82,29;22,11;74,35;14,28;33,90;29,80;99,49;43,83;0,00;4,35
2006.0;4.0;2006-04-01;BRASPINE;SAO PEDRO E SAO PAULO;PR;SAPOPEMA;709,13;323,93;40,18;19,04;75,12;11,24;40,65;26,57;99,51;237,85;0,00;3,90
2006.0;4.0;2006-04-01;BRASPINE;SAO RAFAEL;;;;;32,06;17,65;76,98;8,59;26,71;26,06;99,19;266,22;0,00;1,27
2006.0;4.0;2006-04-01;BRASPINE;SAO RAFAEL - PB;;;;;39,60;17,92;83,28;9,87;32,78;26,15;100,00;218,40;0,00;17,30
2006.0;4.0;2006-04-01;BRASPINE;SERRARIA;PR;DOUTOR ULYSSES;280,88;117,71;32,40;17,69;81,67;9,46;30,51;25,78;100,00;243,55;0,00;1,91
2006.0;4.0;2006-04-01;BRASPINE;SERRO VERDE;;;;;55,47;17,41;77,24;9,40;31,68;24,96;99,57;299,89;0,00;1,78
2006.0;4.0;2006-04-01;BRASPINE;SERTAOZINHO;PR;DOUTOR ULYSSES;16,25;16,25;29,17;17,79;81,87;10,05;31,44;25,92;100,00;244,01;0,00;1,19
2006.0;4.0;2006-04-01;BRASPINE;SITIO BASILIO;PR;JAGUARIAIVA;8,08;8,08;33,51;17,50;78,60;9,67;34,79;25,01;99,66;319,03;0,00;1,57
2006.0;4.0;2006-04-01;BRASPINE;SITIO DAS MARRECAS;PR;DOUTOR ULYSSES;77,49;35,17;30,38;18,49;81,99;10,22;30,43;26,93;100,00;224,67;0,00;0,73
2006.0;4.0;2006-04-01;BRASPINE;SOBRADINHO;SP;BOM SUCESSO DE ITARARE;285,80;123,10;35,92;17,46;81,70;9,29;31,84;25,52;100,00;279,97;0,00;4,29
2006.0;4.0;2006-04-01;BRASPINE;TAQUARAL;PR;JAGUARIAIVA;519,13;31,07;34,75;17,67;80,11;9,90;34,57;25,31;100,00;310,13;0,00;3,71
2006.0;4.0;2006-04-01;BRASPINE;TUCUNDUVA;PR;SENGES;82,21;60,89;38,12;18,14;76,92;10,54;37,35;25,79;99,54;267,75;0,00;27,06
2006.0;4.0;2006-04-01;BRASPINE;TUCUNDUVA - CHAMMA;;;;;37,61;18,20;77,38;10,60;36,19;25,87;99,46;243,76;0,00;23,91
2006.0;4.0;2006-04-01;BRASPINE;VIENA 1;PR;DOUTOR ULYSSES;263,98;178,34;35,15;17,36;81,03;9,23;32,23;25,24;99,99;281,00;0,00;0,65
2006.0;4.0;2006-04-01;BRASPINE;VIENA 2;PR;CERRO AZUL;140,23;96,54;36,56;18,93;78,35;9,84;28,62;27,35;99,98;195,12;0,00;5,32
2006.0;4.0;2006-04-01;BRASPINE;VITORIA;PR;SENGES;50,54;35,69;27,35;17,45;80,38;9,94;32,65;25,27;99,86;308,69;0,00;10,57
2006.0;4.0;2006-04-01;BRASPINE;VIVEIRO;PR;DOUTOR ULYSSES;405,39;261,22;31,81;17,79;81,87;10,05;31,44;25,92;100,00;244,01;0,00;1,19
2006.0;4.0;2006-04-01;BRASPINE;VO LINO;PR;DOUTOR ULYSSES;164,50;97,89;30,35;17,95;81,81;9,74;30,33;26,18;100,00;233,59;0,00;1,85
2006.0;4.0;2006-04-01;BRASPINE;XAXIM VELHO;;;;;36,54;16,70;77,78;7,47;34,85;24,70;99,96;321,33;0,00;0,91
2006.0;5.0;2006-05-01;BRASPINE;AGUA DOCE;PR;JAGUARIAIVA;238,97;121,99;13,73;14,14;75,68;6,30;27,19;23,86;99,81;307,85;0,00;43,46
2006.0;5.0;2006-05-01;BRASPINE;AMATA;;;;;18,25;15,47;76,50;7,42;26,75;26,34;99,74;341,14;0,00;3,18
2006.0;5.0;2006-05-01;BRASPINE;ANTA BRAVA;;;;;18,84;17,05;73,43;9,10;30,52;26,96;98,19;353,84;0,00;22,67
2006.0;5.0;2006-05-01;BRASPINE;ARAPONGAS;PR;SENGES;423,34;263,70;15,10;14,12;79,24;6,83;29,31;24,21;99,80;314,22;0,00;41,65
2006.0;5.0;2006-05-01;BRASPINE;ARROIO CLARO;PR;DOUTOR ULYSSES;275,14;92,00;16,03;14,18;79,90;6,86;30,74;24,56;100,00;315,48;0,00;1,14
2006.0;5.0;2006-05-01;BRASPINE;BARRA GRANDE;PR;DOUTOR ULYSSES;493,79;139,68;14,59;14,57;79,52;6,66;29,40;25,09;99,92;324,48;0,00;29,86
2006.0;5.0;2006-05-01;BRASPINE;BARRA GRANDE - BEMAIS;PR;GUARAPUAVA;299,16;108,61;15,41;13,30;75,63;5,39;31,00;22,80;99,19;268,16;0,00;22,09
2006.0;5.0;2006-05-01;BRASPINE;BARRETOS;PR;JAGUARIAIVA;43,35;32,98;15,30;14,10;78,27;6,80;28,37;23,81;99,93;312,76;0,00;53,29
2006.0;5.0;2006-05-01;BRASPINE;BAU;;;;;19,81;13,34;75,49;4,95;36,28;22,49;99,89;275,33;4,95;2,26
2006.0;5.0;2006-05-01;BRASPINE;BOA VISTA II;PR;PIRAI DO SUL;944,00;535,05;16,58;14,04;77,31;5,74;27,67;23,75;99,94;306,15;0,00;53,43
2006.0;5.0;2006-05-01;BRASPINE;BRASILEIRA;;;;;14,15;14,12;79,24;6,83;29,31;24,21;99,80;314,22;0,00;41,65
2006.0;5.0;2006-05-01;BRASPINE;BURACAO;;;;;21,65;13,93;77,41;5,87;26,44;23,73;99,79;307,66;0,00;1,30
2006.0;5.0;2006-05-01;BRASPINE;BURRINHO;PR;DOUTOR ULYSSES;211,01;100,37;16,00;14,18;79,90;6,86;30,74;24,56;100,00;315,48;0,00;1,14
2006.0;5.0;2006-05-01;BRASPINE;CADEADO I;PR;JAGUARIAIVA;21,07;12,29;14,62;13,92;78,96;6,90;29,28;23,77;100,00;305,17;0,00;51,48
2006.0;5.0;2006-05-01;BRASPINE;CADEADO II;PR;JAGUARIAIVA;21,88;16,79;14,62;13,92;78,96;6,90;29,28;23,77;100,00;305,17;0,00;51,48
2006.0;5.0;2006-05-01;BRASPINE;CAMPINA ALTA;PR;TIBAGI;29,77;18,24;24,85;15,06;72,76;5,85;30,03;24,27;99,79;304,17;0,00;2,83
2006.0;5.0;2006-05-01;BRASPINE;CAMPINA DO ELIAS;PR;JAGUARIAIVA;29,17;14,65;16,64;14,04;78,52;7,03;28,70;23,79;99,96;309,97;0,00;52,69
2006.0;5.0;2006-05-01;BRASPINE;CAMPO NOVO;PR;JAGUARIAIVA;295,98;156,36;14,85;13,92;78,96;6,90;29,28;23,77;100,00;305,17;0,00;51,48
2006.0;5.0;2006-05-01;BRASPINE;CONSULTORIA II A;PR;DOUTOR ULYSSES;89,62;60,79;14,96;14,12;79,24;6,83;29,31;24,21;99,80;314,22;0,00;41,65
2006.0;5.0;2006-05-01;BRASPINE;DINIZ;;;;;13,49;14,12;79,24;6,83;29,31;24,21;99,80;314,22;0,00;41,65
2006.0;5.0;2006-05-01;BRASPINE;ENES;PR;JAGUARIAIVA;5,93;5,69;14,82;13,92;78,96;6,90;29,28;23,77;100,00;305,17;0,00;51,48
2006.0;5.0;2006-05-01;BRASPINE;ENGENHARIA;;;;;13,49;14,12;79,24;6,83;29,31;24,21;99,80;314,22;0,00;41,65
2006.0;5.0;2006-05-01;BRASPINE;ESTACAO;PR;SENGES;4,76;4,14;15,93;13,92;78,96;6,90;29,28;23,77;100,00;305,17;0,00;51,48
2006.0;5.0;2006-05-01;BRASPINE;FAXINAL;PR;JAGUARIAIVA;20,65;20,65;14,82;13,92;78,96;6,90;29,28;23,77;100,00;305,17;0,00;51,48
2006.0;5.0;2006-05-01;BRASPINE;FEITAL;PR;DOUTOR ULYSSES;154,17;86,53;14,44;14,27;79,34;6,78;29,34;24,50;99,72;317,66;0,00;37,71
2006.0;5.0;2006-05-01;BRASPINE;FIGUEIRA;PR;DOUTOR ULYSSES;1053,81;315,71;15,74;14,18;79,90;6,86;30,74;24,56;100,00;315,48;0,00;1,14
2006.0;5.0;2006-05-01;BRASPINE;FIGUEIRINHA;PR;DOUTOR ULYSSES;94,37;56,74;14,36;14,18;79,90;6,86;30,74;24,56;100,00;315,48;0,00;1,14
2006.0;5.0;2006-05-01;BRASPINE;FLOEMA;PR;DOUTOR ULYSSES;2189,88;701,43;17,08;13,72;79,62;6,40;30,49;23,77;100,00;303,04;0,00;1,12
2006.0;5.0;2006-05-01;BRASPINE;FLOEMA I - SUDATI;;;;;16,06;14,12;79,24;6,83;29,31;24,21;99,80;314,22;0,00;41,65
2006.0;5.0;2006-05-01;BRASPINE;FLOEMA II - SUDATI;PR;DOUTOR ULYSSES;453,83;211,13;15,41;14,12;79,24;6,83;29,31;24,21;99,80;314,22;0,00;41,65
2006.0;5.0;2006-05-01;BRASPINE;FLOR DA SERRA;PR;SAO JOSE DA BOA VISTA;209,10;128,72;9,88;16,10;70,17;7,97;23,44;26,24;98,20;350,10;0,00;52,13
2006.0;5.0;2006-05-01;BRASPINE;GENTIL;PR;JAGUARIAIVA;126,77;53,33;13,80;13,88;75,54;6,10;27,67;23,43;99,52;300,42;0,00;46,98
2006.0;5.0;2006-05-01;BRASPINE;GUAIRACA;PR;GUARAPUAVA;623,62;169,31;16,28;13,44;75,30;5,23;29,81;23,04;99,62;268,79;0,00;122,65
2006.0;5.0;2006-05-01;BRASPINE;HERVAL 2 - MADALOSSO;;;;;23,19;13,93;77,41;5,87;26,44;23,73;99,79;307,66;0,00;1,30
2006.0;5.0;2006-05-01;BRASPINE;HERVAL DE BAIXO;PR;RESERVA;827,29;475,92;26,88;14,97;72,70;5,71;29,07;24,42;99,86;293,14;0,00;1,58
2006.0;5.0;2006-05-01;BRASPINE;HORTO 01;PR;TURVO;19,12;19,12;18,40;14,28;72,76;5,57;30,29;23,92;99,12;280,59;0,00;1,35
2006.0;5.0;2006-05-01;BRASPINE;HORTO 02;PR;TURVO;4,24;4,24;18,28;14,28;72,76;5,57;30,29;23,92;99,12;280,59;0,00;1,35
2006.0;5.0;2006-05-01;BRASPINE;HORTO 03;PR;PRUDENTOPOLIS;80,91;25,89;18,48;14,75;71,81;6,02;26,97;24,64;98,81;295,63;0,00;99,69
2006.0;5.0;2006-05-01;BRASPINE;HORTO 08;PR;TURVO;9,53;9,53;16,69;14,75;71,81;6,02;26,97;24,64;98,81;295,63;0,00;99,69
2006.0;5.0;2006-05-01;BRASPINE;HORTO 12;PR;PRUDENTOPOLIS;12,20;12,20;18,19;14,75;71,81;6,02;26,97;24,64;98,81;295,63;0,00;99,69
2006.0;5.0;2006-05-01;BRASPINE;IZAU;PR;PIRAI DO SUL;19,37;11,60;13,91;13,83;76,66;6,68;27,39;23,32;99,55;303,05;0,00;0,12
2006.0;5.0;2006-05-01;BRASPINE;JOAO RICO;PR;JAGUARIAIVA;47,46;26,18;13,82;14,14;75,68;6,30;27,19;23,86;99,81;307,85;0,00;43,46
2006.0;5.0;2006-05-01;BRASPINE;LAGOA;PR;JAGUARIAIVA;24,10;10,78;15,21;13,92;78,96;6,90;29,28;23,77;100,00;305,17;0,00;51,48
2006.0;5.0;2006-05-01;BRASPINE;MARACANA;PR;JANDAIA DO SUL;11,45;11,45;25,19;17,02;67,21;8,50;27,96;26,23;99,36;350,98;0,00;3,22
2006.0;5.0;2006-05-01;BRASPINE;MARRECA;;;;;15,74;14,18;79,90;6,86;30,74;24,56;100,00;315,48;0,00;1,14
2006.0;5.0;2006-05-01;BRASPINE;MARRECA SP;SP;ITAPIRAPUA PAULISTA;675,30;236,19;15,80;14,84;79,93;7,06;30,84;25,72;99,79;327,20;0,00;6,27
2006.0;5.0;2006-05-01;BRASPINE;MARRECAS;;;;;15,72;12,69;77,28;4,97;32,84;22,25;99,82;250,21;4,97;93,48
2006.0;5.0;2006-05-01;BRASPINE;MERCADINHO;;;;;11,18;14,74;78,25;7,08;28,66;25,38;99,85;322,41;0,00;0,68
2006.0;5.0;2006-05-01;BRASPINE;MONTE ALEGRE;;;;;21,58;17,39;67,28;8,91;30,11;26,59;99,13;330,13;0,00;1,84
2006.0;5.0;2006-05-01;BRASPINE;MONTE TABOR II;;;;;9,95;14,11;82,03;4,53;34,62;24,57;99,97;311,82;4,53;1,36
2006.0;5.0;2006-05-01;BRASPINE;MOREIRA;PR;DOUTOR ULYSSES;230,52;68,68;15,41;14,12;79,24;6,83;29,31;24,21;99,80;314,22;0,00;41,65
2006.0;5.0;2006-05-01;BRASPINE;MOREIRAS II;PR;DOUTOR ULYSSES;66,76;28,75;14,89;14,12;79,24;6,83;29,31;24,21;99,80;314,22;0,00;41,65
2006.0;5.0;2006-05-01;BRASPINE;MORRETES;PR;ORTIGUEIRA;20,36;20,36;24,91;15,44;71,82;5,71;27,09;25,34;99,43;295,12;0,00;3,80
2006.0;5.0;2006-05-01;BRASPINE;MORRO AZUL;;;;;11,42;14,44;78,89;6,69;26,96;24,78;99,76;320,37;0,00;13,26
2006.0;5.0;2006-05-01;BRASPINE;OURO FINO;SP;APIAI;51,70;51,70;10,16;14,13;80,63;5,48;29,45;24,41;100,00;314,74;0,00;5,61
2006.0;5.0;2006-05-01;BRASPINE;PALMEIRINHA DE BAIXO - SOSSEGO;PR;SENGES;85,93;9,22;12,13;14,05;76,30;7,01;25,01;24,13;99,49;309,81;0,00;321,60
2006.0;5.0;2006-05-01;BRASPINE;PAZIN;PR;DOUTOR ULYSSES;41,20;23,90;15,05;14,18;79,90;6,86;30,74;24,56;100,00;315,48;0,00;1,14
2006.0;5.0;2006-05-01;BRASPINE;PEDRAS;PR;CASTRO;7,18;7,18;18,52;13,69;77,53;5,82;29,43;23,23;99,55;296,17;0,00;3,01
2006.0;5.0;2006-05-01;BRASPINE;PESCARIA;PR;SAO JOSE DA BOA VISTA;184,57;129,22;11,16;16,37;69,58;8,45;21,70;26,57;97,82;358,27;0,00;76,32
2006.0;5.0;2006-05-01;BRASPINE;PESSEGUEIRO;PR;DOUTOR ULYSSES;109,95;64,79;16,07;14,12;79,24;6,83;29,31;24,21;99,80;314,22;0,00;41,65
2006.0;5.0;2006-05-01;BRASPINE;PITANGA;;;;;17,19;14,12;73,67;5,55;35,01;23,32;99,81;294,25;0,00;1,29
2006.0;5.0;2006-05-01;BRASPINE;QUEIMADINHO ARROIO CLARO;PR;DOUTOR ULYSSES;48,13;19,09;14,15;14,12;79,24;6,83;29,31;24,21;99,80;314,22;0,00;41,65
2006.0;5.0;2006-05-01;BRASPINE;QUEIMADINHO M6042;PR;DOUTOR ULYSSES;48,38;18,50;14,15;14,12;79,24;6,83;29,31;24,21;99,80;314,22;0,00;41,65
2006.0;5.0;2006-05-01;BRASPINE;QUEIMADINHO USUCAPIAO;PR;DOUTOR ULYSSES;200,27;92,43;14,15;14,12;79,24;6,83;29,31;24,21;99,80;314,22;0,00;41,65
2006.0;5.0;2006-05-01;BRASPINE;RAMOS;PR;SENGES;69,83;38,15;16,06;13,92;78,96;6,90;29,28;23,77;100,00;305,17;0,00;51,48
2006.0;5.0;2006-05-01;BRASPINE;RIBEIRAO GRANDE;PR;JAGUARIAIVA;20,77;20,77;13,53;13,83;76,66;6,68;27,39;23,32;99,55;303,05;0,00;0,12
2006.0;5.0;2006-05-01;BRASPINE;RINCAO DE BAIXO;;;;;17,81;14,59;71,36;5,46;26,67;23,89;98,75;301,41;0,00;3,39
2006.0;5.0;2006-05-01;BRASPINE;RIO BOMBA;PR;CERRO AZUL;65,03;37,72;15,59;15,00;76,93;6,68;27,29;25,63;99,92;327,44;0,00;1,28
2006.0;5.0;2006-05-01;BRASPINE;RIO DO MEIO;PR;DOUTOR ULYSSES;712,33;389,13;14,69;14,12;79,24;6,83;29,31;24,21;99,80;314,22;0,00;41,65
2006.0;5.0;2006-05-01;BRASPINE;RONDON;PR;JAGUARIAIVA;2899,24;1475,88;11,78;13,97;77,12;6,70;27,29;23,89;99,70;306,11;0,00;32,37
2006.0;5.0;2006-05-01;BRASPINE;SANTA FELICIDADE;;;;;10,59;15,22;80,04;7,30;31,07;26,48;99,92;332,67;0,00;10,59
2006.0;5.0;2006-05-01;BRASPINE;SANTA LIDIA DO CERCADINHO;;;;;17,69;14,26;71,68;5,22;26,85;23,44;98,59;295,13;0,00;1,90
2006.0;5.0;2006-05-01;BRASPINE;SANTO ANTONIO;;;;;12,07;14,05;76,75;6,54;24,51;24,26;99,36;309,69;0,00;8,04
2006.0;5.0;2006-05-01;BRASPINE;SAO JOSE;PR;JANDAIA DO SUL;37,56;37,56;21,60;17,25;67,34;8,81;29,75;26,43;99,31;327,00;0,00;0,93
2006.0;5.0;2006-05-01;BRASPINE;SAO MATHEUS;;;;;21,89;18,22;67,97;9,37;31,56;27,88;98,57;308,59;0,00;2,30
2006.0;5.0;2006-05-01;BRASPINE;SAO PEDRO E SAO PAULO;PR;SAPOPEMA;709,13;323,93;21,03;15,49;69,41;7,29;28,06;25,27;99,73;327,62;0,00;0,69
2006.0;5.0;2006-05-01;BRASPINE;SAO RAFAEL;;;;;16,59;13,76;76,05;5,48;26,77;24,13;99,58;296,89;0,00;0,22
2006.0;5.0;2006-05-01;BRASPINE;SAO RAFAEL - PB;;;;;9,56;14,28;80,13;6,01;28,53;24,60;99,71;319,71;0,00;7,30
2006.0;5.0;2006-05-01;BRASPINE;SERRARIA;PR;DOUTOR ULYSSES;280,88;117,71;17,12;13,95;79,76;6,64;30,61;24,16;100,00;309,24;0,00;0,89
2006.0;5.0;2006-05-01;BRASPINE;SERRO VERDE;;;;;18,73;13,59;75,20;4,83;36,62;22,97;99,91;282,90;4,83;8,45
2006.0;5.0;2006-05-01;BRASPINE;SERTAOZINHO;PR;DOUTOR ULYSSES;16,25;16,25;13,15;14,12;79,24;6,83;29,31;24,21;99,80;314,22;0,00;41,65
2006.0;5.0;2006-05-01;BRASPINE;SITIO BASILIO;PR;JAGUARIAIVA;8,08;8,08;13,77;13,97;75,23;5,98;27,62;23,59;99,59;301,65;0,00;43,61
2006.0;5.0;2006-05-01;BRASPINE;SITIO DAS MARRECAS;PR;DOUTOR ULYSSES;77,49;35,17;15,96;14,65;79,92;7,01;30,81;25,39;99,85;323,84;0,00;341,19
2006.0;5.0;2006-05-01;BRASPINE;SOBRADINHO;SP;BOM SUCESSO DE ITARARE;285,80;123,10;11,85;13,96;77,88;6,16;25,37;24,15;99,48;308,27;0,00;4,10
2006.0;5.0;2006-05-01;BRASPINE;TAQUARAL;PR;JAGUARIAIVA;519,13;31,07;12,37;14,11;76,79;6,45;27,87;23,92;99,66;308,67;0,00;41,98
2006.0;5.0;2006-05-01;BRASPINE;TUCUNDUVA;PR;SENGES;82,21;60,89;13,53;14,79;72,62;6,61;24,23;24,64;97,73;322,87;0,00;9,92
2006.0;5.0;2006-05-01;BRASPINE;TUCUNDUVA - CHAMMA;;;;;12,47;14,84;73,14;7,75;23,78;24,73;98,24;326,83;0,00;4,80
2006.0;5.0;2006-05-01;BRASPINE;VIENA 1;PR;DOUTOR ULYSSES;263,98;178,34;18,81;13,67;79,02;6,22;30,48;23,38;100,00;303,52;0,00;2,44
2006.0;5.0;2006-05-01;BRASPINE;VIENA 2;PR;CERRO AZUL;140,23;96,54;15,30;15,00;76,93;6,68;27,29;25,63;99,92;327,44;0,00;1,28
2006.0;5.0;2006-05-01;BRASPINE;VITORIA;PR;SENGES;50,54;35,69;12,13;14,05;76,30;7,01;25,01;24,13;99,49;309,81;0,00;321,60
2006.0;5.0;2006-05-01;BRASPINE;VIVEIRO;PR;DOUTOR ULYSSES;405,39;261,22;14,89;14,12;79,24;6,83;29,31;24,21;99,80;314,22;0,00;41,65
2006.0;5.0;2006-05-01;BRASPINE;VO LINO;PR;DOUTOR ULYSSES;164,50;97,89;15,81;14,18;79,90;6,86;30,74;24,56;100,00;315,48;0,00;1,14
2006.0;5.0;2006-05-01;BRASPINE;XAXIM VELHO;;;;;17,52;12,74;77,83;4,19;31,51;22,27;100,00;251,67;4,19;0,51
2006.0;6.0;2006-06-01;BRASPINE;AGUA DOCE;PR;JAGUARIAIVA;238,97;121,99;38,47;14,73;78,26;5,71;42,21;22,45;99,89;325,84;0,00;5,90
2006.0;6.0;2006-06-01;BRASPINE;AMATA;;;;;35,95;16,08;80,56;7,85;40,18;25,21;100,00;352,89;0,00;3,91
2006.0;6.0;2006-06-01;BRASPINE;ANTA BRAVA;;;;;26,58;17,71;71,20;9,39;34,90;25,65;99,62;346,93;0,00;3,63
2006.0;6.0;2006-06-01;BRASPINE;ARAPONGAS;PR;SENGES;423,34;263,70;37,47;14,73;81,66;6,48;41,93;22,86;100,00;333,11;0,00;3,68
2006.0;6.0;2006-06-01;BRASPINE;ARROIO CLARO;PR;DOUTOR ULYSSES;275,14;92,00;35,41;14,80;82,58;6,74;41,89;23,33;100,00;336,61;0,00;0,82
2006.0;6.0;2006-06-01;BRASPINE;BARRA GRANDE;PR;DOUTOR ULYSSES;493,79;139,68;33,06;15,20;82,18;6,83;42,05;23,76;100,00;342,88;0,00;1,78
2006.0;6.0;2006-06-01;BRASPINE;BARRA GRANDE - BEMAIS;PR;GUARAPUAVA;299,16;108,61;68,25;14,03;78,10;4,62;43,89;22,37;99,99;289,43;4,62;13,30
2006.0;6.0;2006-06-01;BRASPINE;BARRETOS;PR;JAGUARIAIVA;43,35;32,98;37,63;14,83;80,47;5,92;42,30;22,72;100,00;335,74;0,00;4,41
2006.0;6.0;2006-06-01;BRASPINE;BAU;;;;;82,22;14,39;76,94;4,61;45,38;22,65;99,89;320,65;4,61;2,80
2006.0;6.0;2006-06-01;BRASPINE;BOA VISTA II;PR;PIRAI DO SUL;944,00;535,05;35,94;14,79;79,64;5,59;41,85;22,71;100,00;330,81;0,00;0,73
2006.0;6.0;2006-06-01;BRASPINE;BRASILEIRA;;;;;34,27;14,73;81,66;6,48;41,93;22,86;100,00;333,11;0,00;3,68
2006.0;6.0;2006-06-01;BRASPINE;BURACAO;;;;;36,77;14,67;80,12;6,03;38,55;23,13;99,95;332,15;0,00;3,41
2006.0;6.0;2006-06-01;BRASPINE;BURRINHO;PR;DOUTOR ULYSSES;211,01;100,37;35,39;14,80;82,58;6,74;41,89;23,33;100,00;336,61;0,00;0,82
2006.0;6.0;2006-06-01;BRASPINE;CADEADO I;PR;JAGUARIAIVA;21,07;12,29;34,67;14,59;81,09;6,22;41,98;22,45;100,00;327,36;0,00;6,70
2006.0;6.0;2006-06-01;BRASPINE;CADEADO II;PR;JAGUARIAIVA;21,88;16,79;34,67;14,59;81,09;6,22;41,98;22,45;100,00;327,36;0,00;6,70
2006.0;6.0;2006-06-01;BRASPINE;CAMPINA ALTA;PR;TIBAGI;29,77;18,24;58,28;15,66;75,41;5,61;41,61;24,36;99,87;334,21;0,00;3,89
2006.0;6.0;2006-06-01;BRASPINE;CAMPINA DO ELIAS;PR;JAGUARIAIVA;29,17;14,65;36,69;14,74;80,69;6,03;42,19;22,62;100,00;332,70;0,00;5,26
2006.0;6.0;2006-06-01;BRASPINE;CAMPO NOVO;PR;JAGUARIAIVA;295,98;156,36;38,89;14,59;81,09;6,22;41,98;22,45;100,00;327,36;0,00;6,70
2006.0;6.0;2006-06-01;BRASPINE;CONSULTORIA II A;PR;DOUTOR ULYSSES;89,62;60,79;34,50;14,73;81,66;6,48;41,93;22,86;100,00;333,11;0,00;3,68
2006.0;6.0;2006-06-01;BRASPINE;DINIZ;;;;;32,92;14,73;81,66;6,48;41,93;22,86;100,00;333,11;0,00;3,68
2006.0;6.0;2006-06-01;BRASPINE;ENES;PR;JAGUARIAIVA;5,93;5,69;39,09;14,59;81,09;6,22;41,98;22,45;100,00;327,36;0,00;6,70
2006.0;6.0;2006-06-01;BRASPINE;ENGENHARIA;;;;;32,92;14,73;81,66;6,48;41,93;22,86;100,00;333,11;0,00;3,68
2006.0;6.0;2006-06-01;BRASPINE;ESTACAO;PR;SENGES;4,76;4,14;35,62;14,59;81,09;6,22;41,98;22,45;100,00;327,36;0,00;6,70
2006.0;6.0;2006-06-01;BRASPINE;FAXINAL;PR;JAGUARIAIVA;20,65;20,65;39,09;14,59;81,09;6,22;41,98;22,45;100,00;327,36;0,00;6,70
2006.0;6.0;2006-06-01;BRASPINE;FEITAL;PR;DOUTOR ULYSSES;154,17;86,53;34,69;14,89;81,83;6,60;41,97;23,16;100,00;336,33;0,00;3,67
2006.0;6.0;2006-06-01;BRASPINE;FIGUEIRA;PR;DOUTOR ULYSSES;1053,81;315,71;35,02;14,80;82,58;6,74;41,89;23,33;100,00;336,61;0,00;0,82
2006.0;6.0;2006-06-01;BRASPINE;FIGUEIRINHA;PR;DOUTOR ULYSSES;94,37;56,74;35,34;14,80;82,58;6,74;41,89;23,33;100,00;336,61;0,00;0,82
2006.0;6.0;2006-06-01;BRASPINE;FLOEMA;PR;DOUTOR ULYSSES;2189,88;701,43;35,19;14,36;81,90;6,34;41,54;22,53;100,00;325,87;0,00;0,38
2006.0;6.0;2006-06-01;BRASPINE;FLOEMA I - SUDATI;;;;;35,76;14,73;81,66;6,48;41,93;22,86;100,00;333,11;0,00;3,68
2006.0;6.0;2006-06-01;BRASPINE;FLOEMA II - SUDATI;PR;DOUTOR ULYSSES;453,83;211,13;34,66;14,73;81,66;6,48;41,93;22,86;100,00;333,11;0,00;3,68
2006.0;6.0;2006-06-01;BRASPINE;FLOR DA SERRA;PR;SAO JOSE DA BOA VISTA;209,10;128,72;36,28;16,48;73,21;6,30;39,40;24,47;98,38;346,42;0,00;0,22
2006.0;6.0;2006-06-01;BRASPINE;GENTIL;PR;JAGUARIAIVA;126,77;53,33;39,05;14,48;78,15;5,43;42,48;22,02;99,62;321,08;0,00;9,98
2006.0;6.0;2006-06-01;BRASPINE;GUAIRACA;PR;GUARAPUAVA;623,62;169,31;65,16;14,23;77,74;4,68;43,00;22,46;99,96;291,86;9,65;14,28
2006.0;6.0;2006-06-01;BRASPINE;HERVAL 2 - MADALOSSO;;;;;38,82;14,67;80,12;6,03;38,55;23,13;99,95;332,15;0,00;3,41
2006.0;6.0;2006-06-01;BRASPINE;HERVAL DE BAIXO;PR;RESERVA;827,29;475,92;62,27;15,50;75,80;4,72;40,01;24,53;99,78;317,70;9,48;2,13
2006.0;6.0;2006-06-01;BRASPINE;HORTO 01;PR;TURVO;19,12;19,12;67,60;14,84;76,26;4,72;40,63;23,80;99,51;300,28;4,72;0,46
2006.0;6.0;2006-06-01;BRASPINE;HORTO 02;PR;TURVO;4,24;4,24;68,53;14,84;76,26;4,72;40,63;23,80;99,51;300,28;4,72;0,46
2006.0;6.0;2006-06-01;BRASPINE;HORTO 03;PR;PRUDENTOPOLIS;80,91;25,89;64,07;15,32;75,38;5,11;38,41;24,49;99,80;310,46;0,00;2,21
2006.0;6.0;2006-06-01;BRASPINE;HORTO 08;PR;TURVO;9,53;9,53;63,51;15,32;75,38;5,11;38,41;24,49;99,80;310,46;0,00;2,21
2006.0;6.0;2006-06-01;BRASPINE;HORTO 12;PR;PRUDENTOPOLIS;12,20;12,20;62,75;15,32;75,38;5,11;38,41;24,49;99,80;310,46;0,00;2,21
2006.0;6.0;2006-06-01;BRASPINE;IZAU;PR;PIRAI DO SUL;19,37;11,60;45,16;14,52;79,21;5,25;42,13;22,14;99,64;328,55;0,00;1,69
2006.0;6.0;2006-06-01;BRASPINE;JOAO RICO;PR;JAGUARIAIVA;47,46;26,18;38,91;14,73;78,26;5,71;42,21;22,45;99,89;325,84;0,00;5,90
2006.0;6.0;2006-06-01;BRASPINE;LAGOA;PR;JAGUARIAIVA;24,10;10,78;35,10;14,59;81,09;6,22;41,98;22,45;100,00;327,36;0,00;6,70
2006.0;6.0;2006-06-01;BRASPINE;MARACANA;PR;JANDAIA DO SUL;11,45;11,45;43,35;17,86;67,71;7,98;34,68;26,44;99,86;210,31;0,00;2,01
2006.0;6.0;2006-06-01;BRASPINE;MARRECA;;;;;35,08;14,80;82,58;6,74;41,89;23,33;100,00;336,61;0,00;0,82
2006.0;6.0;2006-06-01;BRASPINE;MARRECA SP;SP;ITAPIRAPUA PAULISTA;675,30;236,19;33,40;15,45;83,11;7,24;41,93;24,47;100,00;348,22;0,00;1,19
2006.0;6.0;2006-06-01;BRASPINE;MARRECAS;;;;;64,50;13,49;79,36;4,37;46,04;21,54;100,00;276,58;9,05;1,41
2006.0;6.0;2006-06-01;BRASPINE;MERCADINHO;;;;;37,80;15,31;82,04;7,22;40,86;24,22;100,00;343,11;0,00;4,79
2006.0;6.0;2006-06-01;BRASPINE;MONTE ALEGRE;;;;;51,10;18,28;67,47;8,39;35,28;26,89;99,75;185,57;0,00;3,85
2006.0;6.0;2006-06-01;BRASPINE;MONTE TABOR II;;;;;28,15;14,72;84,06;6,20;44,02;23,22;100,00;331,37;0,00;1,61
2006.0;6.0;2006-06-01;BRASPINE;MOREIRA;PR;DOUTOR ULYSSES;230,52;68,68;34,66;14,73;81,66;6,48;41,93;22,86;100,00;333,11;0,00;3,68
2006.0;6.0;2006-06-01;BRASPINE;MOREIRAS II;PR;DOUTOR ULYSSES;66,76;28,75;34,48;14,73;81,66;6,48;41,93;22,86;100,00;333,11;0,00;3,68
2006.0;6.0;2006-06-01;BRASPINE;MORRETES;PR;ORTIGUEIRA;20,36;20,36;57,39;15,85;75,82;4,65;37,52;25,20;99,71;316,64;9,30;6,03
2006.0;6.0;2006-06-01;BRASPINE;MORRO AZUL;;;;;29,86;15,06;81,11;6,61;41,05;23,38;100,00;336,97;0,00;35,03
2006.0;6.0;2006-06-01;BRASPINE;OURO FINO;SP;APIAI;51,70;51,70;29,61;14,76;82,39;6,58;42,89;23,02;100,00;332,26;0,00;25,45
2006.0;6.0;2006-06-01;BRASPINE;PALMEIRINHA DE BAIXO - SOSSEGO;PR;SENGES;85,93;9,22;33,08;14,51;78,73;6,09;40,43;22,29;99,65;320,10;0,00;0,38
2006.0;6.0;2006-06-01;BRASPINE;PAZIN;PR;DOUTOR ULYSSES;41,20;23,90;34,62;14,80;82,58;6,74;41,89;23,33;100,00;336,61;0,00;0,82
2006.0;6.0;2006-06-01;BRASPINE;PEDRAS;PR;CASTRO;7,18;7,18;48,48;14,52;79,77;5,02;43,09;22,29;99,75;325,64;0,00;1,26
2006.0;6.0;2006-06-01;BRASPINE;PESCARIA;PR;SAO JOSE DA BOA VISTA;184,57;129,22;34,34;16,69;72,92;6,68;39,66;24,61;99,18;351,95;0,00;10,14
2006.0;6.0;2006-06-01;BRASPINE;PESSEGUEIRO;PR;DOUTOR ULYSSES;109,95;64,79;35,46;14,73;81,66;6,48;41,93;22,86;100,00;333,11;0,00;3,68
2006.0;6.0;2006-06-01;BRASPINE;PITANGA;;;;;99,20;15,16;74,99;5,00;42,39;23,48;99,81;339,47;0,00;3,69
2006.0;6.0;2006-06-01;BRASPINE;QUEIMADINHO ARROIO CLARO;PR;DOUTOR ULYSSES;48,13;19,09;34,27;14,73;81,66;6,48;41,93;22,86;100,00;333,11;0,00;3,68
2006.0;6.0;2006-06-01;BRASPINE;QUEIMADINHO M6042;PR;DOUTOR ULYSSES;48,38;18,50;34,27;14,73;81,66;6,48;41,93;22,86;100,00;333,11;0,00;3,68
2006.0;6.0;2006-06-01;BRASPINE;QUEIMADINHO USUCAPIAO;PR;DOUTOR ULYSSES;200,27;92,43;34,27;14,73;81,66;6,48;41,93;22,86;100,00;333,11;0,00;3,68
2006.0;6.0;2006-06-01;BRASPINE;RAMOS;PR;SENGES;69,83;38,15;35,76;14,59;81,09;6,22;41,98;22,45;100,00;327,36;0,00;6,70
2006.0;6.0;2006-06-01;BRASPINE;RIBEIRAO GRANDE;PR;JAGUARIAIVA;20,77;20,77;41,15;14,52;79,21;5,25;42,13;22,14;99,64;328,55;0,00;1,69
2006.0;6.0;2006-06-01;BRASPINE;RINCAO DE BAIXO;;;;;50,24;15,24;74,17;5,56;38,95;22,98;99,52;335,45;0,00;1,74
2006.0;6.0;2006-06-01;BRASPINE;RIO BOMBA;PR;CERRO AZUL;65,03;37,72;36,61;15,58;80,97;7,48;40,56;24,55;99,98;350,55;0,00;0,68
2006.0;6.0;2006-06-01;BRASPINE;RIO DO MEIO;PR;DOUTOR ULYSSES;712,33;389,13;34,42;14,73;81,66;6,48;41,93;22,86;100,00;333,11;0,00;3,68
2006.0;6.0;2006-06-01;BRASPINE;RONDON;PR;JAGUARIAIVA;2899,24;1475,88;35,79;14,49;79,46;6,04;42,33;22,23;99,88;319,10;0,00;0,11
2006.0;6.0;2006-06-01;BRASPINE;SANTA FELICIDADE;;;;;32,72;15,79;83,48;7,64;41,49;25,18;100,00;352,66;0,00;0,02
2006.0;6.0;2006-06-01;BRASPINE;SANTA LIDIA DO CERCADINHO;;;;;51,98;14,91;74,36;5,42;39,29;22,45;99,53;329,65;0,00;1,28
2006.0;6.0;2006-06-01;BRASPINE;SANTO ANTONIO;;;;;33,20;14,54;78,96;6,13;39,05;22,61;99,77;319,89;0,00;37,09
2006.0;6.0;2006-06-01;BRASPINE;SAO JOSE;PR;JANDAIA DO SUL;37,56;37,56;51,23;18,13;67,56;8,30;35,25;26,72;99,83;183,97;0,00;4,11
2006.0;6.0;2006-06-01;BRASPINE;SAO MATHEUS;;;;;55,99;19,19;67,80;8,16;33,73;28,24;99,58;160,12;0,00;0,41
2006.0;6.0;2006-06-01;BRASPINE;SAO PEDRO E SAO PAULO;PR;SAPOPEMA;709,13;323,93;43,75;15,90;72,25;6,97;37,43;23,81;98,59;343,54;0,00;2,40
2006.0;6.0;2006-06-01;BRASPINE;SAO RAFAEL;;;;;47,48;14,63;79,18;5,81;38,04;24,10;99,85;329,54;0,00;0,73
2006.0;6.0;2006-06-01;BRASPINE;SAO RAFAEL - PB;;;;;31,96;14,91;82,07;6,63;42,36;23,21;100,00;337,08;0,00;27,74
2006.0;6.0;2006-06-01;BRASPINE;SERRARIA;PR;DOUTOR ULYSSES;280,88;117,71;36,02;14,58;82,24;6,54;41,72;22,93;100,00;331,24;0,00;0,28
2006.0;6.0;2006-06-01;BRASPINE;SERRO VERDE;;;;;85,29;14,77;75,85;4,86;44,53;23,13;99,91;335,37;4,86;8,82
2006.0;6.0;2006-06-01;BRASPINE;SERTAOZINHO;PR;DOUTOR ULYSSES;16,25;16,25;35,25;14,73;81,66;6,48;41,93;22,86;100,00;333,11;0,00;3,68
2006.0;6.0;2006-06-01;BRASPINE;SITIO BASILIO;PR;JAGUARIAIVA;8,08;8,08;38,48;14,54;77,85;5,56;42,52;22,09;99,67;320,06;0,00;7,59
2006.0;6.0;2006-06-01;BRASPINE;SITIO DAS MARRECAS;PR;DOUTOR ULYSSES;77,49;35,17;33,92;15,27;82,96;7,10;42,08;24,14;100,00;344,92;0,00;0,46
2006.0;6.0;2006-06-01;BRASPINE;SOBRADINHO;SP;BOM SUCESSO DE ITARARE;285,80;123,10;33,44;14,52;79,65;6,20;39,99;22,66;99,93;320,63;0,00;34,11
2006.0;6.0;2006-06-01;BRASPINE;TAQUARAL;PR;JAGUARIAIVA;519,13;31,07;37,95;14,69;79,19;5,90;42,48;22,50;100,00;324,16;0,00;3,06
2006.0;6.0;2006-06-01;BRASPINE;TUCUNDUVA;PR;SENGES;82,21;60,89;36,11;15,22;75,02;6,36;41,33;22,77;99,36;319,55;0,00;2,94
2006.0;6.0;2006-06-01;BRASPINE;TUCUNDUVA - CHAMMA;;;;;37,53;15,31;75,33;6,34;41,08;22,84;99,25;324,34;0,00;19,91
2006.0;6.0;2006-06-01;BRASPINE;VIENA 1;PR;DOUTOR ULYSSES;263,98;178,34;36,07;14,36;81,17;5,99;42,62;22,21;100,00;326,90;0,00;0,89
2006.0;6.0;2006-06-01;BRASPINE;VIENA 2;PR;CERRO AZUL;140,23;96,54;36,59;15,58;80,97;7,48;40,56;24,55;99,98;350,55;0,00;0,68
2006.0;6.0;2006-06-01;BRASPINE;VITORIA;PR;SENGES;50,54;35,69;33,08;14,51;78,73;6,09;40,43;22,29;99,65;320,10;0,00;0,38
2006.0;6.0;2006-06-01;BRASPINE;VIVEIRO;PR;DOUTOR ULYSSES;405,39;261,22;34,48;14,73;81,66;6,48;41,93;22,86;100,00;333,11;0,00;3,68
2006.0;6.0;2006-06-01;BRASPINE;VO LINO;PR;DOUTOR ULYSSES;164,50;97,89;35,29;14,80;82,58;6,74;41,89;23,33;100,00;336,61;0,00;0,82
2006.0;6.0;2006-06-01;BRASPINE;XAXIM VELHO;;;;;67,42;13,69;79,72;4,21;46,90;21,62;100,00;287,52;8,77;3,61
2006.0;7.0;2006-07-01;BRASPINE;AGUA DOCE;PR;JAGUARIAIVA;238,97;121,99;44,00;15,55;72,07;7,27;35,28;24,34;99,89;312,49;0,00;5,96
2006.0;7.0;2006-07-01;BRASPINE;AMATA;;;;;46,13;16,43;77,51;7,67;32,34;27,45;100,00;326,00;0,00;1,72
2006.0;7.0;2006-07-01;BRASPINE;ANTA BRAVA;;;;;55,97;18,28;70,15;10,09;26,45;29,26;99,99;350,56;0,00;2,78
2006.0;7.0;2006-07-01;BRASPINE;ARAPONGAS;PR;SENGES;423,34;263,70;49,17;15,43;76,50;7,38;33,26;25,25;100,00;325,55;0,00;4,00
2006.0;7.0;2006-07-01;BRASPINE;ARROIO CLARO;PR;DOUTOR ULYSSES;275,14;92,00;49,83;15,45;77,75;7,73;32,79;25,64;100,00;327,14;0,00;0,35
2006.0;7.0;2006-07-01;BRASPINE;BARRA GRANDE;PR;DOUTOR ULYSSES;493,79;139,68;52,81;15,78;77,54;7,29;32,72;26,31;100,00;313,49;0,00;2,87
2006.0;7.0;2006-07-01;BRASPINE;BARRA GRANDE - BEMAIS;PR;GUARAPUAVA;299,16;108,61;39,88;14,72;74,65;3,12;37,14;23,77;99,99;316,87;8,04;8,31
2006.0;7.0;2006-07-01;BRASPINE;BARRETOS;PR;JAGUARIAIVA;43,35;32,98;45,90;15,58;74,65;7,15;34,29;24,85;100,00;320,52;0,00;6,80
2006.0;7.0;2006-07-01;BRASPINE;BAU;;;;;41,56;14,79;74,25;2,49;38,59;23,42;99,94;284,32;2,49;1,31
2006.0;7.0;2006-07-01;BRASPINE;BOA VISTA II;PR;PIRAI DO SUL;944,00;535,05;45,72;15,56;73,25;7,01;34,90;24,66;100,00;316,74;0,00;1,02
2006.0;7.0;2006-07-01;BRASPINE;BRASILEIRA;;;;;51,13;15,43;76,50;7,38;33,26;25,25;100,00;325,55;0,00;4,00
2006.0;7.0;2006-07-01;BRASPINE;BURACAO;;;;;48,40;15,40;74,06;6,55;34,28;24,88;99,83;281,33;0,00;9,00
2006.0;7.0;2006-07-01;BRASPINE;BURRINHO;PR;DOUTOR ULYSSES;211,01;100,37;49,85;15,45;77,75;7,73;32,79;25,64;100,00;327,14;0,00;0,35
2006.0;7.0;2006-07-01;BRASPINE;CADEADO I;PR;JAGUARIAIVA;21,07;12,29;46,63;15,33;75,52;7,04;33,89;24,73;100,00;308,51;0,00;5,27
2006.0;7.0;2006-07-01;BRASPINE;CADEADO II;PR;JAGUARIAIVA;21,88;16,79;46,63;15,33;75,52;7,04;33,89;24,73;100,00;308,51;0,00;5,27
2006.0;7.0;2006-07-01;BRASPINE;CAMPINA ALTA;PR;TIBAGI;29,77;18,24;47,31;15,93;74,16;5,59;34,87;25,37;99,93;264,98;0,00;8,49
2006.0;7.0;2006-07-01;BRASPINE;CAMPINA DO ELIAS;PR;JAGUARIAIVA;29,17;14,65;46,31;15,49;74,97;7,20;34,14;24,81;100,00;316,16;0,00;6,27
2006.0;7.0;2006-07-01;BRASPINE;CAMPO NOVO;PR;JAGUARIAIVA;295,98;156,36;47,85;15,33;75,52;7,04;33,89;24,73;100,00;308,51;0,00;5,27
2006.0;7.0;2006-07-01;BRASPINE;CONSULTORIA II A;PR;DOUTOR ULYSSES;89,62;60,79;48,05;15,43;76,50;7,38;33,26;25,25;100,00;325,55;0,00;4,00
2006.0;7.0;2006-07-01;BRASPINE;DINIZ;;;;;47,69;15,43;76,50;7,38;33,26;25,25;100,00;325,55;0,00;4,00
2006.0;7.0;2006-07-01;BRASPINE;ENES;PR;JAGUARIAIVA;5,93;5,69;47,65;15,33;75,52;7,04;33,89;24,73;100,00;308,51;0,00;5,27
2006.0;7.0;2006-07-01;BRASPINE;ENGENHARIA;;;;;47,69;15,43;76,50;7,38;33,26;25,25;100,00;325,55;0,00;4,00
2006.0;7.0;2006-07-01;BRASPINE;ESTACAO;PR;SENGES;4,76;4,14;48,70;15,33;75,52;7,04;33,89;24,73;100,00;308,51;0,00;5,27
2006.0;7.0;2006-07-01;BRASPINE;FAXINAL;PR;JAGUARIAIVA;20,65;20,65;47,65;15,33;75,52;7,04;33,89;24,73;100,00;308,51;0,00;5,27
2006.0;7.0;2006-07-01;BRASPINE;FEITAL;PR;DOUTOR ULYSSES;154,17;86,53;51,25;15,54;76,85;7,35;33,08;25,61;100,00;326,59;0,00;3,62
2006.0;7.0;2006-07-01;BRASPINE;FIGUEIRA;PR;DOUTOR ULYSSES;1053,81;315,71;49,29;15,45;77,75;7,73;32,79;25,64;100,00;327,14;0,00;0,35
2006.0;7.0;2006-07-01;BRASPINE;FIGUEIRINHA;PR;DOUTOR ULYSSES;94,37;56,74;53,06;15,45;77,75;7,73;32,79;25,64;100,00;327,14;0,00;0,35
2006.0;7.0;2006-07-01;BRASPINE;FLOEMA;PR;DOUTOR ULYSSES;2189,88;701,43;50,22;15,12;76,33;7,27;33,31;24,68;100,00;322,69;0,00;0,79
2006.0;7.0;2006-07-01;BRASPINE;FLOEMA I - SUDATI;;;;;49,01;15,43;76,50;7,38;33,26;25,25;100,00;325,55;0,00;4,00
2006.0;7.0;2006-07-01;BRASPINE;FLOEMA II - SUDATI;PR;DOUTOR ULYSSES;453,83;211,13;48,75;15,43;76,50;7,38;33,26;25,25;100,00;325,55;0,00;4,00
2006.0;7.0;2006-07-01;BRASPINE;FLOR DA SERRA;PR;SAO JOSE DA BOA VISTA;209,10;128,72;44,59;16,84;71,41;7,66;30,94;26,79;99,84;330,79;0,00;0,88
2006.0;7.0;2006-07-01;BRASPINE;GENTIL;PR;JAGUARIAIVA;126,77;53,33;44,10;15,30;72,16;7,11;35,76;23,91;99,69;309,67;0,00;3,61
2006.0;7.0;2006-07-01;BRASPINE;GUAIRACA;PR;GUARAPUAVA;623,62;169,31;37,70;14,83;74,12;2,93;35,10;24,32;100,00;300,50;7,80;4,15
2006.0;7.0;2006-07-01;BRASPINE;HERVAL 2 - MADALOSSO;;;;;46,62;15,40;74,06;6,55;34,28;24,88;99,83;281,33;0,00;9,00
2006.0;7.0;2006-07-01;BRASPINE;HERVAL DE BAIXO;PR;RESERVA;827,29;475,92;49,76;15,65;75,55;5,61;34,57;25,49;99,86;288,88;0,00;4,26
2006.0;7.0;2006-07-01;BRASPINE;HORTO 01;PR;TURVO;19,12;19,12;50,45;15,31;74,57;3,63;39,15;24,58;99,69;296,13;3,63;3,70
2006.0;7.0;2006-07-01;BRASPINE;HORTO 02;PR;TURVO;4,24;4,24;50,28;15,31;74,57;3,63;39,15;24,58;99,69;296,13;3,63;3,70
2006.0;7.0;2006-07-01;BRASPINE;HORTO 03;PR;PRUDENTOPOLIS;80,91;25,89;52,08;15,66;74,22;4,27;36,28;25,44;99,92;297,03;4,27;13,18
2006.0;7.0;2006-07-01;BRASPINE;HORTO 08;PR;TURVO;9,53;9,53;45,88;15,66;74,22;4,27;36,28;25,44;99,92;297,03;4,27;13,18
2006.0;7.0;2006-07-01;BRASPINE;HORTO 12;PR;PRUDENTOPOLIS;12,20;12,20;53,51;15,66;74,22;4,27;36,28;25,44;99,92;297,03;4,27;13,18
2006.0;7.0;2006-07-01;BRASPINE;IZAU;PR;PIRAI DO SUL;19,37;11,60;43,47;15,30;73,18;6,79;35,56;24,11;99,76;314,86;0,00;2,39
2006.0;7.0;2006-07-01;BRASPINE;JOAO RICO;PR;JAGUARIAIVA;47,46;26,18;43,93;15,55;72,07;7,27;35,28;24,34;99,89;312,49;0,00;5,96
2006.0;7.0;2006-07-01;BRASPINE;LAGOA;PR;JAGUARIAIVA;24,10;10,78;45,85;15,33;75,52;7,04;33,89;24,73;100,00;308,51;0,00;5,27
2006.0;7.0;2006-07-01;BRASPINE;MARACANA;PR;JANDAIA DO SUL;11,45;11,45;32,86;18,16;68,61;10,40;28,58;27,41;99,98;214,25;0,00;5,04
2006.0;7.0;2006-07-01;BRASPINE;MARRECA;;;;;50,44;15,45;77,75;7,73;32,79;25,64;100,00;327,14;0,00;0,35
2006.0;7.0;2006-07-01;BRASPINE;MARRECA SP;SP;ITAPIRAPUA PAULISTA;675,30;236,19;53,24;15,95;79,04;7,31;32,49;26,99;100,00;329,38;0,00;0,99
2006.0;7.0;2006-07-01;BRASPINE;MARRECAS;;;;;38,87;14,24;75,20;2,38;37,83;23,13;100,00;303,09;6,61;21,67
2006.0;7.0;2006-07-01;BRASPINE;MERCADINHO;;;;;52,89;15,76;78,37;7,41;32,31;26,49;100,00;320,21;0,00;2,34
2006.0;7.0;2006-07-01;BRASPINE;MONTE ALEGRE;;;;;23,17;18,55;68,09;10,55;27,09;28,10;99,99;232,75;0,00;1,79
2006.0;7.0;2006-07-01;BRASPINE;MONTE TABOR II;;;;;45,76;15,04;81,66;6,71;39,14;25,40;100,00;321,13;0,00;1,16
2006.0;7.0;2006-07-01;BRASPINE;MOREIRA;PR;DOUTOR ULYSSES;230,52;68,68;48,75;15,43;76,50;7,38;33,26;25,25;100,00;325,55;0,00;4,00
2006.0;7.0;2006-07-01;BRASPINE;MOREIRAS II;PR;DOUTOR ULYSSES;66,76;28,75;47,94;15,43;76,50;7,38;33,26;25,25;100,00;325,55;0,00;4,00
2006.0;7.0;2006-07-01;BRASPINE;MORRETES;PR;ORTIGUEIRA;20,36;20,36;44,99;15,89;76,41;5,92;33,20;26,23;99,72;286,06;0,00;1,51
2006.0;7.0;2006-07-01;BRASPINE;MORRO AZUL;;;;;48,97;15,72;76,19;7,25;32,24;26,07;100,00;313,29;0,00;8,35
2006.0;7.0;2006-07-01;BRASPINE;OURO FINO;SP;APIAI;51,70;51,70;46,73;15,34;78,06;7,15;35,16;25,66;100,00;305,05;0,00;7,57
2006.0;7.0;2006-07-01;BRASPINE;PALMEIRINHA DE BAIXO - SOSSEGO;PR;SENGES;85,93;9,22;47,89;15,46;72,38;7,30;34,21;24,24;99,92;313,59;0,00;36,45
2006.0;7.0;2006-07-01;BRASPINE;PAZIN;PR;DOUTOR ULYSSES;41,20;23,90;51,81;15,45;77,75;7,73;32,79;25,64;100,00;327,14;0,00;0,35
2006.0;7.0;2006-07-01;BRASPINE;PEDRAS;PR;CASTRO;7,18;7,18;36,42;15,13;73,99;6,62;37,49;24,03;99,98;305,61;0,00;8,09
2006.0;7.0;2006-07-01;BRASPINE;PESCARIA;PR;SAO JOSE DA BOA VISTA;184,57;129,22;53,19;17,18;70,13;7,72;30,42;27,06;99,85;310,22;0,00;1,16
2006.0;7.0;2006-07-01;BRASPINE;PESSEGUEIRO;PR;DOUTOR ULYSSES;109,95;64,79;48,80;15,43;76,50;7,38;33,26;25,25;100,00;325,55;0,00;4,00
2006.0;7.0;2006-07-01;BRASPINE;PITANGA;;;;;41,04;15,35;73,91;3,19;39,25;24,13;99,84;296,50;3,19;0,81
2006.0;7.0;2006-07-01;BRASPINE;QUEIMADINHO ARROIO CLARO;PR;DOUTOR ULYSSES;48,13;19,09;51,13;15,43;76,50;7,38;33,26;25,25;100,00;325,55;0,00;4,00
2006.0;7.0;2006-07-01;BRASPINE;QUEIMADINHO M6042;PR;DOUTOR ULYSSES;48,38;18,50;51,13;15,43;76,50;7,38;33,26;25,25;100,00;325,55;0,00;4,00
2006.0;7.0;2006-07-01;BRASPINE;QUEIMADINHO USUCAPIAO;PR;DOUTOR ULYSSES;200,27;92,43;51,13;15,43;76,50;7,38;33,26;25,25;100,00;325,55;0,00;4,00
2006.0;7.0;2006-07-01;BRASPINE;RAMOS;PR;SENGES;69,83;38,15;49,01;15,33;75,52;7,04;33,89;24,73;100,00;308,51;0,00;5,27
2006.0;7.0;2006-07-01;BRASPINE;RIBEIRAO GRANDE;PR;JAGUARIAIVA;20,77;20,77;45,18;15,30;73,18;6,79;35,56;24,11;99,76;314,86;0,00;2,39
2006.0;7.0;2006-07-01;BRASPINE;RINCAO DE BAIXO;;;;;35,24;15,52;71,81;6,18;34,64;24,36;99,58;305,64;0,00;18,11
2006.0;7.0;2006-07-01;BRASPINE;RIO BOMBA;PR;CERRO AZUL;65,03;37,72;51,55;15,94;77,52;7,16;32,19;26,76;100,00;322,59;0,00;6,31
2006.0;7.0;2006-07-01;BRASPINE;RIO DO MEIO;PR;DOUTOR ULYSSES;712,33;389,13;48,80;15,43;76,50;7,38;33,26;25,25;100,00;325,55;0,00;4,00
2006.0;7.0;2006-07-01;BRASPINE;RONDON;PR;JAGUARIAIVA;2899,24;1475,88;43,63;15,39;73,16;7,06;35,32;24,14;99,95;309,22;0,00;16,67
2006.0;7.0;2006-07-01;BRASPINE;SANTA FELICIDADE;;;;;52,50;16,15;80,36;6,32;32,55;27,80;100,00;323,20;0,00;4,75
2006.0;7.0;2006-07-01;BRASPINE;SANTA LIDIA DO CERCADINHO;;;;;34,80;15,26;71,66;6,21;34,91;23,84;99,54;300,96;0,00;17,73
2006.0;7.0;2006-07-01;BRASPINE;SANTO ANTONIO;;;;;48,81;15,43;72,84;7,07;32,63;24,73;100,00;306,53;0,00;92,70
2006.0;7.0;2006-07-01;BRASPINE;SAO JOSE;PR;JANDAIA DO SUL;37,56;37,56;23,25;18,41;68,22;10,52;27,56;27,85;99,99;231,19;0,00;2,58
2006.0;7.0;2006-07-01;BRASPINE;SAO MATHEUS;;;;;20,95;19,37;68,77;10,55;25,59;29,71;100,00;233,28;0,00;5,21
2006.0;7.0;2006-07-01;BRASPINE;SAO PEDRO E SAO PAULO;PR;SAPOPEMA;709,13;323,93;36,05;16,57;70,10;8,12;30,62;25,34;99,60;314,42;0,00;1,12
2006.0;7.0;2006-07-01;BRASPINE;SAO RAFAEL;;;;;53,99;15,22;73,30;4,15;29,65;26,01;99,81;307,97;4,15;6,60
2006.0;7.0;2006-07-01;BRASPINE;SAO RAFAEL - PB;;;;;51,93;15,52;77,55;7,45;34,11;25,88;100,00;311,89;0,00;7,56
2006.0;7.0;2006-07-01;BRASPINE;SERRARIA;PR;DOUTOR ULYSSES;280,88;117,71;49,37;15,28;77,04;7,50;33,05;25,16;100,00;324,89;0,00;0,65
2006.0;7.0;2006-07-01;BRASPINE;SERRO VERDE;;;;;42,22;15,17;73,02;2,47;38,26;23,97;99,89;267,80;2,47;13,52
2006.0;7.0;2006-07-01;BRASPINE;SERTAOZINHO;PR;DOUTOR ULYSSES;16,25;16,25;49,50;15,43;76,50;7,38;33,26;25,25;100,00;325,55;0,00;4,00
2006.0;7.0;2006-07-01;BRASPINE;SITIO BASILIO;PR;JAGUARIAIVA;8,08;8,08;44,06;15,37;71,82;7,08;35,70;23,96;99,77;308,81;0,00;7,99
2006.0;7.0;2006-07-01;BRASPINE;SITIO DAS MARRECAS;PR;DOUTOR ULYSSES;77,49;35,17;52,88;15,81;78,67;7,61;32,57;26,60;100,00;328,75;0,00;1,87
2006.0;7.0;2006-07-01;BRASPINE;SOBRADINHO;SP;BOM SUCESSO DE ITARARE;285,80;123,10;55,30;15,32;74,16;7,03;32,60;24,96;100,00;318,63;0,00;46,54
2006.0;7.0;2006-07-01;BRASPINE;TAQUARAL;PR;JAGUARIAIVA;519,13;31,07;45,28;15,51;72,94;7,07;35,72;24,35;100,00;309,06;0,00;2,49
2006.0;7.0;2006-07-01;BRASPINE;TUCUNDUVA;PR;SENGES;82,21;60,89;48,28;16,18;69,26;6,99;33,64;24,76;99,71;300,41;0,00;24,81
2006.0;7.0;2006-07-01;BRASPINE;TUCUNDUVA - CHAMMA;;;;;49,35;16,24;69,71;7,41;33,77;24,83;99,71;304,33;0,00;17,03
2006.0;7.0;2006-07-01;BRASPINE;VIENA 1;PR;DOUTOR ULYSSES;263,98;178,34;50,01;15,16;74,99;6,94;34,85;24,25;100,00;313,81;0,00;6,37
2006.0;7.0;2006-07-01;BRASPINE;VIENA 2;PR;CERRO AZUL;140,23;96,54;51,70;15,94;77,52;7,16;32,19;26,76;100,00;322,59;0,00;6,31
2006.0;7.0;2006-07-01;BRASPINE;VITORIA;PR;SENGES;50,54;35,69;47,89;15,46;72,38;7,30;34,21;24,24;99,92;313,59;0,00;36,45
2006.0;7.0;2006-07-01;BRASPINE;VIVEIRO;PR;DOUTOR ULYSSES;405,39;261,22;47,94;15,43;76,50;7,38;33,26;25,25;100,00;325,55;0,00;4,00
2006.0;7.0;2006-07-01;BRASPINE;VO LINO;PR;DOUTOR ULYSSES;164,50;97,89;50,02;15,45;77,75;7,73;32,79;25,64;100,00;327,14;0,00;0,35
2006.0;7.0;2006-07-01;BRASPINE;XAXIM VELHO;;;;;40,15;14,24;75,49;1,91;36,23;23,70;100,00;294,78;5,52;5,11
2006.0;8.0;2006-08-01;BRASPINE;AGUA DOCE;PR;JAGUARIAIVA;238,97;121,99;50,53;15,99;69,08;3,38;24,55;27,07;99,82;277,75;3,38;2,72
2006.0;8.0;2006-08-01;BRASPINE;AMATA;;;;;77,46;17,06;74,56;4,35;30,42;30,25;99,99;261,21;8,91;10,65
2006.0;8.0;2006-08-01;BRASPINE;ANTA BRAVA;;;;;47,09;18,99;66,08;7,18;22,35;30,81;99,19;241,46;0,00;2,54
2006.0;8.0;2006-08-01;BRASPINE;ARAPONGAS;PR;SENGES;423,34;263,70;58,49;15,92;74,10;3,67;31,64;27,81;100,00;298,06;7,69;3,21
2006.0;8.0;2006-08-01;BRASPINE;ARROIO CLARO;PR;DOUTOR ULYSSES;275,14;92,00;66,00;15,90;75,54;4,03;31,43;28,27;99,99;328,08;8,20;3,06
2006.0;8.0;2006-08-01;BRASPINE;BARRA GRANDE;PR;DOUTOR ULYSSES;493,79;139,68;64,67;16,35;75,16;3,97;31,44;28,77;100,00;291,45;8,44;0,21
2006.0;8.0;2006-08-01;BRASPINE;BARRA GRANDE - BEMAIS;PR;GUARAPUAVA;299,16;108,61;94,63;15,39;68,97;2,23;32,21;26,42;99,99;237,70;14,25;10,55
2006.0;8.0;2006-08-01;BRASPINE;BARRETOS;PR;JAGUARIAIVA;43,35;32,98;64,49;16,11;71,76;3,77;29,97;27,75;99,97;271,70;3,77;8,10
2006.0;8.0;2006-08-01;BRASPINE;BAU;;;;;111,83;15,42;68,20;2,71;34,07;26,09;99,90;199,62;22,80;13,45
2006.0;8.0;2006-08-01;BRASPINE;BOA VISTA II;PR;PIRAI DO SUL;944,00;535,05;71,53;16,12;70,02;3,44;28,17;27,53;99,89;282,36;3,44;8,08
2006.0;8.0;2006-08-01;BRASPINE;BRASILEIRA;;;;;58,39;15,92;74,10;3,67;31,64;27,81;100,00;298,06;7,69;3,21
2006.0;8.0;2006-08-01;BRASPINE;BURACAO;;;;;84,61;15,72;71,87;3,04;32,30;27,58;99,79;242,14;11,47;8,24
2006.0;8.0;2006-08-01;BRASPINE;BURRINHO;PR;DOUTOR ULYSSES;211,01;100,37;65,88;15,90;75,54;4,03;31,43;28,27;99,99;328,08;8,20;3,06
2006.0;8.0;2006-08-01;BRASPINE;CADEADO I;PR;JAGUARIAIVA;21,07;12,29;56,87;15,82;72,99;3,80;31,36;27,43;100,00;295,65;7,64;6,16
2006.0;8.0;2006-08-01;BRASPINE;CADEADO II;PR;JAGUARIAIVA;21,88;16,79;56,87;15,82;72,99;3,80;31,36;27,43;100,00;295,65;7,64;6,16
2006.0;8.0;2006-08-01;BRASPINE;CAMPINA ALTA;PR;TIBAGI;29,77;18,24;86,10;16,85;67,20;2,67;24,66;28,26;99,79;220,18;6,52;1,36
2006.0;8.0;2006-08-01;BRASPINE;CAMPINA DO ELIAS;PR;JAGUARIAIVA;29,17;14,65;71,26;16,00;72,21;3,78;30,47;27,64;99,98;269,55;3,78;7,46
2006.0;8.0;2006-08-01;BRASPINE;CAMPO NOVO;PR;JAGUARIAIVA;295,98;156,36;61,77;15,82;72,99;3,80;31,36;27,43;100,00;295,65;7,64;6,16
2006.0;8.0;2006-08-01;BRASPINE;CONSULTORIA II A;PR;DOUTOR ULYSSES;89,62;60,79;61,35;15,92;74,10;3,67;31,64;27,81;100,00;298,06;7,69;3,21
2006.0;8.0;2006-08-01;BRASPINE;DINIZ;;;;;64,38;15,92;74,10;3,67;31,64;27,81;100,00;298,06;7,69;3,21
2006.0;8.0;2006-08-01;BRASPINE;ENES;PR;JAGUARIAIVA;5,93;5,69;62,33;15,82;72,99;3,80;31,36;27,43;100,00;295,65;7,64;6,16
2006.0;8.0;2006-08-01;BRASPINE;ENGENHARIA;;;;;64,38;15,92;74,10;3,67;31,64;27,81;100,00;298,06;7,69;3,21
2006.0;8.0;2006-08-01;BRASPINE;ESTACAO;PR;SENGES;4,76;4,14;62,57;15,82;72,99;3,80;31,36;27,43;100,00;295,65;7,64;6,16
2006.0;8.0;2006-08-01;BRASPINE;FAXINAL;PR;JAGUARIAIVA;20,65;20,65;62,33;15,82;72,99;3,80;31,36;27,43;100,00;295,65;7,64;6,16
2006.0;8.0;2006-08-01;BRASPINE;FEITAL;PR;DOUTOR ULYSSES;154,17;86,53;60,23;16,06;74,45;3,77;31,62;28,13;100,00;300,90;7,94;2,20
2006.0;8.0;2006-08-01;BRASPINE;FIGUEIRA;PR;DOUTOR ULYSSES;1053,81;315,71;62,38;15,90;75,54;4,03;31,43;28,27;99,99;328,08;8,20;3,06
2006.0;8.0;2006-08-01;BRASPINE;FIGUEIRINHA;PR;DOUTOR ULYSSES;94,37;56,74;64,93;15,90;75,54;4,03;31,43;28,27;99,99;328,08;8,20;3,06
2006.0;8.0;2006-08-01;BRASPINE;FLOEMA;PR;DOUTOR ULYSSES;2189,88;701,43;69,16;15,50;74,08;3,63;31,94;27,38;99,57;302,92;11,92;4,14
2006.0;8.0;2006-08-01;BRASPINE;FLOEMA I - SUDATI;;;;;62,83;15,92;74,10;3,67;31,64;27,81;100,00;298,06;7,69;3,21
2006.0;8.0;2006-08-01;BRASPINE;FLOEMA II - SUDATI;PR;DOUTOR ULYSSES;453,83;211,13;63,58;15,92;74,10;3,67;31,64;27,81;100,00;298,06;7,69;3,21
2006.0;8.0;2006-08-01;BRASPINE;FLOR DA SERRA;PR;SAO JOSE DA BOA VISTA;209,10;128,72;46,44;17,93;64,93;4,96;21,75;29,38;96,64;298,42;4,96;1,55
2006.0;8.0;2006-08-01;BRASPINE;GENTIL;PR;JAGUARIAIVA;126,77;53,33;54,94;15,68;69,16;3,01;24,89;26,64;99,47;287,70;3,01;6,94
2006.0;8.0;2006-08-01;BRASPINE;GUAIRACA;PR;GUARAPUAVA;623,62;169,31;110,05;15,48;68,93;1,98;31,78;26,97;99,97;220,53;23,24;14,38
2006.0;8.0;2006-08-01;BRASPINE;HERVAL 2 - MADALOSSO;;;;;85,55;15,72;71,87;3,04;32,30;27,58;99,79;242,14;11,47;8,24
2006.0;8.0;2006-08-01;BRASPINE;HERVAL DE BAIXO;PR;RESERVA;827,29;475,92;112,54;16,60;68,40;2,56;24,26;28,39;99,65;276,20;10,32;0,60
2006.0;8.0;2006-08-01;BRASPINE;HORTO 01;PR;TURVO;19,12;19,12;113,25;16,08;68,67;1,75;31,77;27,26;99,68;223,54;12,86;2,87
2006.0;8.0;2006-08-01;BRASPINE;HORTO 02;PR;TURVO;4,24;4,24;113,85;16,08;68,67;1,75;31,77;27,26;99,68;223,54;12,86;2,87
2006.0;8.0;2006-08-01;BRASPINE;HORTO 03;PR;PRUDENTOPOLIS;80,91;25,89;106,09;16,53;68,27;2,95;29,52;28,07;99,94;261,39;10,48;1,62
2006.0;8.0;2006-08-01;BRASPINE;HORTO 08;PR;TURVO;9,53;9,53;106,90;16,53;68,27;2,95;29,52;28,07;99,94;261,39;10,48;1,62
2006.0;8.0;2006-08-01;BRASPINE;HORTO 12;PR;PRUDENTOPOLIS;12,20;12,20;99,27;16,53;68,27;2,95;29,52;28,07;99,94;261,39;10,48;1,62
2006.0;8.0;2006-08-01;BRASPINE;IZAU;PR;PIRAI DO SUL;19,37;11,60;56,10;15,75;70,10;3,23;26,70;26,97;99,54;278,00;3,23;0,11
2006.0;8.0;2006-08-01;BRASPINE;JOAO RICO;PR;JAGUARIAIVA;47,46;26,18;52,93;15,99;69,08;3,38;24,55;27,07;99,82;277,75;3,38;2,72
2006.0;8.0;2006-08-01;BRASPINE;LAGOA;PR;JAGUARIAIVA;24,10;10,78;61,06;15,82;72,99;3,80;31,36;27,43;100,00;295,65;7,64;6,16
2006.0;8.0;2006-08-01;BRASPINE;MARACANA;PR;JANDAIA DO SUL;11,45;11,45;25,07;19,41;58,39;7,80;18,41;31,11;99,47;155,69;0,00;1,43
2006.0;8.0;2006-08-01;BRASPINE;MARRECA;;;;;64,35;15,90;75,54;4,03;31,43;28,27;99,99;328,08;8,20;3,06
2006.0;8.0;2006-08-01;BRASPINE;MARRECA SP;SP;ITAPIRAPUA PAULISTA;675,30;236,19;59,55;16,52;76,75;4,03;31,33;29,51;100,00;308,09;8,68;6,28
2006.0;8.0;2006-08-01;BRASPINE;MARRECAS;;;;;114,38;14,81;69,54;1,33;32,75;25,82;100,00;253,68;16,87;20,58
2006.0;8.0;2006-08-01;BRASPINE;MERCADINHO;;;;;66,49;16,35;75,53;3,80;30,68;29,24;100,00;315,75;7,78;3,04
2006.0;8.0;2006-08-01;BRASPINE;MONTE ALEGRE;;;;;27,50;19,89;57,47;8,11;17,93;31,84;99,11;160,42;0,00;6,56
2006.0;8.0;2006-08-01;BRASPINE;MONTE TABOR II;;;;;72,98;15,62;79,09;3,23;33,17;27,85;100,00;334,10;11,26;1,41
2006.0;8.0;2006-08-01;BRASPINE;MOREIRA;PR;DOUTOR ULYSSES;230,52;68,68;63,58;15,92;74,10;3,67;31,64;27,81;100,00;298,06;7,69;3,21
2006.0;8.0;2006-08-01;BRASPINE;MOREIRAS II;PR;DOUTOR ULYSSES;66,76;28,75;61,02;15,92;74,10;3,67;31,64;27,81;100,00;298,06;7,69;3,21
2006.0;8.0;2006-08-01;BRASPINE;MORRETES;PR;ORTIGUEIRA;20,36;20,36;98,62;16,92;68,83;3,00;23,08;29,13;99,20;274,54;10,98;2,16
2006.0;8.0;2006-08-01;BRASPINE;MORRO AZUL;;;;;74,99;16,27;73,91;4,40;28,99;28,33;100,00;290,52;9,17;7,93
2006.0;8.0;2006-08-01;BRASPINE;OURO FINO;SP;APIAI;51,70;51,70;76,93;15,86;75,93;3,96;31,32;27,64;100,00;297,06;13,14;3,20
2006.0;8.0;2006-08-01;BRASPINE;PALMEIRINHA DE BAIXO - SOSSEGO;PR;SENGES;85,93;9,22;54,91;15,88;70,07;3,90;22,78;26,71;99,76;310,19;7,94;16,82
2006.0;8.0;2006-08-01;BRASPINE;PAZIN;PR;DOUTOR ULYSSES;41,20;23,90;62,28;15,90;75,54;4,03;31,43;28,27;99,99;328,08;8,20;3,06
2006.0;8.0;2006-08-01;BRASPINE;PEDRAS;PR;CASTRO;7,18;7,18;61,79;15,66;70,77;2,95;29,68;26,84;99,32;270,71;2,95;5,00
2006.0;8.0;2006-08-01;BRASPINE;PESCARIA;PR;SAO JOSE DA BOA VISTA;184,57;129,22;49,10;18,23;63,99;5,82;18,46;29,68;96,58;276,41;0,00;3,38
2006.0;8.0;2006-08-01;BRASPINE;PESSEGUEIRO;PR;DOUTOR ULYSSES;109,95;64,79;64,03;15,92;74,10;3,67;31,64;27,81;100,00;298,06;7,69;3,21
2006.0;8.0;2006-08-01;BRASPINE;PITANGA;;;;;97,35;16,09;67,32;2,79;32,67;26,84;99,90;224,81;20,19;74,39
2006.0;8.0;2006-08-01;BRASPINE;QUEIMADINHO ARROIO CLARO;PR;DOUTOR ULYSSES;48,13;19,09;58,39;15,92;74,10;3,67;31,64;27,81;100,00;298,06;7,69;3,21
2006.0;8.0;2006-08-01;BRASPINE;QUEIMADINHO M6042;PR;DOUTOR ULYSSES;48,38;18,50;58,39;15,92;74,10;3,67;31,64;27,81;100,00;298,06;7,69;3,21
2006.0;8.0;2006-08-01;BRASPINE;QUEIMADINHO USUCAPIAO;PR;DOUTOR ULYSSES;200,27;92,43;58,39;15,92;74,10;3,67;31,64;27,81;100,00;298,06;7,69;3,21
2006.0;8.0;2006-08-01;BRASPINE;RAMOS;PR;SENGES;69,83;38,15;62,83;15,82;72,99;3,80;31,36;27,43;100,00;295,65;7,64;6,16
2006.0;8.0;2006-08-01;BRASPINE;RIBEIRAO GRANDE;PR;JAGUARIAIVA;20,77;20,77;48,73;15,75;70,10;3,23;26,70;26,97;99,54;278,00;3,23;0,11
2006.0;8.0;2006-08-01;BRASPINE;RINCAO DE BAIXO;;;;;56,67;16,20;66,73;2,71;23,06;27,31;99,35;292,92;2,71;0,32
2006.0;8.0;2006-08-01;BRASPINE;RIO BOMBA;PR;CERRO AZUL;65,03;37,72;71,26;16,58;74,44;3,87;30,71;29,51;99,95;304,19;7,88;12,03
2006.0;8.0;2006-08-01;BRASPINE;RIO DO MEIO;PR;DOUTOR ULYSSES;712,33;389,13;60,31;15,92;74,10;3,67;31,64;27,81;100,00;298,06;7,69;3,21
2006.0;8.0;2006-08-01;BRASPINE;RONDON;PR;JAGUARIAIVA;2899,24;1475,88;50,38;15,82;70,74;3,69;25,73;26,73;99,79;293,09;7,62;29,09
2006.0;8.0;2006-08-01;BRASPINE;SANTA FELICIDADE;;;;;62,06;16,81;77,84;3,90;30,60;30,18;100,00;295,30;8,71;2,35
2006.0;8.0;2006-08-01;BRASPINE;SANTA LIDIA DO CERCADINHO;;;;;58,87;15,89;66,69;2,87;23,19;26,77;99,47;288,21;2,87;9,94
2006.0;8.0;2006-08-01;BRASPINE;SANTO ANTONIO;;;;;56,69;15,89;70,47;3,74;23,22;27,03;100,00;306,73;7,71;8,27
2006.0;8.0;2006-08-01;BRASPINE;SAO JOSE;PR;JANDAIA DO SUL;37,56;37,56;27,13;19,73;57,75;8,00;18,17;31,57;99,36;158,94;0,00;6,82
2006.0;8.0;2006-08-01;BRASPINE;SAO MATHEUS;;;;;50,88;20,91;56,48;8,41;16,13;33,43;97,85;151,43;0,00;1,52
2006.0;8.0;2006-08-01;BRASPINE;SAO PEDRO E SAO PAULO;PR;SAPOPEMA;709,13;323,93;46,23;17,54;62,44;5,98;20,84;28,68;97,61;276,34;0,00;0,10
2006.0;8.0;2006-08-01;BRASPINE;SAO RAFAEL;;;;;90,50;15,57;70,65;2,59;26,92;28,23;99,50;267,71;10,93;11,58
2006.0;8.0;2006-08-01;BRASPINE;SAO RAFAEL - PB;;;;;70,97;16,03;75,41;4,21;30,68;27,93;100,00;301,93;8,81;5,46
2006.0;8.0;2006-08-01;BRASPINE;SERRARIA;PR;DOUTOR ULYSSES;280,88;117,71;65,04;15,70;74,81;3,90;31,69;27,83;99,61;323,00;12,75;1,97
2006.0;8.0;2006-08-01;BRASPINE;SERRO VERDE;;;;;122,86;15,78;67,17;2,29;33,75;26,66;99,93;175,24;17,06;17,37
2006.0;8.0;2006-08-01;BRASPINE;SERTAOZINHO;PR;DOUTOR ULYSSES;16,25;16,25;62,12;15,92;74,10;3,67;31,64;27,81;100,00;298,06;7,69;3,21
2006.0;8.0;2006-08-01;BRASPINE;SITIO BASILIO;PR;JAGUARIAIVA;8,08;8,08;50,64;15,74;68,84;3,04;24,24;26,65;99,55;272,01;3,04;4,65
2006.0;8.0;2006-08-01;BRASPINE;SITIO DAS MARRECAS;PR;DOUTOR ULYSSES;77,49;35,17;63,45;16,34;76,41;4,03;31,36;29,15;99,85;305,31;8,54;0,46
2006.0;8.0;2006-08-01;BRASPINE;SOBRADINHO;SP;BOM SUCESSO DE ITARARE;285,80;123,10;74,47;15,80;71,86;4,08;25,88;27,07;100,00;306,03;8,23;8,92
2006.0;8.0;2006-08-01;BRASPINE;TAQUARAL;PR;JAGUARIAIVA;519,13;31,07;52,97;15,98;70,20;3,53;26,04;27,07;99,98;277,80;8,42;0,08
2006.0;8.0;2006-08-01;BRASPINE;TUCUNDUVA;PR;SENGES;82,21;60,89;50,65;16,68;65,87;3,55;20,08;27,36;97,92;275,22;8,03;6,56
2006.0;8.0;2006-08-01;BRASPINE;TUCUNDUVA - CHAMMA;;;;;52,80;16,80;66,42;4,61;20,19;27,41;98,22;267,11;9,29;4,17
2006.0;8.0;2006-08-01;BRASPINE;VIENA 1;PR;DOUTOR ULYSSES;263,98;178,34;64,94;15,57;72,52;3,38;32,45;26,98;100,00;291,81;7,08;4,77
2006.0;8.0;2006-08-01;BRASPINE;VIENA 2;PR;CERRO AZUL;140,23;96,54;71,29;16,58;74,44;3,87;30,71;29,51;99,95;304,19;7,88;12,03
2006.0;8.0;2006-08-01;BRASPINE;VITORIA;PR;SENGES;50,54;35,69;54,91;15,88;70,07;3,90;22,78;26,71;99,76;310,19;7,94;16,82
2006.0;8.0;2006-08-01;BRASPINE;VIVEIRO;PR;DOUTOR ULYSSES;405,39;261,22;61,02;15,92;74,10;3,67;31,64;27,81;100,00;298,06;7,69;3,21
2006.0;8.0;2006-08-01;BRASPINE;VO LINO;PR;DOUTOR ULYSSES;164,50;97,89;64,89;15,90;75,54;4,03;31,43;28,27;99,99;328,08;8,20;3,06
2006.0;8.0;2006-08-01;BRASPINE;XAXIM VELHO;;;;;113,12;14,84;70,28;0,41;34,44;26,47;100,00;246,55;13,97;3,77
2006.0;9.0;2006-09-01;BRASPINE;AGUA DOCE;PR;JAGUARIAIVA;238,97;121,99;136,37;15,58;75,84;1,72;31,02;28,60;99,97;263,51;3,95;25,55
2006.0;9.0;2006-09-01;BRASPINE;AMATA;;;;;118,98;16,64;78,12;2,81;25,99;32,02;100,00;312,72;5,93;5,70
2006.0;9.0;2006-09-01;BRASPINE;ANTA BRAVA;;;;;99,30;18,95;70,93;6,03;19,41;33,51;98,79;242,04;0,00;9,10
2006.0;9.0;2006-09-01;BRASPINE;ARAPONGAS;PR;SENGES;423,34;263,70;133,23;15,54;78,79;2,06;27,15;29,66;100,00;287,59;4,69;25,64
2006.0;9.0;2006-09-01;BRASPINE;ARROIO CLARO;PR;DOUTOR ULYSSES;275,14;92,00;123,97;15,60;79,47;1,99;26,60;30,00;100,00;276,65;4,50;0,83
2006.0;9.0;2006-09-01;BRASPINE;BARRA GRANDE;PR;DOUTOR ULYSSES;493,79;139,68;114,33;15,96;79,11;2,81;25,95;30,85;100,00;297,35;5,78;21,23
2006.0;9.0;2006-09-01;BRASPINE;BARRA GRANDE - BEMAIS;PR;GUARAPUAVA;299,16;108,61;215,76;14,76;78,32;-0,53;34,33;27,28;99,99;258,15;10,97;13,19
2006.0;9.0;2006-09-01;BRASPINE;BARRETOS;PR;JAGUARIAIVA;43,35;32,98;134,84;15,47;78,12;1,82;28,92;29,22;100,00;251,14;4,09;1,52
2006.0;9.0;2006-09-01;BRASPINE;BAU;;;;;195,35;14,81;78,46;-0,94;36,89;26,78;99,89;261,52;10,83;6,65
2006.0;9.0;2006-09-01;BRASPINE;BOA VISTA II;PR;PIRAI DO SUL;944,00;535,05;142,60;15,41;77,34;1,62;30,06;28,86;100,00;246,54;3,66;0,68
2006.0;9.0;2006-09-01;BRASPINE;BRASILEIRA;;;;;124,03;15,54;78,79;2,06;27,15;29,66;100,00;287,59;4,69;25,64
2006.0;9.0;2006-09-01;BRASPINE;BURACAO;;;;;151,45;15,19;78,22;0,92;30,29;28,90;99,96;277,45;6,42;3,50
2006.0;9.0;2006-09-01;BRASPINE;BURRINHO;PR;DOUTOR ULYSSES;211,01;100,37;123,90;15,60;79,47;1,99;26,60;30,00;100,00;276,65;4,50;0,83
2006.0;9.0;2006-09-01;BRASPINE;CADEADO I;PR;JAGUARIAIVA;21,07;12,29;139,15;15,37;78,30;1,75;28,06;29,12;100,00;280,43;4,11;29,25
2006.0;9.0;2006-09-01;BRASPINE;CADEADO II;PR;JAGUARIAIVA;21,88;16,79;139,15;15,37;78,30;1,75;28,06;29,12;100,00;280,43;4,11;29,25
2006.0;9.0;2006-09-01;BRASPINE;CAMPINA ALTA;PR;TIBAGI;29,77;18,24;213,68;16,49;75,61;1,79;30,11;29,53;99,98;277,91;3,63;7,29
2006.0;9.0;2006-09-01;BRASPINE;CAMPINA DO ELIAS;PR;JAGUARIAIVA;29,17;14,65;139,96;15,43;78,19;1,79;28,60;29,19;100,00;266,05;4,09;0,89
2006.0;9.0;2006-09-01;BRASPINE;CAMPO NOVO;PR;JAGUARIAIVA;295,98;156,36;132,20;15,37;78,30;1,75;28,06;29,12;100,00;280,43;4,11;29,25
2006.0;9.0;2006-09-01;BRASPINE;CONSULTORIA II A;PR;DOUTOR ULYSSES;89,62;60,79;133,43;15,54;78,79;2,06;27,15;29,66;100,00;287,59;4,69;25,64
2006.0;9.0;2006-09-01;BRASPINE;DINIZ;;;;;123,55;15,54;78,79;2,06;27,15;29,66;100,00;287,59;4,69;25,64
2006.0;9.0;2006-09-01;BRASPINE;ENES;PR;JAGUARIAIVA;5,93;5,69;131,99;15,37;78,30;1,75;28,06;29,12;100,00;280,43;4,11;29,25
2006.0;9.0;2006-09-01;BRASPINE;ENGENHARIA;;;;;123,55;15,54;78,79;2,06;27,15;29,66;100,00;287,59;4,69;25,64
2006.0;9.0;2006-09-01;BRASPINE;ESTACAO;PR;SENGES;4,76;4,14;131,97;15,37;78,30;1,75;28,06;29,12;100,00;280,43;4,11;29,25
2006.0;9.0;2006-09-01;BRASPINE;FAXINAL;PR;JAGUARIAIVA;20,65;20,65;131,99;15,37;78,30;1,75;28,06;29,12;100,00;280,43;4,11;29,25
2006.0;9.0;2006-09-01;BRASPINE;FEITAL;PR;DOUTOR ULYSSES;154,17;86,53;126,42;15,68;78,90;2,31;26,75;30,06;100,00;290,85;5,05;24,20
2006.0;9.0;2006-09-01;BRASPINE;FIGUEIRA;PR;DOUTOR ULYSSES;1053,81;315,71;120,77;15,60;79,47;1,99;26,60;30,00;100,00;276,65;4,50;0,83
2006.0;9.0;2006-09-01;BRASPINE;FIGUEIRINHA;PR;DOUTOR ULYSSES;94,37;56,74;117,03;15,60;79,47;1,99;26,60;30,00;100,00;276,65;4,50;0,83
2006.0;9.0;2006-09-01;BRASPINE;FLOEMA;PR;DOUTOR ULYSSES;2189,88;701,43;131,45;15,19;78,93;1,25;27,84;28,84;100,00;295,84;3,35;0,86
2006.0;9.0;2006-09-01;BRASPINE;FLOEMA I - SUDATI;;;;;128,77;15,54;78,79;2,06;27,15;29,66;100,00;287,59;4,69;25,64
2006.0;9.0;2006-09-01;BRASPINE;FLOEMA II - SUDATI;PR;DOUTOR ULYSSES;453,83;211,13;131,38;15,54;78,79;2,06;27,15;29,66;100,00;287,59;4,69;25,64
2006.0;9.0;2006-09-01;BRASPINE;FLOR DA SERRA;PR;SAO JOSE DA BOA VISTA;209,10;128,72;112,31;17,74;71,09;4,32;27,90;31,16;99,57;288,27;8,83;0,64
2006.0;9.0;2006-09-01;BRASPINE;GENTIL;PR;JAGUARIAIVA;126,77;53,33;136,12;15,30;76,31;1,13;31,99;27,96;99,77;258,21;7,87;0,56
2006.0;9.0;2006-09-01;BRASPINE;GUAIRACA;PR;GUARAPUAVA;623,62;169,31;200,19;14,77;78,44;-0,41;34,19;27,62;99,99;275,08;11,29;13,60
2006.0;9.0;2006-09-01;BRASPINE;HERVAL 2 - MADALOSSO;;;;;150,97;15,19;78,22;0,92;30,29;28,90;99,96;277,45;6,42;3,50
2006.0;9.0;2006-09-01;BRASPINE;HERVAL DE BAIXO;PR;RESERVA;827,29;475,92;206,73;16,38;76,34;0,61;29,64;29,58;99,91;301,46;7,03;5,31
2006.0;9.0;2006-09-01;BRASPINE;HORTO 01;PR;TURVO;19,12;19,12;209,28;15,61;77,59;-0,29;35,07;28,26;99,59;239,41;12,03;13,33
2006.0;9.0;2006-09-01;BRASPINE;HORTO 02;PR;TURVO;4,24;4,24;209,84;15,61;77,59;-0,29;35,07;28,26;99,59;239,41;12,03;13,33
2006.0;9.0;2006-09-01;BRASPINE;HORTO 03;PR;PRUDENTOPOLIS;80,91;25,89;208,38;16,02;76,72;0,43;32,23;29,19;99,87;250,03;10,10;2,84
2006.0;9.0;2006-09-01;BRASPINE;HORTO 08;PR;TURVO;9,53;9,53;214,27;16,02;76,72;0,43;32,23;29,19;99,87;250,03;10,10;2,84
2006.0;9.0;2006-09-01;BRASPINE;HORTO 12;PR;PRUDENTOPOLIS;12,20;12,20;208,96;16,02;76,72;0,43;32,23;29,19;99,87;250,03;10,10;2,84
2006.0;9.0;2006-09-01;BRASPINE;IZAU;PR;PIRAI DO SUL;19,37;11,60;152,85;15,17;77,56;1,04;31,21;28,11;99,86;241,89;7,42;2,47
2006.0;9.0;2006-09-01;BRASPINE;JOAO RICO;PR;JAGUARIAIVA;47,46;26,18;135,91;15,58;75,84;1,72;31,02;28,60;99,97;263,51;3,95;25,55
2006.0;9.0;2006-09-01;BRASPINE;LAGOA;PR;JAGUARIAIVA;24,10;10,78;137,24;15,37;78,30;1,75;28,06;29,12;100,00;280,43;4,11;29,25
2006.0;9.0;2006-09-01;BRASPINE;MARACANA;PR;JANDAIA DO SUL;11,45;11,45;209,18;18,87;70,30;3,49;25,08;31,63;99,98;155,09;3,49;2,14
2006.0;9.0;2006-09-01;BRASPINE;MARRECA;;;;;122,62;15,60;79,47;1,99;26,60;30,00;100,00;276,65;4,50;0,83
2006.0;9.0;2006-09-01;BRASPINE;MARRECA SP;SP;ITAPIRAPUA PAULISTA;675,30;236,19;112,74;16,19;79,70;3,03;25,69;31,54;100,00;288,33;6,09;1,16
2006.0;9.0;2006-09-01;BRASPINE;MARRECAS;;;;;194,55;14,21;79,12;-1,09;35,54;26,49;100,00;276,45;8,31;1,05
2006.0;9.0;2006-09-01;BRASPINE;MERCADINHO;;;;;115,85;16,04;78,94;2,33;25,61;30,99;100,00;312,79;4,83;0,09
2006.0;9.0;2006-09-01;BRASPINE;MONTE ALEGRE;;;;;218,08;19,30;69,73;3,84;24,89;32,13;99,87;161,30;3,84;0,36
2006.0;9.0;2006-09-01;BRASPINE;MONTE TABOR II;;;;;105,40;15,66;81,43;1,59;26,92;30,54;100,00;340,83;3,88;4,26
2006.0;9.0;2006-09-01;BRASPINE;MOREIRA;PR;DOUTOR ULYSSES;230,52;68,68;131,38;15,54;78,79;2,06;27,15;29,66;100,00;287,59;4,69;25,64
2006.0;9.0;2006-09-01;BRASPINE;MOREIRAS II;PR;DOUTOR ULYSSES;66,76;28,75;133,72;15,54;78,79;2,06;27,15;29,66;100,00;287,59;4,69;25,64
2006.0;9.0;2006-09-01;BRASPINE;MORRETES;PR;ORTIGUEIRA;20,36;20,36;206,71;16,75;76,64;0,90;28,20;30,36;99,94;320,90;2,22;0,98
2006.0;9.0;2006-09-01;BRASPINE;MORRO AZUL;;;;;114,48;15,87;78,33;2,94;24,89;30,66;100,00;295,72;5,89;11,09
2006.0;9.0;2006-09-01;BRASPINE;OURO FINO;SP;APIAI;51,70;51,70;108,33;15,62;80,07;2,00;26,57;30,26;100,00;309,59;4,47;5,45
2006.0;9.0;2006-09-01;BRASPINE;PALMEIRINHA DE BAIXO - SOSSEGO;PR;SENGES;85,93;9,22;111,65;15,55;75,96;2,13;27,88;28,82;99,87;269,62;4,70;10,94
2006.0;9.0;2006-09-01;BRASPINE;PAZIN;PR;DOUTOR ULYSSES;41,20;23,90;124,65;15,60;79,47;1,99;26,60;30,00;100,00;276,65;4,50;0,83
2006.0;9.0;2006-09-01;BRASPINE;PEDRAS;PR;CASTRO;7,18;7,18;156,77;15,03;78,37;0,80;33,22;27,98;99,86;254,81;11,62;0,68
2006.0;9.0;2006-09-01;BRASPINE;PESCARIA;PR;SAO JOSE DA BOA VISTA;184,57;129,22;107,12;17,87;70,51;4,65;26,79;31,62;99,53;276,04;9,30;0,67
2006.0;9.0;2006-09-01;BRASPINE;PESSEGUEIRO;PR;DOUTOR ULYSSES;109,95;64,79;135,14;15,54;78,79;2,06;27,15;29,66;100,00;287,59;4,69;25,64
2006.0;9.0;2006-09-01;BRASPINE;PITANGA;;;;;230,25;15,57;77,32;-0,30;36,32;27,75;99,92;260,72;9,50;4,01
2006.0;9.0;2006-09-01;BRASPINE;QUEIMADINHO ARROIO CLARO;PR;DOUTOR ULYSSES;48,13;19,09;124,03;15,54;78,79;2,06;27,15;29,66;100,00;287,59;4,69;25,64
2006.0;9.0;2006-09-01;BRASPINE;QUEIMADINHO M6042;PR;DOUTOR ULYSSES;48,38;18,50;124,03;15,54;78,79;2,06;27,15;29,66;100,00;287,59;4,69;25,64
2006.0;9.0;2006-09-01;BRASPINE;QUEIMADINHO USUCAPIAO;PR;DOUTOR ULYSSES;200,27;92,43;124,03;15,54;78,79;2,06;27,15;29,66;100,00;287,59;4,69;25,64
2006.0;9.0;2006-09-01;BRASPINE;RAMOS;PR;SENGES;69,83;38,15;128,77;15,37;78,30;1,75;28,06;29,12;100,00;280,43;4,11;29,25
2006.0;9.0;2006-09-01;BRASPINE;RIBEIRAO GRANDE;PR;JAGUARIAIVA;20,77;20,77;146,17;15,17;77,56;1,04;31,21;28,11;99,86;241,89;7,42;2,47
2006.0;9.0;2006-09-01;BRASPINE;RINCAO DE BAIXO;;;;;160,93;15,87;74,54;1,15;30,97;28,41;99,99;268,45;8,07;5,63
2006.0;9.0;2006-09-01;BRASPINE;RIO BOMBA;PR;CERRO AZUL;65,03;37,72;129,86;16,28;78,24;2,44;26,23;31,15;99,99;319,56;5,15;3,06
2006.0;9.0;2006-09-01;BRASPINE;RIO DO MEIO;PR;DOUTOR ULYSSES;712,33;389,13;131,14;15,54;78,79;2,06;27,15;29,66;100,00;287,59;4,69;25,64
2006.0;9.0;2006-09-01;BRASPINE;RONDON;PR;JAGUARIAIVA;2899,24;1475,88;120,64;15,47;76,52;1,91;29,51;28,65;99,89;265,58;4,29;19,44
2006.0;9.0;2006-09-01;BRASPINE;SANTA FELICIDADE;;;;;107,19;16,53;79,96;3,12;24,87;32,54;100,00;309,01;6,69;0,76
2006.0;9.0;2006-09-01;BRASPINE;SANTA LIDIA DO CERCADINHO;;;;;157,45;15,56;74,67;0,81;31,26;27,83;99,98;262,79;7,41;4,83
2006.0;9.0;2006-09-01;BRASPINE;SANTO ANTONIO;;;;;120,27;15,55;76,14;2,36;26,12;29,21;100,00;285,26;4,95;8,11
2006.0;9.0;2006-09-01;BRASPINE;SAO JOSE;PR;JANDAIA DO SUL;37,56;37,56;219,23;19,16;69,87;3,72;25,02;31,92;99,94;159,52;3,72;0,00
2006.0;9.0;2006-09-01;BRASPINE;SAO MATHEUS;;;;;171,01;20,31;68,59;4,75;23,37;33,81;99,84;109,76;4,75;0,36
2006.0;9.0;2006-09-01;BRASPINE;SAO PEDRO E SAO PAULO;PR;SAPOPEMA;709,13;323,93;138,36;17,34;71,52;2,93;26,92;29,90;99,84;273,39;6,65;1,01
2006.0;9.0;2006-09-01;BRASPINE;SAO RAFAEL;;;;;161,85;14,82;77,81;0,08;30,72;29,28;99,93;301,91;5,09;1,58
2006.0;9.0;2006-09-01;BRASPINE;SAO RAFAEL - PB;;;;;118,80;15,74;79,62;2,51;25,81;30,51;100,00;311,81;5,25;6,84
2006.0;9.0;2006-09-01;BRASPINE;SERRARIA;PR;DOUTOR ULYSSES;280,88;117,71;123,29;15,39;79,20;1,62;27,22;29,42;100,00;271,27;3,92;0,97
2006.0;9.0;2006-09-01;BRASPINE;SERRO VERDE;;;;;201,07;15,17;77,28;-0,86;35,60;27,25;99,92;239,45;12,02;11,33
2006.0;9.0;2006-09-01;BRASPINE;SERTAOZINHO;PR;DOUTOR ULYSSES;16,25;16,25;129,50;15,54;78,79;2,06;27,15;29,66;100,00;287,59;4,69;25,64
2006.0;9.0;2006-09-01;BRASPINE;SITIO BASILIO;PR;JAGUARIAIVA;8,08;8,08;136,62;15,42;75,79;1,32;31,97;28,09;99,80;260,04;3,39;0,49
2006.0;9.0;2006-09-01;BRASPINE;SITIO DAS MARRECAS;PR;DOUTOR ULYSSES;77,49;35,17;117,42;16,02;79,64;2,73;25,95;31,10;100,00;284,98;5,63;0,03
2006.0;9.0;2006-09-01;BRASPINE;SOBRADINHO;SP;BOM SUCESSO DE ITARARE;285,80;123,10;108,64;15,47;77,30;2,51;25,61;29,34;100,00;285,65;5,08;4,86
2006.0;9.0;2006-09-01;BRASPINE;TAQUARAL;PR;JAGUARIAIVA;519,13;31,07;130,34;15,57;76,31;1,94;30,51;28,77;100,00;265,19;4,24;24,02
2006.0;9.0;2006-09-01;BRASPINE;TUCUNDUVA;PR;SENGES;82,21;60,89;125,24;16,40;72,49;2,73;29,32;29,31;99,55;254,77;5,84;9,59
2006.0;9.0;2006-09-01;BRASPINE;TUCUNDUVA - CHAMMA;;;;;120,24;16,38;73,18;2,88;28,58;29,47;99,54;257,53;6,11;6,55
2006.0;9.0;2006-09-01;BRASPINE;VIENA 1;PR;DOUTOR ULYSSES;263,98;178,34;138,54;15,09;78,54;1,11;29,87;28,40;100,00;261,57;7,94;0,12
2006.0;9.0;2006-09-01;BRASPINE;VIENA 2;PR;CERRO AZUL;140,23;96,54;129,81;16,28;78,24;2,44;26,23;31,15;99,99;319,56;5,15;3,06
2006.0;9.0;2006-09-01;BRASPINE;VITORIA;PR;SENGES;50,54;35,69;111,65;15,55;75,96;2,13;27,88;28,82;99,87;269,62;4,70;10,94
2006.0;9.0;2006-09-01;BRASPINE;VIVEIRO;PR;DOUTOR ULYSSES;405,39;261,22;133,72;15,54;78,79;2,06;27,15;29,66;100,00;287,59;4,69;25,64
2006.0;9.0;2006-09-01;BRASPINE;VO LINO;PR;DOUTOR ULYSSES;164,50;97,89;123,46;15,60;79,47;1,99;26,60;30,00;100,00;276,65;4,50;0,83
2006.0;9.0;2006-09-01;BRASPINE;XAXIM VELHO;;;;;203,80;14,16;79,64;-1,02;36,28;26,82;100,00;278,63;9,04;0,04
2006.0;10.0;2006-10-01;BRASPINE;AGUA DOCE;PR;JAGUARIAIVA;238,97;121,99;80,54;18,41;83,23;9,60;40,27;28,51;99,90;221,96;0,00;0,93
2006.0;10.0;2006-10-01;BRASPINE;AMATA;;;;;105,59;19,68;80,95;11,66;37,88;31,12;100,00;125,03;0,00;2,62
2006.0;10.0;2006-10-01;BRASPINE;ANTA BRAVA;;;;;92,40;20,92;77,52;12,08;35,26;31,54;98,89;113,93;0,00;6,81
2006.0;10.0;2006-10-01;BRASPINE;ARAPONGAS;PR;SENGES;423,34;263,70;79,13;18,22;84,80;9,71;40,27;29,19;100,00;222,36;0,00;2,44
2006.0;10.0;2006-10-01;BRASPINE;ARROIO CLARO;PR;DOUTOR ULYSSES;275,14;92,00;86,49;18,38;84,57;10,30;40,05;29,57;100,00;196,98;0,00;0,34
2006.0;10.0;2006-10-01;BRASPINE;BARRA GRANDE;PR;DOUTOR ULYSSES;493,79;139,68;76,64;18,59;84,69;10,10;41,44;29,92;100,00;182,95;0,00;5,27
2006.0;10.0;2006-10-01;BRASPINE;BARRA GRANDE - BEMAIS;PR;GUARAPUAVA;299,16;108,61;84,27;18,69;82,24;11,12;43,04;28,36;99,98;196,04;0,00;31,31
2006.0;10.0;2006-10-01;BRASPINE;BARRETOS;PR;JAGUARIAIVA;43,35;32,98;87,70;18,31;84,54;10,14;39,65;28,83;100,00;221,05;0,00;1,58
2006.0;10.0;2006-10-01;BRASPINE;BAU;;;;;102,82;18,84;82,74;11,59;45,47;27,72;99,85;198,53;0,00;5,05
2006.0;10.0;2006-10-01;BRASPINE;BOA VISTA II;PR;PIRAI DO SUL;944,00;535,05;82,01;18,37;83,96;9,94;40,46;28,75;100,00;205,70;0,00;0,07
2006.0;10.0;2006-10-01;BRASPINE;BRASILEIRA;;;;;77,20;18,22;84,80;9,71;40,27;29,19;100,00;222,36;0,00;2,44
2006.0;10.0;2006-10-01;BRASPINE;BURACAO;;;;;95,26;18,32;83,35;10,83;41,43;28,70;99,84;210,68;0,00;4,31
2006.0;10.0;2006-10-01;BRASPINE;BURRINHO;PR;DOUTOR ULYSSES;211,01;100,37;86,50;18,38;84,57;10,30;40,05;29,57;100,00;196,98;0,00;0,34
2006.0;10.0;2006-10-01;BRASPINE;CADEADO I;PR;JAGUARIAIVA;21,07;12,29;85,62;18,11;84,66;9,69;39,37;28,76;100,00;234,13;0,00;2,28
2006.0;10.0;2006-10-01;BRASPINE;CADEADO II;PR;JAGUARIAIVA;21,88;16,79;85,62;18,11;84,66;9,69;39,37;28,76;100,00;234,13;0,00;2,28
2006.0;10.0;2006-10-01;BRASPINE;CAMPINA ALTA;PR;TIBAGI;29,77;18,24;115,33;20,08;80,09;12,20;38,12;30,02;99,96;123,78;0,00;2,13
2006.0;10.0;2006-10-01;BRASPINE;CAMPINA DO ELIAS;PR;JAGUARIAIVA;29,17;14,65;88,95;18,24;84,58;9,98;39,55;28,78;100,00;235,35;0,00;0,44
2006.0;10.0;2006-10-01;BRASPINE;CAMPO NOVO;PR;JAGUARIAIVA;295,98;156,36;81,40;18,11;84,66;9,69;39,37;28,76;100,00;234,13;0,00;2,28
2006.0;10.0;2006-10-01;BRASPINE;CONSULTORIA II A;PR;DOUTOR ULYSSES;89,62;60,79;71,88;18,22;84,80;9,71;40,27;29,19;100,00;222,36;0,00;2,44
2006.0;10.0;2006-10-01;BRASPINE;DINIZ;;;;;62,62;18,22;84,80;9,71;40,27;29,19;100,00;222,36;0,00;2,44
2006.0;10.0;2006-10-01;BRASPINE;ENES;PR;JAGUARIAIVA;5,93;5,69;81,85;18,11;84,66;9,69;39,37;28,76;100,00;234,13;0,00;2,28
2006.0;10.0;2006-10-01;BRASPINE;ENGENHARIA;;;;;62,62;18,22;84,80;9,71;40,27;29,19;100,00;222,36;0,00;2,44
2006.0;10.0;2006-10-01;BRASPINE;ESTACAO;PR;SENGES;4,76;4,14;89,64;18,11;84,66;9,69;39,37;28,76;100,00;234,13;0,00;2,28
2006.0;10.0;2006-10-01;BRASPINE;FAXINAL;PR;JAGUARIAIVA;20,65;20,65;81,85;18,11;84,66;9,69;39,37;28,76;100,00;234,13;0,00;2,28
2006.0;10.0;2006-10-01;BRASPINE;FEITAL;PR;DOUTOR ULYSSES;154,17;86,53;84,51;18,35;84,76;9,84;40,66;29,43;100,00;194,44;0,00;0,12
2006.0;10.0;2006-10-01;BRASPINE;FIGUEIRA;PR;DOUTOR ULYSSES;1053,81;315,71;87,99;18,38;84,57;10,30;40,05;29,57;100,00;196,98;0,00;0,34
2006.0;10.0;2006-10-01;BRASPINE;FIGUEIRINHA;PR;DOUTOR ULYSSES;94,37;56,74;73,09;18,38;84,57;10,30;40,05;29,57;100,00;196,98;0,00;0,34
2006.0;10.0;2006-10-01;BRASPINE;FLOEMA;PR;DOUTOR ULYSSES;2189,88;701,43;80,60;18,00;84,62;9,69;39,39;28,84;100,00;234,31;0,00;1,07
2006.0;10.0;2006-10-01;BRASPINE;FLOEMA I - SUDATI;;;;;88,30;18,22;84,80;9,71;40,27;29,19;100,00;222,36;0,00;2,44
2006.0;10.0;2006-10-01;BRASPINE;FLOEMA II - SUDATI;PR;DOUTOR ULYSSES;453,83;211,13;81,44;18,22;84,80;9,71;40,27;29,19;100,00;222,36;0,00;2,44
2006.0;10.0;2006-10-01;BRASPINE;FLOR DA SERRA;PR;SAO JOSE DA BOA VISTA;209,10;128,72;110,80;20,55;76,84;12,07;36,35;30,35;99,54;68,48;0,00;1,81
2006.0;10.0;2006-10-01;BRASPINE;GENTIL;PR;JAGUARIAIVA;126,77;53,33;73,31;18,21;83,28;9,76;40,70;28,10;99,60;248,85;0,00;0,84
2006.0;10.0;2006-10-01;BRASPINE;GUAIRACA;PR;GUARAPUAVA;623,62;169,31;87,42;18,80;81,55;11,03;42,07;28,32;100,00;227,85;0,00;31,67
2006.0;10.0;2006-10-01;BRASPINE;HERVAL 2 - MADALOSSO;;;;;90,83;18,32;83,35;10,83;41,43;28,70;99,84;210,68;0,00;4,31
2006.0;10.0;2006-10-01;BRASPINE;HERVAL DE BAIXO;PR;RESERVA;827,29;475,92;108,83;20,09;80,32;11,82;39,49;29,90;99,91;122,03;0,00;2,14
2006.0;10.0;2006-10-01;BRASPINE;HORTO 01;PR;TURVO;19,12;19,12;111,04;19,48;82,48;11,81;46,47;28,85;99,79;188,89;0,00;2,10
2006.0;10.0;2006-10-01;BRASPINE;HORTO 02;PR;TURVO;4,24;4,24;110,87;19,48;82,48;11,81;46,47;28,85;99,79;188,89;0,00;2,10
2006.0;10.0;2006-10-01;BRASPINE;HORTO 03;PR;PRUDENTOPOLIS;80,91;25,89;112,65;20,01;80,98;12,07;43,33;29,76;99,98;166,06;0,00;14,93
2006.0;10.0;2006-10-01;BRASPINE;HORTO 08;PR;TURVO;9,53;9,53;105,05;20,01;80,98;12,07;43,33;29,76;99,98;166,06;0,00;14,93
2006.0;10.0;2006-10-01;BRASPINE;HORTO 12;PR;PRUDENTOPOLIS;12,20;12,20;114,13;20,01;80,98;12,07;43,33;29,76;99,98;166,06;0,00;14,93
2006.0;10.0;2006-10-01;BRASPINE;IZAU;PR;PIRAI DO SUL;19,37;11,60;76,11;18,15;84,04;10,28;40,92;28,24;99,64;247,47;0,00;1,88
2006.0;10.0;2006-10-01;BRASPINE;JOAO RICO;PR;JAGUARIAIVA;47,46;26,18;76,06;18,41;83,23;9,60;40,27;28,51;99,90;221,96;0,00;0,93
2006.0;10.0;2006-10-01;BRASPINE;LAGOA;PR;JAGUARIAIVA;24,10;10,78;86,86;18,11;84,66;9,69;39,37;28,76;100,00;234,13;0,00;2,28
2006.0;10.0;2006-10-01;BRASPINE;MARACANA;PR;JANDAIA DO SUL;11,45;11,45;90,94;22,15;75,78;14,30;36,78;32,13;99,99;14,30;0,00;2,86
2006.0;10.0;2006-10-01;BRASPINE;MARRECA;;;;;84,54;18,38;84,57;10,30;40,05;29,57;100,00;196,98;0,00;0,34
2006.0;10.0;2006-10-01;BRASPINE;MARRECA SP;SP;ITAPIRAPUA PAULISTA;675,30;236,19;72,41;18,93;84,15;10,67;41,23;30,45;100,00;188,79;0,00;1,85
2006.0;10.0;2006-10-01;BRASPINE;MARRECAS;;;;;71,92;18,12;83,05;10,61;43,08;27,69;100,00;261,68;0,00;0,20
2006.0;10.0;2006-10-01;BRASPINE;MERCADINHO;;;;;81,39;18,98;82,74;11,00;38,66;30,33;100,00;176,99;0,00;0,05
2006.0;10.0;2006-10-01;BRASPINE;MONTE ALEGRE;;;;;87,91;22,74;74,40;14,96;35,55;32,84;99,92;14,96;0,00;0,35
2006.0;10.0;2006-10-01;BRASPINE;MONTE TABOR II;;;;;70,31;18,17;85,87;9,97;43,86;29,21;100,00;200,90;0,00;8,23
2006.0;10.0;2006-10-01;BRASPINE;MOREIRA;PR;DOUTOR ULYSSES;230,52;68,68;81,44;18,22;84,80;9,71;40,27;29,19;100,00;222,36;0,00;2,44
2006.0;10.0;2006-10-01;BRASPINE;MOREIRAS II;PR;DOUTOR ULYSSES;66,76;28,75;70,45;18,22;84,80;9,71;40,27;29,19;100,00;222,36;0,00;2,44
2006.0;10.0;2006-10-01;BRASPINE;MORRETES;PR;ORTIGUEIRA;20,36;20,36;113,98;20,59;79,91;11,82;39,40;30,70;99,89;125,23;0,00;5,71
2006.0;10.0;2006-10-01;BRASPINE;MORRO AZUL;;;;;57,32;18,35;84,76;9,58;42,17;29,82;100,00;208,90;0,00;0,11
2006.0;10.0;2006-10-01;BRASPINE;OURO FINO;SP;APIAI;51,70;51,70;51,10;17,98;85,92;9,03;43,92;29,26;100,00;237,54;0,00;1,87
2006.0;10.0;2006-10-01;BRASPINE;PALMEIRINHA DE BAIXO - SOSSEGO;PR;SENGES;85,93;9,22;90,76;18,03;83,59;9,35;39,42;28,66;99,93;247,83;0,00;11,94
2006.0;10.0;2006-10-01;BRASPINE;PAZIN;PR;DOUTOR ULYSSES;41,20;23,90;82,70;18,38;84,57;10,30;40,05;29,57;100,00;196,98;0,00;0,34
2006.0;10.0;2006-10-01;BRASPINE;PEDRAS;PR;CASTRO;7,18;7,18;81,86;18,24;84,12;10,49;42,35;28,41;99,58;233,89;0,00;4,35
2006.0;10.0;2006-10-01;BRASPINE;PESCARIA;PR;SAO JOSE DA BOA VISTA;184,57;129,22;125,57;20,62;76,86;12,08;35,29;30,31;99,65;68,75;0,00;2,61
2006.0;10.0;2006-10-01;BRASPINE;PESSEGUEIRO;PR;DOUTOR ULYSSES;109,95;64,79;94,29;18,22;84,80;9,71;40,27;29,19;100,00;222,36;0,00;2,44
2006.0;10.0;2006-10-01;BRASPINE;PITANGA;;;;;120,46;19,62;81,99;12,38;45,24;28,46;99,74;179,98;0,00;0,69
2006.0;10.0;2006-10-01;BRASPINE;QUEIMADINHO ARROIO CLARO;PR;DOUTOR ULYSSES;48,13;19,09;77,20;18,22;84,80;9,71;40,27;29,19;100,00;222,36;0,00;2,44
2006.0;10.0;2006-10-01;BRASPINE;QUEIMADINHO M6042;PR;DOUTOR ULYSSES;48,38;18,50;77,20;18,22;84,80;9,71;40,27;29,19;100,00;222,36;0,00;2,44
2006.0;10.0;2006-10-01;BRASPINE;QUEIMADINHO USUCAPIAO;PR;DOUTOR ULYSSES;200,27;92,43;77,20;18,22;84,80;9,71;40,27;29,19;100,00;222,36;0,00;2,44
2006.0;10.0;2006-10-01;BRASPINE;RAMOS;PR;SENGES;69,83;38,15;88,30;18,11;84,66;9,69;39,37;28,76;100,00;234,13;0,00;2,28
2006.0;10.0;2006-10-01;BRASPINE;RIBEIRAO GRANDE;PR;JAGUARIAIVA;20,77;20,77;83,10;18,15;84,04;10,28;40,92;28,24;99,64;247,47;0,00;1,88
2006.0;10.0;2006-10-01;BRASPINE;RINCAO DE BAIXO;;;;;113,09;19,31;79,16;11,44;36,45;29,29;99,66;190,60;0,00;15,33
2006.0;10.0;2006-10-01;BRASPINE;RIO BOMBA;PR;CERRO AZUL;65,03;37,72;94,84;19,37;81,48;11,32;38,22;30,61;99,99;136,86;0,00;4,59
2006.0;10.0;2006-10-01;BRASPINE;RIO DO MEIO;PR;DOUTOR ULYSSES;712,33;389,13;72,25;18,22;84,80;9,71;40,27;29,19;100,00;222,36;0,00;2,44
2006.0;10.0;2006-10-01;BRASPINE;RONDON;PR;JAGUARIAIVA;2899,24;1475,88;90,86;18,09;83,97;9,36;39,74;28,46;99,93;233,33;0,00;21,75
2006.0;10.0;2006-10-01;BRASPINE;SANTA FELICIDADE;;;;;75,90;19,22;83,82;10,85;42,42;30,98;100,00;178,45;0,00;1,06
2006.0;10.0;2006-10-01;BRASPINE;SANTA LIDIA DO CERCADINHO;;;;;110,57;18,92;79,51;11,05;37,15;28,75;99,61;200,71;0,00;13,84
2006.0;10.0;2006-10-01;BRASPINE;SANTO ANTONIO;;;;;73,49;18,03;83,55;8,98;39,53;29,06;100,00;246,90;0,00;3,96
2006.0;10.0;2006-10-01;BRASPINE;SAO JOSE;PR;JANDAIA DO SUL;37,56;37,56;88,23;22,56;74,74;14,75;35,97;32,59;99,96;14,75;0,00;1,53
2006.0;10.0;2006-10-01;BRASPINE;SAO MATHEUS;;;;;83,00;24,07;72,29;16,45;33,01;34,75;99,74;0,00;0,00;2,68
2006.0;10.0;2006-10-01;BRASPINE;SAO PEDRO E SAO PAULO;PR;SAPOPEMA;709,13;323,93;117,68;20,19;78,13;11,53;37,15;29,63;99,66;109,86;0,00;7,04
2006.0;10.0;2006-10-01;BRASPINE;SAO RAFAEL;;;;;71,99;18,03;81,99;11,58;45,47;28,91;99,63;240,12;0,00;6,30
2006.0;10.0;2006-10-01;BRASPINE;SAO RAFAEL - PB;;;;;55,52;18,11;85,63;9,30;43,69;29,53;100,00;208,50;0,00;3,70
2006.0;10.0;2006-10-01;BRASPINE;SERRARIA;PR;DOUTOR ULYSSES;280,88;117,71;87,74;18,19;84,59;10,00;39,72;29,21;100,00;223,30;0,00;0,03
2006.0;10.0;2006-10-01;BRASPINE;SERRO VERDE;;;;;98,58;19,22;81,59;12,01;44,95;28,05;99,90;188,25;0,00;2,41
2006.0;10.0;2006-10-01;BRASPINE;SERTAOZINHO;PR;DOUTOR ULYSSES;16,25;16,25;62,55;18,22;84,80;9,71;40,27;29,19;100,00;222,36;0,00;2,44
2006.0;10.0;2006-10-01;BRASPINE;SITIO BASILIO;PR;JAGUARIAIVA;8,08;8,08;80,98;18,28;83,03;9,55;40,52;28,16;99,68;235,18;0,00;0,73
2006.0;10.0;2006-10-01;BRASPINE;SITIO DAS MARRECAS;PR;DOUTOR ULYSSES;77,49;35,17;71,61;18,77;84,27;10,57;40,89;30,20;100,00;186,86;0,00;3,48
2006.0;10.0;2006-10-01;BRASPINE;SOBRADINHO;SP;BOM SUCESSO DE ITARARE;285,80;123,10;55,25;17,87;84,40;8,67;40,71;29,13;100,00;245,38;0,00;7,38
2006.0;10.0;2006-10-01;BRASPINE;TAQUARAL;PR;JAGUARIAIVA;519,13;31,07;86,22;18,32;83,76;9,50;40,20;28,59;100,00;221,10;0,00;0,06
2006.0;10.0;2006-10-01;BRASPINE;TUCUNDUVA;PR;SENGES;82,21;60,89;102,35;19,00;80,16;9,72;37,20;28,80;99,63;186,92;0,00;13,30
2006.0;10.0;2006-10-01;BRASPINE;TUCUNDUVA - CHAMMA;;;;;108,50;18,95;80,52;10,06;36,66;28,93;99,71;186,90;0,00;11,02
2006.0;10.0;2006-10-01;BRASPINE;VIENA 1;PR;DOUTOR ULYSSES;263,98;178,34;85,06;17,93;84,72;9,79;41,07;28,36;100,00;231,11;0,00;0,60
2006.0;10.0;2006-10-01;BRASPINE;VIENA 2;PR;CERRO AZUL;140,23;96,54;95,04;19,37;81,48;11,32;38,22;30,61;99,99;136,86;0,00;4,59
2006.0;10.0;2006-10-01;BRASPINE;VITORIA;PR;SENGES;50,54;35,69;90,76;18,03;83,59;9,35;39,42;28,66;99,93;247,83;0,00;11,94
2006.0;10.0;2006-10-01;BRASPINE;VIVEIRO;PR;DOUTOR ULYSSES;405,39;261,22;70,45;18,22;84,80;9,71;40,27;29,19;100,00;222,36;0,00;2,44
2006.0;10.0;2006-10-01;BRASPINE;VO LINO;PR;DOUTOR ULYSSES;164,50;97,89;86,46;18,38;84,57;10,30;40,05;29,57;100,00;196,98;0,00;0,34
2006.0;10.0;2006-10-01;BRASPINE;XAXIM VELHO;;;;;76,84;18,16;83,05;10,60;44,27;27,44;100,00;248,07;0,00;4,16
2006.0;11.0;2006-11-01;BRASPINE;AGUA DOCE;PR;JAGUARIAIVA;238,97;121,99;104,83;19,01;81,59;8,12;33,64;28,46;99,86;134,33;0,00;2,59
2006.0;11.0;2006-11-01;BRASPINE;AMATA;;;;;134,37;20,55;81,06;9,10;32,13;31,47;100,00;77,31;0,00;3,07
2006.0;11.0;2006-11-01;BRASPINE;ANTA BRAVA;;;;;92,23;22,06;74,19;11,55;35,34;33,98;98,88;80,29;0,00;1,66
2006.0;11.0;2006-11-01;BRASPINE;ARAPONGAS;PR;SENGES;423,34;263,70;107,05;18,94;83,87;9,11;33,30;29,18;100,00;151,71;0,00;3,25
2006.0;11.0;2006-11-01;BRASPINE;ARROIO CLARO;PR;DOUTOR ULYSSES;275,14;92,00;131,35;19,10;83,97;9,03;32,99;29,62;100,00;169,33;0,00;4,55
2006.0;11.0;2006-11-01;BRASPINE;BARRA GRANDE;PR;DOUTOR ULYSSES;493,79;139,68;135,67;19,45;83,81;9,41;33,17;30,13;100,00;157,14;0,00;5,46
2006.0;11.0;2006-11-01;BRASPINE;BARRA GRANDE - BEMAIS;PR;GUARAPUAVA;299,16;108,61;154,58;18,68;82,37;9,12;39,05;27,31;100,00;148,70;0,00;0,10
2006.0;11.0;2006-11-01;BRASPINE;BARRETOS;PR;JAGUARIAIVA;43,35;32,98;107,52;18,96;83,38;8,24;33,29;28,89;99,99;149,72;0,00;10,13
2006.0;11.0;2006-11-01;BRASPINE;BAU;;;;;140,78;18,87;82,05;10,39;40,21;26,90;99,88;137,32;0,00;38,26
2006.0;11.0;2006-11-01;BRASPINE;BOA VISTA II;PR;PIRAI DO SUL;944,00;535,05;114,07;18,98;82,70;7,78;33,48;28,70;99,96;133,60;0,00;354,92
2006.0;11.0;2006-11-01;BRASPINE;BRASILEIRA;;;;;135,04;18,94;83,87;9,11;33,30;29,18;100,00;151,71;0,00;3,25
2006.0;11.0;2006-11-01;BRASPINE;BURACAO;;;;;138,05;18,85;83,09;8,25;37,45;28,54;99,86;181,42;0,00;0,85
2006.0;11.0;2006-11-01;BRASPINE;BURRINHO;PR;DOUTOR ULYSSES;211,01;100,37;131,49;19,10;83,97;9,03;32,99;29,62;100,00;169,33;0,00;4,55
2006.0;11.0;2006-11-01;BRASPINE;CADEADO I;PR;JAGUARIAIVA;21,07;12,29;110,87;18,78;83,61;8,56;33,16;28,72;100,00;178,24;0,00;3,97
2006.0;11.0;2006-11-01;BRASPINE;CADEADO II;PR;JAGUARIAIVA;21,88;16,79;110,87;18,78;83,61;8,56;33,16;28,72;100,00;178,24;0,00;3,97
2006.0;11.0;2006-11-01;BRASPINE;CAMPINA ALTA;PR;TIBAGI;29,77;18,24;139,89;20,41;78,27;8,97;29,82;30,04;99,90;98,74;0,00;2,17
2006.0;11.0;2006-11-01;BRASPINE;CAMPINA DO ELIAS;PR;JAGUARIAIVA;29,17;14,65;117,39;18,89;83,46;8,36;33,24;28,83;99,99;149,41;0,00;9,06
2006.0;11.0;2006-11-01;BRASPINE;CAMPO NOVO;PR;JAGUARIAIVA;295,98;156,36;107,93;18,78;83,61;8,56;33,16;28,72;100,00;178,24;0,00;3,97
2006.0;11.0;2006-11-01;BRASPINE;CONSULTORIA II A;PR;DOUTOR ULYSSES;89,62;60,79;130,23;18,94;83,87;9,11;33,30;29,18;100,00;151,71;0,00;3,25
2006.0;11.0;2006-11-01;BRASPINE;DINIZ;;;;;128,46;18,94;83,87;9,11;33,30;29,18;100,00;151,71;0,00;3,25
2006.0;11.0;2006-11-01;BRASPINE;ENES;PR;JAGUARIAIVA;5,93;5,69;108,14;18,78;83,61;8,56;33,16;28,72;100,00;178,24;0,00;3,97
2006.0;11.0;2006-11-01;BRASPINE;ENGENHARIA;;;;;128,46;18,94;83,87;9,11;33,30;29,18;100,00;151,71;0,00;3,25
2006.0;11.0;2006-11-01;BRASPINE;ESTACAO;PR;SENGES;4,76;4,14;114,20;18,78;83,61;8,56;33,16;28,72;100,00;178,24;0,00;3,97
2006.0;11.0;2006-11-01;BRASPINE;FAXINAL;PR;JAGUARIAIVA;20,65;20,65;108,14;18,78;83,61;8,56;33,16;28,72;100,00;178,24;0,00;3,97
2006.0;11.0;2006-11-01;BRASPINE;FEITAL;PR;DOUTOR ULYSSES;154,17;86,53;133,32;19,11;83,85;9,21;33,26;29,50;100,00;153,52;0,00;1,89
2006.0;11.0;2006-11-01;BRASPINE;FIGUEIRA;PR;DOUTOR ULYSSES;1053,81;315,71;130,56;19,10;83,97;9,03;32,99;29,62;100,00;169,33;0,00;4,55
2006.0;11.0;2006-11-01;BRASPINE;FIGUEIRINHA;PR;DOUTOR ULYSSES;94,37;56,74;142,06;19,10;83,97;9,03;32,99;29,62;100,00;169,33;0,00;4,55
2006.0;11.0;2006-11-01;BRASPINE;FLOEMA;PR;DOUTOR ULYSSES;2189,88;701,43;128,41;18,61;83,90;8,58;33,02;28,64;100,00;177,66;0,00;5,17
2006.0;11.0;2006-11-01;BRASPINE;FLOEMA I - SUDATI;;;;;111,88;18,94;83,87;9,11;33,30;29,18;100,00;151,71;0,00;3,25
2006.0;11.0;2006-11-01;BRASPINE;FLOEMA II - SUDATI;PR;DOUTOR ULYSSES;453,83;211,13;114,75;18,94;83,87;9,11;33,30;29,18;100,00;151,71;0,00;3,25
2006.0;11.0;2006-11-01;BRASPINE;FLOR DA SERRA;PR;SAO JOSE DA BOA VISTA;209,10;128,72;71,27;21,38;73,89;10,39;30,18;31,67;99,49;78,39;0,00;1,62
2006.0;11.0;2006-11-01;BRASPINE;GENTIL;PR;JAGUARIAIVA;126,77;53,33;115,22;18,75;81,70;7,71;34,55;28,11;99,69;190,89;0,00;6,58
2006.0;11.0;2006-11-01;BRASPINE;GUAIRACA;PR;GUARAPUAVA;623,62;169,31;142,32;18,83;81,98;8,83;39,74;27,74;100,00;136,47;0,00;0,43
2006.0;11.0;2006-11-01;BRASPINE;HERVAL 2 - MADALOSSO;;;;;140,30;18,85;83,09;8,25;37,45;28,54;99,86;181,42;0,00;0,85
2006.0;11.0;2006-11-01;BRASPINE;HERVAL DE BAIXO;PR;RESERVA;827,29;475,92;148,41;20,42;78,38;8,50;30,14;30,18;99,81;97,36;0,00;6,78
2006.0;11.0;2006-11-01;BRASPINE;HORTO 01;PR;TURVO;19,12;19,12;142,41;19,52;82,25;10,43;40,78;28,43;99,94;126,19;0,00;2,12
2006.0;11.0;2006-11-01;BRASPINE;HORTO 02;PR;TURVO;4,24;4,24;142,78;19,52;82,25;10,43;40,78;28,43;99,94;126,19;0,00;2,12
2006.0;11.0;2006-11-01;BRASPINE;HORTO 03;PR;PRUDENTOPOLIS;80,91;25,89;140,92;20,03;81,07;10,62;37,83;29,27;99,90;130,61;0,00;0,07
2006.0;11.0;2006-11-01;BRASPINE;HORTO 08;PR;TURVO;9,53;9,53;142,87;20,03;81,07;10,62;37,83;29,27;99,90;130,61;0,00;0,07
2006.0;11.0;2006-11-01;BRASPINE;HORTO 12;PR;PRUDENTOPOLIS;12,20;12,20;140,28;20,03;81,07;10,62;37,83;29,27;99,90;130,61;0,00;0,07
2006.0;11.0;2006-11-01;BRASPINE;IZAU;PR;PIRAI DO SUL;19,37;11,60;121,39;18,68;82,69;8,02;34,63;28,26;99,74;204,95;0,00;1,04
2006.0;11.0;2006-11-01;BRASPINE;JOAO RICO;PR;JAGUARIAIVA;47,46;26,18;111,29;19,01;81,59;8,12;33,64;28,46;99,86;134,33;0,00;2,59
2006.0;11.0;2006-11-01;BRASPINE;LAGOA;PR;JAGUARIAIVA;24,10;10,78;115,88;18,78;83,61;8,56;33,16;28,72;100,00;178,24;0,00;3,97
2006.0;11.0;2006-11-01;BRASPINE;MARACANA;PR;JANDAIA DO SUL;11,45;11,45;142,26;22,81;71,16;13,46;27,10;33,33;99,95;69,18;0,00;0,80
2006.0;11.0;2006-11-01;BRASPINE;MARRECA;;;;;134,74;19,10;83,97;9,03;32,99;29,62;100,00;169,33;0,00;4,55
2006.0;11.0;2006-11-01;BRASPINE;MARRECA SP;SP;ITAPIRAPUA PAULISTA;675,30;236,19;145,02;19,83;83,66;9,60;32,69;30,96;100,00;132,31;0,00;0,92
2006.0;11.0;2006-11-01;BRASPINE;MARRECAS;;;;;152,92;18,11;83,11;8,59;39,90;26,63;100,00;157,95;0,00;2,21
2006.0;11.0;2006-11-01;BRASPINE;MERCADINHO;;;;;137,08;19,76;82,51;9,54;32,24;30,52;100,00;132,51;0,00;3,49
2006.0;11.0;2006-11-01;BRASPINE;MONTE ALEGRE;;;;;135,15;23,41;69,72;14,01;27,21;33,98;99,95;71,89;0,00;9,36
2006.0;11.0;2006-11-01;BRASPINE;MONTE TABOR II;;;;;162,47;19,04;85,07;8,53;38,33;29,75;100,00;168,11;0,00;0,04
2006.0;11.0;2006-11-01;BRASPINE;MOREIRA;PR;DOUTOR ULYSSES;230,52;68,68;114,75;18,94;83,87;9,11;33,30;29,18;100,00;151,71;0,00;3,25
2006.0;11.0;2006-11-01;BRASPINE;MOREIRAS II;PR;DOUTOR ULYSSES;66,76;28,75;132,53;18,94;83,87;9,11;33,30;29,18;100,00;151,71;0,00;3,25
2006.0;11.0;2006-11-01;BRASPINE;MORRETES;PR;ORTIGUEIRA;20,36;20,36;138,43;21,04;77,19;8,96;27,91;31,19;99,76;100,24;0,00;0,17
2006.0;11.0;2006-11-01;BRASPINE;MORRO AZUL;;;;;137,19;19,22;83,61;8,92;33,61;29,61;100,00;153,23;0,00;17,56
2006.0;11.0;2006-11-01;BRASPINE;OURO FINO;SP;APIAI;51,70;51,70;166,74;18,88;85,00;8,30;37,44;29,33;100,00;179,38;0,00;7,82
2006.0;11.0;2006-11-01;BRASPINE;PALMEIRINHA DE BAIXO - SOSSEGO;PR;SENGES;85,93;9,22;92,44;18,73;81,85;8,46;33,48;28,22;99,86;192,15;0,00;7,74
2006.0;11.0;2006-11-01;BRASPINE;PAZIN;PR;DOUTOR ULYSSES;41,20;23,90;136,13;19,10;83,97;9,03;32,99;29,62;100,00;169,33;0,00;4,55
2006.0;11.0;2006-11-01;BRASPINE;PEDRAS;PR;CASTRO;7,18;7,18;137,04;18,71;83,25;7,39;37,18;28,13;99,58;160,49;0,00;1,31
2006.0;11.0;2006-11-01;BRASPINE;PESCARIA;PR;SAO JOSE DA BOA VISTA;184,57;129,22;78,23;21,47;73,96;10,15;28,68;31,66;99,50;79,36;0,00;1,95
2006.0;11.0;2006-11-01;BRASPINE;PESSEGUEIRO;PR;DOUTOR ULYSSES;109,95;64,79;121,24;18,94;83,87;9,11;33,30;29,18;100,00;151,71;0,00;3,25
2006.0;11.0;2006-11-01;BRASPINE;PITANGA;;;;;156,75;19,72;80,88;11,16;39,47;27,99;99,81;116,24;0,00;0,14
2006.0;11.0;2006-11-01;BRASPINE;QUEIMADINHO ARROIO CLARO;PR;DOUTOR ULYSSES;48,13;19,09;135,04;18,94;83,87;9,11;33,30;29,18;100,00;151,71;0,00;3,25
2006.0;11.0;2006-11-01;BRASPINE;QUEIMADINHO M6042;PR;DOUTOR ULYSSES;48,38;18,50;135,04;18,94;83,87;9,11;33,30;29,18;100,00;151,71;0,00;3,25
2006.0;11.0;2006-11-01;BRASPINE;QUEIMADINHO USUCAPIAO;PR;DOUTOR ULYSSES;200,27;92,43;135,04;18,94;83,87;9,11;33,30;29,18;100,00;151,71;0,00;3,25
2006.0;11.0;2006-11-01;BRASPINE;RAMOS;PR;SENGES;69,83;38,15;111,88;18,78;83,61;8,56;33,16;28,72;100,00;178,24;0,00;3,97
2006.0;11.0;2006-11-01;BRASPINE;RIBEIRAO GRANDE;PR;JAGUARIAIVA;20,77;20,77;113,96;18,68;82,69;8,02;34,63;28,26;99,74;204,95;0,00;1,04
2006.0;11.0;2006-11-01;BRASPINE;RINCAO DE BAIXO;;;;;146,92;19,68;78,05;8,63;31,49;29,20;99,54;124,74;0,00;3,93
2006.0;11.0;2006-11-01;BRASPINE;RIO BOMBA;PR;CERRO AZUL;65,03;37,72;138,92;20,08;81,61;8,70;32,57;30,74;99,99;74,74;0,00;3,47
2006.0;11.0;2006-11-01;BRASPINE;RIO DO MEIO;PR;DOUTOR ULYSSES;712,33;389,13;133,21;18,94;83,87;9,11;33,30;29,18;100,00;151,71;0,00;3,25
2006.0;11.0;2006-11-01;BRASPINE;RONDON;PR;JAGUARIAIVA;2899,24;1475,88;90,45;18,75;82,41;8,13;33,83;28,21;99,89;162,05;0,00;0,77
2006.0;11.0;2006-11-01;BRASPINE;SANTA FELICIDADE;;;;;145,52;20,26;83,43;9,79;32,47;31,82;100,00;75,83;0,00;2,03
2006.0;11.0;2006-11-01;BRASPINE;SANTA LIDIA DO CERCADINHO;;;;;148,34;19,30;78,42;8,49;32,37;28,64;99,54;136,27;0,00;3,22
2006.0;11.0;2006-11-01;BRASPINE;SANTO ANTONIO;;;;;112,03;18,77;81,92;8,45;32,82;28,51;100,00;192,14;0,00;1,23
2006.0;11.0;2006-11-01;BRASPINE;SAO JOSE;PR;JANDAIA DO SUL;37,56;37,56;135,88;23,22;70,09;13,83;27,30;33,72;99,97;71,03;0,00;9,56
2006.0;11.0;2006-11-01;BRASPINE;SAO MATHEUS;;;;;137,69;24,77;67,59;15,09;26,25;35,63;99,91;0,00;0,00;2,77
2006.0;11.0;2006-11-01;BRASPINE;SAO PEDRO E SAO PAULO;PR;SAPOPEMA;709,13;323,93;67,25;20,93;74,31;10,27;28,42;30,77;99,64;116,43;0,00;3,32
2006.0;11.0;2006-11-01;BRASPINE;SAO RAFAEL;;;;;153,29;18,64;82,15;7,16;40,19;29,27;99,54;135,82;0,00;4,28
2006.0;11.0;2006-11-01;BRASPINE;SAO RAFAEL - PB;;;;;151,97;19,01;84,67;8,52;36,23;29,54;100,00;181,51;0,00;1,32
2006.0;11.0;2006-11-01;BRASPINE;SERRARIA;PR;DOUTOR ULYSSES;280,88;117,71;129,67;18,85;83,94;8,80;33,01;29,13;100,00;166,04;0,00;4,86
2006.0;11.0;2006-11-01;BRASPINE;SERRO VERDE;;;;;151,06;19,27;80,65;10,77;39,05;27,31;99,93;141,03;0,00;5,28
2006.0;11.0;2006-11-01;BRASPINE;SERTAOZINHO;PR;DOUTOR ULYSSES;16,25;16,25;119,75;18,94;83,87;9,11;33,30;29,18;100,00;151,71;0,00;3,25
2006.0;11.0;2006-11-01;BRASPINE;SITIO BASILIO;PR;JAGUARIAIVA;8,08;8,08;104,46;18,84;81,36;7,73;34,28;28,13;99,73;147,05;0,00;8,86
2006.0;11.0;2006-11-01;BRASPINE;SITIO DAS MARRECAS;PR;DOUTOR ULYSSES;77,49;35,17;143,85;19,62;83,74;9,43;32,78;30,58;100,00;130,27;0,00;3,11
2006.0;11.0;2006-11-01;BRASPINE;SOBRADINHO;SP;BOM SUCESSO DE ITARARE;285,80;123,10;132,74;18,66;82,92;8,08;34,61;28,45;100,00;190,75;0,00;17,16
2006.0;11.0;2006-11-01;BRASPINE;TAQUARAL;PR;JAGUARIAIVA;519,13;31,07;101,03;18,96;82,23;8,10;33,76;28,50;100,00;164,56;0,00;6,46
2006.0;11.0;2006-11-01;BRASPINE;TUCUNDUVA;PR;SENGES;82,21;60,89;85,22;19,71;77,74;8,63;31,50;29,10;99,55;126,91;0,00;3,28
2006.0;11.0;2006-11-01;BRASPINE;TUCUNDUVA - CHAMMA;;;;;81,98;19,69;78,08;9,05;31,53;29,10;99,54;112,30;0,00;27,08
2006.0;11.0;2006-11-01;BRASPINE;VIENA 1;PR;DOUTOR ULYSSES;263,98;178,34;124,79;18,52;83,93;7,85;34,44;28,19;100,00;205,48;0,00;0,40
2006.0;11.0;2006-11-01;BRASPINE;VIENA 2;PR;CERRO AZUL;140,23;96,54;138,91;20,08;81,61;8,70;32,57;30,74;99,99;74,74;0,00;3,47
2006.0;11.0;2006-11-01;BRASPINE;VITORIA;PR;SENGES;50,54;35,69;92,44;18,73;81,85;8,46;33,48;28,22;99,86;192,15;0,00;7,74
2006.0;11.0;2006-11-01;BRASPINE;VIVEIRO;PR;DOUTOR ULYSSES;405,39;261,22;132,53;18,94;83,87;9,11;33,30;29,18;100,00;151,71;0,00;3,25
2006.0;11.0;2006-11-01;BRASPINE;VO LINO;PR;DOUTOR ULYSSES;164,50;97,89;132,75;19,10;83,97;9,03;32,99;29,62;100,00;169,33;0,00;4,55
2006.0;11.0;2006-11-01;BRASPINE;XAXIM VELHO;;;;;150,64;18,19;83,44;8,63;41,06;27,18;100,00;144,75;0,00;7,79
2006.0;12.0;2006-12-01;BRASPINE;AGUA DOCE;PR;JAGUARIAIVA;238,97;121,99;133,38;20,40;86,80;13,27;51,35;27,98;99,94;70,32;0,00;7,19
2006.0;12.0;2006-12-01;BRASPINE;AMATA;;;;;109,41;22,15;84,40;15,66;47,73;31,26;100,00;0,00;0,00;1,28
2006.0;12.0;2006-12-01;BRASPINE;ANTA BRAVA;;;;;219,32;22,95;83,14;17,13;54,65;30,13;99,45;0,00;0,00;23,37
2006.0;12.0;2006-12-01;BRASPINE;ARAPONGAS;PR;SENGES;423,34;263,70;118,15;20,55;87,70;13,92;52,51;29,18;100,00;57,71;0,00;340,08
2006.0;12.0;2006-12-01;BRASPINE;ARROIO CLARO;PR;DOUTOR ULYSSES;275,14;92,00;105,88;20,77;87,31;14,18;50,84;29,47;100,00;43,61;0,00;5,71
2006.0;12.0;2006-12-01;BRASPINE;BARRA GRANDE;PR;DOUTOR ULYSSES;493,79;139,68;115,50;21,01;87,65;14,52;51,85;29,58;100,00;29,36;0,00;5,86
2006.0;12.0;2006-12-01;BRASPINE;BARRA GRANDE - BEMAIS;PR;GUARAPUAVA;299,16;108,61;188,23;20,65;84,05;12,68;45,64;29,07;99,99;56,15;0,00;11,06
2006.0;12.0;2006-12-01;BRASPINE;BARRETOS;PR;JAGUARIAIVA;43,35;32,98;123,23;20,47;87,63;13,42;53,03;28,64;100,00;85,68;0,00;3,96
2006.0;12.0;2006-12-01;BRASPINE;BAU;;;;;279,80;20,67;84,45;12,93;48,32;28,77;99,89;55,68;0,00;0,38
2006.0;12.0;2006-12-01;BRASPINE;BOA VISTA II;PR;PIRAI DO SUL;944,00;535,05;120,31;20,46;87,21;13,19;51,44;28,39;100,00;84,76;0,00;341,84
2006.0;12.0;2006-12-01;BRASPINE;BRASILEIRA;;;;;112,64;20,55;87,70;13,92;52,51;29,18;100,00;57,71;0,00;340,08
2006.0;12.0;2006-12-01;BRASPINE;BURACAO;;;;;106,10;20,59;85,84;13,36;50,21;28,85;99,87;71,72;0,00;0,29
2006.0;12.0;2006-12-01;BRASPINE;BURRINHO;PR;DOUTOR ULYSSES;211,01;100,37;106,21;20,77;87,31;14,18;50,84;29,47;100,00;43,61;0,00;5,71
2006.0;12.0;2006-12-01;BRASPINE;CADEADO I;PR;JAGUARIAIVA;21,07;12,29;115,31;20,39;87,50;13,50;49,92;32,60;100,00;85,89;0,00;8,19
2006.0;12.0;2006-12-01;BRASPINE;CADEADO II;PR;JAGUARIAIVA;21,88;16,79;115,31;20,39;87,50;13,50;49,92;32,60;100,00;85,89;0,00;8,19
2006.0;12.0;2006-12-01;BRASPINE;CAMPINA ALTA;PR;TIBAGI;29,77;18,24;242,86;21,74;83,54;14,10;47,78;29,89;99,91;14,10;0,00;10,63
2006.0;12.0;2006-12-01;BRASPINE;CAMPINA DO ELIAS;PR;JAGUARIAIVA;29,17;14,65;114,05;20,44;87,58;13,45;53,31;28,63;100,00;85,75;0,00;2,34
2006.0;12.0;2006-12-01;BRASPINE;CAMPO NOVO;PR;JAGUARIAIVA;295,98;156,36;120,31;20,39;87,50;13,50;49,92;32,60;100,00;85,89;0,00;8,19
2006.0;12.0;2006-12-01;BRASPINE;CONSULTORIA II A;PR;DOUTOR ULYSSES;89,62;60,79;110,36;20,55;87,70;13,92;52,51;29,18;100,00;57,71;0,00;340,08
2006.0;12.0;2006-12-01;BRASPINE;DINIZ;;;;;114,67;20,55;87,70;13,92;52,51;29,18;100,00;57,71;0,00;340,08
2006.0;12.0;2006-12-01;BRASPINE;ENES;PR;JAGUARIAIVA;5,93;5,69;120,60;20,39;87,50;13,50;49,92;32,60;100,00;85,89;0,00;8,19
2006.0;12.0;2006-12-01;BRASPINE;ENGENHARIA;;;;;114,67;20,55;87,70;13,92;52,51;29,18;100,00;57,71;0,00;340,08
2006.0;12.0;2006-12-01;BRASPINE;ESTACAO;PR;SENGES;4,76;4,14;116,12;20,39;87,50;13,50;49,92;32,60;100,00;85,89;0,00;8,19
2006.0;12.0;2006-12-01;BRASPINE;FAXINAL;PR;JAGUARIAIVA;20,65;20,65;120,60;20,39;87,50;13,50;49,92;32,60;100,00;85,89;0,00;8,19
2006.0;12.0;2006-12-01;BRASPINE;FEITAL;PR;DOUTOR ULYSSES;154,17;86,53;109,53;20,71;87,69;14,12;52,29;29,12;100,00;43,34;0,00;1,36
2006.0;12.0;2006-12-01;BRASPINE;FIGUEIRA;PR;DOUTOR ULYSSES;1053,81;315,71;108,11;20,77;87,31;14,18;50,84;29,47;100,00;43,61;0,00;5,71
2006.0;12.0;2006-12-01;BRASPINE;FIGUEIRINHA;PR;DOUTOR ULYSSES;94,37;56,74;106,88;20,77;87,31;14,18;50,84;29,47;100,00;43,61;0,00;5,71
2006.0;12.0;2006-12-01;BRASPINE;FLOEMA;PR;DOUTOR ULYSSES;2189,88;701,43;109,91;20,31;87,41;13,54;51,35;28,89;100,00;86,09;0,00;2,75
2006.0;12.0;2006-12-01;BRASPINE;FLOEMA I - SUDATI;;;;;116,42;20,55;87,70;13,92;52,51;29,18;100,00;57,71;0,00;340,08
2006.0;12.0;2006-12-01;BRASPINE;FLOEMA II - SUDATI;PR;DOUTOR ULYSSES;453,83;211,13;112,24;20,55;87,70;13,92;52,51;29,18;100,00;57,71;0,00;340,08
2006.0;12.0;2006-12-01;BRASPINE;FLOR DA SERRA;PR;SAO JOSE DA BOA VISTA;209,10;128,72;174,02;22,37;81,59;15,60;49,15;29,54;99,69;0,00;0,00;3,18
2006.0;12.0;2006-12-01;BRASPINE;GENTIL;PR;JAGUARIAIVA;126,77;53,33;128,37;20,18;86,78;12,91;50,02;27,63;99,74;98,72;0,00;0,02
2006.0;12.0;2006-12-01;BRASPINE;GUAIRACA;PR;GUARAPUAVA;623,62;169,31;181,04;20,84;83,14;12,82;45,33;29,59;99,97;56,76;0,00;13,38
2006.0;12.0;2006-12-01;BRASPINE;HERVAL 2 - MADALOSSO;;;;;108,52;20,59;85,84;13,36;50,21;28,85;99,87;71,72;0,00;0,29
2006.0;12.0;2006-12-01;BRASPINE;HERVAL DE BAIXO;PR;RESERVA;827,29;475,92;231,49;21,79;83,52;14,04;47,66;30,10;99,89;14,04;0,00;9,24
2006.0;12.0;2006-12-01;BRASPINE;HORTO 01;PR;TURVO;19,12;19,12;245,36;21,33;84,58;13,42;47,11;29,59;99,78;28,28;0,00;0,18
2006.0;12.0;2006-12-01;BRASPINE;HORTO 02;PR;TURVO;4,24;4,24;249,76;21,33;84,58;13,42;47,11;29,59;99,78;28,28;0,00;0,18
2006.0;12.0;2006-12-01;BRASPINE;HORTO 03;PR;PRUDENTOPOLIS;80,91;25,89;230,77;21,86;83,20;13,95;43,98;30,51;99,97;13,95;0,00;4,42
2006.0;12.0;2006-12-01;BRASPINE;HORTO 08;PR;TURVO;9,53;9,53;232,63;21,86;83,20;13,95;43,98;30,51;99,97;13,95;0,00;4,42
2006.0;12.0;2006-12-01;BRASPINE;HORTO 12;PR;PRUDENTOPOLIS;12,20;12,20;226,94;21,86;83,20;13,95;43,98;30,51;99,97;13,95;0,00;4,42
2006.0;12.0;2006-12-01;BRASPINE;IZAU;PR;PIRAI DO SUL;19,37;11,60;139,53;20,16;87,28;12,79;49,59;27,83;99,77;97,70;0,00;1,39
2006.0;12.0;2006-12-01;BRASPINE;JOAO RICO;PR;JAGUARIAIVA;47,46;26,18;129,74;20,40;86,80;13,27;51,35;27,98;99,94;70,32;0,00;7,19
2006.0;12.0;2006-12-01;BRASPINE;LAGOA;PR;JAGUARIAIVA;24,10;10,78;111,86;20,39;87,50;13,50;49,92;32,60;100,00;85,89;0,00;8,19
2006.0;12.0;2006-12-01;BRASPINE;MARACANA;PR;JANDAIA DO SUL;11,45;11,45;251,41;23,34;81,73;16,45;47,74;31,30;99,96;0,00;0,00;3,28
2006.0;12.0;2006-12-01;BRASPINE;MARRECA;;;;;110,54;20,77;87,31;14,18;50,84;29,47;100,00;43,61;0,00;5,71
2006.0;12.0;2006-12-01;BRASPINE;MARRECA SP;SP;ITAPIRAPUA PAULISTA;675,30;236,19;103,87;21,45;87,01;14,94;50,55;30,44;100,00;14,94;0,00;1,39
2006.0;12.0;2006-12-01;BRASPINE;MARRECAS;;;;;183,27;20,12;84,70;12,13;47,16;28,47;100,00;53,94;0,00;0,97
2006.0;12.0;2006-12-01;BRASPINE;MERCADINHO;;;;;101,19;21,40;85,81;14,86;49,11;30,33;100,00;14,86;0,00;4,11
2006.0;12.0;2006-12-01;BRASPINE;MONTE ALEGRE;;;;;268,09;23,89;80,53;16,99;46,87;31,93;99,85;0,00;0,00;2,01
2006.0;12.0;2006-12-01;BRASPINE;MONTE TABOR II;;;;;123,40;20,82;87,93;15,16;53,25;29,29;100,00;0,00;0,00;3,09
2006.0;12.0;2006-12-01;BRASPINE;MOREIRA;PR;DOUTOR ULYSSES;230,52;68,68;112,24;20,55;87,70;13,92;52,51;29,18;100,00;57,71;0,00;340,08
2006.0;12.0;2006-12-01;BRASPINE;MOREIRAS II;PR;DOUTOR ULYSSES;66,76;28,75;110,07;20,55;87,70;13,92;52,51;29,18;100,00;57,71;0,00;340,08
2006.0;12.0;2006-12-01;BRASPINE;MORRETES;PR;ORTIGUEIRA;20,36;20,36;247,49;22,32;82,94;14,39;46,13;30,96;99,89;14,39;0,00;10,58
2006.0;12.0;2006-12-01;BRASPINE;MORRO AZUL;;;;;118,22;20,71;88,06;14,37;51,90;29,31;100,00;43,88;0,00;0,36
2006.0;12.0;2006-12-01;BRASPINE;OURO FINO;SP;APIAI;51,70;51,70;133,84;20,52;88,61;14,49;52,06;28,96;100,00;44,33;0,00;7,72
2006.0;12.0;2006-12-01;BRASPINE;PALMEIRINHA DE BAIXO - SOSSEGO;PR;SENGES;85,93;9,22;134,48;20,13;87,33;13,56;52,81;27,93;99,93;86,15;0,00;5,20
2006.0;12.0;2006-12-01;BRASPINE;PAZIN;PR;DOUTOR ULYSSES;41,20;23,90;108,28;20,77;87,31;14,18;50,84;29,47;100,00;43,61;0,00;5,71
2006.0;12.0;2006-12-01;BRASPINE;PEDRAS;PR;CASTRO;7,18;7,18;139,41;20,25;87,31;12,78;51,12;27,97;99,73;98,10;0,00;5,46
2006.0;12.0;2006-12-01;BRASPINE;PESCARIA;PR;SAO JOSE DA BOA VISTA;184,57;129,22;165,02;22,46;81,44;15,71;48,26;29,80;99,75;0,00;0,00;2,94
2006.0;12.0;2006-12-01;BRASPINE;PESSEGUEIRO;PR;DOUTOR ULYSSES;109,95;64,79;114,98;20,55;87,70;13,92;52,51;29,18;100,00;57,71;0,00;340,08
2006.0;12.0;2006-12-01;BRASPINE;PITANGA;;;;;329,56;21,35;84,02;13,79;47,84;29,51;99,81;43,52;0,00;0,32
2006.0;12.0;2006-12-01;BRASPINE;QUEIMADINHO ARROIO CLARO;PR;DOUTOR ULYSSES;48,13;19,09;112,64;20,55;87,70;13,92;52,51;29,18;100,00;57,71;0,00;340,08
2006.0;12.0;2006-12-01;BRASPINE;QUEIMADINHO M6042;PR;DOUTOR ULYSSES;48,38;18,50;112,64;20,55;87,70;13,92;52,51;29,18;100,00;57,71;0,00;340,08
2006.0;12.0;2006-12-01;BRASPINE;QUEIMADINHO USUCAPIAO;PR;DOUTOR ULYSSES;200,27;92,43;112,64;20,55;87,70;13,92;52,51;29,18;100,00;57,71;0,00;340,08
2006.0;12.0;2006-12-01;BRASPINE;RAMOS;PR;SENGES;69,83;38,15;116,42;20,39;87,50;13,50;49,92;32,60;100,00;85,89;0,00;8,19
2006.0;12.0;2006-12-01;BRASPINE;RIBEIRAO GRANDE;PR;JAGUARIAIVA;20,77;20,77;138,33;20,16;87,28;12,79;49,59;27,83;99,77;97,70;0,00;1,39
2006.0;12.0;2006-12-01;BRASPINE;RINCAO DE BAIXO;;;;;207,54;21,02;83,36;13,55;46,18;28,48;99,75;43,38;0,00;4,41
2006.0;12.0;2006-12-01;BRASPINE;RIO BOMBA;PR;CERRO AZUL;65,03;37,72;101,64;21,77;84,52;15,12;48,07;30,73;99,99;0,00;0,00;0,18
2006.0;12.0;2006-12-01;BRASPINE;RIO DO MEIO;PR;DOUTOR ULYSSES;712,33;389,13;110,76;20,55;87,70;13,92;52,51;29,18;100,00;57,71;0,00;340,08
2006.0;12.0;2006-12-01;BRASPINE;RONDON;PR;JAGUARIAIVA;2899,24;1475,88;132,42;20,20;87,37;13,44;53,53;27,91;99,94;85,64;0,00;3,84
2006.0;12.0;2006-12-01;BRASPINE;SANTA FELICIDADE;;;;;99,13;21,84;86,76;15,49;50,39;31,14;100,00;0,00;0,00;7,15
2006.0;12.0;2006-12-01;BRASPINE;SANTA LIDIA DO CERCADINHO;;;;;200,28;20,66;83,74;13,23;46,41;27,95;99,75;57,20;0,00;2,99
2006.0;12.0;2006-12-01;BRASPINE;SANTO ANTONIO;;;;;129,14;20,19;87,37;13,73;53,57;28,28;100,00;71,72;0,00;1,78
2006.0;12.0;2006-12-01;BRASPINE;SAO JOSE;PR;JANDAIA DO SUL;37,56;37,56;265,64;23,72;80,79;16,84;47,09;31,72;99,90;0,00;0,00;2,34
2006.0;12.0;2006-12-01;BRASPINE;SAO MATHEUS;;;;;253,87;25,13;79,08;18,17;44,39;33,62;99,71;0,00;0,00;72,31
2006.0;12.0;2006-12-01;BRASPINE;SAO PEDRO E SAO PAULO;PR;SAPOPEMA;709,13;323,93;253,19;21,83;82,87;14,71;47,53;29,23;99,74;14,71;0,00;2,34
2006.0;12.0;2006-12-01;BRASPINE;SAO RAFAEL;;;;;123,66;20,66;84,32;13,70;50,08;29,20;99,59;28,21;0,00;6,77
2006.0;12.0;2006-12-01;BRASPINE;SAO RAFAEL - PB;;;;;133,28;20,61;88,46;14,50;51,83;29,12;100,00;44,30;0,00;10,74
2006.0;12.0;2006-12-01;BRASPINE;SERRARIA;PR;DOUTOR ULYSSES;280,88;117,71;109,99;20,54;87,36;13,86;51,09;29,18;100,00;57,62;0,00;1,19
2006.0;12.0;2006-12-01;BRASPINE;SERRO VERDE;;;;;271,70;21,07;82,92;13,34;46,43;29,52;99,91;57,07;0,00;0,76
2006.0;12.0;2006-12-01;BRASPINE;SERTAOZINHO;PR;DOUTOR ULYSSES;16,25;16,25;116,85;20,55;87,70;13,92;52,51;29,18;100,00;57,71;0,00;340,08
2006.0;12.0;2006-12-01;BRASPINE;SITIO BASILIO;PR;JAGUARIAIVA;8,08;8,08;133,73;20,25;86,63;13,04;50,52;27,66;99,79;84,49;0,00;340,89
2006.0;12.0;2006-12-01;BRASPINE;SITIO DAS MARRECAS;PR;DOUTOR ULYSSES;77,49;35,17;108,00;21,25;87,10;14,72;50,64;30,13;100,00;29,68;0,00;2,53
2006.0;12.0;2006-12-01;BRASPINE;SOBRADINHO;SP;BOM SUCESSO DE ITARARE;285,80;123,10;136,76;20,13;88,03;13,85;52,48;28,43;100,00;87,00;0,00;7,20
2006.0;12.0;2006-12-01;BRASPINE;TAQUARAL;PR;JAGUARIAIVA;519,13;31,07;130,76;20,38;87,26;13,42;53,62;28,08;100,00;70,76;0,00;1,97
2006.0;12.0;2006-12-01;BRASPINE;TUCUNDUVA;PR;SENGES;82,21;60,89;139,91;20,93;84,32;14,15;50,03;28,24;99,65;28,92;0,00;10,46
2006.0;12.0;2006-12-01;BRASPINE;TUCUNDUVA - CHAMMA;;;;;142,81;20,91;84,62;14,27;49,84;28,32;99,66;29,05;0,00;5,30
2006.0;12.0;2006-12-01;BRASPINE;VIENA 1;PR;DOUTOR ULYSSES;263,98;178,34;108,24;20,19;87,56;13,17;52,42;28,48;100,00;84,39;0,00;0,23
2006.0;12.0;2006-12-01;BRASPINE;VIENA 2;PR;CERRO AZUL;140,23;96,54;101,36;21,77;84,52;15,12;48,07;30,73;99,99;0,00;0,00;0,18
2006.0;12.0;2006-12-01;BRASPINE;VITORIA;PR;SENGES;50,54;35,69;134,48;20,13;87,33;13,56;52,81;27,93;99,93;86,15;0,00;5,20
2006.0;12.0;2006-12-01;BRASPINE;VIVEIRO;PR;DOUTOR ULYSSES;405,39;261,22;110,07;20,55;87,70;13,92;52,51;29,18;100,00;57,71;0,00;340,08
2006.0;12.0;2006-12-01;BRASPINE;VO LINO;PR;DOUTOR ULYSSES;164,50;97,89;109,11;20,77;87,31;14,18;50,84;29,47;100,00;43,61;0,00;5,71
2006.0;12.0;2006-12-01;BRASPINE;XAXIM VELHO;;;;;179,97;20,26;84,55;12,22;48,83;28,94;100,00;54,09;0,00;6,09
