ANO;MES;DATA;EMPRESA;FAZENDA;UF;MUNICIPIO;AREA_T;AREA_PRODU;PRECIP_CHIRPS_MM;TEMP_MEDIA_C;UMID_MEDIA_PCT;TEMP_MIN_C;UMID_MIN_PCT;TEMP_MAX_C;UMID_MAX_PCT;NOITES_FRIAS_Eucalipto_<15C;NOITES_FRIAS_Pinus_<5C;DIRECAO_VENTO_GRAUS
2024.0;1.0;2024-01-01;BRASPINE;AGUA DOCE;PR;JAGUARIAIVA;238,97;121,99;133,00;21,03;80,84;12,84;41,94;30,45;99,84;69,16;0,00;47,60
2024.0;1.0;2024-01-01;BRASPINE;AMATA;;;;;190,10;23,32;79,32;15,30;38,41;34,85;100,00;0,00;0,00;8,54
2024.0;1.0;2024-01-01;BRASPINE;ANTA BRAVA;;;;;140,60;24,19;75,00;16,33;40,56;33,93;98,03;0,00;0,00;57,76
2024.0;1.0;2024-01-01;BRASPINE;ARAPONGAS;PR;SENGES;423,34;263,70;143,48;21,33;82,60;13,44;39,71;31,84;100,00;56,61;0,00;18,64
2024.0;1.0;2024-01-01;BRASPINE;ARROIO CLARO;PR;DOUTOR ULYSSES;275,14;92,00;164,71;21,58;82,51;13,57;39,13;32,51;100,00;57,26;0,00;1,11
2024.0;1.0;2024-01-01;BRASPINE;BARRA GRANDE;PR;DOUTOR ULYSSES;493,79;139,68;195,33;21,93;82,68;14,26;39,57;32,92;100,00;28,96;0,00;6,19
2024.0;1.0;2024-01-01;BRASPINE;BARRA GRANDE - BEMAIS;PR;GUARAPUAVA;299,16;108,61;158,55;20,79;80,68;12,21;41,72;30,46;99,79;108,10;0,00;1,65
2024.0;1.0;2024-01-01;BRASPINE;BARRETOS;PR;JAGUARIAIVA;43,35;32,98;132,74;21,11;82,28;12,80;41,10;31,16;99,95;69,39;0,00;43,26
2024.0;1.0;2024-01-01;BRASPINE;BAU;;;;;199,55;20,63;81,35;11,83;47,71;29,50;99,58;92,40;0,00;0,12
2024.0;1.0;2024-01-01;BRASPINE;BOA VISTA II;PR;PIRAI DO SUL;944,00;535,05;125,98;20,99;81,67;12,63;41,50;30,72;99,87;68,10;0,00;50,87
2024.0;1.0;2024-01-01;BRASPINE;BRASILEIRA;;;;;171,20;21,33;82,60;13,44;39,71;31,84;100,00;56,61;0,00;18,64
2024.0;1.0;2024-01-01;BRASPINE;BURACAO;;;;;176,10;21,39;80,40;13,19;40,84;31,91;99,63;70,26;0,00;9,83
2024.0;1.0;2024-01-01;BRASPINE;BURRINHO;PR;DOUTOR ULYSSES;211,01;100,37;164,81;21,58;82,51;13,57;39,13;32,51;100,00;57,26;0,00;1,11
2024.0;1.0;2024-01-01;BRASPINE;CADEADO I;PR;JAGUARIAIVA;21,07;12,29;136,02;21,05;82,41;12,88;39,72;31,19;100,00;69,89;0,00;35,80
2024.0;1.0;2024-01-01;BRASPINE;CADEADO II;PR;JAGUARIAIVA;21,88;16,79;136,02;21,05;82,41;12,88;39,72;31,19;100,00;69,89;0,00;35,80
2024.0;1.0;2024-01-01;BRASPINE;CAMPINA ALTA;PR;TIBAGI;29,77;18,24;150,65;22,39;78,38;13,56;37,44;32,80;99,67;56,87;0,00;25,43
2024.0;1.0;2024-01-01;BRASPINE;CAMPINA DO ELIAS;PR;JAGUARIAIVA;29,17;14,65;137,11;21,09;82,33;12,83;40,60;31,17;99,97;69,57;0,00;40,21
2024.0;1.0;2024-01-01;BRASPINE;CAMPO NOVO;PR;JAGUARIAIVA;295,98;156,36;141,42;21,05;82,41;12,88;39,72;31,19;100,00;69,89;0,00;35,80
2024.0;1.0;2024-01-01;BRASPINE;CONSULTORIA II A;PR;DOUTOR ULYSSES;89,62;60,79;154,62;21,33;82,60;13,44;39,71;31,84;100,00;56,61;0,00;18,64
2024.0;1.0;2024-01-01;BRASPINE;DINIZ;;;;;167,62;21,33;82,60;13,44;39,71;31,84;100,00;56,61;0,00;18,64
2024.0;1.0;2024-01-01;BRASPINE;ENES;PR;JAGUARIAIVA;5,93;5,69;141,07;21,05;82,41;12,88;39,72;31,19;100,00;69,89;0,00;35,80
2024.0;1.0;2024-01-01;BRASPINE;ENGENHARIA;;;;;167,62;21,33;82,60;13,44;39,71;31,84;100,00;56,61;0,00;18,64
2024.0;1.0;2024-01-01;BRASPINE;ESTACAO;PR;SENGES;4,76;4,14;141,72;21,05;82,41;12,88;39,72;31,19;100,00;69,89;0,00;35,80
2024.0;1.0;2024-01-01;BRASPINE;FAXINAL;PR;JAGUARIAIVA;20,65;20,65;141,07;21,05;82,41;12,88;39,72;31,19;100,00;69,89;0,00;35,80
2024.0;1.0;2024-01-01;BRASPINE;FEITAL;PR;DOUTOR ULYSSES;154,17;86,53;167,60;21,53;82,63;13,71;39,66;32,20;100,00;57,52;0,00;13,98
2024.0;1.0;2024-01-01;BRASPINE;FIGUEIRA;PR;DOUTOR ULYSSES;1053,81;315,71;156,31;21,58;82,51;13,57;39,13;32,51;100,00;57,26;0,00;1,11
2024.0;1.0;2024-01-01;BRASPINE;FIGUEIRINHA;PR;DOUTOR ULYSSES;94,37;56,74;171,98;21,58;82,51;13,57;39,13;32,51;100,00;57,26;0,00;1,11
2024.0;1.0;2024-01-01;BRASPINE;FLOEMA;PR;DOUTOR ULYSSES;2189,88;701,43;160,25;20,99;82,40;12,79;39,19;31,52;100,00;69,60;0,00;2,77
2024.0;1.0;2024-01-01;BRASPINE;FLOEMA I - SUDATI;;;;;140,32;21,33;82,60;13,44;39,71;31,84;100,00;56,61;0,00;18,64
2024.0;1.0;2024-01-01;BRASPINE;FLOEMA II - SUDATI;PR;DOUTOR ULYSSES;453,83;211,13;150,13;21,33;82,60;13,44;39,71;31,84;100,00;56,61;0,00;18,64
2024.0;1.0;2024-01-01;BRASPINE;FLOR DA SERRA;PR;SAO JOSE DA BOA VISTA;209,10;128,72;108,73;23,44;74,43;15,19;39,67;33,18;99,46;0,00;0,00;4,00
2024.0;1.0;2024-01-01;BRASPINE;GENTIL;PR;JAGUARIAIVA;126,77;53,33;128,90;20,94;80,26;12,69;40,63;30,45;99,51;68,52;0,00;29,46
2024.0;1.0;2024-01-01;BRASPINE;GUAIRACA;PR;GUARAPUAVA;623,62;169,31;148,91;20,96;80,38;12,36;41,96;30,62;99,78;109,91;0,00;4,62
2024.0;1.0;2024-01-01;BRASPINE;HERVAL 2 - MADALOSSO;;;;;187,76;21,39;80,40;13,19;40,84;31,91;99,63;70,26;0,00;9,83
2024.0;1.0;2024-01-01;BRASPINE;HERVAL DE BAIXO;PR;RESERVA;827,29;475,92;135,28;22,41;78,22;13,53;37,38;32,87;99,65;71,35;0,00;11,06
2024.0;1.0;2024-01-01;BRASPINE;HORTO 01;PR;TURVO;19,12;19,12;186,19;21,63;80,51;12,91;44,20;31,07;99,84;82,98;0,00;1,88
2024.0;1.0;2024-01-01;BRASPINE;HORTO 02;PR;TURVO;4,24;4,24;187,50;21,63;80,51;12,91;44,20;31,07;99,84;82,98;0,00;1,88
2024.0;1.0;2024-01-01;BRASPINE;HORTO 03;PR;PRUDENTOPOLIS;80,91;25,89;180,22;22,18;79,13;13,44;41,50;31,99;99,85;70,73;0,00;5,79
2024.0;1.0;2024-01-01;BRASPINE;HORTO 08;PR;TURVO;9,53;9,53;197,96;22,18;79,13;13,44;41,50;31,99;99,85;70,73;0,00;5,79
2024.0;1.0;2024-01-01;BRASPINE;HORTO 12;PR;PRUDENTOPOLIS;12,20;12,20;177,12;22,18;79,13;13,44;41,50;31,99;99,85;70,73;0,00;5,79
2024.0;1.0;2024-01-01;BRASPINE;IZAU;PR;PIRAI DO SUL;19,37;11,60;131,23;20,96;80,84;12,59;39,65;30,71;99,50;67,85;0,00;1,14
2024.0;1.0;2024-01-01;BRASPINE;JOAO RICO;PR;JAGUARIAIVA;47,46;26,18;130,31;21,03;80,84;12,84;41,94;30,45;99,84;69,16;0,00;47,60
2024.0;1.0;2024-01-01;BRASPINE;LAGOA;PR;JAGUARIAIVA;24,10;10,78;139,92;21,05;82,41;12,88;39,72;31,19;100,00;69,89;0,00;35,80
2024.0;1.0;2024-01-01;BRASPINE;MARACANA;PR;JANDAIA DO SUL;11,45;11,45;175,56;24,12;75,19;14,78;36,68;33,63;99,72;29,66;0,00;8,68
2024.0;1.0;2024-01-01;BRASPINE;MARRECA;;;;;166,22;21,58;82,51;13,57;39,13;32,51;100,00;57,26;0,00;1,11
2024.0;1.0;2024-01-01;BRASPINE;MARRECA SP;SP;ITAPIRAPUA PAULISTA;675,30;236,19;190,50;22,42;82,26;14,62;39,33;33,92;100,00;14,62;0,00;24,31
2024.0;1.0;2024-01-01;BRASPINE;MARRECAS;;;;;158,10;20,24;81,52;11,63;42,73;29,75;99,78;119,13;0,00;9,50
2024.0;1.0;2024-01-01;BRASPINE;MERCADINHO;;;;;173,61;22,50;80,78;14,50;39,17;33,89;99,99;14,50;0,00;0,38
2024.0;1.0;2024-01-01;BRASPINE;MONTE ALEGRE;;;;;182,18;24,70;74,23;15,23;36,47;34,10;99,60;0,00;0,00;6,21
2024.0;1.0;2024-01-01;BRASPINE;MONTE TABOR II;;;;;231,38;21,45;84,35;14,81;42,57;32,85;99,99;29,66;0,00;6,01
2024.0;1.0;2024-01-01;BRASPINE;MOREIRA;PR;DOUTOR ULYSSES;230,52;68,68;150,13;21,33;82,60;13,44;39,71;31,84;100,00;56,61;0,00;18,64
2024.0;1.0;2024-01-01;BRASPINE;MOREIRAS II;PR;DOUTOR ULYSSES;66,76;28,75;155,29;21,33;82,60;13,44;39,71;31,84;100,00;56,61;0,00;18,64
2024.0;1.0;2024-01-01;BRASPINE;MORRETES;PR;ORTIGUEIRA;20,36;20,36;149,23;22,92;78,04;13,75;37,25;33,25;99,76;42,36;0,00;4,86
2024.0;1.0;2024-01-01;BRASPINE;MORRO AZUL;;;;;182,57;21,36;83,96;13,99;39,92;32,04;100,00;43,00;0,00;8,73
2024.0;1.0;2024-01-01;BRASPINE;OURO FINO;SP;APIAI;51,70;51,70;213,98;21,08;84,98;14,18;42,89;31,99;100,00;43,18;0,00;9,96
2024.0;1.0;2024-01-01;BRASPINE;PALMEIRINHA DE BAIXO - SOSSEGO;PR;SENGES;85,93;9,22;134,86;20,77;82,18;13,19;41,14;30,42;99,94;70,00;0,00;106,98
2024.0;1.0;2024-01-01;BRASPINE;PAZIN;PR;DOUTOR ULYSSES;41,20;23,90;166,10;21,58;82,51;13,57;39,13;32,51;100,00;57,26;0,00;1,11
2024.0;1.0;2024-01-01;BRASPINE;PEDRAS;PR;CASTRO;7,18;7,18;121,99;20,97;81,25;12,56;41,56;30,76;99,47;67,67;0,00;3,69
2024.0;1.0;2024-01-01;BRASPINE;PESCARIA;PR;SAO JOSE DA BOA VISTA;184,57;129,22;112,92;23,57;74,26;15,53;38,23;33,54;98,97;0,00;0,00;16,93
2024.0;1.0;2024-01-01;BRASPINE;PESSEGUEIRO;PR;DOUTOR ULYSSES;109,95;64,79;148,00;21,33;82,60;13,44;39,71;31,84;100,00;56,61;0,00;18,64
2024.0;1.0;2024-01-01;BRASPINE;PITANGA;;;;;231,37;21,50;80,13;12,61;44,05;30,79;99,78;81,77;0,00;0,67
2024.0;1.0;2024-01-01;BRASPINE;QUEIMADINHO ARROIO CLARO;PR;DOUTOR ULYSSES;48,13;19,09;171,20;21,33;82,60;13,44;39,71;31,84;100,00;56,61;0,00;18,64
2024.0;1.0;2024-01-01;BRASPINE;QUEIMADINHO M6042;PR;DOUTOR ULYSSES;48,38;18,50;171,20;21,33;82,60;13,44;39,71;31,84;100,00;56,61;0,00;18,64
2024.0;1.0;2024-01-01;BRASPINE;QUEIMADINHO USUCAPIAO;PR;DOUTOR ULYSSES;200,27;92,43;171,20;21,33;82,60;13,44;39,71;31,84;100,00;56,61;0,00;18,64
2024.0;1.0;2024-01-01;BRASPINE;RAMOS;PR;SENGES;69,83;38,15;140,32;21,05;82,41;12,88;39,72;31,19;100,00;69,89;0,00;35,80
2024.0;1.0;2024-01-01;BRASPINE;RIBEIRAO GRANDE;PR;JAGUARIAIVA;20,77;20,77;127,08;20,96;80,84;12,59;39,65;30,71;99,50;67,85;0,00;1,14
2024.0;1.0;2024-01-01;BRASPINE;RINCAO DE BAIXO;;;;;133,72;21,84;76,09;13,33;36,83;31,76;99,76;56,10;0,00;3,36
2024.0;1.0;2024-01-01;BRASPINE;RIO BOMBA;PR;CERRO AZUL;65,03;37,72;175,98;22,83;79,08;14,63;37,88;34,05;99,97;14,63;0,00;10,09
2024.0;1.0;2024-01-01;BRASPINE;RIO DO MEIO;PR;DOUTOR ULYSSES;712,33;389,13;159,53;21,33;82,60;13,44;39,71;31,84;100,00;56,61;0,00;18,64
2024.0;1.0;2024-01-01;BRASPINE;RONDON;PR;JAGUARIAIVA;2899,24;1475,88;128,31;20,85;82,05;12,95;41,53;30,48;99,94;69,67;0,00;36,05
2024.0;1.0;2024-01-01;BRASPINE;SANTA FELICIDADE;;;;;225,57;22,79;82,31;15,26;39,10;34,69;100,00;0,00;0,00;14,22
2024.0;1.0;2024-01-01;BRASPINE;SANTA LIDIA DO CERCADINHO;;;;;131,86;21,48;76,30;13,06;37,05;31,34;99,75;55,00;0,00;2,49
2024.0;1.0;2024-01-01;BRASPINE;SANTO ANTONIO;;;;;144,27;20,78;82,72;13,36;40,58;30,72;100,00;70,44;0,00;6,18
2024.0;1.0;2024-01-01;BRASPINE;SAO JOSE;PR;JANDAIA DO SUL;37,56;37,56;181,31;24,51;74,56;15,10;36,82;33,89;99,70;0,00;0,00;6,50
2024.0;1.0;2024-01-01;BRASPINE;SAO MATHEUS;;;;;198,12;25,89;72,56;16,07;34,50;35,36;99,72;0,00;0,00;0,94
2024.0;1.0;2024-01-01;BRASPINE;SAO PEDRO E SAO PAULO;PR;SAPOPEMA;709,13;323,93;129,10;22,53;76,96;13,34;42,66;31,74;98,94;42,28;0,00;352,77
2024.0;1.0;2024-01-01;BRASPINE;SAO RAFAEL;;;;;132,36;21,28;79,24;13,14;34,51;32,36;98,99;55,12;0,00;2,75
2024.0;1.0;2024-01-01;BRASPINE;SAO RAFAEL - PB;;;;;207,11;21,20;84,73;14,16;41,73;32,15;100,00;43,24;0,00;11,97
2024.0;1.0;2024-01-01;BRASPINE;SERRARIA;PR;DOUTOR ULYSSES;280,88;117,71;162,52;21,28;82,46;13,18;39,16;31,97;100,00;55,98;0,00;1,94
2024.0;1.0;2024-01-01;BRASPINE;SERRO VERDE;;;;;196,30;21,04;80,08;12,12;45,96;30,06;99,69;108,71;0,00;2,13
2024.0;1.0;2024-01-01;BRASPINE;SERTAOZINHO;PR;DOUTOR ULYSSES;16,25;16,25;156,05;21,33;82,60;13,44;39,71;31,84;100,00;56,61;0,00;18,64
2024.0;1.0;2024-01-01;BRASPINE;SITIO BASILIO;PR;JAGUARIAIVA;8,08;8,08;133,10;20,95;80,23;12,76;41,29;30,36;99,60;68,88;0,00;4,16
2024.0;1.0;2024-01-01;BRASPINE;SITIO DAS MARRECAS;PR;DOUTOR ULYSSES;77,49;35,17;171,58;22,18;82,33;14,32;39,27;33,52;100,00;29,25;0,00;28,29
2024.0;1.0;2024-01-01;BRASPINE;SOBRADINHO;SP;BOM SUCESSO DE ITARARE;285,80;123,10;163,51;20,71;83,94;13,58;41,40;30,86;100,00;70,95;0,00;8,64
2024.0;1.0;2024-01-01;BRASPINE;TAQUARAL;PR;JAGUARIAIVA;519,13;31,07;131,72;20,96;81,83;12,85;42,67;30,46;99,99;69,27;0,00;45,10
2024.0;1.0;2024-01-01;BRASPINE;TUCUNDUVA;PR;SENGES;82,21;60,89;133,50;21,59;78,86;13,72;41,36;31,18;99,48;57,75;0,00;13,22
2024.0;1.0;2024-01-01;BRASPINE;TUCUNDUVA - CHAMMA;;;;;119,23;21,70;78,63;13,93;40,80;31,32;99,44;43,26;0,00;10,51
2024.0;1.0;2024-01-01;BRASPINE;VIENA 1;PR;DOUTOR ULYSSES;263,98;178,34;148,14;20,87;82,12;12,62;41,11;31,11;100,00;68,43;0,00;4,12
2024.0;1.0;2024-01-01;BRASPINE;VIENA 2;PR;CERRO AZUL;140,23;96,54;175,54;22,83;79,08;14,63;37,88;34,05;99,97;14,63;0,00;10,09
2024.0;1.0;2024-01-01;BRASPINE;VITORIA;PR;SENGES;50,54;35,69;134,86;20,77;82,18;13,19;41,14;30,42;99,94;70,00;0,00;106,98
2024.0;1.0;2024-01-01;BRASPINE;VIVEIRO;PR;DOUTOR ULYSSES;405,39;261,22;155,29;21,33;82,60;13,44;39,71;31,84;100,00;56,61;0,00;18,64
2024.0;1.0;2024-01-01;BRASPINE;VO LINO;PR;DOUTOR ULYSSES;164,50;97,89;165,65;21,58;82,51;13,57;39,13;32,51;100,00;57,26;0,00;1,11
2024.0;1.0;2024-01-01;BRASPINE;XAXIM VELHO;;;;;166,22;20,42;81,58;11,61;44,35;29,78;99,93;105,93;0,00;2,17
2024.0;2.0;2024-02-01;BRASPINE;AGUA DOCE;PR;JAGUARIAIVA;238,97;121,99;117,39;21,51;83,92;16,24;42,96;29,14;99,61;0,00;0,00;1,42
2024.0;2.0;2024-02-01;BRASPINE;AMATA;;;;;249,94;23,53;83,90;18,24;35,63;33,07;99,99;0,00;0,00;2,59
2024.0;2.0;2024-02-01;BRASPINE;ANTA BRAVA;;;;;161,98;24,48;78,87;18,81;40,38;32,39;98,74;0,00;0,00;25,89
2024.0;2.0;2024-02-01;BRASPINE;ARAPONGAS;PR;SENGES;423,34;263,70;143,60;21,72;86,12;16,55;42,43;30,35;100,00;0,00;0,00;5,49
2024.0;2.0;2024-02-01;BRASPINE;ARROIO CLARO;PR;DOUTOR ULYSSES;275,14;92,00;181,29;21,93;86,40;16,87;42,08;30,87;100,00;0,00;0,00;1,50
2024.0;2.0;2024-02-01;BRASPINE;BARRA GRANDE;PR;DOUTOR ULYSSES;493,79;139,68;124,01;22,34;86,17;17,12;42,50;31,32;100,00;0,00;0,00;1,53
2024.0;2.0;2024-02-01;BRASPINE;BARRA GRANDE - BEMAIS;PR;GUARAPUAVA;299,16;108,61;164,93;21,51;82,97;15,98;38,70;29,48;99,95;0,00;0,00;4,09
2024.0;2.0;2024-02-01;BRASPINE;BARRETOS;PR;JAGUARIAIVA;43,35;32,98;151,13;21,58;85,58;16,28;42,45;29,76;99,98;0,00;0,00;0,21
2024.0;2.0;2024-02-01;BRASPINE;BAU;;;;;191,94;21,26;84,35;15,79;47,54;28,20;99,67;0,00;0,00;27,97
2024.0;2.0;2024-02-01;BRASPINE;BOA VISTA II;PR;PIRAI DO SUL;944,00;535,05;152,30;21,52;84,71;16,11;43,11;29,29;99,96;0,00;0,00;2,37
2024.0;2.0;2024-02-01;BRASPINE;BRASILEIRA;;;;;126,94;21,72;86,12;16,55;42,43;30,35;100,00;0,00;0,00;5,49
2024.0;2.0;2024-02-01;BRASPINE;BURACAO;;;;;205,19;21,77;84,32;16,56;38,41;29,90;99,80;0,00;0,00;0,42
2024.0;2.0;2024-02-01;BRASPINE;BURRINHO;PR;DOUTOR ULYSSES;211,01;100,37;179,10;21,93;86,40;16,87;42,08;30,87;100,00;0,00;0,00;1,50
2024.0;2.0;2024-02-01;BRASPINE;CADEADO I;PR;JAGUARIAIVA;21,07;12,29;146,47;21,44;85,96;16,34;42,31;29,85;100,00;0,00;0,00;0,92
2024.0;2.0;2024-02-01;BRASPINE;CADEADO II;PR;JAGUARIAIVA;21,88;16,79;146,47;21,44;85,96;16,34;42,31;29,85;100,00;0,00;0,00;0,92
2024.0;2.0;2024-02-01;BRASPINE;CAMPINA ALTA;PR;TIBAGI;29,77;18,24;105,54;22,79;82,07;16,95;41,47;30,46;99,65;0,00;0,00;0,39
2024.0;2.0;2024-02-01;BRASPINE;CAMPINA DO ELIAS;PR;JAGUARIAIVA;29,17;14,65;160,37;21,53;85,72;16,30;42,40;29,80;99,99;0,00;0,00;1,88
2024.0;2.0;2024-02-01;BRASPINE;CAMPO NOVO;PR;JAGUARIAIVA;295,98;156,36;147,63;21,44;85,96;16,34;42,31;29,85;100,00;0,00;0,00;0,92
2024.0;2.0;2024-02-01;BRASPINE;CONSULTORIA II A;PR;DOUTOR ULYSSES;89,62;60,79;142,09;21,72;86,12;16,55;42,43;30,35;100,00;0,00;0,00;5,49
2024.0;2.0;2024-02-01;BRASPINE;DINIZ;;;;;116,46;21,72;86,12;16,55;42,43;30,35;100,00;0,00;0,00;5,49
2024.0;2.0;2024-02-01;BRASPINE;ENES;PR;JAGUARIAIVA;5,93;5,69;148,19;21,44;85,96;16,34;42,31;29,85;100,00;0,00;0,00;0,92
2024.0;2.0;2024-02-01;BRASPINE;ENGENHARIA;;;;;116,46;21,72;86,12;16,55;42,43;30,35;100,00;0,00;0,00;5,49
2024.0;2.0;2024-02-01;BRASPINE;ESTACAO;PR;SENGES;4,76;4,14;144,54;21,44;85,96;16,34;42,31;29,85;100,00;0,00;0,00;0,92
2024.0;2.0;2024-02-01;BRASPINE;FAXINAL;PR;JAGUARIAIVA;20,65;20,65;148,19;21,44;85,96;16,34;42,31;29,85;100,00;0,00;0,00;0,92
2024.0;2.0;2024-02-01;BRASPINE;FEITAL;PR;DOUTOR ULYSSES;154,17;86,53;135,47;21,93;86,13;16,74;42,45;30,68;100,00;0,00;0,00;4,16
2024.0;2.0;2024-02-01;BRASPINE;FIGUEIRA;PR;DOUTOR ULYSSES;1053,81;315,71;147,08;21,93;86,40;16,87;42,08;30,87;100,00;0,00;0,00;1,50
2024.0;2.0;2024-02-01;BRASPINE;FIGUEIRINHA;PR;DOUTOR ULYSSES;94,37;56,74;175,27;21,93;86,40;16,87;42,08;30,87;100,00;0,00;0,00;1,50
2024.0;2.0;2024-02-01;BRASPINE;FLOEMA;PR;DOUTOR ULYSSES;2189,88;701,43;178,13;21,34;86,30;16,25;42,18;29,86;100,00;0,00;0,00;0,71
2024.0;2.0;2024-02-01;BRASPINE;FLOEMA I - SUDATI;;;;;139,07;21,72;86,12;16,55;42,43;30,35;100,00;0,00;0,00;5,49
2024.0;2.0;2024-02-01;BRASPINE;FLOEMA II - SUDATI;PR;DOUTOR ULYSSES;453,83;211,13;138,42;21,72;86,12;16,55;42,43;30,35;100,00;0,00;0,00;5,49
2024.0;2.0;2024-02-01;BRASPINE;FLOR DA SERRA;PR;SAO JOSE DA BOA VISTA;209,10;128,72;114,21;23,74;78,07;18,11;42,38;32,30;99,21;0,00;0,00;0,11
2024.0;2.0;2024-02-01;BRASPINE;GENTIL;PR;JAGUARIAIVA;126,77;53,33;123,07;21,38;83,56;16,22;43,07;28,95;99,25;0,00;0,00;2,11
2024.0;2.0;2024-02-01;BRASPINE;GUAIRACA;PR;GUARAPUAVA;623,62;169,31;167,81;21,70;82,39;16,07;37,27;29,87;99,98;0,00;0,00;3,11
2024.0;2.0;2024-02-01;BRASPINE;HERVAL 2 - MADALOSSO;;;;;195,46;21,77;84,32;16,56;38,41;29,90;99,80;0,00;0,00;0,42
2024.0;2.0;2024-02-01;BRASPINE;HERVAL DE BAIXO;PR;RESERVA;827,29;475,92;103,52;22,81;82,11;16,80;41,44;30,52;99,72;0,00;0,00;1,40
2024.0;2.0;2024-02-01;BRASPINE;HORTO 01;PR;TURVO;19,12;19,12;180,57;22,31;82,82;16,33;41,96;30,01;99,62;0,00;0,00;2,73
2024.0;2.0;2024-02-01;BRASPINE;HORTO 02;PR;TURVO;4,24;4,24;181,02;22,31;82,82;16,33;41,96;30,01;99,62;0,00;0,00;2,73
2024.0;2.0;2024-02-01;BRASPINE;HORTO 03;PR;PRUDENTOPOLIS;80,91;25,89;182,76;22,90;81,18;16,53;37,59;31,09;99,84;0,00;0,00;1,44
2024.0;2.0;2024-02-01;BRASPINE;HORTO 08;PR;TURVO;9,53;9,53;196,20;22,90;81,18;16,53;37,59;31,09;99,84;0,00;0,00;1,44
2024.0;2.0;2024-02-01;BRASPINE;HORTO 12;PR;PRUDENTOPOLIS;12,20;12,20;186,92;22,90;81,18;16,53;37,59;31,09;99,84;0,00;0,00;1,44
2024.0;2.0;2024-02-01;BRASPINE;IZAU;PR;PIRAI DO SUL;19,37;11,60;128,80;21,44;84,04;16,12;42,56;29,18;99,25;0,00;0,00;0,62
2024.0;2.0;2024-02-01;BRASPINE;JOAO RICO;PR;JAGUARIAIVA;47,46;26,18;123,48;21,51;83,92;16,24;42,96;29,14;99,61;0,00;0,00;1,42
2024.0;2.0;2024-02-01;BRASPINE;LAGOA;PR;JAGUARIAIVA;24,10;10,78;153,91;21,44;85,96;16,34;42,31;29,85;100,00;0,00;0,00;0,92
2024.0;2.0;2024-02-01;BRASPINE;MARACANA;PR;JANDAIA DO SUL;11,45;11,45;114,12;24,59;77,71;18,61;38,79;32,49;99,82;0,00;0,00;19,31
2024.0;2.0;2024-02-01;BRASPINE;MARRECA;;;;;153,31;21,93;86,40;16,87;42,08;30,87;100,00;0,00;0,00;1,50
2024.0;2.0;2024-02-01;BRASPINE;MARRECA SP;SP;ITAPIRAPUA PAULISTA;675,30;236,19;174,47;22,73;86,27;17,59;42,20;32,12;100,00;0,00;0,00;1,71
2024.0;2.0;2024-02-01;BRASPINE;MARRECAS;;;;;174,13;20,95;83,89;15,50;39,82;28,73;99,99;0,00;0,00;2,25
2024.0;2.0;2024-02-01;BRASPINE;MERCADINHO;;;;;174,91;22,75;85,29;17,61;38,76;32,12;100,00;0,00;0,00;0,07
2024.0;2.0;2024-02-01;BRASPINE;MONTE ALEGRE;;;;;114,97;25,18;76,54;19,06;37,92;33,11;99,73;0,00;0,00;3,11
2024.0;2.0;2024-02-01;BRASPINE;MONTE TABOR II;;;;;130,59;21,96;87,10;17,10;48,04;32,05;100,00;0,00;0,00;6,26
2024.0;2.0;2024-02-01;BRASPINE;MOREIRA;PR;DOUTOR ULYSSES;230,52;68,68;138,42;21,72;86,12;16,55;42,43;30,35;100,00;0,00;0,00;5,49
2024.0;2.0;2024-02-01;BRASPINE;MOREIRAS II;PR;DOUTOR ULYSSES;66,76;28,75;142,62;21,72;86,12;16,55;42,43;30,35;100,00;0,00;0,00;5,49
2024.0;2.0;2024-02-01;BRASPINE;MORRETES;PR;ORTIGUEIRA;20,36;20,36;102,79;23,33;81,79;17,27;41,92;31,22;99,74;0,00;0,00;1,65
2024.0;2.0;2024-02-01;BRASPINE;MORRO AZUL;;;;;106,49;21,92;86,32;16,71;41,36;30,79;100,00;0,00;0,00;9,21
2024.0;2.0;2024-02-01;BRASPINE;OURO FINO;SP;APIAI;51,70;51,70;129,76;21,65;87,05;16,57;44,48;30,53;100,00;0,00;0,00;6,01
2024.0;2.0;2024-02-01;BRASPINE;PALMEIRINHA DE BAIXO - SOSSEGO;PR;SENGES;85,93;9,22;107,98;21,32;84,53;16,19;40,75;29,40;99,72;0,00;0,00;23,42
2024.0;2.0;2024-02-01;BRASPINE;PAZIN;PR;DOUTOR ULYSSES;41,20;23,90;153,56;21,93;86,40;16,87;42,08;30,87;100,00;0,00;0,00;1,50
2024.0;2.0;2024-02-01;BRASPINE;PEDRAS;PR;CASTRO;7,18;7,18;132,99;21,49;84,49;16,14;44,33;28,91;99,71;0,00;0,00;0,52
2024.0;2.0;2024-02-01;BRASPINE;PESCARIA;PR;SAO JOSE DA BOA VISTA;184,57;129,22;114,38;23,94;77,40;18,16;38,78;32,74;99,11;0,00;0,00;2,41
2024.0;2.0;2024-02-01;BRASPINE;PESSEGUEIRO;PR;DOUTOR ULYSSES;109,95;64,79;155,45;21,72;86,12;16,55;42,43;30,35;100,00;0,00;0,00;5,49
2024.0;2.0;2024-02-01;BRASPINE;PITANGA;;;;;161,23;22,11;83,06;16,52;49,40;29,30;99,31;0,00;0,00;7,31
2024.0;2.0;2024-02-01;BRASPINE;QUEIMADINHO ARROIO CLARO;PR;DOUTOR ULYSSES;48,13;19,09;126,94;21,72;86,12;16,55;42,43;30,35;100,00;0,00;0,00;5,49
2024.0;2.0;2024-02-01;BRASPINE;QUEIMADINHO M6042;PR;DOUTOR ULYSSES;48,38;18,50;126,94;21,72;86,12;16,55;42,43;30,35;100,00;0,00;0,00;5,49
2024.0;2.0;2024-02-01;BRASPINE;QUEIMADINHO USUCAPIAO;PR;DOUTOR ULYSSES;200,27;92,43;126,94;21,72;86,12;16,55;42,43;30,35;100,00;0,00;0,00;5,49
2024.0;2.0;2024-02-01;BRASPINE;RAMOS;PR;SENGES;69,83;38,15;139,07;21,44;85,96;16,34;42,31;29,85;100,00;0,00;0,00;0,92
2024.0;2.0;2024-02-01;BRASPINE;RIBEIRAO GRANDE;PR;JAGUARIAIVA;20,77;20,77;126,37;21,44;84,04;16,12;42,56;29,18;99,25;0,00;0,00;0,62
2024.0;2.0;2024-02-01;BRASPINE;RINCAO DE BAIXO;;;;;107,75;22,27;79,34;16,71;39,15;29,75;99,60;0,00;0,00;1,56
2024.0;2.0;2024-02-01;BRASPINE;RIO BOMBA;PR;CERRO AZUL;65,03;37,72;205,58;23,05;83,87;17,63;35,42;32,31;99,97;0,00;0,00;5,12
2024.0;2.0;2024-02-01;BRASPINE;RIO DO MEIO;PR;DOUTOR ULYSSES;712,33;389,13;138,42;21,72;86,12;16,55;42,43;30,35;100,00;0,00;0,00;5,49
2024.0;2.0;2024-02-01;BRASPINE;RONDON;PR;JAGUARIAIVA;2899,24;1475,88;126,18;21,33;84,99;16,23;42,13;29,32;99,86;0,00;0,00;2,00
2024.0;2.0;2024-02-01;BRASPINE;SANTA FELICIDADE;;;;;133,31;23,10;86,22;17,91;42,47;32,90;100,00;0,00;0,00;1,82
2024.0;2.0;2024-02-01;BRASPINE;SANTA LIDIA DO CERCADINHO;;;;;107,21;21,90;79,59;16,65;39,54;29,22;99,50;0,00;0,00;0,41
2024.0;2.0;2024-02-01;BRASPINE;SANTO ANTONIO;;;;;107,15;21,34;84,83;16,16;40,46;29,60;99,94;0,00;0,00;8,63
2024.0;2.0;2024-02-01;BRASPINE;SAO JOSE;PR;JANDAIA DO SUL;37,56;37,56;114,19;25,00;76,90;18,92;38,24;32,90;99,79;0,00;0,00;3,65
2024.0;2.0;2024-02-01;BRASPINE;SAO MATHEUS;;;;;110,62;26,50;73,99;19,92;35,68;34,83;99,53;0,00;0,00;0,55
2024.0;2.0;2024-02-01;BRASPINE;SAO PEDRO E SAO PAULO;PR;SAPOPEMA;709,13;323,93;107,05;22,97;80,00;17,24;41,42;30,70;99,07;0,00;0,00;19,99
2024.0;2.0;2024-02-01;BRASPINE;SAO RAFAEL;;;;;124,32;21,81;82,69;16,66;34,73;29,94;99,58;0,00;0,00;1,86
2024.0;2.0;2024-02-01;BRASPINE;SAO RAFAEL - PB;;;;;122,02;21,78;86,86;16,64;43,45;30,71;100,00;0,00;0,00;7,34
2024.0;2.0;2024-02-01;BRASPINE;SERRARIA;PR;DOUTOR ULYSSES;280,88;117,71;168,27;21,63;86,35;16,56;42,13;30,36;100,00;0,00;0,00;354,42
2024.0;2.0;2024-02-01;BRASPINE;SERRO VERDE;;;;;200,58;21,68;83,10;16,08;47,02;28,74;99,42;0,00;0,00;12,33
2024.0;2.0;2024-02-01;BRASPINE;SERTAOZINHO;PR;DOUTOR ULYSSES;16,25;16,25;122,09;21,72;86,12;16,55;42,43;30,35;100,00;0,00;0,00;5,49
2024.0;2.0;2024-02-01;BRASPINE;SITIO BASILIO;PR;JAGUARIAIVA;8,08;8,08;116,15;21,39;83,51;16,26;43,20;28,93;99,34;0,00;0,00;3,56
2024.0;2.0;2024-02-01;BRASPINE;SITIO DAS MARRECAS;PR;DOUTOR ULYSSES;77,49;35,17;179,47;22,50;86,31;17,41;42,16;31,76;100,00;0,00;0,00;0,36
2024.0;2.0;2024-02-01;BRASPINE;SOBRADINHO;SP;BOM SUCESSO DE ITARARE;285,80;123,10;117,18;21,33;85,62;16,13;41,40;29,74;100,00;0,00;0,00;26,97
2024.0;2.0;2024-02-01;BRASPINE;TAQUARAL;PR;JAGUARIAIVA;519,13;31,07;134,34;21,46;84,79;16,22;43,01;29,21;99,95;0,00;0,00;3,86
2024.0;2.0;2024-02-01;BRASPINE;TUCUNDUVA;PR;SENGES;82,21;60,89;129,22;22,03;81,85;16,79;40,70;30,14;99,61;0,00;0,00;2,02
2024.0;2.0;2024-02-01;BRASPINE;TUCUNDUVA - CHAMMA;;;;;135,72;22,20;81,24;16,86;39,45;30,39;99,24;0,00;0,00;0,57
2024.0;2.0;2024-02-01;BRASPINE;VIENA 1;PR;DOUTOR ULYSSES;263,98;178,34;177,35;21,26;85,86;16,13;43,26;29,40;100,00;0,00;0,00;2,25
2024.0;2.0;2024-02-01;BRASPINE;VIENA 2;PR;CERRO AZUL;140,23;96,54;205,15;23,05;83,87;17,63;35,42;32,31;99,97;0,00;0,00;5,12
2024.0;2.0;2024-02-01;BRASPINE;VITORIA;PR;SENGES;50,54;35,69;107,98;21,32;84,53;16,19;40,75;29,40;99,72;0,00;0,00;23,42
2024.0;2.0;2024-02-01;BRASPINE;VIVEIRO;PR;DOUTOR ULYSSES;405,39;261,22;142,62;21,72;86,12;16,55;42,43;30,35;100,00;0,00;0,00;5,49
2024.0;2.0;2024-02-01;BRASPINE;VO LINO;PR;DOUTOR ULYSSES;164,50;97,89;160,01;21,93;86,40;16,87;42,08;30,87;100,00;0,00;0,00;1,50
2024.0;2.0;2024-02-01;BRASPINE;XAXIM VELHO;;;;;189,21;21,18;83,44;15,37;38,56;29,12;99,99;0,00;0,00;0,14
2024.0;3.0;2024-03-01;BRASPINE;AGUA DOCE;PR;JAGUARIAIVA;238,97;121,99;70,32;21,34;81,84;13,93;45,68;30,00;99,83;43,33;0,00;1,66
2024.0;3.0;2024-03-01;BRASPINE;AMATA;;;;;87,72;23,40;81,18;16,53;42,13;33,71;99,97;0,00;0,00;0,89
2024.0;3.0;2024-03-01;BRASPINE;ANTA BRAVA;;;;;75,53;24,24;78,87;17,03;44,77;32,29;98,13;0,00;0,00;18,92
2024.0;3.0;2024-03-01;BRASPINE;ARAPONGAS;PR;SENGES;423,34;263,70;87,41;21,56;84,25;14,30;44,71;30,81;100,00;14,30;0,00;9,67
2024.0;3.0;2024-03-01;BRASPINE;ARROIO CLARO;PR;DOUTOR ULYSSES;275,14;92,00;89,96;21,76;84,43;14,46;43,35;31,37;100,00;14,46;0,00;2,08
2024.0;3.0;2024-03-01;BRASPINE;BARRA GRANDE;PR;DOUTOR ULYSSES;493,79;139,68;121,80;22,15;84,46;14,90;44,55;31,84;100,00;14,90;0,00;5,05
2024.0;3.0;2024-03-01;BRASPINE;BARRA GRANDE - BEMAIS;PR;GUARAPUAVA;299,16;108,61;117,63;21,23;79,48;13,15;39,90;29,93;99,98;84,52;0,00;8,48
2024.0;3.0;2024-03-01;BRASPINE;BARRETOS;PR;JAGUARIAIVA;43,35;32,98;81,13;21,37;83,62;13,77;45,01;30,62;99,97;43,02;0,00;1,47
2024.0;3.0;2024-03-01;BRASPINE;BAU;;;;;119,35;20,92;81,19;13,45;44,14;29,02;99,88;86,24;0,00;6,67
2024.0;3.0;2024-03-01;BRASPINE;BOA VISTA II;PR;PIRAI DO SUL;944,00;535,05;76,65;21,24;82,90;13,57;45,02;30,28;99,94;42,33;0,00;3,92
2024.0;3.0;2024-03-01;BRASPINE;BRASILEIRA;;;;;113,72;21,56;84,25;14,30;44,71;30,81;100,00;14,30;0,00;9,67
2024.0;3.0;2024-03-01;BRASPINE;BURACAO;;;;;110,88;21,52;81,98;14,52;42,68;30,95;99,80;43,97;0,00;5,19
2024.0;3.0;2024-03-01;BRASPINE;BURRINHO;PR;DOUTOR ULYSSES;211,01;100,37;90,63;21,76;84,43;14,46;43,35;31,37;100,00;14,46;0,00;2,08
2024.0;3.0;2024-03-01;BRASPINE;CADEADO I;PR;JAGUARIAIVA;21,07;12,29;75,19;21,28;83,92;13,92;44,47;30,43;100,00;58,28;0,00;13,39
2024.0;3.0;2024-03-01;BRASPINE;CADEADO II;PR;JAGUARIAIVA;21,88;16,79;75,19;21,28;83,92;13,92;44,47;30,43;100,00;58,28;0,00;13,39
2024.0;3.0;2024-03-01;BRASPINE;CAMPINA ALTA;PR;TIBAGI;29,77;18,24;64,87;22,75;78,26;14,92;39,12;32,00;99,42;14,92;0,00;1,47
2024.0;3.0;2024-03-01;BRASPINE;CAMPINA DO ELIAS;PR;JAGUARIAIVA;29,17;14,65;75,62;21,34;83,73;13,83;44,83;30,55;99,98;43,18;0,00;0,58
2024.0;3.0;2024-03-01;BRASPINE;CAMPO NOVO;PR;JAGUARIAIVA;295,98;156,36;85,97;21,28;83,92;13,92;44,47;30,43;100,00;58,28;0,00;13,39
2024.0;3.0;2024-03-01;BRASPINE;CONSULTORIA II A;PR;DOUTOR ULYSSES;89,62;60,79;93,72;21,56;84,25;14,30;44,71;30,81;100,00;14,30;0,00;9,67
2024.0;3.0;2024-03-01;BRASPINE;DINIZ;;;;;102,89;21,56;84,25;14,30;44,71;30,81;100,00;14,30;0,00;9,67
2024.0;3.0;2024-03-01;BRASPINE;ENES;PR;JAGUARIAIVA;5,93;5,69;85,65;21,28;83,92;13,92;44,47;30,43;100,00;58,28;0,00;13,39
2024.0;3.0;2024-03-01;BRASPINE;ENGENHARIA;;;;;102,89;21,56;84,25;14,30;44,71;30,81;100,00;14,30;0,00;9,67
2024.0;3.0;2024-03-01;BRASPINE;ESTACAO;PR;SENGES;4,76;4,14;78,17;21,28;83,92;13,92;44,47;30,43;100,00;58,28;0,00;13,39
2024.0;3.0;2024-03-01;BRASPINE;FAXINAL;PR;JAGUARIAIVA;20,65;20,65;85,65;21,28;83,92;13,92;44,47;30,43;100,00;58,28;0,00;13,39
2024.0;3.0;2024-03-01;BRASPINE;FEITAL;PR;DOUTOR ULYSSES;154,17;86,53;114,47;21,76;84,32;14,50;44,66;31,12;100,00;14,50;0,00;8,20
2024.0;3.0;2024-03-01;BRASPINE;FIGUEIRA;PR;DOUTOR ULYSSES;1053,81;315,71;105,59;21,76;84,43;14,46;43,35;31,37;100,00;14,46;0,00;2,08
2024.0;3.0;2024-03-01;BRASPINE;FIGUEIRINHA;PR;DOUTOR ULYSSES;94,37;56,74;104,79;21,76;84,43;14,46;43,35;31,37;100,00;14,46;0,00;2,08
2024.0;3.0;2024-03-01;BRASPINE;FLOEMA;PR;DOUTOR ULYSSES;2189,88;701,43;90,69;21,19;84,07;13,92;43,07;30,44;100,00;57,97;0,00;0,36
2024.0;3.0;2024-03-01;BRASPINE;FLOEMA I - SUDATI;;;;;79,39;21,56;84,25;14,30;44,71;30,81;100,00;14,30;0,00;9,67
2024.0;3.0;2024-03-01;BRASPINE;FLOEMA II - SUDATI;PR;DOUTOR ULYSSES;453,83;211,13;89,41;21,56;84,25;14,30;44,71;30,81;100,00;14,30;0,00;9,67
2024.0;3.0;2024-03-01;BRASPINE;FLOR DA SERRA;PR;SAO JOSE DA BOA VISTA;209,10;128,72;80,31;23,77;75,10;16,84;40,70;32,33;99,57;0,00;0,00;7,13
2024.0;3.0;2024-03-01;BRASPINE;GENTIL;PR;JAGUARIAIVA;126,77;53,33;67,01;21,24;81,37;13,93;44,54;29,95;99,61;58,16;0,00;6,77
2024.0;3.0;2024-03-01;BRASPINE;GUAIRACA;PR;GUARAPUAVA;623,62;169,31;122,63;21,33;79,42;13,38;39,68;30,23;100,00;99,28;0,00;10,69
2024.0;3.0;2024-03-01;BRASPINE;HERVAL 2 - MADALOSSO;;;;;106,27;21,52;81,98;14,52;42,68;30,95;99,80;43,97;0,00;5,19
2024.0;3.0;2024-03-01;BRASPINE;HERVAL DE BAIXO;PR;RESERVA;827,29;475,92;81,55;22,78;78,16;14,92;38,33;32,18;99,43;29,86;0,00;1,70
2024.0;3.0;2024-03-01;BRASPINE;HORTO 01;PR;TURVO;19,12;19,12;111,52;22,03;78,86;14,07;40,32;30,98;99,71;72,97;0,00;1,35
2024.0;3.0;2024-03-01;BRASPINE;HORTO 02;PR;TURVO;4,24;4,24;111,84;22,03;78,86;14,07;40,32;30,98;99,71;72,97;0,00;1,35
2024.0;3.0;2024-03-01;BRASPINE;HORTO 03;PR;PRUDENTOPOLIS;80,91;25,89;110,07;22,67;76,85;14,40;36,91;32,02;99,72;14,40;0,00;2,96
2024.0;3.0;2024-03-01;BRASPINE;HORTO 08;PR;TURVO;9,53;9,53;105,04;22,67;76,85;14,40;36,91;32,02;99,72;14,40;0,00;2,96
2024.0;3.0;2024-03-01;BRASPINE;HORTO 12;PR;PRUDENTOPOLIS;12,20;12,20;109,40;22,67;76,85;14,40;36,91;32,02;99,72;14,40;0,00;2,96
2024.0;3.0;2024-03-01;BRASPINE;IZAU;PR;PIRAI DO SUL;19,37;11,60;70,59;21,25;82,07;13,65;43,30;30,33;99,66;57,35;0,00;1,57
2024.0;3.0;2024-03-01;BRASPINE;JOAO RICO;PR;JAGUARIAIVA;47,46;26,18;69,58;21,34;81,84;13,93;45,68;30,00;99,83;43,33;0,00;1,66
2024.0;3.0;2024-03-01;BRASPINE;LAGOA;PR;JAGUARIAIVA;24,10;10,78;74,73;21,28;83,92;13,92;44,47;30,43;100,00;58,28;0,00;13,39
2024.0;3.0;2024-03-01;BRASPINE;MARACANA;PR;JANDAIA DO SUL;11,45;11,45;70,02;24,74;73,06;18,19;38,47;33,28;98,21;0,00;0,00;3,70
2024.0;3.0;2024-03-01;BRASPINE;MARRECA;;;;;99,64;21,76;84,43;14,46;43,35;31,37;100,00;14,46;0,00;2,08
2024.0;3.0;2024-03-01;BRASPINE;MARRECA SP;SP;ITAPIRAPUA PAULISTA;675,30;236,19;118,11;22,55;84,45;15,33;43,28;32,76;100,00;0,00;0,00;0,86
2024.0;3.0;2024-03-01;BRASPINE;MARRECAS;;;;;124,80;20,65;80,65;12,82;41,36;29,14;100,00;110,14;0,00;4,56
2024.0;3.0;2024-03-01;BRASPINE;MERCADINHO;;;;;105,13;22,60;83,12;15,61;42,58;32,67;99,99;0,00;0,00;0,97
2024.0;3.0;2024-03-01;BRASPINE;MONTE ALEGRE;;;;;62,72;25,34;71,82;18,67;37,35;33,94;97,81;0,00;0,00;1,38
2024.0;3.0;2024-03-01;BRASPINE;MONTE TABOR II;;;;;84,04;21,67;86,02;14,96;47,16;31,01;99,90;14,96;0,00;27,64
2024.0;3.0;2024-03-01;BRASPINE;MOREIRA;PR;DOUTOR ULYSSES;230,52;68,68;89,41;21,56;84,25;14,30;44,71;30,81;100,00;14,30;0,00;9,67
2024.0;3.0;2024-03-01;BRASPINE;MOREIRAS II;PR;DOUTOR ULYSSES;66,76;28,75;94,35;21,56;84,25;14,30;44,71;30,81;100,00;14,30;0,00;9,67
2024.0;3.0;2024-03-01;BRASPINE;MORRETES;PR;ORTIGUEIRA;20,36;20,36;72,07;23,37;77,19;15,05;36,31;33,00;99,54;0,00;0,00;0,10
2024.0;3.0;2024-03-01;BRASPINE;MORRO AZUL;;;;;98,40;21,70;84,82;14,55;44,48;31,00;100,00;14,55;0,00;13,72
2024.0;3.0;2024-03-01;BRASPINE;OURO FINO;SP;APIAI;51,70;51,70;91,41;21,40;85,81;14,55;46,10;30,57;100,00;14,55;0,00;36,25
2024.0;3.0;2024-03-01;BRASPINE;PALMEIRINHA DE BAIXO - SOSSEGO;PR;SENGES;85,93;9,22;96,38;21,17;82,72;14,16;43,78;29,64;99,85;43,59;0,00;6,24
2024.0;3.0;2024-03-01;BRASPINE;PAZIN;PR;DOUTOR ULYSSES;41,20;23,90;110,05;21,76;84,43;14,46;43,35;31,37;100,00;14,46;0,00;2,08
2024.0;3.0;2024-03-01;BRASPINE;PEDRAS;PR;CASTRO;7,18;7,18;54,65;21,20;82,55;13,60;44,04;30,24;99,73;57,25;0,00;1,47
2024.0;3.0;2024-03-01;BRASPINE;PESCARIA;PR;SAO JOSE DA BOA VISTA;184,57;129,22;81,22;23,96;74,45;16,94;38,28;32,68;99,66;0,00;0,00;4,02
2024.0;3.0;2024-03-01;BRASPINE;PESSEGUEIRO;PR;DOUTOR ULYSSES;109,95;64,79;77,84;21,56;84,25;14,30;44,71;30,81;100,00;14,30;0,00;9,67
2024.0;3.0;2024-03-01;BRASPINE;PITANGA;;;;;124,65;21,83;79,63;14,34;41,64;30,16;99,74;44,24;0,00;2,84
2024.0;3.0;2024-03-01;BRASPINE;QUEIMADINHO ARROIO CLARO;PR;DOUTOR ULYSSES;48,13;19,09;113,72;21,56;84,25;14,30;44,71;30,81;100,00;14,30;0,00;9,67
2024.0;3.0;2024-03-01;BRASPINE;QUEIMADINHO M6042;PR;DOUTOR ULYSSES;48,38;18,50;113,72;21,56;84,25;14,30;44,71;30,81;100,00;14,30;0,00;9,67
2024.0;3.0;2024-03-01;BRASPINE;QUEIMADINHO USUCAPIAO;PR;DOUTOR ULYSSES;200,27;92,43;113,72;21,56;84,25;14,30;44,71;30,81;100,00;14,30;0,00;9,67
2024.0;3.0;2024-03-01;BRASPINE;RAMOS;PR;SENGES;69,83;38,15;79,39;21,28;83,92;13,92;44,47;30,43;100,00;58,28;0,00;13,39
2024.0;3.0;2024-03-01;BRASPINE;RIBEIRAO GRANDE;PR;JAGUARIAIVA;20,77;20,77;65,34;21,25;82,07;13,65;43,30;30,33;99,66;57,35;0,00;1,57
2024.0;3.0;2024-03-01;BRASPINE;RINCAO DE BAIXO;;;;;62,50;22,27;75,48;14,75;36,85;31,35;99,54;14,75;0,00;1,74
2024.0;3.0;2024-03-01;BRASPINE;RIO BOMBA;PR;CERRO AZUL;65,03;37,72;94,21;22,88;81,47;15,75;42,61;32,83;99,94;0,00;0,00;7,51
2024.0;3.0;2024-03-01;BRASPINE;RIO DO MEIO;PR;DOUTOR ULYSSES;712,33;389,13;99,51;21,56;84,25;14,30;44,71;30,81;100,00;14,30;0,00;9,67
2024.0;3.0;2024-03-01;BRASPINE;RONDON;PR;JAGUARIAIVA;2899,24;1475,88;77,56;21,17;83,12;14,01;45,55;29,76;99,89;58,51;0,00;10,94
2024.0;3.0;2024-03-01;BRASPINE;SANTA FELICIDADE;;;;;121,02;22,90;84,61;15,66;43,06;33,47;100,00;0,00;0,00;3,31
2024.0;3.0;2024-03-01;BRASPINE;SANTA LIDIA DO CERCADINHO;;;;;61,83;21,88;76,01;14,56;37,65;30,75;99,64;29,54;0,00;0,22
2024.0;3.0;2024-03-01;BRASPINE;SANTO ANTONIO;;;;;102,68;21,18;83,12;14,17;43,28;29,72;100,00;43,82;0,00;2,62
2024.0;3.0;2024-03-01;BRASPINE;SAO JOSE;PR;JANDAIA DO SUL;37,56;37,56;63,09;25,15;72,23;18,53;37,71;33,72;97,90;0,00;0,00;1,73
2024.0;3.0;2024-03-01;BRASPINE;SAO MATHEUS;;;;;51,78;26,76;68,12;19,75;33,70;35,93;97,45;0,00;0,00;3,64
2024.0;3.0;2024-03-01;BRASPINE;SAO PEDRO E SAO PAULO;PR;SAPOPEMA;709,13;323,93;76,39;23,02;76,19;16,00;41,46;31,24;98,65;0,00;0,00;2,02
2024.0;3.0;2024-03-01;BRASPINE;SAO RAFAEL;;;;;104,87;21,33;81,20;14,35;42,43;30,96;99,59;43,85;0,00;5,71
2024.0;3.0;2024-03-01;BRASPINE;SAO RAFAEL - PB;;;;;105,83;21,53;85,56;14,57;45,39;30,78;100,00;14,57;0,00;39,74
2024.0;3.0;2024-03-01;BRASPINE;SERRARIA;PR;DOUTOR ULYSSES;280,88;117,71;88,58;21,48;84,25;14,19;43,23;30,89;100,00;44,00;0,00;3,20
2024.0;3.0;2024-03-01;BRASPINE;SERRO VERDE;;;;;133,88;21,31;80,31;13,64;43,57;29,49;99,89;42,73;0,00;0,55
2024.0;3.0;2024-03-01;BRASPINE;SERTAOZINHO;PR;DOUTOR ULYSSES;16,25;16,25;108,54;21,56;84,25;14,30;44,71;30,81;100,00;14,30;0,00;9,67
2024.0;3.0;2024-03-01;BRASPINE;SITIO BASILIO;PR;JAGUARIAIVA;8,08;8,08;69,99;21,27;81,28;14,02;45,26;29,84;99,62;43,50;0,00;1,82
2024.0;3.0;2024-03-01;BRASPINE;SITIO DAS MARRECAS;PR;DOUTOR ULYSSES;77,49;35,17;103,98;22,33;84,45;15,08;43,30;32,36;100,00;0,00;0,00;0,17
2024.0;3.0;2024-03-01;BRASPINE;SOBRADINHO;SP;BOM SUCESSO DE ITARARE;285,80;123,10;95,91;21,13;84,09;14,20;44,48;29,75;100,00;44,07;0,00;11,12
2024.0;3.0;2024-03-01;BRASPINE;TAQUARAL;PR;JAGUARIAIVA;519,13;31,07;80,03;21,26;82,90;13,87;46,22;29,90;99,98;43,23;0,00;15,89
2024.0;3.0;2024-03-01;BRASPINE;TUCUNDUVA;PR;SENGES;82,21;60,89;86,11;21,96;79,35;15,08;42,23;30,37;99,74;0,00;0,00;9,54
2024.0;3.0;2024-03-01;BRASPINE;TUCUNDUVA - CHAMMA;;;;;82,33;22,11;79,02;15,21;41,47;30,51;99,56;0,00;0,00;8,72
2024.0;3.0;2024-03-01;BRASPINE;VIENA 1;PR;DOUTOR ULYSSES;263,98;178,34;87,20;21,09;83,61;13,81;44,65;30,14;99,99;57,26;0,00;1,13
2024.0;3.0;2024-03-01;BRASPINE;VIENA 2;PR;CERRO AZUL;140,23;96,54;94,43;22,88;81,47;15,75;42,61;32,83;99,94;0,00;0,00;7,51
2024.0;3.0;2024-03-01;BRASPINE;VITORIA;PR;SENGES;50,54;35,69;96,38;21,17;82,72;14,16;43,78;29,64;99,85;43,59;0,00;6,24
2024.0;3.0;2024-03-01;BRASPINE;VIVEIRO;PR;DOUTOR ULYSSES;405,39;261,22;94,35;21,56;84,25;14,30;44,71;30,81;100,00;14,30;0,00;9,67
2024.0;3.0;2024-03-01;BRASPINE;VO LINO;PR;DOUTOR ULYSSES;164,50;97,89;96,35;21,76;84,43;14,46;43,35;31,37;100,00;14,46;0,00;2,08
2024.0;3.0;2024-03-01;BRASPINE;XAXIM VELHO;;;;;137,98;20,75;80,98;13,10;41,41;29,39;100,00;96,66;0,00;3,27
2024.0;4.0;2024-04-01;BRASPINE;AGUA DOCE;PR;JAGUARIAIVA;238,97;121,99;55,84;19,98;82,07;9,89;47,73;28,06;99,82;61,23;0,00;2,24
2024.0;4.0;2024-04-01;BRASPINE;AMATA;;;;;72,33;21,70;84,02;12,22;43,32;31,34;100,00;52,92;0,00;11,00
2024.0;4.0;2024-04-01;BRASPINE;ANTA BRAVA;;;;;45,52;23,14;76,35;13,69;37,95;31,59;98,36;27,42;0,00;3,09
2024.0;4.0;2024-04-01;BRASPINE;ARAPONGAS;PR;SENGES;423,34;263,70;62,85;20,12;85,35;10,30;45,48;28,76;100,00;63,23;0,00;4,80
2024.0;4.0;2024-04-01;BRASPINE;ARROIO CLARO;PR;DOUTOR ULYSSES;275,14;92,00;65,33;20,28;85,90;10,88;44,14;29,17;100,00;64,16;0,00;3,27
2024.0;4.0;2024-04-01;BRASPINE;BARRA GRANDE;PR;DOUTOR ULYSSES;493,79;139,68;73,23;20,65;85,89;10,68;44,52;29,66;100,00;65,59;0,00;1,51
2024.0;4.0;2024-04-01;BRASPINE;BARRA GRANDE - BEMAIS;PR;GUARAPUAVA;299,16;108,61;161,73;19,78;81,23;9,19;41,85;28,29;99,98;83,22;0,00;30,37
2024.0;4.0;2024-04-01;BRASPINE;BARRETOS;PR;JAGUARIAIVA;43,35;32,98;62,13;20,02;84,13;10,25;47,26;28,41;99,96;61,85;0,00;5,06
2024.0;4.0;2024-04-01;BRASPINE;BAU;;;;;137,82;19,60;81,43;10,02;42,12;27,41;99,89;83,50;0,00;3,79
2024.0;4.0;2024-04-01;BRASPINE;BOA VISTA II;PR;PIRAI DO SUL;944,00;535,05;60,63;19,91;83,09;10,06;48,07;28,15;99,92;75,10;0,00;7,24
2024.0;4.0;2024-04-01;BRASPINE;BRASILEIRA;;;;;66,83;20,12;85,35;10,30;45,48;28,76;100,00;63,23;0,00;4,80
2024.0;4.0;2024-04-01;BRASPINE;BURACAO;;;;;73,70;20,10;82,67;10,28;44,89;28,28;99,82;74,51;0,00;0,31
2024.0;4.0;2024-04-01;BRASPINE;BURRINHO;PR;DOUTOR ULYSSES;211,01;100,37;65,90;20,28;85,90;10,88;44,14;29,17;100,00;64,16;0,00;3,27
2024.0;4.0;2024-04-01;BRASPINE;CADEADO I;PR;JAGUARIAIVA;21,07;12,29;55,15;19,87;84,86;9,62;46,48;28,33;100,00;60,95;0,00;2,44
2024.0;4.0;2024-04-01;BRASPINE;CADEADO II;PR;JAGUARIAIVA;21,88;16,79;55,15;19,87;84,86;9,62;46,48;28,33;100,00;60,95;0,00;2,44
2024.0;4.0;2024-04-01;BRASPINE;CAMPINA ALTA;PR;TIBAGI;29,77;18,24;75,54;21,00;80,03;8,79;42,14;29,99;99,77;56,11;0,00;2,71
2024.0;4.0;2024-04-01;BRASPINE;CAMPINA DO ELIAS;PR;JAGUARIAIVA;29,17;14,65;63,97;19,96;84,40;10,02;46,97;28,38;99,97;61,53;0,00;4,14
2024.0;4.0;2024-04-01;BRASPINE;CAMPO NOVO;PR;JAGUARIAIVA;295,98;156,36;59,93;19,87;84,86;9,62;46,48;28,33;100,00;60,95;0,00;2,44
2024.0;4.0;2024-04-01;BRASPINE;CONSULTORIA II A;PR;DOUTOR ULYSSES;89,62;60,79;63,56;20,12;85,35;10,30;45,48;28,76;100,00;63,23;0,00;4,80
2024.0;4.0;2024-04-01;BRASPINE;DINIZ;;;;;73,52;20,12;85,35;10,30;45,48;28,76;100,00;63,23;0,00;4,80
2024.0;4.0;2024-04-01;BRASPINE;ENES;PR;JAGUARIAIVA;5,93;5,69;59,39;19,87;84,86;9,62;46,48;28,33;100,00;60,95;0,00;2,44
2024.0;4.0;2024-04-01;BRASPINE;ENGENHARIA;;;;;73,52;20,12;85,35;10,30;45,48;28,76;100,00;63,23;0,00;4,80
2024.0;4.0;2024-04-01;BRASPINE;ESTACAO;PR;SENGES;4,76;4,14;56,62;19,87;84,86;9,62;46,48;28,33;100,00;60,95;0,00;2,44
2024.0;4.0;2024-04-01;BRASPINE;FAXINAL;PR;JAGUARIAIVA;20,65;20,65;59,39;19,87;84,86;9,62;46,48;28,33;100,00;60,95;0,00;2,44
2024.0;4.0;2024-04-01;BRASPINE;FEITAL;PR;DOUTOR ULYSSES;154,17;86,53;67,71;20,30;85,53;10,42;45,16;29,06;100,00;64,02;0,00;3,74
2024.0;4.0;2024-04-01;BRASPINE;FIGUEIRA;PR;DOUTOR ULYSSES;1053,81;315,71;69,96;20,28;85,90;10,88;44,14;29,17;100,00;64,16;0,00;3,27
2024.0;4.0;2024-04-01;BRASPINE;FIGUEIRINHA;PR;DOUTOR ULYSSES;94,37;56,74;81,41;20,28;85,90;10,88;44,14;29,17;100,00;64,16;0,00;3,27
2024.0;4.0;2024-04-01;BRASPINE;FLOEMA;PR;DOUTOR ULYSSES;2189,88;701,43;64,63;19,76;85,30;10,35;45,25;28,32;100,00;61,80;0,00;0,32
2024.0;4.0;2024-04-01;BRASPINE;FLOEMA I - SUDATI;;;;;56,23;20,12;85,35;10,30;45,48;28,76;100,00;63,23;0,00;4,80
2024.0;4.0;2024-04-01;BRASPINE;FLOEMA II - SUDATI;PR;DOUTOR ULYSSES;453,83;211,13;60,64;20,12;85,35;10,30;45,48;28,76;100,00;63,23;0,00;4,80
2024.0;4.0;2024-04-01;BRASPINE;FLOR DA SERRA;PR;SAO JOSE DA BOA VISTA;209,10;128,72;92,23;22,18;76,46;12,23;41,49;30,92;99,80;53,01;0,00;2,20
2024.0;4.0;2024-04-01;BRASPINE;GENTIL;PR;JAGUARIAIVA;126,77;53,33;56,98;19,83;81,69;9,66;47,05;27,90;99,74;74,51;0,00;7,77
2024.0;4.0;2024-04-01;BRASPINE;GUAIRACA;PR;GUARAPUAVA;623,62;169,31;164,37;19,90;81,04;8,62;42,49;28,63;99,97;66,52;0,00;31,79
2024.0;4.0;2024-04-01;BRASPINE;HERVAL 2 - MADALOSSO;;;;;71,15;20,10;82,67;10,28;44,89;28,28;99,82;74,51;0,00;0,31
2024.0;4.0;2024-04-01;BRASPINE;HERVAL DE BAIXO;PR;RESERVA;827,29;475,92;68,00;20,94;80,53;8,55;41,66;30,09;99,71;54,87;0,00;0,95
2024.0;4.0;2024-04-01;BRASPINE;HORTO 01;PR;TURVO;19,12;19,12;107,03;20,58;80,05;8,33;42,80;29,30;99,66;52,39;0,00;0,72
2024.0;4.0;2024-04-01;BRASPINE;HORTO 02;PR;TURVO;4,24;4,24;105,94;20,58;80,05;8,33;42,80;29,30;99,66;52,39;0,00;0,72
2024.0;4.0;2024-04-01;BRASPINE;HORTO 03;PR;PRUDENTOPOLIS;80,91;25,89;106,17;21,10;79,03;8,52;40,90;30,35;99,88;55,39;0,00;10,88
2024.0;4.0;2024-04-01;BRASPINE;HORTO 08;PR;TURVO;9,53;9,53;101,16;21,10;79,03;8,52;40,90;30,35;99,88;55,39;0,00;10,88
2024.0;4.0;2024-04-01;BRASPINE;HORTO 12;PR;PRUDENTOPOLIS;12,20;12,20;101,72;21,10;79,03;8,52;40,90;30,35;99,88;55,39;0,00;10,88
2024.0;4.0;2024-04-01;BRASPINE;IZAU;PR;PIRAI DO SUL;19,37;11,60;66,68;19,89;82,17;10,13;46,81;28,07;99,72;89,93;0,00;11,14
2024.0;4.0;2024-04-01;BRASPINE;JOAO RICO;PR;JAGUARIAIVA;47,46;26,18;57,75;19,98;82,07;9,89;47,73;28,06;99,82;61,23;0,00;2,24
2024.0;4.0;2024-04-01;BRASPINE;LAGOA;PR;JAGUARIAIVA;24,10;10,78;54,78;19,87;84,86;9,62;46,48;28,33;100,00;60,95;0,00;2,44
2024.0;4.0;2024-04-01;BRASPINE;MARACANA;PR;JANDAIA DO SUL;11,45;11,45;113,30;22,89;76,24;13,78;41,65;31,27;99,77;42,23;0,00;1,31
2024.0;4.0;2024-04-01;BRASPINE;MARRECA;;;;;74,59;20,28;85,90;10,88;44,14;29,17;100,00;64,16;0,00;3,27
2024.0;4.0;2024-04-01;BRASPINE;MARRECA SP;SP;ITAPIRAPUA PAULISTA;675,30;236,19;80,62;21,00;86,30;10,89;43,31;30,27;100,00;50,85;0,00;6,04
2024.0;4.0;2024-04-01;BRASPINE;MARRECAS;;;;;166,67;19,23;82,16;8,11;42,23;27,45;100,00;93,53;0,00;0,09
2024.0;4.0;2024-04-01;BRASPINE;MERCADINHO;;;;;77,05;21,01;85,21;11,50;43,15;30,29;100,00;66,15;0,00;2,25
2024.0;4.0;2024-04-01;BRASPINE;MONTE ALEGRE;;;;;113,32;23,43;75,40;14,08;41,09;31,86;99,79;43,13;0,00;3,22
2024.0;4.0;2024-04-01;BRASPINE;MONTE TABOR II;;;;;69,71;20,20;87,70;11,50;49,12;29,04;100,00;64,09;0,00;2,43
2024.0;4.0;2024-04-01;BRASPINE;MOREIRA;PR;DOUTOR ULYSSES;230,52;68,68;60,64;20,12;85,35;10,30;45,48;28,76;100,00;63,23;0,00;4,80
2024.0;4.0;2024-04-01;BRASPINE;MOREIRAS II;PR;DOUTOR ULYSSES;66,76;28,75;63,98;20,12;85,35;10,30;45,48;28,76;100,00;63,23;0,00;4,80
2024.0;4.0;2024-04-01;BRASPINE;MORRETES;PR;ORTIGUEIRA;20,36;20,36;70,49;21,39;80,53;8,81;40,43;30,88;99,49;56,66;0,00;1,23
2024.0;4.0;2024-04-01;BRASPINE;MORRO AZUL;;;;;55,82;20,28;85,65;10,07;44,33;29,24;100,00;62,88;0,00;6,76
2024.0;4.0;2024-04-01;BRASPINE;OURO FINO;SP;APIAI;51,70;51,70;74,82;20,01;86,62;9,69;45,47;28,93;100,00;61,17;0,00;1,73
2024.0;4.0;2024-04-01;BRASPINE;PALMEIRINHA DE BAIXO - SOSSEGO;PR;SENGES;85,93;9,22;54,71;19,79;83,06;10,23;46,53;28,03;99,82;61,45;0,00;15,94
2024.0;4.0;2024-04-01;BRASPINE;PAZIN;PR;DOUTOR ULYSSES;41,20;23,90;72,94;20,28;85,90;10,88;44,14;29,17;100,00;64,16;0,00;3,27
2024.0;4.0;2024-04-01;BRASPINE;PEDRAS;PR;CASTRO;7,18;7,18;61,78;19,84;82,68;10,07;48,50;28,05;99,69;87,63;0,00;1,80
2024.0;4.0;2024-04-01;BRASPINE;PESCARIA;PR;SAO JOSE DA BOA VISTA;184,57;129,22;87,48;22,36;76,07;12,16;38,23;31,20;99,98;52,32;0,00;0,81
2024.0;4.0;2024-04-01;BRASPINE;PESSEGUEIRO;PR;DOUTOR ULYSSES;109,95;64,79;58,04;20,12;85,35;10,30;45,48;28,76;100,00;63,23;0,00;4,80
2024.0;4.0;2024-04-01;BRASPINE;PITANGA;;;;;132,50;20,40;79,77;10,67;42,51;28,77;99,80;72,27;0,00;1,20
2024.0;4.0;2024-04-01;BRASPINE;QUEIMADINHO ARROIO CLARO;PR;DOUTOR ULYSSES;48,13;19,09;66,83;20,12;85,35;10,30;45,48;28,76;100,00;63,23;0,00;4,80
2024.0;4.0;2024-04-01;BRASPINE;QUEIMADINHO M6042;PR;DOUTOR ULYSSES;48,38;18,50;66,83;20,12;85,35;10,30;45,48;28,76;100,00;63,23;0,00;4,80
2024.0;4.0;2024-04-01;BRASPINE;QUEIMADINHO USUCAPIAO;PR;DOUTOR ULYSSES;200,27;92,43;66,83;20,12;85,35;10,30;45,48;28,76;100,00;63,23;0,00;4,80
2024.0;4.0;2024-04-01;BRASPINE;RAMOS;PR;SENGES;69,83;38,15;56,23;19,87;84,86;9,62;46,48;28,33;100,00;60,95;0,00;2,44
2024.0;4.0;2024-04-01;BRASPINE;RIBEIRAO GRANDE;PR;JAGUARIAIVA;20,77;20,77;59,25;19,89;82,17;10,13;46,81;28,07;99,72;89,93;0,00;11,14
2024.0;4.0;2024-04-01;BRASPINE;RINCAO DE BAIXO;;;;;85,13;20,61;77,24;9,09;39,52;29,44;99,27;55,40;0,00;9,96
2024.0;4.0;2024-04-01;BRASPINE;RIO BOMBA;PR;CERRO AZUL;65,03;37,72;73,81;21,23;83,78;11,78;43,48;30,58;99,98;65,89;0,00;1,54
2024.0;4.0;2024-04-01;BRASPINE;RIO DO MEIO;PR;DOUTOR ULYSSES;712,33;389,13;64,74;20,12;85,35;10,30;45,48;28,76;100,00;63,23;0,00;4,80
2024.0;4.0;2024-04-01;BRASPINE;RONDON;PR;JAGUARIAIVA;2899,24;1475,88;59,41;19,78;83,59;10,15;48,10;27,96;99,87;61,41;0,00;1,38
2024.0;4.0;2024-04-01;BRASPINE;SANTA FELICIDADE;;;;;80,03;21,33;86,68;11,32;42,68;30,84;100,00;51,76;0,00;6,43
2024.0;4.0;2024-04-01;BRASPINE;SANTA LIDIA DO CERCADINHO;;;;;77,56;20,28;77,49;9,47;40,42;28,87;99,22;70,61;0,00;9,28
2024.0;4.0;2024-04-01;BRASPINE;SANTO ANTONIO;;;;;56,67;19,78;83,57;10,18;45,97;28,21;99,99;61,18;0,00;3,26
2024.0;4.0;2024-04-01;BRASPINE;SAO JOSE;PR;JANDAIA DO SUL;37,56;37,56;113,77;23,26;75,68;13,99;41,52;31,64;99,82;42,86;0,00;0,76
2024.0;4.0;2024-04-01;BRASPINE;SAO MATHEUS;;;;;112,14;24,58;73,58;14,45;39,50;33,63;99,79;29,43;0,00;0,97
2024.0;4.0;2024-04-01;BRASPINE;SAO PEDRO E SAO PAULO;PR;SAPOPEMA;709,13;323,93;80,75;21,42;77,48;11,02;42,32;29,78;99,34;50,23;0,00;0,50
2024.0;4.0;2024-04-01;BRASPINE;SAO RAFAEL;;;;;150,22;19,85;82,34;9,39;39,83;28,46;100,00;69,02;0,00;2,67
2024.0;4.0;2024-04-01;BRASPINE;SAO RAFAEL - PB;;;;;64,13;20,14;86,35;9,94;44,66;29,10;100,00;62,00;0,00;3,21
2024.0;4.0;2024-04-01;BRASPINE;SERRARIA;PR;DOUTOR ULYSSES;280,88;117,71;62,25;20,02;85,60;10,61;44,69;28,74;100,00;62,97;0,00;1,74
2024.0;4.0;2024-04-01;BRASPINE;SERRO VERDE;;;;;144,27;19,96;80,59;10,03;40,92;27,92;99,91;70,21;0,00;8,47
2024.0;4.0;2024-04-01;BRASPINE;SERTAOZINHO;PR;DOUTOR ULYSSES;16,25;16,25;62,99;20,12;85,35;10,30;45,48;28,76;100,00;63,23;0,00;4,80
2024.0;4.0;2024-04-01;BRASPINE;SITIO BASILIO;PR;JAGUARIAIVA;8,08;8,08;55,58;19,85;81,64;9,58;47,31;27,89;99,74;59,85;0,00;5,14
2024.0;4.0;2024-04-01;BRASPINE;SITIO DAS MARRECAS;PR;DOUTOR ULYSSES;77,49;35,17;82,11;20,80;86,18;10,89;43,55;29,95;100,00;65,37;0,00;1,00
2024.0;4.0;2024-04-01;BRASPINE;SOBRADINHO;SP;BOM SUCESSO DE ITARARE;285,80;123,10;55,85;19,75;84,54;10,13;45,57;28,37;99,99;61,00;0,00;22,71
2024.0;4.0;2024-04-01;BRASPINE;TAQUARAL;PR;JAGUARIAIVA;519,13;31,07;63,27;19,90;83,21;10,06;48,73;28,02;99,99;61,40;0,00;3,06
2024.0;4.0;2024-04-01;BRASPINE;TUCUNDUVA;PR;SENGES;82,21;60,89;65,37;20,45;80,27;10,21;45,05;28,71;99,70;62,06;0,00;3,38
2024.0;4.0;2024-04-01;BRASPINE;TUCUNDUVA - CHAMMA;;;;;63,32;20,61;79,94;10,76;43,19;28,95;99,74;63,71;0,00;0,86
2024.0;4.0;2024-04-01;BRASPINE;VIENA 1;PR;DOUTOR ULYSSES;263,98;178,34;66,80;19,70;84,56;10,30;47,03;28,01;100,00;61,61;0,00;9,21
2024.0;4.0;2024-04-01;BRASPINE;VIENA 2;PR;CERRO AZUL;140,23;96,54;73,81;21,23;83,78;11,78;43,48;30,58;99,98;65,89;0,00;1,54
2024.0;4.0;2024-04-01;BRASPINE;VITORIA;PR;SENGES;50,54;35,69;54,71;19,79;83,06;10,23;46,53;28,03;99,82;61,45;0,00;15,94
2024.0;4.0;2024-04-01;BRASPINE;VIVEIRO;PR;DOUTOR ULYSSES;405,39;261,22;63,98;20,12;85,35;10,30;45,48;28,76;100,00;63,23;0,00;4,80
2024.0;4.0;2024-04-01;BRASPINE;VO LINO;PR;DOUTOR ULYSSES;164,50;97,89;70,76;20,28;85,90;10,88;44,14;29,17;100,00;64,16;0,00;3,27
2024.0;4.0;2024-04-01;BRASPINE;XAXIM VELHO;;;;;171,14;19,34;82,39;7,92;42,91;27,74;100,00;92,53;0,00;2,77
2024.0;5.0;2024-05-01;BRASPINE;AGUA DOCE;PR;JAGUARIAIVA;238,97;121,99;48,37;17,79;77,45;5,01;41,43;26,53;99,86;166,13;0,00;8,21
2024.0;5.0;2024-05-01;BRASPINE;AMATA;;;;;45,64;19,26;80,83;6,37;39,86;30,24;99,97;153,30;0,00;6,75
2024.0;5.0;2024-05-01;BRASPINE;ANTA BRAVA;;;;;44,49;21,19;69,27;8,77;29,49;30,73;98,60;82,10;0,00;16,23
2024.0;5.0;2024-05-01;BRASPINE;ARAPONGAS;PR;SENGES;423,34;263,70;48,33;17,97;79,49;6,09;39,63;27,77;100,00;186,91;0,00;0,40
2024.0;5.0;2024-05-01;BRASPINE;ARROIO CLARO;PR;DOUTOR ULYSSES;275,14;92,00;49,67;18,09;80,29;5,76;39,36;28,34;100,00;187,44;0,00;8,42
2024.0;5.0;2024-05-01;BRASPINE;BARRA GRANDE;PR;DOUTOR ULYSSES;493,79;139,68;51,43;18,45;80,31;5,95;40,38;28,77;100,00;176,13;0,00;0,19
2024.0;5.0;2024-05-01;BRASPINE;BARRA GRANDE - BEMAIS;PR;GUARAPUAVA;299,16;108,61;119,83;17,06;79,69;4,66;42,74;26,04;99,96;182,04;4,66;13,31
2024.0;5.0;2024-05-01;BRASPINE;BARRETOS;PR;JAGUARIAIVA;43,35;32,98;50,33;18,06;78,00;5,52;38,90;27,36;99,98;169,14;0,00;13,20
2024.0;5.0;2024-05-01;BRASPINE;BAU;;;;;78,75;17,04;79,33;4,88;47,44;25,64;99,87;152,42;4,88;6,21
2024.0;5.0;2024-05-01;BRASPINE;BOA VISTA II;PR;PIRAI DO SUL;944,00;535,05;47,19;18,02;77,19;4,66;40,58;26,90;99,96;166,05;4,66;14,16
2024.0;5.0;2024-05-01;BRASPINE;BRASILEIRA;;;;;49,27;17,97;79,49;6,09;39,63;27,77;100,00;186,91;0,00;0,40
2024.0;5.0;2024-05-01;BRASPINE;BURACAO;;;;;45,36;17,96;78,43;5,85;41,54;27,65;99,85;196,87;0,00;3,39
2024.0;5.0;2024-05-01;BRASPINE;BURRINHO;PR;DOUTOR ULYSSES;211,01;100,37;49,57;18,09;80,29;5,76;39,36;28,34;100,00;187,44;0,00;8,42
2024.0;5.0;2024-05-01;BRASPINE;CADEADO I;PR;JAGUARIAIVA;21,07;12,29;47,62;17,83;78,59;6,24;38,62;27,26;100,00;198,18;0,00;0,41
2024.0;5.0;2024-05-01;BRASPINE;CADEADO II;PR;JAGUARIAIVA;21,88;16,79;47,62;17,83;78,59;6,24;38,62;27,26;100,00;198,18;0,00;0,41
2024.0;5.0;2024-05-01;BRASPINE;CAMPINA ALTA;PR;TIBAGI;29,77;18,24;57,98;18,61;78,01;4,31;41,49;27,95;99,87;113,05;4,31;0,89
2024.0;5.0;2024-05-01;BRASPINE;CAMPINA DO ELIAS;PR;JAGUARIAIVA;29,17;14,65;48,24;17,98;78,21;5,78;38,80;27,31;99,99;184,04;0,00;2,92
2024.0;5.0;2024-05-01;BRASPINE;CAMPO NOVO;PR;JAGUARIAIVA;295,98;156,36;50,62;17,83;78,59;6,24;38,62;27,26;100,00;198,18;0,00;0,41
2024.0;5.0;2024-05-01;BRASPINE;CONSULTORIA II A;PR;DOUTOR ULYSSES;89,62;60,79;49,14;17,97;79,49;6,09;39,63;27,77;100,00;186,91;0,00;0,40
2024.0;5.0;2024-05-01;BRASPINE;DINIZ;;;;;49,54;17,97;79,49;6,09;39,63;27,77;100,00;186,91;0,00;0,40
2024.0;5.0;2024-05-01;BRASPINE;ENES;PR;JAGUARIAIVA;5,93;5,69;50,96;17,83;78,59;6,24;38,62;27,26;100,00;198,18;0,00;0,41
2024.0;5.0;2024-05-01;BRASPINE;ENGENHARIA;;;;;49,54;17,97;79,49;6,09;39,63;27,77;100,00;186,91;0,00;0,40
2024.0;5.0;2024-05-01;BRASPINE;ESTACAO;PR;SENGES;4,76;4,14;47,66;17,83;78,59;6,24;38,62;27,26;100,00;198,18;0,00;0,41
2024.0;5.0;2024-05-01;BRASPINE;FAXINAL;PR;JAGUARIAIVA;20,65;20,65;50,96;17,83;78,59;6,24;38,62;27,26;100,00;198,18;0,00;0,41
2024.0;5.0;2024-05-01;BRASPINE;FEITAL;PR;DOUTOR ULYSSES;154,17;86,53;49,26;18,13;79,76;6,04;39,88;28,10;100,00;188,43;0,00;0,11
2024.0;5.0;2024-05-01;BRASPINE;FIGUEIRA;PR;DOUTOR ULYSSES;1053,81;315,71;49,10;18,09;80,29;5,76;39,36;28,34;100,00;187,44;0,00;8,42
2024.0;5.0;2024-05-01;BRASPINE;FIGUEIRINHA;PR;DOUTOR ULYSSES;94,37;56,74;48,59;18,09;80,29;5,76;39,36;28,34;100,00;187,44;0,00;8,42
2024.0;5.0;2024-05-01;BRASPINE;FLOEMA;PR;DOUTOR ULYSSES;2189,88;701,43;49,94;17,63;79,26;5,47;38,68;27,42;100,00;181,57;0,00;16,15
2024.0;5.0;2024-05-01;BRASPINE;FLOEMA I - SUDATI;;;;;47,14;17,97;79,49;6,09;39,63;27,77;100,00;186,91;0,00;0,40
2024.0;5.0;2024-05-01;BRASPINE;FLOEMA II - SUDATI;PR;DOUTOR ULYSSES;453,83;211,13;47,62;17,97;79,49;6,09;39,63;27,77;100,00;186,91;0,00;0,40
2024.0;5.0;2024-05-01;BRASPINE;FLOR DA SERRA;PR;SAO JOSE DA BOA VISTA;209,10;128,72;31,66;19,95;72,49;5,57;35,09;29,53;99,14;94,70;0,00;2,29
2024.0;5.0;2024-05-01;BRASPINE;GENTIL;PR;JAGUARIAIVA;126,77;53,33;46,43;17,62;77,68;4,60;41,73;26,37;99,59;179,56;4,60;13,71
2024.0;5.0;2024-05-01;BRASPINE;GUAIRACA;PR;GUARAPUAVA;623,62;169,31;137,15;17,19;79,38;4,19;41,32;26,41;99,98;195,80;8,77;18,56
2024.0;5.0;2024-05-01;BRASPINE;HERVAL 2 - MADALOSSO;;;;;45,66;17,96;78,43;5,85;41,54;27,65;99,85;196,87;0,00;3,39
2024.0;5.0;2024-05-01;BRASPINE;HERVAL DE BAIXO;PR;RESERVA;827,29;475,92;65,48;18,46;78,66;4,50;40,84;28,00;99,81;138,62;9,35;6,84
2024.0;5.0;2024-05-01;BRASPINE;HORTO 01;PR;TURVO;19,12;19,12;61,70;17,76;79,20;4,66;45,75;27,19;99,61;169,67;14,33;7,83
2024.0;5.0;2024-05-01;BRASPINE;HORTO 02;PR;TURVO;4,24;4,24;62,54;17,76;79,20;4,66;45,75;27,19;99,61;169,67;14,33;7,83
2024.0;5.0;2024-05-01;BRASPINE;HORTO 03;PR;PRUDENTOPOLIS;80,91;25,89;59,99;18,26;78,42;4,83;42,38;28,03;99,85;144,63;9,67;0,15
2024.0;5.0;2024-05-01;BRASPINE;HORTO 08;PR;TURVO;9,53;9,53;61,63;18,26;78,42;4,83;42,38;28,03;99,85;144,63;9,67;0,15
2024.0;5.0;2024-05-01;BRASPINE;HORTO 12;PR;PRUDENTOPOLIS;12,20;12,20;60,60;18,26;78,42;4,83;42,38;28,03;99,85;144,63;9,67;0,15
2024.0;5.0;2024-05-01;BRASPINE;IZAU;PR;PIRAI DO SUL;19,37;11,60;46,30;17,85;77,60;5,24;40,50;26,78;99,58;151,57;0,00;17,51
2024.0;5.0;2024-05-01;BRASPINE;JOAO RICO;PR;JAGUARIAIVA;47,46;26,18;47,56;17,79;77,45;5,01;41,43;26,53;99,86;166,13;0,00;8,21
2024.0;5.0;2024-05-01;BRASPINE;LAGOA;PR;JAGUARIAIVA;24,10;10,78;47,01;17,83;78,59;6,24;38,62;27,26;100,00;198,18;0,00;0,41
2024.0;5.0;2024-05-01;BRASPINE;MARACANA;PR;JANDAIA DO SUL;11,45;11,45;60,75;20,61;69,20;6,18;30,39;30,72;99,94;85,97;0,00;5,95
2024.0;5.0;2024-05-01;BRASPINE;MARRECA;;;;;48,32;18,09;80,29;5,76;39,36;28,34;100,00;187,44;0,00;8,42
2024.0;5.0;2024-05-01;BRASPINE;MARRECA SP;SP;ITAPIRAPUA PAULISTA;675,30;236,19;48,26;18,73;81,23;5,54;40,29;29,52;100,00;163,36;0,00;5,07
2024.0;5.0;2024-05-01;BRASPINE;MARRECAS;;;;;133,01;16,60;80,01;4,05;43,11;25,35;99,99;187,98;8,63;23,24
2024.0;5.0;2024-05-01;BRASPINE;MERCADINHO;;;;;46,36;18,65;81,10;6,14;40,02;29,39;100,00;163,14;0,00;8,68
2024.0;5.0;2024-05-01;BRASPINE;MONTE ALEGRE;;;;;62,41;21,07;68,45;6,72;29,07;31,39;99,83;87,94;0,00;0,84
2024.0;5.0;2024-05-01;BRASPINE;MONTE TABOR II;;;;;44,29;17,81;82,79;5,56;42,18;28,22;100,00;217,70;0,00;12,97
2024.0;5.0;2024-05-01;BRASPINE;MOREIRA;PR;DOUTOR ULYSSES;230,52;68,68;47,62;17,97;79,49;6,09;39,63;27,77;100,00;186,91;0,00;0,40
2024.0;5.0;2024-05-01;BRASPINE;MOREIRAS II;PR;DOUTOR ULYSSES;66,76;28,75;49,36;17,97;79,49;6,09;39,63;27,77;100,00;186,91;0,00;0,40
2024.0;5.0;2024-05-01;BRASPINE;MORRETES;PR;ORTIGUEIRA;20,36;20,36;59,22;18,81;78,85;4,48;39,48;28,68;99,77;155,01;9,37;0,54
2024.0;5.0;2024-05-01;BRASPINE;MORRO AZUL;;;;;47,56;18,17;79,12;5,66;36,61;28,30;100,00;187,07;0,00;23,27
2024.0;5.0;2024-05-01;BRASPINE;OURO FINO;SP;APIAI;51,70;51,70;46,43;17,89;79,90;5,38;38,99;27,97;100,00;185,63;0,00;2,83
2024.0;5.0;2024-05-01;BRASPINE;PALMEIRINHA DE BAIXO - SOSSEGO;PR;SENGES;85,93;9,22;48,47;17,62;77,42;5,29;37,61;26,54;99,87;195,13;0,00;2,87
2024.0;5.0;2024-05-01;BRASPINE;PAZIN;PR;DOUTOR ULYSSES;41,20;23,90;49,38;18,09;80,29;5,76;39,36;28,34;100,00;187,44;0,00;8,42
2024.0;5.0;2024-05-01;BRASPINE;PEDRAS;PR;CASTRO;7,18;7,18;49,83;17,80;78,25;4,66;43,20;26,68;99,55;149,66;4,66;2,31
2024.0;5.0;2024-05-01;BRASPINE;PESCARIA;PR;SAO JOSE DA BOA VISTA;184,57;129,22;37,16;20,07;72,64;5,13;34,61;29,66;99,16;92,81;0,00;4,93
2024.0;5.0;2024-05-01;BRASPINE;PESSEGUEIRO;PR;DOUTOR ULYSSES;109,95;64,79;48,84;17,97;79,49;6,09;39,63;27,77;100,00;186,91;0,00;0,40
2024.0;5.0;2024-05-01;BRASPINE;PITANGA;;;;;74,85;17,71;78,38;5,16;46,89;26,62;99,79;131,33;0,00;2,49
2024.0;5.0;2024-05-01;BRASPINE;QUEIMADINHO ARROIO CLARO;PR;DOUTOR ULYSSES;48,13;19,09;49,27;17,97;79,49;6,09;39,63;27,77;100,00;186,91;0,00;0,40
2024.0;5.0;2024-05-01;BRASPINE;QUEIMADINHO M6042;PR;DOUTOR ULYSSES;48,38;18,50;49,27;17,97;79,49;6,09;39,63;27,77;100,00;186,91;0,00;0,40
2024.0;5.0;2024-05-01;BRASPINE;QUEIMADINHO USUCAPIAO;PR;DOUTOR ULYSSES;200,27;92,43;49,27;17,97;79,49;6,09;39,63;27,77;100,00;186,91;0,00;0,40
2024.0;5.0;2024-05-01;BRASPINE;RAMOS;PR;SENGES;69,83;38,15;47,14;17,83;78,59;6,24;38,62;27,26;100,00;198,18;0,00;0,41
2024.0;5.0;2024-05-01;BRASPINE;RIBEIRAO GRANDE;PR;JAGUARIAIVA;20,77;20,77;45,13;17,85;77,60;5,24;40,50;26,78;99,58;151,57;0,00;17,51
2024.0;5.0;2024-05-01;BRASPINE;RINCAO DE BAIXO;;;;;47,24;18,17;75,99;4,08;38,42;27,35;99,53;140,44;4,08;0,36
2024.0;5.0;2024-05-01;BRASPINE;RIO BOMBA;PR;CERRO AZUL;65,03;37,72;47,43;18,83;80,53;6,42;40,22;29,47;99,96;151,02;0,00;17,06
2024.0;5.0;2024-05-01;BRASPINE;RIO DO MEIO;PR;DOUTOR ULYSSES;712,33;389,13;49,33;17,97;79,49;6,09;39,63;27,77;100,00;186,91;0,00;0,40
2024.0;5.0;2024-05-01;BRASPINE;RONDON;PR;JAGUARIAIVA;2899,24;1475,88;49,80;17,62;78,06;4,83;40,06;26,48;99,90;194,42;4,83;2,07
2024.0;5.0;2024-05-01;BRASPINE;SANTA FELICIDADE;;;;;46,59;18,97;81,95;5,11;39,74;30,18;100,00;178,54;0,00;0,32
2024.0;5.0;2024-05-01;BRASPINE;SANTA LIDIA DO CERCADINHO;;;;;46,45;17,87;75,88;4,05;38,92;26,81;99,54;138,39;4,05;26,82
2024.0;5.0;2024-05-01;BRASPINE;SANTO ANTONIO;;;;;50,31;17,64;77,33;5,70;35,78;26,90;100,00;195,38;0,00;52,87
2024.0;5.0;2024-05-01;BRASPINE;SAO JOSE;PR;JANDAIA DO SUL;37,56;37,56;61,45;20,92;68,74;6,67;29,48;31,14;99,86;87,48;0,00;1,49
2024.0;5.0;2024-05-01;BRASPINE;SAO MATHEUS;;;;;40,83;22,00;67,39;7,06;28,49;32,79;99,70;89,92;0,00;15,77
2024.0;5.0;2024-05-01;BRASPINE;SAO PEDRO E SAO PAULO;PR;SAPOPEMA;709,13;323,93;63,74;19,08;73,26;6,02;34,15;28,30;99,50;149,32;0,00;22,03
2024.0;5.0;2024-05-01;BRASPINE;SAO RAFAEL;;;;;132,95;17,44;79,01;4,48;41,23;27,44;99,99;173,14;4,48;18,48
2024.0;5.0;2024-05-01;BRASPINE;SAO RAFAEL - PB;;;;;49,94;18,03;79,65;5,44;37,67;28,16;100,00;186,91;0,00;7,50
2024.0;5.0;2024-05-01;BRASPINE;SERRARIA;PR;DOUTOR ULYSSES;280,88;117,71;51,94;17,86;79,78;5,62;39,02;27,88;100,00;184,51;0,00;12,77
2024.0;5.0;2024-05-01;BRASPINE;SERRO VERDE;;;;;95,09;17,39;78,54;4,96;45,99;26,17;99,91;155,16;4,96;14,02
2024.0;5.0;2024-05-01;BRASPINE;SERTAOZINHO;PR;DOUTOR ULYSSES;16,25;16,25;50,40;17,97;79,49;6,09;39,63;27,77;100,00;186,91;0,00;0,40
2024.0;5.0;2024-05-01;BRASPINE;SITIO BASILIO;PR;JAGUARIAIVA;8,08;8,08;48,24;17,60;77,64;4,51;42,03;26,29;99,67;193,77;4,51;11,01
2024.0;5.0;2024-05-01;BRASPINE;SITIO DAS MARRECAS;PR;DOUTOR ULYSSES;77,49;35,17;49,37;18,55;80,96;5,61;40,23;29,18;100,00;161,83;0,00;1,90
2024.0;5.0;2024-05-01;BRASPINE;SOBRADINHO;SP;BOM SUCESSO DE ITARARE;285,80;123,10;48,05;17,64;77,72;5,39;35,43;27,13;100,00;181,04;0,00;38,10
2024.0;5.0;2024-05-01;BRASPINE;TAQUARAL;PR;JAGUARIAIVA;519,13;31,07;50,27;17,76;77,90;4,96;41,51;26,51;100,00;195,71;4,96;3,86
2024.0;5.0;2024-05-01;BRASPINE;TUCUNDUVA;PR;SENGES;82,21;60,89;49,70;18,22;75,61;4,37;38,81;27,06;99,68;183,76;4,37;18,09
2024.0;5.0;2024-05-01;BRASPINE;TUCUNDUVA - CHAMMA;;;;;47,66;18,40;75,21;4,69;37,36;27,22;99,72;186,46;4,69;10,70
2024.0;5.0;2024-05-01;BRASPINE;VIENA 1;PR;DOUTOR ULYSSES;263,98;178,34;46,76;17,65;78,54;5,50;40,54;26,95;100,00;180,97;0,00;11,11
2024.0;5.0;2024-05-01;BRASPINE;VIENA 2;PR;CERRO AZUL;140,23;96,54;47,46;18,83;80,53;6,42;40,22;29,47;99,96;151,02;0,00;17,06
2024.0;5.0;2024-05-01;BRASPINE;VITORIA;PR;SENGES;50,54;35,69;48,47;17,62;77,42;5,29;37,61;26,54;99,87;195,13;0,00;2,87
2024.0;5.0;2024-05-01;BRASPINE;VIVEIRO;PR;DOUTOR ULYSSES;405,39;261,22;49,36;17,97;79,49;6,09;39,63;27,77;100,00;186,91;0,00;0,40
2024.0;5.0;2024-05-01;BRASPINE;VO LINO;PR;DOUTOR ULYSSES;164,50;97,89;48,65;18,09;80,29;5,76;39,36;28,34;100,00;187,44;0,00;8,42
2024.0;5.0;2024-05-01;BRASPINE;XAXIM VELHO;;;;;134,67;16,72;80,26;4,12;42,36;25,74;100,00;186,36;8,87;31,68
2024.0;6.0;2024-06-01;BRASPINE;AGUA DOCE;PR;JAGUARIAIVA;238,97;121,99;13,82;16,84;69,88;7,00;38,90;23,91;98,74;305,60;0,00;3,70
2024.0;6.0;2024-06-01;BRASPINE;AMATA;;;;;28,40;17,90;77,32;7,45;39,31;27,55;99,39;302,76;0,00;14,20
2024.0;6.0;2024-06-01;BRASPINE;ANTA BRAVA;;;;;8,47;19,50;66,62;11,44;29,78;28,45;99,69;244,63;0,00;4,94
2024.0;6.0;2024-06-01;BRASPINE;ARAPONGAS;PR;SENGES;423,34;263,70;29,98;16,84;74,22;7,66;40,10;24,98;99,59;344,77;0,00;18,48
2024.0;6.0;2024-06-01;BRASPINE;ARROIO CLARO;PR;DOUTOR ULYSSES;275,14;92,00;20,18;16,92;75,61;7,44;39,14;25,58;99,41;340,97;0,00;5,03
2024.0;6.0;2024-06-01;BRASPINE;BARRA GRANDE;PR;DOUTOR ULYSSES;493,79;139,68;18,91;17,28;75,35;8,20;38,19;26,20;99,60;350,04;0,00;14,51
2024.0;6.0;2024-06-01;BRASPINE;BARRA GRANDE - BEMAIS;PR;GUARAPUAVA;299,16;108,61;39,65;16,05;74,17;3,50;40,23;23,31;99,95;335,47;3,50;6,00
2024.0;6.0;2024-06-01;BRASPINE;BARRETOS;PR;JAGUARIAIVA;43,35;32,98;16,84;17,07;71,59;6,89;38,72;24,47;99,48;283,20;0,00;19,71
2024.0;6.0;2024-06-01;BRASPINE;BAU;;;;;44,95;16,23;72,89;1,94;37,53;23,15;99,77;248,22;1,94;24,89
2024.0;6.0;2024-06-01;BRASPINE;BOA VISTA II;PR;PIRAI DO SUL;944,00;535,05;17,86;16,98;70,39;6,50;38,60;24,12;99,39;277,88;0,00;17,33
2024.0;6.0;2024-06-01;BRASPINE;BRASILEIRA;;;;;18,19;16,84;74,22;7,66;40,10;24,98;99,59;344,77;0,00;18,48
2024.0;6.0;2024-06-01;BRASPINE;BURACAO;;;;;30,02;16,67;73,61;3,78;39,32;24,65;99,10;284,96;3,78;18,80
2024.0;6.0;2024-06-01;BRASPINE;BURRINHO;PR;DOUTOR ULYSSES;211,01;100,37;20,26;16,92;75,61;7,44;39,14;25,58;99,41;340,97;0,00;5,03
2024.0;6.0;2024-06-01;BRASPINE;CADEADO I;PR;JAGUARIAIVA;21,07;12,29;28,73;16,76;73,03;7,13;40,42;24,34;99,65;315,77;0,00;22,20
2024.0;6.0;2024-06-01;BRASPINE;CADEADO II;PR;JAGUARIAIVA;21,88;16,79;28,73;16,76;73,03;7,13;40,42;24,34;99,65;315,77;0,00;22,20
2024.0;6.0;2024-06-01;BRASPINE;CAMPINA ALTA;PR;TIBAGI;29,77;18,24;19,08;17,35;72,35;6,52;34,74;25,77;98,53;301,22;0,00;2,81
2024.0;6.0;2024-06-01;BRASPINE;CAMPINA DO ELIAS;PR;JAGUARIAIVA;29,17;14,65;18,82;16,95;72,11;6,98;39,33;24,42;99,49;294,07;0,00;20,53
2024.0;6.0;2024-06-01;BRASPINE;CAMPO NOVO;PR;JAGUARIAIVA;295,98;156,36;27,76;16,76;73,03;7,13;40,42;24,34;99,65;315,77;0,00;22,20
2024.0;6.0;2024-06-01;BRASPINE;CONSULTORIA II A;PR;DOUTOR ULYSSES;89,62;60,79;18,52;16,84;74,22;7,66;40,10;24,98;99,59;344,77;0,00;18,48
2024.0;6.0;2024-06-01;BRASPINE;DINIZ;;;;;18,01;16,84;74,22;7,66;40,10;24,98;99,59;344,77;0,00;18,48
2024.0;6.0;2024-06-01;BRASPINE;ENES;PR;JAGUARIAIVA;5,93;5,69;27,42;16,76;73,03;7,13;40,42;24,34;99,65;315,77;0,00;22,20
2024.0;6.0;2024-06-01;BRASPINE;ENGENHARIA;;;;;18,01;16,84;74,22;7,66;40,10;24,98;99,59;344,77;0,00;18,48
2024.0;6.0;2024-06-01;BRASPINE;ESTACAO;PR;SENGES;4,76;4,14;26,37;16,76;73,03;7,13;40,42;24,34;99,65;315,77;0,00;22,20
2024.0;6.0;2024-06-01;BRASPINE;FAXINAL;PR;JAGUARIAIVA;20,65;20,65;27,42;16,76;73,03;7,13;40,42;24,34;99,65;315,77;0,00;22,20
2024.0;6.0;2024-06-01;BRASPINE;FEITAL;PR;DOUTOR ULYSSES;154,17;86,53;18,18;16,99;74,60;7,84;39,46;25,39;99,54;346,53;0,00;17,15
2024.0;6.0;2024-06-01;BRASPINE;FIGUEIRA;PR;DOUTOR ULYSSES;1053,81;315,71;18,90;16,92;75,61;7,44;39,14;25,58;99,41;340,97;0,00;5,03
2024.0;6.0;2024-06-01;BRASPINE;FIGUEIRINHA;PR;DOUTOR ULYSSES;94,37;56,74;21,86;16,92;75,61;7,44;39,14;25,58;99,41;340,97;0,00;5,03
2024.0;6.0;2024-06-01;BRASPINE;FLOEMA;PR;DOUTOR ULYSSES;2189,88;701,43;20,02;16,51;74,23;6,79;41,04;24,38;99,46;335,86;0,00;8,09
2024.0;6.0;2024-06-01;BRASPINE;FLOEMA I - SUDATI;;;;;29,46;16,84;74,22;7,66;40,10;24,98;99,59;344,77;0,00;18,48
2024.0;6.0;2024-06-01;BRASPINE;FLOEMA II - SUDATI;PR;DOUTOR ULYSSES;453,83;211,13;19,10;16,84;74,22;7,66;40,10;24,98;99,59;344,77;0,00;18,48
2024.0;6.0;2024-06-01;BRASPINE;FLOR DA SERRA;PR;SAO JOSE DA BOA VISTA;209,10;128,72;12,54;18,45;67,81;10,30;35,07;27,35;99,53;288,94;0,00;0,08
2024.0;6.0;2024-06-01;BRASPINE;GENTIL;PR;JAGUARIAIVA;126,77;53,33;13,57;16,58;70,50;6,57;36,65;23,80;98,32;343,19;0,00;0,91
2024.0;6.0;2024-06-01;BRASPINE;GUAIRACA;PR;GUARAPUAVA;623,62;169,31;44,59;16,23;73,80;3,12;40,13;23,64;99,97;295,44;3,12;21,48
2024.0;6.0;2024-06-01;BRASPINE;HERVAL 2 - MADALOSSO;;;;;26,13;16,67;73,61;3,78;39,32;24,65;99,10;284,96;3,78;18,80
2024.0;6.0;2024-06-01;BRASPINE;HERVAL DE BAIXO;PR;RESERVA;827,29;475,92;23,30;17,10;73,86;6,37;34,06;25,85;98,53;282,57;0,00;5,20
2024.0;6.0;2024-06-01;BRASPINE;HORTO 01;PR;TURVO;19,12;19,12;39,63;16,54;74,81;3,38;38,54;24,38;99,34;319,45;8,12;5,34
2024.0;6.0;2024-06-01;BRASPINE;HORTO 02;PR;TURVO;4,24;4,24;38,72;16,54;74,81;3,38;38,54;24,38;99,34;319,45;8,12;5,34
2024.0;6.0;2024-06-01;BRASPINE;HORTO 03;PR;PRUDENTOPOLIS;80,91;25,89;39,40;16,91;74,90;4,52;37,45;25,08;99,59;295,07;4,52;8,67
2024.0;6.0;2024-06-01;BRASPINE;HORTO 08;PR;TURVO;9,53;9,53;38,98;16,91;74,90;4,52;37,45;25,08;99,59;295,07;4,52;8,67
2024.0;6.0;2024-06-01;BRASPINE;HORTO 12;PR;PRUDENTOPOLIS;12,20;12,20;36,27;16,91;74,90;4,52;37,45;25,08;99,59;295,07;4,52;8,67
2024.0;6.0;2024-06-01;BRASPINE;IZAU;PR;PIRAI DO SUL;19,37;11,60;14,43;16,84;70,49;6,27;36,29;24,15;98,58;293,70;0,00;1,88
2024.0;6.0;2024-06-01;BRASPINE;JOAO RICO;PR;JAGUARIAIVA;47,46;26,18;13,84;16,84;69,88;7,00;38,90;23,91;98,74;305,60;0,00;3,70
2024.0;6.0;2024-06-01;BRASPINE;LAGOA;PR;JAGUARIAIVA;24,10;10,78;22,50;16,76;73,03;7,13;40,42;24,34;99,65;315,77;0,00;22,20
2024.0;6.0;2024-06-01;BRASPINE;MARACANA;PR;JANDAIA DO SUL;11,45;11,45;11,05;20,69;56,53;11,35;25,09;29,25;91,76;65,83;0,00;10,14
2024.0;6.0;2024-06-01;BRASPINE;MARRECA;;;;;21,39;16,92;75,61;7,44;39,14;25,58;99,41;340,97;0,00;5,03
2024.0;6.0;2024-06-01;BRASPINE;MARRECA SP;SP;ITAPIRAPUA PAULISTA;675,30;236,19;19,13;17,49;77,13;8,01;37,56;27,04;99,63;344,52;0,00;0,95
2024.0;6.0;2024-06-01;BRASPINE;MARRECAS;;;;;40,59;15,73;73,82;2,81;40,00;22,88;99,98;332,38;7,67;6,53
2024.0;6.0;2024-06-01;BRASPINE;MERCADINHO;;;;;23,24;17,34;77,40;7,44;38,64;26,77;99,17;333,59;0,00;10,69
2024.0;6.0;2024-06-01;BRASPINE;MONTE ALEGRE;;;;;10,57;21,15;56,28;11,50;24,60;29,68;90,80;67,35;0,00;4,71
2024.0;6.0;2024-06-01;BRASPINE;MONTE TABOR II;;;;;18,61;16,39;80,00;8,27;39,89;25,58;100,00;349,89;0,00;5,54
2024.0;6.0;2024-06-01;BRASPINE;MOREIRA;PR;DOUTOR ULYSSES;230,52;68,68;19,10;16,84;74,22;7,66;40,10;24,98;99,59;344,77;0,00;18,48
2024.0;6.0;2024-06-01;BRASPINE;MOREIRAS II;PR;DOUTOR ULYSSES;66,76;28,75;18,43;16,84;74,22;7,66;40,10;24,98;99,59;344,77;0,00;18,48
2024.0;6.0;2024-06-01;BRASPINE;MORRETES;PR;ORTIGUEIRA;20,36;20,36;16,85;17,43;74,23;6,54;32,50;26,75;97,71;297,57;0,00;2,27
2024.0;6.0;2024-06-01;BRASPINE;MORRO AZUL;;;;;17,90;17,13;73,81;8,02;37,72;25,49;99,70;306,39;0,00;23,09
2024.0;6.0;2024-06-01;BRASPINE;OURO FINO;SP;APIAI;51,70;51,70;16,84;16,75;75,61;7,44;37,92;25,42;100,00;339,59;0,00;3,57
2024.0;6.0;2024-06-01;BRASPINE;PALMEIRINHA DE BAIXO - SOSSEGO;PR;SENGES;85,93;9,22;17,14;16,68;70,49;7,89;37,11;23,69;99,21;344,68;0,00;19,90
2024.0;6.0;2024-06-01;BRASPINE;PAZIN;PR;DOUTOR ULYSSES;41,20;23,90;19,21;16,92;75,61;7,44;39,14;25,58;99,41;340,97;0,00;5,03
2024.0;6.0;2024-06-01;BRASPINE;PEDRAS;PR;CASTRO;7,18;7,18;16,04;16,66;71,74;5,16;37,54;23,93;98,93;298,07;0,00;8,20
2024.0;6.0;2024-06-01;BRASPINE;PESCARIA;PR;SAO JOSE DA BOA VISTA;184,57;129,22;12,60;18,67;67,51;10,25;35,08;27,36;100,00;276,94;0,00;19,38
2024.0;6.0;2024-06-01;BRASPINE;PESSEGUEIRO;PR;DOUTOR ULYSSES;109,95;64,79;18,52;16,84;74,22;7,66;40,10;24,98;99,59;344,77;0,00;18,48
2024.0;6.0;2024-06-01;BRASPINE;PITANGA;;;;;39,44;16,90;71,89;3,24;36,28;23,96;99,57;246,53;3,24;11,98
2024.0;6.0;2024-06-01;BRASPINE;QUEIMADINHO ARROIO CLARO;PR;DOUTOR ULYSSES;48,13;19,09;18,19;16,84;74,22;7,66;40,10;24,98;99,59;344,77;0,00;18,48
2024.0;6.0;2024-06-01;BRASPINE;QUEIMADINHO M6042;PR;DOUTOR ULYSSES;48,38;18,50;18,19;16,84;74,22;7,66;40,10;24,98;99,59;344,77;0,00;18,48
2024.0;6.0;2024-06-01;BRASPINE;QUEIMADINHO USUCAPIAO;PR;DOUTOR ULYSSES;200,27;92,43;18,19;16,84;74,22;7,66;40,10;24,98;99,59;344,77;0,00;18,48
2024.0;6.0;2024-06-01;BRASPINE;RAMOS;PR;SENGES;69,83;38,15;29,46;16,76;73,03;7,13;40,42;24,34;99,65;315,77;0,00;22,20
2024.0;6.0;2024-06-01;BRASPINE;RIBEIRAO GRANDE;PR;JAGUARIAIVA;20,77;20,77;17,94;16,84;70,49;6,27;36,29;24,15;98,58;293,70;0,00;1,88
2024.0;6.0;2024-06-01;BRASPINE;RINCAO DE BAIXO;;;;;13,85;16,89;69,38;6,34;31,09;24,74;95,97;305,87;0,00;15,24
2024.0;6.0;2024-06-01;BRASPINE;RIO BOMBA;PR;CERRO AZUL;65,03;37,72;34,70;17,41;77,13;6,68;40,20;26,72;98,63;334,31;0,00;17,96
2024.0;6.0;2024-06-01;BRASPINE;RIO DO MEIO;PR;DOUTOR ULYSSES;712,33;389,13;18,36;16,84;74,22;7,66;40,10;24,98;99,59;344,77;0,00;18,48
2024.0;6.0;2024-06-01;BRASPINE;RONDON;PR;JAGUARIAIVA;2899,24;1475,88;15,86;16,67;71,17;7,57;39,57;23,68;99,34;329,76;0,00;0,43
2024.0;6.0;2024-06-01;BRASPINE;SANTA FELICIDADE;;;;;19,04;17,64;78,42;8,51;36,32;27,84;99,98;337,74;0,00;29,48
2024.0;6.0;2024-06-01;BRASPINE;SANTA LIDIA DO CERCADINHO;;;;;13,40;16,61;69,15;6,14;31,16;24,21;95,84;318,29;0,00;13,52
2024.0;6.0;2024-06-01;BRASPINE;SANTO ANTONIO;;;;;17,68;16,71;70,69;7,89;35,85;23,93;99,01;314,57;0,00;18,79
2024.0;6.0;2024-06-01;BRASPINE;SAO JOSE;PR;JANDAIA DO SUL;37,56;37,56;10,56;20,97;56,55;11,44;24,87;29,50;91,13;66,91;0,00;5,53
2024.0;6.0;2024-06-01;BRASPINE;SAO MATHEUS;;;;;12,65;22,12;56,06;11,64;24,03;30,81;92,87;67,90;0,00;1,44
2024.0;6.0;2024-06-01;BRASPINE;SAO PEDRO E SAO PAULO;PR;SAPOPEMA;709,13;323,93;11,31;17,85;66,93;9,02;32,07;26,53;96,14;339,17;0,00;1,94
2024.0;6.0;2024-06-01;BRASPINE;SAO RAFAEL;;;;;54,12;16,11;75,14;1,38;37,88;24,66;99,71;287,73;1,38;8,46
2024.0;6.0;2024-06-01;BRASPINE;SAO RAFAEL - PB;;;;;17,57;16,93;75,06;7,72;37,45;25,59;99,92;345,98;0,00;2,51
2024.0;6.0;2024-06-01;BRASPINE;SERRARIA;PR;DOUTOR ULYSSES;280,88;117,71;19,89;16,71;74,92;7,12;40,09;24,98;99,44;338,42;0,00;6,61
2024.0;6.0;2024-06-01;BRASPINE;SERRO VERDE;;;;;45,62;16,75;71,54;1,21;37,25;23,70;99,88;219,58;1,21;31,80
2024.0;6.0;2024-06-01;BRASPINE;SERTAOZINHO;PR;DOUTOR ULYSSES;16,25;16,25;18,43;16,84;74,22;7,66;40,10;24,98;99,59;344,77;0,00;18,48
2024.0;6.0;2024-06-01;BRASPINE;SITIO BASILIO;PR;JAGUARIAIVA;8,08;8,08;13,79;16,57;70,33;6,78;37,37;23,72;98,41;341,72;0,00;6,33
2024.0;6.0;2024-06-01;BRASPINE;SITIO DAS MARRECAS;PR;DOUTOR ULYSSES;77,49;35,17;20,83;17,33;76,69;7,85;38,01;26,62;99,55;343,50;0,00;2,16
2024.0;6.0;2024-06-01;BRASPINE;SOBRADINHO;SP;BOM SUCESSO DE ITARARE;285,80;123,10;18,00;16,69;71,81;7,80;35,82;24,21;99,60;299,84;0,00;10,26
2024.0;6.0;2024-06-01;BRASPINE;TAQUARAL;PR;JAGUARIAIVA;519,13;31,07;15,39;16,86;70,46;7,20;39,55;23,80;99,16;275,28;0,00;17,60
2024.0;6.0;2024-06-01;BRASPINE;TUCUNDUVA;PR;SENGES;82,21;60,89;14,25;16,97;69,53;7,59;37,90;24,50;99,79;340,78;0,00;0,29
2024.0;6.0;2024-06-01;BRASPINE;TUCUNDUVA - CHAMMA;;;;;14,83;17,18;69,27;8,51;36,67;24,64;99,78;331,50;0,00;8,10
2024.0;6.0;2024-06-01;BRASPINE;VIENA 1;PR;DOUTOR ULYSSES;263,98;178,34;27,75;16,54;72,96;6,36;41,85;23,95;99,37;309,20;0,00;7,73
2024.0;6.0;2024-06-01;BRASPINE;VIENA 2;PR;CERRO AZUL;140,23;96,54;35,01;17,41;77,13;6,68;40,20;26,72;98,63;334,31;0,00;17,96
2024.0;6.0;2024-06-01;BRASPINE;VITORIA;PR;SENGES;50,54;35,69;17,14;16,68;70,49;7,89;37,11;23,69;99,21;344,68;0,00;19,90
2024.0;6.0;2024-06-01;BRASPINE;VIVEIRO;PR;DOUTOR ULYSSES;405,39;261,22;18,43;16,84;74,22;7,66;40,10;24,98;99,59;344,77;0,00;18,48
2024.0;6.0;2024-06-01;BRASPINE;VO LINO;PR;DOUTOR ULYSSES;164,50;97,89;21,00;16,92;75,61;7,44;39,14;25,58;99,41;340,97;0,00;5,03
2024.0;6.0;2024-06-01;BRASPINE;XAXIM VELHO;;;;;44,25;15,77;74,92;1,81;40,53;23,24;100,00;307,87;1,81;3,52
2024.0;7.0;2024-07-01;BRASPINE;AGUA DOCE;PR;JAGUARIAIVA;238,97;121,99;58,41;14,65;77,96;5,98;34,32;23,81;99,85;302,49;0,00;9,64
2024.0;7.0;2024-07-01;BRASPINE;AMATA;;;;;64,00;15,36;84,92;5,74;31,77;26,94;100,00;333,60;0,00;5,64
2024.0;7.0;2024-07-01;BRASPINE;ANTA BRAVA;;;;;59,83;17,59;73,76;8,95;30,03;28,38;99,94;356,72;0,00;4,80
2024.0;7.0;2024-07-01;BRASPINE;ARAPONGAS;PR;SENGES;423,34;263,70;49,43;14,47;83,16;6,30;31,04;24,51;100,00;319,97;0,00;6,67
2024.0;7.0;2024-07-01;BRASPINE;ARROIO CLARO;PR;DOUTOR ULYSSES;275,14;92,00;68,08;14,49;84,85;6,31;30,10;24,91;100,00;318,78;0,00;0,20
2024.0;7.0;2024-07-01;BRASPINE;BARRA GRANDE;PR;DOUTOR ULYSSES;493,79;139,68;64,49;14,84;83,89;6,46;30,08;25,48;100,00;327,07;0,00;1,30
2024.0;7.0;2024-07-01;BRASPINE;BARRA GRANDE - BEMAIS;PR;GUARAPUAVA;299,16;108,61;97,48;13,62;82,08;3,89;42,36;22,29;99,98;293,24;3,89;19,86
2024.0;7.0;2024-07-01;BRASPINE;BARRETOS;PR;JAGUARIAIVA;43,35;32,98;62,52;14,65;80,58;6,58;32,26;24,37;100,00;331,79;0,00;13,52
2024.0;7.0;2024-07-01;BRASPINE;BAU;;;;;106,56;13,73;80,17;4,10;41,16;22,35;99,92;305,41;4,10;3,18
2024.0;7.0;2024-07-01;BRASPINE;BOA VISTA II;PR;PIRAI DO SUL;944,00;535,05;61,97;14,63;79,02;6,77;33,83;24,18;99,97;299,55;0,00;15,06
2024.0;7.0;2024-07-01;BRASPINE;BRASILEIRA;;;;;62,51;14,47;83,16;6,30;31,04;24,51;100,00;319,97;0,00;6,67
2024.0;7.0;2024-07-01;BRASPINE;BURACAO;;;;;66,47;14,29;82,03;4,42;34,07;24,43;100,00;316,29;9,40;1,71
2024.0;7.0;2024-07-01;BRASPINE;BURRINHO;PR;DOUTOR ULYSSES;211,01;100,37;68,35;14,49;84,85;6,31;30,10;24,91;100,00;318,78;0,00;0,20
2024.0;7.0;2024-07-01;BRASPINE;CADEADO I;PR;JAGUARIAIVA;21,07;12,29;52,04;14,37;82,18;6,31;31,85;24,17;100,00;318,93;0,00;11,54
2024.0;7.0;2024-07-01;BRASPINE;CADEADO II;PR;JAGUARIAIVA;21,88;16,79;52,04;14,37;82,18;6,31;31,85;24,17;100,00;318,93;0,00;11,54
2024.0;7.0;2024-07-01;BRASPINE;CAMPINA ALTA;PR;TIBAGI;29,77;18,24;74,21;15,16;80,56;4,22;32,81;24,98;99,94;307,38;9,20;4,85
2024.0;7.0;2024-07-01;BRASPINE;CAMPINA DO ELIAS;PR;JAGUARIAIVA;29,17;14,65;64,24;14,55;81,16;6,48;32,11;24,30;100,00;327,13;0,00;11,41
2024.0;7.0;2024-07-01;BRASPINE;CAMPO NOVO;PR;JAGUARIAIVA;295,98;156,36;49,99;14,37;82,18;6,31;31,85;24,17;100,00;318,93;0,00;11,54
2024.0;7.0;2024-07-01;BRASPINE;CONSULTORIA II A;PR;DOUTOR ULYSSES;89,62;60,79;63,39;14,47;83,16;6,30;31,04;24,51;100,00;319,97;0,00;6,67
2024.0;7.0;2024-07-01;BRASPINE;DINIZ;;;;;60,55;14,47;83,16;6,30;31,04;24,51;100,00;319,97;0,00;6,67
2024.0;7.0;2024-07-01;BRASPINE;ENES;PR;JAGUARIAIVA;5,93;5,69;50,14;14,37;82,18;6,31;31,85;24,17;100,00;318,93;0,00;11,54
2024.0;7.0;2024-07-01;BRASPINE;ENGENHARIA;;;;;60,55;14,47;83,16;6,30;31,04;24,51;100,00;319,97;0,00;6,67
2024.0;7.0;2024-07-01;BRASPINE;ESTACAO;PR;SENGES;4,76;4,14;58,10;14,37;82,18;6,31;31,85;24,17;100,00;318,93;0,00;11,54
2024.0;7.0;2024-07-01;BRASPINE;FAXINAL;PR;JAGUARIAIVA;20,65;20,65;50,14;14,37;82,18;6,31;31,85;24,17;100,00;318,93;0,00;11,54
2024.0;7.0;2024-07-01;BRASPINE;FEITAL;PR;DOUTOR ULYSSES;154,17;86,53;63,69;14,59;83,40;6,35;30,72;24,82;100,00;322,32;0,00;0,98
2024.0;7.0;2024-07-01;BRASPINE;FIGUEIRA;PR;DOUTOR ULYSSES;1053,81;315,71;68,45;14,49;84,85;6,31;30,10;24,91;100,00;318,78;0,00;0,20
2024.0;7.0;2024-07-01;BRASPINE;FIGUEIRINHA;PR;DOUTOR ULYSSES;94,37;56,74;73,35;14,49;84,85;6,31;30,10;24,91;100,00;318,78;0,00;0,20
2024.0;7.0;2024-07-01;BRASPINE;FLOEMA;PR;DOUTOR ULYSSES;2189,88;701,43;69,04;14,14;83,82;5,75;31,27;24,10;100,00;311,92;0,00;4,29
2024.0;7.0;2024-07-01;BRASPINE;FLOEMA I - SUDATI;;;;;53,89;14,47;83,16;6,30;31,04;24,51;100,00;319,97;0,00;6,67
2024.0;7.0;2024-07-01;BRASPINE;FLOEMA II - SUDATI;PR;DOUTOR ULYSSES;453,83;211,13;68,00;14,47;83,16;6,30;31,04;24,51;100,00;319,97;0,00;6,67
2024.0;7.0;2024-07-01;BRASPINE;FLOR DA SERRA;PR;SAO JOSE DA BOA VISTA;209,10;128,72;33,99;16,24;75,24;7,07;30,56;26,32;100,00;340,62;0,00;36,81
2024.0;7.0;2024-07-01;BRASPINE;GENTIL;PR;JAGUARIAIVA;126,77;53,33;63,41;14,54;77,73;6,29;34,03;23,59;99,95;314,79;0,00;10,58
2024.0;7.0;2024-07-01;BRASPINE;GUAIRACA;PR;GUARAPUAVA;623,62;169,31;83,44;13,61;82,40;3,60;41,92;22,48;100,00;292,45;3,60;22,87
2024.0;7.0;2024-07-01;BRASPINE;HERVAL 2 - MADALOSSO;;;;;64,98;14,29;82,03;4,42;34,07;24,43;100,00;316,29;9,40;1,71
2024.0;7.0;2024-07-01;BRASPINE;HERVAL DE BAIXO;PR;RESERVA;827,29;475,92;78,03;15,04;81,47;4,06;31,97;24,95;99,94;314,24;4,06;3,54
2024.0;7.0;2024-07-01;BRASPINE;HORTO 01;PR;TURVO;19,12;19,12;97,88;14,40;81,05;3,79;37,87;23,85;99,60;282,13;3,79;20,06
2024.0;7.0;2024-07-01;BRASPINE;HORTO 02;PR;TURVO;4,24;4,24;99,21;14,40;81,05;3,79;37,87;23,85;99,60;282,13;3,79;20,06
2024.0;7.0;2024-07-01;BRASPINE;HORTO 03;PR;PRUDENTOPOLIS;80,91;25,89;94,85;14,69;81,80;3,64;36,23;24,48;99,84;286,12;3,64;15,03
2024.0;7.0;2024-07-01;BRASPINE;HORTO 08;PR;TURVO;9,53;9,53;103,28;14,69;81,80;3,64;36,23;24,48;99,84;286,12;3,64;15,03
2024.0;7.0;2024-07-01;BRASPINE;HORTO 12;PR;PRUDENTOPOLIS;12,20;12,20;95,33;14,69;81,80;3,64;36,23;24,48;99,84;286,12;3,64;15,03
2024.0;7.0;2024-07-01;BRASPINE;IZAU;PR;PIRAI DO SUL;19,37;11,60;58,94;14,63;78,30;6,90;32,71;23,96;99,95;304,40;0,00;19,50
2024.0;7.0;2024-07-01;BRASPINE;JOAO RICO;PR;JAGUARIAIVA;47,46;26,18;61,31;14,65;77,96;5,98;34,32;23,81;99,85;302,49;0,00;9,64
2024.0;7.0;2024-07-01;BRASPINE;LAGOA;PR;JAGUARIAIVA;24,10;10,78;59,09;14,37;82,18;6,31;31,85;24,17;100,00;318,93;0,00;11,54
2024.0;7.0;2024-07-01;BRASPINE;MARACANA;PR;JANDAIA DO SUL;11,45;11,45;42,34;18,15;67,83;10,39;22,47;28,71;99,99;304,53;0,00;4,02
2024.0;7.0;2024-07-01;BRASPINE;MARRECA;;;;;72,13;14,49;84,85;6,31;30,10;24,91;100,00;318,78;0,00;0,20
2024.0;7.0;2024-07-01;BRASPINE;MARRECA SP;SP;ITAPIRAPUA PAULISTA;675,30;236,19;73,61;14,91;85,76;6,24;29,56;26,37;100,00;324,88;0,00;8,66
2024.0;7.0;2024-07-01;BRASPINE;MARRECAS;;;;;89,47;13,21;81,93;3,50;43,16;21,74;100,00;284,33;3,50;1,92
2024.0;7.0;2024-07-01;BRASPINE;MERCADINHO;;;;;71,92;14,91;85,36;5,94;30,34;26,12;100,00;321,36;0,00;1,66
2024.0;7.0;2024-07-01;BRASPINE;MONTE ALEGRE;;;;;51,85;18,49;68,02;10,18;21,52;29,35;99,97;307,00;0,00;0,09
2024.0;7.0;2024-07-01;BRASPINE;MONTE TABOR II;;;;;64,79;14,27;86,98;5,20;38,87;24,54;100,00;314,14;0,00;0,61
2024.0;7.0;2024-07-01;BRASPINE;MOREIRA;PR;DOUTOR ULYSSES;230,52;68,68;68,00;14,47;83,16;6,30;31,04;24,51;100,00;319,97;0,00;6,67
2024.0;7.0;2024-07-01;BRASPINE;MOREIRAS II;PR;DOUTOR ULYSSES;66,76;28,75;62,71;14,47;83,16;6,30;31,04;24,51;100,00;319,97;0,00;6,67
2024.0;7.0;2024-07-01;BRASPINE;MORRETES;PR;ORTIGUEIRA;20,36;20,36;70,50;15,47;81,10;4,53;30,22;25,81;99,83;322,95;4,53;1,69
2024.0;7.0;2024-07-01;BRASPINE;MORRO AZUL;;;;;53,17;14,70;82,44;6,23;29,20;25,17;100,00;324,66;0,00;9,94
2024.0;7.0;2024-07-01;BRASPINE;OURO FINO;SP;APIAI;51,70;51,70;62,04;14,33;84,35;5,44;30,95;24,85;100,00;315,49;0,00;1,92
2024.0;7.0;2024-07-01;BRASPINE;PALMEIRINHA DE BAIXO - SOSSEGO;PR;SENGES;85,93;9,22;49,59;14,41;79,22;6,12;32,70;23,74;99,85;316,25;0,00;0,29
2024.0;7.0;2024-07-01;BRASPINE;PAZIN;PR;DOUTOR ULYSSES;41,20;23,90;67,33;14,49;84,85;6,31;30,10;24,91;100,00;318,78;0,00;0,20
2024.0;7.0;2024-07-01;BRASPINE;PEDRAS;PR;CASTRO;7,18;7,18;59,19;14,39;79,92;6,34;35,70;23,97;99,98;320,29;0,00;4,41
2024.0;7.0;2024-07-01;BRASPINE;PESCARIA;PR;SAO JOSE DA BOA VISTA;184,57;129,22;41,18;16,42;74,64;6,87;30,62;26,40;99,98;329,29;0,00;40,00
2024.0;7.0;2024-07-01;BRASPINE;PESSEGUEIRO;PR;DOUTOR ULYSSES;109,95;64,79;69,70;14,47;83,16;6,30;31,04;24,51;100,00;319,97;0,00;6,67
2024.0;7.0;2024-07-01;BRASPINE;PITANGA;;;;;83,19;14,61;78,61;5,11;37,56;23,76;99,80;327,01;0,00;83,01
2024.0;7.0;2024-07-01;BRASPINE;QUEIMADINHO ARROIO CLARO;PR;DOUTOR ULYSSES;48,13;19,09;62,51;14,47;83,16;6,30;31,04;24,51;100,00;319,97;0,00;6,67
2024.0;7.0;2024-07-01;BRASPINE;QUEIMADINHO M6042;PR;DOUTOR ULYSSES;48,38;18,50;62,51;14,47;83,16;6,30;31,04;24,51;100,00;319,97;0,00;6,67
2024.0;7.0;2024-07-01;BRASPINE;QUEIMADINHO USUCAPIAO;PR;DOUTOR ULYSSES;200,27;92,43;62,51;14,47;83,16;6,30;31,04;24,51;100,00;319,97;0,00;6,67
2024.0;7.0;2024-07-01;BRASPINE;RAMOS;PR;SENGES;69,83;38,15;53,89;14,37;82,18;6,31;31,85;24,17;100,00;318,93;0,00;11,54
2024.0;7.0;2024-07-01;BRASPINE;RIBEIRAO GRANDE;PR;JAGUARIAIVA;20,77;20,77;54,02;14,63;78,30;6,90;32,71;23,96;99,95;304,40;0,00;19,50
2024.0;7.0;2024-07-01;BRASPINE;RINCAO DE BAIXO;;;;;53,73;14,82;76,79;5,16;31,92;24,26;99,83;318,83;0,00;2,87
2024.0;7.0;2024-07-01;BRASPINE;RIO BOMBA;PR;CERRO AZUL;65,03;37,72;54,79;15,06;84,61;5,29;31,95;26,10;99,98;325,76;0,00;8,65
2024.0;7.0;2024-07-01;BRASPINE;RIO DO MEIO;PR;DOUTOR ULYSSES;712,33;389,13;62,65;14,47;83,16;6,30;31,04;24,51;100,00;319,97;0,00;6,67
2024.0;7.0;2024-07-01;BRASPINE;RONDON;PR;JAGUARIAIVA;2899,24;1475,88;54,35;14,38;79,78;5,91;34,08;23,66;99,89;317,66;0,00;0,58
2024.0;7.0;2024-07-01;BRASPINE;SANTA FELICIDADE;;;;;69,38;15,02;86,49;5,94;29,06;27,13;100,00;319,12;0,00;3,28
2024.0;7.0;2024-07-01;BRASPINE;SANTA LIDIA DO CERCADINHO;;;;;48,67;14,56;76,65;5,01;32,07;23,80;99,89;313,10;0,00;2,28
2024.0;7.0;2024-07-01;BRASPINE;SANTO ANTONIO;;;;;52,80;14,38;79,69;6,09;31,05;24,08;100,00;313,24;0,00;1,21
2024.0;7.0;2024-07-01;BRASPINE;SAO JOSE;PR;JANDAIA DO SUL;37,56;37,56;50,69;18,36;68,18;10,09;21,80;29,12;99,99;305,47;0,00;0,48
2024.0;7.0;2024-07-01;BRASPINE;SAO MATHEUS;;;;;41,21;19,19;68,35;9,99;20,99;30,93;100,00;277,99;0,00;0,16
2024.0;7.0;2024-07-01;BRASPINE;SAO PEDRO E SAO PAULO;PR;SAPOPEMA;709,13;323,93;47,78;16,02;73,54;7,88;27,23;25,87;99,61;323,30;0,00;1,65
2024.0;7.0;2024-07-01;BRASPINE;SAO RAFAEL;;;;;121,00;13,41;82,59;1,59;38,09;23,49;99,99;290,48;1,59;0,92
2024.0;7.0;2024-07-01;BRASPINE;SAO RAFAEL - PB;;;;;60,26;14,48;83,90;6,09;29,82;25,04;100,00;319,77;0,00;3,80
2024.0;7.0;2024-07-01;BRASPINE;SERRARIA;PR;DOUTOR ULYSSES;280,88;117,71;66,12;14,31;84,34;6,03;30,69;24,50;100,00;315,31;0,00;3,23
2024.0;7.0;2024-07-01;BRASPINE;SERRO VERDE;;;;;110,14;14,20;78,92;5,31;39,30;22,96;99,94;311,66;0,00;0,40
2024.0;7.0;2024-07-01;BRASPINE;SERTAOZINHO;PR;DOUTOR ULYSSES;16,25;16,25;56,61;14,47;83,16;6,30;31,04;24,51;100,00;319,97;0,00;6,67
2024.0;7.0;2024-07-01;BRASPINE;SITIO BASILIO;PR;JAGUARIAIVA;8,08;8,08;58,51;14,54;77,61;6,01;34,52;23,53;99,91;313,90;0,00;11,45
2024.0;7.0;2024-07-01;BRASPINE;SITIO DAS MARRECAS;PR;DOUTOR ULYSSES;77,49;35,17;73,44;14,79;85,50;6,26;29,72;25,95;100,00;323,10;0,00;10,23
2024.0;7.0;2024-07-01;BRASPINE;SOBRADINHO;SP;BOM SUCESSO DE ITARARE;285,80;123,10;59,13;14,32;80,83;5,88;30,27;24,28;100,00;311,45;0,00;6,11
2024.0;7.0;2024-07-01;BRASPINE;TAQUARAL;PR;JAGUARIAIVA;519,13;31,07;59,13;14,55;79,06;5,93;34,88;23,82;100,00;327,80;0,00;6,41
2024.0;7.0;2024-07-01;BRASPINE;TUCUNDUVA;PR;SENGES;82,21;60,89;52,32;14,86;77,18;5,74;33,56;24,19;99,91;292,25;0,00;18,77
2024.0;7.0;2024-07-01;BRASPINE;TUCUNDUVA - CHAMMA;;;;;53,08;15,09;76,84;6,63;33,36;24,36;99,61;315,42;0,00;1,34
2024.0;7.0;2024-07-01;BRASPINE;VIENA 1;PR;DOUTOR ULYSSES;263,98;178,34;60,04;14,13;82,57;5,54;33,15;23,87;100,00;311,40;0,00;3,42
2024.0;7.0;2024-07-01;BRASPINE;VIENA 2;PR;CERRO AZUL;140,23;96,54;54,29;15,06;84,61;5,29;31,95;26,10;99,98;325,76;0,00;8,65
2024.0;7.0;2024-07-01;BRASPINE;VITORIA;PR;SENGES;50,54;35,69;49,59;14,41;79,22;6,12;32,70;23,74;99,85;316,25;0,00;0,29
2024.0;7.0;2024-07-01;BRASPINE;VIVEIRO;PR;DOUTOR ULYSSES;405,39;261,22;62,71;14,47;83,16;6,30;31,04;24,51;100,00;319,97;0,00;6,67
2024.0;7.0;2024-07-01;BRASPINE;VO LINO;PR;DOUTOR ULYSSES;164,50;97,89;70,66;14,49;84,85;6,31;30,10;24,91;100,00;318,78;0,00;0,20
2024.0;7.0;2024-07-01;BRASPINE;XAXIM VELHO;;;;;125,59;13,32;82,32;5,91;43,86;22,03;100,00;293,78;0,00;13,62
2024.0;8.0;2024-08-01;BRASPINE;AGUA DOCE;PR;JAGUARIAIVA;238,97;121,99;64,10;16,24;61,24;2,67;25,08;28,63;99,76;226,68;19,50;9,90
2024.0;8.0;2024-08-01;BRASPINE;AMATA;;;;;51,53;16,44;75,22;2,48;23,72;30,86;99,99;279,11;15,13;2,94
2024.0;8.0;2024-08-01;BRASPINE;ANTA BRAVA;;;;;49,20;19,14;61,26;7,28;19,86;31,99;98,83;172,19;0,00;0,69
2024.0;8.0;2024-08-01;BRASPINE;ARAPONGAS;PR;SENGES;423,34;263,70;60,20;15,65;70,09;2,64;24,11;29,20;100,00;294,53;24,00;7,91
2024.0;8.0;2024-08-01;BRASPINE;ARROIO CLARO;PR;DOUTOR ULYSSES;275,14;92,00;56,07;15,58;72,55;2,22;23,68;29,46;100,00;287,89;23,56;1,08
2024.0;8.0;2024-08-01;BRASPINE;BARRA GRANDE;PR;DOUTOR ULYSSES;493,79;139,68;61,43;16,07;71,67;2,61;22,63;30,12;100,00;285,76;25,86;1,83
2024.0;8.0;2024-08-01;BRASPINE;BARRA GRANDE - BEMAIS;PR;GUARAPUAVA;299,16;108,61;32,40;15,30;63,49;1,23;23,21;28,37;99,88;221,98;21,96;15,72
2024.0;8.0;2024-08-01;BRASPINE;BARRETOS;PR;JAGUARIAIVA;43,35;32,98;60,53;15,94;66,25;2,59;24,99;29,12;99,93;250,99;24,01;15,53
2024.0;8.0;2024-08-01;BRASPINE;BAU;;;;;32,77;15,28;61,80;1,07;24,90;28,67;99,71;232,55;24,77;1,95
2024.0;8.0;2024-08-01;BRASPINE;BOA VISTA II;PR;PIRAI DO SUL;944,00;535,05;60,16;16,01;63,40;2,55;25,59;28,68;99,93;222,52;23,45;16,97
2024.0;8.0;2024-08-01;BRASPINE;BRASILEIRA;;;;;58,75;15,65;70,09;2,64;24,11;29,20;100,00;294,53;24,00;7,91
2024.0;8.0;2024-08-01;BRASPINE;BURACAO;;;;;42,96;15,26;69,64;1,52;27,82;28,29;99,43;276,14;22,84;1,45
2024.0;8.0;2024-08-01;BRASPINE;BURRINHO;PR;DOUTOR ULYSSES;211,01;100,37;56,02;15,58;72,55;2,22;23,68;29,46;100,00;287,89;23,56;1,08
2024.0;8.0;2024-08-01;BRASPINE;CADEADO I;PR;JAGUARIAIVA;21,07;12,29;57,68;15,58;68,45;2,65;25,29;28,81;100,00;281,19;22,77;13,33
2024.0;8.0;2024-08-01;BRASPINE;CADEADO II;PR;JAGUARIAIVA;21,88;16,79;57,68;15,58;68,45;2,65;25,29;28,81;100,00;281,19;22,77;13,33
2024.0;8.0;2024-08-01;BRASPINE;CAMPINA ALTA;PR;TIBAGI;29,77;18,24;56,78;16,43;63,54;2,64;22,18;30,41;99,86;265,33;27,45;12,82
2024.0;8.0;2024-08-01;BRASPINE;CAMPINA DO ELIAS;PR;JAGUARIAIVA;29,17;14,65;60,12;15,81;67,05;2,68;25,10;29,01;99,96;276,15;23,56;14,78
2024.0;8.0;2024-08-01;BRASPINE;CAMPO NOVO;PR;JAGUARIAIVA;295,98;156,36;60,31;15,58;68,45;2,65;25,29;28,81;100,00;281,19;22,77;13,33
2024.0;8.0;2024-08-01;BRASPINE;CONSULTORIA II A;PR;DOUTOR ULYSSES;89,62;60,79;56,82;15,65;70,09;2,64;24,11;29,20;100,00;294,53;24,00;7,91
2024.0;8.0;2024-08-01;BRASPINE;DINIZ;;;;;57,66;15,65;70,09;2,64;24,11;29,20;100,00;294,53;24,00;7,91
2024.0;8.0;2024-08-01;BRASPINE;ENES;PR;JAGUARIAIVA;5,93;5,69;60,27;15,58;68,45;2,65;25,29;28,81;100,00;281,19;22,77;13,33
2024.0;8.0;2024-08-01;BRASPINE;ENGENHARIA;;;;;57,66;15,65;70,09;2,64;24,11;29,20;100,00;294,53;24,00;7,91
2024.0;8.0;2024-08-01;BRASPINE;ESTACAO;PR;SENGES;4,76;4,14;57,28;15,58;68,45;2,65;25,29;28,81;100,00;281,19;22,77;13,33
2024.0;8.0;2024-08-01;BRASPINE;FAXINAL;PR;JAGUARIAIVA;20,65;20,65;60,27;15,58;68,45;2,65;25,29;28,81;100,00;281,19;22,77;13,33
2024.0;8.0;2024-08-01;BRASPINE;FEITAL;PR;DOUTOR ULYSSES;154,17;86,53;59,11;15,79;70,62;2,63;23,62;29,50;100,00;296,63;24,64;5,89
2024.0;8.0;2024-08-01;BRASPINE;FIGUEIRA;PR;DOUTOR ULYSSES;1053,81;315,71;55,16;15,58;72,55;2,22;23,68;29,46;100,00;287,89;23,56;1,08
2024.0;8.0;2024-08-01;BRASPINE;FIGUEIRINHA;PR;DOUTOR ULYSSES;94,37;56,74;58,72;15,58;72,55;2,22;23,68;29,46;100,00;287,89;23,56;1,08
2024.0;8.0;2024-08-01;BRASPINE;FLOEMA;PR;DOUTOR ULYSSES;2189,88;701,43;61,07;15,20;70,46;1,87;25,31;28,53;100,00;281,05;19,95;5,68
2024.0;8.0;2024-08-01;BRASPINE;FLOEMA I - SUDATI;;;;;56,08;15,65;70,09;2,64;24,11;29,20;100,00;294,53;24,00;7,91
2024.0;8.0;2024-08-01;BRASPINE;FLOEMA II - SUDATI;PR;DOUTOR ULYSSES;453,83;211,13;56,63;15,65;70,09;2,64;24,11;29,20;100,00;294,53;24,00;7,91
2024.0;8.0;2024-08-01;BRASPINE;FLOR DA SERRA;PR;SAO JOSE DA BOA VISTA;209,10;128,72;45,50;17,49;61,75;4,17;19,70;31,87;96,14;294,19;13,73;4,38
2024.0;8.0;2024-08-01;BRASPINE;GENTIL;PR;JAGUARIAIVA;126,77;53,33;65,38;15,91;62,09;2,08;25,25;28,41;99,55;249,46;17,23;14,47
2024.0;8.0;2024-08-01;BRASPINE;GUAIRACA;PR;GUARAPUAVA;623,62;169,31;32,68;15,40;63,71;1,23;23,67;28,60;99,93;236,05;20,35;22,18
2024.0;8.0;2024-08-01;BRASPINE;HERVAL 2 - MADALOSSO;;;;;43,13;15,26;69,64;1,52;27,82;28,29;99,43;276,14;22,84;1,45
2024.0;8.0;2024-08-01;BRASPINE;HERVAL DE BAIXO;PR;RESERVA;827,29;475,92;53,17;16,15;65,21;2,52;21,64;30,46;99,97;264,50;26,11;4,89
2024.0;8.0;2024-08-01;BRASPINE;HORTO 01;PR;TURVO;19,12;19,12;33,60;15,84;64,01;1,24;23,17;29,43;99,60;225,93;21,78;1,01
2024.0;8.0;2024-08-01;BRASPINE;HORTO 02;PR;TURVO;4,24;4,24;34,12;15,84;64,01;1,24;23,17;29,43;99,60;225,93;21,78;1,01
2024.0;8.0;2024-08-01;BRASPINE;HORTO 03;PR;PRUDENTOPOLIS;80,91;25,89;31,90;16,18;64,38;1,94;21,42;30,09;99,81;230,00;19,26;4,40
2024.0;8.0;2024-08-01;BRASPINE;HORTO 08;PR;TURVO;9,53;9,53;29,73;16,18;64,38;1,94;21,42;30,09;99,81;230,00;19,26;4,40
2024.0;8.0;2024-08-01;BRASPINE;HORTO 12;PR;PRUDENTOPOLIS;12,20;12,20;31,55;16,18;64,38;1,94;21,42;30,09;99,81;230,00;19,26;4,40
2024.0;8.0;2024-08-01;BRASPINE;IZAU;PR;PIRAI DO SUL;19,37;11,60;64,38;15,90;63,49;1,96;24,70;28,80;99,54;208,07;13,14;3,85
2024.0;8.0;2024-08-01;BRASPINE;JOAO RICO;PR;JAGUARIAIVA;47,46;26,18;65,03;16,24;61,24;2,67;25,08;28,63;99,76;226,68;19,50;9,90
2024.0;8.0;2024-08-01;BRASPINE;LAGOA;PR;JAGUARIAIVA;24,10;10,78;57,72;15,58;68,45;2,65;25,29;28,81;100,00;281,19;22,77;13,33
2024.0;8.0;2024-08-01;BRASPINE;MARACANA;PR;JANDAIA DO SUL;11,45;11,45;53,34;19,45;49,94;5,09;14,33;33,98;99,98;113,01;0,00;3,15
2024.0;8.0;2024-08-01;BRASPINE;MARRECA;;;;;55,92;15,58;72,55;2,22;23,68;29,46;100,00;287,89;23,56;1,08
2024.0;8.0;2024-08-01;BRASPINE;MARRECA SP;SP;ITAPIRAPUA PAULISTA;675,30;236,19;58,01;16,12;74,44;1,87;22,45;30,61;100,00;277,31;19,51;2,27
2024.0;8.0;2024-08-01;BRASPINE;MARRECAS;;;;;30,62;14,90;63,30;0,76;24,21;27,76;99,91;228,19;23,27;6,59
2024.0;8.0;2024-08-01;BRASPINE;MERCADINHO;;;;;57,56;16,00;74,62;2,39;23,19;30,33;99,99;272,11;24,65;2,01
2024.0;8.0;2024-08-01;BRASPINE;MONTE ALEGRE;;;;;50,76;19,83;49,82;5,41;13,79;34,51;99,89;116,74;0,00;6,63
2024.0;8.0;2024-08-01;BRASPINE;MONTE TABOR II;;;;;63,84;15,17;77,88;1,30;30,84;28,32;99,99;291,29;21,32;16,06
2024.0;8.0;2024-08-01;BRASPINE;MOREIRA;PR;DOUTOR ULYSSES;230,52;68,68;56,63;15,65;70,09;2,64;24,11;29,20;100,00;294,53;24,00;7,91
2024.0;8.0;2024-08-01;BRASPINE;MOREIRAS II;PR;DOUTOR ULYSSES;66,76;28,75;56,87;15,65;70,09;2,64;24,11;29,20;100,00;294,53;24,00;7,91
2024.0;8.0;2024-08-01;BRASPINE;MORRETES;PR;ORTIGUEIRA;20,36;20,36;58,66;16,45;65,66;1,91;20,09;31,40;99,82;275,08;26,17;4,66
2024.0;8.0;2024-08-01;BRASPINE;MORRO AZUL;;;;;55,19;16,01;69,36;2,67;21,46;29,63;100,00;270,82;26,32;3,35
2024.0;8.0;2024-08-01;BRASPINE;OURO FINO;SP;APIAI;51,70;51,70;53,57;15,50;72,75;1,99;23,54;28,86;100,00;287,93;25,18;11,51
2024.0;8.0;2024-08-01;BRASPINE;PALMEIRINHA DE BAIXO - SOSSEGO;PR;SENGES;85,93;9,22;50,15;16,00;63,10;3,00;23,80;28,56;99,86;260,07;22,55;19,82
2024.0;8.0;2024-08-01;BRASPINE;PAZIN;PR;DOUTOR ULYSSES;41,20;23,90;59,18;15,58;72,55;2,22;23,68;29,46;100,00;287,89;23,56;1,08
2024.0;8.0;2024-08-01;BRASPINE;PEDRAS;PR;CASTRO;7,18;7,18;54,97;15,45;65,88;0,84;27,83;27,91;99,35;261,53;18,70;0,40
2024.0;8.0;2024-08-01;BRASPINE;PESCARIA;PR;SAO JOSE DA BOA VISTA;184,57;129,22;47,42;17,80;60,86;4,63;19,92;32,19;96,15;276,13;14,06;3,48
2024.0;8.0;2024-08-01;BRASPINE;PESSEGUEIRO;PR;DOUTOR ULYSSES;109,95;64,79;59,49;15,65;70,09;2,64;24,11;29,20;100,00;294,53;24,00;7,91
2024.0;8.0;2024-08-01;BRASPINE;PITANGA;;;;;29,05;16,01;60,43;1,66;23,86;29,58;99,72;233,80;17,87;9,58
2024.0;8.0;2024-08-01;BRASPINE;QUEIMADINHO ARROIO CLARO;PR;DOUTOR ULYSSES;48,13;19,09;58,75;15,65;70,09;2,64;24,11;29,20;100,00;294,53;24,00;7,91
2024.0;8.0;2024-08-01;BRASPINE;QUEIMADINHO M6042;PR;DOUTOR ULYSSES;48,38;18,50;58,75;15,65;70,09;2,64;24,11;29,20;100,00;294,53;24,00;7,91
2024.0;8.0;2024-08-01;BRASPINE;QUEIMADINHO USUCAPIAO;PR;DOUTOR ULYSSES;200,27;92,43;58,75;15,65;70,09;2,64;24,11;29,20;100,00;294,53;24,00;7,91
2024.0;8.0;2024-08-01;BRASPINE;RAMOS;PR;SENGES;69,83;38,15;56,08;15,58;68,45;2,65;25,29;28,81;100,00;281,19;22,77;13,33
2024.0;8.0;2024-08-01;BRASPINE;RIBEIRAO GRANDE;PR;JAGUARIAIVA;20,77;20,77;62,78;15,90;63,49;1,96;24,70;28,80;99,54;208,07;13,14;3,85
2024.0;8.0;2024-08-01;BRASPINE;RINCAO DE BAIXO;;;;;47,88;16,07;61,23;1,95;22,21;29,44;99,29;265,32;20,23;20,68
2024.0;8.0;2024-08-01;BRASPINE;RIO BOMBA;PR;CERRO AZUL;65,03;37,72;53,59;16,09;73,97;2,45;24,51;30,15;99,98;271,94;19,35;6,42
2024.0;8.0;2024-08-01;BRASPINE;RIO DO MEIO;PR;DOUTOR ULYSSES;712,33;389,13;57,37;15,65;70,09;2,64;24,11;29,20;100,00;294,53;24,00;7,91
2024.0;8.0;2024-08-01;BRASPINE;RONDON;PR;JAGUARIAIVA;2899,24;1475,88;58,02;15,92;63,87;2,61;25,41;28,44;99,85;260,97;20,13;2,24
2024.0;8.0;2024-08-01;BRASPINE;SANTA FELICIDADE;;;;;54,71;16,27;76,11;2,03;21,58;31,16;100,00;272,72;19,07;2,80
2024.0;8.0;2024-08-01;BRASPINE;SANTA LIDIA DO CERCADINHO;;;;;47,84;15,81;60,98;1,89;22,40;28,89;99,18;262,32;19,81;19,03
2024.0;8.0;2024-08-01;BRASPINE;SANTO ANTONIO;;;;;55,65;15,93;63,74;2,73;22,79;28,63;99,98;256,82;22,46;16,91
2024.0;8.0;2024-08-01;BRASPINE;SAO JOSE;PR;JANDAIA DO SUL;37,56;37,56;50,84;19,68;50,09;5,32;14,18;34,26;99,97;115,73;0,00;7,20
2024.0;8.0;2024-08-01;BRASPINE;SAO MATHEUS;;;;;45,55;20,82;48,01;5,68;12,51;36,16;99,69;121,42;0,00;5,17
2024.0;8.0;2024-08-01;BRASPINE;SAO PEDRO E SAO PAULO;PR;SAPOPEMA;709,13;323,93;42,54;17,26;58,34;3,91;18,24;30,39;98,11;234,98;12,96;3,97
2024.0;8.0;2024-08-01;BRASPINE;SAO RAFAEL;;;;;45,45;14,98;70,62;-0,37;26,09;28,42;99,66;284,21;21,49;3,94
2024.0;8.0;2024-08-01;BRASPINE;SAO RAFAEL - PB;;;;;58,80;15,69;71,87;2,49;22,43;29,23;100,00;293,38;25,97;10,67
2024.0;8.0;2024-08-01;BRASPINE;SERRARIA;PR;DOUTOR ULYSSES;280,88;117,71;56,68;15,39;71,51;2,04;24,50;28,99;100,00;284,49;21,76;3,28
2024.0;8.0;2024-08-01;BRASPINE;SERRO VERDE;;;;;37,65;15,77;60,41;1,23;24,53;29,37;99,66;173,41;19,93;8,82
2024.0;8.0;2024-08-01;BRASPINE;SERTAOZINHO;PR;DOUTOR ULYSSES;16,25;16,25;57,00;15,65;70,09;2,64;24,11;29,20;100,00;294,53;24,00;7,91
2024.0;8.0;2024-08-01;BRASPINE;SITIO BASILIO;PR;JAGUARIAIVA;8,08;8,08;63,96;16,00;61,42;2,33;25,20;28,35;99,61;250,10;17,53;11,98
2024.0;8.0;2024-08-01;BRASPINE;SITIO DAS MARRECAS;PR;DOUTOR ULYSSES;77,49;35,17;58,76;15,96;73,90;1,97;22,80;30,28;100,00;276,07;24,29;0,70
2024.0;8.0;2024-08-01;BRASPINE;SOBRADINHO;SP;BOM SUCESSO DE ITARARE;285,80;123,10;54,13;15,72;66,30;2,29;22,21;28,51;100,00;265,64;22,20;13,37
2024.0;8.0;2024-08-01;BRASPINE;TAQUARAL;PR;JAGUARIAIVA;519,13;31,07;57,75;16,17;62,43;2,60;25,60;28,50;99,91;239,20;19,68;7,18
2024.0;8.0;2024-08-01;BRASPINE;TUCUNDUVA;PR;SENGES;82,21;60,89;62,35;16,33;61,49;2,17;23,44;29,39;98,48;256,73;25,26;6,20
2024.0;8.0;2024-08-01;BRASPINE;TUCUNDUVA - CHAMMA;;;;;59,76;16,56;61,65;3,26;23,36;29,58;98,16;268,09;24,65;12,66
2024.0;8.0;2024-08-01;BRASPINE;VIENA 1;PR;DOUTOR ULYSSES;263,98;178,34;57,77;15,24;68,63;1,75;26,71;28,12;100,00;284,01;18,78;3,11
2024.0;8.0;2024-08-01;BRASPINE;VIENA 2;PR;CERRO AZUL;140,23;96,54;53,65;16,09;73,97;2,45;24,51;30,15;99,98;271,94;19,35;6,42
2024.0;8.0;2024-08-01;BRASPINE;VITORIA;PR;SENGES;50,54;35,69;50,15;16,00;63,10;3,00;23,80;28,56;99,86;260,07;22,55;19,82
2024.0;8.0;2024-08-01;BRASPINE;VIVEIRO;PR;DOUTOR ULYSSES;405,39;261,22;56,87;15,65;70,09;2,64;24,11;29,20;100,00;294,53;24,00;7,91
2024.0;8.0;2024-08-01;BRASPINE;VO LINO;PR;DOUTOR ULYSSES;164,50;97,89;55,70;15,58;72,55;2,22;23,68;29,46;100,00;287,89;23,56;1,08
2024.0;8.0;2024-08-01;BRASPINE;XAXIM VELHO;;;;;35,80;14,82;65,42;0,64;25,99;27,85;99,99;239,98;22,27;18,85
2024.0;9.0;2024-09-01;BRASPINE;AGUA DOCE;PR;JAGUARIAIVA;238,97;121,99;53,66;19,86;65,78;9,38;23,90;30,65;99,78;181,69;0,00;14,99
2024.0;9.0;2024-09-01;BRASPINE;AMATA;;;;;62,72;20,57;76,77;11,59;24,46;34,08;99,97;216,50;0,00;5,49
2024.0;9.0;2024-09-01;BRASPINE;ANTA BRAVA;;;;;27,71;23,51;58,35;13,28;16,71;35,96;98,41;83,56;0,00;0,36
2024.0;9.0;2024-09-01;BRASPINE;ARAPONGAS;PR;SENGES;423,34;263,70;54,24;19,60;72,92;10,60;23,26;31,96;100,00;215,31;0,00;17,91
2024.0;9.0;2024-09-01;BRASPINE;ARROIO CLARO;PR;DOUTOR ULYSSES;275,14;92,00;56,95;19,60;74,76;10,85;23,08;32,54;100,00;217,93;0,00;14,37
2024.0;9.0;2024-09-01;BRASPINE;BARRA GRANDE;PR;DOUTOR ULYSSES;493,79;139,68;50,24;20,00;74,76;11,05;23,04;32,76;100,00;220,46;0,00;7,64
2024.0;9.0;2024-09-01;BRASPINE;BARRA GRANDE - BEMAIS;PR;GUARAPUAVA;299,16;108,61;109,16;19,79;65,49;9,05;21,32;30,33;99,98;216,99;0,00;2,59
2024.0;9.0;2024-09-01;BRASPINE;BARRETOS;PR;JAGUARIAIVA;43,35;32,98;54,70;19,83;69,01;9,55;23,23;31,35;99,98;197,13;0,00;27,60
2024.0;9.0;2024-09-01;BRASPINE;BAU;;;;;128,32;19,73;64,59;9,15;21,47;30,14;99,90;195,09;0,00;1,13
2024.0;9.0;2024-09-01;BRASPINE;BOA VISTA II;PR;PIRAI DO SUL;944,00;535,05;54,40;19,82;67,04;9,11;23,75;30,67;99,92;207,62;0,00;25,69
2024.0;9.0;2024-09-01;BRASPINE;BRASILEIRA;;;;;53,68;19,60;72,92;10,60;23,26;31,96;100,00;215,31;0,00;17,91
2024.0;9.0;2024-09-01;BRASPINE;BURACAO;;;;;61,25;19,34;71,72;10,02;24,06;31,14;99,83;196,68;0,00;1,10
2024.0;9.0;2024-09-01;BRASPINE;BURRINHO;PR;DOUTOR ULYSSES;211,01;100,37;56,98;19,60;74,76;10,85;23,08;32,54;100,00;217,93;0,00;14,37
2024.0;9.0;2024-09-01;BRASPINE;CADEADO I;PR;JAGUARIAIVA;21,07;12,29;51,29;19,52;70,99;10,02;23,48;31,52;100,00;241,47;0,00;28,14
2024.0;9.0;2024-09-01;BRASPINE;CADEADO II;PR;JAGUARIAIVA;21,88;16,79;51,29;19,52;70,99;10,02;23,48;31,52;100,00;241,47;0,00;28,14
2024.0;9.0;2024-09-01;BRASPINE;CAMPINA ALTA;PR;TIBAGI;29,77;18,24;79,28;21,20;63,05;10,40;20,50;32,25;99,46;213,64;0,00;3,78
2024.0;9.0;2024-09-01;BRASPINE;CAMPINA DO ELIAS;PR;JAGUARIAIVA;29,17;14,65;54,71;19,72;69,73;9,72;23,32;31,41;99,99;212,13;0,00;27,78
2024.0;9.0;2024-09-01;BRASPINE;CAMPO NOVO;PR;JAGUARIAIVA;295,98;156,36;52,82;19,52;70,99;10,02;23,48;31,52;100,00;241,47;0,00;28,14
2024.0;9.0;2024-09-01;BRASPINE;CONSULTORIA II A;PR;DOUTOR ULYSSES;89,62;60,79;55,37;19,60;72,92;10,60;23,26;31,96;100,00;215,31;0,00;17,91
2024.0;9.0;2024-09-01;BRASPINE;DINIZ;;;;;50,49;19,60;72,92;10,60;23,26;31,96;100,00;215,31;0,00;17,91
2024.0;9.0;2024-09-01;BRASPINE;ENES;PR;JAGUARIAIVA;5,93;5,69;52,61;19,52;70,99;10,02;23,48;31,52;100,00;241,47;0,00;28,14
2024.0;9.0;2024-09-01;BRASPINE;ENGENHARIA;;;;;50,49;19,60;72,92;10,60;23,26;31,96;100,00;215,31;0,00;17,91
2024.0;9.0;2024-09-01;BRASPINE;ESTACAO;PR;SENGES;4,76;4,14;55,31;19,52;70,99;10,02;23,48;31,52;100,00;241,47;0,00;28,14
2024.0;9.0;2024-09-01;BRASPINE;FAXINAL;PR;JAGUARIAIVA;20,65;20,65;52,61;19,52;70,99;10,02;23,48;31,52;100,00;241,47;0,00;28,14
2024.0;9.0;2024-09-01;BRASPINE;FEITAL;PR;DOUTOR ULYSSES;154,17;86,53;55,39;19,73;73,53;10,76;23,19;32,23;100,00;217,16;0,00;14,42
2024.0;9.0;2024-09-01;BRASPINE;FIGUEIRA;PR;DOUTOR ULYSSES;1053,81;315,71;55,30;19,60;74,76;10,85;23,08;32,54;100,00;217,93;0,00;14,37
2024.0;9.0;2024-09-01;BRASPINE;FIGUEIRINHA;PR;DOUTOR ULYSSES;94,37;56,74;59,49;19,60;74,76;10,85;23,08;32,54;100,00;217,93;0,00;14,37
2024.0;9.0;2024-09-01;BRASPINE;FLOEMA;PR;DOUTOR ULYSSES;2189,88;701,43;57,66;19,23;72,55;10,26;23,64;31,57;100,00;240,95;0,00;0,36
2024.0;9.0;2024-09-01;BRASPINE;FLOEMA I - SUDATI;;;;;53,70;19,60;72,92;10,60;23,26;31,96;100,00;215,31;0,00;17,91
2024.0;9.0;2024-09-01;BRASPINE;FLOEMA II - SUDATI;PR;DOUTOR ULYSSES;453,83;211,13;56,02;19,60;72,92;10,60;23,26;31,96;100,00;215,31;0,00;17,91
2024.0;9.0;2024-09-01;BRASPINE;FLOR DA SERRA;PR;SAO JOSE DA BOA VISTA;209,10;128,72;33,84;22,06;61,45;12,25;20,55;34,27;95,86;151,17;0,00;2,46
2024.0;9.0;2024-09-01;BRASPINE;GENTIL;PR;JAGUARIAIVA;126,77;53,33;52,09;19,67;65,93;9,30;24,00;30,45;99,11;195,83;0,00;9,38
2024.0;9.0;2024-09-01;BRASPINE;GUAIRACA;PR;GUARAPUAVA;623,62;169,31;113,42;19,80;65,86;8,99;21,24;30,59;99,98;215,91;0,00;1,55
2024.0;9.0;2024-09-01;BRASPINE;HERVAL 2 - MADALOSSO;;;;;61,55;19,34;71,72;10,02;24,06;31,14;99,83;196,68;0,00;1,10
2024.0;9.0;2024-09-01;BRASPINE;HERVAL DE BAIXO;PR;RESERVA;827,29;475,92;72,44;21,08;63,93;10,12;20,12;32,38;99,43;223,60;0,00;1,49
2024.0;9.0;2024-09-01;BRASPINE;HORTO 01;PR;TURVO;19,12;19,12;115,04;20,63;65,05;9,85;20,21;31,38;99,28;196,76;0,00;1,03
2024.0;9.0;2024-09-01;BRASPINE;HORTO 02;PR;TURVO;4,24;4,24;116,25;20,63;65,05;9,85;20,21;31,38;99,28;196,76;0,00;1,03
2024.0;9.0;2024-09-01;BRASPINE;HORTO 03;PR;PRUDENTOPOLIS;80,91;25,89;110,31;20,96;65,42;10,18;19,75;31,95;99,61;187,40;0,00;3,23
2024.0;9.0;2024-09-01;BRASPINE;HORTO 08;PR;TURVO;9,53;9,53;103,88;20,96;65,42;10,18;19,75;31,95;99,61;187,40;0,00;3,23
2024.0;9.0;2024-09-01;BRASPINE;HORTO 12;PR;PRUDENTOPOLIS;12,20;12,20;108,34;20,96;65,42;10,18;19,75;31,95;99,61;187,40;0,00;3,23
2024.0;9.0;2024-09-01;BRASPINE;IZAU;PR;PIRAI DO SUL;19,37;11,60;56,05;19,74;66,89;9,10;22,94;30,64;99,14;181,17;0,00;2,99
2024.0;9.0;2024-09-01;BRASPINE;JOAO RICO;PR;JAGUARIAIVA;47,46;26,18;53,10;19,86;65,78;9,38;23,90;30,65;99,78;181,69;0,00;14,99
2024.0;9.0;2024-09-01;BRASPINE;LAGOA;PR;JAGUARIAIVA;24,10;10,78;53,55;19,52;70,99;10,02;23,48;31,52;100,00;241,47;0,00;28,14
2024.0;9.0;2024-09-01;BRASPINE;MARACANA;PR;JANDAIA DO SUL;11,45;11,45;54,50;24,06;53,30;13,27;14,96;35,11;99,76;40,83;0,00;3,34
2024.0;9.0;2024-09-01;BRASPINE;MARRECA;;;;;57,59;19,60;74,76;10,85;23,08;32,54;100,00;217,93;0,00;14,37
2024.0;9.0;2024-09-01;BRASPINE;MARRECA SP;SP;ITAPIRAPUA PAULISTA;675,30;236,19;56,24;20,13;76,86;11,30;22,88;33,54;100,00;208,71;0,00;10,16
2024.0;9.0;2024-09-01;BRASPINE;MARRECAS;;;;;117,22;19,27;65,57;8,54;21,85;29,75;100,00;209,63;0,00;0,22
2024.0;9.0;2024-09-01;BRASPINE;MERCADINHO;;;;;59,73;20,09;76,33;11,00;23,13;33,56;100,00;252,34;0,00;0,65
2024.0;9.0;2024-09-01;BRASPINE;MONTE ALEGRE;;;;;55,15;24,50;53,23;13,64;14,29;35,66;99,63;42,22;0,00;1,19
2024.0;9.0;2024-09-01;BRASPINE;MONTE TABOR II;;;;;43,61;19,19;79,96;11,69;25,72;31,60;100,00;320,56;0,00;5,13
2024.0;9.0;2024-09-01;BRASPINE;MOREIRA;PR;DOUTOR ULYSSES;230,52;68,68;56,02;19,60;72,92;10,60;23,26;31,96;100,00;215,31;0,00;17,91
2024.0;9.0;2024-09-01;BRASPINE;MOREIRAS II;PR;DOUTOR ULYSSES;66,76;28,75;55,29;19,60;72,92;10,60;23,26;31,96;100,00;215,31;0,00;17,91
2024.0;9.0;2024-09-01;BRASPINE;MORRETES;PR;ORTIGUEIRA;20,36;20,36;74,40;21,52;64,28;10,56;19,13;32,98;99,39;198,02;0,00;3,62
2024.0;9.0;2024-09-01;BRASPINE;MORRO AZUL;;;;;47,70;19,84;73,53;10,79;22,59;32,22;100,00;230,46;0,00;16,35
2024.0;9.0;2024-09-01;BRASPINE;OURO FINO;SP;APIAI;51,70;51,70;44,36;19,35;76,25;11,07;23,77;31,70;100,00;274,83;0,00;13,64
2024.0;9.0;2024-09-01;BRASPINE;PALMEIRINHA DE BAIXO - SOSSEGO;PR;SENGES;85,93;9,22;43,41;19,59;68,26;10,12;22,65;30,77;99,87;212,16;0,00;7,20
2024.0;9.0;2024-09-01;BRASPINE;PAZIN;PR;DOUTOR ULYSSES;41,20;23,90;57,28;19,60;74,76;10,85;23,08;32,54;100,00;217,93;0,00;14,37
2024.0;9.0;2024-09-01;BRASPINE;PEDRAS;PR;CASTRO;7,18;7,18;59,92;19,42;68,62;8,97;26,13;30,19;99,09;221,17;0,00;2,83
2024.0;9.0;2024-09-01;BRASPINE;PESCARIA;PR;SAO JOSE DA BOA VISTA;184,57;129,22;38,06;22,20;61,38;12,16;20,13;34,44;95,83;151,08;0,00;1,38
2024.0;9.0;2024-09-01;BRASPINE;PESSEGUEIRO;PR;DOUTOR ULYSSES;109,95;64,79;59,81;19,60;72,92;10,60;23,26;31,96;100,00;215,31;0,00;17,91
2024.0;9.0;2024-09-01;BRASPINE;PITANGA;;;;;105,71;20,62;63,08;9,98;19,74;31,09;99,60;148,53;0,00;1,14
2024.0;9.0;2024-09-01;BRASPINE;QUEIMADINHO ARROIO CLARO;PR;DOUTOR ULYSSES;48,13;19,09;53,68;19,60;72,92;10,60;23,26;31,96;100,00;215,31;0,00;17,91
2024.0;9.0;2024-09-01;BRASPINE;QUEIMADINHO M6042;PR;DOUTOR ULYSSES;48,38;18,50;53,68;19,60;72,92;10,60;23,26;31,96;100,00;215,31;0,00;17,91
2024.0;9.0;2024-09-01;BRASPINE;QUEIMADINHO USUCAPIAO;PR;DOUTOR ULYSSES;200,27;92,43;53,68;19,60;72,92;10,60;23,26;31,96;100,00;215,31;0,00;17,91
2024.0;9.0;2024-09-01;BRASPINE;RAMOS;PR;SENGES;69,83;38,15;53,70;19,52;70,99;10,02;23,48;31,52;100,00;241,47;0,00;28,14
2024.0;9.0;2024-09-01;BRASPINE;RIBEIRAO GRANDE;PR;JAGUARIAIVA;20,77;20,77;55,71;19,74;66,89;9,10;22,94;30,64;99,14;181,17;0,00;2,99
2024.0;9.0;2024-09-01;BRASPINE;RINCAO DE BAIXO;;;;;56,13;20,44;62,38;10,14;20,91;31,19;96,45;221,65;0,00;0,92
2024.0;9.0;2024-09-01;BRASPINE;RIO BOMBA;PR;CERRO AZUL;65,03;37,72;57,55;20,20;75,70;10,96;24,25;33,55;99,94;239,74;0,00;8,69
2024.0;9.0;2024-09-01;BRASPINE;RIO DO MEIO;PR;DOUTOR ULYSSES;712,33;389,13;54,86;19,60;72,92;10,60;23,26;31,96;100,00;215,31;0,00;17,91
2024.0;9.0;2024-09-01;BRASPINE;RONDON;PR;JAGUARIAIVA;2899,24;1475,88;48,63;19,60;68,29;9,87;24,24;30,78;99,89;225,90;0,00;21,35
2024.0;9.0;2024-09-01;BRASPINE;SANTA FELICIDADE;;;;;49,93;20,26;78,67;11,53;22,76;34,01;100,00;267,99;0,00;6,29
2024.0;9.0;2024-09-01;BRASPINE;SANTA LIDIA DO CERCADINHO;;;;;57,01;20,10;62,39;9,98;21,02;30,63;96,94;233,07;0,00;0,27
2024.0;9.0;2024-09-01;BRASPINE;SANTO ANTONIO;;;;;46,25;19,52;69,31;10,29;21,78;30,98;100,00;269,92;0,00;5,27
2024.0;9.0;2024-09-01;BRASPINE;SAO JOSE;PR;JANDAIA DO SUL;37,56;37,56;55,29;24,33;53,53;13,52;14,63;35,43;99,75;41,84;0,00;1,49
2024.0;9.0;2024-09-01;BRASPINE;SAO MATHEUS;;;;;56,24;25,56;52,07;14,39;13,16;37,02;99,41;28,85;0,00;8,02
2024.0;9.0;2024-09-01;BRASPINE;SAO PEDRO E SAO PAULO;PR;SAPOPEMA;709,13;323,93;47,53;21,71;59,51;11,50;19,54;33,31;97,74;145,43;0,00;1,62
2024.0;9.0;2024-09-01;BRASPINE;SAO RAFAEL;;;;;122,52;19,09;71,93;9,34;22,23;31,05;99,97;232,32;0,00;1,93
2024.0;9.0;2024-09-01;BRASPINE;SAO RAFAEL - PB;;;;;46,63;19,54;75,59;10,97;23,15;31,97;100,00;246,45;0,00;15,87
2024.0;9.0;2024-09-01;BRASPINE;SERRARIA;PR;DOUTOR ULYSSES;280,88;117,71;60,35;19,41;73,65;10,56;23,36;32,05;100,00;244,57;0,00;91,88
2024.0;9.0;2024-09-01;BRASPINE;SERRO VERDE;;;;;132,99;20,27;62,94;9,57;20,41;30,87;99,92;155,44;0,00;5,54
2024.0;9.0;2024-09-01;BRASPINE;SERTAOZINHO;PR;DOUTOR ULYSSES;16,25;16,25;53,97;19,60;72,92;10,60;23,26;31,96;100,00;215,31;0,00;17,91
2024.0;9.0;2024-09-01;BRASPINE;SITIO BASILIO;PR;JAGUARIAIVA;8,08;8,08;53,57;19,70;65,59;9,38;24,30;30,45;99,29;195,84;0,00;0,89
2024.0;9.0;2024-09-01;BRASPINE;SITIO DAS MARRECAS;PR;DOUTOR ULYSSES;77,49;35,17;58,61;19,98;76,26;11,20;22,94;33,25;100,00;207,16;0,00;11,38
2024.0;9.0;2024-09-01;BRASPINE;SOBRADINHO;SP;BOM SUCESSO DE ITARARE;285,80;123,10;46,94;19,41;71,37;10,55;22,86;31,00;100,00;283,73;0,00;0,49
2024.0;9.0;2024-09-01;BRASPINE;TAQUARAL;PR;JAGUARIAIVA;519,13;31,07;50,37;19,77;67,13;9,49;24,64;30,65;99,99;210,70;0,00;11,28
2024.0;9.0;2024-09-01;BRASPINE;TUCUNDUVA;PR;SENGES;82,21;60,89;47,76;20,23;64,90;10,52;23,10;31,62;98,19;218,61;0,00;1,28
2024.0;9.0;2024-09-01;BRASPINE;TUCUNDUVA - CHAMMA;;;;;43,28;20,43;65,12;10,76;22,46;31,69;97,96;193,53;0,00;1,21
2024.0;9.0;2024-09-01;BRASPINE;VIENA 1;PR;DOUTOR ULYSSES;263,98;178,34;56,38;19,20;71,16;9,80;24,93;30,82;100,00;238,47;0,00;14,37
2024.0;9.0;2024-09-01;BRASPINE;VIENA 2;PR;CERRO AZUL;140,23;96,54;57,56;20,20;75,70;10,96;24,25;33,55;99,94;239,74;0,00;8,69
2024.0;9.0;2024-09-01;BRASPINE;VITORIA;PR;SENGES;50,54;35,69;43,41;19,59;68,26;10,12;22,65;30,77;99,87;212,16;0,00;7,20
2024.0;9.0;2024-09-01;BRASPINE;VIVEIRO;PR;DOUTOR ULYSSES;405,39;261,22;55,29;19,60;72,92;10,60;23,26;31,96;100,00;215,31;0,00;17,91
2024.0;9.0;2024-09-01;BRASPINE;VO LINO;PR;DOUTOR ULYSSES;164,50;97,89;57,23;19,60;74,76;10,85;23,08;32,54;100,00;217,93;0,00;14,37
2024.0;9.0;2024-09-01;BRASPINE;XAXIM VELHO;;;;;134,19;19,13;67,26;8,45;21,75;29,86;100,00;254,53;0,00;1,05
2024.0;10.0;2024-10-01;BRASPINE;AGUA DOCE;PR;JAGUARIAIVA;238,97;121,99;107,69;18,94;80,21;10,41;31,79;30,43;99,85;244,37;0,00;25,86
2024.0;10.0;2024-10-01;BRASPINE;AMATA;;;;;118,57;20,44;80,77;12,02;30,07;34,23;100,00;123,37;0,00;6,95
2024.0;10.0;2024-10-01;BRASPINE;ANTA BRAVA;;;;;210,08;22,32;71,94;13,98;21,63;36,05;99,52;58,14;0,00;8,03
2024.0;10.0;2024-10-01;BRASPINE;ARAPONGAS;PR;SENGES;423,34;263,70;122,62;19,02;82,72;11,03;30,95;31,77;100,00;208,19;0,00;8,81
2024.0;10.0;2024-10-01;BRASPINE;ARROIO CLARO;PR;DOUTOR ULYSSES;275,14;92,00;124,90;19,16;83,17;11,17;30,32;32,38;100,00;212,26;0,00;2,39
2024.0;10.0;2024-10-01;BRASPINE;BARRA GRANDE;PR;DOUTOR ULYSSES;493,79;139,68;109,82;19,41;82,86;11,33;30,26;32,80;100,00;198,92;0,00;5,20
2024.0;10.0;2024-10-01;BRASPINE;BARRA GRANDE - BEMAIS;PR;GUARAPUAVA;299,16;108,61;150,35;19,32;78,69;11,19;29,63;30,70;99,96;242,17;0,00;11,65
2024.0;10.0;2024-10-01;BRASPINE;BARRETOS;PR;JAGUARIAIVA;43,35;32,98;129,89;18,82;82,29;10,31;31,72;31,21;99,94;228,91;0,00;24,14
2024.0;10.0;2024-10-01;BRASPINE;BAU;;;;;163,50;19,37;77,75;10,56;29,39;30,29;99,84;244,72;0,00;0,53
2024.0;10.0;2024-10-01;BRASPINE;BOA VISTA II;PR;PIRAI DO SUL;944,00;535,05;123,20;18,72;81,63;10,02;31,65;30,59;99,95;239,37;0,00;27,92
2024.0;10.0;2024-10-01;BRASPINE;BRASILEIRA;;;;;116,37;19,02;82,72;11,03;30,95;31,77;100,00;208,19;0,00;8,81
2024.0;10.0;2024-10-01;BRASPINE;BURACAO;;;;;127,36;19,05;80,96;10,66;31,55;31,42;99,84;209,31;0,00;4,14
2024.0;10.0;2024-10-01;BRASPINE;BURRINHO;PR;DOUTOR ULYSSES;211,01;100,37;124,41;19,16;83,17;11,17;30,32;32,38;100,00;212,26;0,00;2,39
2024.0;10.0;2024-10-01;BRASPINE;CADEADO I;PR;JAGUARIAIVA;21,07;12,29;127,15;18,80;82,54;10,64;31,86;31,21;100,00;217,30;0,00;17,66
2024.0;10.0;2024-10-01;BRASPINE;CADEADO II;PR;JAGUARIAIVA;21,88;16,79;127,15;18,80;82,54;10,64;31,86;31,21;100,00;217,30;0,00;17,66
2024.0;10.0;2024-10-01;BRASPINE;CAMPINA ALTA;PR;TIBAGI;29,77;18,24;107,97;21,00;74,68;11,98;27,62;32,66;99,88;150,92;0,00;0,05
2024.0;10.0;2024-10-01;BRASPINE;CAMPINA DO ELIAS;PR;JAGUARIAIVA;29,17;14,65;134,90;18,81;82,38;10,43;31,88;31,21;99,96;215,18;0,00;21,97
2024.0;10.0;2024-10-01;BRASPINE;CAMPO NOVO;PR;JAGUARIAIVA;295,98;156,36;126,16;18,80;82,54;10,64;31,86;31,21;100,00;217,30;0,00;17,66
2024.0;10.0;2024-10-01;BRASPINE;CONSULTORIA II A;PR;DOUTOR ULYSSES;89,62;60,79;118,98;19,02;82,72;11,03;30,95;31,77;100,00;208,19;0,00;8,81
2024.0;10.0;2024-10-01;BRASPINE;DINIZ;;;;;120,60;19,02;82,72;11,03;30,95;31,77;100,00;208,19;0,00;8,81
2024.0;10.0;2024-10-01;BRASPINE;ENES;PR;JAGUARIAIVA;5,93;5,69;126,65;18,80;82,54;10,64;31,86;31,21;100,00;217,30;0,00;17,66
2024.0;10.0;2024-10-01;BRASPINE;ENGENHARIA;;;;;120,60;19,02;82,72;11,03;30,95;31,77;100,00;208,19;0,00;8,81
2024.0;10.0;2024-10-01;BRASPINE;ESTACAO;PR;SENGES;4,76;4,14;121,23;18,80;82,54;10,64;31,86;31,21;100,00;217,30;0,00;17,66
2024.0;10.0;2024-10-01;BRASPINE;FAXINAL;PR;JAGUARIAIVA;20,65;20,65;126,65;18,80;82,54;10,64;31,86;31,21;100,00;217,30;0,00;17,66
2024.0;10.0;2024-10-01;BRASPINE;FEITAL;PR;DOUTOR ULYSSES;154,17;86,53;116,46;19,15;82,77;11,13;30,72;32,12;100,00;210,15;0,00;5,49
2024.0;10.0;2024-10-01;BRASPINE;FIGUEIRA;PR;DOUTOR ULYSSES;1053,81;315,71;119,86;19,16;83,17;11,17;30,32;32,38;100,00;212,26;0,00;2,39
2024.0;10.0;2024-10-01;BRASPINE;FIGUEIRINHA;PR;DOUTOR ULYSSES;94,37;56,74;118,91;19,16;83,17;11,17;30,32;32,38;100,00;212,26;0,00;2,39
2024.0;10.0;2024-10-01;BRASPINE;FLOEMA;PR;DOUTOR ULYSSES;2189,88;701,43;125,76;18,76;82,89;10,75;31,72;31,23;100,00;235,01;0,00;7,06
2024.0;10.0;2024-10-01;BRASPINE;FLOEMA I - SUDATI;;;;;117,67;19,02;82,72;11,03;30,95;31,77;100,00;208,19;0,00;8,81
2024.0;10.0;2024-10-01;BRASPINE;FLOEMA II - SUDATI;PR;DOUTOR ULYSSES;453,83;211,13;118,95;19,02;82,72;11,03;30,95;31,77;100,00;208,19;0,00;8,81
2024.0;10.0;2024-10-01;BRASPINE;FLOR DA SERRA;PR;SAO JOSE DA BOA VISTA;209,10;128,72;112,97;21,64;71,99;13,51;25,81;33,93;99,54;69,14;0,00;13,40
2024.0;10.0;2024-10-01;BRASPINE;GENTIL;PR;JAGUARIAIVA;126,77;53,33;111,11;18,87;80,02;10,37;31,44;30,28;99,51;243,50;0,00;3,07
2024.0;10.0;2024-10-01;BRASPINE;GUAIRACA;PR;GUARAPUAVA;623,62;169,31;154,72;19,31;78,94;11,10;29,21;30,76;99,96;211,68;0,00;0,39
2024.0;10.0;2024-10-01;BRASPINE;HERVAL 2 - MADALOSSO;;;;;124,04;19,05;80,96;10,66;31,55;31,42;99,84;209,31;0,00;4,14
2024.0;10.0;2024-10-01;BRASPINE;HERVAL DE BAIXO;PR;RESERVA;827,29;475,92;123,45;21,05;74,75;11,77;26,89;32,90;99,83;151,13;0,00;6,59
2024.0;10.0;2024-10-01;BRASPINE;HORTO 01;PR;TURVO;19,12;19,12;150,10;20,21;77,58;11,47;31,27;31,56;99,58;192,38;0,00;10,84
2024.0;10.0;2024-10-01;BRASPINE;HORTO 02;PR;TURVO;4,24;4,24;148,87;20,21;77,58;11,47;31,27;31,56;99,58;192,38;0,00;10,84
2024.0;10.0;2024-10-01;BRASPINE;HORTO 03;PR;PRUDENTOPOLIS;80,91;25,89;154,62;20,63;77,02;12,01;29,49;32,05;99,82;122,39;0,00;5,09
2024.0;10.0;2024-10-01;BRASPINE;HORTO 08;PR;TURVO;9,53;9,53;158,14;20,63;77,02;12,01;29,49;32,05;99,82;122,39;0,00;5,09
2024.0;10.0;2024-10-01;BRASPINE;HORTO 12;PR;PRUDENTOPOLIS;12,20;12,20;156,27;20,63;77,02;12,01;29,49;32,05;99,82;122,39;0,00;5,09
2024.0;10.0;2024-10-01;BRASPINE;IZAU;PR;PIRAI DO SUL;19,37;11,60;115,33;18,77;81,15;10,09;31,11;30,53;99,58;241,30;0,00;2,73
2024.0;10.0;2024-10-01;BRASPINE;JOAO RICO;PR;JAGUARIAIVA;47,46;26,18;109,98;18,94;80,21;10,41;31,79;30,43;99,85;244,37;0,00;25,86
2024.0;10.0;2024-10-01;BRASPINE;LAGOA;PR;JAGUARIAIVA;24,10;10,78;127,29;18,80;82,54;10,64;31,86;31,21;100,00;217,30;0,00;17,66
2024.0;10.0;2024-10-01;BRASPINE;MARACANA;PR;JANDAIA DO SUL;11,45;11,45;94,35;23,54;66,30;14,20;20,02;35,58;99,63;14,20;0,00;1,78
2024.0;10.0;2024-10-01;BRASPINE;MARRECA;;;;;118,26;19,16;83,17;11,17;30,32;32,38;100,00;212,26;0,00;2,39
2024.0;10.0;2024-10-01;BRASPINE;MARRECA SP;SP;ITAPIRAPUA PAULISTA;675,30;236,19;122,87;19,67;83,11;11,47;29,61;33,66;100,00;173,22;0,00;6,99
2024.0;10.0;2024-10-01;BRASPINE;MARRECAS;;;;;147,57;18,79;79,36;10,68;28,96;30,16;99,99;262,94;0,00;2,86
2024.0;10.0;2024-10-01;BRASPINE;MERCADINHO;;;;;117,30;19,84;82,06;11,68;29,46;33,57;100,00;162,26;0,00;1,03
2024.0;10.0;2024-10-01;BRASPINE;MONTE ALEGRE;;;;;100,62;24,12;65,19;14,85;19,49;36,34;99,53;14,85;0,00;0,68
2024.0;10.0;2024-10-01;BRASPINE;MONTE TABOR II;;;;;119,98;19,17;84,31;11,77;32,69;31,87;100,00;176,76;0,00;4,31
2024.0;10.0;2024-10-01;BRASPINE;MOREIRA;PR;DOUTOR ULYSSES;230,52;68,68;118,95;19,02;82,72;11,03;30,95;31,77;100,00;208,19;0,00;8,81
2024.0;10.0;2024-10-01;BRASPINE;MOREIRAS II;PR;DOUTOR ULYSSES;66,76;28,75;119,00;19,02;82,72;11,03;30,95;31,77;100,00;208,19;0,00;8,81
2024.0;10.0;2024-10-01;BRASPINE;MORRETES;PR;ORTIGUEIRA;20,36;20,36;113,82;21,53;74,48;11,95;26,11;33,66;99,78;124,69;0,00;354,72
2024.0;10.0;2024-10-01;BRASPINE;MORRO AZUL;;;;;118,06;19,04;82,89;11,14;29,80;32,24;100,00;223,11;0,00;7,10
2024.0;10.0;2024-10-01;BRASPINE;OURO FINO;SP;APIAI;51,70;51,70;112,08;18,78;84,07;11,32;31,23;31,76;100,00;239,87;0,00;4,55
2024.0;10.0;2024-10-01;BRASPINE;PALMEIRINHA DE BAIXO - SOSSEGO;PR;SENGES;85,93;9,22;124,08;18,80;80,87;10,91;31,68;30,49;99,86;232,13;0,00;2,79
2024.0;10.0;2024-10-01;BRASPINE;PAZIN;PR;DOUTOR ULYSSES;41,20;23,90;117,76;19,16;83,17;11,17;30,32;32,38;100,00;212,26;0,00;2,39
2024.0;10.0;2024-10-01;BRASPINE;PEDRAS;PR;CASTRO;7,18;7,18;116,42;18,70;81,69;9,93;33,11;30,18;99,53;240,78;0,00;1,92
2024.0;10.0;2024-10-01;BRASPINE;PESCARIA;PR;SAO JOSE DA BOA VISTA;184,57;129,22;112,74;21,63;72,31;13,42;25,98;34,13;99,55;68,55;0,00;13,36
2024.0;10.0;2024-10-01;BRASPINE;PESSEGUEIRO;PR;DOUTOR ULYSSES;109,95;64,79;126,78;19,02;82,72;11,03;30,95;31,77;100,00;208,19;0,00;8,81
2024.0;10.0;2024-10-01;BRASPINE;PITANGA;;;;;177,30;20,36;75,75;11,27;28,21;31,35;99,80;138,79;0,00;1,43
2024.0;10.0;2024-10-01;BRASPINE;QUEIMADINHO ARROIO CLARO;PR;DOUTOR ULYSSES;48,13;19,09;116,37;19,02;82,72;11,03;30,95;31,77;100,00;208,19;0,00;8,81
2024.0;10.0;2024-10-01;BRASPINE;QUEIMADINHO M6042;PR;DOUTOR ULYSSES;48,38;18,50;116,37;19,02;82,72;11,03;30,95;31,77;100,00;208,19;0,00;8,81
2024.0;10.0;2024-10-01;BRASPINE;QUEIMADINHO USUCAPIAO;PR;DOUTOR ULYSSES;200,27;92,43;116,37;19,02;82,72;11,03;30,95;31,77;100,00;208,19;0,00;8,81
2024.0;10.0;2024-10-01;BRASPINE;RAMOS;PR;SENGES;69,83;38,15;117,67;18,80;82,54;10,64;31,86;31,21;100,00;217,30;0,00;17,66
2024.0;10.0;2024-10-01;BRASPINE;RIBEIRAO GRANDE;PR;JAGUARIAIVA;20,77;20,77;110,96;18,77;81,15;10,09;31,11;30,53;99,58;241,30;0,00;2,73
2024.0;10.0;2024-10-01;BRASPINE;RINCAO DE BAIXO;;;;;108,97;20,06;75,02;11,28;27,97;31,48;99,55;201,81;0,00;3,04
2024.0;10.0;2024-10-01;BRASPINE;RIO BOMBA;PR;CERRO AZUL;65,03;37,72;116,77;20,15;80,68;11,86;30,23;33,50;99,98;150,97;0,00;4,82
2024.0;10.0;2024-10-01;BRASPINE;RIO DO MEIO;PR;DOUTOR ULYSSES;712,33;389,13;118,29;19,02;82,72;11,03;30,95;31,77;100,00;208,19;0,00;8,81
2024.0;10.0;2024-10-01;BRASPINE;RONDON;PR;JAGUARIAIVA;2899,24;1475,88;99,49;18,78;81,40;10,69;32,74;30,44;99,89;230,61;0,00;14,09
2024.0;10.0;2024-10-01;BRASPINE;SANTA FELICIDADE;;;;;108,85;19,89;83,20;11,58;28,96;34,34;100,00;176,49;0,00;2,13
2024.0;10.0;2024-10-01;BRASPINE;SANTA LIDIA DO CERCADINHO;;;;;101,21;19,69;75,45;11,10;28,11;31,07;99,54;227,40;0,00;3,59
2024.0;10.0;2024-10-01;BRASPINE;SANTO ANTONIO;;;;;124,90;18,78;81,06;10,98;30,45;30,80;100,00;262,34;0,00;65,85
2024.0;10.0;2024-10-01;BRASPINE;SAO JOSE;PR;JANDAIA DO SUL;37,56;37,56;100,16;23,94;65,57;14,69;19,83;36,07;99,65;14,69;0,00;0,95
2024.0;10.0;2024-10-01;BRASPINE;SAO MATHEUS;;;;;97,53;25,33;63,10;15,95;17,85;37,80;99,49;0,00;0,00;0,41
2024.0;10.0;2024-10-01;BRASPINE;SAO PEDRO E SAO PAULO;PR;SAPOPEMA;709,13;323,93;114,16;21,30;72,21;12,94;23,52;33,35;99,20;141,10;0,00;0,90
2024.0;10.0;2024-10-01;BRASPINE;SAO RAFAEL;;;;;121,84;18,78;80,08;10,33;31,52;31,72;99,40;197,96;0,00;1,81
2024.0;10.0;2024-10-01;BRASPINE;SAO RAFAEL - PB;;;;;115,03;18,86;83,84;11,28;30,47;32,03;100,00;224,61;0,00;5,76
2024.0;10.0;2024-10-01;BRASPINE;SERRARIA;PR;DOUTOR ULYSSES;280,88;117,71;134,27;18,96;83,03;10,96;31,02;31,80;100,00;208,79;0,00;4,69
2024.0;10.0;2024-10-01;BRASPINE;SERRO VERDE;;;;;180,53;19,76;76,91;10,84;28,89;30,83;99,83;220,69;0,00;4,33
2024.0;10.0;2024-10-01;BRASPINE;SERTAOZINHO;PR;DOUTOR ULYSSES;16,25;16,25;122,72;19,02;82,72;11,03;30,95;31,77;100,00;208,19;0,00;8,81
2024.0;10.0;2024-10-01;BRASPINE;SITIO BASILIO;PR;JAGUARIAIVA;8,08;8,08;107,33;18,92;79,72;10,47;31,63;30,24;99,60;244,41;0,00;26,59
2024.0;10.0;2024-10-01;BRASPINE;SITIO DAS MARRECAS;PR;DOUTOR ULYSSES;77,49;35,17;120,78;19,53;83,13;11,38;29,81;33,29;100,00;186,65;0,00;9,86
2024.0;10.0;2024-10-01;BRASPINE;SOBRADINHO;SP;BOM SUCESSO DE ITARARE;285,80;123,10;118,74;18,67;82,03;11,08;30,34;30,93;100,00;277,70;0,00;59,38
2024.0;10.0;2024-10-01;BRASPINE;TAQUARAL;PR;JAGUARIAIVA;519,13;31,07;113,39;18,81;81,21;10,41;33,07;30,38;99,99;228,44;0,00;22,61
2024.0;10.0;2024-10-01;BRASPINE;TUCUNDUVA;PR;SENGES;82,21;60,89;110,62;19,72;77,14;11,70;30,34;31,24;99,55;198,90;0,00;4,24
2024.0;10.0;2024-10-01;BRASPINE;TUCUNDUVA - CHAMMA;;;;;120,54;19,79;77,14;11,88;30,25;31,50;99,56;186,07;0,00;1,82
2024.0;10.0;2024-10-01;BRASPINE;VIENA 1;PR;DOUTOR ULYSSES;263,98;178,34;132,10;18,62;82,66;10,42;33,24;30,57;100,00;245,35;0,00;8,69
2024.0;10.0;2024-10-01;BRASPINE;VIENA 2;PR;CERRO AZUL;140,23;96,54;116,40;20,15;80,68;11,86;30,23;33,50;99,98;150,97;0,00;4,82
2024.0;10.0;2024-10-01;BRASPINE;VITORIA;PR;SENGES;50,54;35,69;124,08;18,80;80,87;10,91;31,68;30,49;99,86;232,13;0,00;2,79
2024.0;10.0;2024-10-01;BRASPINE;VIVEIRO;PR;DOUTOR ULYSSES;405,39;261,22;119,00;19,02;82,72;11,03;30,95;31,77;100,00;208,19;0,00;8,81
2024.0;10.0;2024-10-01;BRASPINE;VO LINO;PR;DOUTOR ULYSSES;164,50;97,89;120,28;19,16;83,17;11,17;30,32;32,38;100,00;212,26;0,00;2,39
2024.0;10.0;2024-10-01;BRASPINE;XAXIM VELHO;;;;;147,28;18,65;80,50;10,34;30,13;30,01;100,00;277,67;0,00;0,25
2024.0;11.0;2024-11-01;BRASPINE;AGUA DOCE;PR;JAGUARIAIVA;238,97;121,99;101,64;19,52;82,78;12,22;44,52;28,04;99,84;151,68;0,00;2,02
2024.0;11.0;2024-11-01;BRASPINE;AMATA;;;;;92,65;21,37;82,90;14,65;39,51;32,08;100,00;14,65;0,00;0,65
2024.0;11.0;2024-11-01;BRASPINE;ANTA BRAVA;;;;;127,55;22,30;78,39;15,26;35,76;32,11;99,87;0,00;0,00;7,67
2024.0;11.0;2024-11-01;BRASPINE;ARAPONGAS;PR;SENGES;423,34;263,70;104,16;19,72;84,52;12,91;40,34;29,59;100,00;125,61;0,00;1,05
2024.0;11.0;2024-11-01;BRASPINE;ARROIO CLARO;PR;DOUTOR ULYSSES;275,14;92,00;111,02;19,90;84,77;13,09;39,34;30,30;100,00;112,40;0,00;1,14
2024.0;11.0;2024-11-01;BRASPINE;BARRA GRANDE;PR;DOUTOR ULYSSES;493,79;139,68;113,02;20,24;84,70;13,54;39,55;30,60;100,00;85,13;0,00;0,65
2024.0;11.0;2024-11-01;BRASPINE;BARRA GRANDE - BEMAIS;PR;GUARAPUAVA;299,16;108,61;114,21;19,77;80,64;10,85;36,08;28,36;99,97;118,17;0,00;0,44
2024.0;11.0;2024-11-01;BRASPINE;BARRETOS;PR;JAGUARIAIVA;43,35;32,98;103,20;19,57;84,19;12,45;42,55;28,87;100,00;136,66;0,00;0,00
2024.0;11.0;2024-11-01;BRASPINE;BAU;;;;;119,99;19,79;80,56;10,04;39,90;28,25;99,84;102,99;0,00;2,00
2024.0;11.0;2024-11-01;BRASPINE;BOA VISTA II;PR;PIRAI DO SUL;944,00;535,05;104,46;19,47;83,60;12,14;43,85;28,33;99,99;149,52;0,00;5,86
2024.0;11.0;2024-11-01;BRASPINE;BRASILEIRA;;;;;106,88;19,72;84,52;12,91;40,34;29,59;100,00;125,61;0,00;1,05
2024.0;11.0;2024-11-01;BRASPINE;BURACAO;;;;;85,79;19,76;83,07;12,59;42,34;29,39;99,84;125,40;0,00;1,30
2024.0;11.0;2024-11-01;BRASPINE;BURRINHO;PR;DOUTOR ULYSSES;211,01;100,37;110,92;19,90;84,77;13,09;39,34;30,30;100,00;112,40;0,00;1,14
2024.0;11.0;2024-11-01;BRASPINE;CADEADO I;PR;JAGUARIAIVA;21,07;12,29;103,02;19,49;84,24;12,50;41,23;29,14;100,00;137,15;0,00;0,88
2024.0;11.0;2024-11-01;BRASPINE;CADEADO II;PR;JAGUARIAIVA;21,88;16,79;103,02;19,49;84,24;12,50;41,23;29,14;100,00;137,15;0,00;0,88
2024.0;11.0;2024-11-01;BRASPINE;CAMPINA ALTA;PR;TIBAGI;29,77;18,24;110,29;21,14;79,26;13,48;37,34;29,82;99,93;55,06;0,00;1,91
2024.0;11.0;2024-11-01;BRASPINE;CAMPINA DO ELIAS;PR;JAGUARIAIVA;29,17;14,65;106,49;19,54;84,21;12,47;42,07;28,96;100,00;136,84;0,00;347,13
2024.0;11.0;2024-11-01;BRASPINE;CAMPO NOVO;PR;JAGUARIAIVA;295,98;156,36;103,62;19,49;84,24;12,50;41,23;29,14;100,00;137,15;0,00;0,88
2024.0;11.0;2024-11-01;BRASPINE;CONSULTORIA II A;PR;DOUTOR ULYSSES;89,62;60,79;108,26;19,72;84,52;12,91;40,34;29,59;100,00;125,61;0,00;1,05
2024.0;11.0;2024-11-01;BRASPINE;DINIZ;;;;;109,67;19,72;84,52;12,91;40,34;29,59;100,00;125,61;0,00;1,05
2024.0;11.0;2024-11-01;BRASPINE;ENES;PR;JAGUARIAIVA;5,93;5,69;103,55;19,49;84,24;12,50;41,23;29,14;100,00;137,15;0,00;0,88
2024.0;11.0;2024-11-01;BRASPINE;ENGENHARIA;;;;;109,67;19,72;84,52;12,91;40,34;29,59;100,00;125,61;0,00;1,05
2024.0;11.0;2024-11-01;BRASPINE;ESTACAO;PR;SENGES;4,76;4,14;106,00;19,49;84,24;12,50;41,23;29,14;100,00;137,15;0,00;0,88
2024.0;11.0;2024-11-01;BRASPINE;FAXINAL;PR;JAGUARIAIVA;20,65;20,65;103,55;19,49;84,24;12,50;41,23;29,14;100,00;137,15;0,00;0,88
2024.0;11.0;2024-11-01;BRASPINE;FEITAL;PR;DOUTOR ULYSSES;154,17;86,53;111,22;19,89;84,58;13,12;40,08;29,84;100,00;112,22;0,00;0,24
2024.0;11.0;2024-11-01;BRASPINE;FIGUEIRA;PR;DOUTOR ULYSSES;1053,81;315,71;111,94;19,90;84,77;13,09;39,34;30,30;100,00;112,40;0,00;1,14
2024.0;11.0;2024-11-01;BRASPINE;FIGUEIRINHA;PR;DOUTOR ULYSSES;94,37;56,74;112,76;19,90;84,77;13,09;39,34;30,30;100,00;112,40;0,00;1,14
2024.0;11.0;2024-11-01;BRASPINE;FLOEMA;PR;DOUTOR ULYSSES;2189,88;701,43;107,64;19,41;84,46;12,44;40,39;29,55;100,00;137,02;0,00;0,97
2024.0;11.0;2024-11-01;BRASPINE;FLOEMA I - SUDATI;;;;;104,84;19,72;84,52;12,91;40,34;29,59;100,00;125,61;0,00;1,05
2024.0;11.0;2024-11-01;BRASPINE;FLOEMA II - SUDATI;PR;DOUTOR ULYSSES;453,83;211,13;107,51;19,72;84,52;12,91;40,34;29,59;100,00;125,61;0,00;1,05
2024.0;11.0;2024-11-01;BRASPINE;FLOR DA SERRA;PR;SAO JOSE DA BOA VISTA;209,10;128,72;99,39;21,77;77,30;14,38;37,37;31,44;99,68;44,08;0,00;1,33
2024.0;11.0;2024-11-01;BRASPINE;GENTIL;PR;JAGUARIAIVA;126,77;53,33;100,50;19,42;82,58;12,08;46,03;27,86;99,73;150,41;0,00;3,34
2024.0;11.0;2024-11-01;BRASPINE;GUAIRACA;PR;GUARAPUAVA;623,62;169,31;122,82;19,87;80,55;10,65;36,80;28,63;99,98;104,19;0,00;0,39
2024.0;11.0;2024-11-01;BRASPINE;HERVAL 2 - MADALOSSO;;;;;85,10;19,76;83,07;12,59;42,34;29,39;99,84;125,40;0,00;1,30
2024.0;11.0;2024-11-01;BRASPINE;HERVAL DE BAIXO;PR;RESERVA;827,29;475,92;102,94;21,19;79,26;13,42;36,35;30,02;99,87;54,87;0,00;0,03
2024.0;11.0;2024-11-01;BRASPINE;HORTO 01;PR;TURVO;19,12;19,12;113,45;20,68;80,25;11,30;35,71;29,67;99,74;93,81;0,00;1,13
2024.0;11.0;2024-11-01;BRASPINE;HORTO 02;PR;TURVO;4,24;4,24;112,78;20,68;80,25;11,30;35,71;29,67;99,74;93,81;0,00;1,13
2024.0;11.0;2024-11-01;BRASPINE;HORTO 03;PR;PRUDENTOPOLIS;80,91;25,89;117,01;21,11;79,67;12,04;34,34;30,20;99,94;82,01;0,00;3,04
2024.0;11.0;2024-11-01;BRASPINE;HORTO 08;PR;TURVO;9,53;9,53;112,13;21,11;79,67;12,04;34,34;30,20;99,94;82,01;0,00;3,04
2024.0;11.0;2024-11-01;BRASPINE;HORTO 12;PR;PRUDENTOPOLIS;12,20;12,20;119,19;21,11;79,67;12,04;34,34;30,20;99,94;82,01;0,00;3,04
2024.0;11.0;2024-11-01;BRASPINE;IZAU;PR;PIRAI DO SUL;19,37;11,60;100,00;19,44;83,14;12,09;44,93;28,16;99,76;149,58;0,00;1,38
2024.0;11.0;2024-11-01;BRASPINE;JOAO RICO;PR;JAGUARIAIVA;47,46;26,18;100,72;19,52;82,78;12,22;44,52;28,04;99,84;151,68;0,00;2,02
2024.0;11.0;2024-11-01;BRASPINE;LAGOA;PR;JAGUARIAIVA;24,10;10,78;110,08;19,49;84,24;12,50;41,23;29,14;100,00;137,15;0,00;0,88
2024.0;11.0;2024-11-01;BRASPINE;MARACANA;PR;JANDAIA DO SUL;11,45;11,45;175,97;23,44;72,67;15,25;27,65;32,98;99,95;0,00;0,00;0,54
2024.0;11.0;2024-11-01;BRASPINE;MARRECA;;;;;110,01;19,90;84,77;13,09;39,34;30,30;100,00;112,40;0,00;1,14
2024.0;11.0;2024-11-01;BRASPINE;MARRECA SP;SP;ITAPIRAPUA PAULISTA;675,30;236,19;117,71;20,62;84,77;13,90;38,64;31,46;100,00;71,86;0,00;1,09
2024.0;11.0;2024-11-01;BRASPINE;MARRECAS;;;;;121,70;19,27;81,07;10,21;37,45;27,71;100,00;128,23;0,00;2,02
2024.0;11.0;2024-11-01;BRASPINE;MERCADINHO;;;;;110,84;20,69;83,91;13,91;38,77;31,27;100,00;72,86;0,00;0,61
2024.0;11.0;2024-11-01;BRASPINE;MONTE ALEGRE;;;;;197,42;24,05;71,37;15,58;26,09;33,64;99,97;0,00;0,00;4,93
2024.0;11.0;2024-11-01;BRASPINE;MONTE TABOR II;;;;;113,71;19,78;86,26;13,15;41,23;30,07;100,00;83,98;0,00;9,24
2024.0;11.0;2024-11-01;BRASPINE;MOREIRA;PR;DOUTOR ULYSSES;230,52;68,68;107,51;19,72;84,52;12,91;40,34;29,59;100,00;125,61;0,00;1,05
2024.0;11.0;2024-11-01;BRASPINE;MOREIRAS II;PR;DOUTOR ULYSSES;66,76;28,75;108,38;19,72;84,52;12,91;40,34;29,59;100,00;125,61;0,00;1,05
2024.0;11.0;2024-11-01;BRASPINE;MORRETES;PR;ORTIGUEIRA;20,36;20,36;108,40;21,70;78,96;13,97;35,72;30,80;99,77;57,12;0,00;2,00
2024.0;11.0;2024-11-01;BRASPINE;MORRO AZUL;;;;;108,64;19,81;84,92;13,05;39,57;29,93;100,00;111,49;0,00;6,89
2024.0;11.0;2024-11-01;BRASPINE;OURO FINO;SP;APIAI;51,70;51,70;121,42;19,52;85,83;12,87;39,54;29,60;100,00;124,90;0,00;1,26
2024.0;11.0;2024-11-01;BRASPINE;PALMEIRINHA DE BAIXO - SOSSEGO;PR;SENGES;85,93;9,22;111,03;19,35;83,20;12,37;40,08;28,21;99,87;136,33;0,00;6,67
2024.0;11.0;2024-11-01;BRASPINE;PAZIN;PR;DOUTOR ULYSSES;41,20;23,90;113,62;19,90;84,77;13,09;39,34;30,30;100,00;112,40;0,00;1,14
2024.0;11.0;2024-11-01;BRASPINE;PEDRAS;PR;CASTRO;7,18;7,18;103,01;19,45;83,56;12,11;45,95;28,11;99,69;149,47;0,00;0,22
2024.0;11.0;2024-11-01;BRASPINE;PESCARIA;PR;SAO JOSE DA BOA VISTA;184,57;129,22;104,01;21,84;77,33;14,49;37,21;31,48;99,78;44,40;0,00;0,27
2024.0;11.0;2024-11-01;BRASPINE;PESSEGUEIRO;PR;DOUTOR ULYSSES;109,95;64,79;109,34;19,72;84,52;12,91;40,34;29,59;100,00;125,61;0,00;1,05
2024.0;11.0;2024-11-01;BRASPINE;PITANGA;;;;;92,05;20,74;78,68;10,62;37,49;29,67;99,78;79,66;0,00;3,14
2024.0;11.0;2024-11-01;BRASPINE;QUEIMADINHO ARROIO CLARO;PR;DOUTOR ULYSSES;48,13;19,09;106,88;19,72;84,52;12,91;40,34;29,59;100,00;125,61;0,00;1,05
2024.0;11.0;2024-11-01;BRASPINE;QUEIMADINHO M6042;PR;DOUTOR ULYSSES;48,38;18,50;106,88;19,72;84,52;12,91;40,34;29,59;100,00;125,61;0,00;1,05
2024.0;11.0;2024-11-01;BRASPINE;QUEIMADINHO USUCAPIAO;PR;DOUTOR ULYSSES;200,27;92,43;106,88;19,72;84,52;12,91;40,34;29,59;100,00;125,61;0,00;1,05
2024.0;11.0;2024-11-01;BRASPINE;RAMOS;PR;SENGES;69,83;38,15;104,84;19,49;84,24;12,50;41,23;29,14;100,00;137,15;0,00;0,88
2024.0;11.0;2024-11-01;BRASPINE;RIBEIRAO GRANDE;PR;JAGUARIAIVA;20,77;20,77;100,22;19,44;83,14;12,09;44,93;28,16;99,76;149,58;0,00;1,38
2024.0;11.0;2024-11-01;BRASPINE;RINCAO DE BAIXO;;;;;94,98;20,37;78,56;13,03;41,61;28,83;99,67;112,09;0,00;0,34
2024.0;11.0;2024-11-01;BRASPINE;RIO BOMBA;PR;CERRO AZUL;65,03;37,72;102,71;20,96;82,69;14,08;39,56;31,31;99,99;28,57;0,00;1,01
2024.0;11.0;2024-11-01;BRASPINE;RIO DO MEIO;PR;DOUTOR ULYSSES;712,33;389,13;107,98;19,72;84,52;12,91;40,34;29,59;100,00;125,61;0,00;1,05
2024.0;11.0;2024-11-01;BRASPINE;RONDON;PR;JAGUARIAIVA;2899,24;1475,88;106,85;19,39;83,43;12,34;41,58;28,22;99,89;136,46;0,00;0,76
2024.0;11.0;2024-11-01;BRASPINE;SANTA FELICIDADE;;;;;115,24;20,93;84,94;14,31;38,13;32,20;100,00;43,65;0,00;0,17
2024.0;11.0;2024-11-01;BRASPINE;SANTA LIDIA DO CERCADINHO;;;;;98,17;20,00;78,93;12,68;42,09;28,22;99,63;124,44;0,00;4,30
2024.0;11.0;2024-11-01;BRASPINE;SANTO ANTONIO;;;;;110,13;19,33;83,57;12,43;39,07;28,50;100,00;136,28;0,00;6,25
2024.0;11.0;2024-11-01;BRASPINE;SAO JOSE;PR;JANDAIA DO SUL;37,56;37,56;195,10;23,86;71,74;15,49;26,61;33,40;99,98;0,00;0,00;4,81
2024.0;11.0;2024-11-01;BRASPINE;SAO MATHEUS;;;;;197,73;25,22;69,71;16,23;25,13;34,95;99,94;0,00;0,00;2,32
2024.0;11.0;2024-11-01;BRASPINE;SAO PEDRO E SAO PAULO;PR;SAPOPEMA;709,13;323,93;126,31;21,38;77,63;13,50;36,81;30,25;99,65;56,15;0,00;0,13
2024.0;11.0;2024-11-01;BRASPINE;SAO RAFAEL;;;;;93,79;19,71;80,84;12,17;42,11;29,35;99,42;96,43;0,00;1,49
2024.0;11.0;2024-11-01;BRASPINE;SAO RAFAEL - PB;;;;;116,09;19,64;85,60;12,94;39,16;29,80;100,00;110,55;0,00;2,06
2024.0;11.0;2024-11-01;BRASPINE;SERRARIA;PR;DOUTOR ULYSSES;280,88;117,71;109,77;19,65;84,61;12,76;39,87;29,92;100,00;139,81;0,00;352,97
2024.0;11.0;2024-11-01;BRASPINE;SERRO VERDE;;;;;121,52;20,24;79,22;9,65;39,78;28,85;99,79;90,28;0,00;6,47
2024.0;11.0;2024-11-01;BRASPINE;SERTAOZINHO;PR;DOUTOR ULYSSES;16,25;16,25;109,62;19,72;84,52;12,91;40,34;29,59;100,00;125,61;0,00;1,05
2024.0;11.0;2024-11-01;BRASPINE;SITIO BASILIO;PR;JAGUARIAIVA;8,08;8,08;101,85;19,44;82,46;12,11;45,78;27,81;99,73;150,86;0,00;3,72
2024.0;11.0;2024-11-01;BRASPINE;SITIO DAS MARRECAS;PR;DOUTOR ULYSSES;77,49;35,17;114,66;20,41;84,77;13,67;38,84;31,06;100,00;85,76;0,00;1,10
2024.0;11.0;2024-11-01;BRASPINE;SOBRADINHO;SP;BOM SUCESSO DE ITARARE;285,80;123,10;116,44;19,26;84,44;12,45;38,54;28,72;100,00;136,44;0,00;5,26
2024.0;11.0;2024-11-01;BRASPINE;TAQUARAL;PR;JAGUARIAIVA;519,13;31,07;102,08;19,47;83,45;12,27;43,21;28,09;100,00;136,48;0,00;0,98
2024.0;11.0;2024-11-01;BRASPINE;TUCUNDUVA;PR;SENGES;82,21;60,89;106,76;20,09;80,60;12,83;41,92;28,86;99,62;126,70;0,00;0,93
2024.0;11.0;2024-11-01;BRASPINE;TUCUNDUVA - CHAMMA;;;;;104,86;20,18;80,53;13,07;41,16;29,06;99,66;97,90;0,00;3,53
2024.0;11.0;2024-11-01;BRASPINE;VIENA 1;PR;DOUTOR ULYSSES;263,98;178,34;112,36;19,30;84,30;12,21;42,72;28,87;100,00;150,20;0,00;1,14
2024.0;11.0;2024-11-01;BRASPINE;VIENA 2;PR;CERRO AZUL;140,23;96,54;102,86;20,96;82,69;14,08;39,56;31,31;99,99;28,57;0,00;1,01
2024.0;11.0;2024-11-01;BRASPINE;VITORIA;PR;SENGES;50,54;35,69;111,03;19,35;83,20;12,37;40,08;28,21;99,87;136,33;0,00;6,67
2024.0;11.0;2024-11-01;BRASPINE;VIVEIRO;PR;DOUTOR ULYSSES;405,39;261,22;108,38;19,72;84,52;12,91;40,34;29,59;100,00;125,61;0,00;1,05
2024.0;11.0;2024-11-01;BRASPINE;VO LINO;PR;DOUTOR ULYSSES;164,50;97,89;109,98;19,90;84,77;13,09;39,34;30,30;100,00;112,40;0,00;1,14
2024.0;11.0;2024-11-01;BRASPINE;XAXIM VELHO;;;;;132,90;19,36;81,56;9,64;40,34;28,04;100,00;129,77;0,00;2,15
2024.0;12.0;2024-12-01;BRASPINE;AGUA DOCE;PR;JAGUARIAIVA;238,97;121,99;275,17;19,89;84,98;14,07;39,96;26,98;99,87;87,15;0,00;0,20
2024.0;12.0;2024-12-01;BRASPINE;AMATA;;;;;250,86;21,54;84,75;16,01;38,03;29,78;100,00;0,00;0,00;2,17
2024.0;12.0;2024-12-01;BRASPINE;ANTA BRAVA;;;;;226,45;22,91;81,07;16,88;39,09;30,16;99,44;0,00;0,00;2,54
2024.0;12.0;2024-12-01;BRASPINE;ARAPONGAS;PR;SENGES;423,34;263,70;261,08;20,09;86,21;14,57;38,53;27,71;100,00;44,18;0,00;8,28
2024.0;12.0;2024-12-01;BRASPINE;ARROIO CLARO;PR;DOUTOR ULYSSES;275,14;92,00;254,05;20,24;86,29;14,79;38,17;28,24;100,00;29,61;0,00;1,44
2024.0;12.0;2024-12-01;BRASPINE;BARRA GRANDE;PR;DOUTOR ULYSSES;493,79;139,68;283,97;20,63;86,28;15,14;37,52;28,56;100,00;0,00;0,00;1,99
2024.0;12.0;2024-12-01;BRASPINE;BARRA GRANDE - BEMAIS;PR;GUARAPUAVA;299,16;108,61;309,20;19,59;84,09;11,73;41,13;26,91;99,99;97,38;0,00;1,95
2024.0;12.0;2024-12-01;BRASPINE;BARRETOS;PR;JAGUARIAIVA;43,35;32,98;259,18;19,95;85,87;14,12;40,41;27,26;100,00;87,54;0,00;1,15
2024.0;12.0;2024-12-01;BRASPINE;BAU;;;;;326,54;19,53;84,42;10,56;44,43;26,04;99,89;94,45;0,00;5,91
2024.0;12.0;2024-12-01;BRASPINE;BOA VISTA II;PR;PIRAI DO SUL;944,00;535,05;262,15;19,86;85,39;13,88;39,12;27,28;99,97;116,22;0,00;1,89
2024.0;12.0;2024-12-01;BRASPINE;BRASILEIRA;;;;;286,16;20,09;86,21;14,57;38,53;27,71;100,00;44,18;0,00;8,28
2024.0;12.0;2024-12-01;BRASPINE;BURACAO;;;;;265,95;19,97;84,51;14,05;41,78;27,77;99,86;42,97;0,00;3,33
2024.0;12.0;2024-12-01;BRASPINE;BURRINHO;PR;DOUTOR ULYSSES;211,01;100,37;253,34;20,24;86,29;14,79;38,17;28,24;100,00;29,61;0,00;1,44
2024.0;12.0;2024-12-01;BRASPINE;CADEADO I;PR;JAGUARIAIVA;21,07;12,29;249,67;19,86;85,93;14,19;39,54;27,10;100,00;72,90;0,00;14,36
2024.0;12.0;2024-12-01;BRASPINE;CADEADO II;PR;JAGUARIAIVA;21,88;16,79;249,67;19,86;85,93;14,19;39,54;27,10;100,00;72,90;0,00;14,36
2024.0;12.0;2024-12-01;BRASPINE;CAMPINA ALTA;PR;TIBAGI;29,77;18,24;222,08;21,12;83,19;12,98;42,80;28,53;99,98;26,59;0,00;6,87
2024.0;12.0;2024-12-01;BRASPINE;CAMPINA DO ELIAS;PR;JAGUARIAIVA;29,17;14,65;264,23;19,92;85,89;14,17;40,46;27,10;100,00;87,73;0,00;0,31
2024.0;12.0;2024-12-01;BRASPINE;CAMPO NOVO;PR;JAGUARIAIVA;295,98;156,36;261,40;19,86;85,93;14,19;39,54;27,10;100,00;72,90;0,00;14,36
2024.0;12.0;2024-12-01;BRASPINE;CONSULTORIA II A;PR;DOUTOR ULYSSES;89,62;60,79;244,77;20,09;86,21;14,57;38,53;27,71;100,00;44,18;0,00;8,28
2024.0;12.0;2024-12-01;BRASPINE;DINIZ;;;;;252,64;20,09;86,21;14,57;38,53;27,71;100,00;44,18;0,00;8,28
2024.0;12.0;2024-12-01;BRASPINE;ENES;PR;JAGUARIAIVA;5,93;5,69;261,31;19,86;85,93;14,19;39,54;27,10;100,00;72,90;0,00;14,36
2024.0;12.0;2024-12-01;BRASPINE;ENGENHARIA;;;;;252,64;20,09;86,21;14,57;38,53;27,71;100,00;44,18;0,00;8,28
2024.0;12.0;2024-12-01;BRASPINE;ESTACAO;PR;SENGES;4,76;4,14;251,89;19,86;85,93;14,19;39,54;27,10;100,00;72,90;0,00;14,36
2024.0;12.0;2024-12-01;BRASPINE;FAXINAL;PR;JAGUARIAIVA;20,65;20,65;261,31;19,86;85,93;14,19;39,54;27,10;100,00;72,90;0,00;14,36
2024.0;12.0;2024-12-01;BRASPINE;FEITAL;PR;DOUTOR ULYSSES;154,17;86,53;285,80;20,27;86,24;14,78;38,19;28,00;100,00;29,63;0,00;6,22
2024.0;12.0;2024-12-01;BRASPINE;FIGUEIRA;PR;DOUTOR ULYSSES;1053,81;315,71;250,65;20,24;86,29;14,79;38,17;28,24;100,00;29,61;0,00;1,44
2024.0;12.0;2024-12-01;BRASPINE;FIGUEIRINHA;PR;DOUTOR ULYSSES;94,37;56,74;263,02;20,24;86,29;14,79;38,17;28,24;100,00;29,61;0,00;1,44
2024.0;12.0;2024-12-01;BRASPINE;FLOEMA;PR;DOUTOR ULYSSES;2189,88;701,43;295,47;19,72;86,07;14,20;39,33;27,30;100,00;72,44;0,00;3,42
2024.0;12.0;2024-12-01;BRASPINE;FLOEMA I - SUDATI;;;;;251,58;20,09;86,21;14,57;38,53;27,71;100,00;44,18;0,00;8,28
2024.0;12.0;2024-12-01;BRASPINE;FLOEMA II - SUDATI;PR;DOUTOR ULYSSES;453,83;211,13;255,48;20,09;86,21;14,57;38,53;27,71;100,00;44,18;0,00;8,28
2024.0;12.0;2024-12-01;BRASPINE;FLOR DA SERRA;PR;SAO JOSE DA BOA VISTA;209,10;128,72;239,16;22,09;80,58;15,35;41,22;29,15;99,51;0,00;0,00;5,66
2024.0;12.0;2024-12-01;BRASPINE;GENTIL;PR;JAGUARIAIVA;126,77;53,33;271,56;19,75;84,78;13,58;39,51;26,96;99,59;100,71;0,00;1,86
2024.0;12.0;2024-12-01;BRASPINE;GUAIRACA;PR;GUARAPUAVA;623,62;169,31;306,87;19,68;84,17;11,28;42,02;27,10;99,99;83,13;0,00;132,42
2024.0;12.0;2024-12-01;BRASPINE;HERVAL 2 - MADALOSSO;;;;;274,47;19,97;84,51;14,05;41,78;27,77;99,86;42,97;0,00;3,33
2024.0;12.0;2024-12-01;BRASPINE;HERVAL DE BAIXO;PR;RESERVA;827,29;475,92;244,38;21,10;83,44;12,12;42,47;28,59;99,95;25,46;0,00;4,47
2024.0;12.0;2024-12-01;BRASPINE;HORTO 01;PR;TURVO;19,12;19,12;358,68;20,38;84,56;11,07;45,84;27,54;99,83;82,03;0,00;0,71
2024.0;12.0;2024-12-01;BRASPINE;HORTO 02;PR;TURVO;4,24;4,24;355,67;20,38;84,56;11,07;45,84;27,54;99,83;82,03;0,00;0,71
2024.0;12.0;2024-12-01;BRASPINE;HORTO 03;PR;PRUDENTOPOLIS;80,91;25,89;367,12;20,85;83,86;11,44;44,59;28,27;99,97;39,59;0,00;2,42
2024.0;12.0;2024-12-01;BRASPINE;HORTO 08;PR;TURVO;9,53;9,53;363,72;20,85;83,86;11,44;44,59;28,27;99,97;39,59;0,00;2,42
2024.0;12.0;2024-12-01;BRASPINE;HORTO 12;PR;PRUDENTOPOLIS;12,20;12,20;368,06;20,85;83,86;11,44;44,59;28,27;99,97;39,59;0,00;2,42
2024.0;12.0;2024-12-01;BRASPINE;IZAU;PR;PIRAI DO SUL;19,37;11,60;270,82;19,77;85,09;13,86;38,13;27,31;99,58;100,86;0,00;1,25
2024.0;12.0;2024-12-01;BRASPINE;JOAO RICO;PR;JAGUARIAIVA;47,46;26,18;276,02;19,89;84,98;14,07;39,96;26,98;99,87;87,15;0,00;0,20
2024.0;12.0;2024-12-01;BRASPINE;LAGOA;PR;JAGUARIAIVA;24,10;10,78;269,84;19,86;85,93;14,19;39,54;27,10;100,00;72,90;0,00;14,36
2024.0;12.0;2024-12-01;BRASPINE;MARACANA;PR;JANDAIA DO SUL;11,45;11,45;293,87;22,71;80,52;15,04;40,70;30,30;99,93;0,00;0,00;6,81
2024.0;12.0;2024-12-01;BRASPINE;MARRECA;;;;;246,13;20,24;86,29;14,79;38,17;28,24;100,00;29,61;0,00;1,44
2024.0;12.0;2024-12-01;BRASPINE;MARRECA SP;SP;ITAPIRAPUA PAULISTA;675,30;236,19;267,70;20,96;86,19;15,33;37,23;29,23;100,00;0,00;0,00;3,51
2024.0;12.0;2024-12-01;BRASPINE;MARRECAS;;;;;296,99;19,09;84,36;10,70;40,70;26,34;100,00;138,55;0,00;2,62
2024.0;12.0;2024-12-01;BRASPINE;MERCADINHO;;;;;271,98;20,93;85,54;15,43;37,66;29,20;100,00;0,00;0,00;1,92
2024.0;12.0;2024-12-01;BRASPINE;MONTE ALEGRE;;;;;281,65;23,22;79,93;15,69;40,86;31,03;99,94;0,00;0,00;2,97
2024.0;12.0;2024-12-01;BRASPINE;MONTE TABOR II;;;;;284,87;20,24;87,42;14,52;36,62;28,11;100,00;14,52;0,00;3,83
2024.0;12.0;2024-12-01;BRASPINE;MOREIRA;PR;DOUTOR ULYSSES;230,52;68,68;255,48;20,09;86,21;14,57;38,53;27,71;100,00;44,18;0,00;8,28
2024.0;12.0;2024-12-01;BRASPINE;MOREIRAS II;PR;DOUTOR ULYSSES;66,76;28,75;243,19;20,09;86,21;14,57;38,53;27,71;100,00;44,18;0,00;8,28
2024.0;12.0;2024-12-01;BRASPINE;MORRETES;PR;ORTIGUEIRA;20,36;20,36;244,86;21,55;83,49;12,47;42,29;29,23;99,93;26,39;0,00;8,24
2024.0;12.0;2024-12-01;BRASPINE;MORRO AZUL;;;;;241,72;20,23;86,58;14,56;36,92;27,85;100,00;44,14;0,00;15,78
2024.0;12.0;2024-12-01;BRASPINE;OURO FINO;SP;APIAI;51,70;51,70;258,33;19,98;87,39;14,11;37,22;27,44;100,00;43,61;0,00;5,16
2024.0;12.0;2024-12-01;BRASPINE;PALMEIRINHA DE BAIXO - SOSSEGO;PR;SENGES;85,93;9,22;255,56;19,74;85,37;14,08;39,87;26,58;99,87;72,32;0,00;27,76
2024.0;12.0;2024-12-01;BRASPINE;PAZIN;PR;DOUTOR ULYSSES;41,20;23,90;277,35;20,24;86,29;14,79;38,17;28,24;100,00;29,61;0,00;1,44
2024.0;12.0;2024-12-01;BRASPINE;PEDRAS;PR;CASTRO;7,18;7,18;279,12;19,80;85,24;13,51;39,94;27,28;99,57;100,65;0,00;2,92
2024.0;12.0;2024-12-01;BRASPINE;PESCARIA;PR;SAO JOSE DA BOA VISTA;184,57;129,22;241,27;22,15;80,60;16,17;39,94;29,16;99,53;0,00;0,00;0,24
2024.0;12.0;2024-12-01;BRASPINE;PESSEGUEIRO;PR;DOUTOR ULYSSES;109,95;64,79;253,09;20,09;86,21;14,57;38,53;27,71;100,00;44,18;0,00;8,28
2024.0;12.0;2024-12-01;BRASPINE;PITANGA;;;;;366,27;20,33;83,79;11,34;43,70;26,91;99,80;66,19;0,00;4,27
2024.0;12.0;2024-12-01;BRASPINE;QUEIMADINHO ARROIO CLARO;PR;DOUTOR ULYSSES;48,13;19,09;286,16;20,09;86,21;14,57;38,53;27,71;100,00;44,18;0,00;8,28
2024.0;12.0;2024-12-01;BRASPINE;QUEIMADINHO M6042;PR;DOUTOR ULYSSES;48,38;18,50;286,16;20,09;86,21;14,57;38,53;27,71;100,00;44,18;0,00;8,28
2024.0;12.0;2024-12-01;BRASPINE;QUEIMADINHO USUCAPIAO;PR;DOUTOR ULYSSES;200,27;92,43;286,16;20,09;86,21;14,57;38,53;27,71;100,00;44,18;0,00;8,28
2024.0;12.0;2024-12-01;BRASPINE;RAMOS;PR;SENGES;69,83;38,15;251,58;19,86;85,93;14,19;39,54;27,10;100,00;72,90;0,00;14,36
2024.0;12.0;2024-12-01;BRASPINE;RIBEIRAO GRANDE;PR;JAGUARIAIVA;20,77;20,77;268,66;19,77;85,09;13,86;38,13;27,31;99,58;100,86;0,00;1,25
2024.0;12.0;2024-12-01;BRASPINE;RINCAO DE BAIXO;;;;;231,24;20,53;82,09;12,70;41,16;27,66;99,75;41,03;0,00;0,61
2024.0;12.0;2024-12-01;BRASPINE;RIO BOMBA;PR;CERRO AZUL;65,03;37,72;281,53;21,13;84,60;15,01;38,33;29,25;99,99;0,00;0,00;0,79
2024.0;12.0;2024-12-01;BRASPINE;RIO DO MEIO;PR;DOUTOR ULYSSES;712,33;389,13;254,66;20,09;86,21;14,57;38,53;27,71;100,00;44,18;0,00;8,28
2024.0;12.0;2024-12-01;BRASPINE;RONDON;PR;JAGUARIAIVA;2899,24;1475,88;278,17;19,78;85,48;14,08;41,04;29,22;99,88;102,39;0,00;8,33
2024.0;12.0;2024-12-01;BRASPINE;SANTA FELICIDADE;;;;;254,66;21,29;86,27;15,60;36,41;29,71;100,00;0,00;0,00;0,22
2024.0;12.0;2024-12-01;BRASPINE;SANTA LIDIA DO CERCADINHO;;;;;231,77;20,18;82,30;12,41;41,33;27,21;99,71;40,38;0,00;0,10
2024.0;12.0;2024-12-01;BRASPINE;SANTO ANTONIO;;;;;261,80;19,75;85,57;14,10;38,43;26,68;100,00;71,89;0,00;9,77
2024.0;12.0;2024-12-01;BRASPINE;SAO JOSE;PR;JANDAIA DO SUL;37,56;37,56;280,52;23,06;80,14;15,55;41,04;30,83;99,96;0,00;0,00;3,78
2024.0;12.0;2024-12-01;BRASPINE;SAO MATHEUS;;;;;304,21;24,24;79,35;15,87;40,77;32,57;99,89;0,00;0,00;3,03
2024.0;12.0;2024-12-01;BRASPINE;SAO PEDRO E SAO PAULO;PR;SAPOPEMA;709,13;323,93;264,90;21,42;81,79;13,42;41,96;28,96;99,63;28,36;0,00;4,60
2024.0;12.0;2024-12-01;BRASPINE;SAO RAFAEL;;;;;274,83;19,68;83,01;13,82;41,36;28,03;99,73;86,67;0,00;1,23
2024.0;12.0;2024-12-01;BRASPINE;SAO RAFAEL - PB;;;;;259,84;20,08;87,21;14,40;36,89;27,57;100,00;43,98;0,00;7,81
2024.0;12.0;2024-12-01;BRASPINE;SERRARIA;PR;DOUTOR ULYSSES;280,88;117,71;287,77;19,98;86,18;14,49;38,75;27,77;100,00;58,79;0,00;2,46
2024.0;12.0;2024-12-01;BRASPINE;SERRO VERDE;;;;;315,41;19,87;83,55;10,75;43,61;26,43;99,92;79,32;0,00;11,14
2024.0;12.0;2024-12-01;BRASPINE;SERTAOZINHO;PR;DOUTOR ULYSSES;16,25;16,25;248,99;20,09;86,21;14,57;38,53;27,71;100,00;44,18;0,00;8,28
2024.0;12.0;2024-12-01;BRASPINE;SITIO BASILIO;PR;JAGUARIAIVA;8,08;8,08;273,50;19,78;84,74;13,74;40,06;26,85;99,67;100,95;0,00;0,50
2024.0;12.0;2024-12-01;BRASPINE;SITIO DAS MARRECAS;PR;DOUTOR ULYSSES;77,49;35,17;262,19;20,76;86,22;15,19;37,50;28,95;100,00;0,00;0,00;0,01
2024.0;12.0;2024-12-01;BRASPINE;SOBRADINHO;SP;BOM SUCESSO DE ITARARE;285,80;123,10;260,57;19,71;86,28;14,02;37,92;26,64;100,00;57,05;0,00;21,40
2024.0;12.0;2024-12-01;BRASPINE;TAQUARAL;PR;JAGUARIAIVA;519,13;31,07;293,39;19,87;85,46;14,08;40,86;29,06;100,00;87,29;0,00;15,59
2024.0;12.0;2024-12-01;BRASPINE;TUCUNDUVA;PR;SENGES;82,21;60,89;274,56;20,42;83,44;14,44;40,70;27,24;99,54;29,13;0,00;3,09
2024.0;12.0;2024-12-01;BRASPINE;TUCUNDUVA - CHAMMA;;;;;275,36;20,50;83,33;14,80;40,54;27,39;99,54;14,80;0,00;0,95
2024.0;12.0;2024-12-01;BRASPINE;VIENA 1;PR;DOUTOR ULYSSES;263,98;178,34;296,29;19,64;85,90;14,00;41,08;26,93;100,00;101,27;0,00;2,97
2024.0;12.0;2024-12-01;BRASPINE;VIENA 2;PR;CERRO AZUL;140,23;96,54;281,23;21,13;84,60;15,01;38,33;29,25;99,99;0,00;0,00;0,79
2024.0;12.0;2024-12-01;BRASPINE;VITORIA;PR;SENGES;50,54;35,69;255,56;19,74;85,37;14,08;39,87;26,58;99,87;72,32;0,00;27,76
2024.0;12.0;2024-12-01;BRASPINE;VIVEIRO;PR;DOUTOR ULYSSES;405,39;261,22;243,19;20,09;86,21;14,57;38,53;27,71;100,00;44,18;0,00;8,28
2024.0;12.0;2024-12-01;BRASPINE;VO LINO;PR;DOUTOR ULYSSES;164,50;97,89;247,38;20,24;86,29;14,79;38,17;28,24;100,00;29,61;0,00;1,44
2024.0;12.0;2024-12-01;BRASPINE;XAXIM VELHO;;;;;297,40;19,17;84,77;11,54;43,35;26,39;100,00;141,78;0,00;1,59
