ANO;MES;DATA;EMPRESA;FAZENDA;UF;MUNICIPIO;AREA_T;AREA_PRODU;PRECIP_CHIRPS_MM;TEMP_MEDIA_C;UMID_MEDIA_PCT;TEMP_MIN_C;UMID_MIN_PCT;TEMP_MAX_C;UMID_MAX_PCT;NOITES_FRIAS_Eucalipto_<15C;NOITES_FRIAS_Pinus_<5C;DIRECAO_VENTO_GRAUS
2007.0;1.0;2007-01-01;BRASPINE;AGUA DOCE;PR;JAGUARIAIVA;238,97;121,99;240,27;20,58;88,45;15,13;48,19;26,81;99,92;0,00;0,00;0,44
2007.0;1.0;2007-01-01;BRASPINE;AMATA;;;;;279,13;22,31;86,43;16,75;43,88;29,88;100,00;0,00;0,00;2,59
2007.0;1.0;2007-01-01;BRASPINE;ANTA BRAVA;;;;;335,34;22,77;85,12;17,83;49,34;29,57;99,56;0,00;0,00;15,21
2007.0;1.0;2007-01-01;BRASPINE;ARAPONGAS;PR;SENGES;423,34;263,70;253,29;20,80;88,73;15,41;46,23;27,55;100,00;0,00;0,00;4,39
2007.0;1.0;2007-01-01;BRASPINE;ARROIO CLARO;PR;DOUTOR ULYSSES;275,14;92,00;280,98;21,04;88,27;15,62;46,05;28,08;100,00;0,00;0,00;0,13
2007.0;1.0;2007-01-01;BRASPINE;BARRA GRANDE;PR;DOUTOR ULYSSES;493,79;139,68;243,28;21,30;88,58;15,82;45,79;28,18;100,00;0,00;0,00;1,11
2007.0;1.0;2007-01-01;BRASPINE;BARRA GRANDE - BEMAIS;PR;GUARAPUAVA;299,16;108,61;204,78;20,40;87,93;14,92;43,25;27,29;99,99;14,92;0,00;1,93
2007.0;1.0;2007-01-01;BRASPINE;BARRETOS;PR;JAGUARIAIVA;43,35;32,98;249,63;20,72;88,80;15,19;46,98;27,29;100,00;0,00;0,00;0,03
2007.0;1.0;2007-01-01;BRASPINE;BAU;;;;;194,22;20,42;88,32;15,79;44,83;26,95;99,90;0,00;0,00;5,98
2007.0;1.0;2007-01-01;BRASPINE;BOA VISTA II;PR;PIRAI DO SUL;944,00;535,05;252,21;20,69;88,52;15,08;47,28;27,14;99,97;0,00;0,00;2,98
2007.0;1.0;2007-01-01;BRASPINE;BRASILEIRA;;;;;239,44;20,80;88,73;15,41;46,23;27,55;100,00;0,00;0,00;4,39
2007.0;1.0;2007-01-01;BRASPINE;BURACAO;;;;;268,17;20,80;87,59;15,17;44,76;27,72;99,85;0,00;0,00;0,14
2007.0;1.0;2007-01-01;BRASPINE;BURRINHO;PR;DOUTOR ULYSSES;211,01;100,37;279,49;21,04;88,27;15,62;46,05;28,08;100,00;0,00;0,00;0,13
2007.0;1.0;2007-01-01;BRASPINE;CADEADO I;PR;JAGUARIAIVA;21,07;12,29;246,49;20,62;88,61;15,16;46,67;27,28;100,00;0,00;0,00;0,17
2007.0;1.0;2007-01-01;BRASPINE;CADEADO II;PR;JAGUARIAIVA;21,88;16,79;246,49;20,62;88,61;15,16;46,67;27,28;100,00;0,00;0,00;0,17
2007.0;1.0;2007-01-01;BRASPINE;CAMPINA ALTA;PR;TIBAGI;29,77;18,24;245,83;21,53;88,15;16,16;47,71;27,67;99,93;0,00;0,00;16,59
2007.0;1.0;2007-01-01;BRASPINE;CAMPINA DO ELIAS;PR;JAGUARIAIVA;29,17;14,65;261,35;20,68;88,73;15,17;46,87;27,29;100,00;0,00;0,00;1,94
2007.0;1.0;2007-01-01;BRASPINE;CAMPO NOVO;PR;JAGUARIAIVA;295,98;156,36;255,93;20,62;88,61;15,16;46,67;27,28;100,00;0,00;0,00;0,17
2007.0;1.0;2007-01-01;BRASPINE;CONSULTORIA II A;PR;DOUTOR ULYSSES;89,62;60,79;254,46;20,80;88,73;15,41;46,23;27,55;100,00;0,00;0,00;4,39
2007.0;1.0;2007-01-01;BRASPINE;DINIZ;;;;;242,74;20,80;88,73;15,41;46,23;27,55;100,00;0,00;0,00;4,39
2007.0;1.0;2007-01-01;BRASPINE;ENES;PR;JAGUARIAIVA;5,93;5,69;256,35;20,62;88,61;15,16;46,67;27,28;100,00;0,00;0,00;0,17
2007.0;1.0;2007-01-01;BRASPINE;ENGENHARIA;;;;;242,74;20,80;88,73;15,41;46,23;27,55;100,00;0,00;0,00;4,39
2007.0;1.0;2007-01-01;BRASPINE;ESTACAO;PR;SENGES;4,76;4,14;255,06;20,62;88,61;15,16;46,67;27,28;100,00;0,00;0,00;0,17
2007.0;1.0;2007-01-01;BRASPINE;FAXINAL;PR;JAGUARIAIVA;20,65;20,65;256,35;20,62;88,61;15,16;46,67;27,28;100,00;0,00;0,00;0,17
2007.0;1.0;2007-01-01;BRASPINE;FEITAL;PR;DOUTOR ULYSSES;154,17;86,53;246,90;20,97;88,68;15,56;46,08;27,72;100,00;0,00;0,00;3,26
2007.0;1.0;2007-01-01;BRASPINE;FIGUEIRA;PR;DOUTOR ULYSSES;1053,81;315,71;258,25;21,04;88,27;15,62;46,05;28,08;100,00;0,00;0,00;0,13
2007.0;1.0;2007-01-01;BRASPINE;FIGUEIRINHA;PR;DOUTOR ULYSSES;94,37;56,74;254,31;21,04;88,27;15,62;46,05;28,08;100,00;0,00;0,00;0,13
2007.0;1.0;2007-01-01;BRASPINE;FLOEMA;PR;DOUTOR ULYSSES;2189,88;701,43;290,28;20,56;88,34;15,15;46,46;27,41;100,00;0,00;0,00;2,15
2007.0;1.0;2007-01-01;BRASPINE;FLOEMA I - SUDATI;;;;;254,88;20,80;88,73;15,41;46,23;27,55;100,00;0,00;0,00;4,39
2007.0;1.0;2007-01-01;BRASPINE;FLOEMA II - SUDATI;PR;DOUTOR ULYSSES;453,83;211,13;256,76;20,80;88,73;15,41;46,23;27,55;100,00;0,00;0,00;4,39
2007.0;1.0;2007-01-01;BRASPINE;FLOR DA SERRA;PR;SAO JOSE DA BOA VISTA;209,10;128,72;222,59;22,18;85,47;17,01;44,28;28,28;99,75;0,00;0,00;2,62
2007.0;1.0;2007-01-01;BRASPINE;GENTIL;PR;JAGUARIAIVA;126,77;53,33;231,71;20,34;88,46;14,85;48,23;26,48;99,63;14,85;0,00;4,16
2007.0;1.0;2007-01-01;BRASPINE;GUAIRACA;PR;GUARAPUAVA;623,62;169,31;197,07;20,59;87,35;14,73;43,22;27,41;99,99;14,73;0,00;2,99
2007.0;1.0;2007-01-01;BRASPINE;HERVAL 2 - MADALOSSO;;;;;250,77;20,80;87,59;15,17;44,76;27,72;99,85;0,00;0,00;0,14
2007.0;1.0;2007-01-01;BRASPINE;HERVAL DE BAIXO;PR;RESERVA;827,29;475,92;241,52;21,56;88,09;16,05;47,11;27,76;99,91;0,00;0,00;14,99
2007.0;1.0;2007-01-01;BRASPINE;HORTO 01;PR;TURVO;19,12;19,12;191,75;21,01;88,79;15,99;45,74;27,60;99,85;0,00;0,00;5,61
2007.0;1.0;2007-01-01;BRASPINE;HORTO 02;PR;TURVO;4,24;4,24;193,06;21,01;88,79;15,99;45,74;27,60;99,85;0,00;0,00;5,61
2007.0;1.0;2007-01-01;BRASPINE;HORTO 03;PR;PRUDENTOPOLIS;80,91;25,89;189,97;21,49;87,75;16,35;43,93;28,43;99,90;0,00;0,00;13,99
2007.0;1.0;2007-01-01;BRASPINE;HORTO 08;PR;TURVO;9,53;9,53;188,77;21,49;87,75;16,35;43,93;28,43;99,90;0,00;0,00;13,99
2007.0;1.0;2007-01-01;BRASPINE;HORTO 12;PR;PRUDENTOPOLIS;12,20;12,20;191,87;21,49;87,75;16,35;43,93;28,43;99,90;0,00;0,00;13,99
2007.0;1.0;2007-01-01;BRASPINE;IZAU;PR;PIRAI DO SUL;19,37;11,60;225,10;20,35;88,70;14,77;47,31;26,60;99,56;14,77;0,00;1,30
2007.0;1.0;2007-01-01;BRASPINE;JOAO RICO;PR;JAGUARIAIVA;47,46;26,18;238,17;20,58;88,45;15,13;48,19;26,81;99,92;0,00;0,00;0,44
2007.0;1.0;2007-01-01;BRASPINE;LAGOA;PR;JAGUARIAIVA;24,10;10,78;256,12;20,62;88,61;15,16;46,67;27,28;100,00;0,00;0,00;0,17
2007.0;1.0;2007-01-01;BRASPINE;MARACANA;PR;JANDAIA DO SUL;11,45;11,45;251,25;22,72;87,94;17,39;44,43;28,80;99,99;0,00;0,00;5,81
2007.0;1.0;2007-01-01;BRASPINE;MARRECA;;;;;259,07;21,04;88,27;15,62;46,05;28,08;100,00;0,00;0,00;0,13
2007.0;1.0;2007-01-01;BRASPINE;MARRECA SP;SP;ITAPIRAPUA PAULISTA;675,30;236,19;246,81;21,74;87,95;16,24;44,65;29,09;100,00;0,00;0,00;4,72
2007.0;1.0;2007-01-01;BRASPINE;MARRECAS;;;;;195,03;19,94;88,15;14,20;43,16;26,74;100,00;14,20;0,00;5,93
2007.0;1.0;2007-01-01;BRASPINE;MERCADINHO;;;;;255,79;21,63;87,24;16,14;44,83;32,94;100,00;0,00;0,00;0,49
2007.0;1.0;2007-01-01;BRASPINE;MONTE ALEGRE;;;;;250,07;23,22;87,08;17,27;43,69;29,27;99,99;0,00;0,00;1,20
2007.0;1.0;2007-01-01;BRASPINE;MONTE TABOR II;;;;;194,86;21,07;88,52;15,57;42,64;28,28;100,00;0,00;0,00;344,02
2007.0;1.0;2007-01-01;BRASPINE;MOREIRA;PR;DOUTOR ULYSSES;230,52;68,68;256,76;20,80;88,73;15,41;46,23;27,55;100,00;0,00;0,00;4,39
2007.0;1.0;2007-01-01;BRASPINE;MOREIRAS II;PR;DOUTOR ULYSSES;66,76;28,75;254,10;20,80;88,73;15,41;46,23;27,55;100,00;0,00;0,00;4,39
2007.0;1.0;2007-01-01;BRASPINE;MORRETES;PR;ORTIGUEIRA;20,36;20,36;262,12;22,00;88,01;16,32;47,32;28,34;99,90;0,00;0,00;0,13
2007.0;1.0;2007-01-01;BRASPINE;MORRO AZUL;;;;;242,73;20,99;88,89;15,43;45,00;28,03;100,00;0,00;0,00;27,81
2007.0;1.0;2007-01-01;BRASPINE;OURO FINO;SP;APIAI;51,70;51,70;214,26;20,80;89,21;15,20;44,23;28,02;100,00;0,00;0,00;9,82
2007.0;1.0;2007-01-01;BRASPINE;PALMEIRINHA DE BAIXO - SOSSEGO;PR;SENGES;85,93;9,22;229,35;20,32;88,71;15,06;46,46;26,60;99,87;0,00;0,00;18,12
2007.0;1.0;2007-01-01;BRASPINE;PAZIN;PR;DOUTOR ULYSSES;41,20;23,90;252,55;21,04;88,27;15,62;46,05;28,08;100,00;0,00;0,00;0,13
2007.0;1.0;2007-01-01;BRASPINE;PEDRAS;PR;CASTRO;7,18;7,18;229,77;20,47;88,73;14,84;48,48;26,57;99,55;14,84;0,00;7,74
2007.0;1.0;2007-01-01;BRASPINE;PESCARIA;PR;SAO JOSE DA BOA VISTA;184,57;129,22;226,13;22,27;85,35;17,16;43,89;28,47;99,56;0,00;0,00;0,31
2007.0;1.0;2007-01-01;BRASPINE;PESSEGUEIRO;PR;DOUTOR ULYSSES;109,95;64,79;259,07;20,80;88,73;15,41;46,23;27,55;100,00;0,00;0,00;4,39
2007.0;1.0;2007-01-01;BRASPINE;PITANGA;;;;;230,39;21,01;88,59;16,54;45,94;27,25;100,00;0,00;0,00;4,25
2007.0;1.0;2007-01-01;BRASPINE;QUEIMADINHO ARROIO CLARO;PR;DOUTOR ULYSSES;48,13;19,09;239,44;20,80;88,73;15,41;46,23;27,55;100,00;0,00;0,00;4,39
2007.0;1.0;2007-01-01;BRASPINE;QUEIMADINHO M6042;PR;DOUTOR ULYSSES;48,38;18,50;239,44;20,80;88,73;15,41;46,23;27,55;100,00;0,00;0,00;4,39
2007.0;1.0;2007-01-01;BRASPINE;QUEIMADINHO USUCAPIAO;PR;DOUTOR ULYSSES;200,27;92,43;239,44;20,80;88,73;15,41;46,23;27,55;100,00;0,00;0,00;4,39
2007.0;1.0;2007-01-01;BRASPINE;RAMOS;PR;SENGES;69,83;38,15;254,88;20,62;88,61;15,16;46,67;27,28;100,00;0,00;0,00;0,17
2007.0;1.0;2007-01-01;BRASPINE;RIBEIRAO GRANDE;PR;JAGUARIAIVA;20,77;20,77;227,14;20,35;88,70;14,77;47,31;26,60;99,56;14,77;0,00;1,30
2007.0;1.0;2007-01-01;BRASPINE;RINCAO DE BAIXO;;;;;248,52;20,95;87,02;15,60;47,98;26,85;99,77;0,00;0,00;7,62
2007.0;1.0;2007-01-01;BRASPINE;RIO BOMBA;PR;CERRO AZUL;65,03;37,72;290,43;21,92;86,54;16,41;44,23;29,31;99,97;0,00;0,00;0,68
2007.0;1.0;2007-01-01;BRASPINE;RIO DO MEIO;PR;DOUTOR ULYSSES;712,33;389,13;250,19;20,80;88,73;15,41;46,23;27,55;100,00;0,00;0,00;4,39
2007.0;1.0;2007-01-01;BRASPINE;RONDON;PR;JAGUARIAIVA;2899,24;1475,88;234,63;20,42;88,70;15,07;47,25;26,72;99,89;0,00;0,00;3,76
2007.0;1.0;2007-01-01;BRASPINE;SANTA FELICIDADE;;;;;235,35;22,16;87,65;16,58;43,12;29,68;100,00;0,00;0,00;5,70
2007.0;1.0;2007-01-01;BRASPINE;SANTA LIDIA DO CERCADINHO;;;;;224,71;20,64;87,11;15,25;47,86;26,40;99,77;0,00;0,00;6,29
2007.0;1.0;2007-01-01;BRASPINE;SANTO ANTONIO;;;;;239,40;20,38;88,70;14,97;45,79;27,04;100,00;14,97;0,00;2,53
2007.0;1.0;2007-01-01;BRASPINE;SAO JOSE;PR;JANDAIA DO SUL;37,56;37,56;250,44;23,07;87,26;17,11;43,91;29,11;100,00;0,00;0,00;22,44
2007.0;1.0;2007-01-01;BRASPINE;SAO MATHEUS;;;;;251,65;24,30;86,38;18,42;42,11;30,46;99,92;0,00;0,00;4,34
2007.0;1.0;2007-01-01;BRASPINE;SAO PEDRO E SAO PAULO;PR;SAPOPEMA;709,13;323,93;236,62;21,58;87,51;16,44;45,86;27,44;99,65;0,00;0,00;3,73
2007.0;1.0;2007-01-01;BRASPINE;SAO RAFAEL;;;;;203,51;20,82;85,49;15,17;41,17;27,67;99,79;0,00;0,00;2,19
2007.0;1.0;2007-01-01;BRASPINE;SAO RAFAEL - PB;;;;;218,13;20,90;89,11;15,33;44,07;28,12;100,00;0,00;0,00;14,71
2007.0;1.0;2007-01-01;BRASPINE;SERRARIA;PR;DOUTOR ULYSSES;280,88;117,71;291,08;20,80;88,30;15,38;46,25;27,69;100,00;0,00;0,00;0,11
2007.0;1.0;2007-01-01;BRASPINE;SERRO VERDE;;;;;192,38;20,75;87,15;16,22;43,72;27,43;99,99;0,00;0,00;3,91
2007.0;1.0;2007-01-01;BRASPINE;SERTAOZINHO;PR;DOUTOR ULYSSES;16,25;16,25;258,30;20,80;88,73;15,41;46,23;27,55;100,00;0,00;0,00;4,39
2007.0;1.0;2007-01-01;BRASPINE;SITIO BASILIO;PR;JAGUARIAIVA;8,08;8,08;239,50;20,40;88,38;14,95;48,51;26,54;99,73;14,95;0,00;2,73
2007.0;1.0;2007-01-01;BRASPINE;SITIO DAS MARRECAS;PR;DOUTOR ULYSSES;77,49;35,17;254,17;21,54;88,04;16,06;45,05;28,80;100,00;0,00;0,00;6,77
2007.0;1.0;2007-01-01;BRASPINE;SOBRADINHO;SP;BOM SUCESSO DE ITARARE;285,80;123,10;247,33;20,34;89,09;14,80;46,18;27,34;100,00;14,80;0,00;24,89
2007.0;1.0;2007-01-01;BRASPINE;TAQUARAL;PR;JAGUARIAIVA;519,13;31,07;236,65;20,60;88,70;15,18;48,06;26,90;100,00;0,00;0,00;2,34
2007.0;1.0;2007-01-01;BRASPINE;TUCUNDUVA;PR;SENGES;82,21;60,89;239,56;20,96;86,90;15,76;46,74;27,03;99,59;0,00;0,00;1,47
2007.0;1.0;2007-01-01;BRASPINE;TUCUNDUVA - CHAMMA;;;;;240,32;20,95;87,04;15,78;46,79;27,07;99,56;0,00;0,00;29,27
2007.0;1.0;2007-01-01;BRASPINE;VIENA 1;PR;DOUTOR ULYSSES;263,98;178,34;287,25;20,44;88,55;14,91;47,27;27,13;100,00;14,91;0,00;4,29
2007.0;1.0;2007-01-01;BRASPINE;VIENA 2;PR;CERRO AZUL;140,23;96,54;290,01;21,92;86,54;16,41;44,23;29,31;99,97;0,00;0,00;0,68
2007.0;1.0;2007-01-01;BRASPINE;VITORIA;PR;SENGES;50,54;35,69;229,35;20,32;88,71;15,06;46,46;26,60;99,87;0,00;0,00;18,12
2007.0;1.0;2007-01-01;BRASPINE;VIVEIRO;PR;DOUTOR ULYSSES;405,39;261,22;254,10;20,80;88,73;15,41;46,23;27,55;100,00;0,00;0,00;4,39
2007.0;1.0;2007-01-01;BRASPINE;VO LINO;PR;DOUTOR ULYSSES;164,50;97,89;266,66;21,04;88,27;15,62;46,05;28,08;100,00;0,00;0,00;0,13
2007.0;1.0;2007-01-01;BRASPINE;XAXIM VELHO;;;;;207,83;20,15;87,68;14,33;43,05;26,90;100,00;14,33;0,00;1,49
2007.0;2.0;2007-02-01;BRASPINE;AGUA DOCE;PR;JAGUARIAIVA;238,97;121,99;193,62;20,70;83,55;14,06;44,70;27,79;99,69;42,55;0,00;2,04
2007.0;2.0;2007-02-01;BRASPINE;AMATA;;;;;162,07;22,49;82,47;16,34;40,44;31,46;100,00;0,00;0,00;0,67
2007.0;2.0;2007-02-01;BRASPINE;ANTA BRAVA;;;;;134,53;23,31;80,62;15,85;44,13;30,44;99,52;0,00;0,00;7,92
2007.0;2.0;2007-02-01;BRASPINE;ARAPONGAS;PR;SENGES;423,34;263,70;189,26;20,86;84,88;14,49;42,19;29,15;100,00;43,80;0,00;1,55
2007.0;2.0;2007-02-01;BRASPINE;ARROIO CLARO;PR;DOUTOR ULYSSES;275,14;92,00;198,35;21,07;84,74;14,70;40,75;29,69;100,00;44,44;0,00;351,24
2007.0;2.0;2007-02-01;BRASPINE;BARRA GRANDE;PR;DOUTOR ULYSSES;493,79;139,68;226,27;21,39;84,96;15,13;40,99;30,22;100,00;0,00;0,00;8,38
2007.0;2.0;2007-02-01;BRASPINE;BARRA GRANDE - BEMAIS;PR;GUARAPUAVA;299,16;108,61;158,07;20,03;85,35;12,36;45,71;27,13;99,99;67,39;0,00;7,90
2007.0;2.0;2007-02-01;BRASPINE;BARRETOS;PR;JAGUARIAIVA;43,35;32,98;193,04;20,83;84,51;14,22;44,72;28,72;99,96;42,91;0,00;2,76
2007.0;2.0;2007-02-01;BRASPINE;BAU;;;;;91,79;20,08;85,80;12,56;48,25;26,73;99,91;53,27;0,00;0,25
2007.0;2.0;2007-02-01;BRASPINE;BOA VISTA II;PR;PIRAI DO SUL;944,00;535,05;203,25;20,80;84,08;14,06;45,35;28,33;99,91;57,25;0,00;4,42
2007.0;2.0;2007-02-01;BRASPINE;BRASILEIRA;;;;;223,17;20,86;84,88;14,49;42,19;29,15;100,00;43,80;0,00;1,55
2007.0;2.0;2007-02-01;BRASPINE;BURACAO;;;;;209,75;20,78;83,69;14,44;46,14;28,35;99,85;43,51;0,00;0,15
2007.0;2.0;2007-02-01;BRASPINE;BURRINHO;PR;DOUTOR ULYSSES;211,01;100,37;198,24;21,07;84,74;14,70;40,75;29,69;100,00;44,44;0,00;351,24
2007.0;2.0;2007-02-01;BRASPINE;CADEADO I;PR;JAGUARIAIVA;21,07;12,29;184,48;20,67;84,57;14,18;43,28;28,66;100,00;42,83;0,00;0,46
2007.0;2.0;2007-02-01;BRASPINE;CADEADO II;PR;JAGUARIAIVA;21,88;16,79;184,48;20,67;84,57;14,18;43,28;28,66;100,00;42,83;0,00;0,46
2007.0;2.0;2007-02-01;BRASPINE;CAMPINA ALTA;PR;TIBAGI;29,77;18,24;208,08;21,51;83,85;13,51;44,69;28,49;99,91;27,03;0,00;7,49
2007.0;2.0;2007-02-01;BRASPINE;CAMPINA DO ELIAS;PR;JAGUARIAIVA;29,17;14,65;186,42;20,77;84,53;14,20;44,20;28,70;99,97;42,88;0,00;2,01
2007.0;2.0;2007-02-01;BRASPINE;CAMPO NOVO;PR;JAGUARIAIVA;295,98;156,36;192,63;20,67;84,57;14,18;43,28;28,66;100,00;42,83;0,00;0,46
2007.0;2.0;2007-02-01;BRASPINE;CONSULTORIA II A;PR;DOUTOR ULYSSES;89,62;60,79;216,56;20,86;84,88;14,49;42,19;29,15;100,00;43,80;0,00;1,55
2007.0;2.0;2007-02-01;BRASPINE;DINIZ;;;;;225,92;20,86;84,88;14,49;42,19;29,15;100,00;43,80;0,00;1,55
2007.0;2.0;2007-02-01;BRASPINE;ENES;PR;JAGUARIAIVA;5,93;5,69;193,19;20,67;84,57;14,18;43,28;28,66;100,00;42,83;0,00;0,46
2007.0;2.0;2007-02-01;BRASPINE;ENGENHARIA;;;;;225,92;20,86;84,88;14,49;42,19;29,15;100,00;43,80;0,00;1,55
2007.0;2.0;2007-02-01;BRASPINE;ESTACAO;PR;SENGES;4,76;4,14;193,49;20,67;84,57;14,18;43,28;28,66;100,00;42,83;0,00;0,46
2007.0;2.0;2007-02-01;BRASPINE;FAXINAL;PR;JAGUARIAIVA;20,65;20,65;193,19;20,67;84,57;14,18;43,28;28,66;100,00;42,83;0,00;0,46
2007.0;2.0;2007-02-01;BRASPINE;FEITAL;PR;DOUTOR ULYSSES;154,17;86,53;213,39;21,03;84,90;14,71;41,79;29,51;100,00;44,42;0,00;0,68
2007.0;2.0;2007-02-01;BRASPINE;FIGUEIRA;PR;DOUTOR ULYSSES;1053,81;315,71;206,07;21,07;84,74;14,70;40,75;29,69;100,00;44,44;0,00;351,24
2007.0;2.0;2007-02-01;BRASPINE;FIGUEIRINHA;PR;DOUTOR ULYSSES;94,37;56,74;197,91;21,07;84,74;14,70;40,75;29,69;100,00;44,44;0,00;351,24
2007.0;2.0;2007-02-01;BRASPINE;FLOEMA;PR;DOUTOR ULYSSES;2189,88;701,43;189,89;20,55;84,67;14,05;41,96;28,63;100,00;42,50;0,00;4,41
2007.0;2.0;2007-02-01;BRASPINE;FLOEMA I - SUDATI;;;;;192,50;20,86;84,88;14,49;42,19;29,15;100,00;43,80;0,00;1,55
2007.0;2.0;2007-02-01;BRASPINE;FLOEMA II - SUDATI;PR;DOUTOR ULYSSES;453,83;211,13;199,39;20,86;84,88;14,49;42,19;29,15;100,00;43,80;0,00;1,55
2007.0;2.0;2007-02-01;BRASPINE;FLOR DA SERRA;PR;SAO JOSE DA BOA VISTA;209,10;128,72;186,80;22,46;79,31;15,62;44,44;29,45;98,73;0,00;0,00;0,20
2007.0;2.0;2007-02-01;BRASPINE;GENTIL;PR;JAGUARIAIVA;126,77;53,33;180,51;20,42;83,53;13,72;45,33;27,23;99,38;56,38;0,00;2,27
2007.0;2.0;2007-02-01;BRASPINE;GUAIRACA;PR;GUARAPUAVA;623,62;169,31;178,20;20,22;84,86;12,68;46,29;27,36;100,00;53,83;0,00;4,16
2007.0;2.0;2007-02-01;BRASPINE;HERVAL 2 - MADALOSSO;;;;;196,78;20,78;83,69;14,44;46,14;28,35;99,85;43,51;0,00;0,15
2007.0;2.0;2007-02-01;BRASPINE;HERVAL DE BAIXO;PR;RESERVA;827,29;475,92;167,84;21,49;84,15;12,95;44,51;28,37;99,81;26,19;0,00;4,18
2007.0;2.0;2007-02-01;BRASPINE;HORTO 01;PR;TURVO;19,12;19,12;123,31;20,68;86,42;12,96;48,75;27,38;99,69;54,44;0,00;6,62
2007.0;2.0;2007-02-01;BRASPINE;HORTO 02;PR;TURVO;4,24;4,24;122,46;20,68;86,42;12,96;48,75;27,38;99,69;54,44;0,00;6,62
2007.0;2.0;2007-02-01;BRASPINE;HORTO 03;PR;PRUDENTOPOLIS;80,91;25,89;124,28;21,20;85,31;13,46;45,45;28,10;99,92;41,49;0,00;7,63
2007.0;2.0;2007-02-01;BRASPINE;HORTO 08;PR;TURVO;9,53;9,53;126,71;21,20;85,31;13,46;45,45;28,10;99,92;41,49;0,00;7,63
2007.0;2.0;2007-02-01;BRASPINE;HORTO 12;PR;PRUDENTOPOLIS;12,20;12,20;122,71;21,20;85,31;13,46;45,45;28,10;99,92;41,49;0,00;7,63
2007.0;2.0;2007-02-01;BRASPINE;IZAU;PR;PIRAI DO SUL;19,37;11,60;188,54;20,46;83,97;13,65;44,98;27,55;99,49;55,81;0,00;5,83
2007.0;2.0;2007-02-01;BRASPINE;JOAO RICO;PR;JAGUARIAIVA;47,46;26,18;186,92;20,70;83,55;14,06;44,70;27,79;99,69;42,55;0,00;2,04
2007.0;2.0;2007-02-01;BRASPINE;LAGOA;PR;JAGUARIAIVA;24,10;10,78;183,56;20,67;84,57;14,18;43,28;28,66;100,00;42,83;0,00;0,46
2007.0;2.0;2007-02-01;BRASPINE;MARACANA;PR;JANDAIA DO SUL;11,45;11,45;201,35;22,92;82,34;15,71;43,40;29,82;100,00;0,00;0,00;4,20
2007.0;2.0;2007-02-01;BRASPINE;MARRECA;;;;;197,61;21,07;84,74;14,70;40,75;29,69;100,00;44,44;0,00;351,24
2007.0;2.0;2007-02-01;BRASPINE;MARRECA SP;SP;ITAPIRAPUA PAULISTA;675,30;236,19;202,49;21,83;84,59;15,61;39,62;31,09;100,00;0,00;0,00;5,67
2007.0;2.0;2007-02-01;BRASPINE;MARRECAS;;;;;170,06;19,50;85,79;11,90;46,75;26,68;100,00;65,29;0,00;6,76
2007.0;2.0;2007-02-01;BRASPINE;MERCADINHO;;;;;190,37;21,72;83,54;15,48;40,27;30,53;100,00;0,00;0,00;2,06
2007.0;2.0;2007-02-01;BRASPINE;MONTE ALEGRE;;;;;186,80;23,44;81,43;16,21;43,71;30,29;99,93;0,00;0,00;0,80
2007.0;2.0;2007-02-01;BRASPINE;MONTE TABOR II;;;;;159,07;21,02;86,45;14,80;42,77;29,58;100,00;14,80;0,00;49,89
2007.0;2.0;2007-02-01;BRASPINE;MOREIRA;PR;DOUTOR ULYSSES;230,52;68,68;199,39;20,86;84,88;14,49;42,19;29,15;100,00;43,80;0,00;1,55
2007.0;2.0;2007-02-01;BRASPINE;MOREIRAS II;PR;DOUTOR ULYSSES;66,76;28,75;219,09;20,86;84,88;14,49;42,19;29,15;100,00;43,80;0,00;1,55
2007.0;2.0;2007-02-01;BRASPINE;MORRETES;PR;ORTIGUEIRA;20,36;20,36;180,22;21,92;84,27;12,84;44,46;28,91;99,77;26,19;0,00;0,31
2007.0;2.0;2007-02-01;BRASPINE;MORRO AZUL;;;;;200,72;21,10;85,18;14,82;41,71;29,65;100,00;14,82;0,00;329,20
2007.0;2.0;2007-02-01;BRASPINE;OURO FINO;SP;APIAI;51,70;51,70;183,20;20,84;86,28;14,66;42,73;29,31;100,00;14,66;0,00;5,18
2007.0;2.0;2007-02-01;BRASPINE;PALMEIRINHA DE BAIXO - SOSSEGO;PR;SENGES;85,93;9,22;186,71;20,43;83,94;14,06;41,42;27,75;99,82;57,63;0,00;0,35
2007.0;2.0;2007-02-01;BRASPINE;PAZIN;PR;DOUTOR ULYSSES;41,20;23,90;206,38;21,07;84,74;14,70;40,75;29,69;100,00;44,44;0,00;351,24
2007.0;2.0;2007-02-01;BRASPINE;PEDRAS;PR;CASTRO;7,18;7,18;219,20;20,53;84,46;13,68;47,54;27,47;99,72;55,91;0,00;0,03
2007.0;2.0;2007-02-01;BRASPINE;PESCARIA;PR;SAO JOSE DA BOA VISTA;184,57;129,22;187,93;22,63;78,94;16,01;42,28;29,84;99,07;0,00;0,00;1,30
2007.0;2.0;2007-02-01;BRASPINE;PESSEGUEIRO;PR;DOUTOR ULYSSES;109,95;64,79;199,11;20,86;84,88;14,49;42,19;29,15;100,00;43,80;0,00;1,55
2007.0;2.0;2007-02-01;BRASPINE;PITANGA;;;;;122,69;20,75;85,57;13,45;47,86;27,49;99,81;56,69;0,00;0,37
2007.0;2.0;2007-02-01;BRASPINE;QUEIMADINHO ARROIO CLARO;PR;DOUTOR ULYSSES;48,13;19,09;223,17;20,86;84,88;14,49;42,19;29,15;100,00;43,80;0,00;1,55
2007.0;2.0;2007-02-01;BRASPINE;QUEIMADINHO M6042;PR;DOUTOR ULYSSES;48,38;18,50;223,17;20,86;84,88;14,49;42,19;29,15;100,00;43,80;0,00;1,55
2007.0;2.0;2007-02-01;BRASPINE;QUEIMADINHO USUCAPIAO;PR;DOUTOR ULYSSES;200,27;92,43;223,17;20,86;84,88;14,49;42,19;29,15;100,00;43,80;0,00;1,55
2007.0;2.0;2007-02-01;BRASPINE;RAMOS;PR;SENGES;69,83;38,15;192,50;20,67;84,57;14,18;43,28;28,66;100,00;42,83;0,00;0,46
2007.0;2.0;2007-02-01;BRASPINE;RIBEIRAO GRANDE;PR;JAGUARIAIVA;20,77;20,77;181,81;20,46;83,97;13,65;44,98;27,55;99,49;55,81;0,00;5,83
2007.0;2.0;2007-02-01;BRASPINE;RINCAO DE BAIXO;;;;;206,97;21,04;81,63;13,79;47,09;27,82;99,61;27,72;0,00;3,70
2007.0;2.0;2007-02-01;BRASPINE;RIO BOMBA;PR;CERRO AZUL;65,03;37,72;180,11;22,04;82,68;15,90;40,91;30,66;99,98;0,00;0,00;2,40
2007.0;2.0;2007-02-01;BRASPINE;RIO DO MEIO;PR;DOUTOR ULYSSES;712,33;389,13;220,19;20,86;84,88;14,49;42,19;29,15;100,00;43,80;0,00;1,55
2007.0;2.0;2007-02-01;BRASPINE;RONDON;PR;JAGUARIAIVA;2899,24;1475,88;193,41;20,51;84,10;14,08;42,95;27,86;99,84;42,58;0,00;1,00
2007.0;2.0;2007-02-01;BRASPINE;SANTA FELICIDADE;;;;;200,37;22,26;84,51;16,11;38,71;31,94;100,00;0,00;0,00;3,33
2007.0;2.0;2007-02-01;BRASPINE;SANTA LIDIA DO CERCADINHO;;;;;216,46;20,69;81,68;13,62;47,15;27,45;99,57;42,18;0,00;3,20
2007.0;2.0;2007-02-01;BRASPINE;SANTO ANTONIO;;;;;200,61;20,49;84,20;14,11;41,14;28,06;100,00;57,77;0,00;1,15
2007.0;2.0;2007-02-01;BRASPINE;SAO JOSE;PR;JANDAIA DO SUL;37,56;37,56;187,14;23,27;81,65;16,04;43,74;30,10;99,96;0,00;0,00;1,65
2007.0;2.0;2007-02-01;BRASPINE;SAO MATHEUS;;;;;186,22;24,55;81,12;17,32;44,11;31,68;99,87;0,00;0,00;0,95
2007.0;2.0;2007-02-01;BRASPINE;SAO PEDRO E SAO PAULO;PR;SAPOPEMA;709,13;323,93;198,64;21,68;82,25;13,70;46,35;28,51;99,50;27,76;0,00;3,61
2007.0;2.0;2007-02-01;BRASPINE;SAO RAFAEL;;;;;152,44;20,69;83,16;14,20;47,29;28,16;99,58;43,38;0,00;5,43
2007.0;2.0;2007-02-01;BRASPINE;SAO RAFAEL - PB;;;;;192,76;20,96;85,97;14,77;42,12;29,52;100,00;14,77;0,00;0,18
2007.0;2.0;2007-02-01;BRASPINE;SERRARIA;PR;DOUTOR ULYSSES;280,88;117,71;191,47;20,81;84,70;14,37;41,35;29,16;100,00;43,47;0,00;3,23
2007.0;2.0;2007-02-01;BRASPINE;SERRO VERDE;;;;;102,97;20,43;84,64;12,95;46,73;27,23;99,92;54,76;0,00;2,50
2007.0;2.0;2007-02-01;BRASPINE;SERTAOZINHO;PR;DOUTOR ULYSSES;16,25;16,25;210,94;20,86;84,88;14,49;42,19;29,15;100,00;43,80;0,00;1,55
2007.0;2.0;2007-02-01;BRASPINE;SITIO BASILIO;PR;JAGUARIAIVA;8,08;8,08;193,81;20,49;83,40;13,84;45,27;27,28;99,42;56,88;0,00;3,41
2007.0;2.0;2007-02-01;BRASPINE;SITIO DAS MARRECAS;PR;DOUTOR ULYSSES;77,49;35,17;202,60;21,61;84,63;15,38;39,94;30,69;100,00;0,00;0,00;6,28
2007.0;2.0;2007-02-01;BRASPINE;SOBRADINHO;SP;BOM SUCESSO DE ITARARE;285,80;123,10;183,14;20,43;85,09;14,12;42,56;28,18;100,00;57,86;0,00;2,32
2007.0;2.0;2007-02-01;BRASPINE;TAQUARAL;PR;JAGUARIAIVA;519,13;31,07;195,07;20,71;84,01;14,17;44,47;28,03;99,96;42,80;0,00;1,50
2007.0;2.0;2007-02-01;BRASPINE;TUCUNDUVA;PR;SENGES;82,21;60,89;208,57;21,11;81,40;14,64;42,15;28,00;99,12;29,32;0,00;3,84
2007.0;2.0;2007-02-01;BRASPINE;TUCUNDUVA - CHAMMA;;;;;202,73;21,14;81,58;14,76;41,57;28,13;99,12;29,52;0,00;2,02
2007.0;2.0;2007-02-01;BRASPINE;VIENA 1;PR;DOUTOR ULYSSES;263,98;178,34;199,84;20,42;84,74;13,88;44,53;28,12;100,00;56,74;0,00;0,14
2007.0;2.0;2007-02-01;BRASPINE;VIENA 2;PR;CERRO AZUL;140,23;96,54;180,32;22,04;82,68;15,90;40,91;30,66;99,98;0,00;0,00;2,40
2007.0;2.0;2007-02-01;BRASPINE;VITORIA;PR;SENGES;50,54;35,69;186,71;20,43;83,94;14,06;41,42;27,75;99,82;57,63;0,00;0,35
2007.0;2.0;2007-02-01;BRASPINE;VIVEIRO;PR;DOUTOR ULYSSES;405,39;261,22;219,09;20,86;84,88;14,49;42,19;29,15;100,00;43,80;0,00;1,55
2007.0;2.0;2007-02-01;BRASPINE;VO LINO;PR;DOUTOR ULYSSES;164,50;97,89;197,37;21,07;84,74;14,70;40,75;29,69;100,00;44,44;0,00;351,24
2007.0;2.0;2007-02-01;BRASPINE;XAXIM VELHO;;;;;185,75;19,70;85,65;12,36;49,03;26,98;100,00;52,73;0,00;11,74
2007.0;3.0;2007-03-01;BRASPINE;AGUA DOCE;PR;JAGUARIAIVA;238,97;121,99;74,61;21,24;79,87;13,00;37,41;29,23;99,83;40,04;0,00;4,88
2007.0;3.0;2007-03-01;BRASPINE;AMATA;;;;;105,39;22,97;81,12;14,86;31,49;32,06;99,99;29,76;0,00;23,06
2007.0;3.0;2007-03-01;BRASPINE;ANTA BRAVA;;;;;111,10;23,93;77,59;15,69;40,19;31,20;98,71;0,00;0,00;4,92
2007.0;3.0;2007-03-01;BRASPINE;ARAPONGAS;PR;SENGES;423,34;263,70;88,25;21,41;81,98;13,96;35,93;29,97;100,00;42,72;0,00;1,23
2007.0;3.0;2007-03-01;BRASPINE;ARROIO CLARO;PR;DOUTOR ULYSSES;275,14;92,00;93,91;21,58;82,33;14,13;35,25;30,26;100,00;28,35;0,00;6,94
2007.0;3.0;2007-03-01;BRASPINE;BARRA GRANDE;PR;DOUTOR ULYSSES;493,79;139,68;91,87;21,97;82,48;14,00;34,94;30,74;100,00;28,42;0,00;2,68
2007.0;3.0;2007-03-01;BRASPINE;BARRA GRANDE - BEMAIS;PR;GUARAPUAVA;299,16;108,61;167,93;20,38;82,47;11,51;41,05;28,68;100,00;64,84;0,00;1,43
2007.0;3.0;2007-03-01;BRASPINE;BARRETOS;PR;JAGUARIAIVA;43,35;32,98;92,54;21,49;80,81;13,68;36,72;29,79;99,97;41,53;0,00;1,42
2007.0;3.0;2007-03-01;BRASPINE;BAU;;;;;156,49;20,25;83,55;11,44;46,25;27,94;99,91;79,38;0,00;19,23
2007.0;3.0;2007-03-01;BRASPINE;BOA VISTA II;PR;PIRAI DO SUL;944,00;535,05;98,72;21,47;80,22;13,34;37,40;29,56;99,93;40,85;0,00;2,43
2007.0;3.0;2007-03-01;BRASPINE;BRASILEIRA;;;;;89,26;21,41;81,98;13,96;35,93;29,97;100,00;42,72;0,00;1,23
2007.0;3.0;2007-03-01;BRASPINE;BURACAO;;;;;151,03;21,39;80,23;14,70;36,03;29,54;99,85;29,47;0,00;6,48
2007.0;3.0;2007-03-01;BRASPINE;BURRINHO;PR;DOUTOR ULYSSES;211,01;100,37;93,93;21,58;82,33;14,13;35,25;30,26;100,00;28,35;0,00;6,94
2007.0;3.0;2007-03-01;BRASPINE;CADEADO I;PR;JAGUARIAIVA;21,07;12,29;78,64;21,22;81,39;13,83;37,04;29,64;100,00;41,60;0,00;3,79
2007.0;3.0;2007-03-01;BRASPINE;CADEADO II;PR;JAGUARIAIVA;21,88;16,79;78,64;21,22;81,39;13,83;37,04;29,64;100,00;41,60;0,00;3,79
2007.0;3.0;2007-03-01;BRASPINE;CAMPINA ALTA;PR;TIBAGI;29,77;18,24;100,51;21,69;82,24;12,84;38,18;30,26;99,89;54,70;0,00;4,54
2007.0;3.0;2007-03-01;BRASPINE;CAMPINA DO ELIAS;PR;JAGUARIAIVA;29,17;14,65;97,07;21,40;81,02;13,74;36,84;29,73;99,98;41,56;0,00;0,76
2007.0;3.0;2007-03-01;BRASPINE;CAMPO NOVO;PR;JAGUARIAIVA;295,98;156,36;91,53;21,22;81,39;13,83;37,04;29,64;100,00;41,60;0,00;3,79
2007.0;3.0;2007-03-01;BRASPINE;CONSULTORIA II A;PR;DOUTOR ULYSSES;89,62;60,79;97,14;21,41;81,98;13,96;35,93;29,97;100,00;42,72;0,00;1,23
2007.0;3.0;2007-03-01;BRASPINE;DINIZ;;;;;92,65;21,41;81,98;13,96;35,93;29,97;100,00;42,72;0,00;1,23
2007.0;3.0;2007-03-01;BRASPINE;ENES;PR;JAGUARIAIVA;5,93;5,69;92,00;21,22;81,39;13,83;37,04;29,64;100,00;41,60;0,00;3,79
2007.0;3.0;2007-03-01;BRASPINE;ENGENHARIA;;;;;92,65;21,41;81,98;13,96;35,93;29,97;100,00;42,72;0,00;1,23
2007.0;3.0;2007-03-01;BRASPINE;ESTACAO;PR;SENGES;4,76;4,14;85,32;21,22;81,39;13,83;37,04;29,64;100,00;41,60;0,00;3,79
2007.0;3.0;2007-03-01;BRASPINE;FAXINAL;PR;JAGUARIAIVA;20,65;20,65;92,00;21,22;81,39;13,83;37,04;29,64;100,00;41,60;0,00;3,79
2007.0;3.0;2007-03-01;BRASPINE;FEITAL;PR;DOUTOR ULYSSES;154,17;86,53;86,36;21,60;82,15;13,98;35,60;30,23;100,00;43,01;0,00;9,09
2007.0;3.0;2007-03-01;BRASPINE;FIGUEIRA;PR;DOUTOR ULYSSES;1053,81;315,71;93,32;21,58;82,33;14,13;35,25;30,26;100,00;28,35;0,00;6,94
2007.0;3.0;2007-03-01;BRASPINE;FIGUEIRINHA;PR;DOUTOR ULYSSES;94,37;56,74;89,88;21,58;82,33;14,13;35,25;30,26;100,00;28,35;0,00;6,94
2007.0;3.0;2007-03-01;BRASPINE;FLOEMA;PR;DOUTOR ULYSSES;2189,88;701,43;104,40;21,02;81,80;13,71;36,36;29,48;100,00;56,43;0,00;7,84
2007.0;3.0;2007-03-01;BRASPINE;FLOEMA I - SUDATI;;;;;84,56;21,41;81,98;13,96;35,93;29,97;100,00;42,72;0,00;1,23
2007.0;3.0;2007-03-01;BRASPINE;FLOEMA II - SUDATI;PR;DOUTOR ULYSSES;453,83;211,13;96,51;21,41;81,98;13,96;35,93;29,97;100,00;42,72;0,00;1,23
2007.0;3.0;2007-03-01;BRASPINE;FLOR DA SERRA;PR;SAO JOSE DA BOA VISTA;209,10;128,72;100,65;22,67;77,72;13,48;36,94;30,67;99,91;56,14;0,00;1,97
2007.0;3.0;2007-03-01;BRASPINE;GENTIL;PR;JAGUARIAIVA;126,77;53,33;78,96;20,95;79,63;13,02;37,46;28,78;99,49;54,82;0,00;2,39
2007.0;3.0;2007-03-01;BRASPINE;GUAIRACA;PR;GUARAPUAVA;623,62;169,31;168,77;20,65;81,80;11,63;40,14;29,02;100,00;50,52;0,00;6,00
2007.0;3.0;2007-03-01;BRASPINE;HERVAL 2 - MADALOSSO;;;;;134,09;21,39;80,23;14,70;36,03;29,54;99,85;29,47;0,00;6,48
2007.0;3.0;2007-03-01;BRASPINE;HERVAL DE BAIXO;PR;RESERVA;827,29;475,92;99,53;21,57;82,97;12,99;38,78;30,19;99,89;54,22;0,00;4,31
2007.0;3.0;2007-03-01;BRASPINE;HORTO 01;PR;TURVO;19,12;19,12;141,53;20,93;83,92;11,77;46,02;28,88;99,85;65,96;0,00;1,39
2007.0;3.0;2007-03-01;BRASPINE;HORTO 02;PR;TURVO;4,24;4,24;143,12;20,93;83,92;11,77;46,02;28,88;99,85;65,96;0,00;1,39
2007.0;3.0;2007-03-01;BRASPINE;HORTO 03;PR;PRUDENTOPOLIS;80,91;25,89;137,81;21,49;83,08;12,25;43,28;29,88;99,99;52,37;0,00;2,94
2007.0;3.0;2007-03-01;BRASPINE;HORTO 08;PR;TURVO;9,53;9,53;152,24;21,49;83,08;12,25;43,28;29,88;99,99;52,37;0,00;2,94
2007.0;3.0;2007-03-01;BRASPINE;HORTO 12;PR;PRUDENTOPOLIS;12,20;12,20;138,21;21,49;83,08;12,25;43,28;29,88;99,99;52,37;0,00;2,94
2007.0;3.0;2007-03-01;BRASPINE;IZAU;PR;PIRAI DO SUL;19,37;11,60;84,14;21,13;79,59;13,09;36,36;29,05;99,54;40,74;0,00;2,04
2007.0;3.0;2007-03-01;BRASPINE;JOAO RICO;PR;JAGUARIAIVA;47,46;26,18;78,97;21,24;79,87;13,00;37,41;29,23;99,83;40,04;0,00;4,88
2007.0;3.0;2007-03-01;BRASPINE;LAGOA;PR;JAGUARIAIVA;24,10;10,78;82,65;21,22;81,39;13,83;37,04;29,64;100,00;41,60;0,00;3,79
2007.0;3.0;2007-03-01;BRASPINE;MARACANA;PR;JANDAIA DO SUL;11,45;11,45;170,43;23,26;79,76;14,80;40,64;31,22;99,99;14,80;0,00;3,13
2007.0;3.0;2007-03-01;BRASPINE;MARRECA;;;;;93,63;21,58;82,33;14,13;35,25;30,26;100,00;28,35;0,00;6,94
2007.0;3.0;2007-03-01;BRASPINE;MARRECA SP;SP;ITAPIRAPUA PAULISTA;675,30;236,19;92,90;22,37;82,70;14,68;34,49;31,26;100,00;29,37;0,00;5,82
2007.0;3.0;2007-03-01;BRASPINE;MARRECAS;;;;;168,94;19,88;82,69;11,17;41,74;27,95;100,00;63,39;0,00;6,47
2007.0;3.0;2007-03-01;BRASPINE;MERCADINHO;;;;;89,21;22,17;81,79;14,12;33,10;31,12;100,00;43,01;0,00;14,76
2007.0;3.0;2007-03-01;BRASPINE;MONTE ALEGRE;;;;;180,29;23,80;78,57;15,30;40,58;31,80;99,94;0,00;0,00;3,67
2007.0;3.0;2007-03-01;BRASPINE;MONTE TABOR II;;;;;82,89;21,45;84,61;13,52;40,89;29,74;100,00;27,05;0,00;0,84
2007.0;3.0;2007-03-01;BRASPINE;MOREIRA;PR;DOUTOR ULYSSES;230,52;68,68;96,51;21,41;81,98;13,96;35,93;29,97;100,00;42,72;0,00;1,23
2007.0;3.0;2007-03-01;BRASPINE;MOREIRAS II;PR;DOUTOR ULYSSES;66,76;28,75;97,21;21,41;81,98;13,96;35,93;29,97;100,00;42,72;0,00;1,23
2007.0;3.0;2007-03-01;BRASPINE;MORRETES;PR;ORTIGUEIRA;20,36;20,36;110,30;21,96;83,28;13,41;38,57;30,65;99,92;55,75;0,00;4,63
2007.0;3.0;2007-03-01;BRASPINE;MORRO AZUL;;;;;88,87;21,70;82,35;13,52;34,26;30,54;100,00;42,84;0,00;1,41
2007.0;3.0;2007-03-01;BRASPINE;OURO FINO;SP;APIAI;51,70;51,70;95,25;21,36;83,66;14,06;37,06;30,02;100,00;28,16;0,00;346,80
2007.0;3.0;2007-03-01;BRASPINE;PALMEIRINHA DE BAIXO - SOSSEGO;PR;SENGES;85,93;9,22;87,97;20,90;80,48;12,75;35,71;29,29;99,86;53,57;0,00;345,81
2007.0;3.0;2007-03-01;BRASPINE;PAZIN;PR;DOUTOR ULYSSES;41,20;23,90;87,03;21,58;82,33;14,13;35,25;30,26;100,00;28,35;0,00;6,94
2007.0;3.0;2007-03-01;BRASPINE;PEDRAS;PR;CASTRO;7,18;7,18;96,08;21,15;80,59;13,28;38,34;28,96;99,47;40,70;0,00;8,97
2007.0;3.0;2007-03-01;BRASPINE;PESCARIA;PR;SAO JOSE DA BOA VISTA;184,57;129,22;98,07;22,88;77,12;13,71;34,56;31,09;99,95;42,55;0,00;2,38
2007.0;3.0;2007-03-01;BRASPINE;PESSEGUEIRO;PR;DOUTOR ULYSSES;109,95;64,79;89,69;21,41;81,98;13,96;35,93;29,97;100,00;42,72;0,00;1,23
2007.0;3.0;2007-03-01;BRASPINE;PITANGA;;;;;147,14;20,91;83,28;11,84;45,82;28,69;99,77;64,56;0,00;3,68
2007.0;3.0;2007-03-01;BRASPINE;QUEIMADINHO ARROIO CLARO;PR;DOUTOR ULYSSES;48,13;19,09;89,26;21,41;81,98;13,96;35,93;29,97;100,00;42,72;0,00;1,23
2007.0;3.0;2007-03-01;BRASPINE;QUEIMADINHO M6042;PR;DOUTOR ULYSSES;48,38;18,50;89,26;21,41;81,98;13,96;35,93;29,97;100,00;42,72;0,00;1,23
2007.0;3.0;2007-03-01;BRASPINE;QUEIMADINHO USUCAPIAO;PR;DOUTOR ULYSSES;200,27;92,43;89,26;21,41;81,98;13,96;35,93;29,97;100,00;42,72;0,00;1,23
2007.0;3.0;2007-03-01;BRASPINE;RAMOS;PR;SENGES;69,83;38,15;84,56;21,22;81,39;13,83;37,04;29,64;100,00;41,60;0,00;3,79
2007.0;3.0;2007-03-01;BRASPINE;RIBEIRAO GRANDE;PR;JAGUARIAIVA;20,77;20,77;78,19;21,13;79,59;13,09;36,36;29,05;99,54;40,74;0,00;2,04
2007.0;3.0;2007-03-01;BRASPINE;RINCAO DE BAIXO;;;;;91,35;21,30;78,97;12,93;36,71;29,48;99,75;40,57;0,00;3,80
2007.0;3.0;2007-03-01;BRASPINE;RIO BOMBA;PR;CERRO AZUL;65,03;37,72;104,07;22,45;81,15;14,38;32,40;31,37;99,92;28,76;0,00;2,98
2007.0;3.0;2007-03-01;BRASPINE;RIO DO MEIO;PR;DOUTOR ULYSSES;712,33;389,13;95,10;21,41;81,98;13,96;35,93;29,97;100,00;42,72;0,00;1,23
2007.0;3.0;2007-03-01;BRASPINE;RONDON;PR;JAGUARIAIVA;2899,24;1475,88;80,18;20,99;80,68;12,79;37,07;29,25;99,84;53,73;0,00;0,49
2007.0;3.0;2007-03-01;BRASPINE;SANTA FELICIDADE;;;;;94,70;22,78;83,08;14,64;34,14;31,82;100,00;29,29;0,00;1,68
2007.0;3.0;2007-03-01;BRASPINE;SANTA LIDIA DO CERCADINHO;;;;;90,83;20,95;78,82;12,57;36,93;28,93;99,74;39,49;0,00;0,02
2007.0;3.0;2007-03-01;BRASPINE;SANTO ANTONIO;;;;;88,57;20,97;80,85;12,54;34,73;29,52;100,00;53,66;0,00;2,37
2007.0;3.0;2007-03-01;BRASPINE;SAO JOSE;PR;JANDAIA DO SUL;37,56;37,56;179,23;23,62;78,82;15,17;40,63;31,60;99,98;0,00;0,00;26,53
2007.0;3.0;2007-03-01;BRASPINE;SAO MATHEUS;;;;;154,65;24,95;78,39;15,73;41,86;33,28;99,84;0,00;0,00;2,59
2007.0;3.0;2007-03-01;BRASPINE;SAO PEDRO E SAO PAULO;PR;SAPOPEMA;709,13;323,93;128,65;21,84;79,98;12,92;39,87;29,25;99,57;41,17;0,00;2,21
2007.0;3.0;2007-03-01;BRASPINE;SAO RAFAEL;;;;;116,12;21,49;80,21;12,45;36,79;29,51;99,74;38,75;0,00;2,84
2007.0;3.0;2007-03-01;BRASPINE;SAO RAFAEL - PB;;;;;100,85;21,53;83,27;14,23;36,12;30,25;100,00;28,48;0,00;13,09
2007.0;3.0;2007-03-01;BRASPINE;SERRARIA;PR;DOUTOR ULYSSES;280,88;117,71;95,89;21,30;82,07;13,92;35,80;29,87;100,00;42,56;0,00;7,40
2007.0;3.0;2007-03-01;BRASPINE;SERRO VERDE;;;;;146,01;20,62;82,43;12,50;44,41;28,45;99,94;67,53;0,00;27,70
2007.0;3.0;2007-03-01;BRASPINE;SERTAOZINHO;PR;DOUTOR ULYSSES;16,25;16,25;101,11;21,41;81,98;13,96;35,93;29,97;100,00;42,72;0,00;1,23
2007.0;3.0;2007-03-01;BRASPINE;SITIO BASILIO;PR;JAGUARIAIVA;8,08;8,08;73,64;20,98;79,71;12,93;37,79;28,82;99,57;54,45;0,00;0,57
2007.0;3.0;2007-03-01;BRASPINE;SITIO DAS MARRECAS;PR;DOUTOR ULYSSES;77,49;35,17;91,80;22,14;82,60;14,52;34,71;30,97;100,00;29,07;0,00;6,14
2007.0;3.0;2007-03-01;BRASPINE;SOBRADINHO;SP;BOM SUCESSO DE ITARARE;285,80;123,10;102,07;20,94;81,80;13,03;34,66;29,58;100,00;55,85;0,00;1,28
2007.0;3.0;2007-03-01;BRASPINE;TAQUARAL;PR;JAGUARIAIVA;519,13;31,07;83,21;21,25;80,54;12,85;37,80;29,39;99,98;39,78;0,00;0,74
2007.0;3.0;2007-03-01;BRASPINE;TUCUNDUVA;PR;SENGES;82,21;60,89;86,41;21,41;78,55;12,61;36,43;29,51;99,88;52,91;0,00;6,78
2007.0;3.0;2007-03-01;BRASPINE;TUCUNDUVA - CHAMMA;;;;;84,25;21,51;78,62;12,84;36,10;29,66;99,81;54,33;0,00;0,56
2007.0;3.0;2007-03-01;BRASPINE;VIENA 1;PR;DOUTOR ULYSSES;263,98;178,34;107,36;20,98;81,33;13,96;37,72;29,15;100,00;56,82;0,00;8,00
2007.0;3.0;2007-03-01;BRASPINE;VIENA 2;PR;CERRO AZUL;140,23;96,54;104,36;22,45;81,15;14,38;32,40;31,37;99,92;28,76;0,00;2,98
2007.0;3.0;2007-03-01;BRASPINE;VITORIA;PR;SENGES;50,54;35,69;87,97;20,90;80,48;12,75;35,71;29,29;99,86;53,57;0,00;345,81
2007.0;3.0;2007-03-01;BRASPINE;VIVEIRO;PR;DOUTOR ULYSSES;405,39;261,22;97,21;21,41;81,98;13,96;35,93;29,97;100,00;42,72;0,00;1,23
2007.0;3.0;2007-03-01;BRASPINE;VO LINO;PR;DOUTOR ULYSSES;164,50;97,89;93,92;21,58;82,33;14,13;35,25;30,26;100,00;28,35;0,00;6,94
2007.0;3.0;2007-03-01;BRASPINE;XAXIM VELHO;;;;;181,14;20,18;83,00;11,68;42,24;28,16;100,00;51,65;0,00;4,44
2007.0;4.0;2007-04-01;BRASPINE;AGUA DOCE;PR;JAGUARIAIVA;238,97;121,99;85,34;19,22;83,36;10,59;52,00;27,73;99,69;106,07;0,00;1,71
2007.0;4.0;2007-04-01;BRASPINE;AMATA;;;;;83,30;20,95;82,24;13,25;48,40;30,64;99,99;54,78;0,00;3,82
2007.0;4.0;2007-04-01;BRASPINE;ANTA BRAVA;;;;;48,71;22,24;77,58;14,72;46,99;30,96;99,20;29,54;0,00;6,19
2007.0;4.0;2007-04-01;BRASPINE;ARAPONGAS;PR;SENGES;423,34;263,70;73,72;19,31;85,62;11,39;51,25;28,89;100,00;78,96;0,00;0,16
2007.0;4.0;2007-04-01;BRASPINE;ARROIO CLARO;PR;DOUTOR ULYSSES;275,14;92,00;81,28;19,50;85,49;11,60;50,84;29,33;100,00;80,38;0,00;1,99
2007.0;4.0;2007-04-01;BRASPINE;BARRA GRANDE;PR;DOUTOR ULYSSES;493,79;139,68;71,75;19,82;85,80;11,94;50,90;29,60;100,00;51,42;0,00;22,79
2007.0;4.0;2007-04-01;BRASPINE;BARRA GRANDE - BEMAIS;PR;GUARAPUAVA;299,16;108,61;136,97;18,51;82,48;9,51;47,01;27,72;99,98;164,51;0,00;19,93
2007.0;4.0;2007-04-01;BRASPINE;BARRETOS;PR;JAGUARIAIVA;43,35;32,98;76,84;19,27;84,92;10,72;50,26;28,60;99,83;91,59;0,00;345,23
2007.0;4.0;2007-04-01;BRASPINE;BAU;;;;;172,81;18,45;83,82;8,91;47,10;26,97;99,89;139,31;0,00;1,34
2007.0;4.0;2007-04-01;BRASPINE;BOA VISTA II;PR;PIRAI DO SUL;944,00;535,05;78,82;19,25;84,25;10,38;51,04;28,27;99,84;90,77;0,00;3,42
2007.0;4.0;2007-04-01;BRASPINE;BRASILEIRA;;;;;65,70;19,31;85,62;11,39;51,25;28,89;100,00;78,96;0,00;0,16
2007.0;4.0;2007-04-01;BRASPINE;BURACAO;;;;;90,21;19,10;84,15;11,07;49,76;27,91;99,74;77,45;0,00;3,85
2007.0;4.0;2007-04-01;BRASPINE;BURRINHO;PR;DOUTOR ULYSSES;211,01;100,37;80,46;19,50;85,49;11,60;50,84;29,33;100,00;80,38;0,00;1,99
2007.0;4.0;2007-04-01;BRASPINE;CADEADO I;PR;JAGUARIAIVA;21,07;12,29;62,72;19,09;85,26;10,97;49,89;28,58;100,00;91,57;0,00;0,90
2007.0;4.0;2007-04-01;BRASPINE;CADEADO II;PR;JAGUARIAIVA;21,88;16,79;62,72;19,09;85,26;10,97;49,89;28,58;100,00;91,57;0,00;0,90
2007.0;4.0;2007-04-01;BRASPINE;CAMPINA ALTA;PR;TIBAGI;29,77;18,24;113,25;20,05;81,36;11,54;48,86;29,17;99,88;136,27;0,00;4,09
2007.0;4.0;2007-04-01;BRASPINE;CAMPINA DO ELIAS;PR;JAGUARIAIVA;29,17;14,65;73,55;19,20;85,04;10,81;50,12;28,59;99,82;91,58;0,00;1,85
2007.0;4.0;2007-04-01;BRASPINE;CAMPO NOVO;PR;JAGUARIAIVA;295,98;156,36;75,08;19,09;85,26;10,97;49,89;28,58;100,00;91,57;0,00;0,90
2007.0;4.0;2007-04-01;BRASPINE;CONSULTORIA II A;PR;DOUTOR ULYSSES;89,62;60,79;69,71;19,31;85,62;11,39;51,25;28,89;100,00;78,96;0,00;0,16
2007.0;4.0;2007-04-01;BRASPINE;DINIZ;;;;;68,10;19,31;85,62;11,39;51,25;28,89;100,00;78,96;0,00;0,16
2007.0;4.0;2007-04-01;BRASPINE;ENES;PR;JAGUARIAIVA;5,93;5,69;75,19;19,09;85,26;10,97;49,89;28,58;100,00;91,57;0,00;0,90
2007.0;4.0;2007-04-01;BRASPINE;ENGENHARIA;;;;;68,10;19,31;85,62;11,39;51,25;28,89;100,00;78,96;0,00;0,16
2007.0;4.0;2007-04-01;BRASPINE;ESTACAO;PR;SENGES;4,76;4,14;68,07;19,09;85,26;10,97;49,89;28,58;100,00;91,57;0,00;0,90
2007.0;4.0;2007-04-01;BRASPINE;FAXINAL;PR;JAGUARIAIVA;20,65;20,65;75,19;19,09;85,26;10,97;49,89;28,58;100,00;91,57;0,00;0,90
2007.0;4.0;2007-04-01;BRASPINE;FEITAL;PR;DOUTOR ULYSSES;154,17;86,53;69,18;19,47;85,68;11,57;51,13;29,13;100,00;79,96;0,00;0,89
2007.0;4.0;2007-04-01;BRASPINE;FIGUEIRA;PR;DOUTOR ULYSSES;1053,81;315,71;73,36;19,50;85,49;11,60;50,84;29,33;100,00;80,38;0,00;1,99
2007.0;4.0;2007-04-01;BRASPINE;FIGUEIRINHA;PR;DOUTOR ULYSSES;94,37;56,74;73,85;19,50;85,49;11,60;50,84;29,33;100,00;80,38;0,00;1,99
2007.0;4.0;2007-04-01;BRASPINE;FLOEMA;PR;DOUTOR ULYSSES;2189,88;701,43;78,89;18,97;85,32;11,04;48,40;28,67;100,00;91,93;0,00;1,82
2007.0;4.0;2007-04-01;BRASPINE;FLOEMA I - SUDATI;;;;;66,91;19,31;85,62;11,39;51,25;28,89;100,00;78,96;0,00;0,16
2007.0;4.0;2007-04-01;BRASPINE;FLOEMA II - SUDATI;PR;DOUTOR ULYSSES;453,83;211,13;71,26;19,31;85,62;11,39;51,25;28,89;100,00;78,96;0,00;0,16
2007.0;4.0;2007-04-01;BRASPINE;FLOR DA SERRA;PR;SAO JOSE DA BOA VISTA;209,10;128,72;73,70;21,33;76,57;13,41;48,65;29,77;98,00;27,33;0,00;344,69
2007.0;4.0;2007-04-01;BRASPINE;GENTIL;PR;JAGUARIAIVA;126,77;53,33;84,12;18,93;83,26;10,34;52,72;27,24;99,63;103,59;0,00;1,61
2007.0;4.0;2007-04-01;BRASPINE;GUAIRACA;PR;GUARAPUAVA;623,62;169,31;141,70;18,68;82,04;9,44;46,35;27,99;99,97;150,31;0,00;17,28
2007.0;4.0;2007-04-01;BRASPINE;HERVAL 2 - MADALOSSO;;;;;84,58;19,10;84,15;11,07;49,76;27,91;99,74;77,45;0,00;3,85
2007.0;4.0;2007-04-01;BRASPINE;HERVAL DE BAIXO;PR;RESERVA;827,29;475,92;113,39;19,98;81,79;11,50;48,46;29,15;99,82;147,85;0,00;2,08
2007.0;4.0;2007-04-01;BRASPINE;HORTO 01;PR;TURVO;19,12;19,12;146,27;19,16;82,91;9,77;50,32;27,82;99,86;152,73;0,00;20,37
2007.0;4.0;2007-04-01;BRASPINE;HORTO 02;PR;TURVO;4,24;4,24;147,60;19,16;82,91;9,77;50,32;27,82;99,86;152,73;0,00;20,37
2007.0;4.0;2007-04-01;BRASPINE;HORTO 03;PR;PRUDENTOPOLIS;80,91;25,89;142,97;19,77;81,26;10,38;48,76;28,75;99,88;114,09;0,00;1,03
2007.0;4.0;2007-04-01;BRASPINE;HORTO 08;PR;TURVO;9,53;9,53;138,28;19,77;81,26;10,38;48,76;28,75;99,88;114,09;0,00;1,03
2007.0;4.0;2007-04-01;BRASPINE;HORTO 12;PR;PRUDENTOPOLIS;12,20;12,20;143,08;19,77;81,26;10,38;48,76;28,75;99,88;114,09;0,00;1,03
2007.0;4.0;2007-04-01;BRASPINE;IZAU;PR;PIRAI DO SUL;19,37;11,60;87,98;18,94;83,99;10,07;52,75;27,53;99,64;88,46;0,00;1,73
2007.0;4.0;2007-04-01;BRASPINE;JOAO RICO;PR;JAGUARIAIVA;47,46;26,18;84,64;19,22;83,36;10,59;52,00;27,73;99,69;106,07;0,00;1,71
2007.0;4.0;2007-04-01;BRASPINE;LAGOA;PR;JAGUARIAIVA;24,10;10,78;65,06;19,09;85,26;10,97;49,89;28,58;100,00;91,57;0,00;0,90
2007.0;4.0;2007-04-01;BRASPINE;MARACANA;PR;JANDAIA DO SUL;11,45;11,45;79,50;22,08;76,25;13,62;45,46;31,00;99,93;28,32;0,00;1,18
2007.0;4.0;2007-04-01;BRASPINE;MARRECA;;;;;69,79;19,50;85,49;11,60;50,84;29,33;100,00;80,38;0,00;1,99
2007.0;4.0;2007-04-01;BRASPINE;MARRECA SP;SP;ITAPIRAPUA PAULISTA;675,30;236,19;72,60;20,23;85,41;12,39;50,57;30,20;100,00;53,37;0,00;0,30
2007.0;4.0;2007-04-01;BRASPINE;MARRECAS;;;;;141,40;17,89;83,74;8,94;46,37;26,99;100,00;186,17;0,00;5,41
2007.0;4.0;2007-04-01;BRASPINE;MERCADINHO;;;;;77,08;20,16;83,79;12,32;49,60;29,96;99,89;52,63;0,00;0,09
2007.0;4.0;2007-04-01;BRASPINE;MONTE ALEGRE;;;;;81,36;22,62;75,04;14,02;43,84;31,67;99,82;14,02;0,00;0,10
2007.0;4.0;2007-04-01;BRASPINE;MONTE TABOR II;;;;;56,01;19,63;86,30;12,44;52,40;29,46;99,95;67,30;0,00;332,89
2007.0;4.0;2007-04-01;BRASPINE;MOREIRA;PR;DOUTOR ULYSSES;230,52;68,68;71,26;19,31;85,62;11,39;51,25;28,89;100,00;78,96;0,00;0,16
2007.0;4.0;2007-04-01;BRASPINE;MOREIRAS II;PR;DOUTOR ULYSSES;66,76;28,75;69,48;19,31;85,62;11,39;51,25;28,89;100,00;78,96;0,00;0,16
2007.0;4.0;2007-04-01;BRASPINE;MORRETES;PR;ORTIGUEIRA;20,36;20,36;103,10;20,50;81,23;11,81;47,35;29,74;99,75;136,48;0,00;0,63
2007.0;4.0;2007-04-01;BRASPINE;MORRO AZUL;;;;;55,08;19,58;85,91;11,86;50,37;29,32;100,00;80,74;0,00;15,76
2007.0;4.0;2007-04-01;BRASPINE;OURO FINO;SP;APIAI;51,70;51,70;56,04;19,41;86,35;12,11;50,72;29,45;100,00;81,36;0,00;5,29
2007.0;4.0;2007-04-01;BRASPINE;PALMEIRINHA DE BAIXO - SOSSEGO;PR;SENGES;85,93;9,22;59,37;18,97;84,33;11,21;49,09;27,87;99,83;91,72;0,00;24,99
2007.0;4.0;2007-04-01;BRASPINE;PAZIN;PR;DOUTOR ULYSSES;41,20;23,90;71,16;19,50;85,49;11,60;50,84;29,33;100,00;80,38;0,00;1,99
2007.0;4.0;2007-04-01;BRASPINE;PEDRAS;PR;CASTRO;7,18;7,18;85,22;18,92;84,66;9,97;53,77;27,54;99,87;102,91;0,00;6,71
2007.0;4.0;2007-04-01;BRASPINE;PESCARIA;PR;SAO JOSE DA BOA VISTA;184,57;129,22;76,55;21,46;76,63;13,38;48,23;30,01;98,57;27,17;0,00;1,90
2007.0;4.0;2007-04-01;BRASPINE;PESSEGUEIRO;PR;DOUTOR ULYSSES;109,95;64,79;72,69;19,31;85,62;11,39;51,25;28,89;100,00;78,96;0,00;0,16
2007.0;4.0;2007-04-01;BRASPINE;PITANGA;;;;;187,24;19,24;82,67;9,51;48,33;27,73;99,82;116,31;0,00;0,73
2007.0;4.0;2007-04-01;BRASPINE;QUEIMADINHO ARROIO CLARO;PR;DOUTOR ULYSSES;48,13;19,09;65,70;19,31;85,62;11,39;51,25;28,89;100,00;78,96;0,00;0,16
2007.0;4.0;2007-04-01;BRASPINE;QUEIMADINHO M6042;PR;DOUTOR ULYSSES;48,38;18,50;65,70;19,31;85,62;11,39;51,25;28,89;100,00;78,96;0,00;0,16
2007.0;4.0;2007-04-01;BRASPINE;QUEIMADINHO USUCAPIAO;PR;DOUTOR ULYSSES;200,27;92,43;65,70;19,31;85,62;11,39;51,25;28,89;100,00;78,96;0,00;0,16
2007.0;4.0;2007-04-01;BRASPINE;RAMOS;PR;SENGES;69,83;38,15;66,91;19,09;85,26;10,97;49,89;28,58;100,00;91,57;0,00;0,90
2007.0;4.0;2007-04-01;BRASPINE;RIBEIRAO GRANDE;PR;JAGUARIAIVA;20,77;20,77;88,49;18,94;83,99;10,07;52,75;27,53;99,64;88,46;0,00;1,73
2007.0;4.0;2007-04-01;BRASPINE;RINCAO DE BAIXO;;;;;118,35;19,56;80,01;11,09;48,61;28,02;99,53;119,17;0,00;0,99
2007.0;4.0;2007-04-01;BRASPINE;RIO BOMBA;PR;CERRO AZUL;65,03;37,72;80,09;20,47;82,55;12,65;47,14;30,05;99,95;53,43;0,00;3,92
2007.0;4.0;2007-04-01;BRASPINE;RIO DO MEIO;PR;DOUTOR ULYSSES;712,33;389,13;68,47;19,31;85,62;11,39;51,25;28,89;100,00;78,96;0,00;0,16
2007.0;4.0;2007-04-01;BRASPINE;RONDON;PR;JAGUARIAIVA;2899,24;1475,88;73,12;19,00;84,52;10,96;51,04;27,84;99,75;91,34;0,00;24,33
2007.0;4.0;2007-04-01;BRASPINE;SANTA FELICIDADE;;;;;72,01;20,66;85,34;12,99;50,17;30,85;100,00;55,16;0,00;0,49
2007.0;4.0;2007-04-01;BRASPINE;SANTA LIDIA DO CERCADINHO;;;;;115,10;19,21;80,23;10,91;48,87;27,49;99,53;117,83;0,00;0,44
2007.0;4.0;2007-04-01;BRASPINE;SANTO ANTONIO;;;;;64,35;19,03;84,62;11,39;49,04;28,27;99,75;92,25;0,00;20,57
2007.0;4.0;2007-04-01;BRASPINE;SAO JOSE;PR;JANDAIA DO SUL;37,56;37,56;81,00;22,45;75,33;13,91;44,26;31,44;99,89;13,91;0,00;0,40
2007.0;4.0;2007-04-01;BRASPINE;SAO MATHEUS;;;;;79,21;23,74;74,44;14,88;43,26;33,20;99,71;14,88;0,00;0,22
2007.0;4.0;2007-04-01;BRASPINE;SAO PEDRO E SAO PAULO;PR;SAPOPEMA;709,13;323,93;55,84;20,43;78,64;12,43;50,31;28,84;98,63;69,80;0,00;1,14
2007.0;4.0;2007-04-01;BRASPINE;SAO RAFAEL;;;;;87,12;19,02;82,83;10,73;46,62;27,86;99,80;75,75;0,00;1,09
2007.0;4.0;2007-04-01;BRASPINE;SAO RAFAEL - PB;;;;;49,70;19,51;86,26;12,08;50,56;29,52;100,00;66,38;0,00;8,45
2007.0;4.0;2007-04-01;BRASPINE;SERRARIA;PR;DOUTOR ULYSSES;280,88;117,71;80,21;19,23;85,41;11,32;49,97;29,00;100,00;78,71;0,00;0,74
2007.0;4.0;2007-04-01;BRASPINE;SERRO VERDE;;;;;180,71;18,77;82,87;9,10;46,03;27,40;99,91;111,99;0,00;3,93
2007.0;4.0;2007-04-01;BRASPINE;SERTAOZINHO;PR;DOUTOR ULYSSES;16,25;16,25;69,45;19,31;85,62;11,39;51,25;28,89;100,00;78,96;0,00;0,16
2007.0;4.0;2007-04-01;BRASPINE;SITIO BASILIO;PR;JAGUARIAIVA;8,08;8,08;85,43;19,01;83,06;10,50;52,51;27,29;99,64;104,23;0,00;4,04
2007.0;4.0;2007-04-01;BRASPINE;SITIO DAS MARRECAS;PR;DOUTOR ULYSSES;77,49;35,17;71,70;20,02;85,44;12,16;50,70;29,95;100,00;52,56;0,00;0,78
2007.0;4.0;2007-04-01;BRASPINE;SOBRADINHO;SP;BOM SUCESSO DE ITARARE;285,80;123,10;58,49;19,00;85,38;11,58;50,00;28,55;99,99;107,69;0,00;15,33
2007.0;4.0;2007-04-01;BRASPINE;TAQUARAL;PR;JAGUARIAIVA;519,13;31,07;81,27;19,21;84,11;10,76;51,72;27,95;99,78;91,79;0,00;2,46
2007.0;4.0;2007-04-01;BRASPINE;TUCUNDUVA;PR;SENGES;82,21;60,89;88,90;19,78;80,36;11,85;49,14;27,98;99,01;80,59;0,00;0,29
2007.0;4.0;2007-04-01;BRASPINE;TUCUNDUVA - CHAMMA;;;;;85,99;19,80;80,84;11,95;48,54;28,10;98,90;81,01;0,00;19,82
2007.0;4.0;2007-04-01;BRASPINE;VIENA 1;PR;DOUTOR ULYSSES;263,98;178,34;77,92;18,84;85,32;10,67;49,88;28,18;99,99;90,21;0,00;3,10
2007.0;4.0;2007-04-01;BRASPINE;VIENA 2;PR;CERRO AZUL;140,23;96,54;79,94;20,47;82,55;12,65;47,14;30,05;99,95;53,43;0,00;3,92
2007.0;4.0;2007-04-01;BRASPINE;VITORIA;PR;SENGES;50,54;35,69;59,37;18,97;84,33;11,21;49,09;27,87;99,83;91,72;0,00;24,99
2007.0;4.0;2007-04-01;BRASPINE;VIVEIRO;PR;DOUTOR ULYSSES;405,39;261,22;69,48;19,31;85,62;11,39;51,25;28,89;100,00;78,96;0,00;0,16
2007.0;4.0;2007-04-01;BRASPINE;VO LINO;PR;DOUTOR ULYSSES;164,50;97,89;73,44;19,50;85,49;11,60;50,84;29,33;100,00;80,38;0,00;1,99
2007.0;4.0;2007-04-01;BRASPINE;XAXIM VELHO;;;;;162,63;17,96;84,48;8,52;45,75;26,93;100,00;216,97;0,00;0,49
2007.0;5.0;2007-05-01;BRASPINE;AGUA DOCE;PR;JAGUARIAIVA;238,97;121,99;111,62;14,98;78,97;1,43;40,11;25,43;99,84;264,24;5,28;2,72
2007.0;5.0;2007-05-01;BRASPINE;AMATA;;;;;127,08;16,34;80,87;2,51;38,78;28,80;100,00;234,55;2,51;0,22
2007.0;5.0;2007-05-01;BRASPINE;ANTA BRAVA;;;;;55,40;18,20;75,44;7,56;36,23;29,17;100,00;174,40;0,00;13,68
2007.0;5.0;2007-05-01;BRASPINE;ARAPONGAS;PR;SENGES;423,34;263,70;119,54;15,12;81,37;2,12;41,17;26,55;100,00;287,49;2,12;0,29
2007.0;5.0;2007-05-01;BRASPINE;ARROIO CLARO;PR;DOUTOR ULYSSES;275,14;92,00;115,43;15,20;81,98;2,09;40,02;27,07;100,00;290,15;2,09;7,86
2007.0;5.0;2007-05-01;BRASPINE;BARRA GRANDE;PR;DOUTOR ULYSSES;493,79;139,68;118,21;15,60;81,70;2,63;39,90;27,36;100,00;268,18;2,63;2,09
2007.0;5.0;2007-05-01;BRASPINE;BARRA GRANDE - BEMAIS;PR;GUARAPUAVA;299,16;108,61;203,24;13,78;82,81;0,58;38,65;24,22;99,99;297,93;18,26;7,11
2007.0;5.0;2007-05-01;BRASPINE;BARRETOS;PR;JAGUARIAIVA;43,35;32,98;116,26;15,07;80,63;1,51;41,96;26,16;99,98;268,01;1,51;2,62
2007.0;5.0;2007-05-01;BRASPINE;BAU;;;;;237,47;13,82;82,39;0,11;40,91;23,56;99,89;281,69;18,69;4,35
2007.0;5.0;2007-05-01;BRASPINE;BOA VISTA II;PR;PIRAI DO SUL;944,00;535,05;121,63;15,02;79,71;1,16;40,36;25,91;99,95;263,21;5,98;3,78
2007.0;5.0;2007-05-01;BRASPINE;BRASILEIRA;;;;;116,07;15,12;81,37;2,12;41,17;26,55;100,00;287,49;2,12;0,29
2007.0;5.0;2007-05-01;BRASPINE;BURACAO;;;;;134,31;14,86;80,05;0,84;40,91;26,17;99,85;278,50;5,40;1,65
2007.0;5.0;2007-05-01;BRASPINE;BURRINHO;PR;DOUTOR ULYSSES;211,01;100,37;115,44;15,20;81,98;2,09;40,02;27,07;100,00;290,15;2,09;7,86
2007.0;5.0;2007-05-01;BRASPINE;CADEADO I;PR;JAGUARIAIVA;21,07;12,29;108,08;14,91;81,06;1,76;41,99;26,14;100,00;263,65;1,76;1,76
2007.0;5.0;2007-05-01;BRASPINE;CADEADO II;PR;JAGUARIAIVA;21,88;16,79;108,08;14,91;81,06;1,76;41,99;26,14;100,00;263,65;1,76;1,76
2007.0;5.0;2007-05-01;BRASPINE;CAMPINA ALTA;PR;TIBAGI;29,77;18,24;133,93;15,44;80,32;1,91;43,13;25,41;99,93;265,42;8,23;0,58
2007.0;5.0;2007-05-01;BRASPINE;CAMPINA DO ELIAS;PR;JAGUARIAIVA;29,17;14,65;119,45;15,02;80,79;1,60;41,97;26,15;99,98;266,45;1,60;2,50
2007.0;5.0;2007-05-01;BRASPINE;CAMPO NOVO;PR;JAGUARIAIVA;295,98;156,36;115,23;14,91;81,06;1,76;41,99;26,14;100,00;263,65;1,76;1,76
2007.0;5.0;2007-05-01;BRASPINE;CONSULTORIA II A;PR;DOUTOR ULYSSES;89,62;60,79;118,15;15,12;81,37;2,12;41,17;26,55;100,00;287,49;2,12;0,29
2007.0;5.0;2007-05-01;BRASPINE;DINIZ;;;;;110,71;15,12;81,37;2,12;41,17;26,55;100,00;287,49;2,12;0,29
2007.0;5.0;2007-05-01;BRASPINE;ENES;PR;JAGUARIAIVA;5,93;5,69;114,52;14,91;81,06;1,76;41,99;26,14;100,00;263,65;1,76;1,76
2007.0;5.0;2007-05-01;BRASPINE;ENGENHARIA;;;;;110,71;15,12;81,37;2,12;41,17;26,55;100,00;287,49;2,12;0,29
2007.0;5.0;2007-05-01;BRASPINE;ESTACAO;PR;SENGES;4,76;4,14;113,55;14,91;81,06;1,76;41,99;26,14;100,00;263,65;1,76;1,76
2007.0;5.0;2007-05-01;BRASPINE;FAXINAL;PR;JAGUARIAIVA;20,65;20,65;114,52;14,91;81,06;1,76;41,99;26,14;100,00;263,65;1,76;1,76
2007.0;5.0;2007-05-01;BRASPINE;FEITAL;PR;DOUTOR ULYSSES;154,17;86,53;115,33;15,28;81,48;2,29;40,75;26,82;100,00;291,13;2,29;3,63
2007.0;5.0;2007-05-01;BRASPINE;FIGUEIRA;PR;DOUTOR ULYSSES;1053,81;315,71;115,07;15,20;81,98;2,09;40,02;27,07;100,00;290,15;2,09;7,86
2007.0;5.0;2007-05-01;BRASPINE;FIGUEIRINHA;PR;DOUTOR ULYSSES;94,37;56,74;117,97;15,20;81,98;2,09;40,02;27,07;100,00;290,15;2,09;7,86
2007.0;5.0;2007-05-01;BRASPINE;FLOEMA;PR;DOUTOR ULYSSES;2189,88;701,43;117,74;14,75;81,47;1,55;41,17;26,29;100,00;293,69;1,55;0,40
2007.0;5.0;2007-05-01;BRASPINE;FLOEMA I - SUDATI;;;;;114,54;15,12;81,37;2,12;41,17;26,55;100,00;287,49;2,12;0,29
2007.0;5.0;2007-05-01;BRASPINE;FLOEMA II - SUDATI;PR;DOUTOR ULYSSES;453,83;211,13;115,23;15,12;81,37;2,12;41,17;26,55;100,00;287,49;2,12;0,29
2007.0;5.0;2007-05-01;BRASPINE;FLOR DA SERRA;PR;SAO JOSE DA BOA VISTA;209,10;128,72;55,41;16,94;75,11;4,41;35,87;26,78;99,50;244,62;9,24;6,97
2007.0;5.0;2007-05-01;BRASPINE;GENTIL;PR;JAGUARIAIVA;126,77;53,33;111,37;14,70;79,17;0,95;41,08;24,98;99,56;273,33;4,70;1,59
2007.0;5.0;2007-05-01;BRASPINE;GUAIRACA;PR;GUARAPUAVA;623,62;169,31;215,96;13,85;82,54;0,39;38,89;24,75;99,99;294,22;21,68;10,92
2007.0;5.0;2007-05-01;BRASPINE;HERVAL 2 - MADALOSSO;;;;;137,22;14,86;80,05;0,84;40,91;26,17;99,85;278,50;5,40;1,65
2007.0;5.0;2007-05-01;BRASPINE;HERVAL DE BAIXO;PR;RESERVA;827,29;475,92;153,59;15,31;81,07;1,94;42,77;25,28;99,86;302,25;12,90;0,30
2007.0;5.0;2007-05-01;BRASPINE;HORTO 01;PR;TURVO;19,12;19,12;204,04;14,45;82,62;0,75;41,72;24,36;99,70;221,32;18,47;6,60
2007.0;5.0;2007-05-01;BRASPINE;HORTO 02;PR;TURVO;4,24;4,24;202,60;14,45;82,62;0,75;41,72;24,36;99,70;221,32;18,47;6,60
2007.0;5.0;2007-05-01;BRASPINE;HORTO 03;PR;PRUDENTOPOLIS;80,91;25,89;200,87;14,88;81,99;1,33;39,34;25,05;99,96;246,74;16,07;0,91
2007.0;5.0;2007-05-01;BRASPINE;HORTO 08;PR;TURVO;9,53;9,53;194,19;14,88;81,99;1,33;39,34;25,05;99,96;246,74;16,07;0,91
2007.0;5.0;2007-05-01;BRASPINE;HORTO 12;PR;PRUDENTOPOLIS;12,20;12,20;192,53;14,88;81,99;1,33;39,34;25,05;99,96;246,74;16,07;0,91
2007.0;5.0;2007-05-01;BRASPINE;IZAU;PR;PIRAI DO SUL;19,37;11,60;112,79;14,73;79,72;0,76;41,90;25,22;99,54;259,56;5,29;0,65
2007.0;5.0;2007-05-01;BRASPINE;JOAO RICO;PR;JAGUARIAIVA;47,46;26,18;112,72;14,98;78,97;1,43;40,11;25,43;99,84;264,24;5,28;2,72
2007.0;5.0;2007-05-01;BRASPINE;LAGOA;PR;JAGUARIAIVA;24,10;10,78;110,06;14,91;81,06;1,76;41,99;26,14;100,00;263,65;1,76;1,76
2007.0;5.0;2007-05-01;BRASPINE;MARACANA;PR;JANDAIA DO SUL;11,45;11,45;76,05;17,47;76,33;4,58;44,33;26,94;99,99;155,16;4,58;10,11
2007.0;5.0;2007-05-01;BRASPINE;MARRECA;;;;;115,57;15,20;81,98;2,09;40,02;27,07;100,00;290,15;2,09;7,86
2007.0;5.0;2007-05-01;BRASPINE;MARRECA SP;SP;ITAPIRAPUA PAULISTA;675,30;236,19;119,83;15,89;82,18;2,73;39,19;28,11;100,00;272,15;2,73;6,13
2007.0;5.0;2007-05-01;BRASPINE;MARRECAS;;;;;215,22;13,25;83,30;0,03;38,84;23,80;100,00;280,89;19,45;15,36
2007.0;5.0;2007-05-01;BRASPINE;MERCADINHO;;;;;121,15;15,67;81,60;2,29;38,90;27,92;100,00;281,26;2,29;6,31
2007.0;5.0;2007-05-01;BRASPINE;MONTE ALEGRE;;;;;76,57;17,88;75,72;4,88;43,36;27,39;99,98;159,41;4,88;9,84
2007.0;5.0;2007-05-01;BRASPINE;MONTE TABOR II;;;;;88,43;15,22;83,68;2,41;40,29;26,89;100,00;292,37;2,41;2,74
2007.0;5.0;2007-05-01;BRASPINE;MOREIRA;PR;DOUTOR ULYSSES;230,52;68,68;115,23;15,12;81,37;2,12;41,17;26,55;100,00;287,49;2,12;0,29
2007.0;5.0;2007-05-01;BRASPINE;MOREIRAS II;PR;DOUTOR ULYSSES;66,76;28,75;118,58;15,12;81,37;2,12;41,17;26,55;100,00;287,49;2,12;0,29
2007.0;5.0;2007-05-01;BRASPINE;MORRETES;PR;ORTIGUEIRA;20,36;20,36;133,76;15,71;80,95;2,33;41,07;25,78;99,84;307,49;13,44;0,31
2007.0;5.0;2007-05-01;BRASPINE;MORRO AZUL;;;;;98,98;15,46;81,32;2,92;39,63;26,89;100,00;265,08;2,92;0,60
2007.0;5.0;2007-05-01;BRASPINE;OURO FINO;SP;APIAI;51,70;51,70;80,76;15,23;82,50;3,10;39,97;26,59;100,00;293,44;3,10;15,70
2007.0;5.0;2007-05-01;BRASPINE;PALMEIRINHA DE BAIXO - SOSSEGO;PR;SENGES;85,93;9,22;102,60;14,97;79,04;2,36;40,85;25,41;99,85;281,35;6,82;29,20
2007.0;5.0;2007-05-01;BRASPINE;PAZIN;PR;DOUTOR ULYSSES;41,20;23,90;115,26;15,20;81,98;2,09;40,02;27,07;100,00;290,15;2,09;7,86
2007.0;5.0;2007-05-01;BRASPINE;PEDRAS;PR;CASTRO;7,18;7,18;120,46;14,64;80,32;0,30;42,76;25,18;99,53;268,12;9,15;4,74
2007.0;5.0;2007-05-01;BRASPINE;PESCARIA;PR;SAO JOSE DA BOA VISTA;184,57;129,22;71,58;17,11;74,56;4,86;34,87;26,97;99,47;230,35;9,75;7,25
2007.0;5.0;2007-05-01;BRASPINE;PESSEGUEIRO;PR;DOUTOR ULYSSES;109,95;64,79;113,51;15,12;81,37;2,12;41,17;26,55;100,00;287,49;2,12;0,29
2007.0;5.0;2007-05-01;BRASPINE;PITANGA;;;;;212,41;14,47;81,72;0,69;41,41;24,31;99,80;267,10;22,76;3,21
2007.0;5.0;2007-05-01;BRASPINE;QUEIMADINHO ARROIO CLARO;PR;DOUTOR ULYSSES;48,13;19,09;116,07;15,12;81,37;2,12;41,17;26,55;100,00;287,49;2,12;0,29
2007.0;5.0;2007-05-01;BRASPINE;QUEIMADINHO M6042;PR;DOUTOR ULYSSES;48,38;18,50;116,07;15,12;81,37;2,12;41,17;26,55;100,00;287,49;2,12;0,29
2007.0;5.0;2007-05-01;BRASPINE;QUEIMADINHO USUCAPIAO;PR;DOUTOR ULYSSES;200,27;92,43;116,07;15,12;81,37;2,12;41,17;26,55;100,00;287,49;2,12;0,29
2007.0;5.0;2007-05-01;BRASPINE;RAMOS;PR;SENGES;69,83;38,15;114,54;14,91;81,06;1,76;41,99;26,14;100,00;263,65;1,76;1,76
2007.0;5.0;2007-05-01;BRASPINE;RIBEIRAO GRANDE;PR;JAGUARIAIVA;20,77;20,77;110,33;14,73;79,72;0,76;41,90;25,22;99,54;259,56;5,29;0,65
2007.0;5.0;2007-05-01;BRASPINE;RINCAO DE BAIXO;;;;;106,17;15,05;78,42;1,18;40,82;25,05;99,54;306,95;7,82;0,96
2007.0;5.0;2007-05-01;BRASPINE;RIO BOMBA;PR;CERRO AZUL;65,03;37,72;125,52;15,89;80,92;2,31;39,60;28,23;99,97;252,96;2,31;3,62
2007.0;5.0;2007-05-01;BRASPINE;RIO DO MEIO;PR;DOUTOR ULYSSES;712,33;389,13;117,92;15,12;81,37;2,12;41,17;26,55;100,00;287,49;2,12;0,29
2007.0;5.0;2007-05-01;BRASPINE;RONDON;PR;JAGUARIAIVA;2899,24;1475,88;105,67;14,91;79,51;1,94;41,19;25,48;99,88;278,81;6,68;1,36
2007.0;5.0;2007-05-01;BRASPINE;SANTA FELICIDADE;;;;;119,08;16,27;82,44;3,23;38,02;28,73;100,00;247,96;3,23;0,80
2007.0;5.0;2007-05-01;BRASPINE;SANTA LIDIA DO CERCADINHO;;;;;108,51;14,78;78,39;0,95;40,70;24,67;99,54;301,59;12,41;5,18
2007.0;5.0;2007-05-01;BRASPINE;SANTO ANTONIO;;;;;105,53;15,03;79,28;2,65;40,07;25,69;100,00;282,96;6,51;33,06
2007.0;5.0;2007-05-01;BRASPINE;SAO JOSE;PR;JANDAIA DO SUL;37,56;37,56;76,65;17,75;75,87;4,80;43,69;27,24;100,00;158,14;4,80;9,97
2007.0;5.0;2007-05-01;BRASPINE;SAO MATHEUS;;;;;86,42;18,74;75,62;5,44;42,62;28,57;99,92;148,64;0,00;1,31
2007.0;5.0;2007-05-01;BRASPINE;SAO PEDRO E SAO PAULO;PR;SAPOPEMA;709,13;323,93;88,19;16,17;76,88;3,88;39,63;25,89;99,63;276,18;8,56;1,29
2007.0;5.0;2007-05-01;BRASPINE;SAO RAFAEL;;;;;169,62;14,41;81,00;0,14;41,45;25,84;99,69;282,05;6,57;23,80
2007.0;5.0;2007-05-01;BRASPINE;SAO RAFAEL - PB;;;;;96,14;15,36;82,18;3,18;39,83;26,74;100,00;296,71;3,18;18,38
2007.0;5.0;2007-05-01;BRASPINE;SERRARIA;PR;DOUTOR ULYSSES;280,88;117,71;118,35;14,97;81,72;1,82;40,59;26,68;100,00;284,46;1,82;8,53
2007.0;5.0;2007-05-01;BRASPINE;SERRO VERDE;;;;;253,49;14,11;81,53;0,12;40,50;24,12;99,91;244,43;18,47;2,66
2007.0;5.0;2007-05-01;BRASPINE;SERTAOZINHO;PR;DOUTOR ULYSSES;16,25;16,25;114,89;15,12;81,37;2,12;41,17;26,55;100,00;287,49;2,12;0,29
2007.0;5.0;2007-05-01;BRASPINE;SITIO BASILIO;PR;JAGUARIAIVA;8,08;8,08;111,33;14,77;78,94;1,14;40,56;25,02;99,64;274,40;9,64;1,23
2007.0;5.0;2007-05-01;BRASPINE;SITIO DAS MARRECAS;PR;DOUTOR ULYSSES;77,49;35,17;116,68;15,69;82,12;2,54;39,43;27,81;100,00;269,00;2,54;6,65
2007.0;5.0;2007-05-01;BRASPINE;SOBRADINHO;SP;BOM SUCESSO DE ITARARE;285,80;123,10;96,54;14,98;80,38;3,05;40,43;25,76;100,00;299,16;6,74;3,79
2007.0;5.0;2007-05-01;BRASPINE;TAQUARAL;PR;JAGUARIAIVA;519,13;31,07;109,52;15,04;79,30;1,71;40,46;25,63;99,99;280,43;6,38;0,33
2007.0;5.0;2007-05-01;BRASPINE;TUCUNDUVA;PR;SENGES;82,21;60,89;103,52;15,62;76,30;2,95;37,44;25,63;99,50;202,16;6,17;3,14
2007.0;5.0;2007-05-01;BRASPINE;TUCUNDUVA - CHAMMA;;;;;101,72;15,68;76,65;3,12;38,46;25,73;99,50;221,44;7,50;0,70
2007.0;5.0;2007-05-01;BRASPINE;VIENA 1;PR;DOUTOR ULYSSES;263,98;178,34;124,44;14,68;80,97;1,17;42,07;25,82;100,00;291,25;1,17;1,45
2007.0;5.0;2007-05-01;BRASPINE;VIENA 2;PR;CERRO AZUL;140,23;96,54;125,53;15,89;80,92;2,31;39,60;28,23;99,97;252,96;2,31;3,62
2007.0;5.0;2007-05-01;BRASPINE;VITORIA;PR;SENGES;50,54;35,69;102,60;14,97;79,04;2,36;40,85;25,41;99,85;281,35;6,82;29,20
2007.0;5.0;2007-05-01;BRASPINE;VIVEIRO;PR;DOUTOR ULYSSES;405,39;261,22;118,58;15,12;81,37;2,12;41,17;26,55;100,00;287,49;2,12;0,29
2007.0;5.0;2007-05-01;BRASPINE;VO LINO;PR;DOUTOR ULYSSES;164,50;97,89;115,48;15,20;81,98;2,09;40,02;27,07;100,00;290,15;2,09;7,86
2007.0;5.0;2007-05-01;BRASPINE;XAXIM VELHO;;;;;229,60;13,29;83,43;-0,43;39,99;24,30;100,00;283,55;18,37;12,25
2007.0;6.0;2007-06-01;BRASPINE;AGUA DOCE;PR;JAGUARIAIVA;238,97;121,99;18,21;15,41;74,64;4,88;31,11;23,25;99,73;336,66;4,88;19,85
2007.0;6.0;2007-06-01;BRASPINE;AMATA;;;;;18,47;16,25;79,31;3,73;37,59;25,90;99,76;319,61;12,75;8,59
2007.0;6.0;2007-06-01;BRASPINE;ANTA BRAVA;;;;;24,33;18,27;72,60;6,62;36,96;26,77;99,69;293,34;0,00;0,28
2007.0;6.0;2007-06-01;BRASPINE;ARAPONGAS;PR;SENGES;423,34;263,70;14,93;15,41;77,78;4,00;30,22;24,07;99,52;324,78;8,06;3,34
2007.0;6.0;2007-06-01;BRASPINE;ARROIO CLARO;PR;DOUTOR ULYSSES;275,14;92,00;16,11;15,40;78,96;3,96;30,87;24,42;99,49;324,14;8,68;112,39
2007.0;6.0;2007-06-01;BRASPINE;BARRA GRANDE;PR;DOUTOR ULYSSES;493,79;139,68;16,38;15,75;78,72;3,87;31,66;24,97;99,55;328,70;7,99;15,06
2007.0;6.0;2007-06-01;BRASPINE;BARRA GRANDE - BEMAIS;PR;GUARAPUAVA;299,16;108,61;33,07;14,14;78,15;1,26;33,97;22,24;99,85;287,28;12,24;6,98
2007.0;6.0;2007-06-01;BRASPINE;BARRETOS;PR;JAGUARIAIVA;43,35;32,98;18,31;15,61;75,89;4,87;28,72;23,95;99,49;336,01;4,87;25,86
2007.0;6.0;2007-06-01;BRASPINE;BAU;;;;;41,23;14,29;76,56;2,40;35,84;21,98;99,79;308,84;17,85;10,06
2007.0;6.0;2007-06-01;BRASPINE;BOA VISTA II;PR;PIRAI DO SUL;944,00;535,05;19,05;15,56;75,06;4,92;29,46;23,75;99,66;334,41;4,92;25,57
2007.0;6.0;2007-06-01;BRASPINE;BRASILEIRA;;;;;14,64;15,41;77,78;4,00;30,22;24,07;99,52;324,78;8,06;3,34
2007.0;6.0;2007-06-01;BRASPINE;BURACAO;;;;;19,07;15,40;75,60;2,71;34,38;23,83;99,68;332,81;11,27;15,37
2007.0;6.0;2007-06-01;BRASPINE;BURRINHO;PR;DOUTOR ULYSSES;211,01;100,37;16,20;15,40;78,96;3,96;30,87;24,42;99,49;324,14;8,68;112,39
2007.0;6.0;2007-06-01;BRASPINE;CADEADO I;PR;JAGUARIAIVA;21,07;12,29;16,18;15,30;76,97;4,46;29,03;23,73;99,77;318,46;13,81;17,77
2007.0;6.0;2007-06-01;BRASPINE;CADEADO II;PR;JAGUARIAIVA;21,88;16,79;16,18;15,30;76,97;4,46;29,03;23,73;99,77;318,46;13,81;17,77
2007.0;6.0;2007-06-01;BRASPINE;CAMPINA ALTA;PR;TIBAGI;29,77;18,24;23,79;15,68;77,66;2,73;35,46;23,99;100,00;317,91;15,01;14,92
2007.0;6.0;2007-06-01;BRASPINE;CAMPINA DO ELIAS;PR;JAGUARIAIVA;29,17;14,65;19,02;15,50;76,28;4,72;28,83;23,87;99,59;329,64;4,72;25,70
2007.0;6.0;2007-06-01;BRASPINE;CAMPO NOVO;PR;JAGUARIAIVA;295,98;156,36;18,28;15,30;76,97;4,46;29,03;23,73;99,77;318,46;13,81;17,77
2007.0;6.0;2007-06-01;BRASPINE;CONSULTORIA II A;PR;DOUTOR ULYSSES;89,62;60,79;15,04;15,41;77,78;4,00;30,22;24,07;99,52;324,78;8,06;3,34
2007.0;6.0;2007-06-01;BRASPINE;DINIZ;;;;;14,92;15,41;77,78;4,00;30,22;24,07;99,52;324,78;8,06;3,34
2007.0;6.0;2007-06-01;BRASPINE;ENES;PR;JAGUARIAIVA;5,93;5,69;18,79;15,30;76,97;4,46;29,03;23,73;99,77;318,46;13,81;17,77
2007.0;6.0;2007-06-01;BRASPINE;ENGENHARIA;;;;;14,92;15,41;77,78;4,00;30,22;24,07;99,52;324,78;8,06;3,34
2007.0;6.0;2007-06-01;BRASPINE;ESTACAO;PR;SENGES;4,76;4,14;14,91;15,30;76,97;4,46;29,03;23,73;99,77;318,46;13,81;17,77
2007.0;6.0;2007-06-01;BRASPINE;FAXINAL;PR;JAGUARIAIVA;20,65;20,65;18,79;15,30;76,97;4,46;29,03;23,73;99,77;318,46;13,81;17,77
2007.0;6.0;2007-06-01;BRASPINE;FEITAL;PR;DOUTOR ULYSSES;154,17;86,53;15,70;15,52;78,09;3,96;30,70;24,37;99,53;326,11;8,04;0,57
2007.0;6.0;2007-06-01;BRASPINE;FIGUEIRA;PR;DOUTOR ULYSSES;1053,81;315,71;17,49;15,40;78,96;3,96;30,87;24,42;99,49;324,14;8,68;112,39
2007.0;6.0;2007-06-01;BRASPINE;FIGUEIRINHA;PR;DOUTOR ULYSSES;94,37;56,74;17,19;15,40;78,96;3,96;30,87;24,42;99,49;324,14;8,68;112,39
2007.0;6.0;2007-06-01;BRASPINE;FLOEMA;PR;DOUTOR ULYSSES;2189,88;701,43;17,60;15,08;77,81;3,17;29,46;23,63;99,50;320,68;7,41;4,13
2007.0;6.0;2007-06-01;BRASPINE;FLOEMA I - SUDATI;;;;;14,02;15,41;77,78;4,00;30,22;24,07;99,52;324,78;8,06;3,34
2007.0;6.0;2007-06-01;BRASPINE;FLOEMA II - SUDATI;PR;DOUTOR ULYSSES;453,83;211,13;16,07;15,41;77,78;4,00;30,22;24,07;99,52;324,78;8,06;3,34
2007.0;6.0;2007-06-01;BRASPINE;FLOR DA SERRA;PR;SAO JOSE DA BOA VISTA;209,10;128,72;20,28;16,70;73,92;4,50;38,28;25,31;99,19;312,10;9,21;6,79
2007.0;6.0;2007-06-01;BRASPINE;GENTIL;PR;JAGUARIAIVA;126,77;53,33;18,03;15,17;74,68;4,41;31,62;22,72;99,71;331,96;4,41;82,96
2007.0;6.0;2007-06-01;BRASPINE;GUAIRACA;PR;GUARAPUAVA;623,62;169,31;28,37;14,16;78,37;0,63;36,13;22,39;99,72;282,33;14,72;30,11
2007.0;6.0;2007-06-01;BRASPINE;HERVAL 2 - MADALOSSO;;;;;19,04;15,40;75,60;2,71;34,38;23,83;99,68;332,81;11,27;15,37
2007.0;6.0;2007-06-01;BRASPINE;HERVAL DE BAIXO;PR;RESERVA;827,29;475,92;20,74;15,35;78,89;2,65;36,06;24,03;100,00;296,08;20,04;12,38
2007.0;6.0;2007-06-01;BRASPINE;HORTO 01;PR;TURVO;19,12;19,12;25,64;14,83;77,46;1,47;37,20;22,91;98,02;290,35;15,27;9,92
2007.0;6.0;2007-06-01;BRASPINE;HORTO 02;PR;TURVO;4,24;4,24;27,78;14,83;77,46;1,47;37,20;22,91;98,02;290,35;15,27;9,92
2007.0;6.0;2007-06-01;BRASPINE;HORTO 03;PR;PRUDENTOPOLIS;80,91;25,89;22,77;15,18;77,44;1,40;35,83;23,63;98,85;289,35;16,03;2,15
2007.0;6.0;2007-06-01;BRASPINE;HORTO 08;PR;TURVO;9,53;9,53;27,50;15,18;77,44;1,40;35,83;23,63;98,85;289,35;16,03;2,15
2007.0;6.0;2007-06-01;BRASPINE;HORTO 12;PR;PRUDENTOPOLIS;12,20;12,20;25,98;15,18;77,44;1,40;35,83;23,63;98,85;289,35;16,03;2,15
2007.0;6.0;2007-06-01;BRASPINE;IZAU;PR;PIRAI DO SUL;19,37;11,60;20,38;15,28;74,83;4,55;30,08;23,01;99,59;335,67;4,55;25,41
2007.0;6.0;2007-06-01;BRASPINE;JOAO RICO;PR;JAGUARIAIVA;47,46;26,18;17,69;15,41;74,64;4,88;31,11;23,25;99,73;336,66;4,88;19,85
2007.0;6.0;2007-06-01;BRASPINE;LAGOA;PR;JAGUARIAIVA;24,10;10,78;16,59;15,30;76,97;4,46;29,03;23,73;99,77;318,46;13,81;17,77
2007.0;6.0;2007-06-01;BRASPINE;MARACANA;PR;JANDAIA DO SUL;11,45;11,45;20,09;17,98;70,22;6,94;37,13;26,07;99,62;136,19;0,00;36,91
2007.0;6.0;2007-06-01;BRASPINE;MARRECA;;;;;17,41;15,40;78,96;3,96;30,87;24,42;99,49;324,14;8,68;112,39
2007.0;6.0;2007-06-01;BRASPINE;MARRECA SP;SP;ITAPIRAPUA PAULISTA;675,30;236,19;17,30;15,85;80,13;3,38;32,76;25,57;100,00;321,43;8,30;0,69
2007.0;6.0;2007-06-01;BRASPINE;MARRECAS;;;;;31,74;13,65;78,51;1,78;34,09;21,89;99,92;273,10;13,83;35,83
2007.0;6.0;2007-06-01;BRASPINE;MERCADINHO;;;;;17,49;15,67;79,50;3,32;33,67;25,13;99,49;316,62;12,31;5,80
2007.0;6.0;2007-06-01;BRASPINE;MONTE ALEGRE;;;;;19,64;18,35;69,69;7,03;37,93;26,60;97,65;137,47;0,00;12,21
2007.0;6.0;2007-06-01;BRASPINE;MONTE TABOR II;;;;;16,63;14,99;81,80;2,75;40,03;24,45;99,84;305,07;10,01;2,47
2007.0;6.0;2007-06-01;BRASPINE;MOREIRA;PR;DOUTOR ULYSSES;230,52;68,68;16,07;15,41;77,78;4,00;30,22;24,07;99,52;324,78;8,06;3,34
2007.0;6.0;2007-06-01;BRASPINE;MOREIRAS II;PR;DOUTOR ULYSSES;66,76;28,75;14,88;15,41;77,78;4,00;30,22;24,07;99,52;324,78;8,06;3,34
2007.0;6.0;2007-06-01;BRASPINE;MORRETES;PR;ORTIGUEIRA;20,36;20,36;22,64;15,60;79,24;2,77;35,95;24,82;99,74;294,09;10,91;11,07
2007.0;6.0;2007-06-01;BRASPINE;MORRO AZUL;;;;;18,02;15,69;77,59;4,40;31,37;24,65;99,59;328,47;9,21;4,13
2007.0;6.0;2007-06-01;BRASPINE;OURO FINO;SP;APIAI;51,70;51,70;19,22;15,33;78,95;3,34;33,61;24,30;99,85;319,86;11,10;0,68
2007.0;6.0;2007-06-01;BRASPINE;PALMEIRINHA DE BAIXO - SOSSEGO;PR;SENGES;85,93;9,22;19,13;15,32;74,72;5,01;30,63;23,06;99,76;332,47;0,00;3,63
2007.0;6.0;2007-06-01;BRASPINE;PAZIN;PR;DOUTOR ULYSSES;41,20;23,90;16,54;15,40;78,96;3,96;30,87;24,42;99,49;324,14;8,68;112,39
2007.0;6.0;2007-06-01;BRASPINE;PEDRAS;PR;CASTRO;7,18;7,18;20,90;15,20;75,61;2,84;32,00;23,04;99,73;326,63;7,45;3,31
2007.0;6.0;2007-06-01;BRASPINE;PESCARIA;PR;SAO JOSE DA BOA VISTA;184,57;129,22;19,34;16,99;72,90;5,20;36,34;25,57;99,07;293,55;0,00;3,77
2007.0;6.0;2007-06-01;BRASPINE;PESSEGUEIRO;PR;DOUTOR ULYSSES;109,95;64,79;16,25;15,41;77,78;4,00;30,22;24,07;99,52;324,78;8,06;3,34
2007.0;6.0;2007-06-01;BRASPINE;PITANGA;;;;;29,19;14,70;76,58;1,66;35,36;22,80;99,78;307,42;21,59;12,40
2007.0;6.0;2007-06-01;BRASPINE;QUEIMADINHO ARROIO CLARO;PR;DOUTOR ULYSSES;48,13;19,09;14,64;15,41;77,78;4,00;30,22;24,07;99,52;324,78;8,06;3,34
2007.0;6.0;2007-06-01;BRASPINE;QUEIMADINHO M6042;PR;DOUTOR ULYSSES;48,38;18,50;14,64;15,41;77,78;4,00;30,22;24,07;99,52;324,78;8,06;3,34
2007.0;6.0;2007-06-01;BRASPINE;QUEIMADINHO USUCAPIAO;PR;DOUTOR ULYSSES;200,27;92,43;14,64;15,41;77,78;4,00;30,22;24,07;99,52;324,78;8,06;3,34
2007.0;6.0;2007-06-01;BRASPINE;RAMOS;PR;SENGES;69,83;38,15;14,02;15,30;76,97;4,46;29,03;23,73;99,77;318,46;13,81;17,77
2007.0;6.0;2007-06-01;BRASPINE;RIBEIRAO GRANDE;PR;JAGUARIAIVA;20,77;20,77;18,99;15,28;74,83;4,55;30,08;23,01;99,59;335,67;4,55;25,41
2007.0;6.0;2007-06-01;BRASPINE;RINCAO DE BAIXO;;;;;20,99;15,26;75,52;2,37;33,17;23,01;99,71;319,72;6,87;10,98
2007.0;6.0;2007-06-01;BRASPINE;RIO BOMBA;PR;CERRO AZUL;65,03;37,72;17,65;15,82;79,26;2,93;37,69;25,25;99,48;317,49;11,63;4,38
2007.0;6.0;2007-06-01;BRASPINE;RIO DO MEIO;PR;DOUTOR ULYSSES;712,33;389,13;14,82;15,41;77,78;4,00;30,22;24,07;99,52;324,78;8,06;3,34
2007.0;6.0;2007-06-01;BRASPINE;RONDON;PR;JAGUARIAIVA;2899,24;1475,88;18,98;15,26;75,38;5,20;30,81;23,10;99,90;328,86;0,00;12,94
2007.0;6.0;2007-06-01;BRASPINE;SANTA FELICIDADE;;;;;16,10;16,03;81,16;2,73;34,58;26,21;99,93;317,31;11,39;0,87
2007.0;6.0;2007-06-01;BRASPINE;SANTA LIDIA DO CERCADINHO;;;;;21,60;15,00;75,25;2,21;32,97;22,49;99,71;315,22;6,67;10,05
2007.0;6.0;2007-06-01;BRASPINE;SANTO ANTONIO;;;;;18,17;15,31;75,17;5,16;30,32;23,40;99,56;327,73;0,00;1,32
2007.0;6.0;2007-06-01;BRASPINE;SAO JOSE;PR;JANDAIA DO SUL;37,56;37,56;19,67;18,22;69,82;7,03;37,85;26,40;97,74;136,99;0,00;12,62
2007.0;6.0;2007-06-01;BRASPINE;SAO MATHEUS;;;;;20,97;19,09;70,37;6,12;38,26;27,97;96,90;150,02;0,00;3,36
2007.0;6.0;2007-06-01;BRASPINE;SAO PEDRO E SAO PAULO;PR;SAPOPEMA;709,13;323,93;23,55;16,44;73,08;4,97;37,07;24,33;99,32;309,91;4,97;2,59
2007.0;6.0;2007-06-01;BRASPINE;SAO RAFAEL;;;;;25,15;14,67;77,57;2,13;42,55;23,43;99,71;308,30;6,65;18,61
2007.0;6.0;2007-06-01;BRASPINE;SAO RAFAEL - PB;;;;;18,57;15,50;78,54;3,86;32,85;24,49;99,74;326,40;12,52;1,42
2007.0;6.0;2007-06-01;BRASPINE;SERRARIA;PR;DOUTOR ULYSSES;280,88;117,71;17,29;15,24;78,39;3,57;30,17;24,03;99,49;322,39;8,05;3,42
2007.0;6.0;2007-06-01;BRASPINE;SERRO VERDE;;;;;46,03;14,61;75,67;1,98;35,57;22,48;99,90;321,50;15,82;25,26
2007.0;6.0;2007-06-01;BRASPINE;SERTAOZINHO;PR;DOUTOR ULYSSES;16,25;16,25;15,59;15,41;77,78;4,00;30,22;24,07;99,52;324,78;8,06;3,34
2007.0;6.0;2007-06-01;BRASPINE;SITIO BASILIO;PR;JAGUARIAIVA;8,08;8,08;18,47;15,20;74,62;4,50;31,96;22,78;99,75;332,06;4,50;20,78
2007.0;6.0;2007-06-01;BRASPINE;SITIO DAS MARRECAS;PR;DOUTOR ULYSSES;77,49;35,17;17,15;15,72;79,80;3,54;32,22;25,24;99,51;322,21;8,40;1,26
2007.0;6.0;2007-06-01;BRASPINE;SOBRADINHO;SP;BOM SUCESSO DE ITARARE;285,80;123,10;20,56;15,24;76,14;5,04;30,87;23,54;99,53;322,07;0,00;16,32
2007.0;6.0;2007-06-01;BRASPINE;TAQUARAL;PR;JAGUARIAIVA;519,13;31,07;16,31;15,39;75,22;5,28;30,93;23,39;99,61;333,09;0,00;18,20
2007.0;6.0;2007-06-01;BRASPINE;TUCUNDUVA;PR;SENGES;82,21;60,89;20,96;15,97;72,41;4,63;33,45;23,53;99,35;289,68;4,63;2,33
2007.0;6.0;2007-06-01;BRASPINE;TUCUNDUVA - CHAMMA;;;;;21,65;16,01;72,70;4,67;33,13;23,61;99,33;322,27;4,67;6,76
2007.0;6.0;2007-06-01;BRASPINE;VIENA 1;PR;DOUTOR ULYSSES;263,98;178,34;17,34;15,15;76,69;2,97;30,27;23,31;99,46;328,50;7,60;3,16
2007.0;6.0;2007-06-01;BRASPINE;VIENA 2;PR;CERRO AZUL;140,23;96,54;17,57;15,82;79,26;2,93;37,69;25,25;99,48;317,49;11,63;4,38
2007.0;6.0;2007-06-01;BRASPINE;VITORIA;PR;SENGES;50,54;35,69;19,13;15,32;74,72;5,01;30,63;23,06;99,76;332,47;0,00;3,63
2007.0;6.0;2007-06-01;BRASPINE;VIVEIRO;PR;DOUTOR ULYSSES;405,39;261,22;14,88;15,41;77,78;4,00;30,22;24,07;99,52;324,78;8,06;3,34
2007.0;6.0;2007-06-01;BRASPINE;VO LINO;PR;DOUTOR ULYSSES;164,50;97,89;17,00;15,40;78,96;3,96;30,87;24,42;99,49;324,14;8,68;112,39
2007.0;6.0;2007-06-01;BRASPINE;XAXIM VELHO;;;;;35,82;13,66;79,02;1,49;38,87;21,92;99,96;271,90;19,34;6,72
2007.0;7.0;2007-07-01;BRASPINE;AGUA DOCE;PR;JAGUARIAIVA;238,97;121,99;160,75;13,33;75,91;2,05;39,32;23,85;99,86;264,36;15,42;6,44
2007.0;7.0;2007-07-01;BRASPINE;AMATA;;;;;160,46;14,11;79,93;1,60;34,80;26,86;100,00;270,04;17,56;12,20
2007.0;7.0;2007-07-01;BRASPINE;ANTA BRAVA;;;;;139,07;16,25;73,58;6,11;35,74;27,47;99,57;321,06;0,00;10,70
2007.0;7.0;2007-07-01;BRASPINE;ARAPONGAS;PR;SENGES;423,34;263,70;173,56;13,35;78,52;1,52;36,01;25,21;100,00;277,85;15,52;8,58
2007.0;7.0;2007-07-01;BRASPINE;ARROIO CLARO;PR;DOUTOR ULYSSES;275,14;92,00;165,68;13,36;79,54;1,92;34,73;25,70;100,00;273,23;15,81;1,67
2007.0;7.0;2007-07-01;BRASPINE;BARRA GRANDE;PR;DOUTOR ULYSSES;493,79;139,68;173,64;13,65;79,34;1,42;34,90;25,96;100,00;279,36;15,54;3,68
2007.0;7.0;2007-07-01;BRASPINE;BARRA GRANDE - BEMAIS;PR;GUARAPUAVA;299,16;108,61;130,78;12,22;79,16;0,68;39,41;23,15;99,99;246,29;25,11;18,25
2007.0;7.0;2007-07-01;BRASPINE;BARRETOS;PR;JAGUARIAIVA;43,35;32,98;175,53;13,48;76,81;2,23;37,71;24,86;99,99;243,38;16,02;13,53
2007.0;7.0;2007-07-01;BRASPINE;BAU;;;;;140,16;12,35;77,22;-0,47;38,65;22,69;99,89;219,98;26,44;0,11
2007.0;7.0;2007-07-01;BRASPINE;BOA VISTA II;PR;PIRAI DO SUL;944,00;535,05;175,46;13,49;75,81;2,03;39,56;24,39;99,97;196,01;16,13;0,03
2007.0;7.0;2007-07-01;BRASPINE;BRASILEIRA;;;;;172,53;13,35;78,52;1,52;36,01;25,21;100,00;277,85;15,52;8,58
2007.0;7.0;2007-07-01;BRASPINE;BURACAO;;;;;146,27;13,11;77,06;0,86;38,47;24,79;99,84;239,46;17,21;14,96
2007.0;7.0;2007-07-01;BRASPINE;BURRINHO;PR;DOUTOR ULYSSES;211,01;100,37;165,52;13,36;79,54;1,92;34,73;25,70;100,00;273,23;15,81;1,67
2007.0;7.0;2007-07-01;BRASPINE;CADEADO I;PR;JAGUARIAIVA;21,07;12,29;163,61;13,28;77,68;1,70;36,92;24,85;100,00;262,92;19,51;12,75
2007.0;7.0;2007-07-01;BRASPINE;CADEADO II;PR;JAGUARIAIVA;21,88;16,79;163,61;13,28;77,68;1,70;36,92;24,85;100,00;262,92;19,51;12,75
2007.0;7.0;2007-07-01;BRASPINE;CAMPINA ALTA;PR;TIBAGI;29,77;18,24;185,27;13,81;77,63;0,18;37,41;25,18;99,89;250,45;23,77;2,07
2007.0;7.0;2007-07-01;BRASPINE;CAMPINA DO ELIAS;PR;JAGUARIAIVA;29,17;14,65;169,41;13,41;77,13;2,29;37,42;24,86;99,99;269,74;15,70;13,27
2007.0;7.0;2007-07-01;BRASPINE;CAMPO NOVO;PR;JAGUARIAIVA;295,98;156,36;171,91;13,28;77,68;1,70;36,92;24,85;100,00;262,92;19,51;12,75
2007.0;7.0;2007-07-01;BRASPINE;CONSULTORIA II A;PR;DOUTOR ULYSSES;89,62;60,79;170,71;13,35;78,52;1,52;36,01;25,21;100,00;277,85;15,52;8,58
2007.0;7.0;2007-07-01;BRASPINE;DINIZ;;;;;166,88;13,35;78,52;1,52;36,01;25,21;100,00;277,85;15,52;8,58
2007.0;7.0;2007-07-01;BRASPINE;ENES;PR;JAGUARIAIVA;5,93;5,69;171,55;13,28;77,68;1,70;36,92;24,85;100,00;262,92;19,51;12,75
2007.0;7.0;2007-07-01;BRASPINE;ENGENHARIA;;;;;166,88;13,35;78,52;1,52;36,01;25,21;100,00;277,85;15,52;8,58
2007.0;7.0;2007-07-01;BRASPINE;ESTACAO;PR;SENGES;4,76;4,14;167,54;13,28;77,68;1,70;36,92;24,85;100,00;262,92;19,51;12,75
2007.0;7.0;2007-07-01;BRASPINE;FAXINAL;PR;JAGUARIAIVA;20,65;20,65;171,55;13,28;77,68;1,70;36,92;24,85;100,00;262,92;19,51;12,75
2007.0;7.0;2007-07-01;BRASPINE;FEITAL;PR;DOUTOR ULYSSES;154,17;86,53;168,75;13,45;78,79;1,48;35,64;25,46;100,00;278,35;15,52;6,95
2007.0;7.0;2007-07-01;BRASPINE;FIGUEIRA;PR;DOUTOR ULYSSES;1053,81;315,71;165,17;13,36;79,54;1,92;34,73;25,70;100,00;273,23;15,81;1,67
2007.0;7.0;2007-07-01;BRASPINE;FIGUEIRINHA;PR;DOUTOR ULYSSES;94,37;56,74;173,00;13,36;79,54;1,92;34,73;25,70;100,00;273,23;15,81;1,67
2007.0;7.0;2007-07-01;BRASPINE;FLOEMA;PR;DOUTOR ULYSSES;2189,88;701,43;170,59;13,05;78,55;1,53;36,12;25,01;100,00;267,01;18,27;1,69
2007.0;7.0;2007-07-01;BRASPINE;FLOEMA I - SUDATI;;;;;167,50;13,35;78,52;1,52;36,01;25,21;100,00;277,85;15,52;8,58
2007.0;7.0;2007-07-01;BRASPINE;FLOEMA II - SUDATI;PR;DOUTOR ULYSSES;453,83;211,13;170,38;13,35;78,52;1,52;36,01;25,21;100,00;277,85;15,52;8,58
2007.0;7.0;2007-07-01;BRASPINE;FLOR DA SERRA;PR;SAO JOSE DA BOA VISTA;209,10;128,72;130,90;14,94;73,41;3,09;38,51;26,17;99,54;272,56;3,09;1,25
2007.0;7.0;2007-07-01;BRASPINE;GENTIL;PR;JAGUARIAIVA;126,77;53,33;160,43;13,12;75,85;2,16;39,06;23,46;99,57;274,84;20,20;10,80
2007.0;7.0;2007-07-01;BRASPINE;GUAIRACA;PR;GUARAPUAVA;623,62;169,31;121,91;12,27;79,06;0,62;39,31;23,41;99,99;245,79;27,41;30,03
2007.0;7.0;2007-07-01;BRASPINE;HERVAL 2 - MADALOSSO;;;;;144,53;13,11;77,06;0,86;38,47;24,79;99,84;239,46;17,21;14,96
2007.0;7.0;2007-07-01;BRASPINE;HERVAL DE BAIXO;PR;RESERVA;827,29;475,92;181,37;13,63;78,53;0,21;37,65;25,31;99,83;252,55;37,08;11,67
2007.0;7.0;2007-07-01;BRASPINE;HORTO 01;PR;TURVO;19,12;19,12;154,36;12,75;79,21;-0,20;43,97;24,03;99,66;247,68;31,26;12,93
2007.0;7.0;2007-07-01;BRASPINE;HORTO 02;PR;TURVO;4,24;4,24;154,62;12,75;79,21;-0,20;43,97;24,03;99,66;247,68;31,26;12,93
2007.0;7.0;2007-07-01;BRASPINE;HORTO 03;PR;PRUDENTOPOLIS;80,91;25,89;157,79;13,15;78,91;0,97;40,37;24,85;99,91;258,47;32,47;1,82
2007.0;7.0;2007-07-01;BRASPINE;HORTO 08;PR;TURVO;9,53;9,53;150,16;13,15;78,91;0,97;40,37;24,85;99,91;258,47;32,47;1,82
2007.0;7.0;2007-07-01;BRASPINE;HORTO 12;PR;PRUDENTOPOLIS;12,20;12,20;162,75;13,15;78,91;0,97;40,37;24,85;99,91;258,47;32,47;1,82
2007.0;7.0;2007-07-01;BRASPINE;IZAU;PR;PIRAI DO SUL;19,37;11,60;165,41;13,25;75,64;1,88;38,27;23,84;99,56;256,03;15,79;0,99
2007.0;7.0;2007-07-01;BRASPINE;JOAO RICO;PR;JAGUARIAIVA;47,46;26,18;162,32;13,33;75,91;2,05;39,32;23,85;99,86;264,36;15,42;6,44
2007.0;7.0;2007-07-01;BRASPINE;LAGOA;PR;JAGUARIAIVA;24,10;10,78;163,88;13,28;77,68;1,70;36,92;24,85;100,00;262,92;19,51;12,75
2007.0;7.0;2007-07-01;BRASPINE;MARACANA;PR;JANDAIA DO SUL;11,45;11,45;211,56;16,05;71,53;3,97;31,47;27,75;99,99;218,09;8,74;30,54
2007.0;7.0;2007-07-01;BRASPINE;MARRECA;;;;;164,61;13,36;79,54;1,92;34,73;25,70;100,00;273,23;15,81;1,67
2007.0;7.0;2007-07-01;BRASPINE;MARRECA SP;SP;ITAPIRAPUA PAULISTA;675,30;236,19;177,12;13,79;80,47;1,03;33,87;26,53;100,00;274,34;16,51;1,29
2007.0;7.0;2007-07-01;BRASPINE;MARRECAS;;;;;119,44;11,79;79,21;0,59;40,14;22,40;100,00;235,63;24,99;0,41
2007.0;7.0;2007-07-01;BRASPINE;MERCADINHO;;;;;171,87;13,65;79,95;1,35;34,16;26,26;100,00;271,73;16,61;8,35
2007.0;7.0;2007-07-01;BRASPINE;MONTE ALEGRE;;;;;235,16;16,45;70,74;4,35;30,45;28,36;99,98;209,45;4,35;6,44
2007.0;7.0;2007-07-01;BRASPINE;MONTE TABOR II;;;;;136,28;13,15;82,52;1,45;40,05;25,22;100,00;259,62;25,23;30,24
2007.0;7.0;2007-07-01;BRASPINE;MOREIRA;PR;DOUTOR ULYSSES;230,52;68,68;170,38;13,35;78,52;1,52;36,01;25,21;100,00;277,85;15,52;8,58
2007.0;7.0;2007-07-01;BRASPINE;MOREIRAS II;PR;DOUTOR ULYSSES;66,76;28,75;170,75;13,35;78,52;1,52;36,01;25,21;100,00;277,85;15,52;8,58
2007.0;7.0;2007-07-01;BRASPINE;MORRETES;PR;ORTIGUEIRA;20,36;20,36;186,25;13,95;78,75;0,64;36,63;26,09;99,79;251,97;33,50;0,62
2007.0;7.0;2007-07-01;BRASPINE;MORRO AZUL;;;;;156,98;13,55;78,57;1,61;35,10;25,65;100,00;262,99;25,27;318,67
2007.0;7.0;2007-07-01;BRASPINE;OURO FINO;SP;APIAI;51,70;51,70;137,27;13,28;79,86;2,22;36,65;25,16;100,00;268,61;23,82;54,69
2007.0;7.0;2007-07-01;BRASPINE;PALMEIRINHA DE BAIXO - SOSSEGO;PR;SENGES;85,93;9,22;159,20;13,18;76,61;1,90;37,47;24,03;99,87;273,67;16,52;18,11
2007.0;7.0;2007-07-01;BRASPINE;PAZIN;PR;DOUTOR ULYSSES;41,20;23,90;168,75;13,36;79,54;1,92;34,73;25,70;100,00;273,23;15,81;1,67
2007.0;7.0;2007-07-01;BRASPINE;PEDRAS;PR;CASTRO;7,18;7,18;167,14;13,15;76,32;1,78;38,91;23,72;99,54;214,36;19,15;7,90
2007.0;7.0;2007-07-01;BRASPINE;PESCARIA;PR;SAO JOSE DA BOA VISTA;184,57;129,22;160,48;15,09;73,02;3,49;38,07;26,27;99,55;263,21;3,49;6,07
2007.0;7.0;2007-07-01;BRASPINE;PESSEGUEIRO;PR;DOUTOR ULYSSES;109,95;64,79;168,89;13,35;78,52;1,52;36,01;25,21;100,00;277,85;15,52;8,58
2007.0;7.0;2007-07-01;BRASPINE;PITANGA;;;;;155,42;12,92;76,84;0,36;37,96;23,64;99,81;217,73;25,86;7,40
2007.0;7.0;2007-07-01;BRASPINE;QUEIMADINHO ARROIO CLARO;PR;DOUTOR ULYSSES;48,13;19,09;172,53;13,35;78,52;1,52;36,01;25,21;100,00;277,85;15,52;8,58
2007.0;7.0;2007-07-01;BRASPINE;QUEIMADINHO M6042;PR;DOUTOR ULYSSES;48,38;18,50;172,53;13,35;78,52;1,52;36,01;25,21;100,00;277,85;15,52;8,58
2007.0;7.0;2007-07-01;BRASPINE;QUEIMADINHO USUCAPIAO;PR;DOUTOR ULYSSES;200,27;92,43;172,53;13,35;78,52;1,52;36,01;25,21;100,00;277,85;15,52;8,58
2007.0;7.0;2007-07-01;BRASPINE;RAMOS;PR;SENGES;69,83;38,15;167,50;13,28;77,68;1,70;36,92;24,85;100,00;262,92;19,51;12,75
2007.0;7.0;2007-07-01;BRASPINE;RIBEIRAO GRANDE;PR;JAGUARIAIVA;20,77;20,77;160,63;13,25;75,64;1,88;38,27;23,84;99,56;256,03;15,79;0,99
2007.0;7.0;2007-07-01;BRASPINE;RINCAO DE BAIXO;;;;;169,09;13,41;75,60;0,85;36,28;23,96;99,55;256,33;37,92;3,93
2007.0;7.0;2007-07-01;BRASPINE;RIO BOMBA;PR;CERRO AZUL;65,03;37,72;165,75;13,80;79,77;1,03;35,28;26,45;99,98;275,04;21,64;15,64
2007.0;7.0;2007-07-01;BRASPINE;RIO DO MEIO;PR;DOUTOR ULYSSES;712,33;389,13;171,22;13,35;78,52;1,52;36,01;25,21;100,00;277,85;15,52;8,58
2007.0;7.0;2007-07-01;BRASPINE;RONDON;PR;JAGUARIAIVA;2899,24;1475,88;157,89;13,18;76,88;1,64;39,49;23,97;99,89;275,02;15,71;6,23
2007.0;7.0;2007-07-01;BRASPINE;SANTA FELICIDADE;;;;;173,02;13,99;81,34;0,36;33,34;27,23;100,00;272,24;17,11;0,70
2007.0;7.0;2007-07-01;BRASPINE;SANTA LIDIA DO CERCADINHO;;;;;162,18;13,17;75,45;0,87;36,43;23,48;99,54;251,70;37,33;3,32
2007.0;7.0;2007-07-01;BRASPINE;SANTO ANTONIO;;;;;164,25;13,19;76,78;1,28;36,62;24,43;100,00;255,51;15,92;9,23
2007.0;7.0;2007-07-01;BRASPINE;SAO JOSE;PR;JANDAIA DO SUL;37,56;37,56;232,60;16,32;70,94;4,27;30,79;28,14;99,99;207,91;4,27;7,29
2007.0;7.0;2007-07-01;BRASPINE;SAO MATHEUS;;;;;223,72;17,16;70,99;3,79;30,06;29,67;99,91;194,91;3,79;1,42
2007.0;7.0;2007-07-01;BRASPINE;SAO PEDRO E SAO PAULO;PR;SAPOPEMA;709,13;323,93;214,77;14,58;73,63;2,93;36,85;25,16;99,65;301,20;10,67;0,25
2007.0;7.0;2007-07-01;BRASPINE;SAO RAFAEL;;;;;104,10;12,57;77,63;1,20;38,27;24,91;99,55;228,61;26,05;19,83
2007.0;7.0;2007-07-01;BRASPINE;SAO RAFAEL - PB;;;;;156,86;13,41;79,52;2,06;35,99;25,38;100,00;273,80;25,64;1,10
2007.0;7.0;2007-07-01;BRASPINE;SERRARIA;PR;DOUTOR ULYSSES;280,88;117,71;170,93;13,20;79,04;1,73;35,42;25,36;100,00;270,13;14,64;1,68
2007.0;7.0;2007-07-01;BRASPINE;SERRO VERDE;;;;;123,11;12,59;76,39;-0,82;36,73;23,03;99,92;210,74;36,67;4,09
2007.0;7.0;2007-07-01;BRASPINE;SERTAOZINHO;PR;DOUTOR ULYSSES;16,25;16,25;169,00;13,35;78,52;1,52;36,01;25,21;100,00;277,85;15,52;8,58
2007.0;7.0;2007-07-01;BRASPINE;SITIO BASILIO;PR;JAGUARIAIVA;8,08;8,08;160,01;13,14;75,93;2,09;39,38;23,45;99,65;272,40;19,93;8,63
2007.0;7.0;2007-07-01;BRASPINE;SITIO DAS MARRECAS;PR;DOUTOR ULYSSES;77,49;35,17;173,65;13,67;80,20;1,28;34,12;26,30;100,00;274,01;16,30;1,40
2007.0;7.0;2007-07-01;BRASPINE;SOBRADINHO;SP;BOM SUCESSO DE ITARARE;285,80;123,10;163,97;13,16;77,37;1,14;35,99;24,69;100,00;269,69;20,23;1,01
2007.0;7.0;2007-07-01;BRASPINE;TAQUARAL;PR;JAGUARIAIVA;519,13;31,07;167,95;13,34;76,45;1,92;39,95;24,06;100,00;264,63;20,57;2,69
2007.0;7.0;2007-07-01;BRASPINE;TUCUNDUVA;PR;SENGES;82,21;60,89;180,18;13,76;74,38;1,39;39,60;24,22;99,54;282,63;18,55;10,95
2007.0;7.0;2007-07-01;BRASPINE;TUCUNDUVA - CHAMMA;;;;;168,48;13,84;74,58;2,33;39,48;24,33;99,54;274,62;14,82;9,06
2007.0;7.0;2007-07-01;BRASPINE;VIENA 1;PR;DOUTOR ULYSSES;263,98;178,34;168,05;13,04;77,63;1,61;38,32;24,45;100,00;256,02;17,69;0,38
2007.0;7.0;2007-07-01;BRASPINE;VIENA 2;PR;CERRO AZUL;140,23;96,54;165,99;13,80;79,77;1,03;35,28;26,45;99,98;275,04;21,64;15,64
2007.0;7.0;2007-07-01;BRASPINE;VITORIA;PR;SENGES;50,54;35,69;159,20;13,18;76,61;1,90;37,47;24,03;99,87;273,67;16,52;18,11
2007.0;7.0;2007-07-01;BRASPINE;VIVEIRO;PR;DOUTOR ULYSSES;405,39;261,22;170,75;13,35;78,52;1,52;36,01;25,21;100,00;277,85;15,52;8,58
2007.0;7.0;2007-07-01;BRASPINE;VO LINO;PR;DOUTOR ULYSSES;164,50;97,89;164,19;13,36;79,54;1,92;34,73;25,70;100,00;273,23;15,81;1,67
2007.0;7.0;2007-07-01;BRASPINE;XAXIM VELHO;;;;;114,63;11,77;79,50;-0,48;41,83;22,47;100,00;231,47;31,36;0,52
2007.0;8.0;2007-08-01;BRASPINE;AGUA DOCE;PR;JAGUARIAIVA;238,97;121,99;22,22;15,67;76,08;8,12;31,52;26,55;99,90;324,21;0,00;17,90
2007.0;8.0;2007-08-01;BRASPINE;AMATA;;;;;17,88;16,31;79,75;7,84;28,44;29,82;99,97;329,25;0,00;3,63
2007.0;8.0;2007-08-01;BRASPINE;ANTA BRAVA;;;;;15,47;18,02;73,41;11,11;28,44;29,78;97,53;346,47;0,00;0,89
2007.0;8.0;2007-08-01;BRASPINE;ARAPONGAS;PR;SENGES;423,34;263,70;22,50;15,45;79,24;7,41;28,58;27,63;100,00;320,39;0,00;18,05
2007.0;8.0;2007-08-01;BRASPINE;ARROIO CLARO;PR;DOUTOR ULYSSES;275,14;92,00;21,92;15,48;80,26;7,48;28,21;28,09;100,00;323,75;0,00;0,28
2007.0;8.0;2007-08-01;BRASPINE;BARRA GRANDE;PR;DOUTOR ULYSSES;493,79;139,68;20,18;15,74;80,11;7,44;29,16;28,61;100,00;325,24;0,00;12,34
2007.0;8.0;2007-08-01;BRASPINE;BARRA GRANDE - BEMAIS;PR;GUARAPUAVA;299,16;108,61;20,84;14,70;77,21;5,29;36,22;24,98;99,99;288,04;0,00;7,07
2007.0;8.0;2007-08-01;BRASPINE;BARRETOS;PR;JAGUARIAIVA;43,35;32,98;23,39;15,66;77,70;7,90;28,10;27,41;99,95;310,77;0,00;1,79
2007.0;8.0;2007-08-01;BRASPINE;BAU;;;;;29,25;14,91;76,23;5,43;39,70;24,13;99,76;322,94;0,00;0,17
2007.0;8.0;2007-08-01;BRASPINE;BOA VISTA II;PR;PIRAI DO SUL;944,00;535,05;23,03;15,68;77,01;7,70;30,16;27,04;99,87;309,94;0,00;2,31
2007.0;8.0;2007-08-01;BRASPINE;BRASILEIRA;;;;;20,47;15,45;79,24;7,41;28,58;27,63;100,00;320,39;0,00;18,05
2007.0;8.0;2007-08-01;BRASPINE;BURACAO;;;;;22,82;15,21;79,15;6,93;31,05;27,07;99,86;300,07;0,00;8,53
2007.0;8.0;2007-08-01;BRASPINE;BURRINHO;PR;DOUTOR ULYSSES;211,01;100,37;21,80;15,48;80,26;7,48;28,21;28,09;100,00;323,75;0,00;0,28
2007.0;8.0;2007-08-01;BRASPINE;CADEADO I;PR;JAGUARIAIVA;21,07;12,29;21,61;15,39;78,47;7,35;28,09;27,16;100,00;317,33;0,00;0,77
2007.0;8.0;2007-08-01;BRASPINE;CADEADO II;PR;JAGUARIAIVA;21,88;16,79;21,61;15,39;78,47;7,35;28,09;27,16;100,00;317,33;0,00;0,77
2007.0;8.0;2007-08-01;BRASPINE;CAMPINA ALTA;PR;TIBAGI;29,77;18,24;27,00;16,68;74,20;7,83;31,14;27,85;99,73;323,47;0,00;13,14
2007.0;8.0;2007-08-01;BRASPINE;CAMPINA DO ELIAS;PR;JAGUARIAIVA;29,17;14,65;22,51;15,56;77,98;7,70;28,10;27,32;99,97;322,77;0,00;1,44
2007.0;8.0;2007-08-01;BRASPINE;CAMPO NOVO;PR;JAGUARIAIVA;295,98;156,36;23,68;15,39;78,47;7,35;28,09;27,16;100,00;317,33;0,00;0,77
2007.0;8.0;2007-08-01;BRASPINE;CONSULTORIA II A;PR;DOUTOR ULYSSES;89,62;60,79;20,97;15,45;79,24;7,41;28,58;27,63;100,00;320,39;0,00;18,05
2007.0;8.0;2007-08-01;BRASPINE;DINIZ;;;;;22,19;15,45;79,24;7,41;28,58;27,63;100,00;320,39;0,00;18,05
2007.0;8.0;2007-08-01;BRASPINE;ENES;PR;JAGUARIAIVA;5,93;5,69;23,85;15,39;78,47;7,35;28,09;27,16;100,00;317,33;0,00;0,77
2007.0;8.0;2007-08-01;BRASPINE;ENGENHARIA;;;;;22,19;15,45;79,24;7,41;28,58;27,63;100,00;320,39;0,00;18,05
2007.0;8.0;2007-08-01;BRASPINE;ESTACAO;PR;SENGES;4,76;4,14;21,06;15,39;78,47;7,35;28,09;27,16;100,00;317,33;0,00;0,77
2007.0;8.0;2007-08-01;BRASPINE;FAXINAL;PR;JAGUARIAIVA;20,65;20,65;23,85;15,39;78,47;7,35;28,09;27,16;100,00;317,33;0,00;0,77
2007.0;8.0;2007-08-01;BRASPINE;FEITAL;PR;DOUTOR ULYSSES;154,17;86,53;20,94;15,55;79,53;7,42;28,77;27,96;100,00;322,02;0,00;16,20
2007.0;8.0;2007-08-01;BRASPINE;FIGUEIRA;PR;DOUTOR ULYSSES;1053,81;315,71;21,20;15,48;80,26;7,48;28,21;28,09;100,00;323,75;0,00;0,28
2007.0;8.0;2007-08-01;BRASPINE;FIGUEIRINHA;PR;DOUTOR ULYSSES;94,37;56,74;18,87;15,48;80,26;7,48;28,21;28,09;100,00;323,75;0,00;0,28
2007.0;8.0;2007-08-01;BRASPINE;FLOEMA;PR;DOUTOR ULYSSES;2189,88;701,43;21,46;15,17;79,33;7,29;27,48;27,07;100,00;316,37;0,00;3,22
2007.0;8.0;2007-08-01;BRASPINE;FLOEMA I - SUDATI;;;;;20,93;15,45;79,24;7,41;28,58;27,63;100,00;320,39;0,00;18,05
2007.0;8.0;2007-08-01;BRASPINE;FLOEMA II - SUDATI;PR;DOUTOR ULYSSES;453,83;211,13;21,18;15,45;79,24;7,41;28,58;27,63;100,00;320,39;0,00;18,05
2007.0;8.0;2007-08-01;BRASPINE;FLOR DA SERRA;PR;SAO JOSE DA BOA VISTA;209,10;128,72;17,51;17,30;72,62;9,16;31,36;28,82;99,52;345,50;0,00;0,86
2007.0;8.0;2007-08-01;BRASPINE;GENTIL;PR;JAGUARIAIVA;126,77;53,33;22,45;15,42;76,29;8,06;32,30;26,18;99,87;318,76;0,00;20,29
2007.0;8.0;2007-08-01;BRASPINE;GUAIRACA;PR;GUARAPUAVA;623,62;169,31;21,54;14,76;77,34;5,21;35,29;25,33;99,96;301,37;0,00;8,07
2007.0;8.0;2007-08-01;BRASPINE;HERVAL 2 - MADALOSSO;;;;;24,16;15,21;79,15;6,93;31,05;27,07;99,86;300,07;0,00;8,53
2007.0;8.0;2007-08-01;BRASPINE;HERVAL DE BAIXO;PR;RESERVA;827,29;475,92;29,31;16,46;75,27;8,05;31,11;27,72;99,59;320,92;0,00;11,32
2007.0;8.0;2007-08-01;BRASPINE;HORTO 01;PR;TURVO;19,12;19,12;25,28;15,36;77,47;5,21;38,77;25,59;99,38;282,24;0,00;0,67
2007.0;8.0;2007-08-01;BRASPINE;HORTO 02;PR;TURVO;4,24;4,24;25,19;15,36;77,47;5,21;38,77;25,59;99,38;282,24;0,00;0,67
2007.0;8.0;2007-08-01;BRASPINE;HORTO 03;PR;PRUDENTOPOLIS;80,91;25,89;25,63;15,83;76,60;6,11;35,35;26,56;99,63;296,52;0,00;6,85
2007.0;8.0;2007-08-01;BRASPINE;HORTO 08;PR;TURVO;9,53;9,53;23,40;15,83;76,60;6,11;35,35;26,56;99,63;296,52;0,00;6,85
2007.0;8.0;2007-08-01;BRASPINE;HORTO 12;PR;PRUDENTOPOLIS;12,20;12,20;25,77;15,83;76,60;6,11;35,35;26,56;99,63;296,52;0,00;6,85
2007.0;8.0;2007-08-01;BRASPINE;IZAU;PR;PIRAI DO SUL;19,37;11,60;28,63;15,48;76,78;8,06;30,32;26,71;99,83;322,86;0,00;3,02
2007.0;8.0;2007-08-01;BRASPINE;JOAO RICO;PR;JAGUARIAIVA;47,46;26,18;22,30;15,67;76,08;8,12;31,52;26,55;99,90;324,21;0,00;17,90
2007.0;8.0;2007-08-01;BRASPINE;LAGOA;PR;JAGUARIAIVA;24,10;10,78;22,01;15,39;78,47;7,35;28,09;27,16;100,00;317,33;0,00;0,77
2007.0;8.0;2007-08-01;BRASPINE;MARACANA;PR;JANDAIA DO SUL;11,45;11,45;20,10;18,97;66,69;10,06;27,92;29,85;99,73;221,35;0,00;4,51
2007.0;8.0;2007-08-01;BRASPINE;MARRECA;;;;;20,01;15,48;80,26;7,48;28,21;28,09;100,00;323,75;0,00;0,28
2007.0;8.0;2007-08-01;BRASPINE;MARRECA SP;SP;ITAPIRAPUA PAULISTA;675,30;236,19;18,09;15,91;81,10;7,07;28,64;29,41;100,00;328,58;0,00;0,26
2007.0;8.0;2007-08-01;BRASPINE;MARRECAS;;;;;21,23;14,18;77,72;4,63;37,24;24,24;100,00;287,54;4,63;0,02
2007.0;8.0;2007-08-01;BRASPINE;MERCADINHO;;;;;19,30;15,79;80,31;7,33;27,83;29,03;100,00;327,69;0,00;5,65
2007.0;8.0;2007-08-01;BRASPINE;MONTE ALEGRE;;;;;18,39;19,39;65,97;10,37;27,08;30,52;99,73;195,46;0,00;2,42
2007.0;8.0;2007-08-01;BRASPINE;MONTE TABOR II;;;;;26,62;15,06;83,91;5,83;30,56;28,12;100,00;327,31;0,00;7,09
2007.0;8.0;2007-08-01;BRASPINE;MOREIRA;PR;DOUTOR ULYSSES;230,52;68,68;21,18;15,45;79,24;7,41;28,58;27,63;100,00;320,39;0,00;18,05
2007.0;8.0;2007-08-01;BRASPINE;MOREIRAS II;PR;DOUTOR ULYSSES;66,76;28,75;20,93;15,45;79,24;7,41;28,58;27,63;100,00;320,39;0,00;18,05
2007.0;8.0;2007-08-01;BRASPINE;MORRETES;PR;ORTIGUEIRA;20,36;20,36;29,07;16,70;75,78;7,76;30,47;28,26;99,71;318,02;0,00;8,32
2007.0;8.0;2007-08-01;BRASPINE;MORRO AZUL;;;;;24,21;15,59;79,56;7,44;29,36;28,18;100,00;320,44;0,00;0,27
2007.0;8.0;2007-08-01;BRASPINE;OURO FINO;SP;APIAI;51,70;51,70;24,76;15,18;81,51;6,74;30,94;27,76;100,00;313,94;0,00;0,24
2007.0;8.0;2007-08-01;BRASPINE;PALMEIRINHA DE BAIXO - SOSSEGO;PR;SENGES;85,93;9,22;20,05;15,44;76,29;7,57;29,06;26,58;99,71;321,09;0,00;2,85
2007.0;8.0;2007-08-01;BRASPINE;PAZIN;PR;DOUTOR ULYSSES;41,20;23,90;20,34;15,48;80,26;7,48;28,21;28,09;100,00;323,75;0,00;0,28
2007.0;8.0;2007-08-01;BRASPINE;PEDRAS;PR;CASTRO;7,18;7,18;24,42;15,34;78,00;7,80;33,55;26,27;100,00;301,74;0,00;5,52
2007.0;8.0;2007-08-01;BRASPINE;PESCARIA;PR;SAO JOSE DA BOA VISTA;184,57;129,22;18,60;17,48;71,88;8,85;29,71;29,20;99,74;347,11;0,00;4,26
2007.0;8.0;2007-08-01;BRASPINE;PESSEGUEIRO;PR;DOUTOR ULYSSES;109,95;64,79;21,27;15,45;79,24;7,41;28,58;27,63;100,00;320,39;0,00;18,05
2007.0;8.0;2007-08-01;BRASPINE;PITANGA;;;;;32,62;15,59;75,33;6,13;38,44;24,86;99,66;312,17;0,00;10,78
2007.0;8.0;2007-08-01;BRASPINE;QUEIMADINHO ARROIO CLARO;PR;DOUTOR ULYSSES;48,13;19,09;20,47;15,45;79,24;7,41;28,58;27,63;100,00;320,39;0,00;18,05
2007.0;8.0;2007-08-01;BRASPINE;QUEIMADINHO M6042;PR;DOUTOR ULYSSES;48,38;18,50;20,47;15,45;79,24;7,41;28,58;27,63;100,00;320,39;0,00;18,05
2007.0;8.0;2007-08-01;BRASPINE;QUEIMADINHO USUCAPIAO;PR;DOUTOR ULYSSES;200,27;92,43;20,47;15,45;79,24;7,41;28,58;27,63;100,00;320,39;0,00;18,05
2007.0;8.0;2007-08-01;BRASPINE;RAMOS;PR;SENGES;69,83;38,15;20,93;15,39;78,47;7,35;28,09;27,16;100,00;317,33;0,00;0,77
2007.0;8.0;2007-08-01;BRASPINE;RIBEIRAO GRANDE;PR;JAGUARIAIVA;20,77;20,77;26,57;15,48;76,78;8,06;30,32;26,71;99,83;322,86;0,00;3,02
2007.0;8.0;2007-08-01;BRASPINE;RINCAO DE BAIXO;;;;;27,94;16,04;74,04;8,66;31,55;26,84;99,44;311,27;0,00;2,65
2007.0;8.0;2007-08-01;BRASPINE;RIO BOMBA;PR;CERRO AZUL;65,03;37,72;19,38;15,99;79,83;7,31;27,89;29,10;99,89;333,79;0,00;9,87
2007.0;8.0;2007-08-01;BRASPINE;RIO DO MEIO;PR;DOUTOR ULYSSES;712,33;389,13;20,81;15,45;79,24;7,41;28,58;27,63;100,00;320,39;0,00;18,05
2007.0;8.0;2007-08-01;BRASPINE;RONDON;PR;JAGUARIAIVA;2899,24;1475,88;21,17;15,43;76,83;7,74;29,80;26,51;99,79;319,73;0,00;11,72
2007.0;8.0;2007-08-01;BRASPINE;SANTA FELICIDADE;;;;;18,13;16,08;81,95;6,56;27,76;30,27;100,00;312,42;0,00;1,22
2007.0;8.0;2007-08-01;BRASPINE;SANTA LIDIA DO CERCADINHO;;;;;25,89;15,74;74,14;8,59;31,76;26,25;99,21;307,75;0,00;2,24
2007.0;8.0;2007-08-01;BRASPINE;SANTO ANTONIO;;;;;20,68;15,38;76,88;7,37;29,02;26,79;99,97;316,33;0,00;6,98
2007.0;8.0;2007-08-01;BRASPINE;SAO JOSE;PR;JANDAIA DO SUL;37,56;37,56;18,69;19,25;66,16;10,31;27,39;30,27;99,78;209,33;0,00;0,04
2007.0;8.0;2007-08-01;BRASPINE;SAO MATHEUS;;;;;19,60;20,25;65,97;10,29;26,55;31,89;99,58;185,19;0,00;0,52
2007.0;8.0;2007-08-01;BRASPINE;SAO PEDRO E SAO PAULO;PR;SAPOPEMA;709,13;323,93;21,02;16,87;72,51;8,87;32,29;27,71;98,38;348,06;0,00;5,67
2007.0;8.0;2007-08-01;BRASPINE;SAO RAFAEL;;;;;30,69;14,83;79,08;7,33;30,93;27,33;99,77;303,12;0,00;1,22
2007.0;8.0;2007-08-01;BRASPINE;SAO RAFAEL - PB;;;;;25,92;15,34;80,97;7,14;30,41;28,01;100,00;317,51;0,00;2,29
2007.0;8.0;2007-08-01;BRASPINE;SERRARIA;PR;DOUTOR ULYSSES;280,88;117,71;19,96;15,33;79,79;7,39;27,85;27,58;100,00;320,07;0,00;1,95
2007.0;8.0;2007-08-01;BRASPINE;SERRO VERDE;;;;;30,47;15,30;74,86;5,50;36,68;24,73;99,74;306,78;0,00;1,24
2007.0;8.0;2007-08-01;BRASPINE;SERTAOZINHO;PR;DOUTOR ULYSSES;16,25;16,25;21,21;15,45;79,24;7,41;28,58;27,63;100,00;320,39;0,00;18,05
2007.0;8.0;2007-08-01;BRASPINE;SITIO BASILIO;PR;JAGUARIAIVA;8,08;8,08;22,39;15,47;76,08;8,05;32,70;26,11;99,89;318,95;0,00;18,78
2007.0;8.0;2007-08-01;BRASPINE;SITIO DAS MARRECAS;PR;DOUTOR ULYSSES;77,49;35,17;18,57;15,79;80,86;7,18;28,68;29,03;100,00;327,18;0,00;357,51
2007.0;8.0;2007-08-01;BRASPINE;SOBRADINHO;SP;BOM SUCESSO DE ITARARE;285,80;123,10;23,72;15,18;78,28;7,11;29,73;26,82;99,99;311,24;0,00;2,34
2007.0;8.0;2007-08-01;BRASPINE;TAQUARAL;PR;JAGUARIAIVA;519,13;31,07;22,57;15,62;76,66;7,94;30,85;26,63;99,95;322,88;0,00;16,41
2007.0;8.0;2007-08-01;BRASPINE;TUCUNDUVA;PR;SENGES;82,21;60,89;22,27;16,16;73,43;8,10;30,80;27,04;99,61;335,79;0,00;4,13
2007.0;8.0;2007-08-01;BRASPINE;TUCUNDUVA - CHAMMA;;;;;20,83;16,21;73,66;8,19;29,65;27,23;99,53;338,34;0,00;0,14
2007.0;8.0;2007-08-01;BRASPINE;VIENA 1;PR;DOUTOR ULYSSES;263,98;178,34;21,22;15,19;78,73;7,44;29,66;26,58;100,00;317,71;0,00;0,15
2007.0;8.0;2007-08-01;BRASPINE;VIENA 2;PR;CERRO AZUL;140,23;96,54;19,26;15,99;79,83;7,31;27,89;29,10;99,89;333,79;0,00;9,87
2007.0;8.0;2007-08-01;BRASPINE;VITORIA;PR;SENGES;50,54;35,69;20,05;15,44;76,29;7,57;29,06;26,58;99,71;321,09;0,00;2,85
2007.0;8.0;2007-08-01;BRASPINE;VIVEIRO;PR;DOUTOR ULYSSES;405,39;261,22;20,93;15,45;79,24;7,41;28,58;27,63;100,00;320,39;0,00;18,05
2007.0;8.0;2007-08-01;BRASPINE;VO LINO;PR;DOUTOR ULYSSES;164,50;97,89;20,77;15,48;80,26;7,48;28,21;28,09;100,00;323,75;0,00;0,28
2007.0;8.0;2007-08-01;BRASPINE;XAXIM VELHO;;;;;24,72;14,11;78,82;4,17;37,24;24,50;100,00;281,85;8,44;6,88
2007.0;9.0;2007-09-01;BRASPINE;AGUA DOCE;PR;JAGUARIAIVA;238,97;121,99;44,49;18,80;72,49;8,14;30,99;30,22;98,62;274,39;0,00;2,17
2007.0;9.0;2007-09-01;BRASPINE;AMATA;;;;;45,06;19,90;75,87;10,07;31,26;32,83;99,99;189,60;0,00;1,35
2007.0;9.0;2007-09-01;BRASPINE;ANTA BRAVA;;;;;13,21;21,99;64,48;12,79;23,23;34,05;96,72;53,68;0,00;0,18
2007.0;9.0;2007-09-01;BRASPINE;ARAPONGAS;PR;SENGES;423,34;263,70;42,26;18,58;77,30;9,19;31,52;31,08;100,00;282,59;0,00;1,51
2007.0;9.0;2007-09-01;BRASPINE;ARROIO CLARO;PR;DOUTOR ULYSSES;275,14;92,00;43,22;18,68;78,17;9,22;31,60;31,35;100,00;287,05;0,00;3,28
2007.0;9.0;2007-09-01;BRASPINE;BARRA GRANDE;PR;DOUTOR ULYSSES;493,79;139,68;42,28;19,00;78,10;9,85;30,73;31,88;100,00;260,68;0,00;12,60
2007.0;9.0;2007-09-01;BRASPINE;BARRA GRANDE - BEMAIS;PR;GUARAPUAVA;299,16;108,61;41,61;17,81;75,14;5,24;35,87;28,53;99,98;312,00;0,00;0,79
2007.0;9.0;2007-09-01;BRASPINE;BARRETOS;PR;JAGUARIAIVA;43,35;32,98;45,25;18,71;75,54;8,08;32,94;30,87;99,70;278,15;0,00;0,41
2007.0;9.0;2007-09-01;BRASPINE;BAU;;;;;55,10;18,33;71,80;4,81;36,37;28,22;99,83;264,23;4,81;0,55
2007.0;9.0;2007-09-01;BRASPINE;BOA VISTA II;PR;PIRAI DO SUL;944,00;535,05;47,25;18,73;74,55;7,59;32,87;30,39;99,45;273,65;0,00;1,53
2007.0;9.0;2007-09-01;BRASPINE;BRASILEIRA;;;;;41,91;18,58;77,30;9,19;31,52;31,08;100,00;282,59;0,00;1,51
2007.0;9.0;2007-09-01;BRASPINE;BURACAO;;;;;53,98;18,24;77,27;6,63;36,37;29,78;99,90;290,14;0,00;1,20
2007.0;9.0;2007-09-01;BRASPINE;BURRINHO;PR;DOUTOR ULYSSES;211,01;100,37;43,10;18,68;78,17;9,22;31,60;31,35;100,00;287,05;0,00;3,28
2007.0;9.0;2007-09-01;BRASPINE;CADEADO I;PR;JAGUARIAIVA;21,07;12,29;42,33;18,46;76,42;8,64;32,32;30,65;100,00;305,83;0,00;1,32
2007.0;9.0;2007-09-01;BRASPINE;CADEADO II;PR;JAGUARIAIVA;21,88;16,79;42,33;18,46;76,42;8,64;32,32;30,65;100,00;305,83;0,00;1,32
2007.0;9.0;2007-09-01;BRASPINE;CAMPINA ALTA;PR;TIBAGI;29,77;18,24;72,51;19,91;68,71;7,74;29,84;31,60;99,31;220,91;0,00;1,89
2007.0;9.0;2007-09-01;BRASPINE;CAMPINA DO ELIAS;PR;JAGUARIAIVA;29,17;14,65;45,19;18,61;75,86;8,28;32,71;30,79;99,81;277,59;0,00;2,48
2007.0;9.0;2007-09-01;BRASPINE;CAMPO NOVO;PR;JAGUARIAIVA;295,98;156,36;41,87;18,46;76,42;8,64;32,32;30,65;100,00;305,83;0,00;1,32
2007.0;9.0;2007-09-01;BRASPINE;CONSULTORIA II A;PR;DOUTOR ULYSSES;89,62;60,79;40,52;18,58;77,30;9,19;31,52;31,08;100,00;282,59;0,00;1,51
2007.0;9.0;2007-09-01;BRASPINE;DINIZ;;;;;40,66;18,58;77,30;9,19;31,52;31,08;100,00;282,59;0,00;1,51
2007.0;9.0;2007-09-01;BRASPINE;ENES;PR;JAGUARIAIVA;5,93;5,69;41,81;18,46;76,42;8,64;32,32;30,65;100,00;305,83;0,00;1,32
2007.0;9.0;2007-09-01;BRASPINE;ENGENHARIA;;;;;40,66;18,58;77,30;9,19;31,52;31,08;100,00;282,59;0,00;1,51
2007.0;9.0;2007-09-01;BRASPINE;ESTACAO;PR;SENGES;4,76;4,14;42,37;18,46;76,42;8,64;32,32;30,65;100,00;305,83;0,00;1,32
2007.0;9.0;2007-09-01;BRASPINE;FAXINAL;PR;JAGUARIAIVA;20,65;20,65;41,81;18,46;76,42;8,64;32,32;30,65;100,00;305,83;0,00;1,32
2007.0;9.0;2007-09-01;BRASPINE;FEITAL;PR;DOUTOR ULYSSES;154,17;86,53;41,99;18,72;77,56;9,41;31,25;31,35;100,00;270,33;0,00;0,46
2007.0;9.0;2007-09-01;BRASPINE;FIGUEIRA;PR;DOUTOR ULYSSES;1053,81;315,71;40,86;18,68;78,17;9,22;31,60;31,35;100,00;287,05;0,00;3,28
2007.0;9.0;2007-09-01;BRASPINE;FIGUEIRINHA;PR;DOUTOR ULYSSES;94,37;56,74;43,34;18,68;78,17;9,22;31,60;31,35;100,00;287,05;0,00;3,28
2007.0;9.0;2007-09-01;BRASPINE;FLOEMA;PR;DOUTOR ULYSSES;2189,88;701,43;40,90;18,25;77,34;8,52;32,19;30,46;100,00;306,71;0,00;4,67
2007.0;9.0;2007-09-01;BRASPINE;FLOEMA I - SUDATI;;;;;42,30;18,58;77,30;9,19;31,52;31,08;100,00;282,59;0,00;1,51
2007.0;9.0;2007-09-01;BRASPINE;FLOEMA II - SUDATI;PR;DOUTOR ULYSSES;453,83;211,13;41,11;18,58;77,30;9,19;31,52;31,08;100,00;282,59;0,00;1,51
2007.0;9.0;2007-09-01;BRASPINE;FLOR DA SERRA;PR;SAO JOSE DA BOA VISTA;209,10;128,72;29,64;21,02;64,37;12,35;25,74;33,18;97,18;209,65;0,00;0,46
2007.0;9.0;2007-09-01;BRASPINE;GENTIL;PR;JAGUARIAIVA;126,77;53,33;44,60;18,51;72,52;7,62;31,22;29,80;98,35;254,33;0,00;0,63
2007.0;9.0;2007-09-01;BRASPINE;GUAIRACA;PR;GUARAPUAVA;623,62;169,31;43,01;17,86;75,75;5,00;34,71;28,92;99,99;311,65;0,00;1,38
2007.0;9.0;2007-09-01;BRASPINE;HERVAL 2 - MADALOSSO;;;;;55,65;18,24;77,27;6,63;36,37;29,78;99,90;290,14;0,00;1,20
2007.0;9.0;2007-09-01;BRASPINE;HERVAL DE BAIXO;PR;RESERVA;827,29;475,92;67,71;19,79;69,65;7,75;30,32;31,63;99,60;230,68;0,00;1,32
2007.0;9.0;2007-09-01;BRASPINE;HORTO 01;PR;TURVO;19,12;19,12;46,00;18,55;74,53;5,81;37,75;29,47;99,42;305,29;0,00;0,88
2007.0;9.0;2007-09-01;BRASPINE;HORTO 02;PR;TURVO;4,24;4,24;46,27;18,55;74,53;5,81;37,75;29,47;99,42;305,29;0,00;0,88
2007.0;9.0;2007-09-01;BRASPINE;HORTO 03;PR;PRUDENTOPOLIS;80,91;25,89;44,18;19,19;73,42;6,32;35,15;30,37;99,72;280,21;0,00;0,49
2007.0;9.0;2007-09-01;BRASPINE;HORTO 08;PR;TURVO;9,53;9,53;41,55;19,19;73,42;6,32;35,15;30,37;99,72;280,21;0,00;0,49
2007.0;9.0;2007-09-01;BRASPINE;HORTO 12;PR;PRUDENTOPOLIS;12,20;12,20;42,81;19,19;73,42;6,32;35,15;30,37;99,72;280,21;0,00;0,49
2007.0;9.0;2007-09-01;BRASPINE;IZAU;PR;PIRAI DO SUL;19,37;11,60;45,21;18,49;73,82;7,00;32,26;30,18;98,73;255,56;0,00;2,99
2007.0;9.0;2007-09-01;BRASPINE;JOAO RICO;PR;JAGUARIAIVA;47,46;26,18;44,65;18,80;72,49;8,14;30,99;30,22;98,62;274,39;0,00;2,17
2007.0;9.0;2007-09-01;BRASPINE;LAGOA;PR;JAGUARIAIVA;24,10;10,78;41,79;18,46;76,42;8,64;32,32;30,65;100,00;305,83;0,00;1,32
2007.0;9.0;2007-09-01;BRASPINE;MARACANA;PR;JANDAIA DO SUL;11,45;11,45;28,47;23,04;55,04;10,34;22,87;34,34;99,24;50,43;0,00;1,95
2007.0;9.0;2007-09-01;BRASPINE;MARRECA;;;;;41,74;18,68;78,17;9,22;31,60;31,35;100,00;287,05;0,00;3,28
2007.0;9.0;2007-09-01;BRASPINE;MARRECA SP;SP;ITAPIRAPUA PAULISTA;675,30;236,19;46,43;19,28;78,78;10,18;30,76;32,36;100,00;237,67;0,00;0,05
2007.0;9.0;2007-09-01;BRASPINE;MARRECAS;;;;;43,19;17,22;75,88;4,63;35,88;27,75;100,00;295,22;4,63;8,95
2007.0;9.0;2007-09-01;BRASPINE;MERCADINHO;;;;;42,86;19,24;77,01;9,56;31,43;32,09;100,00;253,45;0,00;8,57
2007.0;9.0;2007-09-01;BRASPINE;MONTE ALEGRE;;;;;23,89;23,57;54,06;10,61;22,31;34,92;97,59;36,62;0,00;1,09
2007.0;9.0;2007-09-01;BRASPINE;MONTE TABOR II;;;;;41,35;18,44;81,24;10,07;30,19;31,48;99,98;334,07;0,00;3,02
2007.0;9.0;2007-09-01;BRASPINE;MOREIRA;PR;DOUTOR ULYSSES;230,52;68,68;41,11;18,58;77,30;9,19;31,52;31,08;100,00;282,59;0,00;1,51
2007.0;9.0;2007-09-01;BRASPINE;MOREIRAS II;PR;DOUTOR ULYSSES;66,76;28,75;40,43;18,58;77,30;9,19;31,52;31,08;100,00;282,59;0,00;1,51
2007.0;9.0;2007-09-01;BRASPINE;MORRETES;PR;ORTIGUEIRA;20,36;20,36;63,36;20,29;69,13;8,29;30,65;32,38;98,92;237,10;0,00;7,00
2007.0;9.0;2007-09-01;BRASPINE;MORRO AZUL;;;;;39,80;18,83;77,55;9,87;30,10;31,82;99,99;299,73;0,00;5,86
2007.0;9.0;2007-09-01;BRASPINE;OURO FINO;SP;APIAI;51,70;51,70;36,79;18,41;79,72;9,80;29,86;31,01;99,99;326,10;0,00;2,03
2007.0;9.0;2007-09-01;BRASPINE;PALMEIRINHA DE BAIXO - SOSSEGO;PR;SENGES;85,93;9,22;41,09;18,50;73,41;9,28;30,11;30,50;99,07;303,64;0,00;4,00
2007.0;9.0;2007-09-01;BRASPINE;PAZIN;PR;DOUTOR ULYSSES;41,20;23,90;42,34;18,68;78,17;9,22;31,60;31,35;100,00;287,05;0,00;3,28
2007.0;9.0;2007-09-01;BRASPINE;PEDRAS;PR;CASTRO;7,18;7,18;45,48;18,36;75,53;6,50;35,81;29,51;99,11;267,92;0,00;3,67
2007.0;9.0;2007-09-01;BRASPINE;PESCARIA;PR;SAO JOSE DA BOA VISTA;184,57;129,22;29,52;21,12;64,82;12,19;25,81;33,53;97,67;207,59;0,00;2,24
2007.0;9.0;2007-09-01;BRASPINE;PESSEGUEIRO;PR;DOUTOR ULYSSES;109,95;64,79;42,42;18,58;77,30;9,19;31,52;31,08;100,00;282,59;0,00;1,51
2007.0;9.0;2007-09-01;BRASPINE;PITANGA;;;;;61,50;19,26;69,66;5,62;36,55;29,15;98,49;161,13;0,00;20,60
2007.0;9.0;2007-09-01;BRASPINE;QUEIMADINHO ARROIO CLARO;PR;DOUTOR ULYSSES;48,13;19,09;41,91;18,58;77,30;9,19;31,52;31,08;100,00;282,59;0,00;1,51
2007.0;9.0;2007-09-01;BRASPINE;QUEIMADINHO M6042;PR;DOUTOR ULYSSES;48,38;18,50;41,91;18,58;77,30;9,19;31,52;31,08;100,00;282,59;0,00;1,51
2007.0;9.0;2007-09-01;BRASPINE;QUEIMADINHO USUCAPIAO;PR;DOUTOR ULYSSES;200,27;92,43;41,91;18,58;77,30;9,19;31,52;31,08;100,00;282,59;0,00;1,51
2007.0;9.0;2007-09-01;BRASPINE;RAMOS;PR;SENGES;69,83;38,15;42,30;18,46;76,42;8,64;32,32;30,65;100,00;305,83;0,00;1,32
2007.0;9.0;2007-09-01;BRASPINE;RIBEIRAO GRANDE;PR;JAGUARIAIVA;20,77;20,77;44,01;18,49;73,82;7,00;32,26;30,18;98,73;255,56;0,00;2,99
2007.0;9.0;2007-09-01;BRASPINE;RINCAO DE BAIXO;;;;;61,18;19,23;69,02;7,45;28,75;30,46;98,40;263,38;0,00;1,15
2007.0;9.0;2007-09-01;BRASPINE;RIO BOMBA;PR;CERRO AZUL;65,03;37,72;43,45;19,51;75,86;9,20;32,04;32,24;99,99;242,96;0,00;1,58
2007.0;9.0;2007-09-01;BRASPINE;RIO DO MEIO;PR;DOUTOR ULYSSES;712,33;389,13;40,84;18,58;77,30;9,19;31,52;31,08;100,00;282,59;0,00;1,51
2007.0;9.0;2007-09-01;BRASPINE;RONDON;PR;JAGUARIAIVA;2899,24;1475,88;41,56;18,50;74,01;8,89;31,90;30,23;99,46;302,86;0,00;2,55
2007.0;9.0;2007-09-01;BRASPINE;SANTA FELICIDADE;;;;;44,92;19,59;79,36;11,02;30,07;33,02;100,00;243,19;0,00;0,34
2007.0;9.0;2007-09-01;BRASPINE;SANTA LIDIA DO CERCADINHO;;;;;57,29;18,87;69,18;7,34;28,96;29,90;98,36;289,77;0,00;5,95
2007.0;9.0;2007-09-01;BRASPINE;SANTO ANTONIO;;;;;40,33;18,49;74,32;9,45;29,66;30,77;99,05;303,84;0,00;1,36
2007.0;9.0;2007-09-01;BRASPINE;SAO JOSE;PR;JANDAIA DO SUL;37,56;37,56;24,39;23,38;54,37;10,53;22,55;34,70;99,04;36,31;0,00;1,57
2007.0;9.0;2007-09-01;BRASPINE;SAO MATHEUS;;;;;26,27;24,56;54,30;11,04;22,73;36,13;96,39;38,46;0,00;6,28
2007.0;9.0;2007-09-01;BRASPINE;SAO PEDRO E SAO PAULO;PR;SAPOPEMA;709,13;323,93;30,34;20,68;62,59;11,30;27,26;31,96;96,51;212,49;0,00;0,32
2007.0;9.0;2007-09-01;BRASPINE;SAO RAFAEL;;;;;57,24;17,99;77,58;4,93;34,27;30,08;99,84;303,96;4,93;1,93
2007.0;9.0;2007-09-01;BRASPINE;SAO RAFAEL - PB;;;;;37,98;18,57;79,16;9,85;29,80;31,33;99,93;313,79;0,00;2,78
2007.0;9.0;2007-09-01;BRASPINE;SERRARIA;PR;DOUTOR ULYSSES;280,88;117,71;42,42;18,46;77,75;8,87;31,90;30,91;100,00;282,02;0,00;3,99
2007.0;9.0;2007-09-01;BRASPINE;SERRO VERDE;;;;;52,89;18,82;69,92;4,91;34,15;28,77;99,83;200,66;4,91;5,17
2007.0;9.0;2007-09-01;BRASPINE;SERTAOZINHO;PR;DOUTOR ULYSSES;16,25;16,25;39,81;18,58;77,30;9,19;31,52;31,08;100,00;282,59;0,00;1,51
2007.0;9.0;2007-09-01;BRASPINE;SITIO BASILIO;PR;JAGUARIAIVA;8,08;8,08;44,44;18,59;72,10;7,95;30,83;29,80;98,29;255,34;0,00;0,12
2007.0;9.0;2007-09-01;BRASPINE;SITIO DAS MARRECAS;PR;DOUTOR ULYSSES;77,49;35,17;43,65;19,11;78,60;9,91;31,00;32,07;100,00;249,83;0,00;0,98
2007.0;9.0;2007-09-01;BRASPINE;SOBRADINHO;SP;BOM SUCESSO DE ITARARE;285,80;123,10;40,02;18,31;76,22;9,55;29,68;30,78;99,46;302,70;0,00;3,20
2007.0;9.0;2007-09-01;BRASPINE;TAQUARAL;PR;JAGUARIAIVA;519,13;31,07;42,45;18,74;73,55;8,47;32,00;30,30;99,15;275,10;0,00;1,50
2007.0;9.0;2007-09-01;BRASPINE;TUCUNDUVA;PR;SENGES;82,21;60,89;40,50;19,35;69,00;10,15;27,94;31,04;97,15;272,57;0,00;3,76
2007.0;9.0;2007-09-01;BRASPINE;TUCUNDUVA - CHAMMA;;;;;40,30;19,37;69,61;10,27;27,90;31,23;97,77;274,96;0,00;0,17
2007.0;9.0;2007-09-01;BRASPINE;VIENA 1;PR;DOUTOR ULYSSES;263,98;178,34;44,43;18,17;76,91;7,88;33,58;29,82;100,00;302,35;0,00;2,23
2007.0;9.0;2007-09-01;BRASPINE;VIENA 2;PR;CERRO AZUL;140,23;96,54;43,43;19,51;75,86;9,20;32,04;32,24;99,99;242,96;0,00;1,58
2007.0;9.0;2007-09-01;BRASPINE;VITORIA;PR;SENGES;50,54;35,69;41,09;18,50;73,41;9,28;30,11;30,50;99,07;303,64;0,00;4,00
2007.0;9.0;2007-09-01;BRASPINE;VIVEIRO;PR;DOUTOR ULYSSES;405,39;261,22;40,43;18,58;77,30;9,19;31,52;31,08;100,00;282,59;0,00;1,51
2007.0;9.0;2007-09-01;BRASPINE;VO LINO;PR;DOUTOR ULYSSES;164,50;97,89;42,12;18,68;78,17;9,22;31,60;31,35;100,00;287,05;0,00;3,28
2007.0;9.0;2007-09-01;BRASPINE;XAXIM VELHO;;;;;46,48;17,30;77,12;4,10;34,34;27,93;100,00;298,91;4,10;0,50
2007.0;10.0;2007-10-01;BRASPINE;AGUA DOCE;PR;JAGUARIAIVA;238,97;121,99;96,61;19,34;78,87;9,27;33,13;29,56;99,50;205,20;0,00;40,27
2007.0;10.0;2007-10-01;BRASPINE;AMATA;;;;;161,63;20,52;79,01;11,70;28,97;31,98;99,94;122,54;0,00;0,87
2007.0;10.0;2007-10-01;BRASPINE;ANTA BRAVA;;;;;102,65;22,45;71,65;13,07;23,29;33,64;97,86;69,57;0,00;7,66
2007.0;10.0;2007-10-01;BRASPINE;ARAPONGAS;PR;SENGES;423,34;263,70;117,44;19,08;82,34;9,93;32,17;30,18;100,00;207,73;0,00;37,05
2007.0;10.0;2007-10-01;BRASPINE;ARROIO CLARO;PR;DOUTOR ULYSSES;275,14;92,00;136,64;19,20;82,70;10,26;31,51;30,57;100,00;195,71;0,00;0,05
2007.0;10.0;2007-10-01;BRASPINE;BARRA GRANDE;PR;DOUTOR ULYSSES;493,79;139,68;156,77;19,46;82,56;10,36;30,82;30,82;100,00;183,14;0,00;28,92
2007.0;10.0;2007-10-01;BRASPINE;BARRA GRANDE - BEMAIS;PR;GUARAPUAVA;299,16;108,61;123,35;18,79;81,77;8,81;38,99;28,28;99,99;322,82;0,00;1,44
2007.0;10.0;2007-10-01;BRASPINE;BARRETOS;PR;JAGUARIAIVA;43,35;32,98;111,06;19,15;81,32;9,28;33,59;29,86;99,99;204,56;0,00;49,13
2007.0;10.0;2007-10-01;BRASPINE;BAU;;;;;133,37;19,04;80,21;9,09;39,93;28,30;99,91;240,34;0,00;0,86
2007.0;10.0;2007-10-01;BRASPINE;BOA VISTA II;PR;PIRAI DO SUL;944,00;535,05;97,65;19,20;80,49;9,01;34,36;29,80;99,88;202,53;0,00;0,27
2007.0;10.0;2007-10-01;BRASPINE;BRASILEIRA;;;;;151,34;19,08;82,34;9,93;32,17;30,18;100,00;207,73;0,00;37,05
2007.0;10.0;2007-10-01;BRASPINE;BURACAO;;;;;105,33;18,94;81,36;9,69;37,44;29,53;99,65;206,22;0,00;2,76
2007.0;10.0;2007-10-01;BRASPINE;BURRINHO;PR;DOUTOR ULYSSES;211,01;100,37;137,70;19,20;82,70;10,26;31,51;30,57;100,00;195,71;0,00;0,05
2007.0;10.0;2007-10-01;BRASPINE;CADEADO I;PR;JAGUARIAIVA;21,07;12,29;118,27;18,96;81,81;9,54;33,47;29,84;100,00;233,89;0,00;44,42
2007.0;10.0;2007-10-01;BRASPINE;CADEADO II;PR;JAGUARIAIVA;21,88;16,79;118,27;18,96;81,81;9,54;33,47;29,84;100,00;233,89;0,00;44,42
2007.0;10.0;2007-10-01;BRASPINE;CAMPINA ALTA;PR;TIBAGI;29,77;18,24;97,14;20,71;76,19;10,66;31,71;30,71;99,81;131,26;0,00;2,19
2007.0;10.0;2007-10-01;BRASPINE;CAMPINA DO ELIAS;PR;JAGUARIAIVA;29,17;14,65;121,98;19,08;81,50;9,37;33,55;29,85;99,99;219,39;0,00;47,45
2007.0;10.0;2007-10-01;BRASPINE;CAMPO NOVO;PR;JAGUARIAIVA;295,98;156,36;110,92;18,96;81,81;9,54;33,47;29,84;100,00;233,89;0,00;44,42
2007.0;10.0;2007-10-01;BRASPINE;CONSULTORIA II A;PR;DOUTOR ULYSSES;89,62;60,79;145,18;19,08;82,34;9,93;32,17;30,18;100,00;207,73;0,00;37,05
2007.0;10.0;2007-10-01;BRASPINE;DINIZ;;;;;141,72;19,08;82,34;9,93;32,17;30,18;100,00;207,73;0,00;37,05
2007.0;10.0;2007-10-01;BRASPINE;ENES;PR;JAGUARIAIVA;5,93;5,69;110,02;18,96;81,81;9,54;33,47;29,84;100,00;233,89;0,00;44,42
2007.0;10.0;2007-10-01;BRASPINE;ENGENHARIA;;;;;141,72;19,08;82,34;9,93;32,17;30,18;100,00;207,73;0,00;37,05
2007.0;10.0;2007-10-01;BRASPINE;ESTACAO;PR;SENGES;4,76;4,14;126,68;18,96;81,81;9,54;33,47;29,84;100,00;233,89;0,00;44,42
2007.0;10.0;2007-10-01;BRASPINE;FAXINAL;PR;JAGUARIAIVA;20,65;20,65;110,02;18,96;81,81;9,54;33,47;29,84;100,00;233,89;0,00;44,42
2007.0;10.0;2007-10-01;BRASPINE;FEITAL;PR;DOUTOR ULYSSES;154,17;86,53;158,09;19,20;82,41;10,07;31,72;30,39;100,00;194,57;0,00;34,35
2007.0;10.0;2007-10-01;BRASPINE;FIGUEIRA;PR;DOUTOR ULYSSES;1053,81;315,71;145,99;19,20;82,70;10,26;31,51;30,57;100,00;195,71;0,00;0,05
2007.0;10.0;2007-10-01;BRASPINE;FIGUEIRINHA;PR;DOUTOR ULYSSES;94,37;56,74;166,22;19,20;82,70;10,26;31,51;30,57;100,00;195,71;0,00;0,05
2007.0;10.0;2007-10-01;BRASPINE;FLOEMA;PR;DOUTOR ULYSSES;2189,88;701,43;137,04;18,80;82,45;9,71;32,81;29,94;100,00;233,30;0,00;0,01
2007.0;10.0;2007-10-01;BRASPINE;FLOEMA I - SUDATI;;;;;124,75;19,08;82,34;9,93;32,17;30,18;100,00;207,73;0,00;37,05
2007.0;10.0;2007-10-01;BRASPINE;FLOEMA II - SUDATI;PR;DOUTOR ULYSSES;453,83;211,13;143,32;19,08;82,34;9,93;32,17;30,18;100,00;207,73;0,00;37,05
2007.0;10.0;2007-10-01;BRASPINE;FLOR DA SERRA;PR;SAO JOSE DA BOA VISTA;209,10;128,72;92,27;21,73;71,32;12,26;27,70;32,02;97,95;66,10;0,00;7,24
2007.0;10.0;2007-10-01;BRASPINE;GENTIL;PR;JAGUARIAIVA;126,77;53,33;86,74;19,12;78,86;9,13;33,56;29,11;99,36;201,81;0,00;44,94
2007.0;10.0;2007-10-01;BRASPINE;GUAIRACA;PR;GUARAPUAVA;623,62;169,31;138,13;18,84;81,63;8,80;39,30;28,65;100,00;264,76;0,00;0,01
2007.0;10.0;2007-10-01;BRASPINE;HERVAL 2 - MADALOSSO;;;;;103,46;18,94;81,36;9,69;37,44;29,53;99,65;206,22;0,00;2,76
2007.0;10.0;2007-10-01;BRASPINE;HERVAL DE BAIXO;PR;RESERVA;827,29;475,92;78,16;20,68;76,80;10,50;31,46;30,65;99,83;115,17;0,00;1,31
2007.0;10.0;2007-10-01;BRASPINE;HORTO 01;PR;TURVO;19,12;19,12;126,54;19,65;80,97;9,23;42,54;29,00;99,53;182,96;0,00;0,50
2007.0;10.0;2007-10-01;BRASPINE;HORTO 02;PR;TURVO;4,24;4,24;128,69;19,65;80,97;9,23;42,54;29,00;99,53;182,96;0,00;0,50
2007.0;10.0;2007-10-01;BRASPINE;HORTO 03;PR;PRUDENTOPOLIS;80,91;25,89;118,19;20,14;79,93;9,64;39,61;29,70;99,60;174,63;0,00;1,82
2007.0;10.0;2007-10-01;BRASPINE;HORTO 08;PR;TURVO;9,53;9,53;113,09;20,14;79,93;9,64;39,61;29,70;99,60;174,63;0,00;1,82
2007.0;10.0;2007-10-01;BRASPINE;HORTO 12;PR;PRUDENTOPOLIS;12,20;12,20;114,75;20,14;79,93;9,64;39,61;29,70;99,60;174,63;0,00;1,82
2007.0;10.0;2007-10-01;BRASPINE;IZAU;PR;PIRAI DO SUL;19,37;11,60;89,19;18,99;80,19;8,86;34,03;29,23;99,45;214,67;0,00;1,38
2007.0;10.0;2007-10-01;BRASPINE;JOAO RICO;PR;JAGUARIAIVA;47,46;26,18;93,39;19,34;78,87;9,27;33,13;29,56;99,50;205,20;0,00;40,27
2007.0;10.0;2007-10-01;BRASPINE;LAGOA;PR;JAGUARIAIVA;24,10;10,78;120,51;18,96;81,81;9,54;33,47;29,84;100,00;233,89;0,00;44,42
2007.0;10.0;2007-10-01;BRASPINE;MARACANA;PR;JANDAIA DO SUL;11,45;11,45;105,79;23,16;68,76;13,34;26,67;33,11;99,94;13,34;0,00;2,33
2007.0;10.0;2007-10-01;BRASPINE;MARRECA;;;;;153,74;19,20;82,70;10,26;31,51;30,57;100,00;195,71;0,00;0,05
2007.0;10.0;2007-10-01;BRASPINE;MARRECA SP;SP;ITAPIRAPUA PAULISTA;675,30;236,19;170,39;19,75;82,59;10,79;30,36;31,38;100,00;157,27;0,00;352,45
2007.0;10.0;2007-10-01;BRASPINE;MARRECAS;;;;;135,85;18,20;82,68;8,35;40,78;27,65;100,00;310,95;0,00;0,64
2007.0;10.0;2007-10-01;BRASPINE;MERCADINHO;;;;;164,22;19,80;80,86;10,94;29,70;31,24;99,92;159,37;0,00;0,38
2007.0;10.0;2007-10-01;BRASPINE;MONTE ALEGRE;;;;;109,92;23,70;67,79;13,81;25,53;33,66;99,78;13,81;0,00;0,77
2007.0;10.0;2007-10-01;BRASPINE;MONTE TABOR II;;;;;120,41;19,26;83,37;11,48;30,34;31,40;100,00;172,96;0,00;0,76
2007.0;10.0;2007-10-01;BRASPINE;MOREIRA;PR;DOUTOR ULYSSES;230,52;68,68;143,32;19,08;82,34;9,93;32,17;30,18;100,00;207,73;0,00;37,05
2007.0;10.0;2007-10-01;BRASPINE;MOREIRAS II;PR;DOUTOR ULYSSES;66,76;28,75;145,45;19,08;82,34;9,93;32,17;30,18;100,00;207,73;0,00;37,05
2007.0;10.0;2007-10-01;BRASPINE;MORRETES;PR;ORTIGUEIRA;20,36;20,36;78,97;21,24;76,00;10,74;30,13;31,49;99,85;88,69;0,00;2,93
2007.0;10.0;2007-10-01;BRASPINE;MORRO AZUL;;;;;135,62;19,27;82,24;10,25;29,94;30,58;100,00;225,28;0,00;332,22
2007.0;10.0;2007-10-01;BRASPINE;OURO FINO;SP;APIAI;51,70;51,70;138,47;19,01;83,18;10,60;30,58;30,53;100,00;240,05;0,00;4,69
2007.0;10.0;2007-10-01;BRASPINE;PALMEIRINHA DE BAIXO - SOSSEGO;PR;SENGES;85,93;9,22;114,94;19,02;79,64;9,72;31,09;29,28;99,87;234,42;0,00;24,79
2007.0;10.0;2007-10-01;BRASPINE;PAZIN;PR;DOUTOR ULYSSES;41,20;23,90;162,57;19,20;82,70;10,26;31,51;30,57;100,00;195,71;0,00;0,05
2007.0;10.0;2007-10-01;BRASPINE;PEDRAS;PR;CASTRO;7,18;7,18;79,49;18,94;81,03;8,79;37,24;29,35;99,51;228,67;0,00;0,90
2007.0;10.0;2007-10-01;BRASPINE;PESCARIA;PR;SAO JOSE DA BOA VISTA;184,57;129,22;93,27;21,76;71,66;12,14;27,27;32,21;98,02;81,01;0,00;56,89
2007.0;10.0;2007-10-01;BRASPINE;PESSEGUEIRO;PR;DOUTOR ULYSSES;109,95;64,79;134,19;19,08;82,34;9,93;32,17;30,18;100,00;207,73;0,00;37,05
2007.0;10.0;2007-10-01;BRASPINE;PITANGA;;;;;112,54;19,96;78,50;9,94;39,62;29,12;99,79;117,98;0,00;4,22
2007.0;10.0;2007-10-01;BRASPINE;QUEIMADINHO ARROIO CLARO;PR;DOUTOR ULYSSES;48,13;19,09;151,34;19,08;82,34;9,93;32,17;30,18;100,00;207,73;0,00;37,05
2007.0;10.0;2007-10-01;BRASPINE;QUEIMADINHO M6042;PR;DOUTOR ULYSSES;48,38;18,50;151,34;19,08;82,34;9,93;32,17;30,18;100,00;207,73;0,00;37,05
2007.0;10.0;2007-10-01;BRASPINE;QUEIMADINHO USUCAPIAO;PR;DOUTOR ULYSSES;200,27;92,43;151,34;19,08;82,34;9,93;32,17;30,18;100,00;207,73;0,00;37,05
2007.0;10.0;2007-10-01;BRASPINE;RAMOS;PR;SENGES;69,83;38,15;124,75;18,96;81,81;9,54;33,47;29,84;100,00;233,89;0,00;44,42
2007.0;10.0;2007-10-01;BRASPINE;RIBEIRAO GRANDE;PR;JAGUARIAIVA;20,77;20,77;89,57;18,99;80,19;8,86;34,03;29,23;99,45;214,67;0,00;1,38
2007.0;10.0;2007-10-01;BRASPINE;RINCAO DE BAIXO;;;;;89,26;20,06;75,16;10,21;30,44;30,04;99,78;156,08;0,00;2,61
2007.0;10.0;2007-10-01;BRASPINE;RIO BOMBA;PR;CERRO AZUL;65,03;37,72;147,83;20,18;79,44;11,33;29,68;31,55;99,88;148,58;0,00;2,71
2007.0;10.0;2007-10-01;BRASPINE;RIO DO MEIO;PR;DOUTOR ULYSSES;712,33;389,13;147,02;19,08;82,34;9,93;32,17;30,18;100,00;207,73;0,00;37,05
2007.0;10.0;2007-10-01;BRASPINE;RONDON;PR;JAGUARIAIVA;2899,24;1475,88;127,94;19,04;80,08;9,51;32,95;29,28;99,85;234,02;0,00;14,66
2007.0;10.0;2007-10-01;BRASPINE;SANTA FELICIDADE;;;;;175,92;20,09;82,46;11,00;29,17;31,98;100,00;131,35;0,00;0,30
2007.0;10.0;2007-10-01;BRASPINE;SANTA LIDIA DO CERCADINHO;;;;;87,98;19,69;75,45;9,98;30,91;29,62;99,72;167,70;0,00;1,40
2007.0;10.0;2007-10-01;BRASPINE;SANTO ANTONIO;;;;;122,30;18,99;80,09;9,83;30,26;29,64;100,00;263,49;0,00;15,02
2007.0;10.0;2007-10-01;BRASPINE;SAO JOSE;PR;JANDAIA DO SUL;37,56;37,56;108,69;23,52;68,04;13,68;25,95;33,40;99,84;13,68;0,00;0,35
2007.0;10.0;2007-10-01;BRASPINE;SAO MATHEUS;;;;;103,22;24,90;66,73;14,72;24,37;35,24;99,62;14,72;0,00;0,24
2007.0;10.0;2007-10-01;BRASPINE;SAO PEDRO E SAO PAULO;PR;SAPOPEMA;709,13;323,93;79,20;21,44;71,05;11,93;27,28;31,23;98,97;78,47;0,00;0,21
2007.0;10.0;2007-10-01;BRASPINE;SAO RAFAEL;;;;;130,36;18,73;80,71;9,71;38,88;29,53;99,85;255,40;0,00;0,49
2007.0;10.0;2007-10-01;BRASPINE;SAO RAFAEL - PB;;;;;134,62;19,11;82,97;10,55;30,10;30,64;100,00;240,84;0,00;7,84
2007.0;10.0;2007-10-01;BRASPINE;SERRARIA;PR;DOUTOR ULYSSES;280,88;117,71;135,48;19,00;82,57;9,99;32,16;30,26;100,00;207,23;0,00;0,33
2007.0;10.0;2007-10-01;BRASPINE;SERRO VERDE;;;;;136,81;19,45;78,62;9,57;37,56;28,83;99,91;202,22;0,00;4,97
2007.0;10.0;2007-10-01;BRASPINE;SERTAOZINHO;PR;DOUTOR ULYSSES;16,25;16,25;137,31;19,08;82,34;9,93;32,17;30,18;100,00;207,73;0,00;37,05
2007.0;10.0;2007-10-01;BRASPINE;SITIO BASILIO;PR;JAGUARIAIVA;8,08;8,08;95,49;19,22;78,44;9,25;33,29;29,18;99,37;203,36;0,00;343,36
2007.0;10.0;2007-10-01;BRASPINE;SITIO DAS MARRECAS;PR;DOUTOR ULYSSES;77,49;35,17;165,63;19,59;82,62;10,64;30,69;31,15;100,00;185,54;0,00;0,23
2007.0;10.0;2007-10-01;BRASPINE;SOBRADINHO;SP;BOM SUCESSO DE ITARARE;285,80;123,10;118,02;18,83;81,32;9,99;30,35;29,90;100,00;262,50;0,00;4,06
2007.0;10.0;2007-10-01;BRASPINE;TAQUARAL;PR;JAGUARIAIVA;519,13;31,07;120,44;19,25;79,77;9,34;33,58;29,49;100,00;220,34;0,00;31,84
2007.0;10.0;2007-10-01;BRASPINE;TUCUNDUVA;PR;SENGES;82,21;60,89;120,90;20,05;75,30;10,52;30,35;30,04;98,87;157,34;0,00;1,84
2007.0;10.0;2007-10-01;BRASPINE;TUCUNDUVA - CHAMMA;;;;;110,30;19,99;75,94;10,58;30,07;30,09;99,02;142,88;0,00;7,62
2007.0;10.0;2007-10-01;BRASPINE;VIENA 1;PR;DOUTOR ULYSSES;263,98;178,34;129,87;18,69;82,28;9,28;35,11;29,56;100,00;244,69;0,00;0,10
2007.0;10.0;2007-10-01;BRASPINE;VIENA 2;PR;CERRO AZUL;140,23;96,54;148,17;20,18;79,44;11,33;29,68;31,55;99,88;148,58;0,00;2,71
2007.0;10.0;2007-10-01;BRASPINE;VITORIA;PR;SENGES;50,54;35,69;114,94;19,02;79,64;9,72;31,09;29,28;99,87;234,42;0,00;24,79
2007.0;10.0;2007-10-01;BRASPINE;VIVEIRO;PR;DOUTOR ULYSSES;405,39;261,22;145,45;19,08;82,34;9,93;32,17;30,18;100,00;207,73;0,00;37,05
2007.0;10.0;2007-10-01;BRASPINE;VO LINO;PR;DOUTOR ULYSSES;164,50;97,89;147,02;19,20;82,70;10,26;31,51;30,57;100,00;195,71;0,00;0,05
2007.0;10.0;2007-10-01;BRASPINE;XAXIM VELHO;;;;;145,36;18,17;83,30;8,33;40,91;27,97;100,00;298,22;0,00;0,04
2007.0;11.0;2007-11-01;BRASPINE;AGUA DOCE;PR;JAGUARIAIVA;238,97;121,99;120,76;18,59;80,41;10,10;38,55;27,18;99,82;186,12;0,00;3,79
2007.0;11.0;2007-11-01;BRASPINE;AMATA;;;;;110,22;20,29;78,38;12,55;32,57;31,33;99,96;122,93;0,00;1,59
2007.0;11.0;2007-11-01;BRASPINE;ANTA BRAVA;;;;;154,54;21,13;79,36;13,04;40,90;30,20;98,69;83,83;0,00;9,70
2007.0;11.0;2007-11-01;BRASPINE;ARAPONGAS;PR;SENGES;423,34;263,70;110,42;18,62;82,37;10,79;35,82;29,00;100,00;218,52;0,00;0,38
2007.0;11.0;2007-11-01;BRASPINE;ARROIO CLARO;PR;DOUTOR ULYSSES;275,14;92,00;106,34;18,83;82,01;10,99;33,83;29,69;100,00;192,96;0,00;0,47
2007.0;11.0;2007-11-01;BRASPINE;BARRA GRANDE;PR;DOUTOR ULYSSES;493,79;139,68;97,46;19,06;82,53;10,88;35,55;29,79;100,00;195,25;0,00;22,47
2007.0;11.0;2007-11-01;BRASPINE;BARRA GRANDE - BEMAIS;PR;GUARAPUAVA;299,16;108,61;179,44;18,39;79,14;10,69;39,26;26,24;99,99;273,73;0,00;16,53
2007.0;11.0;2007-11-01;BRASPINE;BARRETOS;PR;JAGUARIAIVA;43,35;32,98;101,96;18,56;81,81;10,32;36,84;27,84;99,96;200,83;0,00;3,66
2007.0;11.0;2007-11-01;BRASPINE;BAU;;;;;170,86;18,37;79,48;10,78;39,01;25,68;99,90;243,65;0,00;4,80
2007.0;11.0;2007-11-01;BRASPINE;BOA VISTA II;PR;PIRAI DO SUL;944,00;535,05;104,33;18,56;81,10;10,06;38,09;27,57;99,92;199,22;0,00;5,24
2007.0;11.0;2007-11-01;BRASPINE;BRASILEIRA;;;;;96,46;18,62;82,37;10,79;35,82;29,00;100,00;218,52;0,00;0,38
2007.0;11.0;2007-11-01;BRASPINE;BURACAO;;;;;105,62;18,67;79,75;10,89;37,25;28,29;99,45;189,35;0,00;2,91
2007.0;11.0;2007-11-01;BRASPINE;BURRINHO;PR;DOUTOR ULYSSES;211,01;100,37;106,12;18,83;82,01;10,99;33,83;29,69;100,00;192,96;0,00;0,47
2007.0;11.0;2007-11-01;BRASPINE;CADEADO I;PR;JAGUARIAIVA;21,07;12,29;107,52;18,45;82,00;10,51;36,22;28,42;100,00;230,25;0,00;1,81
2007.0;11.0;2007-11-01;BRASPINE;CADEADO II;PR;JAGUARIAIVA;21,88;16,79;107,52;18,45;82,00;10,51;36,22;28,42;100,00;230,25;0,00;1,81
2007.0;11.0;2007-11-01;BRASPINE;CAMPINA ALTA;PR;TIBAGI;29,77;18,24;154,30;19,94;77,70;11,43;36,65;27,87;99,89;174,31;0,00;5,94
2007.0;11.0;2007-11-01;BRASPINE;CAMPINA DO ELIAS;PR;JAGUARIAIVA;29,17;14,65;92,09;18,52;81,88;10,39;36,62;28,05;99,97;200,72;0,00;3,03
2007.0;11.0;2007-11-01;BRASPINE;CAMPO NOVO;PR;JAGUARIAIVA;295,98;156,36;109,94;18,45;82,00;10,51;36,22;28,42;100,00;230,25;0,00;1,81
2007.0;11.0;2007-11-01;BRASPINE;CONSULTORIA II A;PR;DOUTOR ULYSSES;89,62;60,79;97,52;18,62;82,37;10,79;35,82;29,00;100,00;218,52;0,00;0,38
2007.0;11.0;2007-11-01;BRASPINE;DINIZ;;;;;104,48;18,62;82,37;10,79;35,82;29,00;100,00;218,52;0,00;0,38
2007.0;11.0;2007-11-01;BRASPINE;ENES;PR;JAGUARIAIVA;5,93;5,69;109,88;18,45;82,00;10,51;36,22;28,42;100,00;230,25;0,00;1,81
2007.0;11.0;2007-11-01;BRASPINE;ENGENHARIA;;;;;104,48;18,62;82,37;10,79;35,82;29,00;100,00;218,52;0,00;0,38
2007.0;11.0;2007-11-01;BRASPINE;ESTACAO;PR;SENGES;4,76;4,14;108,48;18,45;82,00;10,51;36,22;28,42;100,00;230,25;0,00;1,81
2007.0;11.0;2007-11-01;BRASPINE;FAXINAL;PR;JAGUARIAIVA;20,65;20,65;109,88;18,45;82,00;10,51;36,22;28,42;100,00;230,25;0,00;1,81
2007.0;11.0;2007-11-01;BRASPINE;FEITAL;PR;DOUTOR ULYSSES;154,17;86,53;95,75;18,76;82,42;10,82;35,73;29,26;100,00;220,87;0,00;28,20
2007.0;11.0;2007-11-01;BRASPINE;FIGUEIRA;PR;DOUTOR ULYSSES;1053,81;315,71;104,62;18,83;82,01;10,99;33,83;29,69;100,00;192,96;0,00;0,47
2007.0;11.0;2007-11-01;BRASPINE;FIGUEIRINHA;PR;DOUTOR ULYSSES;94,37;56,74;104,67;18,83;82,01;10,99;33,83;29,69;100,00;192,96;0,00;0,47
2007.0;11.0;2007-11-01;BRASPINE;FLOEMA;PR;DOUTOR ULYSSES;2189,88;701,43;91,13;18,38;81,80;10,34;34,15;28,82;100,00;229,18;0,00;1,84
2007.0;11.0;2007-11-01;BRASPINE;FLOEMA I - SUDATI;;;;;111,01;18,62;82,37;10,79;35,82;29,00;100,00;218,52;0,00;0,38
2007.0;11.0;2007-11-01;BRASPINE;FLOEMA II - SUDATI;PR;DOUTOR ULYSSES;453,83;211,13;99,96;18,62;82,37;10,79;35,82;29,00;100,00;218,52;0,00;0,38
2007.0;11.0;2007-11-01;BRASPINE;FLOR DA SERRA;PR;SAO JOSE DA BOA VISTA;209,10;128,72;112,55;20,69;75,74;12,35;34,24;28,86;99,54;97,02;0,00;17,82
2007.0;11.0;2007-11-01;BRASPINE;GENTIL;PR;JAGUARIAIVA;126,77;53,33;118,43;18,35;80,45;9,94;39,69;26,78;99,52;227,31;0,00;6,18
2007.0;11.0;2007-11-01;BRASPINE;GUAIRACA;PR;GUARAPUAVA;623,62;169,31;184,84;18,54;78,49;10,77;39,71;26,46;99,99;261,65;0,00;13,27
2007.0;11.0;2007-11-01;BRASPINE;HERVAL 2 - MADALOSSO;;;;;102,65;18,67;79,75;10,89;37,25;28,29;99,45;189,35;0,00;2,91
2007.0;11.0;2007-11-01;BRASPINE;HERVAL DE BAIXO;PR;RESERVA;827,29;475,92;172,55;19,94;77,86;11,47;36,89;27,95;99,82;173,18;0,00;5,09
2007.0;11.0;2007-11-01;BRASPINE;HORTO 01;PR;TURVO;19,12;19,12;160,18;19,07;80,13;11,34;41,67;26,45;99,66;238,30;0,00;3,42
2007.0;11.0;2007-11-01;BRASPINE;HORTO 02;PR;TURVO;4,24;4,24;158,44;19,07;80,13;11,34;41,67;26,45;99,66;238,30;0,00;3,42
2007.0;11.0;2007-11-01;BRASPINE;HORTO 03;PR;PRUDENTOPOLIS;80,91;25,89;166,84;19,58;78,88;11,85;39,00;27,24;99,88;202,99;0,00;14,00
2007.0;11.0;2007-11-01;BRASPINE;HORTO 08;PR;TURVO;9,53;9,53;176,09;19,58;78,88;11,85;39,00;27,24;99,88;202,99;0,00;14,00
2007.0;11.0;2007-11-01;BRASPINE;HORTO 12;PR;PRUDENTOPOLIS;12,20;12,20;169,49;19,58;78,88;11,85;39,00;27,24;99,88;202,99;0,00;14,00
2007.0;11.0;2007-11-01;BRASPINE;IZAU;PR;PIRAI DO SUL;19,37;11,60;116,58;18,27;81,25;9,86;39,53;26,84;99,47;225,06;0,00;1,17
2007.0;11.0;2007-11-01;BRASPINE;JOAO RICO;PR;JAGUARIAIVA;47,46;26,18;117,46;18,59;80,41;10,10;38,55;27,18;99,82;186,12;0,00;3,79
2007.0;11.0;2007-11-01;BRASPINE;LAGOA;PR;JAGUARIAIVA;24,10;10,78;104,53;18,45;82,00;10,51;36,22;28,42;100,00;230,25;0,00;1,81
2007.0;11.0;2007-11-01;BRASPINE;MARACANA;PR;JANDAIA DO SUL;11,45;11,45;194,33;21,87;74,44;13,90;34,53;31,13;99,96;28,76;0,00;1,72
2007.0;11.0;2007-11-01;BRASPINE;MARRECA;;;;;103,04;18,83;82,01;10,99;33,83;29,69;100,00;192,96;0,00;0,47
2007.0;11.0;2007-11-01;BRASPINE;MARRECA SP;SP;ITAPIRAPUA PAULISTA;675,30;236,19;92,95;19,49;81,87;11,32;33,80;30,69;100,00;171,27;0,00;354,06
2007.0;11.0;2007-11-01;BRASPINE;MARRECAS;;;;;186,94;17,87;79,54;10,11;40,01;25,72;100,00;292,87;0,00;0,81
2007.0;11.0;2007-11-01;BRASPINE;MERCADINHO;;;;;103,20;19,49;80,19;11,60;32,75;30,49;99,95;188,00;0,00;0,73
2007.0;11.0;2007-11-01;BRASPINE;MONTE ALEGRE;;;;;184,36;22,40;73,31;14,55;34,50;31,64;99,75;14,55;0,00;2,65
2007.0;11.0;2007-11-01;BRASPINE;MONTE TABOR II;;;;;99,04;18,87;83,58;11,74;38,57;30,04;100,00;169,42;0,00;10,72
2007.0;11.0;2007-11-01;BRASPINE;MOREIRA;PR;DOUTOR ULYSSES;230,52;68,68;99,96;18,62;82,37;10,79;35,82;29,00;100,00;218,52;0,00;0,38
2007.0;11.0;2007-11-01;BRASPINE;MOREIRAS II;PR;DOUTOR ULYSSES;66,76;28,75;97,19;18,62;82,37;10,79;35,82;29,00;100,00;218,52;0,00;0,38
2007.0;11.0;2007-11-01;BRASPINE;MORRETES;PR;ORTIGUEIRA;20,36;20,36;170,44;20,45;77,69;11,90;36,40;28,69;99,77;163,21;0,00;8,17
2007.0;11.0;2007-11-01;BRASPINE;MORRO AZUL;;;;;109,92;18,77;82,98;10,57;36,79;29,29;100,00;221,26;0,00;13,17
2007.0;11.0;2007-11-01;BRASPINE;OURO FINO;SP;APIAI;51,70;51,70;102,02;18,56;84,01;10,44;38,68;29,36;100,00;220,92;0,00;0,33
2007.0;11.0;2007-11-01;BRASPINE;PALMEIRINHA DE BAIXO - SOSSEGO;PR;SENGES;85,93;9,22;125,57;18,30;81,67;10,29;36,95;27,49;99,87;229,16;0,00;26,25
2007.0;11.0;2007-11-01;BRASPINE;PAZIN;PR;DOUTOR ULYSSES;41,20;23,90;98,66;18,83;82,01;10,99;33,83;29,69;100,00;192,96;0,00;0,47
2007.0;11.0;2007-11-01;BRASPINE;PEDRAS;PR;CASTRO;7,18;7,18;105,40;18,32;81,27;9,89;40,58;27,06;99,35;225,45;0,00;0,76
2007.0;11.0;2007-11-01;BRASPINE;PESCARIA;PR;SAO JOSE DA BOA VISTA;184,57;129,22;122,65;20,77;75,56;12,31;34,00;28,98;99,67;96,52;0,00;23,14
2007.0;11.0;2007-11-01;BRASPINE;PESSEGUEIRO;PR;DOUTOR ULYSSES;109,95;64,79;103,49;18,62;82,37;10,79;35,82;29,00;100,00;218,52;0,00;0,38
2007.0;11.0;2007-11-01;BRASPINE;PITANGA;;;;;192,68;19,08;79,27;11,22;40,74;27,27;99,99;211,16;0,00;3,39
2007.0;11.0;2007-11-01;BRASPINE;QUEIMADINHO ARROIO CLARO;PR;DOUTOR ULYSSES;48,13;19,09;96,46;18,62;82,37;10,79;35,82;29,00;100,00;218,52;0,00;0,38
2007.0;11.0;2007-11-01;BRASPINE;QUEIMADINHO M6042;PR;DOUTOR ULYSSES;48,38;18,50;96,46;18,62;82,37;10,79;35,82;29,00;100,00;218,52;0,00;0,38
2007.0;11.0;2007-11-01;BRASPINE;QUEIMADINHO USUCAPIAO;PR;DOUTOR ULYSSES;200,27;92,43;96,46;18,62;82,37;10,79;35,82;29,00;100,00;218,52;0,00;0,38
2007.0;11.0;2007-11-01;BRASPINE;RAMOS;PR;SENGES;69,83;38,15;111,01;18,45;82,00;10,51;36,22;28,42;100,00;230,25;0,00;1,81
2007.0;11.0;2007-11-01;BRASPINE;RIBEIRAO GRANDE;PR;JAGUARIAIVA;20,77;20,77;115,43;18,27;81,25;9,86;39,53;26,84;99,47;225,06;0,00;1,17
2007.0;11.0;2007-11-01;BRASPINE;RINCAO DE BAIXO;;;;;138,75;19,23;76,86;10,77;37,44;27,11;99,53;181,44;0,00;1,45
2007.0;11.0;2007-11-01;BRASPINE;RIO BOMBA;PR;CERRO AZUL;65,03;37,72;103,65;19,91;78,44;12,07;32,61;30,59;99,91;163,64;0,00;0,55
2007.0;11.0;2007-11-01;BRASPINE;RIO DO MEIO;PR;DOUTOR ULYSSES;712,33;389,13;97,00;18,62;82,37;10,79;35,82;29,00;100,00;218,52;0,00;0,38
2007.0;11.0;2007-11-01;BRASPINE;RONDON;PR;JAGUARIAIVA;2899,24;1475,88;101,28;18,37;81,53;10,26;37,49;27,38;99,88;229,50;0,00;34,63
2007.0;11.0;2007-11-01;BRASPINE;SANTA FELICIDADE;;;;;93,48;19,89;81,75;11,85;33,68;31,34;100,00;146,67;0,00;3,05
2007.0;11.0;2007-11-01;BRASPINE;SANTA LIDIA DO CERCADINHO;;;;;133,07;18,88;77,07;10,51;37,93;26,72;99,53;192,62;0,00;0,56
2007.0;11.0;2007-11-01;BRASPINE;SANTO ANTONIO;;;;;120,72;18,32;81,96;10,30;37,17;28,04;100,00;229,01;0,00;19,57
2007.0;11.0;2007-11-01;BRASPINE;SAO JOSE;PR;JANDAIA DO SUL;37,56;37,56;184,71;22,23;73,58;14,36;34,63;31,41;99,83;14,36;0,00;3,68
2007.0;11.0;2007-11-01;BRASPINE;SAO MATHEUS;;;;;190,90;23,57;71,94;15,95;34,34;33,39;99,83;0,00;0,00;6,00
2007.0;11.0;2007-11-01;BRASPINE;SAO PEDRO E SAO PAULO;PR;SAPOPEMA;709,13;323,93;141,06;20,21;76,47;11,85;37,96;27,67;99,65;151,17;0,00;3,80
2007.0;11.0;2007-11-01;BRASPINE;SAO RAFAEL;;;;;119,79;18,57;78,37;10,55;39,13;27,77;99,32;191,29;0,00;2,70
2007.0;11.0;2007-11-01;BRASPINE;SAO RAFAEL - PB;;;;;112,69;18,65;83,77;10,63;37,90;29,47;100,00;221,66;0,00;3,38
2007.0;11.0;2007-11-01;BRASPINE;SERRARIA;PR;DOUTOR ULYSSES;280,88;117,71;102,67;18,60;81,90;10,66;33,99;29,26;100,00;218,67;0,00;1,16
2007.0;11.0;2007-11-01;BRASPINE;SERRO VERDE;;;;;179,04;18,68;78,37;10,69;36,90;26,20;100,00;216,24;0,00;0,61
2007.0;11.0;2007-11-01;BRASPINE;SERTAOZINHO;PR;DOUTOR ULYSSES;16,25;16,25;101,10;18,62;82,37;10,79;35,82;29,00;100,00;218,52;0,00;0,38
2007.0;11.0;2007-11-01;BRASPINE;SITIO BASILIO;PR;JAGUARIAIVA;8,08;8,08;121,93;18,44;80,18;10,01;39,35;26,87;99,62;214,14;0,00;5,39
2007.0;11.0;2007-11-01;BRASPINE;SITIO DAS MARRECAS;PR;DOUTOR ULYSSES;77,49;35,17;102,78;19,30;81,91;11,22;33,81;30,41;100,00;183,97;0,00;4,47
2007.0;11.0;2007-11-01;BRASPINE;SOBRADINHO;SP;BOM SUCESSO DE ITARARE;285,80;123,10;126,84;18,22;83,01;10,40;38,61;28,34;100,00;228,69;0,00;10,45
2007.0;11.0;2007-11-01;BRASPINE;TAQUARAL;PR;JAGUARIAIVA;519,13;31,07;103,19;18,55;81,04;10,18;38,24;27,32;99,98;201,18;0,00;1,15
2007.0;11.0;2007-11-01;BRASPINE;TUCUNDUVA;PR;SENGES;82,21;60,89;110,54;19,18;78,34;10,90;36,46;27,45;99,55;197,91;0,00;21,74
2007.0;11.0;2007-11-01;BRASPINE;TUCUNDUVA - CHAMMA;;;;;127,71;19,15;78,90;11,00;35,92;27,75;99,55;183,56;0,00;18,89
2007.0;11.0;2007-11-01;BRASPINE;VIENA 1;PR;DOUTOR ULYSSES;263,98;178,34;89,91;18,23;81,84;10,32;36,51;27,73;99,99;241,05;0,00;2,67
2007.0;11.0;2007-11-01;BRASPINE;VIENA 2;PR;CERRO AZUL;140,23;96,54;103,60;19,91;78,44;12,07;32,61;30,59;99,91;163,64;0,00;0,55
2007.0;11.0;2007-11-01;BRASPINE;VITORIA;PR;SENGES;50,54;35,69;125,57;18,30;81,67;10,29;36,95;27,49;99,87;229,16;0,00;26,25
2007.0;11.0;2007-11-01;BRASPINE;VIVEIRO;PR;DOUTOR ULYSSES;405,39;261,22;97,19;18,62;82,37;10,79;35,82;29,00;100,00;218,52;0,00;0,38
2007.0;11.0;2007-11-01;BRASPINE;VO LINO;PR;DOUTOR ULYSSES;164,50;97,89;103,97;18,83;82,01;10,99;33,83;29,69;100,00;192,96;0,00;0,47
2007.0;11.0;2007-11-01;BRASPINE;XAXIM VELHO;;;;;170,81;17,96;79,54;10,13;41,85;25,86;100,00;282,99;0,00;1,41
2007.0;12.0;2007-12-01;BRASPINE;AGUA DOCE;PR;JAGUARIAIVA;238,97;121,99;213,37;20,34;81,10;12,00;37,59;28,80;99,86;137,60;0,00;6,47
2007.0;12.0;2007-12-01;BRASPINE;AMATA;;;;;255,66;21,98;80,33;13,15;36,31;32,63;99,99;41,92;0,00;0,38
2007.0;12.0;2007-12-01;BRASPINE;ANTA BRAVA;;;;;271,16;22,79;78,03;14,43;35,59;31,82;98,83;14,43;0,00;6,00
2007.0;12.0;2007-12-01;BRASPINE;ARAPONGAS;PR;SENGES;423,34;263,70;236,54;20,30;83,38;12,44;38,52;29,83;100,00;125,75;0,00;6,95
2007.0;12.0;2007-12-01;BRASPINE;ARROIO CLARO;PR;DOUTOR ULYSSES;275,14;92,00;248,16;20,51;83,39;12,54;38,15;30,41;100,00;112,53;0,00;5,09
2007.0;12.0;2007-12-01;BRASPINE;BARRA GRANDE;PR;DOUTOR ULYSSES;493,79;139,68;254,38;20,78;83,49;12,84;39,60;30,87;100,00;68,16;0,00;1,92
2007.0;12.0;2007-12-01;BRASPINE;BARRA GRANDE - BEMAIS;PR;GUARAPUAVA;299,16;108,61;179,74;20,02;81,99;11,83;40,99;28,89;99,98;108,31;0,00;19,80
2007.0;12.0;2007-12-01;BRASPINE;BARRETOS;PR;JAGUARIAIVA;43,35;32,98;225,42;20,35;82,63;11,87;36,89;29,47;99,96;139,02;0,00;0,55
2007.0;12.0;2007-12-01;BRASPINE;BAU;;;;;207,07;20,07;81,92;11,90;41,88;28,23;99,89;95,97;0,00;1,13
2007.0;12.0;2007-12-01;BRASPINE;BOA VISTA II;PR;PIRAI DO SUL;944,00;535,05;239,01;20,39;81,91;11,67;36,99;29,17;99,94;137,98;0,00;2,13
2007.0;12.0;2007-12-01;BRASPINE;BRASILEIRA;;;;;240,27;20,30;83,38;12,44;38,52;29,83;100,00;125,75;0,00;6,95
2007.0;12.0;2007-12-01;BRASPINE;BURACAO;;;;;243,98;20,30;82,30;11,41;38,94;29,37;99,80;96,00;0,00;6,20
2007.0;12.0;2007-12-01;BRASPINE;BURRINHO;PR;DOUTOR ULYSSES;211,01;100,37;247,74;20,51;83,39;12,54;38,15;30,41;100,00;112,53;0,00;5,09
2007.0;12.0;2007-12-01;BRASPINE;CADEADO I;PR;JAGUARIAIVA;21,07;12,29;231,24;20,14;83,06;12,02;37,40;29,34;100,00;138,09;0,00;1,22
2007.0;12.0;2007-12-01;BRASPINE;CADEADO II;PR;JAGUARIAIVA;21,88;16,79;231,24;20,14;83,06;12,02;37,40;29,34;100,00;138,09;0,00;1,22
2007.0;12.0;2007-12-01;BRASPINE;CAMPINA ALTA;PR;TIBAGI;29,77;18,24;181,95;21,36;80,33;13,07;37,39;30,26;99,87;98,50;0,00;2,18
2007.0;12.0;2007-12-01;BRASPINE;CAMPINA DO ELIAS;PR;JAGUARIAIVA;29,17;14,65;227,07;20,27;82,78;11,93;37,08;29,42;99,98;138,67;0,00;3,05
2007.0;12.0;2007-12-01;BRASPINE;CAMPO NOVO;PR;JAGUARIAIVA;295,98;156,36;232,68;20,14;83,06;12,02;37,40;29,34;100,00;138,09;0,00;1,22
2007.0;12.0;2007-12-01;BRASPINE;CONSULTORIA II A;PR;DOUTOR ULYSSES;89,62;60,79;239,26;20,30;83,38;12,44;38,52;29,83;100,00;125,75;0,00;6,95
2007.0;12.0;2007-12-01;BRASPINE;DINIZ;;;;;242,27;20,30;83,38;12,44;38,52;29,83;100,00;125,75;0,00;6,95
2007.0;12.0;2007-12-01;BRASPINE;ENES;PR;JAGUARIAIVA;5,93;5,69;232,11;20,14;83,06;12,02;37,40;29,34;100,00;138,09;0,00;1,22
2007.0;12.0;2007-12-01;BRASPINE;ENGENHARIA;;;;;242,27;20,30;83,38;12,44;38,52;29,83;100,00;125,75;0,00;6,95
2007.0;12.0;2007-12-01;BRASPINE;ESTACAO;PR;SENGES;4,76;4,14;240,66;20,14;83,06;12,02;37,40;29,34;100,00;138,09;0,00;1,22
2007.0;12.0;2007-12-01;BRASPINE;FAXINAL;PR;JAGUARIAIVA;20,65;20,65;232,11;20,14;83,06;12,02;37,40;29,34;100,00;138,09;0,00;1,22
2007.0;12.0;2007-12-01;BRASPINE;FEITAL;PR;DOUTOR ULYSSES;154,17;86,53;243,76;20,46;83,41;12,57;38,88;30,18;100,00;96,68;0,00;5,50
2007.0;12.0;2007-12-01;BRASPINE;FIGUEIRA;PR;DOUTOR ULYSSES;1053,81;315,71;242,43;20,51;83,39;12,54;38,15;30,41;100,00;112,53;0,00;5,09
2007.0;12.0;2007-12-01;BRASPINE;FIGUEIRINHA;PR;DOUTOR ULYSSES;94,37;56,74;246,59;20,51;83,39;12,54;38,15;30,41;100,00;112,53;0,00;5,09
2007.0;12.0;2007-12-01;BRASPINE;FLOEMA;PR;DOUTOR ULYSSES;2189,88;701,43;237,83;20,02;83,28;12,02;37,31;29,43;100,00;137,85;0,00;5,00
2007.0;12.0;2007-12-01;BRASPINE;FLOEMA I - SUDATI;;;;;241,44;20,30;83,38;12,44;38,52;29,83;100,00;125,75;0,00;6,95
2007.0;12.0;2007-12-01;BRASPINE;FLOEMA II - SUDATI;PR;DOUTOR ULYSSES;453,83;211,13;241,12;20,30;83,38;12,44;38,52;29,83;100,00;125,75;0,00;6,95
2007.0;12.0;2007-12-01;BRASPINE;FLOR DA SERRA;PR;SAO JOSE DA BOA VISTA;209,10;128,72;214,54;22,07;77,02;14,97;34,83;30,37;99,51;14,97;0,00;0,41
2007.0;12.0;2007-12-01;BRASPINE;GENTIL;PR;JAGUARIAIVA;126,77;53,33;219,04;20,09;80,97;11,75;37,38;28,37;99,84;135,39;0,00;2,30
2007.0;12.0;2007-12-01;BRASPINE;GUAIRACA;PR;GUARAPUAVA;623,62;169,31;188,96;20,20;81,61;11,85;42,57;29,35;100,00;108,56;0,00;12,17
2007.0;12.0;2007-12-01;BRASPINE;HERVAL 2 - MADALOSSO;;;;;242,31;20,30;82,30;11,41;38,94;29,37;99,80;96,00;0,00;6,20
2007.0;12.0;2007-12-01;BRASPINE;HERVAL DE BAIXO;PR;RESERVA;827,29;475,92;199,85;21,34;80,59;12,98;36,87;30,30;99,87;98,41;0,00;11,40
2007.0;12.0;2007-12-01;BRASPINE;HORTO 01;PR;TURVO;19,12;19,12;154,62;20,74;82,60;12,53;42,49;29,13;99,79;83,61;0,00;14,79
2007.0;12.0;2007-12-01;BRASPINE;HORTO 02;PR;TURVO;4,24;4,24;154,77;20,74;82,60;12,53;42,49;29,13;99,79;83,61;0,00;14,79
2007.0;12.0;2007-12-01;BRASPINE;HORTO 03;PR;PRUDENTOPOLIS;80,91;25,89;157,41;21,28;81,48;13,04;40,50;30,09;99,95;71,22;0,00;5,50
2007.0;12.0;2007-12-01;BRASPINE;HORTO 08;PR;TURVO;9,53;9,53;159,44;21,28;81,48;13,04;40,50;30,09;99,95;71,22;0,00;5,50
2007.0;12.0;2007-12-01;BRASPINE;HORTO 12;PR;PRUDENTOPOLIS;12,20;12,20;161,29;21,28;81,48;13,04;40,50;30,09;99,95;71,22;0,00;5,50
2007.0;12.0;2007-12-01;BRASPINE;IZAU;PR;PIRAI DO SUL;19,37;11,60;223,47;20,10;81,53;11,48;36,78;28,62;99,77;135,65;0,00;3,58
2007.0;12.0;2007-12-01;BRASPINE;JOAO RICO;PR;JAGUARIAIVA;47,46;26,18;217,72;20,34;81,10;12,00;37,59;28,80;99,86;137,60;0,00;6,47
2007.0;12.0;2007-12-01;BRASPINE;LAGOA;PR;JAGUARIAIVA;24,10;10,78;236,56;20,14;83,06;12,02;37,40;29,34;100,00;138,09;0,00;1,22
2007.0;12.0;2007-12-01;BRASPINE;MARACANA;PR;JANDAIA DO SUL;11,45;11,45;237,07;23,08;77,01;15,72;26,70;33,26;99,96;0,00;0,00;1,62
2007.0;12.0;2007-12-01;BRASPINE;MARRECA;;;;;242,77;20,51;83,39;12,54;38,15;30,41;100,00;112,53;0,00;5,09
2007.0;12.0;2007-12-01;BRASPINE;MARRECA SP;SP;ITAPIRAPUA PAULISTA;675,30;236,19;245,19;21,17;83,29;12,94;39,21;31,77;100,00;55,06;0,00;4,16
2007.0;12.0;2007-12-01;BRASPINE;MARRECAS;;;;;199,38;19,46;82,60;11,27;42,09;28,20;100,00;191,71;0,00;10,91
2007.0;12.0;2007-12-01;BRASPINE;MERCADINHO;;;;;247,33;21,15;81,89;12,74;37,79;31,46;100,00;40,31;0,00;0,79
2007.0;12.0;2007-12-01;BRASPINE;MONTE ALEGRE;;;;;219,89;23,64;75,86;16,23;25,95;33,91;99,82;0,00;0,00;2,48
2007.0;12.0;2007-12-01;BRASPINE;MONTE TABOR II;;;;;197,25;20,46;84,73;12,69;43,39;30,55;99,97;84,79;0,00;1,40
2007.0;12.0;2007-12-01;BRASPINE;MOREIRA;PR;DOUTOR ULYSSES;230,52;68,68;241,12;20,30;83,38;12,44;38,52;29,83;100,00;125,75;0,00;6,95
2007.0;12.0;2007-12-01;BRASPINE;MOREIRAS II;PR;DOUTOR ULYSSES;66,76;28,75;238,99;20,30;83,38;12,44;38,52;29,83;100,00;125,75;0,00;6,95
2007.0;12.0;2007-12-01;BRASPINE;MORRETES;PR;ORTIGUEIRA;20,36;20,36;188,38;21,84;80,40;13,30;35,63;30,87;99,79;70,93;0,00;0,40
2007.0;12.0;2007-12-01;BRASPINE;MORRO AZUL;;;;;241,60;20,51;83,47;12,41;40,44;30,34;100,00;111,06;0,00;1,17
2007.0;12.0;2007-12-01;BRASPINE;OURO FINO;SP;APIAI;51,70;51,70;202,22;20,22;84,57;12,16;41,96;30,08;100,00;81,00;0,00;3,68
2007.0;12.0;2007-12-01;BRASPINE;PALMEIRINHA DE BAIXO - SOSSEGO;PR;SENGES;85,93;9,22;205,88;19,99;81,76;12,52;39,13;28,69;99,87;137,43;0,00;3,09
2007.0;12.0;2007-12-01;BRASPINE;PAZIN;PR;DOUTOR ULYSSES;41,20;23,90;245,76;20,51;83,39;12,54;38,15;30,41;100,00;112,53;0,00;5,09
2007.0;12.0;2007-12-01;BRASPINE;PEDRAS;PR;CASTRO;7,18;7,18;236,27;20,16;82,03;11,31;39,36;28,67;99,82;136,27;0,00;1,31
2007.0;12.0;2007-12-01;BRASPINE;PESCARIA;PR;SAO JOSE DA BOA VISTA;184,57;129,22;210,22;22,25;76,65;15,10;33,87;30,84;99,51;0,00;0,00;2,12
2007.0;12.0;2007-12-01;BRASPINE;PESSEGUEIRO;PR;DOUTOR ULYSSES;109,95;64,79;242,45;20,30;83,38;12,44;38,52;29,83;100,00;125,75;0,00;6,95
2007.0;12.0;2007-12-01;BRASPINE;PITANGA;;;;;207,08;20,83;81,06;12,81;42,49;28,79;99,80;55,32;0,00;2,61
2007.0;12.0;2007-12-01;BRASPINE;QUEIMADINHO ARROIO CLARO;PR;DOUTOR ULYSSES;48,13;19,09;240,27;20,30;83,38;12,44;38,52;29,83;100,00;125,75;0,00;6,95
2007.0;12.0;2007-12-01;BRASPINE;QUEIMADINHO M6042;PR;DOUTOR ULYSSES;48,38;18,50;240,27;20,30;83,38;12,44;38,52;29,83;100,00;125,75;0,00;6,95
2007.0;12.0;2007-12-01;BRASPINE;QUEIMADINHO USUCAPIAO;PR;DOUTOR ULYSSES;200,27;92,43;240,27;20,30;83,38;12,44;38,52;29,83;100,00;125,75;0,00;6,95
2007.0;12.0;2007-12-01;BRASPINE;RAMOS;PR;SENGES;69,83;38,15;241,44;20,14;83,06;12,02;37,40;29,34;100,00;138,09;0,00;1,22
2007.0;12.0;2007-12-01;BRASPINE;RIBEIRAO GRANDE;PR;JAGUARIAIVA;20,77;20,77;229,94;20,10;81,53;11,48;36,78;28,62;99,77;135,65;0,00;3,58
2007.0;12.0;2007-12-01;BRASPINE;RINCAO DE BAIXO;;;;;193,13;20,81;78,32;12,61;34,93;29,47;99,53;96,03;0,00;0,84
2007.0;12.0;2007-12-01;BRASPINE;RIO BOMBA;PR;CERRO AZUL;65,03;37,72;238,39;21,54;80,73;12,92;36,82;31,80;99,97;41,22;0,00;0,44
2007.0;12.0;2007-12-01;BRASPINE;RIO DO MEIO;PR;DOUTOR ULYSSES;712,33;389,13;239,34;20,30;83,38;12,44;38,52;29,83;100,00;125,75;0,00;6,95
2007.0;12.0;2007-12-01;BRASPINE;RONDON;PR;JAGUARIAIVA;2899,24;1475,88;217,31;20,06;82,02;12,22;38,47;28,73;99,88;137,27;0,00;4,53
2007.0;12.0;2007-12-01;BRASPINE;SANTA FELICIDADE;;;;;248,26;21,57;83,08;13,39;40,06;32,61;100,00;56,15;0,00;1,36
2007.0;12.0;2007-12-01;BRASPINE;SANTA LIDIA DO CERCADINHO;;;;;194,89;20,46;78,31;12,33;35,03;29,02;99,55;123,70;0,00;0,33
2007.0;12.0;2007-12-01;BRASPINE;SANTO ANTONIO;;;;;216,44;20,00;82,11;12,37;39,84;29,04;100,00;137,81;0,00;8,80
2007.0;12.0;2007-12-01;BRASPINE;SAO JOSE;PR;JANDAIA DO SUL;37,56;37,56;222,24;23,46;76,09;16,08;26,31;33,66;99,87;0,00;0,00;3,84
2007.0;12.0;2007-12-01;BRASPINE;SAO MATHEUS;;;;;212,87;24,80;75,39;17,35;26,35;35,33;99,75;0,00;0,00;0,11
2007.0;12.0;2007-12-01;BRASPINE;SAO PEDRO E SAO PAULO;PR;SAPOPEMA;709,13;323,93;162,75;21,42;79,14;14,51;34,87;29,65;99,65;103,15;0,00;4,97
2007.0;12.0;2007-12-01;BRASPINE;SAO RAFAEL;;;;;177,46;20,30;81,24;11,32;40,33;29,87;99,50;65,62;0,00;0,77
2007.0;12.0;2007-12-01;BRASPINE;SAO RAFAEL - PB;;;;;230,12;20,35;84,26;12,42;41,30;30,26;100,00;81,52;0,00;5,14
2007.0;12.0;2007-12-01;BRASPINE;SERRARIA;PR;DOUTOR ULYSSES;280,88;117,71;243,65;20,26;83,34;12,28;37,73;29,90;100,00;125,38;0,00;5,04
2007.0;12.0;2007-12-01;BRASPINE;SERRO VERDE;;;;;222,93;20,45;80,50;12,25;40,46;28,75;99,91;68,57;0,00;5,71
2007.0;12.0;2007-12-01;BRASPINE;SERTAOZINHO;PR;DOUTOR ULYSSES;16,25;16,25;235,89;20,30;83,38;12,44;38,52;29,83;100,00;125,75;0,00;6,95
2007.0;12.0;2007-12-01;BRASPINE;SITIO BASILIO;PR;JAGUARIAIVA;8,08;8,08;213,18;20,15;80,83;11,90;37,63;28,41;99,87;135,90;0,00;0,99
2007.0;12.0;2007-12-01;BRASPINE;SITIO DAS MARRECAS;PR;DOUTOR ULYSSES;77,49;35,17;245,88;20,98;83,32;12,83;38,91;31,38;100,00;69,50;0,00;4,47
2007.0;12.0;2007-12-01;BRASPINE;SOBRADINHO;SP;BOM SUCESSO DE ITARARE;285,80;123,10;218,48;19,89;83,13;12,21;40,78;28,99;100,00;137,96;0,00;6,03
2007.0;12.0;2007-12-01;BRASPINE;TAQUARAL;PR;JAGUARIAIVA;519,13;31,07;215,81;20,30;81,78;12,07;38,28;28,91;100,00;137,96;0,00;1,89
2007.0;12.0;2007-12-01;BRASPINE;TUCUNDUVA;PR;SENGES;82,21;60,89;197,51;20,74;78,98;13,38;36,73;29,03;99,56;144,00;0,00;6,50
2007.0;12.0;2007-12-01;BRASPINE;TUCUNDUVA - CHAMMA;;;;;195,78;20,75;79,20;13,44;36,98;29,12;99,59;129,66;0,00;2,46
2007.0;12.0;2007-12-01;BRASPINE;VIENA 1;PR;DOUTOR ULYSSES;263,98;178,34;226,00;19,93;83,16;11,63;38,10;28,94;100,00;136,34;0,00;5,43
2007.0;12.0;2007-12-01;BRASPINE;VIENA 2;PR;CERRO AZUL;140,23;96,54;238,05;21,54;80,73;12,92;36,82;31,80;99,97;41,22;0,00;0,44
2007.0;12.0;2007-12-01;BRASPINE;VITORIA;PR;SENGES;50,54;35,69;205,88;19,99;81,76;12,52;39,13;28,69;99,87;137,43;0,00;3,09
2007.0;12.0;2007-12-01;BRASPINE;VIVEIRO;PR;DOUTOR ULYSSES;405,39;261,22;238,99;20,30;83,38;12,44;38,52;29,83;100,00;125,75;0,00;6,95
2007.0;12.0;2007-12-01;BRASPINE;VO LINO;PR;DOUTOR ULYSSES;164,50;97,89;244,26;20,51;83,39;12,54;38,15;30,41;100,00;112,53;0,00;5,09
2007.0;12.0;2007-12-01;BRASPINE;XAXIM VELHO;;;;;189,58;19,58;83,07;11,20;43,71;28,35;100,00;207,09;0,00;8,70
