ANO;MES;DATA;EMPRESA;FAZENDA;UF;MUNICIPIO;AREA_T;AREA_PRODU;PRECIP_CHIRPS_MM;TEMP_MEDIA_C;UMID_MEDIA_PCT;TEMP_MIN_C;UMID_MIN_PCT;TEMP_MAX_C;UMID_MAX_PCT;NOITES_FRIAS_Eucalipto_<15C;NOITES_FRIAS_Pinus_<5C;DIRECAO_VENTO_GRAUS
2000.0;1.0;2000-01-01;BRASPINE;AGUA DOCE;PR;JAGUARIAIVA;238,97;121,99;83,98;20,59;83,84;11,22;41,56;28,80;99,84;66,85;0,00;9,82
2000.0;1.0;2000-01-01;BRASPINE;AMATA;;;;;207,65;22,18;83,63;12,98;35,65;31,73;99,99;27,69;0,00;2,01
2000.0;1.0;2000-01-01;BRASPINE;ANTA BRAVA;;;;;119,52;23,07;80,33;14,65;40,99;31,03;98,48;29,34;0,00;5,93
2000.0;1.0;2000-01-01;BRASPINE;ARAPONGAS;PR;SENGES;423,34;263,70;142,35;20,64;85,48;11,53;39,02;29,64;100,00;67,57;0,00;0,70
2000.0;1.0;2000-01-01;BRASPINE;ARROIO CLARO;PR;DOUTOR ULYSSES;275,14;92,00;204,85;20,82;85,46;11,45;38,37;30,10;100,00;68,43;0,00;5,95
2000.0;1.0;2000-01-01;BRASPINE;BARRA GRANDE;PR;DOUTOR ULYSSES;493,79;139,68;176,71;21,14;85,55;11,70;39,67;30,42;100,00;54,66;0,00;9,59
2000.0;1.0;2000-01-01;BRASPINE;BARRA GRANDE - BEMAIS;PR;GUARAPUAVA;299,16;108,61;185,24;20,24;84,51;12,23;42,00;27,98;99,95;80,58;0,00;2,54
2000.0;1.0;2000-01-01;BRASPINE;BARRETOS;PR;JAGUARIAIVA;43,35;32,98;138,55;20,60;85,17;11,75;39,38;29,20;99,97;67,94;0,00;8,02
2000.0;1.0;2000-01-01;BRASPINE;BAU;;;;;139,79;20,42;83,67;12,99;46,15;27,83;99,84;68,47;0,00;0,42
2000.0;1.0;2000-01-01;BRASPINE;BOA VISTA II;PR;PIRAI DO SUL;944,00;535,05;149,12;20,61;84,63;11,34;40,59;29,05;99,93;67,25;0,00;10,55
2000.0;1.0;2000-01-01;BRASPINE;BRASILEIRA;;;;;170,78;20,64;85,48;11,53;39,02;29,64;100,00;67,57;0,00;0,70
2000.0;1.0;2000-01-01;BRASPINE;BURACAO;;;;;136,32;20,59;84,57;11,84;39,51;29,29;99,84;68,45;0,00;0,38
2000.0;1.0;2000-01-01;BRASPINE;BURRINHO;PR;DOUTOR ULYSSES;211,01;100,37;204,86;20,82;85,46;11,45;38,37;30,10;100,00;68,43;0,00;5,95
2000.0;1.0;2000-01-01;BRASPINE;CADEADO I;PR;JAGUARIAIVA;21,07;12,29;165,03;20,44;85,26;11,67;38,66;29,21;100,00;66,44;0,00;4,61
2000.0;1.0;2000-01-01;BRASPINE;CADEADO II;PR;JAGUARIAIVA;21,88;16,79;165,03;20,44;85,26;11,67;38,66;29,21;100,00;66,44;0,00;4,61
2000.0;1.0;2000-01-01;BRASPINE;CAMPINA ALTA;PR;TIBAGI;29,77;18,24;153,36;21,60;83,08;13,24;41,17;29,59;99,89;40,25;0,00;10,39
2000.0;1.0;2000-01-01;BRASPINE;CAMPINA DO ELIAS;PR;JAGUARIAIVA;29,17;14,65;166,50;20,54;85,20;11,72;39,12;29,21;99,98;67,40;0,00;6,89
2000.0;1.0;2000-01-01;BRASPINE;CAMPO NOVO;PR;JAGUARIAIVA;295,98;156,36;116,41;20,44;85,26;11,67;38,66;29,21;100,00;66,44;0,00;4,61
2000.0;1.0;2000-01-01;BRASPINE;CONSULTORIA II A;PR;DOUTOR ULYSSES;89,62;60,79;181,49;20,64;85,48;11,53;39,02;29,64;100,00;67,57;0,00;0,70
2000.0;1.0;2000-01-01;BRASPINE;DINIZ;;;;;172,48;20,64;85,48;11,53;39,02;29,64;100,00;67,57;0,00;0,70
2000.0;1.0;2000-01-01;BRASPINE;ENES;PR;JAGUARIAIVA;5,93;5,69;112,76;20,44;85,26;11,67;38,66;29,21;100,00;66,44;0,00;4,61
2000.0;1.0;2000-01-01;BRASPINE;ENGENHARIA;;;;;172,48;20,64;85,48;11,53;39,02;29,64;100,00;67,57;0,00;0,70
2000.0;1.0;2000-01-01;BRASPINE;ESTACAO;PR;SENGES;4,76;4,14;175,08;20,44;85,26;11,67;38,66;29,21;100,00;66,44;0,00;4,61
2000.0;1.0;2000-01-01;BRASPINE;FAXINAL;PR;JAGUARIAIVA;20,65;20,65;112,76;20,44;85,26;11,67;38,66;29,21;100,00;66,44;0,00;4,61
2000.0;1.0;2000-01-01;BRASPINE;FEITAL;PR;DOUTOR ULYSSES;154,17;86,53;176,80;20,81;85,50;11,59;39,23;29,90;100,00;68,34;0,00;13,67
2000.0;1.0;2000-01-01;BRASPINE;FIGUEIRA;PR;DOUTOR ULYSSES;1053,81;315,71;195,19;20,82;85,46;11,45;38,37;30,10;100,00;68,43;0,00;5,95
2000.0;1.0;2000-01-01;BRASPINE;FIGUEIRINHA;PR;DOUTOR ULYSSES;94,37;56,74;205,48;20,82;85,46;11,45;38,37;30,10;100,00;68,43;0,00;5,95
2000.0;1.0;2000-01-01;BRASPINE;FLOEMA;PR;DOUTOR ULYSSES;2189,88;701,43;176,10;20,31;85,48;10,85;38,19;29,26;100,00;65,57;0,00;8,69
2000.0;1.0;2000-01-01;BRASPINE;FLOEMA I - SUDATI;;;;;170,83;20,64;85,48;11,53;39,02;29,64;100,00;67,57;0,00;0,70
2000.0;1.0;2000-01-01;BRASPINE;FLOEMA II - SUDATI;PR;DOUTOR ULYSSES;453,83;211,13;179,57;20,64;85,48;11,53;39,02;29,64;100,00;67,57;0,00;0,70
2000.0;1.0;2000-01-01;BRASPINE;FLOR DA SERRA;PR;SAO JOSE DA BOA VISTA;209,10;128,72;95,56;22,62;78,42;14,33;37,02;30,57;99,82;28,76;0,00;1,50
2000.0;1.0;2000-01-01;BRASPINE;GENTIL;PR;JAGUARIAIVA;126,77;53,33;83,54;20,34;83,83;11,39;42,33;28,49;99,81;80,84;0,00;12,72
2000.0;1.0;2000-01-01;BRASPINE;GUAIRACA;PR;GUARAPUAVA;623,62;169,31;220,23;20,39;84,34;11,86;41,87;28,37;100,00;66,50;0,00;2,77
2000.0;1.0;2000-01-01;BRASPINE;HERVAL 2 - MADALOSSO;;;;;132,16;20,59;84,57;11,84;39,51;29,29;99,84;68,45;0,00;0,38
2000.0;1.0;2000-01-01;BRASPINE;HERVAL DE BAIXO;PR;RESERVA;827,29;475,92;169,48;21,63;83,09;12,81;40,94;29,62;99,85;39,31;0,00;11,11
2000.0;1.0;2000-01-01;BRASPINE;HORTO 01;PR;TURVO;19,12;19,12;122,94;21,09;84,14;12,64;45,51;28,95;99,80;68,55;0,00;4,49
2000.0;1.0;2000-01-01;BRASPINE;HORTO 02;PR;TURVO;4,24;4,24;122,57;21,09;84,14;12,64;45,51;28,95;99,80;68,55;0,00;4,49
2000.0;1.0;2000-01-01;BRASPINE;HORTO 03;PR;PRUDENTOPOLIS;80,91;25,89;130,00;21,62;83,07;13,21;43,81;29,67;99,89;40,36;0,00;1,36
2000.0;1.0;2000-01-01;BRASPINE;HORTO 08;PR;TURVO;9,53;9,53;150,65;21,62;83,07;13,21;43,81;29,67;99,89;40,36;0,00;1,36
2000.0;1.0;2000-01-01;BRASPINE;HORTO 12;PR;PRUDENTOPOLIS;12,20;12,20;137,38;21,62;83,07;13,21;43,81;29,67;99,89;40,36;0,00;1,36
2000.0;1.0;2000-01-01;BRASPINE;IZAU;PR;PIRAI DO SUL;19,37;11,60;86,64;20,31;84,52;12,02;41,58;28,60;99,81;81,49;0,00;12,64
2000.0;1.0;2000-01-01;BRASPINE;JOAO RICO;PR;JAGUARIAIVA;47,46;26,18;92,80;20,59;83,84;11,22;41,56;28,80;99,84;66,85;0,00;9,82
2000.0;1.0;2000-01-01;BRASPINE;LAGOA;PR;JAGUARIAIVA;24,10;10,78;165,28;20,44;85,26;11,67;38,66;29,21;100,00;66,44;0,00;4,61
2000.0;1.0;2000-01-01;BRASPINE;MARACANA;PR;JANDAIA DO SUL;11,45;11,45;162,56;23,69;77,90;16,49;33,36;31,58;99,96;0,00;0,00;2,06
2000.0;1.0;2000-01-01;BRASPINE;MARRECA;;;;;204,82;20,82;85,46;11,45;38,37;30,10;100,00;68,43;0,00;5,95
2000.0;1.0;2000-01-01;BRASPINE;MARRECA SP;SP;ITAPIRAPUA PAULISTA;675,30;236,19;185,34;21,53;85,25;11,72;39,13;31,12;100,00;40,73;0,00;2,76
2000.0;1.0;2000-01-01;BRASPINE;MARRECAS;;;;;197,14;19,68;85,20;11,41;42,34;27,31;100,00;107,09;0,00;0,74
2000.0;1.0;2000-01-01;BRASPINE;MERCADINHO;;;;;211,44;21,40;84,57;12,00;36,66;30,87;100,00;40,85;0,00;0,02
2000.0;1.0;2000-01-01;BRASPINE;MONTE ALEGRE;;;;;149,03;24,35;76,08;17,24;31,90;32,23;99,96;0,00;0,00;1,88
2000.0;1.0;2000-01-01;BRASPINE;MONTE TABOR II;;;;;158,96;20,81;86,44;10,90;43,01;30,12;100,00;51,56;0,00;1,28
2000.0;1.0;2000-01-01;BRASPINE;MOREIRA;PR;DOUTOR ULYSSES;230,52;68,68;179,57;20,64;85,48;11,53;39,02;29,64;100,00;67,57;0,00;0,70
2000.0;1.0;2000-01-01;BRASPINE;MOREIRAS II;PR;DOUTOR ULYSSES;66,76;28,75;181,77;20,64;85,48;11,53;39,02;29,64;100,00;67,57;0,00;0,70
2000.0;1.0;2000-01-01;BRASPINE;MORRETES;PR;ORTIGUEIRA;20,36;20,36;135,74;22,18;82,65;13,33;40,09;30,35;99,95;40,85;0,00;0,44
2000.0;1.0;2000-01-01;BRASPINE;MORRO AZUL;;;;;189,01;20,87;85,70;11,21;39,80;29,97;100,00;67,89;0,00;3,76
2000.0;1.0;2000-01-01;BRASPINE;OURO FINO;SP;APIAI;51,70;51,70;178,80;20,58;86,63;10,59;42,47;29,74;100,00;65,29;0,00;0,35
2000.0;1.0;2000-01-01;BRASPINE;PALMEIRINHA DE BAIXO - SOSSEGO;PR;SENGES;85,93;9,22;118,01;20,30;84,35;11,07;39,71;28,48;99,88;65,60;0,00;6,62
2000.0;1.0;2000-01-01;BRASPINE;PAZIN;PR;DOUTOR ULYSSES;41,20;23,90;187,91;20,82;85,46;11,45;38,37;30,10;100,00;68,43;0,00;5,95
2000.0;1.0;2000-01-01;BRASPINE;PEDRAS;PR;CASTRO;7,18;7,18;110,26;20,38;84,93;11,59;43,85;28,50;99,65;81,19;0,00;15,12
2000.0;1.0;2000-01-01;BRASPINE;PESCARIA;PR;SAO JOSE DA BOA VISTA;184,57;129,22;107,97;22,71;78,40;14,01;35,07;30,72;99,82;28,55;0,00;344,22
2000.0;1.0;2000-01-01;BRASPINE;PESSEGUEIRO;PR;DOUTOR ULYSSES;109,95;64,79;188,54;20,64;85,48;11,53;39,02;29,64;100,00;67,57;0,00;0,70
2000.0;1.0;2000-01-01;BRASPINE;PITANGA;;;;;145,43;21,29;82,15;13,97;43,72;28,89;99,79;57,29;0,00;1,48
2000.0;1.0;2000-01-01;BRASPINE;QUEIMADINHO ARROIO CLARO;PR;DOUTOR ULYSSES;48,13;19,09;170,78;20,64;85,48;11,53;39,02;29,64;100,00;67,57;0,00;0,70
2000.0;1.0;2000-01-01;BRASPINE;QUEIMADINHO M6042;PR;DOUTOR ULYSSES;48,38;18,50;170,78;20,64;85,48;11,53;39,02;29,64;100,00;67,57;0,00;0,70
2000.0;1.0;2000-01-01;BRASPINE;QUEIMADINHO USUCAPIAO;PR;DOUTOR ULYSSES;200,27;92,43;170,78;20,64;85,48;11,53;39,02;29,64;100,00;67,57;0,00;0,70
2000.0;1.0;2000-01-01;BRASPINE;RAMOS;PR;SENGES;69,83;38,15;170,83;20,44;85,26;11,67;38,66;29,21;100,00;66,44;0,00;4,61
2000.0;1.0;2000-01-01;BRASPINE;RIBEIRAO GRANDE;PR;JAGUARIAIVA;20,77;20,77;85,86;20,31;84,52;12,02;41,58;28,60;99,81;81,49;0,00;12,64
2000.0;1.0;2000-01-01;BRASPINE;RINCAO DE BAIXO;;;;;150,80;21,06;81,10;12,32;41,36;29,15;99,84;39,11;0,00;27,22
2000.0;1.0;2000-01-01;BRASPINE;RIO BOMBA;PR;CERRO AZUL;65,03;37,72;181,17;21,72;83,84;12,43;35,58;31,25;99,97;26,73;0,00;2,51
2000.0;1.0;2000-01-01;BRASPINE;RIO DO MEIO;PR;DOUTOR ULYSSES;712,33;389,13;178,84;20,64;85,48;11,53;39,02;29,64;100,00;67,57;0,00;0,70
2000.0;1.0;2000-01-01;BRASPINE;RONDON;PR;JAGUARIAIVA;2899,24;1475,88;104,39;20,35;84,57;11,10;40,24;28,63;99,93;65,79;0,00;14,81
2000.0;1.0;2000-01-01;BRASPINE;SANTA FELICIDADE;;;;;180,02;21,95;85,03;12,08;40,07;31,79;100,00;26,83;0,00;9,32
2000.0;1.0;2000-01-01;BRASPINE;SANTA LIDIA DO CERCADINHO;;;;;139,28;20,71;81,21;12,16;41,64;28,74;99,81;68,24;0,00;26,30
2000.0;1.0;2000-01-01;BRASPINE;SANTO ANTONIO;;;;;123,54;20,36;84,52;10,84;39,10;29,16;100,00;65,24;0,00;1,02
2000.0;1.0;2000-01-01;BRASPINE;SAO JOSE;PR;JANDAIA DO SUL;37,56;37,56;152,34;24,15;76,47;17,02;32,35;32,01;99,97;0,00;0,00;1,96
2000.0;1.0;2000-01-01;BRASPINE;SAO MATHEUS;;;;;141,25;25,79;73,74;18,86;29,28;34,11;99,88;0,00;0,00;0,10
2000.0;1.0;2000-01-01;BRASPINE;SAO PEDRO E SAO PAULO;PR;SAPOPEMA;709,13;323,93;137,23;21,98;80,11;13,86;39,54;29,11;99,58;42,49;0,00;6,46
2000.0;1.0;2000-01-01;BRASPINE;SAO RAFAEL;;;;;143,25;20,48;84,35;13,51;44,18;29,37;99,77;69,28;0,00;0,02
2000.0;1.0;2000-01-01;BRASPINE;SAO RAFAEL - PB;;;;;196,06;20,71;86,36;10,80;41,91;29,92;100,00;66,40;0,00;2,98
2000.0;1.0;2000-01-01;BRASPINE;SERRARIA;PR;DOUTOR ULYSSES;280,88;117,71;204,63;20,56;85,47;11,15;38,28;29,68;100,00;67,01;0,00;7,37
2000.0;1.0;2000-01-01;BRASPINE;SERRO VERDE;;;;;167,72;20,81;82,24;13,40;45,95;28,36;99,85;55,37;0,00;2,41
2000.0;1.0;2000-01-01;BRASPINE;SERTAOZINHO;PR;DOUTOR ULYSSES;16,25;16,25;154,84;20,64;85,48;11,53;39,02;29,64;100,00;67,57;0,00;0,70
2000.0;1.0;2000-01-01;BRASPINE;SITIO BASILIO;PR;JAGUARIAIVA;8,08;8,08;82,01;20,42;83,62;11,14;42,35;28,54;99,82;65,85;0,00;12,01
2000.0;1.0;2000-01-01;BRASPINE;SITIO DAS MARRECAS;PR;DOUTOR ULYSSES;77,49;35,17;200,12;21,33;85,31;11,64;38,91;30,83;100,00;40,24;0,00;3,70
2000.0;1.0;2000-01-01;BRASPINE;SOBRADINHO;SP;BOM SUCESSO DE ITARARE;285,80;123,10;195,21;20,28;85,38;10,39;41,03;28,92;100,00;64,36;0,00;0,04
2000.0;1.0;2000-01-01;BRASPINE;TAQUARAL;PR;JAGUARIAIVA;519,13;31,07;115,55;20,56;84,43;11,23;41,25;28,82;99,96;66,88;0,00;5,80
2000.0;1.0;2000-01-01;BRASPINE;TUCUNDUVA;PR;SENGES;82,21;60,89;108,82;21,13;81,25;11,45;38,72;28,90;99,69;53,59;0,00;3,09
2000.0;1.0;2000-01-01;BRASPINE;TUCUNDUVA - CHAMMA;;;;;106,76;21,11;81,58;11,96;38,10;28,86;99,76;39,25;0,00;12,05
2000.0;1.0;2000-01-01;BRASPINE;VIENA 1;PR;DOUTOR ULYSSES;263,98;178,34;172,55;20,21;85,52;10,87;39,92;28,85;100,00;79,89;0,00;10,42
2000.0;1.0;2000-01-01;BRASPINE;VIENA 2;PR;CERRO AZUL;140,23;96,54;181,36;21,72;83,84;12,43;35,58;31,25;99,97;26,73;0,00;2,51
2000.0;1.0;2000-01-01;BRASPINE;VITORIA;PR;SENGES;50,54;35,69;118,01;20,30;84,35;11,07;39,71;28,48;99,88;65,60;0,00;6,62
2000.0;1.0;2000-01-01;BRASPINE;VIVEIRO;PR;DOUTOR ULYSSES;405,39;261,22;181,77;20,64;85,48;11,53;39,02;29,64;100,00;67,57;0,00;0,70
2000.0;1.0;2000-01-01;BRASPINE;VO LINO;PR;DOUTOR ULYSSES;164,50;97,89;204,92;20,82;85,46;11,45;38,37;30,10;100,00;68,43;0,00;5,95
2000.0;1.0;2000-01-01;BRASPINE;XAXIM VELHO;;;;;177,03;19,85;85,25;11,81;43,26;27,71;100,00;107,76;0,00;1,46
2000.0;2.0;2000-02-01;BRASPINE;AGUA DOCE;PR;JAGUARIAIVA;238,97;121,99;282,08;19,91;88,45;12,70;51,27;27,13;99,96;81,45;0,00;8,11
2000.0;2.0;2000-02-01;BRASPINE;AMATA;;;;;266,00;21,73;85,93;14,89;49,09;29,39;100,00;14,89;0,00;2,13
2000.0;2.0;2000-02-01;BRASPINE;ANTA BRAVA;;;;;177,45;22,30;85,30;15,19;48,25;29,24;99,55;0,00;0,00;0,97
2000.0;2.0;2000-02-01;BRASPINE;ARAPONGAS;PR;SENGES;423,34;263,70;297,09;20,12;89,09;13,40;53,72;27,77;100,00;84,53;0,00;2,39
2000.0;2.0;2000-02-01;BRASPINE;ARROIO CLARO;PR;DOUTOR ULYSSES;275,14;92,00;283,48;20,38;88,46;13,77;54,53;28,14;100,00;70,84;0,00;0,23
2000.0;2.0;2000-02-01;BRASPINE;BARRA GRANDE;PR;DOUTOR ULYSSES;493,79;139,68;306,49;20,62;89,05;14,04;55,69;28,35;100,00;57,47;0,00;2,30
2000.0;2.0;2000-02-01;BRASPINE;BARRA GRANDE - BEMAIS;PR;GUARAPUAVA;299,16;108,61;310,65;19,61;86,49;12,17;44,65;26,83;99,99;78,92;0,00;18,99
2000.0;2.0;2000-02-01;BRASPINE;BARRETOS;PR;JAGUARIAIVA;43,35;32,98;299,41;20,06;88,88;12,97;52,01;27,37;100,00;82,24;0,00;10,41
2000.0;2.0;2000-02-01;BRASPINE;BAU;;;;;265,00;19,63;86,37;12,09;46,83;26,31;99,89;93,57;0,00;2,90
2000.0;2.0;2000-02-01;BRASPINE;BOA VISTA II;PR;PIRAI DO SUL;944,00;535,05;275,94;20,02;88,51;12,76;51,86;27,39;100,00;81,14;0,00;12,89
2000.0;2.0;2000-02-01;BRASPINE;BRASILEIRA;;;;;300,26;20,12;89,09;13,40;53,72;27,77;100,00;84,53;0,00;2,39
2000.0;2.0;2000-02-01;BRASPINE;BURACAO;;;;;258,96;20,19;86,79;13,39;48,91;27,40;99,98;83,10;0,00;1,42
2000.0;2.0;2000-02-01;BRASPINE;BURRINHO;PR;DOUTOR ULYSSES;211,01;100,37;283,27;20,38;88,46;13,77;54,53;28,14;100,00;70,84;0,00;0,23
2000.0;2.0;2000-02-01;BRASPINE;CADEADO I;PR;JAGUARIAIVA;21,07;12,29;274,29;19,94;88,90;12,99;52,29;27,46;100,00;82,42;0,00;6,56
2000.0;2.0;2000-02-01;BRASPINE;CADEADO II;PR;JAGUARIAIVA;21,88;16,79;274,29;19,94;88,90;12,99;52,29;27,46;100,00;82,42;0,00;6,56
2000.0;2.0;2000-02-01;BRASPINE;CAMPINA ALTA;PR;TIBAGI;29,77;18,24;222,84;20,90;86,22;12,97;47,58;27,90;99,92;69,63;0,00;2,10
2000.0;2.0;2000-02-01;BRASPINE;CAMPINA DO ELIAS;PR;JAGUARIAIVA;29,17;14,65;268,45;20,01;88,89;12,98;52,11;27,41;100,00;82,31;0,00;9,40
2000.0;2.0;2000-02-01;BRASPINE;CAMPO NOVO;PR;JAGUARIAIVA;295,98;156,36;298,94;19,94;88,90;12,99;52,29;27,46;100,00;82,42;0,00;6,56
2000.0;2.0;2000-02-01;BRASPINE;CONSULTORIA II A;PR;DOUTOR ULYSSES;89,62;60,79;306,53;20,12;89,09;13,40;53,72;27,77;100,00;84,53;0,00;2,39
2000.0;2.0;2000-02-01;BRASPINE;DINIZ;;;;;283,89;20,12;89,09;13,40;53,72;27,77;100,00;84,53;0,00;2,39
2000.0;2.0;2000-02-01;BRASPINE;ENES;PR;JAGUARIAIVA;5,93;5,69;299,05;19,94;88,90;12,99;52,29;27,46;100,00;82,42;0,00;6,56
2000.0;2.0;2000-02-01;BRASPINE;ENGENHARIA;;;;;283,89;20,12;89,09;13,40;53,72;27,77;100,00;84,53;0,00;2,39
2000.0;2.0;2000-02-01;BRASPINE;ESTACAO;PR;SENGES;4,76;4,14;288,67;19,94;88,90;12,99;52,29;27,46;100,00;82,42;0,00;6,56
2000.0;2.0;2000-02-01;BRASPINE;FAXINAL;PR;JAGUARIAIVA;20,65;20,65;299,05;19,94;88,90;12,99;52,29;27,46;100,00;82,42;0,00;6,56
2000.0;2.0;2000-02-01;BRASPINE;FEITAL;PR;DOUTOR ULYSSES;154,17;86,53;292,63;20,29;89,08;13,61;54,37;27,96;100,00;70,60;0,00;1,05
2000.0;2.0;2000-02-01;BRASPINE;FIGUEIRA;PR;DOUTOR ULYSSES;1053,81;315,71;294,94;20,38;88,46;13,77;54,53;28,14;100,00;70,84;0,00;0,23
2000.0;2.0;2000-02-01;BRASPINE;FIGUEIRINHA;PR;DOUTOR ULYSSES;94,37;56,74;291,21;20,38;88,46;13,77;54,53;28,14;100,00;70,84;0,00;0,23
2000.0;2.0;2000-02-01;BRASPINE;FLOEMA;PR;DOUTOR ULYSSES;2189,88;701,43;293,22;19,89;88,49;13,09;53,08;27,58;100,00;82,37;0,00;0,75
2000.0;2.0;2000-02-01;BRASPINE;FLOEMA I - SUDATI;;;;;283,86;20,12;89,09;13,40;53,72;27,77;100,00;84,53;0,00;2,39
2000.0;2.0;2000-02-01;BRASPINE;FLOEMA II - SUDATI;PR;DOUTOR ULYSSES;453,83;211,13;305,55;20,12;89,09;13,40;53,72;27,77;100,00;84,53;0,00;2,39
2000.0;2.0;2000-02-01;BRASPINE;FLOR DA SERRA;PR;SAO JOSE DA BOA VISTA;209,10;128,72;310,92;21,67;84,35;14,30;47,23;28,75;99,64;14,30;0,00;0,20
2000.0;2.0;2000-02-01;BRASPINE;GENTIL;PR;JAGUARIAIVA;126,77;53,33;274,31;19,66;88,26;12,37;51,14;26,77;99,76;79,75;0,00;0,41
2000.0;2.0;2000-02-01;BRASPINE;GUAIRACA;PR;GUARAPUAVA;623,62;169,31;259,02;19,79;86,21;12,55;44,84;27,00;99,99;80,25;0,00;25,19
2000.0;2.0;2000-02-01;BRASPINE;HERVAL 2 - MADALOSSO;;;;;272,24;20,19;86,79;13,39;48,91;27,40;99,98;83,10;0,00;1,42
2000.0;2.0;2000-02-01;BRASPINE;HERVAL DE BAIXO;PR;RESERVA;827,29;475,92;240,49;20,93;86,11;12,85;46,66;27,90;99,87;69,44;0,00;8,30
2000.0;2.0;2000-02-01;BRASPINE;HORTO 01;PR;TURVO;19,12;19,12;265,98;20,30;86,65;12,67;47,15;27,23;99,80;67,63;0,00;2,75
2000.0;2.0;2000-02-01;BRASPINE;HORTO 02;PR;TURVO;4,24;4,24;264,73;20,30;86,65;12,67;47,15;27,23;99,80;67,63;0,00;2,75
2000.0;2.0;2000-02-01;BRASPINE;HORTO 03;PR;PRUDENTOPOLIS;80,91;25,89;266,14;20,81;85,57;13,14;44,22;27,91;99,87;54,89;0,00;6,14
2000.0;2.0;2000-02-01;BRASPINE;HORTO 08;PR;TURVO;9,53;9,53;277,52;20,81;85,57;13,14;44,22;27,91;99,87;54,89;0,00;6,14
2000.0;2.0;2000-02-01;BRASPINE;HORTO 12;PR;PRUDENTOPOLIS;12,20;12,20;262,51;20,81;85,57;13,14;44,22;27,91;99,87;54,89;0,00;6,14
2000.0;2.0;2000-02-01;BRASPINE;IZAU;PR;PIRAI DO SUL;19,37;11,60;272,50;19,69;88,45;12,35;51,61;26,91;99,78;79,13;0,00;0,87
2000.0;2.0;2000-02-01;BRASPINE;JOAO RICO;PR;JAGUARIAIVA;47,46;26,18;281,31;19,91;88,45;12,70;51,27;27,13;99,96;81,45;0,00;8,11
2000.0;2.0;2000-02-01;BRASPINE;LAGOA;PR;JAGUARIAIVA;24,10;10,78;272,83;19,94;88,90;12,99;52,29;27,46;100,00;82,42;0,00;6,56
2000.0;2.0;2000-02-01;BRASPINE;MARACANA;PR;JANDAIA DO SUL;11,45;11,45;280,15;22,29;84,83;15,16;48,41;28,98;100,00;0,00;0,00;2,23
2000.0;2.0;2000-02-01;BRASPINE;MARRECA;;;;;281,71;20,38;88,46;13,77;54,53;28,14;100,00;70,84;0,00;0,23
2000.0;2.0;2000-02-01;BRASPINE;MARRECA SP;SP;ITAPIRAPUA PAULISTA;675,30;236,19;312,49;21,09;88,20;14,45;55,38;28,85;100,00;44,07;0,00;0,30
2000.0;2.0;2000-02-01;BRASPINE;MARRECAS;;;;;254,61;19,10;87,03;11,75;45,48;26,31;100,00;90,62;0,00;0,39
2000.0;2.0;2000-02-01;BRASPINE;MERCADINHO;;;;;293,84;21,00;87,12;14,33;51,82;28,62;100,00;58,60;0,00;2,35
2000.0;2.0;2000-02-01;BRASPINE;MONTE ALEGRE;;;;;263,12;22,82;83,68;15,66;47,37;29,55;99,99;0,00;0,00;1,71
2000.0;2.0;2000-02-01;BRASPINE;MONTE TABOR II;;;;;262,75;20,44;89,18;13,56;55,50;28,03;100,00;57,27;0,00;5,01
2000.0;2.0;2000-02-01;BRASPINE;MOREIRA;PR;DOUTOR ULYSSES;230,52;68,68;305,55;20,12;89,09;13,40;53,72;27,77;100,00;84,53;0,00;2,39
2000.0;2.0;2000-02-01;BRASPINE;MOREIRAS II;PR;DOUTOR ULYSSES;66,76;28,75;306,68;20,12;89,09;13,40;53,72;27,77;100,00;84,53;0,00;2,39
2000.0;2.0;2000-02-01;BRASPINE;MORRETES;PR;ORTIGUEIRA;20,36;20,36;257,02;21,41;85,76;13,05;46,15;28,38;99,90;40,84;0,00;7,26
2000.0;2.0;2000-02-01;BRASPINE;MORRO AZUL;;;;;260,70;20,30;89,70;13,71;55,58;27,91;100,00;71,45;0,00;4,69
2000.0;2.0;2000-02-01;BRASPINE;OURO FINO;SP;APIAI;51,70;51,70;285,91;20,14;90,02;13,72;56,42;27,70;100,00;71,45;0,00;3,96
2000.0;2.0;2000-02-01;BRASPINE;PALMEIRINHA DE BAIXO - SOSSEGO;PR;SENGES;85,93;9,22;337,50;19,64;89,34;12,77;50,19;26,81;99,94;82,43;0,00;8,44
2000.0;2.0;2000-02-01;BRASPINE;PAZIN;PR;DOUTOR ULYSSES;41,20;23,90;288,71;20,38;88,46;13,77;54,53;28,14;100,00;70,84;0,00;0,23
2000.0;2.0;2000-02-01;BRASPINE;PEDRAS;PR;CASTRO;7,18;7,18;287,02;19,81;88,33;12,39;53,62;26,87;99,78;79,23;0,00;0,45
2000.0;2.0;2000-02-01;BRASPINE;PESCARIA;PR;SAO JOSE DA BOA VISTA;184,57;129,22;312,01;21,77;84,26;14,49;45,19;28,90;99,80;14,49;0,00;0,67
2000.0;2.0;2000-02-01;BRASPINE;PESSEGUEIRO;PR;DOUTOR ULYSSES;109,95;64,79;303,89;20,12;89,09;13,40;53,72;27,77;100,00;84,53;0,00;2,39
2000.0;2.0;2000-02-01;BRASPINE;PITANGA;;;;;248,79;20,34;85,57;12,75;47,54;26,86;99,80;53,49;0,00;2,25
2000.0;2.0;2000-02-01;BRASPINE;QUEIMADINHO ARROIO CLARO;PR;DOUTOR ULYSSES;48,13;19,09;300,26;20,12;89,09;13,40;53,72;27,77;100,00;84,53;0,00;2,39
2000.0;2.0;2000-02-01;BRASPINE;QUEIMADINHO M6042;PR;DOUTOR ULYSSES;48,38;18,50;300,26;20,12;89,09;13,40;53,72;27,77;100,00;84,53;0,00;2,39
2000.0;2.0;2000-02-01;BRASPINE;QUEIMADINHO USUCAPIAO;PR;DOUTOR ULYSSES;200,27;92,43;300,26;20,12;89,09;13,40;53,72;27,77;100,00;84,53;0,00;2,39
2000.0;2.0;2000-02-01;BRASPINE;RAMOS;PR;SENGES;69,83;38,15;283,86;19,94;88,90;12,99;52,29;27,46;100,00;82,42;0,00;6,56
2000.0;2.0;2000-02-01;BRASPINE;RIBEIRAO GRANDE;PR;JAGUARIAIVA;20,77;20,77;276,10;19,69;88,45;12,35;51,61;26,91;99,78;79,13;0,00;0,87
2000.0;2.0;2000-02-01;BRASPINE;RINCAO DE BAIXO;;;;;243,12;20,32;85,41;12,71;49,25;27,12;99,75;82,87;0,00;7,89
2000.0;2.0;2000-02-01;BRASPINE;RIO BOMBA;PR;CERRO AZUL;65,03;37,72;294,03;21,33;85,99;14,42;48,02;28,91;99,99;43,78;0,00;2,10
2000.0;2.0;2000-02-01;BRASPINE;RIO DO MEIO;PR;DOUTOR ULYSSES;712,33;389,13;304,97;20,12;89,09;13,40;53,72;27,77;100,00;84,53;0,00;2,39
2000.0;2.0;2000-02-01;BRASPINE;RONDON;PR;JAGUARIAIVA;2899,24;1475,88;297,36;19,73;89,18;12,76;50,48;26,89;99,96;81,95;0,00;9,68
2000.0;2.0;2000-02-01;BRASPINE;SANTA FELICIDADE;;;;;301,98;21,53;87,95;15,04;54,25;29,25;100,00;0,00;0,00;0,34
2000.0;2.0;2000-02-01;BRASPINE;SANTA LIDIA DO CERCADINHO;;;;;231,89;19,98;85,71;12,46;49,28;26,70;99,78;81,47;0,00;7,27
2000.0;2.0;2000-02-01;BRASPINE;SANTO ANTONIO;;;;;329,29;19,70;89,44;12,89;51,33;27,06;100,00;83,07;0,00;3,42
2000.0;2.0;2000-02-01;BRASPINE;SAO JOSE;PR;JANDAIA DO SUL;37,56;37,56;264,75;22,65;83,94;15,51;47,63;29,37;100,00;0,00;0,00;2,28
2000.0;2.0;2000-02-01;BRASPINE;SAO MATHEUS;;;;;203,83;24,00;82,20;16,51;46,51;30,93;99,97;0,00;0,00;0,83
2000.0;2.0;2000-02-01;BRASPINE;SAO PEDRO E SAO PAULO;PR;SAPOPEMA;709,13;323,93;283,95;20,97;85,88;13,48;51,30;27,51;99,73;42,53;0,00;1,51
2000.0;2.0;2000-02-01;BRASPINE;SAO RAFAEL;;;;;198,86;20,18;85,31;13,04;51,00;27,05;99,92;98,87;0,00;4,67
2000.0;2.0;2000-02-01;BRASPINE;SAO RAFAEL - PB;;;;;288,75;20,23;89,93;13,78;56,10;28,17;100,00;71,69;0,00;6,02
2000.0;2.0;2000-02-01;BRASPINE;SERRARIA;PR;DOUTOR ULYSSES;280,88;117,71;283,24;20,13;88,48;13,43;53,81;27,86;100,00;84,18;0,00;0,37
2000.0;2.0;2000-02-01;BRASPINE;SERRO VERDE;;;;;242,70;19,99;85,04;12,32;44,49;26,70;99,90;80,19;0,00;1,86
2000.0;2.0;2000-02-01;BRASPINE;SERTAOZINHO;PR;DOUTOR ULYSSES;16,25;16,25;300,09;20,12;89,09;13,40;53,72;27,77;100,00;84,53;0,00;2,39
2000.0;2.0;2000-02-01;BRASPINE;SITIO BASILIO;PR;JAGUARIAIVA;8,08;8,08;281,18;19,72;88,26;12,47;51,03;26,83;99,76;80,40;0,00;10,37
2000.0;2.0;2000-02-01;BRASPINE;SITIO DAS MARRECAS;PR;DOUTOR ULYSSES;77,49;35,17;293,64;20,89;88,27;14,32;55,69;28,65;100,00;58,36;0,00;0,12
2000.0;2.0;2000-02-01;BRASPINE;SOBRADINHO;SP;BOM SUCESSO DE ITARARE;285,80;123,10;282,56;19,66;89,96;12,98;54,12;27,12;100,00;83,63;0,00;7,56
2000.0;2.0;2000-02-01;BRASPINE;TAQUARAL;PR;JAGUARIAIVA;519,13;31,07;302,13;19,92;88,95;12,84;51,14;27,15;100,00;82,06;0,00;4,02
2000.0;2.0;2000-02-01;BRASPINE;TUCUNDUVA;PR;SENGES;82,21;60,89;327,97;20,34;86,71;13,17;48,30;27,29;99,82;71,01;0,00;355,25
2000.0;2.0;2000-02-01;BRASPINE;TUCUNDUVA - CHAMMA;;;;;318,84;20,34;86,99;13,27;47,96;27,19;99,83;56,43;0,00;10,37
2000.0;2.0;2000-02-01;BRASPINE;VIENA 1;PR;DOUTOR ULYSSES;263,98;178,34;269,90;19,76;88,59;12,78;52,81;27,16;100,00;80,86;0,00;0,32
2000.0;2.0;2000-02-01;BRASPINE;VIENA 2;PR;CERRO AZUL;140,23;96,54;294,37;21,33;85,99;14,42;48,02;28,91;99,99;43,78;0,00;2,10
2000.0;2.0;2000-02-01;BRASPINE;VITORIA;PR;SENGES;50,54;35,69;337,50;19,64;89,34;12,77;50,19;26,81;99,94;82,43;0,00;8,44
2000.0;2.0;2000-02-01;BRASPINE;VIVEIRO;PR;DOUTOR ULYSSES;405,39;261,22;306,68;20,12;89,09;13,40;53,72;27,77;100,00;84,53;0,00;2,39
2000.0;2.0;2000-02-01;BRASPINE;VO LINO;PR;DOUTOR ULYSSES;164,50;97,89;281,63;20,38;88,46;13,77;54,53;28,14;100,00;70,84;0,00;0,23
2000.0;2.0;2000-02-01;BRASPINE;XAXIM VELHO;;;;;267,22;19,31;86,85;12,08;46,07;26,43;100,00;106,89;0,00;8,57
2000.0;3.0;2000-03-01;BRASPINE;AGUA DOCE;PR;JAGUARIAIVA;238,97;121,99;75,29;19,22;86,10;12,46;53,25;26,79;99,82;113,36;0,00;1,09
2000.0;3.0;2000-03-01;BRASPINE;AMATA;;;;;113,08;20,78;84,93;13,05;48,87;29,45;100,00;13,05;0,00;8,50
2000.0;3.0;2000-03-01;BRASPINE;ANTA BRAVA;;;;;77,64;21,93;81,92;15,55;51,11;29,56;99,86;0,00;0,00;0,15
2000.0;3.0;2000-03-01;BRASPINE;ARAPONGAS;PR;SENGES;423,34;263,70;91,56;19,18;88,31;12,47;52,44;27,62;100,00;84,81;0,00;3,18
2000.0;3.0;2000-03-01;BRASPINE;ARROIO CLARO;PR;DOUTOR ULYSSES;275,14;92,00;108,85;19,35;88,32;12,08;52,58;28,11;100,00;55,36;0,00;0,18
2000.0;3.0;2000-03-01;BRASPINE;BARRA GRANDE;PR;DOUTOR ULYSSES;493,79;139,68;140,17;19,65;88,30;12,67;53,05;28,27;100,00;41,75;0,00;1,70
2000.0;3.0;2000-03-01;BRASPINE;BARRA GRANDE - BEMAIS;PR;GUARAPUAVA;299,16;108,61;86,43;18,98;85,88;11,90;50,57;25,95;99,98;168,77;0,00;12,92
2000.0;3.0;2000-03-01;BRASPINE;BARRETOS;PR;JAGUARIAIVA;43,35;32,98;86,69;19,15;87,79;12,57;52,05;27,37;99,98;84,21;0,00;2,14
2000.0;3.0;2000-03-01;BRASPINE;BAU;;;;;102,47;19,08;85,83;12,18;53,33;25,47;99,79;140,43;0,00;3,43
2000.0;3.0;2000-03-01;BRASPINE;BOA VISTA II;PR;PIRAI DO SUL;944,00;535,05;79,39;19,18;87,13;12,38;51,87;27,17;99,93;98,29;0,00;1,78
2000.0;3.0;2000-03-01;BRASPINE;BRASILEIRA;;;;;108,92;19,18;88,31;12,47;52,44;27,62;100,00;84,81;0,00;3,18
2000.0;3.0;2000-03-01;BRASPINE;BURACAO;;;;;122,48;19,22;86,52;11,62;51,52;27,01;99,71;69,32;0,00;5,11
2000.0;3.0;2000-03-01;BRASPINE;BURRINHO;PR;DOUTOR ULYSSES;211,01;100,37;109,47;19,35;88,32;12,08;52,58;28,11;100,00;55,36;0,00;0,18
2000.0;3.0;2000-03-01;BRASPINE;CADEADO I;PR;JAGUARIAIVA;21,07;12,29;80,76;19,00;88,00;12,51;51,90;27,33;100,00;113,16;0,00;6,61
2000.0;3.0;2000-03-01;BRASPINE;CADEADO II;PR;JAGUARIAIVA;21,88;16,79;80,76;19,00;88,00;12,51;51,90;27,33;100,00;113,16;0,00;6,61
2000.0;3.0;2000-03-01;BRASPINE;CAMPINA ALTA;PR;TIBAGI;29,77;18,24;73,01;20,41;84,17;12,64;47,95;27,55;99,98;41,27;0,00;1,88
2000.0;3.0;2000-03-01;BRASPINE;CAMPINA DO ELIAS;PR;JAGUARIAIVA;29,17;14,65;85,56;19,10;87,87;12,55;51,99;27,36;99,99;98,89;0,00;1,36
2000.0;3.0;2000-03-01;BRASPINE;CAMPO NOVO;PR;JAGUARIAIVA;295,98;156,36;90,67;19,00;88,00;12,51;51,90;27,33;100,00;113,16;0,00;6,61
2000.0;3.0;2000-03-01;BRASPINE;CONSULTORIA II A;PR;DOUTOR ULYSSES;89,62;60,79;103,47;19,18;88,31;12,47;52,44;27,62;100,00;84,81;0,00;3,18
2000.0;3.0;2000-03-01;BRASPINE;DINIZ;;;;;112,84;19,18;88,31;12,47;52,44;27,62;100,00;84,81;0,00;3,18
2000.0;3.0;2000-03-01;BRASPINE;ENES;PR;JAGUARIAIVA;5,93;5,69;90,48;19,00;88,00;12,51;51,90;27,33;100,00;113,16;0,00;6,61
2000.0;3.0;2000-03-01;BRASPINE;ENGENHARIA;;;;;112,84;19,18;88,31;12,47;52,44;27,62;100,00;84,81;0,00;3,18
2000.0;3.0;2000-03-01;BRASPINE;ESTACAO;PR;SENGES;4,76;4,14;88,53;19,00;88,00;12,51;51,90;27,33;100,00;113,16;0,00;6,61
2000.0;3.0;2000-03-01;BRASPINE;FAXINAL;PR;JAGUARIAIVA;20,65;20,65;90,48;19,00;88,00;12,51;51,90;27,33;100,00;113,16;0,00;6,61
2000.0;3.0;2000-03-01;BRASPINE;FEITAL;PR;DOUTOR ULYSSES;154,17;86,53;117,18;19,34;88,31;12,54;52,69;27,84;100,00;70,53;0,00;2,02
2000.0;3.0;2000-03-01;BRASPINE;FIGUEIRA;PR;DOUTOR ULYSSES;1053,81;315,71;107,87;19,35;88,32;12,08;52,58;28,11;100,00;55,36;0,00;0,18
2000.0;3.0;2000-03-01;BRASPINE;FIGUEIRINHA;PR;DOUTOR ULYSSES;94,37;56,74;133,54;19,35;88,32;12,08;52,58;28,11;100,00;55,36;0,00;0,18
2000.0;3.0;2000-03-01;BRASPINE;FLOEMA;PR;DOUTOR ULYSSES;2189,88;701,43;92,63;18,89;88,30;11,40;51,71;27,42;100,00;111,85;0,00;1,08
2000.0;3.0;2000-03-01;BRASPINE;FLOEMA I - SUDATI;;;;;87,19;19,18;88,31;12,47;52,44;27,62;100,00;84,81;0,00;3,18
2000.0;3.0;2000-03-01;BRASPINE;FLOEMA II - SUDATI;PR;DOUTOR ULYSSES;453,83;211,13;90,66;19,18;88,31;12,47;52,44;27,62;100,00;84,81;0,00;3,18
2000.0;3.0;2000-03-01;BRASPINE;FLOR DA SERRA;PR;SAO JOSE DA BOA VISTA;209,10;128,72;108,08;21,21;80,56;14,39;49,45;28,70;99,81;14,39;0,00;4,92
2000.0;3.0;2000-03-01;BRASPINE;GENTIL;PR;JAGUARIAIVA;126,77;53,33;70,04;18,98;86,12;12,18;52,89;26,40;99,64;141,04;0,00;2,46
2000.0;3.0;2000-03-01;BRASPINE;GUAIRACA;PR;GUARAPUAVA;623,62;169,31;126,25;19,13;85,64;12,00;51,27;26,57;100,00;155,81;0,00;343,82
2000.0;3.0;2000-03-01;BRASPINE;HERVAL 2 - MADALOSSO;;;;;106,84;19,22;86,52;11,62;51,52;27,01;99,71;69,32;0,00;5,11
2000.0;3.0;2000-03-01;BRASPINE;HERVAL DE BAIXO;PR;RESERVA;827,29;475,92;108,26;20,43;84,25;12,39;47,93;27,44;99,83;40,92;0,00;0,39
2000.0;3.0;2000-03-01;BRASPINE;HORTO 01;PR;TURVO;19,12;19,12;115,73;19,69;86,16;12,48;53,05;26,41;99,75;114,39;0,00;0,10
2000.0;3.0;2000-03-01;BRASPINE;HORTO 02;PR;TURVO;4,24;4,24;118,31;19,69;86,16;12,48;53,05;26,41;99,75;114,39;0,00;0,10
2000.0;3.0;2000-03-01;BRASPINE;HORTO 03;PR;PRUDENTOPOLIS;80,91;25,89;109,82;20,22;84,73;12,94;49,69;27,21;99,89;42,31;0,00;6,72
2000.0;3.0;2000-03-01;BRASPINE;HORTO 08;PR;TURVO;9,53;9,53;110,31;20,22;84,73;12,94;49,69;27,21;99,89;42,31;0,00;6,72
2000.0;3.0;2000-03-01;BRASPINE;HORTO 12;PR;PRUDENTOPOLIS;12,20;12,20;110,85;20,22;84,73;12,94;49,69;27,21;99,89;42,31;0,00;6,72
2000.0;3.0;2000-03-01;BRASPINE;IZAU;PR;PIRAI DO SUL;19,37;11,60;65,41;18,92;86,95;12,13;51,11;26,57;99,74;170,40;0,00;3,68
2000.0;3.0;2000-03-01;BRASPINE;JOAO RICO;PR;JAGUARIAIVA;47,46;26,18;73,87;19,22;86,10;12,46;53,25;26,79;99,82;113,36;0,00;1,09
2000.0;3.0;2000-03-01;BRASPINE;LAGOA;PR;JAGUARIAIVA;24,10;10,78;84,11;19,00;88,00;12,51;51,90;27,33;100,00;113,16;0,00;6,61
2000.0;3.0;2000-03-01;BRASPINE;MARACANA;PR;JANDAIA DO SUL;11,45;11,45;118,34;21,86;83,09;15,44;53,27;28,39;99,86;0,00;0,00;0,00
2000.0;3.0;2000-03-01;BRASPINE;MARRECA;;;;;119,99;19,35;88,32;12,08;52,58;28,11;100,00;55,36;0,00;0,18
2000.0;3.0;2000-03-01;BRASPINE;MARRECA SP;SP;ITAPIRAPUA PAULISTA;675,30;236,19;153,74;20,04;87,95;13,38;53,28;29,07;100,00;28,10;0,00;2,36
2000.0;3.0;2000-03-01;BRASPINE;MARRECAS;;;;;126,68;18,45;86,65;11,48;52,20;25,34;100,00;162,69;0,00;1,92
2000.0;3.0;2000-03-01;BRASPINE;MERCADINHO;;;;;127,08;20,01;86,60;12,83;50,45;28,76;100,00;27,69;0,00;1,38
2000.0;3.0;2000-03-01;BRASPINE;MONTE ALEGRE;;;;;136,03;22,40;81,88;15,94;53,07;28,88;99,69;0,00;0,00;1,15
2000.0;3.0;2000-03-01;BRASPINE;MONTE TABOR II;;;;;140,46;19,50;88,74;13,25;56,52;27,73;100,00;57,04;0,00;26,88
2000.0;3.0;2000-03-01;BRASPINE;MOREIRA;PR;DOUTOR ULYSSES;230,52;68,68;90,66;19,18;88,31;12,47;52,44;27,62;100,00;84,81;0,00;3,18
2000.0;3.0;2000-03-01;BRASPINE;MOREIRAS II;PR;DOUTOR ULYSSES;66,76;28,75;105,37;19,18;88,31;12,47;52,44;27,62;100,00;84,81;0,00;3,18
2000.0;3.0;2000-03-01;BRASPINE;MORRETES;PR;ORTIGUEIRA;20,36;20,36;92,19;20,88;84,12;12,57;48,72;27,96;99,82;41,90;0,00;4,22
2000.0;3.0;2000-03-01;BRASPINE;MORRO AZUL;;;;;140,78;19,43;88,28;12,20;50,64;27,49;100,00;69,82;0,00;5,21
2000.0;3.0;2000-03-01;BRASPINE;OURO FINO;SP;APIAI;51,70;51,70;190,14;19,24;89,01;11,95;51,89;27,42;100,00;68,47;0,00;38,05
2000.0;3.0;2000-03-01;BRASPINE;PALMEIRINHA DE BAIXO - SOSSEGO;PR;SENGES;85,93;9,22;82,13;18,94;86,66;12,50;49,62;26,45;99,86;112,32;0,00;0,24
2000.0;3.0;2000-03-01;BRASPINE;PAZIN;PR;DOUTOR ULYSSES;41,20;23,90;125,80;19,35;88,32;12,08;52,58;28,11;100,00;55,36;0,00;0,18
2000.0;3.0;2000-03-01;BRASPINE;PEDRAS;PR;CASTRO;7,18;7,18;69,66;18,99;87,23;12,00;51,66;26,52;99,66;140,97;0,00;0,48
2000.0;3.0;2000-03-01;BRASPINE;PESCARIA;PR;SAO JOSE DA BOA VISTA;184,57;129,22;108,45;21,34;80,22;14,44;47,69;28,97;99,75;14,44;0,00;5,25
2000.0;3.0;2000-03-01;BRASPINE;PESSEGUEIRO;PR;DOUTOR ULYSSES;109,95;64,79;94,25;19,18;88,31;12,47;52,44;27,62;100,00;84,81;0,00;3,18
2000.0;3.0;2000-03-01;BRASPINE;PITANGA;;;;;125,38;19,76;85,58;12,90;54,74;26,08;99,83;72,08;0,00;2,85
2000.0;3.0;2000-03-01;BRASPINE;QUEIMADINHO ARROIO CLARO;PR;DOUTOR ULYSSES;48,13;19,09;108,92;19,18;88,31;12,47;52,44;27,62;100,00;84,81;0,00;3,18
2000.0;3.0;2000-03-01;BRASPINE;QUEIMADINHO M6042;PR;DOUTOR ULYSSES;48,38;18,50;108,92;19,18;88,31;12,47;52,44;27,62;100,00;84,81;0,00;3,18
2000.0;3.0;2000-03-01;BRASPINE;QUEIMADINHO USUCAPIAO;PR;DOUTOR ULYSSES;200,27;92,43;108,92;19,18;88,31;12,47;52,44;27,62;100,00;84,81;0,00;3,18
2000.0;3.0;2000-03-01;BRASPINE;RAMOS;PR;SENGES;69,83;38,15;87,19;19,00;88,00;12,51;51,90;27,33;100,00;113,16;0,00;6,61
2000.0;3.0;2000-03-01;BRASPINE;RIBEIRAO GRANDE;PR;JAGUARIAIVA;20,77;20,77;65,37;18,92;86,95;12,13;51,11;26,57;99,74;170,40;0,00;3,68
2000.0;3.0;2000-03-01;BRASPINE;RINCAO DE BAIXO;;;;;75,87;19,83;82,77;12,50;49,38;26,96;99,78;55,27;0,00;5,42
2000.0;3.0;2000-03-01;BRASPINE;RIO BOMBA;PR;CERRO AZUL;65,03;37,72;103,60;20,38;85,34;12,43;48,61;28,89;99,92;12,43;0,00;8,19
2000.0;3.0;2000-03-01;BRASPINE;RIO DO MEIO;PR;DOUTOR ULYSSES;712,33;389,13;106,32;19,18;88,31;12,47;52,44;27,62;100,00;84,81;0,00;3,18
2000.0;3.0;2000-03-01;BRASPINE;RONDON;PR;JAGUARIAIVA;2899,24;1475,88;83,82;18,98;86,90;12,50;52,03;26,70;99,94;112,62;0,00;3,81
2000.0;3.0;2000-03-01;BRASPINE;SANTA FELICIDADE;;;;;164,84;20,46;87,65;14,30;52,44;29,60;100,00;14,30;0,00;1,42
2000.0;3.0;2000-03-01;BRASPINE;SANTA LIDIA DO CERCADINHO;;;;;73,77;19,47;83,03;12,29;50,06;26,50;99,80;69,02;0,00;5,48
2000.0;3.0;2000-03-01;BRASPINE;SANTO ANTONIO;;;;;89,94;18,99;86,90;12,45;48,14;27,31;100,00;112,37;0,00;4,19
2000.0;3.0;2000-03-01;BRASPINE;SAO JOSE;PR;JANDAIA DO SUL;37,56;37,56;134,48;22,24;82,15;15,78;53,19;28,72;99,79;0,00;0,00;1,55
2000.0;3.0;2000-03-01;BRASPINE;SAO MATHEUS;;;;;124,56;23,61;80,38;16,99;51,17;30,25;99,79;0,00;0,00;0,97
2000.0;3.0;2000-03-01;BRASPINE;SAO PEDRO E SAO PAULO;PR;SAPOPEMA;709,13;323,93;87,82;20,51;83,11;13,82;52,17;27,04;99,70;43,53;0,00;2,26
2000.0;3.0;2000-03-01;BRASPINE;SAO RAFAEL;;;;;105,26;19,34;83,96;13,71;50,48;27,04;99,78;86,33;0,00;0,49
2000.0;3.0;2000-03-01;BRASPINE;SAO RAFAEL - PB;;;;;189,39;19,33;88,83;12,18;51,18;27,49;100,00;69,39;0,00;39,59
2000.0;3.0;2000-03-01;BRASPINE;SERRARIA;PR;DOUTOR ULYSSES;280,88;117,71;100,94;19,12;88,31;11,74;52,15;27,76;100,00;83,98;0,00;0,64
2000.0;3.0;2000-03-01;BRASPINE;SERRO VERDE;;;;;95,58;19,46;84,54;12,51;51,31;25,79;99,73;143,49;0,00;5,57
2000.0;3.0;2000-03-01;BRASPINE;SERTAOZINHO;PR;DOUTOR ULYSSES;16,25;16,25;103,35;19,18;88,31;12,47;52,44;27,62;100,00;84,81;0,00;3,18
2000.0;3.0;2000-03-01;BRASPINE;SITIO BASILIO;PR;JAGUARIAIVA;8,08;8,08;74,83;19,06;85,85;12,27;53,55;26,45;99,67;126,82;0,00;1,32
2000.0;3.0;2000-03-01;BRASPINE;SITIO DAS MARRECAS;PR;DOUTOR ULYSSES;77,49;35,17;138,23;19,84;88,06;13,01;53,39;28,80;100,00;27,51;0,00;2,94
2000.0;3.0;2000-03-01;BRASPINE;SOBRADINHO;SP;BOM SUCESSO DE ITARARE;285,80;123,10;154,38;18,91;87,83;12,38;48,24;26,51;100,00;111,95;0,00;43,88
2000.0;3.0;2000-03-01;BRASPINE;TAQUARAL;PR;JAGUARIAIVA;519,13;31,07;85,85;19,18;86,72;12,53;52,96;26,91;100,00;98,54;0,00;3,08
2000.0;3.0;2000-03-01;BRASPINE;TUCUNDUVA;PR;SENGES;82,21;60,89;98,26;19,80;83,16;13,03;49,92;27,15;99,72;71,10;0,00;0,69
2000.0;3.0;2000-03-01;BRASPINE;TUCUNDUVA - CHAMMA;;;;;98,14;19,77;83,55;13,12;49,32;27,16;99,67;71,62;0,00;3,14
2000.0;3.0;2000-03-01;BRASPINE;VIENA 1;PR;DOUTOR ULYSSES;263,98;178,34;85,06;18,79;88,23;12,11;52,53;27,04;100,00;126,53;0,00;2,76
2000.0;3.0;2000-03-01;BRASPINE;VIENA 2;PR;CERRO AZUL;140,23;96,54;103,72;20,38;85,34;12,43;48,61;28,89;99,92;12,43;0,00;8,19
2000.0;3.0;2000-03-01;BRASPINE;VITORIA;PR;SENGES;50,54;35,69;82,13;18,94;86,66;12,50;49,62;26,45;99,86;112,32;0,00;0,24
2000.0;3.0;2000-03-01;BRASPINE;VIVEIRO;PR;DOUTOR ULYSSES;405,39;261,22;105,37;19,18;88,31;12,47;52,44;27,62;100,00;84,81;0,00;3,18
2000.0;3.0;2000-03-01;BRASPINE;VO LINO;PR;DOUTOR ULYSSES;164,50;97,89;114,91;19,35;88,32;12,08;52,58;28,11;100,00;55,36;0,00;0,18
2000.0;3.0;2000-03-01;BRASPINE;XAXIM VELHO;;;;;106,37;18,56;86,76;11,67;54,50;25,33;100,00;166,17;0,00;1,01
2000.0;4.0;2000-04-01;BRASPINE;AGUA DOCE;PR;JAGUARIAIVA;238,97;121,99;16,08;18,28;74,70;9,67;34,23;26,37;99,46;253,54;0,00;0,71
2000.0;4.0;2000-04-01;BRASPINE;AMATA;;;;;22,47;19,81;76,39;10,89;33,46;28,51;99,24;156,15;0,00;1,35
2000.0;4.0;2000-04-01;BRASPINE;ANTA BRAVA;;;;;11,70;20,75;74,96;12,58;39,46;28,60;99,60;81,61;0,00;5,30
2000.0;4.0;2000-04-01;BRASPINE;ARAPONGAS;PR;SENGES;423,34;263,70;15,08;18,31;77,90;9,93;34,95;26,47;99,53;242,10;0,00;4,98
2000.0;4.0;2000-04-01;BRASPINE;ARROIO CLARO;PR;DOUTOR ULYSSES;275,14;92,00;16,82;18,41;78,41;10,38;34,53;26,68;99,73;239,86;0,00;4,32
2000.0;4.0;2000-04-01;BRASPINE;BARRA GRANDE;PR;DOUTOR ULYSSES;493,79;139,68;13,52;18,80;78,50;10,46;34,25;27,38;99,65;218,57;0,00;348,05
2000.0;4.0;2000-04-01;BRASPINE;BARRA GRANDE - BEMAIS;PR;GUARAPUAVA;299,16;108,61;51,34;17,72;75,69;8,35;34,54;26,09;99,99;310,88;0,00;4,39
2000.0;4.0;2000-04-01;BRASPINE;BARRETOS;PR;JAGUARIAIVA;43,35;32,98;17,18;18,44;76,35;10,23;33,78;26,40;99,58;262,40;0,00;12,59
2000.0;4.0;2000-04-01;BRASPINE;BAU;;;;;70,96;17,70;76,35;8,50;40,86;25,71;99,89;335,76;0,00;1,49
2000.0;4.0;2000-04-01;BRASPINE;BOA VISTA II;PR;PIRAI DO SUL;944,00;535,05;18,72;18,43;75,28;10,21;33,99;26,44;99,41;243,41;0,00;11,23
2000.0;4.0;2000-04-01;BRASPINE;BRASILEIRA;;;;;12,92;18,31;77,90;9,93;34,95;26,47;99,53;242,10;0,00;4,98
2000.0;4.0;2000-04-01;BRASPINE;BURACAO;;;;;21,75;18,19;76,28;9,43;35,84;26,22;99,87;247,58;0,00;10,19
2000.0;4.0;2000-04-01;BRASPINE;BURRINHO;PR;DOUTOR ULYSSES;211,01;100,37;16,67;18,41;78,41;10,38;34,53;26,68;99,73;239,86;0,00;4,32
2000.0;4.0;2000-04-01;BRASPINE;CADEADO I;PR;JAGUARIAIVA;21,07;12,29;14,02;18,17;77,22;9,76;34,37;26,11;99,67;286,32;0,00;2,50
2000.0;4.0;2000-04-01;BRASPINE;CADEADO II;PR;JAGUARIAIVA;21,88;16,79;14,02;18,17;77,22;9,76;34,37;26,11;99,67;286,32;0,00;2,50
2000.0;4.0;2000-04-01;BRASPINE;CAMPINA ALTA;PR;TIBAGI;29,77;18,24;30,19;19,02;74,65;9,25;34,44;27,76;99,89;234,50;0,00;0,11
2000.0;4.0;2000-04-01;BRASPINE;CAMPINA DO ELIAS;PR;JAGUARIAIVA;29,17;14,65;18,15;18,34;76,67;10,06;33,99;26,29;99,61;260,24;0,00;12,93
2000.0;4.0;2000-04-01;BRASPINE;CAMPO NOVO;PR;JAGUARIAIVA;295,98;156,36;15,33;18,17;77,22;9,76;34,37;26,11;99,67;286,32;0,00;2,50
2000.0;4.0;2000-04-01;BRASPINE;CONSULTORIA II A;PR;DOUTOR ULYSSES;89,62;60,79;13,73;18,31;77,90;9,93;34,95;26,47;99,53;242,10;0,00;4,98
2000.0;4.0;2000-04-01;BRASPINE;DINIZ;;;;;12,67;18,31;77,90;9,93;34,95;26,47;99,53;242,10;0,00;4,98
2000.0;4.0;2000-04-01;BRASPINE;ENES;PR;JAGUARIAIVA;5,93;5,69;15,35;18,17;77,22;9,76;34,37;26,11;99,67;286,32;0,00;2,50
2000.0;4.0;2000-04-01;BRASPINE;ENGENHARIA;;;;;12,67;18,31;77,90;9,93;34,95;26,47;99,53;242,10;0,00;4,98
2000.0;4.0;2000-04-01;BRASPINE;ESTACAO;PR;SENGES;4,76;4,14;14,16;18,17;77,22;9,76;34,37;26,11;99,67;286,32;0,00;2,50
2000.0;4.0;2000-04-01;BRASPINE;FAXINAL;PR;JAGUARIAIVA;20,65;20,65;15,35;18,17;77,22;9,76;34,37;26,11;99,67;286,32;0,00;2,50
2000.0;4.0;2000-04-01;BRASPINE;FEITAL;PR;DOUTOR ULYSSES;154,17;86,53;14,34;18,47;78,10;10,12;34,74;26,77;99,57;244,36;0,00;5,63
2000.0;4.0;2000-04-01;BRASPINE;FIGUEIRA;PR;DOUTOR ULYSSES;1053,81;315,71;13,92;18,41;78,41;10,38;34,53;26,68;99,73;239,86;0,00;4,32
2000.0;4.0;2000-04-01;BRASPINE;FIGUEIRINHA;PR;DOUTOR ULYSSES;94,37;56,74;17,68;18,41;78,41;10,38;34,53;26,68;99,73;239,86;0,00;4,32
2000.0;4.0;2000-04-01;BRASPINE;FLOEMA;PR;DOUTOR ULYSSES;2189,88;701,43;17,66;17,92;77,77;9,54;34,91;25,85;99,89;289,13;0,00;5,92
2000.0;4.0;2000-04-01;BRASPINE;FLOEMA I - SUDATI;;;;;13,82;18,31;77,90;9,93;34,95;26,47;99,53;242,10;0,00;4,98
2000.0;4.0;2000-04-01;BRASPINE;FLOEMA II - SUDATI;PR;DOUTOR ULYSSES;453,83;211,13;13,61;18,31;77,90;9,93;34,95;26,47;99,53;242,10;0,00;4,98
2000.0;4.0;2000-04-01;BRASPINE;FLOR DA SERRA;PR;SAO JOSE DA BOA VISTA;209,10;128,72;12,39;19,85;71,10;10,41;33,93;28,19;99,50;237,59;0,00;7,65
2000.0;4.0;2000-04-01;BRASPINE;GENTIL;PR;JAGUARIAIVA;126,77;53,33;15,08;18,00;74,62;9,54;34,07;25,95;99,46;263,39;0,00;3,81
2000.0;4.0;2000-04-01;BRASPINE;GUAIRACA;PR;GUARAPUAVA;623,62;169,31;47,13;17,87;75,34;8,19;34,04;26,41;99,98;307,66;0,00;6,25
2000.0;4.0;2000-04-01;BRASPINE;HERVAL 2 - MADALOSSO;;;;;22,35;18,19;76,28;9,43;35,84;26,22;99,87;247,58;0,00;10,19
2000.0;4.0;2000-04-01;BRASPINE;HERVAL DE BAIXO;PR;RESERVA;827,29;475,92;35,75;18,94;75,26;9,00;35,29;27,72;99,83;245,14;0,00;1,29
2000.0;4.0;2000-04-01;BRASPINE;HORTO 01;PR;TURVO;19,12;19,12;55,53;18,32;76,17;7,44;38,34;26,78;99,64;282,81;0,00;0,31
2000.0;4.0;2000-04-01;BRASPINE;HORTO 02;PR;TURVO;4,24;4,24;56,57;18,32;76,17;7,44;38,34;26,78;99,64;282,81;0,00;0,31
2000.0;4.0;2000-04-01;BRASPINE;HORTO 03;PR;PRUDENTOPOLIS;80,91;25,89;50,74;18,94;74,65;7,99;34,84;27,76;99,87;279,87;0,00;1,29
2000.0;4.0;2000-04-01;BRASPINE;HORTO 08;PR;TURVO;9,53;9,53;52,70;18,94;74,65;7,99;34,84;27,76;99,87;279,87;0,00;1,29
2000.0;4.0;2000-04-01;BRASPINE;HORTO 12;PR;PRUDENTOPOLIS;12,20;12,20;48,15;18,94;74,65;7,99;34,84;27,76;99,87;279,87;0,00;1,29
2000.0;4.0;2000-04-01;BRASPINE;IZAU;PR;PIRAI DO SUL;19,37;11,60;19,38;18,15;74,78;9,92;32,66;26,04;99,44;268,91;0,00;10,36
2000.0;4.0;2000-04-01;BRASPINE;JOAO RICO;PR;JAGUARIAIVA;47,46;26,18;15,44;18,28;74,70;9,67;34,23;26,37;99,46;253,54;0,00;0,71
2000.0;4.0;2000-04-01;BRASPINE;LAGOA;PR;JAGUARIAIVA;24,10;10,78;14,86;18,17;77,22;9,76;34,37;26,11;99,67;286,32;0,00;2,50
2000.0;4.0;2000-04-01;BRASPINE;MARACANA;PR;JANDAIA DO SUL;11,45;11,45;31,03;21,08;68,92;11,62;34,55;29,13;100,00;65,50;0,00;3,62
2000.0;4.0;2000-04-01;BRASPINE;MARRECA;;;;;14,94;18,41;78,41;10,38;34,53;26,68;99,73;239,86;0,00;4,32
2000.0;4.0;2000-04-01;BRASPINE;MARRECA SP;SP;ITAPIRAPUA PAULISTA;675,30;236,19;18,87;19,11;78,86;10,45;34,01;27,99;99,75;202,29;0,00;2,18
2000.0;4.0;2000-04-01;BRASPINE;MARRECAS;;;;;53,39;17,15;76,56;7,79;34,63;25,39;100,00;326,30;0,00;8,95
2000.0;4.0;2000-04-01;BRASPINE;MERCADINHO;;;;;17,50;19,02;77,52;10,28;34,28;27,54;99,68;203,53;0,00;2,57
2000.0;4.0;2000-04-01;BRASPINE;MONTE ALEGRE;;;;;28,82;21,64;67,81;11,99;32,90;29,77;99,94;67,41;0,00;0,61
2000.0;4.0;2000-04-01;BRASPINE;MONTE TABOR II;;;;;14,42;18,20;81,28;8,87;35,21;26,62;99,86;264,16;0,00;0,80
2000.0;4.0;2000-04-01;BRASPINE;MOREIRA;PR;DOUTOR ULYSSES;230,52;68,68;13,61;18,31;77,90;9,93;34,95;26,47;99,53;242,10;0,00;4,98
2000.0;4.0;2000-04-01;BRASPINE;MOREIRAS II;PR;DOUTOR ULYSSES;66,76;28,75;13,75;18,31;77,90;9,93;34,95;26,47;99,53;242,10;0,00;4,98
2000.0;4.0;2000-04-01;BRASPINE;MORRETES;PR;ORTIGUEIRA;20,36;20,36;27,12;19,38;75,27;9,12;35,47;28,41;99,79;235,29;0,00;0,59
2000.0;4.0;2000-04-01;BRASPINE;MORRO AZUL;;;;;10,12;18,58;78,42;9,91;32,66;27,23;99,68;272,35;0,00;3,83
2000.0;4.0;2000-04-01;BRASPINE;OURO FINO;SP;APIAI;51,70;51,70;12,33;18,18;80,16;10,42;33,85;26,74;99,77;266,39;0,00;5,26
2000.0;4.0;2000-04-01;BRASPINE;PALMEIRINHA DE BAIXO - SOSSEGO;PR;SENGES;85,93;9,22;7,91;18,01;75,76;9,90;30,24;26,21;99,36;288,91;0,00;0,49
2000.0;4.0;2000-04-01;BRASPINE;PAZIN;PR;DOUTOR ULYSSES;41,20;23,90;15,87;18,41;78,41;10,38;34,53;26,68;99,73;239,86;0,00;4,32
2000.0;4.0;2000-04-01;BRASPINE;PEDRAS;PR;CASTRO;7,18;7,18;24,33;18,09;75,81;9,84;34,94;26,05;99,40;278,08;0,00;1,13
2000.0;4.0;2000-04-01;BRASPINE;PESCARIA;PR;SAO JOSE DA BOA VISTA;184,57;129,22;11,36;20,11;70,59;10,60;32,30;28,65;99,32;209,58;0,00;10,33
2000.0;4.0;2000-04-01;BRASPINE;PESSEGUEIRO;PR;DOUTOR ULYSSES;109,95;64,79;14,86;18,31;77,90;9,93;34,95;26,47;99,53;242,10;0,00;4,98
2000.0;4.0;2000-04-01;BRASPINE;PITANGA;;;;;63,57;18,49;74,61;8,99;37,58;26,53;99,80;247,30;0,00;9,38
2000.0;4.0;2000-04-01;BRASPINE;QUEIMADINHO ARROIO CLARO;PR;DOUTOR ULYSSES;48,13;19,09;12,92;18,31;77,90;9,93;34,95;26,47;99,53;242,10;0,00;4,98
2000.0;4.0;2000-04-01;BRASPINE;QUEIMADINHO M6042;PR;DOUTOR ULYSSES;48,38;18,50;12,92;18,31;77,90;9,93;34,95;26,47;99,53;242,10;0,00;4,98
2000.0;4.0;2000-04-01;BRASPINE;QUEIMADINHO USUCAPIAO;PR;DOUTOR ULYSSES;200,27;92,43;12,92;18,31;77,90;9,93;34,95;26,47;99,53;242,10;0,00;4,98
2000.0;4.0;2000-04-01;BRASPINE;RAMOS;PR;SENGES;69,83;38,15;13,82;18,17;77,22;9,76;34,37;26,11;99,67;286,32;0,00;2,50
2000.0;4.0;2000-04-01;BRASPINE;RIBEIRAO GRANDE;PR;JAGUARIAIVA;20,77;20,77;18,47;18,15;74,78;9,92;32,66;26,04;99,44;268,91;0,00;10,36
2000.0;4.0;2000-04-01;BRASPINE;RINCAO DE BAIXO;;;;;24,60;18,44;72,85;8,88;31,88;26,81;99,54;259,64;0,00;0,93
2000.0;4.0;2000-04-01;BRASPINE;RIO BOMBA;PR;CERRO AZUL;65,03;37,72;18,42;19,29;76,60;9,98;34,21;27,75;99,48;206,17;0,00;1,31
2000.0;4.0;2000-04-01;BRASPINE;RIO DO MEIO;PR;DOUTOR ULYSSES;712,33;389,13;13,52;18,31;77,90;9,93;34,95;26,47;99,53;242,10;0,00;4,98
2000.0;4.0;2000-04-01;BRASPINE;RONDON;PR;JAGUARIAIVA;2899,24;1475,88;11,32;18,05;75,99;9,59;33,37;26,09;99,60;292,93;0,00;0,58
2000.0;4.0;2000-04-01;BRASPINE;SANTA FELICIDADE;;;;;17,26;19,50;79,33;10,80;33,66;28,83;99,90;190,29;0,00;0,15
2000.0;4.0;2000-04-01;BRASPINE;SANTA LIDIA DO CERCADINHO;;;;;24,70;18,10;72,96;8,65;32,19;26,25;99,53;269,23;0,00;0,34
2000.0;4.0;2000-04-01;BRASPINE;SANTO ANTONIO;;;;;8,79;18,04;76,32;9,52;29,76;26,34;99,31;303,18;0,00;61,72
2000.0;4.0;2000-04-01;BRASPINE;SAO JOSE;PR;JANDAIA DO SUL;37,56;37,56;29,13;21,45;68,12;11,88;33,45;29,54;99,97;66,82;0,00;1,37
2000.0;4.0;2000-04-01;BRASPINE;SAO MATHEUS;;;;;24,91;22,86;67,14;12,01;30,33;31,53;99,67;38,11;0,00;6,01
2000.0;4.0;2000-04-01;BRASPINE;SAO PEDRO E SAO PAULO;PR;SAPOPEMA;709,13;323,93;23,12;19,37;70,60;10,06;36,03;27,04;99,57;205,55;0,00;0,22
2000.0;4.0;2000-04-01;BRASPINE;SAO RAFAEL;;;;;20,87;18,12;76,01;8,70;33,23;26,15;99,78;249,73;0,00;1,31
2000.0;4.0;2000-04-01;BRASPINE;SAO RAFAEL - PB;;;;;11,51;18,35;79,66;10,53;33,22;26,97;99,72;270,19;0,00;2,71
2000.0;4.0;2000-04-01;BRASPINE;SERRARIA;PR;DOUTOR ULYSSES;280,88;117,71;16,22;18,16;78,09;9,98;34,94;26,27;99,81;249,71;0,00;4,35
2000.0;4.0;2000-04-01;BRASPINE;SERRO VERDE;;;;;68,28;18,01;75,71;8,53;39,89;26,25;99,91;256,42;0,00;5,79
2000.0;4.0;2000-04-01;BRASPINE;SERTAOZINHO;PR;DOUTOR ULYSSES;16,25;16,25;13,50;18,31;77,90;9,93;34,95;26,47;99,53;242,10;0,00;4,98
2000.0;4.0;2000-04-01;BRASPINE;SITIO BASILIO;PR;JAGUARIAIVA;8,08;8,08;16,20;18,03;74,59;9,46;34,28;26,04;99,45;262,89;0,00;0,11
2000.0;4.0;2000-04-01;BRASPINE;SITIO DAS MARRECAS;PR;DOUTOR ULYSSES;77,49;35,17;17,75;18,91;78,73;10,43;34,16;27,60;99,73;215,36;0,00;1,22
2000.0;4.0;2000-04-01;BRASPINE;SOBRADINHO;SP;BOM SUCESSO DE ITARARE;285,80;123,10;9,16;17,93;77,71;9,36;30,93;26,23;99,56;285,98;0,00;58,25
2000.0;4.0;2000-04-01;BRASPINE;TAQUARAL;PR;JAGUARIAIVA;519,13;31,07;13,32;18,29;75,43;9,71;34,99;26,34;99,49;255,89;0,00;8,13
2000.0;4.0;2000-04-01;BRASPINE;TUCUNDUVA;PR;SENGES;82,21;60,89;16,09;18,51;73,21;9,28;32,80;26,87;99,47;245,74;0,00;3,33
2000.0;4.0;2000-04-01;BRASPINE;TUCUNDUVA - CHAMMA;;;;;15,27;18,63;73,43;9,79;32,08;26,94;99,44;235,48;0,00;6,28
2000.0;4.0;2000-04-01;BRASPINE;VIENA 1;PR;DOUTOR ULYSSES;263,98;178,34;17,69;17,89;77,14;9,25;35,19;25,68;99,97;288,58;0,00;4,94
2000.0;4.0;2000-04-01;BRASPINE;VIENA 2;PR;CERRO AZUL;140,23;96,54;18,20;19,29;76,60;9,98;34,21;27,75;99,48;206,17;0,00;1,31
2000.0;4.0;2000-04-01;BRASPINE;VITORIA;PR;SENGES;50,54;35,69;7,91;18,01;75,76;9,90;30,24;26,21;99,36;288,91;0,00;0,49
2000.0;4.0;2000-04-01;BRASPINE;VIVEIRO;PR;DOUTOR ULYSSES;405,39;261,22;13,75;18,31;77,90;9,93;34,95;26,47;99,53;242,10;0,00;4,98
2000.0;4.0;2000-04-01;BRASPINE;VO LINO;PR;DOUTOR ULYSSES;164,50;97,89;15,33;18,41;78,41;10,38;34,53;26,68;99,73;239,86;0,00;4,32
2000.0;4.0;2000-04-01;BRASPINE;XAXIM VELHO;;;;;71,04;17,28;76,85;7,30;34,86;25,71;100,00;312,83;0,00;0,28
2000.0;5.0;2000-05-01;BRASPINE;AGUA DOCE;PR;JAGUARIAIVA;238,97;121,99;37,70;14,84;77,16;4,88;30,81;25,28;99,83;265,14;4,88;2,00
2000.0;5.0;2000-05-01;BRASPINE;AMATA;;;;;29,74;16,41;77,68;4,57;32,27;28,75;99,93;284,22;4,57;4,53
2000.0;5.0;2000-05-01;BRASPINE;ANTA BRAVA;;;;;20,58;18,22;73,21;7,83;24,72;28,82;99,94;306,31;0,00;3,75
2000.0;5.0;2000-05-01;BRASPINE;ARAPONGAS;PR;SENGES;423,34;263,70;32,78;15,16;78,86;5,62;32,03;26,27;100,00;278,80;0,00;0,70
2000.0;5.0;2000-05-01;BRASPINE;ARROIO CLARO;PR;DOUTOR ULYSSES;275,14;92,00;29,05;15,29;79,09;4,45;32,53;26,74;100,00;283,15;4,45;7,34
2000.0;5.0;2000-05-01;BRASPINE;BARRA GRANDE;PR;DOUTOR ULYSSES;493,79;139,68;26,17;15,62;79,01;5,38;31,65;27,11;100,00;286,26;0,00;1,04
2000.0;5.0;2000-05-01;BRASPINE;BARRA GRANDE - BEMAIS;PR;GUARAPUAVA;299,16;108,61;60,10;13,63;80,28;4,06;31,17;24,06;99,98;249,32;12,80;48,48
2000.0;5.0;2000-05-01;BRASPINE;BARRETOS;PR;JAGUARIAIVA;43,35;32,98;34,10;15,06;78,29;5,89;31,50;25,93;99,83;278,18;0,00;1,57
2000.0;5.0;2000-05-01;BRASPINE;BAU;;;;;88,61;13,64;79,88;3,46;34,40;23,66;99,91;240,45;11,69;7,37
2000.0;5.0;2000-05-01;BRASPINE;BOA VISTA II;PR;PIRAI DO SUL;944,00;535,05;33,12;14,91;77,64;4,89;30,55;25,75;99,96;254,71;4,89;4,35
2000.0;5.0;2000-05-01;BRASPINE;BRASILEIRA;;;;;25,93;15,16;78,86;5,62;32,03;26,27;100,00;278,80;0,00;0,70
2000.0;5.0;2000-05-01;BRASPINE;BURACAO;;;;;38,11;14,81;77,59;5,29;32,37;25,85;99,55;270,53;0,00;0,48
2000.0;5.0;2000-05-01;BRASPINE;BURRINHO;PR;DOUTOR ULYSSES;211,01;100,37;28,94;15,29;79,09;4,45;32,53;26,74;100,00;283,15;4,45;7,34
2000.0;5.0;2000-05-01;BRASPINE;CADEADO I;PR;JAGUARIAIVA;21,07;12,29;30,25;14,95;78,62;5,69;32,20;25,86;100,00;273,81;0,00;4,59
2000.0;5.0;2000-05-01;BRASPINE;CADEADO II;PR;JAGUARIAIVA;21,88;16,79;30,25;14,95;78,62;5,69;32,20;25,86;100,00;273,81;0,00;4,59
2000.0;5.0;2000-05-01;BRASPINE;CAMPINA ALTA;PR;TIBAGI;29,77;18,24;57,84;15,15;78,73;2,48;36,30;26,03;99,89;240,86;7,37;3,06
2000.0;5.0;2000-05-01;BRASPINE;CAMPINA DO ELIAS;PR;JAGUARIAIVA;29,17;14,65;30,50;15,02;78,41;5,82;31,75;25,90;99,89;276,64;0,00;0,47
2000.0;5.0;2000-05-01;BRASPINE;CAMPO NOVO;PR;JAGUARIAIVA;295,98;156,36;33,96;14,95;78,62;5,69;32,20;25,86;100,00;273,81;0,00;4,59
2000.0;5.0;2000-05-01;BRASPINE;CONSULTORIA II A;PR;DOUTOR ULYSSES;89,62;60,79;28,39;15,16;78,86;5,62;32,03;26,27;100,00;278,80;0,00;0,70
2000.0;5.0;2000-05-01;BRASPINE;DINIZ;;;;;27,06;15,16;78,86;5,62;32,03;26,27;100,00;278,80;0,00;0,70
2000.0;5.0;2000-05-01;BRASPINE;ENES;PR;JAGUARIAIVA;5,93;5,69;34,12;14,95;78,62;5,69;32,20;25,86;100,00;273,81;0,00;4,59
2000.0;5.0;2000-05-01;BRASPINE;ENGENHARIA;;;;;27,06;15,16;78,86;5,62;32,03;26,27;100,00;278,80;0,00;0,70
2000.0;5.0;2000-05-01;BRASPINE;ESTACAO;PR;SENGES;4,76;4,14;29,66;14,95;78,62;5,69;32,20;25,86;100,00;273,81;0,00;4,59
2000.0;5.0;2000-05-01;BRASPINE;FAXINAL;PR;JAGUARIAIVA;20,65;20,65;34,12;14,95;78,62;5,69;32,20;25,86;100,00;273,81;0,00;4,59
2000.0;5.0;2000-05-01;BRASPINE;FEITAL;PR;DOUTOR ULYSSES;154,17;86,53;25,60;15,31;78,91;5,66;31,90;26,55;100,00;281,28;0,00;3,54
2000.0;5.0;2000-05-01;BRASPINE;FIGUEIRA;PR;DOUTOR ULYSSES;1053,81;315,71;26,89;15,29;79,09;4,45;32,53;26,74;100,00;283,15;4,45;7,34
2000.0;5.0;2000-05-01;BRASPINE;FIGUEIRINHA;PR;DOUTOR ULYSSES;94,37;56,74;26,09;15,29;79,09;4,45;32,53;26,74;100,00;283,15;4,45;7,34
2000.0;5.0;2000-05-01;BRASPINE;FLOEMA;PR;DOUTOR ULYSSES;2189,88;701,43;30,94;14,83;78,71;4,52;32,49;25,97;100,00;271,02;4,52;6,46
2000.0;5.0;2000-05-01;BRASPINE;FLOEMA I - SUDATI;;;;;30,12;15,16;78,86;5,62;32,03;26,27;100,00;278,80;0,00;0,70
2000.0;5.0;2000-05-01;BRASPINE;FLOEMA II - SUDATI;PR;DOUTOR ULYSSES;453,83;211,13;28,71;15,16;78,86;5,62;32,03;26,27;100,00;278,80;0,00;0,70
2000.0;5.0;2000-05-01;BRASPINE;FLOR DA SERRA;PR;SAO JOSE DA BOA VISTA;209,10;128,72;30,92;16,71;73,03;4,48;29,71;27,66;98,89;285,58;4,48;4,33
2000.0;5.0;2000-05-01;BRASPINE;GENTIL;PR;JAGUARIAIVA;126,77;53,33;39,66;14,53;77,42;4,75;31,16;24,89;99,97;257,10;9,54;2,64
2000.0;5.0;2000-05-01;BRASPINE;GUAIRACA;PR;GUARAPUAVA;623,62;169,31;55,25;13,72;79,87;2,78;30,41;24,41;99,78;249,17;11,02;68,52
2000.0;5.0;2000-05-01;BRASPINE;HERVAL 2 - MADALOSSO;;;;;37,24;14,81;77,59;5,29;32,37;25,85;99,55;270,53;0,00;0,48
2000.0;5.0;2000-05-01;BRASPINE;HERVAL DE BAIXO;PR;RESERVA;827,29;475,92;68,14;15,02;79,51;2,63;35,84;26,07;99,82;246,12;6,89;1,45
2000.0;5.0;2000-05-01;BRASPINE;HORTO 01;PR;TURVO;19,12;19,12;63,88;14,22;79,66;2,44;32,53;24,73;99,77;237,41;11,40;339,96
2000.0;5.0;2000-05-01;BRASPINE;HORTO 02;PR;TURVO;4,24;4,24;63,68;14,22;79,66;2,44;32,53;24,73;99,77;237,41;11,40;339,96
2000.0;5.0;2000-05-01;BRASPINE;HORTO 03;PR;PRUDENTOPOLIS;80,91;25,89;63,34;14,74;78,66;3,91;30,75;25,50;99,65;250,01;8,67;12,95
2000.0;5.0;2000-05-01;BRASPINE;HORTO 08;PR;TURVO;9,53;9,53;64,37;14,74;78,66;3,91;30,75;25,50;99,65;250,01;8,67;12,95
2000.0;5.0;2000-05-01;BRASPINE;HORTO 12;PR;PRUDENTOPOLIS;12,20;12,20;61,99;14,74;78,66;3,91;30,75;25,50;99,65;250,01;8,67;12,95
2000.0;5.0;2000-05-01;BRASPINE;IZAU;PR;PIRAI DO SUL;19,37;11,60;40,28;14,61;77,77;5,54;30,87;25,13;99,99;265,00;0,00;6,79
2000.0;5.0;2000-05-01;BRASPINE;JOAO RICO;PR;JAGUARIAIVA;47,46;26,18;38,96;14,84;77,16;4,88;30,81;25,28;99,83;265,14;4,88;2,00
2000.0;5.0;2000-05-01;BRASPINE;LAGOA;PR;JAGUARIAIVA;24,10;10,78;29,23;14,95;78,62;5,69;32,20;25,86;100,00;273,81;0,00;4,59
2000.0;5.0;2000-05-01;BRASPINE;MARACANA;PR;JANDAIA DO SUL;11,45;11,45;44,07;17,51;71,02;7,83;27,08;28,47;99,99;252,82;0,00;0,89
2000.0;5.0;2000-05-01;BRASPINE;MARRECA;;;;;27,25;15,29;79,09;4,45;32,53;26,74;100,00;283,15;4,45;7,34
2000.0;5.0;2000-05-01;BRASPINE;MARRECA SP;SP;ITAPIRAPUA PAULISTA;675,30;236,19;25,82;15,92;79,24;4,62;32,20;27,89;100,00;291,94;4,62;4,93
2000.0;5.0;2000-05-01;BRASPINE;MARRECAS;;;;;55,64;13,11;81,16;2,22;31,58;23,39;99,96;280,28;15,38;2,89
2000.0;5.0;2000-05-01;BRASPINE;MERCADINHO;;;;;26,47;15,75;78,61;4,36;32,24;27,72;99,91;287,07;4,36;0,33
2000.0;5.0;2000-05-01;BRASPINE;MONTE ALEGRE;;;;;43,62;17,98;69,98;8,32;26,49;29,06;99,93;247,93;0,00;1,57
2000.0;5.0;2000-05-01;BRASPINE;MONTE TABOR II;;;;;21,46;15,34;79,93;4,35;33,96;27,27;99,78;272,87;13,91;30,94
2000.0;5.0;2000-05-01;BRASPINE;MOREIRA;PR;DOUTOR ULYSSES;230,52;68,68;28,71;15,16;78,86;5,62;32,03;26,27;100,00;278,80;0,00;0,70
2000.0;5.0;2000-05-01;BRASPINE;MOREIRAS II;PR;DOUTOR ULYSSES;66,76;28,75;28,36;15,16;78,86;5,62;32,03;26,27;100,00;278,80;0,00;0,70
2000.0;5.0;2000-05-01;BRASPINE;MORRETES;PR;ORTIGUEIRA;20,36;20,36;54,15;15,41;79,38;3,10;35,24;26,78;99,77;250,14;7,79;1,96
2000.0;5.0;2000-05-01;BRASPINE;MORRO AZUL;;;;;25,54;15,46;78,82;6,14;31,01;26,90;100,00;282,07;0,00;48,87
2000.0;5.0;2000-05-01;BRASPINE;OURO FINO;SP;APIAI;51,70;51,70;24,30;15,27;79,47;5,02;32,41;26,79;99,99;276,09;0,00;48,98
2000.0;5.0;2000-05-01;BRASPINE;PALMEIRINHA DE BAIXO - SOSSEGO;PR;SENGES;85,93;9,22;29,93;14,89;77,23;4,35;30,58;25,41;99,86;285,31;4,35;32,75
2000.0;5.0;2000-05-01;BRASPINE;PAZIN;PR;DOUTOR ULYSSES;41,20;23,90;25,71;15,29;79,09;4,45;32,53;26,74;100,00;283,15;4,45;7,34
2000.0;5.0;2000-05-01;BRASPINE;PEDRAS;PR;CASTRO;7,18;7,18;38,35;14,51;78,22;4,27;32,67;25,15;100,00;258,77;4,27;0,36
2000.0;5.0;2000-05-01;BRASPINE;PESCARIA;PR;SAO JOSE DA BOA VISTA;184,57;129,22;37,79;16,90;72,68;4,92;29,01;27,68;99,27;278,47;4,92;1,44
2000.0;5.0;2000-05-01;BRASPINE;PESSEGUEIRO;PR;DOUTOR ULYSSES;109,95;64,79;28,24;15,16;78,86;5,62;32,03;26,27;100,00;278,80;0,00;0,70
2000.0;5.0;2000-05-01;BRASPINE;PITANGA;;;;;89,85;14,25;79,55;3,66;35,80;24,48;99,80;254,95;13,12;4,42
2000.0;5.0;2000-05-01;BRASPINE;QUEIMADINHO ARROIO CLARO;PR;DOUTOR ULYSSES;48,13;19,09;25,93;15,16;78,86;5,62;32,03;26,27;100,00;278,80;0,00;0,70
2000.0;5.0;2000-05-01;BRASPINE;QUEIMADINHO M6042;PR;DOUTOR ULYSSES;48,38;18,50;25,93;15,16;78,86;5,62;32,03;26,27;100,00;278,80;0,00;0,70
2000.0;5.0;2000-05-01;BRASPINE;QUEIMADINHO USUCAPIAO;PR;DOUTOR ULYSSES;200,27;92,43;25,93;15,16;78,86;5,62;32,03;26,27;100,00;278,80;0,00;0,70
2000.0;5.0;2000-05-01;BRASPINE;RAMOS;PR;SENGES;69,83;38,15;30,12;14,95;78,62;5,69;32,20;25,86;100,00;273,81;0,00;4,59
2000.0;5.0;2000-05-01;BRASPINE;RIBEIRAO GRANDE;PR;JAGUARIAIVA;20,77;20,77;41,61;14,61;77,77;5,54;30,87;25,13;99,99;265,00;0,00;6,79
2000.0;5.0;2000-05-01;BRASPINE;RINCAO DE BAIXO;;;;;42,88;14,76;76,79;2,26;33,59;25,33;99,82;249,41;6,55;1,83
2000.0;5.0;2000-05-01;BRASPINE;RIO BOMBA;PR;CERRO AZUL;65,03;37,72;29,03;15,98;77,77;4,30;32,32;28,13;99,68;290,69;4,30;5,06
2000.0;5.0;2000-05-01;BRASPINE;RIO DO MEIO;PR;DOUTOR ULYSSES;712,33;389,13;27,71;15,16;78,86;5,62;32,03;26,27;100,00;278,80;0,00;0,70
2000.0;5.0;2000-05-01;BRASPINE;RONDON;PR;JAGUARIAIVA;2899,24;1475,88;36,46;14,83;77,73;4,80;31,56;25,31;99,88;281,66;4,80;46,44
2000.0;5.0;2000-05-01;BRASPINE;SANTA FELICIDADE;;;;;24,35;16,31;79,30;4,72;32,04;28,62;100,00;296,29;4,72;2,40
2000.0;5.0;2000-05-01;BRASPINE;SANTA LIDIA DO CERCADINHO;;;;;43,83;14,50;76,83;2,09;33,53;24,87;99,80;245,72;6,20;1,16
2000.0;5.0;2000-05-01;BRASPINE;SANTO ANTONIO;;;;;29,59;14,96;77,34;4,25;30,11;25,87;100,00;284,76;4,25;30,70
2000.0;5.0;2000-05-01;BRASPINE;SAO JOSE;PR;JANDAIA DO SUL;37,56;37,56;43,59;17,83;70,25;8,30;26,76;28,85;99,98;245,31;0,00;1,98
2000.0;5.0;2000-05-01;BRASPINE;SAO MATHEUS;;;;;41,73;18,87;69,29;7,57;25,69;30,45;99,46;256,00;0,00;11,89
2000.0;5.0;2000-05-01;BRASPINE;SAO PEDRO E SAO PAULO;PR;SAPOPEMA;709,13;323,93;43,29;16,07;73,54;5,44;29,30;26,90;99,37;281,61;0,00;0,78
2000.0;5.0;2000-05-01;BRASPINE;SAO RAFAEL;;;;;36,41;14,40;78,09;3,25;33,84;25,16;100,00;274,50;6,54;9,94
2000.0;5.0;2000-05-01;BRASPINE;SAO RAFAEL - PB;;;;;28,83;15,39;79,29;5,55;31,92;26,88;99,99;281,14;0,00;48,96
2000.0;5.0;2000-05-01;BRASPINE;SERRARIA;PR;DOUTOR ULYSSES;280,88;117,71;29,43;15,06;78,90;4,48;32,51;26,33;100,00;277,09;4,48;7,03
2000.0;5.0;2000-05-01;BRASPINE;SERRO VERDE;;;;;96,52;13,87;79,53;3,76;35,93;24,14;100,00;245,38;11,96;11,53
2000.0;5.0;2000-05-01;BRASPINE;SERTAOZINHO;PR;DOUTOR ULYSSES;16,25;16,25;27,95;15,16;78,86;5,62;32,03;26,27;100,00;278,80;0,00;0,70
2000.0;5.0;2000-05-01;BRASPINE;SITIO BASILIO;PR;JAGUARIAIVA;8,08;8,08;37,45;14,59;77,24;4,40;31,16;24,92;99,92;256,80;9,02;5,62
2000.0;5.0;2000-05-01;BRASPINE;SITIO DAS MARRECAS;PR;DOUTOR ULYSSES;77,49;35,17;26,18;15,74;79,19;4,57;32,29;27,56;100,00;289,41;4,57;5,63
2000.0;5.0;2000-05-01;BRASPINE;SOBRADINHO;SP;BOM SUCESSO DE ITARARE;285,80;123,10;28,43;14,96;78,03;5,15;30,84;26,06;100,00;270,11;0,00;33,51
2000.0;5.0;2000-05-01;BRASPINE;TAQUARAL;PR;JAGUARIAIVA;519,13;31,07;37,44;14,92;77,54;4,71;31,45;25,45;99,99;267,66;4,71;47,25
2000.0;5.0;2000-05-01;BRASPINE;TUCUNDUVA;PR;SENGES;82,21;60,89;40,58;15,40;74,86;3,13;29,93;25,67;99,71;271,96;3,13;25,24
2000.0;5.0;2000-05-01;BRASPINE;TUCUNDUVA - CHAMMA;;;;;36,71;15,54;74,89;4,13;30,03;25,77;99,51;266,47;4,13;24,69
2000.0;5.0;2000-05-01;BRASPINE;VIENA 1;PR;DOUTOR ULYSSES;263,98;178,34;30,93;14,72;78,36;4,63;32,65;25,59;99,99;269,76;4,63;3,73
2000.0;5.0;2000-05-01;BRASPINE;VIENA 2;PR;CERRO AZUL;140,23;96,54;28,92;15,98;77,77;4,30;32,32;28,13;99,68;290,69;4,30;5,06
2000.0;5.0;2000-05-01;BRASPINE;VITORIA;PR;SENGES;50,54;35,69;29,93;14,89;77,23;4,35;30,58;25,41;99,86;285,31;4,35;32,75
2000.0;5.0;2000-05-01;BRASPINE;VIVEIRO;PR;DOUTOR ULYSSES;405,39;261,22;28,36;15,16;78,86;5,62;32,03;26,27;100,00;278,80;0,00;0,70
2000.0;5.0;2000-05-01;BRASPINE;VO LINO;PR;DOUTOR ULYSSES;164,50;97,89;27,94;15,29;79,09;4,45;32,53;26,74;100,00;283,15;4,45;7,34
2000.0;5.0;2000-05-01;BRASPINE;XAXIM VELHO;;;;;55,40;13,18;81,19;3,49;32,40;23,56;100,00;239,94;11,09;2,59
2000.0;6.0;2000-06-01;BRASPINE;AGUA DOCE;PR;JAGUARIAIVA;238,97;121,99;107,18;15,60;76,82;3,92;35,86;23,31;99,78;293,51;8,62;11,10
2000.0;6.0;2000-06-01;BRASPINE;AMATA;;;;;121,64;16,64;80,87;3,89;40,95;26,07;99,94;351,27;3,89;11,97
2000.0;6.0;2000-06-01;BRASPINE;ANTA BRAVA;;;;;19,75;18,52;70,74;7,60;28,79;26,95;98,41;248,46;0,00;6,60
2000.0;6.0;2000-06-01;BRASPINE;ARAPONGAS;PR;SENGES;423,34;263,70;100,64;15,63;80,13;3,54;37,78;24,25;100,00;320,23;7,85;0,14
2000.0;6.0;2000-06-01;BRASPINE;ARROIO CLARO;PR;DOUTOR ULYSSES;275,14;92,00;106,31;15,70;81,28;3,54;39,32;24,69;100,00;338,22;3,54;1,19
2000.0;6.0;2000-06-01;BRASPINE;BARRA GRANDE;PR;DOUTOR ULYSSES;493,79;139,68;98,82;16,07;80,60;3,94;38,72;25,05;100,00;327,45;8,10;6,84
2000.0;6.0;2000-06-01;BRASPINE;BARRA GRANDE - BEMAIS;PR;GUARAPUAVA;299,16;108,61;169,77;14,22;83,45;2,72;40,64;22,57;99,99;311,58;7,45;19,60
2000.0;6.0;2000-06-01;BRASPINE;BARRETOS;PR;JAGUARIAIVA;43,35;32,98;116,77;15,70;78,99;4,72;36,56;23,96;99,93;311,67;4,72;3,10
2000.0;6.0;2000-06-01;BRASPINE;BAU;;;;;165,31;14,48;82,36;3,97;42,35;22,41;99,90;308,71;12,53;12,26
2000.0;6.0;2000-06-01;BRASPINE;BOA VISTA II;PR;PIRAI DO SUL;944,00;535,05;121,75;15,66;78,11;3,80;35,79;23,78;99,96;306,60;3,80;3,96
2000.0;6.0;2000-06-01;BRASPINE;BRASILEIRA;;;;;100,32;15,63;80,13;3,54;37,78;24,25;100,00;320,23;7,85;0,14
2000.0;6.0;2000-06-01;BRASPINE;BURACAO;;;;;127,17;15,42;79,97;2,75;40,09;24,26;99,82;299,09;6,45;16,04
2000.0;6.0;2000-06-01;BRASPINE;BURRINHO;PR;DOUTOR ULYSSES;211,01;100,37;106,53;15,70;81,28;3,54;39,32;24,69;100,00;338,22;3,54;1,19
2000.0;6.0;2000-06-01;BRASPINE;CADEADO I;PR;JAGUARIAIVA;21,07;12,29;102,20;15,49;79,60;4,08;36,99;23,89;100,00;316,94;8,49;1,97
2000.0;6.0;2000-06-01;BRASPINE;CADEADO II;PR;JAGUARIAIVA;21,88;16,79;102,20;15,49;79,60;4,08;36,99;23,89;100,00;316,94;8,49;1,97
2000.0;6.0;2000-06-01;BRASPINE;CAMPINA ALTA;PR;TIBAGI;29,77;18,24;154,86;15,87;79,46;2,42;44,44;24,62;99,95;332,39;6,06;6,87
2000.0;6.0;2000-06-01;BRASPINE;CAMPINA DO ELIAS;PR;JAGUARIAIVA;29,17;14,65;115,20;15,63;79,21;4,61;36,72;23,93;99,96;308,22;9,42;2,71
2000.0;6.0;2000-06-01;BRASPINE;CAMPO NOVO;PR;JAGUARIAIVA;295,98;156,36;114,98;15,49;79,60;4,08;36,99;23,89;100,00;316,94;8,49;1,97
2000.0;6.0;2000-06-01;BRASPINE;CONSULTORIA II A;PR;DOUTOR ULYSSES;89,62;60,79;99,58;15,63;80,13;3,54;37,78;24,25;100,00;320,23;7,85;0,14
2000.0;6.0;2000-06-01;BRASPINE;DINIZ;;;;;93,82;15,63;80,13;3,54;37,78;24,25;100,00;320,23;7,85;0,14
2000.0;6.0;2000-06-01;BRASPINE;ENES;PR;JAGUARIAIVA;5,93;5,69;117,21;15,49;79,60;4,08;36,99;23,89;100,00;316,94;8,49;1,97
2000.0;6.0;2000-06-01;BRASPINE;ENGENHARIA;;;;;93,82;15,63;80,13;3,54;37,78;24,25;100,00;320,23;7,85;0,14
2000.0;6.0;2000-06-01;BRASPINE;ESTACAO;PR;SENGES;4,76;4,14;105,10;15,49;79,60;4,08;36,99;23,89;100,00;316,94;8,49;1,97
2000.0;6.0;2000-06-01;BRASPINE;FAXINAL;PR;JAGUARIAIVA;20,65;20,65;117,21;15,49;79,60;4,08;36,99;23,89;100,00;316,94;8,49;1,97
2000.0;6.0;2000-06-01;BRASPINE;FEITAL;PR;DOUTOR ULYSSES;154,17;86,53;102,90;15,78;80,29;3,67;38,09;24,52;100,00;322,64;7,93;11,32
2000.0;6.0;2000-06-01;BRASPINE;FIGUEIRA;PR;DOUTOR ULYSSES;1053,81;315,71;102,74;15,70;81,28;3,54;39,32;24,69;100,00;338,22;3,54;1,19
2000.0;6.0;2000-06-01;BRASPINE;FIGUEIRINHA;PR;DOUTOR ULYSSES;94,37;56,74;108,38;15,70;81,28;3,54;39,32;24,69;100,00;338,22;3,54;1,19
2000.0;6.0;2000-06-01;BRASPINE;FLOEMA;PR;DOUTOR ULYSSES;2189,88;701,43;115,60;15,31;80,49;2,75;38,20;24,02;100,00;330,52;2,75;1,91
2000.0;6.0;2000-06-01;BRASPINE;FLOEMA I - SUDATI;;;;;102,73;15,63;80,13;3,54;37,78;24,25;100,00;320,23;7,85;0,14
2000.0;6.0;2000-06-01;BRASPINE;FLOEMA II - SUDATI;PR;DOUTOR ULYSSES;453,83;211,13;99,81;15,63;80,13;3,54;37,78;24,25;100,00;320,23;7,85;0,14
2000.0;6.0;2000-06-01;BRASPINE;FLOR DA SERRA;PR;SAO JOSE DA BOA VISTA;209,10;128,72;56,35;17,02;74,01;4,51;34,47;25,32;98,15;352,24;9,40;31,25
2000.0;6.0;2000-06-01;BRASPINE;GENTIL;PR;JAGUARIAIVA;126,77;53,33;112,20;15,29;77,19;4,25;36,52;22,90;99,59;317,91;4,25;1,16
2000.0;6.0;2000-06-01;BRASPINE;GUAIRACA;PR;GUARAPUAVA;623,62;169,31;174,62;14,38;82,98;2,84;42,24;23,05;99,99;315,57;2,84;30,60
2000.0;6.0;2000-06-01;BRASPINE;HERVAL 2 - MADALOSSO;;;;;128,38;15,42;79,97;2,75;40,09;24,26;99,82;299,09;6,45;16,04
2000.0;6.0;2000-06-01;BRASPINE;HERVAL DE BAIXO;PR;RESERVA;827,29;475,92;142,23;15,69;80,46;2,41;44,64;24,73;99,83;334,52;5,22;2,26
2000.0;6.0;2000-06-01;BRASPINE;HORTO 01;PR;TURVO;19,12;19,12;153,38;14,75;83,60;2,73;42,05;23,56;99,68;315,53;10,23;7,32
2000.0;6.0;2000-06-01;BRASPINE;HORTO 02;PR;TURVO;4,24;4,24;152,92;14,75;83,60;2,73;42,05;23,56;99,68;315,53;10,23;7,32
2000.0;6.0;2000-06-01;BRASPINE;HORTO 03;PR;PRUDENTOPOLIS;80,91;25,89;152,52;15,16;82,96;2,31;40,53;24,31;99,91;322,55;4,70;3,40
2000.0;6.0;2000-06-01;BRASPINE;HORTO 08;PR;TURVO;9,53;9,53;156,32;15,16;82,96;2,31;40,53;24,31;99,91;322,55;4,70;3,40
2000.0;6.0;2000-06-01;BRASPINE;HORTO 12;PR;PRUDENTOPOLIS;12,20;12,20;149,98;15,16;82,96;2,31;40,53;24,31;99,91;322,55;4,70;3,40
2000.0;6.0;2000-06-01;BRASPINE;IZAU;PR;PIRAI DO SUL;19,37;11,60;125,94;15,37;77,94;5,04;36,03;23,12;99,59;308,93;0,00;4,91
2000.0;6.0;2000-06-01;BRASPINE;JOAO RICO;PR;JAGUARIAIVA;47,46;26,18;109,60;15,60;76,82;3,92;35,86;23,31;99,78;293,51;8,62;11,10
2000.0;6.0;2000-06-01;BRASPINE;LAGOA;PR;JAGUARIAIVA;24,10;10,78;106,00;15,49;79,60;4,08;36,99;23,89;100,00;316,94;8,49;1,97
2000.0;6.0;2000-06-01;BRASPINE;MARACANA;PR;JANDAIA DO SUL;11,45;11,45;116,36;18,20;71,00;6,99;37,24;26,95;100,00;97,37;0,00;0,41
2000.0;6.0;2000-06-01;BRASPINE;MARRECA;;;;;109,16;15,70;81,28;3,54;39,32;24,69;100,00;338,22;3,54;1,19
2000.0;6.0;2000-06-01;BRASPINE;MARRECA SP;SP;ITAPIRAPUA PAULISTA;675,30;236,19;104,32;16,28;81,89;3,07;39,85;25,66;100,00;343,24;8,00;0,14
2000.0;6.0;2000-06-01;BRASPINE;MARRECAS;;;;;171,05;13,78;83,76;3,56;40,88;21,99;100,00;303,74;12,94;0,88
2000.0;6.0;2000-06-01;BRASPINE;MERCADINHO;;;;;110,11;16,03;81,50;3,26;40,28;25,37;99,95;334,49;7,58;5,58
2000.0;6.0;2000-06-01;BRASPINE;MONTE ALEGRE;;;;;110,82;18,64;70,28;6,98;36,84;27,63;99,96;100,56;0,00;6,57
2000.0;6.0;2000-06-01;BRASPINE;MONTE TABOR II;;;;;83,63;15,57;82,73;3,10;44,60;24,40;99,93;341,18;3,10;129,07
2000.0;6.0;2000-06-01;BRASPINE;MOREIRA;PR;DOUTOR ULYSSES;230,52;68,68;99,81;15,63;80,13;3,54;37,78;24,25;100,00;320,23;7,85;0,14
2000.0;6.0;2000-06-01;BRASPINE;MOREIRAS II;PR;DOUTOR ULYSSES;66,76;28,75;99,55;15,63;80,13;3,54;37,78;24,25;100,00;320,23;7,85;0,14
2000.0;6.0;2000-06-01;BRASPINE;MORRETES;PR;ORTIGUEIRA;20,36;20,36;145,79;16,04;80,38;2,65;43,30;25,44;99,80;335,16;5,60;0,04
2000.0;6.0;2000-06-01;BRASPINE;MORRO AZUL;;;;;66,41;16,00;79,27;4,89;36,65;24,77;100,00;311,68;4,89;8,19
2000.0;6.0;2000-06-01;BRASPINE;OURO FINO;SP;APIAI;51,70;51,70;66,35;15,77;80,13;4,91;38,73;24,47;99,99;353,23;4,91;6,77
2000.0;6.0;2000-06-01;BRASPINE;PALMEIRINHA DE BAIXO - SOSSEGO;PR;SENGES;85,93;9,22;69,97;15,50;76,60;3,58;34,25;23,30;99,75;303,26;8,44;3,82
2000.0;6.0;2000-06-01;BRASPINE;PAZIN;PR;DOUTOR ULYSSES;41,20;23,90;105,25;15,70;81,28;3,54;39,32;24,69;100,00;338,22;3,54;1,19
2000.0;6.0;2000-06-01;BRASPINE;PEDRAS;PR;CASTRO;7,18;7,18;126,70;15,32;78,90;3,98;37,64;23,33;99,57;302,05;3,98;1,59
2000.0;6.0;2000-06-01;BRASPINE;PESCARIA;PR;SAO JOSE DA BOA VISTA;184,57;129,22;57,96;17,25;73,30;4,94;34,98;25,42;96,97;328,89;4,94;27,98
2000.0;6.0;2000-06-01;BRASPINE;PESSEGUEIRO;PR;DOUTOR ULYSSES;109,95;64,79;110,89;15,63;80,13;3,54;37,78;24,25;100,00;320,23;7,85;0,14
2000.0;6.0;2000-06-01;BRASPINE;PITANGA;;;;;181,98;15,02;82,18;3,65;43,76;23,04;99,90;304,70;13,34;7,28
2000.0;6.0;2000-06-01;BRASPINE;QUEIMADINHO ARROIO CLARO;PR;DOUTOR ULYSSES;48,13;19,09;100,32;15,63;80,13;3,54;37,78;24,25;100,00;320,23;7,85;0,14
2000.0;6.0;2000-06-01;BRASPINE;QUEIMADINHO M6042;PR;DOUTOR ULYSSES;48,38;18,50;100,32;15,63;80,13;3,54;37,78;24,25;100,00;320,23;7,85;0,14
2000.0;6.0;2000-06-01;BRASPINE;QUEIMADINHO USUCAPIAO;PR;DOUTOR ULYSSES;200,27;92,43;100,32;15,63;80,13;3,54;37,78;24,25;100,00;320,23;7,85;0,14
2000.0;6.0;2000-06-01;BRASPINE;RAMOS;PR;SENGES;69,83;38,15;102,73;15,49;79,60;4,08;36,99;23,89;100,00;316,94;8,49;1,97
2000.0;6.0;2000-06-01;BRASPINE;RIBEIRAO GRANDE;PR;JAGUARIAIVA;20,77;20,77;121,77;15,37;77,94;5,04;36,03;23,12;99,59;308,93;0,00;4,91
2000.0;6.0;2000-06-01;BRASPINE;RINCAO DE BAIXO;;;;;130,03;15,48;77,45;3,32;38,85;23,61;99,50;330,49;7,34;4,58
2000.0;6.0;2000-06-01;BRASPINE;RIO BOMBA;PR;CERRO AZUL;65,03;37,72;123,38;16,21;81,02;2,91;41,42;25,66;99,89;337,05;7,62;6,66
2000.0;6.0;2000-06-01;BRASPINE;RIO DO MEIO;PR;DOUTOR ULYSSES;712,33;389,13;99,74;15,63;80,13;3,54;37,78;24,25;100,00;320,23;7,85;0,14
2000.0;6.0;2000-06-01;BRASPINE;RONDON;PR;JAGUARIAIVA;2899,24;1475,88;87,26;15,45;77,48;3,58;35,44;23,26;99,81;316,93;8,25;1,17
2000.0;6.0;2000-06-01;BRASPINE;SANTA FELICIDADE;;;;;112,02;16,56;82,50;3,27;39,08;26,20;100,00;343,55;7,66;5,05
2000.0;6.0;2000-06-01;BRASPINE;SANTA LIDIA DO CERCADINHO;;;;;133,46;15,20;77,36;3,34;38,50;23,13;99,53;340,87;7,57;3,48
2000.0;6.0;2000-06-01;BRASPINE;SANTO ANTONIO;;;;;72,99;15,57;76,73;3,38;33,56;23,71;99,99;316,34;7,71;1,49
2000.0;6.0;2000-06-01;BRASPINE;SAO JOSE;PR;JANDAIA DO SUL;37,56;37,56;111,46;18,50;70,47;6,99;37,08;27,39;99,98;99,79;0,00;7,44
2000.0;6.0;2000-06-01;BRASPINE;SAO MATHEUS;;;;;126,74;19,50;70,26;5,86;35,56;29,32;99,89;84,94;0,00;1,95
2000.0;6.0;2000-06-01;BRASPINE;SAO PEDRO E SAO PAULO;PR;SAPOPEMA;709,13;323,93;86,65;16,53;73,84;5,84;36,02;24,75;98,38;346,90;0,00;5,11
2000.0;6.0;2000-06-01;BRASPINE;SAO RAFAEL;;;;;133,64;15,04;80,99;3,21;36,74;24,28;99,86;310,68;8,16;22,28
2000.0;6.0;2000-06-01;BRASPINE;SAO RAFAEL - PB;;;;;67,72;15,89;79,91;4,99;38,10;24,62;100,00;327,17;4,99;1,68
2000.0;6.0;2000-06-01;BRASPINE;SERRARIA;PR;DOUTOR ULYSSES;280,88;117,71;111,84;15,51;80,88;3,14;38,76;24,35;100,00;334,36;3,14;1,56
2000.0;6.0;2000-06-01;BRASPINE;SERRO VERDE;;;;;180,14;14,82;81,39;3,45;42,83;22,86;99,92;304,80;12,14;19,02
2000.0;6.0;2000-06-01;BRASPINE;SERTAOZINHO;PR;DOUTOR ULYSSES;16,25;16,25;97,70;15,63;80,13;3,54;37,78;24,25;100,00;320,23;7,85;0,14
2000.0;6.0;2000-06-01;BRASPINE;SITIO BASILIO;PR;JAGUARIAIVA;8,08;8,08;107,22;15,35;76,85;3,91;36,49;22,95;99,61;317,44;8,90;11,83
2000.0;6.0;2000-06-01;BRASPINE;SITIO DAS MARRECAS;PR;DOUTOR ULYSSES;77,49;35,17;106,69;16,12;81,72;3,21;40,06;25,38;100,00;341,84;3,21;0,44
2000.0;6.0;2000-06-01;BRASPINE;SOBRADINHO;SP;BOM SUCESSO DE ITARARE;285,80;123,10;62,68;15,55;77,47;4,06;34,27;23,91;100,00;314,76;8,24;0,61
2000.0;6.0;2000-06-01;BRASPINE;TAQUARAL;PR;JAGUARIAIVA;519,13;31,07;100,92;15,63;77,31;4,07;35,84;23,45;99,92;292,67;8,34;8,65
2000.0;6.0;2000-06-01;BRASPINE;TUCUNDUVA;PR;SENGES;82,21;60,89;86,69;15,89;74,77;2,89;35,24;23,55;98,22;314,46;7,38;8,15
2000.0;6.0;2000-06-01;BRASPINE;TUCUNDUVA - CHAMMA;;;;;79,86;16,00;74,89;3,84;35,12;23,67;98,06;319,61;8,63;4,24
2000.0;6.0;2000-06-01;BRASPINE;VIENA 1;PR;DOUTOR ULYSSES;263,98;178,34;117,03;15,30;79,76;3,18;38,06;23,68;100,00;332,09;7,70;1,35
2000.0;6.0;2000-06-01;BRASPINE;VIENA 2;PR;CERRO AZUL;140,23;96,54;123,24;16,21;81,02;2,91;41,42;25,66;99,89;337,05;7,62;6,66
2000.0;6.0;2000-06-01;BRASPINE;VITORIA;PR;SENGES;50,54;35,69;69,97;15,50;76,60;3,58;34,25;23,30;99,75;303,26;8,44;3,82
2000.0;6.0;2000-06-01;BRASPINE;VIVEIRO;PR;DOUTOR ULYSSES;405,39;261,22;99,55;15,63;80,13;3,54;37,78;24,25;100,00;320,23;7,85;0,14
2000.0;6.0;2000-06-01;BRASPINE;VO LINO;PR;DOUTOR ULYSSES;164,50;97,89;108,39;15,70;81,28;3,54;39,32;24,69;100,00;338,22;3,54;1,19
2000.0;6.0;2000-06-01;BRASPINE;XAXIM VELHO;;;;;166,58;13,92;83,64;3,86;42,79;22,49;100,00;304,96;17,37;15,24
2000.0;7.0;2000-07-01;BRASPINE;AGUA DOCE;PR;JAGUARIAIVA;238,97;121,99;61,95;11,68;74,15;-0,95;33,84;23,06;99,86;192,75;26,60;16,44
2000.0;7.0;2000-07-01;BRASPINE;AMATA;;;;;58,90;12,71;77,46;0,16;34,19;26,34;100,00;214,31;20,61;6,23
2000.0;7.0;2000-07-01;BRASPINE;ANTA BRAVA;;;;;37,08;15,12;72,60;2,83;30,04;27,04;99,52;256,98;15,42;16,13
2000.0;7.0;2000-07-01;BRASPINE;ARAPONGAS;PR;SENGES;423,34;263,70;53,51;11,93;77,10;-0,33;32,21;24,10;100,00;218,20;21,55;6,34
2000.0;7.0;2000-07-01;BRASPINE;ARROIO CLARO;PR;DOUTOR ULYSSES;275,14;92,00;55,19;11,98;78,00;-0,22;32,24;24,58;100,00;218,34;27,27;0,22
2000.0;7.0;2000-07-01;BRASPINE;BARRA GRANDE;PR;DOUTOR ULYSSES;493,79;139,68;66,60;12,27;77,60;-0,01;31,87;25,15;100,00;209,71;23,70;4,18
2000.0;7.0;2000-07-01;BRASPINE;BARRA GRANDE - BEMAIS;PR;GUARAPUAVA;299,16;108,61;92,27;10,16;79,70;-3,11;41,77;22,28;99,99;162,48;16,43;42,12
2000.0;7.0;2000-07-01;BRASPINE;BARRETOS;PR;JAGUARIAIVA;43,35;32,98;60,45;11,86;76,02;-0,70;33,02;23,62;99,96;201,68;24,48;7,55
2000.0;7.0;2000-07-01;BRASPINE;BAU;;;;;119,14;10,20;78,77;-2,85;42,69;21,95;99,89;161,74;1,67;5,48
2000.0;7.0;2000-07-01;BRASPINE;BOA VISTA II;PR;PIRAI DO SUL;944,00;535,05;62,06;11,72;74,98;-1,06;33,44;23,45;99,96;177,51;22,70;5,11
2000.0;7.0;2000-07-01;BRASPINE;BRASILEIRA;;;;;65,66;11,93;77,10;-0,33;32,21;24,10;100,00;218,20;21,55;6,34
2000.0;7.0;2000-07-01;BRASPINE;BURACAO;;;;;65,99;11,45;76,18;-1,11;35,97;23,80;100,00;170,55;25,03;17,24
2000.0;7.0;2000-07-01;BRASPINE;BURRINHO;PR;DOUTOR ULYSSES;211,01;100,37;55,22;11,98;78,00;-0,22;32,24;24,58;100,00;218,34;27,27;0,22
2000.0;7.0;2000-07-01;BRASPINE;CADEADO I;PR;JAGUARIAIVA;21,07;12,29;50,86;11,81;76,51;-0,53;32,29;23,54;100,00;200,98;20,21;0,52
2000.0;7.0;2000-07-01;BRASPINE;CADEADO II;PR;JAGUARIAIVA;21,88;16,79;50,86;11,81;76,51;-0,53;32,29;23,54;100,00;200,98;20,21;0,52
2000.0;7.0;2000-07-01;BRASPINE;CAMPINA ALTA;PR;TIBAGI;29,77;18,24;83,89;11,75;77,63;-2,48;41,27;24,10;100,00;177,19;22,96;13,93
2000.0;7.0;2000-07-01;BRASPINE;CAMPINA DO ELIAS;PR;JAGUARIAIVA;29,17;14,65;56,33;11,84;76,20;-0,64;32,75;23,56;99,97;201,39;24,76;8,35
2000.0;7.0;2000-07-01;BRASPINE;CAMPO NOVO;PR;JAGUARIAIVA;295,98;156,36;53,91;11,81;76,51;-0,53;32,29;23,54;100,00;200,98;20,21;0,52
2000.0;7.0;2000-07-01;BRASPINE;CONSULTORIA II A;PR;DOUTOR ULYSSES;89,62;60,79;62,19;11,93;77,10;-0,33;32,21;24,10;100,00;218,20;21,55;6,34
2000.0;7.0;2000-07-01;BRASPINE;DINIZ;;;;;62,79;11,93;77,10;-0,33;32,21;24,10;100,00;218,20;21,55;6,34
2000.0;7.0;2000-07-01;BRASPINE;ENES;PR;JAGUARIAIVA;5,93;5,69;53,97;11,81;76,51;-0,53;32,29;23,54;100,00;200,98;20,21;0,52
2000.0;7.0;2000-07-01;BRASPINE;ENGENHARIA;;;;;62,79;11,93;77,10;-0,33;32,21;24,10;100,00;218,20;21,55;6,34
2000.0;7.0;2000-07-01;BRASPINE;ESTACAO;PR;SENGES;4,76;4,14;53,33;11,81;76,51;-0,53;32,29;23,54;100,00;200,98;20,21;0,52
2000.0;7.0;2000-07-01;BRASPINE;FAXINAL;PR;JAGUARIAIVA;20,65;20,65;53,97;11,81;76,51;-0,53;32,29;23,54;100,00;200,98;20,21;0,52
2000.0;7.0;2000-07-01;BRASPINE;FEITAL;PR;DOUTOR ULYSSES;154,17;86,53;58,97;12,04;77,27;-0,23;32,10;24,40;100,00;220,37;22,49;6,29
2000.0;7.0;2000-07-01;BRASPINE;FIGUEIRA;PR;DOUTOR ULYSSES;1053,81;315,71;56,44;11,98;78,00;-0,22;32,24;24,58;100,00;218,34;27,27;0,22
2000.0;7.0;2000-07-01;BRASPINE;FIGUEIRINHA;PR;DOUTOR ULYSSES;94,37;56,74;57,06;11,98;78,00;-0,22;32,24;24,58;100,00;218,34;27,27;0,22
2000.0;7.0;2000-07-01;BRASPINE;FLOEMA;PR;DOUTOR ULYSSES;2189,88;701,43;55,41;11,64;77,13;-0,70;32,23;23,71;100,00;209,53;22,94;1,18
2000.0;7.0;2000-07-01;BRASPINE;FLOEMA I - SUDATI;;;;;54,03;11,93;77,10;-0,33;32,21;24,10;100,00;218,20;21,55;6,34
2000.0;7.0;2000-07-01;BRASPINE;FLOEMA II - SUDATI;PR;DOUTOR ULYSSES;453,83;211,13;60,51;11,93;77,10;-0,33;32,21;24,10;100,00;218,20;21,55;6,34
2000.0;7.0;2000-07-01;BRASPINE;FLOR DA SERRA;PR;SAO JOSE DA BOA VISTA;209,10;128,72;42,76;13,26;72,18;0,29;32,77;25,69;100,00;225,11;29,24;10,94
2000.0;7.0;2000-07-01;BRASPINE;GENTIL;PR;JAGUARIAIVA;126,77;53,33;61,07;11,37;74,73;-1,36;35,45;22,66;99,62;197,43;26,13;5,50
2000.0;7.0;2000-07-01;BRASPINE;GUAIRACA;PR;GUARAPUAVA;623,62;169,31;86,80;10,19;79,50;-3,60;41,64;22,46;99,98;158,84;2,70;51,74
2000.0;7.0;2000-07-01;BRASPINE;HERVAL 2 - MADALOSSO;;;;;67,31;11,45;76,18;-1,11;35,97;23,80;100,00;170,55;25,03;17,24
2000.0;7.0;2000-07-01;BRASPINE;HERVAL DE BAIXO;PR;RESERVA;827,29;475,92;90,57;11,60;78,40;-1,89;41,31;24,19;99,84;165,18;18,04;10,99
2000.0;7.0;2000-07-01;BRASPINE;HORTO 01;PR;TURVO;19,12;19,12;106,71;10,53;79,99;-3,38;44,78;22,89;99,79;161,68;5,22;0,02
2000.0;7.0;2000-07-01;BRASPINE;HORTO 02;PR;TURVO;4,24;4,24;108,07;10,53;79,99;-3,38;44,78;22,89;99,79;161,68;5,22;0,02
2000.0;7.0;2000-07-01;BRASPINE;HORTO 03;PR;PRUDENTOPOLIS;80,91;25,89;102,77;10,99;79,38;-2,98;41,79;23,60;99,87;160,59;7,21;16,65
2000.0;7.0;2000-07-01;BRASPINE;HORTO 08;PR;TURVO;9,53;9,53;97,23;10,99;79,38;-2,98;41,79;23,60;99,87;160,59;7,21;16,65
2000.0;7.0;2000-07-01;BRASPINE;HORTO 12;PR;PRUDENTOPOLIS;12,20;12,20;102,17;10,99;79,38;-2,98;41,79;23,60;99,87;160,59;7,21;16,65
2000.0;7.0;2000-07-01;BRASPINE;IZAU;PR;PIRAI DO SUL;19,37;11,60;58,84;11,42;75,33;-1,42;35,59;22,74;99,66;188,67;27,40;3,56
2000.0;7.0;2000-07-01;BRASPINE;JOAO RICO;PR;JAGUARIAIVA;47,46;26,18;62,03;11,68;74,15;-0,95;33,84;23,06;99,86;192,75;26,60;16,44
2000.0;7.0;2000-07-01;BRASPINE;LAGOA;PR;JAGUARIAIVA;24,10;10,78;50,92;11,81;76,51;-0,53;32,29;23,54;100,00;200,98;20,21;0,52
2000.0;7.0;2000-07-01;BRASPINE;MARACANA;PR;JANDAIA DO SUL;11,45;11,45;74,63;13,92;72,53;1,24;33,40;25,96;99,97;196,22;25,97;1,64
2000.0;7.0;2000-07-01;BRASPINE;MARRECA;;;;;56,05;11,98;78,00;-0,22;32,24;24,58;100,00;218,34;27,27;0,22
2000.0;7.0;2000-07-01;BRASPINE;MARRECA SP;SP;ITAPIRAPUA PAULISTA;675,30;236,19;66,84;12,44;78,47;0,21;32,19;25,88;100,00;224,68;24,26;11,83
2000.0;7.0;2000-07-01;BRASPINE;MARRECAS;;;;;90,86;9,75;79,76;-3,75;42,34;21,75;100,00;151,37;9,80;51,09
2000.0;7.0;2000-07-01;BRASPINE;MERCADINHO;;;;;54,59;12,24;78,21;-0,02;32,99;25,33;100,00;216,27;19,66;6,29
2000.0;7.0;2000-07-01;BRASPINE;MONTE ALEGRE;;;;;77,66;14,27;72,10;1,67;34,14;26,54;99,82;187,82;24,22;5,04
2000.0;7.0;2000-07-01;BRASPINE;MONTE TABOR II;;;;;56,25;11,91;80,38;-1,77;35,20;25,08;100,00;208,08;21,92;1,84
2000.0;7.0;2000-07-01;BRASPINE;MOREIRA;PR;DOUTOR ULYSSES;230,52;68,68;60,51;11,93;77,10;-0,33;32,21;24,10;100,00;218,20;21,55;6,34
2000.0;7.0;2000-07-01;BRASPINE;MOREIRAS II;PR;DOUTOR ULYSSES;66,76;28,75;62,43;11,93;77,10;-0,33;32,21;24,10;100,00;218,20;21,55;6,34
2000.0;7.0;2000-07-01;BRASPINE;MORRETES;PR;ORTIGUEIRA;20,36;20,36;93,69;11,88;78,52;-1,85;39,90;24,79;99,80;183,39;16,04;7,18
2000.0;7.0;2000-07-01;BRASPINE;MORRO AZUL;;;;;61,50;12,18;76,78;-0,09;30,85;24,86;100,00;207,51;24,51;2,34
2000.0;7.0;2000-07-01;BRASPINE;OURO FINO;SP;APIAI;51,70;51,70;55,46;11,97;78,08;-0,84;31,94;24,65;100,00;214,80;24,99;6,50
2000.0;7.0;2000-07-01;BRASPINE;PALMEIRINHA DE BAIXO - SOSSEGO;PR;SENGES;85,93;9,22;52,27;11,84;74,11;-0,45;30,81;23,15;99,95;217,37;26,96;7,42
2000.0;7.0;2000-07-01;BRASPINE;PAZIN;PR;DOUTOR ULYSSES;41,20;23,90;56,37;11,98;78,00;-0,22;32,24;24,58;100,00;218,34;27,27;0,22
2000.0;7.0;2000-07-01;BRASPINE;PEDRAS;PR;CASTRO;7,18;7,18;64,64;11,24;76,24;-2,00;37,00;22,72;99,88;161,66;16,99;13,34
2000.0;7.0;2000-07-01;BRASPINE;PESCARIA;PR;SAO JOSE DA BOA VISTA;184,57;129,22;53,18;13,41;71,63;0,59;31,53;25,82;99,88;214,21;27,67;14,11
2000.0;7.0;2000-07-01;BRASPINE;PESSEGUEIRO;PR;DOUTOR ULYSSES;109,95;64,79;53,01;11,93;77,10;-0,33;32,21;24,10;100,00;218,20;21,55;6,34
2000.0;7.0;2000-07-01;BRASPINE;PITANGA;;;;;123,92;10,77;78,46;-2,94;43,90;22,47;99,80;176,05;1,13;3,06
2000.0;7.0;2000-07-01;BRASPINE;QUEIMADINHO ARROIO CLARO;PR;DOUTOR ULYSSES;48,13;19,09;65,66;11,93;77,10;-0,33;32,21;24,10;100,00;218,20;21,55;6,34
2000.0;7.0;2000-07-01;BRASPINE;QUEIMADINHO M6042;PR;DOUTOR ULYSSES;48,38;18,50;65,66;11,93;77,10;-0,33;32,21;24,10;100,00;218,20;21,55;6,34
2000.0;7.0;2000-07-01;BRASPINE;QUEIMADINHO USUCAPIAO;PR;DOUTOR ULYSSES;200,27;92,43;65,66;11,93;77,10;-0,33;32,21;24,10;100,00;218,20;21,55;6,34
2000.0;7.0;2000-07-01;BRASPINE;RAMOS;PR;SENGES;69,83;38,15;54,03;11,81;76,51;-0,53;32,29;23,54;100,00;200,98;20,21;0,52
2000.0;7.0;2000-07-01;BRASPINE;RIBEIRAO GRANDE;PR;JAGUARIAIVA;20,77;20,77;58,37;11,42;75,33;-1,42;35,59;22,74;99,66;188,67;27,40;3,56
2000.0;7.0;2000-07-01;BRASPINE;RINCAO DE BAIXO;;;;;67,74;11,43;75,61;-2,35;38,69;23,10;99,55;171,32;11,32;5,25
2000.0;7.0;2000-07-01;BRASPINE;RIO BOMBA;PR;CERRO AZUL;65,03;37,72;60,74;12,39;77,62;-0,20;34,27;25,59;99,97;218,93;18,21;19,05
2000.0;7.0;2000-07-01;BRASPINE;RIO DO MEIO;PR;DOUTOR ULYSSES;712,33;389,13;63,28;11,93;77,10;-0,33;32,21;24,10;100,00;218,20;21,55;6,34
2000.0;7.0;2000-07-01;BRASPINE;RONDON;PR;JAGUARIAIVA;2899,24;1475,88;52,97;11,74;74,77;-0,55;32,51;23,11;99,89;197,75;31,86;6,26
2000.0;7.0;2000-07-01;BRASPINE;SANTA FELICIDADE;;;;;65,04;12,70;78,98;0,51;32,38;26,76;100,00;226,35;24,85;13,17
2000.0;7.0;2000-07-01;BRASPINE;SANTA LIDIA DO CERCADINHO;;;;;62,51;11,25;75,38;-2,19;38,36;22,68;99,93;169,79;11,49;3,92
2000.0;7.0;2000-07-01;BRASPINE;SANTO ANTONIO;;;;;54,23;11,91;74,13;-0,45;29,14;23,49;100,00;203,28;32,19;9,39
2000.0;7.0;2000-07-01;BRASPINE;SAO JOSE;PR;JANDAIA DO SUL;37,56;37,56;76,71;14,17;72,18;1,57;34,10;26,36;99,89;201,29;28,53;5,87
2000.0;7.0;2000-07-01;BRASPINE;SAO MATHEUS;;;;;75,03;14,83;72,60;1,28;34,85;27,97;99,36;154,88;22,17;2,61
2000.0;7.0;2000-07-01;BRASPINE;SAO PEDRO E SAO PAULO;PR;SAPOPEMA;709,13;323,93;58,80;12,64;73,38;-0,27;33,29;24,45;99,75;229,33;32,35;2,66
2000.0;7.0;2000-07-01;BRASPINE;SAO RAFAEL;;;;;71,59;10,68;77,20;-2,90;36,84;23,96;100,00;156,47;4,48;17,10
2000.0;7.0;2000-07-01;BRASPINE;SAO RAFAEL - PB;;;;;56,13;12,08;77,74;-0,48;31,60;24,76;100,00;220,14;22,78;5,27
2000.0;7.0;2000-07-01;BRASPINE;SERRARIA;PR;DOUTOR ULYSSES;280,88;117,71;56,77;11,81;77,57;-0,46;32,23;24,14;100,00;213,95;25,10;0,71
2000.0;7.0;2000-07-01;BRASPINE;SERRO VERDE;;;;;115,93;10,45;78,22;-2,84;41,21;22,32;99,91;169,19;2,84;14,97
2000.0;7.0;2000-07-01;BRASPINE;SERTAOZINHO;PR;DOUTOR ULYSSES;16,25;16,25;62,83;11,93;77,10;-0,33;32,21;24,10;100,00;218,20;21,55;6,34
2000.0;7.0;2000-07-01;BRASPINE;SITIO BASILIO;PR;JAGUARIAIVA;8,08;8,08;61,56;11,44;74,39;-1,23;34,97;22,74;99,70;198,16;22,19;0,41
2000.0;7.0;2000-07-01;BRASPINE;SITIO DAS MARRECAS;PR;DOUTOR ULYSSES;77,49;35,17;59,92;12,31;78,34;0,09;32,20;25,47;100,00;222,90;23,72;10,01
2000.0;7.0;2000-07-01;BRASPINE;SOBRADINHO;SP;BOM SUCESSO DE ITARARE;285,80;123,10;51,81;11,88;75,14;-0,50;29,31;23,72;100,00;201,65;30,23;14,33
2000.0;7.0;2000-07-01;BRASPINE;TAQUARAL;PR;JAGUARIAIVA;519,13;31,07;60,96;11,78;74,44;-0,69;33,22;23,22;100,00;196,78;29,26;19,81
2000.0;7.0;2000-07-01;BRASPINE;TUCUNDUVA;PR;SENGES;82,21;60,89;66,45;12,21;72,50;-0,90;31,68;23,83;99,98;217,96;25,40;18,94
2000.0;7.0;2000-07-01;BRASPINE;TUCUNDUVA - CHAMMA;;;;;56,96;12,37;72,73;-0,19;31,36;23,89;100,00;228,16;32,48;19,83
2000.0;7.0;2000-07-01;BRASPINE;VIENA 1;PR;DOUTOR ULYSSES;263,98;178,34;56,36;11,57;76,20;-0,98;33,72;23,27;100,00;194,14;21,41;0,00
2000.0;7.0;2000-07-01;BRASPINE;VIENA 2;PR;CERRO AZUL;140,23;96,54;60,84;12,39;77,62;-0,20;34,27;25,59;99,97;218,93;18,21;19,05
2000.0;7.0;2000-07-01;BRASPINE;VITORIA;PR;SENGES;50,54;35,69;52,27;11,84;74,11;-0,45;30,81;23,15;99,95;217,37;26,96;7,42
2000.0;7.0;2000-07-01;BRASPINE;VIVEIRO;PR;DOUTOR ULYSSES;405,39;261,22;62,43;11,93;77,10;-0,33;32,21;24,10;100,00;218,20;21,55;6,34
2000.0;7.0;2000-07-01;BRASPINE;VO LINO;PR;DOUTOR ULYSSES;164,50;97,89;55,55;11,98;78,00;-0,22;32,24;24,58;100,00;218,34;27,27;0,22
2000.0;7.0;2000-07-01;BRASPINE;XAXIM VELHO;;;;;102,18;9,76;79,76;-3,94;42,17;21,99;100,00;147,37;7,76;3,32
2000.0;8.0;2000-08-01;BRASPINE;AGUA DOCE;PR;JAGUARIAIVA;238,97;121,99;140,97;14,62;78,25;3,09;35,71;26,21;99,90;277,11;11,84;13,63
2000.0;8.0;2000-08-01;BRASPINE;AMATA;;;;;124,98;15,20;83,15;4,34;30,79;29,51;100,00;301,58;4,34;4,35
2000.0;8.0;2000-08-01;BRASPINE;ANTA BRAVA;;;;;69,38;17,23;73,98;6,99;26,97;30,91;99,90;341,69;0,00;327,16
2000.0;8.0;2000-08-01;BRASPINE;ARAPONGAS;PR;SENGES;423,34;263,70;136,65;14,29;82,46;3,51;30,84;27,07;100,00;284,98;12,88;3,32
2000.0;8.0;2000-08-01;BRASPINE;ARROIO CLARO;PR;DOUTOR ULYSSES;275,14;92,00;135,52;14,30;83,58;3,76;30,01;27,58;100,00;283,26;8,50;2,97
2000.0;8.0;2000-08-01;BRASPINE;BARRA GRANDE;PR;DOUTOR ULYSSES;493,79;139,68;134,90;14,60;83,14;3,73;30,25;28,14;100,00;273,82;8,56;1,51
2000.0;8.0;2000-08-01;BRASPINE;BARRA GRANDE - BEMAIS;PR;GUARAPUAVA;299,16;108,61;98,45;14,02;79,55;3,18;39,08;24,71;99,99;282,52;3,18;33,55
2000.0;8.0;2000-08-01;BRASPINE;BARRETOS;PR;JAGUARIAIVA;43,35;32,98;141,05;14,45;81,06;3,16;32,72;26,82;100,00;293,02;11,75;5,96
2000.0;8.0;2000-08-01;BRASPINE;BAU;;;;;110,00;14,17;78,95;4,12;40,28;24,41;99,91;296,09;4,12;2,15
2000.0;8.0;2000-08-01;BRASPINE;BOA VISTA II;PR;PIRAI DO SUL;944,00;535,05;141,85;14,53;79,82;2,94;34,51;26,62;99,99;293,56;16,02;6,61
2000.0;8.0;2000-08-01;BRASPINE;BRASILEIRA;;;;;133,11;14,29;82,46;3,51;30,84;27,07;100,00;284,98;12,88;3,32
2000.0;8.0;2000-08-01;BRASPINE;BURACAO;;;;;115,69;14,21;81,08;3,13;35,90;26,53;99,88;281,25;7,23;11,64
2000.0;8.0;2000-08-01;BRASPINE;BURRINHO;PR;DOUTOR ULYSSES;211,01;100,37;135,48;14,30;83,58;3,76;30,01;27,58;100,00;283,26;8,50;2,97
2000.0;8.0;2000-08-01;BRASPINE;CADEADO I;PR;JAGUARIAIVA;21,07;12,29;132,88;14,22;81,77;3,32;31,57;26,59;100,00;283,29;12,24;4,96
2000.0;8.0;2000-08-01;BRASPINE;CADEADO II;PR;JAGUARIAIVA;21,88;16,79;132,88;14,22;81,77;3,32;31,57;26,59;100,00;283,29;12,24;4,96
2000.0;8.0;2000-08-01;BRASPINE;CAMPINA ALTA;PR;TIBAGI;29,77;18,24;188,81;15,21;80,01;2,61;36,62;27,10;99,92;296,10;2,61;0,03
2000.0;8.0;2000-08-01;BRASPINE;CAMPINA DO ELIAS;PR;JAGUARIAIVA;29,17;14,65;141,54;14,36;81,32;3,22;32,30;26,74;100,00;289,48;11,93;5,63
2000.0;8.0;2000-08-01;BRASPINE;CAMPO NOVO;PR;JAGUARIAIVA;295,98;156,36;141,19;14,22;81,77;3,32;31,57;26,59;100,00;283,29;12,24;4,96
2000.0;8.0;2000-08-01;BRASPINE;CONSULTORIA II A;PR;DOUTOR ULYSSES;89,62;60,79;130,58;14,29;82,46;3,51;30,84;27,07;100,00;284,98;12,88;3,32
2000.0;8.0;2000-08-01;BRASPINE;DINIZ;;;;;128,53;14,29;82,46;3,51;30,84;27,07;100,00;284,98;12,88;3,32
2000.0;8.0;2000-08-01;BRASPINE;ENES;PR;JAGUARIAIVA;5,93;5,69;141,77;14,22;81,77;3,32;31,57;26,59;100,00;283,29;12,24;4,96
2000.0;8.0;2000-08-01;BRASPINE;ENGENHARIA;;;;;128,53;14,29;82,46;3,51;30,84;27,07;100,00;284,98;12,88;3,32
2000.0;8.0;2000-08-01;BRASPINE;ESTACAO;PR;SENGES;4,76;4,14;128,65;14,22;81,77;3,32;31,57;26,59;100,00;283,29;12,24;4,96
2000.0;8.0;2000-08-01;BRASPINE;FAXINAL;PR;JAGUARIAIVA;20,65;20,65;141,77;14,22;81,77;3,32;31,57;26,59;100,00;283,29;12,24;4,96
2000.0;8.0;2000-08-01;BRASPINE;FEITAL;PR;DOUTOR ULYSSES;154,17;86,53;133,29;14,39;82,69;3,58;30,64;27,43;100,00;286,31;13,14;2,73
2000.0;8.0;2000-08-01;BRASPINE;FIGUEIRA;PR;DOUTOR ULYSSES;1053,81;315,71;134,44;14,30;83,58;3,76;30,01;27,58;100,00;283,26;8,50;2,97
2000.0;8.0;2000-08-01;BRASPINE;FIGUEIRINHA;PR;DOUTOR ULYSSES;94,37;56,74;137,52;14,30;83,58;3,76;30,01;27,58;100,00;283,26;8,50;2,97
2000.0;8.0;2000-08-01;BRASPINE;FLOEMA;PR;DOUTOR ULYSSES;2189,88;701,43;138,48;13,99;82,72;3,44;30,64;26,55;100,00;278,20;12,67;86,50
2000.0;8.0;2000-08-01;BRASPINE;FLOEMA I - SUDATI;;;;;127,87;14,29;82,46;3,51;30,84;27,07;100,00;284,98;12,88;3,32
2000.0;8.0;2000-08-01;BRASPINE;FLOEMA II - SUDATI;PR;DOUTOR ULYSSES;453,83;211,13;126,28;14,29;82,46;3,51;30,84;27,07;100,00;284,98;12,88;3,32
2000.0;8.0;2000-08-01;BRASPINE;FLOR DA SERRA;PR;SAO JOSE DA BOA VISTA;209,10;128,72;122,77;16,10;75,52;5,70;30,95;29,02;99,64;312,58;0,00;16,35
2000.0;8.0;2000-08-01;BRASPINE;GENTIL;PR;JAGUARIAIVA;126,77;53,33;140,99;14,39;78,35;3,00;36,42;25,66;99,86;276,14;11,60;3,29
2000.0;8.0;2000-08-01;BRASPINE;GUAIRACA;PR;GUARAPUAVA;623,62;169,31;102,19;14,05;79,55;2,96;39,27;25,15;100,00;294,08;7,93;2,11
2000.0;8.0;2000-08-01;BRASPINE;HERVAL 2 - MADALOSSO;;;;;112,84;14,21;81,08;3,13;35,90;26,53;99,88;281,25;7,23;11,64
2000.0;8.0;2000-08-01;BRASPINE;HERVAL DE BAIXO;PR;RESERVA;827,29;475,92;199,62;15,09;80,94;2,52;36,38;27,13;99,77;286,34;2,52;0,01
2000.0;8.0;2000-08-01;BRASPINE;HORTO 01;PR;TURVO;19,12;19,12;109,90;14,72;79,85;3,78;45,07;25,39;100,00;283,10;3,78;3,17
2000.0;8.0;2000-08-01;BRASPINE;HORTO 02;PR;TURVO;4,24;4,24;110,68;14,72;79,85;3,78;45,07;25,39;100,00;283,10;3,78;3,17
2000.0;8.0;2000-08-01;BRASPINE;HORTO 03;PR;PRUDENTOPOLIS;80,91;25,89;107,87;15,01;79,90;4,11;41,81;26,30;99,93;301,89;4,11;6,04
2000.0;8.0;2000-08-01;BRASPINE;HORTO 08;PR;TURVO;9,53;9,53;105,95;15,01;79,90;4,11;41,81;26,30;99,93;301,89;4,11;6,04
2000.0;8.0;2000-08-01;BRASPINE;HORTO 12;PR;PRUDENTOPOLIS;12,20;12,20;107,81;15,01;79,90;4,11;41,81;26,30;99,93;301,89;4,11;6,04
2000.0;8.0;2000-08-01;BRASPINE;IZAU;PR;PIRAI DO SUL;19,37;11,60;142,14;14,37;79,18;2,84;35,35;25,95;99,90;279,62;15,61;7,19
2000.0;8.0;2000-08-01;BRASPINE;JOAO RICO;PR;JAGUARIAIVA;47,46;26,18;142,21;14,62;78,25;3,09;35,71;26,21;99,90;277,11;11,84;13,63
2000.0;8.0;2000-08-01;BRASPINE;LAGOA;PR;JAGUARIAIVA;24,10;10,78;132,32;14,22;81,77;3,32;31,57;26,59;100,00;283,29;12,24;4,96
2000.0;8.0;2000-08-01;BRASPINE;MARACANA;PR;JANDAIA DO SUL;11,45;11,45;161,53;17,63;74,49;7,71;29,83;29,48;99,98;248,82;0,00;1,62
2000.0;8.0;2000-08-01;BRASPINE;MARRECA;;;;;134,98;14,30;83,58;3,76;30,01;27,58;100,00;283,26;8,50;2,97
2000.0;8.0;2000-08-01;BRASPINE;MARRECA SP;SP;ITAPIRAPUA PAULISTA;675,30;236,19;132,36;14,77;84,20;3,96;29,79;28,93;100,00;288,36;3,96;0,52
2000.0;8.0;2000-08-01;BRASPINE;MARRECAS;;;;;99,40;13,57;79,57;2,69;37,20;24,11;100,00;272,58;11,76;8,52
2000.0;8.0;2000-08-01;BRASPINE;MERCADINHO;;;;;137,74;14,63;83,76;4,06;30,42;28,53;100,00;284,90;4,06;4,48
2000.0;8.0;2000-08-01;BRASPINE;MONTE ALEGRE;;;;;162,47;17,99;74,43;8,06;29,89;30,03;99,93;255,70;0,00;3,09
2000.0;8.0;2000-08-01;BRASPINE;MONTE TABOR II;;;;;141,11;14,07;85,46;3,51;33,71;27,48;100,00;286,89;3,51;10,52
2000.0;8.0;2000-08-01;BRASPINE;MOREIRA;PR;DOUTOR ULYSSES;230,52;68,68;126,28;14,29;82,46;3,51;30,84;27,07;100,00;284,98;12,88;3,32
2000.0;8.0;2000-08-01;BRASPINE;MOREIRAS II;PR;DOUTOR ULYSSES;66,76;28,75;131,24;14,29;82,46;3,51;30,84;27,07;100,00;284,98;12,88;3,32
2000.0;8.0;2000-08-01;BRASPINE;MORRETES;PR;ORTIGUEIRA;20,36;20,36;207,21;15,43;81,34;3,19;35,34;27,88;99,78;290,65;3,19;2,34
2000.0;8.0;2000-08-01;BRASPINE;MORRO AZUL;;;;;145,07;14,49;82,23;3,54;30,32;27,71;100,00;269,27;13,04;17,02
2000.0;8.0;2000-08-01;BRASPINE;OURO FINO;SP;APIAI;51,70;51,70;149,09;14,18;83,55;3,73;32,25;27,37;100,00;276,69;8,44;16,30
2000.0;8.0;2000-08-01;BRASPINE;PALMEIRINHA DE BAIXO - SOSSEGO;PR;SENGES;85,93;9,22;140,71;14,32;78,66;3,30;33,08;26,02;99,88;270,11;12,33;20,56
2000.0;8.0;2000-08-01;BRASPINE;PAZIN;PR;DOUTOR ULYSSES;41,20;23,90;134,13;14,30;83,58;3,76;30,01;27,58;100,00;283,26;8,50;2,97
2000.0;8.0;2000-08-01;BRASPINE;PEDRAS;PR;CASTRO;7,18;7,18;138,38;14,25;80,18;2,78;37,68;25,72;99,92;271,14;15,41;1,09
2000.0;8.0;2000-08-01;BRASPINE;PESCARIA;PR;SAO JOSE DA BOA VISTA;184,57;129,22;126,66;16,28;74,79;5,57;30,57;29,29;99,67;318,25;0,00;20,81
2000.0;8.0;2000-08-01;BRASPINE;PESSEGUEIRO;PR;DOUTOR ULYSSES;109,95;64,79;129,55;14,29;82,46;3,51;30,84;27,07;100,00;284,98;12,88;3,32
2000.0;8.0;2000-08-01;BRASPINE;PITANGA;;;;;122,61;14,73;79,04;4,53;43,13;25,04;99,80;309,99;9,47;1,80
2000.0;8.0;2000-08-01;BRASPINE;QUEIMADINHO ARROIO CLARO;PR;DOUTOR ULYSSES;48,13;19,09;133,11;14,29;82,46;3,51;30,84;27,07;100,00;284,98;12,88;3,32
2000.0;8.0;2000-08-01;BRASPINE;QUEIMADINHO M6042;PR;DOUTOR ULYSSES;48,38;18,50;133,11;14,29;82,46;3,51;30,84;27,07;100,00;284,98;12,88;3,32
2000.0;8.0;2000-08-01;BRASPINE;QUEIMADINHO USUCAPIAO;PR;DOUTOR ULYSSES;200,27;92,43;133,11;14,29;82,46;3,51;30,84;27,07;100,00;284,98;12,88;3,32
2000.0;8.0;2000-08-01;BRASPINE;RAMOS;PR;SENGES;69,83;38,15;127,87;14,22;81,77;3,32;31,57;26,59;100,00;283,29;12,24;4,96
2000.0;8.0;2000-08-01;BRASPINE;RIBEIRAO GRANDE;PR;JAGUARIAIVA;20,77;20,77;146,91;14,37;79,18;2,84;35,35;25,95;99,90;279,62;15,61;7,19
2000.0;8.0;2000-08-01;BRASPINE;RINCAO DE BAIXO;;;;;160,93;14,74;77,89;3,83;35,73;26,14;99,88;284,56;3,83;3,81
2000.0;8.0;2000-08-01;BRASPINE;RIO BOMBA;PR;CERRO AZUL;65,03;37,72;128,15;14,89;83,14;4,21;31,12;28,81;99,97;291,44;4,21;0,88
2000.0;8.0;2000-08-01;BRASPINE;RIO DO MEIO;PR;DOUTOR ULYSSES;712,33;389,13;131,73;14,29;82,46;3,51;30,84;27,07;100,00;284,98;12,88;3,32
2000.0;8.0;2000-08-01;BRASPINE;RONDON;PR;JAGUARIAIVA;2899,24;1475,88;143,12;14,33;79,27;3,22;34,19;26,02;99,89;285,10;12,07;32,59
2000.0;8.0;2000-08-01;BRASPINE;SANTA FELICIDADE;;;;;128,72;14,96;84,84;4,13;29,75;29,75;100,00;286,40;4,13;3,87
2000.0;8.0;2000-08-01;BRASPINE;SANTA LIDIA DO CERCADINHO;;;;;155,32;14,47;77,73;3,71;36,10;25,56;99,90;278,31;3,71;3,45
2000.0;8.0;2000-08-01;BRASPINE;SANTO ANTONIO;;;;;143,28;14,29;79,24;3,26;31,41;26,40;100,00;279,67;12,27;18,70
2000.0;8.0;2000-08-01;BRASPINE;SAO JOSE;PR;JANDAIA DO SUL;37,56;37,56;162,78;17,87;74,42;7,98;29,98;29,82;99,97;253,82;0,00;3,93
2000.0;8.0;2000-08-01;BRASPINE;SAO MATHEUS;;;;;172,49;18,73;75,41;8,51;30,07;31,36;99,81;236,11;0,00;0,40
2000.0;8.0;2000-08-01;BRASPINE;SAO PEDRO E SAO PAULO;PR;SAPOPEMA;709,13;323,93;134,70;15,87;76,16;5,41;32,01;27,38;99,86;306,36;0,00;0,00
2000.0;8.0;2000-08-01;BRASPINE;SAO RAFAEL;;;;;84,07;13,77;80,56;2,90;35,94;26,54;100,00;260,51;11,35;1,95
2000.0;8.0;2000-08-01;BRASPINE;SAO RAFAEL - PB;;;;;148,27;14,32;83,21;3,71;31,47;27,58;100,00;280,92;13,44;18,41
2000.0;8.0;2000-08-01;BRASPINE;SERRARIA;PR;DOUTOR ULYSSES;280,88;117,71;141,03;14,15;83,15;3,60;30,33;27,06;100,00;280,71;8,12;1,98
2000.0;8.0;2000-08-01;BRASPINE;SERRO VERDE;;;;;107,57;14,58;77,67;4,62;39,25;25,00;99,97;296,30;9,32;7,45
2000.0;8.0;2000-08-01;BRASPINE;SERTAOZINHO;PR;DOUTOR ULYSSES;16,25;16,25;132,39;14,29;82,46;3,51;30,84;27,07;100,00;284,98;12,88;3,32
2000.0;8.0;2000-08-01;BRASPINE;SITIO BASILIO;PR;JAGUARIAIVA;8,08;8,08;140,16;14,46;78,06;3,07;36,56;25,72;99,88;275,30;11,87;1,07
2000.0;8.0;2000-08-01;BRASPINE;SITIO DAS MARRECAS;PR;DOUTOR ULYSSES;77,49;35,17;134,93;14,64;84,02;3,90;29,85;28,54;100,00;286,89;3,90;1,24
2000.0;8.0;2000-08-01;BRASPINE;SOBRADINHO;SP;BOM SUCESSO DE ITARARE;285,80;123,10;148,68;14,14;80,59;3,32;31,20;26,59;100,00;274,80;12,34;1,30
2000.0;8.0;2000-08-01;BRASPINE;TAQUARAL;PR;JAGUARIAIVA;519,13;31,07;142,94;14,55;78,95;3,12;35,11;26,29;100,00;274,78;11,84;9,30
2000.0;8.0;2000-08-01;BRASPINE;TUCUNDUVA;PR;SENGES;82,21;60,89;160,98;15,04;75,81;4,08;33,67;26,78;99,53;230,63;4,08;8,40
2000.0;8.0;2000-08-01;BRASPINE;TUCUNDUVA - CHAMMA;;;;;143,24;15,06;76,15;4,16;33,17;26,89;99,53;246,43;4,16;108,98
2000.0;8.0;2000-08-01;BRASPINE;VIENA 1;PR;DOUTOR ULYSSES;263,98;178,34;139,00;14,05;81,70;3,14;33,10;26,07;100,00;282,26;11,74;0,51
2000.0;8.0;2000-08-01;BRASPINE;VIENA 2;PR;CERRO AZUL;140,23;96,54;128,22;14,89;83,14;4,21;31,12;28,81;99,97;291,44;4,21;0,88
2000.0;8.0;2000-08-01;BRASPINE;VITORIA;PR;SENGES;50,54;35,69;140,71;14,32;78,66;3,30;33,08;26,02;99,88;270,11;12,33;20,56
2000.0;8.0;2000-08-01;BRASPINE;VIVEIRO;PR;DOUTOR ULYSSES;405,39;261,22;131,24;14,29;82,46;3,51;30,84;27,07;100,00;284,98;12,88;3,32
2000.0;8.0;2000-08-01;BRASPINE;VO LINO;PR;DOUTOR ULYSSES;164,50;97,89;135,09;14,30;83,58;3,76;30,01;27,58;100,00;283,26;8,50;2,97
2000.0;8.0;2000-08-01;BRASPINE;XAXIM VELHO;;;;;92,74;13,55;80,08;2,45;37,55;24,75;100,00;283,58;10,31;4,32
2000.0;9.0;2000-09-01;BRASPINE;AGUA DOCE;PR;JAGUARIAIVA;238,97;121,99;135,88;15,60;86,47;6,29;51,54;25,81;99,88;218,12;0,00;3,62
2000.0;9.0;2000-09-01;BRASPINE;AMATA;;;;;152,82;16,65;87,25;8,91;46,15;29,00;100,00;265,26;0,00;1,23
2000.0;9.0;2000-09-01;BRASPINE;ANTA BRAVA;;;;;113,01;18,51;80,44;10,70;39,17;29,04;99,53;235,39;0,00;7,27
2000.0;9.0;2000-09-01;BRASPINE;ARAPONGAS;PR;SENGES;423,34;263,70;126,31;15,53;88,40;7,05;46,95;27,05;100,00;234,42;0,00;0,27
2000.0;9.0;2000-09-01;BRASPINE;ARROIO CLARO;PR;DOUTOR ULYSSES;275,14;92,00;131,79;15,61;88,79;7,41;45,61;27,58;100,00;253,35;0,00;4,70
2000.0;9.0;2000-09-01;BRASPINE;BARRA GRANDE;PR;DOUTOR ULYSSES;493,79;139,68;133,80;15,91;88,55;7,49;45,50;28,00;100,00;242,78;0,00;0,53
2000.0;9.0;2000-09-01;BRASPINE;BARRA GRANDE - BEMAIS;PR;GUARAPUAVA;299,16;108,61;260,40;15,05;87,56;5,92;43,01;25,74;99,99;238,98;0,00;0,74
2000.0;9.0;2000-09-01;BRASPINE;BARRETOS;PR;JAGUARIAIVA;43,35;32,98;132,51;15,55;87,86;6,44;48,94;26,62;99,99;231,09;0,00;2,69
2000.0;9.0;2000-09-01;BRASPINE;BAU;;;;;251,74;15,25;86,82;4,75;43,51;25,36;99,91;243,09;4,75;0,81
2000.0;9.0;2000-09-01;BRASPINE;BOA VISTA II;PR;PIRAI DO SUL;944,00;535,05;133,06;15,57;87,33;6,18;49,41;26,35;99,98;229,88;0,00;4,69
2000.0;9.0;2000-09-01;BRASPINE;BRASILEIRA;;;;;128,83;15,53;88,40;7,05;46,95;27,05;100,00;234,42;0,00;0,27
2000.0;9.0;2000-09-01;BRASPINE;BURACAO;;;;;175,89;15,38;87,45;7,32;47,48;26,76;99,89;247,03;0,00;1,76
2000.0;9.0;2000-09-01;BRASPINE;BURRINHO;PR;DOUTOR ULYSSES;211,01;100,37;131,70;15,61;88,79;7,41;45,61;27,58;100,00;253,35;0,00;4,70
2000.0;9.0;2000-09-01;BRASPINE;CADEADO I;PR;JAGUARIAIVA;21,07;12,29;126,09;15,40;88,06;6,70;48,16;26,58;100,00;229,97;0,00;5,34
2000.0;9.0;2000-09-01;BRASPINE;CADEADO II;PR;JAGUARIAIVA;21,88;16,79;126,09;15,40;88,06;6,70;48,16;26,58;100,00;229,97;0,00;5,34
2000.0;9.0;2000-09-01;BRASPINE;CAMPINA ALTA;PR;TIBAGI;29,77;18,24;197,77;16,87;84,62;8,18;46,53;27,11;99,98;231,65;0,00;6,72
2000.0;9.0;2000-09-01;BRASPINE;CAMPINA DO ELIAS;PR;JAGUARIAIVA;29,17;14,65;128,06;15,50;87,93;6,54;48,77;26,61;99,99;230,69;0,00;1,77
2000.0;9.0;2000-09-01;BRASPINE;CAMPO NOVO;PR;JAGUARIAIVA;295,98;156,36;123,74;15,40;88,06;6,70;48,16;26,58;100,00;229,97;0,00;5,34
2000.0;9.0;2000-09-01;BRASPINE;CONSULTORIA II A;PR;DOUTOR ULYSSES;89,62;60,79;128,48;15,53;88,40;7,05;46,95;27,05;100,00;234,42;0,00;0,27
2000.0;9.0;2000-09-01;BRASPINE;DINIZ;;;;;128,05;15,53;88,40;7,05;46,95;27,05;100,00;234,42;0,00;0,27
2000.0;9.0;2000-09-01;BRASPINE;ENES;PR;JAGUARIAIVA;5,93;5,69;123,39;15,40;88,06;6,70;48,16;26,58;100,00;229,97;0,00;5,34
2000.0;9.0;2000-09-01;BRASPINE;ENGENHARIA;;;;;128,05;15,53;88,40;7,05;46,95;27,05;100,00;234,42;0,00;0,27
2000.0;9.0;2000-09-01;BRASPINE;ESTACAO;PR;SENGES;4,76;4,14;130,15;15,40;88,06;6,70;48,16;26,58;100,00;229,97;0,00;5,34
2000.0;9.0;2000-09-01;BRASPINE;FAXINAL;PR;JAGUARIAIVA;20,65;20,65;123,39;15,40;88,06;6,70;48,16;26,58;100,00;229,97;0,00;5,34
2000.0;9.0;2000-09-01;BRASPINE;FEITAL;PR;DOUTOR ULYSSES;154,17;86,53;129,85;15,66;88,45;7,20;46,58;27,37;100,00;237,24;0,00;2,72
2000.0;9.0;2000-09-01;BRASPINE;FIGUEIRA;PR;DOUTOR ULYSSES;1053,81;315,71;125,75;15,61;88,79;7,41;45,61;27,58;100,00;253,35;0,00;4,70
2000.0;9.0;2000-09-01;BRASPINE;FIGUEIRINHA;PR;DOUTOR ULYSSES;94,37;56,74;131,90;15,61;88,79;7,41;45,61;27,58;100,00;253,35;0,00;4,70
2000.0;9.0;2000-09-01;BRASPINE;FLOEMA;PR;DOUTOR ULYSSES;2189,88;701,43;133,64;15,25;88,49;6,96;46,43;26,77;100,00;229,15;0,00;7,52
2000.0;9.0;2000-09-01;BRASPINE;FLOEMA I - SUDATI;;;;;129,62;15,53;88,40;7,05;46,95;27,05;100,00;234,42;0,00;0,27
2000.0;9.0;2000-09-01;BRASPINE;FLOEMA II - SUDATI;PR;DOUTOR ULYSSES;453,83;211,13;126,44;15,53;88,40;7,05;46,95;27,05;100,00;234,42;0,00;0,27
2000.0;9.0;2000-09-01;BRASPINE;FLOR DA SERRA;PR;SAO JOSE DA BOA VISTA;209,10;128,72;161,09;17,73;80,26;9,21;47,21;27,72;99,60;222,42;0,00;0,29
2000.0;9.0;2000-09-01;BRASPINE;GENTIL;PR;JAGUARIAIVA;126,77;53,33;141,45;15,37;86,56;6,15;52,23;25,40;99,77;228,37;0,00;2,59
2000.0;9.0;2000-09-01;BRASPINE;GUAIRACA;PR;GUARAPUAVA;623,62;169,31;260,69;15,10;87,64;5,99;44,15;25,90;100,00;240,30;0,00;1,75
2000.0;9.0;2000-09-01;BRASPINE;HERVAL 2 - MADALOSSO;;;;;177,85;15,38;87,45;7,32;47,48;26,76;99,89;247,03;0,00;1,76
2000.0;9.0;2000-09-01;BRASPINE;HERVAL DE BAIXO;PR;RESERVA;827,29;475,92;200,16;16,84;84,82;8,04;44,88;27,17;99,90;245,40;0,00;2,74
2000.0;9.0;2000-09-01;BRASPINE;HORTO 01;PR;TURVO;19,12;19,12;230,97;15,81;87,14;6,07;45,13;26,14;99,69;238,11;0,00;2,16
2000.0;9.0;2000-09-01;BRASPINE;HORTO 02;PR;TURVO;4,24;4,24;229,32;15,81;87,14;6,07;45,13;26,14;99,69;238,11;0,00;2,16
2000.0;9.0;2000-09-01;BRASPINE;HORTO 03;PR;PRUDENTOPOLIS;80,91;25,89;234,89;16,25;86,24;6,82;43,45;26,92;99,92;217,43;0,00;3,16
2000.0;9.0;2000-09-01;BRASPINE;HORTO 08;PR;TURVO;9,53;9,53;248,62;16,25;86,24;6,82;43,45;26,92;99,92;217,43;0,00;3,16
2000.0;9.0;2000-09-01;BRASPINE;HORTO 12;PR;PRUDENTOPOLIS;12,20;12,20;234,40;16,25;86,24;6,82;43,45;26,92;99,92;217,43;0,00;3,16
2000.0;9.0;2000-09-01;BRASPINE;IZAU;PR;PIRAI DO SUL;19,37;11,60;147,90;15,31;87,31;5,95;50,63;25,71;99,80;224,86;0,00;6,35
2000.0;9.0;2000-09-01;BRASPINE;JOAO RICO;PR;JAGUARIAIVA;47,46;26,18;137,50;15,60;86,47;6,29;51,54;25,81;99,88;218,12;0,00;3,62
2000.0;9.0;2000-09-01;BRASPINE;LAGOA;PR;JAGUARIAIVA;24,10;10,78;127,30;15,40;88,06;6,70;48,16;26,58;100,00;229,97;0,00;5,34
2000.0;9.0;2000-09-01;BRASPINE;MARACANA;PR;JANDAIA DO SUL;11,45;11,45;168,41;18,79;80,88;9,51;41,59;29,27;99,99;131,56;0,00;0,86
2000.0;9.0;2000-09-01;BRASPINE;MARRECA;;;;;130,85;15,61;88,79;7,41;45,61;27,58;100,00;253,35;0,00;4,70
2000.0;9.0;2000-09-01;BRASPINE;MARRECA SP;SP;ITAPIRAPUA PAULISTA;675,30;236,19;127,78;16,16;88,78;8,09;44,48;28,78;100,00;249,86;0,00;1,21
2000.0;9.0;2000-09-01;BRASPINE;MARRECAS;;;;;278,31;14,55;88,19;5,41;42,71;25,26;100,00;258,02;0,00;7,61
2000.0;9.0;2000-09-01;BRASPINE;MERCADINHO;;;;;131,39;16,04;88,09;8,26;45,78;28,27;100,00;264,76;0,00;1,79
2000.0;9.0;2000-09-01;BRASPINE;MONTE ALEGRE;;;;;165,69;19,24;80,03;9,99;40,85;29,73;99,99;135,54;0,00;0,19
2000.0;9.0;2000-09-01;BRASPINE;MONTE TABOR II;;;;;134,95;15,60;89,34;7,91;43,06;27,61;100,00;304,57;0,00;335,66
2000.0;9.0;2000-09-01;BRASPINE;MOREIRA;PR;DOUTOR ULYSSES;230,52;68,68;126,44;15,53;88,40;7,05;46,95;27,05;100,00;234,42;0,00;0,27
2000.0;9.0;2000-09-01;BRASPINE;MOREIRAS II;PR;DOUTOR ULYSSES;66,76;28,75;128,80;15,53;88,40;7,05;46,95;27,05;100,00;234,42;0,00;0,27
2000.0;9.0;2000-09-01;BRASPINE;MORRETES;PR;ORTIGUEIRA;20,36;20,36;202,50;17,27;84,64;8,47;43,71;27,75;99,85;252,00;0,00;5,40
2000.0;9.0;2000-09-01;BRASPINE;MORRO AZUL;;;;;136,02;15,73;88,29;7,21;45,64;27,42;100,00;238,38;0,00;334,94
2000.0;9.0;2000-09-01;BRASPINE;OURO FINO;SP;APIAI;51,70;51,70;144,24;15,52;88,95;7,39;43,82;27,22;100,00;238,16;0,00;19,25
2000.0;9.0;2000-09-01;BRASPINE;PALMEIRINHA DE BAIXO - SOSSEGO;PR;SENGES;85,93;9,22;139,19;15,37;86,62;6,63;50,35;25,75;99,93;230,00;0,00;5,54
2000.0;9.0;2000-09-01;BRASPINE;PAZIN;PR;DOUTOR ULYSSES;41,20;23,90;131,27;15,61;88,79;7,41;45,61;27,58;100,00;253,35;0,00;4,70
2000.0;9.0;2000-09-01;BRASPINE;PEDRAS;PR;CASTRO;7,18;7,18;151,53;15,35;87,65;6,03;51,84;25,72;99,58;224,93;0,00;0,65
2000.0;9.0;2000-09-01;BRASPINE;PESCARIA;PR;SAO JOSE DA BOA VISTA;184,57;129,22;160,39;17,80;80,12;9,15;46,73;28,04;99,62;222,57;0,00;0,17
2000.0;9.0;2000-09-01;BRASPINE;PESSEGUEIRO;PR;DOUTOR ULYSSES;109,95;64,79;132,00;15,53;88,40;7,05;46,95;27,05;100,00;234,42;0,00;0,27
2000.0;9.0;2000-09-01;BRASPINE;PITANGA;;;;;198,73;16,00;85,85;5,11;43,70;25,87;99,85;212,73;0,00;0,00
2000.0;9.0;2000-09-01;BRASPINE;QUEIMADINHO ARROIO CLARO;PR;DOUTOR ULYSSES;48,13;19,09;128,83;15,53;88,40;7,05;46,95;27,05;100,00;234,42;0,00;0,27
2000.0;9.0;2000-09-01;BRASPINE;QUEIMADINHO M6042;PR;DOUTOR ULYSSES;48,38;18,50;128,83;15,53;88,40;7,05;46,95;27,05;100,00;234,42;0,00;0,27
2000.0;9.0;2000-09-01;BRASPINE;QUEIMADINHO USUCAPIAO;PR;DOUTOR ULYSSES;200,27;92,43;128,83;15,53;88,40;7,05;46,95;27,05;100,00;234,42;0,00;0,27
2000.0;9.0;2000-09-01;BRASPINE;RAMOS;PR;SENGES;69,83;38,15;129,62;15,40;88,06;6,70;48,16;26,58;100,00;229,97;0,00;5,34
2000.0;9.0;2000-09-01;BRASPINE;RIBEIRAO GRANDE;PR;JAGUARIAIVA;20,77;20,77;149,24;15,31;87,31;5,95;50,63;25,71;99,80;224,86;0,00;6,35
2000.0;9.0;2000-09-01;BRASPINE;RINCAO DE BAIXO;;;;;173,17;16,24;83,81;7,33;48,10;26,11;99,55;233,28;0,00;2,68
2000.0;9.0;2000-09-01;BRASPINE;RIO BOMBA;PR;CERRO AZUL;65,03;37,72;145,86;16,35;87,19;8,65;45,76;28,54;100,00;258,23;0,00;1,34
2000.0;9.0;2000-09-01;BRASPINE;RIO DO MEIO;PR;DOUTOR ULYSSES;712,33;389,13;128,80;15,53;88,40;7,05;46,95;27,05;100,00;234,42;0,00;0,27
2000.0;9.0;2000-09-01;BRASPINE;RONDON;PR;JAGUARIAIVA;2899,24;1475,88;124,51;15,39;86,98;6,53;50,87;25,77;99,96;229,93;0,00;10,20
2000.0;9.0;2000-09-01;BRASPINE;SANTA FELICIDADE;;;;;134,07;16,46;88,78;8,67;42,95;29,52;100,00;256,86;0,00;0,24
2000.0;9.0;2000-09-01;BRASPINE;SANTA LIDIA DO CERCADINHO;;;;;165,83;15,91;84,04;7,08;48,76;25,61;99,55;226,63;0,00;1,27
2000.0;9.0;2000-09-01;BRASPINE;SANTO ANTONIO;;;;;139,85;15,38;86,84;6,73;48,51;26,12;100,00;230,16;0,00;2,25
2000.0;9.0;2000-09-01;BRASPINE;SAO JOSE;PR;JANDAIA DO SUL;37,56;37,56;165,55;19,10;80,22;9,85;40,98;29,57;100,00;134,30;0,00;0,41
2000.0;9.0;2000-09-01;BRASPINE;SAO MATHEUS;;;;;151,68;20,26;79,19;10,79;39,52;30,82;99,95;113,99;0,00;1,10
2000.0;9.0;2000-09-01;BRASPINE;SAO PEDRO E SAO PAULO;PR;SAPOPEMA;709,13;323,93;159,57;17,24;82,31;8,43;44,90;26,86;99,84;242,80;0,00;2,38
2000.0;9.0;2000-09-01;BRASPINE;SAO RAFAEL;;;;;233,68;14,99;86,36;7,48;46,95;26,52;99,58;253,95;0,00;2,09
2000.0;9.0;2000-09-01;BRASPINE;SAO RAFAEL - PB;;;;;143,08;15,62;88,79;7,37;44,02;27,37;100,00;238,80;0,00;21,60
2000.0;9.0;2000-09-01;BRASPINE;SERRARIA;PR;DOUTOR ULYSSES;280,88;117,71;128,80;15,43;88,64;7,19;46,02;27,17;100,00;233,83;0,00;6,10
2000.0;9.0;2000-09-01;BRASPINE;SERRO VERDE;;;;;299,83;15,57;85,63;4,78;43,17;25,79;99,91;233,49;4,78;0,98
2000.0;9.0;2000-09-01;BRASPINE;SERTAOZINHO;PR;DOUTOR ULYSSES;16,25;16,25;125,79;15,53;88,40;7,05;46,95;27,05;100,00;234,42;0,00;0,27
2000.0;9.0;2000-09-01;BRASPINE;SITIO BASILIO;PR;JAGUARIAIVA;8,08;8,08;136,62;15,45;86,30;6,25;52,54;25,42;99,79;230,77;0,00;0,04
2000.0;9.0;2000-09-01;BRASPINE;SITIO DAS MARRECAS;PR;DOUTOR ULYSSES;77,49;35,17;131,98;16,00;88,78;7,90;44,96;28,44;100,00;261,55;0,00;2,17
2000.0;9.0;2000-09-01;BRASPINE;SOBRADINHO;SP;BOM SUCESSO DE ITARARE;285,80;123,10;140,71;15,30;87,53;6,84;46,76;26,26;100,00;244,65;0,00;30,52
2000.0;9.0;2000-09-01;BRASPINE;TAQUARAL;PR;JAGUARIAIVA;519,13;31,07;128,19;15,56;86,93;6,40;51,14;25,95;100,00;232,83;0,00;5,04
2000.0;9.0;2000-09-01;BRASPINE;TUCUNDUVA;PR;SENGES;82,21;60,89;124,70;16,24;83,21;7,44;50,22;26,05;99,72;249,58;0,00;2,22
2000.0;9.0;2000-09-01;BRASPINE;TUCUNDUVA - CHAMMA;;;;;142,98;16,21;83,57;7,49;50,13;26,10;99,71;234,00;0,00;4,92
2000.0;9.0;2000-09-01;BRASPINE;VIENA 1;PR;DOUTOR ULYSSES;263,98;178,34;142,53;15,18;88,39;6,63;48,39;26,32;100,00;225,36;0,00;5,44
2000.0;9.0;2000-09-01;BRASPINE;VIENA 2;PR;CERRO AZUL;140,23;96,54;145,72;16,35;87,19;8,65;45,76;28,54;100,00;258,23;0,00;1,34
2000.0;9.0;2000-09-01;BRASPINE;VITORIA;PR;SENGES;50,54;35,69;139,19;15,37;86,62;6,63;50,35;25,75;99,93;230,00;0,00;5,54
2000.0;9.0;2000-09-01;BRASPINE;VIVEIRO;PR;DOUTOR ULYSSES;405,39;261,22;128,80;15,53;88,40;7,05;46,95;27,05;100,00;234,42;0,00;0,27
2000.0;9.0;2000-09-01;BRASPINE;VO LINO;PR;DOUTOR ULYSSES;164,50;97,89;130,97;15,61;88,79;7,41;45,61;27,58;100,00;253,35;0,00;4,70
2000.0;9.0;2000-09-01;BRASPINE;XAXIM VELHO;;;;;314,63;14,49;88,60;5,26;43,36;25,63;100,00;242,26;0,00;1,77
2000.0;10.0;2000-10-01;BRASPINE;AGUA DOCE;PR;JAGUARIAIVA;238,97;121,99;107,84;19,88;80,70;9,58;35,64;29,00;99,76;139,74;0,00;12,94
2000.0;10.0;2000-10-01;BRASPINE;AMATA;;;;;116,24;21,11;82,05;13,11;36,80;32,16;99,99;97,05;0,00;10,78
2000.0;10.0;2000-10-01;BRASPINE;ANTA BRAVA;;;;;120,64;23,14;73,54;14,64;30,22;33,23;99,29;14,64;0,00;1,66
2000.0;10.0;2000-10-01;BRASPINE;ARAPONGAS;PR;SENGES;423,34;263,70;108,80;19,87;83,10;11,46;34,86;30,27;100,00;129,56;0,00;4,23
2000.0;10.0;2000-10-01;BRASPINE;ARROIO CLARO;PR;DOUTOR ULYSSES;275,14;92,00;107,41;19,96;83,62;11,97;34,77;30,79;100,00;131,74;0,00;0,28
2000.0;10.0;2000-10-01;BRASPINE;BARRA GRANDE;PR;DOUTOR ULYSSES;493,79;139,68;111,15;20,32;83,46;11,97;36,01;31,17;100,00;118,71;0,00;7,11
2000.0;10.0;2000-10-01;BRASPINE;BARRA GRANDE - BEMAIS;PR;GUARAPUAVA;299,16;108,61;210,90;18,82;83,13;7,43;32,02;28,26;100,00;136,39;0,00;16,22
2000.0;10.0;2000-10-01;BRASPINE;BARRETOS;PR;JAGUARIAIVA;43,35;32,98;111,47;19,89;82,39;10,74;34,43;29,75;99,91;142,01;0,00;12,70
2000.0;10.0;2000-10-01;BRASPINE;BAU;;;;;234,00;18,94;82,12;6,04;35,96;27,59;99,89;141,09;0,00;5,08
2000.0;10.0;2000-10-01;BRASPINE;BOA VISTA II;PR;PIRAI DO SUL;944,00;535,05;114,05;19,87;81,78;9,94;34,81;29,38;99,85;140,08;0,00;15,86
2000.0;10.0;2000-10-01;BRASPINE;BRASILEIRA;;;;;114,63;19,87;83,10;11,46;34,86;30,27;100,00;129,56;0,00;4,23
2000.0;10.0;2000-10-01;BRASPINE;BURACAO;;;;;151,10;19,54;82,73;9,86;36,35;29,53;99,88;136,84;0,00;1,28
2000.0;10.0;2000-10-01;BRASPINE;BURRINHO;PR;DOUTOR ULYSSES;211,01;100,37;107,52;19,96;83,62;11,97;34,77;30,79;100,00;131,74;0,00;0,28
2000.0;10.0;2000-10-01;BRASPINE;CADEADO I;PR;JAGUARIAIVA;21,07;12,29;107,86;19,71;82,65;10,90;33,96;29,81;100,00;155,96;0,00;8,95
2000.0;10.0;2000-10-01;BRASPINE;CADEADO II;PR;JAGUARIAIVA;21,88;16,79;107,86;19,71;82,65;10,90;33,96;29,81;100,00;155,96;0,00;8,95
2000.0;10.0;2000-10-01;BRASPINE;CAMPINA ALTA;PR;TIBAGI;29,77;18,24;162,93;20,44;81,70;9,24;38,48;30,16;99,90;137,43;0,00;1,89
2000.0;10.0;2000-10-01;BRASPINE;CAMPINA DO ELIAS;PR;JAGUARIAIVA;29,17;14,65;109,59;19,82;82,48;10,80;34,26;29,77;99,94;141,64;0,00;11,38
2000.0;10.0;2000-10-01;BRASPINE;CAMPO NOVO;PR;JAGUARIAIVA;295,98;156,36;107,06;19,71;82,65;10,90;33,96;29,81;100,00;155,96;0,00;8,95
2000.0;10.0;2000-10-01;BRASPINE;CONSULTORIA II A;PR;DOUTOR ULYSSES;89,62;60,79;111,26;19,87;83,10;11,46;34,86;30,27;100,00;129,56;0,00;4,23
2000.0;10.0;2000-10-01;BRASPINE;DINIZ;;;;;111,51;19,87;83,10;11,46;34,86;30,27;100,00;129,56;0,00;4,23
2000.0;10.0;2000-10-01;BRASPINE;ENES;PR;JAGUARIAIVA;5,93;5,69;106,79;19,71;82,65;10,90;33,96;29,81;100,00;155,96;0,00;8,95
2000.0;10.0;2000-10-01;BRASPINE;ENGENHARIA;;;;;111,51;19,87;83,10;11,46;34,86;30,27;100,00;129,56;0,00;4,23
2000.0;10.0;2000-10-01;BRASPINE;ESTACAO;PR;SENGES;4,76;4,14;107,28;19,71;82,65;10,90;33,96;29,81;100,00;155,96;0,00;8,95
2000.0;10.0;2000-10-01;BRASPINE;FAXINAL;PR;JAGUARIAIVA;20,65;20,65;106,79;19,71;82,65;10,90;33,96;29,81;100,00;155,96;0,00;8,95
2000.0;10.0;2000-10-01;BRASPINE;FEITAL;PR;DOUTOR ULYSSES;154,17;86,53;117,72;20,02;83,22;11,63;35,24;30,57;100,00;131,10;0,00;2,65
2000.0;10.0;2000-10-01;BRASPINE;FIGUEIRA;PR;DOUTOR ULYSSES;1053,81;315,71;113,76;19,96;83,62;11,97;34,77;30,79;100,00;131,74;0,00;0,28
2000.0;10.0;2000-10-01;BRASPINE;FIGUEIRINHA;PR;DOUTOR ULYSSES;94,37;56,74;113,26;19,96;83,62;11,97;34,77;30,79;100,00;131,74;0,00;0,28
2000.0;10.0;2000-10-01;BRASPINE;FLOEMA;PR;DOUTOR ULYSSES;2189,88;701,43;107,22;19,51;83,29;11,45;33,88;29,92;100,00;140,47;0,00;0,37
2000.0;10.0;2000-10-01;BRASPINE;FLOEMA I - SUDATI;;;;;108,01;19,87;83,10;11,46;34,86;30,27;100,00;129,56;0,00;4,23
2000.0;10.0;2000-10-01;BRASPINE;FLOEMA II - SUDATI;PR;DOUTOR ULYSSES;453,83;211,13;107,74;19,87;83,10;11,46;34,86;30,27;100,00;129,56;0,00;4,23
2000.0;10.0;2000-10-01;BRASPINE;FLOR DA SERRA;PR;SAO JOSE DA BOA VISTA;209,10;128,72;96,22;21,94;75,25;11,76;34,86;31,58;99,84;126,08;0,00;0,94
2000.0;10.0;2000-10-01;BRASPINE;GENTIL;PR;JAGUARIAIVA;126,77;53,33;110,99;19,60;80,78;9,19;36,82;28,58;99,72;135,94;0,00;16,96
2000.0;10.0;2000-10-01;BRASPINE;GUAIRACA;PR;GUARAPUAVA;623,62;169,31;219,69;18,93;83,06;7,14;32,93;28,53;100,00;136,39;0,00;0,78
2000.0;10.0;2000-10-01;BRASPINE;HERVAL 2 - MADALOSSO;;;;;153,97;19,54;82,73;9,86;36,35;29,53;99,88;136,84;0,00;1,28
2000.0;10.0;2000-10-01;BRASPINE;HERVAL DE BAIXO;PR;RESERVA;827,29;475,92;174,72;20,33;82,30;7,72;38,85;30,15;99,83;132,81;0,00;0,83
2000.0;10.0;2000-10-01;BRASPINE;HORTO 01;PR;TURVO;19,12;19,12;209,65;19,55;83,13;7,05;37,96;28,58;99,84;124,08;0,00;6,05
2000.0;10.0;2000-10-01;BRASPINE;HORTO 02;PR;TURVO;4,24;4,24;213,15;19,55;83,13;7,05;37,96;28,58;99,84;124,08;0,00;6,05
2000.0;10.0;2000-10-01;BRASPINE;HORTO 03;PR;PRUDENTOPOLIS;80,91;25,89;198,02;20,03;82,62;7,77;34,68;29,39;99,98;131,64;0,00;0,03
2000.0;10.0;2000-10-01;BRASPINE;HORTO 08;PR;TURVO;9,53;9,53;207,37;20,03;82,62;7,77;34,68;29,39;99,98;131,64;0,00;0,03
2000.0;10.0;2000-10-01;BRASPINE;HORTO 12;PR;PRUDENTOPOLIS;12,20;12,20;194,87;20,03;82,62;7,77;34,68;29,39;99,98;131,64;0,00;0,03
2000.0;10.0;2000-10-01;BRASPINE;IZAU;PR;PIRAI DO SUL;19,37;11,60;114,61;19,59;81,46;9,82;36,36;28,82;99,80;136,36;0,00;0,50
2000.0;10.0;2000-10-01;BRASPINE;JOAO RICO;PR;JAGUARIAIVA;47,46;26,18;109,94;19,88;80,70;9,58;35,64;29,00;99,76;139,74;0,00;12,94
2000.0;10.0;2000-10-01;BRASPINE;LAGOA;PR;JAGUARIAIVA;24,10;10,78;106,72;19,71;82,65;10,90;33,96;29,81;100,00;155,96;0,00;8,95
2000.0;10.0;2000-10-01;BRASPINE;MARACANA;PR;JANDAIA DO SUL;11,45;11,45;96,90;22,59;75,49;11,21;34,94;32,67;99,97;51,46;0,00;2,14
2000.0;10.0;2000-10-01;BRASPINE;MARRECA;;;;;109,35;19,96;83,62;11,97;34,77;30,79;100,00;131,74;0,00;0,28
2000.0;10.0;2000-10-01;BRASPINE;MARRECA SP;SP;ITAPIRAPUA PAULISTA;675,30;236,19;114,43;20,60;83,71;12,63;35,84;31,89;100,00;122,09;0,00;0,34
2000.0;10.0;2000-10-01;BRASPINE;MARRECAS;;;;;223,89;18,29;83,51;6,94;32,25;27,71;100,00;173,40;0,00;4,54
2000.0;10.0;2000-10-01;BRASPINE;MERCADINHO;;;;;111,17;20,45;82,90;12,64;35,45;31,49;100,00;137,05;0,00;3,41
2000.0;10.0;2000-10-01;BRASPINE;MONTE ALEGRE;;;;;98,90;23,07;74,73;11,73;34,70;33,15;99,98;38,30;0,00;4,54
2000.0;10.0;2000-10-01;BRASPINE;MONTE TABOR II;;;;;104,89;19,90;85,02;12,49;39,72;31,18;100,00;133,49;0,00;1,02
2000.0;10.0;2000-10-01;BRASPINE;MOREIRA;PR;DOUTOR ULYSSES;230,52;68,68;107,74;19,87;83,10;11,46;34,86;30,27;100,00;129,56;0,00;4,23
2000.0;10.0;2000-10-01;BRASPINE;MOREIRAS II;PR;DOUTOR ULYSSES;66,76;28,75;111,78;19,87;83,10;11,46;34,86;30,27;100,00;129,56;0,00;4,23
2000.0;10.0;2000-10-01;BRASPINE;MORRETES;PR;ORTIGUEIRA;20,36;20,36;176,20;20,76;82,39;7,96;39,46;30,90;99,79;134,94;0,00;0,58
2000.0;10.0;2000-10-01;BRASPINE;MORRO AZUL;;;;;108,64;20,15;83,07;11,78;36,63;30,76;100,00;116,25;0,00;2,42
2000.0;10.0;2000-10-01;BRASPINE;OURO FINO;SP;APIAI;51,70;51,70;112,18;19,79;84,46;12,18;40,63;30,83;100,00;131,04;0,00;5,31
2000.0;10.0;2000-10-01;BRASPINE;PALMEIRINHA DE BAIXO - SOSSEGO;PR;SENGES;85,93;9,22;111,21;19,74;80,66;11,18;35,21;29,05;99,87;140,42;0,00;12,54
2000.0;10.0;2000-10-01;BRASPINE;PAZIN;PR;DOUTOR ULYSSES;41,20;23,90;117,48;19,96;83,62;11,97;34,77;30,79;100,00;131,74;0,00;0,28
2000.0;10.0;2000-10-01;BRASPINE;PEDRAS;PR;CASTRO;7,18;7,18;131,96;19,57;82,33;9,44;38,83;28,70;99,80;135,22;0,00;0,68
2000.0;10.0;2000-10-01;BRASPINE;PESCARIA;PR;SAO JOSE DA BOA VISTA;184,57;129,22;99,64;22,13;74,59;12,09;33,54;31,75;99,91;112,75;0,00;0,80
2000.0;10.0;2000-10-01;BRASPINE;PESSEGUEIRO;PR;DOUTOR ULYSSES;109,95;64,79;106,37;19,87;83,10;11,46;34,86;30,27;100,00;129,56;0,00;4,23
2000.0;10.0;2000-10-01;BRASPINE;PITANGA;;;;;249,10;19,75;80,89;6,19;36,29;28,48;99,81;134,00;0,00;14,55
2000.0;10.0;2000-10-01;BRASPINE;QUEIMADINHO ARROIO CLARO;PR;DOUTOR ULYSSES;48,13;19,09;114,63;19,87;83,10;11,46;34,86;30,27;100,00;129,56;0,00;4,23
2000.0;10.0;2000-10-01;BRASPINE;QUEIMADINHO M6042;PR;DOUTOR ULYSSES;48,38;18,50;114,63;19,87;83,10;11,46;34,86;30,27;100,00;129,56;0,00;4,23
2000.0;10.0;2000-10-01;BRASPINE;QUEIMADINHO USUCAPIAO;PR;DOUTOR ULYSSES;200,27;92,43;114,63;19,87;83,10;11,46;34,86;30,27;100,00;129,56;0,00;4,23
2000.0;10.0;2000-10-01;BRASPINE;RAMOS;PR;SENGES;69,83;38,15;108,01;19,71;82,65;10,90;33,96;29,81;100,00;155,96;0,00;8,95
2000.0;10.0;2000-10-01;BRASPINE;RIBEIRAO GRANDE;PR;JAGUARIAIVA;20,77;20,77;116,67;19,59;81,46;9,82;36,36;28,82;99,80;136,36;0,00;0,50
2000.0;10.0;2000-10-01;BRASPINE;RINCAO DE BAIXO;;;;;152,85;20,02;79,47;8,13;38,33;29,14;99,52;132,35;0,00;6,38
2000.0;10.0;2000-10-01;BRASPINE;RIO BOMBA;PR;CERRO AZUL;65,03;37,72;110,81;20,69;82,39;11,76;35,83;31,51;99,96;137,47;0,00;5,41
2000.0;10.0;2000-10-01;BRASPINE;RIO DO MEIO;PR;DOUTOR ULYSSES;712,33;389,13;112,57;19,87;83,10;11,46;34,86;30,27;100,00;129,56;0,00;4,23
2000.0;10.0;2000-10-01;BRASPINE;RONDON;PR;JAGUARIAIVA;2899,24;1475,88;106,32;19,72;81,27;10,31;35,11;29,05;99,90;140,03;0,00;1,96
2000.0;10.0;2000-10-01;BRASPINE;SANTA FELICIDADE;;;;;111,07;20,96;83,69;12,66;37,04;32,57;100,00;124,52;0,00;1,62
2000.0;10.0;2000-10-01;BRASPINE;SANTA LIDIA DO CERCADINHO;;;;;152,34;19,71;79,36;8,00;38,37;28,58;99,50;130,64;0,00;0,21
2000.0;10.0;2000-10-01;BRASPINE;SANTO ANTONIO;;;;;109,94;19,76;81,05;11,55;35,19;29,43;100,00;141,85;0,00;6,54
2000.0;10.0;2000-10-01;BRASPINE;SAO JOSE;PR;JANDAIA DO SUL;37,56;37,56;99,04;22,91;74,91;11,63;34,77;32,96;99,99;52,80;0,00;0,68
2000.0;10.0;2000-10-01;BRASPINE;SAO MATHEUS;;;;;126,74;24,06;74,74;11,70;34,56;34,19;99,93;24,49;0,00;0,18
2000.0;10.0;2000-10-01;BRASPINE;SAO PEDRO E SAO PAULO;PR;SAPOPEMA;709,13;323,93;92,52;21,17;76,79;9,94;32,98;30,94;99,62;115,16;0,00;1,36
2000.0;10.0;2000-10-01;BRASPINE;SAO RAFAEL;;;;;168,69;19,17;82,53;8,16;39,76;29,27;99,84;151,85;0,00;0,78
2000.0;10.0;2000-10-01;BRASPINE;SAO RAFAEL - PB;;;;;112,26;19,94;84,06;12,18;39,60;30,91;100,00;116,75;0,00;0,58
2000.0;10.0;2000-10-01;BRASPINE;SERRARIA;PR;DOUTOR ULYSSES;280,88;117,71;106,04;19,73;83,46;11,71;34,32;30,35;100,00;143,69;0,00;0,32
2000.0;10.0;2000-10-01;BRASPINE;SERRO VERDE;;;;;226,72;19,26;81,06;6,04;35,27;28,21;99,91;144,22;0,00;4,75
2000.0;10.0;2000-10-01;BRASPINE;SERTAOZINHO;PR;DOUTOR ULYSSES;16,25;16,25;109,38;19,87;83,10;11,46;34,86;30,27;100,00;129,56;0,00;4,23
2000.0;10.0;2000-10-01;BRASPINE;SITIO BASILIO;PR;JAGUARIAIVA;8,08;8,08;107,67;19,68;80,55;9,11;36,64;28,62;99,68;136,84;0,00;15,28
2000.0;10.0;2000-10-01;BRASPINE;SITIO DAS MARRECAS;PR;DOUTOR ULYSSES;77,49;35,17;113,93;20,42;83,69;12,44;35,54;31,58;100,00;120,63;0,00;0,61
2000.0;10.0;2000-10-01;BRASPINE;SOBRADINHO;SP;BOM SUCESSO DE ITARARE;285,80;123,10;107,94;19,63;82,26;11,66;37,15;29,68;100,00;141,80;0,00;0,06
2000.0;10.0;2000-10-01;BRASPINE;TAQUARAL;PR;JAGUARIAIVA;519,13;31,07;101,98;19,87;81,28;9,95;35,34;29,11;99,96;140,99;0,00;8,64
2000.0;10.0;2000-10-01;BRASPINE;TUCUNDUVA;PR;SENGES;82,21;60,89;102,35;20,57;77,25;10,27;34,78;29,53;99,93;128,05;0,00;5,65
2000.0;10.0;2000-10-01;BRASPINE;TUCUNDUVA - CHAMMA;;;;;101,68;20,60;77,48;11,33;34,58;29,57;99,92;130,31;0,00;15,20
2000.0;10.0;2000-10-01;BRASPINE;VIENA 1;PR;DOUTOR ULYSSES;263,98;178,34;111,45;19,42;83,02;10,86;35,06;29,25;100,00;137,36;0,00;0,45
2000.0;10.0;2000-10-01;BRASPINE;VIENA 2;PR;CERRO AZUL;140,23;96,54;110,70;20,69;82,39;11,76;35,83;31,51;99,96;137,47;0,00;5,41
2000.0;10.0;2000-10-01;BRASPINE;VITORIA;PR;SENGES;50,54;35,69;111,21;19,74;80,66;11,18;35,21;29,05;99,87;140,42;0,00;12,54
2000.0;10.0;2000-10-01;BRASPINE;VIVEIRO;PR;DOUTOR ULYSSES;405,39;261,22;111,78;19,87;83,10;11,46;34,86;30,27;100,00;129,56;0,00;4,23
2000.0;10.0;2000-10-01;BRASPINE;VO LINO;PR;DOUTOR ULYSSES;164,50;97,89;108,30;19,96;83,62;11,97;34,77;30,79;100,00;131,74;0,00;0,28
2000.0;10.0;2000-10-01;BRASPINE;XAXIM VELHO;;;;;231,52;18,37;83,91;6,43;34,69;27,92;100,00;158,86;0,00;2,68
2000.0;11.0;2000-11-01;BRASPINE;AGUA DOCE;PR;JAGUARIAIVA;238,97;121,99;143,01;19,06;85,05;12,76;44,05;26,79;99,82;184,64;0,00;2,97
2000.0;11.0;2000-11-01;BRASPINE;AMATA;;;;;126,88;20,43;83,99;14,67;45,52;29,60;99,99;44,50;0,00;2,17
2000.0;11.0;2000-11-01;BRASPINE;ANTA BRAVA;;;;;182,81;21,92;80,32;15,37;41,69;30,48;99,54;0,00;0,00;6,75
2000.0;11.0;2000-11-01;BRASPINE;ARAPONGAS;PR;SENGES;423,34;263,70;127,52;18,97;86,88;13,17;45,11;27,59;100,00;186,20;0,00;0,92
2000.0;11.0;2000-11-01;BRASPINE;ARROIO CLARO;PR;DOUTOR ULYSSES;275,14;92,00;153,54;19,10;86,89;13,41;44,98;28,20;100,00;128,25;0,00;0,61
2000.0;11.0;2000-11-01;BRASPINE;BARRA GRANDE;PR;DOUTOR ULYSSES;493,79;139,68;132,74;19,43;86,79;13,63;45,14;28,39;100,00;84,54;0,00;0,32
2000.0;11.0;2000-11-01;BRASPINE;BARRA GRANDE - BEMAIS;PR;GUARAPUAVA;299,16;108,61;134,66;18,64;85,68;11,81;48,86;26,23;99,99;166,02;0,00;1,05
2000.0;11.0;2000-11-01;BRASPINE;BARRETOS;PR;JAGUARIAIVA;43,35;32,98;132,46;18,99;86,54;12,82;44,99;27,33;99,93;199,99;0,00;7,58
2000.0;11.0;2000-11-01;BRASPINE;BAU;;;;;138,04;18,69;85,77;11,58;52,10;25,73;99,90;139,10;0,00;2,01
2000.0;11.0;2000-11-01;BRASPINE;BOA VISTA II;PR;PIRAI DO SUL;944,00;535,05;151,03;19,05;85,94;12,66;44,75;27,06;99,95;214,06;0,00;0,76
2000.0;11.0;2000-11-01;BRASPINE;BRASILEIRA;;;;;133,66;18,97;86,88;13,17;45,11;27,59;100,00;186,20;0,00;0,92
2000.0;11.0;2000-11-01;BRASPINE;BURACAO;;;;;136,87;18,89;85,70;12,81;46,64;27,16;99,84;199,95;0,00;2,68
2000.0;11.0;2000-11-01;BRASPINE;BURRINHO;PR;DOUTOR ULYSSES;211,01;100,37;153,60;19,10;86,89;13,41;44,98;28,20;100,00;128,25;0,00;0,61
2000.0;11.0;2000-11-01;BRASPINE;CADEADO I;PR;JAGUARIAIVA;21,07;12,29;127,59;18,83;86,58;12,85;44,95;27,33;100,00;213,21;0,00;4,62
2000.0;11.0;2000-11-01;BRASPINE;CADEADO II;PR;JAGUARIAIVA;21,88;16,79;127,59;18,83;86,58;12,85;44,95;27,33;100,00;213,21;0,00;4,62
2000.0;11.0;2000-11-01;BRASPINE;CAMPINA ALTA;PR;TIBAGI;29,77;18,24;162,03;20,15;83,68;13,93;46,92;27,45;99,88;42,64;0,00;2,72
2000.0;11.0;2000-11-01;BRASPINE;CAMPINA DO ELIAS;PR;JAGUARIAIVA;29,17;14,65;136,03;18,93;86,55;12,83;45,09;27,33;99,96;214,36;0,00;6,53
2000.0;11.0;2000-11-01;BRASPINE;CAMPO NOVO;PR;JAGUARIAIVA;295,98;156,36;127,46;18,83;86,58;12,85;44,95;27,33;100,00;213,21;0,00;4,62
2000.0;11.0;2000-11-01;BRASPINE;CONSULTORIA II A;PR;DOUTOR ULYSSES;89,62;60,79;130,80;18,97;86,88;13,17;45,11;27,59;100,00;186,20;0,00;0,92
2000.0;11.0;2000-11-01;BRASPINE;DINIZ;;;;;126,39;18,97;86,88;13,17;45,11;27,59;100,00;186,20;0,00;0,92
2000.0;11.0;2000-11-01;BRASPINE;ENES;PR;JAGUARIAIVA;5,93;5,69;127,44;18,83;86,58;12,85;44,95;27,33;100,00;213,21;0,00;4,62
2000.0;11.0;2000-11-01;BRASPINE;ENGENHARIA;;;;;126,39;18,97;86,88;13,17;45,11;27,59;100,00;186,20;0,00;0,92
2000.0;11.0;2000-11-01;BRASPINE;ESTACAO;PR;SENGES;4,76;4,14;127,18;18,83;86,58;12,85;44,95;27,33;100,00;213,21;0,00;4,62
2000.0;11.0;2000-11-01;BRASPINE;FAXINAL;PR;JAGUARIAIVA;20,65;20,65;127,44;18,83;86,58;12,85;44,95;27,33;100,00;213,21;0,00;4,62
2000.0;11.0;2000-11-01;BRASPINE;FEITAL;PR;DOUTOR ULYSSES;154,17;86,53;135,12;19,12;86,85;13,36;45,12;27,86;100,00;127,64;0,00;2,58
2000.0;11.0;2000-11-01;BRASPINE;FIGUEIRA;PR;DOUTOR ULYSSES;1053,81;315,71;139,71;19,10;86,89;13,41;44,98;28,20;100,00;128,25;0,00;0,61
2000.0;11.0;2000-11-01;BRASPINE;FIGUEIRINHA;PR;DOUTOR ULYSSES;94,37;56,74;149,02;19,10;86,89;13,41;44,98;28,20;100,00;128,25;0,00;0,61
2000.0;11.0;2000-11-01;BRASPINE;FLOEMA;PR;DOUTOR ULYSSES;2189,88;701,43;156,97;18,64;86,97;12,80;44,77;27,32;100,00;212,19;0,00;1,55
2000.0;11.0;2000-11-01;BRASPINE;FLOEMA I - SUDATI;;;;;128,12;18,97;86,88;13,17;45,11;27,59;100,00;186,20;0,00;0,92
2000.0;11.0;2000-11-01;BRASPINE;FLOEMA II - SUDATI;PR;DOUTOR ULYSSES;453,83;211,13;127,32;18,97;86,88;13,17;45,11;27,59;100,00;186,20;0,00;0,92
2000.0;11.0;2000-11-01;BRASPINE;FLOR DA SERRA;PR;SAO JOSE DA BOA VISTA;209,10;128,72;125,31;21,19;78,96;15,20;43,12;29,15;99,57;0,00;0,00;9,04
2000.0;11.0;2000-11-01;BRASPINE;GENTIL;PR;JAGUARIAIVA;126,77;53,33;140,77;18,80;85,09;12,43;44,35;26,28;99,59;225,79;0,00;1,14
2000.0;11.0;2000-11-01;BRASPINE;GUAIRACA;PR;GUARAPUAVA;623,62;169,31;129,84;18,77;85,46;11,91;48,46;26,57;100,00;168,42;0,00;0,85
2000.0;11.0;2000-11-01;BRASPINE;HERVAL 2 - MADALOSSO;;;;;130,69;18,89;85,70;12,81;46,64;27,16;99,84;199,95;0,00;2,68
2000.0;11.0;2000-11-01;BRASPINE;HERVAL DE BAIXO;PR;RESERVA;827,29;475,92;182,49;20,13;84,02;13,77;47,19;27,33;99,81;56,40;0,00;0,61
2000.0;11.0;2000-11-01;BRASPINE;HORTO 01;PR;TURVO;19,12;19,12;121,58;19,40;86,03;12,60;52,48;26,57;99,86;98,18;0,00;1,21
2000.0;11.0;2000-11-01;BRASPINE;HORTO 02;PR;TURVO;4,24;4,24;122,79;19,40;86,03;12,60;52,48;26,57;99,86;98,18;0,00;1,21
2000.0;11.0;2000-11-01;BRASPINE;HORTO 03;PR;PRUDENTOPOLIS;80,91;25,89;118,81;19,87;85,10;13,14;49,58;27,33;99,95;40,77;0,00;2,12
2000.0;11.0;2000-11-01;BRASPINE;HORTO 08;PR;TURVO;9,53;9,53;115,29;19,87;85,10;13,14;49,58;27,33;99,95;40,77;0,00;2,12
2000.0;11.0;2000-11-01;BRASPINE;HORTO 12;PR;PRUDENTOPOLIS;12,20;12,20;119,25;19,87;85,10;13,14;49,58;27,33;99,95;40,77;0,00;2,12
2000.0;11.0;2000-11-01;BRASPINE;IZAU;PR;PIRAI DO SUL;19,37;11,60;173,06;18,75;85,86;12,29;44,05;26,41;99,61;209,81;0,00;1,09
2000.0;11.0;2000-11-01;BRASPINE;JOAO RICO;PR;JAGUARIAIVA;47,46;26,18;140,93;19,06;85,05;12,76;44,05;26,79;99,82;184,64;0,00;2,97
2000.0;11.0;2000-11-01;BRASPINE;LAGOA;PR;JAGUARIAIVA;24,10;10,78;130,07;18,83;86,58;12,85;44,95;27,33;100,00;213,21;0,00;4,62
2000.0;11.0;2000-11-01;BRASPINE;MARACANA;PR;JANDAIA DO SUL;11,45;11,45;191,66;21,89;81,93;15,57;44,67;28,99;99,91;0,00;0,00;7,78
2000.0;11.0;2000-11-01;BRASPINE;MARRECA;;;;;153,59;19,10;86,89;13,41;44,98;28,20;100,00;128,25;0,00;0,61
2000.0;11.0;2000-11-01;BRASPINE;MARRECA SP;SP;ITAPIRAPUA PAULISTA;675,30;236,19;130,16;19,76;86,52;13,84;45,36;29,23;100,00;71,24;0,00;351,61
2000.0;11.0;2000-11-01;BRASPINE;MARRECAS;;;;;138,94;18,11;86,08;11,16;49,41;25,81;100,00;233,70;0,00;5,36
2000.0;11.0;2000-11-01;BRASPINE;MERCADINHO;;;;;150,47;19,68;85,46;13,25;45,32;28,91;99,98;70,63;0,00;0,25
2000.0;11.0;2000-11-01;BRASPINE;MONTE ALEGRE;;;;;197,44;22,37;81,06;15,84;45,01;29,49;99,96;0,00;0,00;1,09
2000.0;11.0;2000-11-01;BRASPINE;MONTE TABOR II;;;;;158,55;19,17;87,01;12,98;47,94;28,49;100,00;84,12;0,00;2,23
2000.0;11.0;2000-11-01;BRASPINE;MOREIRA;PR;DOUTOR ULYSSES;230,52;68,68;127,32;18,97;86,88;13,17;45,11;27,59;100,00;186,20;0,00;0,92
2000.0;11.0;2000-11-01;BRASPINE;MOREIRAS II;PR;DOUTOR ULYSSES;66,76;28,75;131,30;18,97;86,88;13,17;45,11;27,59;100,00;186,20;0,00;0,92
2000.0;11.0;2000-11-01;BRASPINE;MORRETES;PR;ORTIGUEIRA;20,36;20,36;189,82;20,59;84,00;13,84;47,63;27,82;99,79;57,31;0,00;1,27
2000.0;11.0;2000-11-01;BRASPINE;MORRO AZUL;;;;;138,85;19,21;86,78;13,34;43,69;28,03;100,00;112,46;0,00;6,56
2000.0;11.0;2000-11-01;BRASPINE;OURO FINO;SP;APIAI;51,70;51,70;169,71;18,95;87,47;13,04;47,87;27,82;100,00;111,56;0,00;2,08
2000.0;11.0;2000-11-01;BRASPINE;PALMEIRINHA DE BAIXO - SOSSEGO;PR;SENGES;85,93;9,22;136,81;18,77;85,34;12,86;42,23;27,07;99,85;226,44;0,00;1,79
2000.0;11.0;2000-11-01;BRASPINE;PAZIN;PR;DOUTOR ULYSSES;41,20;23,90;140,18;19,10;86,89;13,41;44,98;28,20;100,00;128,25;0,00;0,61
2000.0;11.0;2000-11-01;BRASPINE;PEDRAS;PR;CASTRO;7,18;7,18;147,71;18,79;86,36;12,35;46,63;26,40;99,45;210,72;0,00;3,90
2000.0;11.0;2000-11-01;BRASPINE;PESCARIA;PR;SAO JOSE DA BOA VISTA;184,57;129,22;135,16;21,35;78,25;15,35;40,11;29,48;99,76;0,00;0,00;6,30
2000.0;11.0;2000-11-01;BRASPINE;PESSEGUEIRO;PR;DOUTOR ULYSSES;109,95;64,79;125,43;18,97;86,88;13,17;45,11;27,59;100,00;186,20;0,00;0,92
2000.0;11.0;2000-11-01;BRASPINE;PITANGA;;;;;137,31;19,44;85,12;12,48;52,25;26,39;99,87;54,91;0,00;19,97
2000.0;11.0;2000-11-01;BRASPINE;QUEIMADINHO ARROIO CLARO;PR;DOUTOR ULYSSES;48,13;19,09;133,66;18,97;86,88;13,17;45,11;27,59;100,00;186,20;0,00;0,92
2000.0;11.0;2000-11-01;BRASPINE;QUEIMADINHO M6042;PR;DOUTOR ULYSSES;48,38;18,50;133,66;18,97;86,88;13,17;45,11;27,59;100,00;186,20;0,00;0,92
2000.0;11.0;2000-11-01;BRASPINE;QUEIMADINHO USUCAPIAO;PR;DOUTOR ULYSSES;200,27;92,43;133,66;18,97;86,88;13,17;45,11;27,59;100,00;186,20;0,00;0,92
2000.0;11.0;2000-11-01;BRASPINE;RAMOS;PR;SENGES;69,83;38,15;128,12;18,83;86,58;12,85;44,95;27,33;100,00;213,21;0,00;4,62
2000.0;11.0;2000-11-01;BRASPINE;RIBEIRAO GRANDE;PR;JAGUARIAIVA;20,77;20,77;152,37;18,75;85,86;12,29;44,05;26,41;99,61;209,81;0,00;1,09
2000.0;11.0;2000-11-01;BRASPINE;RINCAO DE BAIXO;;;;;166,38;19,58;82,30;13,16;43,40;26,77;99,54;114,19;0,00;1,40
2000.0;11.0;2000-11-01;BRASPINE;RIO BOMBA;PR;CERRO AZUL;65,03;37,72;130,74;20,02;84,54;14,30;45,44;28,93;99,91;57,54;0,00;0,36
2000.0;11.0;2000-11-01;BRASPINE;RIO DO MEIO;PR;DOUTOR ULYSSES;712,33;389,13;131,94;18,97;86,88;13,17;45,11;27,59;100,00;186,20;0,00;0,92
2000.0;11.0;2000-11-01;BRASPINE;RONDON;PR;JAGUARIAIVA;2899,24;1475,88;137,24;18,82;85,63;12,79;43,90;27,00;99,87;197,43;0,00;6,52
2000.0;11.0;2000-11-01;BRASPINE;SANTA FELICIDADE;;;;;152,20;20,15;86,13;13,68;45,77;29,96;100,00;57,53;0,00;5,41
2000.0;11.0;2000-11-01;BRASPINE;SANTA LIDIA DO CERCADINHO;;;;;155,56;19,23;82,43;12,78;43,45;26,31;99,53;155,95;0,00;0,72
2000.0;11.0;2000-11-01;BRASPINE;SANTO ANTONIO;;;;;142,21;18,79;85,52;13,00;41,15;27,29;100,00;227,00;0,00;2,52
2000.0;11.0;2000-11-01;BRASPINE;SAO JOSE;PR;JANDAIA DO SUL;37,56;37,56;195,77;22,22;81,26;15,76;44,99;29,30;99,97;0,00;0,00;2,72
2000.0;11.0;2000-11-01;BRASPINE;SAO MATHEUS;;;;;185,38;23,43;80,27;16,34;45,20;30,78;99,93;0,00;0,00;0,18
2000.0;11.0;2000-11-01;BRASPINE;SAO PEDRO E SAO PAULO;PR;SAPOPEMA;709,13;323,93;135,63;20,53;81,64;14,06;46,09;27,73;99,83;28,75;0,00;0,76
2000.0;11.0;2000-11-01;BRASPINE;SAO RAFAEL;;;;;91,25;18,62;84,75;12,57;42,70;27,12;99,46;243,41;0,00;0,20
2000.0;11.0;2000-11-01;BRASPINE;SAO RAFAEL - PB;;;;;155,17;19,06;87,31;13,38;46,54;27,93;100,00;112,37;0,00;4,01
2000.0;11.0;2000-11-01;BRASPINE;SERRARIA;PR;DOUTOR ULYSSES;280,88;117,71;151,10;18,87;86,93;13,11;44,88;27,76;100,00;185,65;0,00;0,47
2000.0;11.0;2000-11-01;BRASPINE;SERRO VERDE;;;;;135,69;19,00;84,77;11,57;51,27;26,15;99,91;96,60;0,00;7,13
2000.0;11.0;2000-11-01;BRASPINE;SERTAOZINHO;PR;DOUTOR ULYSSES;16,25;16,25;127,93;18,97;86,88;13,17;45,11;27,59;100,00;186,20;0,00;0,92
2000.0;11.0;2000-11-01;BRASPINE;SITIO BASILIO;PR;JAGUARIAIVA;8,08;8,08;143,49;18,89;84,85;12,56;44,36;26,41;99,63;227,15;0,00;0,04
2000.0;11.0;2000-11-01;BRASPINE;SITIO DAS MARRECAS;PR;DOUTOR ULYSSES;77,49;35,17;145,01;19,57;86,63;13,76;45,25;28,93;100,00;70,64;0,00;1,10
2000.0;11.0;2000-11-01;BRASPINE;SOBRADINHO;SP;BOM SUCESSO DE ITARARE;285,80;123,10;155,18;18,68;86,41;12,95;41,59;27,33;100,00;226,73;0,00;4,18
2000.0;11.0;2000-11-01;BRASPINE;TAQUARAL;PR;JAGUARIAIVA;519,13;31,07;135,42;19,04;85,52;12,85;44,59;29,27;99,96;199,83;0,00;2,02
2000.0;11.0;2000-11-01;BRASPINE;TUCUNDUVA;PR;SENGES;82,21;60,89;148,89;19,69;81,63;13,70;41,06;27,51;99,64;85,24;0,00;1,02
2000.0;11.0;2000-11-01;BRASPINE;TUCUNDUVA - CHAMMA;;;;;142,79;19,66;81,90;13,73;40,59;27,56;99,61;85,21;0,00;21,82
2000.0;11.0;2000-11-01;BRASPINE;VIENA 1;PR;DOUTOR ULYSSES;263,98;178,34;157,91;18,56;87,03;12,55;46,22;26,86;100,00;239,70;0,00;1,38
2000.0;11.0;2000-11-01;BRASPINE;VIENA 2;PR;CERRO AZUL;140,23;96,54;130,59;20,02;84,54;14,30;45,44;28,93;99,91;57,54;0,00;0,36
2000.0;11.0;2000-11-01;BRASPINE;VITORIA;PR;SENGES;50,54;35,69;136,81;18,77;85,34;12,86;42,23;27,07;99,85;226,44;0,00;1,79
2000.0;11.0;2000-11-01;BRASPINE;VIVEIRO;PR;DOUTOR ULYSSES;405,39;261,22;131,30;18,97;86,88;13,17;45,11;27,59;100,00;186,20;0,00;0,92
2000.0;11.0;2000-11-01;BRASPINE;VO LINO;PR;DOUTOR ULYSSES;164,50;97,89;154,05;19,10;86,89;13,41;44,98;28,20;100,00;128,25;0,00;0,61
2000.0;11.0;2000-11-01;BRASPINE;XAXIM VELHO;;;;;130,15;18,22;86,20;11,03;49,71;26,25;100,00;207,20;0,00;4,67
2000.0;12.0;2000-12-01;BRASPINE;AGUA DOCE;PR;JAGUARIAIVA;238,97;121,99;172,22;20,12;83,46;10,54;38,08;27,84;99,84;113,90;0,00;0,14
2000.0;12.0;2000-12-01;BRASPINE;AMATA;;;;;216,81;21,67;83,72;11,99;36,32;31,09;100,00;82,21;0,00;4,13
2000.0;12.0;2000-12-01;BRASPINE;ANTA BRAVA;;;;;191,06;22,60;80,94;14,83;40,76;30,33;98,83;14,83;0,00;0,38
2000.0;12.0;2000-12-01;BRASPINE;ARAPONGAS;PR;SENGES;423,34;263,70;183,57;20,21;85,20;10,68;36,24;28,66;100,00;130,95;0,00;4,23
2000.0;12.0;2000-12-01;BRASPINE;ARROIO CLARO;PR;DOUTOR ULYSSES;275,14;92,00;183,10;20,40;85,10;10,79;36,74;29,20;100,00;102,23;0,00;15,44
2000.0;12.0;2000-12-01;BRASPINE;BARRA GRANDE;PR;DOUTOR ULYSSES;493,79;139,68;203,83;20,67;85,65;11,18;35,83;29,43;100,00;104,54;0,00;8,56
2000.0;12.0;2000-12-01;BRASPINE;BARRA GRANDE - BEMAIS;PR;GUARAPUAVA;299,16;108,61;200,38;19,50;83,54;10,60;41,43;27,90;100,00;154,09;0,00;7,48
2000.0;12.0;2000-12-01;BRASPINE;BARRETOS;PR;JAGUARIAIVA;43,35;32,98;185,43;20,22;84,31;10,58;37,31;28,34;99,98;115,28;0,00;14,00
2000.0;12.0;2000-12-01;BRASPINE;BAU;;;;;197,21;19,53;83,75;10,19;43,75;27,55;99,82;140,70;0,00;1,91
2000.0;12.0;2000-12-01;BRASPINE;BOA VISTA II;PR;PIRAI DO SUL;944,00;535,05;172,09;20,22;83,71;10,32;38,29;28,17;99,95;129,10;0,00;15,63
2000.0;12.0;2000-12-01;BRASPINE;BRASILEIRA;;;;;197,09;20,21;85,20;10,68;36,24;28,66;100,00;130,95;0,00;4,23
2000.0;12.0;2000-12-01;BRASPINE;BURACAO;;;;;211,33;20,19;83,36;10,67;39,91;28,39;99,83;129,22;0,00;0,06
2000.0;12.0;2000-12-01;BRASPINE;BURRINHO;PR;DOUTOR ULYSSES;211,01;100,37;183,13;20,40;85,10;10,79;36,74;29,20;100,00;102,23;0,00;15,44
2000.0;12.0;2000-12-01;BRASPINE;CADEADO I;PR;JAGUARIAIVA;21,07;12,29;185,12;20,05;84,65;10,60;36,68;28,31;100,00;128,81;0,00;11,20
2000.0;12.0;2000-12-01;BRASPINE;CADEADO II;PR;JAGUARIAIVA;21,88;16,79;185,12;20,05;84,65;10,60;36,68;28,31;100,00;128,81;0,00;11,20
2000.0;12.0;2000-12-01;BRASPINE;CAMPINA ALTA;PR;TIBAGI;29,77;18,24;176,17;20,94;83,39;11,20;38,95;28,91;99,95;79,44;0,00;4,17
2000.0;12.0;2000-12-01;BRASPINE;CAMPINA DO ELIAS;PR;JAGUARIAIVA;29,17;14,65;192,07;20,16;84,43;10,68;37,08;28,33;99,99;129,80;0,00;13,00
2000.0;12.0;2000-12-01;BRASPINE;CAMPO NOVO;PR;JAGUARIAIVA;295,98;156,36;185,01;20,05;84,65;10,60;36,68;28,31;100,00;128,81;0,00;11,20
2000.0;12.0;2000-12-01;BRASPINE;CONSULTORIA II A;PR;DOUTOR ULYSSES;89,62;60,79;193,13;20,21;85,20;10,68;36,24;28,66;100,00;130,95;0,00;4,23
2000.0;12.0;2000-12-01;BRASPINE;DINIZ;;;;;191,81;20,21;85,20;10,68;36,24;28,66;100,00;130,95;0,00;4,23
2000.0;12.0;2000-12-01;BRASPINE;ENES;PR;JAGUARIAIVA;5,93;5,69;185,34;20,05;84,65;10,60;36,68;28,31;100,00;128,81;0,00;11,20
2000.0;12.0;2000-12-01;BRASPINE;ENGENHARIA;;;;;191,81;20,21;85,20;10,68;36,24;28,66;100,00;130,95;0,00;4,23
2000.0;12.0;2000-12-01;BRASPINE;ESTACAO;PR;SENGES;4,76;4,14;193,49;20,05;84,65;10,60;36,68;28,31;100,00;128,81;0,00;11,20
2000.0;12.0;2000-12-01;BRASPINE;FAXINAL;PR;JAGUARIAIVA;20,65;20,65;185,34;20,05;84,65;10,60;36,68;28,31;100,00;128,81;0,00;11,20
2000.0;12.0;2000-12-01;BRASPINE;FEITAL;PR;DOUTOR ULYSSES;154,17;86,53;201,71;20,36;85,35;10,84;36,10;28,92;100,00;117,30;0,00;1,82
2000.0;12.0;2000-12-01;BRASPINE;FIGUEIRA;PR;DOUTOR ULYSSES;1053,81;315,71;187,94;20,40;85,10;10,79;36,74;29,20;100,00;102,23;0,00;15,44
2000.0;12.0;2000-12-01;BRASPINE;FIGUEIRINHA;PR;DOUTOR ULYSSES;94,37;56,74;194,63;20,40;85,10;10,79;36,74;29,20;100,00;102,23;0,00;15,44
2000.0;12.0;2000-12-01;BRASPINE;FLOEMA;PR;DOUTOR ULYSSES;2189,88;701,43;172,55;19,94;84,64;10,22;37,25;28,49;100,00;141,94;0,00;19,93
2000.0;12.0;2000-12-01;BRASPINE;FLOEMA I - SUDATI;;;;;191,48;20,21;85,20;10,68;36,24;28,66;100,00;130,95;0,00;4,23
2000.0;12.0;2000-12-01;BRASPINE;FLOEMA II - SUDATI;PR;DOUTOR ULYSSES;453,83;211,13;194,41;20,21;85,20;10,68;36,24;28,66;100,00;130,95;0,00;4,23
2000.0;12.0;2000-12-01;BRASPINE;FLOR DA SERRA;PR;SAO JOSE DA BOA VISTA;209,10;128,72;175,83;21,96;79,57;13,18;34,26;29,72;99,80;40,80;0,00;1,38
2000.0;12.0;2000-12-01;BRASPINE;GENTIL;PR;JAGUARIAIVA;126,77;53,33;175,02;19,88;83,32;10,31;39,04;27,40;99,76;112,12;0,00;6,81
2000.0;12.0;2000-12-01;BRASPINE;GUAIRACA;PR;GUARAPUAVA;623,62;169,31;203,64;19,68;83,09;10,65;41,49;28,02;99,99;152,93;0,00;15,30
2000.0;12.0;2000-12-01;BRASPINE;HERVAL 2 - MADALOSSO;;;;;215,29;20,19;83,36;10,67;39,91;28,39;99,83;129,22;0,00;0,06
2000.0;12.0;2000-12-01;BRASPINE;HERVAL DE BAIXO;PR;RESERVA;827,29;475,92;166,16;20,92;83,63;11,19;39,70;28,83;99,94;79,39;0,00;13,85
2000.0;12.0;2000-12-01;BRASPINE;HORTO 01;PR;TURVO;19,12;19,12;208,61;20,17;84,36;11,07;44,73;28,21;99,76;144,52;0,00;1,48
2000.0;12.0;2000-12-01;BRASPINE;HORTO 02;PR;TURVO;4,24;4,24;209,47;20,17;84,36;11,07;44,73;28,21;99,76;144,52;0,00;1,48
2000.0;12.0;2000-12-01;BRASPINE;HORTO 03;PR;PRUDENTOPOLIS;80,91;25,89;203,33;20,67;83,40;11,65;43,31;28,96;99,89;120,52;0,00;6,43
2000.0;12.0;2000-12-01;BRASPINE;HORTO 08;PR;TURVO;9,53;9,53;198,27;20,67;83,40;11,65;43,31;28,96;99,89;120,52;0,00;6,43
2000.0;12.0;2000-12-01;BRASPINE;HORTO 12;PR;PRUDENTOPOLIS;12,20;12,20;199,66;20,67;83,40;11,65;43,31;28,96;99,89;120,52;0,00;6,43
2000.0;12.0;2000-12-01;BRASPINE;IZAU;PR;PIRAI DO SUL;19,37;11,60;152,26;19,91;83,54;10,05;39,07;27,54;99,76;97,18;0,00;16,86
2000.0;12.0;2000-12-01;BRASPINE;JOAO RICO;PR;JAGUARIAIVA;47,46;26,18;173,99;20,12;83,46;10,54;38,08;27,84;99,84;113,90;0,00;0,14
2000.0;12.0;2000-12-01;BRASPINE;LAGOA;PR;JAGUARIAIVA;24,10;10,78;189,74;20,05;84,65;10,60;36,68;28,31;100,00;128,81;0,00;11,20
2000.0;12.0;2000-12-01;BRASPINE;MARACANA;PR;JANDAIA DO SUL;11,45;11,45;171,19;22,44;81,92;15,00;39,57;30,06;99,99;0,00;0,00;11,11
2000.0;12.0;2000-12-01;BRASPINE;MARRECA;;;;;185,04;20,40;85,10;10,79;36,74;29,20;100,00;102,23;0,00;15,44
2000.0;12.0;2000-12-01;BRASPINE;MARRECA SP;SP;ITAPIRAPUA PAULISTA;675,30;236,19;210,18;21,07;85,39;11,06;36,35;30,11;100,00;91,42;0,00;7,76
2000.0;12.0;2000-12-01;BRASPINE;MARRECAS;;;;;195,54;19,00;83,85;10,09;41,64;27,32;100,00;161,06;0,00;4,24
2000.0;12.0;2000-12-01;BRASPINE;MERCADINHO;;;;;189,77;20,96;84,37;11,32;36,32;32,15;100,00;92,28;0,00;0,60
2000.0;12.0;2000-12-01;BRASPINE;MONTE ALEGRE;;;;;171,64;22,93;80,94;15,18;39,50;30,46;99,89;0,00;0,00;9,73
2000.0;12.0;2000-12-01;BRASPINE;MONTE TABOR II;;;;;211,30;20,36;86,48;10,66;40,34;29,07;100,00;119,73;0,00;11,20
2000.0;12.0;2000-12-01;BRASPINE;MOREIRA;PR;DOUTOR ULYSSES;230,52;68,68;194,41;20,21;85,20;10,68;36,24;28,66;100,00;130,95;0,00;4,23
2000.0;12.0;2000-12-01;BRASPINE;MOREIRAS II;PR;DOUTOR ULYSSES;66,76;28,75;192,93;20,21;85,20;10,68;36,24;28,66;100,00;130,95;0,00;4,23
2000.0;12.0;2000-12-01;BRASPINE;MORRETES;PR;ORTIGUEIRA;20,36;20,36;165,10;21,38;83,51;11,57;39,32;29,43;99,80;67,39;0,00;1,13
2000.0;12.0;2000-12-01;BRASPINE;MORRO AZUL;;;;;200,41;20,39;85,95;11,19;34,62;29,18;100,00;102,18;0,00;2,12
2000.0;12.0;2000-12-01;BRASPINE;OURO FINO;SP;APIAI;51,70;51,70;218,34;20,16;86,57;11,18;37,69;28,94;100,00;116,68;0,00;0,16
2000.0;12.0;2000-12-01;BRASPINE;PALMEIRINHA DE BAIXO - SOSSEGO;PR;SENGES;85,93;9,22;190,49;19,82;84,39;10,77;34,84;27,89;99,88;113,69;0,00;5,19
2000.0;12.0;2000-12-01;BRASPINE;PAZIN;PR;DOUTOR ULYSSES;41,20;23,90;201,38;20,40;85,10;10,79;36,74;29,20;100,00;102,23;0,00;15,44
2000.0;12.0;2000-12-01;BRASPINE;PEDRAS;PR;CASTRO;7,18;7,18;176,13;19,98;83,88;10,00;41,84;27,58;99,64;127,13;0,00;0,20
2000.0;12.0;2000-12-01;BRASPINE;PESCARIA;PR;SAO JOSE DA BOA VISTA;184,57;129,22;168,95;22,09;79,25;13,13;32,23;30,19;99,76;70,34;0,00;3,89
2000.0;12.0;2000-12-01;BRASPINE;PESSEGUEIRO;PR;DOUTOR ULYSSES;109,95;64,79;200,39;20,21;85,20;10,68;36,24;28,66;100,00;130,95;0,00;4,23
2000.0;12.0;2000-12-01;BRASPINE;PITANGA;;;;;215,74;20,19;83,40;10,84;42,16;28,00;99,80;133,45;0,00;0,73
2000.0;12.0;2000-12-01;BRASPINE;QUEIMADINHO ARROIO CLARO;PR;DOUTOR ULYSSES;48,13;19,09;197,09;20,21;85,20;10,68;36,24;28,66;100,00;130,95;0,00;4,23
2000.0;12.0;2000-12-01;BRASPINE;QUEIMADINHO M6042;PR;DOUTOR ULYSSES;48,38;18,50;197,09;20,21;85,20;10,68;36,24;28,66;100,00;130,95;0,00;4,23
2000.0;12.0;2000-12-01;BRASPINE;QUEIMADINHO USUCAPIAO;PR;DOUTOR ULYSSES;200,27;92,43;197,09;20,21;85,20;10,68;36,24;28,66;100,00;130,95;0,00;4,23
2000.0;12.0;2000-12-01;BRASPINE;RAMOS;PR;SENGES;69,83;38,15;191,48;20,05;84,65;10,60;36,68;28,31;100,00;128,81;0,00;11,20
2000.0;12.0;2000-12-01;BRASPINE;RIBEIRAO GRANDE;PR;JAGUARIAIVA;20,77;20,77;176,71;19,91;83,54;10,05;39,07;27,54;99,76;97,18;0,00;16,86
2000.0;12.0;2000-12-01;BRASPINE;RINCAO DE BAIXO;;;;;163,01;20,43;81,76;10,85;38,11;27,89;99,71;89,44;0,00;4,23
2000.0;12.0;2000-12-01;BRASPINE;RIO BOMBA;PR;CERRO AZUL;65,03;37,72;203,03;21,26;83,68;11,32;36,62;30,55;99,98;79,30;0,00;1,95
2000.0;12.0;2000-12-01;BRASPINE;RIO DO MEIO;PR;DOUTOR ULYSSES;712,33;389,13;194,05;20,21;85,20;10,68;36,24;28,66;100,00;130,95;0,00;4,23
2000.0;12.0;2000-12-01;BRASPINE;RONDON;PR;JAGUARIAIVA;2899,24;1475,88;175,69;19,91;84,28;10,64;36,45;27,83;99,90;128,25;0,00;10,64
2000.0;12.0;2000-12-01;BRASPINE;SANTA FELICIDADE;;;;;196,13;21,48;85,48;11,56;36,09;32,81;100,00;94,23;0,00;0,77
2000.0;12.0;2000-12-01;BRASPINE;SANTA LIDIA DO CERCADINHO;;;;;159,31;20,10;81,83;10,52;38,52;27,41;99,67;116,61;0,00;5,46
2000.0;12.0;2000-12-01;BRASPINE;SANTO ANTONIO;;;;;193,18;19,86;84,72;10,56;33,98;28,23;100,00;113,40;0,00;2,25
2000.0;12.0;2000-12-01;BRASPINE;SAO JOSE;PR;JANDAIA DO SUL;37,56;37,56;173,69;22,77;81,14;15,12;39,57;30,29;99,94;0,00;0,00;10,14
2000.0;12.0;2000-12-01;BRASPINE;SAO MATHEUS;;;;;161,21;23,96;80,55;15,71;40,65;31,68;99,80;0,00;0,00;3,76
2000.0;12.0;2000-12-01;BRASPINE;SAO PEDRO E SAO PAULO;PR;SAPOPEMA;709,13;323,93;165,08;21,31;81,08;12,92;38,20;28,69;99,72;69,71;0,00;9,41
2000.0;12.0;2000-12-01;BRASPINE;SAO RAFAEL;;;;;160,88;20,07;82,42;10,73;38,38;28,37;99,70;144,03;0,00;4,28
2000.0;12.0;2000-12-01;BRASPINE;SAO RAFAEL - PB;;;;;222,60;20,28;86,40;11,22;36,61;29,05;100,00;117,36;0,00;2,40
2000.0;12.0;2000-12-01;BRASPINE;SERRARIA;PR;DOUTOR ULYSSES;280,88;117,71;177,38;20,17;84,87;10,51;36,99;28,84;100,00;129,70;0,00;18,45
2000.0;12.0;2000-12-01;BRASPINE;SERRO VERDE;;;;;179,63;19,86;82,76;10,24;42,75;28,06;99,87;129,32;0,00;0,55
2000.0;12.0;2000-12-01;BRASPINE;SERTAOZINHO;PR;DOUTOR ULYSSES;16,25;16,25;193,72;20,21;85,20;10,68;36,24;28,66;100,00;130,95;0,00;4,23
2000.0;12.0;2000-12-01;BRASPINE;SITIO BASILIO;PR;JAGUARIAIVA;8,08;8,08;172,20;19,93;83,29;10,45;38,77;27,48;99,75;112,56;0,00;1,52
2000.0;12.0;2000-12-01;BRASPINE;SITIO DAS MARRECAS;PR;DOUTOR ULYSSES;77,49;35,17;198,73;20,88;85,30;10,98;36,46;29,85;100,00;90,39;0,00;9,86
2000.0;12.0;2000-12-01;BRASPINE;SOBRADINHO;SP;BOM SUCESSO DE ITARARE;285,80;123,10;215,64;19,81;85,52;10,63;34,53;28,29;100,00;142,91;0,00;3,83
2000.0;12.0;2000-12-01;BRASPINE;TAQUARAL;PR;JAGUARIAIVA;519,13;31,07;179,51;20,12;83,98;10,66;37,70;27,99;99,99;114,16;0,00;14,83
2000.0;12.0;2000-12-01;BRASPINE;TUCUNDUVA;PR;SENGES;82,21;60,89;173,90;20,58;81,53;11,02;34,68;28,23;99,64;104,01;0,00;5,65
2000.0;12.0;2000-12-01;BRASPINE;TUCUNDUVA - CHAMMA;;;;;182,39;20,58;81,79;11,47;34,05;28,32;99,63;90,40;0,00;2,97
2000.0;12.0;2000-12-01;BRASPINE;VIENA 1;PR;DOUTOR ULYSSES;263,98;178,34;168,04;19,86;84,43;9,94;38,84;28,64;100,00;141,49;0,00;21,81
2000.0;12.0;2000-12-01;BRASPINE;VIENA 2;PR;CERRO AZUL;140,23;96,54;202,54;21,26;83,68;11,32;36,62;30,55;99,98;79,30;0,00;1,95
2000.0;12.0;2000-12-01;BRASPINE;VITORIA;PR;SENGES;50,54;35,69;190,49;19,82;84,39;10,77;34,84;27,89;99,88;113,69;0,00;5,19
2000.0;12.0;2000-12-01;BRASPINE;VIVEIRO;PR;DOUTOR ULYSSES;405,39;261,22;192,93;20,21;85,20;10,68;36,24;28,66;100,00;130,95;0,00;4,23
2000.0;12.0;2000-12-01;BRASPINE;VO LINO;PR;DOUTOR ULYSSES;164,50;97,89;183,35;20,40;85,10;10,79;36,74;29,20;100,00;102,23;0,00;15,44
2000.0;12.0;2000-12-01;BRASPINE;XAXIM VELHO;;;;;178,18;19,18;83,77;9,94;42,62;27,12;100,00;162,02;0,00;4,88
