ANO;MES;DATA;EMPRESA;FAZENDA;UF;MUNICIPIO;AREA_T;AREA_PRODU;PRECIP_CHIRPS_MM;TEMP_MEDIA_C;UMID_MEDIA_PCT;TEMP_MIN_C;UMID_MIN_PCT;TEMP_MAX_C;UMID_MAX_PCT;NOITES_FRIAS_Eucalipto_<15C;NOITES_FRIAS_Pinus_<5C;DIRECAO_VENTO_GRAUS
2005.0;1.0;2005-01-01;BRASPINE;AGUA DOCE;PR;JAGUARIAIVA;238,97;121,99;273,99;20,05;88,97;13,73;47,00;27,58;99,86;70,78;0,00;1,90
2005.0;1.0;2005-01-01;BRASPINE;AMATA;;;;;263,22;21,76;86,50;15,22;41,85;30,41;100,00;0,00;0,00;2,31
2005.0;1.0;2005-01-01;BRASPINE;ANTA BRAVA;;;;;313,02;22,51;85,94;16,70;52,60;30,01;99,54;0,00;0,00;5,56
2005.0;1.0;2005-01-01;BRASPINE;ARAPONGAS;PR;SENGES;423,34;263,70;275,18;20,15;90,07;13,78;42,51;28,39;100,00;56,54;0,00;6,87
2005.0;1.0;2005-01-01;BRASPINE;ARROIO CLARO;PR;DOUTOR ULYSSES;275,14;92,00;305,91;20,38;89,61;13,98;41,40;29,05;100,00;57,40;0,00;2,65
2005.0;1.0;2005-01-01;BRASPINE;BARRA GRANDE;PR;DOUTOR ULYSSES;493,79;139,68;302,87;20,61;89,97;14,13;41,92;29,11;100,00;58,06;0,00;1,46
2005.0;1.0;2005-01-01;BRASPINE;BARRA GRANDE - BEMAIS;PR;GUARAPUAVA;299,16;108,61;165,01;20,05;87,36;12,74;44,24;27,55;99,99;84,55;0,00;344,88
2005.0;1.0;2005-01-01;BRASPINE;BARRETOS;PR;JAGUARIAIVA;43,35;32,98;265,44;20,08;89,87;13,48;44,35;28,03;100,00;69,86;0,00;4,00
2005.0;1.0;2005-01-01;BRASPINE;BAU;;;;;161,40;20,12;87,28;12,36;48,22;26,69;99,88;70,38;0,00;1,87
2005.0;1.0;2005-01-01;BRASPINE;BOA VISTA II;PR;PIRAI DO SUL;944,00;535,05;289,00;20,09;89,32;13,43;45,33;29,92;99,99;69,35;0,00;0,14
2005.0;1.0;2005-01-01;BRASPINE;BRASILEIRA;;;;;307,18;20,15;90,07;13,78;42,51;28,39;100,00;56,54;0,00;6,87
2005.0;1.0;2005-01-01;BRASPINE;BURACAO;;;;;262,47;20,21;87,89;13,82;46,36;28,23;99,86;70,51;0,00;2,11
2005.0;1.0;2005-01-01;BRASPINE;BURRINHO;PR;DOUTOR ULYSSES;211,01;100,37;305,84;20,38;89,61;13,98;41,40;29,05;100,00;57,40;0,00;2,65
2005.0;1.0;2005-01-01;BRASPINE;CADEADO I;PR;JAGUARIAIVA;21,07;12,29;284,17;19,98;89,88;13,53;43,19;28,05;100,00;70,42;0,00;0,20
2005.0;1.0;2005-01-01;BRASPINE;CADEADO II;PR;JAGUARIAIVA;21,88;16,79;284,17;19,98;89,88;13,53;43,19;28,05;100,00;70,42;0,00;0,20
2005.0;1.0;2005-01-01;BRASPINE;CAMPINA ALTA;PR;TIBAGI;29,77;18,24;206,99;21,18;87,35;14,69;48,93;28,44;99,95;14,69;0,00;8,99
2005.0;1.0;2005-01-01;BRASPINE;CAMPINA DO ELIAS;PR;JAGUARIAIVA;29,17;14,65;278,27;20,04;89,87;13,50;43,93;28,03;100,00;70,07;0,00;2,67
2005.0;1.0;2005-01-01;BRASPINE;CAMPO NOVO;PR;JAGUARIAIVA;295,98;156,36;275,07;19,98;89,88;13,53;43,19;28,05;100,00;70,42;0,00;0,20
2005.0;1.0;2005-01-01;BRASPINE;CONSULTORIA II A;PR;DOUTOR ULYSSES;89,62;60,79;303,42;20,15;90,07;13,78;42,51;28,39;100,00;56,54;0,00;6,87
2005.0;1.0;2005-01-01;BRASPINE;DINIZ;;;;;295,04;20,15;90,07;13,78;42,51;28,39;100,00;56,54;0,00;6,87
2005.0;1.0;2005-01-01;BRASPINE;ENES;PR;JAGUARIAIVA;5,93;5,69;274,91;19,98;89,88;13,53;43,19;28,05;100,00;70,42;0,00;0,20
2005.0;1.0;2005-01-01;BRASPINE;ENGENHARIA;;;;;295,04;20,15;90,07;13,78;42,51;28,39;100,00;56,54;0,00;6,87
2005.0;1.0;2005-01-01;BRASPINE;ESTACAO;PR;SENGES;4,76;4,14;273,61;19,98;89,88;13,53;43,19;28,05;100,00;70,42;0,00;0,20
2005.0;1.0;2005-01-01;BRASPINE;FAXINAL;PR;JAGUARIAIVA;20,65;20,65;274,91;19,98;89,88;13,53;43,19;28,05;100,00;70,42;0,00;0,20
2005.0;1.0;2005-01-01;BRASPINE;FEITAL;PR;DOUTOR ULYSSES;154,17;86,53;307,18;20,30;90,04;13,90;42,32;28,63;100,00;57,05;0,00;5,15
2005.0;1.0;2005-01-01;BRASPINE;FIGUEIRA;PR;DOUTOR ULYSSES;1053,81;315,71;299,81;20,38;89,61;13,98;41,40;29,05;100,00;57,40;0,00;2,65
2005.0;1.0;2005-01-01;BRASPINE;FIGUEIRINHA;PR;DOUTOR ULYSSES;94,37;56,74;301,66;20,38;89,61;13,98;41,40;29,05;100,00;57,40;0,00;2,65
2005.0;1.0;2005-01-01;BRASPINE;FLOEMA;PR;DOUTOR ULYSSES;2189,88;701,43;291,14;19,93;89,69;13,60;41,94;28,48;100,00;55,74;0,00;0,05
2005.0;1.0;2005-01-01;BRASPINE;FLOEMA I - SUDATI;;;;;264,37;20,15;90,07;13,78;42,51;28,39;100,00;56,54;0,00;6,87
2005.0;1.0;2005-01-01;BRASPINE;FLOEMA II - SUDATI;PR;DOUTOR ULYSSES;453,83;211,13;305,39;20,15;90,07;13,78;42,51;28,39;100,00;56,54;0,00;6,87
2005.0;1.0;2005-01-01;BRASPINE;FLOR DA SERRA;PR;SAO JOSE DA BOA VISTA;209,10;128,72;283,81;21,94;84,75;16,04;45,23;29,23;99,66;0,00;0,00;1,20
2005.0;1.0;2005-01-01;BRASPINE;GENTIL;PR;JAGUARIAIVA;126,77;53,33;273,77;19,85;88,88;13,57;47,80;27,28;99,78;70,02;0,00;3,04
2005.0;1.0;2005-01-01;BRASPINE;GUAIRACA;PR;GUARAPUAVA;623,62;169,31;159,82;20,17;87,14;12,77;46,21;27,51;99,99;84,25;0,00;0,37
2005.0;1.0;2005-01-01;BRASPINE;HERVAL 2 - MADALOSSO;;;;;232,89;20,21;87,89;13,82;46,36;28,23;99,86;70,51;0,00;2,11
2005.0;1.0;2005-01-01;BRASPINE;HERVAL DE BAIXO;PR;RESERVA;827,29;475,92;226,32;21,22;87,37;14,44;48,90;28,32;99,91;14,44;0,00;5,48
2005.0;1.0;2005-01-01;BRASPINE;HORTO 01;PR;TURVO;19,12;19,12;171,03;20,75;87,82;13,32;47,03;28,01;99,85;42,27;0,00;2,13
2005.0;1.0;2005-01-01;BRASPINE;HORTO 02;PR;TURVO;4,24;4,24;171,09;20,75;87,82;13,32;47,03;28,01;99,85;42,27;0,00;2,13
2005.0;1.0;2005-01-01;BRASPINE;HORTO 03;PR;PRUDENTOPOLIS;80,91;25,89;169,99;21,22;86,75;13,93;45,58;29,01;99,87;28,90;0,00;1,46
2005.0;1.0;2005-01-01;BRASPINE;HORTO 08;PR;TURVO;9,53;9,53;170,95;21,22;86,75;13,93;45,58;29,01;99,87;28,90;0,00;1,46
2005.0;1.0;2005-01-01;BRASPINE;HORTO 12;PR;PRUDENTOPOLIS;12,20;12,20;168,87;21,22;86,75;13,93;45,58;29,01;99,87;28,90;0,00;1,46
2005.0;1.0;2005-01-01;BRASPINE;IZAU;PR;PIRAI DO SUL;19,37;11,60;269,92;19,82;89,29;13,32;46,55;27,50;99,79;68,61;0,00;2,91
2005.0;1.0;2005-01-01;BRASPINE;JOAO RICO;PR;JAGUARIAIVA;47,46;26,18;275,64;20,05;88,97;13,73;47,00;27,58;99,86;70,78;0,00;1,90
2005.0;1.0;2005-01-01;BRASPINE;LAGOA;PR;JAGUARIAIVA;24,10;10,78;271,19;19,98;89,88;13,53;43,19;28,05;100,00;70,42;0,00;0,20
2005.0;1.0;2005-01-01;BRASPINE;MARACANA;PR;JANDAIA DO SUL;11,45;11,45;285,38;22,58;87,31;17,72;55,21;29,44;100,00;0,00;0,00;0,39
2005.0;1.0;2005-01-01;BRASPINE;MARRECA;;;;;304,91;20,38;89,61;13,98;41,40;29,05;100,00;57,40;0,00;2,65
2005.0;1.0;2005-01-01;BRASPINE;MARRECA SP;SP;ITAPIRAPUA PAULISTA;675,30;236,19;300,42;21,04;89,20;14,37;40,92;29,94;100,00;44,15;0,00;1,50
2005.0;1.0;2005-01-01;BRASPINE;MARRECAS;;;;;161,28;19,54;87,87;12,12;45,19;26,82;100,00;81,32;0,00;0,19
2005.0;1.0;2005-01-01;BRASPINE;MERCADINHO;;;;;299,76;21,02;87,95;14,54;41,26;29,70;100,00;14,54;0,00;2,54
2005.0;1.0;2005-01-01;BRASPINE;MONTE ALEGRE;;;;;274,25;23,07;86,39;18,22;55,32;29,63;99,95;0,00;0,00;0,74
2005.0;1.0;2005-01-01;BRASPINE;MONTE TABOR II;;;;;278,92;20,47;90,28;14,62;48,79;29,52;100,00;29,35;0,00;0,43
2005.0;1.0;2005-01-01;BRASPINE;MOREIRA;PR;DOUTOR ULYSSES;230,52;68,68;305,39;20,15;90,07;13,78;42,51;28,39;100,00;56,54;0,00;6,87
2005.0;1.0;2005-01-01;BRASPINE;MOREIRAS II;PR;DOUTOR ULYSSES;66,76;28,75;303,14;20,15;90,07;13,78;42,51;28,39;100,00;56,54;0,00;6,87
2005.0;1.0;2005-01-01;BRASPINE;MORRETES;PR;ORTIGUEIRA;20,36;20,36;235,76;21,67;87,35;14,94;49,28;28,91;99,92;14,94;0,00;4,64
2005.0;1.0;2005-01-01;BRASPINE;MORRO AZUL;;;;;304,04;20,33;90,39;14,04;42,08;28,64;100,00;57,52;0,00;0,58
2005.0;1.0;2005-01-01;BRASPINE;OURO FINO;SP;APIAI;51,70;51,70;306,97;20,17;90,87;14,13;44,80;28,59;100,00;42,89;0,00;7,52
2005.0;1.0;2005-01-01;BRASPINE;PALMEIRINHA DE BAIXO - SOSSEGO;PR;SENGES;85,93;9,22;290,64;19,78;89,71;13,72;45,33;27,69;99,87;56,25;0,00;15,96
2005.0;1.0;2005-01-01;BRASPINE;PAZIN;PR;DOUTOR ULYSSES;41,20;23,90;306,54;20,38;89,61;13,98;41,40;29,05;100,00;57,40;0,00;2,65
2005.0;1.0;2005-01-01;BRASPINE;PEDRAS;PR;CASTRO;7,18;7,18;282,21;19,90;89,29;13,33;47,77;27,53;99,79;68,03;0,00;3,00
2005.0;1.0;2005-01-01;BRASPINE;PESCARIA;PR;SAO JOSE DA BOA VISTA;184,57;129,22;295,26;22,01;84,56;15,93;43,16;29,54;99,67;0,00;0,00;1,56
2005.0;1.0;2005-01-01;BRASPINE;PESSEGUEIRO;PR;DOUTOR ULYSSES;109,95;64,79;291,19;20,15;90,07;13,78;42,51;28,39;100,00;56,54;0,00;6,87
2005.0;1.0;2005-01-01;BRASPINE;PITANGA;;;;;193,11;20,79;87,21;13,17;49,44;27,13;99,80;27,80;0,00;4,42
2005.0;1.0;2005-01-01;BRASPINE;QUEIMADINHO ARROIO CLARO;PR;DOUTOR ULYSSES;48,13;19,09;307,18;20,15;90,07;13,78;42,51;28,39;100,00;56,54;0,00;6,87
2005.0;1.0;2005-01-01;BRASPINE;QUEIMADINHO M6042;PR;DOUTOR ULYSSES;48,38;18,50;307,18;20,15;90,07;13,78;42,51;28,39;100,00;56,54;0,00;6,87
2005.0;1.0;2005-01-01;BRASPINE;QUEIMADINHO USUCAPIAO;PR;DOUTOR ULYSSES;200,27;92,43;307,18;20,15;90,07;13,78;42,51;28,39;100,00;56,54;0,00;6,87
2005.0;1.0;2005-01-01;BRASPINE;RAMOS;PR;SENGES;69,83;38,15;264,37;19,98;89,88;13,53;43,19;28,05;100,00;70,42;0,00;0,20
2005.0;1.0;2005-01-01;BRASPINE;RIBEIRAO GRANDE;PR;JAGUARIAIVA;20,77;20,77;264,55;19,82;89,29;13,32;46,55;27,50;99,79;68,61;0,00;2,91
2005.0;1.0;2005-01-01;BRASPINE;RINCAO DE BAIXO;;;;;214,89;20,57;86,47;14,55;47,17;27,77;99,75;58,83;0,00;8,20
2005.0;1.0;2005-01-01;BRASPINE;RIO BOMBA;PR;CERRO AZUL;65,03;37,72;279,23;21,37;86,89;14,98;42,62;29,99;99,99;14,98;0,00;0,03
2005.0;1.0;2005-01-01;BRASPINE;RIO DO MEIO;PR;DOUTOR ULYSSES;712,33;389,13;304,21;20,15;90,07;13,78;42,51;28,39;100,00;56,54;0,00;6,87
2005.0;1.0;2005-01-01;BRASPINE;RONDON;PR;JAGUARIAIVA;2899,24;1475,88;270,89;19,85;89,62;13,60;45,59;27,27;99,90;70,76;0,00;110,93
2005.0;1.0;2005-01-01;BRASPINE;SANTA FELICIDADE;;;;;293,01;21,46;88,80;14,72;40,69;30,60;100,00;14,72;0,00;0,19
2005.0;1.0;2005-01-01;BRASPINE;SANTA LIDIA DO CERCADINHO;;;;;207,62;20,26;86,58;14,33;47,20;27,35;99,69;57,86;0,00;0,21
2005.0;1.0;2005-01-01;BRASPINE;SANTO ANTONIO;;;;;309,63;19,84;89,86;13,74;43,71;33,05;100,00;56,33;0,00;11,67
2005.0;1.0;2005-01-01;BRASPINE;SAO JOSE;PR;JANDAIA DO SUL;37,56;37,56;275,66;22,92;86,59;18,08;55,19;29,45;99,99;0,00;0,00;1,92
2005.0;1.0;2005-01-01;BRASPINE;SAO MATHEUS;;;;;236,63;24,10;85,93;19,05;55,28;30,92;99,77;0,00;0,00;3,20
2005.0;1.0;2005-01-01;BRASPINE;SAO PEDRO E SAO PAULO;PR;SAPOPEMA;709,13;323,93;273,05;21,35;86,97;16,15;50,72;28,17;99,66;0,00;0,00;0,41
2005.0;1.0;2005-01-01;BRASPINE;SAO RAFAEL;;;;;170,16;20,36;84,97;13,48;46,86;28,28;99,77;69,81;0,00;2,23
2005.0;1.0;2005-01-01;BRASPINE;SAO RAFAEL - PB;;;;;298,44;20,25;90,75;14,12;43,81;28,68;100,00;42,87;0,00;11,60
2005.0;1.0;2005-01-01;BRASPINE;SERRARIA;PR;DOUTOR ULYSSES;280,88;117,71;295,92;20,15;89,65;13,79;41,67;28,68;100,00;56,57;0,00;3,39
2005.0;1.0;2005-01-01;BRASPINE;SERRO VERDE;;;;;162,12;20,50;85,98;12,64;48,96;27,00;99,90;56,82;0,00;30,90
2005.0;1.0;2005-01-01;BRASPINE;SERTAOZINHO;PR;DOUTOR ULYSSES;16,25;16,25;309,14;20,15;90,07;13,78;42,51;28,39;100,00;56,54;0,00;6,87
2005.0;1.0;2005-01-01;BRASPINE;SITIO BASILIO;PR;JAGUARIAIVA;8,08;8,08;273,19;19,91;88,78;13,69;47,97;27,29;99,78;70,66;0,00;2,28
2005.0;1.0;2005-01-01;BRASPINE;SITIO DAS MARRECAS;PR;DOUTOR ULYSSES;77,49;35,17;304,21;20,85;89,32;14,26;41,06;29,69;100,00;43,72;0,00;1,82
2005.0;1.0;2005-01-01;BRASPINE;SOBRADINHO;SP;BOM SUCESSO DE ITARARE;285,80;123,10;316,26;19,77;90,51;13,77;43,60;28,79;100,00;56,45;0,00;4,32
2005.0;1.0;2005-01-01;BRASPINE;TAQUARAL;PR;JAGUARIAIVA;519,13;31,07;278,95;20,03;89,46;13,64;46,23;27,57;100,00;70,57;0,00;1,57
2005.0;1.0;2005-01-01;BRASPINE;TUCUNDUVA;PR;SENGES;82,21;60,89;306,86;20,56;86,97;14,54;47,09;27,83;99,78;29,18;0,00;1,79
2005.0;1.0;2005-01-01;BRASPINE;TUCUNDUVA - CHAMMA;;;;;299,47;20,53;87,29;14,51;46,63;27,74;99,80;29,14;0,00;20,53
2005.0;1.0;2005-01-01;BRASPINE;VIENA 1;PR;DOUTOR ULYSSES;263,98;178,34;284,30;19,80;89,82;13,35;43,76;27,86;100,00;69,37;0,00;0,84
2005.0;1.0;2005-01-01;BRASPINE;VIENA 2;PR;CERRO AZUL;140,23;96,54;279,39;21,37;86,89;14,98;42,62;29,99;99,99;14,98;0,00;0,03
2005.0;1.0;2005-01-01;BRASPINE;VITORIA;PR;SENGES;50,54;35,69;290,64;19,78;89,71;13,72;45,33;27,69;99,87;56,25;0,00;15,96
2005.0;1.0;2005-01-01;BRASPINE;VIVEIRO;PR;DOUTOR ULYSSES;405,39;261,22;303,14;20,15;90,07;13,78;42,51;28,39;100,00;56,54;0,00;6,87
2005.0;1.0;2005-01-01;BRASPINE;VO LINO;PR;DOUTOR ULYSSES;164,50;97,89;305,20;20,38;89,61;13,98;41,40;29,05;100,00;57,40;0,00;2,65
2005.0;1.0;2005-01-01;BRASPINE;XAXIM VELHO;;;;;151,75;19,62;87,94;11,89;48,47;27,03;100,00;80,71;0,00;1,39
2005.0;2.0;2005-02-01;BRASPINE;AGUA DOCE;PR;JAGUARIAIVA;238,97;121,99;38,06;20,42;78,62;12,45;40,65;29,22;99,68;110,46;0,00;8,02
2005.0;2.0;2005-02-01;BRASPINE;AMATA;;;;;59,22;22,17;77,53;15,17;37,07;31,35;99,80;0,00;0,00;0,78
2005.0;2.0;2005-02-01;BRASPINE;ANTA BRAVA;;;;;48,59;23,09;74,11;15,14;31,17;33,18;96,81;0,00;0,00;1,30
2005.0;2.0;2005-02-01;BRASPINE;ARAPONGAS;PR;SENGES;423,34;263,70;49,90;20,39;81,40;13,32;41,56;29,05;99,99;84,06;0,00;2,00
2005.0;2.0;2005-02-01;BRASPINE;ARROIO CLARO;PR;DOUTOR ULYSSES;275,14;92,00;60,00;20,61;81,07;13,71;39,02;29,18;100,00;70,64;0,00;1,74
2005.0;2.0;2005-02-01;BRASPINE;BARRA GRANDE;PR;DOUTOR ULYSSES;493,79;139,68;60,32;20,89;81,95;13,87;41,70;29,74;100,00;57,19;0,00;5,52
2005.0;2.0;2005-02-01;BRASPINE;BARRA GRANDE - BEMAIS;PR;GUARAPUAVA;299,16;108,61;75,78;20,00;78,29;12,02;40,18;27,74;99,88;137,67;0,00;1,60
2005.0;2.0;2005-02-01;BRASPINE;BARRETOS;PR;JAGUARIAIVA;43,35;32,98;49,67;20,47;80,09;12,71;40,31;29,23;99,77;82,27;0,00;0,75
2005.0;2.0;2005-02-01;BRASPINE;BAU;;;;;59,23;20,07;78,13;12,43;44,27;27,96;99,68;109,29;0,00;3,93
2005.0;2.0;2005-02-01;BRASPINE;BOA VISTA II;PR;PIRAI DO SUL;944,00;535,05;52,70;20,51;79,13;12,42;40,51;29,61;99,63;81,22;0,00;2,71
2005.0;2.0;2005-02-01;BRASPINE;BRASILEIRA;;;;;56,59;20,39;81,40;13,32;41,56;29,05;99,99;84,06;0,00;2,00
2005.0;2.0;2005-02-01;BRASPINE;BURACAO;;;;;63,61;20,46;79,14;13,17;39,32;28,63;99,65;68,55;0,00;0,57
2005.0;2.0;2005-02-01;BRASPINE;BURRINHO;PR;DOUTOR ULYSSES;211,01;100,37;59,79;20,61;81,07;13,71;39,02;29,18;100,00;70,64;0,00;1,74
2005.0;2.0;2005-02-01;BRASPINE;CADEADO I;PR;JAGUARIAIVA;21,07;12,29;49,35;20,25;80,67;12,87;40,87;28,77;99,81;82,07;0,00;10,30
2005.0;2.0;2005-02-01;BRASPINE;CADEADO II;PR;JAGUARIAIVA;21,88;16,79;49,35;20,25;80,67;12,87;40,87;28,77;99,81;82,07;0,00;10,30
2005.0;2.0;2005-02-01;BRASPINE;CAMPINA ALTA;PR;TIBAGI;29,77;18,24;51,25;21,56;75,49;13,39;37,54;31,11;99,30;84,42;0,00;1,91
2005.0;2.0;2005-02-01;BRASPINE;CAMPINA DO ELIAS;PR;JAGUARIAIVA;29,17;14,65;52,46;20,39;80,30;12,77;40,51;29,06;99,79;82,21;0,00;13,14
2005.0;2.0;2005-02-01;BRASPINE;CAMPO NOVO;PR;JAGUARIAIVA;295,98;156,36;50,18;20,25;80,67;12,87;40,87;28,77;99,81;82,07;0,00;10,30
2005.0;2.0;2005-02-01;BRASPINE;CONSULTORIA II A;PR;DOUTOR ULYSSES;89,62;60,79;58,19;20,39;81,40;13,32;41,56;29,05;99,99;84,06;0,00;2,00
2005.0;2.0;2005-02-01;BRASPINE;DINIZ;;;;;52,53;20,39;81,40;13,32;41,56;29,05;99,99;84,06;0,00;2,00
2005.0;2.0;2005-02-01;BRASPINE;ENES;PR;JAGUARIAIVA;5,93;5,69;50,24;20,25;80,67;12,87;40,87;28,77;99,81;82,07;0,00;10,30
2005.0;2.0;2005-02-01;BRASPINE;ENGENHARIA;;;;;52,53;20,39;81,40;13,32;41,56;29,05;99,99;84,06;0,00;2,00
2005.0;2.0;2005-02-01;BRASPINE;ESTACAO;PR;SENGES;4,76;4,14;53,37;20,25;80,67;12,87;40,87;28,77;99,81;82,07;0,00;10,30
2005.0;2.0;2005-02-01;BRASPINE;FAXINAL;PR;JAGUARIAIVA;20,65;20,65;50,24;20,25;80,67;12,87;40,87;28,77;99,81;82,07;0,00;10,30
2005.0;2.0;2005-02-01;BRASPINE;FEITAL;PR;DOUTOR ULYSSES;154,17;86,53;56,77;20,56;81,58;13,50;41,61;29,28;99,99;70,20;0,00;8,81
2005.0;2.0;2005-02-01;BRASPINE;FIGUEIRA;PR;DOUTOR ULYSSES;1053,81;315,71;57,64;20,61;81,07;13,71;39,02;29,18;100,00;70,64;0,00;1,74
2005.0;2.0;2005-02-01;BRASPINE;FIGUEIRINHA;PR;DOUTOR ULYSSES;94,37;56,74;58,00;20,61;81,07;13,71;39,02;29,18;100,00;70,64;0,00;1,74
2005.0;2.0;2005-02-01;BRASPINE;FLOEMA;PR;DOUTOR ULYSSES;2189,88;701,43;62,64;20,11;80,60;13,06;38,82;28,50;99,66;96,69;0,00;1,20
2005.0;2.0;2005-02-01;BRASPINE;FLOEMA I - SUDATI;;;;;51,11;20,39;81,40;13,32;41,56;29,05;99,99;84,06;0,00;2,00
2005.0;2.0;2005-02-01;BRASPINE;FLOEMA II - SUDATI;PR;DOUTOR ULYSSES;453,83;211,13;55,66;20,39;81,40;13,32;41,56;29,05;99,99;84,06;0,00;2,00
2005.0;2.0;2005-02-01;BRASPINE;FLOR DA SERRA;PR;SAO JOSE DA BOA VISTA;209,10;128,72;29,76;22,68;70,87;14,49;36,77;31,91;98,79;59,12;0,00;109,88
2005.0;2.0;2005-02-01;BRASPINE;GENTIL;PR;JAGUARIAIVA;126,77;53,33;40,57;20,16;78,34;12,22;40,89;29,18;99,56;108,35;0,00;340,86
2005.0;2.0;2005-02-01;BRASPINE;GUAIRACA;PR;GUARAPUAVA;623,62;169,31;73,27;20,15;78,15;12,11;40,42;27,95;99,99;138,04;0,00;1,16
2005.0;2.0;2005-02-01;BRASPINE;HERVAL 2 - MADALOSSO;;;;;61,90;20,46;79,14;13,17;39,32;28,63;99,65;68,55;0,00;0,57
2005.0;2.0;2005-02-01;BRASPINE;HERVAL DE BAIXO;PR;RESERVA;827,29;475,92;58,05;21,58;75,69;13,30;38,89;31,13;99,06;98,26;0,00;2,23
2005.0;2.0;2005-02-01;BRASPINE;HORTO 01;PR;TURVO;19,12;19,12;65,36;20,80;78,61;12,91;44,33;29,22;99,44;67,29;0,00;5,93
2005.0;2.0;2005-02-01;BRASPINE;HORTO 02;PR;TURVO;4,24;4,24;65,06;20,80;78,61;12,91;44,33;29,22;99,44;67,29;0,00;5,93
2005.0;2.0;2005-02-01;BRASPINE;HORTO 03;PR;PRUDENTOPOLIS;80,91;25,89;67,94;21,38;77,33;13,42;41,58;30,08;99,41;70,44;0,00;88,98
2005.0;2.0;2005-02-01;BRASPINE;HORTO 08;PR;TURVO;9,53;9,53;74,22;21,38;77,33;13,42;41,58;30,08;99,41;70,44;0,00;88,98
2005.0;2.0;2005-02-01;BRASPINE;HORTO 12;PR;PRUDENTOPOLIS;12,20;12,20;70,16;21,38;77,33;13,42;41,58;30,08;99,41;70,44;0,00;88,98
2005.0;2.0;2005-02-01;BRASPINE;IZAU;PR;PIRAI DO SUL;19,37;11,60;41,52;20,21;78,74;12,12;40,33;29,53;99,71;93,94;0,00;4,44
2005.0;2.0;2005-02-01;BRASPINE;JOAO RICO;PR;JAGUARIAIVA;47,46;26,18;39,70;20,42;78,62;12,45;40,65;29,22;99,68;110,46;0,00;8,02
2005.0;2.0;2005-02-01;BRASPINE;LAGOA;PR;JAGUARIAIVA;24,10;10,78;52,55;20,25;80,67;12,87;40,87;28,77;99,81;82,07;0,00;10,30
2005.0;2.0;2005-02-01;BRASPINE;MARACANA;PR;JANDAIA DO SUL;11,45;11,45;37,77;23,64;69,11;15,64;26,86;34,35;99,66;0,00;0,00;4,38
2005.0;2.0;2005-02-01;BRASPINE;MARRECA;;;;;57,20;20,61;81,07;13,71;39,02;29,18;100,00;70,64;0,00;1,74
2005.0;2.0;2005-02-01;BRASPINE;MARRECA SP;SP;ITAPIRAPUA PAULISTA;675,30;236,19;57,95;21,34;81,34;14,46;39,52;30,24;100,00;43,91;0,00;1,04
2005.0;2.0;2005-02-01;BRASPINE;MARRECAS;;;;;69,81;19,42;78,95;11,46;40,72;26,93;99,97;146,25;0,00;9,57
2005.0;2.0;2005-02-01;BRASPINE;MERCADINHO;;;;;56,31;21,31;79,25;14,50;37,49;30,16;99,87;58,74;0,00;0,39
2005.0;2.0;2005-02-01;BRASPINE;MONTE ALEGRE;;;;;33,62;24,18;68,46;16,12;26,75;34,86;99,46;0,00;0,00;2,76
2005.0;2.0;2005-02-01;BRASPINE;MONTE TABOR II;;;;;68,07;20,33;84,23;14,25;45,24;29,38;100,00;71,93;0,00;98,13
2005.0;2.0;2005-02-01;BRASPINE;MOREIRA;PR;DOUTOR ULYSSES;230,52;68,68;55,66;20,39;81,40;13,32;41,56;29,05;99,99;84,06;0,00;2,00
2005.0;2.0;2005-02-01;BRASPINE;MOREIRAS II;PR;DOUTOR ULYSSES;66,76;28,75;58,56;20,39;81,40;13,32;41,56;29,05;99,99;84,06;0,00;2,00
2005.0;2.0;2005-02-01;BRASPINE;MORRETES;PR;ORTIGUEIRA;20,36;20,36;60,07;22,08;75,59;13,50;39,49;31,74;99,05;84,80;0,00;4,73
2005.0;2.0;2005-02-01;BRASPINE;MORRO AZUL;;;;;53,41;20,51;82,89;13,57;42,34;29,52;100,00;70,92;0,00;110,99
2005.0;2.0;2005-02-01;BRASPINE;OURO FINO;SP;APIAI;51,70;51,70;69,92;20,18;84,08;13,77;43,63;28,85;100,00;55,92;0,00;329,04
2005.0;2.0;2005-02-01;BRASPINE;PALMEIRINHA DE BAIXO - SOSSEGO;PR;SENGES;85,93;9,22;41,54;19,99;80,58;12,77;41,25;28,64;99,93;109,78;0,00;127,08
2005.0;2.0;2005-02-01;BRASPINE;PAZIN;PR;DOUTOR ULYSSES;41,20;23,90;57,39;20,61;81,07;13,71;39,02;29,18;100,00;70,64;0,00;1,74
2005.0;2.0;2005-02-01;BRASPINE;PEDRAS;PR;CASTRO;7,18;7,18;50,83;20,20;79,54;12,13;43,00;29,27;99,76;94,14;0,00;8,96
2005.0;2.0;2005-02-01;BRASPINE;PESCARIA;PR;SAO JOSE DA BOA VISTA;184,57;129,22;27,60;22,74;71,66;14,73;37,54;31,96;98,85;29,50;0,00;116,25
2005.0;2.0;2005-02-01;BRASPINE;PESSEGUEIRO;PR;DOUTOR ULYSSES;109,95;64,79;59,90;20,39;81,40;13,32;41,56;29,05;99,99;84,06;0,00;2,00
2005.0;2.0;2005-02-01;BRASPINE;PITANGA;;;;;48,35;20,92;77,14;13,27;43,67;29,71;99,73;68,09;0,00;4,88
2005.0;2.0;2005-02-01;BRASPINE;QUEIMADINHO ARROIO CLARO;PR;DOUTOR ULYSSES;48,13;19,09;56,59;20,39;81,40;13,32;41,56;29,05;99,99;84,06;0,00;2,00
2005.0;2.0;2005-02-01;BRASPINE;QUEIMADINHO M6042;PR;DOUTOR ULYSSES;48,38;18,50;56,59;20,39;81,40;13,32;41,56;29,05;99,99;84,06;0,00;2,00
2005.0;2.0;2005-02-01;BRASPINE;QUEIMADINHO USUCAPIAO;PR;DOUTOR ULYSSES;200,27;92,43;56,59;20,39;81,40;13,32;41,56;29,05;99,99;84,06;0,00;2,00
2005.0;2.0;2005-02-01;BRASPINE;RAMOS;PR;SENGES;69,83;38,15;51,11;20,25;80,67;12,87;40,87;28,77;99,81;82,07;0,00;10,30
2005.0;2.0;2005-02-01;BRASPINE;RIBEIRAO GRANDE;PR;JAGUARIAIVA;20,77;20,77;39,41;20,21;78,74;12,12;40,33;29,53;99,71;93,94;0,00;4,44
2005.0;2.0;2005-02-01;BRASPINE;RINCAO DE BAIXO;;;;;40,89;20,80;75,55;12,96;41,03;29,82;99,46;110,91;0,00;4,54
2005.0;2.0;2005-02-01;BRASPINE;RIO BOMBA;PR;CERRO AZUL;65,03;37,72;57,62;21,73;77,59;14,49;37,38;30,86;99,66;29,28;0,00;0,73
2005.0;2.0;2005-02-01;BRASPINE;RIO DO MEIO;PR;DOUTOR ULYSSES;712,33;389,13;58,05;20,39;81,40;13,32;41,56;29,05;99,99;84,06;0,00;2,00
2005.0;2.0;2005-02-01;BRASPINE;RONDON;PR;JAGUARIAIVA;2899,24;1475,88;39,42;20,12;80,17;12,69;41,24;28,58;99,77;95,43;0,00;2,03
2005.0;2.0;2005-02-01;BRASPINE;SANTA FELICIDADE;;;;;60,99;21,72;81,67;15,02;40,06;31,02;100,00;0,00;0,00;8,77
2005.0;2.0;2005-02-01;BRASPINE;SANTA LIDIA DO CERCADINHO;;;;;40,69;20,44;75,71;12,71;41,33;29,17;99,44;123,48;0,00;6,24
2005.0;2.0;2005-02-01;BRASPINE;SANTO ANTONIO;;;;;44,25;19,98;81,31;12,88;41,49;28,83;100,00;110,16;0,00;123,68
2005.0;2.0;2005-02-01;BRASPINE;SAO JOSE;PR;JANDAIA DO SUL;37,56;37,56;33,92;24,00;68,63;15,98;26,89;34,65;99,58;0,00;0,00;3,17
2005.0;2.0;2005-02-01;BRASPINE;SAO MATHEUS;;;;;28,47;25,35;68,76;17,20;28,98;35,81;99,27;0,00;0,00;0,88
2005.0;2.0;2005-02-01;BRASPINE;SAO PEDRO E SAO PAULO;PR;SAPOPEMA;709,13;323,93;47,11;21,72;73,15;13,62;35,11;31,30;99,40;56,06;0,00;6,82
2005.0;2.0;2005-02-01;BRASPINE;SAO RAFAEL;;;;;65,19;20,13;79,89;12,66;43,97;28,41;99,75;99,01;0,00;3,03
2005.0;2.0;2005-02-01;BRASPINE;SAO RAFAEL - PB;;;;;63,89;20,32;83,76;13,78;43,44;29,14;100,00;56,19;0,00;105,97
2005.0;2.0;2005-02-01;BRASPINE;SERRARIA;PR;DOUTOR ULYSSES;280,88;117,71;61,28;20,36;80,83;13,39;38,92;28,83;99,82;83,90;0,00;0,35
2005.0;2.0;2005-02-01;BRASPINE;SERRO VERDE;;;;;54,62;20,43;77,00;12,79;43,32;28,71;99,81;80,23;0,00;2,79
2005.0;2.0;2005-02-01;BRASPINE;SERTAOZINHO;PR;DOUTOR ULYSSES;16,25;16,25;52,32;20,39;81,40;13,32;41,56;29,05;99,99;84,06;0,00;2,00
2005.0;2.0;2005-02-01;BRASPINE;SITIO BASILIO;PR;JAGUARIAIVA;8,08;8,08;38,06;20,21;78,29;12,32;41,00;29,08;99,53;123,55;0,00;0,99
2005.0;2.0;2005-02-01;BRASPINE;SITIO DAS MARRECAS;PR;DOUTOR ULYSSES;77,49;35,17;58,36;21,13;81,26;14,25;39,38;29,94;100,00;58,11;0,00;1,44
2005.0;2.0;2005-02-01;BRASPINE;SOBRADINHO;SP;BOM SUCESSO DE ITARARE;285,80;123,10;54,49;19,86;82,61;13,02;43,49;30,23;100,00;111,33;0,00;117,90
2005.0;2.0;2005-02-01;BRASPINE;TAQUARAL;PR;JAGUARIAIVA;519,13;31,07;38,65;20,38;79,55;12,58;41,17;28,81;99,75;96,26;0,00;2,89
2005.0;2.0;2005-02-01;BRASPINE;TUCUNDUVA;PR;SENGES;82,21;60,89;29,80;20,93;76,01;13,25;39,83;29,38;99,27;82,94;0,00;349,74
2005.0;2.0;2005-02-01;BRASPINE;TUCUNDUVA - CHAMMA;;;;;28,48;20,90;76,72;13,39;40,65;29,39;99,20;83,78;0,00;125,67
2005.0;2.0;2005-02-01;BRASPINE;VIENA 1;PR;DOUTOR ULYSSES;263,98;178,34;58,49;20,03;80,36;12,69;40,15;28,59;99,80;95,42;0,00;5,12
2005.0;2.0;2005-02-01;BRASPINE;VIENA 2;PR;CERRO AZUL;140,23;96,54;57,58;21,73;77,59;14,49;37,38;30,86;99,66;29,28;0,00;0,73
2005.0;2.0;2005-02-01;BRASPINE;VITORIA;PR;SENGES;50,54;35,69;41,54;19,99;80,58;12,77;41,25;28,64;99,93;109,78;0,00;127,08
2005.0;2.0;2005-02-01;BRASPINE;VIVEIRO;PR;DOUTOR ULYSSES;405,39;261,22;58,56;20,39;81,40;13,32;41,56;29,05;99,99;84,06;0,00;2,00
2005.0;2.0;2005-02-01;BRASPINE;VO LINO;PR;DOUTOR ULYSSES;164,50;97,89;58,02;20,61;81,07;13,71;39,02;29,18;100,00;70,64;0,00;1,74
2005.0;2.0;2005-02-01;BRASPINE;XAXIM VELHO;;;;;56,02;19,53;79,37;11,62;42,90;27,24;100,00;148,73;0,00;2,23
2005.0;3.0;2005-03-01;BRASPINE;AGUA DOCE;PR;JAGUARIAIVA;238,97;121,99;54,96;20,42;80,83;13,36;35,77;30,45;99,79;83,96;0,00;12,02
2005.0;3.0;2005-03-01;BRASPINE;AMATA;;;;;49,53;22,26;79,48;14,69;33,96;33,10;99,93;14,69;0,00;2,79
2005.0;3.0;2005-03-01;BRASPINE;ANTA BRAVA;;;;;133,61;22,84;79,02;16,29;36,38;33,16;98,57;0,00;0,00;6,58
2005.0;3.0;2005-03-01;BRASPINE;ARAPONGAS;PR;SENGES;423,34;263,70;54,51;20,38;84,48;13,74;36,28;31,05;100,00;86,10;0,00;17,54
2005.0;3.0;2005-03-01;BRASPINE;ARROIO CLARO;PR;DOUTOR ULYSSES;275,14;92,00;43,57;20,61;83,92;13,68;35,07;31,44;100,00;57,25;0,00;1,61
2005.0;3.0;2005-03-01;BRASPINE;BARRA GRANDE;PR;DOUTOR ULYSSES;493,79;139,68;53,78;20,89;84,88;14,35;37,01;31,86;100,00;43,61;0,00;26,79
2005.0;3.0;2005-03-01;BRASPINE;BARRA GRANDE - BEMAIS;PR;GUARAPUAVA;299,16;108,61;78,43;19,72;78,79;11,65;40,53;29,55;99,98;192,56;0,00;3,99
2005.0;3.0;2005-03-01;BRASPINE;BARRETOS;PR;JAGUARIAIVA;43,35;32,98;58,98;20,45;82,86;13,43;34,71;31,04;100,00;84,82;0,00;1,27
2005.0;3.0;2005-03-01;BRASPINE;BAU;;;;;91,03;19,63;79,56;12,04;41,84;29,00;99,90;208,56;0,00;0,44
2005.0;3.0;2005-03-01;BRASPINE;BOA VISTA II;PR;PIRAI DO SUL;944,00;535,05;55,62;20,48;81,57;13,26;34,63;30,82;99,94;83,91;0,00;43,76
2005.0;3.0;2005-03-01;BRASPINE;BRASILEIRA;;;;;47,06;20,38;84,48;13,74;36,28;31,05;100,00;86,10;0,00;17,54
2005.0;3.0;2005-03-01;BRASPINE;BURACAO;;;;;66,73;20,46;80,04;12,55;39,10;30,06;99,84;84,28;0,00;2,19
2005.0;3.0;2005-03-01;BRASPINE;BURRINHO;PR;DOUTOR ULYSSES;211,01;100,37;43,41;20,61;83,92;13,68;35,07;31,44;100,00;57,25;0,00;1,61
2005.0;3.0;2005-03-01;BRASPINE;CADEADO I;PR;JAGUARIAIVA;21,07;12,29;47,59;20,21;83,74;13,44;35,55;30,73;100,00;84,23;0,00;22,51
2005.0;3.0;2005-03-01;BRASPINE;CADEADO II;PR;JAGUARIAIVA;21,88;16,79;47,59;20,21;83,74;13,44;35,55;30,73;100,00;84,23;0,00;22,51
2005.0;3.0;2005-03-01;BRASPINE;CAMPINA ALTA;PR;TIBAGI;29,77;18,24;44,49;21,56;75,70;13,70;34,16;31,45;99,61;72,00;0,00;7,68
2005.0;3.0;2005-03-01;BRASPINE;CAMPINA DO ELIAS;PR;JAGUARIAIVA;29,17;14,65;53,37;20,36;83,18;13,43;35,01;30,92;100,00;84,59;0,00;0,69
2005.0;3.0;2005-03-01;BRASPINE;CAMPO NOVO;PR;JAGUARIAIVA;295,98;156,36;57,08;20,21;83,74;13,44;35,55;30,73;100,00;84,23;0,00;22,51
2005.0;3.0;2005-03-01;BRASPINE;CONSULTORIA II A;PR;DOUTOR ULYSSES;89,62;60,79;48,55;20,38;84,48;13,74;36,28;31,05;100,00;86,10;0,00;17,54
2005.0;3.0;2005-03-01;BRASPINE;DINIZ;;;;;50,18;20,38;84,48;13,74;36,28;31,05;100,00;86,10;0,00;17,54
2005.0;3.0;2005-03-01;BRASPINE;ENES;PR;JAGUARIAIVA;5,93;5,69;57,37;20,21;83,74;13,44;35,55;30,73;100,00;84,23;0,00;22,51
2005.0;3.0;2005-03-01;BRASPINE;ENGENHARIA;;;;;50,18;20,38;84,48;13,74;36,28;31,05;100,00;86,10;0,00;17,54
2005.0;3.0;2005-03-01;BRASPINE;ESTACAO;PR;SENGES;4,76;4,14;46,34;20,21;83,74;13,44;35,55;30,73;100,00;84,23;0,00;22,51
2005.0;3.0;2005-03-01;BRASPINE;FAXINAL;PR;JAGUARIAIVA;20,65;20,65;57,37;20,21;83,74;13,44;35,55;30,73;100,00;84,23;0,00;22,51
2005.0;3.0;2005-03-01;BRASPINE;FEITAL;PR;DOUTOR ULYSSES;154,17;86,53;47,91;20,55;84,61;13,94;36,52;31,32;100,00;87,18;0,00;15,45
2005.0;3.0;2005-03-01;BRASPINE;FIGUEIRA;PR;DOUTOR ULYSSES;1053,81;315,71;45,53;20,61;83,92;13,68;35,07;31,44;100,00;57,25;0,00;1,61
2005.0;3.0;2005-03-01;BRASPINE;FIGUEIRINHA;PR;DOUTOR ULYSSES;94,37;56,74;43,75;20,61;83,92;13,68;35,07;31,44;100,00;57,25;0,00;1,61
2005.0;3.0;2005-03-01;BRASPINE;FLOEMA;PR;DOUTOR ULYSSES;2189,88;701,43;48,08;20,09;83,49;13,13;34,51;30,58;100,00;83,75;0,00;343,18
2005.0;3.0;2005-03-01;BRASPINE;FLOEMA I - SUDATI;;;;;47,45;20,38;84,48;13,74;36,28;31,05;100,00;86,10;0,00;17,54
2005.0;3.0;2005-03-01;BRASPINE;FLOEMA II - SUDATI;PR;DOUTOR ULYSSES;453,83;211,13;51,98;20,38;84,48;13,74;36,28;31,05;100,00;86,10;0,00;17,54
2005.0;3.0;2005-03-01;BRASPINE;FLOR DA SERRA;PR;SAO JOSE DA BOA VISTA;209,10;128,72;95,55;22,52;74,73;15,05;33,38;33,08;99,75;0,00;0,00;4,85
2005.0;3.0;2005-03-01;BRASPINE;GENTIL;PR;JAGUARIAIVA;126,77;53,33;53,60;20,19;80,05;13,01;35,06;29,99;99,61;96,81;0,00;1,83
2005.0;3.0;2005-03-01;BRASPINE;GUAIRACA;PR;GUARAPUAVA;623,62;169,31;72,13;20,00;77,98;11,79;39,76;29,97;99,97;164,90;0,00;10,64
2005.0;3.0;2005-03-01;BRASPINE;HERVAL 2 - MADALOSSO;;;;;65,08;20,46;80,04;12,55;39,10;30,06;99,84;84,28;0,00;2,19
2005.0;3.0;2005-03-01;BRASPINE;HERVAL DE BAIXO;PR;RESERVA;827,29;475,92;48,54;21,51;75,80;13,47;33,38;31,42;99,59;70,76;0,00;8,39
2005.0;3.0;2005-03-01;BRASPINE;HORTO 01;PR;TURVO;19,12;19,12;71,57;20,44;78,43;12,12;39,89;30,49;99,65;152,38;0,00;1,95
2005.0;3.0;2005-03-01;BRASPINE;HORTO 02;PR;TURVO;4,24;4,24;72,45;20,44;78,43;12,12;39,89;30,49;99,65;152,38;0,00;1,95
2005.0;3.0;2005-03-01;BRASPINE;HORTO 03;PR;PRUDENTOPOLIS;80,91;25,89;66,73;21,10;76,67;12,36;37,98;31,47;99,88;82,52;0,00;5,07
2005.0;3.0;2005-03-01;BRASPINE;HORTO 08;PR;TURVO;9,53;9,53;68,05;21,10;76,67;12,36;37,98;31,47;99,88;82,52;0,00;5,07
2005.0;3.0;2005-03-01;BRASPINE;HORTO 12;PR;PRUDENTOPOLIS;12,20;12,20;63,59;21,10;76,67;12,36;37,98;31,47;99,88;82,52;0,00;5,07
2005.0;3.0;2005-03-01;BRASPINE;IZAU;PR;PIRAI DO SUL;19,37;11,60;53,61;20,22;80,54;12,89;33,75;30,32;99,76;96,58;0,00;1,33
2005.0;3.0;2005-03-01;BRASPINE;JOAO RICO;PR;JAGUARIAIVA;47,46;26,18;55,26;20,42;80,83;13,36;35,77;30,45;99,79;83,96;0,00;12,02
2005.0;3.0;2005-03-01;BRASPINE;LAGOA;PR;JAGUARIAIVA;24,10;10,78;46,28;20,21;83,74;13,44;35,55;30,73;100,00;84,23;0,00;22,51
2005.0;3.0;2005-03-01;BRASPINE;MARACANA;PR;JANDAIA DO SUL;11,45;11,45;55,91;23,43;70,44;16,38;28,26;33,76;99,77;0,00;0,00;2,28
2005.0;3.0;2005-03-01;BRASPINE;MARRECA;;;;;41,60;20,61;83,92;13,68;35,07;31,44;100,00;57,25;0,00;1,61
2005.0;3.0;2005-03-01;BRASPINE;MARRECA SP;SP;ITAPIRAPUA PAULISTA;675,30;236,19;50,32;21,38;83,99;14,25;35,81;32,63;100,00;28,92;0,00;0,55
2005.0;3.0;2005-03-01;BRASPINE;MARRECAS;;;;;80,22;19,12;79,84;11,43;40,99;28,70;100,00;200,02;0,00;2,48
2005.0;3.0;2005-03-01;BRASPINE;MERCADINHO;;;;;43,00;21,36;81,68;14,01;34,00;32,27;99,96;28,70;0,00;0,68
2005.0;3.0;2005-03-01;BRASPINE;MONTE ALEGRE;;;;;65,71;24,00;69,19;16,97;27,99;34,51;99,84;0,00;0,00;1,18
2005.0;3.0;2005-03-01;BRASPINE;MONTE TABOR II;;;;;52,73;20,48;86,80;14,61;44,58;30,86;99,99;44,13;0,00;1,12
2005.0;3.0;2005-03-01;BRASPINE;MOREIRA;PR;DOUTOR ULYSSES;230,52;68,68;51,98;20,38;84,48;13,74;36,28;31,05;100,00;86,10;0,00;17,54
2005.0;3.0;2005-03-01;BRASPINE;MOREIRAS II;PR;DOUTOR ULYSSES;66,76;28,75;48,04;20,38;84,48;13,74;36,28;31,05;100,00;86,10;0,00;17,54
2005.0;3.0;2005-03-01;BRASPINE;MORRETES;PR;ORTIGUEIRA;20,36;20,36;43,82;22,01;75,48;13,46;31,73;31,86;99,60;72,01;0,00;9,26
2005.0;3.0;2005-03-01;BRASPINE;MORRO AZUL;;;;;55,72;20,55;85,70;14,26;38,74;31,34;100,00;88,05;0,00;5,24
2005.0;3.0;2005-03-01;BRASPINE;OURO FINO;SP;APIAI;51,70;51,70;69,75;20,27;86,77;14,45;41,88;30,88;100,00;88,02;0,00;0,96
2005.0;3.0;2005-03-01;BRASPINE;PALMEIRINHA DE BAIXO - SOSSEGO;PR;SENGES;85,93;9,22;57,79;19,94;83,69;13,48;38,44;30,10;99,89;84,04;0,00;2,22
2005.0;3.0;2005-03-01;BRASPINE;PAZIN;PR;DOUTOR ULYSSES;41,20;23,90;46,84;20,61;83,92;13,68;35,07;31,44;100,00;57,25;0,00;1,61
2005.0;3.0;2005-03-01;BRASPINE;PEDRAS;PR;CASTRO;7,18;7,18;56,52;20,25;80,75;12,84;36,27;29,90;99,94;96,78;0,00;5,88
2005.0;3.0;2005-03-01;BRASPINE;PESCARIA;PR;SAO JOSE DA BOA VISTA;184,57;129,22;96,05;22,60;75,20;15,44;33,28;33,40;99,83;0,00;0,00;6,25
2005.0;3.0;2005-03-01;BRASPINE;PESSEGUEIRO;PR;DOUTOR ULYSSES;109,95;64,79;43,61;20,38;84,48;13,74;36,28;31,05;100,00;86,10;0,00;17,54
2005.0;3.0;2005-03-01;BRASPINE;PITANGA;;;;;87,43;20,47;77,65;12,25;37,46;30,32;99,82;124,14;0,00;1,07
2005.0;3.0;2005-03-01;BRASPINE;QUEIMADINHO ARROIO CLARO;PR;DOUTOR ULYSSES;48,13;19,09;47,06;20,38;84,48;13,74;36,28;31,05;100,00;86,10;0,00;17,54
2005.0;3.0;2005-03-01;BRASPINE;QUEIMADINHO M6042;PR;DOUTOR ULYSSES;48,38;18,50;47,06;20,38;84,48;13,74;36,28;31,05;100,00;86,10;0,00;17,54
2005.0;3.0;2005-03-01;BRASPINE;QUEIMADINHO USUCAPIAO;PR;DOUTOR ULYSSES;200,27;92,43;47,06;20,38;84,48;13,74;36,28;31,05;100,00;86,10;0,00;17,54
2005.0;3.0;2005-03-01;BRASPINE;RAMOS;PR;SENGES;69,83;38,15;47,45;20,21;83,74;13,44;35,55;30,73;100,00;84,23;0,00;22,51
2005.0;3.0;2005-03-01;BRASPINE;RIBEIRAO GRANDE;PR;JAGUARIAIVA;20,77;20,77;53,37;20,22;80,54;12,89;33,75;30,32;99,76;96,58;0,00;1,33
2005.0;3.0;2005-03-01;BRASPINE;RINCAO DE BAIXO;;;;;80,91;20,97;75,28;13,40;33,80;30,29;99,62;85,18;0,00;0,84
2005.0;3.0;2005-03-01;BRASPINE;RIO BOMBA;PR;CERRO AZUL;65,03;37,72;48,06;21,74;79,85;14,21;34,51;32,35;99,86;29,07;0,00;0,35
2005.0;3.0;2005-03-01;BRASPINE;RIO DO MEIO;PR;DOUTOR ULYSSES;712,33;389,13;47,78;20,38;84,48;13,74;36,28;31,05;100,00;86,10;0,00;17,54
2005.0;3.0;2005-03-01;BRASPINE;RONDON;PR;JAGUARIAIVA;2899,24;1475,88;57,38;20,06;83,28;13,37;37,62;30,31;99,88;83,85;0,00;3,88
2005.0;3.0;2005-03-01;BRASPINE;SANTA FELICIDADE;;;;;51,10;21,82;84,13;14,89;36,78;33,30;100,00;14,89;0,00;3,64
2005.0;3.0;2005-03-01;BRASPINE;SANTA LIDIA DO CERCADINHO;;;;;79,96;20,61;75,47;13,20;33,92;29,68;99,75;98,44;0,00;0,12
2005.0;3.0;2005-03-01;BRASPINE;SANTO ANTONIO;;;;;59,61;19,97;84,33;13,68;38,78;30,28;100,00;84,60;0,00;0,61
2005.0;3.0;2005-03-01;BRASPINE;SAO JOSE;PR;JANDAIA DO SUL;37,56;37,56;64,70;23,81;69,50;16,79;28,22;34,24;99,90;0,00;0,00;0,41
2005.0;3.0;2005-03-01;BRASPINE;SAO MATHEUS;;;;;54,87;25,21;67,94;17,97;29,25;35,93;99,69;0,00;0,00;10,39
2005.0;3.0;2005-03-01;BRASPINE;SAO PEDRO E SAO PAULO;PR;SAPOPEMA;709,13;323,93;65,25;21,79;74,57;13,67;33,91;31,30;99,62;13,67;0,00;3,25
2005.0;3.0;2005-03-01;BRASPINE;SAO RAFAEL;;;;;77,65;20,28;79,94;12,25;37,54;29,82;99,60;98,82;0,00;5,75
2005.0;3.0;2005-03-01;BRASPINE;SAO RAFAEL - PB;;;;;65,39;20,40;86,50;14,48;40,89;31,17;100,00;88,45;0,00;3,15
2005.0;3.0;2005-03-01;BRASPINE;SERRARIA;PR;DOUTOR ULYSSES;280,88;117,71;43,76;20,35;83,70;13,40;34,79;31,01;100,00;85,51;0,00;2,07
2005.0;3.0;2005-03-01;BRASPINE;SERRO VERDE;;;;;98,63;19,96;78,57;12,67;40,26;29,42;99,92;167,45;0,00;0,40
2005.0;3.0;2005-03-01;BRASPINE;SERTAOZINHO;PR;DOUTOR ULYSSES;16,25;16,25;53,91;20,38;84,48;13,74;36,28;31,05;100,00;86,10;0,00;17,54
2005.0;3.0;2005-03-01;BRASPINE;SITIO BASILIO;PR;JAGUARIAIVA;8,08;8,08;54,66;20,25;80,11;13,09;35,67;30,01;99,58;97,51;0,00;0,11
2005.0;3.0;2005-03-01;BRASPINE;SITIO DAS MARRECAS;PR;DOUTOR ULYSSES;77,49;35,17;45,10;21,16;83,97;14,09;35,60;32,29;100,00;28,55;0,00;0,85
2005.0;3.0;2005-03-01;BRASPINE;SOBRADINHO;SP;BOM SUCESSO DE ITARARE;285,80;123,10;75,78;19,88;85,52;13,90;39,96;30,24;100,00;85,04;0,00;1,50
2005.0;3.0;2005-03-01;BRASPINE;TAQUARAL;PR;JAGUARIAIVA;519,13;31,07;60,51;20,35;82,25;13,47;36,93;30,54;100,00;84,45;0,00;11,01
2005.0;3.0;2005-03-01;BRASPINE;TUCUNDUVA;PR;SENGES;82,21;60,89;65,97;20,89;78,92;13,85;35,96;30,96;99,82;57,69;0,00;7,09
2005.0;3.0;2005-03-01;BRASPINE;TUCUNDUVA - CHAMMA;;;;;70,70;20,83;79,97;13,98;36,80;30,96;99,84;58,07;0,00;3,35
2005.0;3.0;2005-03-01;BRASPINE;VIENA 1;PR;DOUTOR ULYSSES;263,98;178,34;52,70;20,03;82,89;12,94;35,50;30,18;100,00;112,12;0,00;3,07
2005.0;3.0;2005-03-01;BRASPINE;VIENA 2;PR;CERRO AZUL;140,23;96,54;47,88;21,74;79,85;14,21;34,51;32,35;99,86;29,07;0,00;0,35
2005.0;3.0;2005-03-01;BRASPINE;VITORIA;PR;SENGES;50,54;35,69;57,79;19,94;83,69;13,48;38,44;30,10;99,89;84,04;0,00;2,22
2005.0;3.0;2005-03-01;BRASPINE;VIVEIRO;PR;DOUTOR ULYSSES;405,39;261,22;48,04;20,38;84,48;13,74;36,28;31,05;100,00;86,10;0,00;17,54
2005.0;3.0;2005-03-01;BRASPINE;VO LINO;PR;DOUTOR ULYSSES;164,50;97,89;42,05;20,61;83,92;13,68;35,07;31,44;100,00;57,25;0,00;1,61
2005.0;3.0;2005-03-01;BRASPINE;XAXIM VELHO;;;;;87,12;19,43;79,22;11,76;39,62;29,03;100,00;205,24;0,00;5,35
2005.0;4.0;2005-04-01;BRASPINE;AGUA DOCE;PR;JAGUARIAIVA;238,97;121,99;92,50;19,47;82,75;11,03;43,70;27,72;99,87;85,45;0,00;8,53
2005.0;4.0;2005-04-01;BRASPINE;AMATA;;;;;90,35;20,91;83,42;11,02;38,96;30,93;99,98;79,76;0,00;3,66
2005.0;4.0;2005-04-01;BRASPINE;ANTA BRAVA;;;;;44,60;22,38;77,55;14,38;42,03;30,18;97,80;29,08;0,00;2,06
2005.0;4.0;2005-04-01;BRASPINE;ARAPONGAS;PR;SENGES;423,34;263,70;87,71;19,29;86,58;11,32;42,53;28,29;100,00;86,97;0,00;2,00
2005.0;4.0;2005-04-01;BRASPINE;ARROIO CLARO;PR;DOUTOR ULYSSES;275,14;92,00;82,33;19,42;86,98;11,39;41,30;28,77;100,00;88,02;0,00;0,53
2005.0;4.0;2005-04-01;BRASPINE;BARRA GRANDE;PR;DOUTOR ULYSSES;493,79;139,68;80,34;19,80;86,88;11,39;42,14;29,24;100,00;89,98;0,00;3,47
2005.0;4.0;2005-04-01;BRASPINE;BARRA GRANDE - BEMAIS;PR;GUARAPUAVA;299,16;108,61;111,68;18,46;85,20;8,70;45,98;26,64;99,99;133,33;0,00;0,19
2005.0;4.0;2005-04-01;BRASPINE;BARRETOS;PR;JAGUARIAIVA;43,35;32,98;100,96;19,35;85,39;10,66;42,79;28,23;99,98;84,62;0,00;2,54
2005.0;4.0;2005-04-01;BRASPINE;BAU;;;;;118,03;18,43;85,27;8,45;48,69;26,22;99,96;133,56;0,00;11,28
2005.0;4.0;2005-04-01;BRASPINE;BOA VISTA II;PR;PIRAI DO SUL;944,00;535,05;103,86;19,40;84,35;10,87;42,75;28,18;99,94;84,76;0,00;1,60
2005.0;4.0;2005-04-01;BRASPINE;BRASILEIRA;;;;;72,60;19,29;86,58;11,32;42,53;28,29;100,00;86,97;0,00;2,00
2005.0;4.0;2005-04-01;BRASPINE;BURACAO;;;;;115,45;19,23;84,78;8,67;38,25;28,56;99,83;98,24;0,00;4,59
2005.0;4.0;2005-04-01;BRASPINE;BURRINHO;PR;DOUTOR ULYSSES;211,01;100,37;81,93;19,42;86,98;11,39;41,30;28,77;100,00;88,02;0,00;0,53
2005.0;4.0;2005-04-01;BRASPINE;CADEADO I;PR;JAGUARIAIVA;21,07;12,29;80,48;19,11;86,03;10,72;42,86;27,94;100,00;99,36;0,00;1,15
2005.0;4.0;2005-04-01;BRASPINE;CADEADO II;PR;JAGUARIAIVA;21,88;16,79;80,48;19,11;86,03;10,72;42,86;27,94;100,00;99,36;0,00;1,15
2005.0;4.0;2005-04-01;BRASPINE;CAMPINA ALTA;PR;TIBAGI;29,77;18,24;107,50;20,19;82,28;9,76;40,66;28,66;99,97;85,54;0,00;0,21
2005.0;4.0;2005-04-01;BRASPINE;CAMPINA DO ELIAS;PR;JAGUARIAIVA;29,17;14,65;96,45;19,27;85,62;10,68;42,82;28,12;99,99;84,71;0,00;2,05
2005.0;4.0;2005-04-01;BRASPINE;CAMPO NOVO;PR;JAGUARIAIVA;295,98;156,36;94,76;19,11;86,03;10,72;42,86;27,94;100,00;99,36;0,00;1,15
2005.0;4.0;2005-04-01;BRASPINE;CONSULTORIA II A;PR;DOUTOR ULYSSES;89,62;60,79;75,44;19,29;86,58;11,32;42,53;28,29;100,00;86,97;0,00;2,00
2005.0;4.0;2005-04-01;BRASPINE;DINIZ;;;;;78,62;19,29;86,58;11,32;42,53;28,29;100,00;86,97;0,00;2,00
2005.0;4.0;2005-04-01;BRASPINE;ENES;PR;JAGUARIAIVA;5,93;5,69;95,80;19,11;86,03;10,72;42,86;27,94;100,00;99,36;0,00;1,15
2005.0;4.0;2005-04-01;BRASPINE;ENGENHARIA;;;;;78,62;19,29;86,58;11,32;42,53;28,29;100,00;86,97;0,00;2,00
2005.0;4.0;2005-04-01;BRASPINE;ESTACAO;PR;SENGES;4,76;4,14;83,82;19,11;86,03;10,72;42,86;27,94;100,00;99,36;0,00;1,15
2005.0;4.0;2005-04-01;BRASPINE;FAXINAL;PR;JAGUARIAIVA;20,65;20,65;95,80;19,11;86,03;10,72;42,86;27,94;100,00;99,36;0,00;1,15
2005.0;4.0;2005-04-01;BRASPINE;FEITAL;PR;DOUTOR ULYSSES;154,17;86,53;72,54;19,46;86,68;11,34;42,40;28,61;100,00;87,97;0,00;6,14
2005.0;4.0;2005-04-01;BRASPINE;FIGUEIRA;PR;DOUTOR ULYSSES;1053,81;315,71;74,26;19,42;86,98;11,39;41,30;28,77;100,00;88,02;0,00;0,53
2005.0;4.0;2005-04-01;BRASPINE;FIGUEIRINHA;PR;DOUTOR ULYSSES;94,37;56,74;74,31;19,42;86,98;11,39;41,30;28,77;100,00;88,02;0,00;0,53
2005.0;4.0;2005-04-01;BRASPINE;FLOEMA;PR;DOUTOR ULYSSES;2189,88;701,43;86,52;18,91;86,72;10,70;41,69;27,99;100,00;99,10;0,00;2,29
2005.0;4.0;2005-04-01;BRASPINE;FLOEMA I - SUDATI;;;;;84,53;19,29;86,58;11,32;42,53;28,29;100,00;86,97;0,00;2,00
2005.0;4.0;2005-04-01;BRASPINE;FLOEMA II - SUDATI;PR;DOUTOR ULYSSES;453,83;211,13;79,12;19,29;86,58;11,32;42,53;28,29;100,00;86,97;0,00;2,00
2005.0;4.0;2005-04-01;BRASPINE;FLOR DA SERRA;PR;SAO JOSE DA BOA VISTA;209,10;128,72;78,43;21,56;76,14;13,22;42,20;29,38;98,51;69,45;0,00;2,94
2005.0;4.0;2005-04-01;BRASPINE;GENTIL;PR;JAGUARIAIVA;126,77;53,33;95,35;19,23;82,39;10,51;43,38;27,39;99,48;83,72;0,00;0,05
2005.0;4.0;2005-04-01;BRASPINE;GUAIRACA;PR;GUARAPUAVA;623,62;169,31;130,44;18,71;84,29;8,98;44,33;27,11;100,00;134,23;0,00;0,69
2005.0;4.0;2005-04-01;BRASPINE;HERVAL 2 - MADALOSSO;;;;;117,84;19,23;84,78;8,67;38,25;28,56;99,83;98,24;0,00;4,59
2005.0;4.0;2005-04-01;BRASPINE;HERVAL DE BAIXO;PR;RESERVA;827,29;475,92;100,77;20,08;83,06;9,49;41,20;28,56;99,95;100,34;0,00;2,70
2005.0;4.0;2005-04-01;BRASPINE;HORTO 01;PR;TURVO;19,12;19,12;98,56;19,24;84,63;9,11;46,35;27,37;99,81;124,18;0,00;0,54
2005.0;4.0;2005-04-01;BRASPINE;HORTO 02;PR;TURVO;4,24;4,24;99,28;19,24;84,63;9,11;46,35;27,37;99,81;124,18;0,00;0,54
2005.0;4.0;2005-04-01;BRASPINE;HORTO 03;PR;PRUDENTOPOLIS;80,91;25,89;96,93;19,73;83,90;9,45;43,69;28,23;99,98;97,68;0,00;1,70
2005.0;4.0;2005-04-01;BRASPINE;HORTO 08;PR;TURVO;9,53;9,53;100,18;19,73;83,90;9,45;43,69;28,23;99,98;97,68;0,00;1,70
2005.0;4.0;2005-04-01;BRASPINE;HORTO 12;PR;PRUDENTOPOLIS;12,20;12,20;97,18;19,73;83,90;9,45;43,69;28,23;99,98;97,68;0,00;1,70
2005.0;4.0;2005-04-01;BRASPINE;IZAU;PR;PIRAI DO SUL;19,37;11,60;102,27;19,18;83,54;10,41;42,66;27,69;99,55;83,27;0,00;0,17
2005.0;4.0;2005-04-01;BRASPINE;JOAO RICO;PR;JAGUARIAIVA;47,46;26,18;95,51;19,47;82,75;11,03;43,70;27,72;99,87;85,45;0,00;8,53
2005.0;4.0;2005-04-01;BRASPINE;LAGOA;PR;JAGUARIAIVA;24,10;10,78;82,80;19,11;86,03;10,72;42,86;27,94;100,00;99,36;0,00;1,15
2005.0;4.0;2005-04-01;BRASPINE;MARACANA;PR;JANDAIA DO SUL;11,45;11,45;106,64;22,25;76,74;11,72;38,58;30,20;100,00;55,56;0,00;1,57
2005.0;4.0;2005-04-01;BRASPINE;MARRECA;;;;;76,64;19,42;86,98;11,39;41,30;28,77;100,00;88,02;0,00;0,53
2005.0;4.0;2005-04-01;BRASPINE;MARRECA SP;SP;ITAPIRAPUA PAULISTA;675,30;236,19;76,83;20,15;86,97;11,11;41,00;30,04;100,00;76,43;0,00;0,85
2005.0;4.0;2005-04-01;BRASPINE;MARRECAS;;;;;129,76;17,88;86,09;8,39;47,44;26,06;100,00;156,93;0,00;5,34
2005.0;4.0;2005-04-01;BRASPINE;MERCADINHO;;;;;72,13;20,07;85,31;11,16;39,74;29,80;100,00;91,22;0,00;29,40
2005.0;4.0;2005-04-01;BRASPINE;MONTE ALEGRE;;;;;108,34;22,78;75,61;12,05;37,37;30,81;99,97;12,05;0,00;4,70
2005.0;4.0;2005-04-01;BRASPINE;MONTE TABOR II;;;;;56,72;19,47;88,35;12,62;46,16;28,38;100,00;77,18;0,00;12,16
2005.0;4.0;2005-04-01;BRASPINE;MOREIRA;PR;DOUTOR ULYSSES;230,52;68,68;79,12;19,29;86,58;11,32;42,53;28,29;100,00;86,97;0,00;2,00
2005.0;4.0;2005-04-01;BRASPINE;MOREIRAS II;PR;DOUTOR ULYSSES;66,76;28,75;74,89;19,29;86,58;11,32;42,53;28,29;100,00;86,97;0,00;2,00
2005.0;4.0;2005-04-01;BRASPINE;MORRETES;PR;ORTIGUEIRA;20,36;20,36;95,22;20,56;82,92;9,90;40,76;29,24;99,91;89,19;0,00;8,66
2005.0;4.0;2005-04-01;BRASPINE;MORRO AZUL;;;;;60,63;19,61;86,58;11,43;42,51;28,83;100,00;74,11;0,00;4,15
2005.0;4.0;2005-04-01;BRASPINE;OURO FINO;SP;APIAI;51,70;51,70;56,47;19,36;87,67;12,26;44,58;28,30;100,00;90,01;0,00;26,98
2005.0;4.0;2005-04-01;BRASPINE;PALMEIRINHA DE BAIXO - SOSSEGO;PR;SENGES;85,93;9,22;64,51;19,14;83,71;11,36;43,95;27,32;99,83;100,85;0,00;1,10
2005.0;4.0;2005-04-01;BRASPINE;PAZIN;PR;DOUTOR ULYSSES;41,20;23,90;73,62;19,42;86,98;11,39;41,30;28,77;100,00;88,02;0,00;0,53
2005.0;4.0;2005-04-01;BRASPINE;PEDRAS;PR;CASTRO;7,18;7,18;104,32;19,17;84,27;9,97;43,37;27,73;99,48;82,77;0,00;2,70
2005.0;4.0;2005-04-01;BRASPINE;PESCARIA;PR;SAO JOSE DA BOA VISTA;184,57;129,22;77,22;21,75;75,84;13,49;41,33;29,78;99,23;69,62;0,00;6,23
2005.0;4.0;2005-04-01;BRASPINE;PESSEGUEIRO;PR;DOUTOR ULYSSES;109,95;64,79;83,43;19,29;86,58;11,32;42,53;28,29;100,00;86,97;0,00;2,00
2005.0;4.0;2005-04-01;BRASPINE;PITANGA;;;;;129,83;19,28;83,43;8,28;45,73;27,13;99,92;127,03;0,00;18,61
2005.0;4.0;2005-04-01;BRASPINE;QUEIMADINHO ARROIO CLARO;PR;DOUTOR ULYSSES;48,13;19,09;72,60;19,29;86,58;11,32;42,53;28,29;100,00;86,97;0,00;2,00
2005.0;4.0;2005-04-01;BRASPINE;QUEIMADINHO M6042;PR;DOUTOR ULYSSES;48,38;18,50;72,60;19,29;86,58;11,32;42,53;28,29;100,00;86,97;0,00;2,00
2005.0;4.0;2005-04-01;BRASPINE;QUEIMADINHO USUCAPIAO;PR;DOUTOR ULYSSES;200,27;92,43;72,60;19,29;86,58;11,32;42,53;28,29;100,00;86,97;0,00;2,00
2005.0;4.0;2005-04-01;BRASPINE;RAMOS;PR;SENGES;69,83;38,15;84,53;19,11;86,03;10,72;42,86;27,94;100,00;99,36;0,00;1,15
2005.0;4.0;2005-04-01;BRASPINE;RIBEIRAO GRANDE;PR;JAGUARIAIVA;20,77;20,77;97,96;19,18;83,54;10,41;42,66;27,69;99,55;83,27;0,00;0,17
2005.0;4.0;2005-04-01;BRASPINE;RINCAO DE BAIXO;;;;;108,36;19,87;79,56;9,80;39,28;28,12;98,84;85,63;0,00;0,24
2005.0;4.0;2005-04-01;BRASPINE;RIO BOMBA;PR;CERRO AZUL;65,03;37,72;87,42;20,39;84,19;11,02;39,48;30,17;99,97;77,83;0,00;4,15
2005.0;4.0;2005-04-01;BRASPINE;RIO DO MEIO;PR;DOUTOR ULYSSES;712,33;389,13;74,28;19,29;86,58;11,32;42,53;28,29;100,00;86,97;0,00;2,00
2005.0;4.0;2005-04-01;BRASPINE;RONDON;PR;JAGUARIAIVA;2899,24;1475,88;79,49;19,13;84,24;11,05;44,74;27,37;99,86;99,86;0,00;12,79
2005.0;4.0;2005-04-01;BRASPINE;SANTA FELICIDADE;;;;;72,19;20,57;86,96;10,81;40,98;30,75;100,00;77,75;0,00;1,63
2005.0;4.0;2005-04-01;BRASPINE;SANTA LIDIA DO CERCADINHO;;;;;106,26;19,53;79,55;9,56;39,56;27,61;98,75;84,07;0,00;3,10
2005.0;4.0;2005-04-01;BRASPINE;SANTO ANTONIO;;;;;72,70;19,18;84,24;11,56;42,88;27,62;100,00;101,72;0,00;9,36
2005.0;4.0;2005-04-01;BRASPINE;SAO JOSE;PR;JANDAIA DO SUL;37,56;37,56;108,22;22,60;75,89;11,93;37,75;30,59;100,00;41,86;0,00;1,09
2005.0;4.0;2005-04-01;BRASPINE;SAO MATHEUS;;;;;102,70;23,93;74,77;12,80;36,88;32,26;99,84;12,80;0,00;1,92
2005.0;4.0;2005-04-01;BRASPINE;SAO PEDRO E SAO PAULO;PR;SAPOPEMA;709,13;323,93;97,98;20,77;77,98;11,40;41,55;28,50;99,37;80,08;0,00;0,20
2005.0;4.0;2005-04-01;BRASPINE;SAO RAFAEL;;;;;129,38;19,09;83,86;9,96;36,67;28,54;99,68;85,49;0,00;1,39
2005.0;4.0;2005-04-01;BRASPINE;SAO RAFAEL - PB;;;;;61,79;19,49;87,36;12,02;43,76;28,54;100,00;75,03;0,00;30,00
2005.0;4.0;2005-04-01;BRASPINE;SERRARIA;PR;DOUTOR ULYSSES;280,88;117,71;83,03;19,17;86,85;11,05;41,50;28,37;100,00;101,21;0,00;1,43
2005.0;4.0;2005-04-01;BRASPINE;SERRO VERDE;;;;;122,01;18,78;84,28;8,19;47,12;26,76;99,90;136,40;0,00;9,01
2005.0;4.0;2005-04-01;BRASPINE;SERTAOZINHO;PR;DOUTOR ULYSSES;16,25;16,25;80,25;19,29;86,58;11,32;42,53;28,29;100,00;86,97;0,00;2,00
2005.0;4.0;2005-04-01;BRASPINE;SITIO BASILIO;PR;JAGUARIAIVA;8,08;8,08;91,97;19,32;82,13;10,69;43,69;27,39;99,59;84,35;0,00;11,47
2005.0;4.0;2005-04-01;BRASPINE;SITIO DAS MARRECAS;PR;DOUTOR ULYSSES;77,49;35,17;76,03;19,94;86,98;11,19;41,09;29,68;100,00;75,53;0,00;1,20
2005.0;4.0;2005-04-01;BRASPINE;SOBRADINHO;SP;BOM SUCESSO DE ITARARE;285,80;123,10;64,22;19,10;85,39;11,71;42,97;27,69;100,00;102,27;0,00;1,53
2005.0;4.0;2005-04-01;BRASPINE;TAQUARAL;PR;JAGUARIAIVA;519,13;31,07;88,23;19,37;83,88;11,13;44,58;27,67;100,00;85,62;0,00;3,20
2005.0;4.0;2005-04-01;BRASPINE;TUCUNDUVA;PR;SENGES;82,21;60,89;79,14;20,10;79,06;11,88;43,14;27,89;99,51;75,78;0,00;9,81
2005.0;4.0;2005-04-01;BRASPINE;TUCUNDUVA - CHAMMA;;;;;79,10;20,10;79,52;12,03;43,29;27,90;99,33;75,91;0,00;6,43
2005.0;4.0;2005-04-01;BRASPINE;VIENA 1;PR;DOUTOR ULYSSES;263,98;178,34;91,98;18,88;86,16;10,39;42,77;27,76;100,00;97,98;0,00;2,21
2005.0;4.0;2005-04-01;BRASPINE;VIENA 2;PR;CERRO AZUL;140,23;96,54;87,10;20,39;84,19;11,02;39,48;30,17;99,97;77,83;0,00;4,15
2005.0;4.0;2005-04-01;BRASPINE;VITORIA;PR;SENGES;50,54;35,69;64,51;19,14;83,71;11,36;43,95;27,32;99,83;100,85;0,00;1,10
2005.0;4.0;2005-04-01;BRASPINE;VIVEIRO;PR;DOUTOR ULYSSES;405,39;261,22;74,89;19,29;86,58;11,32;42,53;28,29;100,00;86,97;0,00;2,00
2005.0;4.0;2005-04-01;BRASPINE;VO LINO;PR;DOUTOR ULYSSES;164,50;97,89;78,60;19,42;86,98;11,39;41,30;28,77;100,00;88,02;0,00;0,53
2005.0;4.0;2005-04-01;BRASPINE;XAXIM VELHO;;;;;137,80;18,03;86,23;8,70;46,63;26,60;100,00;171,88;0,00;5,36
2005.0;5.0;2005-05-01;BRASPINE;AGUA DOCE;PR;JAGUARIAIVA;238,97;121,99;110,87;16,71;77,07;6,57;40,29;25,46;99,85;335,80;0,00;3,61
2005.0;5.0;2005-05-01;BRASPINE;AMATA;;;;;116,75;17,80;82,44;7,61;41,21;28,21;99,99;301,94;0,00;11,76
2005.0;5.0;2005-05-01;BRASPINE;ANTA BRAVA;;;;;91,76;19,47;75,48;10,14;36,94;28,62;99,22;221,09;0,00;6,80
2005.0;5.0;2005-05-01;BRASPINE;ARAPONGAS;PR;SENGES;423,34;263,70;115,40;16,70;81,56;7,34;43,11;26,00;100,00;342,23;0,00;4,66
2005.0;5.0;2005-05-01;BRASPINE;ARROIO CLARO;PR;DOUTOR ULYSSES;275,14;92,00;106,25;16,72;82,96;7,78;42,19;26,38;100,00;343,03;0,00;2,36
2005.0;5.0;2005-05-01;BRASPINE;BARRA GRANDE;PR;DOUTOR ULYSSES;493,79;139,68;101,17;17,17;82,31;7,52;42,50;27,02;100,00;320,45;0,00;1,63
2005.0;5.0;2005-05-01;BRASPINE;BARRA GRANDE - BEMAIS;PR;GUARAPUAVA;299,16;108,61;121,74;15,65;79,02;4,88;40,18;24,21;100,00;295,36;4,88;12,63
2005.0;5.0;2005-05-01;BRASPINE;BARRETOS;PR;JAGUARIAIVA;43,35;32,98;115,29;16,76;79,85;7,69;43,47;25,88;99,98;310,34;0,00;3,36
2005.0;5.0;2005-05-01;BRASPINE;BAU;;;;;140,42;15,92;78,19;3,39;36,22;24,08;99,91;257,00;3,39;3,52
2005.0;5.0;2005-05-01;BRASPINE;BOA VISTA II;PR;PIRAI DO SUL;944,00;535,05;116,85;16,68;78,83;7,37;42,27;25,79;99,95;319,67;0,00;5,47
2005.0;5.0;2005-05-01;BRASPINE;BRASILEIRA;;;;;105,08;16,70;81,56;7,34;43,11;26,00;100,00;342,23;0,00;4,66
2005.0;5.0;2005-05-01;BRASPINE;BURACAO;;;;;125,06;16,37;80,50;5,86;43,93;25,81;100,00;338,98;0,00;3,62
2005.0;5.0;2005-05-01;BRASPINE;BURRINHO;PR;DOUTOR ULYSSES;211,01;100,37;105,98;16,72;82,96;7,78;42,19;26,38;100,00;343,03;0,00;2,36
2005.0;5.0;2005-05-01;BRASPINE;CADEADO I;PR;JAGUARIAIVA;21,07;12,29;105,70;16,53;80,82;7,11;43,64;25,57;100,00;348,73;0,00;0,75
2005.0;5.0;2005-05-01;BRASPINE;CADEADO II;PR;JAGUARIAIVA;21,88;16,79;105,70;16,53;80,82;7,11;43,64;25,57;100,00;348,73;0,00;0,75
2005.0;5.0;2005-05-01;BRASPINE;CAMPINA ALTA;PR;TIBAGI;29,77;18,24;137,85;17,03;78,42;5,82;44,68;26,41;99,90;267,18;0,00;10,69
2005.0;5.0;2005-05-01;BRASPINE;CAMPINA DO ELIAS;PR;JAGUARIAIVA;29,17;14,65;109,19;16,67;80,21;7,48;43,53;25,77;99,99;308,22;0,00;2,49
2005.0;5.0;2005-05-01;BRASPINE;CAMPO NOVO;PR;JAGUARIAIVA;295,98;156,36;115,87;16,53;80,82;7,11;43,64;25,57;100,00;348,73;0,00;0,75
2005.0;5.0;2005-05-01;BRASPINE;CONSULTORIA II A;PR;DOUTOR ULYSSES;89,62;60,79;106,78;16,70;81,56;7,34;43,11;26,00;100,00;342,23;0,00;4,66
2005.0;5.0;2005-05-01;BRASPINE;DINIZ;;;;;108,09;16,70;81,56;7,34;43,11;26,00;100,00;342,23;0,00;4,66
2005.0;5.0;2005-05-01;BRASPINE;ENES;PR;JAGUARIAIVA;5,93;5,69;115,90;16,53;80,82;7,11;43,64;25,57;100,00;348,73;0,00;0,75
2005.0;5.0;2005-05-01;BRASPINE;ENGENHARIA;;;;;108,09;16,70;81,56;7,34;43,11;26,00;100,00;342,23;0,00;4,66
2005.0;5.0;2005-05-01;BRASPINE;ESTACAO;PR;SENGES;4,76;4,14;110,32;16,53;80,82;7,11;43,64;25,57;100,00;348,73;0,00;0,75
2005.0;5.0;2005-05-01;BRASPINE;FAXINAL;PR;JAGUARIAIVA;20,65;20,65;115,90;16,53;80,82;7,11;43,64;25,57;100,00;348,73;0,00;0,75
2005.0;5.0;2005-05-01;BRASPINE;FEITAL;PR;DOUTOR ULYSSES;154,17;86,53;105,23;16,86;81,81;7,40;42,91;26,34;100,00;330,11;0,00;3,68
2005.0;5.0;2005-05-01;BRASPINE;FIGUEIRA;PR;DOUTOR ULYSSES;1053,81;315,71;103,63;16,72;82,96;7,78;42,19;26,38;100,00;343,03;0,00;2,36
2005.0;5.0;2005-05-01;BRASPINE;FIGUEIRINHA;PR;DOUTOR ULYSSES;94,37;56,74;106,74;16,72;82,96;7,78;42,19;26,38;100,00;343,03;0,00;2,36
2005.0;5.0;2005-05-01;BRASPINE;FLOEMA;PR;DOUTOR ULYSSES;2189,88;701,43;105,81;16,27;82,11;6,85;43,01;25,48;100,00;331,34;0,00;2,40
2005.0;5.0;2005-05-01;BRASPINE;FLOEMA I - SUDATI;;;;;112,15;16,70;81,56;7,34;43,11;26,00;100,00;342,23;0,00;4,66
2005.0;5.0;2005-05-01;BRASPINE;FLOEMA II - SUDATI;PR;DOUTOR ULYSSES;453,83;211,13;108,12;16,70;81,56;7,34;43,11;26,00;100,00;342,23;0,00;4,66
2005.0;5.0;2005-05-01;BRASPINE;FLOR DA SERRA;PR;SAO JOSE DA BOA VISTA;209,10;128,72;64,33;18,50;73,04;8,38;37,51;27,70;98,73;293,27;0,00;3,87
2005.0;5.0;2005-05-01;BRASPINE;GENTIL;PR;JAGUARIAIVA;126,77;53,33;109,76;16,39;77,16;6,48;40,42;25,06;99,55;327,56;0,00;0,83
2005.0;5.0;2005-05-01;BRASPINE;GUAIRACA;PR;GUARAPUAVA;623,62;169,31;118,93;15,82;78,52;3,92;38,84;24,67;100,00;298,94;3,92;20,46
2005.0;5.0;2005-05-01;BRASPINE;HERVAL 2 - MADALOSSO;;;;;122,60;16,37;80,50;5,86;43,93;25,81;100,00;338,98;0,00;3,62
2005.0;5.0;2005-05-01;BRASPINE;HERVAL DE BAIXO;PR;RESERVA;827,29;475,92;163,95;16,76;79,76;5,41;44,47;26,45;99,85;338,51;0,00;9,64
2005.0;5.0;2005-05-01;BRASPINE;HORTO 01;PR;TURVO;19,12;19,12;155,60;16,20;79,21;3,79;42,09;25,29;99,82;283,04;3,79;0,14
2005.0;5.0;2005-05-01;BRASPINE;HORTO 02;PR;TURVO;4,24;4,24;155,72;16,20;79,21;3,79;42,09;25,29;99,82;283,04;3,79;0,14
2005.0;5.0;2005-05-01;BRASPINE;HORTO 03;PR;PRUDENTOPOLIS;80,91;25,89;153,23;16,59;79,05;4,39;42,24;26,06;99,89;304,13;4,39;2,24
2005.0;5.0;2005-05-01;BRASPINE;HORTO 08;PR;TURVO;9,53;9,53;137,19;16,59;79,05;4,39;42,24;26,06;99,89;304,13;4,39;2,24
2005.0;5.0;2005-05-01;BRASPINE;HORTO 12;PR;PRUDENTOPOLIS;12,20;12,20;150,67;16,59;79,05;4,39;42,24;26,06;99,89;304,13;4,39;2,24
2005.0;5.0;2005-05-01;BRASPINE;IZAU;PR;PIRAI DO SUL;19,37;11,60;114,42;16,42;78,14;7,23;40,75;25,25;99,56;316,86;0,00;7,13
2005.0;5.0;2005-05-01;BRASPINE;JOAO RICO;PR;JAGUARIAIVA;47,46;26,18;110,86;16,71;77,07;6,57;40,29;25,46;99,85;335,80;0,00;3,61
2005.0;5.0;2005-05-01;BRASPINE;LAGOA;PR;JAGUARIAIVA;24,10;10,78;103,29;16,53;80,82;7,11;43,64;25,57;100,00;348,73;0,00;0,75
2005.0;5.0;2005-05-01;BRASPINE;MARACANA;PR;JANDAIA DO SUL;11,45;11,45;72,78;19,41;70,88;8,64;35,57;28,65;99,94;153,05;0,00;3,12
2005.0;5.0;2005-05-01;BRASPINE;MARRECA;;;;;103,01;16,72;82,96;7,78;42,19;26,38;100,00;343,03;0,00;2,36
2005.0;5.0;2005-05-01;BRASPINE;MARRECA SP;SP;ITAPIRAPUA PAULISTA;675,30;236,19;107,73;17,40;83,62;7,64;41,70;27,70;100,00;337,45;0,00;1,09
2005.0;5.0;2005-05-01;BRASPINE;MARRECAS;;;;;116,53;15,18;79,47;3,35;39,21;23,49;100,00;286,77;3,35;0,67
2005.0;5.0;2005-05-01;BRASPINE;MERCADINHO;;;;;103,23;17,14;83,04;7,49;41,36;27,24;100,00;361,28;0,00;8,80
2005.0;5.0;2005-05-01;BRASPINE;MONTE ALEGRE;;;;;76,17;19,84;70,20;9,14;35,29;29,21;99,81;127,28;0,00;0,80
2005.0;5.0;2005-05-01;BRASPINE;MONTE TABOR II;;;;;97,08;16,58;85,14;6,73;48,05;26,05;100,00;350,02;0,00;41,93
2005.0;5.0;2005-05-01;BRASPINE;MOREIRA;PR;DOUTOR ULYSSES;230,52;68,68;108,12;16,70;81,56;7,34;43,11;26,00;100,00;342,23;0,00;4,66
2005.0;5.0;2005-05-01;BRASPINE;MOREIRAS II;PR;DOUTOR ULYSSES;66,76;28,75;106,57;16,70;81,56;7,34;43,11;26,00;100,00;342,23;0,00;4,66
2005.0;5.0;2005-05-01;BRASPINE;MORRETES;PR;ORTIGUEIRA;20,36;20,36;141,35;17,07;80,37;5,76;43,33;27,18;99,81;310,75;0,00;7,38
2005.0;5.0;2005-05-01;BRASPINE;MORRO AZUL;;;;;96,99;17,11;80,98;7,41;42,93;26,67;100,00;318,71;0,00;34,33
2005.0;5.0;2005-05-01;BRASPINE;OURO FINO;SP;APIAI;51,70;51,70;96,96;16,78;82,79;6,72;45,50;26,17;100,00;324,92;0,00;41,79
2005.0;5.0;2005-05-01;BRASPINE;PALMEIRINHA DE BAIXO - SOSSEGO;PR;SENGES;85,93;9,22;94,51;16,72;77,05;7,56;37,78;25,09;99,86;328,01;0,00;18,30
2005.0;5.0;2005-05-01;BRASPINE;PAZIN;PR;DOUTOR ULYSSES;41,20;23,90;106,26;16,72;82,96;7,78;42,19;26,38;100,00;343,03;0,00;2,36
2005.0;5.0;2005-05-01;BRASPINE;PEDRAS;PR;CASTRO;7,18;7,18;133,07;16,26;79,54;8,01;44,11;25,21;99,62;340,55;0,00;0,13
2005.0;5.0;2005-05-01;BRASPINE;PESCARIA;PR;SAO JOSE DA BOA VISTA;184,57;129,22;75,32;18,78;72,26;9,07;34,91;28,02;98,91;282,21;0,00;0,19
2005.0;5.0;2005-05-01;BRASPINE;PESSEGUEIRO;PR;DOUTOR ULYSSES;109,95;64,79;107,57;16,70;81,56;7,34;43,11;26,00;100,00;342,23;0,00;4,66
2005.0;5.0;2005-05-01;BRASPINE;PITANGA;;;;;163,67;16,59;77,00;3,84;37,32;24,97;99,82;226,68;3,84;0,50
2005.0;5.0;2005-05-01;BRASPINE;QUEIMADINHO ARROIO CLARO;PR;DOUTOR ULYSSES;48,13;19,09;105,08;16,70;81,56;7,34;43,11;26,00;100,00;342,23;0,00;4,66
2005.0;5.0;2005-05-01;BRASPINE;QUEIMADINHO M6042;PR;DOUTOR ULYSSES;48,38;18,50;105,08;16,70;81,56;7,34;43,11;26,00;100,00;342,23;0,00;4,66
2005.0;5.0;2005-05-01;BRASPINE;QUEIMADINHO USUCAPIAO;PR;DOUTOR ULYSSES;200,27;92,43;105,08;16,70;81,56;7,34;43,11;26,00;100,00;342,23;0,00;4,66
2005.0;5.0;2005-05-01;BRASPINE;RAMOS;PR;SENGES;69,83;38,15;112,15;16,53;80,82;7,11;43,64;25,57;100,00;348,73;0,00;0,75
2005.0;5.0;2005-05-01;BRASPINE;RIBEIRAO GRANDE;PR;JAGUARIAIVA;20,77;20,77;114,83;16,42;78,14;7,23;40,75;25,25;99,56;316,86;0,00;7,13
2005.0;5.0;2005-05-01;BRASPINE;RINCAO DE BAIXO;;;;;148,25;16,61;76,44;5,70;40,98;25,71;99,53;320,34;0,00;8,09
2005.0;5.0;2005-05-01;BRASPINE;RIO BOMBA;PR;CERRO AZUL;65,03;37,72;109,79;17,27;82,49;7,21;41,47;27,51;99,94;345,71;0,00;18,28
2005.0;5.0;2005-05-01;BRASPINE;RIO DO MEIO;PR;DOUTOR ULYSSES;712,33;389,13;106,18;16,70;81,56;7,34;43,11;26,00;100,00;342,23;0,00;4,66
2005.0;5.0;2005-05-01;BRASPINE;RONDON;PR;JAGUARIAIVA;2899,24;1475,88;97,43;16,62;77,93;7,05;40,90;25,10;99,89;337,61;0,00;3,94
2005.0;5.0;2005-05-01;BRASPINE;SANTA FELICIDADE;;;;;103,86;17,76;84,18;7,06;41,63;28,47;100,00;310,78;0,00;0,89
2005.0;5.0;2005-05-01;BRASPINE;SANTA LIDIA DO CERCADINHO;;;;;153,69;16,35;76,29;5,43;40,92;25,18;99,53;347,04;0,00;7,18
2005.0;5.0;2005-05-01;BRASPINE;SANTO ANTONIO;;;;;99,61;16,76;77,71;7,13;37,98;25,41;100,00;297,51;0,00;20,44
2005.0;5.0;2005-05-01;BRASPINE;SAO JOSE;PR;JANDAIA DO SUL;37,56;37,56;76,45;19,69;70,38;9,00;35,48;28,98;99,88;141,25;0,00;1,39
2005.0;5.0;2005-05-01;BRASPINE;SAO MATHEUS;;;;;82,90;20,73;70,81;8,96;35,93;30,54;99,76;114,88;0,00;2,51
2005.0;5.0;2005-05-01;BRASPINE;SAO PEDRO E SAO PAULO;PR;SAPOPEMA;709,13;323,93;106,92;17,68;73,96;7,44;39,97;26,45;99,66;273,27;0,00;5,65
2005.0;5.0;2005-05-01;BRASPINE;SAO RAFAEL;;;;;109,76;16,31;79,57;5,83;41,24;26,00;99,61;324,25;0,00;9,24
2005.0;5.0;2005-05-01;BRASPINE;SAO RAFAEL - PB;;;;;96,25;16,95;82,28;7,17;44,54;26,41;100,00;316,18;0,00;39,73
2005.0;5.0;2005-05-01;BRASPINE;SERRARIA;PR;DOUTOR ULYSSES;280,88;117,71;108,09;16,49;82,53;7,32;42,60;25,92;100,00;337,19;0,00;2,38
2005.0;5.0;2005-05-01;BRASPINE;SERRO VERDE;;;;;150,99;16,27;77,15;2,99;34,99;24,50;99,92;220,75;2,99;1,58
2005.0;5.0;2005-05-01;BRASPINE;SERTAOZINHO;PR;DOUTOR ULYSSES;16,25;16,25;112,63;16,70;81,56;7,34;43,11;26,00;100,00;342,23;0,00;4,66
2005.0;5.0;2005-05-01;BRASPINE;SITIO BASILIO;PR;JAGUARIAIVA;8,08;8,08;110,74;16,47;76,83;6,27;40,28;25,11;99,62;328,26;0,00;1,61
2005.0;5.0;2005-05-01;BRASPINE;SITIO DAS MARRECAS;PR;DOUTOR ULYSSES;77,49;35,17;108,04;17,20;83,43;7,68;41,84;27,33;100,00;334,81;0,00;2,22
2005.0;5.0;2005-05-01;BRASPINE;SOBRADINHO;SP;BOM SUCESSO DE ITARARE;285,80;123,10;103,34;16,67;79,14;6,76;39,73;25,50;100,00;295,03;0,00;25,72
2005.0;5.0;2005-05-01;BRASPINE;TAQUARAL;PR;JAGUARIAIVA;519,13;31,07;109,73;16,73;77,89;6,75;41,56;25,43;99,99;337,15;0,00;2,00
2005.0;5.0;2005-05-01;BRASPINE;TUCUNDUVA;PR;SENGES;82,21;60,89;99,22;17,36;73,58;6,94;36,01;25,77;99,35;302,57;0,00;0,79
2005.0;5.0;2005-05-01;BRASPINE;TUCUNDUVA - CHAMMA;;;;;99,13;17,45;73,93;7,91;35,69;25,78;99,45;278,09;0,00;0,59
2005.0;5.0;2005-05-01;BRASPINE;VIENA 1;PR;DOUTOR ULYSSES;263,98;178,34;110,69;16,27;81,13;6,55;44,57;25,19;100,00;316,15;0,00;14,23
2005.0;5.0;2005-05-01;BRASPINE;VIENA 2;PR;CERRO AZUL;140,23;96,54;109,50;17,27;82,49;7,21;41,47;27,51;99,94;345,71;0,00;18,28
2005.0;5.0;2005-05-01;BRASPINE;VITORIA;PR;SENGES;50,54;35,69;94,51;16,72;77,05;7,56;37,78;25,09;99,86;328,01;0,00;18,30
2005.0;5.0;2005-05-01;BRASPINE;VIVEIRO;PR;DOUTOR ULYSSES;405,39;261,22;106,57;16,70;81,56;7,34;43,11;26,00;100,00;342,23;0,00;4,66
2005.0;5.0;2005-05-01;BRASPINE;VO LINO;PR;DOUTOR ULYSSES;164,50;97,89;103,58;16,72;82,96;7,78;42,19;26,38;100,00;343,03;0,00;2,36
2005.0;5.0;2005-05-01;BRASPINE;XAXIM VELHO;;;;;131,26;15,25;80,19;3,79;39,66;23,95;100,00;302,39;3,79;8,21
2005.0;6.0;2005-06-01;BRASPINE;AGUA DOCE;PR;JAGUARIAIVA;238,97;121,99;54,77;15,69;83,31;9,42;49,97;23,06;100,00;362,28;0,00;0,51
2005.0;6.0;2005-06-01;BRASPINE;AMATA;;;;;70,06;17,14;85,49;11,06;49,14;25,76;99,93;326,70;0,00;13,87
2005.0;6.0;2005-06-01;BRASPINE;ANTA BRAVA;;;;;44,84;18,45;79,45;11,71;43,50;26,11;99,58;219,67;0,00;2,40
2005.0;6.0;2005-06-01;BRASPINE;ARAPONGAS;PR;SENGES;423,34;263,70;64,68;15,88;85,72;9,35;49,68;23,63;100,00;371,55;0,00;0,81
2005.0;6.0;2005-06-01;BRASPINE;ARROIO CLARO;PR;DOUTOR ULYSSES;275,14;92,00;61,63;15,98;86,52;9,90;49,67;24,10;100,00;376,88;0,00;3,76
2005.0;6.0;2005-06-01;BRASPINE;BARRA GRANDE;PR;DOUTOR ULYSSES;493,79;139,68;56,62;16,35;86,24;9,37;50,13;24,48;100,00;366,35;0,00;0,00
2005.0;6.0;2005-06-01;BRASPINE;BARRA GRANDE - BEMAIS;PR;GUARAPUAVA;299,16;108,61;164,77;14,94;86,56;7,87;57,12;21,83;99,98;340,35;0,00;3,73
2005.0;6.0;2005-06-01;BRASPINE;BARRETOS;PR;JAGUARIAIVA;43,35;32,98;64,26;15,95;84,65;9,51;49,53;23,41;100,00;359,63;0,00;0,90
2005.0;6.0;2005-06-01;BRASPINE;BAU;;;;;218,03;15,31;85,59;7,37;56,88;21,65;99,86;356,92;0,00;1,68
2005.0;6.0;2005-06-01;BRASPINE;BOA VISTA II;PR;PIRAI DO SUL;944,00;535,05;63,20;15,93;83,88;9,20;49,77;23,26;100,00;357,95;0,00;0,31
2005.0;6.0;2005-06-01;BRASPINE;BRASILEIRA;;;;;61,60;15,88;85,72;9,35;49,68;23,63;100,00;371,55;0,00;0,81
2005.0;6.0;2005-06-01;BRASPINE;BURACAO;;;;;72,26;15,78;84,85;9,39;49,28;23,54;100,00;335,96;0,00;17,38
2005.0;6.0;2005-06-01;BRASPINE;BURRINHO;PR;DOUTOR ULYSSES;211,01;100,37;61,43;15,98;86,52;9,90;49,67;24,10;100,00;376,88;0,00;3,76
2005.0;6.0;2005-06-01;BRASPINE;CADEADO I;PR;JAGUARIAIVA;21,07;12,29;65,78;15,71;85,23;8,95;49,42;23,27;100,00;349,81;0,00;1,36
2005.0;6.0;2005-06-01;BRASPINE;CADEADO II;PR;JAGUARIAIVA;21,88;16,79;65,78;15,71;85,23;8,95;49,42;23,27;100,00;349,81;0,00;1,36
2005.0;6.0;2005-06-01;BRASPINE;CAMPINA ALTA;PR;TIBAGI;29,77;18,24;88,72;16,33;84,46;8,53;54,36;23,52;99,97;315,31;0,00;12,36
2005.0;6.0;2005-06-01;BRASPINE;CAMPINA DO ELIAS;PR;JAGUARIAIVA;29,17;14,65;66,68;15,86;84,86;9,31;49,49;23,36;100,00;356,05;0,00;0,04
2005.0;6.0;2005-06-01;BRASPINE;CAMPO NOVO;PR;JAGUARIAIVA;295,98;156,36;67,21;15,71;85,23;8,95;49,42;23,27;100,00;349,81;0,00;1,36
2005.0;6.0;2005-06-01;BRASPINE;CONSULTORIA II A;PR;DOUTOR ULYSSES;89,62;60,79;61,87;15,88;85,72;9,35;49,68;23,63;100,00;371,55;0,00;0,81
2005.0;6.0;2005-06-01;BRASPINE;DINIZ;;;;;58,77;15,88;85,72;9,35;49,68;23,63;100,00;371,55;0,00;0,81
2005.0;6.0;2005-06-01;BRASPINE;ENES;PR;JAGUARIAIVA;5,93;5,69;67,62;15,71;85,23;8,95;49,42;23,27;100,00;349,81;0,00;1,36
2005.0;6.0;2005-06-01;BRASPINE;ENGENHARIA;;;;;58,77;15,88;85,72;9,35;49,68;23,63;100,00;371,55;0,00;0,81
2005.0;6.0;2005-06-01;BRASPINE;ESTACAO;PR;SENGES;4,76;4,14;65,52;15,71;85,23;8,95;49,42;23,27;100,00;349,81;0,00;1,36
2005.0;6.0;2005-06-01;BRASPINE;FAXINAL;PR;JAGUARIAIVA;20,65;20,65;67,62;15,71;85,23;8,95;49,42;23,27;100,00;349,81;0,00;1,36
2005.0;6.0;2005-06-01;BRASPINE;FEITAL;PR;DOUTOR ULYSSES;154,17;86,53;59,05;16,04;85,89;9,35;49,83;23,90;100,00;374,84;0,00;0,54
2005.0;6.0;2005-06-01;BRASPINE;FIGUEIRA;PR;DOUTOR ULYSSES;1053,81;315,71;61,11;15,98;86,52;9,90;49,67;24,10;100,00;376,88;0,00;3,76
2005.0;6.0;2005-06-01;BRASPINE;FIGUEIRINHA;PR;DOUTOR ULYSSES;94,37;56,74;55,36;15,98;86,52;9,90;49,67;24,10;100,00;376,88;0,00;3,76
2005.0;6.0;2005-06-01;BRASPINE;FLOEMA;PR;DOUTOR ULYSSES;2189,88;701,43;66,27;15,52;86,00;9,67;49,01;23,31;100,00;365,98;0,00;5,56
2005.0;6.0;2005-06-01;BRASPINE;FLOEMA I - SUDATI;;;;;65,20;15,88;85,72;9,35;49,68;23,63;100,00;371,55;0,00;0,81
2005.0;6.0;2005-06-01;BRASPINE;FLOEMA II - SUDATI;PR;DOUTOR ULYSSES;453,83;211,13;64,86;15,88;85,72;9,35;49,68;23,63;100,00;371,55;0,00;0,81
2005.0;6.0;2005-06-01;BRASPINE;FLOR DA SERRA;PR;SAO JOSE DA BOA VISTA;209,10;128,72;47,85;17,12;80,76;9,37;50,28;24,96;100,00;324,56;0,00;8,31
2005.0;6.0;2005-06-01;BRASPINE;GENTIL;PR;JAGUARIAIVA;126,77;53,33;56,03;15,45;83,22;9,35;49,44;22,76;99,95;358,61;0,00;0,46
2005.0;6.0;2005-06-01;BRASPINE;GUAIRACA;PR;GUARAPUAVA;623,62;169,31;172,04;15,04;86,38;7,06;55,88;22,11;100,00;341,07;0,00;15,72
2005.0;6.0;2005-06-01;BRASPINE;HERVAL 2 - MADALOSSO;;;;;74,96;15,78;84,85;9,39;49,28;23,54;100,00;335,96;0,00;17,38
2005.0;6.0;2005-06-01;BRASPINE;HERVAL DE BAIXO;PR;RESERVA;827,29;475,92;94,72;16,14;85,37;8,44;54,53;23,57;99,93;361,12;0,00;9,42
2005.0;6.0;2005-06-01;BRASPINE;HORTO 01;PR;TURVO;19,12;19,12;147,47;15,61;86,46;7,35;59,68;22,31;99,78;339,44;0,00;3,34
2005.0;6.0;2005-06-01;BRASPINE;HORTO 02;PR;TURVO;4,24;4,24;149,35;15,61;86,46;7,35;59,68;22,31;99,78;339,44;0,00;3,34
2005.0;6.0;2005-06-01;BRASPINE;HORTO 03;PR;PRUDENTOPOLIS;80,91;25,89;141,12;16,01;86,11;8,26;58,31;22,96;99,85;361,88;0,00;0,03
2005.0;6.0;2005-06-01;BRASPINE;HORTO 08;PR;TURVO;9,53;9,53;152,52;16,01;86,11;8,26;58,31;22,96;99,85;361,88;0,00;0,03
2005.0;6.0;2005-06-01;BRASPINE;HORTO 12;PR;PRUDENTOPOLIS;12,20;12,20;139,31;16,01;86,11;8,26;58,31;22,96;99,85;361,88;0,00;0,03
2005.0;6.0;2005-06-01;BRASPINE;IZAU;PR;PIRAI DO SUL;19,37;11,60;59,40;15,65;83,42;9,19;49,10;22,84;100,00;369,25;0,00;0,12
2005.0;6.0;2005-06-01;BRASPINE;JOAO RICO;PR;JAGUARIAIVA;47,46;26,18;55,81;15,69;83,31;9,42;49,97;23,06;100,00;362,28;0,00;0,51
2005.0;6.0;2005-06-01;BRASPINE;LAGOA;PR;JAGUARIAIVA;24,10;10,78;65,43;15,71;85,23;8,95;49,42;23,27;100,00;349,81;0,00;1,36
2005.0;6.0;2005-06-01;BRASPINE;MARACANA;PR;JANDAIA DO SUL;11,45;11,45;66,81;18,67;77,97;12,83;46,46;25,52;99,99;109,21;0,00;0,58
2005.0;6.0;2005-06-01;BRASPINE;MARRECA;;;;;58,02;15,98;86,52;9,90;49,67;24,10;100,00;376,88;0,00;3,76
2005.0;6.0;2005-06-01;BRASPINE;MARRECA SP;SP;ITAPIRAPUA PAULISTA;675,30;236,19;53,44;16,61;86,98;9,64;49,27;25,26;100,00;355,79;0,00;1,68
2005.0;6.0;2005-06-01;BRASPINE;MARRECAS;;;;;179,59;14,45;86,89;6,40;56,40;21,37;100,00;328,73;0,00;11,02
2005.0;6.0;2005-06-01;BRASPINE;MERCADINHO;;;;;57,35;16,40;86,32;9,78;49,60;24,89;99,98;381,79;0,00;3,07
2005.0;6.0;2005-06-01;BRASPINE;MONTE ALEGRE;;;;;66,80;19,12;77,31;13,15;45,69;26,07;99,98;96,61;0,00;15,31
2005.0;6.0;2005-06-01;BRASPINE;MONTE TABOR II;;;;;42,07;15,85;88,42;9,23;52,21;24,24;100,00;354,40;0,00;1,26
2005.0;6.0;2005-06-01;BRASPINE;MOREIRA;PR;DOUTOR ULYSSES;230,52;68,68;64,86;15,88;85,72;9,35;49,68;23,63;100,00;371,55;0,00;0,81
2005.0;6.0;2005-06-01;BRASPINE;MOREIRAS II;PR;DOUTOR ULYSSES;66,76;28,75;61,44;15,88;85,72;9,35;49,68;23,63;100,00;371,55;0,00;0,81
2005.0;6.0;2005-06-01;BRASPINE;MORRETES;PR;ORTIGUEIRA;20,36;20,36;83,11;16,47;85,54;8,50;53,14;24,22;99,95;349,21;0,00;6,76
2005.0;6.0;2005-06-01;BRASPINE;MORRO AZUL;;;;;52,34;16,20;85,56;9,60;49,35;24,05;100,00;378,54;0,00;1,07
2005.0;6.0;2005-06-01;BRASPINE;OURO FINO;SP;APIAI;51,70;51,70;48,06;15,96;86,72;8,58;51,16;23,89;100,00;374,33;0,00;5,90
2005.0;6.0;2005-06-01;BRASPINE;PALMEIRINHA DE BAIXO - SOSSEGO;PR;SENGES;85,93;9,22;52,77;15,57;83,26;9,45;48,81;22,61;99,87;361,68;0,00;0,09
2005.0;6.0;2005-06-01;BRASPINE;PAZIN;PR;DOUTOR ULYSSES;41,20;23,90;56,49;15,98;86,52;9,90;49,67;24,10;100,00;376,88;0,00;3,76
2005.0;6.0;2005-06-01;BRASPINE;PEDRAS;PR;CASTRO;7,18;7,18;76,25;15,61;84,44;9,00;49,49;22,75;99,96;351,08;0,00;8,06
2005.0;6.0;2005-06-01;BRASPINE;PESCARIA;PR;SAO JOSE DA BOA VISTA;184,57;129,22;46,72;17,32;80,11;9,41;49,56;25,09;100,00;323,96;0,00;3,35
2005.0;6.0;2005-06-01;BRASPINE;PESSEGUEIRO;PR;DOUTOR ULYSSES;109,95;64,79;65,88;15,88;85,72;9,35;49,68;23,63;100,00;371,55;0,00;0,81
2005.0;6.0;2005-06-01;BRASPINE;PITANGA;;;;;182,65;15,98;84,85;8,14;56,57;22,59;99,85;327,38;0,00;6,73
2005.0;6.0;2005-06-01;BRASPINE;QUEIMADINHO ARROIO CLARO;PR;DOUTOR ULYSSES;48,13;19,09;61,60;15,88;85,72;9,35;49,68;23,63;100,00;371,55;0,00;0,81
2005.0;6.0;2005-06-01;BRASPINE;QUEIMADINHO M6042;PR;DOUTOR ULYSSES;48,38;18,50;61,60;15,88;85,72;9,35;49,68;23,63;100,00;371,55;0,00;0,81
2005.0;6.0;2005-06-01;BRASPINE;QUEIMADINHO USUCAPIAO;PR;DOUTOR ULYSSES;200,27;92,43;61,60;15,88;85,72;9,35;49,68;23,63;100,00;371,55;0,00;0,81
2005.0;6.0;2005-06-01;BRASPINE;RAMOS;PR;SENGES;69,83;38,15;65,20;15,71;85,23;8,95;49,42;23,27;100,00;349,81;0,00;1,36
2005.0;6.0;2005-06-01;BRASPINE;RIBEIRAO GRANDE;PR;JAGUARIAIVA;20,77;20,77;57,13;15,65;83,42;9,19;49,10;22,84;100,00;369,25;0,00;0,12
2005.0;6.0;2005-06-01;BRASPINE;RINCAO DE BAIXO;;;;;73,63;15,78;82,71;8,45;51,97;22,80;100,00;333,30;0,00;8,95
2005.0;6.0;2005-06-01;BRASPINE;RIO BOMBA;PR;CERRO AZUL;65,03;37,72;63,73;16,61;85,86;9,67;49,62;25,19;99,92;355,15;0,00;15,09
2005.0;6.0;2005-06-01;BRASPINE;RIO DO MEIO;PR;DOUTOR ULYSSES;712,33;389,13;61,47;15,88;85,72;9,35;49,68;23,63;100,00;371,55;0,00;0,81
2005.0;6.0;2005-06-01;BRASPINE;RONDON;PR;JAGUARIAIVA;2899,24;1475,88;55,78;15,55;83,86;9,64;50,74;22,64;99,99;360,23;0,00;1,85
2005.0;6.0;2005-06-01;BRASPINE;SANTA FELICIDADE;;;;;54,90;16,91;87,42;8,99;48,35;26,00;100,00;311,81;0,00;4,76
2005.0;6.0;2005-06-01;BRASPINE;SANTA LIDIA DO CERCADINHO;;;;;80,14;15,51;82,60;8,45;51,54;22,43;100,00;359,32;0,00;10,46
2005.0;6.0;2005-06-01;BRASPINE;SANTO ANTONIO;;;;;54,91;15,65;83,60;9,43;47,66;22,93;100,00;364,00;0,00;0,38
2005.0;6.0;2005-06-01;BRASPINE;SAO JOSE;PR;JANDAIA DO SUL;37,56;37,56;66,01;18,98;77,46;13,05;45,94;25,88;100,00;95,83;0,00;15,64
2005.0;6.0;2005-06-01;BRASPINE;SAO MATHEUS;;;;;80,82;20,07;77,52;13,87;45,89;27,33;99,95;70,47;0,00;7,44
2005.0;6.0;2005-06-01;BRASPINE;SAO PEDRO E SAO PAULO;PR;SAPOPEMA;709,13;323,93;43,17;16,64;81,36;10,06;50,57;23,88;99,87;364,99;0,00;1,54
2005.0;6.0;2005-06-01;BRASPINE;SAO RAFAEL;;;;;106,62;15,58;84,42;9,29;51,68;23,23;99,98;366,61;0,00;3,86
2005.0;6.0;2005-06-01;BRASPINE;SAO RAFAEL - PB;;;;;52,56;16,10;86,35;9,05;50,44;24,01;100,00;379,34;0,00;0,23
2005.0;6.0;2005-06-01;BRASPINE;SERRARIA;PR;DOUTOR ULYSSES;280,88;117,71;66,32;15,75;86,26;9,89;49,34;23,68;100,00;371,43;0,00;4,70
2005.0;6.0;2005-06-01;BRASPINE;SERRO VERDE;;;;;236,01;15,68;84,44;8,21;55,50;22,16;99,90;339,14;0,00;7,83
2005.0;6.0;2005-06-01;BRASPINE;SERTAOZINHO;PR;DOUTOR ULYSSES;16,25;16,25;61,80;15,88;85,72;9,35;49,68;23,63;100,00;371,55;0,00;0,81
2005.0;6.0;2005-06-01;BRASPINE;SITIO BASILIO;PR;JAGUARIAIVA;8,08;8,08;54,69;15,45;83,19;9,25;49,69;22,82;99,96;356,31;0,00;0,09
2005.0;6.0;2005-06-01;BRASPINE;SITIO DAS MARRECAS;PR;DOUTOR ULYSSES;77,49;35,17;53,93;16,43;86,85;9,71;49,64;24,93;100,00;368,34;0,00;2,31
2005.0;6.0;2005-06-01;BRASPINE;SOBRADINHO;SP;BOM SUCESSO DE ITARARE;285,80;123,10;56,05;15,65;84,44;9,41;47,92;23,08;100,00;365,30;0,00;1,34
2005.0;6.0;2005-06-01;BRASPINE;TAQUARAL;PR;JAGUARIAIVA;519,13;31,07;53,90;15,71;83,84;9,55;51,19;22,99;99,99;363,26;0,00;3,32
2005.0;6.0;2005-06-01;BRASPINE;TUCUNDUVA;PR;SENGES;82,21;60,89;49,47;16,06;81,01;9,09;49,68;23,41;100,00;368,33;0,00;4,29
2005.0;6.0;2005-06-01;BRASPINE;TUCUNDUVA - CHAMMA;;;;;44,59;16,17;81,10;9,19;49,46;23,31;99,99;372,77;0,00;1,70
2005.0;6.0;2005-06-01;BRASPINE;VIENA 1;PR;DOUTOR ULYSSES;263,98;178,34;65,11;15,55;85,29;9,41;49,82;23,02;100,00;351,63;0,00;5,99
2005.0;6.0;2005-06-01;BRASPINE;VIENA 2;PR;CERRO AZUL;140,23;96,54;63,75;16,61;85,86;9,67;49,62;25,19;99,92;355,15;0,00;15,09
2005.0;6.0;2005-06-01;BRASPINE;VITORIA;PR;SENGES;50,54;35,69;52,77;15,57;83,26;9,45;48,81;22,61;99,87;361,68;0,00;0,09
2005.0;6.0;2005-06-01;BRASPINE;VIVEIRO;PR;DOUTOR ULYSSES;405,39;261,22;61,44;15,88;85,72;9,35;49,68;23,63;100,00;371,55;0,00;0,81
2005.0;6.0;2005-06-01;BRASPINE;VO LINO;PR;DOUTOR ULYSSES;164,50;97,89;59,60;15,98;86,52;9,90;49,67;24,10;100,00;376,88;0,00;3,76
2005.0;6.0;2005-06-01;BRASPINE;XAXIM VELHO;;;;;191,65;14,59;86,96;7,23;55,90;21,63;100,00;333,46;0,00;9,82
2005.0;7.0;2005-07-01;BRASPINE;AGUA DOCE;PR;JAGUARIAIVA;238,97;121,99;53,13;13,50;78,52;3,79;44,67;22,98;99,90;291,03;8,62;0,54
2005.0;7.0;2005-07-01;BRASPINE;AMATA;;;;;62,14;14,65;82,07;4,43;44,69;25,43;100,00;309,14;8,88;10,78
2005.0;7.0;2005-07-01;BRASPINE;ANTA BRAVA;;;;;33,74;16,38;75,35;8,15;36,52;26,32;99,81;344,38;0,00;3,76
2005.0;7.0;2005-07-01;BRASPINE;ARAPONGAS;PR;SENGES;423,34;263,70;62,40;13,58;82,25;4,02;42,38;23,34;100,00;293,01;8,60;4,57
2005.0;7.0;2005-07-01;BRASPINE;ARROIO CLARO;PR;DOUTOR ULYSSES;275,14;92,00;60,20;13,64;83,22;3,90;42,69;23,89;100,00;292,14;3,90;2,19
2005.0;7.0;2005-07-01;BRASPINE;BARRA GRANDE;PR;DOUTOR ULYSSES;493,79;139,68;59,97;14,05;82,74;4,33;42,16;24,14;100,00;302,52;9,03;3,31
2005.0;7.0;2005-07-01;BRASPINE;BARRA GRANDE - BEMAIS;PR;GUARAPUAVA;299,16;108,61;58,38;12,01;81,28;1,63;45,94;22,01;99,98;233,01;20,20;4,53
2005.0;7.0;2005-07-01;BRASPINE;BARRETOS;PR;JAGUARIAIVA;43,35;32,98;65,96;13,61;80,83;3,78;43,86;23,29;100,00;297,19;3,78;5,03
2005.0;7.0;2005-07-01;BRASPINE;BAU;;;;;68,49;12,21;79,82;1,22;46,89;22,37;99,93;257,79;21,34;4,82
2005.0;7.0;2005-07-01;BRASPINE;BOA VISTA II;PR;PIRAI DO SUL;944,00;535,05;63,99;13,55;79,74;3,70;44,31;23,37;99,98;294,36;8,30;4,74
2005.0;7.0;2005-07-01;BRASPINE;BRASILEIRA;;;;;61,18;13,58;82,25;4,02;42,38;23,34;100,00;293,01;8,60;4,57
2005.0;7.0;2005-07-01;BRASPINE;BURACAO;;;;;59,20;13,22;80,84;2,41;47,55;23,41;99,95;278,66;10,55;9,69
2005.0;7.0;2005-07-01;BRASPINE;BURRINHO;PR;DOUTOR ULYSSES;211,01;100,37;60,04;13,64;83,22;3,90;42,69;23,89;100,00;292,14;3,90;2,19
2005.0;7.0;2005-07-01;BRASPINE;CADEADO I;PR;JAGUARIAIVA;21,07;12,29;62,50;13,42;81,64;3,70;42,74;22,93;100,00;287,50;8,56;5,24
2005.0;7.0;2005-07-01;BRASPINE;CADEADO II;PR;JAGUARIAIVA;21,88;16,79;62,50;13,42;81,64;3,70;42,74;22,93;100,00;287,50;8,56;5,24
2005.0;7.0;2005-07-01;BRASPINE;CAMPINA ALTA;PR;TIBAGI;29,77;18,24;73,39;13,63;79,33;3,96;48,33;23,97;99,97;277,45;21,34;33,50
2005.0;7.0;2005-07-01;BRASPINE;CAMPINA DO ELIAS;PR;JAGUARIAIVA;29,17;14,65;67,44;13,54;81,12;3,75;43,45;23,16;100,00;293,65;8,71;5,10
2005.0;7.0;2005-07-01;BRASPINE;CAMPO NOVO;PR;JAGUARIAIVA;295,98;156,36;63,50;13,42;81,64;3,70;42,74;22,93;100,00;287,50;8,56;5,24
2005.0;7.0;2005-07-01;BRASPINE;CONSULTORIA II A;PR;DOUTOR ULYSSES;89,62;60,79;62,50;13,58;82,25;4,02;42,38;23,34;100,00;293,01;8,60;4,57
2005.0;7.0;2005-07-01;BRASPINE;DINIZ;;;;;58,14;13,58;82,25;4,02;42,38;23,34;100,00;293,01;8,60;4,57
2005.0;7.0;2005-07-01;BRASPINE;ENES;PR;JAGUARIAIVA;5,93;5,69;63,70;13,42;81,64;3,70;42,74;22,93;100,00;287,50;8,56;5,24
2005.0;7.0;2005-07-01;BRASPINE;ENGENHARIA;;;;;58,14;13,58;82,25;4,02;42,38;23,34;100,00;293,01;8,60;4,57
2005.0;7.0;2005-07-01;BRASPINE;ESTACAO;PR;SENGES;4,76;4,14;64,71;13,42;81,64;3,70;42,74;22,93;100,00;287,50;8,56;5,24
2005.0;7.0;2005-07-01;BRASPINE;FAXINAL;PR;JAGUARIAIVA;20,65;20,65;63,70;13,42;81,64;3,70;42,74;22,93;100,00;287,50;8,56;5,24
2005.0;7.0;2005-07-01;BRASPINE;FEITAL;PR;DOUTOR ULYSSES;154,17;86,53;60,59;13,74;82,42;4,12;42,31;23,59;100,00;296,17;8,74;4,27
2005.0;7.0;2005-07-01;BRASPINE;FIGUEIRA;PR;DOUTOR ULYSSES;1053,81;315,71;58,13;13,64;83,22;3,90;42,69;23,89;100,00;292,14;3,90;2,19
2005.0;7.0;2005-07-01;BRASPINE;FIGUEIRINHA;PR;DOUTOR ULYSSES;94,37;56,74;61,01;13,64;83,22;3,90;42,69;23,89;100,00;292,14;3,90;2,19
2005.0;7.0;2005-07-01;BRASPINE;FLOEMA;PR;DOUTOR ULYSSES;2189,88;701,43;64,68;13,19;82,64;2,90;42,76;23,19;100,00;280,65;17,34;4,93
2005.0;7.0;2005-07-01;BRASPINE;FLOEMA I - SUDATI;;;;;64,92;13,58;82,25;4,02;42,38;23,34;100,00;293,01;8,60;4,57
2005.0;7.0;2005-07-01;BRASPINE;FLOEMA II - SUDATI;PR;DOUTOR ULYSSES;453,83;211,13;65,81;13,58;82,25;4,02;42,38;23,34;100,00;293,01;8,60;4,57
2005.0;7.0;2005-07-01;BRASPINE;FLOR DA SERRA;PR;SAO JOSE DA BOA VISTA;209,10;128,72;24,35;15,13;74,91;4,85;43,74;24,56;98,19;315,44;4,85;15,70
2005.0;7.0;2005-07-01;BRASPINE;GENTIL;PR;JAGUARIAIVA;126,77;53,33;57,96;13,15;78,78;3,29;46,47;22,61;99,54;279,83;11,84;0,52
2005.0;7.0;2005-07-01;BRASPINE;GUAIRACA;PR;GUARAPUAVA;623,62;169,31;54,76;12,10;81,39;1,53;46,20;22,29;99,99;231,33;17,44;8,89
2005.0;7.0;2005-07-01;BRASPINE;HERVAL 2 - MADALOSSO;;;;;56,50;13,22;80,84;2,41;47,55;23,41;99,95;278,66;10,55;9,69
2005.0;7.0;2005-07-01;BRASPINE;HERVAL DE BAIXO;PR;RESERVA;827,29;475,92;72,62;13,39;80,25;2,64;48,48;23,95;99,94;259,41;22,91;1,00
2005.0;7.0;2005-07-01;BRASPINE;HORTO 01;PR;TURVO;19,12;19,12;55,34;12,51;81,17;1,75;49,56;22,83;99,69;241,22;21,84;2,62
2005.0;7.0;2005-07-01;BRASPINE;HORTO 02;PR;TURVO;4,24;4,24;55,42;12,51;81,17;1,75;49,56;22,83;99,69;241,22;21,84;2,62
2005.0;7.0;2005-07-01;BRASPINE;HORTO 03;PR;PRUDENTOPOLIS;80,91;25,89;56,70;12,95;80,79;2,35;46,57;23,44;99,88;234,21;20,60;1,42
2005.0;7.0;2005-07-01;BRASPINE;HORTO 08;PR;TURVO;9,53;9,53;61,63;12,95;80,79;2,35;46,57;23,44;99,88;234,21;20,60;1,42
2005.0;7.0;2005-07-01;BRASPINE;HORTO 12;PR;PRUDENTOPOLIS;12,20;12,20;58,59;12,95;80,79;2,35;46,57;23,44;99,88;234,21;20,60;1,42
2005.0;7.0;2005-07-01;BRASPINE;IZAU;PR;PIRAI DO SUL;19,37;11,60;56,67;13,23;79,40;3,31;46,58;22,86;99,72;286,58;12,31;4,69
2005.0;7.0;2005-07-01;BRASPINE;JOAO RICO;PR;JAGUARIAIVA;47,46;26,18;56,34;13,50;78,52;3,79;44,67;22,98;99,90;291,03;8,62;0,54
2005.0;7.0;2005-07-01;BRASPINE;LAGOA;PR;JAGUARIAIVA;24,10;10,78;62,28;13,42;81,64;3,70;42,74;22,93;100,00;287,50;8,56;5,24
2005.0;7.0;2005-07-01;BRASPINE;MARACANA;PR;JANDAIA DO SUL;11,45;11,45;43,48;15,81;73,28;4,81;41,02;25,84;99,97;230,56;4,81;1,51
2005.0;7.0;2005-07-01;BRASPINE;MARRECA;;;;;58,17;13,64;83,22;3,90;42,69;23,89;100,00;292,14;3,90;2,19
2005.0;7.0;2005-07-01;BRASPINE;MARRECA SP;SP;ITAPIRAPUA PAULISTA;675,30;236,19;61,20;14,28;83,57;4,77;42,51;24,91;100,00;302,83;4,77;358,20
2005.0;7.0;2005-07-01;BRASPINE;MARRECAS;;;;;57,78;11,61;81,41;0,71;45,69;21,51;100,00;225,67;29,81;6,90
2005.0;7.0;2005-07-01;BRASPINE;MERCADINHO;;;;;61,47;14,03;82,83;4,47;43,51;24,58;100,00;293,10;9,17;3,99
2005.0;7.0;2005-07-01;BRASPINE;MONTE ALEGRE;;;;;46,45;16,16;72,76;5,20;40,36;26,41;99,78;235,25;0,00;2,96
2005.0;7.0;2005-07-01;BRASPINE;MONTE TABOR II;;;;;59,12;13,53;84,78;3,46;46,36;23,83;100,00;282,71;8,10;4,03
2005.0;7.0;2005-07-01;BRASPINE;MOREIRA;PR;DOUTOR ULYSSES;230,52;68,68;65,81;13,58;82,25;4,02;42,38;23,34;100,00;293,01;8,60;4,57
2005.0;7.0;2005-07-01;BRASPINE;MOREIRAS II;PR;DOUTOR ULYSSES;66,76;28,75;62,03;13,58;82,25;4,02;42,38;23,34;100,00;293,01;8,60;4,57
2005.0;7.0;2005-07-01;BRASPINE;MORRETES;PR;ORTIGUEIRA;20,36;20,36;69,25;13,72;80,31;2,65;47,45;24,56;99,86;263,75;19,03;0,04
2005.0;7.0;2005-07-01;BRASPINE;MORRO AZUL;;;;;54,42;14,00;81,83;4,36;41,73;23,71;100,00;306,40;9,11;358,79
2005.0;7.0;2005-07-01;BRASPINE;OURO FINO;SP;APIAI;51,70;51,70;56,60;13,69;83,19;4,03;43,42;23,53;100,00;292,68;8,54;4,62
2005.0;7.0;2005-07-01;BRASPINE;PALMEIRINHA DE BAIXO - SOSSEGO;PR;SENGES;85,93;9,22;50,64;13,48;78,96;4,62;42,11;22,51;99,86;290,85;9,59;28,17
2005.0;7.0;2005-07-01;BRASPINE;PAZIN;PR;DOUTOR ULYSSES;41,20;23,90;60,54;13,64;83,22;3,90;42,69;23,89;100,00;292,14;3,90;2,19
2005.0;7.0;2005-07-01;BRASPINE;PEDRAS;PR;CASTRO;7,18;7,18;58,71;13,06;80,62;2,21;48,63;23,08;99,98;275,89;13,45;2,06
2005.0;7.0;2005-07-01;BRASPINE;PESCARIA;PR;SAO JOSE DA BOA VISTA;184,57;129,22;30,76;15,32;74,64;5,30;42,46;24,75;98,35;317,74;0,00;15,18
2005.0;7.0;2005-07-01;BRASPINE;PESSEGUEIRO;PR;DOUTOR ULYSSES;109,95;64,79;64,60;13,58;82,25;4,02;42,38;23,34;100,00;293,01;8,60;4,57
2005.0;7.0;2005-07-01;BRASPINE;PITANGA;;;;;65,28;12,74;79,32;1,17;48,27;23,03;99,78;250,32;20,76;1,71
2005.0;7.0;2005-07-01;BRASPINE;QUEIMADINHO ARROIO CLARO;PR;DOUTOR ULYSSES;48,13;19,09;61,18;13,58;82,25;4,02;42,38;23,34;100,00;293,01;8,60;4,57
2005.0;7.0;2005-07-01;BRASPINE;QUEIMADINHO M6042;PR;DOUTOR ULYSSES;48,38;18,50;61,18;13,58;82,25;4,02;42,38;23,34;100,00;293,01;8,60;4,57
2005.0;7.0;2005-07-01;BRASPINE;QUEIMADINHO USUCAPIAO;PR;DOUTOR ULYSSES;200,27;92,43;61,18;13,58;82,25;4,02;42,38;23,34;100,00;293,01;8,60;4,57
2005.0;7.0;2005-07-01;BRASPINE;RAMOS;PR;SENGES;69,83;38,15;64,92;13,42;81,64;3,70;42,74;22,93;100,00;287,50;8,56;5,24
2005.0;7.0;2005-07-01;BRASPINE;RIBEIRAO GRANDE;PR;JAGUARIAIVA;20,77;20,77;55,61;13,23;79,40;3,31;46,58;22,86;99,72;286,58;12,31;4,69
2005.0;7.0;2005-07-01;BRASPINE;RINCAO DE BAIXO;;;;;52,40;13,18;78,56;2,80;47,56;23,19;99,66;268,23;19,19;4,45
2005.0;7.0;2005-07-01;BRASPINE;RIO BOMBA;PR;CERRO AZUL;65,03;37,72;66,77;14,16;82,18;3,99;44,73;24,94;99,97;292,63;8,82;11,91
2005.0;7.0;2005-07-01;BRASPINE;RIO DO MEIO;PR;DOUTOR ULYSSES;712,33;389,13;61,81;13,58;82,25;4,02;42,38;23,34;100,00;293,01;8,60;4,57
2005.0;7.0;2005-07-01;BRASPINE;RONDON;PR;JAGUARIAIVA;2899,24;1475,88;48,87;13,43;79,51;4,12;43,02;22,58;99,86;289,82;8,92;2,75
2005.0;7.0;2005-07-01;BRASPINE;SANTA FELICIDADE;;;;;60,90;14,61;83,97;5,20;42,56;25,69;100,00;305,01;0,00;1,71
2005.0;7.0;2005-07-01;BRASPINE;SANTA LIDIA DO CERCADINHO;;;;;50,61;12,94;78,48;2,75;47,98;22,71;99,66;264,39;13,68;3,74
2005.0;7.0;2005-07-01;BRASPINE;SANTO ANTONIO;;;;;51,89;13,58;79,32;4,82;41,09;22,75;100,00;295,60;4,82;31,69
2005.0;7.0;2005-07-01;BRASPINE;SAO JOSE;PR;JANDAIA DO SUL;37,56;37,56;46,25;16,04;72,87;5,12;40,57;26,22;99,87;233,60;0,00;3,94
2005.0;7.0;2005-07-01;BRASPINE;SAO MATHEUS;;;;;49,53;16,91;72,89;5,44;39,37;27,85;99,27;240,53;0,00;0,65
2005.0;7.0;2005-07-01;BRASPINE;SAO PEDRO E SAO PAULO;PR;SAPOPEMA;709,13;323,93;34,90;14,28;75,99;4,77;44,38;23,86;99,47;305,04;9,60;0,88
2005.0;7.0;2005-07-01;BRASPINE;SAO RAFAEL;;;;;74,32;12,87;80,38;1,67;47,39;23,19;99,99;263,61;23,00;8,23
2005.0;7.0;2005-07-01;BRASPINE;SAO RAFAEL - PB;;;;;56,68;13,84;82,81;4,34;42,81;23,62;100,00;300,54;9,23;4,45
2005.0;7.0;2005-07-01;BRASPINE;SERRARIA;PR;DOUTOR ULYSSES;280,88;117,71;63,90;13,41;82,93;3,40;42,73;23,54;100,00;286,38;8,20;3,43
2005.0;7.0;2005-07-01;BRASPINE;SERRO VERDE;;;;;67,91;12,47;78,90;1,23;45,79;22,99;99,93;266,22;18,95;7,67
2005.0;7.0;2005-07-01;BRASPINE;SERTAOZINHO;PR;DOUTOR ULYSSES;16,25;16,25;58,58;13,58;82,25;4,02;42,38;23,34;100,00;293,01;8,60;4,57
2005.0;7.0;2005-07-01;BRASPINE;SITIO BASILIO;PR;JAGUARIAIVA;8,08;8,08;52,86;13,22;78,52;3,42;45,95;22,63;99,58;280,75;12,05;0,01
2005.0;7.0;2005-07-01;BRASPINE;SITIO DAS MARRECAS;PR;DOUTOR ULYSSES;77,49;35,17;61,08;14,10;83,47;4,52;42,56;24,57;100,00;299,80;4,52;4,44
2005.0;7.0;2005-07-01;BRASPINE;SOBRADINHO;SP;BOM SUCESSO DE ITARARE;285,80;123,10;57,18;13,54;80,47;4,43;41,59;22,78;100,00;297,30;4,43;35,30
2005.0;7.0;2005-07-01;BRASPINE;TAQUARAL;PR;JAGUARIAIVA;519,13;31,07;55,81;13,58;79,17;3,96;43,84;22,96;100,00;294,24;8,58;1,45
2005.0;7.0;2005-07-01;BRASPINE;TUCUNDUVA;PR;SENGES;82,21;60,89;48,15;13,92;76,44;4,28;43,74;23,05;98,73;297,95;9,09;0,22
2005.0;7.0;2005-07-01;BRASPINE;TUCUNDUVA - CHAMMA;;;;;48,71;14,00;76,86;5,06;43,39;23,06;98,94;303,01;0,00;7,08
2005.0;7.0;2005-07-01;BRASPINE;VIENA 1;PR;DOUTOR ULYSSES;263,98;178,34;66,90;13,17;81,81;2,56;44,16;22,78;100,00;281,81;11,86;4,69
2005.0;7.0;2005-07-01;BRASPINE;VIENA 2;PR;CERRO AZUL;140,23;96,54;66,81;14,16;82,18;3,99;44,73;24,94;99,97;292,63;8,82;11,91
2005.0;7.0;2005-07-01;BRASPINE;VITORIA;PR;SENGES;50,54;35,69;50,64;13,48;78,96;4,62;42,11;22,51;99,86;290,85;9,59;28,17
2005.0;7.0;2005-07-01;BRASPINE;VIVEIRO;PR;DOUTOR ULYSSES;405,39;261,22;62,03;13,58;82,25;4,02;42,38;23,34;100,00;293,01;8,60;4,57
2005.0;7.0;2005-07-01;BRASPINE;VO LINO;PR;DOUTOR ULYSSES;164,50;97,89;58,57;13,64;83,22;3,90;42,69;23,89;100,00;292,14;3,90;2,19
2005.0;7.0;2005-07-01;BRASPINE;XAXIM VELHO;;;;;52,36;11,72;81,82;0,84;46,23;21,94;100,00;227,74;22,36;1,40
2005.0;8.0;2005-08-01;BRASPINE;AGUA DOCE;PR;JAGUARIAIVA;238,97;121,99;52,06;16,37;69,97;5,72;32,29;27,42;99,83;277,36;0,00;1,11
2005.0;8.0;2005-08-01;BRASPINE;AMATA;;;;;51,58;17,28;75,33;6,51;32,36;30,55;99,99;275,90;0,00;14,22
2005.0;8.0;2005-08-01;BRASPINE;ANTA BRAVA;;;;;34,15;19,22;66,31;9,47;27,25;31,57;99,07;244,49;0,00;8,33
2005.0;8.0;2005-08-01;BRASPINE;ARAPONGAS;PR;SENGES;423,34;263,70;66,34;16,23;74,49;5,61;34,52;28,21;100,00;274,07;0,00;11,58
2005.0;8.0;2005-08-01;BRASPINE;ARROIO CLARO;PR;DOUTOR ULYSSES;275,14;92,00;59,08;16,28;75,70;6,30;33,71;28,64;100,00;274,44;0,00;3,06
2005.0;8.0;2005-08-01;BRASPINE;BARRA GRANDE;PR;DOUTOR ULYSSES;493,79;139,68;61,44;16,63;75,43;5,80;33,37;29,22;100,00;278,19;0,00;6,99
2005.0;8.0;2005-08-01;BRASPINE;BARRA GRANDE - BEMAIS;PR;GUARAPUAVA;299,16;108,61;110,40;15,40;74,07;4,08;35,64;26,65;100,00;290,29;8,55;23,55
2005.0;8.0;2005-08-01;BRASPINE;BARRETOS;PR;JAGUARIAIVA;43,35;32,98;55,28;16,42;72,67;5,54;33,78;27,94;99,95;282,43;0,00;2,67
2005.0;8.0;2005-08-01;BRASPINE;BAU;;;;;150,31;15,60;73,28;3,38;35,67;26,22;99,92;256,90;8,06;15,17
2005.0;8.0;2005-08-01;BRASPINE;BOA VISTA II;PR;PIRAI DO SUL;944,00;535,05;62,90;16,40;71,58;5,16;32,61;27,71;99,93;277,48;0,00;20,15
2005.0;8.0;2005-08-01;BRASPINE;BRASILEIRA;;;;;54,35;16,23;74,49;5,61;34,52;28,21;100,00;274,07;0,00;11,58
2005.0;8.0;2005-08-01;BRASPINE;BURACAO;;;;;75,93;15,85;75,09;4,86;35,02;27,64;99,75;257,96;9,79;17,65
2005.0;8.0;2005-08-01;BRASPINE;BURRINHO;PR;DOUTOR ULYSSES;211,01;100,37;59,15;16,28;75,70;6,30;33,71;28,64;100,00;274,44;0,00;3,06
2005.0;8.0;2005-08-01;BRASPINE;CADEADO I;PR;JAGUARIAIVA;21,07;12,29;55,77;16,15;73,61;4,98;35,08;27,73;100,00;272,25;4,98;16,08
2005.0;8.0;2005-08-01;BRASPINE;CADEADO II;PR;JAGUARIAIVA;21,88;16,79;55,77;16,15;73,61;4,98;35,08;27,73;100,00;272,25;4,98;16,08
2005.0;8.0;2005-08-01;BRASPINE;CAMPINA ALTA;PR;TIBAGI;29,77;18,24;54,21;16,57;72,80;4,18;32,37;28,92;99,86;262,22;9,13;12,46
2005.0;8.0;2005-08-01;BRASPINE;CAMPINA DO ELIAS;PR;JAGUARIAIVA;29,17;14,65;59,96;16,32;73,01;5,34;34,26;27,86;99,97;278,75;0,00;8,27
2005.0;8.0;2005-08-01;BRASPINE;CAMPO NOVO;PR;JAGUARIAIVA;295,98;156,36;55,69;16,15;73,61;4,98;35,08;27,73;100,00;272,25;4,98;16,08
2005.0;8.0;2005-08-01;BRASPINE;CONSULTORIA II A;PR;DOUTOR ULYSSES;89,62;60,79;64,40;16,23;74,49;5,61;34,52;28,21;100,00;274,07;0,00;11,58
2005.0;8.0;2005-08-01;BRASPINE;DINIZ;;;;;73,49;16,23;74,49;5,61;34,52;28,21;100,00;274,07;0,00;11,58
2005.0;8.0;2005-08-01;BRASPINE;ENES;PR;JAGUARIAIVA;5,93;5,69;53,84;16,15;73,61;4,98;35,08;27,73;100,00;272,25;4,98;16,08
2005.0;8.0;2005-08-01;BRASPINE;ENGENHARIA;;;;;73,49;16,23;74,49;5,61;34,52;28,21;100,00;274,07;0,00;11,58
2005.0;8.0;2005-08-01;BRASPINE;ESTACAO;PR;SENGES;4,76;4,14;52,31;16,15;73,61;4,98;35,08;27,73;100,00;272,25;4,98;16,08
2005.0;8.0;2005-08-01;BRASPINE;FAXINAL;PR;JAGUARIAIVA;20,65;20,65;53,84;16,15;73,61;4,98;35,08;27,73;100,00;272,25;4,98;16,08
2005.0;8.0;2005-08-01;BRASPINE;FEITAL;PR;DOUTOR ULYSSES;154,17;86,53;59,01;16,37;74,80;5,67;34,14;28,55;100,00;275,45;0,00;10,01
2005.0;8.0;2005-08-01;BRASPINE;FIGUEIRA;PR;DOUTOR ULYSSES;1053,81;315,71;56,51;16,28;75,70;6,30;33,71;28,64;100,00;274,44;0,00;3,06
2005.0;8.0;2005-08-01;BRASPINE;FIGUEIRINHA;PR;DOUTOR ULYSSES;94,37;56,74;69,54;16,28;75,70;6,30;33,71;28,64;100,00;274,44;0,00;3,06
2005.0;8.0;2005-08-01;BRASPINE;FLOEMA;PR;DOUTOR ULYSSES;2189,88;701,43;56,46;15,89;74,67;5,67;34,53;27,67;100,00;266,97;0,00;5,12
2005.0;8.0;2005-08-01;BRASPINE;FLOEMA I - SUDATI;;;;;50,27;16,23;74,49;5,61;34,52;28,21;100,00;274,07;0,00;11,58
2005.0;8.0;2005-08-01;BRASPINE;FLOEMA II - SUDATI;PR;DOUTOR ULYSSES;453,83;211,13;48,49;16,23;74,49;5,61;34,52;28,21;100,00;274,07;0,00;11,58
2005.0;8.0;2005-08-01;BRASPINE;FLOR DA SERRA;PR;SAO JOSE DA BOA VISTA;209,10;128,72;49,72;17,57;68,83;6,76;33,42;29,89;98,09;259,74;0,00;6,99
2005.0;8.0;2005-08-01;BRASPINE;GENTIL;PR;JAGUARIAIVA;126,77;53,33;51,21;16,05;70,23;4,89;31,96;26,97;99,56;271,65;4,89;1,22
2005.0;8.0;2005-08-01;BRASPINE;GUAIRACA;PR;GUARAPUAVA;623,62;169,31;127,32;15,51;74,12;3,93;36,31;26,93;99,99;285,56;12,48;40,44
2005.0;8.0;2005-08-01;BRASPINE;HERVAL 2 - MADALOSSO;;;;;67,21;15,85;75,09;4,86;35,02;27,64;99,75;257,96;9,79;17,65
2005.0;8.0;2005-08-01;BRASPINE;HERVAL DE BAIXO;PR;RESERVA;827,29;475,92;92,61;16,37;73,79;4,22;31,73;29,03;99,79;250,01;14,07;8,12
2005.0;8.0;2005-08-01;BRASPINE;HORTO 01;PR;TURVO;19,12;19,12;112,18;15,85;74,89;3,92;37,41;27,51;99,62;273,27;12,91;5,43
2005.0;8.0;2005-08-01;BRASPINE;HORTO 02;PR;TURVO;4,24;4,24;111,77;15,85;74,89;3,92;37,41;27,51;99,62;273,27;12,91;5,43
2005.0;8.0;2005-08-01;BRASPINE;HORTO 03;PR;PRUDENTOPOLIS;80,91;25,89;106,49;16,26;74,55;4,64;35,60;28,37;99,88;278,57;9,44;11,58
2005.0;8.0;2005-08-01;BRASPINE;HORTO 08;PR;TURVO;9,53;9,53;113,46;16,26;74,55;4,64;35,60;28,37;99,88;278,57;9,44;11,58
2005.0;8.0;2005-08-01;BRASPINE;HORTO 12;PR;PRUDENTOPOLIS;12,20;12,20;98,31;16,26;74,55;4,64;35,60;28,37;99,88;278,57;9,44;11,58
2005.0;8.0;2005-08-01;BRASPINE;IZAU;PR;PIRAI DO SUL;19,37;11,60;43,71;16,13;71,09;5,19;32,02;27,13;99,55;277,74;0,00;0,48
2005.0;8.0;2005-08-01;BRASPINE;JOAO RICO;PR;JAGUARIAIVA;47,46;26,18;51,22;16,37;69,97;5,72;32,29;27,42;99,83;277,36;0,00;1,11
2005.0;8.0;2005-08-01;BRASPINE;LAGOA;PR;JAGUARIAIVA;24,10;10,78;55,61;16,15;73,61;4,98;35,08;27,73;100,00;272,25;4,98;16,08
2005.0;8.0;2005-08-01;BRASPINE;MARACANA;PR;JANDAIA DO SUL;11,45;11,45;44,75;19,60;59,47;7,37;22,39;31,48;99,78;135,24;0,00;0,64
2005.0;8.0;2005-08-01;BRASPINE;MARRECA;;;;;61,32;16,28;75,70;6,30;33,71;28,64;100,00;274,44;0,00;3,06
2005.0;8.0;2005-08-01;BRASPINE;MARRECA SP;SP;ITAPIRAPUA PAULISTA;675,30;236,19;67,18;16,87;76,54;6,22;32,64;29,96;100,00;279,85;0,00;0,73
2005.0;8.0;2005-08-01;BRASPINE;MARRECAS;;;;;128,32;14,96;74,33;3,54;35,87;25,91;100,00;296,49;11,35;4,62
2005.0;8.0;2005-08-01;BRASPINE;MERCADINHO;;;;;68,95;16,66;75,85;6,39;32,67;29,61;100,00;275,13;0,00;8,56
2005.0;8.0;2005-08-01;BRASPINE;MONTE ALEGRE;;;;;40,86;20,05;58,76;7,81;22,80;32,14;99,72;152,74;0,00;3,13
2005.0;8.0;2005-08-01;BRASPINE;MONTE TABOR II;;;;;65,98;15,72;79,79;5,41;35,23;29,09;99,99;271,85;0,00;3,99
2005.0;8.0;2005-08-01;BRASPINE;MOREIRA;PR;DOUTOR ULYSSES;230,52;68,68;48,49;16,23;74,49;5,61;34,52;28,21;100,00;274,07;0,00;11,58
2005.0;8.0;2005-08-01;BRASPINE;MOREIRAS II;PR;DOUTOR ULYSSES;66,76;28,75;66,75;16,23;74,49;5,61;34,52;28,21;100,00;274,07;0,00;11,58
2005.0;8.0;2005-08-01;BRASPINE;MORRETES;PR;ORTIGUEIRA;20,36;20,36;75,88;16,74;73,90;4,70;29,61;29,75;99,76;251,63;4,70;3,16
2005.0;8.0;2005-08-01;BRASPINE;MORRO AZUL;;;;;75,21;16,49;74,58;5,72;33,18;28,89;100,00;274,69;0,00;1,72
2005.0;8.0;2005-08-01;BRASPINE;OURO FINO;SP;APIAI;51,70;51,70;64,33;16,03;76,81;4,90;34,82;28,78;100,00;264,01;4,90;0,79
2005.0;8.0;2005-08-01;BRASPINE;PALMEIRINHA DE BAIXO - SOSSEGO;PR;SENGES;85,93;9,22;69,00;16,24;70,04;6,23;33,64;27,33;99,69;274,78;0,00;0,28
2005.0;8.0;2005-08-01;BRASPINE;PAZIN;PR;DOUTOR ULYSSES;41,20;23,90;64,34;16,28;75,70;6,30;33,71;28,64;100,00;274,44;0,00;3,06
2005.0;8.0;2005-08-01;BRASPINE;PEDRAS;PR;CASTRO;7,18;7,18;53,98;15,91;72,92;4,62;34,10;26,87;99,54;265,81;4,62;4,10
2005.0;8.0;2005-08-01;BRASPINE;PESCARIA;PR;SAO JOSE DA BOA VISTA;184,57;129,22;54,92;17,92;67,58;6,96;32,81;30,20;97,49;269,44;0,00;6,06
2005.0;8.0;2005-08-01;BRASPINE;PESSEGUEIRO;PR;DOUTOR ULYSSES;109,95;64,79;55,54;16,23;74,49;5,61;34,52;28,21;100,00;274,07;0,00;11,58
2005.0;8.0;2005-08-01;BRASPINE;PITANGA;;;;;119,85;16,22;72,47;3,91;35,81;27,30;99,74;252,96;8,90;3,98
2005.0;8.0;2005-08-01;BRASPINE;QUEIMADINHO ARROIO CLARO;PR;DOUTOR ULYSSES;48,13;19,09;54,35;16,23;74,49;5,61;34,52;28,21;100,00;274,07;0,00;11,58
2005.0;8.0;2005-08-01;BRASPINE;QUEIMADINHO M6042;PR;DOUTOR ULYSSES;48,38;18,50;54,35;16,23;74,49;5,61;34,52;28,21;100,00;274,07;0,00;11,58
2005.0;8.0;2005-08-01;BRASPINE;QUEIMADINHO USUCAPIAO;PR;DOUTOR ULYSSES;200,27;92,43;54,35;16,23;74,49;5,61;34,52;28,21;100,00;274,07;0,00;11,58
2005.0;8.0;2005-08-01;BRASPINE;RAMOS;PR;SENGES;69,83;38,15;50,27;16,15;73,61;4,98;35,08;27,73;100,00;272,25;4,98;16,08
2005.0;8.0;2005-08-01;BRASPINE;RIBEIRAO GRANDE;PR;JAGUARIAIVA;20,77;20,77;43,38;16,13;71,09;5,19;32,02;27,13;99,55;277,74;0,00;0,48
2005.0;8.0;2005-08-01;BRASPINE;RINCAO DE BAIXO;;;;;47,04;16,03;71,14;4,14;31,27;27,77;99,50;255,61;8,33;3,20
2005.0;8.0;2005-08-01;BRASPINE;RIO BOMBA;PR;CERRO AZUL;65,03;37,72;49,59;16,80;75,65;5,68;33,38;29,74;99,97;275,94;0,00;2,76
2005.0;8.0;2005-08-01;BRASPINE;RIO DO MEIO;PR;DOUTOR ULYSSES;712,33;389,13;63,44;16,23;74,49;5,61;34,52;28,21;100,00;274,07;0,00;11,58
2005.0;8.0;2005-08-01;BRASPINE;RONDON;PR;JAGUARIAIVA;2899,24;1475,88;55,01;16,20;70,85;5,94;34,81;27,22;99,82;275,71;0,00;12,50
2005.0;8.0;2005-08-01;BRASPINE;SANTA FELICIDADE;;;;;62,23;17,11;77,44;5,62;31,80;30,82;100,00;261,60;0,00;11,50
2005.0;8.0;2005-08-01;BRASPINE;SANTA LIDIA DO CERCADINHO;;;;;46,12;15,76;70,93;3,87;31,16;27,22;99,50;252,05;7,78;1,32
2005.0;8.0;2005-08-01;BRASPINE;SANTO ANTONIO;;;;;73,29;16,25;70,79;6,27;33,57;27,66;99,99;270,93;0,00;25,42
2005.0;8.0;2005-08-01;BRASPINE;SAO JOSE;PR;JANDAIA DO SUL;37,56;37,56;41,69;19,88;58,98;7,67;22,86;31,90;99,77;151,82;0,00;0,02
2005.0;8.0;2005-08-01;BRASPINE;SAO MATHEUS;;;;;35,38;20,93;59,46;8,64;25,76;33,78;98,25;154,03;0,00;1,62
2005.0;8.0;2005-08-01;BRASPINE;SAO PEDRO E SAO PAULO;PR;SAPOPEMA;709,13;323,93;41,35;17,23;67,26;6,25;28,83;29,35;98,72;287,02;0,00;2,92
2005.0;8.0;2005-08-01;BRASPINE;SAO RAFAEL;;;;;99,00;15,50;75,96;3,33;39,07;28,01;100,00;256,26;7,71;0,30
2005.0;8.0;2005-08-01;BRASPINE;SAO RAFAEL - PB;;;;;75,95;16,23;76,21;5,46;34,07;28,93;100,00;270,56;0,00;3,59
2005.0;8.0;2005-08-01;BRASPINE;SERRARIA;PR;DOUTOR ULYSSES;280,88;117,71;53,39;16,09;75,18;6,04;34,23;28,16;100,00;270,69;0,00;4,21
2005.0;8.0;2005-08-01;BRASPINE;SERRO VERDE;;;;;133,54;16,02;71,96;3,48;35,14;26,71;99,87;259,42;13,41;27,10
2005.0;8.0;2005-08-01;BRASPINE;SERTAOZINHO;PR;DOUTOR ULYSSES;16,25;16,25;74,82;16,23;74,49;5,61;34,52;28,21;100,00;274,07;0,00;11,58
2005.0;8.0;2005-08-01;BRASPINE;SITIO BASILIO;PR;JAGUARIAIVA;8,08;8,08;52,31;16,11;69,89;5,02;32,03;27,04;99,63;271,27;0,00;0,26
2005.0;8.0;2005-08-01;BRASPINE;SITIO DAS MARRECAS;PR;DOUTOR ULYSSES;77,49;35,17;69,53;16,70;76,30;6,24;32,94;29,58;100,00;278,32;0,00;1,47
2005.0;8.0;2005-08-01;BRASPINE;SOBRADINHO;SP;BOM SUCESSO DE ITARARE;285,80;123,10;64,88;16,07;72,65;6,00;34,05;27,78;100,00;265,44;0,00;10,33
2005.0;8.0;2005-08-01;BRASPINE;TAQUARAL;PR;JAGUARIAIVA;519,13;31,07;56,56;16,38;70,68;5,78;33,78;27,45;99,99;277,92;0,00;0,85
2005.0;8.0;2005-08-01;BRASPINE;TUCUNDUVA;PR;SENGES;82,21;60,89;60,31;16,69;67,75;5,46;32,66;28,02;98,45;280,26;0,00;1,66
2005.0;8.0;2005-08-01;BRASPINE;TUCUNDUVA - CHAMMA;;;;;62,74;16,85;67,77;6,14;32,83;28,10;98,61;286,25;0,00;19,52
2005.0;8.0;2005-08-01;BRASPINE;VIENA 1;PR;DOUTOR ULYSSES;263,98;178,34;62,90;15,90;73,73;5,40;35,43;27,21;100,00;271,33;0,00;4,79
2005.0;8.0;2005-08-01;BRASPINE;VIENA 2;PR;CERRO AZUL;140,23;96,54;49,35;16,80;75,65;5,68;33,38;29,74;99,97;275,94;0,00;2,76
2005.0;8.0;2005-08-01;BRASPINE;VITORIA;PR;SENGES;50,54;35,69;69,00;16,24;70,04;6,23;33,64;27,33;99,69;274,78;0,00;0,28
2005.0;8.0;2005-08-01;BRASPINE;VIVEIRO;PR;DOUTOR ULYSSES;405,39;261,22;66,75;16,23;74,49;5,61;34,52;28,21;100,00;274,07;0,00;11,58
2005.0;8.0;2005-08-01;BRASPINE;VO LINO;PR;DOUTOR ULYSSES;164,50;97,89;59,73;16,28;75,70;6,30;33,71;28,64;100,00;274,44;0,00;3,06
2005.0;8.0;2005-08-01;BRASPINE;XAXIM VELHO;;;;;108,83;14,95;75,70;3,00;38,71;25,99;100,00;273,54;9,73;8,36
2005.0;9.0;2005-09-01;BRASPINE;AGUA DOCE;PR;JAGUARIAIVA;238,97;121,99;180,25;14,79;85,05;6,09;37,36;25,59;99,86;297,56;0,00;1,14
2005.0;9.0;2005-09-01;BRASPINE;AMATA;;;;;222,12;15,88;85,49;6,22;37,87;28,49;100,00;322,79;0,00;2,49
2005.0;9.0;2005-09-01;BRASPINE;ANTA BRAVA;;;;;94,75;18,42;78,06;9,54;35,79;29,92;99,74;251,06;0,00;6,09
2005.0;9.0;2005-09-01;BRASPINE;ARAPONGAS;PR;SENGES;423,34;263,70;161,55;14,81;87,49;7,04;37,62;26,66;100,00;306,68;0,00;0,93
2005.0;9.0;2005-09-01;BRASPINE;ARROIO CLARO;PR;DOUTOR ULYSSES;275,14;92,00;181,46;14,92;87,69;6,35;37,07;27,22;100,00;326,92;0,00;0,70
2005.0;9.0;2005-09-01;BRASPINE;BARRA GRANDE;PR;DOUTOR ULYSSES;493,79;139,68;161,76;15,17;87,57;7,35;36,77;27,46;100,00;317,04;0,00;0,42
2005.0;9.0;2005-09-01;BRASPINE;BARRA GRANDE - BEMAIS;PR;GUARAPUAVA;299,16;108,61;285,66;13,95;83,99;3,17;40,11;24,97;99,99;286,04;3,17;6,12
2005.0;9.0;2005-09-01;BRASPINE;BARRETOS;PR;JAGUARIAIVA;43,35;32,98;180,46;14,69;86,83;6,83;39,40;26,09;100,00;298,77;0,00;5,39
2005.0;9.0;2005-09-01;BRASPINE;BAU;;;;;259,42;13,96;83,53;2,61;40,64;24,53;99,87;285,75;7,60;5,83
2005.0;9.0;2005-09-01;BRASPINE;BOA VISTA II;PR;PIRAI DO SUL;944,00;535,05;189,50;14,65;86,11;6,61;38,25;25,87;99,96;292,55;0,00;7,17
2005.0;9.0;2005-09-01;BRASPINE;BRASILEIRA;;;;;173,95;14,81;87,49;7,04;37,62;26,66;100,00;306,68;0,00;0,93
2005.0;9.0;2005-09-01;BRASPINE;BURACAO;;;;;252,83;14,40;86,29;4,57;41,40;26,18;99,85;308,47;4,57;0,85
2005.0;9.0;2005-09-01;BRASPINE;BURRINHO;PR;DOUTOR ULYSSES;211,01;100,37;181,11;14,92;87,69;6,35;37,07;27,22;100,00;326,92;0,00;0,70
2005.0;9.0;2005-09-01;BRASPINE;CADEADO I;PR;JAGUARIAIVA;21,07;12,29;174,74;14,64;87,16;6,86;38,60;26,15;100,00;314,94;0,00;3,18
2005.0;9.0;2005-09-01;BRASPINE;CADEADO II;PR;JAGUARIAIVA;21,88;16,79;174,74;14,64;87,16;6,86;38,60;26,15;100,00;314,94;0,00;3,18
2005.0;9.0;2005-09-01;BRASPINE;CAMPINA ALTA;PR;TIBAGI;29,77;18,24;270,62;15,96;82,31;4,16;40,10;26,84;99,88;301,99;4,16;2,24
2005.0;9.0;2005-09-01;BRASPINE;CAMPINA DO ELIAS;PR;JAGUARIAIVA;29,17;14,65;193,31;14,67;86,95;6,87;39,55;26,12;100,00;299,19;0,00;4,65
2005.0;9.0;2005-09-01;BRASPINE;CAMPO NOVO;PR;JAGUARIAIVA;295,98;156,36;174,05;14,64;87,16;6,86;38,60;26,15;100,00;314,94;0,00;3,18
2005.0;9.0;2005-09-01;BRASPINE;CONSULTORIA II A;PR;DOUTOR ULYSSES;89,62;60,79;162,93;14,81;87,49;7,04;37,62;26,66;100,00;306,68;0,00;0,93
2005.0;9.0;2005-09-01;BRASPINE;DINIZ;;;;;163,15;14,81;87,49;7,04;37,62;26,66;100,00;306,68;0,00;0,93
2005.0;9.0;2005-09-01;BRASPINE;ENES;PR;JAGUARIAIVA;5,93;5,69;176,15;14,64;87,16;6,86;38,60;26,15;100,00;314,94;0,00;3,18
2005.0;9.0;2005-09-01;BRASPINE;ENGENHARIA;;;;;163,15;14,81;87,49;7,04;37,62;26,66;100,00;306,68;0,00;0,93
2005.0;9.0;2005-09-01;BRASPINE;ESTACAO;PR;SENGES;4,76;4,14;179,38;14,64;87,16;6,86;38,60;26,15;100,00;314,94;0,00;3,18
2005.0;9.0;2005-09-01;BRASPINE;FAXINAL;PR;JAGUARIAIVA;20,65;20,65;176,15;14,64;87,16;6,86;38,60;26,15;100,00;314,94;0,00;3,18
2005.0;9.0;2005-09-01;BRASPINE;FEITAL;PR;DOUTOR ULYSSES;154,17;86,53;174,85;14,93;87,52;7,14;37,34;26,93;100,00;310,11;0,00;0,18
2005.0;9.0;2005-09-01;BRASPINE;FIGUEIRA;PR;DOUTOR ULYSSES;1053,81;315,71;179,89;14,92;87,69;6,35;37,07;27,22;100,00;326,92;0,00;0,70
2005.0;9.0;2005-09-01;BRASPINE;FIGUEIRINHA;PR;DOUTOR ULYSSES;94,37;56,74;171,48;14,92;87,69;6,35;37,07;27,22;100,00;326,92;0,00;0,70
2005.0;9.0;2005-09-01;BRASPINE;FLOEMA;PR;DOUTOR ULYSSES;2189,88;701,43;185,89;14,54;87,53;5,77;37,86;26,40;100,00;313,46;0,00;1,36
2005.0;9.0;2005-09-01;BRASPINE;FLOEMA I - SUDATI;;;;;177,21;14,81;87,49;7,04;37,62;26,66;100,00;306,68;0,00;0,93
2005.0;9.0;2005-09-01;BRASPINE;FLOEMA II - SUDATI;PR;DOUTOR ULYSSES;453,83;211,13;173,52;14,81;87,49;7,04;37,62;26,66;100,00;306,68;0,00;0,93
2005.0;9.0;2005-09-01;BRASPINE;FLOR DA SERRA;PR;SAO JOSE DA BOA VISTA;209,10;128,72;126,65;17,19;78,66;7,16;39,00;28,30;99,54;311,94;0,00;11,54
2005.0;9.0;2005-09-01;BRASPINE;GENTIL;PR;JAGUARIAIVA;126,77;53,33;181,31;14,59;85,05;6,06;37,86;25,26;99,70;291,26;0,00;5,79
2005.0;9.0;2005-09-01;BRASPINE;GUAIRACA;PR;GUARAPUAVA;623,62;169,31;263,67;13,93;84,18;2,06;39,78;25,19;100,00;285,22;2,06;11,24
2005.0;9.0;2005-09-01;BRASPINE;HERVAL 2 - MADALOSSO;;;;;261,35;14,40;86,29;4,57;41,40;26,18;99,85;308,47;4,57;0,85
2005.0;9.0;2005-09-01;BRASPINE;HERVAL DE BAIXO;PR;RESERVA;827,29;475,92;257,86;15,94;82,37;3,78;40,75;26,99;99,80;299,12;3,78;0,45
2005.0;9.0;2005-09-01;BRASPINE;HORTO 01;PR;TURVO;19,12;19,12;257,21;14,63;83,78;2,23;43,19;25,53;99,56;313,48;2,23;0,80
2005.0;9.0;2005-09-01;BRASPINE;HORTO 02;PR;TURVO;4,24;4,24;256,81;14,63;83,78;2,23;43,19;25,53;99,56;313,48;2,23;0,80
2005.0;9.0;2005-09-01;BRASPINE;HORTO 03;PR;PRUDENTOPOLIS;80,91;25,89;259,69;15,09;82,84;2,98;41,07;26,28;99,79;311,98;2,98;4,46
2005.0;9.0;2005-09-01;BRASPINE;HORTO 08;PR;TURVO;9,53;9,53;262,63;15,09;82,84;2,98;41,07;26,28;99,79;311,98;2,98;4,46
2005.0;9.0;2005-09-01;BRASPINE;HORTO 12;PR;PRUDENTOPOLIS;12,20;12,20;261,49;15,09;82,84;2,98;41,07;26,28;99,79;311,98;2,98;4,46
2005.0;9.0;2005-09-01;BRASPINE;IZAU;PR;PIRAI DO SUL;19,37;11,60;209,04;14,45;85,94;6,50;38,07;25,41;99,76;288,68;0,00;8,80
2005.0;9.0;2005-09-01;BRASPINE;JOAO RICO;PR;JAGUARIAIVA;47,46;26,18;180,12;14,79;85,05;6,09;37,36;25,59;99,86;297,56;0,00;1,14
2005.0;9.0;2005-09-01;BRASPINE;LAGOA;PR;JAGUARIAIVA;24,10;10,78;183,69;14,64;87,16;6,86;38,60;26,15;100,00;314,94;0,00;3,18
2005.0;9.0;2005-09-01;BRASPINE;MARACANA;PR;JANDAIA DO SUL;11,45;11,45;162,67;18,11;78,22;7,33;41,21;29,01;100,00;269,66;0,00;1,38
2005.0;9.0;2005-09-01;BRASPINE;MARRECA;;;;;175,56;14,92;87,69;6,35;37,07;27,22;100,00;326,92;0,00;0,70
2005.0;9.0;2005-09-01;BRASPINE;MARRECA SP;SP;ITAPIRAPUA PAULISTA;675,30;236,19;163,46;15,43;87,51;6,80;36,31;28,18;100,00;325,86;0,00;0,43
2005.0;9.0;2005-09-01;BRASPINE;MARRECAS;;;;;275,56;13,42;84,70;1,56;39,75;24,41;100,00;286,54;1,56;13,88
2005.0;9.0;2005-09-01;BRASPINE;MERCADINHO;;;;;172,74;15,36;86,61;6,27;37,61;27,89;100,00;324,65;0,00;1,56
2005.0;9.0;2005-09-01;BRASPINE;MONTE ALEGRE;;;;;191,37;18,53;77,30;7,73;41,55;29,72;99,99;232,40;0,00;5,81
2005.0;9.0;2005-09-01;BRASPINE;MONTE TABOR II;;;;;175,50;15,16;88,57;8,15;38,74;27,61;100,00;344,12;0,00;0,06
2005.0;9.0;2005-09-01;BRASPINE;MOREIRA;PR;DOUTOR ULYSSES;230,52;68,68;173,52;14,81;87,49;7,04;37,62;26,66;100,00;306,68;0,00;0,93
2005.0;9.0;2005-09-01;BRASPINE;MOREIRAS II;PR;DOUTOR ULYSSES;66,76;28,75;161,38;14,81;87,49;7,04;37,62;26,66;100,00;306,68;0,00;0,93
2005.0;9.0;2005-09-01;BRASPINE;MORRETES;PR;ORTIGUEIRA;20,36;20,36;256,53;16,40;82,05;4,13;41,02;27,64;99,77;306,58;4,13;2,39
2005.0;9.0;2005-09-01;BRASPINE;MORRO AZUL;;;;;147,58;15,07;87,37;7,14;35,85;27,05;100,00;314,61;0,00;10,77
2005.0;9.0;2005-09-01;BRASPINE;OURO FINO;SP;APIAI;51,70;51,70;175,73;14,93;88,28;7,70;37,04;26,97;100,00;331,93;0,00;3,45
2005.0;9.0;2005-09-01;BRASPINE;PALMEIRINHA DE BAIXO - SOSSEGO;PR;SENGES;85,93;9,22;152,86;14,76;85,55;6,69;37,44;25,55;99,87;303,80;0,00;9,94
2005.0;9.0;2005-09-01;BRASPINE;PAZIN;PR;DOUTOR ULYSSES;41,20;23,90;173,65;14,92;87,69;6,35;37,07;27,22;100,00;326,92;0,00;0,70
2005.0;9.0;2005-09-01;BRASPINE;PEDRAS;PR;CASTRO;7,18;7,18;232,10;14,37;86,26;6,49;40,25;25,25;99,80;286,14;0,00;1,15
2005.0;9.0;2005-09-01;BRASPINE;PESCARIA;PR;SAO JOSE DA BOA VISTA;184,57;129,22;127,63;17,19;78,60;7,80;36,71;28,38;99,55;315,15;0,00;7,12
2005.0;9.0;2005-09-01;BRASPINE;PESSEGUEIRO;PR;DOUTOR ULYSSES;109,95;64,79;185,23;14,81;87,49;7,04;37,62;26,66;100,00;306,68;0,00;0,93
2005.0;9.0;2005-09-01;BRASPINE;PITANGA;;;;;273,06;14,74;82,39;3,79;41,16;25,19;99,92;304,96;3,79;3,42
2005.0;9.0;2005-09-01;BRASPINE;QUEIMADINHO ARROIO CLARO;PR;DOUTOR ULYSSES;48,13;19,09;173,95;14,81;87,49;7,04;37,62;26,66;100,00;306,68;0,00;0,93
2005.0;9.0;2005-09-01;BRASPINE;QUEIMADINHO M6042;PR;DOUTOR ULYSSES;48,38;18,50;173,95;14,81;87,49;7,04;37,62;26,66;100,00;306,68;0,00;0,93
2005.0;9.0;2005-09-01;BRASPINE;QUEIMADINHO USUCAPIAO;PR;DOUTOR ULYSSES;200,27;92,43;173,95;14,81;87,49;7,04;37,62;26,66;100,00;306,68;0,00;0,93
2005.0;9.0;2005-09-01;BRASPINE;RAMOS;PR;SENGES;69,83;38,15;177,21;14,64;87,16;6,86;38,60;26,15;100,00;314,94;0,00;3,18
2005.0;9.0;2005-09-01;BRASPINE;RIBEIRAO GRANDE;PR;JAGUARIAIVA;20,77;20,77;213,77;14,45;85,94;6,50;38,07;25,41;99,76;288,68;0,00;8,80
2005.0;9.0;2005-09-01;BRASPINE;RINCAO DE BAIXO;;;;;239,81;15,37;81,99;4,35;38,10;25,88;99,96;303,65;4,35;7,75
2005.0;9.0;2005-09-01;BRASPINE;RIO BOMBA;PR;CERRO AZUL;65,03;37,72;212,84;15,60;85,64;5,62;38,46;28,06;99,98;314,81;0,00;0,12
2005.0;9.0;2005-09-01;BRASPINE;RIO DO MEIO;PR;DOUTOR ULYSSES;712,33;389,13;164,73;14,81;87,49;7,04;37,62;26,66;100,00;306,68;0,00;0,93
2005.0;9.0;2005-09-01;BRASPINE;RONDON;PR;JAGUARIAIVA;2899,24;1475,88;170,40;14,70;85,88;6,58;38,49;25,53;99,89;300,36;0,00;0,58
2005.0;9.0;2005-09-01;BRASPINE;SANTA FELICIDADE;;;;;168,68;15,78;87,35;7,09;36,16;28,84;100,00;321,00;0,00;4,10
2005.0;9.0;2005-09-01;BRASPINE;SANTA LIDIA DO CERCADINHO;;;;;248,23;15,08;82,25;4,31;38,02;25,48;99,93;297,81;4,31;6,18
2005.0;9.0;2005-09-01;BRASPINE;SANTO ANTONIO;;;;;143,82;14,79;85,86;6,07;35,49;25,86;100,00;319,48;0,00;6,90
2005.0;9.0;2005-09-01;BRASPINE;SAO JOSE;PR;JANDAIA DO SUL;37,56;37,56;189,58;18,41;77,51;7,65;41,54;29,49;100,00;230,60;0,00;0,09
2005.0;9.0;2005-09-01;BRASPINE;SAO MATHEUS;;;;;180,55;19,39;76,07;7,49;40,28;31,37;99,73;182,10;0,00;11,58
2005.0;9.0;2005-09-01;BRASPINE;SAO PEDRO E SAO PAULO;PR;SAPOPEMA;709,13;323,93;157,60;16,83;79,40;6,37;37,74;27,63;99,61;307,11;0,00;354,25
2005.0;9.0;2005-09-01;BRASPINE;SAO RAFAEL;;;;;265,57;14,07;84,05;2,93;42,14;26,50;99,55;300,39;2,93;3,15
2005.0;9.0;2005-09-01;BRASPINE;SAO RAFAEL - PB;;;;;172,57;14,99;88,10;7,61;36,57;27,07;100,00;317,03;0,00;5,31
2005.0;9.0;2005-09-01;BRASPINE;SERRARIA;PR;DOUTOR ULYSSES;280,88;117,71;177,51;14,73;87,61;6,06;37,47;26,81;100,00;320,18;0,00;1,17
2005.0;9.0;2005-09-01;BRASPINE;SERRO VERDE;;;;;289,13;14,22;82,73;3,04;38,83;24,93;99,90;291,69;3,04;0,14
2005.0;9.0;2005-09-01;BRASPINE;SERTAOZINHO;PR;DOUTOR ULYSSES;16,25;16,25;167,17;14,81;87,49;7,04;37,62;26,66;100,00;306,68;0,00;0,93
2005.0;9.0;2005-09-01;BRASPINE;SITIO BASILIO;PR;JAGUARIAIVA;8,08;8,08;180,24;14,69;84,78;5,93;37,66;25,30;99,66;293,77;0,00;3,34
2005.0;9.0;2005-09-01;BRASPINE;SITIO DAS MARRECAS;PR;DOUTOR ULYSSES;77,49;35,17;168,90;15,29;87,56;6,67;36,52;27,90;100,00;321,90;0,00;0,59
2005.0;9.0;2005-09-01;BRASPINE;SOBRADINHO;SP;BOM SUCESSO DE ITARARE;285,80;123,10;150,97;14,74;86,76;6,17;35,57;26,01;100,00;320,65;0,00;3,39
2005.0;9.0;2005-09-01;BRASPINE;TAQUARAL;PR;JAGUARIAIVA;519,13;31,07;176,02;14,77;85,69;6,44;38,17;25,64;100,00;298,96;0,00;6,17
2005.0;9.0;2005-09-01;BRASPINE;TUCUNDUVA;PR;SENGES;82,21;60,89;173,32;15,61;81,96;5,74;36,00;26,27;99,54;320,10;0,00;4,30
2005.0;9.0;2005-09-01;BRASPINE;TUCUNDUVA - CHAMMA;;;;;163,82;15,61;82,37;6,79;36,41;26,28;99,54;324,03;0,00;1,06
2005.0;9.0;2005-09-01;BRASPINE;VIENA 1;PR;DOUTOR ULYSSES;263,98;178,34;192,35;14,38;87,39;6,00;39,44;25,85;100,00;305,98;0,00;1,25
2005.0;9.0;2005-09-01;BRASPINE;VIENA 2;PR;CERRO AZUL;140,23;96,54;211,72;15,60;85,64;5,62;38,46;28,06;99,98;314,81;0,00;0,12
2005.0;9.0;2005-09-01;BRASPINE;VITORIA;PR;SENGES;50,54;35,69;152,86;14,76;85,55;6,69;37,44;25,55;99,87;303,80;0,00;9,94
2005.0;9.0;2005-09-01;BRASPINE;VIVEIRO;PR;DOUTOR ULYSSES;405,39;261,22;161,38;14,81;87,49;7,04;37,62;26,66;100,00;306,68;0,00;0,93
2005.0;9.0;2005-09-01;BRASPINE;VO LINO;PR;DOUTOR ULYSSES;164,50;97,89;178,02;14,92;87,69;6,35;37,07;27,22;100,00;326,92;0,00;0,70
2005.0;9.0;2005-09-01;BRASPINE;XAXIM VELHO;;;;;281,28;13,28;85,23;1,71;39,85;24,59;100,00;283,17;6,28;2,56
2005.0;10.0;2005-10-01;BRASPINE;AGUA DOCE;PR;JAGUARIAIVA;238,97;121,99;199,63;18,75;87,42;12,17;48,78;28,82;99,84;233,45;0,00;2,38
2005.0;10.0;2005-10-01;BRASPINE;AMATA;;;;;205,56;19,61;88,13;13,33;42,84;31,98;100,00;86,92;0,00;0,02
2005.0;10.0;2005-10-01;BRASPINE;ANTA BRAVA;;;;;211,51;21,75;81,07;15,11;32,32;32,61;99,53;0,00;0,00;3,17
2005.0;10.0;2005-10-01;BRASPINE;ARAPONGAS;PR;SENGES;423,34;263,70;180,09;18,53;89,58;12,26;42,36;30,10;100,00;249,06;0,00;355,98
2005.0;10.0;2005-10-01;BRASPINE;ARROIO CLARO;PR;DOUTOR ULYSSES;275,14;92,00;184,81;18,62;89,79;12,42;41,57;30,55;100,00;237,63;0,00;1,18
2005.0;10.0;2005-10-01;BRASPINE;BARRA GRANDE;PR;DOUTOR ULYSSES;493,79;139,68;185,45;18,87;89,67;12,66;41,94;30,98;100,00;224,57;0,00;0,05
2005.0;10.0;2005-10-01;BRASPINE;BARRA GRANDE - BEMAIS;PR;GUARAPUAVA;299,16;108,61;317,19;18,31;89,44;11,76;45,09;27,70;100,00;164,21;0,00;2,63
2005.0;10.0;2005-10-01;BRASPINE;BARRETOS;PR;JAGUARIAIVA;43,35;32,98;185,37;18,59;88,97;11,98;45,40;29,57;99,99;246,20;0,00;0,84
2005.0;10.0;2005-10-01;BRASPINE;BAU;;;;;360,02;18,48;88,66;11,24;47,14;27,24;99,93;150,18;0,00;46,95
2005.0;10.0;2005-10-01;BRASPINE;BOA VISTA II;PR;PIRAI DO SUL;944,00;535,05;204,16;18,68;88,22;11,87;47,33;29,22;99,96;230,50;0,00;0,62
2005.0;10.0;2005-10-01;BRASPINE;BRASILEIRA;;;;;178,19;18,53;89,58;12,26;42,36;30,10;100,00;249,06;0,00;355,98
2005.0;10.0;2005-10-01;BRASPINE;BURACAO;;;;;217,30;18,48;88,21;11,84;46,66;29,23;99,85;234,58;0,00;4,01
2005.0;10.0;2005-10-01;BRASPINE;BURRINHO;PR;DOUTOR ULYSSES;211,01;100,37;184,45;18,62;89,79;12,42;41,57;30,55;100,00;237,63;0,00;1,18
2005.0;10.0;2005-10-01;BRASPINE;CADEADO I;PR;JAGUARIAIVA;21,07;12,29;186,39;18,42;89,20;12,01;43,55;29,61;100,00;244,84;0,00;16,26
2005.0;10.0;2005-10-01;BRASPINE;CADEADO II;PR;JAGUARIAIVA;21,88;16,79;186,39;18,42;89,20;12,01;43,55;29,61;100,00;244,84;0,00;16,26
2005.0;10.0;2005-10-01;BRASPINE;CAMPINA ALTA;PR;TIBAGI;29,77;18,24;338,02;19,89;87,44;13,41;51,23;29,22;99,98;69,61;0,00;3,47
2005.0;10.0;2005-10-01;BRASPINE;CAMPINA DO ELIAS;PR;JAGUARIAIVA;29,17;14,65;187,50;18,53;89,05;11,99;44,73;29,58;99,99;245,69;0,00;0,35
2005.0;10.0;2005-10-01;BRASPINE;CAMPO NOVO;PR;JAGUARIAIVA;295,98;156,36;179,94;18,42;89,20;12,01;43,55;29,61;100,00;244,84;0,00;16,26
2005.0;10.0;2005-10-01;BRASPINE;CONSULTORIA II A;PR;DOUTOR ULYSSES;89,62;60,79;176,40;18,53;89,58;12,26;42,36;30,10;100,00;249,06;0,00;355,98
2005.0;10.0;2005-10-01;BRASPINE;DINIZ;;;;;172,71;18,53;89,58;12,26;42,36;30,10;100,00;249,06;0,00;355,98
2005.0;10.0;2005-10-01;BRASPINE;ENES;PR;JAGUARIAIVA;5,93;5,69;179,98;18,42;89,20;12,01;43,55;29,61;100,00;244,84;0,00;16,26
2005.0;10.0;2005-10-01;BRASPINE;ENGENHARIA;;;;;172,71;18,53;89,58;12,26;42,36;30,10;100,00;249,06;0,00;355,98
2005.0;10.0;2005-10-01;BRASPINE;ESTACAO;PR;SENGES;4,76;4,14;186,14;18,42;89,20;12,01;43,55;29,61;100,00;244,84;0,00;16,26
2005.0;10.0;2005-10-01;BRASPINE;FAXINAL;PR;JAGUARIAIVA;20,65;20,65;179,98;18,42;89,20;12,01;43,55;29,61;100,00;244,84;0,00;16,26
2005.0;10.0;2005-10-01;BRASPINE;FEITAL;PR;DOUTOR ULYSSES;154,17;86,53;179,57;18,65;89,61;12,39;42,22;30,39;100,00;236,00;0,00;5,34
2005.0;10.0;2005-10-01;BRASPINE;FIGUEIRA;PR;DOUTOR ULYSSES;1053,81;315,71;183,46;18,62;89,79;12,42;41,57;30,55;100,00;237,63;0,00;1,18
2005.0;10.0;2005-10-01;BRASPINE;FIGUEIRINHA;PR;DOUTOR ULYSSES;94,37;56,74;185,12;18,62;89,79;12,42;41,57;30,55;100,00;237,63;0,00;1,18
2005.0;10.0;2005-10-01;BRASPINE;FLOEMA;PR;DOUTOR ULYSSES;2189,88;701,43;185,55;18,29;89,54;11,90;42,44;29,60;100,00;245,55;0,00;2,67
2005.0;10.0;2005-10-01;BRASPINE;FLOEMA I - SUDATI;;;;;185,32;18,53;89,58;12,26;42,36;30,10;100,00;249,06;0,00;355,98
2005.0;10.0;2005-10-01;BRASPINE;FLOEMA II - SUDATI;PR;DOUTOR ULYSSES;453,83;211,13;178,94;18,53;89,58;12,26;42,36;30,10;100,00;249,06;0,00;355,98
2005.0;10.0;2005-10-01;BRASPINE;FLOR DA SERRA;PR;SAO JOSE DA BOA VISTA;209,10;128,72;186,11;20,76;82,43;14,55;44,22;30,92;99,49;58,54;0,00;0,09
2005.0;10.0;2005-10-01;BRASPINE;GENTIL;PR;JAGUARIAIVA;126,77;53,33;203,64;18,58;87,27;11,93;50,38;28,34;99,72;230,58;0,00;0,52
2005.0;10.0;2005-10-01;BRASPINE;GUAIRACA;PR;GUARAPUAVA;623,62;169,31;312,87;18,39;89,18;12,10;47,25;28,00;99,99;180,91;0,00;2,08
2005.0;10.0;2005-10-01;BRASPINE;HERVAL 2 - MADALOSSO;;;;;231,72;18,48;88,21;11,84;46,66;29,23;99,85;234,58;0,00;4,01
2005.0;10.0;2005-10-01;BRASPINE;HERVAL DE BAIXO;PR;RESERVA;827,29;475,92;322,27;19,89;87,71;13,36;52,16;29,10;99,95;84,41;0,00;2,01
2005.0;10.0;2005-10-01;BRASPINE;HORTO 01;PR;TURVO;19,12;19,12;340,57;19,09;89,32;12,27;49,22;27,94;99,82;95,14;0,00;0,41
2005.0;10.0;2005-10-01;BRASPINE;HORTO 02;PR;TURVO;4,24;4,24;340,41;19,09;89,32;12,27;49,22;27,94;99,82;95,14;0,00;0,41
2005.0;10.0;2005-10-01;BRASPINE;HORTO 03;PR;PRUDENTOPOLIS;80,91;25,89;332,41;19,48;88,95;12,77;47,22;28,72;99,98;82,72;0,00;0,81
2005.0;10.0;2005-10-01;BRASPINE;HORTO 08;PR;TURVO;9,53;9,53;323,39;19,48;88,95;12,77;47,22;28,72;99,98;82,72;0,00;0,81
2005.0;10.0;2005-10-01;BRASPINE;HORTO 12;PR;PRUDENTOPOLIS;12,20;12,20;322,03;19,48;88,95;12,77;47,22;28,72;99,98;82,72;0,00;0,81
2005.0;10.0;2005-10-01;BRASPINE;IZAU;PR;PIRAI DO SUL;19,37;11,60;212,91;18,50;87,94;11,64;49,48;28,62;99,67;228,30;0,00;0,69
2005.0;10.0;2005-10-01;BRASPINE;JOAO RICO;PR;JAGUARIAIVA;47,46;26,18;201,42;18,75;87,42;12,17;48,78;28,82;99,84;233,45;0,00;2,38
2005.0;10.0;2005-10-01;BRASPINE;LAGOA;PR;JAGUARIAIVA;24,10;10,78;181,90;18,42;89,20;12,01;43,55;29,61;100,00;244,84;0,00;16,26
2005.0;10.0;2005-10-01;BRASPINE;MARACANA;PR;JANDAIA DO SUL;11,45;11,45;256,09;21,72;84,64;15,04;46,72;30,98;100,00;0,00;0,00;4,78
2005.0;10.0;2005-10-01;BRASPINE;MARRECA;;;;;180,07;18,62;89,79;12,42;41,57;30,55;100,00;237,63;0,00;1,18
2005.0;10.0;2005-10-01;BRASPINE;MARRECA SP;SP;ITAPIRAPUA PAULISTA;675,30;236,19;180,30;19,11;89,70;13,04;41,10;31,82;100,00;184,66;0,00;0,84
2005.0;10.0;2005-10-01;BRASPINE;MARRECAS;;;;;314,89;17,82;89,58;11,34;44,36;27,26;100,00;202,20;0,00;1,38
2005.0;10.0;2005-10-01;BRASPINE;MERCADINHO;;;;;189,58;19,06;88,94;12,95;42,23;31,25;100,00;185,28;0,00;2,26
2005.0;10.0;2005-10-01;BRASPINE;MONTE ALEGRE;;;;;256,99;22,16;83,96;15,19;46,36;31,50;100,00;0,00;0,00;4,50
2005.0;10.0;2005-10-01;BRASPINE;MONTE TABOR II;;;;;160,50;18,70;90,07;13,09;42,25;30,85;100,00;168,42;0,00;332,72
2005.0;10.0;2005-10-01;BRASPINE;MOREIRA;PR;DOUTOR ULYSSES;230,52;68,68;178,94;18,53;89,58;12,26;42,36;30,10;100,00;249,06;0,00;355,98
2005.0;10.0;2005-10-01;BRASPINE;MOREIRAS II;PR;DOUTOR ULYSSES;66,76;28,75;176,02;18,53;89,58;12,26;42,36;30,10;100,00;249,06;0,00;355,98
2005.0;10.0;2005-10-01;BRASPINE;MORRETES;PR;ORTIGUEIRA;20,36;20,36;316,78;20,37;87,49;13,73;51,92;29,60;99,82;56,51;0,00;1,86
2005.0;10.0;2005-10-01;BRASPINE;MORRO AZUL;;;;;168,31;18,71;89,48;12,45;42,35;30,42;100,00;221,49;0,00;9,10
2005.0;10.0;2005-10-01;BRASPINE;OURO FINO;SP;APIAI;51,70;51,70;178,77;18,51;90,10;12,44;42,70;30,29;100,00;207,22;0,00;3,49
2005.0;10.0;2005-10-01;BRASPINE;PALMEIRINHA DE BAIXO - SOSSEGO;PR;SENGES;85,93;9,22;177,87;18,42;88,09;12,01;44,99;28,99;99,87;260,37;0,00;1,57
2005.0;10.0;2005-10-01;BRASPINE;PAZIN;PR;DOUTOR ULYSSES;41,20;23,90;180,88;18,62;89,79;12,42;41,57;30,55;100,00;237,63;0,00;1,18
2005.0;10.0;2005-10-01;BRASPINE;PEDRAS;PR;CASTRO;7,18;7,18;205,14;18,55;88,21;11,54;51,15;28,56;99,67;229,18;0,00;1,58
2005.0;10.0;2005-10-01;BRASPINE;PESCARIA;PR;SAO JOSE DA BOA VISTA;184,57;129,22;188,54;20,80;82,35;14,55;43,73;31,18;99,54;58,90;0,00;19,84
2005.0;10.0;2005-10-01;BRASPINE;PESSEGUEIRO;PR;DOUTOR ULYSSES;109,95;64,79;188,17;18,53;89,58;12,26;42,36;30,10;100,00;249,06;0,00;355,98
2005.0;10.0;2005-10-01;BRASPINE;PITANGA;;;;;370,45;19,19;88,29;11,91;47,89;27,73;99,86;95,45;0,00;4,89
2005.0;10.0;2005-10-01;BRASPINE;QUEIMADINHO ARROIO CLARO;PR;DOUTOR ULYSSES;48,13;19,09;178,19;18,53;89,58;12,26;42,36;30,10;100,00;249,06;0,00;355,98
2005.0;10.0;2005-10-01;BRASPINE;QUEIMADINHO M6042;PR;DOUTOR ULYSSES;48,38;18,50;178,19;18,53;89,58;12,26;42,36;30,10;100,00;249,06;0,00;355,98
2005.0;10.0;2005-10-01;BRASPINE;QUEIMADINHO USUCAPIAO;PR;DOUTOR ULYSSES;200,27;92,43;178,19;18,53;89,58;12,26;42,36;30,10;100,00;249,06;0,00;355,98
2005.0;10.0;2005-10-01;BRASPINE;RAMOS;PR;SENGES;69,83;38,15;185,32;18,42;89,20;12,01;43,55;29,61;100,00;244,84;0,00;16,26
2005.0;10.0;2005-10-01;BRASPINE;RIBEIRAO GRANDE;PR;JAGUARIAIVA;20,77;20,77;214,74;18,50;87,94;11,64;49,48;28,62;99,67;228,30;0,00;0,69
2005.0;10.0;2005-10-01;BRASPINE;RINCAO DE BAIXO;;;;;253,10;19,37;85,34;12,95;50,42;28,64;99,57;109,83;0,00;1,80
2005.0;10.0;2005-10-01;BRASPINE;RIO BOMBA;PR;CERRO AZUL;65,03;37,72;194,36;19,35;88,22;12,96;42,99;31,31;100,00;144,70;0,00;0,11
2005.0;10.0;2005-10-01;BRASPINE;RIO DO MEIO;PR;DOUTOR ULYSSES;712,33;389,13;176,61;18,53;89,58;12,26;42,36;30,10;100,00;249,06;0,00;355,98
2005.0;10.0;2005-10-01;BRASPINE;RONDON;PR;JAGUARIAIVA;2899,24;1475,88;183,56;18,46;88,30;12,01;46,07;28,94;99,89;259,90;0,00;1,71
2005.0;10.0;2005-10-01;BRASPINE;SANTA FELICIDADE;;;;;184,05;19,39;89,54;13,46;40,09;32,61;100,00;173,47;0,00;0,02
2005.0;10.0;2005-10-01;BRASPINE;SANTA LIDIA DO CERCADINHO;;;;;250,86;19,05;85,37;12,65;50,17;28,12;99,56;136,53;0,00;0,85
2005.0;10.0;2005-10-01;BRASPINE;SANTO ANTONIO;;;;;181,10;18,43;88,27;12,03;43,32;29,26;100,00;245,77;0,00;5,31
2005.0;10.0;2005-10-01;BRASPINE;SAO JOSE;PR;JANDAIA DO SUL;37,56;37,56;256,93;22,02;84,11;15,03;46,53;31,31;100,00;0,00;0,00;5,35
2005.0;10.0;2005-10-01;BRASPINE;SAO MATHEUS;;;;;248,52;23,13;83,56;16,29;45,04;32,84;99,99;0,00;0,00;1,17
2005.0;10.0;2005-10-01;BRASPINE;SAO PEDRO E SAO PAULO;PR;SAPOPEMA;709,13;323,93;225,65;20,37;84,28;13,46;46,46;29,73;99,72;71,00;0,00;3,07
2005.0;10.0;2005-10-01;BRASPINE;SAO RAFAEL;;;;;245,09;18,19;87,04;12,21;50,31;28,64;99,73;205,10;0,00;0,31
2005.0;10.0;2005-10-01;BRASPINE;SAO RAFAEL - PB;;;;;169,47;18,59;89,96;12,48;41,85;30,52;100,00;222,46;0,00;6,45
2005.0;10.0;2005-10-01;BRASPINE;SERRARIA;PR;DOUTOR ULYSSES;280,88;117,71;187,71;18,46;89,66;12,16;42,00;30,08;100,00;249,19;0,00;1,28
2005.0;10.0;2005-10-01;BRASPINE;SERRO VERDE;;;;;376,59;18,81;87,57;11,09;47,60;27,70;99,93;107,39;0,00;6,41
2005.0;10.0;2005-10-01;BRASPINE;SERTAOZINHO;PR;DOUTOR ULYSSES;16,25;16,25;168,47;18,53;89,58;12,26;42,36;30,10;100,00;249,06;0,00;355,98
2005.0;10.0;2005-10-01;BRASPINE;SITIO BASILIO;PR;JAGUARIAIVA;8,08;8,08;200,20;18,65;87,10;12,08;50,23;28,38;99,77;232,06;0,00;4,38
2005.0;10.0;2005-10-01;BRASPINE;SITIO DAS MARRECAS;PR;DOUTOR ULYSSES;77,49;35,17;181,72;18,97;89,72;12,86;41,23;31,46;100,00;197,77;0,00;1,41
2005.0;10.0;2005-10-01;BRASPINE;SOBRADINHO;SP;BOM SUCESSO DE ITARARE;285,80;123,10;183,60;18,31;89,00;11,99;42,82;29,28;100,00;260,31;0,00;3,04
2005.0;10.0;2005-10-01;BRASPINE;TAQUARAL;PR;JAGUARIAIVA;519,13;31,07;187,75;18,66;88,08;12,12;47,44;29,00;99,99;247,29;0,00;0,19
2005.0;10.0;2005-10-01;BRASPINE;TUCUNDUVA;PR;SENGES;82,21;60,89;197,15;19,29;85,05;12,94;45,96;29,28;99,53;138,06;0,00;43,00
2005.0;10.0;2005-10-01;BRASPINE;TUCUNDUVA - CHAMMA;;;;;192,34;19,24;85,48;12,86;44,92;29,47;99,53;153,20;0,00;338,16
2005.0;10.0;2005-10-01;BRASPINE;VIENA 1;PR;DOUTOR ULYSSES;263,98;178,34;195,09;18,23;89,30;11,63;45,15;29,05;100,00;242,43;0,00;3,62
2005.0;10.0;2005-10-01;BRASPINE;VIENA 2;PR;CERRO AZUL;140,23;96,54;194,79;19,35;88,22;12,96;42,99;31,31;100,00;144,70;0,00;0,11
2005.0;10.0;2005-10-01;BRASPINE;VITORIA;PR;SENGES;50,54;35,69;177,87;18,42;88,09;12,01;44,99;28,99;99,87;260,37;0,00;1,57
2005.0;10.0;2005-10-01;BRASPINE;VIVEIRO;PR;DOUTOR ULYSSES;405,39;261,22;176,02;18,53;89,58;12,26;42,36;30,10;100,00;249,06;0,00;355,98
2005.0;10.0;2005-10-01;BRASPINE;VO LINO;PR;DOUTOR ULYSSES;164,50;97,89;181,45;18,62;89,79;12,42;41,57;30,55;100,00;237,63;0,00;1,18
2005.0;10.0;2005-10-01;BRASPINE;XAXIM VELHO;;;;;326,70;17,90;89,21;11,74;45,46;27,68;100,00;233,32;0,00;12,83
2005.0;11.0;2005-11-01;BRASPINE;AGUA DOCE;PR;JAGUARIAIVA;238,97;121,99;87,21;18,24;80,56;9,95;33,15;28,01;99,94;280,40;0,00;11,45
2005.0;11.0;2005-11-01;BRASPINE;AMATA;;;;;59,67;19,80;79,81;10,54;31,78;30,94;100,00;135,61;0,00;2,08
2005.0;11.0;2005-11-01;BRASPINE;ANTA BRAVA;;;;;63,48;20,86;78,28;13,50;41,31;30,57;99,60;100,59;0,00;18,50
2005.0;11.0;2005-11-01;BRASPINE;ARAPONGAS;PR;SENGES;423,34;263,70;81,93;18,28;82,63;10,35;32,31;29,10;100,00;257,41;0,00;6,44
2005.0;11.0;2005-11-01;BRASPINE;ARROIO CLARO;PR;DOUTOR ULYSSES;275,14;92,00;71,17;18,46;82,61;10,62;33,23;29,46;100,00;261,83;0,00;4,62
2005.0;11.0;2005-11-01;BRASPINE;BARRA GRANDE;PR;DOUTOR ULYSSES;493,79;139,68;74,33;18,73;82,71;10,72;32,73;30,08;100,00;266,71;0,00;1,26
2005.0;11.0;2005-11-01;BRASPINE;BARRA GRANDE - BEMAIS;PR;GUARAPUAVA;299,16;108,61;82,85;18,22;78,94;10,75;38,86;27,60;99,99;263,66;0,00;6,86
2005.0;11.0;2005-11-01;BRASPINE;BARRETOS;PR;JAGUARIAIVA;43,35;32,98;85,98;18,21;82,15;9,99;32,85;28,73;99,91;267,52;0,00;14,43
2005.0;11.0;2005-11-01;BRASPINE;BAU;;;;;99,80;18,42;78,65;11,46;39,67;27,32;99,91;212,21;0,00;0,25
2005.0;11.0;2005-11-01;BRASPINE;BOA VISTA II;PR;PIRAI DO SUL;944,00;535,05;86,18;18,19;81,52;9,83;33,57;28,40;99,92;279,36;0,00;1,23
2005.0;11.0;2005-11-01;BRASPINE;BRASILEIRA;;;;;74,91;18,28;82,63;10,35;32,31;29,10;100,00;257,41;0,00;6,44
2005.0;11.0;2005-11-01;BRASPINE;BURACAO;;;;;66,27;18,23;81,00;9,91;34,98;28,46;99,85;286,28;0,00;6,45
2005.0;11.0;2005-11-01;BRASPINE;BURRINHO;PR;DOUTOR ULYSSES;211,01;100,37;70,97;18,46;82,61;10,62;33,23;29,46;100,00;261,83;0,00;4,62
2005.0;11.0;2005-11-01;BRASPINE;CADEADO I;PR;JAGUARIAIVA;21,07;12,29;81,51;18,10;82,33;10,05;32,14;28,63;100,00;281,81;0,00;11,26
2005.0;11.0;2005-11-01;BRASPINE;CADEADO II;PR;JAGUARIAIVA;21,88;16,79;81,51;18,10;82,33;10,05;32,14;28,63;100,00;281,81;0,00;11,26
2005.0;11.0;2005-11-01;BRASPINE;CAMPINA ALTA;PR;TIBAGI;29,77;18,24;89,87;19,69;77,63;11,58;32,67;29,29;99,91;199,08;0,00;1,47
2005.0;11.0;2005-11-01;BRASPINE;CAMPINA DO ELIAS;PR;JAGUARIAIVA;29,17;14,65;84,57;18,17;82,22;10,02;32,59;28,69;99,94;267,36;0,00;13,34
2005.0;11.0;2005-11-01;BRASPINE;CAMPO NOVO;PR;JAGUARIAIVA;295,98;156,36;82,69;18,10;82,33;10,05;32,14;28,63;100,00;281,81;0,00;11,26
2005.0;11.0;2005-11-01;BRASPINE;CONSULTORIA II A;PR;DOUTOR ULYSSES;89,62;60,79;79,24;18,28;82,63;10,35;32,31;29,10;100,00;257,41;0,00;6,44
2005.0;11.0;2005-11-01;BRASPINE;DINIZ;;;;;76,82;18,28;82,63;10,35;32,31;29,10;100,00;257,41;0,00;6,44
2005.0;11.0;2005-11-01;BRASPINE;ENES;PR;JAGUARIAIVA;5,93;5,69;82,78;18,10;82,33;10,05;32,14;28,63;100,00;281,81;0,00;11,26
2005.0;11.0;2005-11-01;BRASPINE;ENGENHARIA;;;;;76,82;18,28;82,63;10,35;32,31;29,10;100,00;257,41;0,00;6,44
2005.0;11.0;2005-11-01;BRASPINE;ESTACAO;PR;SENGES;4,76;4,14;79,28;18,10;82,33;10,05;32,14;28,63;100,00;281,81;0,00;11,26
2005.0;11.0;2005-11-01;BRASPINE;FAXINAL;PR;JAGUARIAIVA;20,65;20,65;82,78;18,10;82,33;10,05;32,14;28,63;100,00;281,81;0,00;11,26
2005.0;11.0;2005-11-01;BRASPINE;FEITAL;PR;DOUTOR ULYSSES;154,17;86,53;74,22;18,43;82,66;10,47;32,45;29,42;100,00;260,52;0,00;4,72
2005.0;11.0;2005-11-01;BRASPINE;FIGUEIRA;PR;DOUTOR ULYSSES;1053,81;315,71;74,28;18,46;82,61;10,62;33,23;29,46;100,00;261,83;0,00;4,62
2005.0;11.0;2005-11-01;BRASPINE;FIGUEIRINHA;PR;DOUTOR ULYSSES;94,37;56,74;67,12;18,46;82,61;10,62;33,23;29,46;100,00;261,83;0,00;4,62
2005.0;11.0;2005-11-01;BRASPINE;FLOEMA;PR;DOUTOR ULYSSES;2189,88;701,43;77,71;18,00;82,49;10,10;32,66;28,51;100,00;281,62;0,00;2,10
2005.0;11.0;2005-11-01;BRASPINE;FLOEMA I - SUDATI;;;;;79,24;18,28;82,63;10,35;32,31;29,10;100,00;257,41;0,00;6,44
2005.0;11.0;2005-11-01;BRASPINE;FLOEMA II - SUDATI;PR;DOUTOR ULYSSES;453,83;211,13;78,32;18,28;82,63;10,35;32,31;29,10;100,00;257,41;0,00;6,44
2005.0;11.0;2005-11-01;BRASPINE;FLOR DA SERRA;PR;SAO JOSE DA BOA VISTA;209,10;128,72;84,58;20,39;74,82;12,05;33,61;29,95;99,42;168,85;0,00;0,47
2005.0;11.0;2005-11-01;BRASPINE;GENTIL;PR;JAGUARIAIVA;126,77;53,33;85,48;18,00;80,61;9,79;34,03;27,46;99,80;275,35;0,00;1,24
2005.0;11.0;2005-11-01;BRASPINE;GUAIRACA;PR;GUARAPUAVA;623,62;169,31;82,40;18,29;79,04;10,61;40,63;27,67;99,96;278,00;0,00;1,54
2005.0;11.0;2005-11-01;BRASPINE;HERVAL 2 - MADALOSSO;;;;;66,85;18,23;81,00;9,91;34,98;28,46;99,85;286,28;0,00;6,45
2005.0;11.0;2005-11-01;BRASPINE;HERVAL DE BAIXO;PR;RESERVA;827,29;475,92;80,57;19,72;77,90;11,57;32,71;29,30;99,84;213,11;0,00;0,68
2005.0;11.0;2005-11-01;BRASPINE;HORTO 01;PR;TURVO;19,12;19,12;107,18;19,03;79,15;11,44;40,09;28,43;99,66;261,36;0,00;7,07
2005.0;11.0;2005-11-01;BRASPINE;HORTO 02;PR;TURVO;4,24;4,24;108,23;19,03;79,15;11,44;40,09;28,43;99,66;261,36;0,00;7,07
2005.0;11.0;2005-11-01;BRASPINE;HORTO 03;PR;PRUDENTOPOLIS;80,91;25,89;102,54;19,55;77,90;11,80;37,73;29,26;99,90;226,27;0,00;10,44
2005.0;11.0;2005-11-01;BRASPINE;HORTO 08;PR;TURVO;9,53;9,53;103,56;19,55;77,90;11,80;37,73;29,26;99,90;226,27;0,00;10,44
2005.0;11.0;2005-11-01;BRASPINE;HORTO 12;PR;PRUDENTOPOLIS;12,20;12,20;100,06;19,55;77,90;11,80;37,73;29,26;99,90;226,27;0,00;10,44
2005.0;11.0;2005-11-01;BRASPINE;IZAU;PR;PIRAI DO SUL;19,37;11,60;86,81;17,93;81,41;9,70;33,35;27,69;99,72;274,81;0,00;0,26
2005.0;11.0;2005-11-01;BRASPINE;JOAO RICO;PR;JAGUARIAIVA;47,46;26,18;86,81;18,24;80,56;9,95;33,15;28,01;99,94;280,40;0,00;11,45
2005.0;11.0;2005-11-01;BRASPINE;LAGOA;PR;JAGUARIAIVA;24,10;10,78;81,02;18,10;82,33;10,05;32,14;28,63;100,00;281,81;0,00;11,26
2005.0;11.0;2005-11-01;BRASPINE;MARACANA;PR;JANDAIA DO SUL;11,45;11,45;89,01;21,68;74,96;13,85;35,37;31,04;99,98;72,64;0,00;1,07
2005.0;11.0;2005-11-01;BRASPINE;MARRECA;;;;;68,21;18,46;82,61;10,62;33,23;29,46;100,00;261,83;0,00;4,62
2005.0;11.0;2005-11-01;BRASPINE;MARRECA SP;SP;ITAPIRAPUA PAULISTA;675,30;236,19;66,14;19,11;82,38;10,81;34,17;30,73;100,00;258,69;0,00;1,15
2005.0;11.0;2005-11-01;BRASPINE;MARRECAS;;;;;81,64;17,66;79,58;10,34;40,16;26,76;100,00;265,00;0,00;3,83
2005.0;11.0;2005-11-01;BRASPINE;MERCADINHO;;;;;65,40;19,06;81,24;10,39;32,55;30,14;100,00;259,08;0,00;0,77
2005.0;11.0;2005-11-01;BRASPINE;MONTE ALEGRE;;;;;104,28;22,21;74,18;14,51;35,78;31,47;99,84;29,09;0,00;2,23
2005.0;11.0;2005-11-01;BRASPINE;MONTE TABOR II;;;;;64,88;18,54;83,69;10,23;39,71;29,51;100,00;270,81;0,00;11,47
2005.0;11.0;2005-11-01;BRASPINE;MOREIRA;PR;DOUTOR ULYSSES;230,52;68,68;78,32;18,28;82,63;10,35;32,31;29,10;100,00;257,41;0,00;6,44
2005.0;11.0;2005-11-01;BRASPINE;MOREIRAS II;PR;DOUTOR ULYSSES;66,76;28,75;79,38;18,28;82,63;10,35;32,31;29,10;100,00;257,41;0,00;6,44
2005.0;11.0;2005-11-01;BRASPINE;MORRETES;PR;ORTIGUEIRA;20,36;20,36;84,09;20,18;78,25;11,55;32,13;29,93;99,79;186,35;0,00;2,98
2005.0;11.0;2005-11-01;BRASPINE;MORRO AZUL;;;;;79,76;18,48;82,87;10,54;29,18;29,75;100,00;261,85;0,00;21,54
2005.0;11.0;2005-11-01;BRASPINE;OURO FINO;SP;APIAI;51,70;51,70;67,68;18,27;83,85;10,91;33,51;29,29;100,00;262,88;0,00;13,55
2005.0;11.0;2005-11-01;BRASPINE;PALMEIRINHA DE BAIXO - SOSSEGO;PR;SENGES;85,93;9,22;86,91;18,03;81,38;10,05;28,47;28,02;99,87;266,38;0,00;25,19
2005.0;11.0;2005-11-01;BRASPINE;PAZIN;PR;DOUTOR ULYSSES;41,20;23,90;72,06;18,46;82,61;10,62;33,23;29,46;100,00;261,83;0,00;4,62
2005.0;11.0;2005-11-01;BRASPINE;PEDRAS;PR;CASTRO;7,18;7,18;90,86;17,96;81,73;9,75;35,54;27,65;99,73;275,42;0,00;3,03
2005.0;11.0;2005-11-01;BRASPINE;PESCARIA;PR;SAO JOSE DA BOA VISTA;184,57;129,22;85,76;20,49;74,44;12,14;30,98;30,31;99,83;154,36;0,00;0,39
2005.0;11.0;2005-11-01;BRASPINE;PESSEGUEIRO;PR;DOUTOR ULYSSES;109,95;64,79;78,37;18,28;82,63;10,35;32,31;29,10;100,00;257,41;0,00;6,44
2005.0;11.0;2005-11-01;BRASPINE;PITANGA;;;;;101,00;19,22;78,13;12,08;40,37;27,93;99,83;226,76;0,00;2,42
2005.0;11.0;2005-11-01;BRASPINE;QUEIMADINHO ARROIO CLARO;PR;DOUTOR ULYSSES;48,13;19,09;74,91;18,28;82,63;10,35;32,31;29,10;100,00;257,41;0,00;6,44
2005.0;11.0;2005-11-01;BRASPINE;QUEIMADINHO M6042;PR;DOUTOR ULYSSES;48,38;18,50;74,91;18,28;82,63;10,35;32,31;29,10;100,00;257,41;0,00;6,44
2005.0;11.0;2005-11-01;BRASPINE;QUEIMADINHO USUCAPIAO;PR;DOUTOR ULYSSES;200,27;92,43;74,91;18,28;82,63;10,35;32,31;29,10;100,00;257,41;0,00;6,44
2005.0;11.0;2005-11-01;BRASPINE;RAMOS;PR;SENGES;69,83;38,15;79,24;18,10;82,33;10,05;32,14;28,63;100,00;281,81;0,00;11,26
2005.0;11.0;2005-11-01;BRASPINE;RIBEIRAO GRANDE;PR;JAGUARIAIVA;20,77;20,77;85,95;17,93;81,41;9,70;33,35;27,69;99,72;274,81;0,00;0,26
2005.0;11.0;2005-11-01;BRASPINE;RINCAO DE BAIXO;;;;;90,90;18,92;76,60;10,90;32,32;28,10;99,49;234,06;0,00;1,03
2005.0;11.0;2005-11-01;BRASPINE;RIO BOMBA;PR;CERRO AZUL;65,03;37,72;66,22;19,41;79,92;10,46;30,67;30,31;99,99;190,83;0,00;0,32
2005.0;11.0;2005-11-01;BRASPINE;RIO DO MEIO;PR;DOUTOR ULYSSES;712,33;389,13;78,18;18,28;82,63;10,35;32,31;29,10;100,00;257,41;0,00;6,44
2005.0;11.0;2005-11-01;BRASPINE;RONDON;PR;JAGUARIAIVA;2899,24;1475,88;87,84;18,05;81,52;9,95;31,10;27,99;99,88;280,15;0,00;4,34
2005.0;11.0;2005-11-01;BRASPINE;SANTA FELICIDADE;;;;;61,77;19,52;82,18;11,22;35,14;31,50;100,00;206,17;0,00;1,27
2005.0;11.0;2005-11-01;BRASPINE;SANTA LIDIA DO CERCADINHO;;;;;85,43;18,57;76,88;10,56;32,86;27,49;99,53;273,69;0,00;0,23
2005.0;11.0;2005-11-01;BRASPINE;SANTO ANTONIO;;;;;86,53;18,05;81,66;10,11;27,20;28,39;100,00;266,87;0,00;22,75
2005.0;11.0;2005-11-01;BRASPINE;SAO JOSE;PR;JANDAIA DO SUL;37,56;37,56;103,34;22,05;74,34;14,32;35,70;31,30;99,90;28,79;0,00;2,62
2005.0;11.0;2005-11-01;BRASPINE;SAO MATHEUS;;;;;104,42;23,39;73,39;15,40;35,70;32,75;99,70;0,00;0,00;2,48
2005.0;11.0;2005-11-01;BRASPINE;SAO PEDRO E SAO PAULO;PR;SAPOPEMA;709,13;323,93;105,14;19,99;75,73;11,48;33,43;29,17;99,72;190,53;0,00;0,04
2005.0;11.0;2005-11-01;BRASPINE;SAO RAFAEL;;;;;83,11;18,18;79,48;10,72;35,30;28,16;99,35;244,79;0,00;1,86
2005.0;11.0;2005-11-01;BRASPINE;SAO RAFAEL - PB;;;;;79,33;18,37;83,60;10,87;32,14;29,51;100,00;263,42;0,00;18,42
2005.0;11.0;2005-11-01;BRASPINE;SERRARIA;PR;DOUTOR ULYSSES;280,88;117,71;73,26;18,23;82,55;10,36;32,94;28,99;100,00;271,86;0,00;0,50
2005.0;11.0;2005-11-01;BRASPINE;SERRO VERDE;;;;;101,77;18,82;77,31;11,72;37,66;27,64;99,98;218,57;0,00;1,54
2005.0;11.0;2005-11-01;BRASPINE;SERTAOZINHO;PR;DOUTOR ULYSSES;16,25;16,25;79,66;18,28;82,63;10,35;32,31;29,10;100,00;257,41;0,00;6,44
2005.0;11.0;2005-11-01;BRASPINE;SITIO BASILIO;PR;JAGUARIAIVA;8,08;8,08;86,99;18,08;80,35;9,86;33,96;27,53;99,86;276,89;0,00;12,79
2005.0;11.0;2005-11-01;BRASPINE;SITIO DAS MARRECAS;PR;DOUTOR ULYSSES;77,49;35,17;67,98;18,92;82,45;10,77;33,90;30,37;100,00;270,32;0,00;2,15
2005.0;11.0;2005-11-01;BRASPINE;SOBRADINHO;SP;BOM SUCESSO DE ITARARE;285,80;123,10;87,35;17,95;82,71;10,26;27,90;28,48;100,00;252,43;0,00;20,15
2005.0;11.0;2005-11-01;BRASPINE;TAQUARAL;PR;JAGUARIAIVA;519,13;31,07;87,27;18,21;81,23;9,95;32,70;28,16;99,93;281,03;0,00;9,00
2005.0;11.0;2005-11-01;BRASPINE;TUCUNDUVA;PR;SENGES;82,21;60,89;86,44;18,89;77,71;10,68;31,01;28,35;99,78;265,88;0,00;1,22
2005.0;11.0;2005-11-01;BRASPINE;TUCUNDUVA - CHAMMA;;;;;81,26;18,87;78,26;10,74;30,08;28,44;99,73;267,55;0,00;23,23
2005.0;11.0;2005-11-01;BRASPINE;VIENA 1;PR;DOUTOR ULYSSES;263,98;178,34;78,61;17,87;82,47;9,83;33,89;28,05;100,00;262,79;0,00;2,33
2005.0;11.0;2005-11-01;BRASPINE;VIENA 2;PR;CERRO AZUL;140,23;96,54;66,24;19,41;79,92;10,46;30,67;30,31;99,99;190,83;0,00;0,32
2005.0;11.0;2005-11-01;BRASPINE;VITORIA;PR;SENGES;50,54;35,69;86,91;18,03;81,38;10,05;28,47;28,02;99,87;266,38;0,00;25,19
2005.0;11.0;2005-11-01;BRASPINE;VIVEIRO;PR;DOUTOR ULYSSES;405,39;261,22;79,38;18,28;82,63;10,35;32,31;29,10;100,00;257,41;0,00;6,44
2005.0;11.0;2005-11-01;BRASPINE;VO LINO;PR;DOUTOR ULYSSES;164,50;97,89;69,19;18,46;82,61;10,62;33,23;29,46;100,00;261,83;0,00;4,62
2005.0;11.0;2005-11-01;BRASPINE;XAXIM VELHO;;;;;80,23;17,70;79,88;10,33;42,79;26,77;100,00;265,67;0,00;0,41
2005.0;12.0;2005-12-01;BRASPINE;AGUA DOCE;PR;JAGUARIAIVA;238,97;121,99;102,41;19,06;81,95;10,80;39,34;27,35;99,85;183,94;0,00;2,91
2005.0;12.0;2005-12-01;BRASPINE;AMATA;;;;;126,49;20,92;78,71;12,46;36,07;30,64;99,93;70,89;0,00;1,35
2005.0;12.0;2005-12-01;BRASPINE;ANTA BRAVA;;;;;199,21;21,21;81,00;14,03;47,36;29,91;99,43;43,52;0,00;0,62
2005.0;12.0;2005-12-01;BRASPINE;ARAPONGAS;PR;SENGES;423,34;263,70;111,75;19,12;83,46;10,95;38,94;28,39;100,00;172,31;0,00;3,96
2005.0;12.0;2005-12-01;BRASPINE;ARROIO CLARO;PR;DOUTOR ULYSSES;275,14;92,00;121,24;19,38;82,81;11,14;37,76;28,98;100,00;176,09;0,00;8,84
2005.0;12.0;2005-12-01;BRASPINE;BARRA GRANDE;PR;DOUTOR ULYSSES;493,79;139,68;138,72;19,59;83,48;11,20;37,90;29,26;100,00;177,50;0,00;1,17
2005.0;12.0;2005-12-01;BRASPINE;BARRA GRANDE - BEMAIS;PR;GUARAPUAVA;299,16;108,61;92,32;19,79;75,51;11,70;33,67;27,81;99,98;204,43;0,00;3,80
2005.0;12.0;2005-12-01;BRASPINE;BARRETOS;PR;JAGUARIAIVA;43,35;32,98;96,19;19,09;83,00;10,93;39,95;28,01;99,82;184,40;0,00;0,68
2005.0;12.0;2005-12-01;BRASPINE;BAU;;;;;94,72;19,85;76,16;11,61;35,98;27,00;99,90;191,40;0,00;1,95
2005.0;12.0;2005-12-01;BRASPINE;BOA VISTA II;PR;PIRAI DO SUL;944,00;535,05;96,02;19,11;82,35;10,68;39,98;27,93;99,93;182,48;0,00;4,82
2005.0;12.0;2005-12-01;BRASPINE;BRASILEIRA;;;;;127,35;19,12;83,46;10,95;38,94;28,39;100,00;172,31;0,00;3,96
2005.0;12.0;2005-12-01;BRASPINE;BURACAO;;;;;109,99;19,31;80,57;10,51;39,68;28,48;99,79;157,45;0,00;0,18
2005.0;12.0;2005-12-01;BRASPINE;BURRINHO;PR;DOUTOR ULYSSES;211,01;100,37;121,57;19,38;82,81;11,14;37,76;28,98;100,00;176,09;0,00;8,84
2005.0;12.0;2005-12-01;BRASPINE;CADEADO I;PR;JAGUARIAIVA;21,07;12,29;103,96;18,96;83,15;10,82;39,77;27,92;100,00;184,30;0,00;6,85
2005.0;12.0;2005-12-01;BRASPINE;CADEADO II;PR;JAGUARIAIVA;21,88;16,79;103,96;18,96;83,15;10,82;39,77;27,92;100,00;184,30;0,00;6,85
2005.0;12.0;2005-12-01;BRASPINE;CAMPINA ALTA;PR;TIBAGI;29,77;18,24;90,11;20,81;76,53;12,47;34,17;28,92;99,89;139,56;0,00;0,31
2005.0;12.0;2005-12-01;BRASPINE;CAMPINA DO ELIAS;PR;JAGUARIAIVA;29,17;14,65;103,20;19,04;83,05;10,89;39,88;27,98;99,87;199,39;0,00;8,71
2005.0;12.0;2005-12-01;BRASPINE;CAMPO NOVO;PR;JAGUARIAIVA;295,98;156,36;103,67;18,96;83,15;10,82;39,77;27,92;100,00;184,30;0,00;6,85
2005.0;12.0;2005-12-01;BRASPINE;CONSULTORIA II A;PR;DOUTOR ULYSSES;89,62;60,79;123,13;19,12;83,46;10,95;38,94;28,39;100,00;172,31;0,00;3,96
2005.0;12.0;2005-12-01;BRASPINE;DINIZ;;;;;133,41;19,12;83,46;10,95;38,94;28,39;100,00;172,31;0,00;3,96
2005.0;12.0;2005-12-01;BRASPINE;ENES;PR;JAGUARIAIVA;5,93;5,69;102,40;18,96;83,15;10,82;39,77;27,92;100,00;184,30;0,00;6,85
2005.0;12.0;2005-12-01;BRASPINE;ENGENHARIA;;;;;133,41;19,12;83,46;10,95;38,94;28,39;100,00;172,31;0,00;3,96
2005.0;12.0;2005-12-01;BRASPINE;ESTACAO;PR;SENGES;4,76;4,14;109,95;18,96;83,15;10,82;39,77;27,92;100,00;184,30;0,00;6,85
2005.0;12.0;2005-12-01;BRASPINE;FAXINAL;PR;JAGUARIAIVA;20,65;20,65;102,40;18,96;83,15;10,82;39,77;27,92;100,00;184,30;0,00;6,85
2005.0;12.0;2005-12-01;BRASPINE;FEITAL;PR;DOUTOR ULYSSES;154,17;86,53;126,59;19,28;83,47;11,03;38,60;28,68;100,00;174,04;0,00;3,03
2005.0;12.0;2005-12-01;BRASPINE;FIGUEIRA;PR;DOUTOR ULYSSES;1053,81;315,71;119,68;19,38;82,81;11,14;37,76;28,98;100,00;176,09;0,00;8,84
2005.0;12.0;2005-12-01;BRASPINE;FIGUEIRINHA;PR;DOUTOR ULYSSES;94,37;56,74;136,17;19,38;82,81;11,14;37,76;28,98;100,00;176,09;0,00;8,84
2005.0;12.0;2005-12-01;BRASPINE;FLOEMA;PR;DOUTOR ULYSSES;2189,88;701,43;107,08;18,91;82,74;10,57;38,67;28,11;100,00;214,33;0,00;0,20
2005.0;12.0;2005-12-01;BRASPINE;FLOEMA I - SUDATI;;;;;109,54;19,12;83,46;10,95;38,94;28,39;100,00;172,31;0,00;3,96
2005.0;12.0;2005-12-01;BRASPINE;FLOEMA II - SUDATI;PR;DOUTOR ULYSSES;453,83;211,13;116,22;19,12;83,46;10,95;38,94;28,39;100,00;172,31;0,00;3,96
2005.0;12.0;2005-12-01;BRASPINE;FLOR DA SERRA;PR;SAO JOSE DA BOA VISTA;209,10;128,72;202,93;20,96;77,55;13,50;37,36;28,80;99,56;56,93;0,00;0,17
2005.0;12.0;2005-12-01;BRASPINE;GENTIL;PR;JAGUARIAIVA;126,77;53,33;91,61;18,87;81,78;10,66;39,30;26,99;99,59;210,78;0,00;7,65
2005.0;12.0;2005-12-01;BRASPINE;GUAIRACA;PR;GUARAPUAVA;623,62;169,31;98,30;19,83;75,86;11,64;34,86;28,05;99,89;205,84;0,00;0,43
2005.0;12.0;2005-12-01;BRASPINE;HERVAL 2 - MADALOSSO;;;;;103,68;19,31;80,57;10,51;39,68;28,48;99,79;157,45;0,00;0,18
2005.0;12.0;2005-12-01;BRASPINE;HERVAL DE BAIXO;PR;RESERVA;827,29;475,92;84,68;20,93;76,03;12,47;33,72;29,00;99,83;125,33;0,00;0,68
2005.0;12.0;2005-12-01;BRASPINE;HORTO 01;PR;TURVO;19,12;19,12;98,13;20,75;74,45;12,14;33,48;28,45;99,69;153,56;0,00;0,44
2005.0;12.0;2005-12-01;BRASPINE;HORTO 02;PR;TURVO;4,24;4,24;98,70;20,75;74,45;12,14;33,48;28,45;99,69;153,56;0,00;0,44
2005.0;12.0;2005-12-01;BRASPINE;HORTO 03;PR;PRUDENTOPOLIS;80,91;25,89;94,01;21,33;72,63;12,66;31,06;29,38;99,86;98,44;0,00;1,96
2005.0;12.0;2005-12-01;BRASPINE;HORTO 08;PR;TURVO;9,53;9,53;91,92;21,33;72,63;12,66;31,06;29,38;99,86;98,44;0,00;1,96
2005.0;12.0;2005-12-01;BRASPINE;HORTO 12;PR;PRUDENTOPOLIS;12,20;12,20;90,82;21,33;72,63;12,66;31,06;29,38;99,86;98,44;0,00;1,96
2005.0;12.0;2005-12-01;BRASPINE;IZAU;PR;PIRAI DO SUL;19,37;11,60;98,73;18,84;82,34;10,66;39,55;27,37;99,60;208,99;0,00;8,62
2005.0;12.0;2005-12-01;BRASPINE;JOAO RICO;PR;JAGUARIAIVA;47,46;26,18;96,34;19,06;81,95;10,80;39,34;27,35;99,85;183,94;0,00;2,91
2005.0;12.0;2005-12-01;BRASPINE;LAGOA;PR;JAGUARIAIVA;24,10;10,78;106,20;18,96;83,15;10,82;39,77;27,92;100,00;184,30;0,00;6,85
2005.0;12.0;2005-12-01;BRASPINE;MARACANA;PR;JANDAIA DO SUL;11,45;11,45;125,57;22,38;76,12;14,66;35,78;29,95;99,99;14,66;0,00;2,35
2005.0;12.0;2005-12-01;BRASPINE;MARRECA;;;;;127,34;19,38;82,81;11,14;37,76;28,98;100,00;176,09;0,00;8,84
2005.0;12.0;2005-12-01;BRASPINE;MARRECA SP;SP;ITAPIRAPUA PAULISTA;675,30;236,19;135,95;20,08;82,49;11,60;36,92;30,14;100,00;168,88;0,00;6,22
2005.0;12.0;2005-12-01;BRASPINE;MARRECAS;;;;;91,86;19,14;76,95;11,27;35,58;27,08;100,00;239,92;0,00;1,69
2005.0;12.0;2005-12-01;BRASPINE;MERCADINHO;;;;;137,94;20,09;80,66;11,60;36,29;29,77;99,88;155,11;0,00;2,28
2005.0;12.0;2005-12-01;BRASPINE;MONTE ALEGRE;;;;;121,72;22,91;75,23;15,14;36,04;30,32;99,99;0,00;0,00;1,15
2005.0;12.0;2005-12-01;BRASPINE;MONTE TABOR II;;;;;135,43;19,23;85,06;11,08;38,29;29,20;99,99;192,49;0,00;17,25
2005.0;12.0;2005-12-01;BRASPINE;MOREIRA;PR;DOUTOR ULYSSES;230,52;68,68;116,22;19,12;83,46;10,95;38,94;28,39;100,00;172,31;0,00;3,96
2005.0;12.0;2005-12-01;BRASPINE;MOREIRAS II;PR;DOUTOR ULYSSES;66,76;28,75;124,16;19,12;83,46;10,95;38,94;28,39;100,00;172,31;0,00;3,96
2005.0;12.0;2005-12-01;BRASPINE;MORRETES;PR;ORTIGUEIRA;20,36;20,36;94,99;21,43;75,81;12,78;33,93;29,64;99,80;83,41;0,00;1,65
2005.0;12.0;2005-12-01;BRASPINE;MORRO AZUL;;;;;149,77;19,23;84,33;11,16;37,97;28,83;100,00;173,72;0,00;17,24
2005.0;12.0;2005-12-01;BRASPINE;OURO FINO;SP;APIAI;51,70;51,70;131,32;18,96;85,54;10,56;38,59;28,70;100,00;186,71;0,00;3,87
2005.0;12.0;2005-12-01;BRASPINE;PALMEIRINHA DE BAIXO - SOSSEGO;PR;SENGES;85,93;9,22;152,72;18,69;83,44;10,88;39,69;27,09;99,85;213,26;0,00;6,44
2005.0;12.0;2005-12-01;BRASPINE;PAZIN;PR;DOUTOR ULYSSES;41,20;23,90;128,98;19,38;82,81;11,14;37,76;28,98;100,00;176,09;0,00;8,84
2005.0;12.0;2005-12-01;BRASPINE;PEDRAS;PR;CASTRO;7,18;7,18;105,69;18,94;82,23;10,45;42,04;27,30;99,48;193,86;0,00;6,61
2005.0;12.0;2005-12-01;BRASPINE;PESCARIA;PR;SAO JOSE DA BOA VISTA;184,57;129,22;212,94;21,08;77,14;13,50;35,60;29,27;99,55;57,24;0,00;1,23
2005.0;12.0;2005-12-01;BRASPINE;PESSEGUEIRO;PR;DOUTOR ULYSSES;109,95;64,79;112,58;19,12;83,46;10,95;38,94;28,39;100,00;172,31;0,00;3,96
2005.0;12.0;2005-12-01;BRASPINE;PITANGA;;;;;117,79;20,62;75,91;12,30;39,49;27,73;99,80;96,12;0,00;1,74
2005.0;12.0;2005-12-01;BRASPINE;QUEIMADINHO ARROIO CLARO;PR;DOUTOR ULYSSES;48,13;19,09;127,35;19,12;83,46;10,95;38,94;28,39;100,00;172,31;0,00;3,96
2005.0;12.0;2005-12-01;BRASPINE;QUEIMADINHO M6042;PR;DOUTOR ULYSSES;48,38;18,50;127,35;19,12;83,46;10,95;38,94;28,39;100,00;172,31;0,00;3,96
2005.0;12.0;2005-12-01;BRASPINE;QUEIMADINHO USUCAPIAO;PR;DOUTOR ULYSSES;200,27;92,43;127,35;19,12;83,46;10,95;38,94;28,39;100,00;172,31;0,00;3,96
2005.0;12.0;2005-12-01;BRASPINE;RAMOS;PR;SENGES;69,83;38,15;109,54;18,96;83,15;10,82;39,77;27,92;100,00;184,30;0,00;6,85
2005.0;12.0;2005-12-01;BRASPINE;RIBEIRAO GRANDE;PR;JAGUARIAIVA;20,77;20,77;98,89;18,84;82,34;10,66;39,55;27,37;99,60;208,99;0,00;8,62
2005.0;12.0;2005-12-01;BRASPINE;RINCAO DE BAIXO;;;;;112,34;19,90;77,20;11,77;36,48;27,66;99,54;162,05;0,00;1,65
2005.0;12.0;2005-12-01;BRASPINE;RIO BOMBA;PR;CERRO AZUL;65,03;37,72;126,86;20,51;78,90;12,18;36,21;30,07;99,86;83,51;0,00;0,22
2005.0;12.0;2005-12-01;BRASPINE;RIO DO MEIO;PR;DOUTOR ULYSSES;712,33;389,13;125,02;19,12;83,46;10,95;38,94;28,39;100,00;172,31;0,00;3,96
2005.0;12.0;2005-12-01;BRASPINE;RONDON;PR;JAGUARIAIVA;2899,24;1475,88;123,64;18,80;83,13;10,80;40,03;27,18;99,88;198,42;0,00;1,28
2005.0;12.0;2005-12-01;BRASPINE;SANTA FELICIDADE;;;;;138,91;20,50;82,27;11,94;35,99;30,91;99,96;97,92;0,00;3,57
2005.0;12.0;2005-12-01;BRASPINE;SANTA LIDIA DO CERCADINHO;;;;;107,31;19,52;77,65;11,58;37,13;27,08;99,54;173,65;0,00;0,84
2005.0;12.0;2005-12-01;BRASPINE;SANTO ANTONIO;;;;;148,89;18,71;83,71;10,78;39,71;27,48;100,00;197,95;0,00;1,02
2005.0;12.0;2005-12-01;BRASPINE;SAO JOSE;PR;JANDAIA DO SUL;37,56;37,56;121,73;22,75;75,43;15,01;36,05;30,16;100,00;0,00;0,00;1,63
2005.0;12.0;2005-12-01;BRASPINE;SAO MATHEUS;;;;;123,41;24,18;73,66;16,16;35,57;31,69;99,96;0,00;0,00;1,84
2005.0;12.0;2005-12-01;BRASPINE;SAO PEDRO E SAO PAULO;PR;SAPOPEMA;709,13;323,93;160,93;20,56;78,03;13,04;37,81;28,06;99,64;114,01;0,00;2,40
2005.0;12.0;2005-12-01;BRASPINE;SAO RAFAEL;;;;;96,49;19,22;79,22;10,79;41,54;27,99;99,37;171,99;0,00;1,87
2005.0;12.0;2005-12-01;BRASPINE;SAO RAFAEL - PB;;;;;140,32;19,07;85,25;10,85;38,13;28,82;100,00;173,05;0,00;7,06
2005.0;12.0;2005-12-01;BRASPINE;SERRARIA;PR;DOUTOR ULYSSES;280,88;117,71;113,17;19,15;82,77;10,85;38,22;28,54;100,00;172,92;0,00;10,18
2005.0;12.0;2005-12-01;BRASPINE;SERRO VERDE;;;;;93,34;20,18;75,29;11,97;37,34;27,44;99,92;166,51;0,00;2,26
2005.0;12.0;2005-12-01;BRASPINE;SERTAOZINHO;PR;DOUTOR ULYSSES;16,25;16,25;124,45;19,12;83,46;10,95;38,94;28,39;100,00;172,31;0,00;3,96
2005.0;12.0;2005-12-01;BRASPINE;SITIO BASILIO;PR;JAGUARIAIVA;8,08;8,08;102,76;18,93;81,65;10,70;39,23;26,97;99,65;212,12;0,00;126,16
2005.0;12.0;2005-12-01;BRASPINE;SITIO DAS MARRECAS;PR;DOUTOR ULYSSES;77,49;35,17;134,73;19,88;82,58;11,47;37,16;29,81;100,00;181,70;0,00;6,95
2005.0;12.0;2005-12-01;BRASPINE;SOBRADINHO;SP;BOM SUCESSO DE ITARARE;285,80;123,10;162,48;18,60;84,75;10,69;39,56;27,67;100,00;226,55;0,00;13,46
2005.0;12.0;2005-12-01;BRASPINE;TAQUARAL;PR;JAGUARIAIVA;519,13;31,07;104,30;19,01;82,63;10,70;40,09;27,41;99,98;169,20;0,00;5,74
2005.0;12.0;2005-12-01;BRASPINE;TUCUNDUVA;PR;SENGES;82,21;60,89;152,79;19,55;80,00;11,70;37,59;27,47;99,63;179,17;0,00;7,40
2005.0;12.0;2005-12-01;BRASPINE;TUCUNDUVA - CHAMMA;;;;;164,85;19,49;80,65;11,77;37,83;27,51;99,65;179,32;0,00;3,47
2005.0;12.0;2005-12-01;BRASPINE;VIENA 1;PR;DOUTOR ULYSSES;263,98;178,34;109,67;18,81;82,80;10,33;40,25;27,80;99,97;225,93;0,00;3,63
2005.0;12.0;2005-12-01;BRASPINE;VIENA 2;PR;CERRO AZUL;140,23;96,54;126,92;20,51;78,90;12,18;36,21;30,07;99,86;83,51;0,00;0,22
2005.0;12.0;2005-12-01;BRASPINE;VITORIA;PR;SENGES;50,54;35,69;152,72;18,69;83,44;10,88;39,69;27,09;99,85;213,26;0,00;6,44
2005.0;12.0;2005-12-01;BRASPINE;VIVEIRO;PR;DOUTOR ULYSSES;405,39;261,22;124,16;19,12;83,46;10,95;38,94;28,39;100,00;172,31;0,00;3,96
2005.0;12.0;2005-12-01;BRASPINE;VO LINO;PR;DOUTOR ULYSSES;164,50;97,89;124,62;19,38;82,81;11,14;37,76;28,98;100,00;176,09;0,00;8,84
2005.0;12.0;2005-12-01;BRASPINE;XAXIM VELHO;;;;;99,30;19,10;77,85;11,23;37,28;27,15;100,00;239,37;0,00;0,33
