ANO;MES;DATA;EMPRESA;FAZENDA;UF;MUNICIPIO;AREA_T;AREA_PRODU;PRECIP_CHIRPS_MM;TEMP_MEDIA_C;UMID_MEDIA_PCT;TEMP_MIN_C;UMID_MIN_PCT;TEMP_MAX_C;UMID_MAX_PCT;NOITES_FRIAS_Eucalipto_<15C;NOITES_FRIAS_Pinus_<5C;DIRECAO_VENTO_GRAUS
2020.0;1.0;2020-01-01;BRASPINE;AGUA DOCE;PR;JAGUARIAIVA;238,97;121,99;170,66;20,85;83,01;13,97;40,37;29,32;99,89;28,73;0,00;6,15
2020.0;1.0;2020-01-01;BRASPINE;AMATA;;;;;167,70;22,87;81,97;14,76;37,66;32,84;100,00;14,76;0,00;2,23
2020.0;1.0;2020-01-01;BRASPINE;ANTA BRAVA;;;;;191,31;23,68;78,96;17,06;30,30;33,09;99,21;0,00;0,00;8,19
2020.0;1.0;2020-01-01;BRASPINE;ARAPONGAS;PR;SENGES;423,34;263,70;169,21;21,18;83,96;13,91;37,92;30,63;100,00;28,04;0,00;1,88
2020.0;1.0;2020-01-01;BRASPINE;ARROIO CLARO;PR;DOUTOR ULYSSES;275,14;92,00;168,26;21,31;84,00;13,77;38,21;30,95;100,00;27,79;0,00;9,26
2020.0;1.0;2020-01-01;BRASPINE;BARRA GRANDE;PR;DOUTOR ULYSSES;493,79;139,68;165,63;21,74;83,85;14,40;37,07;31,60;100,00;29,26;0,00;11,03
2020.0;1.0;2020-01-01;BRASPINE;BARRA GRANDE - BEMAIS;PR;GUARAPUAVA;299,16;108,61;130,38;20,56;83,83;12,84;41,62;28,13;99,97;26,51;0,00;17,58
2020.0;1.0;2020-01-01;BRASPINE;BARRETOS;PR;JAGUARIAIVA;43,35;32,98;175,68;20,92;84,07;14,29;38,76;29,97;100,00;44,05;0,00;7,43
2020.0;1.0;2020-01-01;BRASPINE;BAU;;;;;161,05;20,47;84,19;13,90;46,01;27,59;99,83;13,90;0,00;3,98
2020.0;1.0;2020-01-01;BRASPINE;BOA VISTA II;PR;PIRAI DO SUL;944,00;535,05;171,94;20,81;83,73;14,30;39,60;29,41;99,98;58,72;0,00;9,59
2020.0;1.0;2020-01-01;BRASPINE;BRASILEIRA;;;;;169,79;21,18;83,96;13,91;37,92;30,63;100,00;28,04;0,00;1,88
2020.0;1.0;2020-01-01;BRASPINE;BURACAO;;;;;165,93;21,15;82,80;14,11;40,62;29,96;99,72;14,11;0,00;2,48
2020.0;1.0;2020-01-01;BRASPINE;BURRINHO;PR;DOUTOR ULYSSES;211,01;100,37;167,59;21,31;84,00;13,77;38,21;30,95;100,00;27,79;0,00;9,26
2020.0;1.0;2020-01-01;BRASPINE;CADEADO I;PR;JAGUARIAIVA;21,07;12,29;169,48;20,89;83,94;13,91;38,55;30,08;100,00;42,87;0,00;4,76
2020.0;1.0;2020-01-01;BRASPINE;CADEADO II;PR;JAGUARIAIVA;21,88;16,79;169,48;20,89;83,94;13,91;38,55;30,08;100,00;42,87;0,00;4,76
2020.0;1.0;2020-01-01;BRASPINE;CAMPINA ALTA;PR;TIBAGI;29,77;18,24;166,39;22,00;82,14;14,25;41,63;30,30;99,86;14,25;0,00;18,01
2020.0;1.0;2020-01-01;BRASPINE;CAMPINA DO ELIAS;PR;JAGUARIAIVA;29,17;14,65;170,32;20,91;84,02;14,19;38,68;30,01;100,00;43,63;0,00;6,55
2020.0;1.0;2020-01-01;BRASPINE;CAMPO NOVO;PR;JAGUARIAIVA;295,98;156,36;174,05;20,89;83,94;13,91;38,55;30,08;100,00;42,87;0,00;4,76
2020.0;1.0;2020-01-01;BRASPINE;CONSULTORIA II A;PR;DOUTOR ULYSSES;89,62;60,79;172,60;21,18;83,96;13,91;37,92;30,63;100,00;28,04;0,00;1,88
2020.0;1.0;2020-01-01;BRASPINE;DINIZ;;;;;181,43;21,18;83,96;13,91;37,92;30,63;100,00;28,04;0,00;1,88
2020.0;1.0;2020-01-01;BRASPINE;ENES;PR;JAGUARIAIVA;5,93;5,69;174,78;20,89;83,94;13,91;38,55;30,08;100,00;42,87;0,00;4,76
2020.0;1.0;2020-01-01;BRASPINE;ENGENHARIA;;;;;181,43;21,18;83,96;13,91;37,92;30,63;100,00;28,04;0,00;1,88
2020.0;1.0;2020-01-01;BRASPINE;ESTACAO;PR;SENGES;4,76;4,14;165,71;20,89;83,94;13,91;38,55;30,08;100,00;42,87;0,00;4,76
2020.0;1.0;2020-01-01;BRASPINE;FAXINAL;PR;JAGUARIAIVA;20,65;20,65;174,78;20,89;83,94;13,91;38,55;30,08;100,00;42,87;0,00;4,76
2020.0;1.0;2020-01-01;BRASPINE;FEITAL;PR;DOUTOR ULYSSES;154,17;86,53;166,90;21,37;83,93;14,08;37,64;30,95;100,00;28,45;0,00;0,94
2020.0;1.0;2020-01-01;BRASPINE;FIGUEIRA;PR;DOUTOR ULYSSES;1053,81;315,71;172,59;21,31;84,00;13,77;38,21;30,95;100,00;27,79;0,00;9,26
2020.0;1.0;2020-01-01;BRASPINE;FIGUEIRINHA;PR;DOUTOR ULYSSES;94,37;56,74;164,09;21,31;84,00;13,77;38,21;30,95;100,00;27,79;0,00;9,26
2020.0;1.0;2020-01-01;BRASPINE;FLOEMA;PR;DOUTOR ULYSSES;2189,88;701,43;171,02;20,78;83,96;13,05;38,95;29,96;100,00;26,40;0,00;11,88
2020.0;1.0;2020-01-01;BRASPINE;FLOEMA I - SUDATI;;;;;166,59;21,18;83,96;13,91;37,92;30,63;100,00;28,04;0,00;1,88
2020.0;1.0;2020-01-01;BRASPINE;FLOEMA II - SUDATI;PR;DOUTOR ULYSSES;453,83;211,13;162,78;21,18;83,96;13,91;37,92;30,63;100,00;28,04;0,00;1,88
2020.0;1.0;2020-01-01;BRASPINE;FLOR DA SERRA;PR;SAO JOSE DA BOA VISTA;209,10;128,72;155,30;23,03;77,21;15,41;35,69;32,50;99,53;0,00;0,00;1,33
2020.0;1.0;2020-01-01;BRASPINE;GENTIL;PR;JAGUARIAIVA;126,77;53,33;167,44;20,70;82,86;13,88;40,28;28,97;99,60;43,59;0,00;10,71
2020.0;1.0;2020-01-01;BRASPINE;GUAIRACA;PR;GUARAPUAVA;623,62;169,31;138,13;20,73;82,97;13,41;40,12;28,55;99,98;27,07;0,00;14,44
2020.0;1.0;2020-01-01;BRASPINE;HERVAL 2 - MADALOSSO;;;;;163,83;21,15;82,80;14,11;40,62;29,96;99,72;14,11;0,00;2,48
2020.0;1.0;2020-01-01;BRASPINE;HERVAL DE BAIXO;PR;RESERVA;827,29;475,92;166,58;21,99;82,35;14,20;41,58;30,23;99,82;14,20;0,00;13,40
2020.0;1.0;2020-01-01;BRASPINE;HORTO 01;PR;TURVO;19,12;19,12;161,10;21,19;84,78;13,37;46,96;28,66;99,80;27,26;0,00;14,10
2020.0;1.0;2020-01-01;BRASPINE;HORTO 02;PR;TURVO;4,24;4,24;160,45;21,19;84,78;13,37;46,96;28,66;99,80;27,26;0,00;14,10
2020.0;1.0;2020-01-01;BRASPINE;HORTO 03;PR;PRUDENTOPOLIS;80,91;25,89;161,73;21,68;83,75;13,70;43,96;29,57;99,88;27,49;0,00;7,94
2020.0;1.0;2020-01-01;BRASPINE;HORTO 08;PR;TURVO;9,53;9,53;156,49;21,68;83,75;13,70;43,96;29,57;99,88;27,49;0,00;7,94
2020.0;1.0;2020-01-01;BRASPINE;HORTO 12;PR;PRUDENTOPOLIS;12,20;12,20;160,43;21,68;83,75;13,70;43,96;29,57;99,88;27,49;0,00;7,94
2020.0;1.0;2020-01-01;BRASPINE;IZAU;PR;PIRAI DO SUL;19,37;11,60;175,65;20,71;83,36;14,13;39,01;29,10;99,57;58,68;0,00;13,04
2020.0;1.0;2020-01-01;BRASPINE;JOAO RICO;PR;JAGUARIAIVA;47,46;26,18;170,53;20,85;83,01;13,97;40,37;29,32;99,89;28,73;0,00;6,15
2020.0;1.0;2020-01-01;BRASPINE;LAGOA;PR;JAGUARIAIVA;24,10;10,78;168,84;20,89;83,94;13,91;38,55;30,08;100,00;42,87;0,00;4,76
2020.0;1.0;2020-01-01;BRASPINE;MARACANA;PR;JANDAIA DO SUL;11,45;11,45;189,55;23,40;80,93;17,54;40,10;31,37;99,88;0,00;0,00;1,29
2020.0;1.0;2020-01-01;BRASPINE;MARRECA;;;;;159,48;21,31;84,00;13,77;38,21;30,95;100,00;27,79;0,00;9,26
2020.0;1.0;2020-01-01;BRASPINE;MARRECA SP;SP;ITAPIRAPUA PAULISTA;675,30;236,19;167,29;22,11;83,69;14,14;37,51;32,20;100,00;28,42;0,00;6,32
2020.0;1.0;2020-01-01;BRASPINE;MARRECAS;;;;;146,92;20,10;84,07;13,00;41,43;27,51;100,00;71,16;0,00;20,68
2020.0;1.0;2020-01-01;BRASPINE;MERCADINHO;;;;;157,98;22,08;83,04;13,96;37,91;31,89;100,00;28,40;0,00;0,14
2020.0;1.0;2020-01-01;BRASPINE;MONTE ALEGRE;;;;;204,18;23,83;80,97;17,90;40,91;31,74;99,86;0,00;0,00;1,59
2020.0;1.0;2020-01-01;BRASPINE;MONTE TABOR II;;;;;177,26;21,24;85,29;13,50;36,71;31,34;100,00;27,52;0,00;0,01
2020.0;1.0;2020-01-01;BRASPINE;MOREIRA;PR;DOUTOR ULYSSES;230,52;68,68;162,78;21,18;83,96;13,91;37,92;30,63;100,00;28,04;0,00;1,88
2020.0;1.0;2020-01-01;BRASPINE;MOREIRAS II;PR;DOUTOR ULYSSES;66,76;28,75;174,05;21,18;83,96;13,91;37,92;30,63;100,00;28,04;0,00;1,88
2020.0;1.0;2020-01-01;BRASPINE;MORRETES;PR;ORTIGUEIRA;20,36;20,36;168,65;22,49;81,88;14,44;40,26;30,93;99,85;14,44;0,00;8,35
2020.0;1.0;2020-01-01;BRASPINE;MORRO AZUL;;;;;172,75;21,27;84,78;14,51;34,82;31,35;100,00;14,51;0,00;2,00
2020.0;1.0;2020-01-01;BRASPINE;OURO FINO;SP;APIAI;51,70;51,70;193,49;20,95;85,76;13,54;35,58;31,07;100,00;42,43;0,00;27,73
2020.0;1.0;2020-01-01;BRASPINE;PALMEIRINHA DE BAIXO - SOSSEGO;PR;SENGES;85,93;9,22;168,20;20,72;83,44;13,60;36,50;29,76;99,87;28,52;0,00;3,81
2020.0;1.0;2020-01-01;BRASPINE;PAZIN;PR;DOUTOR ULYSSES;41,20;23,90;165,99;21,31;84,00;13,77;38,21;30,95;100,00;27,79;0,00;9,26
2020.0;1.0;2020-01-01;BRASPINE;PEDRAS;PR;CASTRO;7,18;7,18;158,97;20,72;83,90;14,09;41,58;28,79;99,55;43,56;0,00;1,33
2020.0;1.0;2020-01-01;BRASPINE;PESCARIA;PR;SAO JOSE DA BOA VISTA;184,57;129,22;166,63;23,17;76,94;16,04;34,61;32,77;99,69;0,00;0,00;4,63
2020.0;1.0;2020-01-01;BRASPINE;PESSEGUEIRO;PR;DOUTOR ULYSSES;109,95;64,79;162,75;21,18;83,96;13,91;37,92;30,63;100,00;28,04;0,00;1,88
2020.0;1.0;2020-01-01;BRASPINE;PITANGA;;;;;190,44;21,18;84,02;13,86;46,71;28,31;99,72;28,71;0,00;0,43
2020.0;1.0;2020-01-01;BRASPINE;QUEIMADINHO ARROIO CLARO;PR;DOUTOR ULYSSES;48,13;19,09;169,79;21,18;83,96;13,91;37,92;30,63;100,00;28,04;0,00;1,88
2020.0;1.0;2020-01-01;BRASPINE;QUEIMADINHO M6042;PR;DOUTOR ULYSSES;48,38;18,50;169,79;21,18;83,96;13,91;37,92;30,63;100,00;28,04;0,00;1,88
2020.0;1.0;2020-01-01;BRASPINE;QUEIMADINHO USUCAPIAO;PR;DOUTOR ULYSSES;200,27;92,43;169,79;21,18;83,96;13,91;37,92;30,63;100,00;28,04;0,00;1,88
2020.0;1.0;2020-01-01;BRASPINE;RAMOS;PR;SENGES;69,83;38,15;166,59;20,89;83,94;13,91;38,55;30,08;100,00;42,87;0,00;4,76
2020.0;1.0;2020-01-01;BRASPINE;RIBEIRAO GRANDE;PR;JAGUARIAIVA;20,77;20,77;169,48;20,71;83,36;14,13;39,01;29,10;99,57;58,68;0,00;13,04
2020.0;1.0;2020-01-01;BRASPINE;RINCAO DE BAIXO;;;;;154,52;21,46;80,19;13,83;40,62;29,43;99,74;13,83;0,00;9,39
2020.0;1.0;2020-01-01;BRASPINE;RIO BOMBA;PR;CERRO AZUL;65,03;37,72;154,33;22,35;82,15;14,41;38,27;31,94;99,99;28,87;0,00;3,59
2020.0;1.0;2020-01-01;BRASPINE;RIO DO MEIO;PR;DOUTOR ULYSSES;712,33;389,13;172,93;21,18;83,96;13,91;37,92;30,63;100,00;28,04;0,00;1,88
2020.0;1.0;2020-01-01;BRASPINE;RONDON;PR;JAGUARIAIVA;2899,24;1475,88;161,63;20,77;83,52;13,63;38,46;29,55;99,94;43,08;0,00;13,85
2020.0;1.0;2020-01-01;BRASPINE;SANTA FELICIDADE;;;;;161,29;22,48;83,58;13,88;36,86;32,92;100,00;28,12;0,00;3,29
2020.0;1.0;2020-01-01;BRASPINE;SANTA LIDIA DO CERCADINHO;;;;;153,15;21,11;80,40;13,23;40,96;29,01;99,71;13,23;0,00;7,44
2020.0;1.0;2020-01-01;BRASPINE;SANTO ANTONIO;;;;;172,46;20,74;83,78;13,67;34,81;30,17;100,00;43,53;0,00;0,41
2020.0;1.0;2020-01-01;BRASPINE;SAO JOSE;PR;JANDAIA DO SUL;37,56;37,56;202,90;23,69;81,05;17,79;41,15;31,58;99,89;0,00;0,00;2,24
2020.0;1.0;2020-01-01;BRASPINE;SAO MATHEUS;;;;;198,91;24,79;80,93;18,29;40,35;33,01;99,60;0,00;0,00;1,33
2020.0;1.0;2020-01-01;BRASPINE;SAO PEDRO E SAO PAULO;PR;SAPOPEMA;709,13;323,93;184,63;22,24;80,06;15,07;39,76;30,30;99,70;0,00;0,00;6,24
2020.0;1.0;2020-01-01;BRASPINE;SAO RAFAEL;;;;;146,60;21,04;81,58;14,50;42,06;29,81;99,54;29,30;0,00;0,41
2020.0;1.0;2020-01-01;BRASPINE;SAO RAFAEL - PB;;;;;190,60;21,06;85,54;13,98;35,05;31,24;100,00;28,19;0,00;31,25
2020.0;1.0;2020-01-01;BRASPINE;SERRARIA;PR;DOUTOR ULYSSES;280,88;117,71;165,05;21,05;83,99;13,53;38,58;30,46;100,00;27,09;0,00;10,62
2020.0;1.0;2020-01-01;BRASPINE;SERRO VERDE;;;;;175,55;20,84;83,16;14,47;45,20;28,11;99,76;14,47;0,00;7,90
2020.0;1.0;2020-01-01;BRASPINE;SERTAOZINHO;PR;DOUTOR ULYSSES;16,25;16,25;167,89;21,18;83,96;13,91;37,92;30,63;100,00;28,04;0,00;1,88
2020.0;1.0;2020-01-01;BRASPINE;SITIO BASILIO;PR;JAGUARIAIVA;8,08;8,08;169,91;20,74;82,74;13,83;40,70;29,03;99,68;43,59;0,00;8,73
2020.0;1.0;2020-01-01;BRASPINE;SITIO DAS MARRECAS;PR;DOUTOR ULYSSES;77,49;35,17;167,24;21,88;83,78;14,04;37,71;31,84;100,00;28,24;0,00;7,19
2020.0;1.0;2020-01-01;BRASPINE;SOBRADINHO;SP;BOM SUCESSO DE ITARARE;285,80;123,10;167,75;20,65;84,75;13,73;33,84;30,35;100,00;43,46;0,00;24,11
2020.0;1.0;2020-01-01;BRASPINE;TAQUARAL;PR;JAGUARIAIVA;519,13;31,07;164,23;20,80;83,62;13,91;39,78;29,38;100,00;28,62;0,00;2,03
2020.0;1.0;2020-01-01;BRASPINE;TUCUNDUVA;PR;SENGES;82,21;60,89;198,59;21,39;80,89;13,99;37,47;30,30;99,72;28,16;0,00;1,79
2020.0;1.0;2020-01-01;BRASPINE;TUCUNDUVA - CHAMMA;;;;;188,87;21,52;80,53;13,93;36,50;30,50;99,77;28,78;0,00;2,55
2020.0;1.0;2020-01-01;BRASPINE;VIENA 1;PR;DOUTOR ULYSSES;263,98;178,34;174,98;20,70;84,00;13,05;39,94;29,46;100,00;41,43;0,00;13,61
2020.0;1.0;2020-01-01;BRASPINE;VIENA 2;PR;CERRO AZUL;140,23;96,54;153,95;22,35;82,15;14,41;38,27;31,94;99,99;28,87;0,00;3,59
2020.0;1.0;2020-01-01;BRASPINE;VITORIA;PR;SENGES;50,54;35,69;168,20;20,72;83,44;13,60;36,50;29,76;99,87;28,52;0,00;3,81
2020.0;1.0;2020-01-01;BRASPINE;VIVEIRO;PR;DOUTOR ULYSSES;405,39;261,22;174,05;21,18;83,96;13,91;37,92;30,63;100,00;28,04;0,00;1,88
2020.0;1.0;2020-01-01;BRASPINE;VO LINO;PR;DOUTOR ULYSSES;164,50;97,89;161,67;21,31;84,00;13,77;38,21;30,95;100,00;27,79;0,00;9,26
2020.0;1.0;2020-01-01;BRASPINE;XAXIM VELHO;;;;;138,63;20,23;83,84;13,04;41,30;27,70;100,00;56,28;0,00;0,61
2020.0;2.0;2020-02-01;BRASPINE;AGUA DOCE;PR;JAGUARIAIVA;238,97;121,99;133,99;20,11;85,06;12,92;44,90;28,91;99,95;126,19;0,00;15,05
2020.0;2.0;2020-02-01;BRASPINE;AMATA;;;;;138,70;22,01;84,23;14,73;45,61;33,10;100,00;14,73;0,00;0,15
2020.0;2.0;2020-02-01;BRASPINE;ANTA BRAVA;;;;;128,74;22,56;82,23;15,53;45,40;31,26;98,43;0,00;0,00;0,99
2020.0;2.0;2020-02-01;BRASPINE;ARAPONGAS;PR;SENGES;423,34;263,70;127,36;20,29;86,96;13,56;46,75;30,26;100,00;115,43;0,00;3,94
2020.0;2.0;2020-02-01;BRASPINE;ARROIO CLARO;PR;DOUTOR ULYSSES;275,14;92,00;133,77;20,41;87,05;13,69;46,15;30,81;100,00;116,29;0,00;14,00
2020.0;2.0;2020-02-01;BRASPINE;BARRA GRANDE;PR;DOUTOR ULYSSES;493,79;139,68;131,24;20,82;87,09;14,16;46,29;31,14;100,00;43,26;0,00;1,45
2020.0;2.0;2020-02-01;BRASPINE;BARRA GRANDE - BEMAIS;PR;GUARAPUAVA;299,16;108,61;112,53;20,41;79,33;13,51;38,65;29,26;99,97;98,17;0,00;2,96
2020.0;2.0;2020-02-01;BRASPINE;BARRETOS;PR;JAGUARIAIVA;43,35;32,98;137,57;20,12;86,52;12,96;47,88;29,62;100,00;126,49;0,00;4,79
2020.0;2.0;2020-02-01;BRASPINE;BAU;;;;;116,13;20,22;80,38;13,56;42,23;27,96;99,89;112,86;0,00;0,17
2020.0;2.0;2020-02-01;BRASPINE;BOA VISTA II;PR;PIRAI DO SUL;944,00;535,05;122,31;20,07;85,93;12,72;45,56;29,27;99,97;124,82;0,00;2,33
2020.0;2.0;2020-02-01;BRASPINE;BRASILEIRA;;;;;132,48;20,29;86,96;13,56;46,75;30,26;100,00;115,43;0,00;3,94
2020.0;2.0;2020-02-01;BRASPINE;BURACAO;;;;;135,36;20,35;84,74;13,18;47,10;30,24;99,80;112,57;0,00;356,73
2020.0;2.0;2020-02-01;BRASPINE;BURRINHO;PR;DOUTOR ULYSSES;211,01;100,37;133,46;20,41;87,05;13,69;46,15;30,81;100,00;116,29;0,00;14,00
2020.0;2.0;2020-02-01;BRASPINE;CADEADO I;PR;JAGUARIAIVA;21,07;12,29;122,33;20,03;86,70;13,10;47,09;29,70;100,00;112,04;0,00;7,58
2020.0;2.0;2020-02-01;BRASPINE;CADEADO II;PR;JAGUARIAIVA;21,88;16,79;122,33;20,03;86,70;13,10;47,09;29,70;100,00;112,04;0,00;7,58
2020.0;2.0;2020-02-01;BRASPINE;CAMPINA ALTA;PR;TIBAGI;29,77;18,24;133,85;21,76;80,24;13,86;42,60;30,96;99,85;57,40;0,00;2,21
2020.0;2.0;2020-02-01;BRASPINE;CAMPINA DO ELIAS;PR;JAGUARIAIVA;29,17;14,65;130,47;20,09;86,59;13,01;47,60;29,65;100,00;111,73;0,00;5,75
2020.0;2.0;2020-02-01;BRASPINE;CAMPO NOVO;PR;JAGUARIAIVA;295,98;156,36;128,64;20,03;86,70;13,10;47,09;29,70;100,00;112,04;0,00;7,58
2020.0;2.0;2020-02-01;BRASPINE;CONSULTORIA II A;PR;DOUTOR ULYSSES;89,62;60,79;127,12;20,29;86,96;13,56;46,75;30,26;100,00;115,43;0,00;3,94
2020.0;2.0;2020-02-01;BRASPINE;DINIZ;;;;;134,83;20,29;86,96;13,56;46,75;30,26;100,00;115,43;0,00;3,94
2020.0;2.0;2020-02-01;BRASPINE;ENES;PR;JAGUARIAIVA;5,93;5,69;128,82;20,03;86,70;13,10;47,09;29,70;100,00;112,04;0,00;7,58
2020.0;2.0;2020-02-01;BRASPINE;ENGENHARIA;;;;;134,83;20,29;86,96;13,56;46,75;30,26;100,00;115,43;0,00;3,94
2020.0;2.0;2020-02-01;BRASPINE;ESTACAO;PR;SENGES;4,76;4,14;124,33;20,03;86,70;13,10;47,09;29,70;100,00;112,04;0,00;7,58
2020.0;2.0;2020-02-01;BRASPINE;FAXINAL;PR;JAGUARIAIVA;20,65;20,65;128,82;20,03;86,70;13,10;47,09;29,70;100,00;112,04;0,00;7,58
2020.0;2.0;2020-02-01;BRASPINE;FEITAL;PR;DOUTOR ULYSSES;154,17;86,53;129,98;20,46;87,00;13,76;46,60;30,56;100,00;71,84;0,00;0,59
2020.0;2.0;2020-02-01;BRASPINE;FIGUEIRA;PR;DOUTOR ULYSSES;1053,81;315,71;135,23;20,41;87,05;13,69;46,15;30,81;100,00;116,29;0,00;14,00
2020.0;2.0;2020-02-01;BRASPINE;FIGUEIRINHA;PR;DOUTOR ULYSSES;94,37;56,74;131,01;20,41;87,05;13,69;46,15;30,81;100,00;116,29;0,00;14,00
2020.0;2.0;2020-02-01;BRASPINE;FLOEMA;PR;DOUTOR ULYSSES;2189,88;701,43;130,83;19,91;86,79;13,09;46,22;29,94;100,00;111,19;0,00;1,51
2020.0;2.0;2020-02-01;BRASPINE;FLOEMA I - SUDATI;;;;;125,77;20,29;86,96;13,56;46,75;30,26;100,00;115,43;0,00;3,94
2020.0;2.0;2020-02-01;BRASPINE;FLOEMA II - SUDATI;PR;DOUTOR ULYSSES;453,83;211,13;124,34;20,29;86,96;13,56;46,75;30,26;100,00;115,43;0,00;3,94
2020.0;2.0;2020-02-01;BRASPINE;FLOR DA SERRA;PR;SAO JOSE DA BOA VISTA;209,10;128,72;152,10;22,27;79,06;15,35;43,80;31,32;99,56;0,00;0,00;6,92
2020.0;2.0;2020-02-01;BRASPINE;GENTIL;PR;JAGUARIAIVA;126,77;53,33;130,28;19,97;84,75;12,77;44,74;28,70;99,83;124,57;0,00;0,03
2020.0;2.0;2020-02-01;BRASPINE;GUAIRACA;PR;GUARAPUAVA;623,62;169,31;117,58;20,64;77,91;13,63;37,37;29,88;99,97;84,40;0,00;1,13
2020.0;2.0;2020-02-01;BRASPINE;HERVAL 2 - MADALOSSO;;;;;142,27;20,35;84,74;13,18;47,10;30,24;99,80;112,57;0,00;356,73
2020.0;2.0;2020-02-01;BRASPINE;HERVAL DE BAIXO;PR;RESERVA;827,29;475,92;143,52;21,75;80,31;13,66;41,80;30,85;99,76;56,83;0,00;7,27
2020.0;2.0;2020-02-01;BRASPINE;HORTO 01;PR;TURVO;19,12;19,12;117,73;21,06;80,43;13,84;40,47;29,63;99,66;101,76;0,00;8,82
2020.0;2.0;2020-02-01;BRASPINE;HORTO 02;PR;TURVO;4,24;4,24;117,14;21,06;80,43;13,84;40,47;29,63;99,66;101,76;0,00;8,82
2020.0;2.0;2020-02-01;BRASPINE;HORTO 03;PR;PRUDENTOPOLIS;80,91;25,89;119,72;21,62;78,95;14,49;36,41;30,51;99,88;44,18;0,00;5,85
2020.0;2.0;2020-02-01;BRASPINE;HORTO 08;PR;TURVO;9,53;9,53;118,72;21,62;78,95;14,49;36,41;30,51;99,88;44,18;0,00;5,85
2020.0;2.0;2020-02-01;BRASPINE;HORTO 12;PR;PRUDENTOPOLIS;12,20;12,20;120,24;21,62;78,95;14,49;36,41;30,51;99,88;44,18;0,00;5,85
2020.0;2.0;2020-02-01;BRASPINE;IZAU;PR;PIRAI DO SUL;19,37;11,60;133,01;19,99;85,31;12,65;44,53;29,02;99,59;123,94;0,00;3,65
2020.0;2.0;2020-02-01;BRASPINE;JOAO RICO;PR;JAGUARIAIVA;47,46;26,18;132,66;20,11;85,06;12,92;44,90;28,91;99,95;126,19;0,00;15,05
2020.0;2.0;2020-02-01;BRASPINE;LAGOA;PR;JAGUARIAIVA;24,10;10,78;123,16;20,03;86,70;13,10;47,09;29,70;100,00;112,04;0,00;7,58
2020.0;2.0;2020-02-01;BRASPINE;MARACANA;PR;JANDAIA DO SUL;11,45;11,45;164,09;23,09;80,08;16,52;43,91;31,39;99,92;0,00;0,00;0,85
2020.0;2.0;2020-02-01;BRASPINE;MARRECA;;;;;130,04;20,41;87,05;13,69;46,15;30,81;100,00;116,29;0,00;14,00
2020.0;2.0;2020-02-01;BRASPINE;MARRECA SP;SP;ITAPIRAPUA PAULISTA;675,30;236,19;124,22;21,17;86,98;14,48;46,08;31,98;100,00;29,05;0,00;10,52
2020.0;2.0;2020-02-01;BRASPINE;MARRECAS;;;;;116,36;19,87;79,92;13,01;39,82;28,60;100,00;109,54;0,00;4,61
2020.0;2.0;2020-02-01;BRASPINE;MERCADINHO;;;;;127,39;21,22;85,66;14,35;45,66;32,04;100,00;58,73;0,00;1,62
2020.0;2.0;2020-02-01;BRASPINE;MONTE ALEGRE;;;;;162,79;23,56;79,43;17,02;44,52;31,78;99,91;0,00;0,00;1,68
2020.0;2.0;2020-02-01;BRASPINE;MONTE TABOR II;;;;;101,23;20,30;88,41;14,16;48,16;30,81;100,00;57,96;0,00;10,73
2020.0;2.0;2020-02-01;BRASPINE;MOREIRA;PR;DOUTOR ULYSSES;230,52;68,68;124,34;20,29;86,96;13,56;46,75;30,26;100,00;115,43;0,00;3,94
2020.0;2.0;2020-02-01;BRASPINE;MOREIRAS II;PR;DOUTOR ULYSSES;66,76;28,75;127,53;20,29;86,96;13,56;46,75;30,26;100,00;115,43;0,00;3,94
2020.0;2.0;2020-02-01;BRASPINE;MORRETES;PR;ORTIGUEIRA;20,36;20,36;146,37;22,26;79,51;13,96;38,50;31,64;99,79;43,01;0,00;0,67
2020.0;2.0;2020-02-01;BRASPINE;MORRO AZUL;;;;;121,75;20,33;87,96;13,78;44,55;30,42;100,00;71,63;0,00;16,83
2020.0;2.0;2020-02-01;BRASPINE;OURO FINO;SP;APIAI;51,70;51,70;91,03;20,02;88,76;13,72;45,41;30,27;100,00;85,90;0,00;11,68
2020.0;2.0;2020-02-01;BRASPINE;PALMEIRINHA DE BAIXO - SOSSEGO;PR;SENGES;85,93;9,22;131,88;19,85;86,00;13,13;45,76;32,27;99,86;111,92;0,00;13,27
2020.0;2.0;2020-02-01;BRASPINE;PAZIN;PR;DOUTOR ULYSSES;41,20;23,90;130,53;20,41;87,05;13,69;46,15;30,81;100,00;116,29;0,00;14,00
2020.0;2.0;2020-02-01;BRASPINE;PEDRAS;PR;CASTRO;7,18;7,18;114,51;20,07;85,41;12,65;46,52;29,17;99,64;124,34;0,00;3,61
2020.0;2.0;2020-02-01;BRASPINE;PESCARIA;PR;SAO JOSE DA BOA VISTA;184,57;129,22;150,07;22,40;78,84;15,58;41,70;31,47;99,55;0,00;0,00;5,48
2020.0;2.0;2020-02-01;BRASPINE;PESSEGUEIRO;PR;DOUTOR ULYSSES;109,95;64,79;122,18;20,29;86,96;13,56;46,75;30,26;100,00;115,43;0,00;3,94
2020.0;2.0;2020-02-01;BRASPINE;PITANGA;;;;;112,88;21,05;79,77;14,58;44,39;28,89;99,71;73,87;0,00;1,48
2020.0;2.0;2020-02-01;BRASPINE;QUEIMADINHO ARROIO CLARO;PR;DOUTOR ULYSSES;48,13;19,09;132,48;20,29;86,96;13,56;46,75;30,26;100,00;115,43;0,00;3,94
2020.0;2.0;2020-02-01;BRASPINE;QUEIMADINHO M6042;PR;DOUTOR ULYSSES;48,38;18,50;132,48;20,29;86,96;13,56;46,75;30,26;100,00;115,43;0,00;3,94
2020.0;2.0;2020-02-01;BRASPINE;QUEIMADINHO USUCAPIAO;PR;DOUTOR ULYSSES;200,27;92,43;132,48;20,29;86,96;13,56;46,75;30,26;100,00;115,43;0,00;3,94
2020.0;2.0;2020-02-01;BRASPINE;RAMOS;PR;SENGES;69,83;38,15;125,77;20,03;86,70;13,10;47,09;29,70;100,00;112,04;0,00;7,58
2020.0;2.0;2020-02-01;BRASPINE;RIBEIRAO GRANDE;PR;JAGUARIAIVA;20,77;20,77;130,45;19,99;85,31;12,65;44,53;29,02;99,59;123,94;0,00;3,65
2020.0;2.0;2020-02-01;BRASPINE;RINCAO DE BAIXO;;;;;130,05;21,01;79,29;13,71;42,73;29,95;99,55;84,80;0,00;6,80
2020.0;2.0;2020-02-01;BRASPINE;RIO BOMBA;PR;CERRO AZUL;65,03;37,72;133,09;21,55;84,10;14,38;45,92;32,34;99,97;28,95;0,00;0,15
2020.0;2.0;2020-02-01;BRASPINE;RIO DO MEIO;PR;DOUTOR ULYSSES;712,33;389,13;128,85;20,29;86,96;13,56;46,75;30,26;100,00;115,43;0,00;3,94
2020.0;2.0;2020-02-01;BRASPINE;RONDON;PR;JAGUARIAIVA;2899,24;1475,88;135,65;19,92;86,03;13,02;47,00;28,92;99,93;111,51;0,00;6,08
2020.0;2.0;2020-02-01;BRASPINE;SANTA FELICIDADE;;;;;129,27;21,52;87,01;14,56;45,66;32,68;100,00;29,42;0,00;6,76
2020.0;2.0;2020-02-01;BRASPINE;SANTA LIDIA DO CERCADINHO;;;;;126,28;20,61;79,85;13,45;43,93;29,38;99,55;83,01;0,00;7,28
2020.0;2.0;2020-02-01;BRASPINE;SANTO ANTONIO;;;;;126,81;19,85;86,54;13,23;45,18;29,16;100,00;112,48;0,00;8,83
2020.0;2.0;2020-02-01;BRASPINE;SAO JOSE;PR;JANDAIA DO SUL;37,56;37,56;161,90;23,41;79,67;16,87;44,52;31,62;99,96;0,00;0,00;2,02
2020.0;2.0;2020-02-01;BRASPINE;SAO MATHEUS;;;;;142,13;24,67;77,87;18,09;44,28;33,12;99,89;0,00;0,00;0,20
2020.0;2.0;2020-02-01;BRASPINE;SAO PEDRO E SAO PAULO;PR;SAPOPEMA;709,13;323,93;125,70;21,56;81,16;14,00;45,54;29,59;99,61;43,51;0,00;3,74
2020.0;2.0;2020-02-01;BRASPINE;SAO RAFAEL;;;;;125,87;20,32;81,95;11,68;44,10;30,76;99,36;80,15;0,00;1,50
2020.0;2.0;2020-02-01;BRASPINE;SAO RAFAEL - PB;;;;;117,61;20,13;88,59;13,76;44,88;30,42;100,00;86,28;0,00;13,22
2020.0;2.0;2020-02-01;BRASPINE;SERRARIA;PR;DOUTOR ULYSSES;280,88;117,71;121,75;20,16;86,92;13,39;46,19;30,38;100,00;113,74;0,00;0,02
2020.0;2.0;2020-02-01;BRASPINE;SERRO VERDE;;;;;119,98;20,61;79,13;13,84;43,68;28,38;99,84;114,86;0,00;3,64
2020.0;2.0;2020-02-01;BRASPINE;SERTAOZINHO;PR;DOUTOR ULYSSES;16,25;16,25;136,91;20,29;86,96;13,56;46,75;30,26;100,00;115,43;0,00;3,94
2020.0;2.0;2020-02-01;BRASPINE;SITIO BASILIO;PR;JAGUARIAIVA;8,08;8,08;133,35;20,01;84,66;12,85;44,85;28,66;99,93;125,19;0,00;17,57
2020.0;2.0;2020-02-01;BRASPINE;SITIO DAS MARRECAS;PR;DOUTOR ULYSSES;77,49;35,17;132,24;20,95;87,00;14,25;46,10;31,65;100,00;43,45;0,00;356,35
2020.0;2.0;2020-02-01;BRASPINE;SOBRADINHO;SP;BOM SUCESSO DE ITARARE;285,80;123,10;117,90;19,73;87,64;13,31;44,61;29,29;100,00;112,87;0,00;4,81
2020.0;2.0;2020-02-01;BRASPINE;TAQUARAL;PR;JAGUARIAIVA;519,13;31,07;136,83;20,03;85,88;12,92;46,11;28,95;100,00;126,17;0,00;10,97
2020.0;2.0;2020-02-01;BRASPINE;TUCUNDUVA;PR;SENGES;82,21;60,89;145,29;20,58;83,06;13,74;43,61;29,18;99,58;85,89;0,00;6,08
2020.0;2.0;2020-02-01;BRASPINE;TUCUNDUVA - CHAMMA;;;;;136,32;20,66;82,83;13,88;43,43;29,28;99,72;71,91;0,00;3,50
2020.0;2.0;2020-02-01;BRASPINE;VIENA 1;PR;DOUTOR ULYSSES;263,98;178,34;126,52;19,88;86,48;12,87;48,25;29,50;100,00;124,79;0,00;4,13
2020.0;2.0;2020-02-01;BRASPINE;VIENA 2;PR;CERRO AZUL;140,23;96,54;132,81;21,55;84,10;14,38;45,92;32,34;99,97;28,95;0,00;0,15
2020.0;2.0;2020-02-01;BRASPINE;VITORIA;PR;SENGES;50,54;35,69;131,88;19,85;86,00;13,13;45,76;32,27;99,86;111,92;0,00;13,27
2020.0;2.0;2020-02-01;BRASPINE;VIVEIRO;PR;DOUTOR ULYSSES;405,39;261,22;127,53;20,29;86,96;13,56;46,75;30,26;100,00;115,43;0,00;3,94
2020.0;2.0;2020-02-01;BRASPINE;VO LINO;PR;DOUTOR ULYSSES;164,50;97,89;130,88;20,41;87,05;13,69;46,15;30,81;100,00;116,29;0,00;14,00
2020.0;2.0;2020-02-01;BRASPINE;XAXIM VELHO;;;;;124,06;19,95;79,92;12,99;39,82;29,09;100,00;124,97;0,00;4,40
2020.0;3.0;2020-03-01;BRASPINE;AGUA DOCE;PR;JAGUARIAIVA;238,97;121,99;51,29;19,55;79,08;12,83;33,84;28,56;99,59;209,94;0,00;4,15
2020.0;3.0;2020-03-01;BRASPINE;AMATA;;;;;73,65;21,53;78,37;14,54;32,64;32,34;100,00;29,23;0,00;2,99
2020.0;3.0;2020-03-01;BRASPINE;ANTA BRAVA;;;;;50,97;22,13;75,76;15,58;32,56;30,87;99,56;0,00;0,00;58,69
2020.0;3.0;2020-03-01;BRASPINE;ARAPONGAS;PR;SENGES;423,34;263,70;55,87;19,62;82,36;12,87;32,92;29,56;100,00;171,04;0,00;0,05
2020.0;3.0;2020-03-01;BRASPINE;ARROIO CLARO;PR;DOUTOR ULYSSES;275,14;92,00;66,50;19,73;82,57;13,13;33,04;30,07;100,00;157,64;0,00;0,86
2020.0;3.0;2020-03-01;BRASPINE;BARRA GRANDE;PR;DOUTOR ULYSSES;493,79;139,68;66,60;20,18;82,65;13,22;32,61;30,36;100,00;85,46;0,00;92,95
2020.0;3.0;2020-03-01;BRASPINE;BARRA GRANDE - BEMAIS;PR;GUARAPUAVA;299,16;108,61;57,67;20,16;69,98;12,82;23,29;30,22;99,78;221,57;0,00;14,98
2020.0;3.0;2020-03-01;BRASPINE;BARRETOS;PR;JAGUARIAIVA;43,35;32,98;59,40;19,48;81,51;12,64;33,22;29,32;99,94;166,58;0,00;1,51
2020.0;3.0;2020-03-01;BRASPINE;BAU;;;;;79,35;19,95;70,69;12,89;27,44;29,22;99,69;208,35;0,00;0,63
2020.0;3.0;2020-03-01;BRASPINE;BOA VISTA II;PR;PIRAI DO SUL;944,00;535,05;65,10;19,46;80,64;12,99;34,17;28,94;99,79;179,98;0,00;1,29
2020.0;3.0;2020-03-01;BRASPINE;BRASILEIRA;;;;;65,03;19,62;82,36;12,87;32,92;29,56;100,00;171,04;0,00;0,05
2020.0;3.0;2020-03-01;BRASPINE;BURACAO;;;;;78,71;19,66;79,50;13,23;36,94;29,71;99,68;155,43;0,00;0,81
2020.0;3.0;2020-03-01;BRASPINE;BURRINHO;PR;DOUTOR ULYSSES;211,01;100,37;66,39;19,73;82,57;13,13;33,04;30,07;100,00;157,64;0,00;0,86
2020.0;3.0;2020-03-01;BRASPINE;CADEADO I;PR;JAGUARIAIVA;21,07;12,29;52,85;19,33;82,05;12,71;33,30;29,14;100,00;196,33;0,00;1,56
2020.0;3.0;2020-03-01;BRASPINE;CADEADO II;PR;JAGUARIAIVA;21,88;16,79;52,85;19,33;82,05;12,71;33,30;29,14;100,00;196,33;0,00;1,56
2020.0;3.0;2020-03-01;BRASPINE;CAMPINA ALTA;PR;TIBAGI;29,77;18,24;42,01;21,39;70,21;12,77;22,98;31,67;99,80;126,26;0,00;2,96
2020.0;3.0;2020-03-01;BRASPINE;CAMPINA DO ELIAS;PR;JAGUARIAIVA;29,17;14,65;59,88;19,43;81,70;12,66;33,25;29,26;99,96;181,53;0,00;1,53
2020.0;3.0;2020-03-01;BRASPINE;CAMPO NOVO;PR;JAGUARIAIVA;295,98;156,36;58,50;19,33;82,05;12,71;33,30;29,14;100,00;196,33;0,00;1,56
2020.0;3.0;2020-03-01;BRASPINE;CONSULTORIA II A;PR;DOUTOR ULYSSES;89,62;60,79;66,17;19,62;82,36;12,87;32,92;29,56;100,00;171,04;0,00;0,05
2020.0;3.0;2020-03-01;BRASPINE;DINIZ;;;;;60,64;19,62;82,36;12,87;32,92;29,56;100,00;171,04;0,00;0,05
2020.0;3.0;2020-03-01;BRASPINE;ENES;PR;JAGUARIAIVA;5,93;5,69;58,92;19,33;82,05;12,71;33,30;29,14;100,00;196,33;0,00;1,56
2020.0;3.0;2020-03-01;BRASPINE;ENGENHARIA;;;;;60,64;19,62;82,36;12,87;32,92;29,56;100,00;171,04;0,00;0,05
2020.0;3.0;2020-03-01;BRASPINE;ESTACAO;PR;SENGES;4,76;4,14;57,58;19,33;82,05;12,71;33,30;29,14;100,00;196,33;0,00;1,56
2020.0;3.0;2020-03-01;BRASPINE;FAXINAL;PR;JAGUARIAIVA;20,65;20,65;58,92;19,33;82,05;12,71;33,30;29,14;100,00;196,33;0,00;1,56
2020.0;3.0;2020-03-01;BRASPINE;FEITAL;PR;DOUTOR ULYSSES;154,17;86,53;64,85;19,81;82,46;12,98;32,82;29,83;100,00;142,97;0,00;1,74
2020.0;3.0;2020-03-01;BRASPINE;FIGUEIRA;PR;DOUTOR ULYSSES;1053,81;315,71;68,16;19,73;82,57;13,13;33,04;30,07;100,00;157,64;0,00;0,86
2020.0;3.0;2020-03-01;BRASPINE;FIGUEIRINHA;PR;DOUTOR ULYSSES;94,37;56,74;68,60;19,73;82,57;13,13;33,04;30,07;100,00;157,64;0,00;0,86
2020.0;3.0;2020-03-01;BRASPINE;FLOEMA;PR;DOUTOR ULYSSES;2189,88;701,43;71,22;19,17;82,24;12,74;33,57;29,33;100,00;195,59;0,00;0,28
2020.0;3.0;2020-03-01;BRASPINE;FLOEMA I - SUDATI;;;;;57,22;19,62;82,36;12,87;32,92;29,56;100,00;171,04;0,00;0,05
2020.0;3.0;2020-03-01;BRASPINE;FLOEMA II - SUDATI;PR;DOUTOR ULYSSES;453,83;211,13;63,47;19,62;82,36;12,87;32,92;29,56;100,00;171,04;0,00;0,05
2020.0;3.0;2020-03-01;BRASPINE;FLOR DA SERRA;PR;SAO JOSE DA BOA VISTA;209,10;128,72;59,20;22,06;69,44;14,12;27,62;31,31;99,42;29,08;0,00;6,89
2020.0;3.0;2020-03-01;BRASPINE;GENTIL;PR;JAGUARIAIVA;126,77;53,33;54,38;19,36;78,50;12,49;33,84;28,39;99,59;221,01;0,00;4,27
2020.0;3.0;2020-03-01;BRASPINE;GUAIRACA;PR;GUARAPUAVA;623,62;169,31;55,00;20,48;68,73;13,01;22,32;30,59;99,83;194,78;0,00;19,42
2020.0;3.0;2020-03-01;BRASPINE;HERVAL 2 - MADALOSSO;;;;;74,76;19,66;79,50;13,23;36,94;29,71;99,68;155,43;0,00;0,81
2020.0;3.0;2020-03-01;BRASPINE;HERVAL DE BAIXO;PR;RESERVA;827,29;475,92;43,88;21,37;70,31;12,73;22,40;31,87;99,71;153,28;0,00;2,52
2020.0;3.0;2020-03-01;BRASPINE;HORTO 01;PR;TURVO;19,12;19,12;67,24;20,90;69,13;13,01;22,90;30,93;99,77;165,72;0,00;0,29
2020.0;3.0;2020-03-01;BRASPINE;HORTO 02;PR;TURVO;4,24;4,24;71,75;20,90;69,13;13,01;22,90;30,93;99,77;165,72;0,00;0,29
2020.0;3.0;2020-03-01;BRASPINE;HORTO 03;PR;PRUDENTOPOLIS;80,91;25,89;53,58;21,62;66,94;13,91;20,29;32,02;99,68;144,00;0,00;4,13
2020.0;3.0;2020-03-01;BRASPINE;HORTO 08;PR;TURVO;9,53;9,53;76,11;21,62;66,94;13,91;20,29;32,02;99,68;144,00;0,00;4,13
2020.0;3.0;2020-03-01;BRASPINE;HORTO 12;PR;PRUDENTOPOLIS;12,20;12,20;51,21;21,62;66,94;13,91;20,29;32,02;99,68;144,00;0,00;4,13
2020.0;3.0;2020-03-01;BRASPINE;IZAU;PR;PIRAI DO SUL;19,37;11,60;59,90;19,38;79,39;12,61;33,08;28,83;99,65;207,80;0,00;4,64
2020.0;3.0;2020-03-01;BRASPINE;JOAO RICO;PR;JAGUARIAIVA;47,46;26,18;53,60;19,55;79,08;12,83;33,84;28,56;99,59;209,94;0,00;4,15
2020.0;3.0;2020-03-01;BRASPINE;LAGOA;PR;JAGUARIAIVA;24,10;10,78;56,18;19,33;82,05;12,71;33,30;29,14;100,00;196,33;0,00;1,56
2020.0;3.0;2020-03-01;BRASPINE;MARACANA;PR;JANDAIA DO SUL;11,45;11,45;58,31;22,93;69,37;15,91;28,85;32,37;99,96;0,00;0,00;2,16
2020.0;3.0;2020-03-01;BRASPINE;MARRECA;;;;;65,36;19,73;82,57;13,13;33,04;30,07;100,00;157,64;0,00;0,86
2020.0;3.0;2020-03-01;BRASPINE;MARRECA SP;SP;ITAPIRAPUA PAULISTA;675,30;236,19;77,40;20,52;82,66;13,67;32,92;31,12;100,00;87,07;0,00;0,77
2020.0;3.0;2020-03-01;BRASPINE;MARRECAS;;;;;58,73;19,53;71,41;12,27;24,92;29,36;99,85;227,52;0,00;0,02
2020.0;3.0;2020-03-01;BRASPINE;MERCADINHO;;;;;68,48;20,62;80,74;13,83;32,79;31,23;99,95;71,49;0,00;0,31
2020.0;3.0;2020-03-01;BRASPINE;MONTE ALEGRE;;;;;58,14;23,47;68,73;16,32;28,21;32,92;99,96;0,00;0,00;0,02
2020.0;3.0;2020-03-01;BRASPINE;MONTE TABOR II;;;;;64,80;19,58;84,82;12,69;40,65;29,72;100,00;127,43;0,00;85,34
2020.0;3.0;2020-03-01;BRASPINE;MOREIRA;PR;DOUTOR ULYSSES;230,52;68,68;63,47;19,62;82,36;12,87;32,92;29,56;100,00;171,04;0,00;0,05
2020.0;3.0;2020-03-01;BRASPINE;MOREIRAS II;PR;DOUTOR ULYSSES;66,76;28,75;66,57;19,62;82,36;12,87;32,92;29,56;100,00;171,04;0,00;0,05
2020.0;3.0;2020-03-01;BRASPINE;MORRETES;PR;ORTIGUEIRA;20,36;20,36;41,21;21,94;69,50;13,05;21,40;32,80;99,81;110,99;0,00;4,86
2020.0;3.0;2020-03-01;BRASPINE;MORRO AZUL;;;;;51,96;19,76;83,10;13,03;33,81;29,71;100,00;142,22;0,00;111,97
2020.0;3.0;2020-03-01;BRASPINE;OURO FINO;SP;APIAI;51,70;51,70;74,75;19,33;84,55;12,59;38,40;29,58;100,00;168,95;0,00;106,51
2020.0;3.0;2020-03-01;BRASPINE;PALMEIRINHA DE BAIXO - SOSSEGO;PR;SENGES;85,93;9,22;49,91;19,27;80,30;12,65;32,11;28,41;99,86;223,95;0,00;326,02
2020.0;3.0;2020-03-01;BRASPINE;PAZIN;PR;DOUTOR ULYSSES;41,20;23,90;66,13;19,73;82,57;13,13;33,04;30,07;100,00;157,64;0,00;0,86
2020.0;3.0;2020-03-01;BRASPINE;PEDRAS;PR;CASTRO;7,18;7,18;67,14;19,44;79,81;12,92;36,84;28,80;99,60;194,29;0,00;1,27
2020.0;3.0;2020-03-01;BRASPINE;PESCARIA;PR;SAO JOSE DA BOA VISTA;184,57;129,22;60,41;22,29;69,10;14,17;25,22;31,79;99,46;14,17;0,00;9,35
2020.0;3.0;2020-03-01;BRASPINE;PESSEGUEIRO;PR;DOUTOR ULYSSES;109,95;64,79;60,63;19,62;82,36;12,87;32,92;29,56;100,00;171,04;0,00;0,05
2020.0;3.0;2020-03-01;BRASPINE;PITANGA;;;;;73,29;20,83;69,75;13,63;28,71;29,87;99,37;159,13;0,00;0,19
2020.0;3.0;2020-03-01;BRASPINE;QUEIMADINHO ARROIO CLARO;PR;DOUTOR ULYSSES;48,13;19,09;65,03;19,62;82,36;12,87;32,92;29,56;100,00;171,04;0,00;0,05
2020.0;3.0;2020-03-01;BRASPINE;QUEIMADINHO M6042;PR;DOUTOR ULYSSES;48,38;18,50;65,03;19,62;82,36;12,87;32,92;29,56;100,00;171,04;0,00;0,05
2020.0;3.0;2020-03-01;BRASPINE;QUEIMADINHO USUCAPIAO;PR;DOUTOR ULYSSES;200,27;92,43;65,03;19,62;82,36;12,87;32,92;29,56;100,00;171,04;0,00;0,05
2020.0;3.0;2020-03-01;BRASPINE;RAMOS;PR;SENGES;69,83;38,15;57,22;19,33;82,05;12,71;33,30;29,14;100,00;196,33;0,00;1,56
2020.0;3.0;2020-03-01;BRASPINE;RIBEIRAO GRANDE;PR;JAGUARIAIVA;20,77;20,77;57,69;19,38;79,39;12,61;33,08;28,83;99,65;207,80;0,00;4,64
2020.0;3.0;2020-03-01;BRASPINE;RINCAO DE BAIXO;;;;;46,40;20,67;69,72;12,56;25,45;30,20;99,81;185,19;0,00;1,30
2020.0;3.0;2020-03-01;BRASPINE;RIO BOMBA;PR;CERRO AZUL;65,03;37,72;73,27;21,01;78,47;14,02;33,38;31,59;99,98;72,43;0,00;2,01
2020.0;3.0;2020-03-01;BRASPINE;RIO DO MEIO;PR;DOUTOR ULYSSES;712,33;389,13;66,16;19,62;82,36;12,87;32,92;29,56;100,00;171,04;0,00;0,05
2020.0;3.0;2020-03-01;BRASPINE;RONDON;PR;JAGUARIAIVA;2899,24;1475,88;52,90;19,29;80,74;12,50;33,39;28,44;99,84;224,03;0,00;119,77
2020.0;3.0;2020-03-01;BRASPINE;SANTA FELICIDADE;;;;;69,09;20,87;82,92;13,48;32,93;31,86;100,00;57,53;0,00;0,09
2020.0;3.0;2020-03-01;BRASPINE;SANTA LIDIA DO CERCADINHO;;;;;45,26;20,19;70,71;12,45;27,37;29,47;99,76;196,26;0,00;0,46
2020.0;3.0;2020-03-01;BRASPINE;SANTO ANTONIO;;;;;53,00;19,28;80,98;12,66;32,88;28,72;99,99;194,95;0,00;120,89
2020.0;3.0;2020-03-01;BRASPINE;SAO JOSE;PR;JANDAIA DO SUL;37,56;37,56;58,22;23,29;69,03;16,21;28,60;32,72;99,98;0,00;0,00;0,01
2020.0;3.0;2020-03-01;BRASPINE;SAO MATHEUS;;;;;54,19;24,67;67,17;17,15;26,91;34,14;99,91;0,00;0,00;0,06
2020.0;3.0;2020-03-01;BRASPINE;SAO PEDRO E SAO PAULO;PR;SAPOPEMA;709,13;323,93;51,09;21,08;71,83;13,47;30,68;30,36;99,70;114,62;0,00;1,61
2020.0;3.0;2020-03-01;BRASPINE;SAO RAFAEL;;;;;39,04;19,93;76,83;12,00;34,49;30,59;99,41;126,56;0,00;3,05
2020.0;3.0;2020-03-01;BRASPINE;SAO RAFAEL - PB;;;;;66,85;19,49;84,17;12,89;36,93;29,73;100,00;155,85;0,00;109,08
2020.0;3.0;2020-03-01;BRASPINE;SERRARIA;PR;DOUTOR ULYSSES;280,88;117,71;68,84;19,45;82,41;12,94;33,30;29,70;100,00;169,25;0,00;0,87
2020.0;3.0;2020-03-01;BRASPINE;SERRO VERDE;;;;;78,98;20,39;69,30;13,20;26,64;29,66;99,63;198,29;0,00;2,63
2020.0;3.0;2020-03-01;BRASPINE;SERTAOZINHO;PR;DOUTOR ULYSSES;16,25;16,25;63,05;19,62;82,36;12,87;32,92;29,56;100,00;171,04;0,00;0,05
2020.0;3.0;2020-03-01;BRASPINE;SITIO BASILIO;PR;JAGUARIAIVA;8,08;8,08;51,03;19,40;78,37;12,54;34,08;28,30;99,57;221,49;0,00;1,97
2020.0;3.0;2020-03-01;BRASPINE;SITIO DAS MARRECAS;PR;DOUTOR ULYSSES;77,49;35,17;70,57;20,29;82,63;13,51;32,96;30,82;100,00;86,00;0,00;0,80
2020.0;3.0;2020-03-01;BRASPINE;SOBRADINHO;SP;BOM SUCESSO DE ITARARE;285,80;123,10;56,38;19,15;82,28;12,60;35,34;28,81;100,00;209,79;0,00;119,31
2020.0;3.0;2020-03-01;BRASPINE;TAQUARAL;PR;JAGUARIAIVA;519,13;31,07;54,80;19,42;80,47;12,74;34,58;28,51;99,74;180,10;0,00;118,72
2020.0;3.0;2020-03-01;BRASPINE;TUCUNDUVA;PR;SENGES;82,21;60,89;56,34;20,10;75,85;12,78;30,58;29,13;99,44;184,91;0,00;121,25
2020.0;3.0;2020-03-01;BRASPINE;TUCUNDUVA - CHAMMA;;;;;51,20;20,26;75,49;13,07;29,40;29,44;99,12;142,49;0,00;126,20
2020.0;3.0;2020-03-01;BRASPINE;VIENA 1;PR;DOUTOR ULYSSES;263,98;178,34;70,16;19,13;81,77;12,80;35,45;28,96;100,00;238,74;0,00;0,45
2020.0;3.0;2020-03-01;BRASPINE;VIENA 2;PR;CERRO AZUL;140,23;96,54;72,83;21,01;78,47;14,02;33,38;31,59;99,98;72,43;0,00;2,01
2020.0;3.0;2020-03-01;BRASPINE;VITORIA;PR;SENGES;50,54;35,69;49,91;19,27;80,30;12,65;32,11;28,41;99,86;223,95;0,00;326,02
2020.0;3.0;2020-03-01;BRASPINE;VIVEIRO;PR;DOUTOR ULYSSES;405,39;261,22;66,57;19,62;82,36;12,87;32,92;29,56;100,00;171,04;0,00;0,05
2020.0;3.0;2020-03-01;BRASPINE;VO LINO;PR;DOUTOR ULYSSES;164,50;97,89;65,41;19,73;82,57;13,13;33,04;30,07;100,00;157,64;0,00;0,86
2020.0;3.0;2020-03-01;BRASPINE;XAXIM VELHO;;;;;61,94;19,75;71,16;12,62;25,16;29,42;99,97;231,60;0,00;7,47
2020.0;4.0;2020-04-01;BRASPINE;AGUA DOCE;PR;JAGUARIAIVA;238,97;121,99;39,03;17,68;72,49;8,53;26,89;28,14;99,35;321,02;0,00;6,89
2020.0;4.0;2020-04-01;BRASPINE;AMATA;;;;;53,25;19,27;73,48;8,39;24,97;31,88;99,97;233,14;0,00;0,21
2020.0;4.0;2020-04-01;BRASPINE;ANTA BRAVA;;;;;38,51;20,64;69,21;12,40;31,77;31,17;98,38;97,48;0,00;85,88
2020.0;4.0;2020-04-01;BRASPINE;ARAPONGAS;PR;SENGES;423,34;263,70;39,86;17,63;77,12;8,01;27,23;29,22;100,00;341,42;0,00;7,86
2020.0;4.0;2020-04-01;BRASPINE;ARROIO CLARO;PR;DOUTOR ULYSSES;275,14;92,00;51,53;17,66;77,60;8,41;27,28;29,65;100,00;342,70;0,00;1,70
2020.0;4.0;2020-04-01;BRASPINE;BARRA GRANDE;PR;DOUTOR ULYSSES;493,79;139,68;37,15;18,16;77,43;8,01;26,72;30,11;100,00;306,95;0,00;3,71
2020.0;4.0;2020-04-01;BRASPINE;BARRA GRANDE - BEMAIS;PR;GUARAPUAVA;299,16;108,61;44,60;17,44;66,50;6,59;28,61;27,17;99,88;305,51;0,00;3,70
2020.0;4.0;2020-04-01;BRASPINE;BARRETOS;PR;JAGUARIAIVA;43,35;32,98;42,29;17,59;75,55;8,36;26,91;28,66;99,89;325,29;0,00;12,32
2020.0;4.0;2020-04-01;BRASPINE;BAU;;;;;56,15;17,20;67,22;6,58;29,67;26,83;99,69;307,78;0,00;0,01
2020.0;4.0;2020-04-01;BRASPINE;BOA VISTA II;PR;PIRAI DO SUL;944,00;535,05;38,32;17,55;74,08;8,79;26,47;28,30;99,91;320,29;0,00;12,54
2020.0;4.0;2020-04-01;BRASPINE;BRASILEIRA;;;;;35,09;17,63;77,12;8,01;27,23;29,22;100,00;341,42;0,00;7,86
2020.0;4.0;2020-04-01;BRASPINE;BURACAO;;;;;62,90;17,64;72,91;7,89;28,11;29,18;99,62;322,28;0,00;3,41
2020.0;4.0;2020-04-01;BRASPINE;BURRINHO;PR;DOUTOR ULYSSES;211,01;100,37;51,55;17,66;77,60;8,41;27,28;29,65;100,00;342,70;0,00;1,70
2020.0;4.0;2020-04-01;BRASPINE;CADEADO I;PR;JAGUARIAIVA;21,07;12,29;34,96;17,39;76,77;8,32;27,67;28,67;100,00;336,17;0,00;11,71
2020.0;4.0;2020-04-01;BRASPINE;CADEADO II;PR;JAGUARIAIVA;21,88;16,79;34,96;17,39;76,77;8,32;27,67;28,67;100,00;336,17;0,00;11,71
2020.0;4.0;2020-04-01;BRASPINE;CAMPINA ALTA;PR;TIBAGI;29,77;18,24;53,10;19,12;64,78;8,36;24,28;29,61;99,28;275,86;0,00;17,45
2020.0;4.0;2020-04-01;BRASPINE;CAMPINA DO ELIAS;PR;JAGUARIAIVA;29,17;14,65;36,85;17,52;75,99;8,35;27,19;28,66;99,93;323,93;0,00;356,99
2020.0;4.0;2020-04-01;BRASPINE;CAMPO NOVO;PR;JAGUARIAIVA;295,98;156,36;40,56;17,39;76,77;8,32;27,67;28,67;100,00;336,17;0,00;11,71
2020.0;4.0;2020-04-01;BRASPINE;CONSULTORIA II A;PR;DOUTOR ULYSSES;89,62;60,79;32,51;17,63;77,12;8,01;27,23;29,22;100,00;341,42;0,00;7,86
2020.0;4.0;2020-04-01;BRASPINE;DINIZ;;;;;38,37;17,63;77,12;8,01;27,23;29,22;100,00;341,42;0,00;7,86
2020.0;4.0;2020-04-01;BRASPINE;ENES;PR;JAGUARIAIVA;5,93;5,69;40,59;17,39;76,77;8,32;27,67;28,67;100,00;336,17;0,00;11,71
2020.0;4.0;2020-04-01;BRASPINE;ENGENHARIA;;;;;38,37;17,63;77,12;8,01;27,23;29,22;100,00;341,42;0,00;7,86
2020.0;4.0;2020-04-01;BRASPINE;ESTACAO;PR;SENGES;4,76;4,14;34,61;17,39;76,77;8,32;27,67;28,67;100,00;336,17;0,00;11,71
2020.0;4.0;2020-04-01;BRASPINE;FAXINAL;PR;JAGUARIAIVA;20,65;20,65;40,59;17,39;76,77;8,32;27,67;28,67;100,00;336,17;0,00;11,71
2020.0;4.0;2020-04-01;BRASPINE;FEITAL;PR;DOUTOR ULYSSES;154,17;86,53;35,96;17,81;77,22;8,01;27,06;29,51;100,00;345,26;0,00;6,47
2020.0;4.0;2020-04-01;BRASPINE;FIGUEIRA;PR;DOUTOR ULYSSES;1053,81;315,71;40,59;17,66;77,60;8,41;27,28;29,65;100,00;342,70;0,00;1,70
2020.0;4.0;2020-04-01;BRASPINE;FIGUEIRINHA;PR;DOUTOR ULYSSES;94,37;56,74;41,18;17,66;77,60;8,41;27,28;29,65;100,00;342,70;0,00;1,70
2020.0;4.0;2020-04-01;BRASPINE;FLOEMA;PR;DOUTOR ULYSSES;2189,88;701,43;41,67;17,15;77,16;8,23;27,77;28,75;100,00;329,24;0,00;0,44
2020.0;4.0;2020-04-01;BRASPINE;FLOEMA I - SUDATI;;;;;34,47;17,63;77,12;8,01;27,23;29,22;100,00;341,42;0,00;7,86
2020.0;4.0;2020-04-01;BRASPINE;FLOEMA II - SUDATI;PR;DOUTOR ULYSSES;453,83;211,13;33,13;17,63;77,12;8,01;27,23;29,22;100,00;341,42;0,00;7,86
2020.0;4.0;2020-04-01;BRASPINE;FLOR DA SERRA;PR;SAO JOSE DA BOA VISTA;209,10;128,72;51,16;20,16;64,21;9,67;21,56;31,33;94,25;222,97;0,00;1,45
2020.0;4.0;2020-04-01;BRASPINE;GENTIL;PR;JAGUARIAIVA;126,77;53,33;41,13;17,51;71,88;7,55;26,91;27,95;98,89;315,08;0,00;11,93
2020.0;4.0;2020-04-01;BRASPINE;GUAIRACA;PR;GUARAPUAVA;623,62;169,31;43,75;17,65;65,65;6,23;26,64;27,61;99,86;307,25;0,00;3,59
2020.0;4.0;2020-04-01;BRASPINE;HERVAL 2 - MADALOSSO;;;;;60,22;17,64;72,91;7,89;28,11;29,18;99,62;322,28;0,00;3,41
2020.0;4.0;2020-04-01;BRASPINE;HERVAL DE BAIXO;PR;RESERVA;827,29;475,92;58,40;18,98;65,34;7,12;24,87;29,71;99,13;281,78;0,00;11,72
2020.0;4.0;2020-04-01;BRASPINE;HORTO 01;PR;TURVO;19,12;19,12;52,11;18,23;65,55;6,47;29,18;28,24;98,98;282,06;0,00;3,74
2020.0;4.0;2020-04-01;BRASPINE;HORTO 02;PR;TURVO;4,24;4,24;52,40;18,23;65,55;6,47;29,18;28,24;98,98;282,06;0,00;3,74
2020.0;4.0;2020-04-01;BRASPINE;HORTO 03;PR;PRUDENTOPOLIS;80,91;25,89;51,52;18,73;64,77;7,12;27,68;28,93;99,55;294,44;0,00;1,15
2020.0;4.0;2020-04-01;BRASPINE;HORTO 08;PR;TURVO;9,53;9,53;52,13;18,73;64,77;7,12;27,68;28,93;99,55;294,44;0,00;1,15
2020.0;4.0;2020-04-01;BRASPINE;HORTO 12;PR;PRUDENTOPOLIS;12,20;12,20;51,69;18,73;64,77;7,12;27,68;28,93;99,55;294,44;0,00;1,15
2020.0;4.0;2020-04-01;BRASPINE;IZAU;PR;PIRAI DO SUL;19,37;11,60;39,43;17,54;72,72;7,83;26,02;28,22;99,15;304,02;0,00;0,66
2020.0;4.0;2020-04-01;BRASPINE;JOAO RICO;PR;JAGUARIAIVA;47,46;26,18;40,77;17,68;72,49;8,53;26,89;28,14;99,35;321,02;0,00;6,89
2020.0;4.0;2020-04-01;BRASPINE;LAGOA;PR;JAGUARIAIVA;24,10;10,78;35,39;17,39;76,77;8,32;27,67;28,67;100,00;336,17;0,00;11,71
2020.0;4.0;2020-04-01;BRASPINE;MARACANA;PR;JANDAIA DO SUL;11,45;11,45;40,59;20,48;66,11;9,36;31,54;30,22;99,92;172,49;0,00;7,50
2020.0;4.0;2020-04-01;BRASPINE;MARRECA;;;;;50,30;17,66;77,60;8,41;27,28;29,65;100,00;342,70;0,00;1,70
2020.0;4.0;2020-04-01;BRASPINE;MARRECA SP;SP;ITAPIRAPUA PAULISTA;675,30;236,19;45,67;18,40;77,79;8,56;26,81;30,75;100,00;296,61;0,00;0,78
2020.0;4.0;2020-04-01;BRASPINE;MARRECAS;;;;;44,10;16,83;67,66;6,17;28,41;26,46;99,92;290,80;0,00;12,11
2020.0;4.0;2020-04-01;BRASPINE;MERCADINHO;;;;;43,86;18,44;75,82;8,52;26,15;30,86;99,96;296,76;0,00;0,57
2020.0;4.0;2020-04-01;BRASPINE;MONTE ALEGRE;;;;;42,11;20,85;66,57;9,84;31,54;30,67;99,93;146,33;0,00;2,28
2020.0;4.0;2020-04-01;BRASPINE;MONTE TABOR II;;;;;43,28;17,52;79,80;6,82;29,62;29,71;100,00;295,61;0,00;2,03
2020.0;4.0;2020-04-01;BRASPINE;MOREIRA;PR;DOUTOR ULYSSES;230,52;68,68;33,13;17,63;77,12;8,01;27,23;29,22;100,00;341,42;0,00;7,86
2020.0;4.0;2020-04-01;BRASPINE;MOREIRAS II;PR;DOUTOR ULYSSES;66,76;28,75;32,42;17,63;77,12;8,01;27,23;29,22;100,00;341,42;0,00;7,86
2020.0;4.0;2020-04-01;BRASPINE;MORRETES;PR;ORTIGUEIRA;20,36;20,36;49,82;19,44;65,33;7,17;24,53;30,44;98,86;284,88;0,00;12,87
2020.0;4.0;2020-04-01;BRASPINE;MORRO AZUL;;;;;34,51;17,85;77,32;8,27;26,99;29,67;100,00;331,60;0,00;3,30
2020.0;4.0;2020-04-01;BRASPINE;OURO FINO;SP;APIAI;51,70;51,70;40,07;17,44;78,91;7,94;29,05;29,42;99,84;340,06;0,00;1,92
2020.0;4.0;2020-04-01;BRASPINE;PALMEIRINHA DE BAIXO - SOSSEGO;PR;SENGES;85,93;9,22;32,84;17,47;74,31;8,56;26,56;28,28;99,19;334,10;0,00;4,95
2020.0;4.0;2020-04-01;BRASPINE;PAZIN;PR;DOUTOR ULYSSES;41,20;23,90;37,35;17,66;77,60;8,41;27,28;29,65;100,00;342,70;0,00;1,70
2020.0;4.0;2020-04-01;BRASPINE;PEDRAS;PR;CASTRO;7,18;7,18;44,13;17,42;73,43;6,77;28,03;28,05;99,46;313,83;0,00;3,82
2020.0;4.0;2020-04-01;BRASPINE;PESCARIA;PR;SAO JOSE DA BOA VISTA;184,57;129,22;49,62;20,45;63,56;10,82;20,08;31,61;94,58;212,95;0,00;6,94
2020.0;4.0;2020-04-01;BRASPINE;PESSEGUEIRO;PR;DOUTOR ULYSSES;109,95;64,79;35,01;17,63;77,12;8,01;27,23;29,22;100,00;341,42;0,00;7,86
2020.0;4.0;2020-04-01;BRASPINE;PITANGA;;;;;65,85;18,03;66,23;6,64;30,70;27,64;99,57;312,48;0,00;0,01
2020.0;4.0;2020-04-01;BRASPINE;QUEIMADINHO ARROIO CLARO;PR;DOUTOR ULYSSES;48,13;19,09;35,09;17,63;77,12;8,01;27,23;29,22;100,00;341,42;0,00;7,86
2020.0;4.0;2020-04-01;BRASPINE;QUEIMADINHO M6042;PR;DOUTOR ULYSSES;48,38;18,50;35,09;17,63;77,12;8,01;27,23;29,22;100,00;341,42;0,00;7,86
2020.0;4.0;2020-04-01;BRASPINE;QUEIMADINHO USUCAPIAO;PR;DOUTOR ULYSSES;200,27;92,43;35,09;17,63;77,12;8,01;27,23;29,22;100,00;341,42;0,00;7,86
2020.0;4.0;2020-04-01;BRASPINE;RAMOS;PR;SENGES;69,83;38,15;34,47;17,39;76,77;8,32;27,67;28,67;100,00;336,17;0,00;11,71
2020.0;4.0;2020-04-01;BRASPINE;RIBEIRAO GRANDE;PR;JAGUARIAIVA;20,77;20,77;40,56;17,54;72,72;7,83;26,02;28,22;99,15;304,02;0,00;0,66
2020.0;4.0;2020-04-01;BRASPINE;RINCAO DE BAIXO;;;;;54,22;18,56;64,49;7,31;22,64;29,04;98,82;275,39;0,00;3,89
2020.0;4.0;2020-04-01;BRASPINE;RIO BOMBA;PR;CERRO AZUL;65,03;37,72;46,83;18,77;73,29;8,04;25,38;31,22;99,89;298,88;0,00;3,64
2020.0;4.0;2020-04-01;BRASPINE;RIO DO MEIO;PR;DOUTOR ULYSSES;712,33;389,13;33,13;17,63;77,12;8,01;27,23;29,22;100,00;341,42;0,00;7,86
2020.0;4.0;2020-04-01;BRASPINE;RONDON;PR;JAGUARIAIVA;2899,24;1475,88;35,59;17,40;75,02;8,34;27,75;28,15;99,55;331,60;0,00;12,30
2020.0;4.0;2020-04-01;BRASPINE;SANTA FELICIDADE;;;;;40,23;18,74;78,10;8,74;26,35;31,36;100,00;271,32;0,00;0,34
2020.0;4.0;2020-04-01;BRASPINE;SANTA LIDIA DO CERCADINHO;;;;;52,29;18,15;65,07;7,09;22,97;28,52;98,93;298,63;0,00;2,67
2020.0;4.0;2020-04-01;BRASPINE;SANTO ANTONIO;;;;;36,47;17,46;75,00;8,28;26,70;28,53;99,49;335,57;0,00;1,39
2020.0;4.0;2020-04-01;BRASPINE;SAO JOSE;PR;JANDAIA DO SUL;37,56;37,56;42,13;20,71;66,67;9,73;31,78;30,49;99,95;159,96;0,00;2,97
2020.0;4.0;2020-04-01;BRASPINE;SAO MATHEUS;;;;;57,73;21,70;66,60;9,62;30,25;31,79;99,65;133,59;0,00;1,07
2020.0;4.0;2020-04-01;BRASPINE;SAO PEDRO E SAO PAULO;PR;SAPOPEMA;709,13;323,93;45,73;19,01;66,99;9,06;29,29;29,54;97,47;272,75;0,00;1,94
2020.0;4.0;2020-04-01;BRASPINE;SAO RAFAEL;;;;;35,96;17,65;71,32;6,25;27,38;29,70;99,65;292,79;0,00;3,84
2020.0;4.0;2020-04-01;BRASPINE;SAO RAFAEL - PB;;;;;35,33;17,59;78,49;8,15;28,20;29,58;99,92;329,02;0,00;2,42
2020.0;4.0;2020-04-01;BRASPINE;SERRARIA;PR;DOUTOR ULYSSES;280,88;117,71;39,26;17,40;77,38;8,32;27,53;29,20;100,00;335,97;0,00;0,06
2020.0;4.0;2020-04-01;BRASPINE;SERRO VERDE;;;;;61,44;17,49;66,85;6,23;30,36;27,33;99,82;300,28;0,00;0,18
2020.0;4.0;2020-04-01;BRASPINE;SERTAOZINHO;PR;DOUTOR ULYSSES;16,25;16,25;37,26;17,63;77,12;8,01;27,23;29,22;100,00;341,42;0,00;7,86
2020.0;4.0;2020-04-01;BRASPINE;SITIO BASILIO;PR;JAGUARIAIVA;8,08;8,08;38,74;17,54;71,78;7,73;27,18;27,91;98,90;315,23;0,00;9,39
2020.0;4.0;2020-04-01;BRASPINE;SITIO DAS MARRECAS;PR;DOUTOR ULYSSES;77,49;35,17;40,50;18,19;77,74;8,51;26,95;30,44;100,00;292,91;0,00;0,07
2020.0;4.0;2020-04-01;BRASPINE;SOBRADINHO;SP;BOM SUCESSO DE ITARARE;285,80;123,10;35,66;17,35;76,22;8,12;27,86;28,66;99,83;320,25;0,00;114,82
2020.0;4.0;2020-04-01;BRASPINE;TAQUARAL;PR;JAGUARIAIVA;519,13;31,07;40,79;17,53;74,22;8,52;27,84;28,09;99,83;320,29;0,00;3,36
2020.0;4.0;2020-04-01;BRASPINE;TUCUNDUVA;PR;SENGES;82,21;60,89;41,31;18,22;70,01;8,79;25,31;28,88;97,89;310,47;0,00;9,53
2020.0;4.0;2020-04-01;BRASPINE;TUCUNDUVA - CHAMMA;;;;;41,13;18,46;69,53;8,93;23,87;29,17;98,48;320,93;0,00;8,23
2020.0;4.0;2020-04-01;BRASPINE;VIENA 1;PR;DOUTOR ULYSSES;263,98;178,34;38,62;17,17;76,07;8,00;28,27;28,30;99,99;331,32;0,00;2,83
2020.0;4.0;2020-04-01;BRASPINE;VIENA 2;PR;CERRO AZUL;140,23;96,54;47,08;18,77;73,29;8,04;25,38;31,22;99,89;298,88;0,00;3,64
2020.0;4.0;2020-04-01;BRASPINE;VITORIA;PR;SENGES;50,54;35,69;32,84;17,47;74,31;8,56;26,56;28,28;99,19;334,10;0,00;4,95
2020.0;4.0;2020-04-01;BRASPINE;VIVEIRO;PR;DOUTOR ULYSSES;405,39;261,22;32,42;17,63;77,12;8,01;27,23;29,22;100,00;341,42;0,00;7,86
2020.0;4.0;2020-04-01;BRASPINE;VO LINO;PR;DOUTOR ULYSSES;164,50;97,89;51,76;17,66;77,60;8,41;27,28;29,65;100,00;342,70;0,00;1,70
2020.0;4.0;2020-04-01;BRASPINE;XAXIM VELHO;;;;;40,14;16,88;68,43;5,73;28,63;26,61;99,96;308,82;0,00;1,35
2020.0;5.0;2020-05-01;BRASPINE;AGUA DOCE;PR;JAGUARIAIVA;238,97;121,99;62,46;14,93;71,44;5,22;34,60;24,84;99,85;282,06;0,00;10,76
2020.0;5.0;2020-05-01;BRASPINE;AMATA;;;;;70,69;16,02;77,03;5,52;37,78;27,95;99,69;285,39;0,00;14,71
2020.0;5.0;2020-05-01;BRASPINE;ANTA BRAVA;;;;;53,50;18,07;68,10;7,91;27,45;28,23;99,83;275,77;0,00;5,97
2020.0;5.0;2020-05-01;BRASPINE;ARAPONGAS;PR;SENGES;423,34;263,70;63,12;15,03;75,56;5,69;38,01;25,23;100,00;302,10;0,00;0,69
2020.0;5.0;2020-05-01;BRASPINE;ARROIO CLARO;PR;DOUTOR ULYSSES;275,14;92,00;56,83;14,95;77,15;5,93;38,12;25,49;100,00;300,79;0,00;5,12
2020.0;5.0;2020-05-01;BRASPINE;BARRA GRANDE;PR;DOUTOR ULYSSES;493,79;139,68;64,82;15,44;76,29;5,66;37,75;25,94;100,00;309,37;0,00;0,45
2020.0;5.0;2020-05-01;BRASPINE;BARRA GRANDE - BEMAIS;PR;GUARAPUAVA;299,16;108,61;92,41;14,10;75,01;4,42;33,58;25,03;99,98;267,30;13,86;15,62
2020.0;5.0;2020-05-01;BRASPINE;BARRETOS;PR;JAGUARIAIVA;43,35;32,98;67,69;14,95;73,81;6,75;37,80;25,22;99,87;291,68;0,00;21,39
2020.0;5.0;2020-05-01;BRASPINE;BAU;;;;;84,74;14,05;74,36;4,23;33,67;24,60;99,87;298,81;9,16;2,30
2020.0;5.0;2020-05-01;BRASPINE;BOA VISTA II;PR;PIRAI DO SUL;944,00;535,05;62,45;14,84;72,67;5,43;36,72;25,07;99,90;285,91;0,00;18,85
2020.0;5.0;2020-05-01;BRASPINE;BRASILEIRA;;;;;60,75;15,03;75,56;5,69;38,01;25,23;100,00;302,10;0,00;0,69
2020.0;5.0;2020-05-01;BRASPINE;BURACAO;;;;;63,24;14,91;73,59;5,43;36,36;25,51;99,78;281,88;0,00;12,33
2020.0;5.0;2020-05-01;BRASPINE;BURRINHO;PR;DOUTOR ULYSSES;211,01;100,37;56,58;14,95;77,15;5,93;38,12;25,49;100,00;300,79;0,00;5,12
2020.0;5.0;2020-05-01;BRASPINE;CADEADO I;PR;JAGUARIAIVA;21,07;12,29;61,51;14,85;74,76;6,19;38,15;24,92;100,00;298,03;0,00;0,19
2020.0;5.0;2020-05-01;BRASPINE;CADEADO II;PR;JAGUARIAIVA;21,88;16,79;61,51;14,85;74,76;6,19;38,15;24,92;100,00;298,03;0,00;0,19
2020.0;5.0;2020-05-01;BRASPINE;CAMPINA ALTA;PR;TIBAGI;29,77;18,24;60,38;15,63;72,20;4,05;31,65;26,41;99,86;252,15;13,73;4,19
2020.0;5.0;2020-05-01;BRASPINE;CAMPINA DO ELIAS;PR;JAGUARIAIVA;29,17;14,65;64,48;14,91;74,16;6,55;37,93;25,11;99,92;303,59;0,00;21,64
2020.0;5.0;2020-05-01;BRASPINE;CAMPO NOVO;PR;JAGUARIAIVA;295,98;156,36;66,39;14,85;74,76;6,19;38,15;24,92;100,00;298,03;0,00;0,19
2020.0;5.0;2020-05-01;BRASPINE;CONSULTORIA II A;PR;DOUTOR ULYSSES;89,62;60,79;62,03;15,03;75,56;5,69;38,01;25,23;100,00;302,10;0,00;0,69
2020.0;5.0;2020-05-01;BRASPINE;DINIZ;;;;;65,04;15,03;75,56;5,69;38,01;25,23;100,00;302,10;0,00;0,69
2020.0;5.0;2020-05-01;BRASPINE;ENES;PR;JAGUARIAIVA;5,93;5,69;66,88;14,85;74,76;6,19;38,15;24,92;100,00;298,03;0,00;0,19
2020.0;5.0;2020-05-01;BRASPINE;ENGENHARIA;;;;;65,04;15,03;75,56;5,69;38,01;25,23;100,00;302,10;0,00;0,69
2020.0;5.0;2020-05-01;BRASPINE;ESTACAO;PR;SENGES;4,76;4,14;64,02;14,85;74,76;6,19;38,15;24,92;100,00;298,03;0,00;0,19
2020.0;5.0;2020-05-01;BRASPINE;FAXINAL;PR;JAGUARIAIVA;20,65;20,65;66,88;14,85;74,76;6,19;38,15;24,92;100,00;298,03;0,00;0,19
2020.0;5.0;2020-05-01;BRASPINE;FEITAL;PR;DOUTOR ULYSSES;154,17;86,53;62,80;15,17;75,80;5,68;37,92;25,46;100,00;304,53;0,00;0,61
2020.0;5.0;2020-05-01;BRASPINE;FIGUEIRA;PR;DOUTOR ULYSSES;1053,81;315,71;60,97;14,95;77,15;5,93;38,12;25,49;100,00;300,79;0,00;5,12
2020.0;5.0;2020-05-01;BRASPINE;FIGUEIRINHA;PR;DOUTOR ULYSSES;94,37;56,74;69,59;14,95;77,15;5,93;38,12;25,49;100,00;300,79;0,00;5,12
2020.0;5.0;2020-05-01;BRASPINE;FLOEMA;PR;DOUTOR ULYSSES;2189,88;701,43;69,23;14,58;76,12;6,08;38,53;24,77;100,00;293,30;0,00;112,46
2020.0;5.0;2020-05-01;BRASPINE;FLOEMA I - SUDATI;;;;;63,34;15,03;75,56;5,69;38,01;25,23;100,00;302,10;0,00;0,69
2020.0;5.0;2020-05-01;BRASPINE;FLOEMA II - SUDATI;PR;DOUTOR ULYSSES;453,83;211,13;61,29;15,03;75,56;5,69;38,01;25,23;100,00;302,10;0,00;0,69
2020.0;5.0;2020-05-01;BRASPINE;FLOR DA SERRA;PR;SAO JOSE DA BOA VISTA;209,10;128,72;51,07;16,81;67,59;5,36;26,96;27,21;99,50;300,23;0,00;1,17
2020.0;5.0;2020-05-01;BRASPINE;GENTIL;PR;JAGUARIAIVA;126,77;53,33;63,53;14,74;71,63;4,99;34,98;24,62;99,54;279,58;4,99;0,50
2020.0;5.0;2020-05-01;BRASPINE;GUAIRACA;PR;GUARAPUAVA;623,62;169,31;102,70;14,22;73,94;3,49;31,25;25,45;99,98;263,63;17,12;0,31
2020.0;5.0;2020-05-01;BRASPINE;HERVAL 2 - MADALOSSO;;;;;63,62;14,91;73,59;5,43;36,36;25,51;99,78;281,88;0,00;12,33
2020.0;5.0;2020-05-01;BRASPINE;HERVAL DE BAIXO;PR;RESERVA;827,29;475,92;56,49;15,43;73,23;3,71;30,94;26,41;99,81;238,54;16,99;9,44
2020.0;5.0;2020-05-01;BRASPINE;HORTO 01;PR;TURVO;19,12;19,12;71,10;14,62;74,75;4,13;31,43;26,01;99,64;256,97;22,82;1,02
2020.0;5.0;2020-05-01;BRASPINE;HORTO 02;PR;TURVO;4,24;4,24;70,64;14,62;74,75;4,13;31,43;26,01;99,64;256,97;22,82;1,02
2020.0;5.0;2020-05-01;BRASPINE;HORTO 03;PR;PRUDENTOPOLIS;80,91;25,89;71,82;15,01;74,49;4,59;31,39;26,49;99,88;250,18;18,64;0,83
2020.0;5.0;2020-05-01;BRASPINE;HORTO 08;PR;TURVO;9,53;9,53;67,82;15,01;74,49;4,59;31,39;26,49;99,88;250,18;18,64;0,83
2020.0;5.0;2020-05-01;BRASPINE;HORTO 12;PR;PRUDENTOPOLIS;12,20;12,20;71,27;15,01;74,49;4,59;31,39;26,49;99,88;250,18;18,64;0,83
2020.0;5.0;2020-05-01;BRASPINE;IZAU;PR;PIRAI DO SUL;19,37;11,60;60,50;14,77;72,40;5,58;36,88;25,02;99,59;287,23;0,00;3,37
2020.0;5.0;2020-05-01;BRASPINE;JOAO RICO;PR;JAGUARIAIVA;47,46;26,18;63,53;14,93;71,44;5,22;34,60;24,84;99,85;282,06;0,00;10,76
2020.0;5.0;2020-05-01;BRASPINE;LAGOA;PR;JAGUARIAIVA;24,10;10,78;62,78;14,85;74,76;6,19;38,15;24,92;100,00;298,03;0,00;0,19
2020.0;5.0;2020-05-01;BRASPINE;MARACANA;PR;JANDAIA DO SUL;11,45;11,45;38,28;17,54;69,40;6,43;29,26;27,87;99,99;242,92;0,00;0,18
2020.0;5.0;2020-05-01;BRASPINE;MARRECA;;;;;55,11;14,95;77,15;5,93;38,12;25,49;100,00;300,79;0,00;5,12
2020.0;5.0;2020-05-01;BRASPINE;MARRECA SP;SP;ITAPIRAPUA PAULISTA;675,30;236,19;71,54;15,53;77,92;5,15;38,10;26,57;100,00;310,53;0,00;4,29
2020.0;5.0;2020-05-01;BRASPINE;MARRECAS;;;;;104,80;13,64;75,40;3,74;33,47;24,43;100,00;253,55;17,42;4,49
2020.0;5.0;2020-05-01;BRASPINE;MERCADINHO;;;;;71,26;15,47;77,38;5,70;37,79;26,74;99,84;307,11;0,00;6,07
2020.0;5.0;2020-05-01;BRASPINE;MONTE ALEGRE;;;;;39,63;17,86;69,86;6,87;29,12;28,27;99,93;245,99;0,00;5,43
2020.0;5.0;2020-05-01;BRASPINE;MONTE TABOR II;;;;;59,31;14,98;77,77;3,73;37,69;25,69;99,99;309,88;3,73;5,69
2020.0;5.0;2020-05-01;BRASPINE;MOREIRA;PR;DOUTOR ULYSSES;230,52;68,68;61,29;15,03;75,56;5,69;38,01;25,23;100,00;302,10;0,00;0,69
2020.0;5.0;2020-05-01;BRASPINE;MOREIRAS II;PR;DOUTOR ULYSSES;66,76;28,75;62,13;15,03;75,56;5,69;38,01;25,23;100,00;302,10;0,00;0,69
2020.0;5.0;2020-05-01;BRASPINE;MORRETES;PR;ORTIGUEIRA;20,36;20,36;64,65;15,76;73,52;3,89;29,71;27,14;99,79;242,15;12,87;1,80
2020.0;5.0;2020-05-01;BRASPINE;MORRO AZUL;;;;;58,12;15,27;75,11;6,11;35,99;25,32;100,00;308,43;0,00;3,38
2020.0;5.0;2020-05-01;BRASPINE;OURO FINO;SP;APIAI;51,70;51,70;58,46;15,03;75,80;5,40;35,57;25,30;99,97;318,12;0,00;1,63
2020.0;5.0;2020-05-01;BRASPINE;PALMEIRINHA DE BAIXO - SOSSEGO;PR;SENGES;85,93;9,22;61,76;14,94;71,97;5,79;34,58;24,53;99,86;298,98;0,00;1,59
2020.0;5.0;2020-05-01;BRASPINE;PAZIN;PR;DOUTOR ULYSSES;41,20;23,90;65,59;14,95;77,15;5,93;38,12;25,49;100,00;300,79;0,00;5,12
2020.0;5.0;2020-05-01;BRASPINE;PEDRAS;PR;CASTRO;7,18;7,18;63,91;14,60;73,34;4,80;38,15;24,88;99,76;263,47;4,80;3,45
2020.0;5.0;2020-05-01;BRASPINE;PESCARIA;PR;SAO JOSE DA BOA VISTA;184,57;129,22;57,99;17,05;67,11;5,36;25,45;27,61;99,41;292,33;0,00;1,99
2020.0;5.0;2020-05-01;BRASPINE;PESSEGUEIRO;PR;DOUTOR ULYSSES;109,95;64,79;66,13;15,03;75,56;5,69;38,01;25,23;100,00;302,10;0,00;0,69
2020.0;5.0;2020-05-01;BRASPINE;PITANGA;;;;;68,75;14,73;73,75;4,71;33,45;25,65;99,73;298,44;9,54;3,39
2020.0;5.0;2020-05-01;BRASPINE;QUEIMADINHO ARROIO CLARO;PR;DOUTOR ULYSSES;48,13;19,09;60,75;15,03;75,56;5,69;38,01;25,23;100,00;302,10;0,00;0,69
2020.0;5.0;2020-05-01;BRASPINE;QUEIMADINHO M6042;PR;DOUTOR ULYSSES;48,38;18,50;60,75;15,03;75,56;5,69;38,01;25,23;100,00;302,10;0,00;0,69
2020.0;5.0;2020-05-01;BRASPINE;QUEIMADINHO USUCAPIAO;PR;DOUTOR ULYSSES;200,27;92,43;60,75;15,03;75,56;5,69;38,01;25,23;100,00;302,10;0,00;0,69
2020.0;5.0;2020-05-01;BRASPINE;RAMOS;PR;SENGES;69,83;38,15;63,34;14,85;74,76;6,19;38,15;24,92;100,00;298,03;0,00;0,19
2020.0;5.0;2020-05-01;BRASPINE;RIBEIRAO GRANDE;PR;JAGUARIAIVA;20,77;20,77;62,69;14,77;72,40;5,58;36,88;25,02;99,59;287,23;0,00;3,37
2020.0;5.0;2020-05-01;BRASPINE;RINCAO DE BAIXO;;;;;55,89;15,19;69,79;3,95;30,13;25,43;99,55;262,45;22,48;0,37
2020.0;5.0;2020-05-01;BRASPINE;RIO BOMBA;PR;CERRO AZUL;65,03;37,72;69,41;15,62;76,61;5,78;37,85;27,28;99,65;305,94;0,00;15,00
2020.0;5.0;2020-05-01;BRASPINE;RIO DO MEIO;PR;DOUTOR ULYSSES;712,33;389,13;61,77;15,03;75,56;5,69;38,01;25,23;100,00;302,10;0,00;0,69
2020.0;5.0;2020-05-01;BRASPINE;RONDON;PR;JAGUARIAIVA;2899,24;1475,88;62,06;14,82;72,89;5,96;36,37;24,59;99,89;295,17;0,00;2,61
2020.0;5.0;2020-05-01;BRASPINE;SANTA FELICIDADE;;;;;70,98;15,80;78,53;4,03;37,75;27,04;99,94;310,50;8,33;2,59
2020.0;5.0;2020-05-01;BRASPINE;SANTA LIDIA DO CERCADINHO;;;;;55,29;14,92;69,93;3,85;30,86;24,88;99,54;258,75;17,20;7,26
2020.0;5.0;2020-05-01;BRASPINE;SANTO ANTONIO;;;;;60,11;14,92;72,51;5,55;34,93;24,52;100,00;297,65;0,00;84,96
2020.0;5.0;2020-05-01;BRASPINE;SAO JOSE;PR;JANDAIA DO SUL;37,56;37,56;40,09;17,74;69,94;6,76;29,42;28,09;99,95;244,40;0,00;5,68
2020.0;5.0;2020-05-01;BRASPINE;SAO MATHEUS;;;;;54,55;18,53;70,63;7,52;27,29;29,42;100,00;218,38;0,00;5,80
2020.0;5.0;2020-05-01;BRASPINE;SAO PEDRO E SAO PAULO;PR;SAPOPEMA;709,13;323,93;57,92;16,11;69,26;5,64;33,23;25,84;99,64;293,71;0,00;1,73
2020.0;5.0;2020-05-01;BRASPINE;SAO RAFAEL;;;;;31,61;14,44;74,60;3,92;33,06;25,56;99,52;251,58;12,14;4,10
2020.0;5.0;2020-05-01;BRASPINE;SAO RAFAEL - PB;;;;;59,00;15,15;75,61;6,07;35,49;25,37;99,98;307,66;0,00;1,42
2020.0;5.0;2020-05-01;BRASPINE;SERRARIA;PR;DOUTOR ULYSSES;280,88;117,71;70,93;14,76;76,64;6,31;38,32;25,13;100,00;297,04;0,00;5,49
2020.0;5.0;2020-05-01;BRASPINE;SERRO VERDE;;;;;82,82;14,30;74,02;3,75;34,12;25,02;99,89;288,92;8,06;11,26
2020.0;5.0;2020-05-01;BRASPINE;SERTAOZINHO;PR;DOUTOR ULYSSES;16,25;16,25;65,45;15,03;75,56;5,69;38,01;25,23;100,00;302,10;0,00;0,69
2020.0;5.0;2020-05-01;BRASPINE;SITIO BASILIO;PR;JAGUARIAIVA;8,08;8,08;62,30;14,78;71,34;4,87;34,28;24,55;99,62;277,89;4,87;13,24
2020.0;5.0;2020-05-01;BRASPINE;SITIO DAS MARRECAS;PR;DOUTOR ULYSSES;77,49;35,17;69,52;15,36;77,70;5,37;38,10;26,26;100,00;307,74;0,00;4,54
2020.0;5.0;2020-05-01;BRASPINE;SOBRADINHO;SP;BOM SUCESSO DE ITARARE;285,80;123,10;59,69;14,88;73,34;5,73;34,26;24,57;100,00;296,50;0,00;88,56
2020.0;5.0;2020-05-01;BRASPINE;TAQUARAL;PR;JAGUARIAIVA;519,13;31,07;62,60;14,88;72,35;5,55;36,02;24,76;99,98;281,65;0,00;7,83
2020.0;5.0;2020-05-01;BRASPINE;TUCUNDUVA;PR;SENGES;82,21;60,89;63,97;15,35;70,05;4,27;31,47;25,27;99,69;314,50;4,27;2,95
2020.0;5.0;2020-05-01;BRASPINE;TUCUNDUVA - CHAMMA;;;;;64,96;15,63;69,45;5,07;30,73;25,52;99,60;310,29;0,00;1,34
2020.0;5.0;2020-05-01;BRASPINE;VIENA 1;PR;DOUTOR ULYSSES;263,98;178,34;68,13;14,65;74,74;5,67;39,65;24,65;99,99;298,64;0,00;5,90
2020.0;5.0;2020-05-01;BRASPINE;VIENA 2;PR;CERRO AZUL;140,23;96,54;68,93;15,62;76,61;5,78;37,85;27,28;99,65;305,94;0,00;15,00
2020.0;5.0;2020-05-01;BRASPINE;VITORIA;PR;SENGES;50,54;35,69;61,76;14,94;71,97;5,79;34,58;24,53;99,86;298,98;0,00;1,59
2020.0;5.0;2020-05-01;BRASPINE;VIVEIRO;PR;DOUTOR ULYSSES;405,39;261,22;62,13;15,03;75,56;5,69;38,01;25,23;100,00;302,10;0,00;0,69
2020.0;5.0;2020-05-01;BRASPINE;VO LINO;PR;DOUTOR ULYSSES;164,50;97,89;54,36;14,95;77,15;5,93;38,12;25,49;100,00;300,79;0,00;5,12
2020.0;5.0;2020-05-01;BRASPINE;XAXIM VELHO;;;;;105,31;13,74;75,01;4,03;32,50;24,62;100,00;255,21;16,94;10,14
2020.0;6.0;2020-06-01;BRASPINE;AGUA DOCE;PR;JAGUARIAIVA;238,97;121,99;131,79;15,74;82,82;6,97;45,59;23,81;99,85;337,02;0,00;0,88
2020.0;6.0;2020-06-01;BRASPINE;AMATA;;;;;157,32;16,81;86,13;7,16;43,13;27,20;99,99;335,44;0,00;6,45
2020.0;6.0;2020-06-01;BRASPINE;ANTA BRAVA;;;;;59,98;18,98;74,60;11,99;33,68;28,16;97,73;175,98;0,00;7,19
2020.0;6.0;2020-06-01;BRASPINE;ARAPONGAS;PR;SENGES;423,34;263,70;158,43;15,83;85,21;7,40;44,36;24,96;100,00;337,74;0,00;125,70
2020.0;6.0;2020-06-01;BRASPINE;ARROIO CLARO;PR;DOUTOR ULYSSES;275,14;92,00;155,46;15,83;86,06;7,77;43,54;25,37;100,00;321,13;0,00;0,11
2020.0;6.0;2020-06-01;BRASPINE;BARRA GRANDE;PR;DOUTOR ULYSSES;493,79;139,68;157,37;16,25;85,72;7,04;42,72;25,91;100,00;327,46;0,00;7,19
2020.0;6.0;2020-06-01;BRASPINE;BARRA GRANDE - BEMAIS;PR;GUARAPUAVA;299,16;108,61;169,14;14,89;85,48;5,44;48,57;22,94;99,99;307,75;0,00;5,86
2020.0;6.0;2020-06-01;BRASPINE;BARRETOS;PR;JAGUARIAIVA;43,35;32,98;144,60;15,81;84,12;7,80;45,97;24,32;100,00;312,84;0,00;4,66
2020.0;6.0;2020-06-01;BRASPINE;BAU;;;;;162,39;15,06;84,73;6,17;48,33;22,74;100,00;309,84;0,00;1,00
2020.0;6.0;2020-06-01;BRASPINE;BOA VISTA II;PR;PIRAI DO SUL;944,00;535,05;149,10;15,76;83,46;7,63;45,20;24,05;99,96;296,88;0,00;5,44
2020.0;6.0;2020-06-01;BRASPINE;BRASILEIRA;;;;;157,13;15,83;85,21;7,40;44,36;24,96;100,00;337,74;0,00;125,70
2020.0;6.0;2020-06-01;BRASPINE;BURACAO;;;;;158,32;15,81;83,48;8,31;43,00;24,76;99,83;297,45;0,00;1,52
2020.0;6.0;2020-06-01;BRASPINE;BURRINHO;PR;DOUTOR ULYSSES;211,01;100,37;155,20;15,83;86,06;7,77;43,54;25,37;100,00;321,13;0,00;0,11
2020.0;6.0;2020-06-01;BRASPINE;CADEADO I;PR;JAGUARIAIVA;21,07;12,29;143,25;15,67;84,64;6,86;45,90;24,41;100,00;336,41;0,00;3,52
2020.0;6.0;2020-06-01;BRASPINE;CADEADO II;PR;JAGUARIAIVA;21,88;16,79;143,25;15,67;84,64;6,86;45,90;24,41;100,00;336,41;0,00;3,52
2020.0;6.0;2020-06-01;BRASPINE;CAMPINA ALTA;PR;TIBAGI;29,77;18,24;144,25;16,47;83,08;8,17;43,94;24,94;99,94;334,46;0,00;2,33
2020.0;6.0;2020-06-01;BRASPINE;CAMPINA DO ELIAS;PR;JAGUARIAIVA;29,17;14,65;147,82;15,76;84,31;7,46;46,13;24,35;100,00;310,60;0,00;4,28
2020.0;6.0;2020-06-01;BRASPINE;CAMPO NOVO;PR;JAGUARIAIVA;295,98;156,36;156,05;15,67;84,64;6,86;45,90;24,41;100,00;336,41;0,00;3,52
2020.0;6.0;2020-06-01;BRASPINE;CONSULTORIA II A;PR;DOUTOR ULYSSES;89,62;60,79;159,60;15,83;85,21;7,40;44,36;24,96;100,00;337,74;0,00;125,70
2020.0;6.0;2020-06-01;BRASPINE;DINIZ;;;;;158,32;15,83;85,21;7,40;44,36;24,96;100,00;337,74;0,00;125,70
2020.0;6.0;2020-06-01;BRASPINE;ENES;PR;JAGUARIAIVA;5,93;5,69;155,60;15,67;84,64;6,86;45,90;24,41;100,00;336,41;0,00;3,52
2020.0;6.0;2020-06-01;BRASPINE;ENGENHARIA;;;;;158,32;15,83;85,21;7,40;44,36;24,96;100,00;337,74;0,00;125,70
2020.0;6.0;2020-06-01;BRASPINE;ESTACAO;PR;SENGES;4,76;4,14;150,67;15,67;84,64;6,86;45,90;24,41;100,00;336,41;0,00;3,52
2020.0;6.0;2020-06-01;BRASPINE;FAXINAL;PR;JAGUARIAIVA;20,65;20,65;155,60;15,67;84,64;6,86;45,90;24,41;100,00;336,41;0,00;3,52
2020.0;6.0;2020-06-01;BRASPINE;FEITAL;PR;DOUTOR ULYSSES;154,17;86,53;156,72;15,97;85,38;7,28;43,82;25,28;100,00;339,35;0,00;5,89
2020.0;6.0;2020-06-01;BRASPINE;FIGUEIRA;PR;DOUTOR ULYSSES;1053,81;315,71;155,68;15,83;86,06;7,77;43,54;25,37;100,00;321,13;0,00;0,11
2020.0;6.0;2020-06-01;BRASPINE;FIGUEIRINHA;PR;DOUTOR ULYSSES;94,37;56,74;154,45;15,83;86,06;7,77;43,54;25,37;100,00;321,13;0,00;0,11
2020.0;6.0;2020-06-01;BRASPINE;FLOEMA;PR;DOUTOR ULYSSES;2189,88;701,43;147,02;15,46;85,35;7,78;44,92;24,49;100,00;315,67;0,00;1,12
2020.0;6.0;2020-06-01;BRASPINE;FLOEMA I - SUDATI;;;;;153,01;15,83;85,21;7,40;44,36;24,96;100,00;337,74;0,00;125,70
2020.0;6.0;2020-06-01;BRASPINE;FLOEMA II - SUDATI;PR;DOUTOR ULYSSES;453,83;211,13;159,14;15,83;85,21;7,40;44,36;24,96;100,00;337,74;0,00;125,70
2020.0;6.0;2020-06-01;BRASPINE;FLOR DA SERRA;PR;SAO JOSE DA BOA VISTA;209,10;128,72;127,93;17,57;78,36;7,79;40,22;26,02;99,50;296,25;0,00;4,07
2020.0;6.0;2020-06-01;BRASPINE;GENTIL;PR;JAGUARIAIVA;126,77;53,33;139,10;15,53;83,16;6,58;46,80;23,56;99,57;331,70;0,00;5,34
2020.0;6.0;2020-06-01;BRASPINE;GUAIRACA;PR;GUARAPUAVA;623,62;169,31;182,40;15,00;85,11;5,44;46,88;23,23;99,99;309,65;0,00;0,31
2020.0;6.0;2020-06-01;BRASPINE;HERVAL 2 - MADALOSSO;;;;;152,00;15,81;83,48;8,31;43,00;24,76;99,83;297,45;0,00;1,52
2020.0;6.0;2020-06-01;BRASPINE;HERVAL DE BAIXO;PR;RESERVA;827,29;475,92;149,93;16,30;83,73;8,11;42,53;24,91;99,85;350,67;0,00;3,31
2020.0;6.0;2020-06-01;BRASPINE;HORTO 01;PR;TURVO;19,12;19,12;146,82;15,67;84,65;5,66;48,47;23,84;99,78;329,21;0,00;11,58
2020.0;6.0;2020-06-01;BRASPINE;HORTO 02;PR;TURVO;4,24;4,24;148,09;15,67;84,65;5,66;48,47;23,84;99,78;329,21;0,00;11,58
2020.0;6.0;2020-06-01;BRASPINE;HORTO 03;PR;PRUDENTOPOLIS;80,91;25,89;142,27;16,01;84,18;6,32;46,20;24,42;99,96;333,00;0,00;3,86
2020.0;6.0;2020-06-01;BRASPINE;HORTO 08;PR;TURVO;9,53;9,53;161,78;16,01;84,18;6,32;46,20;24,42;99,96;333,00;0,00;3,86
2020.0;6.0;2020-06-01;BRASPINE;HORTO 12;PR;PRUDENTOPOLIS;12,20;12,20;140,72;16,01;84,18;6,32;46,20;24,42;99,96;333,00;0,00;3,86
2020.0;6.0;2020-06-01;BRASPINE;IZAU;PR;PIRAI DO SUL;19,37;11,60;141,27;15,57;83,69;7,34;45,83;23,76;99,57;336,64;0,00;0,40
2020.0;6.0;2020-06-01;BRASPINE;JOAO RICO;PR;JAGUARIAIVA;47,46;26,18;137,14;15,74;82,82;6,97;45,59;23,81;99,85;337,02;0,00;0,88
2020.0;6.0;2020-06-01;BRASPINE;LAGOA;PR;JAGUARIAIVA;24,10;10,78;145,38;15,67;84,64;6,86;45,90;24,41;100,00;336,41;0,00;3,52
2020.0;6.0;2020-06-01;BRASPINE;MARACANA;PR;JANDAIA DO SUL;11,45;11,45;108,84;18,46;78,14;8,59;35,81;26,33;99,99;116,59;0,00;5,11
2020.0;6.0;2020-06-01;BRASPINE;MARRECA;;;;;152,27;15,83;86,06;7,77;43,54;25,37;100,00;321,13;0,00;0,11
2020.0;6.0;2020-06-01;BRASPINE;MARRECA SP;SP;ITAPIRAPUA PAULISTA;675,30;236,19;153,49;16,42;86,71;7,36;42,07;26,62;100,00;328,58;0,00;0,74
2020.0;6.0;2020-06-01;BRASPINE;MARRECAS;;;;;183,18;14,48;85,90;5,10;49,45;22,46;100,00;299,30;0,00;0,85
2020.0;6.0;2020-06-01;BRASPINE;MERCADINHO;;;;;154,87;16,25;86,62;7,63;42,76;26,39;100,00;322,25;0,00;8,04
2020.0;6.0;2020-06-01;BRASPINE;MONTE ALEGRE;;;;;106,39;18,79;78,22;9,13;36,16;26,78;99,98;120,05;0,00;4,49
2020.0;6.0;2020-06-01;BRASPINE;MONTE TABOR II;;;;;150,82;15,73;86,64;8,09;43,85;25,37;100,00;331,30;0,00;4,54
2020.0;6.0;2020-06-01;BRASPINE;MOREIRA;PR;DOUTOR ULYSSES;230,52;68,68;159,14;15,83;85,21;7,40;44,36;24,96;100,00;337,74;0,00;125,70
2020.0;6.0;2020-06-01;BRASPINE;MOREIRAS II;PR;DOUTOR ULYSSES;66,76;28,75;159,70;15,83;85,21;7,40;44,36;24,96;100,00;337,74;0,00;125,70
2020.0;6.0;2020-06-01;BRASPINE;MORRETES;PR;ORTIGUEIRA;20,36;20,36;123,01;16,58;83,79;7,49;40,37;25,51;99,79;336,40;0,00;0,07
2020.0;6.0;2020-06-01;BRASPINE;MORRO AZUL;;;;;153,28;16,13;84,22;6,96;41,68;25,28;100,00;315,94;0,00;8,30
2020.0;6.0;2020-06-01;BRASPINE;OURO FINO;SP;APIAI;51,70;51,70;145,58;15,89;84,51;7,57;41,33;25,08;100,00;341,94;0,00;12,25
2020.0;6.0;2020-06-01;BRASPINE;PALMEIRINHA DE BAIXO - SOSSEGO;PR;SENGES;85,93;9,22;150,05;15,67;82,25;6,07;41,94;23,76;99,85;336,66;0,00;2,26
2020.0;6.0;2020-06-01;BRASPINE;PAZIN;PR;DOUTOR ULYSSES;41,20;23,90;155,89;15,83;86,06;7,77;43,54;25,37;100,00;321,13;0,00;0,11
2020.0;6.0;2020-06-01;BRASPINE;PEDRAS;PR;CASTRO;7,18;7,18;161,69;15,54;84,19;6,93;46,48;23,79;99,50;289,21;0,00;0,73
2020.0;6.0;2020-06-01;BRASPINE;PESCARIA;PR;SAO JOSE DA BOA VISTA;184,57;129,22;132,54;17,73;78,15;7,96;39,05;26,22;98,85;272,00;0,00;4,82
2020.0;6.0;2020-06-01;BRASPINE;PESSEGUEIRO;PR;DOUTOR ULYSSES;109,95;64,79;148,74;15,83;85,21;7,40;44,36;24,96;100,00;337,74;0,00;125,70
2020.0;6.0;2020-06-01;BRASPINE;PITANGA;;;;;157,16;15,69;84,12;5,40;47,55;23,53;99,99;334,44;0,00;10,64
2020.0;6.0;2020-06-01;BRASPINE;QUEIMADINHO ARROIO CLARO;PR;DOUTOR ULYSSES;48,13;19,09;157,13;15,83;85,21;7,40;44,36;24,96;100,00;337,74;0,00;125,70
2020.0;6.0;2020-06-01;BRASPINE;QUEIMADINHO M6042;PR;DOUTOR ULYSSES;48,38;18,50;157,13;15,83;85,21;7,40;44,36;24,96;100,00;337,74;0,00;125,70
2020.0;6.0;2020-06-01;BRASPINE;QUEIMADINHO USUCAPIAO;PR;DOUTOR ULYSSES;200,27;92,43;157,13;15,83;85,21;7,40;44,36;24,96;100,00;337,74;0,00;125,70
2020.0;6.0;2020-06-01;BRASPINE;RAMOS;PR;SENGES;69,83;38,15;153,01;15,67;84,64;6,86;45,90;24,41;100,00;336,41;0,00;3,52
2020.0;6.0;2020-06-01;BRASPINE;RIBEIRAO GRANDE;PR;JAGUARIAIVA;20,77;20,77;138,21;15,57;83,69;7,34;45,83;23,76;99,57;336,64;0,00;0,40
2020.0;6.0;2020-06-01;BRASPINE;RINCAO DE BAIXO;;;;;122,66;15,98;81,80;8,28;43,82;24,15;99,62;339,25;0,00;1,04
2020.0;6.0;2020-06-01;BRASPINE;RIO BOMBA;PR;CERRO AZUL;65,03;37,72;150,32;16,37;86,07;6,95;43,72;26,49;99,95;325,21;0,00;99,86
2020.0;6.0;2020-06-01;BRASPINE;RIO DO MEIO;PR;DOUTOR ULYSSES;712,33;389,13;158,99;15,83;85,21;7,40;44,36;24,96;100,00;337,74;0,00;125,70
2020.0;6.0;2020-06-01;BRASPINE;RONDON;PR;JAGUARIAIVA;2899,24;1475,88;147,02;15,62;83,21;6,36;45,63;23,82;99,88;333,15;0,00;8,26
2020.0;6.0;2020-06-01;BRASPINE;SANTA FELICIDADE;;;;;157,43;16,65;87,24;6,56;40,87;27,30;100,00;327,67;0,00;0,02
2020.0;6.0;2020-06-01;BRASPINE;SANTA LIDIA DO CERCADINHO;;;;;122,84;15,68;81,89;8,24;45,04;23,69;99,56;333,61;0,00;0,27
2020.0;6.0;2020-06-01;BRASPINE;SANTO ANTONIO;;;;;153,99;15,72;82,23;6,41;40,23;24,04;100,00;335,65;0,00;19,44
2020.0;6.0;2020-06-01;BRASPINE;SAO JOSE;PR;JANDAIA DO SUL;37,56;37,56;106,90;18,67;78,34;9,04;36,41;26,62;99,99;118,98;0,00;0,11
2020.0;6.0;2020-06-01;BRASPINE;SAO MATHEUS;;;;;120,70;19,59;78,24;8,50;35,84;27,92;99,95;91,64;0,00;2,12
2020.0;6.0;2020-06-01;BRASPINE;SAO PEDRO E SAO PAULO;PR;SAPOPEMA;709,13;323,93;132,61;17,00;79,09;7,16;40,55;24,97;99,69;332,97;0,00;2,78
2020.0;6.0;2020-06-01;BRASPINE;SAO RAFAEL;;;;;124,73;15,26;84,25;7,55;43,56;24,60;99,52;309,93;0,00;1,45
2020.0;6.0;2020-06-01;BRASPINE;SAO RAFAEL - PB;;;;;155,99;16,00;84,41;7,78;41,05;25,21;100,00;330,42;0,00;13,72
2020.0;6.0;2020-06-01;BRASPINE;SERRARIA;PR;DOUTOR ULYSSES;280,88;117,71;147,33;15,65;85,71;7,77;44,23;24,93;100,00;318,38;0,00;0,24
2020.0;6.0;2020-06-01;BRASPINE;SERRO VERDE;;;;;169,93;15,36;83,92;5,58;46,60;23,21;99,95;296,56;0,00;0,46
2020.0;6.0;2020-06-01;BRASPINE;SERTAOZINHO;PR;DOUTOR ULYSSES;16,25;16,25;160,71;15,83;85,21;7,40;44,36;24,96;100,00;337,74;0,00;125,70
2020.0;6.0;2020-06-01;BRASPINE;SITIO BASILIO;PR;JAGUARIAIVA;8,08;8,08;131,44;15,57;82,90;6,45;46,54;23,56;99,64;331,58;0,00;3,16
2020.0;6.0;2020-06-01;BRASPINE;SITIO DAS MARRECAS;PR;DOUTOR ULYSSES;77,49;35,17;154,44;16,26;86,52;7,47;42,49;26,26;100,00;326,43;0,00;1,96
2020.0;6.0;2020-06-01;BRASPINE;SOBRADINHO;SP;BOM SUCESSO DE ITARARE;285,80;123,10;147,49;15,71;82,55;6,70;39,93;24,17;100,00;336,76;0,00;15,89
2020.0;6.0;2020-06-01;BRASPINE;TAQUARAL;PR;JAGUARIAIVA;519,13;31,07;148,27;15,71;83,16;6,94;45,80;23,85;99,99;336,60;0,00;12,05
2020.0;6.0;2020-06-01;BRASPINE;TUCUNDUVA;PR;SENGES;82,21;60,89;140,58;16,26;80,35;6,55;41,92;24,24;99,46;302,45;0,00;343,66
2020.0;6.0;2020-06-01;BRASPINE;TUCUNDUVA - CHAMMA;;;;;144,50;16,39;79,95;6,47;40,56;24,38;99,11;321,64;0,00;1,15
2020.0;6.0;2020-06-01;BRASPINE;VIENA 1;PR;DOUTOR ULYSSES;263,98;178,34;151,56;15,50;84,71;7,90;45,85;24,14;100,00;305,68;0,00;0,46
2020.0;6.0;2020-06-01;BRASPINE;VIENA 2;PR;CERRO AZUL;140,23;96,54;150,25;16,37;86,07;6,95;43,72;26,49;99,95;325,21;0,00;99,86
2020.0;6.0;2020-06-01;BRASPINE;VITORIA;PR;SENGES;50,54;35,69;150,05;15,67;82,25;6,07;41,94;23,76;99,85;336,66;0,00;2,26
2020.0;6.0;2020-06-01;BRASPINE;VIVEIRO;PR;DOUTOR ULYSSES;405,39;261,22;159,70;15,83;85,21;7,40;44,36;24,96;100,00;337,74;0,00;125,70
2020.0;6.0;2020-06-01;BRASPINE;VO LINO;PR;DOUTOR ULYSSES;164,50;97,89;153,09;15,83;86,06;7,77;43,54;25,37;100,00;321,13;0,00;0,11
2020.0;6.0;2020-06-01;BRASPINE;XAXIM VELHO;;;;;193,21;14,52;86,09;6,10;49,51;22,78;100,00;305,34;0,00;10,82
2020.0;7.0;2020-07-01;BRASPINE;AGUA DOCE;PR;JAGUARIAIVA;238,97;121,99;18,60;14,71;75,76;3,12;39,91;23,62;99,38;302,82;11,16;12,02
2020.0;7.0;2020-07-01;BRASPINE;AMATA;;;;;22,74;15,64;80,87;5,15;39,52;27,04;99,77;319,50;0,00;45,50
2020.0;7.0;2020-07-01;BRASPINE;ANTA BRAVA;;;;;2,54;17,84;71,31;7,85;31,86;27,85;99,59;318,50;0,00;5,06
2020.0;7.0;2020-07-01;BRASPINE;ARAPONGAS;PR;SENGES;423,34;263,70;9,99;14,83;79,05;4,44;41,95;24,58;100,00;321,20;4,44;1,54
2020.0;7.0;2020-07-01;BRASPINE;ARROIO CLARO;PR;DOUTOR ULYSSES;275,14;92,00;13,26;14,81;80,24;4,86;41,10;24,90;100,00;320,75;4,86;11,16
2020.0;7.0;2020-07-01;BRASPINE;BARRA GRANDE;PR;DOUTOR ULYSSES;493,79;139,68;8,75;15,17;80,03;4,41;40,28;25,66;100,00;325,15;4,41;1,66
2020.0;7.0;2020-07-01;BRASPINE;BARRA GRANDE - BEMAIS;PR;GUARAPUAVA;299,16;108,61;22,92;13,71;78,15;2,07;41,36;22,31;99,87;285,26;12,41;14,55
2020.0;7.0;2020-07-01;BRASPINE;BARRETOS;PR;JAGUARIAIVA;43,35;32,98;21,51;14,93;76,95;4,20;41,49;24,18;99,91;284,28;4,20;4,26
2020.0;7.0;2020-07-01;BRASPINE;BAU;;;;;31,26;13,85;77,20;0,38;40,31;22,12;99,77;305,74;6,81;3,41
2020.0;7.0;2020-07-01;BRASPINE;BOA VISTA II;PR;PIRAI DO SUL;944,00;535,05;21,94;14,87;75,89;3,18;40,50;23,91;99,46;276,07;7,05;4,43
2020.0;7.0;2020-07-01;BRASPINE;BRASILEIRA;;;;;9,56;14,83;79,05;4,44;41,95;24,58;100,00;321,20;4,44;1,54
2020.0;7.0;2020-07-01;BRASPINE;BURACAO;;;;;25,68;14,64;77,83;3,03;41,60;24,35;99,64;286,85;16,50;0,84
2020.0;7.0;2020-07-01;BRASPINE;BURRINHO;PR;DOUTOR ULYSSES;211,01;100,37;13,22;14,81;80,24;4,86;41,10;24,90;100,00;320,75;4,86;11,16
2020.0;7.0;2020-07-01;BRASPINE;CADEADO I;PR;JAGUARIAIVA;21,07;12,29;20,23;14,72;78,05;4,43;41,19;24,02;100,00;321,28;8,90;4,01
2020.0;7.0;2020-07-01;BRASPINE;CADEADO II;PR;JAGUARIAIVA;21,88;16,79;20,23;14,72;78,05;4,43;41,19;24,02;100,00;321,28;8,90;4,01
2020.0;7.0;2020-07-01;BRASPINE;CAMPINA ALTA;PR;TIBAGI;29,77;18,24;36,08;15,23;77,26;3,04;39,61;25,07;99,72;302,79;14,11;18,12
2020.0;7.0;2020-07-01;BRASPINE;CAMPINA DO ELIAS;PR;JAGUARIAIVA;29,17;14,65;22,08;14,85;77,35;4,28;41,51;24,12;99,94;296,71;9,25;4,18
2020.0;7.0;2020-07-01;BRASPINE;CAMPO NOVO;PR;JAGUARIAIVA;295,98;156,36;10,86;14,72;78,05;4,43;41,19;24,02;100,00;321,28;8,90;4,01
2020.0;7.0;2020-07-01;BRASPINE;CONSULTORIA II A;PR;DOUTOR ULYSSES;89,62;60,79;9,64;14,83;79,05;4,44;41,95;24,58;100,00;321,20;4,44;1,54
2020.0;7.0;2020-07-01;BRASPINE;DINIZ;;;;;7,70;14,83;79,05;4,44;41,95;24,58;100,00;321,20;4,44;1,54
2020.0;7.0;2020-07-01;BRASPINE;ENES;PR;JAGUARIAIVA;5,93;5,69;11,03;14,72;78,05;4,43;41,19;24,02;100,00;321,28;8,90;4,01
2020.0;7.0;2020-07-01;BRASPINE;ENGENHARIA;;;;;7,70;14,83;79,05;4,44;41,95;24,58;100,00;321,20;4,44;1,54
2020.0;7.0;2020-07-01;BRASPINE;ESTACAO;PR;SENGES;4,76;4,14;15,89;14,72;78,05;4,43;41,19;24,02;100,00;321,28;8,90;4,01
2020.0;7.0;2020-07-01;BRASPINE;FAXINAL;PR;JAGUARIAIVA;20,65;20,65;11,03;14,72;78,05;4,43;41,19;24,02;100,00;321,28;8,90;4,01
2020.0;7.0;2020-07-01;BRASPINE;FEITAL;PR;DOUTOR ULYSSES;154,17;86,53;9,69;14,94;79,38;4,43;41,40;24,94;100,00;322,55;4,43;0,62
2020.0;7.0;2020-07-01;BRASPINE;FIGUEIRA;PR;DOUTOR ULYSSES;1053,81;315,71;12,24;14,81;80,24;4,86;41,10;24,90;100,00;320,75;4,86;11,16
2020.0;7.0;2020-07-01;BRASPINE;FIGUEIRINHA;PR;DOUTOR ULYSSES;94,37;56,74;13,58;14,81;80,24;4,86;41,10;24,90;100,00;320,75;4,86;11,16
2020.0;7.0;2020-07-01;BRASPINE;FLOEMA;PR;DOUTOR ULYSSES;2189,88;701,43;22,48;14,47;79,08;4,15;40,54;23,88;99,99;313,45;8,71;13,38
2020.0;7.0;2020-07-01;BRASPINE;FLOEMA I - SUDATI;;;;;12,82;14,83;79,05;4,44;41,95;24,58;100,00;321,20;4,44;1,54
2020.0;7.0;2020-07-01;BRASPINE;FLOEMA II - SUDATI;PR;DOUTOR ULYSSES;453,83;211,13;10,37;14,83;79,05;4,44;41,95;24,58;100,00;321,20;4,44;1,54
2020.0;7.0;2020-07-01;BRASPINE;FLOR DA SERRA;PR;SAO JOSE DA BOA VISTA;209,10;128,72;6,15;16,38;72,97;4,73;36,63;26,39;98,19;305,88;14,53;25,10
2020.0;7.0;2020-07-01;BRASPINE;GENTIL;PR;JAGUARIAIVA;126,77;53,33;19,07;14,46;76,33;3,21;40,71;23,27;98,98;311,41;11,40;4,23
2020.0;7.0;2020-07-01;BRASPINE;GUAIRACA;PR;GUARAPUAVA;623,62;169,31;21,68;13,80;77,80;1,83;41,75;22,63;99,87;285,20;17,21;23,65
2020.0;7.0;2020-07-01;BRASPINE;HERVAL 2 - MADALOSSO;;;;;32,72;14,64;77,83;3,03;41,60;24,35;99,64;286,85;16,50;0,84
2020.0;7.0;2020-07-01;BRASPINE;HERVAL DE BAIXO;PR;RESERVA;827,29;475,92;40,34;15,01;78,25;2,56;39,49;25,08;99,54;287,98;12,68;9,89
2020.0;7.0;2020-07-01;BRASPINE;HORTO 01;PR;TURVO;19,12;19,12;29,25;14,29;78,38;1,57;45,63;23,02;98,89;292,31;11,12;6,52
2020.0;7.0;2020-07-01;BRASPINE;HORTO 02;PR;TURVO;4,24;4,24;28,52;14,29;78,38;1,57;45,63;23,02;98,89;292,31;11,12;6,52
2020.0;7.0;2020-07-01;BRASPINE;HORTO 03;PR;PRUDENTOPOLIS;80,91;25,89;31,22;14,63;78,17;2,57;44,16;23,83;99,15;295,76;11,79;0,92
2020.0;7.0;2020-07-01;BRASPINE;HORTO 08;PR;TURVO;9,53;9,53;26,05;14,63;78,17;2,57;44,16;23,83;99,15;295,76;11,79;0,92
2020.0;7.0;2020-07-01;BRASPINE;HORTO 12;PR;PRUDENTOPOLIS;12,20;12,20;31,31;14,63;78,17;2,57;44,16;23,83;99,15;295,76;11,79;0,92
2020.0;7.0;2020-07-01;BRASPINE;IZAU;PR;PIRAI DO SUL;19,37;11,60;20,22;14,65;76,36;3,63;40,81;23,62;98,97;305,14;12,87;7,96
2020.0;7.0;2020-07-01;BRASPINE;JOAO RICO;PR;JAGUARIAIVA;47,46;26,18;19,12;14,71;75,76;3,12;39,91;23,62;99,38;302,82;11,16;12,02
2020.0;7.0;2020-07-01;BRASPINE;LAGOA;PR;JAGUARIAIVA;24,10;10,78;20,56;14,72;78,05;4,43;41,19;24,02;100,00;321,28;8,90;4,01
2020.0;7.0;2020-07-01;BRASPINE;MARACANA;PR;JANDAIA DO SUL;11,45;11,45;15,73;17,66;69,57;4,88;32,73;27,29;99,87;181,35;4,88;0,22
2020.0;7.0;2020-07-01;BRASPINE;MARRECA;;;;;12,79;14,81;80,24;4,86;41,10;24,90;100,00;320,75;4,86;11,16
2020.0;7.0;2020-07-01;BRASPINE;MARRECA SP;SP;ITAPIRAPUA PAULISTA;675,30;236,19;13,90;15,30;81,37;4,84;40,01;26,33;100,00;310,21;4,84;8,32
2020.0;7.0;2020-07-01;BRASPINE;MARRECAS;;;;;21,81;13,30;78,26;1,46;38,68;21,88;99,91;277,37;12,27;1,20
2020.0;7.0;2020-07-01;BRASPINE;MERCADINHO;;;;;13,56;15,17;81,11;5,17;40,39;26,06;99,93;321,60;0,00;0,37
2020.0;7.0;2020-07-01;BRASPINE;MONTE ALEGRE;;;;;15,89;17,95;70,00;5,31;31,99;27,65;98,62;215,27;0,00;2,25
2020.0;7.0;2020-07-01;BRASPINE;MONTE TABOR II;;;;;6,07;14,48;83,26;3,70;40,64;24,89;100,00;306,28;3,70;2,46
2020.0;7.0;2020-07-01;BRASPINE;MOREIRA;PR;DOUTOR ULYSSES;230,52;68,68;10,37;14,83;79,05;4,44;41,95;24,58;100,00;321,20;4,44;1,54
2020.0;7.0;2020-07-01;BRASPINE;MOREIRAS II;PR;DOUTOR ULYSSES;66,76;28,75;9,53;14,83;79,05;4,44;41,95;24,58;100,00;321,20;4,44;1,54
2020.0;7.0;2020-07-01;BRASPINE;MORRETES;PR;ORTIGUEIRA;20,36;20,36;49,77;15,32;78,45;2,82;38,13;25,91;99,43;292,55;13,75;2,62
2020.0;7.0;2020-07-01;BRASPINE;MORRO AZUL;;;;;5,15;15,07;78,92;4,16;39,42;25,12;100,00;328,97;4,16;9,01
2020.0;7.0;2020-07-01;BRASPINE;OURO FINO;SP;APIAI;51,70;51,70;5,18;14,73;80,44;3,53;39,48;24,81;100,00;320,22;3,53;6,42
2020.0;7.0;2020-07-01;BRASPINE;PALMEIRINHA DE BAIXO - SOSSEGO;PR;SENGES;85,93;9,22;5,24;14,73;75,87;4,37;39,87;23,55;99,86;319,03;14,09;0,21
2020.0;7.0;2020-07-01;BRASPINE;PAZIN;PR;DOUTOR ULYSSES;41,20;23,90;11,02;14,81;80,24;4,86;41,10;24,90;100,00;320,75;4,86;11,16
2020.0;7.0;2020-07-01;BRASPINE;PEDRAS;PR;CASTRO;7,18;7,18;21,79;14,56;77,14;3,44;43,34;23,53;99,42;284,48;17,33;13,00
2020.0;7.0;2020-07-01;BRASPINE;PESCARIA;PR;SAO JOSE DA BOA VISTA;184,57;129,22;7,81;16,62;72,34;4,58;36,77;26,67;98,20;298,40;4,58;19,84
2020.0;7.0;2020-07-01;BRASPINE;PESSEGUEIRO;PR;DOUTOR ULYSSES;109,95;64,79;20,30;14,83;79,05;4,44;41,95;24,58;100,00;321,20;4,44;1,54
2020.0;7.0;2020-07-01;BRASPINE;PITANGA;;;;;24,39;14,54;76,46;1,09;41,93;22,76;99,57;305,36;8,49;1,22
2020.0;7.0;2020-07-01;BRASPINE;QUEIMADINHO ARROIO CLARO;PR;DOUTOR ULYSSES;48,13;19,09;9,56;14,83;79,05;4,44;41,95;24,58;100,00;321,20;4,44;1,54
2020.0;7.0;2020-07-01;BRASPINE;QUEIMADINHO M6042;PR;DOUTOR ULYSSES;48,38;18,50;9,56;14,83;79,05;4,44;41,95;24,58;100,00;321,20;4,44;1,54
2020.0;7.0;2020-07-01;BRASPINE;QUEIMADINHO USUCAPIAO;PR;DOUTOR ULYSSES;200,27;92,43;9,56;14,83;79,05;4,44;41,95;24,58;100,00;321,20;4,44;1,54
2020.0;7.0;2020-07-01;BRASPINE;RAMOS;PR;SENGES;69,83;38,15;12,82;14,72;78,05;4,43;41,19;24,02;100,00;321,28;8,90;4,01
2020.0;7.0;2020-07-01;BRASPINE;RIBEIRAO GRANDE;PR;JAGUARIAIVA;20,77;20,77;19,39;14,65;76,36;3,63;40,81;23,62;98,97;305,14;12,87;7,96
2020.0;7.0;2020-07-01;BRASPINE;RINCAO DE BAIXO;;;;;31,92;14,74;75,70;2,64;42,18;23,97;99,15;292,88;13,97;19,77
2020.0;7.0;2020-07-01;BRASPINE;RIO BOMBA;PR;CERRO AZUL;65,03;37,72;23,12;15,25;80,44;4,83;39,85;26,20;99,81;306,10;4,83;7,31
2020.0;7.0;2020-07-01;BRASPINE;RIO DO MEIO;PR;DOUTOR ULYSSES;712,33;389,13;9,53;14,83;79,05;4,44;41,95;24,58;100,00;321,20;4,44;1,54
2020.0;7.0;2020-07-01;BRASPINE;RONDON;PR;JAGUARIAIVA;2899,24;1475,88;6,29;14,66;76,51;3,85;40,97;23,50;99,87;317,35;8,25;4,57
2020.0;7.0;2020-07-01;BRASPINE;SANTA FELICIDADE;;;;;9,50;15,45;82,40;5,38;38,72;27,09;100,00;307,43;0,00;5,50
2020.0;7.0;2020-07-01;BRASPINE;SANTA LIDIA DO CERCADINHO;;;;;30,75;14,49;75,59;2,57;41,89;23,38;99,15;305,06;14,08;18,40
2020.0;7.0;2020-07-01;BRASPINE;SANTO ANTONIO;;;;;7,57;14,74;76,28;3,83;39,64;23,82;99,98;318,20;3,83;2,13
2020.0;7.0;2020-07-01;BRASPINE;SAO JOSE;PR;JANDAIA DO SUL;37,56;37,56;15,12;17,83;70,08;5,21;32,33;27,46;99,30;213,96;0,00;3,74
2020.0;7.0;2020-07-01;BRASPINE;SAO MATHEUS;;;;;11,98;18,62;70,48;5,79;31,58;28,76;99,54;203,38;0,00;9,49
2020.0;7.0;2020-07-01;BRASPINE;SAO PEDRO E SAO PAULO;PR;SAPOPEMA;709,13;323,93;7,71;15,76;73,26;3,91;36,30;24,88;98,31;321,31;13,07;0,41
2020.0;7.0;2020-07-01;BRASPINE;SAO RAFAEL;;;;;33,00;13,98;78,84;2,52;40,44;24,02;99,52;295,87;8,84;11,18
2020.0;7.0;2020-07-01;BRASPINE;SAO RAFAEL - PB;;;;;5,35;14,88;80,04;4,11;39,12;25,00;100,00;325,48;4,11;7,39
2020.0;7.0;2020-07-01;BRASPINE;SERRARIA;PR;DOUTOR ULYSSES;280,88;117,71;22,39;14,64;79,66;4,50;40,82;24,39;100,00;317,09;9,47;12,28
2020.0;7.0;2020-07-01;BRASPINE;SERRO VERDE;;;;;32,15;14,25;76,06;0,34;40,17;22,65;99,91;288,92;3,19;7,26
2020.0;7.0;2020-07-01;BRASPINE;SERTAOZINHO;PR;DOUTOR ULYSSES;16,25;16,25;7,97;14,83;79,05;4,44;41,95;24,58;100,00;321,20;4,44;1,54
2020.0;7.0;2020-07-01;BRASPINE;SITIO BASILIO;PR;JAGUARIAIVA;8,08;8,08;18,49;14,46;76,16;3,06;40,46;23,25;99,08;310,37;10,88;1,49
2020.0;7.0;2020-07-01;BRASPINE;SITIO DAS MARRECAS;PR;DOUTOR ULYSSES;77,49;35,17;13,59;15,16;81,05;4,85;40,47;25,93;100,00;324,02;4,85;9,14
2020.0;7.0;2020-07-01;BRASPINE;SOBRADINHO;SP;BOM SUCESSO DE ITARARE;285,80;123,10;5,20;14,67;77,43;3,51;39,79;23,91;100,00;319,02;3,51;0,05
2020.0;7.0;2020-07-01;BRASPINE;TAQUARAL;PR;JAGUARIAIVA;519,13;31,07;8,12;14,74;76,08;3,28;40,72;23,61;99,93;303,30;12,15;9,90
2020.0;7.0;2020-07-01;BRASPINE;TUCUNDUVA;PR;SENGES;82,21;60,89;6,52;15,10;74,36;3,66;39,23;24,13;99,08;307,45;11,82;4,25
2020.0;7.0;2020-07-01;BRASPINE;TUCUNDUVA - CHAMMA;;;;;5,38;15,36;73,86;4,11;38,47;24,40;99,32;316,60;8,77;9,24
2020.0;7.0;2020-07-01;BRASPINE;VIENA 1;PR;DOUTOR ULYSSES;263,98;178,34;22,59;14,53;78,00;3,42;42,24;23,59;99,43;318,23;7,56;12,87
2020.0;7.0;2020-07-01;BRASPINE;VIENA 2;PR;CERRO AZUL;140,23;96,54;23,09;15,25;80,44;4,83;39,85;26,20;99,81;306,10;4,83;7,31
2020.0;7.0;2020-07-01;BRASPINE;VITORIA;PR;SENGES;50,54;35,69;5,24;14,73;75,87;4,37;39,87;23,55;99,86;319,03;14,09;0,21
2020.0;7.0;2020-07-01;BRASPINE;VIVEIRO;PR;DOUTOR ULYSSES;405,39;261,22;9,53;14,83;79,05;4,44;41,95;24,58;100,00;321,20;4,44;1,54
2020.0;7.0;2020-07-01;BRASPINE;VO LINO;PR;DOUTOR ULYSSES;164,50;97,89;12,87;14,81;80,24;4,86;41,10;24,90;100,00;320,75;4,86;11,16
2020.0;7.0;2020-07-01;BRASPINE;XAXIM VELHO;;;;;24,90;13,26;78,95;0,50;40,36;22,17;99,99;272,40;9,35;91,98
2020.0;8.0;2020-08-01;BRASPINE;AGUA DOCE;PR;JAGUARIAIVA;238,97;121,99;68,62;14,75;77,05;3,82;37,61;25,98;99,85;290,96;8,25;13,61
2020.0;8.0;2020-08-01;BRASPINE;AMATA;;;;;76,41;15,67;84,33;5,32;34,14;29,67;99,99;264,66;0,00;2,26
2020.0;8.0;2020-08-01;BRASPINE;ANTA BRAVA;;;;;30,00;17,80;72,25;7,03;27,39;29,72;99,09;273,62;0,00;339,09
2020.0;8.0;2020-08-01;BRASPINE;ARAPONGAS;PR;SENGES;423,34;263,70;65,11;14,71;82,76;3,88;36,30;27,44;100,00;302,75;8,68;1,50
2020.0;8.0;2020-08-01;BRASPINE;ARROIO CLARO;PR;DOUTOR ULYSSES;275,14;92,00;67,34;14,72;84,51;3,91;35,14;28,00;100,00;306,06;8,83;2,75
2020.0;8.0;2020-08-01;BRASPINE;BARRA GRANDE;PR;DOUTOR ULYSSES;493,79;139,68;63,34;15,06;83,64;4,40;35,84;28,29;100,00;293,12;4,40;0,77
2020.0;8.0;2020-08-01;BRASPINE;BARRA GRANDE - BEMAIS;PR;GUARAPUAVA;299,16;108,61;113,00;14,25;76,46;1,35;37,14;26,34;99,96;270,92;5,05;17,85
2020.0;8.0;2020-08-01;BRASPINE;BARRETOS;PR;JAGUARIAIVA;43,35;32,98;67,32;14,72;80,33;3,59;36,67;26,89;100,00;309,19;7,92;1,46
2020.0;8.0;2020-08-01;BRASPINE;BAU;;;;;115,34;14,44;74,47;1,55;37,53;26,09;99,89;306,59;4,96;3,39
2020.0;8.0;2020-08-01;BRASPINE;BOA VISTA II;PR;PIRAI DO SUL;944,00;535,05;70,22;14,69;78,78;3,58;37,77;26,35;100,00;324,01;7,74;14,10
2020.0;8.0;2020-08-01;BRASPINE;BRASILEIRA;;;;;61,75;14,71;82,76;3,88;36,30;27,44;100,00;302,75;8,68;1,50
2020.0;8.0;2020-08-01;BRASPINE;BURACAO;;;;;80,53;14,59;81,18;4,02;34,43;27,38;100,00;303,44;8,67;4,02
2020.0;8.0;2020-08-01;BRASPINE;BURRINHO;PR;DOUTOR ULYSSES;211,01;100,37;67,28;14,72;84,51;3,91;35,14;28,00;100,00;306,06;8,83;2,75
2020.0;8.0;2020-08-01;BRASPINE;CADEADO I;PR;JAGUARIAIVA;21,07;12,29;63,62;14,56;81,78;3,51;36,43;27,00;100,00;301,17;7,92;0,60
2020.0;8.0;2020-08-01;BRASPINE;CADEADO II;PR;JAGUARIAIVA;21,88;16,79;63,62;14,56;81,78;3,51;36,43;27,00;100,00;301,17;7,92;0,60
2020.0;8.0;2020-08-01;BRASPINE;CAMPINA ALTA;PR;TIBAGI;29,77;18,24;122,46;15,39;76,29;4,61;33,42;27,61;99,88;272,70;9,30;0,94
2020.0;8.0;2020-08-01;BRASPINE;CAMPINA DO ELIAS;PR;JAGUARIAIVA;29,17;14,65;68,35;14,66;80,85;3,56;36,64;26,93;100,00;306,28;7,92;0,98
2020.0;8.0;2020-08-01;BRASPINE;CAMPO NOVO;PR;JAGUARIAIVA;295,98;156,36;66,02;14,56;81,78;3,51;36,43;27,00;100,00;301,17;7,92;0,60
2020.0;8.0;2020-08-01;BRASPINE;CONSULTORIA II A;PR;DOUTOR ULYSSES;89,62;60,79;62,54;14,71;82,76;3,88;36,30;27,44;100,00;302,75;8,68;1,50
2020.0;8.0;2020-08-01;BRASPINE;DINIZ;;;;;62,92;14,71;82,76;3,88;36,30;27,44;100,00;302,75;8,68;1,50
2020.0;8.0;2020-08-01;BRASPINE;ENES;PR;JAGUARIAIVA;5,93;5,69;66,15;14,56;81,78;3,51;36,43;27,00;100,00;301,17;7,92;0,60
2020.0;8.0;2020-08-01;BRASPINE;ENGENHARIA;;;;;62,92;14,71;82,76;3,88;36,30;27,44;100,00;302,75;8,68;1,50
2020.0;8.0;2020-08-01;BRASPINE;ESTACAO;PR;SENGES;4,76;4,14;63,31;14,56;81,78;3,51;36,43;27,00;100,00;301,17;7,92;0,60
2020.0;8.0;2020-08-01;BRASPINE;FAXINAL;PR;JAGUARIAIVA;20,65;20,65;66,15;14,56;81,78;3,51;36,43;27,00;100,00;301,17;7,92;0,60
2020.0;8.0;2020-08-01;BRASPINE;FEITAL;PR;DOUTOR ULYSSES;154,17;86,53;62,42;14,83;83,06;4,05;36,15;27,72;100,00;304,60;4,05;0,36
2020.0;8.0;2020-08-01;BRASPINE;FIGUEIRA;PR;DOUTOR ULYSSES;1053,81;315,71;63,35;14,72;84,51;3,91;35,14;28,00;100,00;306,06;8,83;2,75
2020.0;8.0;2020-08-01;BRASPINE;FIGUEIRINHA;PR;DOUTOR ULYSSES;94,37;56,74;68,71;14,72;84,51;3,91;35,14;28,00;100,00;306,06;8,83;2,75
2020.0;8.0;2020-08-01;BRASPINE;FLOEMA;PR;DOUTOR ULYSSES;2189,88;701,43;67,54;14,37;83,42;3,24;35,05;27,20;100,00;311,62;7,54;1,24
2020.0;8.0;2020-08-01;BRASPINE;FLOEMA I - SUDATI;;;;;63,31;14,71;82,76;3,88;36,30;27,44;100,00;302,75;8,68;1,50
2020.0;8.0;2020-08-01;BRASPINE;FLOEMA II - SUDATI;PR;DOUTOR ULYSSES;453,83;211,13;62,38;14,71;82,76;3,88;36,30;27,44;100,00;302,75;8,68;1,50
2020.0;8.0;2020-08-01;BRASPINE;FLOR DA SERRA;PR;SAO JOSE DA BOA VISTA;209,10;128,72;59,99;16,40;73,14;6,06;33,23;28,05;97,89;254,91;0,00;1,69
2020.0;8.0;2020-08-01;BRASPINE;GENTIL;PR;JAGUARIAIVA;126,77;53,33;68,26;14,56;76,97;3,66;38,23;25,78;99,57;317,41;7,90;20,86
2020.0;8.0;2020-08-01;BRASPINE;GUAIRACA;PR;GUARAPUAVA;623,62;169,31;114,67;14,28;76,74;1,39;35,80;26,49;100,00;285,80;5,10;3,93
2020.0;8.0;2020-08-01;BRASPINE;HERVAL 2 - MADALOSSO;;;;;79,33;14,59;81,18;4,02;34,43;27,38;100,00;303,44;8,67;4,02
2020.0;8.0;2020-08-01;BRASPINE;HERVAL DE BAIXO;PR;RESERVA;827,29;475,92;136,14;15,25;77,10;4,79;32,69;27,68;99,81;263,08;14,71;0,09
2020.0;8.0;2020-08-01;BRASPINE;HORTO 01;PR;TURVO;19,12;19,12;113,90;14,88;76,18;2,18;37,23;26,88;99,61;265,54;6,80;28,81
2020.0;8.0;2020-08-01;BRASPINE;HORTO 02;PR;TURVO;4,24;4,24;109,24;14,88;76,18;2,18;37,23;26,88;99,61;265,54;6,80;28,81
2020.0;8.0;2020-08-01;BRASPINE;HORTO 03;PR;PRUDENTOPOLIS;80,91;25,89;126,78;15,22;76,37;2,74;35,27;27,48;99,89;256,27;2,74;21,38
2020.0;8.0;2020-08-01;BRASPINE;HORTO 08;PR;TURVO;9,53;9,53;102,16;15,22;76,37;2,74;35,27;27,48;99,89;256,27;2,74;21,38
2020.0;8.0;2020-08-01;BRASPINE;HORTO 12;PR;PRUDENTOPOLIS;12,20;12,20;127,80;15,22;76,37;2,74;35,27;27,48;99,89;256,27;2,74;21,38
2020.0;8.0;2020-08-01;BRASPINE;IZAU;PR;PIRAI DO SUL;19,37;11,60;69,90;14,61;78,00;3,53;37,87;26,14;99,63;322,69;7,63;2,02
2020.0;8.0;2020-08-01;BRASPINE;JOAO RICO;PR;JAGUARIAIVA;47,46;26,18;68,49;14,75;77,05;3,82;37,61;25,98;99,85;290,96;8,25;13,61
2020.0;8.0;2020-08-01;BRASPINE;LAGOA;PR;JAGUARIAIVA;24,10;10,78;63,20;14,56;81,78;3,51;36,43;27,00;100,00;301,17;7,92;0,60
2020.0;8.0;2020-08-01;BRASPINE;MARACANA;PR;JANDAIA DO SUL;11,45;11,45;100,17;18,13;66,49;7,93;27,40;29,43;99,89;227,80;0,00;1,69
2020.0;8.0;2020-08-01;BRASPINE;MARRECA;;;;;66,45;14,72;84,51;3,91;35,14;28,00;100,00;306,06;8,83;2,75
2020.0;8.0;2020-08-01;BRASPINE;MARRECA SP;SP;ITAPIRAPUA PAULISTA;675,30;236,19;67,02;15,22;85,38;4,81;35,11;29,10;100,00;268,53;4,81;2,95
2020.0;8.0;2020-08-01;BRASPINE;MARRECAS;;;;;116,74;13,77;76,78;0,76;37,47;25,88;100,00;271,69;8,51;2,39
2020.0;8.0;2020-08-01;BRASPINE;MERCADINHO;;;;;70,62;15,20;84,79;4,59;34,25;28,98;100,00;283,84;4,59;4,86
2020.0;8.0;2020-08-01;BRASPINE;MONTE ALEGRE;;;;;89,92;18,48;66,64;8,27;26,33;30,01;99,85;246,46;0,00;0,66
2020.0;8.0;2020-08-01;BRASPINE;MONTE TABOR II;;;;;65,91;14,63;86,01;4,60;38,88;27,21;100,00;298,57;4,60;0,06
2020.0;8.0;2020-08-01;BRASPINE;MOREIRA;PR;DOUTOR ULYSSES;230,52;68,68;62,38;14,71;82,76;3,88;36,30;27,44;100,00;302,75;8,68;1,50
2020.0;8.0;2020-08-01;BRASPINE;MOREIRAS II;PR;DOUTOR ULYSSES;66,76;28,75;62,56;14,71;82,76;3,88;36,30;27,44;100,00;302,75;8,68;1,50
2020.0;8.0;2020-08-01;BRASPINE;MORRETES;PR;ORTIGUEIRA;20,36;20,36;124,83;15,65;76,73;5,00;31,11;28,31;99,66;271,06;0,00;0,98
2020.0;8.0;2020-08-01;BRASPINE;MORRO AZUL;;;;;61,30;14,87;82,56;4,17;34,55;27,67;100,00;300,83;9,14;8,37
2020.0;8.0;2020-08-01;BRASPINE;OURO FINO;SP;APIAI;51,70;51,70;63,23;14,59;84,27;4,03;35,62;27,35;100,00;295,10;8,87;0,97
2020.0;8.0;2020-08-01;BRASPINE;PALMEIRINHA DE BAIXO - SOSSEGO;PR;SENGES;85,93;9,22;60,75;14,65;77,98;3,70;36,66;25,98;99,85;296,90;8,14;38,55
2020.0;8.0;2020-08-01;BRASPINE;PAZIN;PR;DOUTOR ULYSSES;41,20;23,90;64,45;14,72;84,51;3,91;35,14;28,00;100,00;306,06;8,83;2,75
2020.0;8.0;2020-08-01;BRASPINE;PEDRAS;PR;CASTRO;7,18;7,18;72,91;14,43;79,47;3,60;39,37;26,00;100,00;312,85;7,68;7,19
2020.0;8.0;2020-08-01;BRASPINE;PESCARIA;PR;SAO JOSE DA BOA VISTA;184,57;129,22;62,61;16,57;72,57;5,27;33,46;28,41;98,06;256,08;0,00;6,25
2020.0;8.0;2020-08-01;BRASPINE;PESSEGUEIRO;PR;DOUTOR ULYSSES;109,95;64,79;63,16;14,71;82,76;3,88;36,30;27,44;100,00;302,75;8,68;1,50
2020.0;8.0;2020-08-01;BRASPINE;PITANGA;;;;;103,57;15,23;73,17;2,51;35,78;26,80;99,81;302,47;6,94;1,21
2020.0;8.0;2020-08-01;BRASPINE;QUEIMADINHO ARROIO CLARO;PR;DOUTOR ULYSSES;48,13;19,09;61,75;14,71;82,76;3,88;36,30;27,44;100,00;302,75;8,68;1,50
2020.0;8.0;2020-08-01;BRASPINE;QUEIMADINHO M6042;PR;DOUTOR ULYSSES;48,38;18,50;61,75;14,71;82,76;3,88;36,30;27,44;100,00;302,75;8,68;1,50
2020.0;8.0;2020-08-01;BRASPINE;QUEIMADINHO USUCAPIAO;PR;DOUTOR ULYSSES;200,27;92,43;61,75;14,71;82,76;3,88;36,30;27,44;100,00;302,75;8,68;1,50
2020.0;8.0;2020-08-01;BRASPINE;RAMOS;PR;SENGES;69,83;38,15;63,31;14,56;81,78;3,51;36,43;27,00;100,00;301,17;7,92;0,60
2020.0;8.0;2020-08-01;BRASPINE;RIBEIRAO GRANDE;PR;JAGUARIAIVA;20,77;20,77;68,35;14,61;78,00;3,53;37,87;26,14;99,63;322,69;7,63;2,02
2020.0;8.0;2020-08-01;BRASPINE;RINCAO DE BAIXO;;;;;103,69;14,81;75,05;4,58;34,68;26,55;99,62;300,31;9,37;0,08
2020.0;8.0;2020-08-01;BRASPINE;RIO BOMBA;PR;CERRO AZUL;65,03;37,72;72,30;15,37;83,73;4,84;33,96;29,02;99,99;285,76;4,84;2,49
2020.0;8.0;2020-08-01;BRASPINE;RIO DO MEIO;PR;DOUTOR ULYSSES;712,33;389,13;62,36;14,71;82,76;3,88;36,30;27,44;100,00;302,75;8,68;1,50
2020.0;8.0;2020-08-01;BRASPINE;RONDON;PR;JAGUARIAIVA;2899,24;1475,88;61,99;14,58;78,80;3,62;38,39;26,11;99,88;296,28;8,04;0,73
2020.0;8.0;2020-08-01;BRASPINE;SANTA FELICIDADE;;;;;66,07;15,41;86,19;5,24;34,86;29,64;100,00;267,00;0,00;2,44
2020.0;8.0;2020-08-01;BRASPINE;SANTA LIDIA DO CERCADINHO;;;;;104,82;14,56;75,15;4,41;35,44;26,09;99,45;297,45;13,83;2,33
2020.0;8.0;2020-08-01;BRASPINE;SANTO ANTONIO;;;;;62,44;14,64;78,97;3,78;35,12;26,29;100,00;297,41;8,26;33,20
2020.0;8.0;2020-08-01;BRASPINE;SAO JOSE;PR;JANDAIA DO SUL;37,56;37,56;91,50;18,35;66,80;8,13;26,79;29,81;99,90;244,67;0,00;1,27
2020.0;8.0;2020-08-01;BRASPINE;SAO MATHEUS;;;;;117,80;19,25;66,92;8,99;25,54;31,34;99,70;252,30;0,00;0,69
2020.0;8.0;2020-08-01;BRASPINE;SAO PEDRO E SAO PAULO;PR;SAPOPEMA;709,13;323,93;101,18;16,05;71,51;5,97;30,25;27,33;99,41;278,77;0,00;16,65
2020.0;8.0;2020-08-01;BRASPINE;SAO RAFAEL;;;;;115,60;14,30;80,38;3,41;33,98;26,97;99,94;307,66;6,95;3,11
2020.0;8.0;2020-08-01;BRASPINE;SAO RAFAEL - PB;;;;;66,16;14,71;83,86;4,13;34,89;27,56;100,00;299,09;8,99;6,02
2020.0;8.0;2020-08-01;BRASPINE;SERRARIA;PR;DOUTOR ULYSSES;280,88;117,71;66,77;14,55;83,97;3,57;35,10;27,60;100,00;316,46;8,18;2,45
2020.0;8.0;2020-08-01;BRASPINE;SERRO VERDE;;;;;117,55;14,97;72,56;1,78;35,79;26,64;99,94;330,41;5,43;0,19
2020.0;8.0;2020-08-01;BRASPINE;SERTAOZINHO;PR;DOUTOR ULYSSES;16,25;16,25;63,01;14,71;82,76;3,88;36,30;27,44;100,00;302,75;8,68;1,50
2020.0;8.0;2020-08-01;BRASPINE;SITIO BASILIO;PR;JAGUARIAIVA;8,08;8,08;68,59;14,59;76,67;3,74;38,06;25,72;99,65;301,55;8,07;14,40
2020.0;8.0;2020-08-01;BRASPINE;SITIO DAS MARRECAS;PR;DOUTOR ULYSSES;77,49;35,17;67,68;15,08;85,13;4,55;35,15;28,78;100,00;296,54;4,55;2,89
2020.0;8.0;2020-08-01;BRASPINE;SOBRADINHO;SP;BOM SUCESSO DE ITARARE;285,80;123,10;65,20;14,54;80,60;3,82;34,74;26,43;100,00;292,26;8,26;25,33
2020.0;8.0;2020-08-01;BRASPINE;TAQUARAL;PR;JAGUARIAIVA;519,13;31,07;64,39;14,69;78,21;3,72;38,79;26,03;99,99;288,62;8,11;13,83
2020.0;8.0;2020-08-01;BRASPINE;TUCUNDUVA;PR;SENGES;82,21;60,89;69,84;15,05;75,31;4,43;36,43;26,46;99,58;284,26;9,18;35,32
2020.0;8.0;2020-08-01;BRASPINE;TUCUNDUVA - CHAMMA;;;;;65,03;15,28;75,08;4,49;35,43;26,59;99,57;278,36;4,49;34,88
2020.0;8.0;2020-08-01;BRASPINE;VIENA 1;PR;DOUTOR ULYSSES;263,98;178,34;70,26;14,38;82,10;3,29;37,38;26,68;100,00;315,45;7,44;0,06
2020.0;8.0;2020-08-01;BRASPINE;VIENA 2;PR;CERRO AZUL;140,23;96,54;72,24;15,37;83,73;4,84;33,96;29,02;99,99;285,76;4,84;2,49
2020.0;8.0;2020-08-01;BRASPINE;VITORIA;PR;SENGES;50,54;35,69;60,75;14,65;77,98;3,70;36,66;25,98;99,85;296,90;8,14;38,55
2020.0;8.0;2020-08-01;BRASPINE;VIVEIRO;PR;DOUTOR ULYSSES;405,39;261,22;62,56;14,71;82,76;3,88;36,30;27,44;100,00;302,75;8,68;1,50
2020.0;8.0;2020-08-01;BRASPINE;VO LINO;PR;DOUTOR ULYSSES;164,50;97,89;66,60;14,72;84,51;3,91;35,14;28,00;100,00;306,06;8,83;2,75
2020.0;8.0;2020-08-01;BRASPINE;XAXIM VELHO;;;;;114,48;13,77;78,12;0,64;36,75;26,16;100,00;274,04;8,14;1,17
2020.0;9.0;2020-09-01;BRASPINE;AGUA DOCE;PR;JAGUARIAIVA;238,97;121,99;16,81;19,41;70,95;9,03;26,59;31,47;99,29;199,50;0,00;4,55
2020.0;9.0;2020-09-01;BRASPINE;AMATA;;;;;57,97;20,44;75,99;11,45;25,57;34,67;99,77;120,07;0,00;1,72
2020.0;9.0;2020-09-01;BRASPINE;ANTA BRAVA;;;;;23,17;22,65;64,24;12,11;20,17;36,16;97,52;53,68;0,00;8,15
2020.0;9.0;2020-09-01;BRASPINE;ARAPONGAS;PR;SENGES;423,34;263,70;20,21;19,30;75,48;9,55;24,83;32,94;100,00;234,81;0,00;2,01
2020.0;9.0;2020-09-01;BRASPINE;ARROIO CLARO;PR;DOUTOR ULYSSES;275,14;92,00;22,47;19,32;76,36;9,80;24,12;33,51;100,00;193,72;0,00;1,20
2020.0;9.0;2020-09-01;BRASPINE;BARRA GRANDE;PR;DOUTOR ULYSSES;493,79;139,68;19,12;19,70;76,43;9,96;25,14;33,73;100,00;225,44;0,00;10,73
2020.0;9.0;2020-09-01;BRASPINE;BARRA GRANDE - BEMAIS;PR;GUARAPUAVA;299,16;108,61;51,43;19,61;67,71;9,45;26,22;30,65;98,63;285,61;0,00;7,48
2020.0;9.0;2020-09-01;BRASPINE;BARRETOS;PR;JAGUARIAIVA;43,35;32,98;19,84;19,40;73,28;8,93;24,11;32,19;99,89;200,94;0,00;0,38
2020.0;9.0;2020-09-01;BRASPINE;BAU;;;;;40,62;19,67;66,36;9,49;27,89;29,95;96,15;234,70;0,00;5,22
2020.0;9.0;2020-09-01;BRASPINE;BOA VISTA II;PR;PIRAI DO SUL;944,00;535,05;21,71;19,35;72,36;8,79;25,88;31,67;99,78;213,77;0,00;1,27
2020.0;9.0;2020-09-01;BRASPINE;BRASILEIRA;;;;;18,53;19,30;75,48;9,55;24,83;32,94;100,00;234,81;0,00;2,01
2020.0;9.0;2020-09-01;BRASPINE;BURACAO;;;;;89,28;19,27;73,76;9,88;26,70;31,99;99,62;205,51;0,00;5,71
2020.0;9.0;2020-09-01;BRASPINE;BURRINHO;PR;DOUTOR ULYSSES;211,01;100,37;22,36;19,32;76,36;9,80;24,12;33,51;100,00;193,72;0,00;1,20
2020.0;9.0;2020-09-01;BRASPINE;CADEADO I;PR;JAGUARIAIVA;21,07;12,29;20,40;19,15;74,46;9,13;24,46;32,44;100,00;214,36;0,00;6,50
2020.0;9.0;2020-09-01;BRASPINE;CADEADO II;PR;JAGUARIAIVA;21,88;16,79;20,40;19,15;74,46;9,13;24,46;32,44;100,00;214,36;0,00;6,50
2020.0;9.0;2020-09-01;BRASPINE;CAMPINA ALTA;PR;TIBAGI;29,77;18,24;25,77;20,89;66,22;10,55;24,96;33,67;99,62;198,62;0,00;4,58
2020.0;9.0;2020-09-01;BRASPINE;CAMPINA DO ELIAS;PR;JAGUARIAIVA;29,17;14,65;21,43;19,31;73,71;9,00;24,24;32,28;99,93;215,39;0,00;9,95
2020.0;9.0;2020-09-01;BRASPINE;CAMPO NOVO;PR;JAGUARIAIVA;295,98;156,36;20,14;19,15;74,46;9,13;24,46;32,44;100,00;214,36;0,00;6,50
2020.0;9.0;2020-09-01;BRASPINE;CONSULTORIA II A;PR;DOUTOR ULYSSES;89,62;60,79;18,54;19,30;75,48;9,55;24,83;32,94;100,00;234,81;0,00;2,01
2020.0;9.0;2020-09-01;BRASPINE;DINIZ;;;;;17,93;19,30;75,48;9,55;24,83;32,94;100,00;234,81;0,00;2,01
2020.0;9.0;2020-09-01;BRASPINE;ENES;PR;JAGUARIAIVA;5,93;5,69;20,14;19,15;74,46;9,13;24,46;32,44;100,00;214,36;0,00;6,50
2020.0;9.0;2020-09-01;BRASPINE;ENGENHARIA;;;;;17,93;19,30;75,48;9,55;24,83;32,94;100,00;234,81;0,00;2,01
2020.0;9.0;2020-09-01;BRASPINE;ESTACAO;PR;SENGES;4,76;4,14;19,75;19,15;74,46;9,13;24,46;32,44;100,00;214,36;0,00;6,50
2020.0;9.0;2020-09-01;BRASPINE;FAXINAL;PR;JAGUARIAIVA;20,65;20,65;20,14;19,15;74,46;9,13;24,46;32,44;100,00;214,36;0,00;6,50
2020.0;9.0;2020-09-01;BRASPINE;FEITAL;PR;DOUTOR ULYSSES;154,17;86,53;19,50;19,44;75,80;9,69;24,93;33,20;100,00;236,77;0,00;17,25
2020.0;9.0;2020-09-01;BRASPINE;FIGUEIRA;PR;DOUTOR ULYSSES;1053,81;315,71;19,22;19,32;76,36;9,80;24,12;33,51;100,00;193,72;0,00;1,20
2020.0;9.0;2020-09-01;BRASPINE;FIGUEIRINHA;PR;DOUTOR ULYSSES;94,37;56,74;21,48;19,32;76,36;9,80;24,12;33,51;100,00;193,72;0,00;1,20
2020.0;9.0;2020-09-01;BRASPINE;FLOEMA;PR;DOUTOR ULYSSES;2189,88;701,43;24,52;18,94;75,07;9,35;24,74;32,73;100,00;187,43;0,00;2,42
2020.0;9.0;2020-09-01;BRASPINE;FLOEMA I - SUDATI;;;;;19,71;19,30;75,48;9,55;24,83;32,94;100,00;234,81;0,00;2,01
2020.0;9.0;2020-09-01;BRASPINE;FLOEMA II - SUDATI;PR;DOUTOR ULYSSES;453,83;211,13;18,00;19,30;75,48;9,55;24,83;32,94;100,00;234,81;0,00;2,01
2020.0;9.0;2020-09-01;BRASPINE;FLOR DA SERRA;PR;SAO JOSE DA BOA VISTA;209,10;128,72;13,28;21,51;65,61;11,40;23,99;34,69;96,58;137,62;0,00;8,39
2020.0;9.0;2020-09-01;BRASPINE;GENTIL;PR;JAGUARIAIVA;126,77;53,33;18,17;19,26;70,74;9,01;26,81;31,19;98,98;211,68;0,00;2,45
2020.0;9.0;2020-09-01;BRASPINE;GUAIRACA;PR;GUARAPUAVA;623,62;169,31;59,40;19,61;68,22;9,66;25,76;30,97;98,82;255,51;0,00;10,61
2020.0;9.0;2020-09-01;BRASPINE;HERVAL 2 - MADALOSSO;;;;;88,36;19,27;73,76;9,88;26,70;31,99;99,62;205,51;0,00;5,71
2020.0;9.0;2020-09-01;BRASPINE;HERVAL DE BAIXO;PR;RESERVA;827,29;475,92;28,75;20,80;66,87;10,45;24,55;33,87;99,74;195,34;0,00;0,61
2020.0;9.0;2020-09-01;BRASPINE;HORTO 01;PR;TURVO;19,12;19,12;36,73;20,43;67,63;9,89;29,04;31,39;96,71;248,77;0,00;1,95
2020.0;9.0;2020-09-01;BRASPINE;HORTO 02;PR;TURVO;4,24;4,24;37,82;20,43;67,63;9,89;29,04;31,39;96,71;248,77;0,00;1,95
2020.0;9.0;2020-09-01;BRASPINE;HORTO 03;PR;PRUDENTOPOLIS;80,91;25,89;32,61;20,78;67,45;10,28;26,58;32,22;97,55;224,36;0,00;0,61
2020.0;9.0;2020-09-01;BRASPINE;HORTO 08;PR;TURVO;9,53;9,53;36,79;20,78;67,45;10,28;26,58;32,22;97,55;224,36;0,00;0,61
2020.0;9.0;2020-09-01;BRASPINE;HORTO 12;PR;PRUDENTOPOLIS;12,20;12,20;31,04;20,78;67,45;10,28;26,58;32,22;97,55;224,36;0,00;0,61
2020.0;9.0;2020-09-01;BRASPINE;IZAU;PR;PIRAI DO SUL;19,37;11,60;17,60;19,34;71,44;8,87;24,48;31,46;99,30;199,20;0,00;0,77
2020.0;9.0;2020-09-01;BRASPINE;JOAO RICO;PR;JAGUARIAIVA;47,46;26,18;17,72;19,41;70,95;9,03;26,59;31,47;99,29;199,50;0,00;4,55
2020.0;9.0;2020-09-01;BRASPINE;LAGOA;PR;JAGUARIAIVA;24,10;10,78;20,11;19,15;74,46;9,13;24,46;32,44;100,00;214,36;0,00;6,50
2020.0;9.0;2020-09-01;BRASPINE;MARACANA;PR;JANDAIA DO SUL;11,45;11,45;13,01;23,78;54,19;12,78;16,97;35,99;99,14;40,44;0,00;4,45
2020.0;9.0;2020-09-01;BRASPINE;MARRECA;;;;;20,64;19,32;76,36;9,80;24,12;33,51;100,00;193,72;0,00;1,20
2020.0;9.0;2020-09-01;BRASPINE;MARRECA SP;SP;ITAPIRAPUA PAULISTA;675,30;236,19;20,46;19,87;77,48;10,29;24,47;34,32;100,00;185,26;0,00;0,27
2020.0;9.0;2020-09-01;BRASPINE;MARRECAS;;;;;53,24;19,04;68,34;9,10;26,60;30,00;98,62;290,93;0,00;0,86
2020.0;9.0;2020-09-01;BRASPINE;MERCADINHO;;;;;24,90;19,90;76,40;10,67;23,82;34,30;99,80;216,85;0,00;2,06
2020.0;9.0;2020-09-01;BRASPINE;MONTE ALEGRE;;;;;12,99;24,18;54,26;13,43;16,67;36,60;99,01;26,87;0,00;0,78
2020.0;9.0;2020-09-01;BRASPINE;MONTE TABOR II;;;;;25,54;19,05;80,36;10,84;28,17;32,87;99,96;284,68;0,00;0,11
2020.0;9.0;2020-09-01;BRASPINE;MOREIRA;PR;DOUTOR ULYSSES;230,52;68,68;18,00;19,30;75,48;9,55;24,83;32,94;100,00;234,81;0,00;2,01
2020.0;9.0;2020-09-01;BRASPINE;MOREIRAS II;PR;DOUTOR ULYSSES;66,76;28,75;18,63;19,30;75,48;9,55;24,83;32,94;100,00;234,81;0,00;2,01
2020.0;9.0;2020-09-01;BRASPINE;MORRETES;PR;ORTIGUEIRA;20,36;20,36;23,66;21,28;66,65;10,92;23,23;34,67;99,79;184,62;0,00;2,98
2020.0;9.0;2020-09-01;BRASPINE;MORRO AZUL;;;;;19,26;19,50;75,45;9,58;23,57;33,66;100,00;248,77;0,00;334,76
2020.0;9.0;2020-09-01;BRASPINE;OURO FINO;SP;APIAI;51,70;51,70;22,90;19,04;77,68;9,79;26,52;33,26;100,00;277,18;0,00;324,86
2020.0;9.0;2020-09-01;BRASPINE;PALMEIRINHA DE BAIXO - SOSSEGO;PR;SENGES;85,93;9,22;14,88;19,26;71,58;9,19;23,27;32,00;99,25;271,98;0,00;1,41
2020.0;9.0;2020-09-01;BRASPINE;PAZIN;PR;DOUTOR ULYSSES;41,20;23,90;19,99;19,32;76,36;9,80;24,12;33,51;100,00;193,72;0,00;1,20
2020.0;9.0;2020-09-01;BRASPINE;PEDRAS;PR;CASTRO;7,18;7,18;25,37;19,16;73,00;8,98;29,62;31,23;99,64;213,23;0,00;5,11
2020.0;9.0;2020-09-01;BRASPINE;PESCARIA;PR;SAO JOSE DA BOA VISTA;184,57;129,22;14,67;21,70;65,05;11,43;23,08;34,88;96,19;152,39;0,00;4,87
2020.0;9.0;2020-09-01;BRASPINE;PESSEGUEIRO;PR;DOUTOR ULYSSES;109,95;64,79;19,65;19,30;75,48;9,55;24,83;32,94;100,00;234,81;0,00;2,01
2020.0;9.0;2020-09-01;BRASPINE;PITANGA;;;;;35,55;20,57;64,91;10,36;26,56;30,97;97,09;172,16;0,00;4,20
2020.0;9.0;2020-09-01;BRASPINE;QUEIMADINHO ARROIO CLARO;PR;DOUTOR ULYSSES;48,13;19,09;18,53;19,30;75,48;9,55;24,83;32,94;100,00;234,81;0,00;2,01
2020.0;9.0;2020-09-01;BRASPINE;QUEIMADINHO M6042;PR;DOUTOR ULYSSES;48,38;18,50;18,53;19,30;75,48;9,55;24,83;32,94;100,00;234,81;0,00;2,01
2020.0;9.0;2020-09-01;BRASPINE;QUEIMADINHO USUCAPIAO;PR;DOUTOR ULYSSES;200,27;92,43;18,53;19,30;75,48;9,55;24,83;32,94;100,00;234,81;0,00;2,01
2020.0;9.0;2020-09-01;BRASPINE;RAMOS;PR;SENGES;69,83;38,15;19,71;19,15;74,46;9,13;24,46;32,44;100,00;214,36;0,00;6,50
2020.0;9.0;2020-09-01;BRASPINE;RIBEIRAO GRANDE;PR;JAGUARIAIVA;20,77;20,77;16,20;19,34;71,44;8,87;24,48;31,46;99,30;199,20;0,00;0,77
2020.0;9.0;2020-09-01;BRASPINE;RINCAO DE BAIXO;;;;;18,64;20,01;66,69;10,47;26,04;32,35;98,42;235,82;0,00;2,56
2020.0;9.0;2020-09-01;BRASPINE;RIO BOMBA;PR;CERRO AZUL;65,03;37,72;42,52;20,12;75,25;11,17;25,13;34,25;99,50;161,48;0,00;3,83
2020.0;9.0;2020-09-01;BRASPINE;RIO DO MEIO;PR;DOUTOR ULYSSES;712,33;389,13;18,60;19,30;75,48;9,55;24,83;32,94;100,00;234,81;0,00;2,01
2020.0;9.0;2020-09-01;BRASPINE;RONDON;PR;JAGUARIAIVA;2899,24;1475,88;16,71;19,18;72,49;9,08;24,96;31,69;99,63;256,59;0,00;15,25
2020.0;9.0;2020-09-01;BRASPINE;SANTA FELICIDADE;;;;;18,73;20,05;78,46;10,59;24,58;34,78;100,00;202,34;0,00;10,12
2020.0;9.0;2020-09-01;BRASPINE;SANTA LIDIA DO CERCADINHO;;;;;20,90;19,67;66,80;10,08;26,42;31,81;98,15;247,19;0,00;1,48
2020.0;9.0;2020-09-01;BRASPINE;SANTO ANTONIO;;;;;16,45;19,22;72,25;9,25;23,04;32,48;99,84;286,29;0,00;6,44
2020.0;9.0;2020-09-01;BRASPINE;SAO JOSE;PR;JANDAIA DO SUL;37,56;37,56;12,93;24,02;54,50;13,25;16,90;36,35;99,22;41,44;0,00;1,07
2020.0;9.0;2020-09-01;BRASPINE;SAO MATHEUS;;;;;12,04;25,07;54,50;14,36;18,10;38,03;98,55;29,33;0,00;5,20
2020.0;9.0;2020-09-01;BRASPINE;SAO PEDRO E SAO PAULO;PR;SAPOPEMA;709,13;323,93;23,17;21,34;62,62;10,94;22,98;33,81;96,39;218,09;0,00;1,39
2020.0;9.0;2020-09-01;BRASPINE;SAO RAFAEL;;;;;43,62;18,92;74,12;9,25;25,57;31,73;99,69;214,36;0,00;0,27
2020.0;9.0;2020-09-01;BRASPINE;SAO RAFAEL - PB;;;;;20,73;19,21;77,05;9,71;25,57;33,52;100,00;263,63;0,00;5,77
2020.0;9.0;2020-09-01;BRASPINE;SERRARIA;PR;DOUTOR ULYSSES;280,88;117,71;22,04;19,13;75,71;9,58;24,43;33,12;100,00;205,64;0,00;1,84
2020.0;9.0;2020-09-01;BRASPINE;SERRO VERDE;;;;;40,84;20,28;64,02;9,92;25,86;30,72;96,38;138,67;0,00;7,16
2020.0;9.0;2020-09-01;BRASPINE;SERTAOZINHO;PR;DOUTOR ULYSSES;16,25;16,25;18,75;19,30;75,48;9,55;24,83;32,94;100,00;234,81;0,00;2,01
2020.0;9.0;2020-09-01;BRASPINE;SITIO BASILIO;PR;JAGUARIAIVA;8,08;8,08;16,82;19,27;70,58;9,06;27,48;31,19;99,01;211,66;0,00;11,71
2020.0;9.0;2020-09-01;BRASPINE;SITIO DAS MARRECAS;PR;DOUTOR ULYSSES;77,49;35,17;20,09;19,72;77,16;10,15;24,37;34,09;100,00;183,45;0,00;0,14
2020.0;9.0;2020-09-01;BRASPINE;SOBRADINHO;SP;BOM SUCESSO DE ITARARE;285,80;123,10;20,62;19,05;73,86;9,33;24,08;32,70;99,94;314,26;0,00;1,94
2020.0;9.0;2020-09-01;BRASPINE;TAQUARAL;PR;JAGUARIAIVA;519,13;31,07;17,06;19,29;72,12;8,96;26,34;31,51;99,94;213,60;0,00;5,83
2020.0;9.0;2020-09-01;BRASPINE;TUCUNDUVA;PR;SENGES;82,21;60,89;16,23;19,97;68,39;9,81;24,37;32,33;98,58;248,07;0,00;4,23
2020.0;9.0;2020-09-01;BRASPINE;TUCUNDUVA - CHAMMA;;;;;16,86;20,15;68,31;9,96;23,78;32,49;97,39;222,89;0,00;2,28
2020.0;9.0;2020-09-01;BRASPINE;VIENA 1;PR;DOUTOR ULYSSES;263,98;178,34;27,43;18,95;74,17;9,09;26,67;31,94;99,99;215,55;0,00;2,97
2020.0;9.0;2020-09-01;BRASPINE;VIENA 2;PR;CERRO AZUL;140,23;96,54;42,16;20,12;75,25;11,17;25,13;34,25;99,50;161,48;0,00;3,83
2020.0;9.0;2020-09-01;BRASPINE;VITORIA;PR;SENGES;50,54;35,69;14,88;19,26;71,58;9,19;23,27;32,00;99,25;271,98;0,00;1,41
2020.0;9.0;2020-09-01;BRASPINE;VIVEIRO;PR;DOUTOR ULYSSES;405,39;261,22;18,63;19,30;75,48;9,55;24,83;32,94;100,00;234,81;0,00;2,01
2020.0;9.0;2020-09-01;BRASPINE;VO LINO;PR;DOUTOR ULYSSES;164,50;97,89;21,32;19,32;76,36;9,80;24,12;33,51;100,00;193,72;0,00;1,20
2020.0;9.0;2020-09-01;BRASPINE;XAXIM VELHO;;;;;55,05;18,82;70,87;9,06;26,78;30,20;98,72;289,50;0,00;0,71
2020.0;10.0;2020-10-01;BRASPINE;AGUA DOCE;PR;JAGUARIAIVA;238,97;121,99;116,05;19,73;72,91;10,58;25,93;32,72;99,85;204,86;0,00;4,02
2020.0;10.0;2020-10-01;BRASPINE;AMATA;;;;;99,93;21,06;75,46;12,20;25,57;35,90;99,99;134,47;0,00;1,67
2020.0;10.0;2020-10-01;BRASPINE;ANTA BRAVA;;;;;76,28;22,91;67,48;13,63;18,19;37,82;97,74;70,97;0,00;325,69
2020.0;10.0;2020-10-01;BRASPINE;ARAPONGAS;PR;SENGES;423,34;263,70;114,61;19,57;77,74;11,06;25,96;33,75;100,00;210,10;0,00;5,07
2020.0;10.0;2020-10-01;BRASPINE;ARROIO CLARO;PR;DOUTOR ULYSSES;275,14;92,00;105,82;19,62;78,31;11,01;25,81;34,13;100,00;181,35;0,00;10,35
2020.0;10.0;2020-10-01;BRASPINE;BARRA GRANDE;PR;DOUTOR ULYSSES;493,79;139,68;86,17;19,99;78,25;11,41;24,42;34,99;100,00;169,88;0,00;3,62
2020.0;10.0;2020-10-01;BRASPINE;BARRA GRANDE - BEMAIS;PR;GUARAPUAVA;299,16;108,61;110,50;19,67;70,67;10,02;27,38;32,27;99,89;272,77;0,00;3,61
2020.0;10.0;2020-10-01;BRASPINE;BARRETOS;PR;JAGUARIAIVA;43,35;32,98;131,40;19,51;75,98;10,65;26,46;33,14;99,98;233,56;0,00;4,25
2020.0;10.0;2020-10-01;BRASPINE;BAU;;;;;97,21;20,13;66,13;10,58;25,24;32,18;99,89;248,03;0,00;0,56
2020.0;10.0;2020-10-01;BRASPINE;BOA VISTA II;PR;PIRAI DO SUL;944,00;535,05;127,73;19,52;74,42;10,31;26,36;32,81;99,95;215,65;0,00;2,86
2020.0;10.0;2020-10-01;BRASPINE;BRASILEIRA;;;;;87,72;19,57;77,74;11,06;25,96;33,75;100,00;210,10;0,00;5,07
2020.0;10.0;2020-10-01;BRASPINE;BURACAO;;;;;98,38;19,72;73,90;11,06;27,65;32,89;99,79;210,43;0,00;2,82
2020.0;10.0;2020-10-01;BRASPINE;BURRINHO;PR;DOUTOR ULYSSES;211,01;100,37;105,44;19,62;78,31;11,01;25,81;34,13;100,00;181,35;0,00;10,35
2020.0;10.0;2020-10-01;BRASPINE;CADEADO I;PR;JAGUARIAIVA;21,07;12,29;120,09;19,38;76,99;10,64;27,13;33,04;100,00;220,24;0,00;4,35
2020.0;10.0;2020-10-01;BRASPINE;CADEADO II;PR;JAGUARIAIVA;21,88;16,79;120,09;19,38;76,99;10,64;27,13;33,04;100,00;220,24;0,00;4,35
2020.0;10.0;2020-10-01;BRASPINE;CAMPINA ALTA;PR;TIBAGI;29,77;18,24;106,35;21,46;67,91;11,81;22,00;34,72;99,47;149,13;0,00;0,82
2020.0;10.0;2020-10-01;BRASPINE;CAMPINA DO ELIAS;PR;JAGUARIAIVA;29,17;14,65;130,41;19,46;76,35;10,73;26,70;33,10;99,99;234,21;0,00;4,29
2020.0;10.0;2020-10-01;BRASPINE;CAMPO NOVO;PR;JAGUARIAIVA;295,98;156,36;119,24;19,38;76,99;10,64;27,13;33,04;100,00;220,24;0,00;4,35
2020.0;10.0;2020-10-01;BRASPINE;CONSULTORIA II A;PR;DOUTOR ULYSSES;89,62;60,79;97,72;19,57;77,74;11,06;25,96;33,75;100,00;210,10;0,00;5,07
2020.0;10.0;2020-10-01;BRASPINE;DINIZ;;;;;104,55;19,57;77,74;11,06;25,96;33,75;100,00;210,10;0,00;5,07
2020.0;10.0;2020-10-01;BRASPINE;ENES;PR;JAGUARIAIVA;5,93;5,69;119,89;19,38;76,99;10,64;27,13;33,04;100,00;220,24;0,00;4,35
2020.0;10.0;2020-10-01;BRASPINE;ENGENHARIA;;;;;104,55;19,57;77,74;11,06;25,96;33,75;100,00;210,10;0,00;5,07
2020.0;10.0;2020-10-01;BRASPINE;ESTACAO;PR;SENGES;4,76;4,14;109,72;19,38;76,99;10,64;27,13;33,04;100,00;220,24;0,00;4,35
2020.0;10.0;2020-10-01;BRASPINE;FAXINAL;PR;JAGUARIAIVA;20,65;20,65;119,89;19,38;76,99;10,64;27,13;33,04;100,00;220,24;0,00;4,35
2020.0;10.0;2020-10-01;BRASPINE;FEITAL;PR;DOUTOR ULYSSES;154,17;86,53;86,53;19,71;77,91;11,18;25,51;34,16;100,00;196,83;0,00;2,22
2020.0;10.0;2020-10-01;BRASPINE;FIGUEIRA;PR;DOUTOR ULYSSES;1053,81;315,71;98,72;19,62;78,31;11,01;25,81;34,13;100,00;181,35;0,00;10,35
2020.0;10.0;2020-10-01;BRASPINE;FIGUEIRINHA;PR;DOUTOR ULYSSES;94,37;56,74;92,25;19,62;78,31;11,01;25,81;34,13;100,00;181,35;0,00;10,35
2020.0;10.0;2020-10-01;BRASPINE;FLOEMA;PR;DOUTOR ULYSSES;2189,88;701,43;123,09;19,23;77,33;10,68;27,02;33,09;100,00;219,87;0,00;10,19
2020.0;10.0;2020-10-01;BRASPINE;FLOEMA I - SUDATI;;;;;109,24;19,57;77,74;11,06;25,96;33,75;100,00;210,10;0,00;5,07
2020.0;10.0;2020-10-01;BRASPINE;FLOEMA II - SUDATI;PR;DOUTOR ULYSSES;453,83;211,13;105,06;19,57;77,74;11,06;25,96;33,75;100,00;210,10;0,00;5,07
2020.0;10.0;2020-10-01;BRASPINE;FLOR DA SERRA;PR;SAO JOSE DA BOA VISTA;209,10;128,72;103,83;22,11;66,52;13,08;21,21;35,79;96,78;98,03;0,00;1,25
2020.0;10.0;2020-10-01;BRASPINE;GENTIL;PR;JAGUARIAIVA;126,77;53,33;111,37;19,61;72,62;10,49;26,21;32,56;99,53;217,84;0,00;2,90
2020.0;10.0;2020-10-01;BRASPINE;GUAIRACA;PR;GUARAPUAVA;623,62;169,31;113,65;19,68;70,85;9,35;26,48;32,41;99,86;225,44;0,00;344,04
2020.0;10.0;2020-10-01;BRASPINE;HERVAL 2 - MADALOSSO;;;;;100,81;19,72;73,90;11,06;27,65;32,89;99,79;210,43;0,00;2,82
2020.0;10.0;2020-10-01;BRASPINE;HERVAL DE BAIXO;PR;RESERVA;827,29;475,92;86,89;21,53;67,38;11,93;21,79;34,84;99,29;133,81;0,00;7,70
2020.0;10.0;2020-10-01;BRASPINE;HORTO 01;PR;TURVO;19,12;19,12;106,71;20,62;69,30;10,24;26,26;32,97;99,18;192,91;0,00;0,08
2020.0;10.0;2020-10-01;BRASPINE;HORTO 02;PR;TURVO;4,24;4,24;106,85;20,62;69,30;10,24;26,26;32,97;99,18;192,91;0,00;0,08
2020.0;10.0;2020-10-01;BRASPINE;HORTO 03;PR;PRUDENTOPOLIS;80,91;25,89;107,87;21,02;69,12;10,51;26,42;33,63;99,31;153,84;0,00;57,74
2020.0;10.0;2020-10-01;BRASPINE;HORTO 08;PR;TURVO;9,53;9,53;115,37;21,02;69,12;10,51;26,42;33,63;99,31;153,84;0,00;57,74
2020.0;10.0;2020-10-01;BRASPINE;HORTO 12;PR;PRUDENTOPOLIS;12,20;12,20;109,67;21,02;69,12;10,51;26,42;33,63;99,31;153,84;0,00;57,74
2020.0;10.0;2020-10-01;BRASPINE;IZAU;PR;PIRAI DO SUL;19,37;11,60;120,69;19,54;73,62;10,35;25,46;33,10;99,55;230,86;0,00;6,58
2020.0;10.0;2020-10-01;BRASPINE;JOAO RICO;PR;JAGUARIAIVA;47,46;26,18;114,37;19,73;72,91;10,58;25,93;32,72;99,85;204,86;0,00;4,02
2020.0;10.0;2020-10-01;BRASPINE;LAGOA;PR;JAGUARIAIVA;24,10;10,78;116,60;19,38;76,99;10,64;27,13;33,04;100,00;220,24;0,00;4,35
2020.0;10.0;2020-10-01;BRASPINE;MARACANA;PR;JANDAIA DO SUL;11,45;11,45;59,55;24,10;60,60;14,67;15,71;37,51;99,44;14,67;0,00;2,56
2020.0;10.0;2020-10-01;BRASPINE;MARRECA;;;;;99,54;19,62;78,31;11,01;25,81;34,13;100,00;181,35;0,00;10,35
2020.0;10.0;2020-10-01;BRASPINE;MARRECA SP;SP;ITAPIRAPUA PAULISTA;675,30;236,19;87,33;20,22;78,78;11,55;24,72;35,57;100,00;157,54;0,00;7,41
2020.0;10.0;2020-10-01;BRASPINE;MARRECAS;;;;;111,45;19,10;71,21;8,97;27,61;31,60;99,92;320,87;0,00;3,31
2020.0;10.0;2020-10-01;BRASPINE;MERCADINHO;;;;;94,01;20,35;77,04;11,53;25,22;35,15;99,97;142,88;0,00;1,85
2020.0;10.0;2020-10-01;BRASPINE;MONTE ALEGRE;;;;;62,59;24,61;59,78;15,26;15,53;38,05;99,25;0,00;0,00;0,08
2020.0;10.0;2020-10-01;BRASPINE;MONTE TABOR II;;;;;76,07;19,48;80,43;11,26;27,58;34,59;99,95;168,79;0,00;6,18
2020.0;10.0;2020-10-01;BRASPINE;MOREIRA;PR;DOUTOR ULYSSES;230,52;68,68;105,06;19,57;77,74;11,06;25,96;33,75;100,00;210,10;0,00;5,07
2020.0;10.0;2020-10-01;BRASPINE;MOREIRAS II;PR;DOUTOR ULYSSES;66,76;28,75;96,62;19,57;77,74;11,06;25,96;33,75;100,00;210,10;0,00;5,07
2020.0;10.0;2020-10-01;BRASPINE;MORRETES;PR;ORTIGUEIRA;20,36;20,36;82,74;22,16;66,05;12,39;20,77;35,68;99,45;93,11;0,00;0,02
2020.0;10.0;2020-10-01;BRASPINE;MORRO AZUL;;;;;77,07;19,73;77,78;10,58;23,04;34,62;100,00;210,02;0,00;10,50
2020.0;10.0;2020-10-01;BRASPINE;OURO FINO;SP;APIAI;51,70;51,70;63,96;19,30;79,65;10,23;24,74;34,22;100,00;222,68;0,00;1,37
2020.0;10.0;2020-10-01;BRASPINE;PALMEIRINHA DE BAIXO - SOSSEGO;PR;SENGES;85,93;9,22;95,30;19,53;74,35;10,44;24,08;32,92;99,83;221,96;0,00;330,06
2020.0;10.0;2020-10-01;BRASPINE;PAZIN;PR;DOUTOR ULYSSES;41,20;23,90;88,33;19,62;78,31;11,01;25,81;34,13;100,00;181,35;0,00;10,35
2020.0;10.0;2020-10-01;BRASPINE;PEDRAS;PR;CASTRO;7,18;7,18;119,71;19,46;74,20;10,21;28,34;32,37;99,38;213,77;0,00;2,34
2020.0;10.0;2020-10-01;BRASPINE;PESCARIA;PR;SAO JOSE DA BOA VISTA;184,57;129,22;105,95;22,22;66,30;13,01;20,34;36,05;96,75;82,59;0,00;0,76
2020.0;10.0;2020-10-01;BRASPINE;PESSEGUEIRO;PR;DOUTOR ULYSSES;109,95;64,79;106,33;19,57;77,74;11,06;25,96;33,75;100,00;210,10;0,00;5,07
2020.0;10.0;2020-10-01;BRASPINE;PITANGA;;;;;96,37;21,15;64,50;11,72;24,09;33,32;99,78;191,25;0,00;1,41
2020.0;10.0;2020-10-01;BRASPINE;QUEIMADINHO ARROIO CLARO;PR;DOUTOR ULYSSES;48,13;19,09;87,72;19,57;77,74;11,06;25,96;33,75;100,00;210,10;0,00;5,07
2020.0;10.0;2020-10-01;BRASPINE;QUEIMADINHO M6042;PR;DOUTOR ULYSSES;48,38;18,50;87,72;19,57;77,74;11,06;25,96;33,75;100,00;210,10;0,00;5,07
2020.0;10.0;2020-10-01;BRASPINE;QUEIMADINHO USUCAPIAO;PR;DOUTOR ULYSSES;200,27;92,43;87,72;19,57;77,74;11,06;25,96;33,75;100,00;210,10;0,00;5,07
2020.0;10.0;2020-10-01;BRASPINE;RAMOS;PR;SENGES;69,83;38,15;109,24;19,38;76,99;10,64;27,13;33,04;100,00;220,24;0,00;4,35
2020.0;10.0;2020-10-01;BRASPINE;RIBEIRAO GRANDE;PR;JAGUARIAIVA;20,77;20,77;118,59;19,54;73,62;10,35;25,46;33,10;99,55;230,86;0,00;6,58
2020.0;10.0;2020-10-01;BRASPINE;RINCAO DE BAIXO;;;;;116,62;20,74;67,30;11,27;23,33;33,48;98,41;142,15;0,00;5,42
2020.0;10.0;2020-10-01;BRASPINE;RIO BOMBA;PR;CERRO AZUL;65,03;37,72;110,72;20,72;74,90;11,83;25,68;35,00;99,98;144,55;0,00;0,82
2020.0;10.0;2020-10-01;BRASPINE;RIO DO MEIO;PR;DOUTOR ULYSSES;712,33;389,13;94,25;19,57;77,74;11,06;25,96;33,75;100,00;210,10;0,00;5,07
2020.0;10.0;2020-10-01;BRASPINE;RONDON;PR;JAGUARIAIVA;2899,24;1475,88;114,24;19,47;74,98;10,48;26,06;32,64;99,87;220,59;0,00;8,41
2020.0;10.0;2020-10-01;BRASPINE;SANTA FELICIDADE;;;;;77,10;20,47;79,22;11,77;23,35;36,49;100,00;144,38;0,00;1,40
2020.0;10.0;2020-10-01;BRASPINE;SANTA LIDIA DO CERCADINHO;;;;;115,30;20,37;67,61;11,05;23,69;32,92;98,11;183,76;0,00;5,00
2020.0;10.0;2020-10-01;BRASPINE;SANTO ANTONIO;;;;;92,54;19,52;74,83;10,27;24,05;33,33;100,00;235,57;0,00;4,83
2020.0;10.0;2020-10-01;BRASPINE;SAO JOSE;PR;JANDAIA DO SUL;37,56;37,56;62,75;24,43;60,16;15,10;15,76;37,82;99,40;0,00;0,00;0,36
2020.0;10.0;2020-10-01;BRASPINE;SAO MATHEUS;;;;;93,17;25,71;57,92;16,37;16,43;39,24;98,98;0,00;0,00;1,00
2020.0;10.0;2020-10-01;BRASPINE;SAO PEDRO E SAO PAULO;PR;SAPOPEMA;709,13;323,93;75,28;21,89;65,67;12,71;21,11;34,67;98,11;94,75;0,00;2,42
2020.0;10.0;2020-10-01;BRASPINE;SAO RAFAEL;;;;;91,70;19,29;74,14;10,02;24,90;32,92;99,54;232,79;0,00;16,27
2020.0;10.0;2020-10-01;BRASPINE;SAO RAFAEL - PB;;;;;74,64;19,44;79,23;10,30;23,75;34,47;100,00;224,12;0,00;3,17
2020.0;10.0;2020-10-01;BRASPINE;SERRARIA;PR;DOUTOR ULYSSES;280,88;117,71;110,23;19,42;77,82;10,84;26,42;33,61;100,00;208,21;0,00;10,27
2020.0;10.0;2020-10-01;BRASPINE;SERRO VERDE;;;;;99,24;20,63;64,16;11,00;25,46;32,74;99,88;238,56;0,00;3,34
2020.0;10.0;2020-10-01;BRASPINE;SERTAOZINHO;PR;DOUTOR ULYSSES;16,25;16,25;105,04;19,57;77,74;11,06;25,96;33,75;100,00;210,10;0,00;5,07
2020.0;10.0;2020-10-01;BRASPINE;SITIO BASILIO;PR;JAGUARIAIVA;8,08;8,08;115,65;19,66;72,38;10,43;26,37;32,39;99,60;219,01;0,00;5,56
2020.0;10.0;2020-10-01;BRASPINE;SITIO DAS MARRECAS;PR;DOUTOR ULYSSES;77,49;35,17;92,00;20,05;78,65;11,39;25,03;35,13;100,00;155,87;0,00;9,58
2020.0;10.0;2020-10-01;BRASPINE;SOBRADINHO;SP;BOM SUCESSO DE ITARARE;285,80;123,10;70,99;19,34;76,42;10,09;23,69;33,42;100,00;234,11;0,00;3,20
2020.0;10.0;2020-10-01;BRASPINE;TAQUARAL;PR;JAGUARIAIVA;519,13;31,07;123,03;19,57;74,30;10,43;26,59;32,57;99,99;219,01;0,00;1,78
2020.0;10.0;2020-10-01;BRASPINE;TUCUNDUVA;PR;SENGES;82,21;60,89;109,33;20,32;70,80;10,97;23,62;33,49;98,15;155,64;0,00;3,23
2020.0;10.0;2020-10-01;BRASPINE;TUCUNDUVA - CHAMMA;;;;;99,46;20,43;70,93;11,29;22,87;33,83;98,00;143,07;0,00;11,24
2020.0;10.0;2020-10-01;BRASPINE;VIENA 1;PR;DOUTOR ULYSSES;263,98;178,34;126,92;19,20;76,41;10,25;28,43;32,50;100,00;232,94;0,00;3,84
2020.0;10.0;2020-10-01;BRASPINE;VIENA 2;PR;CERRO AZUL;140,23;96,54;110,78;20,72;74,90;11,83;25,68;35,00;99,98;144,55;0,00;0,82
2020.0;10.0;2020-10-01;BRASPINE;VITORIA;PR;SENGES;50,54;35,69;95,30;19,53;74,35;10,44;24,08;32,92;99,83;221,96;0,00;330,06
2020.0;10.0;2020-10-01;BRASPINE;VIVEIRO;PR;DOUTOR ULYSSES;405,39;261,22;96,62;19,57;77,74;11,06;25,96;33,75;100,00;210,10;0,00;5,07
2020.0;10.0;2020-10-01;BRASPINE;VO LINO;PR;DOUTOR ULYSSES;164,50;97,89;102,23;19,62;78,31;11,01;25,81;34,13;100,00;181,35;0,00;10,35
2020.0;10.0;2020-10-01;BRASPINE;XAXIM VELHO;;;;;109,45;18,98;72,58;9,69;27,46;31,67;99,98;260,55;0,00;1,34
2020.0;11.0;2020-11-01;BRASPINE;AGUA DOCE;PR;JAGUARIAIVA;238,97;121,99;90,80;18,86;77,40;9,31;33,03;28,95;99,94;175,53;0,00;4,12
2020.0;11.0;2020-11-01;BRASPINE;AMATA;;;;;115,42;20,44;78,70;10,28;37,00;31,67;100,00;129,34;0,00;3,91
2020.0;11.0;2020-11-01;BRASPINE;ANTA BRAVA;;;;;77,88;22,14;69,91;11,84;25,37;34,23;97,22;120,78;0,00;5,41
2020.0;11.0;2020-11-01;BRASPINE;ARAPONGAS;PR;SENGES;423,34;263,70;109,16;18,83;81,00;9,54;38,33;29,36;100,00;182,85;0,00;7,61
2020.0;11.0;2020-11-01;BRASPINE;ARROIO CLARO;PR;DOUTOR ULYSSES;275,14;92,00;112,31;18,89;81,59;9,75;39,43;29,70;100,00;184,25;0,00;2,53
2020.0;11.0;2020-11-01;BRASPINE;BARRA GRANDE;PR;DOUTOR ULYSSES;493,79;139,68;126,67;19,33;81,28;10,01;38,69;30,22;100,00;191,39;0,00;7,06
2020.0;11.0;2020-11-01;BRASPINE;BARRA GRANDE - BEMAIS;PR;GUARAPUAVA;299,16;108,61;84,19;19,09;72,59;9,23;29,94;29,63;99,95;218,68;0,00;6,16
2020.0;11.0;2020-11-01;BRASPINE;BARRETOS;PR;JAGUARIAIVA;43,35;32,98;106,17;18,69;80,23;9,68;35,63;28,67;100,00;177,45;0,00;7,70
2020.0;11.0;2020-11-01;BRASPINE;BAU;;;;;63,16;19,55;68,09;9,30;24,36;30,75;99,78;209,68;0,00;0,54
2020.0;11.0;2020-11-01;BRASPINE;BOA VISTA II;PR;PIRAI DO SUL;944,00;535,05;102,27;18,69;79,13;9,50;34,30;28,78;100,00;174,21;0,00;321,33
2020.0;11.0;2020-11-01;BRASPINE;BRASILEIRA;;;;;119,29;18,83;81,00;9,54;38,33;29,36;100,00;182,85;0,00;7,61
2020.0;11.0;2020-11-01;BRASPINE;BURACAO;;;;;100,09;18,82;79,04;9,72;36,62;29,19;99,71;180,00;0,00;0,82
2020.0;11.0;2020-11-01;BRASPINE;BURRINHO;PR;DOUTOR ULYSSES;211,01;100,37;112,56;18,89;81,59;9,75;39,43;29,70;100,00;184,25;0,00;2,53
2020.0;11.0;2020-11-01;BRASPINE;CADEADO I;PR;JAGUARIAIVA;21,07;12,29;109,16;18,57;80,68;9,40;37,00;28,80;100,00;192,17;0,00;8,34
2020.0;11.0;2020-11-01;BRASPINE;CADEADO II;PR;JAGUARIAIVA;21,88;16,79;109,16;18,57;80,68;9,40;37,00;28,80;100,00;192,17;0,00;8,34
2020.0;11.0;2020-11-01;BRASPINE;CAMPINA ALTA;PR;TIBAGI;29,77;18,24;60,21;20,58;71,48;9,34;30,12;30,79;99,72;188,69;0,00;1,72
2020.0;11.0;2020-11-01;BRASPINE;CAMPINA DO ELIAS;PR;JAGUARIAIVA;29,17;14,65;105,85;18,65;80,40;9,58;36,13;28,72;100,00;177,35;0,00;7,92
2020.0;11.0;2020-11-01;BRASPINE;CAMPO NOVO;PR;JAGUARIAIVA;295,98;156,36;111,59;18,57;80,68;9,40;37,00;28,80;100,00;192,17;0,00;8,34
2020.0;11.0;2020-11-01;BRASPINE;CONSULTORIA II A;PR;DOUTOR ULYSSES;89,62;60,79;110,04;18,83;81,00;9,54;38,33;29,36;100,00;182,85;0,00;7,61
2020.0;11.0;2020-11-01;BRASPINE;DINIZ;;;;;114,60;18,83;81,00;9,54;38,33;29,36;100,00;182,85;0,00;7,61
2020.0;11.0;2020-11-01;BRASPINE;ENES;PR;JAGUARIAIVA;5,93;5,69;111,92;18,57;80,68;9,40;37,00;28,80;100,00;192,17;0,00;8,34
2020.0;11.0;2020-11-01;BRASPINE;ENGENHARIA;;;;;114,60;18,83;81,00;9,54;38,33;29,36;100,00;182,85;0,00;7,61
2020.0;11.0;2020-11-01;BRASPINE;ESTACAO;PR;SENGES;4,76;4,14;106,60;18,57;80,68;9,40;37,00;28,80;100,00;192,17;0,00;8,34
2020.0;11.0;2020-11-01;BRASPINE;FAXINAL;PR;JAGUARIAIVA;20,65;20,65;111,92;18,57;80,68;9,40;37,00;28,80;100,00;192,17;0,00;8,34
2020.0;11.0;2020-11-01;BRASPINE;FEITAL;PR;DOUTOR ULYSSES;154,17;86,53;119,38;19,00;81,09;9,70;38,57;29,65;100,00;185,71;0,00;1,85
2020.0;11.0;2020-11-01;BRASPINE;FIGUEIRA;PR;DOUTOR ULYSSES;1053,81;315,71;116,43;18,89;81,59;9,75;39,43;29,70;100,00;184,25;0,00;2,53
2020.0;11.0;2020-11-01;BRASPINE;FIGUEIRINHA;PR;DOUTOR ULYSSES;94,37;56,74;121,79;18,89;81,59;9,75;39,43;29,70;100,00;184,25;0,00;2,53
2020.0;11.0;2020-11-01;BRASPINE;FLOEMA;PR;DOUTOR ULYSSES;2189,88;701,43;108,02;18,39;81,22;9,33;38,59;28,88;100,00;190,17;0,00;1,73
2020.0;11.0;2020-11-01;BRASPINE;FLOEMA I - SUDATI;;;;;105,56;18,83;81,00;9,54;38,33;29,36;100,00;182,85;0,00;7,61
2020.0;11.0;2020-11-01;BRASPINE;FLOEMA II - SUDATI;PR;DOUTOR ULYSSES;453,83;211,13;107,83;18,83;81,00;9,54;38,33;29,36;100,00;182,85;0,00;7,61
2020.0;11.0;2020-11-01;BRASPINE;FLOR DA SERRA;PR;SAO JOSE DA BOA VISTA;209,10;128,72;57,86;21,72;67,07;11,43;26,73;32,30;96,46;117,72;0,00;0,64
2020.0;11.0;2020-11-01;BRASPINE;GENTIL;PR;JAGUARIAIVA;126,77;53,33;93,04;18,72;76,92;9,20;32,70;28,70;99,72;172,49;0,00;7,20
2020.0;11.0;2020-11-01;BRASPINE;GUAIRACA;PR;GUARAPUAVA;623,62;169,31;98,12;19,19;72,52;9,66;29,76;29,87;99,95;222,37;0,00;3,19
2020.0;11.0;2020-11-01;BRASPINE;HERVAL 2 - MADALOSSO;;;;;97,98;18,82;79,04;9,72;36,62;29,19;99,71;180,00;0,00;0,82
2020.0;11.0;2020-11-01;BRASPINE;HERVAL DE BAIXO;PR;RESERVA;827,29;475,92;66,77;20,69;70,47;9,02;28,60;31,13;99,77;186,83;0,00;3,72
2020.0;11.0;2020-11-01;BRASPINE;HORTO 01;PR;TURVO;19,12;19,12;60,54;20,27;69,52;9,61;26,54;31,24;98,84;216,34;0,00;2,70
2020.0;11.0;2020-11-01;BRASPINE;HORTO 02;PR;TURVO;4,24;4,24;60,51;20,27;69,52;9,61;26,54;31,24;98,84;216,34;0,00;2,70
2020.0;11.0;2020-11-01;BRASPINE;HORTO 03;PR;PRUDENTOPOLIS;80,91;25,89;61,86;20,65;69,62;9,98;27,00;31,61;99,42;222,68;0,00;2,63
2020.0;11.0;2020-11-01;BRASPINE;HORTO 08;PR;TURVO;9,53;9,53;65,14;20,65;69,62;9,98;27,00;31,61;99,42;222,68;0,00;2,63
2020.0;11.0;2020-11-01;BRASPINE;HORTO 12;PR;PRUDENTOPOLIS;12,20;12,20;63,43;20,65;69,62;9,98;27,00;31,61;99,42;222,68;0,00;2,63
2020.0;11.0;2020-11-01;BRASPINE;IZAU;PR;PIRAI DO SUL;19,37;11,60;95,65;18,65;78,17;9,57;33,03;28,70;99,78;173,49;0,00;1,39
2020.0;11.0;2020-11-01;BRASPINE;JOAO RICO;PR;JAGUARIAIVA;47,46;26,18;92,98;18,86;77,40;9,31;33,03;28,95;99,94;175,53;0,00;4,12
2020.0;11.0;2020-11-01;BRASPINE;LAGOA;PR;JAGUARIAIVA;24,10;10,78;107,45;18,57;80,68;9,40;37,00;28,80;100,00;192,17;0,00;8,34
2020.0;11.0;2020-11-01;BRASPINE;MARACANA;PR;JANDAIA DO SUL;11,45;11,45;87,01;23,38;60,51;12,53;23,71;34,04;99,58;99,55;0,00;4,00
2020.0;11.0;2020-11-01;BRASPINE;MARRECA;;;;;116,40;18,89;81,59;9,75;39,43;29,70;100,00;184,25;0,00;2,53
2020.0;11.0;2020-11-01;BRASPINE;MARRECA SP;SP;ITAPIRAPUA PAULISTA;675,30;236,19;127,51;19,61;81,65;9,67;39,57;30,83;100,00;195,42;0,00;0,22
2020.0;11.0;2020-11-01;BRASPINE;MARRECAS;;;;;99,98;18,49;73,39;8,95;30,29;28,97;100,00;239,55;0,00;0,86
2020.0;11.0;2020-11-01;BRASPINE;MERCADINHO;;;;;120,80;19,66;80,31;9,99;38,57;30,65;100,00;181,00;0,00;0,10
2020.0;11.0;2020-11-01;BRASPINE;MONTE ALEGRE;;;;;83,43;23,92;59,61;13,06;23,05;34,49;99,39;41,89;0,00;2,47
2020.0;11.0;2020-11-01;BRASPINE;MONTE TABOR II;;;;;140,99;18,84;82,91;9,56;41,82;30,49;100,00;172,39;0,00;8,01
2020.0;11.0;2020-11-01;BRASPINE;MOREIRA;PR;DOUTOR ULYSSES;230,52;68,68;107,83;18,83;81,00;9,54;38,33;29,36;100,00;182,85;0,00;7,61
2020.0;11.0;2020-11-01;BRASPINE;MOREIRAS II;PR;DOUTOR ULYSSES;66,76;28,75;110,35;18,83;81,00;9,54;38,33;29,36;100,00;182,85;0,00;7,61
2020.0;11.0;2020-11-01;BRASPINE;MORRETES;PR;ORTIGUEIRA;20,36;20,36;63,74;21,42;68,28;9,55;26,77;32,35;99,72;162,12;0,00;0,51
2020.0;11.0;2020-11-01;BRASPINE;MORRO AZUL;;;;;113,29;18,97;81,48;9,35;35,61;29,81;100,00;198,89;0,00;8,55
2020.0;11.0;2020-11-01;BRASPINE;OURO FINO;SP;APIAI;51,70;51,70;124,24;18,55;83,09;8,95;41,03;29,88;100,00;194,91;0,00;2,03
2020.0;11.0;2020-11-01;BRASPINE;PALMEIRINHA DE BAIXO - SOSSEGO;PR;SENGES;85,93;9,22;95,43;18,63;78,41;9,08;31,40;28,88;99,72;190,66;0,00;28,83
2020.0;11.0;2020-11-01;BRASPINE;PAZIN;PR;DOUTOR ULYSSES;41,20;23,90;120,25;18,89;81,59;9,75;39,43;29,70;100,00;184,25;0,00;2,53
2020.0;11.0;2020-11-01;BRASPINE;PEDRAS;PR;CASTRO;7,18;7,18;97,06;18,67;78,61;9,53;35,31;28,58;99,66;173,42;0,00;2,27
2020.0;11.0;2020-11-01;BRASPINE;PESCARIA;PR;SAO JOSE DA BOA VISTA;184,57;129,22;71,11;21,73;67,82;11,41;25,89;32,10;96,75;118,83;0,00;4,89
2020.0;11.0;2020-11-01;BRASPINE;PESSEGUEIRO;PR;DOUTOR ULYSSES;109,95;64,79;108,40;18,83;81,00;9,54;38,33;29,36;100,00;182,85;0,00;7,61
2020.0;11.0;2020-11-01;BRASPINE;PITANGA;;;;;65,31;20,71;65,16;10,15;24,02;31,69;99,61;195,09;0,00;3,12
2020.0;11.0;2020-11-01;BRASPINE;QUEIMADINHO ARROIO CLARO;PR;DOUTOR ULYSSES;48,13;19,09;119,29;18,83;81,00;9,54;38,33;29,36;100,00;182,85;0,00;7,61
2020.0;11.0;2020-11-01;BRASPINE;QUEIMADINHO M6042;PR;DOUTOR ULYSSES;48,38;18,50;119,29;18,83;81,00;9,54;38,33;29,36;100,00;182,85;0,00;7,61
2020.0;11.0;2020-11-01;BRASPINE;QUEIMADINHO USUCAPIAO;PR;DOUTOR ULYSSES;200,27;92,43;119,29;18,83;81,00;9,54;38,33;29,36;100,00;182,85;0,00;7,61
2020.0;11.0;2020-11-01;BRASPINE;RAMOS;PR;SENGES;69,83;38,15;105,56;18,57;80,68;9,40;37,00;28,80;100,00;192,17;0,00;8,34
2020.0;11.0;2020-11-01;BRASPINE;RIBEIRAO GRANDE;PR;JAGUARIAIVA;20,77;20,77;91,53;18,65;78,17;9,57;33,03;28,70;99,78;173,49;0,00;1,39
2020.0;11.0;2020-11-01;BRASPINE;RINCAO DE BAIXO;;;;;66,76;19,84;70,77;9,85;28,25;30,00;99,67;182,32;0,00;0,27
2020.0;11.0;2020-11-01;BRASPINE;RIO BOMBA;PR;CERRO AZUL;65,03;37,72;112,57;20,00;78,52;10,24;36,84;30,97;100,00;153,83;0,00;1,62
2020.0;11.0;2020-11-01;BRASPINE;RIO DO MEIO;PR;DOUTOR ULYSSES;712,33;389,13;112,74;18,83;81,00;9,54;38,33;29,36;100,00;182,85;0,00;7,61
2020.0;11.0;2020-11-01;BRASPINE;RONDON;PR;JAGUARIAIVA;2899,24;1475,88;95,60;18,61;79,06;9,10;34,43;28,61;99,93;175,10;0,00;39,53
2020.0;11.0;2020-11-01;BRASPINE;SANTA FELICIDADE;;;;;135,65;19,93;81,84;9,71;39,91;31,49;100,00;139,82;0,00;11,60
2020.0;11.0;2020-11-01;BRASPINE;SANTA LIDIA DO CERCADINHO;;;;;65,65;19,43;71,16;9,69;28,58;29,45;99,69;177,64;0,00;0,22
2020.0;11.0;2020-11-01;BRASPINE;SANTO ANTONIO;;;;;101,63;18,63;78,94;8,98;30,99;28,99;99,99;190,64;0,00;329,86
2020.0;11.0;2020-11-01;BRASPINE;SAO JOSE;PR;JANDAIA DO SUL;37,56;37,56;83,25;23,74;59,90;12,90;23,35;34,31;99,49;56,35;0,00;2,55
2020.0;11.0;2020-11-01;BRASPINE;SAO MATHEUS;;;;;57,48;25,07;58,18;14,23;23,11;35,75;99,10;14,23;0,00;1,40
2020.0;11.0;2020-11-01;BRASPINE;SAO PEDRO E SAO PAULO;PR;SAPOPEMA;709,13;323,93;92,58;21,37;65,72;10,89;25,86;32,71;99,27;167,90;0,00;4,31
2020.0;11.0;2020-11-01;BRASPINE;SAO RAFAEL;;;;;132,45;18,81;77,21;9,60;35,45;30,52;99,34;180,99;0,00;3,37
2020.0;11.0;2020-11-01;BRASPINE;SAO RAFAEL - PB;;;;;119,65;18,69;82,70;9,13;39,76;29,91;100,00;196,58;0,00;4,91
2020.0;11.0;2020-11-01;BRASPINE;SERRARIA;PR;DOUTOR ULYSSES;280,88;117,71;108,70;18,64;81,40;9,62;39,23;29,29;100,00;194,75;0,00;0,70
2020.0;11.0;2020-11-01;BRASPINE;SERRO VERDE;;;;;73,10;20,03;66,21;9,70;22,73;31,50;99,55;200,69;0,00;8,64
2020.0;11.0;2020-11-01;BRASPINE;SERTAOZINHO;PR;DOUTOR ULYSSES;16,25;16,25;111,08;18,83;81,00;9,54;38,33;29,36;100,00;182,85;0,00;7,61
2020.0;11.0;2020-11-01;BRASPINE;SITIO BASILIO;PR;JAGUARIAIVA;8,08;8,08;90,58;18,78;76,65;9,12;32,69;28,76;99,76;173,00;0,00;5,74
2020.0;11.0;2020-11-01;BRASPINE;SITIO DAS MARRECAS;PR;DOUTOR ULYSSES;77,49;35,17;123,06;19,40;81,63;9,69;39,53;30,51;100,00;192,23;0,00;0,10
2020.0;11.0;2020-11-01;BRASPINE;SOBRADINHO;SP;BOM SUCESSO DE ITARARE;285,80;123,10;104,30;18,47;80,35;8,88;32,91;29,05;100,00;189,91;0,00;4,86
2020.0;11.0;2020-11-01;BRASPINE;TAQUARAL;PR;JAGUARIAIVA;519,13;31,07;96,97;18,71;78,75;9,12;34,42;28,76;100,00;175,23;0,00;330,34
2020.0;11.0;2020-11-01;BRASPINE;TUCUNDUVA;PR;SENGES;82,21;60,89;89,51;19,55;74,04;9,24;29,63;29,77;98,96;183,12;0,00;25,41
2020.0;11.0;2020-11-01;BRASPINE;TUCUNDUVA - CHAMMA;;;;;88,48;19,64;74,06;9,71;29,60;29,84;98,47;187,06;0,00;27,11
2020.0;11.0;2020-11-01;BRASPINE;VIENA 1;PR;DOUTOR ULYSSES;263,98;178,34;103,79;18,35;80,74;9,15;38,25;28,47;100,00;187,56;0,00;1,67
2020.0;11.0;2020-11-01;BRASPINE;VIENA 2;PR;CERRO AZUL;140,23;96,54;112,57;20,00;78,52;10,24;36,84;30,97;100,00;153,83;0,00;1,62
2020.0;11.0;2020-11-01;BRASPINE;VITORIA;PR;SENGES;50,54;35,69;95,43;18,63;78,41;9,08;31,40;28,88;99,72;190,66;0,00;28,83
2020.0;11.0;2020-11-01;BRASPINE;VIVEIRO;PR;DOUTOR ULYSSES;405,39;261,22;110,35;18,83;81,00;9,54;38,33;29,36;100,00;182,85;0,00;7,61
2020.0;11.0;2020-11-01;BRASPINE;VO LINO;PR;DOUTOR ULYSSES;164,50;97,89;114,51;18,89;81,59;9,75;39,43;29,70;100,00;184,25;0,00;2,53
2020.0;11.0;2020-11-01;BRASPINE;XAXIM VELHO;;;;;111,07;18,52;74,27;9,26;30,51;29,12;99,99;229,50;0,00;9,86
2020.0;12.0;2020-12-01;BRASPINE;AGUA DOCE;PR;JAGUARIAIVA;238,97;121,99;158,36;20,23;86,04;13,41;41,20;28,40;99,86;27,83;0,00;4,76
2020.0;12.0;2020-12-01;BRASPINE;AMATA;;;;;182,11;22,15;85,11;16,10;44,42;31,45;100,00;0,00;0,00;1,38
2020.0;12.0;2020-12-01;BRASPINE;ANTA BRAVA;;;;;225,29;23,32;80,15;16,61;40,54;31,15;99,49;0,00;0,00;3,60
2020.0;12.0;2020-12-01;BRASPINE;ARAPONGAS;PR;SENGES;423,34;263,70;167,97;20,50;87,55;14,42;42,73;28,98;100,00;29,25;0,00;2,31
2020.0;12.0;2020-12-01;BRASPINE;ARROIO CLARO;PR;DOUTOR ULYSSES;275,14;92,00;195,01;20,65;87,60;14,81;43,73;29,56;100,00;29,66;0,00;0,77
2020.0;12.0;2020-12-01;BRASPINE;BARRA GRANDE;PR;DOUTOR ULYSSES;493,79;139,68;178,21;21,03;87,56;15,02;43,78;29,97;100,00;0,00;0,00;0,66
2020.0;12.0;2020-12-01;BRASPINE;BARRA GRANDE - BEMAIS;PR;GUARAPUAVA;299,16;108,61;210,58;20,13;84,73;14,11;42,36;27,56;99,97;72,21;0,00;1,86
2020.0;12.0;2020-12-01;BRASPINE;BARRETOS;PR;JAGUARIAIVA;43,35;32,98;178,07;20,27;87,25;13,76;41,18;28,60;99,97;28,16;0,00;5,29
2020.0;12.0;2020-12-01;BRASPINE;BAU;;;;;223,16;20,10;84,33;14,09;42,37;27,28;99,69;86,86;0,00;3,90
2020.0;12.0;2020-12-01;BRASPINE;BOA VISTA II;PR;PIRAI DO SUL;944,00;535,05;177,16;20,21;86,62;13,46;41,22;28,47;99,96;42,70;0,00;6,62
2020.0;12.0;2020-12-01;BRASPINE;BRASILEIRA;;;;;185,02;20,50;87,55;14,42;42,73;28,98;100,00;29,25;0,00;2,31
2020.0;12.0;2020-12-01;BRASPINE;BURACAO;;;;;176,10;20,58;85,20;14,69;42,31;28,44;99,72;44,44;0,00;0,33
2020.0;12.0;2020-12-01;BRASPINE;BURRINHO;PR;DOUTOR ULYSSES;211,01;100,37;193,86;20,65;87,60;14,81;43,73;29,56;100,00;29,66;0,00;0,77
2020.0;12.0;2020-12-01;BRASPINE;CADEADO I;PR;JAGUARIAIVA;21,07;12,29;172,69;20,22;87,33;13,91;41,55;28,45;100,00;28,23;0,00;3,74
2020.0;12.0;2020-12-01;BRASPINE;CADEADO II;PR;JAGUARIAIVA;21,88;16,79;172,69;20,22;87,33;13,91;41,55;28,45;100,00;28,23;0,00;3,74
2020.0;12.0;2020-12-01;BRASPINE;CAMPINA ALTA;PR;TIBAGI;29,77;18,24;182,13;21,47;83,69;14,38;42,54;29,03;99,91;14,38;0,00;11,86
2020.0;12.0;2020-12-01;BRASPINE;CAMPINA DO ELIAS;PR;JAGUARIAIVA;29,17;14,65;180,21;20,25;87,28;13,82;41,31;28,55;99,98;28,19;0,00;4,78
2020.0;12.0;2020-12-01;BRASPINE;CAMPO NOVO;PR;JAGUARIAIVA;295,98;156,36;179,02;20,22;87,33;13,91;41,55;28,45;100,00;28,23;0,00;3,74
2020.0;12.0;2020-12-01;BRASPINE;CONSULTORIA II A;PR;DOUTOR ULYSSES;89,62;60,79;179,14;20,50;87,55;14,42;42,73;28,98;100,00;29,25;0,00;2,31
2020.0;12.0;2020-12-01;BRASPINE;DINIZ;;;;;186,58;20,50;87,55;14,42;42,73;28,98;100,00;29,25;0,00;2,31
2020.0;12.0;2020-12-01;BRASPINE;ENES;PR;JAGUARIAIVA;5,93;5,69;180,69;20,22;87,33;13,91;41,55;28,45;100,00;28,23;0,00;3,74
2020.0;12.0;2020-12-01;BRASPINE;ENGENHARIA;;;;;186,58;20,50;87,55;14,42;42,73;28,98;100,00;29,25;0,00;2,31
2020.0;12.0;2020-12-01;BRASPINE;ESTACAO;PR;SENGES;4,76;4,14;170,23;20,22;87,33;13,91;41,55;28,45;100,00;28,23;0,00;3,74
2020.0;12.0;2020-12-01;BRASPINE;FAXINAL;PR;JAGUARIAIVA;20,65;20,65;180,69;20,22;87,33;13,91;41,55;28,45;100,00;28,23;0,00;3,74
2020.0;12.0;2020-12-01;BRASPINE;FEITAL;PR;DOUTOR ULYSSES;154,17;86,53;185,98;20,68;87,55;14,62;43,08;29,31;100,00;14,62;0,00;1,08
2020.0;12.0;2020-12-01;BRASPINE;FIGUEIRA;PR;DOUTOR ULYSSES;1053,81;315,71;190,80;20,65;87,60;14,81;43,73;29,56;100,00;29,66;0,00;0,77
2020.0;12.0;2020-12-01;BRASPINE;FIGUEIRINHA;PR;DOUTOR ULYSSES;94,37;56,74;178,77;20,65;87,60;14,81;43,73;29,56;100,00;29,66;0,00;0,77
2020.0;12.0;2020-12-01;BRASPINE;FLOEMA;PR;DOUTOR ULYSSES;2189,88;701,43;191,47;20,14;87,47;14,17;42,52;28,49;100,00;28,36;0,00;2,28
2020.0;12.0;2020-12-01;BRASPINE;FLOEMA I - SUDATI;;;;;166,01;20,50;87,55;14,42;42,73;28,98;100,00;29,25;0,00;2,31
2020.0;12.0;2020-12-01;BRASPINE;FLOEMA II - SUDATI;PR;DOUTOR ULYSSES;453,83;211,13;170,50;20,50;87,55;14,42;42,73;28,98;100,00;29,25;0,00;2,31
2020.0;12.0;2020-12-01;BRASPINE;FLOR DA SERRA;PR;SAO JOSE DA BOA VISTA;209,10;128,72;214,76;22,50;79,82;15,28;42,25;30,13;99,81;0,00;0,00;0,77
2020.0;12.0;2020-12-01;BRASPINE;GENTIL;PR;JAGUARIAIVA;126,77;53,33;169,16;20,07;85,81;13,28;41,27;28,12;99,78;27,50;0,00;7,61
2020.0;12.0;2020-12-01;BRASPINE;GUAIRACA;PR;GUARAPUAVA;623,62;169,31;222,98;20,27;84,41;13,92;43,00;27,69;99,99;72,38;0,00;0,81
2020.0;12.0;2020-12-01;BRASPINE;HERVAL 2 - MADALOSSO;;;;;172,24;20,58;85,20;14,69;42,31;28,44;99,72;44,44;0,00;0,33
2020.0;12.0;2020-12-01;BRASPINE;HERVAL DE BAIXO;PR;RESERVA;827,29;475,92;175,74;21,55;83,22;14,37;40,47;29,03;99,91;14,37;0,00;9,01
2020.0;12.0;2020-12-01;BRASPINE;HORTO 01;PR;TURVO;19,12;19,12;211,64;20,94;84,51;14,44;43,50;28,02;99,74;29,16;0,00;21,11
2020.0;12.0;2020-12-01;BRASPINE;HORTO 02;PR;TURVO;4,24;4,24;207,33;20,94;84,51;14,44;43,50;28,02;99,74;29,16;0,00;21,11
2020.0;12.0;2020-12-01;BRASPINE;HORTO 03;PR;PRUDENTOPOLIS;80,91;25,89;218,98;21,43;83,53;15,22;42,30;28,75;99,87;0,00;0,00;3,05
2020.0;12.0;2020-12-01;BRASPINE;HORTO 08;PR;TURVO;9,53;9,53;207,99;21,43;83,53;15,22;42,30;28,75;99,87;0,00;0,00;3,05
2020.0;12.0;2020-12-01;BRASPINE;HORTO 12;PR;PRUDENTOPOLIS;12,20;12,20;214,38;21,43;83,53;15,22;42,30;28,75;99,87;0,00;0,00;3,05
2020.0;12.0;2020-12-01;BRASPINE;IZAU;PR;PIRAI DO SUL;19,37;11,60;181,26;20,08;86,29;13,37;40,61;28,26;99,77;42,41;0,00;8,86
2020.0;12.0;2020-12-01;BRASPINE;JOAO RICO;PR;JAGUARIAIVA;47,46;26,18;162,85;20,23;86,04;13,41;41,20;28,40;99,86;27,83;0,00;4,76
2020.0;12.0;2020-12-01;BRASPINE;LAGOA;PR;JAGUARIAIVA;24,10;10,78;178,68;20,22;87,33;13,91;41,55;28,45;100,00;28,23;0,00;3,74
2020.0;12.0;2020-12-01;BRASPINE;MARACANA;PR;JANDAIA DO SUL;11,45;11,45;219,92;23,40;80,03;16,55;40,40;31,99;99,86;0,00;0,00;0,01
2020.0;12.0;2020-12-01;BRASPINE;MARRECA;;;;;178,33;20,65;87,60;14,81;43,73;29,56;100,00;29,66;0,00;0,77
2020.0;12.0;2020-12-01;BRASPINE;MARRECA SP;SP;ITAPIRAPUA PAULISTA;675,30;236,19;174,94;21,39;87,44;15,61;45,00;30,83;100,00;0,00;0,00;3,75
2020.0;12.0;2020-12-01;BRASPINE;MARRECAS;;;;;208,54;19,62;85,17;13,58;43,27;27,02;100,00;99,58;0,00;0,93
2020.0;12.0;2020-12-01;BRASPINE;MERCADINHO;;;;;187,43;21,38;86,58;15,41;45,22;30,62;99,99;0,00;0,00;0,65
2020.0;12.0;2020-12-01;BRASPINE;MONTE ALEGRE;;;;;226,53;23,93;78,86;17,10;39,97;32,49;99,95;0,00;0,00;3,26
2020.0;12.0;2020-12-01;BRASPINE;MONTE TABOR II;;;;;174,31;20,69;88,27;15,29;52,64;30,30;100,00;0,00;0,00;5,26
2020.0;12.0;2020-12-01;BRASPINE;MOREIRA;PR;DOUTOR ULYSSES;230,52;68,68;170,50;20,50;87,55;14,42;42,73;28,98;100,00;29,25;0,00;2,31
2020.0;12.0;2020-12-01;BRASPINE;MOREIRAS II;PR;DOUTOR ULYSSES;66,76;28,75;180,42;20,50;87,55;14,42;42,73;28,98;100,00;29,25;0,00;2,31
2020.0;12.0;2020-12-01;BRASPINE;MORRETES;PR;ORTIGUEIRA;20,36;20,36;161,03;22,14;81,98;14,66;38,42;29,87;99,92;14,66;0,00;13,17
2020.0;12.0;2020-12-01;BRASPINE;MORRO AZUL;;;;;180,11;20,63;87,97;14,42;41,20;29,37;100,00;14,42;0,00;24,75
2020.0;12.0;2020-12-01;BRASPINE;OURO FINO;SP;APIAI;51,70;51,70;175,52;20,39;88,66;14,46;45,63;29,47;100,00;14,46;0,00;335,87
2020.0;12.0;2020-12-01;BRASPINE;PALMEIRINHA DE BAIXO - SOSSEGO;PR;SENGES;85,93;9,22;172,92;20,07;86,47;13,56;39,89;28,59;99,85;28,06;0,00;38,63
2020.0;12.0;2020-12-01;BRASPINE;PAZIN;PR;DOUTOR ULYSSES;41,20;23,90;183,22;20,65;87,60;14,81;43,73;29,56;100,00;29,66;0,00;0,77
2020.0;12.0;2020-12-01;BRASPINE;PEDRAS;PR;CASTRO;7,18;7,18;177,59;20,16;86,42;13,50;43,03;28,10;99,81;42,53;0,00;1,62
2020.0;12.0;2020-12-01;BRASPINE;PESCARIA;PR;SAO JOSE DA BOA VISTA;184,57;129,22;216,63;22,55;79,84;15,37;41,07;30,32;99,80;0,00;0,00;2,22
2020.0;12.0;2020-12-01;BRASPINE;PESSEGUEIRO;PR;DOUTOR ULYSSES;109,95;64,79;179,90;20,50;87,55;14,42;42,73;28,98;100,00;29,25;0,00;2,31
2020.0;12.0;2020-12-01;BRASPINE;PITANGA;;;;;204,79;20,95;83,19;14,52;40,17;27,97;99,84;29,45;0,00;3,40
2020.0;12.0;2020-12-01;BRASPINE;QUEIMADINHO ARROIO CLARO;PR;DOUTOR ULYSSES;48,13;19,09;185,02;20,50;87,55;14,42;42,73;28,98;100,00;29,25;0,00;2,31
2020.0;12.0;2020-12-01;BRASPINE;QUEIMADINHO M6042;PR;DOUTOR ULYSSES;48,38;18,50;185,02;20,50;87,55;14,42;42,73;28,98;100,00;29,25;0,00;2,31
2020.0;12.0;2020-12-01;BRASPINE;QUEIMADINHO USUCAPIAO;PR;DOUTOR ULYSSES;200,27;92,43;185,02;20,50;87,55;14,42;42,73;28,98;100,00;29,25;0,00;2,31
2020.0;12.0;2020-12-01;BRASPINE;RAMOS;PR;SENGES;69,83;38,15;166,01;20,22;87,33;13,91;41,55;28,45;100,00;28,23;0,00;3,74
2020.0;12.0;2020-12-01;BRASPINE;RIBEIRAO GRANDE;PR;JAGUARIAIVA;20,77;20,77;196,78;20,08;86,29;13,37;40,61;28,26;99,77;42,41;0,00;8,86
2020.0;12.0;2020-12-01;BRASPINE;RINCAO DE BAIXO;;;;;217,05;20,76;83,07;13,84;42,51;28,44;99,74;13,84;0,00;5,78
2020.0;12.0;2020-12-01;BRASPINE;RIO BOMBA;PR;CERRO AZUL;65,03;37,72;193,48;21,68;85,21;15,51;44,92;30,65;99,99;0,00;0,00;0,73
2020.0;12.0;2020-12-01;BRASPINE;RIO DO MEIO;PR;DOUTOR ULYSSES;712,33;389,13;181,65;20,50;87,55;14,42;42,73;28,98;100,00;29,25;0,00;2,31
2020.0;12.0;2020-12-01;BRASPINE;RONDON;PR;JAGUARIAIVA;2899,24;1475,88;169,77;20,10;86,75;13,58;41,29;28,41;99,89;27,94;0,00;42,89
2020.0;12.0;2020-12-01;BRASPINE;SANTA FELICIDADE;;;;;181,06;21,73;87,39;16,05;46,37;31,59;100,00;0,00;0,00;3,60
2020.0;12.0;2020-12-01;BRASPINE;SANTA LIDIA DO CERCADINHO;;;;;216,29;20,42;83,20;13,57;42,28;28,03;99,74;28,39;0,00;4,88
2020.0;12.0;2020-12-01;BRASPINE;SANTO ANTONIO;;;;;174,89;20,13;86,68;13,65;39,42;28,73;100,00;28,27;0,00;32,59
2020.0;12.0;2020-12-01;BRASPINE;SAO JOSE;PR;JANDAIA DO SUL;37,56;37,56;226,15;23,76;79,21;16,93;40,13;32,31;99,96;0,00;0,00;0,87
2020.0;12.0;2020-12-01;BRASPINE;SAO MATHEUS;;;;;245,23;25,07;76,82;18,38;35,40;33,64;99,93;0,00;0,00;2,41
2020.0;12.0;2020-12-01;BRASPINE;SAO PEDRO E SAO PAULO;PR;SAPOPEMA;709,13;323,93;161,58;21,87;81,21;14,53;44,40;29,40;99,66;14,53;0,00;2,85
2020.0;12.0;2020-12-01;BRASPINE;SAO RAFAEL;;;;;173,56;20,49;83,59;13,92;41,56;28,20;99,79;28,11;0,00;3,21
2020.0;12.0;2020-12-01;BRASPINE;SAO RAFAEL - PB;;;;;182,33;20,49;88,51;14,49;44,19;29,56;100,00;14,49;0,00;16,58
2020.0;12.0;2020-12-01;BRASPINE;SERRARIA;PR;DOUTOR ULYSSES;280,88;117,71;190,54;20,39;87,53;14,49;43,12;29,02;100,00;29,01;0,00;1,53
2020.0;12.0;2020-12-01;BRASPINE;SERRO VERDE;;;;;232,90;20,46;83,11;13,88;41,41;27,75;99,74;57,78;0,00;2,46
2020.0;12.0;2020-12-01;BRASPINE;SERTAOZINHO;PR;DOUTOR ULYSSES;16,25;16,25;184,12;20,50;87,55;14,42;42,73;28,98;100,00;29,25;0,00;2,31
2020.0;12.0;2020-12-01;BRASPINE;SITIO BASILIO;PR;JAGUARIAIVA;8,08;8,08;158,72;20,11;85,72;13,29;41,45;28,15;99,80;27,57;0,00;6,47
2020.0;12.0;2020-12-01;BRASPINE;SITIO DAS MARRECAS;PR;DOUTOR ULYSSES;77,49;35,17;176,38;21,18;87,49;15,38;44,64;30,46;100,00;0,00;0,00;5,72
2020.0;12.0;2020-12-01;BRASPINE;SOBRADINHO;SP;BOM SUCESSO DE ITARARE;285,80;123,10;186,27;20,09;87,42;13,76;40,19;28,61;100,00;28,51;0,00;23,98
2020.0;12.0;2020-12-01;BRASPINE;TAQUARAL;PR;JAGUARIAIVA;519,13;31,07;162,38;20,17;86,70;13,47;41,70;28,42;100,00;27,86;0,00;2,04
2020.0;12.0;2020-12-01;BRASPINE;TUCUNDUVA;PR;SENGES;82,21;60,89;170,59;20,74;83,95;13,86;41,73;28,92;99,78;28,85;0,00;36,27
2020.0;12.0;2020-12-01;BRASPINE;TUCUNDUVA - CHAMMA;;;;;187,99;20,86;83,57;14,08;40,47;29,12;99,75;14,08;0,00;37,33
2020.0;12.0;2020-12-01;BRASPINE;VIENA 1;PR;DOUTOR ULYSSES;263,98;178,34;192,92;20,08;87,20;13,90;42,83;28,04;100,00;42,89;0,00;2,77
2020.0;12.0;2020-12-01;BRASPINE;VIENA 2;PR;CERRO AZUL;140,23;96,54;193,55;21,68;85,21;15,51;44,92;30,65;99,99;0,00;0,00;0,73
2020.0;12.0;2020-12-01;BRASPINE;VITORIA;PR;SENGES;50,54;35,69;172,92;20,07;86,47;13,56;39,89;28,59;99,85;28,06;0,00;38,63
2020.0;12.0;2020-12-01;BRASPINE;VIVEIRO;PR;DOUTOR ULYSSES;405,39;261,22;180,42;20,50;87,55;14,42;42,73;28,98;100,00;29,25;0,00;2,31
2020.0;12.0;2020-12-01;BRASPINE;VO LINO;PR;DOUTOR ULYSSES;164,50;97,89;184,07;20,65;87,60;14,81;43,73;29,56;100,00;29,66;0,00;0,77
2020.0;12.0;2020-12-01;BRASPINE;XAXIM VELHO;;;;;221,90;19,77;85,15;13,31;45,01;26,97;100,00;84,82;0,00;3,55
