ANO;MES;DATA;EMPRESA;FAZENDA;UF;MUNICIPIO;AREA_T;AREA_PRODU;PRECIP_CHIRPS_MM;TEMP_MEDIA_C;UMID_MEDIA_PCT;TEMP_MIN_C;UMID_MIN_PCT;TEMP_MAX_C;UMID_MAX_PCT;NOITES_FRIAS_Eucalipto_<15C;NOITES_FRIAS_Pinus_<5C;DIRECAO_VENTO_GRAUS
2018.0;1.0;2018-01-01;BRASPINE;AGUA DOCE;PR;JAGUARIAIVA;238,97;121,99;295,10;20,59;85,80;15,29;39,69;29,02;99,92;0,00;0,00;1,14
2018.0;1.0;2018-01-01;BRASPINE;AMATA;;;;;352,24;22,21;85,52;16,81;39,28;32,35;100,00;0,00;0,00;2,98
2018.0;1.0;2018-01-01;BRASPINE;ANTA BRAVA;;;;;233,95;23,31;81,54;17,40;43,81;32,40;98,48;0,00;0,00;35,82
2018.0;1.0;2018-01-01;BRASPINE;ARAPONGAS;PR;SENGES;423,34;263,70;284,83;20,75;86,75;15,17;37,90;30,51;100,00;0,00;0,00;334,52
2018.0;1.0;2018-01-01;BRASPINE;ARROIO CLARO;PR;DOUTOR ULYSSES;275,14;92,00;316,72;20,93;86,66;15,47;38,38;31,05;100,00;0,00;0,00;0,18
2018.0;1.0;2018-01-01;BRASPINE;BARRA GRANDE;PR;DOUTOR ULYSSES;493,79;139,68;298,10;21,26;86,81;15,51;38,27;31,40;100,00;0,00;0,00;17,60
2018.0;1.0;2018-01-01;BRASPINE;BARRA GRANDE - BEMAIS;PR;GUARAPUAVA;299,16;108,61;291,59;19,95;86,76;14,45;44,55;28,20;99,99;73,47;0,00;0,25
2018.0;1.0;2018-01-01;BRASPINE;BARRETOS;PR;JAGUARIAIVA;43,35;32,98;302,60;20,71;86,49;15,36;37,57;29,90;100,00;0,00;0,00;0,81
2018.0;1.0;2018-01-01;BRASPINE;BAU;;;;;285,10;19,91;87,04;14,37;48,31;27,80;99,91;58,84;0,00;0,51
2018.0;1.0;2018-01-01;BRASPINE;BOA VISTA II;PR;PIRAI DO SUL;944,00;535,05;297,46;20,70;86,06;15,20;38,49;29,51;99,99;0,00;0,00;3,09
2018.0;1.0;2018-01-01;BRASPINE;BRASILEIRA;;;;;295,15;20,75;86,75;15,17;37,90;30,51;100,00;0,00;0,00;334,52
2018.0;1.0;2018-01-01;BRASPINE;BURACAO;;;;;326,19;20,69;85,31;15,17;38,90;29,75;99,86;0,00;0,00;0,31
2018.0;1.0;2018-01-01;BRASPINE;BURRINHO;PR;DOUTOR ULYSSES;211,01;100,37;315,31;20,93;86,66;15,47;38,38;31,05;100,00;0,00;0,00;0,18
2018.0;1.0;2018-01-01;BRASPINE;CADEADO I;PR;JAGUARIAIVA;21,07;12,29;294,23;20,55;86,51;15,22;37,62;29,99;100,00;0,00;0,00;9,13
2018.0;1.0;2018-01-01;BRASPINE;CADEADO II;PR;JAGUARIAIVA;21,88;16,79;294,23;20,55;86,51;15,22;37,62;29,99;100,00;0,00;0,00;9,13
2018.0;1.0;2018-01-01;BRASPINE;CAMPINA ALTA;PR;TIBAGI;29,77;18,24;243,41;21,30;86,43;15,20;46,22;29,99;99,95;0,00;0,00;1,33
2018.0;1.0;2018-01-01;BRASPINE;CAMPINA DO ELIAS;PR;JAGUARIAIVA;29,17;14,65;303,65;20,65;86,50;15,33;37,59;29,93;100,00;0,00;0,00;11,73
2018.0;1.0;2018-01-01;BRASPINE;CAMPO NOVO;PR;JAGUARIAIVA;295,98;156,36;293,48;20,55;86,51;15,22;37,62;29,99;100,00;0,00;0,00;9,13
2018.0;1.0;2018-01-01;BRASPINE;CONSULTORIA II A;PR;DOUTOR ULYSSES;89,62;60,79;295,45;20,75;86,75;15,17;37,90;30,51;100,00;0,00;0,00;334,52
2018.0;1.0;2018-01-01;BRASPINE;DINIZ;;;;;290,49;20,75;86,75;15,17;37,90;30,51;100,00;0,00;0,00;334,52
2018.0;1.0;2018-01-01;BRASPINE;ENES;PR;JAGUARIAIVA;5,93;5,69;294,77;20,55;86,51;15,22;37,62;29,99;100,00;0,00;0,00;9,13
2018.0;1.0;2018-01-01;BRASPINE;ENGENHARIA;;;;;290,49;20,75;86,75;15,17;37,90;30,51;100,00;0,00;0,00;334,52
2018.0;1.0;2018-01-01;BRASPINE;ESTACAO;PR;SENGES;4,76;4,14;285,50;20,55;86,51;15,22;37,62;29,99;100,00;0,00;0,00;9,13
2018.0;1.0;2018-01-01;BRASPINE;FAXINAL;PR;JAGUARIAIVA;20,65;20,65;294,77;20,55;86,51;15,22;37,62;29,99;100,00;0,00;0,00;9,13
2018.0;1.0;2018-01-01;BRASPINE;FEITAL;PR;DOUTOR ULYSSES;154,17;86,53;291,89;20,92;86,77;15,28;38,02;30,81;100,00;0,00;0,00;1,30
2018.0;1.0;2018-01-01;BRASPINE;FIGUEIRA;PR;DOUTOR ULYSSES;1053,81;315,71;300,31;20,93;86,66;15,47;38,38;31,05;100,00;0,00;0,00;0,18
2018.0;1.0;2018-01-01;BRASPINE;FIGUEIRINHA;PR;DOUTOR ULYSSES;94,37;56,74;320,63;20,93;86,66;15,47;38,38;31,05;100,00;0,00;0,00;0,18
2018.0;1.0;2018-01-01;BRASPINE;FLOEMA;PR;DOUTOR ULYSSES;2189,88;701,43;314,86;20,41;86,60;15,08;37,86;30,10;100,00;0,00;0,00;2,42
2018.0;1.0;2018-01-01;BRASPINE;FLOEMA I - SUDATI;;;;;284,41;20,75;86,75;15,17;37,90;30,51;100,00;0,00;0,00;334,52
2018.0;1.0;2018-01-01;BRASPINE;FLOEMA II - SUDATI;PR;DOUTOR ULYSSES;453,83;211,13;293,10;20,75;86,75;15,17;37,90;30,51;100,00;0,00;0,00;334,52
2018.0;1.0;2018-01-01;BRASPINE;FLOR DA SERRA;PR;SAO JOSE DA BOA VISTA;209,10;128,72;229,55;22,42;81,09;15,46;43,82;31,12;99,56;0,00;0,00;1,89
2018.0;1.0;2018-01-01;BRASPINE;GENTIL;PR;JAGUARIAIVA;126,77;53,33;288,61;20,31;85,75;15,00;38,98;28,51;99,74;0,00;0,00;4,77
2018.0;1.0;2018-01-01;BRASPINE;GUAIRACA;PR;GUARAPUAVA;623,62;169,31;299,03;20,13;86,54;14,35;45,21;28,29;99,99;73,67;0,00;24,12
2018.0;1.0;2018-01-01;BRASPINE;HERVAL 2 - MADALOSSO;;;;;332,36;20,69;85,31;15,17;38,90;29,75;99,86;0,00;0,00;0,31
2018.0;1.0;2018-01-01;BRASPINE;HERVAL DE BAIXO;PR;RESERVA;827,29;475,92;251,55;21,29;86,59;14,89;47,63;29,84;99,89;14,89;0,00;4,38
2018.0;1.0;2018-01-01;BRASPINE;HORTO 01;PR;TURVO;19,12;19,12;250,57;20,66;87,15;14,91;48,91;28,14;99,82;14,91;0,00;0,84
2018.0;1.0;2018-01-01;BRASPINE;HORTO 02;PR;TURVO;4,24;4,24;252,80;20,66;87,15;14,91;48,91;28,14;99,82;14,91;0,00;0,84
2018.0;1.0;2018-01-01;BRASPINE;HORTO 03;PR;PRUDENTOPOLIS;80,91;25,89;244,98;21,14;86,33;15,46;45,69;28,76;99,94;0,00;0,00;14,72
2018.0;1.0;2018-01-01;BRASPINE;HORTO 08;PR;TURVO;9,53;9,53;236,93;21,14;86,33;15,46;45,69;28,76;99,94;0,00;0,00;14,72
2018.0;1.0;2018-01-01;BRASPINE;HORTO 12;PR;PRUDENTOPOLIS;12,20;12,20;245,28;21,14;86,33;15,46;45,69;28,76;99,94;0,00;0,00;14,72
2018.0;1.0;2018-01-01;BRASPINE;IZAU;PR;PIRAI DO SUL;19,37;11,60;295,57;20,34;86,09;14,90;37,46;28,79;99,75;14,90;0,00;5,68
2018.0;1.0;2018-01-01;BRASPINE;JOAO RICO;PR;JAGUARIAIVA;47,46;26,18;293,02;20,59;85,80;15,29;39,69;29,02;99,92;0,00;0,00;1,14
2018.0;1.0;2018-01-01;BRASPINE;LAGOA;PR;JAGUARIAIVA;24,10;10,78;302,04;20,55;86,51;15,22;37,62;29,99;100,00;0,00;0,00;9,13
2018.0;1.0;2018-01-01;BRASPINE;MARACANA;PR;JANDAIA DO SUL;11,45;11,45;362,14;22,72;84,98;17,00;53,59;31,37;100,00;0,00;0,00;0,19
2018.0;1.0;2018-01-01;BRASPINE;MARRECA;;;;;298,57;20,93;86,66;15,47;38,38;31,05;100,00;0,00;0,00;0,18
2018.0;1.0;2018-01-01;BRASPINE;MARRECA SP;SP;ITAPIRAPUA PAULISTA;675,30;236,19;339,33;21,68;86,46;15,87;39,20;32,23;100,00;0,00;0,00;3,45
2018.0;1.0;2018-01-01;BRASPINE;MARRECAS;;;;;298,72;19,46;87,08;13,70;44,91;27,76;100,00;99,54;0,00;1,20
2018.0;1.0;2018-01-01;BRASPINE;MERCADINHO;;;;;326,33;21,50;86,05;15,93;38,58;31,69;100,00;0,00;0,00;2,20
2018.0;1.0;2018-01-01;BRASPINE;MONTE ALEGRE;;;;;369,13;23,23;84,08;17,34;51,88;31,67;99,99;0,00;0,00;0,63
2018.0;1.0;2018-01-01;BRASPINE;MONTE TABOR II;;;;;297,57;21,03;87,28;14,70;44,81;33,80;100,00;14,70;0,00;90,48
2018.0;1.0;2018-01-01;BRASPINE;MOREIRA;PR;DOUTOR ULYSSES;230,52;68,68;293,10;20,75;86,75;15,17;37,90;30,51;100,00;0,00;0,00;334,52
2018.0;1.0;2018-01-01;BRASPINE;MOREIRAS II;PR;DOUTOR ULYSSES;66,76;28,75;295,78;20,75;86,75;15,17;37,90;30,51;100,00;0,00;0,00;334,52
2018.0;1.0;2018-01-01;BRASPINE;MORRETES;PR;ORTIGUEIRA;20,36;20,36;255,43;21,73;86,63;14,97;49,11;30,31;99,82;14,97;0,00;1,31
2018.0;1.0;2018-01-01;BRASPINE;MORRO AZUL;;;;;281,12;20,99;87,13;15,18;37,00;30,87;100,00;0,00;0,00;5,37
2018.0;1.0;2018-01-01;BRASPINE;OURO FINO;SP;APIAI;51,70;51,70;287,91;20,80;87,72;14,38;40,71;30,85;100,00;14,38;0,00;102,45
2018.0;1.0;2018-01-01;BRASPINE;PALMEIRINHA DE BAIXO - SOSSEGO;PR;SENGES;85,93;9,22;280,17;20,35;86,19;14,90;37,18;29,15;99,87;29,82;0,00;0,75
2018.0;1.0;2018-01-01;BRASPINE;PAZIN;PR;DOUTOR ULYSSES;41,20;23,90;299,36;20,93;86,66;15,47;38,38;31,05;100,00;0,00;0,00;0,18
2018.0;1.0;2018-01-01;BRASPINE;PEDRAS;PR;CASTRO;7,18;7,18;289,58;20,42;86,36;14,85;39,13;28,77;99,72;14,85;0,00;8,57
2018.0;1.0;2018-01-01;BRASPINE;PESCARIA;PR;SAO JOSE DA BOA VISTA;184,57;129,22;247,47;22,56;80,95;15,57;41,03;31,39;99,58;0,00;0,00;2,66
2018.0;1.0;2018-01-01;BRASPINE;PESSEGUEIRO;PR;DOUTOR ULYSSES;109,95;64,79;286,02;20,75;86,75;15,17;37,90;30,51;100,00;0,00;0,00;334,52
2018.0;1.0;2018-01-01;BRASPINE;PITANGA;;;;;318,78;20,53;86,96;14,88;50,01;28,19;99,82;14,88;0,00;0,74
2018.0;1.0;2018-01-01;BRASPINE;QUEIMADINHO ARROIO CLARO;PR;DOUTOR ULYSSES;48,13;19,09;295,15;20,75;86,75;15,17;37,90;30,51;100,00;0,00;0,00;334,52
2018.0;1.0;2018-01-01;BRASPINE;QUEIMADINHO M6042;PR;DOUTOR ULYSSES;48,38;18,50;295,15;20,75;86,75;15,17;37,90;30,51;100,00;0,00;0,00;334,52
2018.0;1.0;2018-01-01;BRASPINE;QUEIMADINHO USUCAPIAO;PR;DOUTOR ULYSSES;200,27;92,43;295,15;20,75;86,75;15,17;37,90;30,51;100,00;0,00;0,00;334,52
2018.0;1.0;2018-01-01;BRASPINE;RAMOS;PR;SENGES;69,83;38,15;284,41;20,55;86,51;15,22;37,62;29,99;100,00;0,00;0,00;9,13
2018.0;1.0;2018-01-01;BRASPINE;RIBEIRAO GRANDE;PR;JAGUARIAIVA;20,77;20,77;294,36;20,34;86,09;14,90;37,46;28,79;99,75;14,90;0,00;5,68
2018.0;1.0;2018-01-01;BRASPINE;RINCAO DE BAIXO;;;;;252,07;20,81;84,33;15,23;40,88;29,05;99,63;0,00;0,00;18,70
2018.0;1.0;2018-01-01;BRASPINE;RIO BOMBA;PR;CERRO AZUL;65,03;37,72;336,26;21,79;85,42;16,34;39,36;31,80;100,00;0,00;0,00;3,71
2018.0;1.0;2018-01-01;BRASPINE;RIO DO MEIO;PR;DOUTOR ULYSSES;712,33;389,13;295,64;20,75;86,75;15,17;37,90;30,51;100,00;0,00;0,00;334,52
2018.0;1.0;2018-01-01;BRASPINE;RONDON;PR;JAGUARIAIVA;2899,24;1475,88;278,09;20,42;86,24;14,86;38,39;29,18;99,91;14,86;0,00;4,12
2018.0;1.0;2018-01-01;BRASPINE;SANTA FELICIDADE;;;;;304,47;22,10;86,34;16,09;40,17;33,14;100,00;0,00;0,00;1,30
2018.0;1.0;2018-01-01;BRASPINE;SANTA LIDIA DO CERCADINHO;;;;;239,21;20,48;84,39;15,07;40,98;28,56;99,64;0,00;0,00;18,73
2018.0;1.0;2018-01-01;BRASPINE;SANTO ANTONIO;;;;;294,58;20,41;86,35;14,45;36,30;29,55;100,00;29,08;0,00;41,31
2018.0;1.0;2018-01-01;BRASPINE;SAO JOSE;PR;JANDAIA DO SUL;37,56;37,56;365,88;23,07;84,27;17,22;52,37;31,48;100,00;0,00;0,00;1,21
2018.0;1.0;2018-01-01;BRASPINE;SAO MATHEUS;;;;;316,96;24,31;83,82;18,38;49,74;33,00;99,98;0,00;0,00;1,87
2018.0;1.0;2018-01-01;BRASPINE;SAO PEDRO E SAO PAULO;PR;SAPOPEMA;709,13;323,93;291,14;21,62;83,51;15,50;51,03;30,09;99,68;0,00;0,00;0,15
2018.0;1.0;2018-01-01;BRASPINE;SAO RAFAEL;;;;;326,98;20,56;84,75;15,07;41,36;29,27;99,46;0,00;0,00;0,42
2018.0;1.0;2018-01-01;BRASPINE;SAO RAFAEL - PB;;;;;281,95;20,90;87,57;14,69;39,42;31,02;100,00;14,69;0,00;0,85
2018.0;1.0;2018-01-01;BRASPINE;SERRARIA;PR;DOUTOR ULYSSES;280,88;117,71;311,84;20,67;86,63;15,28;38,12;30,58;100,00;0,00;0,00;1,31
2018.0;1.0;2018-01-01;BRASPINE;SERRO VERDE;;;;;291,14;20,22;86,12;14,57;46,72;28,12;99,91;44,35;0,00;4,42
2018.0;1.0;2018-01-01;BRASPINE;SERTAOZINHO;PR;DOUTOR ULYSSES;16,25;16,25;286,33;20,75;86,75;15,17;37,90;30,51;100,00;0,00;0,00;334,52
2018.0;1.0;2018-01-01;BRASPINE;SITIO BASILIO;PR;JAGUARIAIVA;8,08;8,08;294,02;20,38;85,65;15,07;39,64;28,56;99,79;0,00;0,00;3,49
2018.0;1.0;2018-01-01;BRASPINE;SITIO DAS MARRECAS;PR;DOUTOR ULYSSES;77,49;35,17;322,06;21,47;86,52;15,75;38,97;31,89;100,00;0,00;0,00;4,89
2018.0;1.0;2018-01-01;BRASPINE;SOBRADINHO;SP;BOM SUCESSO DE ITARARE;285,80;123,10;295,25;20,35;87,10;14,18;36,68;29,71;100,00;28,59;0,00;24,41
2018.0;1.0;2018-01-01;BRASPINE;TAQUARAL;PR;JAGUARIAIVA;519,13;31,07;295,11;20,61;86,19;15,01;39,34;29,26;100,00;0,00;0,00;7,63
2018.0;1.0;2018-01-01;BRASPINE;TUCUNDUVA;PR;SENGES;82,21;60,89;289,44;21,07;83,42;15,15;39,52;29,36;99,55;0,00;0,00;2,48
2018.0;1.0;2018-01-01;BRASPINE;TUCUNDUVA - CHAMMA;;;;;289,45;21,08;83,65;15,52;38,76;29,49;99,56;0,00;0,00;0,22
2018.0;1.0;2018-01-01;BRASPINE;VIENA 1;PR;DOUTOR ULYSSES;263,98;178,34;308,94;20,32;86,56;15,09;38,55;29,52;100,00;0,00;0,00;1,95
2018.0;1.0;2018-01-01;BRASPINE;VIENA 2;PR;CERRO AZUL;140,23;96,54;336,51;21,79;85,42;16,34;39,36;31,80;100,00;0,00;0,00;3,71
2018.0;1.0;2018-01-01;BRASPINE;VITORIA;PR;SENGES;50,54;35,69;280,17;20,35;86,19;14,90;37,18;29,15;99,87;29,82;0,00;0,75
2018.0;1.0;2018-01-01;BRASPINE;VIVEIRO;PR;DOUTOR ULYSSES;405,39;261,22;295,78;20,75;86,75;15,17;37,90;30,51;100,00;0,00;0,00;334,52
2018.0;1.0;2018-01-01;BRASPINE;VO LINO;PR;DOUTOR ULYSSES;164,50;97,89;302,76;20,93;86,66;15,47;38,38;31,05;100,00;0,00;0,00;0,18
2018.0;1.0;2018-01-01;BRASPINE;XAXIM VELHO;;;;;283,01;19,65;87,13;13,98;46,29;27,85;100,00;71,50;0,00;3,95
2018.0;2.0;2018-02-01;BRASPINE;AGUA DOCE;PR;JAGUARIAIVA;238,97;121,99;93,31;19,61;82,58;13,37;42,84;28,63;99,89;114,85;0,00;32,90
2018.0;2.0;2018-02-01;BRASPINE;AMATA;;;;;101,03;21,25;82,53;15,43;42,19;31,70;100,00;0,00;0,00;0,73
2018.0;2.0;2018-02-01;BRASPINE;ANTA BRAVA;;;;;130,17;22,36;78,47;16,56;38,37;31,85;99,52;0,00;0,00;323,43
2018.0;2.0;2018-02-01;BRASPINE;ARAPONGAS;PR;SENGES;423,34;263,70;90,56;19,75;84,24;13,76;41,06;30,12;100,00;86,33;0,00;24,24
2018.0;2.0;2018-02-01;BRASPINE;ARROIO CLARO;PR;DOUTOR ULYSSES;275,14;92,00;93,77;19,90;84,32;13,90;40,62;30,48;100,00;72,71;0,00;25,33
2018.0;2.0;2018-02-01;BRASPINE;BARRA GRANDE;PR;DOUTOR ULYSSES;493,79;139,68;126,53;20,30;84,22;14,19;40,45;31,04;100,00;29,01;0,00;18,48
2018.0;2.0;2018-02-01;BRASPINE;BARRA GRANDE - BEMAIS;PR;GUARAPUAVA;299,16;108,61;91,91;19,13;81,73;13,03;32,80;27,62;99,99;168,58;0,00;15,81
2018.0;2.0;2018-02-01;BRASPINE;BARRETOS;PR;JAGUARIAIVA;43,35;32,98;89,54;19,70;83,69;13,80;42,27;29,77;99,98;100,53;0,00;31,75
2018.0;2.0;2018-02-01;BRASPINE;BAU;;;;;159,30;19,29;81,07;13,29;36,05;26,82;99,94;126,92;0,00;5,35
2018.0;2.0;2018-02-01;BRASPINE;BOA VISTA II;PR;PIRAI DO SUL;944,00;535,05;85,09;19,66;83,20;13,50;43,10;29,32;99,97;100,00;0,00;33,48
2018.0;2.0;2018-02-01;BRASPINE;BRASILEIRA;;;;;94,81;19,75;84,24;13,76;41,06;30,12;100,00;86,33;0,00;24,24
2018.0;2.0;2018-02-01;BRASPINE;BURACAO;;;;;82,69;19,61;82,86;13,96;42,13;29,14;99,75;86,36;0,00;348,33
2018.0;2.0;2018-02-01;BRASPINE;BURRINHO;PR;DOUTOR ULYSSES;211,01;100,37;93,28;19,90;84,32;13,90;40,62;30,48;100,00;72,71;0,00;25,33
2018.0;2.0;2018-02-01;BRASPINE;CADEADO I;PR;JAGUARIAIVA;21,07;12,29;88,03;19,55;83,93;13,68;38,23;35,89;100,00;114,75;0,00;29,11
2018.0;2.0;2018-02-01;BRASPINE;CADEADO II;PR;JAGUARIAIVA;21,88;16,79;88,03;19,55;83,93;13,68;38,23;35,89;100,00;114,75;0,00;29,11
2018.0;2.0;2018-02-01;BRASPINE;CAMPINA ALTA;PR;TIBAGI;29,77;18,24;67,63;20,69;80,12;13,84;41,14;29,76;99,98;56,34;0,00;3,99
2018.0;2.0;2018-02-01;BRASPINE;CAMPINA DO ELIAS;PR;JAGUARIAIVA;29,17;14,65;87,72;19,64;83,78;13,76;42,06;29,75;99,99;100,27;0,00;30,87
2018.0;2.0;2018-02-01;BRASPINE;CAMPO NOVO;PR;JAGUARIAIVA;295,98;156,36;92,79;19,55;83,93;13,68;38,23;35,89;100,00;114,75;0,00;29,11
2018.0;2.0;2018-02-01;BRASPINE;CONSULTORIA II A;PR;DOUTOR ULYSSES;89,62;60,79;92,21;19,75;84,24;13,76;41,06;30,12;100,00;86,33;0,00;24,24
2018.0;2.0;2018-02-01;BRASPINE;DINIZ;;;;;117,77;19,75;84,24;13,76;41,06;30,12;100,00;86,33;0,00;24,24
2018.0;2.0;2018-02-01;BRASPINE;ENES;PR;JAGUARIAIVA;5,93;5,69;93,06;19,55;83,93;13,68;38,23;35,89;100,00;114,75;0,00;29,11
2018.0;2.0;2018-02-01;BRASPINE;ENGENHARIA;;;;;117,77;19,75;84,24;13,76;41,06;30,12;100,00;86,33;0,00;24,24
2018.0;2.0;2018-02-01;BRASPINE;ESTACAO;PR;SENGES;4,76;4,14;85,52;19,55;83,93;13,68;38,23;35,89;100,00;114,75;0,00;29,11
2018.0;2.0;2018-02-01;BRASPINE;FAXINAL;PR;JAGUARIAIVA;20,65;20,65;93,06;19,55;83,93;13,68;38,23;35,89;100,00;114,75;0,00;29,11
2018.0;2.0;2018-02-01;BRASPINE;FEITAL;PR;DOUTOR ULYSSES;154,17;86,53;93,24;19,93;84,23;13,90;40,86;30,42;100,00;72,41;0,00;22,39
2018.0;2.0;2018-02-01;BRASPINE;FIGUEIRA;PR;DOUTOR ULYSSES;1053,81;315,71;88,87;19,90;84,32;13,90;40,62;30,48;100,00;72,71;0,00;25,33
2018.0;2.0;2018-02-01;BRASPINE;FIGUEIRINHA;PR;DOUTOR ULYSSES;94,37;56,74;96,81;19,90;84,32;13,90;40,62;30,48;100,00;72,71;0,00;25,33
2018.0;2.0;2018-02-01;BRASPINE;FLOEMA;PR;DOUTOR ULYSSES;2189,88;701,43;84,42;19,36;84,36;13,37;41,33;29,62;100,00;113,82;0,00;29,84
2018.0;2.0;2018-02-01;BRASPINE;FLOEMA I - SUDATI;;;;;86,43;19,75;84,24;13,76;41,06;30,12;100,00;86,33;0,00;24,24
2018.0;2.0;2018-02-01;BRASPINE;FLOEMA II - SUDATI;PR;DOUTOR ULYSSES;453,83;211,13;92,34;19,75;84,24;13,76;41,06;30,12;100,00;86,33;0,00;24,24
2018.0;2.0;2018-02-01;BRASPINE;FLOR DA SERRA;PR;SAO JOSE DA BOA VISTA;209,10;128,72;122,07;21,73;76,27;15,29;36,69;30,70;99,70;0,00;0,00;6,09
2018.0;2.0;2018-02-01;BRASPINE;GENTIL;PR;JAGUARIAIVA;126,77;53,33;97,82;19,34;82,39;13,18;42,98;28,10;99,61;127,88;0,00;332,44
2018.0;2.0;2018-02-01;BRASPINE;GUAIRACA;PR;GUARAPUAVA;623,62;169,31;95,96;19,28;81,75;13,29;34,77;27,93;99,99;155,94;0,00;20,31
2018.0;2.0;2018-02-01;BRASPINE;HERVAL 2 - MADALOSSO;;;;;82,16;19,61;82,86;13,96;42,13;29,14;99,75;86,36;0,00;348,33
2018.0;2.0;2018-02-01;BRASPINE;HERVAL DE BAIXO;PR;RESERVA;827,29;475,92;65,17;20,65;80,21;13,56;40,98;29,82;99,90;70,36;0,00;0,63
2018.0;2.0;2018-02-01;BRASPINE;HORTO 01;PR;TURVO;19,12;19,12;143,86;19,87;81,90;13,69;36,12;28,12;99,79;128,71;0,00;14,78
2018.0;2.0;2018-02-01;BRASPINE;HORTO 02;PR;TURVO;4,24;4,24;152,30;19,87;81,90;13,69;36,12;28,12;99,79;128,71;0,00;14,78
2018.0;2.0;2018-02-01;BRASPINE;HORTO 03;PR;PRUDENTOPOLIS;80,91;25,89;118,51;20,38;81,02;14,14;33,50;29,15;99,97;73,14;0,00;4,65
2018.0;2.0;2018-02-01;BRASPINE;HORTO 08;PR;TURVO;9,53;9,53;158,28;20,38;81,02;14,14;33,50;29,15;99,97;73,14;0,00;4,65
2018.0;2.0;2018-02-01;BRASPINE;HORTO 12;PR;PRUDENTOPOLIS;12,20;12,20;114,23;20,38;81,02;14,14;33,50;29,15;99,97;73,14;0,00;4,65
2018.0;2.0;2018-02-01;BRASPINE;IZAU;PR;PIRAI DO SUL;19,37;11,60;89,36;19,34;82,87;13,48;42,73;28,55;99,58;142,86;0,00;34,85
2018.0;2.0;2018-02-01;BRASPINE;JOAO RICO;PR;JAGUARIAIVA;47,46;26,18;95,70;19,61;82,58;13,37;42,84;28,63;99,89;114,85;0,00;32,90
2018.0;2.0;2018-02-01;BRASPINE;LAGOA;PR;JAGUARIAIVA;24,10;10,78;85,00;19,55;83,93;13,68;38,23;35,89;100,00;114,75;0,00;29,11
2018.0;2.0;2018-02-01;BRASPINE;MARACANA;PR;JANDAIA DO SUL;11,45;11,45;156,92;22,17;78,27;16,04;40,08;30,19;99,99;0,00;0,00;4,27
2018.0;2.0;2018-02-01;BRASPINE;MARRECA;;;;;87,83;19,90;84,32;13,90;40,62;30,48;100,00;72,71;0,00;25,33
2018.0;2.0;2018-02-01;BRASPINE;MARRECA SP;SP;ITAPIRAPUA PAULISTA;675,30;236,19;100,09;20,68;84,02;14,39;40,38;31,60;100,00;14,39;0,00;19,94
2018.0;2.0;2018-02-01;BRASPINE;MARRECAS;;;;;99,60;18,61;82,18;12,61;33,14;26,91;100,00;192,57;0,00;27,19
2018.0;2.0;2018-02-01;BRASPINE;MERCADINHO;;;;;98,32;20,50;83,44;14,57;40,74;31,11;100,00;29,45;0,00;1,63
2018.0;2.0;2018-02-01;BRASPINE;MONTE ALEGRE;;;;;146,64;22,65;77,62;16,27;39,86;30,71;99,98;0,00;0,00;1,46
2018.0;2.0;2018-02-01;BRASPINE;MONTE TABOR II;;;;;108,34;20,05;85,01;13,49;45,87;30,07;100,00;42,62;0,00;9,51
2018.0;2.0;2018-02-01;BRASPINE;MOREIRA;PR;DOUTOR ULYSSES;230,52;68,68;92,34;19,75;84,24;13,76;41,06;30,12;100,00;86,33;0,00;24,24
2018.0;2.0;2018-02-01;BRASPINE;MOREIRAS II;PR;DOUTOR ULYSSES;66,76;28,75;92,18;19,75;84,24;13,76;41,06;30,12;100,00;86,33;0,00;24,24
2018.0;2.0;2018-02-01;BRASPINE;MORRETES;PR;ORTIGUEIRA;20,36;20,36;67,02;21,10;80,28;13,86;41,13;30,33;99,79;86,47;0,00;1,12
2018.0;2.0;2018-02-01;BRASPINE;MORRO AZUL;;;;;102,56;20,08;84,27;13,88;39,20;30,92;100,00;58,04;0,00;11,31
2018.0;2.0;2018-02-01;BRASPINE;OURO FINO;SP;APIAI;51,70;51,70;109,59;19,84;85,19;13,44;43,00;30,35;100,00;71,98;0,00;1,02
2018.0;2.0;2018-02-01;BRASPINE;PALMEIRINHA DE BAIXO - SOSSEGO;PR;SENGES;85,93;9,22;92,00;19,46;82,84;13,33;40,09;29,08;99,86;113,66;0,00;18,37
2018.0;2.0;2018-02-01;BRASPINE;PAZIN;PR;DOUTOR ULYSSES;41,20;23,90;93,78;19,90;84,32;13,90;40,62;30,48;100,00;72,71;0,00;25,33
2018.0;2.0;2018-02-01;BRASPINE;PEDRAS;PR;CASTRO;7,18;7,18;83,39;19,36;83,38;13,38;45,76;28,45;99,55;143,27;0,00;35,93
2018.0;2.0;2018-02-01;BRASPINE;PESCARIA;PR;SAO JOSE DA BOA VISTA;184,57;129,22;125,29;21,87;76,11;15,41;35,63;30,98;99,68;0,00;0,00;3,24
2018.0;2.0;2018-02-01;BRASPINE;PESSEGUEIRO;PR;DOUTOR ULYSSES;109,95;64,79;83,40;19,75;84,24;13,76;41,06;30,12;100,00;86,33;0,00;24,24
2018.0;2.0;2018-02-01;BRASPINE;PITANGA;;;;;181,93;20,04;80,15;14,11;36,79;27,40;99,82;86,76;0,00;4,07
2018.0;2.0;2018-02-01;BRASPINE;QUEIMADINHO ARROIO CLARO;PR;DOUTOR ULYSSES;48,13;19,09;94,81;19,75;84,24;13,76;41,06;30,12;100,00;86,33;0,00;24,24
2018.0;2.0;2018-02-01;BRASPINE;QUEIMADINHO M6042;PR;DOUTOR ULYSSES;48,38;18,50;94,81;19,75;84,24;13,76;41,06;30,12;100,00;86,33;0,00;24,24
2018.0;2.0;2018-02-01;BRASPINE;QUEIMADINHO USUCAPIAO;PR;DOUTOR ULYSSES;200,27;92,43;94,81;19,75;84,24;13,76;41,06;30,12;100,00;86,33;0,00;24,24
2018.0;2.0;2018-02-01;BRASPINE;RAMOS;PR;SENGES;69,83;38,15;86,43;19,55;83,93;13,68;38,23;35,89;100,00;114,75;0,00;29,11
2018.0;2.0;2018-02-01;BRASPINE;RIBEIRAO GRANDE;PR;JAGUARIAIVA;20,77;20,77;94,17;19,34;82,87;13,48;42,73;28,55;99,58;142,86;0,00;34,85
2018.0;2.0;2018-02-01;BRASPINE;RINCAO DE BAIXO;;;;;56,17;20,05;79,12;13,19;40,10;28,77;99,61;85,73;0,00;5,73
2018.0;2.0;2018-02-01;BRASPINE;RIO BOMBA;PR;CERRO AZUL;65,03;37,72;88,19;20,78;82,65;14,88;41,65;31,10;99,99;14,88;0,00;348,97
2018.0;2.0;2018-02-01;BRASPINE;RIO DO MEIO;PR;DOUTOR ULYSSES;712,33;389,13;92,90;19,75;84,24;13,76;41,06;30,12;100,00;86,33;0,00;24,24
2018.0;2.0;2018-02-01;BRASPINE;RONDON;PR;JAGUARIAIVA;2899,24;1475,88;91,12;19,45;83,24;13,38;42,08;28,96;99,89;113,62;0,00;28,00
2018.0;2.0;2018-02-01;BRASPINE;SANTA FELICIDADE;;;;;130,80;21,15;83,76;14,76;40,35;32,19;100,00;14,76;0,00;13,83
2018.0;2.0;2018-02-01;BRASPINE;SANTA LIDIA DO CERCADINHO;;;;;58,71;19,70;79,24;12,98;40,05;28,20;99,56;114,15;0,00;5,33
2018.0;2.0;2018-02-01;BRASPINE;SANTO ANTONIO;;;;;94,29;19,54;83,04;13,32;38,94;29,51;100,00;113,98;0,00;11,20
2018.0;2.0;2018-02-01;BRASPINE;SAO JOSE;PR;JANDAIA DO SUL;37,56;37,56;146,08;22,49;77,76;16,17;39,95;30,51;99,99;0,00;0,00;2,36
2018.0;2.0;2018-02-01;BRASPINE;SAO MATHEUS;;;;;133,89;23,74;77,31;16,53;39,60;32,16;99,92;0,00;0,00;19,22
2018.0;2.0;2018-02-01;BRASPINE;SAO PEDRO E SAO PAULO;PR;SAPOPEMA;709,13;323,93;131,52;20,97;77,77;14,54;39,07;29,04;99,66;29,21;0,00;13,65
2018.0;2.0;2018-02-01;BRASPINE;SAO RAFAEL;;;;;100,08;19,56;81,60;13,75;38,74;28,61;99,77;101,55;0,00;9,16
2018.0;2.0;2018-02-01;BRASPINE;SAO RAFAEL - PB;;;;;109,91;19,96;84,91;13,61;41,69;30,58;100,00;42,81;0,00;3,53
2018.0;2.0;2018-02-01;BRASPINE;SERRARIA;PR;DOUTOR ULYSSES;280,88;117,71;82,07;19,63;84,34;13,64;40,98;30,05;100,00;85,93;0,00;27,66
2018.0;2.0;2018-02-01;BRASPINE;SERRO VERDE;;;;;176,66;19,65;79,86;13,57;35,95;27,30;99,95;84,30;0,00;0,92
2018.0;2.0;2018-02-01;BRASPINE;SERTAOZINHO;PR;DOUTOR ULYSSES;16,25;16,25;122,61;19,75;84,24;13,76;41,06;30,12;100,00;86,33;0,00;24,24
2018.0;2.0;2018-02-01;BRASPINE;SITIO BASILIO;PR;JAGUARIAIVA;8,08;8,08;92,95;19,41;82,29;13,10;43,02;28,11;99,70;113,45;0,00;33,79
2018.0;2.0;2018-02-01;BRASPINE;SITIO DAS MARRECAS;PR;DOUTOR ULYSSES;77,49;35,17;97,25;20,46;84,11;14,25;40,45;31,28;100,00;29,11;0,00;21,53
2018.0;2.0;2018-02-01;BRASPINE;SOBRADINHO;SP;BOM SUCESSO DE ITARARE;285,80;123,10;95,03;19,49;83,91;13,25;39,43;29,74;100,00;114,24;0,00;5,40
2018.0;2.0;2018-02-01;BRASPINE;TAQUARAL;PR;JAGUARIAIVA;519,13;31,07;98,37;19,62;83,15;13,46;43,17;28,96;100,00;114,90;0,00;31,12
2018.0;2.0;2018-02-01;BRASPINE;TUCUNDUVA;PR;SENGES;82,21;60,89;103,88;20,22;79,54;13,73;39,91;29,01;99,64;41,98;0,00;6,06
2018.0;2.0;2018-02-01;BRASPINE;TUCUNDUVA - CHAMMA;;;;;100,18;20,25;79,87;14,00;39,67;29,30;99,66;42,60;0,00;2,18
2018.0;2.0;2018-02-01;BRASPINE;VIENA 1;PR;DOUTOR ULYSSES;263,98;178,34;85,12;19,25;84,19;13,26;43,65;29,15;100,00;127,39;0,00;32,03
2018.0;2.0;2018-02-01;BRASPINE;VIENA 2;PR;CERRO AZUL;140,23;96,54;88,00;20,78;82,65;14,88;41,65;31,10;99,99;14,88;0,00;348,97
2018.0;2.0;2018-02-01;BRASPINE;VITORIA;PR;SENGES;50,54;35,69;92,00;19,46;82,84;13,33;40,09;29,08;99,86;113,66;0,00;18,37
2018.0;2.0;2018-02-01;BRASPINE;VIVEIRO;PR;DOUTOR ULYSSES;405,39;261,22;92,18;19,75;84,24;13,76;41,06;30,12;100,00;86,33;0,00;24,24
2018.0;2.0;2018-02-01;BRASPINE;VO LINO;PR;DOUTOR ULYSSES;164,50;97,89;88,97;19,90;84,32;13,90;40,62;30,48;100,00;72,71;0,00;25,33
2018.0;2.0;2018-02-01;BRASPINE;XAXIM VELHO;;;;;85,50;18,74;82,88;12,88;35,60;27,16;100,00;196,06;0,00;33,33
2018.0;3.0;2018-03-01;BRASPINE;AGUA DOCE;PR;JAGUARIAIVA;238,97;121,99;190,17;21,36;86,15;16,14;50,82;28,45;99,89;0,00;0,00;0,99
2018.0;3.0;2018-03-01;BRASPINE;AMATA;;;;;358,25;22,54;88,34;17,48;49,14;30,62;100,00;0,00;0,00;0,05
2018.0;3.0;2018-03-01;BRASPINE;ANTA BRAVA;;;;;219,91;24,37;80,33;19,14;50,89;32,35;99,39;0,00;0,00;7,43
2018.0;3.0;2018-03-01;BRASPINE;ARAPONGAS;PR;SENGES;423,34;263,70;198,80;21,19;89,27;16,25;48,55;28,69;100,00;0,00;0,00;0,30
2018.0;3.0;2018-03-01;BRASPINE;ARROIO CLARO;PR;DOUTOR ULYSSES;275,14;92,00;229,17;21,31;89,59;16,38;48,50;29,14;100,00;0,00;0,00;3,31
2018.0;3.0;2018-03-01;BRASPINE;BARRA GRANDE;PR;DOUTOR ULYSSES;493,79;139,68;199,30;21,70;89,42;16,60;48,22;29,46;100,00;0,00;0,00;1,13
2018.0;3.0;2018-03-01;BRASPINE;BARRA GRANDE - BEMAIS;PR;GUARAPUAVA;299,16;108,61;359,56;20,33;89,24;15,82;54,86;27,73;100,00;0,00;0,00;10,79
2018.0;3.0;2018-03-01;BRASPINE;BARRETOS;PR;JAGUARIAIVA;43,35;32,98;222,25;21,29;88,22;16,16;50,16;28,56;100,00;0,00;0,00;3,50
2018.0;3.0;2018-03-01;BRASPINE;BAU;;;;;294,97;20,38;88,80;15,65;53,35;27,46;99,91;0,00;0,00;9,78
2018.0;3.0;2018-03-01;BRASPINE;BOA VISTA II;PR;PIRAI DO SUL;944,00;535,05;227,88;21,38;87,16;16,14;50,73;28,57;99,96;0,00;0,00;1,97
2018.0;3.0;2018-03-01;BRASPINE;BRASILEIRA;;;;;198,16;21,19;89,27;16,25;48,55;28,69;100,00;0,00;0,00;0,30
2018.0;3.0;2018-03-01;BRASPINE;BURACAO;;;;;347,39;21,24;87,49;16,18;49,45;28,99;99,87;0,00;0,00;10,37
2018.0;3.0;2018-03-01;BRASPINE;BURRINHO;PR;DOUTOR ULYSSES;211,01;100,37;228,15;21,31;89,59;16,38;48,50;29,14;100,00;0,00;0,00;3,31
2018.0;3.0;2018-03-01;BRASPINE;CADEADO I;PR;JAGUARIAIVA;21,07;12,29;195,64;21,02;88,80;15,87;48,95;28,42;100,00;0,00;0,00;1,25
2018.0;3.0;2018-03-01;BRASPINE;CADEADO II;PR;JAGUARIAIVA;21,88;16,79;195,64;21,02;88,80;15,87;48,95;28,42;100,00;0,00;0,00;1,25
2018.0;3.0;2018-03-01;BRASPINE;CAMPINA ALTA;PR;TIBAGI;29,77;18,24;267,89;22,04;87,26;16,82;56,47;29,89;99,92;0,00;0,00;1,07
2018.0;3.0;2018-03-01;BRASPINE;CAMPINA DO ELIAS;PR;JAGUARIAIVA;29,17;14,65;216,14;21,19;88,43;16,11;49,72;28,51;100,00;0,00;0,00;2,77
2018.0;3.0;2018-03-01;BRASPINE;CAMPO NOVO;PR;JAGUARIAIVA;295,98;156,36;210,64;21,02;88,80;15,87;48,95;28,42;100,00;0,00;0,00;1,25
2018.0;3.0;2018-03-01;BRASPINE;CONSULTORIA II A;PR;DOUTOR ULYSSES;89,62;60,79;199,27;21,19;89,27;16,25;48,55;28,69;100,00;0,00;0,00;0,30
2018.0;3.0;2018-03-01;BRASPINE;DINIZ;;;;;166,73;21,19;89,27;16,25;48,55;28,69;100,00;0,00;0,00;0,30
2018.0;3.0;2018-03-01;BRASPINE;ENES;PR;JAGUARIAIVA;5,93;5,69;212,44;21,02;88,80;15,87;48,95;28,42;100,00;0,00;0,00;1,25
2018.0;3.0;2018-03-01;BRASPINE;ENGENHARIA;;;;;166,73;21,19;89,27;16,25;48,55;28,69;100,00;0,00;0,00;0,30
2018.0;3.0;2018-03-01;BRASPINE;ESTACAO;PR;SENGES;4,76;4,14;192,10;21,02;88,80;15,87;48,95;28,42;100,00;0,00;0,00;1,25
2018.0;3.0;2018-03-01;BRASPINE;FAXINAL;PR;JAGUARIAIVA;20,65;20,65;212,44;21,02;88,80;15,87;48,95;28,42;100,00;0,00;0,00;1,25
2018.0;3.0;2018-03-01;BRASPINE;FEITAL;PR;DOUTOR ULYSSES;154,17;86,53;206,35;21,36;89,32;16,41;48,44;28,95;100,00;0,00;0,00;2,30
2018.0;3.0;2018-03-01;BRASPINE;FIGUEIRA;PR;DOUTOR ULYSSES;1053,81;315,71;212,20;21,31;89,59;16,38;48,50;29,14;100,00;0,00;0,00;3,31
2018.0;3.0;2018-03-01;BRASPINE;FIGUEIRINHA;PR;DOUTOR ULYSSES;94,37;56,74;261,11;21,31;89,59;16,38;48,50;29,14;100,00;0,00;0,00;3,31
2018.0;3.0;2018-03-01;BRASPINE;FLOEMA;PR;DOUTOR ULYSSES;2189,88;701,43;216,55;20,82;89,41;15,92;48,78;28,43;100,00;0,00;0,00;6,37
2018.0;3.0;2018-03-01;BRASPINE;FLOEMA I - SUDATI;;;;;194,26;21,19;89,27;16,25;48,55;28,69;100,00;0,00;0,00;0,30
2018.0;3.0;2018-03-01;BRASPINE;FLOEMA II - SUDATI;PR;DOUTOR ULYSSES;453,83;211,13;199,53;21,19;89,27;16,25;48,55;28,69;100,00;0,00;0,00;0,30
2018.0;3.0;2018-03-01;BRASPINE;FLOR DA SERRA;PR;SAO JOSE DA BOA VISTA;209,10;128,72;223,99;23,38;80,15;17,97;48,33;31,15;99,39;0,00;0,00;345,27
2018.0;3.0;2018-03-01;BRASPINE;GENTIL;PR;JAGUARIAIVA;126,77;53,33;189,95;21,11;85,68;16,00;51,71;28,40;99,76;0,00;0,00;4,07
2018.0;3.0;2018-03-01;BRASPINE;GUAIRACA;PR;GUARAPUAVA;623,62;169,31;352,30;20,54;88,74;15,90;52,94;28,02;100,00;0,00;0,00;15,57
2018.0;3.0;2018-03-01;BRASPINE;HERVAL 2 - MADALOSSO;;;;;316,31;21,24;87,49;16,18;49,45;28,99;99,87;0,00;0,00;10,37
2018.0;3.0;2018-03-01;BRASPINE;HERVAL DE BAIXO;PR;RESERVA;827,29;475,92;298,47;21,97;87,75;16,96;56,96;29,79;99,93;0,00;0,00;0,21
2018.0;3.0;2018-03-01;BRASPINE;HORTO 01;PR;TURVO;19,12;19,12;293,07;21,08;89,61;16,63;60,17;28,09;99,86;0,00;0,00;12,78
2018.0;3.0;2018-03-01;BRASPINE;HORTO 02;PR;TURVO;4,24;4,24;292,40;21,08;89,61;16,63;60,17;28,09;99,86;0,00;0,00;12,78
2018.0;3.0;2018-03-01;BRASPINE;HORTO 03;PR;PRUDENTOPOLIS;80,91;25,89;294,54;21,54;89,24;16,89;58,54;28,78;99,92;0,00;0,00;0,56
2018.0;3.0;2018-03-01;BRASPINE;HORTO 08;PR;TURVO;9,53;9,53;295,87;21,54;89,24;16,89;58,54;28,78;99,92;0,00;0,00;0,56
2018.0;3.0;2018-03-01;BRASPINE;HORTO 12;PR;PRUDENTOPOLIS;12,20;12,20;294,22;21,54;89,24;16,89;58,54;28,78;99,92;0,00;0,00;0,56
2018.0;3.0;2018-03-01;BRASPINE;IZAU;PR;PIRAI DO SUL;19,37;11,60;199,66;21,13;86,31;15,95;50,88;28,35;99,82;0,00;0,00;4,17
2018.0;3.0;2018-03-01;BRASPINE;JOAO RICO;PR;JAGUARIAIVA;47,46;26,18;190,40;21,36;86,15;16,14;50,82;28,45;99,89;0,00;0,00;0,99
2018.0;3.0;2018-03-01;BRASPINE;LAGOA;PR;JAGUARIAIVA;24,10;10,78;203,06;21,02;88,80;15,87;48,95;28,42;100,00;0,00;0,00;1,25
2018.0;3.0;2018-03-01;BRASPINE;MARACANA;PR;JANDAIA DO SUL;11,45;11,45;272,08;23,76;83,90;18,97;54,01;30,84;99,97;0,00;0,00;3,37
2018.0;3.0;2018-03-01;BRASPINE;MARRECA;;;;;218,39;21,31;89,59;16,38;48,50;29,14;100,00;0,00;0,00;3,31
2018.0;3.0;2018-03-01;BRASPINE;MARRECA SP;SP;ITAPIRAPUA PAULISTA;675,30;236,19;319,00;22,02;89,48;16,93;48,36;30,09;100,00;0,00;0,00;0,07
2018.0;3.0;2018-03-01;BRASPINE;MARRECAS;;;;;349,54;19,82;89,34;15,24;54,27;27,30;100,00;0,00;0,00;23,32
2018.0;3.0;2018-03-01;BRASPINE;MERCADINHO;;;;;291,17;21,85;88,96;16,76;48,56;29,78;100,00;0,00;0,00;3,20
2018.0;3.0;2018-03-01;BRASPINE;MONTE ALEGRE;;;;;281,08;24,23;83,23;19,20;53,67;31,39;99,92;0,00;0,00;17,80
2018.0;3.0;2018-03-01;BRASPINE;MONTE TABOR II;;;;;181,35;21,38;90,07;16,42;53,30;29,69;100,00;0,00;0,00;343,77
2018.0;3.0;2018-03-01;BRASPINE;MOREIRA;PR;DOUTOR ULYSSES;230,52;68,68;199,53;21,19;89,27;16,25;48,55;28,69;100,00;0,00;0,00;0,30
2018.0;3.0;2018-03-01;BRASPINE;MOREIRAS II;PR;DOUTOR ULYSSES;66,76;28,75;199,22;21,19;89,27;16,25;48,55;28,69;100,00;0,00;0,00;0,30
2018.0;3.0;2018-03-01;BRASPINE;MORRETES;PR;ORTIGUEIRA;20,36;20,36;291,87;22,45;87,52;17,50;56,78;30,14;99,93;0,00;0,00;0,65
2018.0;3.0;2018-03-01;BRASPINE;MORRO AZUL;;;;;182,63;21,52;89,21;16,34;47,62;29,15;100,00;0,00;0,00;1,59
2018.0;3.0;2018-03-01;BRASPINE;OURO FINO;SP;APIAI;51,70;51,70;199,03;21,26;89,86;16,24;50,28;29,10;100,00;0,00;0,00;10,40
2018.0;3.0;2018-03-01;BRASPINE;PALMEIRINHA DE BAIXO - SOSSEGO;PR;SENGES;85,93;9,22;189,47;21,00;87,14;16,01;46,38;28,11;99,79;0,00;0,00;0,90
2018.0;3.0;2018-03-01;BRASPINE;PAZIN;PR;DOUTOR ULYSSES;41,20;23,90;222,16;21,31;89,59;16,38;48,50;29,14;100,00;0,00;0,00;3,31
2018.0;3.0;2018-03-01;BRASPINE;PEDRAS;PR;CASTRO;7,18;7,18;223,03;21,19;86,91;16,08;53,77;28,29;99,78;0,00;0,00;0,72
2018.0;3.0;2018-03-01;BRASPINE;PESCARIA;PR;SAO JOSE DA BOA VISTA;184,57;129,22;229,89;23,54;79,77;18,15;45,26;31,45;99,40;0,00;0,00;0,93
2018.0;3.0;2018-03-01;BRASPINE;PESSEGUEIRO;PR;DOUTOR ULYSSES;109,95;64,79;188,89;21,19;89,27;16,25;48,55;28,69;100,00;0,00;0,00;0,30
2018.0;3.0;2018-03-01;BRASPINE;PITANGA;;;;;317,87;21,11;88,46;16,62;56,60;28,17;99,82;0,00;0,00;221,71
2018.0;3.0;2018-03-01;BRASPINE;QUEIMADINHO ARROIO CLARO;PR;DOUTOR ULYSSES;48,13;19,09;198,16;21,19;89,27;16,25;48,55;28,69;100,00;0,00;0,00;0,30
2018.0;3.0;2018-03-01;BRASPINE;QUEIMADINHO M6042;PR;DOUTOR ULYSSES;48,38;18,50;198,16;21,19;89,27;16,25;48,55;28,69;100,00;0,00;0,00;0,30
2018.0;3.0;2018-03-01;BRASPINE;QUEIMADINHO USUCAPIAO;PR;DOUTOR ULYSSES;200,27;92,43;198,16;21,19;89,27;16,25;48,55;28,69;100,00;0,00;0,00;0,30
2018.0;3.0;2018-03-01;BRASPINE;RAMOS;PR;SENGES;69,83;38,15;194,26;21,02;88,80;15,87;48,95;28,42;100,00;0,00;0,00;1,25
2018.0;3.0;2018-03-01;BRASPINE;RIBEIRAO GRANDE;PR;JAGUARIAIVA;20,77;20,77;195,23;21,13;86,31;15,95;50,88;28,35;99,82;0,00;0,00;4,17
2018.0;3.0;2018-03-01;BRASPINE;RINCAO DE BAIXO;;;;;272,02;21,74;83,53;16,70;53,96;29,25;99,59;0,00;0,00;1,57
2018.0;3.0;2018-03-01;BRASPINE;RIO BOMBA;PR;CERRO AZUL;65,03;37,72;299,31;22,12;88,61;16,91;49,58;30,00;99,98;0,00;0,00;1,51
2018.0;3.0;2018-03-01;BRASPINE;RIO DO MEIO;PR;DOUTOR ULYSSES;712,33;389,13;198,94;21,19;89,27;16,25;48,55;28,69;100,00;0,00;0,00;0,30
2018.0;3.0;2018-03-01;BRASPINE;RONDON;PR;JAGUARIAIVA;2899,24;1475,88;205,84;21,03;87,50;16,00;48,59;28,04;99,89;0,00;0,00;4,89
2018.0;3.0;2018-03-01;BRASPINE;SANTA FELICIDADE;;;;;228,01;22,41;89,32;17,39;48,37;30,80;100,00;0,00;0,00;3,31
2018.0;3.0;2018-03-01;BRASPINE;SANTA LIDIA DO CERCADINHO;;;;;265,08;21,39;83,53;16,36;54,39;28,77;99,57;0,00;0,00;0,90
2018.0;3.0;2018-03-01;BRASPINE;SANTO ANTONIO;;;;;206,53;21,06;87,48;16,05;46,06;28,31;100,00;0,00;0,00;1,79
2018.0;3.0;2018-03-01;BRASPINE;SAO JOSE;PR;JANDAIA DO SUL;37,56;37,56;280,78;24,08;83,37;19,14;53,90;31,20;99,92;0,00;0,00;0,32
2018.0;3.0;2018-03-01;BRASPINE;SAO MATHEUS;;;;;312,72;25,29;82,95;19,90;51,54;32,86;99,87;0,00;0,00;0,90
2018.0;3.0;2018-03-01;BRASPINE;SAO PEDRO E SAO PAULO;PR;SAPOPEMA;709,13;323,93;212,56;22,45;84,06;17,26;53,81;29,67;99,67;0,00;0,00;2,07
2018.0;3.0;2018-03-01;BRASPINE;SAO RAFAEL;;;;;261,04;21,00;86,57;15,68;54,99;29,37;99,76;0,00;0,00;10,62
2018.0;3.0;2018-03-01;BRASPINE;SAO RAFAEL - PB;;;;;201,82;21,38;89,70;16,49;49,32;29,21;100,00;0,00;0,00;1,78
2018.0;3.0;2018-03-01;BRASPINE;SERRARIA;PR;DOUTOR ULYSSES;280,88;117,71;210,21;21,07;89,50;16,15;48,64;28,76;100,00;0,00;0,00;4,84
2018.0;3.0;2018-03-01;BRASPINE;SERRO VERDE;;;;;298,98;20,66;87,97;15,61;50,99;27,88;99,93;0,00;0,00;1,08
2018.0;3.0;2018-03-01;BRASPINE;SERTAOZINHO;PR;DOUTOR ULYSSES;16,25;16,25;169,03;21,19;89,27;16,25;48,55;28,69;100,00;0,00;0,00;0,30
2018.0;3.0;2018-03-01;BRASPINE;SITIO BASILIO;PR;JAGUARIAIVA;8,08;8,08;190,37;21,18;85,61;16,05;51,73;28,43;99,76;0,00;0,00;0,22
2018.0;3.0;2018-03-01;BRASPINE;SITIO DAS MARRECAS;PR;DOUTOR ULYSSES;77,49;35,17;259,95;21,82;89,51;16,80;48,40;29,82;100,00;0,00;0,00;0,99
2018.0;3.0;2018-03-01;BRASPINE;SOBRADINHO;SP;BOM SUCESSO DE ITARARE;285,80;123,10;197,81;20,98;88,32;15,82;47,26;28,37;100,00;0,00;0,00;12,06
2018.0;3.0;2018-03-01;BRASPINE;TAQUARAL;PR;JAGUARIAIVA;519,13;31,07;204,22;21,30;87,14;16,13;50,24;28,25;100,00;0,00;0,00;3,77
2018.0;3.0;2018-03-01;BRASPINE;TUCUNDUVA;PR;SENGES;82,21;60,89;233,35;21,86;83,28;16,77;46,73;29,07;99,48;0,00;0,00;0,08
2018.0;3.0;2018-03-01;BRASPINE;TUCUNDUVA - CHAMMA;;;;;213,27;21,86;83,67;16,79;45,54;28,88;99,45;0,00;0,00;18,37
2018.0;3.0;2018-03-01;BRASPINE;VIENA 1;PR;DOUTOR ULYSSES;263,98;178,34;238,95;20,82;88,82;15,83;50,93;28,20;100,00;0,00;0,00;0,71
2018.0;3.0;2018-03-01;BRASPINE;VIENA 2;PR;CERRO AZUL;140,23;96,54;297,72;22,12;88,61;16,91;49,58;30,00;99,98;0,00;0,00;1,51
2018.0;3.0;2018-03-01;BRASPINE;VITORIA;PR;SENGES;50,54;35,69;189,47;21,00;87,14;16,01;46,38;28,11;99,79;0,00;0,00;0,90
2018.0;3.0;2018-03-01;BRASPINE;VIVEIRO;PR;DOUTOR ULYSSES;405,39;261,22;199,22;21,19;89,27;16,25;48,55;28,69;100,00;0,00;0,00;0,30
2018.0;3.0;2018-03-01;BRASPINE;VO LINO;PR;DOUTOR ULYSSES;164,50;97,89;219,42;21,31;89,59;16,38;48,50;29,14;100,00;0,00;0,00;3,31
2018.0;3.0;2018-03-01;BRASPINE;XAXIM VELHO;;;;;327,72;20,07;88,85;14,95;52,77;27,54;100,00;14,95;0,00;3,32
2018.0;4.0;2018-04-01;BRASPINE;AGUA DOCE;PR;JAGUARIAIVA;238,97;121,99;0,76;19,03;77,91;12,32;42,12;26,41;99,75;193,76;0,00;3,13
2018.0;4.0;2018-04-01;BRASPINE;AMATA;;;;;11,17;20,38;80,29;12,82;39,41;29,04;99,92;54,33;0,00;1,48
2018.0;4.0;2018-04-01;BRASPINE;ANTA BRAVA;;;;;31,05;21,66;75,56;13,95;36,53;29,02;98,93;42,87;0,00;120,62
2018.0;4.0;2018-04-01;BRASPINE;ARAPONGAS;PR;SENGES;423,34;263,70;10,35;18,92;81,84;11,81;41,21;26,85;100,00;165,37;0,00;6,81
2018.0;4.0;2018-04-01;BRASPINE;ARROIO CLARO;PR;DOUTOR ULYSSES;275,14;92,00;8,97;18,99;82,43;11,86;40,80;27,16;100,00;150,33;0,00;1,81
2018.0;4.0;2018-04-01;BRASPINE;BARRA GRANDE;PR;DOUTOR ULYSSES;493,79;139,68;12,77;19,45;82,58;12,30;41,54;27,63;100,00;140,51;0,00;1,01
2018.0;4.0;2018-04-01;BRASPINE;BARRA GRANDE - BEMAIS;PR;GUARAPUAVA;299,16;108,61;12,20;18,25;77,70;12,13;40,71;26,00;99,63;362,77;0,00;127,88
2018.0;4.0;2018-04-01;BRASPINE;BARRETOS;PR;JAGUARIAIVA;43,35;32,98;5,85;19,12;79,88;13,01;40,24;26,99;99,87;154,61;0,00;11,17
2018.0;4.0;2018-04-01;BRASPINE;BAU;;;;;20,25;18,52;76,50;11,89;43,18;25,70;99,65;342,80;0,00;0,99
2018.0;4.0;2018-04-01;BRASPINE;BOA VISTA II;PR;PIRAI DO SUL;944,00;535,05;0,00;19,13;78,89;12,84;41,22;26,82;99,92;196,38;0,00;9,25
2018.0;4.0;2018-04-01;BRASPINE;BRASILEIRA;;;;;15,64;18,92;81,84;11,81;41,21;26,85;100,00;165,37;0,00;6,81
2018.0;4.0;2018-04-01;BRASPINE;BURACAO;;;;;16,18;18,86;79,33;11,51;39,61;27,03;99,95;220,29;0,00;1,96
2018.0;4.0;2018-04-01;BRASPINE;BURRINHO;PR;DOUTOR ULYSSES;211,01;100,37;8,35;18,99;82,43;11,86;40,80;27,16;100,00;150,33;0,00;1,81
2018.0;4.0;2018-04-01;BRASPINE;CADEADO I;PR;JAGUARIAIVA;21,07;12,29;6,19;18,79;80,91;12,04;40,75;26,63;99,97;193,12;0,00;11,61
2018.0;4.0;2018-04-01;BRASPINE;CADEADO II;PR;JAGUARIAIVA;21,88;16,79;6,19;18,79;80,91;12,04;40,75;26,63;99,97;193,12;0,00;11,61
2018.0;4.0;2018-04-01;BRASPINE;CAMPINA ALTA;PR;TIBAGI;29,77;18,24;0,00;19,85;74,89;11,78;40,52;27,64;99,50;269,98;0,00;6,67
2018.0;4.0;2018-04-01;BRASPINE;CAMPINA DO ELIAS;PR;JAGUARIAIVA;29,17;14,65;0,00;19,00;80,25;12,66;40,43;26,86;99,91;182,49;0,00;11,34
2018.0;4.0;2018-04-01;BRASPINE;CAMPO NOVO;PR;JAGUARIAIVA;295,98;156,36;12,08;18,79;80,91;12,04;40,75;26,63;99,97;193,12;0,00;11,61
2018.0;4.0;2018-04-01;BRASPINE;CONSULTORIA II A;PR;DOUTOR ULYSSES;89,62;60,79;11,27;18,92;81,84;11,81;41,21;26,85;100,00;165,37;0,00;6,81
2018.0;4.0;2018-04-01;BRASPINE;DINIZ;;;;;15,60;18,92;81,84;11,81;41,21;26,85;100,00;165,37;0,00;6,81
2018.0;4.0;2018-04-01;BRASPINE;ENES;PR;JAGUARIAIVA;5,93;5,69;12,34;18,79;80,91;12,04;40,75;26,63;99,97;193,12;0,00;11,61
2018.0;4.0;2018-04-01;BRASPINE;ENGENHARIA;;;;;15,60;18,92;81,84;11,81;41,21;26,85;100,00;165,37;0,00;6,81
2018.0;4.0;2018-04-01;BRASPINE;ESTACAO;PR;SENGES;4,76;4,14;9,37;18,79;80,91;12,04;40,75;26,63;99,97;193,12;0,00;11,61
2018.0;4.0;2018-04-01;BRASPINE;FAXINAL;PR;JAGUARIAIVA;20,65;20,65;12,34;18,79;80,91;12,04;40,75;26,63;99,97;193,12;0,00;11,61
2018.0;4.0;2018-04-01;BRASPINE;FEITAL;PR;DOUTOR ULYSSES;154,17;86,53;11,65;19,10;82,09;11,98;41,32;27,11;100,00;152,25;0,00;4,86
2018.0;4.0;2018-04-01;BRASPINE;FIGUEIRA;PR;DOUTOR ULYSSES;1053,81;315,71;7,88;18,99;82,43;11,86;40,80;27,16;100,00;150,33;0,00;1,81
2018.0;4.0;2018-04-01;BRASPINE;FIGUEIRINHA;PR;DOUTOR ULYSSES;94,37;56,74;0,00;18,99;82,43;11,86;40,80;27,16;100,00;150,33;0,00;1,81
2018.0;4.0;2018-04-01;BRASPINE;FLOEMA;PR;DOUTOR ULYSSES;2189,88;701,43;12,39;18,46;81,64;11,06;40,35;26,47;99,77;203,75;0,00;1,09
2018.0;4.0;2018-04-01;BRASPINE;FLOEMA I - SUDATI;;;;;9,78;18,92;81,84;11,81;41,21;26,85;100,00;165,37;0,00;6,81
2018.0;4.0;2018-04-01;BRASPINE;FLOEMA II - SUDATI;PR;DOUTOR ULYSSES;453,83;211,13;10,13;18,92;81,84;11,81;41,21;26,85;100,00;165,37;0,00;6,81
2018.0;4.0;2018-04-01;BRASPINE;FLOR DA SERRA;PR;SAO JOSE DA BOA VISTA;209,10;128,72;0,00;21,00;70,78;13,04;36,69;28,31;98,63;68,69;0,00;138,04
2018.0;4.0;2018-04-01;BRASPINE;GENTIL;PR;JAGUARIAIVA;126,77;53,33;0,00;18,73;77,42;12,21;41,40;26,09;99,73;218,69;0,00;0,07
2018.0;4.0;2018-04-01;BRASPINE;GUAIRACA;PR;GUARAPUAVA;623,62;169,31;11,88;18,43;77,54;11,96;40,62;26,34;99,57;348,83;0,00;126,32
2018.0;4.0;2018-04-01;BRASPINE;HERVAL 2 - MADALOSSO;;;;;16,67;18,86;79,33;11,51;39,61;27,03;99,95;220,29;0,00;1,96
2018.0;4.0;2018-04-01;BRASPINE;HERVAL DE BAIXO;PR;RESERVA;827,29;475,92;8,36;19,73;75,37;11,78;40,38;27,60;99,45;280,27;0,00;0,57
2018.0;4.0;2018-04-01;BRASPINE;HORTO 01;PR;TURVO;19,12;19,12;0,00;18,89;78,32;12,05;43,98;26,63;99,76;334,94;0,00;126,38
2018.0;4.0;2018-04-01;BRASPINE;HORTO 02;PR;TURVO;4,24;4,24;0,00;18,89;78,32;12,05;43,98;26,63;99,76;334,94;0,00;126,38
2018.0;4.0;2018-04-01;BRASPINE;HORTO 03;PR;PRUDENTOPOLIS;80,91;25,89;0,00;19,45;77,76;12,18;42,88;27,29;99,73;290,61;0,00;126,01
2018.0;4.0;2018-04-01;BRASPINE;HORTO 08;PR;TURVO;9,53;9,53;0,00;19,45;77,76;12,18;42,88;27,29;99,73;290,61;0,00;126,01
2018.0;4.0;2018-04-01;BRASPINE;HORTO 12;PR;PRUDENTOPOLIS;12,20;12,20;0,00;19,45;77,76;12,18;42,88;27,29;99,73;290,61;0,00;126,01
2018.0;4.0;2018-04-01;BRASPINE;IZAU;PR;PIRAI DO SUL;19,37;11,60;0,00;18,85;77,95;12,74;39,96;26,42;99,76;193,22;0,00;4,27
2018.0;4.0;2018-04-01;BRASPINE;JOAO RICO;PR;JAGUARIAIVA;47,46;26,18;1,14;19,03;77,91;12,32;42,12;26,41;99,75;193,76;0,00;3,13
2018.0;4.0;2018-04-01;BRASPINE;LAGOA;PR;JAGUARIAIVA;24,10;10,78;2,62;18,79;80,91;12,04;40,75;26,63;99,97;193,12;0,00;11,61
2018.0;4.0;2018-04-01;BRASPINE;MARACANA;PR;JANDAIA DO SUL;11,45;11,45;0,00;22,03;67,56;15,05;34,99;29,43;99,41;0,00;0,00;0,15
2018.0;4.0;2018-04-01;BRASPINE;MARRECA;;;;;0,00;18,99;82,43;11,86;40,80;27,16;100,00;150,33;0,00;1,81
2018.0;4.0;2018-04-01;BRASPINE;MARRECA SP;SP;ITAPIRAPUA PAULISTA;675,30;236,19;14,88;19,74;83,00;12,18;41,37;28,19;100,00;109,72;0,00;0,85
2018.0;4.0;2018-04-01;BRASPINE;MARRECAS;;;;;11,19;17,72;77,94;11,79;40,71;25,41;99,87;363,39;0,00;1,25
2018.0;4.0;2018-04-01;BRASPINE;MERCADINHO;;;;;0,00;19,61;81,41;12,03;39,53;28,08;99,99;125,02;0,00;0,15
2018.0;4.0;2018-04-01;BRASPINE;MONTE ALEGRE;;;;;2,40;22,48;67,22;15,68;34,94;29,92;98,44;0,00;0,00;0,05
2018.0;4.0;2018-04-01;BRASPINE;MONTE TABOR II;;;;;22,12;18,94;85,06;11,20;46,88;26,55;99,85;104,62;0,00;5,59
2018.0;4.0;2018-04-01;BRASPINE;MOREIRA;PR;DOUTOR ULYSSES;230,52;68,68;10,13;18,92;81,84;11,81;41,21;26,85;100,00;165,37;0,00;6,81
2018.0;4.0;2018-04-01;BRASPINE;MOREIRAS II;PR;DOUTOR ULYSSES;66,76;28,75;11,44;18,92;81,84;11,81;41,21;26,85;100,00;165,37;0,00;6,81
2018.0;4.0;2018-04-01;BRASPINE;MORRETES;PR;ORTIGUEIRA;20,36;20,36;0,00;20,21;75,26;12,49;39,25;28,31;99,39;272,85;0,00;3,19
2018.0;4.0;2018-04-01;BRASPINE;MORRO AZUL;;;;;0,00;19,27;82,57;11,97;41,45;27,32;99,75;153,91;0,00;123,18
2018.0;4.0;2018-04-01;BRASPINE;OURO FINO;SP;APIAI;51,70;51,70;13,17;18,89;84,25;11,60;43,62;26,71;99,77;150,47;0,00;124,47
2018.0;4.0;2018-04-01;BRASPINE;PALMEIRINHA DE BAIXO - SOSSEGO;PR;SENGES;85,93;9,22;11,00;18,72;79,42;11,53;40,76;26,08;99,40;205,77;0,00;126,28
2018.0;4.0;2018-04-01;BRASPINE;PAZIN;PR;DOUTOR ULYSSES;41,20;23,90;6,36;18,99;82,43;11,86;40,80;27,16;100,00;150,33;0,00;1,81
2018.0;4.0;2018-04-01;BRASPINE;PEDRAS;PR;CASTRO;7,18;7,18;0,00;18,80;78,90;12,31;42,69;26,33;99,88;221,17;0,00;0,10
2018.0;4.0;2018-04-01;BRASPINE;PESCARIA;PR;SAO JOSE DA BOA VISTA;184,57;129,22;0,00;21,34;69,99;13,37;34,68;28,73;98,72;55,20;0,00;135,61
2018.0;4.0;2018-04-01;BRASPINE;PESSEGUEIRO;PR;DOUTOR ULYSSES;109,95;64,79;8,66;18,92;81,84;11,81;41,21;26,85;100,00;165,37;0,00;6,81
2018.0;4.0;2018-04-01;BRASPINE;PITANGA;;;;;0,33;19,22;75,62;12,10;43,43;26,44;99,77;234,87;0,00;0,15
2018.0;4.0;2018-04-01;BRASPINE;QUEIMADINHO ARROIO CLARO;PR;DOUTOR ULYSSES;48,13;19,09;15,64;18,92;81,84;11,81;41,21;26,85;100,00;165,37;0,00;6,81
2018.0;4.0;2018-04-01;BRASPINE;QUEIMADINHO M6042;PR;DOUTOR ULYSSES;48,38;18,50;15,64;18,92;81,84;11,81;41,21;26,85;100,00;165,37;0,00;6,81
2018.0;4.0;2018-04-01;BRASPINE;QUEIMADINHO USUCAPIAO;PR;DOUTOR ULYSSES;200,27;92,43;15,64;18,92;81,84;11,81;41,21;26,85;100,00;165,37;0,00;6,81
2018.0;4.0;2018-04-01;BRASPINE;RAMOS;PR;SENGES;69,83;38,15;9,78;18,79;80,91;12,04;40,75;26,63;99,97;193,12;0,00;11,61
2018.0;4.0;2018-04-01;BRASPINE;RIBEIRAO GRANDE;PR;JAGUARIAIVA;20,77;20,77;0,88;18,85;77,95;12,74;39,96;26,42;99,76;193,22;0,00;4,27
2018.0;4.0;2018-04-01;BRASPINE;RINCAO DE BAIXO;;;;;0,00;19,36;72,85;12,01;37,60;27,04;99,43;273,33;0,00;4,57
2018.0;4.0;2018-04-01;BRASPINE;RIO BOMBA;PR;CERRO AZUL;65,03;37,72;0,00;19,88;79,94;11,87;38,44;28,55;99,93;110,42;0,00;1,19
2018.0;4.0;2018-04-01;BRASPINE;RIO DO MEIO;PR;DOUTOR ULYSSES;712,33;389,13;12,56;18,92;81,84;11,81;41,21;26,85;100,00;165,37;0,00;6,81
2018.0;4.0;2018-04-01;BRASPINE;RONDON;PR;JAGUARIAIVA;2899,24;1475,88;0,00;18,73;79,67;11,79;42,51;26,09;99,66;206,27;0,00;127,69
2018.0;4.0;2018-04-01;BRASPINE;SANTA FELICIDADE;;;;;12,10;20,11;83,62;12,00;42,23;28,69;100,00;95,80;0,00;0,97
2018.0;4.0;2018-04-01;BRASPINE;SANTA LIDIA DO CERCADINHO;;;;;0,00;18,98;73,10;11,58;37,81;26,49;99,63;299,44;0,00;0,45
2018.0;4.0;2018-04-01;BRASPINE;SANTO ANTONIO;;;;;9,47;18,75;80,16;11,24;40,21;26,30;99,44;205,71;0,00;124,76
2018.0;4.0;2018-04-01;BRASPINE;SAO JOSE;PR;JANDAIA DO SUL;37,56;37,56;2,40;22,32;67,31;15,53;35,19;29,71;98,42;0,00;0,00;0,47
2018.0;4.0;2018-04-01;BRASPINE;SAO MATHEUS;;;;;0,00;23,46;68,10;15,80;35,21;31,23;97,65;0,00;0,00;3,43
2018.0;4.0;2018-04-01;BRASPINE;SAO PEDRO E SAO PAULO;PR;SAPOPEMA;709,13;323,93;0,00;19,96;72,32;13,18;38,04;27,13;99,39;212,09;0,00;129,05
2018.0;4.0;2018-04-01;BRASPINE;SAO RAFAEL;;;;;16,86;18,93;78,52;12,04;41,25;26,93;99,56;178,89;0,00;0,86
2018.0;4.0;2018-04-01;BRASPINE;SAO RAFAEL - PB;;;;;18,36;19,06;83,78;11,77;42,82;26,97;99,68;152,11;0,00;124,05
2018.0;4.0;2018-04-01;BRASPINE;SERRARIA;PR;DOUTOR ULYSSES;280,88;117,71;9,24;18,72;82,04;11,46;40,58;26,81;99,72;162,44;0,00;1,44
2018.0;4.0;2018-04-01;BRASPINE;SERRO VERDE;;;;;21,22;18,82;75,65;11,65;43,08;26,05;99,92;260,11;0,00;0,12
2018.0;4.0;2018-04-01;BRASPINE;SERTAOZINHO;PR;DOUTOR ULYSSES;16,25;16,25;14,82;18,92;81,84;11,81;41,21;26,85;100,00;165,37;0,00;6,81
2018.0;4.0;2018-04-01;BRASPINE;SITIO BASILIO;PR;JAGUARIAIVA;8,08;8,08;0,00;18,78;77,38;11,96;42,05;26,07;99,74;218,69;0,00;3,47
2018.0;4.0;2018-04-01;BRASPINE;SITIO DAS MARRECAS;PR;DOUTOR ULYSSES;77,49;35,17;2,98;19,52;82,84;12,20;41,21;27,89;100,00;123,65;0,00;0,57
2018.0;4.0;2018-04-01;BRASPINE;SOBRADINHO;SP;BOM SUCESSO DE ITARARE;285,80;123,10;10,67;18,64;81,65;11,12;41,31;26,31;99,50;174,71;0,00;123,50
2018.0;4.0;2018-04-01;BRASPINE;TAQUARAL;PR;JAGUARIAIVA;519,13;31,07;7,08;19,00;79,09;12,43;42,81;26,40;99,78;194,86;0,00;1,13
2018.0;4.0;2018-04-01;BRASPINE;TUCUNDUVA;PR;SENGES;82,21;60,89;0,00;19,51;74,66;11,66;38,64;26,73;98,93;134,59;0,00;129,50
2018.0;4.0;2018-04-01;BRASPINE;TUCUNDUVA - CHAMMA;;;;;10,23;19,58;75,20;12,05;38,70;26,79;99,23;122,50;0,00;128,78
2018.0;4.0;2018-04-01;BRASPINE;VIENA 1;PR;DOUTOR ULYSSES;263,98;178,34;7,09;18,46;80,89;11,35;41,23;26,27;99,80;232,86;0,00;0,04
2018.0;4.0;2018-04-01;BRASPINE;VIENA 2;PR;CERRO AZUL;140,23;96,54;0,00;19,88;79,94;11,87;38,44;28,55;99,93;110,42;0,00;1,19
2018.0;4.0;2018-04-01;BRASPINE;VITORIA;PR;SENGES;50,54;35,69;11,00;18,72;79,42;11,53;40,76;26,08;99,40;205,77;0,00;126,28
2018.0;4.0;2018-04-01;BRASPINE;VIVEIRO;PR;DOUTOR ULYSSES;405,39;261,22;11,44;18,92;81,84;11,81;41,21;26,85;100,00;165,37;0,00;6,81
2018.0;4.0;2018-04-01;BRASPINE;VO LINO;PR;DOUTOR ULYSSES;164,50;97,89;2,99;18,99;82,43;11,86;40,80;27,16;100,00;150,33;0,00;1,81
2018.0;4.0;2018-04-01;BRASPINE;XAXIM VELHO;;;;;1,07;18,02;77,84;11,48;41,53;25,82;99,39;341,48;0,00;0,87
2018.0;5.0;2018-05-01;BRASPINE;AGUA DOCE;PR;JAGUARIAIVA;238,97;121,99;33,16;16,55;77,07;3,31;35,50;26,15;99,57;275,61;3,31;0,94
2018.0;5.0;2018-05-01;BRASPINE;AMATA;;;;;29,40;18,09;78,19;5,39;33,27;28,88;99,78;172,67;0,00;19,67
2018.0;5.0;2018-05-01;BRASPINE;ANTA BRAVA;;;;;23,78;19,60;72,23;7,95;32,97;29,47;97,80;162,88;0,00;0,66
2018.0;5.0;2018-05-01;BRASPINE;ARAPONGAS;PR;SENGES;423,34;263,70;35,30;16,62;80,27;4,66;33,80;26,87;100,00;252,84;4,66;7,68
2018.0;5.0;2018-05-01;BRASPINE;ARROIO CLARO;PR;DOUTOR ULYSSES;275,14;92,00;33,28;16,74;80,66;5,40;33,71;27,13;100,00;257,32;0,00;0,08
2018.0;5.0;2018-05-01;BRASPINE;BARRA GRANDE;PR;DOUTOR ULYSSES;493,79;139,68;35,45;17,13;80,89;4,95;35,26;27,70;100,00;203,63;4,95;4,96
2018.0;5.0;2018-05-01;BRASPINE;BARRA GRANDE - BEMAIS;PR;GUARAPUAVA;299,16;108,61;34,06;15,37;78,42;2,41;34,95;25,58;99,96;327,28;7,00;1,40
2018.0;5.0;2018-05-01;BRASPINE;BARRETOS;PR;JAGUARIAIVA;43,35;32,98;38,07;16,68;78,88;4,35;32,39;26,93;99,98;267,46;4,35;0,68
2018.0;5.0;2018-05-01;BRASPINE;BAU;;;;;66,66;15,62;76,93;2,31;36,51;25,48;99,85;300,15;6,42;2,51
2018.0;5.0;2018-05-01;BRASPINE;BOA VISTA II;PR;PIRAI DO SUL;944,00;535,05;36,88;16,62;78,23;3,50;33,87;26,64;99,91;264,87;3,50;2,33
2018.0;5.0;2018-05-01;BRASPINE;BRASILEIRA;;;;;36,62;16,62;80,27;4,66;33,80;26,87;100,00;252,84;4,66;7,68
2018.0;5.0;2018-05-01;BRASPINE;BURACAO;;;;;31,73;16,49;78,29;3,96;34,62;26,61;99,78;246,19;3,96;4,30
2018.0;5.0;2018-05-01;BRASPINE;BURRINHO;PR;DOUTOR ULYSSES;211,01;100,37;33,58;16,74;80,66;5,40;33,71;27,13;100,00;257,32;0,00;0,08
2018.0;5.0;2018-05-01;BRASPINE;CADEADO I;PR;JAGUARIAIVA;21,07;12,29;36,71;16,45;79,52;4,58;32,41;26,63;100,00;292,04;4,58;0,75
2018.0;5.0;2018-05-01;BRASPINE;CADEADO II;PR;JAGUARIAIVA;21,88;16,79;36,71;16,45;79,52;4,58;32,41;26,63;100,00;292,04;4,58;0,75
2018.0;5.0;2018-05-01;BRASPINE;CAMPINA ALTA;PR;TIBAGI;29,77;18,24;42,93;17,04;75,37;3,36;31,65;27,89;99,86;238,68;3,36;3,19
2018.0;5.0;2018-05-01;BRASPINE;CAMPINA DO ELIAS;PR;JAGUARIAIVA;29,17;14,65;36,82;16,60;79,11;4,43;32,40;26,82;99,98;280,64;4,43;0,06
2018.0;5.0;2018-05-01;BRASPINE;CAMPO NOVO;PR;JAGUARIAIVA;295,98;156,36;36,04;16,45;79,52;4,58;32,41;26,63;100,00;292,04;4,58;0,75
2018.0;5.0;2018-05-01;BRASPINE;CONSULTORIA II A;PR;DOUTOR ULYSSES;89,62;60,79;37,49;16,62;80,27;4,66;33,80;26,87;100,00;252,84;4,66;7,68
2018.0;5.0;2018-05-01;BRASPINE;DINIZ;;;;;35,83;16,62;80,27;4,66;33,80;26,87;100,00;252,84;4,66;7,68
2018.0;5.0;2018-05-01;BRASPINE;ENES;PR;JAGUARIAIVA;5,93;5,69;36,14;16,45;79,52;4,58;32,41;26,63;100,00;292,04;4,58;0,75
2018.0;5.0;2018-05-01;BRASPINE;ENGENHARIA;;;;;35,83;16,62;80,27;4,66;33,80;26,87;100,00;252,84;4,66;7,68
2018.0;5.0;2018-05-01;BRASPINE;ESTACAO;PR;SENGES;4,76;4,14;35,07;16,45;79,52;4,58;32,41;26,63;100,00;292,04;4,58;0,75
2018.0;5.0;2018-05-01;BRASPINE;FAXINAL;PR;JAGUARIAIVA;20,65;20,65;36,14;16,45;79,52;4,58;32,41;26,63;100,00;292,04;4,58;0,75
2018.0;5.0;2018-05-01;BRASPINE;FEITAL;PR;DOUTOR ULYSSES;154,17;86,53;36,72;16,79;80,47;4,76;34,29;27,15;100,00;256,63;4,76;6,69
2018.0;5.0;2018-05-01;BRASPINE;FIGUEIRA;PR;DOUTOR ULYSSES;1053,81;315,71;36,79;16,74;80,66;5,40;33,71;27,13;100,00;257,32;0,00;0,08
2018.0;5.0;2018-05-01;BRASPINE;FIGUEIRINHA;PR;DOUTOR ULYSSES;94,37;56,74;36,60;16,74;80,66;5,40;33,71;27,13;100,00;257,32;0,00;0,08
2018.0;5.0;2018-05-01;BRASPINE;FLOEMA;PR;DOUTOR ULYSSES;2189,88;701,43;38,46;16,25;79,87;4,41;31,62;26,43;100,00;289,88;4,41;0,56
2018.0;5.0;2018-05-01;BRASPINE;FLOEMA I - SUDATI;;;;;34,84;16,62;80,27;4,66;33,80;26,87;100,00;252,84;4,66;7,68
2018.0;5.0;2018-05-01;BRASPINE;FLOEMA II - SUDATI;PR;DOUTOR ULYSSES;453,83;211,13;36,71;16,62;80,27;4,66;33,80;26,87;100,00;252,84;4,66;7,68
2018.0;5.0;2018-05-01;BRASPINE;FLOR DA SERRA;PR;SAO JOSE DA BOA VISTA;209,10;128,72;25,91;18,55;70,15;4,92;33,49;28,35;98,12;213,82;4,92;59,14
2018.0;5.0;2018-05-01;BRASPINE;GENTIL;PR;JAGUARIAIVA;126,77;53,33;34,27;16,26;76,85;3,22;35,56;25,74;99,31;284,36;3,22;0,05
2018.0;5.0;2018-05-01;BRASPINE;GUAIRACA;PR;GUARAPUAVA;623,62;169,31;32,23;15,55;78,01;1,98;36,56;25,88;99,88;267,84;6,27;5,11
2018.0;5.0;2018-05-01;BRASPINE;HERVAL 2 - MADALOSSO;;;;;32,36;16,49;78,29;3,96;34,62;26,61;99,78;246,19;3,96;4,30
2018.0;5.0;2018-05-01;BRASPINE;HERVAL DE BAIXO;PR;RESERVA;827,29;475,92;63,03;16,87;76,01;3,21;31,52;27,83;99,80;301,83;3,21;0,52
2018.0;5.0;2018-05-01;BRASPINE;HORTO 01;PR;TURVO;19,12;19,12;46,02;15,92;78,83;2,51;36,14;26,29;99,10;316,99;6,04;0,09
2018.0;5.0;2018-05-01;BRASPINE;HORTO 02;PR;TURVO;4,24;4,24;46,62;15,92;78,83;2,51;36,14;26,29;99,10;316,99;6,04;0,09
2018.0;5.0;2018-05-01;BRASPINE;HORTO 03;PR;PRUDENTOPOLIS;80,91;25,89;44,68;16,44;78,31;2,62;34,96;26,95;99,51;254,67;6,13;23,39
2018.0;5.0;2018-05-01;BRASPINE;HORTO 08;PR;TURVO;9,53;9,53;44,32;16,44;78,31;2,62;34,96;26,95;99,51;254,67;6,13;23,39
2018.0;5.0;2018-05-01;BRASPINE;HORTO 12;PR;PRUDENTOPOLIS;12,20;12,20;44,95;16,44;78,31;2,62;34,96;26,95;99,51;254,67;6,13;23,39
2018.0;5.0;2018-05-01;BRASPINE;IZAU;PR;PIRAI DO SUL;19,37;11,60;35,86;16,33;77,68;3,74;33,66;26,16;99,45;274,08;3,74;0,77
2018.0;5.0;2018-05-01;BRASPINE;JOAO RICO;PR;JAGUARIAIVA;47,46;26,18;33,97;16,55;77,07;3,31;35,50;26,15;99,57;275,61;3,31;0,94
2018.0;5.0;2018-05-01;BRASPINE;LAGOA;PR;JAGUARIAIVA;24,10;10,78;36,12;16,45;79,52;4,58;32,41;26,63;100,00;292,04;4,58;0,75
2018.0;5.0;2018-05-01;BRASPINE;MARACANA;PR;JANDAIA DO SUL;11,45;11,45;35,33;19,53;65,44;6,00;27,48;30,16;99,97;139,24;0,00;9,88
2018.0;5.0;2018-05-01;BRASPINE;MARRECA;;;;;38,02;16,74;80,66;5,40;33,71;27,13;100,00;257,32;0,00;0,08
2018.0;5.0;2018-05-01;BRASPINE;MARRECA SP;SP;ITAPIRAPUA PAULISTA;675,30;236,19;34,47;17,47;81,19;5,20;36,04;28,23;99,99;207,86;0,00;0,87
2018.0;5.0;2018-05-01;BRASPINE;MARRECAS;;;;;31,61;14,90;78,68;1,79;35,81;24,99;100,00;314,90;6,17;7,60
2018.0;5.0;2018-05-01;BRASPINE;MERCADINHO;;;;;30,44;17,34;79,52;5,26;32,96;27,98;99,78;205,76;0,00;3,36
2018.0;5.0;2018-05-01;BRASPINE;MONTE ALEGRE;;;;;32,03;19,94;65,20;6,47;27,84;30,58;99,81;128,35;0,00;7,53
2018.0;5.0;2018-05-01;BRASPINE;MONTE TABOR II;;;;;34,71;16,74;83,06;4,45;38,72;26,54;99,78;214,21;9,13;345,75
2018.0;5.0;2018-05-01;BRASPINE;MOREIRA;PR;DOUTOR ULYSSES;230,52;68,68;36,71;16,62;80,27;4,66;33,80;26,87;100,00;252,84;4,66;7,68
2018.0;5.0;2018-05-01;BRASPINE;MOREIRAS II;PR;DOUTOR ULYSSES;66,76;28,75;37,60;16,62;80,27;4,66;33,80;26,87;100,00;252,84;4,66;7,68
2018.0;5.0;2018-05-01;BRASPINE;MORRETES;PR;ORTIGUEIRA;20,36;20,36;61,15;17,29;75,82;3,54;31,21;28,57;99,70;275,94;8,45;2,44
2018.0;5.0;2018-05-01;BRASPINE;MORRO AZUL;;;;;31,20;16,94;80,83;4,96;34,24;27,48;100,00;230,66;4,96;19,04
2018.0;5.0;2018-05-01;BRASPINE;OURO FINO;SP;APIAI;51,70;51,70;31,91;16,66;82,28;4,67;36,73;26,91;99,96;241,37;4,67;0,17
2018.0;5.0;2018-05-01;BRASPINE;PALMEIRINHA DE BAIXO - SOSSEGO;PR;SENGES;85,93;9,22;31,34;16,38;77,90;4,60;33,43;26,09;99,62;260,11;4,60;31,91
2018.0;5.0;2018-05-01;BRASPINE;PAZIN;PR;DOUTOR ULYSSES;41,20;23,90;37,83;16,74;80,66;5,40;33,71;27,13;100,00;257,32;0,00;0,08
2018.0;5.0;2018-05-01;BRASPINE;PEDRAS;PR;CASTRO;7,18;7,18;40,84;16,28;78,59;3,49;35,70;26,04;99,54;286,68;3,49;1,50
2018.0;5.0;2018-05-01;BRASPINE;PESCARIA;PR;SAO JOSE DA BOA VISTA;184,57;129,22;30,05;18,85;69,39;5,62;31,78;28,84;98,55;188,65;0,00;2,96
2018.0;5.0;2018-05-01;BRASPINE;PESSEGUEIRO;PR;DOUTOR ULYSSES;109,95;64,79;34,95;16,62;80,27;4,66;33,80;26,87;100,00;252,84;4,66;7,68
2018.0;5.0;2018-05-01;BRASPINE;PITANGA;;;;;55,57;16,29;76,12;3,04;35,60;26,34;99,63;287,01;6,90;0,59
2018.0;5.0;2018-05-01;BRASPINE;QUEIMADINHO ARROIO CLARO;PR;DOUTOR ULYSSES;48,13;19,09;36,62;16,62;80,27;4,66;33,80;26,87;100,00;252,84;4,66;7,68
2018.0;5.0;2018-05-01;BRASPINE;QUEIMADINHO M6042;PR;DOUTOR ULYSSES;48,38;18,50;36,62;16,62;80,27;4,66;33,80;26,87;100,00;252,84;4,66;7,68
2018.0;5.0;2018-05-01;BRASPINE;QUEIMADINHO USUCAPIAO;PR;DOUTOR ULYSSES;200,27;92,43;36,62;16,62;80,27;4,66;33,80;26,87;100,00;252,84;4,66;7,68
2018.0;5.0;2018-05-01;BRASPINE;RAMOS;PR;SENGES;69,83;38,15;34,84;16,45;79,52;4,58;32,41;26,63;100,00;292,04;4,58;0,75
2018.0;5.0;2018-05-01;BRASPINE;RIBEIRAO GRANDE;PR;JAGUARIAIVA;20,77;20,77;34,81;16,33;77,68;3,74;33,66;26,16;99,45;274,08;3,74;0,77
2018.0;5.0;2018-05-01;BRASPINE;RINCAO DE BAIXO;;;;;37,56;16,79;73,25;3,07;31,74;27,00;99,55;223,69;3,07;1,92
2018.0;5.0;2018-05-01;BRASPINE;RIO BOMBA;PR;CERRO AZUL;65,03;37,72;31,73;17,64;77,73;5,08;31,75;28,30;99,68;222,93;0,00;2,71
2018.0;5.0;2018-05-01;BRASPINE;RIO DO MEIO;PR;DOUTOR ULYSSES;712,33;389,13;37,34;16,62;80,27;4,66;33,80;26,87;100,00;252,84;4,66;7,68
2018.0;5.0;2018-05-01;BRASPINE;RONDON;PR;JAGUARIAIVA;2899,24;1475,88;33,28;16,36;78,30;4,03;34,48;26,01;99,76;273,24;4,03;3,33
2018.0;5.0;2018-05-01;BRASPINE;SANTA FELICIDADE;;;;;35,88;17,88;81,70;5,53;38,13;28,76;99,87;213,07;0,00;2,59
2018.0;5.0;2018-05-01;BRASPINE;SANTA LIDIA DO CERCADINHO;;;;;38,69;16,49;73,24;2,95;32,23;26,38;99,55;280,35;2,95;0,48
2018.0;5.0;2018-05-01;BRASPINE;SANTO ANTONIO;;;;;31,88;16,42;78,51;4,00;32,24;26,39;99,95;291,07;4,00;18,93
2018.0;5.0;2018-05-01;BRASPINE;SAO JOSE;PR;JANDAIA DO SUL;37,56;37,56;31,88;19,80;65,30;6,34;27,91;30,39;99,90;127,14;0,00;8,14
2018.0;5.0;2018-05-01;BRASPINE;SAO MATHEUS;;;;;41,31;20,73;66,45;7,49;30,64;31,60;99,19;102,41;0,00;4,40
2018.0;5.0;2018-05-01;BRASPINE;SAO PEDRO E SAO PAULO;PR;SAPOPEMA;709,13;323,93;37,55;17,57;71,52;5,00;29,62;27,76;99,11;195,66;0,00;3,53
2018.0;5.0;2018-05-01;BRASPINE;SAO RAFAEL;;;;;33,40;16,42;78,50;4,24;39,05;26,23;99,66;251,60;4,24;5,48
2018.0;5.0;2018-05-01;BRASPINE;SAO RAFAEL - PB;;;;;33,03;16,79;81,90;4,85;35,93;27,16;99,98;214,95;4,85;4,46
2018.0;5.0;2018-05-01;BRASPINE;SERRARIA;PR;DOUTOR ULYSSES;280,88;117,71;37,46;16,50;80,26;4,91;32,66;26,78;100,00;266,24;4,91;0,32
2018.0;5.0;2018-05-01;BRASPINE;SERRO VERDE;;;;;62,14;15,93;76,14;2,45;36,66;25,88;99,77;293,97;6,26;6,47
2018.0;5.0;2018-05-01;BRASPINE;SERTAOZINHO;PR;DOUTOR ULYSSES;16,25;16,25;36,04;16,62;80,27;4,66;33,80;26,87;100,00;252,84;4,66;7,68
2018.0;5.0;2018-05-01;BRASPINE;SITIO BASILIO;PR;JAGUARIAIVA;8,08;8,08;33,00;16,32;76,65;3,08;36,13;25,72;99,33;284,47;3,08;2,99
2018.0;5.0;2018-05-01;BRASPINE;SITIO DAS MARRECAS;PR;DOUTOR ULYSSES;77,49;35,17;38,86;17,26;81,04;5,26;35,37;27,92;100,00;220,16;0,00;1,16
2018.0;5.0;2018-05-01;BRASPINE;SOBRADINHO;SP;BOM SUCESSO DE ITARARE;285,80;123,10;32,25;16,36;79,74;3,92;32,42;26,47;99,99;262,09;3,92;5,99
2018.0;5.0;2018-05-01;BRASPINE;TAQUARAL;PR;JAGUARIAIVA;519,13;31,07;34,49;16,55;77,91;3,49;35,08;26,24;99,97;276,63;3,49;5,61
2018.0;5.0;2018-05-01;BRASPINE;TUCUNDUVA;PR;SENGES;82,21;60,89;35,40;17,14;73,35;3,66;33,82;26,60;98,58;221,78;3,66;22,01
2018.0;5.0;2018-05-01;BRASPINE;TUCUNDUVA - CHAMMA;;;;;33,89;17,23;73,74;4,69;33,50;26,74;98,57;211,14;4,69;22,15
2018.0;5.0;2018-05-01;BRASPINE;VIENA 1;PR;DOUTOR ULYSSES;263,98;178,34;36,45;16,18;79,46;3,82;32,81;26,16;99,98;284,88;8,32;0,57
2018.0;5.0;2018-05-01;BRASPINE;VIENA 2;PR;CERRO AZUL;140,23;96,54;31,71;17,64;77,73;5,08;31,75;28,30;99,68;222,93;0,00;2,71
2018.0;5.0;2018-05-01;BRASPINE;VITORIA;PR;SENGES;50,54;35,69;31,34;16,38;77,90;4,60;33,43;26,09;99,62;260,11;4,60;31,91
2018.0;5.0;2018-05-01;BRASPINE;VIVEIRO;PR;DOUTOR ULYSSES;405,39;261,22;37,60;16,62;80,27;4,66;33,80;26,87;100,00;252,84;4,66;7,68
2018.0;5.0;2018-05-01;BRASPINE;VO LINO;PR;DOUTOR ULYSSES;164,50;97,89;36,25;16,74;80,66;5,40;33,71;27,13;100,00;257,32;0,00;0,08
2018.0;5.0;2018-05-01;BRASPINE;XAXIM VELHO;;;;;28,98;15,12;78,96;1,63;38,40;25,30;100,00;290,28;9,78;0,93
2018.0;6.0;2018-06-01;BRASPINE;AGUA DOCE;PR;JAGUARIAIVA;238,97;121,99;71,14;15,37;81,98;4,44;34,86;24,46;99,79;286,81;4,44;49,88
2018.0;6.0;2018-06-01;BRASPINE;AMATA;;;;;80,68;16,23;86,31;5,00;41,66;27,12;99,99;308,87;0,00;6,34
2018.0;6.0;2018-06-01;BRASPINE;ANTA BRAVA;;;;;46,39;18,27;78,36;11,42;37,16;27,57;99,42;281,51;0,00;1,24
2018.0;6.0;2018-06-01;BRASPINE;ARAPONGAS;PR;SENGES;423,34;263,70;77,25;15,27;85,39;5,72;40,19;25,05;100,00;301,31;0,00;10,12
2018.0;6.0;2018-06-01;BRASPINE;ARROIO CLARO;PR;DOUTOR ULYSSES;275,14;92,00;72,44;15,34;86,11;6,25;41,60;25,46;100,00;306,42;0,00;1,06
2018.0;6.0;2018-06-01;BRASPINE;BARRA GRANDE;PR;DOUTOR ULYSSES;493,79;139,68;71,82;15,68;86,10;5,65;40,44;25,94;100,00;293,99;0,00;7,87
2018.0;6.0;2018-06-01;BRASPINE;BARRA GRANDE - BEMAIS;PR;GUARAPUAVA;299,16;108,61;110,81;13,55;87,57;1,73;41,52;22,79;100,00;300,92;11,07;5,55
2018.0;6.0;2018-06-01;BRASPINE;BARRETOS;PR;JAGUARIAIVA;43,35;32,98;77,30;15,36;83,95;4,67;38,27;24,83;99,96;285,35;4,67;8,05
2018.0;6.0;2018-06-01;BRASPINE;BAU;;;;;97,52;13,83;85,56;1,55;38,16;22,77;99,97;280,19;5,72;10,20
2018.0;6.0;2018-06-01;BRASPINE;BOA VISTA II;PR;PIRAI DO SUL;944,00;535,05;77,71;15,32;83,30;4,29;36,17;24,77;99,93;280,39;4,29;5,22
2018.0;6.0;2018-06-01;BRASPINE;BRASILEIRA;;;;;77,18;15,27;85,39;5,72;40,19;25,05;100,00;301,31;0,00;10,12
2018.0;6.0;2018-06-01;BRASPINE;BURACAO;;;;;86,97;14,98;84,31;4,48;38,46;24,94;99,93;276,56;4,48;8,45
2018.0;6.0;2018-06-01;BRASPINE;BURRINHO;PR;DOUTOR ULYSSES;211,01;100,37;72,39;15,34;86,11;6,25;41,60;25,46;100,00;306,42;0,00;1,06
2018.0;6.0;2018-06-01;BRASPINE;CADEADO I;PR;JAGUARIAIVA;21,07;12,29;70,62;15,14;84,49;4,92;39,73;24,66;100,00;293,11;4,92;11,08
2018.0;6.0;2018-06-01;BRASPINE;CADEADO II;PR;JAGUARIAIVA;21,88;16,79;70,62;15,14;84,49;4,92;39,73;24,66;100,00;293,11;4,92;11,08
2018.0;6.0;2018-06-01;BRASPINE;CAMPINA ALTA;PR;TIBAGI;29,77;18,24;86,06;15,38;85,82;5,10;44,38;25,29;99,99;301,93;0,00;11,12
2018.0;6.0;2018-06-01;BRASPINE;CAMPINA DO ELIAS;PR;JAGUARIAIVA;29,17;14,65;72,05;15,28;84,15;4,76;38,80;24,77;99,97;282,76;4,76;9,04
2018.0;6.0;2018-06-01;BRASPINE;CAMPO NOVO;PR;JAGUARIAIVA;295,98;156,36;77,17;15,14;84,49;4,92;39,73;24,66;100,00;293,11;4,92;11,08
2018.0;6.0;2018-06-01;BRASPINE;CONSULTORIA II A;PR;DOUTOR ULYSSES;89,62;60,79;74,05;15,27;85,39;5,72;40,19;25,05;100,00;301,31;0,00;10,12
2018.0;6.0;2018-06-01;BRASPINE;DINIZ;;;;;66,90;15,27;85,39;5,72;40,19;25,05;100,00;301,31;0,00;10,12
2018.0;6.0;2018-06-01;BRASPINE;ENES;PR;JAGUARIAIVA;5,93;5,69;77,15;15,14;84,49;4,92;39,73;24,66;100,00;293,11;4,92;11,08
2018.0;6.0;2018-06-01;BRASPINE;ENGENHARIA;;;;;66,90;15,27;85,39;5,72;40,19;25,05;100,00;301,31;0,00;10,12
2018.0;6.0;2018-06-01;BRASPINE;ESTACAO;PR;SENGES;4,76;4,14;74,52;15,14;84,49;4,92;39,73;24,66;100,00;293,11;4,92;11,08
2018.0;6.0;2018-06-01;BRASPINE;FAXINAL;PR;JAGUARIAIVA;20,65;20,65;77,15;15,14;84,49;4,92;39,73;24,66;100,00;293,11;4,92;11,08
2018.0;6.0;2018-06-01;BRASPINE;FEITAL;PR;DOUTOR ULYSSES;154,17;86,53;78,18;15,41;85,63;5,74;40,28;25,35;100,00;303,89;0,00;113,20
2018.0;6.0;2018-06-01;BRASPINE;FIGUEIRA;PR;DOUTOR ULYSSES;1053,81;315,71;76,39;15,34;86,11;6,25;41,60;25,46;100,00;306,42;0,00;1,06
2018.0;6.0;2018-06-01;BRASPINE;FIGUEIRINHA;PR;DOUTOR ULYSSES;94,37;56,74;73,94;15,34;86,11;6,25;41,60;25,46;100,00;306,42;0,00;1,06
2018.0;6.0;2018-06-01;BRASPINE;FLOEMA;PR;DOUTOR ULYSSES;2189,88;701,43;69,45;14,94;85,15;5,34;41,05;24,69;100,00;295,52;0,00;0,17
2018.0;6.0;2018-06-01;BRASPINE;FLOEMA I - SUDATI;;;;;75,70;15,27;85,39;5,72;40,19;25,05;100,00;301,31;0,00;10,12
2018.0;6.0;2018-06-01;BRASPINE;FLOEMA II - SUDATI;PR;DOUTOR ULYSSES;453,83;211,13;74,59;15,27;85,39;5,72;40,19;25,05;100,00;301,31;0,00;10,12
2018.0;6.0;2018-06-01;BRASPINE;FLOR DA SERRA;PR;SAO JOSE DA BOA VISTA;209,10;128,72;78,03;17,04;78,43;6,99;30,37;26,94;99,54;291,86;0,00;4,48
2018.0;6.0;2018-06-01;BRASPINE;GENTIL;PR;JAGUARIAIVA;126,77;53,33;72,74;15,08;82,05;3,99;34,13;24,08;99,80;281,58;3,99;51,59
2018.0;6.0;2018-06-01;BRASPINE;GUAIRACA;PR;GUARAPUAVA;623,62;169,31;117,55;13,60;87,48;0,77;42,38;23,06;100,00;282,36;4,93;61,05
2018.0;6.0;2018-06-01;BRASPINE;HERVAL 2 - MADALOSSO;;;;;88,66;14,98;84,31;4,48;38,46;24,94;99,93;276,56;4,48;8,45
2018.0;6.0;2018-06-01;BRASPINE;HERVAL DE BAIXO;PR;RESERVA;827,29;475,92;70,01;15,20;86,56;5,23;44,61;25,34;99,93;277,73;0,00;4,02
2018.0;6.0;2018-06-01;BRASPINE;HORTO 01;PR;TURVO;19,12;19,12;92,40;14,30;86,87;1,72;42,77;23,80;100,00;280,31;10,98;32,71
2018.0;6.0;2018-06-01;BRASPINE;HORTO 02;PR;TURVO;4,24;4,24;93,67;14,30;86,87;1,72;42,77;23,80;100,00;280,31;10,98;32,71
2018.0;6.0;2018-06-01;BRASPINE;HORTO 03;PR;PRUDENTOPOLIS;80,91;25,89;89,75;14,64;87,14;2,11;43,90;24,40;100,00;275,95;6,54;17,53
2018.0;6.0;2018-06-01;BRASPINE;HORTO 08;PR;TURVO;9,53;9,53;88,45;14,64;87,14;2,11;43,90;24,40;100,00;275,95;6,54;17,53
2018.0;6.0;2018-06-01;BRASPINE;HORTO 12;PR;PRUDENTOPOLIS;12,20;12,20;90,53;14,64;87,14;2,11;43,90;24,40;100,00;275,95;6,54;17,53
2018.0;6.0;2018-06-01;BRASPINE;IZAU;PR;PIRAI DO SUL;19,37;11,60;68,34;15,08;82,90;4,04;34,79;24,22;99,76;281,35;4,04;3,37
2018.0;6.0;2018-06-01;BRASPINE;JOAO RICO;PR;JAGUARIAIVA;47,46;26,18;72,06;15,37;81,98;4,44;34,86;24,46;99,79;286,81;4,44;49,88
2018.0;6.0;2018-06-01;BRASPINE;LAGOA;PR;JAGUARIAIVA;24,10;10,78;72,67;15,14;84,49;4,92;39,73;24,66;100,00;293,11;4,92;11,08
2018.0;6.0;2018-06-01;BRASPINE;MARACANA;PR;JANDAIA DO SUL;11,45;11,45;45,39;17,72;79,11;7,59;43,70;27,32;100,00;200,26;0,00;1,49
2018.0;6.0;2018-06-01;BRASPINE;MARRECA;;;;;72,04;15,34;86,11;6,25;41,60;25,46;100,00;306,42;0,00;1,06
2018.0;6.0;2018-06-01;BRASPINE;MARRECA SP;SP;ITAPIRAPUA PAULISTA;675,30;236,19;79,51;15,91;86,82;5,40;41,54;26,65;100,00;313,24;0,00;23,38
2018.0;6.0;2018-06-01;BRASPINE;MARRECAS;;;;;113,91;13,05;87,58;1,23;39,81;22,16;100,00;285,58;4,90;2,48
2018.0;6.0;2018-06-01;BRASPINE;MERCADINHO;;;;;71,26;15,69;86,38;4,89;41,92;26,25;100,00;307,88;4,89;4,08
2018.0;6.0;2018-06-01;BRASPINE;MONTE ALEGRE;;;;;45,96;18,04;78,91;7,54;44,05;27,76;100,00;203,61;0,00;9,92
2018.0;6.0;2018-06-01;BRASPINE;MONTE TABOR II;;;;;65,63;15,24;88,64;5,55;42,26;25,85;100,00;335,40;0,00;30,75
2018.0;6.0;2018-06-01;BRASPINE;MOREIRA;PR;DOUTOR ULYSSES;230,52;68,68;74,59;15,27;85,39;5,72;40,19;25,05;100,00;301,31;0,00;10,12
2018.0;6.0;2018-06-01;BRASPINE;MOREIRAS II;PR;DOUTOR ULYSSES;66,76;28,75;73,98;15,27;85,39;5,72;40,19;25,05;100,00;301,31;0,00;10,12
2018.0;6.0;2018-06-01;BRASPINE;MORRETES;PR;ORTIGUEIRA;20,36;20,36;71,61;15,62;86,27;5,53;44,05;26,12;99,91;284,17;0,00;3,71
2018.0;6.0;2018-06-01;BRASPINE;MORRO AZUL;;;;;68,80;15,55;85,76;5,72;39,63;25,55;100,00;291,46;0,00;36,60
2018.0;6.0;2018-06-01;BRASPINE;OURO FINO;SP;APIAI;51,70;51,70;72,71;15,30;86,97;5,81;41,22;25,47;100,00;304,88;0,00;328,15
2018.0;6.0;2018-06-01;BRASPINE;PALMEIRINHA DE BAIXO - SOSSEGO;PR;SENGES;85,93;9,22;70,62;15,21;82,43;4,73;37,07;24,12;99,87;301,02;4,73;42,03
2018.0;6.0;2018-06-01;BRASPINE;PAZIN;PR;DOUTOR ULYSSES;41,20;23,90;77,34;15,34;86,11;6,25;41,60;25,46;100,00;306,42;0,00;1,06
2018.0;6.0;2018-06-01;BRASPINE;PEDRAS;PR;CASTRO;7,18;7,18;74,91;14,98;83,78;4,07;37,05;24,21;100,00;272,13;4,07;1,33
2018.0;6.0;2018-06-01;BRASPINE;PESCARIA;PR;SAO JOSE DA BOA VISTA;184,57;129,22;76,59;17,16;78,12;6,57;28,66;27,08;99,54;290,91;0,00;71,91
2018.0;6.0;2018-06-01;BRASPINE;PESSEGUEIRO;PR;DOUTOR ULYSSES;109,95;64,79;73,04;15,27;85,39;5,72;40,19;25,05;100,00;301,31;0,00;10,12
2018.0;6.0;2018-06-01;BRASPINE;PITANGA;;;;;95,17;14,55;85,07;1,50;38,68;23,42;99,82;282,86;6,13;3,34
2018.0;6.0;2018-06-01;BRASPINE;QUEIMADINHO ARROIO CLARO;PR;DOUTOR ULYSSES;48,13;19,09;77,18;15,27;85,39;5,72;40,19;25,05;100,00;301,31;0,00;10,12
2018.0;6.0;2018-06-01;BRASPINE;QUEIMADINHO M6042;PR;DOUTOR ULYSSES;48,38;18,50;77,18;15,27;85,39;5,72;40,19;25,05;100,00;301,31;0,00;10,12
2018.0;6.0;2018-06-01;BRASPINE;QUEIMADINHO USUCAPIAO;PR;DOUTOR ULYSSES;200,27;92,43;77,18;15,27;85,39;5,72;40,19;25,05;100,00;301,31;0,00;10,12
2018.0;6.0;2018-06-01;BRASPINE;RAMOS;PR;SENGES;69,83;38,15;75,70;15,14;84,49;4,92;39,73;24,66;100,00;293,11;4,92;11,08
2018.0;6.0;2018-06-01;BRASPINE;RIBEIRAO GRANDE;PR;JAGUARIAIVA;20,77;20,77;70,95;15,08;82,90;4,04;34,79;24,22;99,76;281,35;4,04;3,37
2018.0;6.0;2018-06-01;BRASPINE;RINCAO DE BAIXO;;;;;79,33;15,22;82,32;4,45;36,84;24,45;99,73;278,27;4,45;0,32
2018.0;6.0;2018-06-01;BRASPINE;RIO BOMBA;PR;CERRO AZUL;65,03;37,72;82,14;15,85;86,21;4,93;42,09;26,56;99,96;312,23;4,93;10,05
2018.0;6.0;2018-06-01;BRASPINE;RIO DO MEIO;PR;DOUTOR ULYSSES;712,33;389,13;74,83;15,27;85,39;5,72;40,19;25,05;100,00;301,31;0,00;10,12
2018.0;6.0;2018-06-01;BRASPINE;RONDON;PR;JAGUARIAIVA;2899,24;1475,88;70,38;15,19;82,78;4,61;37,79;24,18;99,88;298,87;4,61;54,53
2018.0;6.0;2018-06-01;BRASPINE;SANTA FELICIDADE;;;;;75,71;16,18;87,45;4,71;40,66;27,39;100,00;300,32;4,71;20,50
2018.0;6.0;2018-06-01;BRASPINE;SANTA LIDIA DO CERCADINHO;;;;;74,16;14,97;82,05;4,19;36,08;24,00;99,70;303,38;4,19;4,02
2018.0;6.0;2018-06-01;BRASPINE;SANTO ANTONIO;;;;;75,63;15,23;83,08;5,16;37,11;24,40;100,00;284,35;0,00;50,55
2018.0;6.0;2018-06-01;BRASPINE;SAO JOSE;PR;JANDAIA DO SUL;37,56;37,56;45,35;17,93;78,92;7,54;44,00;27,60;100,00;202,59;0,00;10,59
2018.0;6.0;2018-06-01;BRASPINE;SAO MATHEUS;;;;;79,69;18,68;79,65;7,74;42,21;29,09;99,95;192,31;0,00;9,35
2018.0;6.0;2018-06-01;BRASPINE;SAO PEDRO E SAO PAULO;PR;SAPOPEMA;709,13;323,93;62,73;16,49;79,22;7,37;39,62;25,89;99,73;286,31;0,00;14,96
2018.0;6.0;2018-06-01;BRASPINE;SAO RAFAEL;;;;;88,43;14,28;84,74;3,25;39,26;25,15;100,00;283,10;6,67;4,62
2018.0;6.0;2018-06-01;BRASPINE;SAO RAFAEL - PB;;;;;72,35;15,42;86,70;6,08;40,75;25,57;100,00;308,56;0,00;40,13
2018.0;6.0;2018-06-01;BRASPINE;SERRARIA;PR;DOUTOR ULYSSES;280,88;117,71;71,58;15,14;85,63;5,87;41,32;25,08;100,00;300,97;0,00;1,45
2018.0;6.0;2018-06-01;BRASPINE;SERRO VERDE;;;;;111,43;14,14;84,62;1,93;37,58;23,02;99,94;273,86;5,14;7,03
2018.0;6.0;2018-06-01;BRASPINE;SERTAOZINHO;PR;DOUTOR ULYSSES;16,25;16,25;70,45;15,27;85,39;5,72;40,19;25,05;100,00;301,31;0,00;10,12
2018.0;6.0;2018-06-01;BRASPINE;SITIO BASILIO;PR;JAGUARIAIVA;8,08;8,08;71,10;15,16;81,77;4,10;34,12;24,14;99,81;282,98;4,10;47,15
2018.0;6.0;2018-06-01;BRASPINE;SITIO DAS MARRECAS;PR;DOUTOR ULYSSES;77,49;35,17;75,61;15,74;86,62;5,64;41,56;26,31;100,00;311,29;0,00;23,94
2018.0;6.0;2018-06-01;BRASPINE;SOBRADINHO;SP;BOM SUCESSO DE ITARARE;285,80;123,10;74,33;15,13;84,42;5,39;38,47;24,53;100,00;297,08;0,00;60,36
2018.0;6.0;2018-06-01;BRASPINE;TAQUARAL;PR;JAGUARIAIVA;519,13;31,07;67,88;15,37;82,51;4,63;36,73;24,49;99,98;272,27;4,63;55,35
2018.0;6.0;2018-06-01;BRASPINE;TUCUNDUVA;PR;SENGES;82,21;60,89;63,30;15,84;79,55;5,15;32,19;24,97;99,53;311,04;0,00;5,72
2018.0;6.0;2018-06-01;BRASPINE;TUCUNDUVA - CHAMMA;;;;;69,31;15,87;79,94;5,11;33,51;24,94;99,53;298,86;0,00;2,20
2018.0;6.0;2018-06-01;BRASPINE;VIENA 1;PR;DOUTOR ULYSSES;263,98;178,34;77,21;14,94;84,37;5,21;40,13;24,44;100,00;295,59;0,00;2,50
2018.0;6.0;2018-06-01;BRASPINE;VIENA 2;PR;CERRO AZUL;140,23;96,54;81,83;15,85;86,21;4,93;42,09;26,56;99,96;312,23;4,93;10,05
2018.0;6.0;2018-06-01;BRASPINE;VITORIA;PR;SENGES;50,54;35,69;70,62;15,21;82,43;4,73;37,07;24,12;99,87;301,02;4,73;42,03
2018.0;6.0;2018-06-01;BRASPINE;VIVEIRO;PR;DOUTOR ULYSSES;405,39;261,22;73,98;15,27;85,39;5,72;40,19;25,05;100,00;301,31;0,00;10,12
2018.0;6.0;2018-06-01;BRASPINE;VO LINO;PR;DOUTOR ULYSSES;164,50;97,89;71,93;15,34;86,11;6,25;41,60;25,46;100,00;306,42;0,00;1,06
2018.0;6.0;2018-06-01;BRASPINE;XAXIM VELHO;;;;;122,70;13,12;87,29;0,98;40,98;22,48;100,00;266,38;8,22;1,70
2018.0;7.0;2018-07-01;BRASPINE;AGUA DOCE;PR;JAGUARIAIVA;238,97;121,99;36,59;16,06;69,47;2,66;33,09;25,33;99,85;334,96;11,76;9,18
2018.0;7.0;2018-07-01;BRASPINE;AMATA;;;;;41,04;16,73;76,06;3,31;34,70;28,31;100,00;346,24;3,31;2,03
2018.0;7.0;2018-07-01;BRASPINE;ANTA BRAVA;;;;;22,92;18,67;66,65;7,40;30,65;28,38;99,60;340,09;0,00;14,05
2018.0;7.0;2018-07-01;BRASPINE;ARAPONGAS;PR;SENGES;423,34;263,70;41,97;15,76;73,73;3,12;34,45;26,27;100,00;323,99;3,12;21,19
2018.0;7.0;2018-07-01;BRASPINE;ARROIO CLARO;PR;DOUTOR ULYSSES;275,14;92,00;40,51;15,73;75,00;2,96;33,86;26,71;100,00;342,13;2,96;0,99
2018.0;7.0;2018-07-01;BRASPINE;BARRA GRANDE;PR;DOUTOR ULYSSES;493,79;139,68;40,99;16,15;74,93;3,12;34,41;27,21;100,00;331,22;3,12;6,99
2018.0;7.0;2018-07-01;BRASPINE;BARRA GRANDE - BEMAIS;PR;GUARAPUAVA;299,16;108,61;27,88;14,65;75,98;2,66;41,36;22,91;99,88;316,19;10,02;11,25
2018.0;7.0;2018-07-01;BRASPINE;BARRETOS;PR;JAGUARIAIVA;43,35;32,98;40,23;16,09;71,82;3,31;35,08;26,11;99,96;333,52;12,76;1,29
2018.0;7.0;2018-07-01;BRASPINE;BAU;;;;;36,03;14,74;75,30;3,45;42,78;23,10;99,07;326,79;16,20;2,98
2018.0;7.0;2018-07-01;BRASPINE;BOA VISTA II;PR;PIRAI DO SUL;944,00;535,05;38,90;16,08;71,12;2,77;35,11;25,89;99,96;314,76;11,20;1,58
2018.0;7.0;2018-07-01;BRASPINE;BRASILEIRA;;;;;40,34;15,76;73,73;3,12;34,45;26,27;100,00;323,99;3,12;21,19
2018.0;7.0;2018-07-01;BRASPINE;BURACAO;;;;;38,12;15,58;73,78;2,61;37,45;25,90;99,84;309,42;6,99;3,97
2018.0;7.0;2018-07-01;BRASPINE;BURRINHO;PR;DOUTOR ULYSSES;211,01;100,37;40,51;15,73;75,00;2,96;33,86;26,71;100,00;342,13;2,96;0,99
2018.0;7.0;2018-07-01;BRASPINE;CADEADO I;PR;JAGUARIAIVA;21,07;12,29;37,97;15,72;72,62;3,16;34,66;25,88;100,00;322,25;12,90;0,65
2018.0;7.0;2018-07-01;BRASPINE;CADEADO II;PR;JAGUARIAIVA;21,88;16,79;37,97;15,72;72,62;3,16;34,66;25,88;100,00;322,25;12,90;0,65
2018.0;7.0;2018-07-01;BRASPINE;CAMPINA ALTA;PR;TIBAGI;29,77;18,24;19,68;16,42;70,80;1,97;35,54;25,83;99,99;350,84;6,14;5,80
2018.0;7.0;2018-07-01;BRASPINE;CAMPINA DO ELIAS;PR;JAGUARIAIVA;29,17;14,65;39,10;15,96;72,11;3,26;34,95;26,03;99,97;329,44;12,82;1,07
2018.0;7.0;2018-07-01;BRASPINE;CAMPO NOVO;PR;JAGUARIAIVA;295,98;156,36;38,83;15,72;72,62;3,16;34,66;25,88;100,00;322,25;12,90;0,65
2018.0;7.0;2018-07-01;BRASPINE;CONSULTORIA II A;PR;DOUTOR ULYSSES;89,62;60,79;41,77;15,76;73,73;3,12;34,45;26,27;100,00;323,99;3,12;21,19
2018.0;7.0;2018-07-01;BRASPINE;DINIZ;;;;;38,88;15,76;73,73;3,12;34,45;26,27;100,00;323,99;3,12;21,19
2018.0;7.0;2018-07-01;BRASPINE;ENES;PR;JAGUARIAIVA;5,93;5,69;38,32;15,72;72,62;3,16;34,66;25,88;100,00;322,25;12,90;0,65
2018.0;7.0;2018-07-01;BRASPINE;ENGENHARIA;;;;;38,88;15,76;73,73;3,12;34,45;26,27;100,00;323,99;3,12;21,19
2018.0;7.0;2018-07-01;BRASPINE;ESTACAO;PR;SENGES;4,76;4,14;39,85;15,72;72,62;3,16;34,66;25,88;100,00;322,25;12,90;0,65
2018.0;7.0;2018-07-01;BRASPINE;FAXINAL;PR;JAGUARIAIVA;20,65;20,65;38,32;15,72;72,62;3,16;34,66;25,88;100,00;322,25;12,90;0,65
2018.0;7.0;2018-07-01;BRASPINE;FEITAL;PR;DOUTOR ULYSSES;154,17;86,53;41,15;15,89;74,13;3,12;34,44;26,58;100,00;326,41;3,12;16,23
2018.0;7.0;2018-07-01;BRASPINE;FIGUEIRA;PR;DOUTOR ULYSSES;1053,81;315,71;40,81;15,73;75,00;2,96;33,86;26,71;100,00;342,13;2,96;0,99
2018.0;7.0;2018-07-01;BRASPINE;FIGUEIRINHA;PR;DOUTOR ULYSSES;94,37;56,74;43,21;15,73;75,00;2,96;33,86;26,71;100,00;342,13;2,96;0,99
2018.0;7.0;2018-07-01;BRASPINE;FLOEMA;PR;DOUTOR ULYSSES;2189,88;701,43;39,89;15,37;73,44;2,45;33,75;25,88;100,00;334,77;7,24;0,28
2018.0;7.0;2018-07-01;BRASPINE;FLOEMA I - SUDATI;;;;;40,30;15,76;73,73;3,12;34,45;26,27;100,00;323,99;3,12;21,19
2018.0;7.0;2018-07-01;BRASPINE;FLOEMA II - SUDATI;PR;DOUTOR ULYSSES;453,83;211,13;40,28;15,76;73,73;3,12;34,45;26,27;100,00;323,99;3,12;21,19
2018.0;7.0;2018-07-01;BRASPINE;FLOR DA SERRA;PR;SAO JOSE DA BOA VISTA;209,10;128,72;23,06;17,55;65,84;5,32;31,53;27,39;98,97;360,99;0,00;0,63
2018.0;7.0;2018-07-01;BRASPINE;GENTIL;PR;JAGUARIAIVA;126,77;53,33;35,92;15,73;69,84;2,23;33,14;24,84;99,66;343,62;10,76;12,77
2018.0;7.0;2018-07-01;BRASPINE;GUAIRACA;PR;GUARAPUAVA;623,62;169,31;25,48;14,80;75,97;1,59;41,49;23,33;99,99;316,58;9,41;3,42
2018.0;7.0;2018-07-01;BRASPINE;HERVAL 2 - MADALOSSO;;;;;38,24;15,58;73,78;2,61;37,45;25,90;99,84;309,42;6,99;3,97
2018.0;7.0;2018-07-01;BRASPINE;HERVAL DE BAIXO;PR;RESERVA;827,29;475,92;20,59;16,05;72,64;1,89;35,20;25,80;99,98;326,67;4,94;0,62
2018.0;7.0;2018-07-01;BRASPINE;HORTO 01;PR;TURVO;19,12;19,12;29,29;15,32;75,79;1,54;43,89;23,76;99,48;288,90;7,77;0,28
2018.0;7.0;2018-07-01;BRASPINE;HORTO 02;PR;TURVO;4,24;4,24;30,97;15,32;75,79;1,54;43,89;23,76;99,48;288,90;7,77;0,28
2018.0;7.0;2018-07-01;BRASPINE;HORTO 03;PR;PRUDENTOPOLIS;80,91;25,89;24,25;15,70;75,91;2,79;42,86;24,43;99,88;315,49;10,61;4,15
2018.0;7.0;2018-07-01;BRASPINE;HORTO 08;PR;TURVO;9,53;9,53;30,56;15,70;75,91;2,79;42,86;24,43;99,88;315,49;10,61;4,15
2018.0;7.0;2018-07-01;BRASPINE;HORTO 12;PR;PRUDENTOPOLIS;12,20;12,20;23,42;15,70;75,91;2,79;42,86;24,43;99,88;315,49;10,61;4,15
2018.0;7.0;2018-07-01;BRASPINE;IZAU;PR;PIRAI DO SUL;19,37;11,60;36,59;15,82;70,92;2,56;33,59;25,16;99,74;347,42;11,80;2,06
2018.0;7.0;2018-07-01;BRASPINE;JOAO RICO;PR;JAGUARIAIVA;47,46;26,18;36,61;16,06;69,47;2,66;33,09;25,33;99,85;334,96;11,76;9,18
2018.0;7.0;2018-07-01;BRASPINE;LAGOA;PR;JAGUARIAIVA;24,10;10,78;38,77;15,72;72,62;3,16;34,66;25,88;100,00;322,25;12,90;0,65
2018.0;7.0;2018-07-01;BRASPINE;MARACANA;PR;JANDAIA DO SUL;11,45;11,45;10,42;19,40;56,53;6,94;26,38;28,70;99,88;142,91;0,00;9,74
2018.0;7.0;2018-07-01;BRASPINE;MARRECA;;;;;40,85;15,73;75,00;2,96;33,86;26,71;100,00;342,13;2,96;0,99
2018.0;7.0;2018-07-01;BRASPINE;MARRECA SP;SP;ITAPIRAPUA PAULISTA;675,30;236,19;43,78;16,32;76,47;2,91;34,32;27,93;100,00;336,02;2,91;1,38
2018.0;7.0;2018-07-01;BRASPINE;MARRECAS;;;;;27,61;14,13;76,49;1,29;40,32;22,39;99,95;301,94;8,07;11,25
2018.0;7.0;2018-07-01;BRASPINE;MERCADINHO;;;;;43,26;16,09;76,07;3,08;33,70;27,50;99,99;341,14;3,08;1,01
2018.0;7.0;2018-07-01;BRASPINE;MONTE ALEGRE;;;;;9,93;19,71;56,83;7,24;27,04;29,14;99,64;130,54;0,00;3,28
2018.0;7.0;2018-07-01;BRASPINE;MONTE TABOR II;;;;;39,48;15,12;79,58;2,81;37,05;26,47;100,00;319,71;7,57;2,15
2018.0;7.0;2018-07-01;BRASPINE;MOREIRA;PR;DOUTOR ULYSSES;230,52;68,68;40,28;15,76;73,73;3,12;34,45;26,27;100,00;323,99;3,12;21,19
2018.0;7.0;2018-07-01;BRASPINE;MOREIRAS II;PR;DOUTOR ULYSSES;66,76;28,75;41,99;15,76;73,73;3,12;34,45;26,27;100,00;323,99;3,12;21,19
2018.0;7.0;2018-07-01;BRASPINE;MORRETES;PR;ORTIGUEIRA;20,36;20,36;21,58;16,46;72,52;2,49;33,25;26,74;99,79;329,68;5,85;0,14
2018.0;7.0;2018-07-01;BRASPINE;MORRO AZUL;;;;;38,79;16,00;74,07;3,16;34,05;26,77;100,00;326,93;3,16;5,69
2018.0;7.0;2018-07-01;BRASPINE;OURO FINO;SP;APIAI;51,70;51,70;41,13;15,47;76,48;3,07;37,16;26,25;100,00;329,96;3,07;1,08
2018.0;7.0;2018-07-01;BRASPINE;PALMEIRINHA DE BAIXO - SOSSEGO;PR;SENGES;85,93;9,22;34,82;15,86;69,19;2,74;31,21;25,06;99,84;330,66;7,51;23,67
2018.0;7.0;2018-07-01;BRASPINE;PAZIN;PR;DOUTOR ULYSSES;41,20;23,90;42,05;15,73;75,00;2,96;33,86;26,71;100,00;342,13;2,96;0,99
2018.0;7.0;2018-07-01;BRASPINE;PEDRAS;PR;CASTRO;7,18;7,18;37,34;15,58;72,67;2,31;36,71;25,19;99,42;334,25;9,85;7,99
2018.0;7.0;2018-07-01;BRASPINE;PESCARIA;PR;SAO JOSE DA BOA VISTA;184,57;129,22;29,99;17,87;65,40;4,81;29,63;27,58;99,30;371,42;4,81;4,12
2018.0;7.0;2018-07-01;BRASPINE;PESSEGUEIRO;PR;DOUTOR ULYSSES;109,95;64,79;39,69;15,76;73,73;3,12;34,45;26,27;100,00;323,99;3,12;21,19
2018.0;7.0;2018-07-01;BRASPINE;PITANGA;;;;;34,07;15,33;74,14;3,90;41,94;23,95;98,77;336,69;17,83;4,03
2018.0;7.0;2018-07-01;BRASPINE;QUEIMADINHO ARROIO CLARO;PR;DOUTOR ULYSSES;48,13;19,09;40,34;15,76;73,73;3,12;34,45;26,27;100,00;323,99;3,12;21,19
2018.0;7.0;2018-07-01;BRASPINE;QUEIMADINHO M6042;PR;DOUTOR ULYSSES;48,38;18,50;40,34;15,76;73,73;3,12;34,45;26,27;100,00;323,99;3,12;21,19
2018.0;7.0;2018-07-01;BRASPINE;QUEIMADINHO USUCAPIAO;PR;DOUTOR ULYSSES;200,27;92,43;40,34;15,76;73,73;3,12;34,45;26,27;100,00;323,99;3,12;21,19
2018.0;7.0;2018-07-01;BRASPINE;RAMOS;PR;SENGES;69,83;38,15;40,30;15,72;72,62;3,16;34,66;25,88;100,00;322,25;12,90;0,65
2018.0;7.0;2018-07-01;BRASPINE;RIBEIRAO GRANDE;PR;JAGUARIAIVA;20,77;20,77;36,52;15,82;70,92;2,56;33,59;25,16;99,74;347,42;11,80;2,06
2018.0;7.0;2018-07-01;BRASPINE;RINCAO DE BAIXO;;;;;16,08;15,94;68,90;1,77;30,82;25,34;99,80;323,87;9,92;2,07
2018.0;7.0;2018-07-01;BRASPINE;RIO BOMBA;PR;CERRO AZUL;65,03;37,72;41,20;16,28;75,64;2,96;34,13;27,66;99,97;343,73;7,67;4,78
2018.0;7.0;2018-07-01;BRASPINE;RIO DO MEIO;PR;DOUTOR ULYSSES;712,33;389,13;41,55;15,76;73,73;3,12;34,45;26,27;100,00;323,99;3,12;21,19
2018.0;7.0;2018-07-01;BRASPINE;RONDON;PR;JAGUARIAIVA;2899,24;1475,88;34,61;15,82;70,06;2,55;34,27;25,12;99,88;344,26;11,98;0,60
2018.0;7.0;2018-07-01;BRASPINE;SANTA FELICIDADE;;;;;43,00;16,54;77,88;3,11;34,17;28,62;100,00;348,24;3,11;1,38
2018.0;7.0;2018-07-01;BRASPINE;SANTA LIDIA DO CERCADINHO;;;;;14,99;15,63;68,71;1,52;30,64;24,81;99,64;332,35;9,20;1,73
2018.0;7.0;2018-07-01;BRASPINE;SANTO ANTONIO;;;;;36,88;15,79;69,88;3,24;31,09;25,45;100,00;325,83;8,08;16,86
2018.0;7.0;2018-07-01;BRASPINE;SAO JOSE;PR;JANDAIA DO SUL;37,56;37,56;9,92;19,59;56,77;7,15;27,00;28,96;99,83;129,74;0,00;5,00
2018.0;7.0;2018-07-01;BRASPINE;SAO MATHEUS;;;;;10,78;20,39;58,89;7,88;28,42;30,28;99,60;131,66;0,00;0,03
2018.0;7.0;2018-07-01;BRASPINE;SAO PEDRO E SAO PAULO;PR;SAPOPEMA;709,13;323,93;15,10;17,42;62,29;4,60;30,07;26,61;99,40;335,25;9,44;0,00
2018.0;7.0;2018-07-01;BRASPINE;SAO RAFAEL;;;;;18,52;15,02;76,45;2,30;38,56;25,44;99,91;320,52;10,64;5,43
2018.0;7.0;2018-07-01;BRASPINE;SAO RAFAEL - PB;;;;;40,23;15,69;75,83;3,14;36,22;26,48;100,00;336,41;3,14;0,11
2018.0;7.0;2018-07-01;BRASPINE;SERRARIA;PR;DOUTOR ULYSSES;280,88;117,71;41,23;15,55;74,22;2,71;33,80;26,29;100,00;338,43;2,71;0,62
2018.0;7.0;2018-07-01;BRASPINE;SERRO VERDE;;;;;37,14;15,14;74,09;3,75;43,09;23,64;99,16;312,70;16,58;3,33
2018.0;7.0;2018-07-01;BRASPINE;SERTAOZINHO;PR;DOUTOR ULYSSES;16,25;16,25;39,22;15,76;73,73;3,12;34,45;26,27;100,00;323,99;3,12;21,19
2018.0;7.0;2018-07-01;BRASPINE;SITIO BASILIO;PR;JAGUARIAIVA;8,08;8,08;36,46;15,79;69,41;2,24;32,99;24,88;99,68;328,98;10,69;339,40
2018.0;7.0;2018-07-01;BRASPINE;SITIO DAS MARRECAS;PR;DOUTOR ULYSSES;77,49;35,17;43,17;16,15;76,05;2,92;34,19;27,58;100,00;333,49;2,92;1,26
2018.0;7.0;2018-07-01;BRASPINE;SOBRADINHO;SP;BOM SUCESSO DE ITARARE;285,80;123,10;40,66;15,55;71,83;3,15;33,52;25,57;100,00;317,75;8,00;9,79
2018.0;7.0;2018-07-01;BRASPINE;TAQUARAL;PR;JAGUARIAIVA;519,13;31,07;36,28;16,03;70,01;2,94;34,37;25,43;99,99;346,97;12,04;7,91
2018.0;7.0;2018-07-01;BRASPINE;TUCUNDUVA;PR;SENGES;82,21;60,89;39,67;16,57;65,93;2,84;30,09;25,50;99,28;343,08;7,35;18,48
2018.0;7.0;2018-07-01;BRASPINE;TUCUNDUVA - CHAMMA;;;;;37,14;16,66;66,26;3,01;30,00;25,54;99,11;318,84;3,01;15,72
2018.0;7.0;2018-07-01;BRASPINE;VIENA 1;PR;DOUTOR ULYSSES;263,98;178,34;38,86;15,50;72,47;3,11;35,81;25,52;100,00;325,20;12,48;9,22
2018.0;7.0;2018-07-01;BRASPINE;VIENA 2;PR;CERRO AZUL;140,23;96,54;41,26;16,28;75,64;2,96;34,13;27,66;99,97;343,73;7,67;4,78
2018.0;7.0;2018-07-01;BRASPINE;VITORIA;PR;SENGES;50,54;35,69;34,82;15,86;69,19;2,74;31,21;25,06;99,84;330,66;7,51;23,67
2018.0;7.0;2018-07-01;BRASPINE;VIVEIRO;PR;DOUTOR ULYSSES;405,39;261,22;41,99;15,76;73,73;3,12;34,45;26,27;100,00;323,99;3,12;21,19
2018.0;7.0;2018-07-01;BRASPINE;VO LINO;PR;DOUTOR ULYSSES;164,50;97,89;40,53;15,73;75,00;2,96;33,86;26,71;100,00;342,13;2,96;0,99
2018.0;7.0;2018-07-01;BRASPINE;XAXIM VELHO;;;;;27,58;14,18;77,70;1,88;40,67;22,93;99,82;296,76;9,11;26,08
2018.0;8.0;2018-08-01;BRASPINE;AGUA DOCE;PR;JAGUARIAIVA;238,97;121,99;98,78;14,30;77,64;4,56;34,79;26,56;99,87;302,48;9,25;7,52
2018.0;8.0;2018-08-01;BRASPINE;AMATA;;;;;103,20;15,62;78,14;5,12;28,01;30,63;100,00;316,25;0,00;2,36
2018.0;8.0;2018-08-01;BRASPINE;ANTA BRAVA;;;;;66,31;16,76;78,55;8,14;31,95;29,18;99,73;361,15;0,00;8,91
2018.0;8.0;2018-08-01;BRASPINE;ARAPONGAS;PR;SENGES;423,34;263,70;93,73;14,43;80,67;5,29;30,71;27,94;100,00;313,64;0,00;1,79
2018.0;8.0;2018-08-01;BRASPINE;ARROIO CLARO;PR;DOUTOR ULYSSES;275,14;92,00;97,93;14,57;80,99;5,37;29,39;28,59;100,00;318,22;0,00;3,37
2018.0;8.0;2018-08-01;BRASPINE;BARRA GRANDE;PR;DOUTOR ULYSSES;493,79;139,68;90,25;14,78;81,25;5,34;29,25;29,04;100,00;322,43;0,00;342,58
2018.0;8.0;2018-08-01;BRASPINE;BARRA GRANDE - BEMAIS;PR;GUARAPUAVA;299,16;108,61;142,22;13,39;78,73;2,70;38,97;25,10;99,99;266,67;9,08;3,10
2018.0;8.0;2018-08-01;BRASPINE;BARRETOS;PR;JAGUARIAIVA;43,35;32,98;97,99;14,37;79,40;5,06;32,94;27,46;100,00;280,20;0,00;4,35
2018.0;8.0;2018-08-01;BRASPINE;BAU;;;;;152,21;13,39;78,26;2,64;38,53;24,84;99,89;263,32;15,00;1,19
2018.0;8.0;2018-08-01;BRASPINE;BOA VISTA II;PR;PIRAI DO SUL;944,00;535,05;101,63;14,30;78,42;4,58;34,36;27,15;100,00;289,11;4,58;5,73
2018.0;8.0;2018-08-01;BRASPINE;BRASILEIRA;;;;;91,02;14,43;80,67;5,29;30,71;27,94;100,00;313,64;0,00;1,79
2018.0;8.0;2018-08-01;BRASPINE;BURACAO;;;;;113,07;14,27;77,74;5,04;31,92;27,82;99,99;288,30;0,00;6,68
2018.0;8.0;2018-08-01;BRASPINE;BURRINHO;PR;DOUTOR ULYSSES;211,01;100,37;97,78;14,57;80,99;5,37;29,39;28,59;100,00;318,22;0,00;3,37
2018.0;8.0;2018-08-01;BRASPINE;CADEADO I;PR;JAGUARIAIVA;21,07;12,29;92,93;14,28;79,99;5,01;31,87;27,39;100,00;306,52;0,00;0,35
2018.0;8.0;2018-08-01;BRASPINE;CADEADO II;PR;JAGUARIAIVA;21,88;16,79;92,93;14,28;79,99;5,01;31,87;27,39;100,00;306,52;0,00;0,35
2018.0;8.0;2018-08-01;BRASPINE;CAMPINA ALTA;PR;TIBAGI;29,77;18,24;126,51;14,83;78,16;2,70;38,89;27,33;100,00;263,83;19,78;0,46
2018.0;8.0;2018-08-01;BRASPINE;CAMPINA DO ELIAS;PR;JAGUARIAIVA;29,17;14,65;102,35;14,34;79,62;5,07;32,55;27,44;100,00;308,95;0,00;3,73
2018.0;8.0;2018-08-01;BRASPINE;CAMPO NOVO;PR;JAGUARIAIVA;295,98;156,36;93,73;14,28;79,99;5,01;31,87;27,39;100,00;306,52;0,00;0,35
2018.0;8.0;2018-08-01;BRASPINE;CONSULTORIA II A;PR;DOUTOR ULYSSES;89,62;60,79;88,95;14,43;80,67;5,29;30,71;27,94;100,00;313,64;0,00;1,79
2018.0;8.0;2018-08-01;BRASPINE;DINIZ;;;;;86,72;14,43;80,67;5,29;30,71;27,94;100,00;313,64;0,00;1,79
2018.0;8.0;2018-08-01;BRASPINE;ENES;PR;JAGUARIAIVA;5,93;5,69;93,73;14,28;79,99;5,01;31,87;27,39;100,00;306,52;0,00;0,35
2018.0;8.0;2018-08-01;BRASPINE;ENGENHARIA;;;;;86,72;14,43;80,67;5,29;30,71;27,94;100,00;313,64;0,00;1,79
2018.0;8.0;2018-08-01;BRASPINE;ESTACAO;PR;SENGES;4,76;4,14;94,18;14,28;79,99;5,01;31,87;27,39;100,00;306,52;0,00;0,35
2018.0;8.0;2018-08-01;BRASPINE;FAXINAL;PR;JAGUARIAIVA;20,65;20,65;93,73;14,28;79,99;5,01;31,87;27,39;100,00;306,52;0,00;0,35
2018.0;8.0;2018-08-01;BRASPINE;FEITAL;PR;DOUTOR ULYSSES;154,17;86,53;88,10;14,55;80,87;5,30;30,22;28,31;100,00;316,55;0,00;1,92
2018.0;8.0;2018-08-01;BRASPINE;FIGUEIRA;PR;DOUTOR ULYSSES;1053,81;315,71;89,05;14,57;80,99;5,37;29,39;28,59;100,00;318,22;0,00;3,37
2018.0;8.0;2018-08-01;BRASPINE;FIGUEIRINHA;PR;DOUTOR ULYSSES;94,37;56,74;95,51;14,57;80,99;5,37;29,39;28,59;100,00;318,22;0,00;3,37
2018.0;8.0;2018-08-01;BRASPINE;FLOEMA;PR;DOUTOR ULYSSES;2189,88;701,43;96,64;14,20;80,25;5,16;30,44;27,58;100,00;307,56;0,00;4,56
2018.0;8.0;2018-08-01;BRASPINE;FLOEMA I - SUDATI;;;;;93,47;14,43;80,67;5,29;30,71;27,94;100,00;313,64;0,00;1,79
2018.0;8.0;2018-08-01;BRASPINE;FLOEMA II - SUDATI;PR;DOUTOR ULYSSES;453,83;211,13;90,53;14,43;80,67;5,29;30,71;27,94;100,00;313,64;0,00;1,79
2018.0;8.0;2018-08-01;BRASPINE;FLOR DA SERRA;PR;SAO JOSE DA BOA VISTA;209,10;128,72;88,19;16,04;75,33;4,39;33,92;28,53;99,64;338,19;4,39;0,25
2018.0;8.0;2018-08-01;BRASPINE;GENTIL;PR;JAGUARIAIVA;126,77;53,33;96,24;14,08;77,61;4,17;34,45;26,09;99,67;296,75;8,41;4,84
2018.0;8.0;2018-08-01;BRASPINE;GUAIRACA;PR;GUARAPUAVA;623,62;169,31;144,88;13,43;78,53;2,14;39,43;25,45;100,00;265,13;8,27;10,98
2018.0;8.0;2018-08-01;BRASPINE;HERVAL 2 - MADALOSSO;;;;;106,77;14,27;77,74;5,04;31,92;27,82;99,99;288,30;0,00;6,68
2018.0;8.0;2018-08-01;BRASPINE;HERVAL DE BAIXO;PR;RESERVA;827,29;475,92;139,98;14,72;78,85;2,10;38,90;27,31;100,00;269,68;18,60;11,38
2018.0;8.0;2018-08-01;BRASPINE;HORTO 01;PR;TURVO;19,12;19,12;134,87;13,86;79,06;2,50;40,92;25,91;100,00;253,96;13,81;2,16
2018.0;8.0;2018-08-01;BRASPINE;HORTO 02;PR;TURVO;4,24;4,24;134,98;13,86;79,06;2,50;40,92;25,91;100,00;253,96;13,81;2,16
2018.0;8.0;2018-08-01;BRASPINE;HORTO 03;PR;PRUDENTOPOLIS;80,91;25,89;135,81;14,32;78,39;2,99;39,34;26,68;99,96;270,24;10,70;24,22
2018.0;8.0;2018-08-01;BRASPINE;HORTO 08;PR;TURVO;9,53;9,53;141,80;14,32;78,39;2,99;39,34;26,68;99,96;270,24;10,70;24,22
2018.0;8.0;2018-08-01;BRASPINE;HORTO 12;PR;PRUDENTOPOLIS;12,20;12,20;137,35;14,32;78,39;2,99;39,34;26,68;99,96;270,24;10,70;24,22
2018.0;8.0;2018-08-01;BRASPINE;IZAU;PR;PIRAI DO SUL;19,37;11,60;102,04;14,08;78,31;4,20;33,90;26,41;99,78;286,31;8,93;7,00
2018.0;8.0;2018-08-01;BRASPINE;JOAO RICO;PR;JAGUARIAIVA;47,46;26,18;97,58;14,30;77,64;4,56;34,79;26,56;99,87;302,48;9,25;7,52
2018.0;8.0;2018-08-01;BRASPINE;LAGOA;PR;JAGUARIAIVA;24,10;10,78;95,01;14,28;79,99;5,01;31,87;27,39;100,00;306,52;0,00;0,35
2018.0;8.0;2018-08-01;BRASPINE;MARACANA;PR;JANDAIA DO SUL;11,45;11,45;202,47;16,80;74,78;6,36;32,55;29,56;100,00;302,15;0,00;4,43
2018.0;8.0;2018-08-01;BRASPINE;MARRECA;;;;;95,74;14,57;80,99;5,37;29,39;28,59;100,00;318,22;0,00;3,37
2018.0;8.0;2018-08-01;BRASPINE;MARRECA SP;SP;ITAPIRAPUA PAULISTA;675,30;236,19;88,57;15,05;81,40;5,45;28,32;29,96;100,00;327,02;0,00;1,62
2018.0;8.0;2018-08-01;BRASPINE;MARRECAS;;;;;146,01;12,88;79,17;1,72;38,73;24,47;100,00;248,82;11,50;15,39
2018.0;8.0;2018-08-01;BRASPINE;MERCADINHO;;;;;97,32;15,02;79,73;5,28;28,23;29,60;100,00;327,87;0,00;0,88
2018.0;8.0;2018-08-01;BRASPINE;MONTE ALEGRE;;;;;178,96;17,14;74,41;6,58;31,83;30,19;100,00;309,38;0,00;0,73
2018.0;8.0;2018-08-01;BRASPINE;MONTE TABOR II;;;;;83,96;14,54;83,86;5,38;29,18;28,47;100,00;324,85;0,00;1,41
2018.0;8.0;2018-08-01;BRASPINE;MOREIRA;PR;DOUTOR ULYSSES;230,52;68,68;90,53;14,43;80,67;5,29;30,71;27,94;100,00;313,64;0,00;1,79
2018.0;8.0;2018-08-01;BRASPINE;MOREIRAS II;PR;DOUTOR ULYSSES;66,76;28,75;88,73;14,43;80,67;5,29;30,71;27,94;100,00;313,64;0,00;1,79
2018.0;8.0;2018-08-01;BRASPINE;MORRETES;PR;ORTIGUEIRA;20,36;20,36;135,23;15,07;78,71;2,43;37,86;27,99;99,99;275,63;10,22;1,57
2018.0;8.0;2018-08-01;BRASPINE;MORRO AZUL;;;;;81,28;14,59;81,22;5,07;28,72;28,53;100,00;317,11;0,00;0,75
2018.0;8.0;2018-08-01;BRASPINE;OURO FINO;SP;APIAI;51,70;51,70;83,83;14,35;82,96;4,67;28,92;28,28;100,00;314,07;4,67;339,41
2018.0;8.0;2018-08-01;BRASPINE;PALMEIRINHA DE BAIXO - SOSSEGO;PR;SENGES;85,93;9,22;81,08;14,20;79,08;4,67;33,08;26,44;99,93;304,20;4,67;11,08
2018.0;8.0;2018-08-01;BRASPINE;PAZIN;PR;DOUTOR ULYSSES;41,20;23,90;89,30;14,57;80,99;5,37;29,39;28,59;100,00;318,22;0,00;3,37
2018.0;8.0;2018-08-01;BRASPINE;PEDRAS;PR;CASTRO;7,18;7,18;108,05;13,96;78,77;3,94;35,58;26,43;99,75;278,09;12,99;3,26
2018.0;8.0;2018-08-01;BRASPINE;PESCARIA;PR;SAO JOSE DA BOA VISTA;184,57;129,22;88,79;16,15;74,78;4,67;32,96;28,83;99,74;336,48;4,67;3,18
2018.0;8.0;2018-08-01;BRASPINE;PESSEGUEIRO;PR;DOUTOR ULYSSES;109,95;64,79;95,76;14,43;80,67;5,29;30,71;27,94;100,00;313,64;0,00;1,79
2018.0;8.0;2018-08-01;BRASPINE;PITANGA;;;;;138,79;14,04;77,85;2,91;38,05;25,57;99,81;280,17;10,84;18,91
2018.0;8.0;2018-08-01;BRASPINE;QUEIMADINHO ARROIO CLARO;PR;DOUTOR ULYSSES;48,13;19,09;91,02;14,43;80,67;5,29;30,71;27,94;100,00;313,64;0,00;1,79
2018.0;8.0;2018-08-01;BRASPINE;QUEIMADINHO M6042;PR;DOUTOR ULYSSES;48,38;18,50;91,02;14,43;80,67;5,29;30,71;27,94;100,00;313,64;0,00;1,79
2018.0;8.0;2018-08-01;BRASPINE;QUEIMADINHO USUCAPIAO;PR;DOUTOR ULYSSES;200,27;92,43;91,02;14,43;80,67;5,29;30,71;27,94;100,00;313,64;0,00;1,79
2018.0;8.0;2018-08-01;BRASPINE;RAMOS;PR;SENGES;69,83;38,15;93,47;14,28;79,99;5,01;31,87;27,39;100,00;306,52;0,00;0,35
2018.0;8.0;2018-08-01;BRASPINE;RIBEIRAO GRANDE;PR;JAGUARIAIVA;20,77;20,77;97,84;14,08;78,31;4,20;33,90;26,41;99,78;286,31;8,93;7,00
2018.0;8.0;2018-08-01;BRASPINE;RINCAO DE BAIXO;;;;;96,84;14,49;75,89;2,63;34,25;26,73;99,73;275,28;5,98;12,43
2018.0;8.0;2018-08-01;BRASPINE;RIO BOMBA;PR;CERRO AZUL;65,03;37,72;100,70;15,31;78,19;5,67;28,44;29,92;100,00;336,04;0,00;5,45
2018.0;8.0;2018-08-01;BRASPINE;RIO DO MEIO;PR;DOUTOR ULYSSES;712,33;389,13;89,34;14,43;80,67;5,29;30,71;27,94;100,00;313,64;0,00;1,79
2018.0;8.0;2018-08-01;BRASPINE;RONDON;PR;JAGUARIAIVA;2899,24;1475,88;87,09;14,19;79,08;4,56;34,58;26,46;99,94;301,14;4,56;1,54
2018.0;8.0;2018-08-01;BRASPINE;SANTA FELICIDADE;;;;;90,98;15,32;81,93;5,60;27,35;30,82;100,00;332,26;0,00;1,51
2018.0;8.0;2018-08-01;BRASPINE;SANTA LIDIA DO CERCADINHO;;;;;96,19;14,27;75,88;2,72;34,15;26,23;99,66;272,82;6,24;10,67
2018.0;8.0;2018-08-01;BRASPINE;SANTO ANTONIO;;;;;83,14;14,21;79,49;4,44;30,49;26,93;100,00;305,03;4,44;5,72
2018.0;8.0;2018-08-01;BRASPINE;SAO JOSE;PR;JANDAIA DO SUL;37,56;37,56;181,41;17,04;74,48;6,52;32,05;29,97;100,00;307,43;0,00;1,68
2018.0;8.0;2018-08-01;BRASPINE;SAO MATHEUS;;;;;94,15;17,86;74,15;7,20;31,10;31,67;99,84;240,76;0,00;1,64
2018.0;8.0;2018-08-01;BRASPINE;SAO PEDRO E SAO PAULO;PR;SAPOPEMA;709,13;323,93;165,69;15,45;76,13;4,31;34,95;27,30;99,77;312,07;4,31;1,64
2018.0;8.0;2018-08-01;BRASPINE;SAO RAFAEL;;;;;123,30;14,03;76,49;3,80;28,67;28,76;99,69;281,34;17,74;0,11
2018.0;8.0;2018-08-01;BRASPINE;SAO RAFAEL - PB;;;;;82,29;14,46;82,54;4,90;28,56;28,46;100,00;316,95;4,90;1,80
2018.0;8.0;2018-08-01;BRASPINE;SERRARIA;PR;DOUTOR ULYSSES;280,88;117,71;97,72;14,38;80,62;5,27;29,92;28,08;100,00;312,88;0,00;3,98
2018.0;8.0;2018-08-01;BRASPINE;SERRO VERDE;;;;;156,09;13,65;77,57;2,62;37,99;25,25;99,92;257,08;15,34;6,44
2018.0;8.0;2018-08-01;BRASPINE;SERTAOZINHO;PR;DOUTOR ULYSSES;16,25;16,25;89,12;14,43;80,67;5,29;30,71;27,94;100,00;313,64;0,00;1,79
2018.0;8.0;2018-08-01;BRASPINE;SITIO BASILIO;PR;JAGUARIAIVA;8,08;8,08;98,74;14,15;77,40;4,14;34,71;26,12;99,78;296,67;8,48;3,28
2018.0;8.0;2018-08-01;BRASPINE;SITIO DAS MARRECAS;PR;DOUTOR ULYSSES;77,49;35,17;93,48;14,92;81,28;5,43;28,63;29,56;100,00;324,51;0,00;2,13
2018.0;8.0;2018-08-01;BRASPINE;SOBRADINHO;SP;BOM SUCESSO DE ITARARE;285,80;123,10;87,82;14,15;80,67;4,44;29,38;27,18;100,00;306,33;4,44;0,27
2018.0;8.0;2018-08-01;BRASPINE;TAQUARAL;PR;JAGUARIAIVA;519,13;31,07;92,35;14,30;78,46;4,69;35,35;26,70;100,00;302,28;9,55;3,68
2018.0;8.0;2018-08-01;BRASPINE;TUCUNDUVA;PR;SENGES;82,21;60,89;94,78;14,85;76,11;3,55;35,42;26,74;99,72;298,35;3,55;0,30
2018.0;8.0;2018-08-01;BRASPINE;TUCUNDUVA - CHAMMA;;;;;89,28;14,92;76,60;4,38;34,99;26,82;99,65;304,26;4,38;9,67
2018.0;8.0;2018-08-01;BRASPINE;VIENA 1;PR;DOUTOR ULYSSES;263,98;178,34;100,27;14,08;79,64;5,16;32,70;27,03;100,00;287,72;0,00;2,78
2018.0;8.0;2018-08-01;BRASPINE;VIENA 2;PR;CERRO AZUL;140,23;96,54;100,47;15,31;78,19;5,67;28,44;29,92;100,00;336,04;0,00;5,45
2018.0;8.0;2018-08-01;BRASPINE;VITORIA;PR;SENGES;50,54;35,69;81,08;14,20;79,08;4,67;33,08;26,44;99,93;304,20;4,67;11,08
2018.0;8.0;2018-08-01;BRASPINE;VIVEIRO;PR;DOUTOR ULYSSES;405,39;261,22;88,73;14,43;80,67;5,29;30,71;27,94;100,00;313,64;0,00;1,79
2018.0;8.0;2018-08-01;BRASPINE;VO LINO;PR;DOUTOR ULYSSES;164,50;97,89;96,57;14,57;80,99;5,37;29,39;28,59;100,00;318,22;0,00;3,37
2018.0;8.0;2018-08-01;BRASPINE;XAXIM VELHO;;;;;158,62;12,86;79,20;1,98;39,55;25,00;100,00;247,84;15,74;0,65
2018.0;9.0;2018-09-01;BRASPINE;AGUA DOCE;PR;JAGUARIAIVA;238,97;121,99;103,91;17,32;79,21;7,29;34,36;29,76;99,94;249,27;0,00;0,94
2018.0;9.0;2018-09-01;BRASPINE;AMATA;;;;;109,50;18,51;80,64;8,67;33,65;32,31;100,00;203,83;0,00;1,38
2018.0;9.0;2018-09-01;BRASPINE;ANTA BRAVA;;;;;63,35;19,77;76,46;10,75;29,20;31,79;99,35;170,88;0,00;13,72
2018.0;9.0;2018-09-01;BRASPINE;ARAPONGAS;PR;SENGES;423,34;263,70;91,49;17,19;82,63;7,70;33,70;30,48;100,00;254,46;0,00;3,25
2018.0;9.0;2018-09-01;BRASPINE;ARROIO CLARO;PR;DOUTOR ULYSSES;275,14;92,00;100,19;17,31;82,98;7,88;33,95;30,77;100,00;258,52;0,00;0,83
2018.0;9.0;2018-09-01;BRASPINE;BARRA GRANDE;PR;DOUTOR ULYSSES;493,79;139,68;99,83;17,58;83,14;7,87;34,38;31,09;100,00;232,47;0,00;10,09
2018.0;9.0;2018-09-01;BRASPINE;BARRA GRANDE - BEMAIS;PR;GUARAPUAVA;299,16;108,61;196,94;16,64;81,38;4,89;40,52;28,46;99,99;257,54;4,89;28,25
2018.0;9.0;2018-09-01;BRASPINE;BARRETOS;PR;JAGUARIAIVA;43,35;32,98;102,00;17,26;81,28;7,57;33,96;30,39;100,00;222,06;0,00;0,61
2018.0;9.0;2018-09-01;BRASPINE;BAU;;;;;187,45;16,61;81,73;6,64;44,23;28,04;99,88;260,84;0,00;0,15
2018.0;9.0;2018-09-01;BRASPINE;BOA VISTA II;PR;PIRAI DO SUL;944,00;535,05;112,60;17,31;80,30;7,06;34,09;30,16;100,00;219,48;0,00;3,22
2018.0;9.0;2018-09-01;BRASPINE;BRASILEIRA;;;;;92,90;17,19;82,63;7,70;33,70;30,48;100,00;254,46;0,00;3,25
2018.0;9.0;2018-09-01;BRASPINE;BURACAO;;;;;109,04;17,14;80,69;7,39;34,84;30,18;99,96;251,81;0,00;2,08
2018.0;9.0;2018-09-01;BRASPINE;BURRINHO;PR;DOUTOR ULYSSES;211,01;100,37;100,19;17,31;82,98;7,88;33,95;30,77;100,00;258,52;0,00;0,83
2018.0;9.0;2018-09-01;BRASPINE;CADEADO I;PR;JAGUARIAIVA;21,07;12,29;105,48;17,07;81,89;7,60;33,13;30,27;100,00;249,07;0,00;338,92
2018.0;9.0;2018-09-01;BRASPINE;CADEADO II;PR;JAGUARIAIVA;21,88;16,79;105,48;17,07;81,89;7,60;33,13;30,27;100,00;249,07;0,00;338,92
2018.0;9.0;2018-09-01;BRASPINE;CAMPINA ALTA;PR;TIBAGI;29,77;18,24;97,82;18,11;78,56;5,76;36,20;30,58;100,00;233,05;0,00;7,18
2018.0;9.0;2018-09-01;BRASPINE;CAMPINA DO ELIAS;PR;JAGUARIAIVA;29,17;14,65;112,23;17,19;81,51;7,58;33,66;30,34;100,00;236,06;0,00;6,98
2018.0;9.0;2018-09-01;BRASPINE;CAMPO NOVO;PR;JAGUARIAIVA;295,98;156,36;95,08;17,07;81,89;7,60;33,13;30,27;100,00;249,07;0,00;338,92
2018.0;9.0;2018-09-01;BRASPINE;CONSULTORIA II A;PR;DOUTOR ULYSSES;89,62;60,79;91,19;17,19;82,63;7,70;33,70;30,48;100,00;254,46;0,00;3,25
2018.0;9.0;2018-09-01;BRASPINE;DINIZ;;;;;96,63;17,19;82,63;7,70;33,70;30,48;100,00;254,46;0,00;3,25
2018.0;9.0;2018-09-01;BRASPINE;ENES;PR;JAGUARIAIVA;5,93;5,69;95,67;17,07;81,89;7,60;33,13;30,27;100,00;249,07;0,00;338,92
2018.0;9.0;2018-09-01;BRASPINE;ENGENHARIA;;;;;96,63;17,19;82,63;7,70;33,70;30,48;100,00;254,46;0,00;3,25
2018.0;9.0;2018-09-01;BRASPINE;ESTACAO;PR;SENGES;4,76;4,14;98,01;17,07;81,89;7,60;33,13;30,27;100,00;249,07;0,00;338,92
2018.0;9.0;2018-09-01;BRASPINE;FAXINAL;PR;JAGUARIAIVA;20,65;20,65;95,67;17,07;81,89;7,60;33,13;30,27;100,00;249,07;0,00;338,92
2018.0;9.0;2018-09-01;BRASPINE;FEITAL;PR;DOUTOR ULYSSES;154,17;86,53;92,10;17,32;82,80;7,76;33,93;30,68;100,00;257,20;0,00;2,10
2018.0;9.0;2018-09-01;BRASPINE;FIGUEIRA;PR;DOUTOR ULYSSES;1053,81;315,71;100,16;17,31;82,98;7,88;33,95;30,77;100,00;258,52;0,00;0,83
2018.0;9.0;2018-09-01;BRASPINE;FIGUEIRINHA;PR;DOUTOR ULYSSES;94,37;56,74;99,66;17,31;82,98;7,88;33,95;30,77;100,00;258,52;0,00;0,83
2018.0;9.0;2018-09-01;BRASPINE;FLOEMA;PR;DOUTOR ULYSSES;2189,88;701,43;102,75;16,91;82,34;7,46;33,02;30,19;100,00;262,85;0,00;2,47
2018.0;9.0;2018-09-01;BRASPINE;FLOEMA I - SUDATI;;;;;94,15;17,19;82,63;7,70;33,70;30,48;100,00;254,46;0,00;3,25
2018.0;9.0;2018-09-01;BRASPINE;FLOEMA II - SUDATI;PR;DOUTOR ULYSSES;453,83;211,13;91,74;17,19;82,63;7,70;33,70;30,48;100,00;254,46;0,00;3,25
2018.0;9.0;2018-09-01;BRASPINE;FLOR DA SERRA;PR;SAO JOSE DA BOA VISTA;209,10;128,72;81,72;19,23;73,89;9,56;31,74;30,89;99,57;236,43;0,00;0,19
2018.0;9.0;2018-09-01;BRASPINE;GENTIL;PR;JAGUARIAIVA;126,77;53,33;104,91;17,07;79,12;6,91;33,27;29,31;99,74;257,27;0,00;4,37
2018.0;9.0;2018-09-01;BRASPINE;GUAIRACA;PR;GUARAPUAVA;623,62;169,31;205,22;16,77;81,22;4,34;42,66;28,70;100,00;260,86;4,34;32,11
2018.0;9.0;2018-09-01;BRASPINE;HERVAL 2 - MADALOSSO;;;;;108,94;17,14;80,69;7,39;34,84;30,18;99,96;251,81;0,00;2,08
2018.0;9.0;2018-09-01;BRASPINE;HERVAL DE BAIXO;PR;RESERVA;827,29;475,92;103,50;18,02;79,20;5,79;37,20;30,40;99,95;243,70;0,00;5,20
2018.0;9.0;2018-09-01;BRASPINE;HORTO 01;PR;TURVO;19,12;19,12;152,76;17,28;81,30;4,73;43,61;28,94;99,99;262,60;4,73;1,34
2018.0;9.0;2018-09-01;BRASPINE;HORTO 02;PR;TURVO;4,24;4,24;157,08;17,28;81,30;4,73;43,61;28,94;99,99;262,60;4,73;1,34
2018.0;9.0;2018-09-01;BRASPINE;HORTO 03;PR;PRUDENTOPOLIS;80,91;25,89;140,65;17,78;80,47;5,93;39,90;29,74;100,00;290,25;0,00;14,26
2018.0;9.0;2018-09-01;BRASPINE;HORTO 08;PR;TURVO;9,53;9,53;161,11;17,78;80,47;5,93;39,90;29,74;100,00;290,25;0,00;14,26
2018.0;9.0;2018-09-01;BRASPINE;HORTO 12;PR;PRUDENTOPOLIS;12,20;12,20;139,58;17,78;80,47;5,93;39,90;29,74;100,00;290,25;0,00;14,26
2018.0;9.0;2018-09-01;BRASPINE;IZAU;PR;PIRAI DO SUL;19,37;11,60;109,04;17,05;80,00;7,20;32,82;29,51;99,75;229,95;0,00;5,58
2018.0;9.0;2018-09-01;BRASPINE;JOAO RICO;PR;JAGUARIAIVA;47,46;26,18;103,91;17,32;79,21;7,29;34,36;29,76;99,94;249,27;0,00;0,94
2018.0;9.0;2018-09-01;BRASPINE;LAGOA;PR;JAGUARIAIVA;24,10;10,78;106,16;17,07;81,89;7,60;33,13;30,27;100,00;249,07;0,00;338,92
2018.0;9.0;2018-09-01;BRASPINE;MARACANA;PR;JANDAIA DO SUL;11,45;11,45;143,02;20,12;72,99;9,83;28,34;31,66;100,00;167,52;0,00;5,01
2018.0;9.0;2018-09-01;BRASPINE;MARRECA;;;;;100,02;17,31;82,98;7,88;33,95;30,77;100,00;258,52;0,00;0,83
2018.0;9.0;2018-09-01;BRASPINE;MARRECA SP;SP;ITAPIRAPUA PAULISTA;675,30;236,19;94,14;17,87;83,33;7,93;35,19;31,56;100,00;238,37;0,00;0,94
2018.0;9.0;2018-09-01;BRASPINE;MARRECAS;;;;;201,25;16,09;82,13;3,61;41,82;27,84;100,00;319,79;3,61;32,94
2018.0;9.0;2018-09-01;BRASPINE;MERCADINHO;;;;;104,30;17,83;81,92;8,14;33,46;31,50;100,00;237,62;0,00;2,85
2018.0;9.0;2018-09-01;BRASPINE;MONTE ALEGRE;;;;;140,45;20,52;72,70;10,12;28,71;32,16;99,90;111,23;0,00;1,10
2018.0;9.0;2018-09-01;BRASPINE;MONTE TABOR II;;;;;85,67;17,24;85,13;7,97;37,46;30,28;100,00;291,28;0,00;0,07
2018.0;9.0;2018-09-01;BRASPINE;MOREIRA;PR;DOUTOR ULYSSES;230,52;68,68;91,74;17,19;82,63;7,70;33,70;30,48;100,00;254,46;0,00;3,25
2018.0;9.0;2018-09-01;BRASPINE;MOREIRAS II;PR;DOUTOR ULYSSES;66,76;28,75;91,12;17,19;82,63;7,70;33,70;30,48;100,00;254,46;0,00;3,25
2018.0;9.0;2018-09-01;BRASPINE;MORRETES;PR;ORTIGUEIRA;20,36;20,36;98,18;18,45;79,14;5,84;36,54;30,96;99,90;263,47;0,00;7,65
2018.0;9.0;2018-09-01;BRASPINE;MORRO AZUL;;;;;82,34;17,38;83,04;7,52;32,96;30,82;100,00;256,77;0,00;6,37
2018.0;9.0;2018-09-01;BRASPINE;OURO FINO;SP;APIAI;51,70;51,70;80,46;17,09;84,44;7,52;34,68;30,36;100,00;269,00;0,00;11,80
2018.0;9.0;2018-09-01;BRASPINE;PALMEIRINHA DE BAIXO - SOSSEGO;PR;SENGES;85,93;9,22;79,79;17,02;80,39;7,82;32,88;29,66;99,86;260,81;0,00;25,72
2018.0;9.0;2018-09-01;BRASPINE;PAZIN;PR;DOUTOR ULYSSES;41,20;23,90;93,79;17,31;82,98;7,88;33,95;30,77;100,00;258,52;0,00;0,83
2018.0;9.0;2018-09-01;BRASPINE;PEDRAS;PR;CASTRO;7,18;7,18;117,92;17,02;80,65;7,07;35,38;29,61;99,73;228,52;0,00;4,79
2018.0;9.0;2018-09-01;BRASPINE;PESCARIA;PR;SAO JOSE DA BOA VISTA;184,57;129,22;86,11;19,40;73,45;9,71;29,25;31,29;99,79;223,05;0,00;23,45
2018.0;9.0;2018-09-01;BRASPINE;PESSEGUEIRO;PR;DOUTOR ULYSSES;109,95;64,79;103,97;17,19;82,63;7,70;33,70;30,48;100,00;254,46;0,00;3,25
2018.0;9.0;2018-09-01;BRASPINE;PITANGA;;;;;182,71;17,30;80,61;7,43;43,31;28,75;99,80;230,98;0,00;0,50
2018.0;9.0;2018-09-01;BRASPINE;QUEIMADINHO ARROIO CLARO;PR;DOUTOR ULYSSES;48,13;19,09;92,90;17,19;82,63;7,70;33,70;30,48;100,00;254,46;0,00;3,25
2018.0;9.0;2018-09-01;BRASPINE;QUEIMADINHO M6042;PR;DOUTOR ULYSSES;48,38;18,50;92,90;17,19;82,63;7,70;33,70;30,48;100,00;254,46;0,00;3,25
2018.0;9.0;2018-09-01;BRASPINE;QUEIMADINHO USUCAPIAO;PR;DOUTOR ULYSSES;200,27;92,43;92,90;17,19;82,63;7,70;33,70;30,48;100,00;254,46;0,00;3,25
2018.0;9.0;2018-09-01;BRASPINE;RAMOS;PR;SENGES;69,83;38,15;94,15;17,07;81,89;7,60;33,13;30,27;100,00;249,07;0,00;338,92
2018.0;9.0;2018-09-01;BRASPINE;RIBEIRAO GRANDE;PR;JAGUARIAIVA;20,77;20,77;107,80;17,05;80,00;7,20;32,82;29,51;99,75;229,95;0,00;5,58
2018.0;9.0;2018-09-01;BRASPINE;RINCAO DE BAIXO;;;;;81,20;17,66;76,38;6,42;30,99;29,92;99,82;243,58;0,00;5,25
2018.0;9.0;2018-09-01;BRASPINE;RIO BOMBA;PR;CERRO AZUL;65,03;37,72;105,89;18,16;80,54;8,59;33,48;31,82;100,00;228,51;0,00;3,58
2018.0;9.0;2018-09-01;BRASPINE;RIO DO MEIO;PR;DOUTOR ULYSSES;712,33;389,13;91,59;17,19;82,63;7,70;33,70;30,48;100,00;254,46;0,00;3,25
2018.0;9.0;2018-09-01;BRASPINE;RONDON;PR;JAGUARIAIVA;2899,24;1475,88;93,20;17,07;80,53;7,48;34,09;29,71;99,88;261,76;0,00;9,51
2018.0;9.0;2018-09-01;BRASPINE;SANTA FELICIDADE;;;;;87,45;18,17;83,66;7,82;35,26;31,97;100,00;257,45;0,00;1,81
2018.0;9.0;2018-09-01;BRASPINE;SANTA LIDIA DO CERCADINHO;;;;;79,26;17,35;76,45;6,28;31,09;29,41;99,70;255,14;0,00;3,98
2018.0;9.0;2018-09-01;BRASPINE;SANTO ANTONIO;;;;;83,51;17,01;80,93;7,79;31,77;29,89;100,00;275,10;0,00;21,14
2018.0;9.0;2018-09-01;BRASPINE;SAO JOSE;PR;JANDAIA DO SUL;37,56;37,56;141,07;20,39;72,78;10,01;28,73;31,98;99,96;140,22;0,00;0,94
2018.0;9.0;2018-09-01;BRASPINE;SAO MATHEUS;;;;;121,38;21,50;72,41;10,83;29,51;33,77;99,59;100,19;0,00;9,99
2018.0;9.0;2018-09-01;BRASPINE;SAO PEDRO E SAO PAULO;PR;SAPOPEMA;709,13;323,93;102,02;18,60;74,25;7,79;33,21;30,17;99,87;229,61;0,00;1,51
2018.0;9.0;2018-09-01;BRASPINE;SAO RAFAEL;;;;;90,82;16,99;80,83;6,72;32,93;30,23;99,80;250,41;0,00;2,17
2018.0;9.0;2018-09-01;BRASPINE;SAO RAFAEL - PB;;;;;83,82;17,20;84,12;7,71;34,06;30,56;100,00;271,31;0,00;1,52
2018.0;9.0;2018-09-01;BRASPINE;SERRARIA;PR;DOUTOR ULYSSES;280,88;117,71;100,86;17,11;82,66;7,67;33,48;30,48;100,00;253,25;0,00;1,67
2018.0;9.0;2018-09-01;BRASPINE;SERRO VERDE;;;;;196,94;16,93;80,85;6,83;44,17;28,57;99,90;222,83;0,00;1,42
2018.0;9.0;2018-09-01;BRASPINE;SERTAOZINHO;PR;DOUTOR ULYSSES;16,25;16,25;91,26;17,19;82,63;7,70;33,70;30,48;100,00;254,46;0,00;3,25
2018.0;9.0;2018-09-01;BRASPINE;SITIO BASILIO;PR;JAGUARIAIVA;8,08;8,08;104,35;17,14;78,87;6,89;33,71;29,37;99,79;258,29;0,00;3,06
2018.0;9.0;2018-09-01;BRASPINE;SITIO DAS MARRECAS;PR;DOUTOR ULYSSES;77,49;35,17;97,21;17,71;83,23;7,92;34,84;31,33;100,00;250,63;0,00;1,42
2018.0;9.0;2018-09-01;BRASPINE;SOBRADINHO;SP;BOM SUCESSO DE ITARARE;285,80;123,10;79,37;16,88;82,29;7,75;31,92;29,96;100,00;274,01;0,00;328,30
2018.0;9.0;2018-09-01;BRASPINE;TAQUARAL;PR;JAGUARIAIVA;519,13;31,07;95,83;17,29;80,01;7,33;34,77;29,90;99,99;235,18;0,00;7,86
2018.0;9.0;2018-09-01;BRASPINE;TUCUNDUVA;PR;SENGES;82,21;60,89;92,40;17,83;76,60;8,22;31,32;29,91;100,00;272,04;0,00;10,41
2018.0;9.0;2018-09-01;BRASPINE;TUCUNDUVA - CHAMMA;;;;;84,05;17,84;77,11;8,45;31,14;30,02;100,00;259,41;0,00;8,04
2018.0;9.0;2018-09-01;BRASPINE;VIENA 1;PR;DOUTOR ULYSSES;263,98;178,34;111,79;16,82;81,97;7,19;34,02;29,85;100,00;244,59;0,00;1,66
2018.0;9.0;2018-09-01;BRASPINE;VIENA 2;PR;CERRO AZUL;140,23;96,54;105,65;18,16;80,54;8,59;33,48;31,82;100,00;228,51;0,00;3,58
2018.0;9.0;2018-09-01;BRASPINE;VITORIA;PR;SENGES;50,54;35,69;79,79;17,02;80,39;7,82;32,88;29,66;99,86;260,81;0,00;25,72
2018.0;9.0;2018-09-01;BRASPINE;VIVEIRO;PR;DOUTOR ULYSSES;405,39;261,22;91,12;17,19;82,63;7,70;33,70;30,48;100,00;254,46;0,00;3,25
2018.0;9.0;2018-09-01;BRASPINE;VO LINO;PR;DOUTOR ULYSSES;164,50;97,89;100,28;17,31;82,98;7,88;33,95;30,77;100,00;258,52;0,00;0,83
2018.0;9.0;2018-09-01;BRASPINE;XAXIM VELHO;;;;;214,56;16,17;82,86;4,22;44,34;28,02;100,00;311,48;4,22;15,89
2018.0;10.0;2018-10-01;BRASPINE;AGUA DOCE;PR;JAGUARIAIVA;238,97;121,99;157,76;17,88;85,89;9,57;44,90;26,76;99,86;239,90;0,00;1,78
2018.0;10.0;2018-10-01;BRASPINE;AMATA;;;;;143,66;18,94;86,31;11,27;46,65;29,96;100,00;146,90;0,00;0,60
2018.0;10.0;2018-10-01;BRASPINE;ANTA BRAVA;;;;;176,08;20,90;80,79;13,13;43,60;30,80;99,84;112,09;0,00;1,26
2018.0;10.0;2018-10-01;BRASPINE;ARAPONGAS;PR;SENGES;423,34;263,70;159,94;17,78;88,02;9,98;46,91;27,72;100,00;229,01;0,00;2,27
2018.0;10.0;2018-10-01;BRASPINE;ARROIO CLARO;PR;DOUTOR ULYSSES;275,14;92,00;127,19;17,88;88,23;10,49;46,89;28,15;100,00;233,33;0,00;0,05
2018.0;10.0;2018-10-01;BRASPINE;BARRA GRANDE;PR;DOUTOR ULYSSES;493,79;139,68;143,36;18,14;87,99;10,14;47,19;28,48;100,00;235,39;0,00;1,62
2018.0;10.0;2018-10-01;BRASPINE;BARRA GRANDE - BEMAIS;PR;GUARAPUAVA;299,16;108,61;271,41;17,64;87,52;10,01;46,44;25,73;99,99;241,81;0,00;3,35
2018.0;10.0;2018-10-01;BRASPINE;BARRETOS;PR;JAGUARIAIVA;43,35;32,98;146,45;17,77;87,47;9,77;45,53;27,33;100,00;239,97;0,00;2,48
2018.0;10.0;2018-10-01;BRASPINE;BAU;;;;;236,31;17,81;87,34;9,87;45,62;25,05;99,97;230,61;0,00;1,21
2018.0;10.0;2018-10-01;BRASPINE;BOA VISTA II;PR;PIRAI DO SUL;944,00;535,05;142,46;17,82;86,78;9,67;44,96;27,13;99,98;237,94;0,00;0,47
2018.0;10.0;2018-10-01;BRASPINE;BRASILEIRA;;;;;147,88;17,78;88,02;9,98;46,91;27,72;100,00;229,01;0,00;2,27
2018.0;10.0;2018-10-01;BRASPINE;BURACAO;;;;;174,32;17,66;87,44;10,21;47,58;27,21;99,92;272,19;0,00;1,03
2018.0;10.0;2018-10-01;BRASPINE;BURRINHO;PR;DOUTOR ULYSSES;211,01;100,37;127,42;17,88;88,23;10,49;46,89;28,15;100,00;233,33;0,00;0,05
2018.0;10.0;2018-10-01;BRASPINE;CADEADO I;PR;JAGUARIAIVA;21,07;12,29;141,24;17,64;87,71;9,18;46,24;27,36;100,00;239,53;0,00;4,96
2018.0;10.0;2018-10-01;BRASPINE;CADEADO II;PR;JAGUARIAIVA;21,88;16,79;141,24;17,64;87,71;9,18;46,24;27,36;100,00;239,53;0,00;4,96
2018.0;10.0;2018-10-01;BRASPINE;CAMPINA ALTA;PR;TIBAGI;29,77;18,24;233,06;19,28;85,11;9,89;44,73;26,93;99,91;155,95;0,00;9,76
2018.0;10.0;2018-10-01;BRASPINE;CAMPINA DO ELIAS;PR;JAGUARIAIVA;29,17;14,65;141,84;17,72;87,56;9,56;45,79;27,34;100,00;239,83;0,00;1,35
2018.0;10.0;2018-10-01;BRASPINE;CAMPO NOVO;PR;JAGUARIAIVA;295,98;156,36;160,82;17,64;87,71;9,18;46,24;27,36;100,00;239,53;0,00;4,96
2018.0;10.0;2018-10-01;BRASPINE;CONSULTORIA II A;PR;DOUTOR ULYSSES;89,62;60,79;148,21;17,78;88,02;9,98;46,91;27,72;100,00;229,01;0,00;2,27
2018.0;10.0;2018-10-01;BRASPINE;DINIZ;;;;;156,33;17,78;88,02;9,98;46,91;27,72;100,00;229,01;0,00;2,27
2018.0;10.0;2018-10-01;BRASPINE;ENES;PR;JAGUARIAIVA;5,93;5,69;160,76;17,64;87,71;9,18;46,24;27,36;100,00;239,53;0,00;4,96
2018.0;10.0;2018-10-01;BRASPINE;ENGENHARIA;;;;;156,33;17,78;88,02;9,98;46,91;27,72;100,00;229,01;0,00;2,27
2018.0;10.0;2018-10-01;BRASPINE;ESTACAO;PR;SENGES;4,76;4,14;141,41;17,64;87,71;9,18;46,24;27,36;100,00;239,53;0,00;4,96
2018.0;10.0;2018-10-01;BRASPINE;FAXINAL;PR;JAGUARIAIVA;20,65;20,65;160,76;17,64;87,71;9,18;46,24;27,36;100,00;239,53;0,00;4,96
2018.0;10.0;2018-10-01;BRASPINE;FEITAL;PR;DOUTOR ULYSSES;154,17;86,53;146,44;17,90;88,01;10,03;47,16;27,97;100,00;231,12;0,00;0,64
2018.0;10.0;2018-10-01;BRASPINE;FIGUEIRA;PR;DOUTOR ULYSSES;1053,81;315,71;137,32;17,88;88,23;10,49;46,89;28,15;100,00;233,33;0,00;0,05
2018.0;10.0;2018-10-01;BRASPINE;FIGUEIRINHA;PR;DOUTOR ULYSSES;94,37;56,74;139,26;17,88;88,23;10,49;46,89;28,15;100,00;233,33;0,00;0,05
2018.0;10.0;2018-10-01;BRASPINE;FLOEMA;PR;DOUTOR ULYSSES;2189,88;701,43;151,45;17,51;88,15;9,76;47,27;27,50;100,00;254,91;0,00;12,33
2018.0;10.0;2018-10-01;BRASPINE;FLOEMA I - SUDATI;;;;;147,37;17,78;88,02;9,98;46,91;27,72;100,00;229,01;0,00;2,27
2018.0;10.0;2018-10-01;BRASPINE;FLOEMA II - SUDATI;PR;DOUTOR ULYSSES;453,83;211,13;146,14;17,78;88,02;9,98;46,91;27,72;100,00;229,01;0,00;2,27
2018.0;10.0;2018-10-01;BRASPINE;FLOR DA SERRA;PR;SAO JOSE DA BOA VISTA;209,10;128,72;177,45;20,22;79,53;12,24;44,52;28,50;99,76;123,60;0,00;0,04
2018.0;10.0;2018-10-01;BRASPINE;GENTIL;PR;JAGUARIAIVA;126,77;53,33;149,94;17,71;85,87;9,37;45,08;26,32;99,61;236,66;0,00;6,17
2018.0;10.0;2018-10-01;BRASPINE;GUAIRACA;PR;GUARAPUAVA;623,62;169,31;288,88;17,66;87,31;10,04;47,44;26,02;99,99;242,91;0,00;4,01
2018.0;10.0;2018-10-01;BRASPINE;HERVAL 2 - MADALOSSO;;;;;166,57;17,66;87,44;10,21;47,58;27,21;99,92;272,19;0,00;1,03
2018.0;10.0;2018-10-01;BRASPINE;HERVAL DE BAIXO;PR;RESERVA;827,29;475,92;250,27;19,29;85,41;9,77;45,50;26,78;99,85;156,22;0,00;3,67
2018.0;10.0;2018-10-01;BRASPINE;HORTO 01;PR;TURVO;19,12;19,12;236,61;18,43;87,61;9,98;48,83;25,59;99,79;206,51;0,00;2,23
2018.0;10.0;2018-10-01;BRASPINE;HORTO 02;PR;TURVO;4,24;4,24;230,57;18,43;87,61;9,98;48,83;25,59;99,79;206,51;0,00;2,23
2018.0;10.0;2018-10-01;BRASPINE;HORTO 03;PR;PRUDENTOPOLIS;80,91;25,89;251,68;18,83;86,82;10,77;47,15;26,37;99,90;168,09;0,00;1,13
2018.0;10.0;2018-10-01;BRASPINE;HORTO 08;PR;TURVO;9,53;9,53;223,95;18,83;86,82;10,77;47,15;26,37;99,90;168,09;0,00;1,13
2018.0;10.0;2018-10-01;BRASPINE;HORTO 12;PR;PRUDENTOPOLIS;12,20;12,20;251,16;18,83;86,82;10,77;47,15;26,37;99,90;168,09;0,00;1,13
2018.0;10.0;2018-10-01;BRASPINE;IZAU;PR;PIRAI DO SUL;19,37;11,60;148,82;17,63;86,61;9,61;44,43;26,39;99,81;249,70;0,00;1,63
2018.0;10.0;2018-10-01;BRASPINE;JOAO RICO;PR;JAGUARIAIVA;47,46;26,18;153,65;17,88;85,89;9,57;44,90;26,76;99,86;239,90;0,00;1,78
2018.0;10.0;2018-10-01;BRASPINE;LAGOA;PR;JAGUARIAIVA;24,10;10,78;135,79;17,64;87,71;9,18;46,24;27,36;100,00;239,53;0,00;4,96
2018.0;10.0;2018-10-01;BRASPINE;MARACANA;PR;JANDAIA DO SUL;11,45;11,45;321,06;21,40;81,89;13,41;42,73;28,78;100,00;56,52;0,00;1,14
2018.0;10.0;2018-10-01;BRASPINE;MARRECA;;;;;131,64;17,88;88,23;10,49;46,89;28,15;100,00;233,33;0,00;0,05
2018.0;10.0;2018-10-01;BRASPINE;MARRECA SP;SP;ITAPIRAPUA PAULISTA;675,30;236,19;142,07;18,41;88,00;10,81;46,68;29,13;100,00;211,58;0,00;4,58
2018.0;10.0;2018-10-01;BRASPINE;MARRECAS;;;;;277,01;17,13;87,96;9,49;46,69;26,98;100,00;262,55;0,00;6,94
2018.0;10.0;2018-10-01;BRASPINE;MERCADINHO;;;;;133,54;18,36;87,25;10,87;46,45;28,82;100,00;213,16;0,00;0,61
2018.0;10.0;2018-10-01;BRASPINE;MONTE ALEGRE;;;;;313,00;21,90;81,06;14,00;42,39;29,27;99,96;42,94;0,00;2,54
2018.0;10.0;2018-10-01;BRASPINE;MONTE TABOR II;;;;;152,48;18,04;88,59;10,54;52,97;28,47;100,00;181,10;0,00;4,97
2018.0;10.0;2018-10-01;BRASPINE;MOREIRA;PR;DOUTOR ULYSSES;230,52;68,68;146,14;17,78;88,02;9,98;46,91;27,72;100,00;229,01;0,00;2,27
2018.0;10.0;2018-10-01;BRASPINE;MOREIRAS II;PR;DOUTOR ULYSSES;66,76;28,75;148,53;17,78;88,02;9,98;46,91;27,72;100,00;229,01;0,00;2,27
2018.0;10.0;2018-10-01;BRASPINE;MORRETES;PR;ORTIGUEIRA;20,36;20,36;252,67;19,77;85,22;10,28;45,65;27,16;99,82;129,76;0,00;2,78
2018.0;10.0;2018-10-01;BRASPINE;MORRO AZUL;;;;;150,31;17,98;87,81;9,93;45,30;28,20;100,00;231,70;0,00;23,02
2018.0;10.0;2018-10-01;BRASPINE;OURO FINO;SP;APIAI;51,70;51,70;148,09;17,82;88,53;9,93;49,25;28,15;100,00;247,88;0,00;20,05
2018.0;10.0;2018-10-01;BRASPINE;PALMEIRINHA DE BAIXO - SOSSEGO;PR;SENGES;85,93;9,22;167,24;17,69;86,20;9,94;42,40;26,67;99,86;240,44;0,00;50,45
2018.0;10.0;2018-10-01;BRASPINE;PAZIN;PR;DOUTOR ULYSSES;41,20;23,90;144,11;17,88;88,23;10,49;46,89;28,15;100,00;233,33;0,00;0,05
2018.0;10.0;2018-10-01;BRASPINE;PEDRAS;PR;CASTRO;7,18;7,18;155,84;17,64;87,04;9,54;46,74;26,44;99,92;249,59;0,00;1,43
2018.0;10.0;2018-10-01;BRASPINE;PESCARIA;PR;SAO JOSE DA BOA VISTA;184,57;129,22;167,81;20,23;79,32;12,24;41,59;28,76;99,64;123,05;0,00;1,41
2018.0;10.0;2018-10-01;BRASPINE;PESSEGUEIRO;PR;DOUTOR ULYSSES;109,95;64,79;128,75;17,78;88,02;9,98;46,91;27,72;100,00;229,01;0,00;2,27
2018.0;10.0;2018-10-01;BRASPINE;PITANGA;;;;;256,05;18,57;86,68;10,65;47,05;25,39;99,81;182,33;0,00;1,79
2018.0;10.0;2018-10-01;BRASPINE;QUEIMADINHO ARROIO CLARO;PR;DOUTOR ULYSSES;48,13;19,09;147,88;17,78;88,02;9,98;46,91;27,72;100,00;229,01;0,00;2,27
2018.0;10.0;2018-10-01;BRASPINE;QUEIMADINHO M6042;PR;DOUTOR ULYSSES;48,38;18,50;147,88;17,78;88,02;9,98;46,91;27,72;100,00;229,01;0,00;2,27
2018.0;10.0;2018-10-01;BRASPINE;QUEIMADINHO USUCAPIAO;PR;DOUTOR ULYSSES;200,27;92,43;147,88;17,78;88,02;9,98;46,91;27,72;100,00;229,01;0,00;2,27
2018.0;10.0;2018-10-01;BRASPINE;RAMOS;PR;SENGES;69,83;38,15;147,37;17,64;87,71;9,18;46,24;27,36;100,00;239,53;0,00;4,96
2018.0;10.0;2018-10-01;BRASPINE;RIBEIRAO GRANDE;PR;JAGUARIAIVA;20,77;20,77;150,53;17,63;86,61;9,61;44,43;26,39;99,81;249,70;0,00;1,63
2018.0;10.0;2018-10-01;BRASPINE;RINCAO DE BAIXO;;;;;214,81;18,60;83,43;10,07;43,70;26,43;99,80;176,88;0,00;11,41
2018.0;10.0;2018-10-01;BRASPINE;RIO BOMBA;PR;CERRO AZUL;65,03;37,72;135,17;18,64;86,67;10,87;46,84;29,19;99,99;156,76;0,00;0,37
2018.0;10.0;2018-10-01;BRASPINE;RIO DO MEIO;PR;DOUTOR ULYSSES;712,33;389,13;148,35;17,78;88,02;9,98;46,91;27,72;100,00;229,01;0,00;2,27
2018.0;10.0;2018-10-01;BRASPINE;RONDON;PR;JAGUARIAIVA;2899,24;1475,88;154,21;17,69;86,55;9,78;44,33;26,66;99,89;239,17;0,00;0,83
2018.0;10.0;2018-10-01;BRASPINE;SANTA FELICIDADE;;;;;139,08;18,74;87,72;10,97;46,75;30,06;100,00;186,78;0,00;0,09
2018.0;10.0;2018-10-01;BRASPINE;SANTA LIDIA DO CERCADINHO;;;;;206,41;18,28;83,58;10,05;43,92;26,09;99,81;203,50;0,00;10,67
2018.0;10.0;2018-10-01;BRASPINE;SANTO ANTONIO;;;;;166,59;17,70;86,42;9,99;42,09;27,12;100,00;255,48;0,00;47,53
2018.0;10.0;2018-10-01;BRASPINE;SAO JOSE;PR;JANDAIA DO SUL;37,56;37,56;315,10;21,74;81,26;13,83;42,55;29,09;100,00;42,51;0,00;0,17
2018.0;10.0;2018-10-01;BRASPINE;SAO MATHEUS;;;;;295,24;22,94;80,18;15,01;41,41;30,59;99,88;0,00;0,00;0,27
2018.0;10.0;2018-10-01;BRASPINE;SAO PEDRO E SAO PAULO;PR;SAPOPEMA;709,13;323,93;231,39;19,85;82,08;11,47;46,10;27,52;99,70;147,32;0,00;2,02
2018.0;10.0;2018-10-01;BRASPINE;SAO RAFAEL;;;;;237,40;17,28;85,99;10,18;47,33;26,90;99,92;256,49;0,00;353,33
2018.0;10.0;2018-10-01;BRASPINE;SAO RAFAEL - PB;;;;;150,90;17,90;88,37;10,20;48,68;28,21;100,00;248,25;0,00;23,29
2018.0;10.0;2018-10-01;BRASPINE;SERRARIA;PR;DOUTOR ULYSSES;280,88;117,71;128,37;17,70;88,19;10,13;47,08;27,82;100,00;229,26;0,00;2,13
2018.0;10.0;2018-10-01;BRASPINE;SERRO VERDE;;;;;236,43;18,14;86,37;10,05;43,75;25,40;99,99;191,54;0,00;2,11
2018.0;10.0;2018-10-01;BRASPINE;SERTAOZINHO;PR;DOUTOR ULYSSES;16,25;16,25;153,47;17,78;88,02;9,98;46,91;27,72;100,00;229,01;0,00;2,27
2018.0;10.0;2018-10-01;BRASPINE;SITIO BASILIO;PR;JAGUARIAIVA;8,08;8,08;157,47;17,78;85,65;9,34;45,23;26,42;99,64;238,12;0,00;4,52
2018.0;10.0;2018-10-01;BRASPINE;SITIO DAS MARRECAS;PR;DOUTOR ULYSSES;77,49;35,17;141,21;18,26;88,07;10,72;46,74;28,85;100,00;239,32;0,00;0,50
2018.0;10.0;2018-10-01;BRASPINE;SOBRADINHO;SP;BOM SUCESSO DE ITARARE;285,80;123,10;178,37;17,61;87,24;10,07;44,08;27,35;100,00;255,24;0,00;6,36
2018.0;10.0;2018-10-01;BRASPINE;TAQUARAL;PR;JAGUARIAIVA;519,13;31,07;163,35;17,83;86,44;9,55;45,14;26,88;99,99;239,85;0,00;4,59
2018.0;10.0;2018-10-01;BRASPINE;TUCUNDUVA;PR;SENGES;82,21;60,89;160,22;18,64;82,63;10,49;42,05;27,05;99,64;193,76;0,00;1,57
2018.0;10.0;2018-10-01;BRASPINE;TUCUNDUVA - CHAMMA;;;;;169,55;18,61;83,00;10,67;41,25;27,12;99,65;195,05;0,00;1,68
2018.0;10.0;2018-10-01;BRASPINE;VIENA 1;PR;DOUTOR ULYSSES;263,98;178,34;147,81;17,42;88,03;9,78;47,33;27,05;100,00;266,07;0,00;6,35
2018.0;10.0;2018-10-01;BRASPINE;VIENA 2;PR;CERRO AZUL;140,23;96,54;134,71;18,64;86,67;10,87;46,84;29,19;99,99;156,76;0,00;0,37
2018.0;10.0;2018-10-01;BRASPINE;VITORIA;PR;SENGES;50,54;35,69;167,24;17,69;86,20;9,94;42,40;26,67;99,86;240,44;0,00;50,45
2018.0;10.0;2018-10-01;BRASPINE;VIVEIRO;PR;DOUTOR ULYSSES;405,39;261,22;148,53;17,78;88,02;9,98;46,91;27,72;100,00;229,01;0,00;2,27
2018.0;10.0;2018-10-01;BRASPINE;VO LINO;PR;DOUTOR ULYSSES;164,50;97,89;129,30;17,88;88,23;10,49;46,89;28,15;100,00;233,33;0,00;0,05
2018.0;10.0;2018-10-01;BRASPINE;XAXIM VELHO;;;;;285,87;17,03;88,26;9,37;48,16;25,57;100,00;262,57;0,00;2,69
2018.0;11.0;2018-11-01;BRASPINE;AGUA DOCE;PR;JAGUARIAIVA;238,97;121,99;68,58;19,05;82,09;11,23;44,58;28,48;99,69;198,17;0,00;0,77
2018.0;11.0;2018-11-01;BRASPINE;AMATA;;;;;89,03;20,59;80,67;13,32;43,57;31,78;99,99;99,95;0,00;1,34
2018.0;11.0;2018-11-01;BRASPINE;ANTA BRAVA;;;;;99,89;21,93;77,06;14,31;42,41;32,14;97,74;14,31;0,00;1,19
2018.0;11.0;2018-11-01;BRASPINE;ARAPONGAS;PR;SENGES;423,34;263,70;71,37;19,01;84,46;11,96;46,28;29,62;100,00;203,50;0,00;0,94
2018.0;11.0;2018-11-01;BRASPINE;ARROIO CLARO;PR;DOUTOR ULYSSES;275,14;92,00;78,22;19,19;84,32;12,21;46,27;30,06;100,00;191,86;0,00;5,55
2018.0;11.0;2018-11-01;BRASPINE;BARRA GRANDE;PR;DOUTOR ULYSSES;493,79;139,68;69,64;19,43;84,58;12,34;46,23;30,50;100,00;148,94;0,00;1,37
2018.0;11.0;2018-11-01;BRASPINE;BARRA GRANDE - BEMAIS;PR;GUARAPUAVA;299,16;108,61;45,85;19,08;80,16;11,20;43,66;27,67;99,99;185,04;0,00;2,16
2018.0;11.0;2018-11-01;BRASPINE;BARRETOS;PR;JAGUARIAIVA;43,35;32,98;69,89;18,96;83,88;11,31;45,15;29,12;99,76;227,45;0,00;0,77
2018.0;11.0;2018-11-01;BRASPINE;BAU;;;;;63,27;19,29;79,51;11,53;43,10;27,14;99,90;187,70;0,00;0,20
2018.0;11.0;2018-11-01;BRASPINE;BOA VISTA II;PR;PIRAI DO SUL;944,00;535,05;74,44;18,96;83,19;11,00;45,17;28,75;99,78;225,21;0,00;2,83
2018.0;11.0;2018-11-01;BRASPINE;BRASILEIRA;;;;;73,27;19,01;84,46;11,96;46,28;29,62;100,00;203,50;0,00;0,94
2018.0;11.0;2018-11-01;BRASPINE;BURACAO;;;;;87,35;19,05;82,18;11,41;46,90;28,81;99,71;202,10;0,00;0,77
2018.0;11.0;2018-11-01;BRASPINE;BURRINHO;PR;DOUTOR ULYSSES;211,01;100,37;78,34;19,19;84,32;12,21;46,27;30,06;100,00;191,86;0,00;5,55
2018.0;11.0;2018-11-01;BRASPINE;CADEADO I;PR;JAGUARIAIVA;21,07;12,29;72,54;18,84;84,08;11,60;45,04;29,14;100,00;228,78;0,00;0,05
2018.0;11.0;2018-11-01;BRASPINE;CADEADO II;PR;JAGUARIAIVA;21,88;16,79;72,54;18,84;84,08;11,60;45,04;29,14;100,00;228,78;0,00;0,05
2018.0;11.0;2018-11-01;BRASPINE;CAMPINA ALTA;PR;TIBAGI;29,77;18,24;64,82;20,54;78,23;11,47;44,84;29,30;99,90;138,03;0,00;1,00
2018.0;11.0;2018-11-01;BRASPINE;CAMPINA DO ELIAS;PR;JAGUARIAIVA;29,17;14,65;75,30;18,92;83,95;11,42;45,11;29,13;99,85;227,93;0,00;340,85
2018.0;11.0;2018-11-01;BRASPINE;CAMPO NOVO;PR;JAGUARIAIVA;295,98;156,36;74,28;18,84;84,08;11,60;45,04;29,14;100,00;228,78;0,00;0,05
2018.0;11.0;2018-11-01;BRASPINE;CONSULTORIA II A;PR;DOUTOR ULYSSES;89,62;60,79;74,14;19,01;84,46;11,96;46,28;29,62;100,00;203,50;0,00;0,94
2018.0;11.0;2018-11-01;BRASPINE;DINIZ;;;;;65,09;19,01;84,46;11,96;46,28;29,62;100,00;203,50;0,00;0,94
2018.0;11.0;2018-11-01;BRASPINE;ENES;PR;JAGUARIAIVA;5,93;5,69;74,71;18,84;84,08;11,60;45,04;29,14;100,00;228,78;0,00;0,05
2018.0;11.0;2018-11-01;BRASPINE;ENGENHARIA;;;;;65,09;19,01;84,46;11,96;46,28;29,62;100,00;203,50;0,00;0,94
2018.0;11.0;2018-11-01;BRASPINE;ESTACAO;PR;SENGES;4,76;4,14;72,20;18,84;84,08;11,60;45,04;29,14;100,00;228,78;0,00;0,05
2018.0;11.0;2018-11-01;BRASPINE;FAXINAL;PR;JAGUARIAIVA;20,65;20,65;74,71;18,84;84,08;11,60;45,04;29,14;100,00;228,78;0,00;0,05
2018.0;11.0;2018-11-01;BRASPINE;FEITAL;PR;DOUTOR ULYSSES;154,17;86,53;75,69;19,15;84,50;12,09;46,80;29,91;100,00;205,50;0,00;0,74
2018.0;11.0;2018-11-01;BRASPINE;FIGUEIRA;PR;DOUTOR ULYSSES;1053,81;315,71;74,27;19,19;84,32;12,21;46,27;30,06;100,00;191,86;0,00;5,55
2018.0;11.0;2018-11-01;BRASPINE;FIGUEIRINHA;PR;DOUTOR ULYSSES;94,37;56,74;72,85;19,19;84,32;12,21;46,27;30,06;100,00;191,86;0,00;5,55
2018.0;11.0;2018-11-01;BRASPINE;FLOEMA;PR;DOUTOR ULYSSES;2189,88;701,43;73,74;18,76;84,18;11,77;44,47;29,05;100,00;214,57;0,00;0,85
2018.0;11.0;2018-11-01;BRASPINE;FLOEMA I - SUDATI;;;;;70,36;19,01;84,46;11,96;46,28;29,62;100,00;203,50;0,00;0,94
2018.0;11.0;2018-11-01;BRASPINE;FLOEMA II - SUDATI;PR;DOUTOR ULYSSES;453,83;211,13;68,56;19,01;84,46;11,96;46,28;29,62;100,00;203,50;0,00;0,94
2018.0;11.0;2018-11-01;BRASPINE;FLOR DA SERRA;PR;SAO JOSE DA BOA VISTA;209,10;128,72;44,34;21,43;74,43;14,01;42,83;30,65;99,80;57,90;0,00;342,39
2018.0;11.0;2018-11-01;BRASPINE;GENTIL;PR;JAGUARIAIVA;126,77;53,33;75,24;18,83;82,07;11,05;44,33;28,03;99,47;209,77;0,00;4,16
2018.0;11.0;2018-11-01;BRASPINE;GUAIRACA;PR;GUARAPUAVA;623,62;169,31;44,89;19,17;80,20;11,29;44,16;27,96;99,98;186,54;0,00;3,24
2018.0;11.0;2018-11-01;BRASPINE;HERVAL 2 - MADALOSSO;;;;;89,60;19,05;82,18;11,41;46,90;28,81;99,71;202,10;0,00;0,77
2018.0;11.0;2018-11-01;BRASPINE;HERVAL DE BAIXO;PR;RESERVA;827,29;475,92;62,78;20,56;78,35;11,10;45,70;29,38;99,82;123,10;0,00;4,13
2018.0;11.0;2018-11-01;BRASPINE;HORTO 01;PR;TURVO;19,12;19,12;58,89;19,82;80,34;11,65;46,29;28,15;99,74;148,83;0,00;3,35
2018.0;11.0;2018-11-01;BRASPINE;HORTO 02;PR;TURVO;4,24;4,24;58,98;19,82;80,34;11,65;46,29;28,15;99,74;148,83;0,00;3,35
2018.0;11.0;2018-11-01;BRASPINE;HORTO 03;PR;PRUDENTOPOLIS;80,91;25,89;59,07;20,33;79,10;11,97;44,64;29,01;99,87;138,47;0,00;2,37
2018.0;11.0;2018-11-01;BRASPINE;HORTO 08;PR;TURVO;9,53;9,53;64,02;20,33;79,10;11,97;44,64;29,01;99,87;138,47;0,00;2,37
2018.0;11.0;2018-11-01;BRASPINE;HORTO 12;PR;PRUDENTOPOLIS;12,20;12,20;59,62;20,33;79,10;11,97;44,64;29,01;99,87;138,47;0,00;2,37
2018.0;11.0;2018-11-01;BRASPINE;IZAU;PR;PIRAI DO SUL;19,37;11,60;76,28;18,73;83,03;10,80;43,88;28,16;99,64;206,42;0,00;4,62
2018.0;11.0;2018-11-01;BRASPINE;JOAO RICO;PR;JAGUARIAIVA;47,46;26,18;71,93;19,05;82,09;11,23;44,58;28,48;99,69;198,17;0,00;0,77
2018.0;11.0;2018-11-01;BRASPINE;LAGOA;PR;JAGUARIAIVA;24,10;10,78;72,00;18,84;84,08;11,60;45,04;29,14;100,00;228,78;0,00;0,05
2018.0;11.0;2018-11-01;BRASPINE;MARACANA;PR;JANDAIA DO SUL;11,45;11,45;79,15;22,63;73,25;14,39;41,20;31,20;99,97;29,10;0,00;4,98
2018.0;11.0;2018-11-01;BRASPINE;MARRECA;;;;;78,55;19,19;84,32;12,21;46,27;30,06;100,00;191,86;0,00;5,55
2018.0;11.0;2018-11-01;BRASPINE;MARRECA SP;SP;ITAPIRAPUA PAULISTA;675,30;236,19;70,30;19,83;84,12;12,67;45,35;31,36;100,00;153,60;0,00;2,99
2018.0;11.0;2018-11-01;BRASPINE;MARRECAS;;;;;51,20;18,54;80,88;10,76;43,61;27,02;100,00;222,15;0,00;7,40
2018.0;11.0;2018-11-01;BRASPINE;MERCADINHO;;;;;87,45;19,83;82,52;12,69;44,71;30,91;99,95;138,54;0,00;0,07
2018.0;11.0;2018-11-01;BRASPINE;MONTE ALEGRE;;;;;79,50;23,17;72,22;14,85;40,41;31,85;99,83;14,85;0,00;2,29
2018.0;11.0;2018-11-01;BRASPINE;MONTE TABOR II;;;;;88,78;19,22;85,79;12,52;47,96;30,76;99,99;168,60;0,00;24,99
2018.0;11.0;2018-11-01;BRASPINE;MOREIRA;PR;DOUTOR ULYSSES;230,52;68,68;68,56;19,01;84,46;11,96;46,28;29,62;100,00;203,50;0,00;0,94
2018.0;11.0;2018-11-01;BRASPINE;MOREIRAS II;PR;DOUTOR ULYSSES;66,76;28,75;74,98;19,01;84,46;11,96;46,28;29,62;100,00;203,50;0,00;0,94
2018.0;11.0;2018-11-01;BRASPINE;MORRETES;PR;ORTIGUEIRA;20,36;20,36;73,21;21,06;78,14;11,24;46,14;30,05;99,80;95,47;0,00;4,22
2018.0;11.0;2018-11-01;BRASPINE;MORRO AZUL;;;;;68,82;19,20;84,70;12,24;45,93;30,12;100,00;191,45;0,00;12,01
2018.0;11.0;2018-11-01;BRASPINE;OURO FINO;SP;APIAI;51,70;51,70;86,31;18,97;85,85;12,33;48,77;30,12;100,00;193,09;0,00;0,71
2018.0;11.0;2018-11-01;BRASPINE;PALMEIRINHA DE BAIXO - SOSSEGO;PR;SENGES;85,93;9,22;59,21;18,81;82,82;11,77;44,20;28,70;99,77;229,58;0,00;20,86
2018.0;11.0;2018-11-01;BRASPINE;PAZIN;PR;DOUTOR ULYSSES;41,20;23,90;73,58;19,19;84,32;12,21;46,27;30,06;100,00;191,86;0,00;5,55
2018.0;11.0;2018-11-01;BRASPINE;PEDRAS;PR;CASTRO;7,18;7,18;73,33;18,74;83,39;10,70;45,83;28,10;99,35;206,53;0,00;6,95
2018.0;11.0;2018-11-01;BRASPINE;PESCARIA;PR;SAO JOSE DA BOA VISTA;184,57;129,22;50,69;21,54;74,19;14,07;40,95;31,15;99,68;43,05;0,00;0,40
2018.0;11.0;2018-11-01;BRASPINE;PESSEGUEIRO;PR;DOUTOR ULYSSES;109,95;64,79;75,45;19,01;84,46;11,96;46,28;29,62;100,00;203,50;0,00;0,94
2018.0;11.0;2018-11-01;BRASPINE;PITANGA;;;;;60,89;20,04;78,75;12,32;44,71;28,00;99,81;136,78;0,00;0,55
2018.0;11.0;2018-11-01;BRASPINE;QUEIMADINHO ARROIO CLARO;PR;DOUTOR ULYSSES;48,13;19,09;73,27;19,01;84,46;11,96;46,28;29,62;100,00;203,50;0,00;0,94
2018.0;11.0;2018-11-01;BRASPINE;QUEIMADINHO M6042;PR;DOUTOR ULYSSES;48,38;18,50;73,27;19,01;84,46;11,96;46,28;29,62;100,00;203,50;0,00;0,94
2018.0;11.0;2018-11-01;BRASPINE;QUEIMADINHO USUCAPIAO;PR;DOUTOR ULYSSES;200,27;92,43;73,27;19,01;84,46;11,96;46,28;29,62;100,00;203,50;0,00;0,94
2018.0;11.0;2018-11-01;BRASPINE;RAMOS;PR;SENGES;69,83;38,15;70,36;18,84;84,08;11,60;45,04;29,14;100,00;228,78;0,00;0,05
2018.0;11.0;2018-11-01;BRASPINE;RIBEIRAO GRANDE;PR;JAGUARIAIVA;20,77;20,77;78,49;18,73;83,03;10,80;43,88;28,16;99,64;206,42;0,00;4,62
2018.0;11.0;2018-11-01;BRASPINE;RINCAO DE BAIXO;;;;;79,07;19,79;77,94;11,71;43,05;28,61;99,53;162,13;0,00;1,97
2018.0;11.0;2018-11-01;BRASPINE;RIO BOMBA;PR;CERRO AZUL;65,03;37,72;86,18;20,22;80,87;12,94;43,56;30,99;100,00;126,80;0,00;0,77
2018.0;11.0;2018-11-01;BRASPINE;RIO DO MEIO;PR;DOUTOR ULYSSES;712,33;389,13;74,53;19,01;84,46;11,96;46,28;29,62;100,00;203,50;0,00;0,94
2018.0;11.0;2018-11-01;BRASPINE;RONDON;PR;JAGUARIAIVA;2899,24;1475,88;69,71;18,83;83,11;11,56;44,67;28,68;99,86;228,75;0,00;0,39
2018.0;11.0;2018-11-01;BRASPINE;SANTA FELICIDADE;;;;;78,34;20,21;83,99;12,96;44,54;32,41;100,00;127,64;0,00;1,10
2018.0;11.0;2018-11-01;BRASPINE;SANTA LIDIA DO CERCADINHO;;;;;74,39;19,42;78,35;11,53;43,56;28,13;99,52;188,21;0,00;1,34
2018.0;11.0;2018-11-01;BRASPINE;SANTO ANTONIO;;;;;61,92;18,83;83,09;11,90;43,66;28,91;99,98;244,96;0,00;17,00
2018.0;11.0;2018-11-01;BRASPINE;SAO JOSE;PR;JANDAIA DO SUL;37,56;37,56;79,21;23,00;72,46;14,72;40,70;31,62;99,90;14,72;0,00;22,90
2018.0;11.0;2018-11-01;BRASPINE;SAO MATHEUS;;;;;64,87;24,38;70,87;15,75;39,79;33,26;99,35;0,00;0,00;2,86
2018.0;11.0;2018-11-01;BRASPINE;SAO PEDRO E SAO PAULO;PR;SAPOPEMA;709,13;323,93;74,21;20,83;75,93;12,97;45,27;29,48;99,52;83,47;0,00;1,24
2018.0;11.0;2018-11-01;BRASPINE;SAO RAFAEL;;;;;90,33;18,96;81,02;11,00;45,67;29,04;99,76;188,12;0,00;1,79
2018.0;11.0;2018-11-01;BRASPINE;SAO RAFAEL - PB;;;;;82,74;19,07;85,56;12,34;47,57;30,26;100,00;178,06;0,00;4,50
2018.0;11.0;2018-11-01;BRASPINE;SERRARIA;PR;DOUTOR ULYSSES;280,88;117,71;74,81;18,98;84,25;11,99;45,39;29,55;100,00;203,33;0,00;0,38
2018.0;11.0;2018-11-01;BRASPINE;SERRO VERDE;;;;;65,49;19,67;78,26;11,94;42,04;27,66;99,87;161,85;0,00;1,38
2018.0;11.0;2018-11-01;BRASPINE;SERTAOZINHO;PR;DOUTOR ULYSSES;16,25;16,25;75,72;19,01;84,46;11,96;46,28;29,62;100,00;203,50;0,00;0,94
2018.0;11.0;2018-11-01;BRASPINE;SITIO BASILIO;PR;JAGUARIAIVA;8,08;8,08;68,72;18,92;81,78;11,18;44,54;28,09;99,51;196,74;0,00;2,67
2018.0;11.0;2018-11-01;BRASPINE;SITIO DAS MARRECAS;PR;DOUTOR ULYSSES;77,49;35,17;67,51;19,65;84,17;12,54;45,62;30,99;100,00;166,77;0,00;4,09
2018.0;11.0;2018-11-01;BRASPINE;SOBRADINHO;SP;BOM SUCESSO DE ITARARE;285,80;123,10;60,53;18,72;84,19;12,05;45,00;28,94;99,98;245,62;0,00;11,31
2018.0;11.0;2018-11-01;BRASPINE;TAQUARAL;PR;JAGUARIAIVA;519,13;31,07;70,44;19,00;82,81;11,36;45,16;28,71;99,91;198,96;0,00;0,07
2018.0;11.0;2018-11-01;BRASPINE;TUCUNDUVA;PR;SENGES;82,21;60,89;76,67;19,82;78,27;12,48;41,58;29,26;98,83;136,77;0,00;1,09
2018.0;11.0;2018-11-01;BRASPINE;TUCUNDUVA - CHAMMA;;;;;72,71;19,78;78,83;12,57;40,92;29,52;99,02;137,02;0,00;19,65
2018.0;11.0;2018-11-01;BRASPINE;VIENA 1;PR;DOUTOR ULYSSES;263,98;178,34;76,43;18,64;84,11;11,33;45,55;28,53;99,98;210,25;0,00;2,41
2018.0;11.0;2018-11-01;BRASPINE;VIENA 2;PR;CERRO AZUL;140,23;96,54;86,19;20,22;80,87;12,94;43,56;30,99;100,00;126,80;0,00;0,77
2018.0;11.0;2018-11-01;BRASPINE;VITORIA;PR;SENGES;50,54;35,69;59,21;18,81;82,82;11,77;44,20;28,70;99,77;229,58;0,00;20,86
2018.0;11.0;2018-11-01;BRASPINE;VIVEIRO;PR;DOUTOR ULYSSES;405,39;261,22;74,98;19,01;84,46;11,96;46,28;29,62;100,00;203,50;0,00;0,94
2018.0;11.0;2018-11-01;BRASPINE;VO LINO;PR;DOUTOR ULYSSES;164,50;97,89;79,54;19,19;84,32;12,21;46,27;30,06;100,00;191,86;0,00;5,55
2018.0;11.0;2018-11-01;BRASPINE;XAXIM VELHO;;;;;55,90;18,60;81,43;10,77;43,94;27,27;100,00;195,10;0,00;0,95
2018.0;12.0;2018-12-01;BRASPINE;AGUA DOCE;PR;JAGUARIAIVA;238,97;121,99;105,11;21,61;75,47;10,79;32,52;30,98;99,69;106,45;0,00;5,93
2018.0;12.0;2018-12-01;BRASPINE;AMATA;;;;;118,18;23,22;76,27;13,25;33,91;34,01;99,96;70,49;0,00;2,76
2018.0;12.0;2018-12-01;BRASPINE;ANTA BRAVA;;;;;108,35;24,45;71,08;13,41;33,46;34,05;97,65;28,32;0,00;1,99
2018.0;12.0;2018-12-01;BRASPINE;ARAPONGAS;PR;SENGES;423,34;263,70;133,28;21,51;78,94;11,35;34,41;31,41;100,00;106,75;0,00;5,61
2018.0;12.0;2018-12-01;BRASPINE;ARROIO CLARO;PR;DOUTOR ULYSSES;275,14;92,00;133,54;21,67;79,02;11,63;35,05;31,90;100,00;108,19;0,00;0,41
2018.0;12.0;2018-12-01;BRASPINE;BARRA GRANDE;PR;DOUTOR ULYSSES;493,79;139,68;152,33;22,04;79,44;11,87;35,52;32,17;100,00;94,73;0,00;1,75
2018.0;12.0;2018-12-01;BRASPINE;BARRA GRANDE - BEMAIS;PR;GUARAPUAVA;299,16;108,61;109,07;21,16;74,39;10,89;32,28;30,91;99,98;119,17;0,00;12,05
2018.0;12.0;2018-12-01;BRASPINE;BARRETOS;PR;JAGUARIAIVA;43,35;32,98;129,78;21,60;77,67;10,94;30,11;31,26;99,97;91,74;0,00;11,10
2018.0;12.0;2018-12-01;BRASPINE;BAU;;;;;133,30;21,13;74,38;10,90;32,86;30,32;99,77;103,89;0,00;3,11
2018.0;12.0;2018-12-01;BRASPINE;BOA VISTA II;PR;PIRAI DO SUL;944,00;535,05;124,70;21,64;76,62;10,70;31,95;31,22;99,90;91,25;0,00;1,39
2018.0;12.0;2018-12-01;BRASPINE;BRASILEIRA;;;;;154,69;21,51;78,94;11,35;34,41;31,41;100,00;106,75;0,00;5,61
2018.0;12.0;2018-12-01;BRASPINE;BURACAO;;;;;105,04;21,48;77,26;11,23;35,07;31,02;99,67;106,28;0,00;4,17
2018.0;12.0;2018-12-01;BRASPINE;BURRINHO;PR;DOUTOR ULYSSES;211,01;100,37;134,82;21,67;79,02;11,63;35,05;31,90;100,00;108,19;0,00;0,41
2018.0;12.0;2018-12-01;BRASPINE;CADEADO I;PR;JAGUARIAIVA;21,07;12,29;136,38;21,34;78,27;11,06;30,45;31,12;100,00;105,03;0,00;9,26
2018.0;12.0;2018-12-01;BRASPINE;CADEADO II;PR;JAGUARIAIVA;21,88;16,79;136,38;21,34;78,27;11,06;30,45;31,12;100,00;105,03;0,00;9,26
2018.0;12.0;2018-12-01;BRASPINE;CAMPINA ALTA;PR;TIBAGI;29,77;18,24;87,05;22,62;74,36;11,65;35,75;32,15;99,99;53,76;0,00;3,58
2018.0;12.0;2018-12-01;BRASPINE;CAMPINA DO ELIAS;PR;JAGUARIAIVA;29,17;14,65;135,47;21,50;77,89;10,99;30,23;31,21;99,98;106,26;0,00;10,47
2018.0;12.0;2018-12-01;BRASPINE;CAMPO NOVO;PR;JAGUARIAIVA;295,98;156,36;136,16;21,34;78,27;11,06;30,45;31,12;100,00;105,03;0,00;9,26
2018.0;12.0;2018-12-01;BRASPINE;CONSULTORIA II A;PR;DOUTOR ULYSSES;89,62;60,79;150,28;21,51;78,94;11,35;34,41;31,41;100,00;106,75;0,00;5,61
2018.0;12.0;2018-12-01;BRASPINE;DINIZ;;;;;152,42;21,51;78,94;11,35;34,41;31,41;100,00;106,75;0,00;5,61
2018.0;12.0;2018-12-01;BRASPINE;ENES;PR;JAGUARIAIVA;5,93;5,69;136,61;21,34;78,27;11,06;30,45;31,12;100,00;105,03;0,00;9,26
2018.0;12.0;2018-12-01;BRASPINE;ENGENHARIA;;;;;152,42;21,51;78,94;11,35;34,41;31,41;100,00;106,75;0,00;5,61
2018.0;12.0;2018-12-01;BRASPINE;ESTACAO;PR;SENGES;4,76;4,14;134,28;21,34;78,27;11,06;30,45;31,12;100,00;105,03;0,00;9,26
2018.0;12.0;2018-12-01;BRASPINE;FAXINAL;PR;JAGUARIAIVA;20,65;20,65;136,61;21,34;78,27;11,06;30,45;31,12;100,00;105,03;0,00;9,26
2018.0;12.0;2018-12-01;BRASPINE;FEITAL;PR;DOUTOR ULYSSES;154,17;86,53;153,95;21,69;79,11;11,53;35,66;31,66;100,00;92,88;0,00;4,31
2018.0;12.0;2018-12-01;BRASPINE;FIGUEIRA;PR;DOUTOR ULYSSES;1053,81;315,71;152,11;21,67;79,02;11,63;35,05;31,90;100,00;108,19;0,00;0,41
2018.0;12.0;2018-12-01;BRASPINE;FIGUEIRINHA;PR;DOUTOR ULYSSES;94,37;56,74;146,41;21,67;79,02;11,63;35,05;31,90;100,00;108,19;0,00;0,41
2018.0;12.0;2018-12-01;BRASPINE;FLOEMA;PR;DOUTOR ULYSSES;2189,88;701,43;145,84;21,14;78,50;11,10;31,54;31,03;100,00;104,13;0,00;1,12
2018.0;12.0;2018-12-01;BRASPINE;FLOEMA I - SUDATI;;;;;132,88;21,51;78,94;11,35;34,41;31,41;100,00;106,75;0,00;5,61
2018.0;12.0;2018-12-01;BRASPINE;FLOEMA II - SUDATI;PR;DOUTOR ULYSSES;453,83;211,13;142,01;21,51;78,94;11,35;34,41;31,41;100,00;106,75;0,00;5,61
2018.0;12.0;2018-12-01;BRASPINE;FLOR DA SERRA;PR;SAO JOSE DA BOA VISTA;209,10;128,72;120,39;23,89;68,21;12,97;31,42;33,81;97,95;27,53;0,00;1,41
2018.0;12.0;2018-12-01;BRASPINE;GENTIL;PR;JAGUARIAIVA;126,77;53,33;109,06;21,31;75,37;10,57;33,19;30,62;98,90;119,22;0,00;10,64
2018.0;12.0;2018-12-01;BRASPINE;GUAIRACA;PR;GUARAPUAVA;623,62;169,31;101,92;21,43;73,68;11,27;30,76;31,18;99,99;120,54;0,00;0,39
2018.0;12.0;2018-12-01;BRASPINE;HERVAL 2 - MADALOSSO;;;;;104,55;21,48;77,26;11,23;35,07;31,02;99,67;106,28;0,00;4,17
2018.0;12.0;2018-12-01;BRASPINE;HERVAL DE BAIXO;PR;RESERVA;827,29;475,92;79,97;22,59;74,49;11,60;34,93;32,29;99,93;82,14;0,00;2,52
2018.0;12.0;2018-12-01;BRASPINE;HORTO 01;PR;TURVO;19,12;19,12;134,80;22,00;74,54;11,28;34,90;31,36;99,84;92,98;0,00;3,90
2018.0;12.0;2018-12-01;BRASPINE;HORTO 02;PR;TURVO;4,24;4,24;139,70;22,00;74,54;11,28;34,90;31,36;99,84;92,98;0,00;3,90
2018.0;12.0;2018-12-01;BRASPINE;HORTO 03;PR;PRUDENTOPOLIS;80,91;25,89;122,05;22,62;73,10;11,81;32,84;32,27;99,90;81,74;0,00;5,39
2018.0;12.0;2018-12-01;BRASPINE;HORTO 08;PR;TURVO;9,53;9,53;158,07;22,62;73,10;11,81;32,84;32,27;99,90;81,74;0,00;5,39
2018.0;12.0;2018-12-01;BRASPINE;HORTO 12;PR;PRUDENTOPOLIS;12,20;12,20;121,95;22,62;73,10;11,81;32,84;32,27;99,90;81,74;0,00;5,39
2018.0;12.0;2018-12-01;BRASPINE;IZAU;PR;PIRAI DO SUL;19,37;11,60;116,85;21,34;76,09;10,42;31,54;30,80;98,85;119,33;0,00;0,95
2018.0;12.0;2018-12-01;BRASPINE;JOAO RICO;PR;JAGUARIAIVA;47,46;26,18;107,76;21,61;75,47;10,79;32,52;30,98;99,69;106,45;0,00;5,93
2018.0;12.0;2018-12-01;BRASPINE;LAGOA;PR;JAGUARIAIVA;24,10;10,78;135,45;21,34;78,27;11,06;30,45;31,12;100,00;105,03;0,00;9,26
2018.0;12.0;2018-12-01;BRASPINE;MARACANA;PR;JANDAIA DO SUL;11,45;11,45;67,52;24,24;71,67;13,86;30,88;33,68;99,96;13,86;0,00;17,69
2018.0;12.0;2018-12-01;BRASPINE;MARRECA;;;;;152,79;21,67;79,02;11,63;35,05;31,90;100,00;108,19;0,00;0,41
2018.0;12.0;2018-12-01;BRASPINE;MARRECA SP;SP;ITAPIRAPUA PAULISTA;675,30;236,19;142,23;22,45;79,32;12,34;34,48;32,88;100,00;67,55;0,00;6,38
2018.0;12.0;2018-12-01;BRASPINE;MARRECAS;;;;;104,82;20,51;75,35;10,48;31,82;30,18;100,00;114,16;0,00;3,91
2018.0;12.0;2018-12-01;BRASPINE;MERCADINHO;;;;;126,48;22,35;77,74;12,36;34,36;32,86;100,00;96,60;0,00;1,94
2018.0;12.0;2018-12-01;BRASPINE;MONTE ALEGRE;;;;;77,57;24,84;70,08;14,44;30,15;34,46;99,84;14,44;0,00;16,42
2018.0;12.0;2018-12-01;BRASPINE;MONTE TABOR II;;;;;170,31;21,50;81,37;11,80;37,93;32,03;100,00;78,43;0,00;23,75
2018.0;12.0;2018-12-01;BRASPINE;MOREIRA;PR;DOUTOR ULYSSES;230,52;68,68;142,01;21,51;78,94;11,35;34,41;31,41;100,00;106,75;0,00;5,61
2018.0;12.0;2018-12-01;BRASPINE;MOREIRAS II;PR;DOUTOR ULYSSES;66,76;28,75;151,48;21,51;78,94;11,35;34,41;31,41;100,00;106,75;0,00;5,61
2018.0;12.0;2018-12-01;BRASPINE;MORRETES;PR;ORTIGUEIRA;20,36;20,36;84,51;23,08;74,58;11,85;34,51;32,91;99,91;68,31;0,00;2,44
2018.0;12.0;2018-12-01;BRASPINE;MORRO AZUL;;;;;142,72;21,82;79,22;11,58;35,27;31,99;100,00;92,99;0,00;31,87
2018.0;12.0;2018-12-01;BRASPINE;OURO FINO;SP;APIAI;51,70;51,70;134,99;21,43;80,79;11,49;36,77;31,83;100,00;92,09;0,00;19,86
2018.0;12.0;2018-12-01;BRASPINE;PALMEIRINHA DE BAIXO - SOSSEGO;PR;SENGES;85,93;9,22;133,88;21,30;76,26;10,97;30,21;30,74;99,78;105,07;0,00;1,66
2018.0;12.0;2018-12-01;BRASPINE;PAZIN;PR;DOUTOR ULYSSES;41,20;23,90;154,75;21,67;79,02;11,63;35,05;31,90;100,00;108,19;0,00;0,41
2018.0;12.0;2018-12-01;BRASPINE;PEDRAS;PR;CASTRO;7,18;7,18;123,21;21,29;77,32;10,40;36,31;30,59;98,92;118,45;0,00;1,28
2018.0;12.0;2018-12-01;BRASPINE;PESCARIA;PR;SAO JOSE DA BOA VISTA;184,57;129,22;115,00;24,13;67,64;13,15;28,34;33,98;98,34;27,74;0,00;2,65
2018.0;12.0;2018-12-01;BRASPINE;PESSEGUEIRO;PR;DOUTOR ULYSSES;109,95;64,79;137,29;21,51;78,94;11,35;34,41;31,41;100,00;106,75;0,00;5,61
2018.0;12.0;2018-12-01;BRASPINE;PITANGA;;;;;144,12;21,94;73,51;11,57;33,59;31,16;99,93;77,65;0,00;3,89
2018.0;12.0;2018-12-01;BRASPINE;QUEIMADINHO ARROIO CLARO;PR;DOUTOR ULYSSES;48,13;19,09;154,69;21,51;78,94;11,35;34,41;31,41;100,00;106,75;0,00;5,61
2018.0;12.0;2018-12-01;BRASPINE;QUEIMADINHO M6042;PR;DOUTOR ULYSSES;48,38;18,50;154,69;21,51;78,94;11,35;34,41;31,41;100,00;106,75;0,00;5,61
2018.0;12.0;2018-12-01;BRASPINE;QUEIMADINHO USUCAPIAO;PR;DOUTOR ULYSSES;200,27;92,43;154,69;21,51;78,94;11,35;34,41;31,41;100,00;106,75;0,00;5,61
2018.0;12.0;2018-12-01;BRASPINE;RAMOS;PR;SENGES;69,83;38,15;132,88;21,34;78,27;11,06;30,45;31,12;100,00;105,03;0,00;9,26
2018.0;12.0;2018-12-01;BRASPINE;RIBEIRAO GRANDE;PR;JAGUARIAIVA;20,77;20,77;114,95;21,34;76,09;10,42;31,54;30,80;98,85;119,33;0,00;0,95
2018.0;12.0;2018-12-01;BRASPINE;RINCAO DE BAIXO;;;;;78,24;22,07;72,12;11,31;36,34;31,29;99,54;95,05;0,00;1,91
2018.0;12.0;2018-12-01;BRASPINE;RIO BOMBA;PR;CERRO AZUL;65,03;37,72;122,36;22,71;76,50;12,73;31,16;33,27;99,94;69,20;0,00;24,93
2018.0;12.0;2018-12-01;BRASPINE;RIO DO MEIO;PR;DOUTOR ULYSSES;712,33;389,13;152,34;21,51;78,94;11,35;34,41;31,41;100,00;106,75;0,00;5,61
2018.0;12.0;2018-12-01;BRASPINE;RONDON;PR;JAGUARIAIVA;2899,24;1475,88;117,98;21,30;76,82;10,91;30,83;30,65;99,80;104,85;0,00;3,84
2018.0;12.0;2018-12-01;BRASPINE;SANTA FELICIDADE;;;;;161,04;22,88;79,53;12,89;34,26;33,68;100,00;54,68;0,00;2,50
2018.0;12.0;2018-12-01;BRASPINE;SANTA LIDIA DO CERCADINHO;;;;;80,49;21,66;72,24;11,08;36,82;30,77;99,52;107,64;0,00;1,07
2018.0;12.0;2018-12-01;BRASPINE;SANTO ANTONIO;;;;;136,82;21,34;76,71;11,03;32,02;30,99;100,00;105,12;0,00;13,06
2018.0;12.0;2018-12-01;BRASPINE;SAO JOSE;PR;JANDAIA DO SUL;37,56;37,56;76,24;24,65;70,46;14,26;30,47;34,18;99,90;14,26;0,00;16,75
2018.0;12.0;2018-12-01;BRASPINE;SAO MATHEUS;;;;;147,48;26,19;68,31;15,75;30,29;36,11;99,64;0,00;0,00;10,39
2018.0;12.0;2018-12-01;BRASPINE;SAO PEDRO E SAO PAULO;PR;SAPOPEMA;709,13;323,93;65,70;22,94;72,00;11,78;31,92;32,14;99,35;40,75;0,00;0,04
2018.0;12.0;2018-12-01;BRASPINE;SAO RAFAEL;;;;;78,48;21,68;75,59;11,52;32,29;31,15;99,08;91,24;0,00;2,40
2018.0;12.0;2018-12-01;BRASPINE;SAO RAFAEL - PB;;;;;133,27;21,60;80,33;11,58;36,11;32,06;100,00;92,96;0,00;23,01
2018.0;12.0;2018-12-01;BRASPINE;SERRARIA;PR;DOUTOR ULYSSES;280,88;117,71;140,73;21,41;78,76;11,36;33,60;31,47;100,00;106,14;0,00;0,76
2018.0;12.0;2018-12-01;BRASPINE;SERRO VERDE;;;;;138,61;21,46;73,34;10,66;31,41;30,75;99,97;103,94;0,00;5,44
2018.0;12.0;2018-12-01;BRASPINE;SERTAOZINHO;PR;DOUTOR ULYSSES;16,25;16,25;153,72;21,51;78,94;11,35;34,41;31,41;100,00;106,75;0,00;5,61
2018.0;12.0;2018-12-01;BRASPINE;SITIO BASILIO;PR;JAGUARIAIVA;8,08;8,08;105,06;21,38;75,18;10,67;33,53;30,66;99,13;104,84;0,00;8,43
2018.0;12.0;2018-12-01;BRASPINE;SITIO DAS MARRECAS;PR;DOUTOR ULYSSES;77,49;35,17;154,17;22,23;79,23;12,14;34,64;32,59;100,00;81,51;0,00;0,08
2018.0;12.0;2018-12-01;BRASPINE;SOBRADINHO;SP;BOM SUCESSO DE ITARARE;285,80;123,10;130,45;21,22;78,15;11,06;33,38;31,09;100,00;105,00;0,00;10,67
2018.0;12.0;2018-12-01;BRASPINE;TAQUARAL;PR;JAGUARIAIVA;519,13;31,07;116,06;21,56;76,45;10,88;32,38;30,94;99,99;106,09;0,00;1,69
2018.0;12.0;2018-12-01;BRASPINE;TUCUNDUVA;PR;SENGES;82,21;60,89;112,99;22,26;71,56;11,62;29,46;31,55;98,66;96,86;0,00;3,21
2018.0;12.0;2018-12-01;BRASPINE;TUCUNDUVA - CHAMMA;;;;;116,14;22,26;72,04;11,69;28,01;31,55;98,86;81,66;0,00;5,52
2018.0;12.0;2018-12-01;BRASPINE;VIENA 1;PR;DOUTOR ULYSSES;263,98;178,34;134,51;21,08;78,10;10,83;33,31;30,68;100,00;118,92;0,00;3,21
2018.0;12.0;2018-12-01;BRASPINE;VIENA 2;PR;CERRO AZUL;140,23;96,54;122,65;22,71;76,50;12,73;31,16;33,27;99,94;69,20;0,00;24,93
2018.0;12.0;2018-12-01;BRASPINE;VITORIA;PR;SENGES;50,54;35,69;133,88;21,30;76,26;10,97;30,21;30,74;99,78;105,07;0,00;1,66
2018.0;12.0;2018-12-01;BRASPINE;VIVEIRO;PR;DOUTOR ULYSSES;405,39;261,22;151,48;21,51;78,94;11,35;34,41;31,41;100,00;106,75;0,00;5,61
2018.0;12.0;2018-12-01;BRASPINE;VO LINO;PR;DOUTOR ULYSSES;164,50;97,89;145,94;21,67;79,02;11,63;35,05;31,90;100,00;108,19;0,00;0,41
2018.0;12.0;2018-12-01;BRASPINE;XAXIM VELHO;;;;;101,15;20,75;75,63;10,75;30,53;29,99;100,00;114,96;0,00;12,83
