ANO;MES;DATA;EMPRESA;FAZENDA;UF;MUNICIPIO;AREA_T;AREA_PRODU;PRECIP_CHIRPS_MM;TEMP_MEDIA_C;UMID_MEDIA_PCT;TEMP_MIN_C;UMID_MIN_PCT;TEMP_MAX_C;UMID_MAX_PCT;NOITES_FRIAS_Eucalipto_<15C;NOITES_FRIAS_Pinus_<5C;DIRECAO_VENTO_GRAUS
2001.0;1.0;2001-01-01;BRASPINE;AGUA DOCE;PR;JAGUARIAIVA;238,97;121,99;180,62;21,24;84,51;14,60;43,82;28,41;99,93;29,45;0,00;13,92
2001.0;1.0;2001-01-01;BRASPINE;AMATA;;;;;190,84;23,07;83,32;16,33;38,33;32,16;99,99;0,00;0,00;9,41
2001.0;1.0;2001-01-01;BRASPINE;ANTA BRAVA;;;;;178,28;23,91;80,06;16,81;48,08;31,04;99,41;0,00;0,00;5,22
2001.0;1.0;2001-01-01;BRASPINE;ARAPONGAS;PR;SENGES;423,34;263,70;179,68;21,45;85,28;14,68;42,82;29,65;100,00;14,68;0,00;9,35
2001.0;1.0;2001-01-01;BRASPINE;ARROIO CLARO;PR;DOUTOR ULYSSES;275,14;92,00;199,24;21,66;85,23;14,95;42,67;30,21;100,00;14,95;0,00;1,59
2001.0;1.0;2001-01-01;BRASPINE;BARRA GRANDE;PR;DOUTOR ULYSSES;493,79;139,68;209,72;22,01;85,20;15,07;42,45;30,73;100,00;0,00;0,00;5,80
2001.0;1.0;2001-01-01;BRASPINE;BARRA GRANDE - BEMAIS;PR;GUARAPUAVA;299,16;108,61;225,60;20,51;87,66;15,49;51,34;27,70;99,99;0,00;0,00;2,51
2001.0;1.0;2001-01-01;BRASPINE;BARRETOS;PR;JAGUARIAIVA;43,35;32,98;175,71;21,36;85,25;14,69;43,18;29,11;99,99;14,69;0,00;15,93
2001.0;1.0;2001-01-01;BRASPINE;BAU;;;;;218,89;20,46;88,43;15,66;56,01;27,29;99,89;0,00;0,00;17,45
2001.0;1.0;2001-01-01;BRASPINE;BOA VISTA II;PR;PIRAI DO SUL;944,00;535,05;182,00;21,35;84,89;14,67;43,73;28,79;99,99;14,67;0,00;18,08
2001.0;1.0;2001-01-01;BRASPINE;BRASILEIRA;;;;;197,07;21,45;85,28;14,68;42,82;29,65;100,00;14,68;0,00;9,35
2001.0;1.0;2001-01-01;BRASPINE;BURACAO;;;;;191,61;21,40;84,25;14,79;42,08;29,09;99,82;29,70;0,00;7,23
2001.0;1.0;2001-01-01;BRASPINE;BURRINHO;PR;DOUTOR ULYSSES;211,01;100,37;199,26;21,66;85,23;14,95;42,67;30,21;100,00;14,95;0,00;1,59
2001.0;1.0;2001-01-01;BRASPINE;CADEADO I;PR;JAGUARIAIVA;21,07;12,29;172,49;21,22;85,14;14,41;43,02;29,09;100,00;28,88;0,00;12,95
2001.0;1.0;2001-01-01;BRASPINE;CADEADO II;PR;JAGUARIAIVA;21,88;16,79;172,49;21,22;85,14;14,41;43,02;29,09;100,00;28,88;0,00;12,95
2001.0;1.0;2001-01-01;BRASPINE;CAMPINA ALTA;PR;TIBAGI;29,77;18,24;254,94;21,90;85,62;15,40;46,12;29,11;99,88;0,00;0,00;3,77
2001.0;1.0;2001-01-01;BRASPINE;CAMPINA DO ELIAS;PR;JAGUARIAIVA;29,17;14,65;172,90;21,31;85,21;14,59;43,12;29,11;99,97;29,41;0,00;14,94
2001.0;1.0;2001-01-01;BRASPINE;CAMPO NOVO;PR;JAGUARIAIVA;295,98;156,36;182,90;21,22;85,14;14,41;43,02;29,09;100,00;28,88;0,00;12,95
2001.0;1.0;2001-01-01;BRASPINE;CONSULTORIA II A;PR;DOUTOR ULYSSES;89,62;60,79;202,79;21,45;85,28;14,68;42,82;29,65;100,00;14,68;0,00;9,35
2001.0;1.0;2001-01-01;BRASPINE;DINIZ;;;;;199,59;21,45;85,28;14,68;42,82;29,65;100,00;14,68;0,00;9,35
2001.0;1.0;2001-01-01;BRASPINE;ENES;PR;JAGUARIAIVA;5,93;5,69;183,51;21,22;85,14;14,41;43,02;29,09;100,00;28,88;0,00;12,95
2001.0;1.0;2001-01-01;BRASPINE;ENGENHARIA;;;;;199,59;21,45;85,28;14,68;42,82;29,65;100,00;14,68;0,00;9,35
2001.0;1.0;2001-01-01;BRASPINE;ESTACAO;PR;SENGES;4,76;4,14;186,95;21,22;85,14;14,41;43,02;29,09;100,00;28,88;0,00;12,95
2001.0;1.0;2001-01-01;BRASPINE;FAXINAL;PR;JAGUARIAIVA;20,65;20,65;183,51;21,22;85,14;14,41;43,02;29,09;100,00;28,88;0,00;12,95
2001.0;1.0;2001-01-01;BRASPINE;FEITAL;PR;DOUTOR ULYSSES;154,17;86,53;200,30;21,64;85,25;14,81;42,70;30,01;100,00;14,81;0,00;8,16
2001.0;1.0;2001-01-01;BRASPINE;FIGUEIRA;PR;DOUTOR ULYSSES;1053,81;315,71;197,50;21,66;85,23;14,95;42,67;30,21;100,00;14,95;0,00;1,59
2001.0;1.0;2001-01-01;BRASPINE;FIGUEIRINHA;PR;DOUTOR ULYSSES;94,37;56,74;203,97;21,66;85,23;14,95;42,67;30,21;100,00;14,95;0,00;1,59
2001.0;1.0;2001-01-01;BRASPINE;FLOEMA;PR;DOUTOR ULYSSES;2189,88;701,43;189,00;21,10;85,28;14,40;42,61;29,19;100,00;28,81;0,00;0,34
2001.0;1.0;2001-01-01;BRASPINE;FLOEMA I - SUDATI;;;;;186,93;21,45;85,28;14,68;42,82;29,65;100,00;14,68;0,00;9,35
2001.0;1.0;2001-01-01;BRASPINE;FLOEMA II - SUDATI;PR;DOUTOR ULYSSES;453,83;211,13;196,60;21,45;85,28;14,68;42,82;29,65;100,00;14,68;0,00;9,35
2001.0;1.0;2001-01-01;BRASPINE;FLOR DA SERRA;PR;SAO JOSE DA BOA VISTA;209,10;128,72;120,68;23,11;79,67;16,54;41,56;30,42;99,77;0,00;0,00;0,56
2001.0;1.0;2001-01-01;BRASPINE;GENTIL;PR;JAGUARIAIVA;126,77;53,33;173,19;20,95;84,57;14,35;43,95;27,92;99,73;43,75;0,00;17,42
2001.0;1.0;2001-01-01;BRASPINE;GUAIRACA;PR;GUARAPUAVA;623,62;169,31;232,62;20,73;86,96;15,64;50,12;28,01;99,98;0,00;0,00;2,27
2001.0;1.0;2001-01-01;BRASPINE;HERVAL 2 - MADALOSSO;;;;;191,07;21,40;84,25;14,79;42,08;29,09;99,82;29,70;0,00;7,23
2001.0;1.0;2001-01-01;BRASPINE;HERVAL DE BAIXO;PR;RESERVA;827,29;475,92;247,65;21,86;86,08;15,43;46,02;29,15;99,81;0,00;0,00;0,68
2001.0;1.0;2001-01-01;BRASPINE;HORTO 01;PR;TURVO;19,12;19,12;248,35;21,11;88,74;16,17;54,83;27,94;99,86;0,00;0,00;0,80
2001.0;1.0;2001-01-01;BRASPINE;HORTO 02;PR;TURVO;4,24;4,24;250,78;21,11;88,74;16,17;54,83;27,94;99,86;0,00;0,00;0,80
2001.0;1.0;2001-01-01;BRASPINE;HORTO 03;PR;PRUDENTOPOLIS;80,91;25,89;243,18;21,66;87,51;16,44;51,66;28,81;99,91;0,00;0,00;6,88
2001.0;1.0;2001-01-01;BRASPINE;HORTO 08;PR;TURVO;9,53;9,53;245,89;21,66;87,51;16,44;51,66;28,81;99,91;0,00;0,00;6,88
2001.0;1.0;2001-01-01;BRASPINE;HORTO 12;PR;PRUDENTOPOLIS;12,20;12,20;244,42;21,66;87,51;16,44;51,66;28,81;99,91;0,00;0,00;6,88
2001.0;1.0;2001-01-01;BRASPINE;IZAU;PR;PIRAI DO SUL;19,37;11,60;172,29;21,00;84,88;14,44;43,12;28,11;99,80;43,99;0,00;0,86
2001.0;1.0;2001-01-01;BRASPINE;JOAO RICO;PR;JAGUARIAIVA;47,46;26,18;178,35;21,24;84,51;14,60;43,82;28,41;99,93;29,45;0,00;13,92
2001.0;1.0;2001-01-01;BRASPINE;LAGOA;PR;JAGUARIAIVA;24,10;10,78;175,62;21,22;85,14;14,41;43,02;29,09;100,00;28,88;0,00;12,95
2001.0;1.0;2001-01-01;BRASPINE;MARACANA;PR;JANDAIA DO SUL;11,45;11,45;173,80;23,21;84,85;17,89;44,35;30,00;99,81;0,00;0,00;3,24
2001.0;1.0;2001-01-01;BRASPINE;MARRECA;;;;;200,46;21,66;85,23;14,95;42,67;30,21;100,00;14,95;0,00;1,59
2001.0;1.0;2001-01-01;BRASPINE;MARRECA SP;SP;ITAPIRAPUA PAULISTA;675,30;236,19;202,44;22,43;84,94;15,45;41,81;31,56;100,00;0,00;0,00;13,95
2001.0;1.0;2001-01-01;BRASPINE;MARRECAS;;;;;235,27;20,00;88,04;15,10;52,05;27,21;100,00;0,00;0,00;0,48
2001.0;1.0;2001-01-01;BRASPINE;MERCADINHO;;;;;201,79;22,28;84,20;15,66;40,08;31,97;100,00;0,00;0,00;0,02
2001.0;1.0;2001-01-01;BRASPINE;MONTE ALEGRE;;;;;172,40;23,73;83,83;18,42;44,36;30,72;99,69;0,00;0,00;5,22
2001.0;1.0;2001-01-01;BRASPINE;MONTE TABOR II;;;;;220,73;21,79;85,52;14,79;44,03;30,58;99,93;14,79;0,00;9,44
2001.0;1.0;2001-01-01;BRASPINE;MOREIRA;PR;DOUTOR ULYSSES;230,52;68,68;196,60;21,45;85,28;14,68;42,82;29,65;100,00;14,68;0,00;9,35
2001.0;1.0;2001-01-01;BRASPINE;MOREIRAS II;PR;DOUTOR ULYSSES;66,76;28,75;203,72;21,45;85,28;14,68;42,82;29,65;100,00;14,68;0,00;9,35
2001.0;1.0;2001-01-01;BRASPINE;MORRETES;PR;ORTIGUEIRA;20,36;20,36;263,43;22,29;86,19;15,84;44,61;29,68;99,77;0,00;0,00;0,29
2001.0;1.0;2001-01-01;BRASPINE;MORRO AZUL;;;;;220,16;21,74;85,18;14,72;40,19;30,31;100,00;14,72;0,00;7,89
2001.0;1.0;2001-01-01;BRASPINE;OURO FINO;SP;APIAI;51,70;51,70;214,94;21,53;85,96;14,63;44,20;30,11;100,00;14,63;0,00;11,21
2001.0;1.0;2001-01-01;BRASPINE;PALMEIRINHA DE BAIXO - SOSSEGO;PR;SENGES;85,93;9,22;181,25;21,01;84,37;14,18;41,03;28,39;99,96;43,91;0,00;18,78
2001.0;1.0;2001-01-01;BRASPINE;PAZIN;PR;DOUTOR ULYSSES;41,20;23,90;202,94;21,66;85,23;14,95;42,67;30,21;100,00;14,95;0,00;1,59
2001.0;1.0;2001-01-01;BRASPINE;PEDRAS;PR;CASTRO;7,18;7,18;178,52;21,08;85,33;14,58;44,98;28,02;99,83;44,33;0,00;0,16
2001.0;1.0;2001-01-01;BRASPINE;PESCARIA;PR;SAO JOSE DA BOA VISTA;184,57;129,22;149,17;23,30;79,00;16,65;39,93;30,83;99,93;0,00;0,00;1,80
2001.0;1.0;2001-01-01;BRASPINE;PESSEGUEIRO;PR;DOUTOR ULYSSES;109,95;64,79;192,49;21,45;85,28;14,68;42,82;29,65;100,00;14,68;0,00;9,35
2001.0;1.0;2001-01-01;BRASPINE;PITANGA;;;;;258,72;21,12;88,10;16,31;55,55;27,84;99,80;0,00;0,00;15,57
2001.0;1.0;2001-01-01;BRASPINE;QUEIMADINHO ARROIO CLARO;PR;DOUTOR ULYSSES;48,13;19,09;197,07;21,45;85,28;14,68;42,82;29,65;100,00;14,68;0,00;9,35
2001.0;1.0;2001-01-01;BRASPINE;QUEIMADINHO M6042;PR;DOUTOR ULYSSES;48,38;18,50;197,07;21,45;85,28;14,68;42,82;29,65;100,00;14,68;0,00;9,35
2001.0;1.0;2001-01-01;BRASPINE;QUEIMADINHO USUCAPIAO;PR;DOUTOR ULYSSES;200,27;92,43;197,07;21,45;85,28;14,68;42,82;29,65;100,00;14,68;0,00;9,35
2001.0;1.0;2001-01-01;BRASPINE;RAMOS;PR;SENGES;69,83;38,15;186,93;21,22;85,14;14,41;43,02;29,09;100,00;28,88;0,00;12,95
2001.0;1.0;2001-01-01;BRASPINE;RIBEIRAO GRANDE;PR;JAGUARIAIVA;20,77;20,77;173,38;21,00;84,88;14,44;43,12;28,11;99,80;43,99;0,00;0,86
2001.0;1.0;2001-01-01;BRASPINE;RINCAO DE BAIXO;;;;;190,32;21,45;83,24;15,06;43,26;28,26;99,75;0,00;0,00;4,57
2001.0;1.0;2001-01-01;BRASPINE;RIO BOMBA;PR;CERRO AZUL;65,03;37,72;192,94;22,59;83,54;15,98;39,05;31,47;99,94;0,00;0,00;3,89
2001.0;1.0;2001-01-01;BRASPINE;RIO DO MEIO;PR;DOUTOR ULYSSES;712,33;389,13;201,95;21,45;85,28;14,68;42,82;29,65;100,00;14,68;0,00;9,35
2001.0;1.0;2001-01-01;BRASPINE;RONDON;PR;JAGUARIAIVA;2899,24;1475,88;167,59;21,05;84,79;14,31;42,88;28,39;99,93;44,04;0,00;3,33
2001.0;1.0;2001-01-01;BRASPINE;SANTA FELICIDADE;;;;;205,71;22,87;84,68;15,47;40,61;32,51;100,00;0,00;0,00;10,83
2001.0;1.0;2001-01-01;BRASPINE;SANTA LIDIA DO CERCADINHO;;;;;186,83;21,11;83,28;14,86;43,18;27,85;99,80;14,86;0,00;3,65
2001.0;1.0;2001-01-01;BRASPINE;SANTO ANTONIO;;;;;189,94;21,11;84,29;14,14;39,62;28,79;100,00;44,03;0,00;11,86
2001.0;1.0;2001-01-01;BRASPINE;SAO JOSE;PR;JANDAIA DO SUL;37,56;37,56;170,83;23,57;84,03;18,26;44,40;30,51;99,78;0,00;0,00;0,37
2001.0;1.0;2001-01-01;BRASPINE;SAO MATHEUS;;;;;165,66;24,84;83,51;19,18;44,27;32,16;99,47;0,00;0,00;1,73
2001.0;1.0;2001-01-01;BRASPINE;SAO PEDRO E SAO PAULO;PR;SAPOPEMA;709,13;323,93;186,06;22,17;83,00;16,39;43,74;28,86;99,68;0,00;0,00;0,17
2001.0;1.0;2001-01-01;BRASPINE;SAO RAFAEL;;;;;176,37;21,40;83,78;14,66;43,66;29,13;99,78;29,50;0,00;1,03
2001.0;1.0;2001-01-01;BRASPINE;SAO RAFAEL - PB;;;;;222,63;21,65;85,70;14,73;42,87;30,26;100,00;14,73;0,00;1,78
2001.0;1.0;2001-01-01;BRASPINE;SERRARIA;PR;DOUTOR ULYSSES;280,88;117,71;197,22;21,38;85,26;14,68;42,64;29,70;100,00;29,49;0,00;3,19
2001.0;1.0;2001-01-01;BRASPINE;SERRO VERDE;;;;;235,95;20,82;87,07;16,18;55,01;27,75;99,83;0,00;0,00;22,24
2001.0;1.0;2001-01-01;BRASPINE;SERTAOZINHO;PR;DOUTOR ULYSSES;16,25;16,25;200,96;21,45;85,28;14,68;42,82;29,65;100,00;14,68;0,00;9,35
2001.0;1.0;2001-01-01;BRASPINE;SITIO BASILIO;PR;JAGUARIAIVA;8,08;8,08;179,97;21,01;84,46;14,39;44,18;27,99;99,76;43,92;0,00;15,72
2001.0;1.0;2001-01-01;BRASPINE;SITIO DAS MARRECAS;PR;DOUTOR ULYSSES;77,49;35,17;204,38;22,21;85,02;15,31;42,21;31,18;100,00;0,00;0,00;14,76
2001.0;1.0;2001-01-01;BRASPINE;SOBRADINHO;SP;BOM SUCESSO DE ITARARE;285,80;123,10;217,42;21,09;84,91;14,05;40,08;28,99;100,00;14,05;0,00;3,10
2001.0;1.0;2001-01-01;BRASPINE;TAQUARAL;PR;JAGUARIAIVA;519,13;31,07;173,74;21,25;84,86;14,55;43,82;28,56;99,99;29,49;0,00;10,14
2001.0;1.0;2001-01-01;BRASPINE;TUCUNDUVA;PR;SENGES;82,21;60,89;170,38;21,76;81,64;14,97;43,31;28,86;99,81;14,97;0,00;0,22
2001.0;1.0;2001-01-01;BRASPINE;TUCUNDUVA - CHAMMA;;;;;171,20;21,79;81,66;14,98;43,16;28,98;99,80;14,98;0,00;0,63
2001.0;1.0;2001-01-01;BRASPINE;VIENA 1;PR;DOUTOR ULYSSES;263,98;178,34;187,77;20,99;85,39;14,27;44,33;28,68;100,00;43,50;0,00;1,09
2001.0;1.0;2001-01-01;BRASPINE;VIENA 2;PR;CERRO AZUL;140,23;96,54;193,25;22,59;83,54;15,98;39,05;31,47;99,94;0,00;0,00;3,89
2001.0;1.0;2001-01-01;BRASPINE;VITORIA;PR;SENGES;50,54;35,69;181,25;21,01;84,37;14,18;41,03;28,39;99,96;43,91;0,00;18,78
2001.0;1.0;2001-01-01;BRASPINE;VIVEIRO;PR;DOUTOR ULYSSES;405,39;261,22;203,72;21,45;85,28;14,68;42,82;29,65;100,00;14,68;0,00;9,35
2001.0;1.0;2001-01-01;BRASPINE;VO LINO;PR;DOUTOR ULYSSES;164,50;97,89;199,65;21,66;85,23;14,95;42,67;30,21;100,00;14,95;0,00;1,59
2001.0;1.0;2001-01-01;BRASPINE;XAXIM VELHO;;;;;262,88;20,20;87,87;14,78;51,30;27,43;100,00;14,78;0,00;3,20
2001.0;2.0;2001-02-01;BRASPINE;AGUA DOCE;PR;JAGUARIAIVA;238,97;121,99;195,23;21,32;87,55;17,07;51,00;27,55;99,95;0,00;0,00;12,96
2001.0;2.0;2001-02-01;BRASPINE;AMATA;;;;;226,36;22,95;87,45;18,52;46,94;30,05;100,00;0,00;0,00;1,80
2001.0;2.0;2001-02-01;BRASPINE;ANTA BRAVA;;;;;193,83;23,88;84,30;19,29;54,40;30,21;99,40;0,00;0,00;6,33
2001.0;2.0;2001-02-01;BRASPINE;ARAPONGAS;PR;SENGES;423,34;263,70;208,29;21,52;88,56;17,44;49,70;28,57;100,00;0,00;0,00;1,93
2001.0;2.0;2001-02-01;BRASPINE;ARROIO CLARO;PR;DOUTOR ULYSSES;275,14;92,00;209,28;21,73;88,48;17,69;49,52;28,74;100,00;0,00;0,00;1,17
2001.0;2.0;2001-02-01;BRASPINE;BARRA GRANDE;PR;DOUTOR ULYSSES;493,79;139,68;224,86;22,05;88,61;18,00;49,50;29,24;100,00;0,00;0,00;0,20
2001.0;2.0;2001-02-01;BRASPINE;BARRA GRANDE - BEMAIS;PR;GUARAPUAVA;299,16;108,61;291,78;20,60;89,06;16,36;52,46;26,93;100,00;0,00;0,00;3,85
2001.0;2.0;2001-02-01;BRASPINE;BARRETOS;PR;JAGUARIAIVA;43,35;32,98;201,23;21,44;88,24;17,19;50,50;28,19;100,00;0,00;0,00;0,04
2001.0;2.0;2001-02-01;BRASPINE;BAU;;;;;260,34;20,45;89,96;16,19;53,18;26,31;99,93;0,00;0,00;1,83
2001.0;2.0;2001-02-01;BRASPINE;BOA VISTA II;PR;PIRAI DO SUL;944,00;535,05;200,76;21,44;87,80;17,14;50,09;27,98;100,00;0,00;0,00;1,75
2001.0;2.0;2001-02-01;BRASPINE;BRASILEIRA;;;;;217,40;21,52;88,56;17,44;49,70;28,57;100,00;0,00;0,00;1,93
2001.0;2.0;2001-02-01;BRASPINE;BURACAO;;;;;240,99;21,49;86,94;17,44;50,42;27,96;99,91;0,00;0,00;6,88
2001.0;2.0;2001-02-01;BRASPINE;BURRINHO;PR;DOUTOR ULYSSES;211,01;100,37;209,72;21,73;88,48;17,69;49,52;28,74;100,00;0,00;0,00;1,17
2001.0;2.0;2001-02-01;BRASPINE;CADEADO I;PR;JAGUARIAIVA;21,07;12,29;190,89;21,31;88,27;17,14;50,04;28,23;100,00;0,00;0,00;2,85
2001.0;2.0;2001-02-01;BRASPINE;CADEADO II;PR;JAGUARIAIVA;21,88;16,79;190,89;21,31;88,27;17,14;50,04;28,23;100,00;0,00;0,00;2,85
2001.0;2.0;2001-02-01;BRASPINE;CAMPINA ALTA;PR;TIBAGI;29,77;18,24;254,65;21,85;88,30;17,31;46,30;28,33;99,99;0,00;0,00;9,73
2001.0;2.0;2001-02-01;BRASPINE;CAMPINA DO ELIAS;PR;JAGUARIAIVA;29,17;14,65;196,75;21,39;88,26;17,17;50,54;28,18;100,00;0,00;0,00;4,07
2001.0;2.0;2001-02-01;BRASPINE;CAMPO NOVO;PR;JAGUARIAIVA;295,98;156,36;203,79;21,31;88,27;17,14;50,04;28,23;100,00;0,00;0,00;2,85
2001.0;2.0;2001-02-01;BRASPINE;CONSULTORIA II A;PR;DOUTOR ULYSSES;89,62;60,79;213,24;21,52;88,56;17,44;49,70;28,57;100,00;0,00;0,00;1,93
2001.0;2.0;2001-02-01;BRASPINE;DINIZ;;;;;219,99;21,52;88,56;17,44;49,70;28,57;100,00;0,00;0,00;1,93
2001.0;2.0;2001-02-01;BRASPINE;ENES;PR;JAGUARIAIVA;5,93;5,69;203,08;21,31;88,27;17,14;50,04;28,23;100,00;0,00;0,00;2,85
2001.0;2.0;2001-02-01;BRASPINE;ENGENHARIA;;;;;219,99;21,52;88,56;17,44;49,70;28,57;100,00;0,00;0,00;1,93
2001.0;2.0;2001-02-01;BRASPINE;ESTACAO;PR;SENGES;4,76;4,14;204,14;21,31;88,27;17,14;50,04;28,23;100,00;0,00;0,00;2,85
2001.0;2.0;2001-02-01;BRASPINE;FAXINAL;PR;JAGUARIAIVA;20,65;20,65;203,08;21,31;88,27;17,14;50,04;28,23;100,00;0,00;0,00;2,85
2001.0;2.0;2001-02-01;BRASPINE;FEITAL;PR;DOUTOR ULYSSES;154,17;86,53;217,22;21,70;88,58;17,63;49,63;28,79;100,00;0,00;0,00;1,36
2001.0;2.0;2001-02-01;BRASPINE;FIGUEIRA;PR;DOUTOR ULYSSES;1053,81;315,71;211,98;21,73;88,48;17,69;49,52;28,74;100,00;0,00;0,00;1,17
2001.0;2.0;2001-02-01;BRASPINE;FIGUEIRINHA;PR;DOUTOR ULYSSES;94,37;56,74;227,10;21,73;88,48;17,69;49,52;28,74;100,00;0,00;0,00;1,17
2001.0;2.0;2001-02-01;BRASPINE;FLOEMA;PR;DOUTOR ULYSSES;2189,88;701,43;215,56;21,22;88,38;17,12;49,41;28,11;100,00;0,00;0,00;1,21
2001.0;2.0;2001-02-01;BRASPINE;FLOEMA I - SUDATI;;;;;206,40;21,52;88,56;17,44;49,70;28,57;100,00;0,00;0,00;1,93
2001.0;2.0;2001-02-01;BRASPINE;FLOEMA II - SUDATI;PR;DOUTOR ULYSSES;453,83;211,13;210,48;21,52;88,56;17,44;49,70;28,57;100,00;0,00;0,00;1,93
2001.0;2.0;2001-02-01;BRASPINE;FLOR DA SERRA;PR;SAO JOSE DA BOA VISTA;209,10;128,72;227,86;23,00;84,22;18,90;46,55;29,06;99,74;0,00;0,00;12,55
2001.0;2.0;2001-02-01;BRASPINE;GENTIL;PR;JAGUARIAIVA;126,77;53,33;193,97;21,06;87,48;16,75;51,06;27,12;99,76;0,00;0,00;0,45
2001.0;2.0;2001-02-01;BRASPINE;GUAIRACA;PR;GUARAPUAVA;623,62;169,31;254,26;20,81;88,78;16,48;54,20;27,03;100,00;0,00;0,00;5,06
2001.0;2.0;2001-02-01;BRASPINE;HERVAL 2 - MADALOSSO;;;;;233,21;21,49;86,94;17,44;50,42;27,96;99,91;0,00;0,00;6,88
2001.0;2.0;2001-02-01;BRASPINE;HERVAL DE BAIXO;PR;RESERVA;827,29;475,92;294,22;21,85;88,46;16,93;46,77;28,31;99,94;0,00;0,00;4,98
2001.0;2.0;2001-02-01;BRASPINE;HORTO 01;PR;TURVO;19,12;19,12;270,68;21,20;90,00;16,71;54,67;27,29;99,93;0,00;0,00;2,62
2001.0;2.0;2001-02-01;BRASPINE;HORTO 02;PR;TURVO;4,24;4,24;269,89;21,20;90,00;16,71;54,67;27,29;99,93;0,00;0,00;2,62
2001.0;2.0;2001-02-01;BRASPINE;HORTO 03;PR;PRUDENTOPOLIS;80,91;25,89;271,86;21,68;89,20;17,18;52,07;27,87;99,93;0,00;0,00;0,21
2001.0;2.0;2001-02-01;BRASPINE;HORTO 08;PR;TURVO;9,53;9,53;289,07;21,68;89,20;17,18;52,07;27,87;99,93;0,00;0,00;0,21
2001.0;2.0;2001-02-01;BRASPINE;HORTO 12;PR;PRUDENTOPOLIS;12,20;12,20;270,86;21,68;89,20;17,18;52,07;27,87;99,93;0,00;0,00;0,21
2001.0;2.0;2001-02-01;BRASPINE;IZAU;PR;PIRAI DO SUL;19,37;11,60;204,58;21,11;87,66;16,73;50,22;27,36;99,83;0,00;0,00;3,53
2001.0;2.0;2001-02-01;BRASPINE;JOAO RICO;PR;JAGUARIAIVA;47,46;26,18;194,00;21,32;87,55;17,07;51,00;27,55;99,95;0,00;0,00;12,96
2001.0;2.0;2001-02-01;BRASPINE;LAGOA;PR;JAGUARIAIVA;24,10;10,78;194,95;21,31;88,27;17,14;50,04;28,23;100,00;0,00;0,00;2,85
2001.0;2.0;2001-02-01;BRASPINE;MARACANA;PR;JANDAIA DO SUL;11,45;11,45;232,59;23,12;88,15;18,93;46,88;29,18;100,00;0,00;0,00;1,84
2001.0;2.0;2001-02-01;BRASPINE;MARRECA;;;;;216,76;21,73;88,48;17,69;49,52;28,74;100,00;0,00;0,00;1,17
2001.0;2.0;2001-02-01;BRASPINE;MARRECA SP;SP;ITAPIRAPUA PAULISTA;675,30;236,19;238,12;22,47;88,37;18,31;49,72;29,60;100,00;0,00;0,00;1,74
2001.0;2.0;2001-02-01;BRASPINE;MARRECAS;;;;;279,75;20,12;89,30;16,01;53,28;26,35;100,00;0,00;0,00;8,81
2001.0;2.0;2001-02-01;BRASPINE;MERCADINHO;;;;;221,84;22,25;87,99;18,10;48,42;29,27;100,00;0,00;0,00;0,00
2001.0;2.0;2001-02-01;BRASPINE;MONTE ALEGRE;;;;;243,50;23,59;87,24;19,33;45,91;29,58;100,00;0,00;0,00;0,16
2001.0;2.0;2001-02-01;BRASPINE;MONTE TABOR II;;;;;182,81;21,87;89,06;18,19;53,16;28,59;100,00;0,00;0,00;6,03
2001.0;2.0;2001-02-01;BRASPINE;MOREIRA;PR;DOUTOR ULYSSES;230,52;68,68;210,48;21,52;88,56;17,44;49,70;28,57;100,00;0,00;0,00;1,93
2001.0;2.0;2001-02-01;BRASPINE;MOREIRAS II;PR;DOUTOR ULYSSES;66,76;28,75;213,65;21,52;88,56;17,44;49,70;28,57;100,00;0,00;0,00;1,93
2001.0;2.0;2001-02-01;BRASPINE;MORRETES;PR;ORTIGUEIRA;20,36;20,36;265,49;22,26;88,52;16,77;46,63;28,78;99,93;0,00;0,00;1,89
2001.0;2.0;2001-02-01;BRASPINE;MORRO AZUL;;;;;192,50;21,78;88,78;17,76;47,50;29,36;100,00;0,00;0,00;1,68
2001.0;2.0;2001-02-01;BRASPINE;OURO FINO;SP;APIAI;51,70;51,70;188,91;21,60;89,35;17,78;50,19;28,84;100,00;0,00;0,00;14,87
2001.0;2.0;2001-02-01;BRASPINE;PALMEIRINHA DE BAIXO - SOSSEGO;PR;SENGES;85,93;9,22;188,87;21,10;87,88;16,92;48,68;28,38;99,92;0,00;0,00;7,11
2001.0;2.0;2001-02-01;BRASPINE;PAZIN;PR;DOUTOR ULYSSES;41,20;23,90;219,44;21,73;88,48;17,69;49,52;28,74;100,00;0,00;0,00;1,17
2001.0;2.0;2001-02-01;BRASPINE;PEDRAS;PR;CASTRO;7,18;7,18;242,97;21,22;87,89;16,89;51,91;27,37;99,87;0,00;0,00;0,63
2001.0;2.0;2001-02-01;BRASPINE;PESCARIA;PR;SAO JOSE DA BOA VISTA;184,57;129,22;205,53;23,15;83,74;18,75;43,36;29,35;99,76;0,00;0,00;15,51
2001.0;2.0;2001-02-01;BRASPINE;PESSEGUEIRO;PR;DOUTOR ULYSSES;109,95;64,79;204,30;21,52;88,56;17,44;49,70;28,57;100,00;0,00;0,00;1,93
2001.0;2.0;2001-02-01;BRASPINE;PITANGA;;;;;255,30;21,12;89,59;16,89;54,31;27,01;99,80;0,00;0,00;1,81
2001.0;2.0;2001-02-01;BRASPINE;QUEIMADINHO ARROIO CLARO;PR;DOUTOR ULYSSES;48,13;19,09;217,40;21,52;88,56;17,44;49,70;28,57;100,00;0,00;0,00;1,93
2001.0;2.0;2001-02-01;BRASPINE;QUEIMADINHO M6042;PR;DOUTOR ULYSSES;48,38;18,50;217,40;21,52;88,56;17,44;49,70;28,57;100,00;0,00;0,00;1,93
2001.0;2.0;2001-02-01;BRASPINE;QUEIMADINHO USUCAPIAO;PR;DOUTOR ULYSSES;200,27;92,43;217,40;21,52;88,56;17,44;49,70;28,57;100,00;0,00;0,00;1,93
2001.0;2.0;2001-02-01;BRASPINE;RAMOS;PR;SENGES;69,83;38,15;206,40;21,31;88,27;17,14;50,04;28,23;100,00;0,00;0,00;2,85
2001.0;2.0;2001-02-01;BRASPINE;RIBEIRAO GRANDE;PR;JAGUARIAIVA;20,77;20,77;201,00;21,11;87,66;16,73;50,22;27,36;99,83;0,00;0,00;3,53
2001.0;2.0;2001-02-01;BRASPINE;RINCAO DE BAIXO;;;;;231,83;21,42;86,67;17,33;47,81;27,69;99,75;0,00;0,00;5,54
2001.0;2.0;2001-02-01;BRASPINE;RIO BOMBA;PR;CERRO AZUL;65,03;37,72;224,64;22,53;87,40;17,75;46,52;29,46;100,00;0,00;0,00;23,73
2001.0;2.0;2001-02-01;BRASPINE;RIO DO MEIO;PR;DOUTOR ULYSSES;712,33;389,13;214,64;21,52;88,56;17,44;49,70;28,57;100,00;0,00;0,00;1,93
2001.0;2.0;2001-02-01;BRASPINE;RONDON;PR;JAGUARIAIVA;2899,24;1475,88;199,71;21,15;88,02;16,95;50,81;28,09;99,93;0,00;0,00;3,40
2001.0;2.0;2001-02-01;BRASPINE;SANTA FELICIDADE;;;;;236,33;22,88;88,28;18,61;49,58;30,04;100,00;0,00;0,00;1,68
2001.0;2.0;2001-02-01;BRASPINE;SANTA LIDIA DO CERCADINHO;;;;;235,74;21,11;86,65;17,02;48,34;27,20;99,75;0,00;0,00;5,26
2001.0;2.0;2001-02-01;BRASPINE;SANTO ANTONIO;;;;;200,77;21,19;87,94;17,06;46,90;28,71;100,00;0,00;0,00;4,02
2001.0;2.0;2001-02-01;BRASPINE;SAO JOSE;PR;JANDAIA DO SUL;37,56;37,56;241,88;23,44;87,42;19,20;46,14;29,41;100,00;0,00;0,00;0,08
2001.0;2.0;2001-02-01;BRASPINE;SAO MATHEUS;;;;;207,42;24,57;86,93;20,16;44,99;30,96;99,99;0,00;0,00;73,36
2001.0;2.0;2001-02-01;BRASPINE;SAO PEDRO E SAO PAULO;PR;SAPOPEMA;709,13;323,93;211,94;22,07;87,35;17,66;51,18;27,87;99,77;0,00;0,00;3,45
2001.0;2.0;2001-02-01;BRASPINE;SAO RAFAEL;;;;;193,78;21,56;86,36;17,15;48,25;28,21;99,72;0,00;0,00;1,67
2001.0;2.0;2001-02-01;BRASPINE;SAO RAFAEL - PB;;;;;197,58;21,70;89,19;17,82;49,17;29,05;100,00;0,00;0,00;16,26
2001.0;2.0;2001-02-01;BRASPINE;SERRARIA;PR;DOUTOR ULYSSES;280,88;117,71;214,59;21,47;88,43;17,41;49,47;28,42;100,00;0,00;0,00;0,61
2001.0;2.0;2001-02-01;BRASPINE;SERRO VERDE;;;;;280,85;20,71;89,19;16,43;51,66;26,78;99,92;0,00;0,00;5,79
2001.0;2.0;2001-02-01;BRASPINE;SERTAOZINHO;PR;DOUTOR ULYSSES;16,25;16,25;220,15;21,52;88,56;17,44;49,70;28,57;100,00;0,00;0,00;1,93
2001.0;2.0;2001-02-01;BRASPINE;SITIO BASILIO;PR;JAGUARIAIVA;8,08;8,08;196,01;21,11;87,44;16,84;51,30;27,16;99,82;0,00;0,00;0,38
2001.0;2.0;2001-02-01;BRASPINE;SITIO DAS MARRECAS;PR;DOUTOR ULYSSES;77,49;35,17;226,85;22,26;88,40;18,14;49,67;29,35;100,00;0,00;0,00;1,58
2001.0;2.0;2001-02-01;BRASPINE;SOBRADINHO;SP;BOM SUCESSO DE ITARARE;285,80;123,10;186,59;21,15;88,60;17,17;46,69;28,77;100,00;0,00;0,00;1,62
2001.0;2.0;2001-02-01;BRASPINE;TAQUARAL;PR;JAGUARIAIVA;519,13;31,07;202,22;21,33;87,95;17,13;51,44;27,88;100,00;0,00;0,00;9,25
2001.0;2.0;2001-02-01;BRASPINE;TUCUNDUVA;PR;SENGES;82,21;60,89;214,35;21,75;85,68;17,53;48,03;28,01;99,67;0,00;0,00;3,44
2001.0;2.0;2001-02-01;BRASPINE;TUCUNDUVA - CHAMMA;;;;;216,20;21,78;85,79;17,55;48,05;28,38;99,69;0,00;0,00;1,34
2001.0;2.0;2001-02-01;BRASPINE;VIENA 1;PR;DOUTOR ULYSSES;263,98;178,34;214,12;21,12;88,31;16,95;50,55;27,81;100,00;0,00;0,00;3,23
2001.0;2.0;2001-02-01;BRASPINE;VIENA 2;PR;CERRO AZUL;140,23;96,54;223,86;22,53;87,40;17,75;46,52;29,46;100,00;0,00;0,00;23,73
2001.0;2.0;2001-02-01;BRASPINE;VITORIA;PR;SENGES;50,54;35,69;188,87;21,10;87,88;16,92;48,68;28,38;99,92;0,00;0,00;7,11
2001.0;2.0;2001-02-01;BRASPINE;VIVEIRO;PR;DOUTOR ULYSSES;405,39;261,22;213,65;21,52;88,56;17,44;49,70;28,57;100,00;0,00;0,00;1,93
2001.0;2.0;2001-02-01;BRASPINE;VO LINO;PR;DOUTOR ULYSSES;164,50;97,89;213,59;21,73;88,48;17,69;49,52;28,74;100,00;0,00;0,00;1,17
2001.0;2.0;2001-02-01;BRASPINE;XAXIM VELHO;;;;;260,55;20,34;89,35;16,40;53,51;26,72;100,00;0,00;0,00;6,44
2001.0;3.0;2001-03-01;BRASPINE;AGUA DOCE;PR;JAGUARIAIVA;238,97;121,99;90,22;20,75;86,27;15,89;49,28;27,34;99,94;0,00;0,00;0,17
2001.0;3.0;2001-03-01;BRASPINE;AMATA;;;;;179,46;22,43;86,32;17,11;42,73;30,79;100,00;0,00;0,00;1,77
2001.0;3.0;2001-03-01;BRASPINE;ANTA BRAVA;;;;;184,37;23,34;83,31;18,92;49,30;30,42;99,78;0,00;0,00;6,51
2001.0;3.0;2001-03-01;BRASPINE;ARAPONGAS;PR;SENGES;423,34;263,70;113,12;20,87;88,19;16,03;45,74;28,53;100,00;0,00;0,00;1,80
2001.0;3.0;2001-03-01;BRASPINE;ARROIO CLARO;PR;DOUTOR ULYSSES;275,14;92,00;145,25;21,05;88,31;16,07;44,26;29,03;100,00;0,00;0,00;7,22
2001.0;3.0;2001-03-01;BRASPINE;BARRA GRANDE;PR;DOUTOR ULYSSES;493,79;139,68;164,64;21,40;88,35;16,48;44,55;29,52;100,00;0,00;0,00;3,93
2001.0;3.0;2001-03-01;BRASPINE;BARRA GRANDE - BEMAIS;PR;GUARAPUAVA;299,16;108,61;111,35;20,04;87,54;14,23;51,45;27,60;99,83;14,23;0,00;1,56
2001.0;3.0;2001-03-01;BRASPINE;BARRETOS;PR;JAGUARIAIVA;43,35;32,98;119,75;20,85;87,53;15,95;47,81;28,05;100,00;0,00;0,00;5,27
2001.0;3.0;2001-03-01;BRASPINE;BAU;;;;;156,90;19,99;87,75;14,03;53,62;27,01;99,94;43,29;0,00;9,26
2001.0;3.0;2001-03-01;BRASPINE;BOA VISTA II;PR;PIRAI DO SUL;944,00;535,05;134,74;20,89;86,73;15,98;48,27;27,78;100,00;0,00;0,00;2,07
2001.0;3.0;2001-03-01;BRASPINE;BRASILEIRA;;;;;143,86;20,87;88,19;16,03;45,74;28,53;100,00;0,00;0,00;1,80
2001.0;3.0;2001-03-01;BRASPINE;BURACAO;;;;;170,70;20,99;85,69;15,95;45,87;28,16;99,87;0,00;0,00;6,73
2001.0;3.0;2001-03-01;BRASPINE;BURRINHO;PR;DOUTOR ULYSSES;211,01;100,37;145,75;21,05;88,31;16,07;44,26;29,03;100,00;0,00;0,00;7,22
2001.0;3.0;2001-03-01;BRASPINE;CADEADO I;PR;JAGUARIAIVA;21,07;12,29;102,95;20,67;87,83;15,75;46,93;28,01;100,00;0,00;0,00;3,70
2001.0;3.0;2001-03-01;BRASPINE;CADEADO II;PR;JAGUARIAIVA;21,88;16,79;102,95;20,67;87,83;15,75;46,93;28,01;100,00;0,00;0,00;3,70
2001.0;3.0;2001-03-01;BRASPINE;CAMPINA ALTA;PR;TIBAGI;29,77;18,24;81,78;21,34;86,72;16,04;47,43;28,38;99,91;0,00;0,00;0,06
2001.0;3.0;2001-03-01;BRASPINE;CAMPINA DO ELIAS;PR;JAGUARIAIVA;29,17;14,65;133,42;20,79;87,64;15,87;47,49;28,03;99,99;0,00;0,00;4,74
2001.0;3.0;2001-03-01;BRASPINE;CAMPO NOVO;PR;JAGUARIAIVA;295,98;156,36;116,13;20,67;87,83;15,75;46,93;28,01;100,00;0,00;0,00;3,70
2001.0;3.0;2001-03-01;BRASPINE;CONSULTORIA II A;PR;DOUTOR ULYSSES;89,62;60,79;127,82;20,87;88,19;16,03;45,74;28,53;100,00;0,00;0,00;1,80
2001.0;3.0;2001-03-01;BRASPINE;DINIZ;;;;;136,45;20,87;88,19;16,03;45,74;28,53;100,00;0,00;0,00;1,80
2001.0;3.0;2001-03-01;BRASPINE;ENES;PR;JAGUARIAIVA;5,93;5,69;116,61;20,67;87,83;15,75;46,93;28,01;100,00;0,00;0,00;3,70
2001.0;3.0;2001-03-01;BRASPINE;ENGENHARIA;;;;;136,45;20,87;88,19;16,03;45,74;28,53;100,00;0,00;0,00;1,80
2001.0;3.0;2001-03-01;BRASPINE;ESTACAO;PR;SENGES;4,76;4,14;115,92;20,67;87,83;15,75;46,93;28,01;100,00;0,00;0,00;3,70
2001.0;3.0;2001-03-01;BRASPINE;FAXINAL;PR;JAGUARIAIVA;20,65;20,65;116,61;20,67;87,83;15,75;46,93;28,01;100,00;0,00;0,00;3,70
2001.0;3.0;2001-03-01;BRASPINE;FEITAL;PR;DOUTOR ULYSSES;154,17;86,53;153,42;21,05;88,24;16,18;45,35;28,86;100,00;0,00;0,00;1,12
2001.0;3.0;2001-03-01;BRASPINE;FIGUEIRA;PR;DOUTOR ULYSSES;1053,81;315,71;146,37;21,05;88,31;16,07;44,26;29,03;100,00;0,00;0,00;7,22
2001.0;3.0;2001-03-01;BRASPINE;FIGUEIRINHA;PR;DOUTOR ULYSSES;94,37;56,74;175,73;21,05;88,31;16,07;44,26;29,03;100,00;0,00;0,00;7,22
2001.0;3.0;2001-03-01;BRASPINE;FLOEMA;PR;DOUTOR ULYSSES;2189,88;701,43;143,59;20,53;88,11;15,47;45,20;28,07;100,00;0,00;0,00;11,02
2001.0;3.0;2001-03-01;BRASPINE;FLOEMA I - SUDATI;;;;;113,65;20,87;88,19;16,03;45,74;28,53;100,00;0,00;0,00;1,80
2001.0;3.0;2001-03-01;BRASPINE;FLOEMA II - SUDATI;PR;DOUTOR ULYSSES;453,83;211,13;124,98;20,87;88,19;16,03;45,74;28,53;100,00;0,00;0,00;1,80
2001.0;3.0;2001-03-01;BRASPINE;FLOR DA SERRA;PR;SAO JOSE DA BOA VISTA;209,10;128,72;86,50;22,37;82,78;17,31;42,91;29,60;99,82;0,00;0,00;5,56
2001.0;3.0;2001-03-01;BRASPINE;GENTIL;PR;JAGUARIAIVA;126,77;53,33;94,43;20,50;86,01;15,57;49,78;26,97;99,85;0,00;0,00;4,71
2001.0;3.0;2001-03-01;BRASPINE;GUAIRACA;PR;GUARAPUAVA;623,62;169,31;128,77;20,27;86,92;14,51;52,25;27,81;99,94;14,51;0,00;2,25
2001.0;3.0;2001-03-01;BRASPINE;HERVAL 2 - MADALOSSO;;;;;159,71;20,99;85,69;15,95;45,87;28,16;99,87;0,00;0,00;6,73
2001.0;3.0;2001-03-01;BRASPINE;HERVAL DE BAIXO;PR;RESERVA;827,29;475,92;99,06;21,30;87,02;15,27;48,11;28,35;99,85;0,00;0,00;10,72
2001.0;3.0;2001-03-01;BRASPINE;HORTO 01;PR;TURVO;19,12;19,12;130,70;20,65;88,23;14,91;54,08;27,73;99,84;14,91;0,00;5,56
2001.0;3.0;2001-03-01;BRASPINE;HORTO 02;PR;TURVO;4,24;4,24;130,89;20,65;88,23;14,91;54,08;27,73;99,84;14,91;0,00;5,56
2001.0;3.0;2001-03-01;BRASPINE;HORTO 03;PR;PRUDENTOPOLIS;80,91;25,89;123,20;21,15;87,46;15,33;51,81;28,39;99,83;0,00;0,00;0,45
2001.0;3.0;2001-03-01;BRASPINE;HORTO 08;PR;TURVO;9,53;9,53;112,30;21,15;87,46;15,33;51,81;28,39;99,83;0,00;0,00;0,45
2001.0;3.0;2001-03-01;BRASPINE;HORTO 12;PR;PRUDENTOPOLIS;12,20;12,20;114,67;21,15;87,46;15,33;51,81;28,39;99,83;0,00;0,00;0,45
2001.0;3.0;2001-03-01;BRASPINE;IZAU;PR;PIRAI DO SUL;19,37;11,60;95,20;20,58;86,23;15,60;49,02;27,25;99,86;0,00;0,00;1,60
2001.0;3.0;2001-03-01;BRASPINE;JOAO RICO;PR;JAGUARIAIVA;47,46;26,18;94,50;20,75;86,27;15,89;49,28;27,34;99,94;0,00;0,00;0,17
2001.0;3.0;2001-03-01;BRASPINE;LAGOA;PR;JAGUARIAIVA;24,10;10,78;109,82;20,67;87,83;15,75;46,93;28,01;100,00;0,00;0,00;3,70
2001.0;3.0;2001-03-01;BRASPINE;MARACANA;PR;JANDAIA DO SUL;11,45;11,45;166,47;22,75;85,03;16,57;46,70;29,46;99,95;0,00;0,00;28,95
2001.0;3.0;2001-03-01;BRASPINE;MARRECA;;;;;155,94;21,05;88,31;16,07;44,26;29,03;100,00;0,00;0,00;7,22
2001.0;3.0;2001-03-01;BRASPINE;MARRECA SP;SP;ITAPIRAPUA PAULISTA;675,30;236,19;190,17;21,81;88,25;16,85;43,13;30,31;100,00;0,00;0,00;3,21
2001.0;3.0;2001-03-01;BRASPINE;MARRECAS;;;;;132,88;19,54;87,79;13,85;52,57;27,04;99,93;73,16;0,00;7,69
2001.0;3.0;2001-03-01;BRASPINE;MERCADINHO;;;;;171,04;21,64;87,35;16,45;43,19;29,89;100,00;0,00;0,00;3,83
2001.0;3.0;2001-03-01;BRASPINE;MONTE ALEGRE;;;;;179,60;23,28;83,94;16,90;46,99;29,89;99,94;0,00;0,00;6,52
2001.0;3.0;2001-03-01;BRASPINE;MONTE TABOR II;;;;;135,35;21,09;89,00;16,28;45,50;29,26;100,00;0,00;0,00;4,44
2001.0;3.0;2001-03-01;BRASPINE;MOREIRA;PR;DOUTOR ULYSSES;230,52;68,68;124,98;20,87;88,19;16,03;45,74;28,53;100,00;0,00;0,00;1,80
2001.0;3.0;2001-03-01;BRASPINE;MOREIRAS II;PR;DOUTOR ULYSSES;66,76;28,75;128,26;20,87;88,19;16,03;45,74;28,53;100,00;0,00;0,00;1,80
2001.0;3.0;2001-03-01;BRASPINE;MORRETES;PR;ORTIGUEIRA;20,36;20,36;98,44;21,70;87,10;15,44;48,11;28,77;99,93;0,00;0,00;0,72
2001.0;3.0;2001-03-01;BRASPINE;MORRO AZUL;;;;;142,24;21,15;88,18;16,31;45,18;29,14;100,00;0,00;0,00;6,16
2001.0;3.0;2001-03-01;BRASPINE;OURO FINO;SP;APIAI;51,70;51,70;170,83;20,88;88,98;16,38;45,82;28,84;100,00;0,00;0,00;1,90
2001.0;3.0;2001-03-01;BRASPINE;PALMEIRINHA DE BAIXO - SOSSEGO;PR;SENGES;85,93;9,22;117,64;20,46;86,76;15,65;48,27;27,42;99,87;0,00;0,00;0,37
2001.0;3.0;2001-03-01;BRASPINE;PAZIN;PR;DOUTOR ULYSSES;41,20;23,90;164,28;21,05;88,31;16,07;44,26;29,03;100,00;0,00;0,00;7,22
2001.0;3.0;2001-03-01;BRASPINE;PEDRAS;PR;CASTRO;7,18;7,18;117,40;20,69;86,55;15,83;50,52;27,14;99,87;0,00;0,00;12,78
2001.0;3.0;2001-03-01;BRASPINE;PESCARIA;PR;SAO JOSE DA BOA VISTA;184,57;129,22;91,70;22,55;82,24;17,10;42,73;29,91;99,91;0,00;0,00;2,91
2001.0;3.0;2001-03-01;BRASPINE;PESSEGUEIRO;PR;DOUTOR ULYSSES;109,95;64,79;126,92;20,87;88,19;16,03;45,74;28,53;100,00;0,00;0,00;1,80
2001.0;3.0;2001-03-01;BRASPINE;PITANGA;;;;;134,54;20,61;87,57;14,48;53,89;27,53;99,80;28,97;0,00;6,46
2001.0;3.0;2001-03-01;BRASPINE;QUEIMADINHO ARROIO CLARO;PR;DOUTOR ULYSSES;48,13;19,09;143,86;20,87;88,19;16,03;45,74;28,53;100,00;0,00;0,00;1,80
2001.0;3.0;2001-03-01;BRASPINE;QUEIMADINHO M6042;PR;DOUTOR ULYSSES;48,38;18,50;143,86;20,87;88,19;16,03;45,74;28,53;100,00;0,00;0,00;1,80
2001.0;3.0;2001-03-01;BRASPINE;QUEIMADINHO USUCAPIAO;PR;DOUTOR ULYSSES;200,27;92,43;143,86;20,87;88,19;16,03;45,74;28,53;100,00;0,00;0,00;1,80
2001.0;3.0;2001-03-01;BRASPINE;RAMOS;PR;SENGES;69,83;38,15;113,65;20,67;87,83;15,75;46,93;28,01;100,00;0,00;0,00;3,70
2001.0;3.0;2001-03-01;BRASPINE;RIBEIRAO GRANDE;PR;JAGUARIAIVA;20,77;20,77;84,69;20,58;86,23;15,60;49,02;27,25;99,86;0,00;0,00;1,60
2001.0;3.0;2001-03-01;BRASPINE;RINCAO DE BAIXO;;;;;85,95;20,95;84,64;15,70;46,96;27,55;99,84;0,00;0,00;0,68
2001.0;3.0;2001-03-01;BRASPINE;RIO BOMBA;PR;CERRO AZUL;65,03;37,72;156,37;21,96;86,47;16,76;42,84;30,13;99,98;0,00;0,00;5,17
2001.0;3.0;2001-03-01;BRASPINE;RIO DO MEIO;PR;DOUTOR ULYSSES;712,33;389,13;132,41;20,87;88,19;16,03;45,74;28,53;100,00;0,00;0,00;1,80
2001.0;3.0;2001-03-01;BRASPINE;RONDON;PR;JAGUARIAIVA;2899,24;1475,88;97,91;20,51;87,09;15,67;49,06;27,34;99,92;0,00;0,00;1,93
2001.0;3.0;2001-03-01;BRASPINE;SANTA FELICIDADE;;;;;198,16;22,24;88,15;16,96;42,24;31,14;100,00;0,00;0,00;3,18
2001.0;3.0;2001-03-01;BRASPINE;SANTA LIDIA DO CERCADINHO;;;;;87,80;20,63;84,63;15,34;47,53;27,10;99,84;0,00;0,00;0,41
2001.0;3.0;2001-03-01;BRASPINE;SANTO ANTONIO;;;;;124,44;20,55;86,82;15,80;47,06;27,86;100,00;0,00;0,00;0,10
2001.0;3.0;2001-03-01;BRASPINE;SAO JOSE;PR;JANDAIA DO SUL;37,56;37,56;178,99;23,11;84,16;16,78;46,94;29,73;99,96;0,00;0,00;1,45
2001.0;3.0;2001-03-01;BRASPINE;SAO MATHEUS;;;;;137,71;24,41;83,07;17,75;48,43;31,30;99,89;0,00;0,00;2,60
2001.0;3.0;2001-03-01;BRASPINE;SAO PEDRO E SAO PAULO;PR;SAPOPEMA;709,13;323,93;76,51;21,62;84,67;16,64;43,78;28,24;99,74;0,00;0,00;5,32
2001.0;3.0;2001-03-01;BRASPINE;SAO RAFAEL;;;;;147,42;21,05;84,46;16,43;48,26;28,08;99,78;0,00;0,00;4,20
2001.0;3.0;2001-03-01;BRASPINE;SAO RAFAEL - PB;;;;;176,24;21,02;88,72;16,46;45,35;29,01;100,00;0,00;0,00;3,25
2001.0;3.0;2001-03-01;BRASPINE;SERRARIA;PR;DOUTOR ULYSSES;280,88;117,71;141,46;20,79;88,21;15,77;44,73;28,55;100,00;0,00;0,00;9,09
2001.0;3.0;2001-03-01;BRASPINE;SERRO VERDE;;;;;145,74;20,28;86,83;13,92;53,60;27,40;99,93;43,05;0,00;12,68
2001.0;3.0;2001-03-01;BRASPINE;SERTAOZINHO;PR;DOUTOR ULYSSES;16,25;16,25;124,43;20,87;88,19;16,03;45,74;28,53;100,00;0,00;0,00;1,80
2001.0;3.0;2001-03-01;BRASPINE;SITIO BASILIO;PR;JAGUARIAIVA;8,08;8,08;89,63;20,54;86,02;15,65;49,88;26,98;99,85;0,00;0,00;2,86
2001.0;3.0;2001-03-01;BRASPINE;SITIO DAS MARRECAS;PR;DOUTOR ULYSSES;77,49;35,17;178,80;21,60;88,27;16,70;43,45;29,95;100,00;0,00;0,00;4,31
2001.0;3.0;2001-03-01;BRASPINE;SOBRADINHO;SP;BOM SUCESSO DE ITARARE;285,80;123,10;153,80;20,50;87,62;15,89;46,90;28,06;100,00;0,00;0,00;4,00
2001.0;3.0;2001-03-01;BRASPINE;TAQUARAL;PR;JAGUARIAIVA;519,13;31,07;102,32;20,74;86,92;15,91;49,33;27,47;100,00;0,00;0,00;11,21
2001.0;3.0;2001-03-01;BRASPINE;TUCUNDUVA;PR;SENGES;82,21;60,89;102,80;21,16;84,09;16,07;47,04;27,88;99,87;0,00;0,00;4,95
2001.0;3.0;2001-03-01;BRASPINE;TUCUNDUVA - CHAMMA;;;;;97,97;21,17;84,30;16,09;47,26;27,95;99,86;0,00;0,00;2,10
2001.0;3.0;2001-03-01;BRASPINE;VIENA 1;PR;DOUTOR ULYSSES;263,98;178,34;140,02;20,49;87,68;15,52;47,12;27,62;100,00;0,00;0,00;2,97
2001.0;3.0;2001-03-01;BRASPINE;VIENA 2;PR;CERRO AZUL;140,23;96,54;155,98;21,96;86,47;16,76;42,84;30,13;99,98;0,00;0,00;5,17
2001.0;3.0;2001-03-01;BRASPINE;VITORIA;PR;SENGES;50,54;35,69;117,64;20,46;86,76;15,65;48,27;27,42;99,87;0,00;0,00;0,37
2001.0;3.0;2001-03-01;BRASPINE;VIVEIRO;PR;DOUTOR ULYSSES;405,39;261,22;128,26;20,87;88,19;16,03;45,74;28,53;100,00;0,00;0,00;1,80
2001.0;3.0;2001-03-01;BRASPINE;VO LINO;PR;DOUTOR ULYSSES;164,50;97,89;150,49;21,05;88,31;16,07;44,26;29,03;100,00;0,00;0,00;7,22
2001.0;3.0;2001-03-01;BRASPINE;XAXIM VELHO;;;;;175,42;19,78;87,57;14,04;53,16;27,09;99,99;29,03;0,00;4,14
2001.0;4.0;2001-04-01;BRASPINE;AGUA DOCE;PR;JAGUARIAIVA;238,97;121,99;67,92;19,63;82,44;13,97;41,23;26,10;99,88;56,53;0,00;25,44
2001.0;4.0;2001-04-01;BRASPINE;AMATA;;;;;70,94;21,20;83,52;14,02;37,92;29,32;100,00;43,02;0,00;4,05
2001.0;4.0;2001-04-01;BRASPINE;ANTA BRAVA;;;;;35,93;22,38;77,69;16,74;37,18;28,91;100,00;0,00;0,00;3,84
2001.0;4.0;2001-04-01;BRASPINE;ARAPONGAS;PR;SENGES;423,34;263,70;65,58;19,70;84,74;14,09;38,29;27,08;100,00;86,96;0,00;21,30
2001.0;4.0;2001-04-01;BRASPINE;ARROIO CLARO;PR;DOUTOR ULYSSES;275,14;92,00;57,92;19,82;85,24;13,89;37,52;27,59;100,00;56,73;0,00;3,40
2001.0;4.0;2001-04-01;BRASPINE;BARRA GRANDE;PR;DOUTOR ULYSSES;493,79;139,68;57,00;20,24;85,00;14,11;37,83;27,93;100,00;43,39;0,00;16,92
2001.0;4.0;2001-04-01;BRASPINE;BARRA GRANDE - BEMAIS;PR;GUARAPUAVA;299,16;108,61;119,98;18,80;84,54;12,22;45,47;25,55;100,00;139,55;0,00;3,05
2001.0;4.0;2001-04-01;BRASPINE;BARRETOS;PR;JAGUARIAIVA;43,35;32,98;70,51;19,69;84,09;14,03;38,73;26,59;99,98;86,69;0,00;27,50
2001.0;4.0;2001-04-01;BRASPINE;BAU;;;;;111,54;18,91;84,04;13,00;47,93;25,08;99,81;142,22;0,00;2,11
2001.0;4.0;2001-04-01;BRASPINE;BOA VISTA II;PR;PIRAI DO SUL;944,00;535,05;63,00;19,66;83,56;13,75;39,47;26,42;99,95;84,81;0,00;1,38
2001.0;4.0;2001-04-01;BRASPINE;BRASILEIRA;;;;;55,20;19,70;84,74;14,09;38,29;27,08;100,00;86,96;0,00;21,30
2001.0;4.0;2001-04-01;BRASPINE;BURACAO;;;;;76,15;19,72;82,53;12,78;36,99;27,05;99,74;26,82;0,00;161,89
2001.0;4.0;2001-04-01;BRASPINE;BURRINHO;PR;DOUTOR ULYSSES;211,01;100,37;57,83;19,82;85,24;13,89;37,52;27,59;100,00;56,73;0,00;3,40
2001.0;4.0;2001-04-01;BRASPINE;CADEADO I;PR;JAGUARIAIVA;21,07;12,29;57,71;19,48;84,42;13,93;38,30;26,58;100,00;85,88;0,00;25,18
2001.0;4.0;2001-04-01;BRASPINE;CADEADO II;PR;JAGUARIAIVA;21,88;16,79;57,71;19,48;84,42;13,93;38,30;26,58;100,00;85,88;0,00;25,18
2001.0;4.0;2001-04-01;BRASPINE;CAMPINA ALTA;PR;TIBAGI;29,77;18,24;109,32;20,22;82,65;13,54;40,85;27,00;99,96;69,82;0,00;7,16
2001.0;4.0;2001-04-01;BRASPINE;CAMPINA DO ELIAS;PR;JAGUARIAIVA;29,17;14,65;60,00;19,61;84,21;13,99;38,57;26,58;99,98;86,40;0,00;26,72
2001.0;4.0;2001-04-01;BRASPINE;CAMPO NOVO;PR;JAGUARIAIVA;295,98;156,36;68,69;19,48;84,42;13,93;38,30;26,58;100,00;85,88;0,00;25,18
2001.0;4.0;2001-04-01;BRASPINE;CONSULTORIA II A;PR;DOUTOR ULYSSES;89,62;60,79;60,67;19,70;84,74;14,09;38,29;27,08;100,00;86,96;0,00;21,30
2001.0;4.0;2001-04-01;BRASPINE;DINIZ;;;;;55,97;19,70;84,74;14,09;38,29;27,08;100,00;86,96;0,00;21,30
2001.0;4.0;2001-04-01;BRASPINE;ENES;PR;JAGUARIAIVA;5,93;5,69;69,07;19,48;84,42;13,93;38,30;26,58;100,00;85,88;0,00;25,18
2001.0;4.0;2001-04-01;BRASPINE;ENGENHARIA;;;;;55,97;19,70;84,74;14,09;38,29;27,08;100,00;86,96;0,00;21,30
2001.0;4.0;2001-04-01;BRASPINE;ESTACAO;PR;SENGES;4,76;4,14;56,93;19,48;84,42;13,93;38,30;26,58;100,00;85,88;0,00;25,18
2001.0;4.0;2001-04-01;BRASPINE;FAXINAL;PR;JAGUARIAIVA;20,65;20,65;69,07;19,48;84,42;13,93;38,30;26,58;100,00;85,88;0,00;25,18
2001.0;4.0;2001-04-01;BRASPINE;FEITAL;PR;DOUTOR ULYSSES;154,17;86,53;54,97;19,88;84,83;14,10;38,14;27,37;100,00;87,66;0,00;19,87
2001.0;4.0;2001-04-01;BRASPINE;FIGUEIRA;PR;DOUTOR ULYSSES;1053,81;315,71;55,00;19,82;85,24;13,89;37,52;27,59;100,00;56,73;0,00;3,40
2001.0;4.0;2001-04-01;BRASPINE;FIGUEIRINHA;PR;DOUTOR ULYSSES;94,37;56,74;55,79;19,82;85,24;13,89;37,52;27,59;100,00;56,73;0,00;3,40
2001.0;4.0;2001-04-01;BRASPINE;FLOEMA;PR;DOUTOR ULYSSES;2189,88;701,43;58,21;19,30;84,85;13,61;37,79;26,76;100,00;84,56;0,00;4,59
2001.0;4.0;2001-04-01;BRASPINE;FLOEMA I - SUDATI;;;;;58,05;19,70;84,74;14,09;38,29;27,08;100,00;86,96;0,00;21,30
2001.0;4.0;2001-04-01;BRASPINE;FLOEMA II - SUDATI;PR;DOUTOR ULYSSES;453,83;211,13;58,51;19,70;84,74;14,09;38,29;27,08;100,00;86,96;0,00;21,30
2001.0;4.0;2001-04-01;BRASPINE;FLOR DA SERRA;PR;SAO JOSE DA BOA VISTA;209,10;128,72;88,77;21,46;76,81;13,60;31,88;28,25;99,87;43,21;0,00;5,38
2001.0;4.0;2001-04-01;BRASPINE;GENTIL;PR;JAGUARIAIVA;126,77;53,33;68,67;19,35;82,48;13,68;41,93;25,79;99,71;100,32;0,00;0,01
2001.0;4.0;2001-04-01;BRASPINE;GUAIRACA;PR;GUARAPUAVA;623,62;169,31;100,72;19,00;84,09;12,30;44,35;25,84;100,00;124,77;0,00;8,27
2001.0;4.0;2001-04-01;BRASPINE;HERVAL 2 - MADALOSSO;;;;;72,50;19,72;82,53;12,78;36,99;27,05;99,74;26,82;0,00;161,89
2001.0;4.0;2001-04-01;BRASPINE;HERVAL DE BAIXO;PR;RESERVA;827,29;475,92;103,47;20,12;83,16;13,05;41,13;26,97;99,99;66,94;0,00;346,15
2001.0;4.0;2001-04-01;BRASPINE;HORTO 01;PR;TURVO;19,12;19,12;123,54;19,51;84,48;12,38;47,77;25,97;99,87;96,76;0,00;6,60
2001.0;4.0;2001-04-01;BRASPINE;HORTO 02;PR;TURVO;4,24;4,24;123,61;19,51;84,48;12,38;47,77;25,97;99,87;96,76;0,00;6,60
2001.0;4.0;2001-04-01;BRASPINE;HORTO 03;PR;PRUDENTOPOLIS;80,91;25,89;121,96;19,98;83,73;12,34;45,46;26,60;99,95;69,92;0,00;0,48
2001.0;4.0;2001-04-01;BRASPINE;HORTO 08;PR;TURVO;9,53;9,53;122,08;19,98;83,73;12,34;45,46;26,60;99,95;69,92;0,00;0,48
2001.0;4.0;2001-04-01;BRASPINE;HORTO 12;PR;PRUDENTOPOLIS;12,20;12,20;120,26;19,98;83,73;12,34;45,46;26,60;99,95;69,92;0,00;0,48
2001.0;4.0;2001-04-01;BRASPINE;IZAU;PR;PIRAI DO SUL;19,37;11,60;70,81;19,38;83,20;13,56;40,66;25,96;99,62;100,34;0,00;2,93
2001.0;4.0;2001-04-01;BRASPINE;JOAO RICO;PR;JAGUARIAIVA;47,46;26,18;68,89;19,63;82,44;13,97;41,23;26,10;99,88;56,53;0,00;25,44
2001.0;4.0;2001-04-01;BRASPINE;LAGOA;PR;JAGUARIAIVA;24,10;10,78;58,81;19,48;84,42;13,93;38,30;26,58;100,00;85,88;0,00;25,18
2001.0;4.0;2001-04-01;BRASPINE;MARACANA;PR;JANDAIA DO SUL;11,45;11,45;88,71;21,88;78,47;15,60;35,36;28,51;99,94;0,00;0,00;0,32
2001.0;4.0;2001-04-01;BRASPINE;MARRECA;;;;;56,44;19,82;85,24;13,89;37,52;27,59;100,00;56,73;0,00;3,40
2001.0;4.0;2001-04-01;BRASPINE;MARRECA SP;SP;ITAPIRAPUA PAULISTA;675,30;236,19;56,36;20,56;85,50;13,74;37,38;28,69;100,00;42,66;0,00;1,90
2001.0;4.0;2001-04-01;BRASPINE;MARRECAS;;;;;106,99;18,27;85,15;12,15;46,03;25,03;100,00;163,10;0,00;0,41
2001.0;4.0;2001-04-01;BRASPINE;MERCADINHO;;;;;55,12;20,40;84,57;13,36;37,33;28,42;100,00;40,55;0,00;0,12
2001.0;4.0;2001-04-01;BRASPINE;MONTE ALEGRE;;;;;80,09;22,37;77,69;15,91;35,79;29,05;99,74;0,00;0,00;0,35
2001.0;4.0;2001-04-01;BRASPINE;MONTE TABOR II;;;;;47,83;19,83;86,71;12,91;43,64;27,80;100,00;39,69;0,00;40,21
2001.0;4.0;2001-04-01;BRASPINE;MOREIRA;PR;DOUTOR ULYSSES;230,52;68,68;58,51;19,70;84,74;14,09;38,29;27,08;100,00;86,96;0,00;21,30
2001.0;4.0;2001-04-01;BRASPINE;MOREIRAS II;PR;DOUTOR ULYSSES;66,76;28,75;60,95;19,70;84,74;14,09;38,29;27,08;100,00;86,96;0,00;21,30
2001.0;4.0;2001-04-01;BRASPINE;MORRETES;PR;ORTIGUEIRA;20,36;20,36;104,93;20,53;83,18;12,89;40,76;27,53;99,94;66,33;0,00;5,74
2001.0;4.0;2001-04-01;BRASPINE;MORRO AZUL;;;;;47,03;20,08;84,27;13,67;37,95;27,58;100,00;73,35;0,00;8,59
2001.0;4.0;2001-04-01;BRASPINE;OURO FINO;SP;APIAI;51,70;51,70;44,62;19,78;85,39;13,72;41,11;27,41;100,00;87,17;0,00;1,98
2001.0;4.0;2001-04-01;BRASPINE;PALMEIRINHA DE BAIXO - SOSSEGO;PR;SENGES;85,93;9,22;56,93;19,49;82,08;13,56;38,89;26,04;99,85;55,92;0,00;12,81
2001.0;4.0;2001-04-01;BRASPINE;PAZIN;PR;DOUTOR ULYSSES;41,20;23,90;55,29;19,82;85,24;13,89;37,52;27,59;100,00;56,73;0,00;3,40
2001.0;4.0;2001-04-01;BRASPINE;PEDRAS;PR;CASTRO;7,18;7,18;73,54;19,39;83,76;13,51;41,75;26,01;99,80;98,41;0,00;5,73
2001.0;4.0;2001-04-01;BRASPINE;PESCARIA;PR;SAO JOSE DA BOA VISTA;184,57;129,22;82,20;21,73;76,02;14,28;30,89;28,60;99,64;14,28;0,00;4,78
2001.0;4.0;2001-04-01;BRASPINE;PESSEGUEIRO;PR;DOUTOR ULYSSES;109,95;64,79;54,11;19,70;84,74;14,09;38,29;27,08;100,00;86,96;0,00;21,30
2001.0;4.0;2001-04-01;BRASPINE;PITANGA;;;;;114,46;19,58;83,42;13,68;47,10;25,79;99,81;99,97;0,00;72,84
2001.0;4.0;2001-04-01;BRASPINE;QUEIMADINHO ARROIO CLARO;PR;DOUTOR ULYSSES;48,13;19,09;55,20;19,70;84,74;14,09;38,29;27,08;100,00;86,96;0,00;21,30
2001.0;4.0;2001-04-01;BRASPINE;QUEIMADINHO M6042;PR;DOUTOR ULYSSES;48,38;18,50;55,20;19,70;84,74;14,09;38,29;27,08;100,00;86,96;0,00;21,30
2001.0;4.0;2001-04-01;BRASPINE;QUEIMADINHO USUCAPIAO;PR;DOUTOR ULYSSES;200,27;92,43;55,20;19,70;84,74;14,09;38,29;27,08;100,00;86,96;0,00;21,30
2001.0;4.0;2001-04-01;BRASPINE;RAMOS;PR;SENGES;69,83;38,15;58,05;19,48;84,42;13,93;38,30;26,58;100,00;85,88;0,00;25,18
2001.0;4.0;2001-04-01;BRASPINE;RIBEIRAO GRANDE;PR;JAGUARIAIVA;20,77;20,77;68,85;19,38;83,20;13,56;40,66;25,96;99,62;100,34;0,00;2,93
2001.0;4.0;2001-04-01;BRASPINE;RINCAO DE BAIXO;;;;;110,28;19,81;80,55;13,50;40,81;26,36;99,82;84,63;0,00;0,12
2001.0;4.0;2001-04-01;BRASPINE;RIO BOMBA;PR;CERRO AZUL;65,03;37,72;62,09;20,69;83,85;13,16;37,43;28,80;99,98;39,97;0,00;4,43
2001.0;4.0;2001-04-01;BRASPINE;RIO DO MEIO;PR;DOUTOR ULYSSES;712,33;389,13;59,43;19,70;84,74;14,09;38,29;27,08;100,00;86,96;0,00;21,30
2001.0;4.0;2001-04-01;BRASPINE;RONDON;PR;JAGUARIAIVA;2899,24;1475,88;63,34;19,45;82,93;13,36;39,90;25,95;99,85;55,78;0,00;19,43
2001.0;4.0;2001-04-01;BRASPINE;SANTA FELICIDADE;;;;;56,80;20,97;85,76;13,34;37,74;29,38;100,00;42,07;0,00;0,11
2001.0;4.0;2001-04-01;BRASPINE;SANTA LIDIA DO CERCADINHO;;;;;106,92;19,47;80,68;13,20;41,02;25,93;99,82;98,21;0,00;0,13
2001.0;4.0;2001-04-01;BRASPINE;SANTO ANTONIO;;;;;56,56;19,55;82,22;13,40;37,83;26,47;100,00;56,02;0,00;9,14
2001.0;4.0;2001-04-01;BRASPINE;SAO JOSE;PR;JANDAIA DO SUL;37,56;37,56;80,19;22,21;77,86;15,80;35,77;28,85;99,84;0,00;0,00;0,30
2001.0;4.0;2001-04-01;BRASPINE;SAO MATHEUS;;;;;77,82;23,39;77,76;15,74;36,27;30,36;99,80;0,00;0,00;32,37
2001.0;4.0;2001-04-01;BRASPINE;SAO PEDRO E SAO PAULO;PR;SAPOPEMA;709,13;323,93;84,29;20,63;78,56;14,27;32,41;27,24;99,75;43,35;0,00;15,03
2001.0;4.0;2001-04-01;BRASPINE;SAO RAFAEL;;;;;100,47;19,56;83,14;12,48;36,92;27,33;99,66;82,62;0,00;1,49
2001.0;4.0;2001-04-01;BRASPINE;SAO RAFAEL - PB;;;;;46,91;19,93;85,03;14,14;40,34;27,58;100,00;73,23;0,00;3,61
2001.0;4.0;2001-04-01;BRASPINE;SERRARIA;PR;DOUTOR ULYSSES;280,88;117,71;57,54;19,56;85,05;13,75;37,65;27,18;100,00;85,78;0,00;4,00
2001.0;4.0;2001-04-01;BRASPINE;SERRO VERDE;;;;;104,45;19,23;82,98;13,07;46,37;25,58;99,85;82,99;0,00;2,31
2001.0;4.0;2001-04-01;BRASPINE;SERTAOZINHO;PR;DOUTOR ULYSSES;16,25;16,25;61,46;19,70;84,74;14,09;38,29;27,08;100,00;86,96;0,00;21,30
2001.0;4.0;2001-04-01;BRASPINE;SITIO BASILIO;PR;JAGUARIAIVA;8,08;8,08;67,70;19,42;82,24;13,75;42,14;25,84;99,81;115,67;0,00;26,46
2001.0;4.0;2001-04-01;BRASPINE;SITIO DAS MARRECAS;PR;DOUTOR ULYSSES;77,49;35,17;56,25;20,35;85,43;13,78;37,42;28,37;100,00;42,44;0,00;2,33
2001.0;4.0;2001-04-01;BRASPINE;SOBRADINHO;SP;BOM SUCESSO DE ITARARE;285,80;123,10;49,85;19,50;82,99;13,73;38,52;26,67;100,00;71,39;0,00;5,11
2001.0;4.0;2001-04-01;BRASPINE;TAQUARAL;PR;JAGUARIAIVA;519,13;31,07;68,61;19,62;83,00;13,59;40,60;26,08;99,87;71,21;0,00;23,45
2001.0;4.0;2001-04-01;BRASPINE;TUCUNDUVA;PR;SENGES;82,21;60,89;75,90;20,26;78,59;13,30;39,47;26,78;99,80;42,05;0,00;12,96
2001.0;4.0;2001-04-01;BRASPINE;TUCUNDUVA - CHAMMA;;;;;72,34;20,33;78,59;13,69;39,46;26,83;99,58;42,72;0,00;13,55
2001.0;4.0;2001-04-01;BRASPINE;VIENA 1;PR;DOUTOR ULYSSES;263,98;178,34;61,48;19,25;84,44;13,95;38,85;26,36;100,00;100,82;0,00;1,93
2001.0;4.0;2001-04-01;BRASPINE;VIENA 2;PR;CERRO AZUL;140,23;96,54;61,79;20,69;83,85;13,16;37,43;28,80;99,98;39,97;0,00;4,43
2001.0;4.0;2001-04-01;BRASPINE;VITORIA;PR;SENGES;50,54;35,69;56,93;19,49;82,08;13,56;38,89;26,04;99,85;55,92;0,00;12,81
2001.0;4.0;2001-04-01;BRASPINE;VIVEIRO;PR;DOUTOR ULYSSES;405,39;261,22;60,95;19,70;84,74;14,09;38,29;27,08;100,00;86,96;0,00;21,30
2001.0;4.0;2001-04-01;BRASPINE;VO LINO;PR;DOUTOR ULYSSES;164,50;97,89;56,96;19,82;85,24;13,89;37,52;27,59;100,00;56,73;0,00;3,40
2001.0;4.0;2001-04-01;BRASPINE;XAXIM VELHO;;;;;101,38;18,47;85,20;12,43;46,28;25,20;100,00;135,62;0,00;0,30
2001.0;5.0;2001-05-01;BRASPINE;AGUA DOCE;PR;JAGUARIAIVA;238,97;121,99;119,56;14,95;84,40;5,53;50,40;25,02;99,85;305,89;0,00;0,02
2001.0;5.0;2001-05-01;BRASPINE;AMATA;;;;;149,64;16,19;86,22;7,21;46,78;27,32;100,00;266,09;0,00;3,75
2001.0;5.0;2001-05-01;BRASPINE;ANTA BRAVA;;;;;138,36;17,71;81,76;9,46;41,57;28,15;99,91;229,84;0,00;21,02
2001.0;5.0;2001-05-01;BRASPINE;ARAPONGAS;PR;SENGES;423,34;263,70;125,40;15,05;86,80;6,46;48,37;25,36;100,00;315,00;0,00;2,94
2001.0;5.0;2001-05-01;BRASPINE;ARROIO CLARO;PR;DOUTOR ULYSSES;275,14;92,00;133,42;15,15;87,21;6,80;47,57;25,52;100,00;318,20;0,00;4,92
2001.0;5.0;2001-05-01;BRASPINE;BARRA GRANDE;PR;DOUTOR ULYSSES;493,79;139,68;145,47;15,48;87,06;6,72;47,45;26,07;100,00;309,38;0,00;0,06
2001.0;5.0;2001-05-01;BRASPINE;BARRA GRANDE - BEMAIS;PR;GUARAPUAVA;299,16;108,61;132,44;13,98;85,07;3,17;48,75;23,98;99,99;312,93;3,17;4,69
2001.0;5.0;2001-05-01;BRASPINE;BARRETOS;PR;JAGUARIAIVA;43,35;32,98;121,11;15,00;85,96;5,98;48,60;25,35;99,99;296,72;0,00;3,03
2001.0;5.0;2001-05-01;BRASPINE;BAU;;;;;123,19;13,96;84,46;4,29;50,14;23,83;99,90;307,41;8,59;4,59
2001.0;5.0;2001-05-01;BRASPINE;BOA VISTA II;PR;PIRAI DO SUL;944,00;535,05;123,66;14,95;85,16;5,66;49,48;25,29;99,97;308,04;0,00;5,53
2001.0;5.0;2001-05-01;BRASPINE;BRASILEIRA;;;;;129,12;15,05;86,80;6,46;48,37;25,36;100,00;315,00;0,00;2,94
2001.0;5.0;2001-05-01;BRASPINE;BURACAO;;;;;132,07;14,84;85,21;6,31;47,43;25,47;100,00;322,85;0,00;7,55
2001.0;5.0;2001-05-01;BRASPINE;BURRINHO;PR;DOUTOR ULYSSES;211,01;100,37;133,31;15,15;87,21;6,80;47,57;25,52;100,00;318,20;0,00;4,92
2001.0;5.0;2001-05-01;BRASPINE;CADEADO I;PR;JAGUARIAIVA;21,07;12,29;114,66;14,88;86,35;6,22;47,97;25,14;100,00;323,14;0,00;5,28
2001.0;5.0;2001-05-01;BRASPINE;CADEADO II;PR;JAGUARIAIVA;21,88;16,79;114,66;14,88;86,35;6,22;47,97;25,14;100,00;323,14;0,00;5,28
2001.0;5.0;2001-05-01;BRASPINE;CAMPINA ALTA;PR;TIBAGI;29,77;18,24;139,01;15,37;85,01;3,77;50,01;25,57;99,94;319,23;3,77;3,75
2001.0;5.0;2001-05-01;BRASPINE;CAMPINA DO ELIAS;PR;JAGUARIAIVA;29,17;14,65;124,34;14,96;86,10;6,07;48,37;25,28;100,00;310,57;0,00;1,98
2001.0;5.0;2001-05-01;BRASPINE;CAMPO NOVO;PR;JAGUARIAIVA;295,98;156,36;122,34;14,88;86,35;6,22;47,97;25,14;100,00;323,14;0,00;5,28
2001.0;5.0;2001-05-01;BRASPINE;CONSULTORIA II A;PR;DOUTOR ULYSSES;89,62;60,79;130,48;15,05;86,80;6,46;48,37;25,36;100,00;315,00;0,00;2,94
2001.0;5.0;2001-05-01;BRASPINE;DINIZ;;;;;135,53;15,05;86,80;6,46;48,37;25,36;100,00;315,00;0,00;2,94
2001.0;5.0;2001-05-01;BRASPINE;ENES;PR;JAGUARIAIVA;5,93;5,69;121,85;14,88;86,35;6,22;47,97;25,14;100,00;323,14;0,00;5,28
2001.0;5.0;2001-05-01;BRASPINE;ENGENHARIA;;;;;135,53;15,05;86,80;6,46;48,37;25,36;100,00;315,00;0,00;2,94
2001.0;5.0;2001-05-01;BRASPINE;ESTACAO;PR;SENGES;4,76;4,14;124,21;14,88;86,35;6,22;47,97;25,14;100,00;323,14;0,00;5,28
2001.0;5.0;2001-05-01;BRASPINE;FAXINAL;PR;JAGUARIAIVA;20,65;20,65;121,85;14,88;86,35;6,22;47,97;25,14;100,00;323,14;0,00;5,28
2001.0;5.0;2001-05-01;BRASPINE;FEITAL;PR;DOUTOR ULYSSES;154,17;86,53;131,47;15,20;86,89;6,55;48,06;25,59;100,00;303,16;0,00;1,55
2001.0;5.0;2001-05-01;BRASPINE;FIGUEIRA;PR;DOUTOR ULYSSES;1053,81;315,71;130,50;15,15;87,21;6,80;47,57;25,52;100,00;318,20;0,00;4,92
2001.0;5.0;2001-05-01;BRASPINE;FIGUEIRINHA;PR;DOUTOR ULYSSES;94,37;56,74;141,42;15,15;87,21;6,80;47,57;25,52;100,00;318,20;0,00;4,92
2001.0;5.0;2001-05-01;BRASPINE;FLOEMA;PR;DOUTOR ULYSSES;2189,88;701,43;133,86;14,73;86,85;6,42;48,34;24,94;100,00;322,50;0,00;0,42
2001.0;5.0;2001-05-01;BRASPINE;FLOEMA I - SUDATI;;;;;124,31;15,05;86,80;6,46;48,37;25,36;100,00;315,00;0,00;2,94
2001.0;5.0;2001-05-01;BRASPINE;FLOEMA II - SUDATI;PR;DOUTOR ULYSSES;453,83;211,13;132,07;15,05;86,80;6,46;48,37;25,36;100,00;315,00;0,00;2,94
2001.0;5.0;2001-05-01;BRASPINE;FLOR DA SERRA;PR;SAO JOSE DA BOA VISTA;209,10;128,72;114,34;16,63;81,24;5,47;46,41;27,40;99,80;280,46;0,00;0,66
2001.0;5.0;2001-05-01;BRASPINE;GENTIL;PR;JAGUARIAIVA;126,77;53,33;118,73;14,71;84,40;5,27;50,88;24,76;99,76;300,97;0,00;0,72
2001.0;5.0;2001-05-01;BRASPINE;GUAIRACA;PR;GUARAPUAVA;623,62;169,31;130,39;14,06;84,61;3,54;47,43;24,40;100,00;311,96;3,54;17,53
2001.0;5.0;2001-05-01;BRASPINE;HERVAL 2 - MADALOSSO;;;;;131,68;14,84;85,21;6,31;47,43;25,47;100,00;322,85;0,00;7,55
2001.0;5.0;2001-05-01;BRASPINE;HERVAL DE BAIXO;PR;RESERVA;827,29;475,92;155,16;15,29;85,39;4,84;49,94;25,58;100,00;314,12;4,84;2,76
2001.0;5.0;2001-05-01;BRASPINE;HORTO 01;PR;TURVO;19,12;19,12;135,14;14,60;84,92;3,55;51,24;24,74;100,00;296,60;3,55;0,71
2001.0;5.0;2001-05-01;BRASPINE;HORTO 02;PR;TURVO;4,24;4,24;134,64;14,60;84,92;3,55;51,24;24,74;100,00;296,60;3,55;0,71
2001.0;5.0;2001-05-01;BRASPINE;HORTO 03;PR;PRUDENTOPOLIS;80,91;25,89;137,25;15,00;84,64;3,58;48,57;25,52;100,00;320,79;3,58;9,07
2001.0;5.0;2001-05-01;BRASPINE;HORTO 08;PR;TURVO;9,53;9,53;133,22;15,00;84,64;3,58;48,57;25,52;100,00;320,79;3,58;9,07
2001.0;5.0;2001-05-01;BRASPINE;HORTO 12;PR;PRUDENTOPOLIS;12,20;12,20;138,16;15,00;84,64;3,58;48,57;25,52;100,00;320,79;3,58;9,07
2001.0;5.0;2001-05-01;BRASPINE;IZAU;PR;PIRAI DO SUL;19,37;11,60;120,27;14,69;84,97;5,42;51,26;25,02;99,79;303,23;0,00;6,07
2001.0;5.0;2001-05-01;BRASPINE;JOAO RICO;PR;JAGUARIAIVA;47,46;26,18;119,37;14,95;84,40;5,53;50,40;25,02;99,85;305,89;0,00;0,02
2001.0;5.0;2001-05-01;BRASPINE;LAGOA;PR;JAGUARIAIVA;24,10;10,78;119,82;14,88;86,35;6,22;47,97;25,14;100,00;323,14;0,00;5,28
2001.0;5.0;2001-05-01;BRASPINE;MARACANA;PR;JANDAIA DO SUL;11,45;11,45;144,84;17,11;81,16;6,28;38,07;28,13;100,00;235,02;0,00;6,58
2001.0;5.0;2001-05-01;BRASPINE;MARRECA;;;;;132,93;15,15;87,21;6,80;47,57;25,52;100,00;318,20;0,00;4,92
2001.0;5.0;2001-05-01;BRASPINE;MARRECA SP;SP;ITAPIRAPUA PAULISTA;675,30;236,19;153,14;15,74;87,38;7,09;46,64;26,43;100,00;314,62;0,00;3,80
2001.0;5.0;2001-05-01;BRASPINE;MARRECAS;;;;;134,26;13,49;85,39;3,68;49,08;23,36;100,00;283,32;8,20;1,61
2001.0;5.0;2001-05-01;BRASPINE;MERCADINHO;;;;;139,44;15,58;86,82;6,99;47,05;26,34;100,00;326,23;0,00;0,06
2001.0;5.0;2001-05-01;BRASPINE;MONTE ALEGRE;;;;;145,21;17,52;80,37;6,51;36,93;28,81;99,98;227,45;0,00;5,65
2001.0;5.0;2001-05-01;BRASPINE;MONTE TABOR II;;;;;143,07;15,30;88,30;5,90;48,58;24,84;100,00;340,66;0,00;1,22
2001.0;5.0;2001-05-01;BRASPINE;MOREIRA;PR;DOUTOR ULYSSES;230,52;68,68;132,07;15,05;86,80;6,46;48,37;25,36;100,00;315,00;0,00;2,94
2001.0;5.0;2001-05-01;BRASPINE;MOREIRAS II;PR;DOUTOR ULYSSES;66,76;28,75;130,24;15,05;86,80;6,46;48,37;25,36;100,00;315,00;0,00;2,94
2001.0;5.0;2001-05-01;BRASPINE;MORRETES;PR;ORTIGUEIRA;20,36;20,36;147,12;15,69;85,17;5,42;48,02;26,36;99,89;305,76;0,00;4,36
2001.0;5.0;2001-05-01;BRASPINE;MORRO AZUL;;;;;127,06;15,35;86,79;6,43;47,73;25,95;100,00;307,58;0,00;19,61
2001.0;5.0;2001-05-01;BRASPINE;OURO FINO;SP;APIAI;51,70;51,70;142,30;15,15;87,80;5,73;48,87;25,33;100,00;320,16;0,00;4,14
2001.0;5.0;2001-05-01;BRASPINE;PALMEIRINHA DE BAIXO - SOSSEGO;PR;SENGES;85,93;9,22;116,16;14,88;84,91;5,79;45,89;25,00;100,00;305,47;0,00;48,59
2001.0;5.0;2001-05-01;BRASPINE;PAZIN;PR;DOUTOR ULYSSES;41,20;23,90;135,77;15,15;87,21;6,80;47,57;25,52;100,00;318,20;0,00;4,92
2001.0;5.0;2001-05-01;BRASPINE;PEDRAS;PR;CASTRO;7,18;7,18;135,70;14,63;85,35;5,17;52,46;24,91;99,99;314,54;0,00;1,45
2001.0;5.0;2001-05-01;BRASPINE;PESCARIA;PR;SAO JOSE DA BOA VISTA;184,57;129,22;133,12;16,78;80,95;5,72;44,55;27,50;99,54;281,96;0,00;17,18
2001.0;5.0;2001-05-01;BRASPINE;PESSEGUEIRO;PR;DOUTOR ULYSSES;109,95;64,79;127,55;15,05;86,80;6,46;48,37;25,36;100,00;315,00;0,00;2,94
2001.0;5.0;2001-05-01;BRASPINE;PITANGA;;;;;136,49;14,60;83,83;3,82;50,29;24,47;99,80;312,56;3,82;1,70
2001.0;5.0;2001-05-01;BRASPINE;QUEIMADINHO ARROIO CLARO;PR;DOUTOR ULYSSES;48,13;19,09;129,12;15,05;86,80;6,46;48,37;25,36;100,00;315,00;0,00;2,94
2001.0;5.0;2001-05-01;BRASPINE;QUEIMADINHO M6042;PR;DOUTOR ULYSSES;48,38;18,50;129,12;15,05;86,80;6,46;48,37;25,36;100,00;315,00;0,00;2,94
2001.0;5.0;2001-05-01;BRASPINE;QUEIMADINHO USUCAPIAO;PR;DOUTOR ULYSSES;200,27;92,43;129,12;15,05;86,80;6,46;48,37;25,36;100,00;315,00;0,00;2,94
2001.0;5.0;2001-05-01;BRASPINE;RAMOS;PR;SENGES;69,83;38,15;124,31;14,88;86,35;6,22;47,97;25,14;100,00;323,14;0,00;5,28
2001.0;5.0;2001-05-01;BRASPINE;RIBEIRAO GRANDE;PR;JAGUARIAIVA;20,77;20,77;121,57;14,69;84,97;5,42;51,26;25,02;99,79;303,23;0,00;6,07
2001.0;5.0;2001-05-01;BRASPINE;RINCAO DE BAIXO;;;;;131,01;15,03;83,15;3,91;48,25;24,84;99,77;317,16;3,91;1,75
2001.0;5.0;2001-05-01;BRASPINE;RIO BOMBA;PR;CERRO AZUL;65,03;37,72;141,52;15,80;86,15;6,96;47,16;26,72;99,98;314,99;0,00;3,76
2001.0;5.0;2001-05-01;BRASPINE;RIO DO MEIO;PR;DOUTOR ULYSSES;712,33;389,13;129,94;15,05;86,80;6,46;48,37;25,36;100,00;315,00;0,00;2,94
2001.0;5.0;2001-05-01;BRASPINE;RONDON;PR;JAGUARIAIVA;2899,24;1475,88;114,96;14,85;85,22;5,84;47,53;24,92;99,89;303,43;0,00;53,61
2001.0;5.0;2001-05-01;BRASPINE;SANTA FELICIDADE;;;;;158,17;16,08;87,53;7,31;45,94;26,87;100,00;305,52;0,00;4,27
2001.0;5.0;2001-05-01;BRASPINE;SANTA LIDIA DO CERCADINHO;;;;;134,57;14,78;83,16;4,22;48,63;24,32;99,77;312,50;4,22;1,06
2001.0;5.0;2001-05-01;BRASPINE;SANTO ANTONIO;;;;;123,00;14,92;85,26;5,75;45,11;25,23;100,00;309,39;0,00;37,92
2001.0;5.0;2001-05-01;BRASPINE;SAO JOSE;PR;JANDAIA DO SUL;37,56;37,56;144,15;17,39;80,56;6,45;37,24;28,57;100,00;225,42;0,00;5,90
2001.0;5.0;2001-05-01;BRASPINE;SAO MATHEUS;;;;;143,20;18,35;80,04;7,16;36,70;30,31;99,64;191,19;0,00;2,10
2001.0;5.0;2001-05-01;BRASPINE;SAO PEDRO E SAO PAULO;PR;SAPOPEMA;709,13;323,93;132,99;16,05;81,57;4,69;44,52;26,10;99,66;297,92;4,69;4,20
2001.0;5.0;2001-05-01;BRASPINE;SAO RAFAEL;;;;;134,69;14,46;84,36;5,01;42,88;25,71;99,98;319,38;0,00;10,32
2001.0;5.0;2001-05-01;BRASPINE;SAO RAFAEL - PB;;;;;133,65;15,25;87,56;6,34;48,41;25,57;100,00;307,54;0,00;4,41
2001.0;5.0;2001-05-01;BRASPINE;SERRARIA;PR;DOUTOR ULYSSES;280,88;117,71;135,25;14,94;87,03;6,61;47,95;25,23;100,00;312,93;0,00;2,52
2001.0;5.0;2001-05-01;BRASPINE;SERRO VERDE;;;;;120,97;14,23;83,66;4,47;48,48;24,30;99,91;299,79;8,95;10,24
2001.0;5.0;2001-05-01;BRASPINE;SERTAOZINHO;PR;DOUTOR ULYSSES;16,25;16,25;136,11;15,05;86,80;6,46;48,37;25,36;100,00;315,00;0,00;2,94
2001.0;5.0;2001-05-01;BRASPINE;SITIO BASILIO;PR;JAGUARIAIVA;8,08;8,08;119,52;14,78;84,23;5,29;50,65;24,75;99,76;301,65;0,00;1,22
2001.0;5.0;2001-05-01;BRASPINE;SITIO DAS MARRECAS;PR;DOUTOR ULYSSES;77,49;35,17;144,14;15,57;87,33;7,02;46,90;26,17;100,00;311,44;0,00;5,02
2001.0;5.0;2001-05-01;BRASPINE;SOBRADINHO;SP;BOM SUCESSO DE ITARARE;285,80;123,10;130,42;14,88;86,17;5,74;46,41;25,20;100,00;296,93;0,00;23,52
2001.0;5.0;2001-05-01;BRASPINE;TAQUARAL;PR;JAGUARIAIVA;519,13;31,07;120,14;14,97;84,96;5,73;49,00;25,03;100,00;307,10;0,00;5,64
2001.0;5.0;2001-05-01;BRASPINE;TUCUNDUVA;PR;SENGES;82,21;60,89;124,46;15,45;82,52;4,56;47,63;25,52;99,73;313,25;4,56;33,46
2001.0;5.0;2001-05-01;BRASPINE;TUCUNDUVA - CHAMMA;;;;;132,59;15,50;82,80;5,25;46,39;25,62;99,60;317,20;0,00;37,76
2001.0;5.0;2001-05-01;BRASPINE;VIENA 1;PR;DOUTOR ULYSSES;263,98;178,34;133,86;14,66;86,33;6,08;49,56;24,79;100,00;319,75;0,00;11,61
2001.0;5.0;2001-05-01;BRASPINE;VIENA 2;PR;CERRO AZUL;140,23;96,54;141,34;15,80;86,15;6,96;47,16;26,72;99,98;314,99;0,00;3,76
2001.0;5.0;2001-05-01;BRASPINE;VITORIA;PR;SENGES;50,54;35,69;116,16;14,88;84,91;5,79;45,89;25,00;100,00;305,47;0,00;48,59
2001.0;5.0;2001-05-01;BRASPINE;VIVEIRO;PR;DOUTOR ULYSSES;405,39;261,22;130,24;15,05;86,80;6,46;48,37;25,36;100,00;315,00;0,00;2,94
2001.0;5.0;2001-05-01;BRASPINE;VO LINO;PR;DOUTOR ULYSSES;164,50;97,89;132,25;15,15;87,21;6,80;47,57;25,52;100,00;318,20;0,00;4,92
2001.0;5.0;2001-05-01;BRASPINE;XAXIM VELHO;;;;;127,42;13,56;85,40;3,98;48,28;23,83;100,00;301,36;8,29;6,25
2001.0;6.0;2001-06-01;BRASPINE;AGUA DOCE;PR;JAGUARIAIVA;238,97;121,99;113,02;13,75;84,23;1,55;46,54;22,89;99,85;295,88;14,14;3,59
2001.0;6.0;2001-06-01;BRASPINE;AMATA;;;;;119,13;15,02;86,27;3,09;50,34;26,11;100,00;265,95;10,50;0,42
2001.0;6.0;2001-06-01;BRASPINE;ANTA BRAVA;;;;;76,67;16,80;81,85;4,62;43,49;25,97;99,60;200,34;4,62;0,38
2001.0;6.0;2001-06-01;BRASPINE;ARAPONGAS;PR;SENGES;423,34;263,70;123,91;14,01;86,71;2,35;49,99;23,99;100,00;290,69;13,12;2,07
2001.0;6.0;2001-06-01;BRASPINE;ARROIO CLARO;PR;DOUTOR ULYSSES;275,14;92,00;116,89;14,10;87,27;2,45;50,79;24,54;100,00;277,29;8,53;4,14
2001.0;6.0;2001-06-01;BRASPINE;BARRA GRANDE;PR;DOUTOR ULYSSES;493,79;139,68;107,30;14,42;87,12;2,45;50,03;24,80;100,00;267,94;8,53;4,21
2001.0;6.0;2001-06-01;BRASPINE;BARRA GRANDE - BEMAIS;PR;GUARAPUAVA;299,16;108,61;143,97;12,60;86,17;0,25;49,97;22,15;100,00;264,85;6,17;2,21
2001.0;6.0;2001-06-01;BRASPINE;BARRETOS;PR;JAGUARIAIVA;43,35;32,98;131,47;13,93;85,73;1,89;50,20;23,52;99,99;260,53;16,21;0,52
2001.0;6.0;2001-06-01;BRASPINE;BAU;;;;;124,95;12,63;85,58;0,63;48,87;21,97;99,91;261,80;9,01;6,65
2001.0;6.0;2001-06-01;BRASPINE;BOA VISTA II;PR;PIRAI DO SUL;944,00;535,05;124,91;13,81;85,05;1,48;49,71;23,32;99,97;255,20;14,36;0,78
2001.0;6.0;2001-06-01;BRASPINE;BRASILEIRA;;;;;119,40;14,01;86,71;2,35;49,99;23,99;100,00;290,69;13,12;2,07
2001.0;6.0;2001-06-01;BRASPINE;BURACAO;;;;;103,32;13,60;85,51;1,35;49,93;24,13;100,00;246,98;9,81;2,79
2001.0;6.0;2001-06-01;BRASPINE;BURRINHO;PR;DOUTOR ULYSSES;211,01;100,37;117,03;14,10;87,27;2,45;50,79;24,54;100,00;277,29;8,53;4,14
2001.0;6.0;2001-06-01;BRASPINE;CADEADO I;PR;JAGUARIAIVA;21,07;12,29;121,66;13,81;86,24;2,17;49,96;23,53;100,00;268,69;16,86;3,78
2001.0;6.0;2001-06-01;BRASPINE;CADEADO II;PR;JAGUARIAIVA;21,88;16,79;121,66;13,81;86,24;2,17;49,96;23,53;100,00;268,69;16,86;3,78
2001.0;6.0;2001-06-01;BRASPINE;CAMPINA ALTA;PR;TIBAGI;29,77;18,24;140,30;13,88;86,00;-0,04;52,91;23,93;99,94;243,31;6,88;2,78
2001.0;6.0;2001-06-01;BRASPINE;CAMPINA DO ELIAS;PR;JAGUARIAIVA;29,17;14,65;126,92;13,89;85,91;1,99;50,11;23,52;99,99;273,20;16,44;0,07
2001.0;6.0;2001-06-01;BRASPINE;CAMPO NOVO;PR;JAGUARIAIVA;295,98;156,36;129,12;13,81;86,24;2,17;49,96;23,53;100,00;268,69;16,86;3,78
2001.0;6.0;2001-06-01;BRASPINE;CONSULTORIA II A;PR;DOUTOR ULYSSES;89,62;60,79;123,25;14,01;86,71;2,35;49,99;23,99;100,00;290,69;13,12;2,07
2001.0;6.0;2001-06-01;BRASPINE;DINIZ;;;;;122,84;14,01;86,71;2,35;49,99;23,99;100,00;290,69;13,12;2,07
2001.0;6.0;2001-06-01;BRASPINE;ENES;PR;JAGUARIAIVA;5,93;5,69;129,93;13,81;86,24;2,17;49,96;23,53;100,00;268,69;16,86;3,78
2001.0;6.0;2001-06-01;BRASPINE;ENGENHARIA;;;;;122,84;14,01;86,71;2,35;49,99;23,99;100,00;290,69;13,12;2,07
2001.0;6.0;2001-06-01;BRASPINE;ESTACAO;PR;SENGES;4,76;4,14;123,72;13,81;86,24;2,17;49,96;23,53;100,00;268,69;16,86;3,78
2001.0;6.0;2001-06-01;BRASPINE;FAXINAL;PR;JAGUARIAIVA;20,65;20,65;129,93;13,81;86,24;2,17;49,96;23,53;100,00;268,69;16,86;3,78
2001.0;6.0;2001-06-01;BRASPINE;FEITAL;PR;DOUTOR ULYSSES;154,17;86,53;119,32;14,15;86,85;2,38;50,00;24,26;100,00;278,23;13,30;0,99
2001.0;6.0;2001-06-01;BRASPINE;FIGUEIRA;PR;DOUTOR ULYSSES;1053,81;315,71;116,47;14,10;87,27;2,45;50,79;24,54;100,00;277,29;8,53;4,14
2001.0;6.0;2001-06-01;BRASPINE;FIGUEIRINHA;PR;DOUTOR ULYSSES;94,37;56,74;115,72;14,10;87,27;2,45;50,79;24,54;100,00;277,29;8,53;4,14
2001.0;6.0;2001-06-01;BRASPINE;FLOEMA;PR;DOUTOR ULYSSES;2189,88;701,43;127,86;13,67;86,88;2,17;50,51;23,75;100,00;280,60;17,03;5,51
2001.0;6.0;2001-06-01;BRASPINE;FLOEMA I - SUDATI;;;;;123,35;14,01;86,71;2,35;49,99;23,99;100,00;290,69;13,12;2,07
2001.0;6.0;2001-06-01;BRASPINE;FLOEMA II - SUDATI;PR;DOUTOR ULYSSES;453,83;211,13;115,11;14,01;86,71;2,35;49,99;23,99;100,00;290,69;13,12;2,07
2001.0;6.0;2001-06-01;BRASPINE;FLOR DA SERRA;PR;SAO JOSE DA BOA VISTA;209,10;128,72;102,44;15,30;81,59;2,41;46,73;24,75;99,55;280,07;10,74;23,30
2001.0;6.0;2001-06-01;BRASPINE;GENTIL;PR;JAGUARIAIVA;126,77;53,33;119,25;13,48;84,24;1,21;47,35;22,59;99,65;288,68;13,11;2,28
2001.0;6.0;2001-06-01;BRASPINE;GUAIRACA;PR;GUARAPUAVA;623,62;169,31;135,61;12,66;86,15;-0,34;51,07;22,35;100,00;260,59;13,73;47,34
2001.0;6.0;2001-06-01;BRASPINE;HERVAL 2 - MADALOSSO;;;;;108,62;13,60;85,51;1,35;49,93;24,13;100,00;246,98;9,81;2,79
2001.0;6.0;2001-06-01;BRASPINE;HERVAL DE BAIXO;PR;RESERVA;827,29;475,92;145,64;13,75;86,54;-0,16;52,74;23,97;99,94;263,93;10,02;0,12
2001.0;6.0;2001-06-01;BRASPINE;HORTO 01;PR;TURVO;19,12;19,12;144,22;13,08;86,21;0,26;52,12;22,82;100,00;274,26;10,11;0,39
2001.0;6.0;2001-06-01;BRASPINE;HORTO 02;PR;TURVO;4,24;4,24;143,35;13,08;86,21;0,26;52,12;22,82;100,00;274,26;10,11;0,39
2001.0;6.0;2001-06-01;BRASPINE;HORTO 03;PR;PRUDENTOPOLIS;80,91;25,89;144,23;13,55;85,75;0,16;51,96;23,34;100,00;288,48;6,41;68,82
2001.0;6.0;2001-06-01;BRASPINE;HORTO 08;PR;TURVO;9,53;9,53;137,02;13,55;85,75;0,16;51,96;23,34;100,00;288,48;6,41;68,82
2001.0;6.0;2001-06-01;BRASPINE;HORTO 12;PR;PRUDENTOPOLIS;12,20;12,20;141,42;13,55;85,75;0,16;51,96;23,34;100,00;288,48;6,41;68,82
2001.0;6.0;2001-06-01;BRASPINE;IZAU;PR;PIRAI DO SUL;19,37;11,60;124,87;13,54;84,71;1,21;49,15;22,79;99,71;265,97;13,98;2,60
2001.0;6.0;2001-06-01;BRASPINE;JOAO RICO;PR;JAGUARIAIVA;47,46;26,18;117,48;13,75;84,23;1,55;46,54;22,89;99,85;295,88;14,14;3,59
2001.0;6.0;2001-06-01;BRASPINE;LAGOA;PR;JAGUARIAIVA;24,10;10,78;123,60;13,81;86,24;2,17;49,96;23,53;100,00;268,69;16,86;3,78
2001.0;6.0;2001-06-01;BRASPINE;MARACANA;PR;JANDAIA DO SUL;11,45;11,45;129,04;15,87;81,59;2,78;51,52;25,75;100,00;208,56;6,75;1,38
2001.0;6.0;2001-06-01;BRASPINE;MARRECA;;;;;118,54;14,10;87,27;2,45;50,79;24,54;100,00;277,29;8,53;4,14
2001.0;6.0;2001-06-01;BRASPINE;MARRECA SP;SP;ITAPIRAPUA PAULISTA;675,30;236,19;113,87;14,66;87,49;2,78;50,48;25,61;100,00;286,85;8,63;1,91
2001.0;6.0;2001-06-01;BRASPINE;MARRECAS;;;;;133,41;12,13;86,36;-0,21;48,74;21,66;100,00;247,43;17,64;0,20
2001.0;6.0;2001-06-01;BRASPINE;MERCADINHO;;;;;117,00;14,46;86,88;2,70;51,07;25,27;99,99;283,24;9,12;8,53
2001.0;6.0;2001-06-01;BRASPINE;MONTE ALEGRE;;;;;122,45;16,22;81,05;3,40;51,42;26,27;99,99;181,83;7,55;0,39
2001.0;6.0;2001-06-01;BRASPINE;MONTE TABOR II;;;;;115,49;14,32;88,67;0,84;52,59;24,68;100,00;296,90;3,69;1,83
2001.0;6.0;2001-06-01;BRASPINE;MOREIRA;PR;DOUTOR ULYSSES;230,52;68,68;115,11;14,01;86,71;2,35;49,99;23,99;100,00;290,69;13,12;2,07
2001.0;6.0;2001-06-01;BRASPINE;MOREIRAS II;PR;DOUTOR ULYSSES;66,76;28,75;124,47;14,01;86,71;2,35;49,99;23,99;100,00;290,69;13,12;2,07
2001.0;6.0;2001-06-01;BRASPINE;MORRETES;PR;ORTIGUEIRA;20,36;20,36;139,95;14,06;86,51;0,07;52,65;24,60;99,80;268,06;6,04;349,11
2001.0;6.0;2001-06-01;BRASPINE;MORRO AZUL;;;;;124,22;14,30;87,02;2,24;48,78;24,26;100,00;262,46;13,10;4,70
2001.0;6.0;2001-06-01;BRASPINE;OURO FINO;SP;APIAI;51,70;51,70;116,21;14,20;88,03;1,29;51,45;24,15;100,00;276,18;12,45;16,14
2001.0;6.0;2001-06-01;BRASPINE;PALMEIRINHA DE BAIXO - SOSSEGO;PR;SENGES;85,93;9,22;124,53;13,77;84,88;2,16;44,39;22,78;99,87;293,39;16,65;29,83
2001.0;6.0;2001-06-01;BRASPINE;PAZIN;PR;DOUTOR ULYSSES;41,20;23,90;118,35;14,10;87,27;2,45;50,79;24,54;100,00;277,29;8,53;4,14
2001.0;6.0;2001-06-01;BRASPINE;PEDRAS;PR;CASTRO;7,18;7,18;140,71;13,44;85,42;0,71;50,64;22,92;99,61;244,02;11,94;2,28
2001.0;6.0;2001-06-01;BRASPINE;PESCARIA;PR;SAO JOSE DA BOA VISTA;184,57;129,22;104,00;15,49;80,91;2,50;46,72;24,88;99,54;281,56;6,64;13,97
2001.0;6.0;2001-06-01;BRASPINE;PESSEGUEIRO;PR;DOUTOR ULYSSES;109,95;64,79;124,63;14,01;86,71;2,35;49,99;23,99;100,00;290,69;13,12;2,07
2001.0;6.0;2001-06-01;BRASPINE;PITANGA;;;;;135,44;13,19;85,10;0,53;50,75;22,65;99,81;276,86;10,90;2,50
2001.0;6.0;2001-06-01;BRASPINE;QUEIMADINHO ARROIO CLARO;PR;DOUTOR ULYSSES;48,13;19,09;119,40;14,01;86,71;2,35;49,99;23,99;100,00;290,69;13,12;2,07
2001.0;6.0;2001-06-01;BRASPINE;QUEIMADINHO M6042;PR;DOUTOR ULYSSES;48,38;18,50;119,40;14,01;86,71;2,35;49,99;23,99;100,00;290,69;13,12;2,07
2001.0;6.0;2001-06-01;BRASPINE;QUEIMADINHO USUCAPIAO;PR;DOUTOR ULYSSES;200,27;92,43;119,40;14,01;86,71;2,35;49,99;23,99;100,00;290,69;13,12;2,07
2001.0;6.0;2001-06-01;BRASPINE;RAMOS;PR;SENGES;69,83;38,15;123,35;13,81;86,24;2,17;49,96;23,53;100,00;268,69;16,86;3,78
2001.0;6.0;2001-06-01;BRASPINE;RIBEIRAO GRANDE;PR;JAGUARIAIVA;20,77;20,77;121,13;13,54;84,71;1,21;49,15;22,79;99,71;265,97;13,98;2,60
2001.0;6.0;2001-06-01;BRASPINE;RINCAO DE BAIXO;;;;;128,72;13,56;83,75;0,51;46,92;23,19;100,00;281,61;6,48;2,81
2001.0;6.0;2001-06-01;BRASPINE;RIO BOMBA;PR;CERRO AZUL;65,03;37,72;117,42;14,58;86,28;2,96;50,65;25,60;99,97;282,43;9,76;4,40
2001.0;6.0;2001-06-01;BRASPINE;RIO DO MEIO;PR;DOUTOR ULYSSES;712,33;389,13;123,12;14,01;86,71;2,35;49,99;23,99;100,00;290,69;13,12;2,07
2001.0;6.0;2001-06-01;BRASPINE;RONDON;PR;JAGUARIAIVA;2899,24;1475,88;126,42;13,75;84,99;2,06;46,75;22,85;99,88;294,95;16,24;11,53
2001.0;6.0;2001-06-01;BRASPINE;SANTA FELICIDADE;;;;;107,70;14,95;87,71;2,72;49,13;26,30;100,00;274,05;8,91;6,46
2001.0;6.0;2001-06-01;BRASPINE;SANTA LIDIA DO CERCADINHO;;;;;138,13;13,34;83,70;0,46;46,65;22,78;100,00;277,87;11,17;2,05
2001.0;6.0;2001-06-01;BRASPINE;SANTO ANTONIO;;;;;127,66;13,85;85,43;2,10;45,22;23,04;100,00;295,03;16,09;0,81
2001.0;6.0;2001-06-01;BRASPINE;SAO JOSE;PR;JANDAIA DO SUL;37,56;37,56;123,15;16,11;81,17;3,30;51,47;26,10;100,00;195,60;7,40;2,95
2001.0;6.0;2001-06-01;BRASPINE;SAO MATHEUS;;;;;123,19;16,87;81,39;3,26;52,31;27,57;99,93;165,55;6,78;3,83
2001.0;6.0;2001-06-01;BRASPINE;SAO PEDRO E SAO PAULO;PR;SAPOPEMA;709,13;323,93;128,39;14,58;82,99;1,71;48,57;23,86;99,55;269,67;9,45;1,80
2001.0;6.0;2001-06-01;BRASPINE;SAO RAFAEL;;;;;118,02;13,39;84,85;1,00;47,34;23,82;100,00;268,52;9,60;16,14
2001.0;6.0;2001-06-01;BRASPINE;SAO RAFAEL - PB;;;;;126,01;14,28;87,78;1,65;50,64;24,26;100,00;279,40;12,99;0,52
2001.0;6.0;2001-06-01;BRASPINE;SERRARIA;PR;DOUTOR ULYSSES;280,88;117,71;119,27;13,88;87,08;2,31;50,65;24,14;100,00;286,51;12,90;4,84
2001.0;6.0;2001-06-01;BRASPINE;SERRO VERDE;;;;;126,08;12,95;84,62;0,61;47,21;22,35;99,90;257,18;9,52;11,15
2001.0;6.0;2001-06-01;BRASPINE;SERTAOZINHO;PR;DOUTOR ULYSSES;16,25;16,25;123,69;14,01;86,71;2,35;49,99;23,99;100,00;290,69;13,12;2,07
2001.0;6.0;2001-06-01;BRASPINE;SITIO BASILIO;PR;JAGUARIAIVA;8,08;8,08;112,79;13,54;84,09;1,30;46,56;22,61;99,65;288,22;13,11;4,72
2001.0;6.0;2001-06-01;BRASPINE;SITIO DAS MARRECAS;PR;DOUTOR ULYSSES;77,49;35,17;115,97;14,50;87,43;2,69;50,81;25,30;100,00;284,14;8,61;2,57
2001.0;6.0;2001-06-01;BRASPINE;SOBRADINHO;SP;BOM SUCESSO DE ITARARE;285,80;123,10;123,79;13,87;86,47;1,80;48,00;23,19;100,00;281,24;16,53;2,43
2001.0;6.0;2001-06-01;BRASPINE;TAQUARAL;PR;JAGUARIAIVA;519,13;31,07;122,82;13,84;84,74;1,82;47,40;23,00;99,99;284,19;14,93;1,60
2001.0;6.0;2001-06-01;BRASPINE;TUCUNDUVA;PR;SENGES;82,21;60,89;107,61;14,28;82,26;2,30;44,36;23,23;99,61;273,21;16,69;22,14
2001.0;6.0;2001-06-01;BRASPINE;TUCUNDUVA - CHAMMA;;;;;111,79;14,38;82,52;2,48;44,56;23,27;99,56;277,10;19,13;20,59
2001.0;6.0;2001-06-01;BRASPINE;VIENA 1;PR;DOUTOR ULYSSES;263,98;178,34;127,64;13,57;86,37;1,63;50,87;23,38;100,00;263,65;14,75;3,72
2001.0;6.0;2001-06-01;BRASPINE;VIENA 2;PR;CERRO AZUL;140,23;96,54;117,34;14,58;86,28;2,96;50,65;25,60;99,97;282,43;9,76;4,40
2001.0;6.0;2001-06-01;BRASPINE;VITORIA;PR;SENGES;50,54;35,69;124,53;13,77;84,88;2,16;44,39;22,78;99,87;293,39;16,65;29,83
2001.0;6.0;2001-06-01;BRASPINE;VIVEIRO;PR;DOUTOR ULYSSES;405,39;261,22;124,47;14,01;86,71;2,35;49,99;23,99;100,00;290,69;13,12;2,07
2001.0;6.0;2001-06-01;BRASPINE;VO LINO;PR;DOUTOR ULYSSES;164,50;97,89;118,19;14,10;87,27;2,45;50,79;24,54;100,00;277,29;8,53;4,14
2001.0;6.0;2001-06-01;BRASPINE;XAXIM VELHO;;;;;113,85;12,29;86,25;0,39;47,60;21,92;100,00;257,15;19,26;1,82
2001.0;7.0;2001-07-01;BRASPINE;AGUA DOCE;PR;JAGUARIAIVA;238,97;121,99;85,98;14,49;80,38;2,89;36,51;23,42;99,85;277,17;6,02;341,84
2001.0;7.0;2001-07-01;BRASPINE;AMATA;;;;;123,26;15,30;83,98;3,40;41,77;26,59;99,99;304,81;7,94;1,18
2001.0;7.0;2001-07-01;BRASPINE;ANTA BRAVA;;;;;51,93;17,25;77,35;6,31;38,29;26,96;99,70;316,15;0,00;2,41
2001.0;7.0;2001-07-01;BRASPINE;ARAPONGAS;PR;SENGES;423,34;263,70;87,33;14,41;83,63;3,41;38,44;24,41;100,00;287,20;6,97;10,25
2001.0;7.0;2001-07-01;BRASPINE;ARROIO CLARO;PR;DOUTOR ULYSSES;275,14;92,00;101,81;14,48;84,57;3,13;39,37;24,91;100,00;289,60;6,65;1,77
2001.0;7.0;2001-07-01;BRASPINE;BARRA GRANDE;PR;DOUTOR ULYSSES;493,79;139,68;90,11;14,77;84,07;3,64;38,28;25,34;100,00;292,28;7,97;5,39
2001.0;7.0;2001-07-01;BRASPINE;BARRA GRANDE - BEMAIS;PR;GUARAPUAVA;299,16;108,61;110,73;13,35;83,58;-0,08;42,15;22,41;100,00;283,34;8,88;17,34
2001.0;7.0;2001-07-01;BRASPINE;BARRETOS;PR;JAGUARIAIVA;43,35;32,98;92,70;14,51;82,26;2,81;37,99;24,04;99,97;259,93;5,93;1,16
2001.0;7.0;2001-07-01;BRASPINE;BAU;;;;;122,98;13,73;81,51;-0,95;41,12;22,14;99,89;294,08;4,57;4,75
2001.0;7.0;2001-07-01;BRASPINE;BOA VISTA II;PR;PIRAI DO SUL;944,00;535,05;99,42;14,51;81,28;2,36;36,56;23,82;99,98;256,61;5,32;1,41
2001.0;7.0;2001-07-01;BRASPINE;BRASILEIRA;;;;;96,21;14,41;83,63;3,41;38,44;24,41;100,00;287,20;6,97;10,25
2001.0;7.0;2001-07-01;BRASPINE;BURACAO;;;;;111,83;14,27;82,09;0,94;40,66;24,25;100,00;250,39;2,67;3,99
2001.0;7.0;2001-07-01;BRASPINE;BURRINHO;PR;DOUTOR ULYSSES;211,01;100,37;102,04;14,48;84,57;3,13;39,37;24,91;100,00;289,60;6,65;1,77
2001.0;7.0;2001-07-01;BRASPINE;CADEADO I;PR;JAGUARIAIVA;21,07;12,29;89,28;14,29;83,06;3,12;38,46;23,95;100,00;265,61;11,28;0,66
2001.0;7.0;2001-07-01;BRASPINE;CADEADO II;PR;JAGUARIAIVA;21,88;16,79;89,28;14,29;83,06;3,12;38,46;23,95;100,00;265,61;11,28;0,66
2001.0;7.0;2001-07-01;BRASPINE;CAMPINA ALTA;PR;TIBAGI;29,77;18,24;129,44;14,95;82,09;1,33;41,14;24,39;99,97;291,70;6,36;1,98
2001.0;7.0;2001-07-01;BRASPINE;CAMPINA DO ELIAS;PR;JAGUARIAIVA;29,17;14,65;96,26;14,43;82,55;2,92;38,16;24,01;99,98;271,60;6,08;0,99
2001.0;7.0;2001-07-01;BRASPINE;CAMPO NOVO;PR;JAGUARIAIVA;295,98;156,36;87,38;14,29;83,06;3,12;38,46;23,95;100,00;265,61;11,28;0,66
2001.0;7.0;2001-07-01;BRASPINE;CONSULTORIA II A;PR;DOUTOR ULYSSES;89,62;60,79;97,62;14,41;83,63;3,41;38,44;24,41;100,00;287,20;6,97;10,25
2001.0;7.0;2001-07-01;BRASPINE;DINIZ;;;;;89,09;14,41;83,63;3,41;38,44;24,41;100,00;287,20;6,97;10,25
2001.0;7.0;2001-07-01;BRASPINE;ENES;PR;JAGUARIAIVA;5,93;5,69;87,43;14,29;83,06;3,12;38,46;23,95;100,00;265,61;11,28;0,66
2001.0;7.0;2001-07-01;BRASPINE;ENGENHARIA;;;;;89,09;14,41;83,63;3,41;38,44;24,41;100,00;287,20;6,97;10,25
2001.0;7.0;2001-07-01;BRASPINE;ESTACAO;PR;SENGES;4,76;4,14;93,41;14,29;83,06;3,12;38,46;23,95;100,00;265,61;11,28;0,66
2001.0;7.0;2001-07-01;BRASPINE;FAXINAL;PR;JAGUARIAIVA;20,65;20,65;87,43;14,29;83,06;3,12;38,46;23,95;100,00;265,61;11,28;0,66
2001.0;7.0;2001-07-01;BRASPINE;FEITAL;PR;DOUTOR ULYSSES;154,17;86,53;100,38;14,53;83,78;3,49;38,39;24,72;100,00;288,93;7,30;8,66
2001.0;7.0;2001-07-01;BRASPINE;FIGUEIRA;PR;DOUTOR ULYSSES;1053,81;315,71;99,51;14,48;84,57;3,13;39,37;24,91;100,00;289,60;6,65;1,77
2001.0;7.0;2001-07-01;BRASPINE;FIGUEIRINHA;PR;DOUTOR ULYSSES;94,37;56,74;106,70;14,48;84,57;3,13;39,37;24,91;100,00;289,60;6,65;1,77
2001.0;7.0;2001-07-01;BRASPINE;FLOEMA;PR;DOUTOR ULYSSES;2189,88;701,43;99,05;14,15;83,92;2,35;39,36;24,03;100,00;282,19;5,12;0,87
2001.0;7.0;2001-07-01;BRASPINE;FLOEMA I - SUDATI;;;;;91,47;14,41;83,63;3,41;38,44;24,41;100,00;287,20;6,97;10,25
2001.0;7.0;2001-07-01;BRASPINE;FLOEMA II - SUDATI;PR;DOUTOR ULYSSES;453,83;211,13;96,23;14,41;83,63;3,41;38,44;24,41;100,00;287,20;6,97;10,25
2001.0;7.0;2001-07-01;BRASPINE;FLOR DA SERRA;PR;SAO JOSE DA BOA VISTA;209,10;128,72;53,26;16,13;77,54;5,63;46,79;25,71;99,99;295,15;0,00;309,38
2001.0;7.0;2001-07-01;BRASPINE;GENTIL;PR;JAGUARIAIVA;126,77;53,33;91,79;14,24;80,47;2,17;36,90;23,01;99,86;270,44;5,17;8,60
2001.0;7.0;2001-07-01;BRASPINE;GUAIRACA;PR;GUARAPUAVA;623,62;169,31;101,08;13,42;83,67;-0,24;43,59;22,61;100,00;266,90;8,25;12,24
2001.0;7.0;2001-07-01;BRASPINE;HERVAL 2 - MADALOSSO;;;;;109,35;14,27;82,09;0,94;40,66;24,25;100,00;250,39;2,67;3,99
2001.0;7.0;2001-07-01;BRASPINE;HERVAL DE BAIXO;PR;RESERVA;827,29;475,92;119,54;14,77;82,89;1,18;41,68;24,46;99,95;277,72;5,88;0,71
2001.0;7.0;2001-07-01;BRASPINE;HORTO 01;PR;TURVO;19,12;19,12;127,32;13,94;83,28;-0,31;43,95;23,14;100,00;276,85;8,98;8,05
2001.0;7.0;2001-07-01;BRASPINE;HORTO 02;PR;TURVO;4,24;4,24;127,71;13,94;83,28;-0,31;43,95;23,14;100,00;276,85;8,98;8,05
2001.0;7.0;2001-07-01;BRASPINE;HORTO 03;PR;PRUDENTOPOLIS;80,91;25,89;126,12;14,27;83,00;0,79;42,82;23,83;100,00;282,20;6,98;1,14
2001.0;7.0;2001-07-01;BRASPINE;HORTO 08;PR;TURVO;9,53;9,53;124,94;14,27;83,00;0,79;42,82;23,83;100,00;282,20;6,98;1,14
2001.0;7.0;2001-07-01;BRASPINE;HORTO 12;PR;PRUDENTOPOLIS;12,20;12,20;125,85;14,27;83,00;0,79;42,82;23,83;100,00;282,20;6,98;1,14
2001.0;7.0;2001-07-01;BRASPINE;IZAU;PR;PIRAI DO SUL;19,37;11,60;95,67;14,27;80,84;1,65;36,94;23,24;99,72;255,59;4,53;1,76
2001.0;7.0;2001-07-01;BRASPINE;JOAO RICO;PR;JAGUARIAIVA;47,46;26,18;89,17;14,49;80,38;2,89;36,51;23,42;99,85;277,17;6,02;341,84
2001.0;7.0;2001-07-01;BRASPINE;LAGOA;PR;JAGUARIAIVA;24,10;10,78;92,00;14,29;83,06;3,12;38,46;23,95;100,00;265,61;11,28;0,66
2001.0;7.0;2001-07-01;BRASPINE;MARACANA;PR;JANDAIA DO SUL;11,45;11,45;66,29;17,27;76,26;4,32;41,78;26,49;99,99;193,41;4,32;4,14
2001.0;7.0;2001-07-01;BRASPINE;MARRECA;;;;;105,05;14,48;84,57;3,13;39,37;24,91;100,00;289,60;6,65;1,77
2001.0;7.0;2001-07-01;BRASPINE;MARRECA SP;SP;ITAPIRAPUA PAULISTA;675,30;236,19;103,63;14,95;85,05;3,69;38,92;26,08;100,00;293,86;8,26;2,06
2001.0;7.0;2001-07-01;BRASPINE;MARRECAS;;;;;108,18;12,98;83,61;-0,84;41,80;21,80;100,00;273,94;5,96;10,80
2001.0;7.0;2001-07-01;BRASPINE;MERCADINHO;;;;;109,40;14,76;84,60;2,96;40,43;25,74;100,00;286,62;6,94;2,54
2001.0;7.0;2001-07-01;BRASPINE;MONTE ALEGRE;;;;;63,30;17,65;75,71;4,51;42,66;27,09;100,00;182,11;4,51;0,81
2001.0;7.0;2001-07-01;BRASPINE;MONTE TABOR II;;;;;93,08;14,39;86,42;3,92;45,58;25,20;100,00;315,54;3,92;0,49
2001.0;7.0;2001-07-01;BRASPINE;MOREIRA;PR;DOUTOR ULYSSES;230,52;68,68;96,23;14,41;83,63;3,41;38,44;24,41;100,00;287,20;6,97;10,25
2001.0;7.0;2001-07-01;BRASPINE;MOREIRAS II;PR;DOUTOR ULYSSES;66,76;28,75;97,83;14,41;83,63;3,41;38,44;24,41;100,00;287,20;6,97;10,25
2001.0;7.0;2001-07-01;BRASPINE;MORRETES;PR;ORTIGUEIRA;20,36;20,36;116,47;15,00;83,30;1,48;41,95;25,15;99,81;275,44;7,08;2,08
2001.0;7.0;2001-07-01;BRASPINE;MORRO AZUL;;;;;78,98;14,71;83,11;3,53;37,99;24,95;100,00;277,59;8,00;16,98
2001.0;7.0;2001-07-01;BRASPINE;OURO FINO;SP;APIAI;51,70;51,70;92,49;14,47;84,64;2,90;42,41;24,83;100,00;288,81;7,73;11,84
2001.0;7.0;2001-07-01;BRASPINE;PALMEIRINHA DE BAIXO - SOSSEGO;PR;SENGES;85,93;9,22;73,32;14,40;80,46;3,35;37,75;23,33;100,00;290,90;7,17;15,15
2001.0;7.0;2001-07-01;BRASPINE;PAZIN;PR;DOUTOR ULYSSES;41,20;23,90;103,41;14,48;84,57;3,13;39,37;24,91;100,00;289,60;6,65;1,77
2001.0;7.0;2001-07-01;BRASPINE;PEDRAS;PR;CASTRO;7,18;7,18;106,69;14,18;81,73;1,00;38,92;23,18;99,75;249,10;3,67;6,47
2001.0;7.0;2001-07-01;BRASPINE;PESCARIA;PR;SAO JOSE DA BOA VISTA;184,57;129,22;65,34;16,32;76,60;5,53;42,89;25,92;99,99;283,91;0,00;3,99
2001.0;7.0;2001-07-01;BRASPINE;PESSEGUEIRO;PR;DOUTOR ULYSSES;109,95;64,79;99,37;14,41;83,63;3,41;38,44;24,41;100,00;287,20;6,97;10,25
2001.0;7.0;2001-07-01;BRASPINE;PITANGA;;;;;135,13;14,38;80,93;-0,49;42,22;23,08;99,80;282,00;6,19;2,55
2001.0;7.0;2001-07-01;BRASPINE;QUEIMADINHO ARROIO CLARO;PR;DOUTOR ULYSSES;48,13;19,09;96,21;14,41;83,63;3,41;38,44;24,41;100,00;287,20;6,97;10,25
2001.0;7.0;2001-07-01;BRASPINE;QUEIMADINHO M6042;PR;DOUTOR ULYSSES;48,38;18,50;96,21;14,41;83,63;3,41;38,44;24,41;100,00;287,20;6,97;10,25
2001.0;7.0;2001-07-01;BRASPINE;QUEIMADINHO USUCAPIAO;PR;DOUTOR ULYSSES;200,27;92,43;96,21;14,41;83,63;3,41;38,44;24,41;100,00;287,20;6,97;10,25
2001.0;7.0;2001-07-01;BRASPINE;RAMOS;PR;SENGES;69,83;38,15;91,47;14,29;83,06;3,12;38,46;23,95;100,00;265,61;11,28;0,66
2001.0;7.0;2001-07-01;BRASPINE;RIBEIRAO GRANDE;PR;JAGUARIAIVA;20,77;20,77;93,22;14,27;80,84;1,65;36,94;23,24;99,72;255,59;4,53;1,76
2001.0;7.0;2001-07-01;BRASPINE;RINCAO DE BAIXO;;;;;110,61;14,54;80,04;1,08;37,43;23,52;99,75;270,55;4,23;1,02
2001.0;7.0;2001-07-01;BRASPINE;RIO BOMBA;PR;CERRO AZUL;65,03;37,72;112,73;14,93;84,04;2,92;42,05;26,01;100,00;290,41;6,73;3,08
2001.0;7.0;2001-07-01;BRASPINE;RIO DO MEIO;PR;DOUTOR ULYSSES;712,33;389,13;97,40;14,41;83,63;3,41;38,44;24,41;100,00;287,20;6,97;10,25
2001.0;7.0;2001-07-01;BRASPINE;RONDON;PR;JAGUARIAIVA;2899,24;1475,88;68,70;14,36;81,05;3,23;37,81;23,35;99,94;289,22;6,72;27,28
2001.0;7.0;2001-07-01;BRASPINE;SANTA FELICIDADE;;;;;102,09;15,18;85,47;3,99;38,82;26,84;100,00;293,83;3,99;2,03
2001.0;7.0;2001-07-01;BRASPINE;SANTA LIDIA DO CERCADINHO;;;;;107,35;14,29;79,96;0,91;37,15;23,04;99,76;266,13;4,30;0,29
2001.0;7.0;2001-07-01;BRASPINE;SANTO ANTONIO;;;;;75,95;14,42;80,81;3,30;37,36;23,63;100,00;276,34;7,25;14,00
2001.0;7.0;2001-07-01;BRASPINE;SAO JOSE;PR;JANDAIA DO SUL;37,56;37,56;63,09;17,53;75,82;4,45;42,48;26,88;100,00;196,00;4,45;1,65
2001.0;7.0;2001-07-01;BRASPINE;SAO MATHEUS;;;;;61,48;18,38;75,82;4,95;43,50;28,49;100,00;185,59;4,95;2,71
2001.0;7.0;2001-07-01;BRASPINE;SAO PEDRO E SAO PAULO;PR;SAPOPEMA;709,13;323,93;62,35;15,62;79,08;3,61;46,64;24,65;99,65;332,86;3,61;7,77
2001.0;7.0;2001-07-01;BRASPINE;SAO RAFAEL;;;;;140,52;13,80;82,41;-0,11;41,33;24,13;100,00;280,82;2,43;6,36
2001.0;7.0;2001-07-01;BRASPINE;SAO RAFAEL - PB;;;;;83,17;14,58;84,24;3,26;41,11;24,96;100,00;292,83;8,02;15,29
2001.0;7.0;2001-07-01;BRASPINE;SERRARIA;PR;DOUTOR ULYSSES;280,88;117,71;99,29;14,31;84,25;2,74;39,37;24,47;100,00;285,91;5,88;1,30
2001.0;7.0;2001-07-01;BRASPINE;SERRO VERDE;;;;;122,23;14,14;80,10;-0,91;40,45;22,59;99,91;294,31;5,06;10,14
2001.0;7.0;2001-07-01;BRASPINE;SERTAOZINHO;PR;DOUTOR ULYSSES;16,25;16,25;84,88;14,41;83,63;3,41;38,44;24,41;100,00;287,20;6,97;10,25
2001.0;7.0;2001-07-01;BRASPINE;SITIO BASILIO;PR;JAGUARIAIVA;8,08;8,08;86,04;14,30;80,33;2,53;36,78;23,05;99,89;272,12;5,60;5,12
2001.0;7.0;2001-07-01;BRASPINE;SITIO DAS MARRECAS;PR;DOUTOR ULYSSES;77,49;35,17;104,76;14,82;84,92;3,53;39,05;25,75;100,00;292,67;7,80;1,97
2001.0;7.0;2001-07-01;BRASPINE;SOBRADINHO;SP;BOM SUCESSO DE ITARARE;285,80;123,10;84,45;14,36;81,87;3,31;39,24;23,80;100,00;273,43;7,46;13,72
2001.0;7.0;2001-07-01;BRASPINE;TAQUARAL;PR;JAGUARIAIVA;519,13;31,07;77,58;14,50;80,92;3,14;37,25;23,53;99,99;263,68;6,38;2,37
2001.0;7.0;2001-07-01;BRASPINE;TUCUNDUVA;PR;SENGES;82,21;60,89;76,98;15,04;77,88;4,09;38,56;23,91;100,00;317,66;8,74;342,11
2001.0;7.0;2001-07-01;BRASPINE;TUCUNDUVA - CHAMMA;;;;;74,09;15,07;78,16;4,16;39,01;23,98;100,00;319,22;8,97;2,77
2001.0;7.0;2001-07-01;BRASPINE;VIENA 1;PR;DOUTOR ULYSSES;263,98;178,34;104,69;14,14;83,05;2,19;39,23;23,60;100,00;269,68;5,12;7,58
2001.0;7.0;2001-07-01;BRASPINE;VIENA 2;PR;CERRO AZUL;140,23;96,54;112,34;14,93;84,04;2,92;42,05;26,01;100,00;290,41;6,73;3,08
2001.0;7.0;2001-07-01;BRASPINE;VITORIA;PR;SENGES;50,54;35,69;73,32;14,40;80,46;3,35;37,75;23,33;100,00;290,90;7,17;15,15
2001.0;7.0;2001-07-01;BRASPINE;VIVEIRO;PR;DOUTOR ULYSSES;405,39;261,22;97,83;14,41;83,63;3,41;38,44;24,41;100,00;287,20;6,97;10,25
2001.0;7.0;2001-07-01;BRASPINE;VO LINO;PR;DOUTOR ULYSSES;164,50;97,89;103,99;14,48;84,57;3,13;39,37;24,91;100,00;289,60;6,65;1,77
2001.0;7.0;2001-07-01;BRASPINE;XAXIM VELHO;;;;;109,41;13,04;83,87;-1,24;43,20;22,03;100,00;277,44;6,68;0,59
2001.0;8.0;2001-08-01;BRASPINE;AGUA DOCE;PR;JAGUARIAIVA;238,97;121,99;60,16;15,86;80,81;6,92;41,11;24,78;99,88;326,26;0,00;0,13
2001.0;8.0;2001-08-01;BRASPINE;AMATA;;;;;54,66;16,85;85,08;8,56;43,08;27,29;100,00;296,16;0,00;3,57
2001.0;8.0;2001-08-01;BRASPINE;ANTA BRAVA;;;;;53,68;18,86;75,31;11,84;33,67;27,99;98,19;310,06;0,00;13,82
2001.0;8.0;2001-08-01;BRASPINE;ARAPONGAS;PR;SENGES;423,34;263,70;55,30;15,88;84,43;9,07;41,11;25,45;100,00;335,24;0,00;0,35
2001.0;8.0;2001-08-01;BRASPINE;ARROIO CLARO;PR;DOUTOR ULYSSES;275,14;92,00;54,61;15,90;85,70;8,19;41,17;25,83;100,00;319,89;0,00;0,85
2001.0;8.0;2001-08-01;BRASPINE;BARRA GRANDE;PR;DOUTOR ULYSSES;493,79;139,68;53,66;16,28;85,19;8,98;41,28;26,21;100,00;327,78;0,00;1,41
2001.0;8.0;2001-08-01;BRASPINE;BARRA GRANDE - BEMAIS;PR;GUARAPUAVA;299,16;108,61;104,89;15,21;80,98;7,65;41,42;24,64;99,99;332,39;0,00;1,92
2001.0;8.0;2001-08-01;BRASPINE;BARRETOS;PR;JAGUARIAIVA;43,35;32,98;61,33;16,05;82,79;9,13;41,78;25,19;99,99;339,78;0,00;0,25
2001.0;8.0;2001-08-01;BRASPINE;BAU;;;;;92,67;15,82;77,79;7,87;38,34;24,47;99,86;366,99;0,00;3,70
2001.0;8.0;2001-08-01;BRASPINE;BOA VISTA II;PR;PIRAI DO SUL;944,00;535,05;65,00;16,04;81,96;7,80;42,00;25,07;99,96;336,56;0,00;1,54
2001.0;8.0;2001-08-01;BRASPINE;BRASILEIRA;;;;;52,19;15,88;84,43;9,07;41,11;25,45;100,00;335,24;0,00;0,35
2001.0;8.0;2001-08-01;BRASPINE;BURACAO;;;;;73,77;15,68;84,25;9,11;44,15;25,31;99,85;332,10;0,00;0,28
2001.0;8.0;2001-08-01;BRASPINE;BURRINHO;PR;DOUTOR ULYSSES;211,01;100,37;54,34;15,90;85,70;8,19;41,17;25,83;100,00;319,89;0,00;0,85
2001.0;8.0;2001-08-01;BRASPINE;CADEADO I;PR;JAGUARIAIVA;21,07;12,29;55,07;15,78;83,62;9,40;41,01;25,10;100,00;330,62;0,00;2,40
2001.0;8.0;2001-08-01;BRASPINE;CADEADO II;PR;JAGUARIAIVA;21,88;16,79;55,07;15,78;83,62;9,40;41,01;25,10;100,00;330,62;0,00;2,40
2001.0;8.0;2001-08-01;BRASPINE;CAMPINA ALTA;PR;TIBAGI;29,77;18,24;107,09;16,47;79,81;6,78;40,96;25,89;99,78;296,32;0,00;10,92
2001.0;8.0;2001-08-01;BRASPINE;CAMPINA DO ELIAS;PR;JAGUARIAIVA;29,17;14,65;60,13;15,95;83,10;9,23;41,50;25,15;99,99;336,46;0,00;1,66
2001.0;8.0;2001-08-01;BRASPINE;CAMPO NOVO;PR;JAGUARIAIVA;295,98;156,36;59,31;15,78;83,62;9,40;41,01;25,10;100,00;330,62;0,00;2,40
2001.0;8.0;2001-08-01;BRASPINE;CONSULTORIA II A;PR;DOUTOR ULYSSES;89,62;60,79;50,61;15,88;84,43;9,07;41,11;25,45;100,00;335,24;0,00;0,35
2001.0;8.0;2001-08-01;BRASPINE;DINIZ;;;;;56,84;15,88;84,43;9,07;41,11;25,45;100,00;335,24;0,00;0,35
2001.0;8.0;2001-08-01;BRASPINE;ENES;PR;JAGUARIAIVA;5,93;5,69;59,93;15,78;83,62;9,40;41,01;25,10;100,00;330,62;0,00;2,40
2001.0;8.0;2001-08-01;BRASPINE;ENGENHARIA;;;;;56,84;15,88;84,43;9,07;41,11;25,45;100,00;335,24;0,00;0,35
2001.0;8.0;2001-08-01;BRASPINE;ESTACAO;PR;SENGES;4,76;4,14;54,17;15,78;83,62;9,40;41,01;25,10;100,00;330,62;0,00;2,40
2001.0;8.0;2001-08-01;BRASPINE;FAXINAL;PR;JAGUARIAIVA;20,65;20,65;59,93;15,78;83,62;9,40;41,01;25,10;100,00;330,62;0,00;2,40
2001.0;8.0;2001-08-01;BRASPINE;FEITAL;PR;DOUTOR ULYSSES;154,17;86,53;53,30;16,01;84,68;9,04;41,17;25,70;100,00;337,81;0,00;1,22
2001.0;8.0;2001-08-01;BRASPINE;FIGUEIRA;PR;DOUTOR ULYSSES;1053,81;315,71;51,25;15,90;85,70;8,19;41,17;25,83;100,00;319,89;0,00;0,85
2001.0;8.0;2001-08-01;BRASPINE;FIGUEIRINHA;PR;DOUTOR ULYSSES;94,37;56,74;52,89;15,90;85,70;8,19;41,17;25,83;100,00;319,89;0,00;0,85
2001.0;8.0;2001-08-01;BRASPINE;FLOEMA;PR;DOUTOR ULYSSES;2189,88;701,43;55,46;15,51;85,00;8,77;40,79;25,09;100,00;342,42;0,00;111,57
2001.0;8.0;2001-08-01;BRASPINE;FLOEMA I - SUDATI;;;;;55,09;15,88;84,43;9,07;41,11;25,45;100,00;335,24;0,00;0,35
2001.0;8.0;2001-08-01;BRASPINE;FLOEMA II - SUDATI;PR;DOUTOR ULYSSES;453,83;211,13;50,98;15,88;84,43;9,07;41,11;25,45;100,00;335,24;0,00;0,35
2001.0;8.0;2001-08-01;BRASPINE;FLOR DA SERRA;PR;SAO JOSE DA BOA VISTA;209,10;128,72;67,64;17,45;76,33;7,58;35,55;26,78;99,78;310,15;0,00;0,52
2001.0;8.0;2001-08-01;BRASPINE;GENTIL;PR;JAGUARIAIVA;126,77;53,33;65,43;15,53;80,89;6,55;41,34;24,38;99,87;332,56;0,00;0,94
2001.0;8.0;2001-08-01;BRASPINE;GUAIRACA;PR;GUARAPUAVA;623,62;169,31;110,27;15,29;81,53;7,89;43,03;24,82;100,00;331,59;0,00;1,80
2001.0;8.0;2001-08-01;BRASPINE;HERVAL 2 - MADALOSSO;;;;;76,39;15,68;84,25;9,11;44,15;25,31;99,85;332,10;0,00;0,28
2001.0;8.0;2001-08-01;BRASPINE;HERVAL DE BAIXO;PR;RESERVA;827,29;475,92;113,92;16,28;80,57;6,64;41,13;25,93;99,65;309,72;0,00;5,23
2001.0;8.0;2001-08-01;BRASPINE;HORTO 01;PR;TURVO;19,12;19,12;87,73;15,71;81,33;7,64;43,24;25,24;99,97;332,30;0,00;3,52
2001.0;8.0;2001-08-01;BRASPINE;HORTO 02;PR;TURVO;4,24;4,24;87,40;15,71;81,33;7,64;43,24;25,24;99,97;332,30;0,00;3,52
2001.0;8.0;2001-08-01;BRASPINE;HORTO 03;PR;PRUDENTOPOLIS;80,91;25,89;88,06;16,23;80,99;8,84;42,08;25,88;99,97;323,45;0,00;1,60
2001.0;8.0;2001-08-01;BRASPINE;HORTO 08;PR;TURVO;9,53;9,53;89,84;16,23;80,99;8,84;42,08;25,88;99,97;323,45;0,00;1,60
2001.0;8.0;2001-08-01;BRASPINE;HORTO 12;PR;PRUDENTOPOLIS;12,20;12,20;87,40;16,23;80,99;8,84;42,08;25,88;99,97;323,45;0,00;1,60
2001.0;8.0;2001-08-01;BRASPINE;IZAU;PR;PIRAI DO SUL;19,37;11,60;69,75;15,69;81,53;7,33;41,65;24,50;99,62;327,00;0,00;0,58
2001.0;8.0;2001-08-01;BRASPINE;JOAO RICO;PR;JAGUARIAIVA;47,46;26,18;62,86;15,86;80,81;6,92;41,11;24,78;99,88;326,26;0,00;0,13
2001.0;8.0;2001-08-01;BRASPINE;LAGOA;PR;JAGUARIAIVA;24,10;10,78;54,45;15,78;83,62;9,40;41,01;25,10;100,00;330,62;0,00;2,40
2001.0;8.0;2001-08-01;BRASPINE;MARACANA;PR;JANDAIA DO SUL;11,45;11,45;90,08;19,23;69,19;12,29;29,33;27,75;99,67;180,16;0,00;2,17
2001.0;8.0;2001-08-01;BRASPINE;MARRECA;;;;;50,99;15,90;85,70;8,19;41,17;25,83;100,00;319,89;0,00;0,85
2001.0;8.0;2001-08-01;BRASPINE;MARRECA SP;SP;ITAPIRAPUA PAULISTA;675,30;236,19;51,77;16,44;86,22;8,22;41,87;26,87;100,00;313,31;0,00;4,79
2001.0;8.0;2001-08-01;BRASPINE;MARRECAS;;;;;109,52;14,74;81,18;7,11;40,80;24,13;100,00;318,02;0,00;0,59
2001.0;8.0;2001-08-01;BRASPINE;MERCADINHO;;;;;53,45;16,28;85,49;8,48;41,70;26,51;100,00;341,35;0,00;0,43
2001.0;8.0;2001-08-01;BRASPINE;MONTE ALEGRE;;;;;81,61;19,67;68,63;12,51;30,94;28,36;99,48;138,81;0,00;3,17
2001.0;8.0;2001-08-01;BRASPINE;MONTE TABOR II;;;;;58,84;15,85;87,49;8,92;46,90;25,85;100,00;333,92;0,00;1,62
2001.0;8.0;2001-08-01;BRASPINE;MOREIRA;PR;DOUTOR ULYSSES;230,52;68,68;50,98;15,88;84,43;9,07;41,11;25,45;100,00;335,24;0,00;0,35
2001.0;8.0;2001-08-01;BRASPINE;MOREIRAS II;PR;DOUTOR ULYSSES;66,76;28,75;50,56;15,88;84,43;9,07;41,11;25,45;100,00;335,24;0,00;0,35
2001.0;8.0;2001-08-01;BRASPINE;MORRETES;PR;ORTIGUEIRA;20,36;20,36;109,00;16,56;80,89;6,88;39,79;26,49;99,65;309,89;0,00;7,02
2001.0;8.0;2001-08-01;BRASPINE;MORRO AZUL;;;;;67,59;16,12;84,68;8,42;40,46;25,74;100,00;320,78;0,00;10,20
2001.0;8.0;2001-08-01;BRASPINE;OURO FINO;SP;APIAI;51,70;51,70;60,26;15,81;86,23;8,52;42,66;25,53;100,00;331,73;0,00;3,63
2001.0;8.0;2001-08-01;BRASPINE;PALMEIRINHA DE BAIXO - SOSSEGO;PR;SENGES;85,93;9,22;62,72;15,64;81,41;7,63;41,06;24,52;99,97;334,51;0,00;9,52
2001.0;8.0;2001-08-01;BRASPINE;PAZIN;PR;DOUTOR ULYSSES;41,20;23,90;53,46;15,90;85,70;8,19;41,17;25,83;100,00;319,89;0,00;0,85
2001.0;8.0;2001-08-01;BRASPINE;PEDRAS;PR;CASTRO;7,18;7,18;67,20;15,69;82,74;7,45;44,95;24,57;99,84;329,62;0,00;0,40
2001.0;8.0;2001-08-01;BRASPINE;PESCARIA;PR;SAO JOSE DA BOA VISTA;184,57;129,22;65,24;17,65;75,63;7,52;34,27;26,92;99,42;309,75;0,00;4,89
2001.0;8.0;2001-08-01;BRASPINE;PESSEGUEIRO;PR;DOUTOR ULYSSES;109,95;64,79;51,78;15,88;84,43;9,07;41,11;25,45;100,00;335,24;0,00;0,35
2001.0;8.0;2001-08-01;BRASPINE;PITANGA;;;;;106,58;16,53;76,84;8,91;39,87;25,11;99,80;329,21;0,00;1,20
2001.0;8.0;2001-08-01;BRASPINE;QUEIMADINHO ARROIO CLARO;PR;DOUTOR ULYSSES;48,13;19,09;52,19;15,88;84,43;9,07;41,11;25,45;100,00;335,24;0,00;0,35
2001.0;8.0;2001-08-01;BRASPINE;QUEIMADINHO M6042;PR;DOUTOR ULYSSES;48,38;18,50;52,19;15,88;84,43;9,07;41,11;25,45;100,00;335,24;0,00;0,35
2001.0;8.0;2001-08-01;BRASPINE;QUEIMADINHO USUCAPIAO;PR;DOUTOR ULYSSES;200,27;92,43;52,19;15,88;84,43;9,07;41,11;25,45;100,00;335,24;0,00;0,35
2001.0;8.0;2001-08-01;BRASPINE;RAMOS;PR;SENGES;69,83;38,15;55,09;15,78;83,62;9,40;41,01;25,10;100,00;330,62;0,00;2,40
2001.0;8.0;2001-08-01;BRASPINE;RIBEIRAO GRANDE;PR;JAGUARIAIVA;20,77;20,77;68,78;15,69;81,53;7,33;41,65;24,50;99,62;327,00;0,00;0,58
2001.0;8.0;2001-08-01;BRASPINE;RINCAO DE BAIXO;;;;;91,03;15,88;79,00;5,79;40,23;24,84;99,93;316,29;0,00;0,90
2001.0;8.0;2001-08-01;BRASPINE;RIO BOMBA;PR;CERRO AZUL;65,03;37,72;52,63;16,47;85,08;7,98;41,98;26,80;99,98;345,14;0,00;7,25
2001.0;8.0;2001-08-01;BRASPINE;RIO DO MEIO;PR;DOUTOR ULYSSES;712,33;389,13;50,98;15,88;84,43;9,07;41,11;25,45;100,00;335,24;0,00;0,35
2001.0;8.0;2001-08-01;BRASPINE;RONDON;PR;JAGUARIAIVA;2899,24;1475,88;62,21;15,68;81,80;7,12;42,35;24,63;99,98;337,42;0,00;7,23
2001.0;8.0;2001-08-01;BRASPINE;SANTA FELICIDADE;;;;;48,79;16,69;86,69;7,93;42,67;27,50;100,00;312,64;0,00;1,26
2001.0;8.0;2001-08-01;BRASPINE;SANTA LIDIA DO CERCADINHO;;;;;86,09;15,59;78,97;5,51;40,28;24,39;99,95;327,37;0,00;0,13
2001.0;8.0;2001-08-01;BRASPINE;SANTO ANTONIO;;;;;63,91;15,68;82,18;8,37;39,88;24,74;100,00;352,30;0,00;6,83
2001.0;8.0;2001-08-01;BRASPINE;SAO JOSE;PR;JANDAIA DO SUL;37,56;37,56;83,19;19,52;68,77;12,42;30,68;28,18;99,58;167,68;0,00;3,77
2001.0;8.0;2001-08-01;BRASPINE;SAO MATHEUS;;;;;74,98;20,60;68,99;12,34;30,40;29,76;99,65;95,97;0,00;2,14
2001.0;8.0;2001-08-01;BRASPINE;SAO PEDRO E SAO PAULO;PR;SAPOPEMA;709,13;323,93;80,19;16,71;76,69;8,24;34,80;26,16;99,56;349,25;0,00;2,49
2001.0;8.0;2001-08-01;BRASPINE;SAO RAFAEL;;;;;72,43;15,46;83,57;7,98;44,42;25,07;100,00;348,80;0,00;2,23
2001.0;8.0;2001-08-01;BRASPINE;SAO RAFAEL - PB;;;;;74,14;15,95;85,80;8,56;41,78;25,68;100,00;320,24;0,00;5,71
2001.0;8.0;2001-08-01;BRASPINE;SERRARIA;PR;DOUTOR ULYSSES;280,88;117,71;55,81;15,71;85,35;8,48;40,98;25,46;100,00;331,25;0,00;0,12
2001.0;8.0;2001-08-01;BRASPINE;SERRO VERDE;;;;;99,63;16,29;76,06;8,22;36,38;24,96;99,88;340,47;0,00;0,17
2001.0;8.0;2001-08-01;BRASPINE;SERTAOZINHO;PR;DOUTOR ULYSSES;16,25;16,25;56,37;15,88;84,43;9,07;41,11;25,45;100,00;335,24;0,00;0,35
2001.0;8.0;2001-08-01;BRASPINE;SITIO BASILIO;PR;JAGUARIAIVA;8,08;8,08;60,20;15,57;80,67;6,41;41,18;24,44;99,95;331,96;0,00;1,61
2001.0;8.0;2001-08-01;BRASPINE;SITIO DAS MARRECAS;PR;DOUTOR ULYSSES;77,49;35,17;52,45;16,29;86,07;8,21;41,67;26,57;100,00;310,91;0,00;4,76
2001.0;8.0;2001-08-01;BRASPINE;SOBRADINHO;SP;BOM SUCESSO DE ITARARE;285,80;123,10;74,78;15,59;83,63;8,34;39,92;24,75;100,00;337,35;0,00;4,15
2001.0;8.0;2001-08-01;BRASPINE;TAQUARAL;PR;JAGUARIAIVA;519,13;31,07;59,42;15,91;81,52;7,17;42,13;24,86;100,00;328,66;0,00;12,03
2001.0;8.0;2001-08-01;BRASPINE;TUCUNDUVA;PR;SENGES;82,21;60,89;61,02;16,21;78,20;7,03;38,35;25,18;99,49;329,44;0,00;5,80
2001.0;8.0;2001-08-01;BRASPINE;TUCUNDUVA - CHAMMA;;;;;62,73;16,32;78,36;7,17;38,59;25,21;99,41;335,11;0,00;4,12
2001.0;8.0;2001-08-01;BRASPINE;VIENA 1;PR;DOUTOR ULYSSES;263,98;178,34;57,99;15,53;84,21;9,18;42,65;24,78;100,00;316,61;0,00;0,63
2001.0;8.0;2001-08-01;BRASPINE;VIENA 2;PR;CERRO AZUL;140,23;96,54;52,35;16,47;85,08;7,98;41,98;26,80;99,98;345,14;0,00;7,25
2001.0;8.0;2001-08-01;BRASPINE;VITORIA;PR;SENGES;50,54;35,69;62,72;15,64;81,41;7,63;41,06;24,52;99,97;334,51;0,00;9,52
2001.0;8.0;2001-08-01;BRASPINE;VIVEIRO;PR;DOUTOR ULYSSES;405,39;261,22;50,56;15,88;84,43;9,07;41,11;25,45;100,00;335,24;0,00;0,35
2001.0;8.0;2001-08-01;BRASPINE;VO LINO;PR;DOUTOR ULYSSES;164,50;97,89;52,04;15,90;85,70;8,19;41,17;25,83;100,00;319,89;0,00;0,85
2001.0;8.0;2001-08-01;BRASPINE;XAXIM VELHO;;;;;102,24;14,97;81,82;7,08;42,59;24,38;100,00;320,73;0,00;66,75
2001.0;9.0;2001-09-01;BRASPINE;AGUA DOCE;PR;JAGUARIAIVA;238,97;121,99;154,43;16,35;81,39;3,76;35,50;26,29;99,86;266,18;3,76;5,89
2001.0;9.0;2001-09-01;BRASPINE;AMATA;;;;;204,13;17,60;82,53;4,29;34,34;29,05;99,98;225,38;4,29;2,99
2001.0;9.0;2001-09-01;BRASPINE;ANTA BRAVA;;;;;70,85;19,46;75,24;7,93;34,38;31,01;99,55;122,71;0,00;6,43
2001.0;9.0;2001-09-01;BRASPINE;ARAPONGAS;PR;SENGES;423,34;263,70;158,73;16,30;84,19;3,63;37,85;26,84;100,00;285,60;3,63;3,55
2001.0;9.0;2001-09-01;BRASPINE;ARROIO CLARO;PR;DOUTOR ULYSSES;275,14;92,00;184,42;16,44;84,39;3,52;36,93;27,14;100,00;259,80;3,52;352,61
2001.0;9.0;2001-09-01;BRASPINE;BARRA GRANDE;PR;DOUTOR ULYSSES;493,79;139,68;160,05;16,75;84,29;4,15;37,36;27,64;100,00;265,18;4,15;6,58
2001.0;9.0;2001-09-01;BRASPINE;BARRA GRANDE - BEMAIS;PR;GUARAPUAVA;299,16;108,61;230,96;15,80;81,93;2,03;32,19;25,24;99,99;292,98;6,46;0,40
2001.0;9.0;2001-09-01;BRASPINE;BARRETOS;PR;JAGUARIAIVA;43,35;32,98;163,04;16,26;83,51;3,68;38,20;26,77;99,96;266,72;3,68;6,90
2001.0;9.0;2001-09-01;BRASPINE;BAU;;;;;238,35;15,77;82,16;1,95;39,57;25,27;99,89;269,25;5,66;1,33
2001.0;9.0;2001-09-01;BRASPINE;BOA VISTA II;PR;PIRAI DO SUL;944,00;535,05;188,83;16,25;82,62;3,65;35,98;26,65;99,91;279,05;3,65;346,02
2001.0;9.0;2001-09-01;BRASPINE;BRASILEIRA;;;;;159,70;16,30;84,19;3,63;37,85;26,84;100,00;285,60;3,63;3,55
2001.0;9.0;2001-09-01;BRASPINE;BURACAO;;;;;197,70;16,02;83,43;3,10;33,73;26,92;99,90;309,03;3,10;6,24
2001.0;9.0;2001-09-01;BRASPINE;BURRINHO;PR;DOUTOR ULYSSES;211,01;100,37;183,96;16,44;84,39;3,52;36,93;27,14;100,00;259,80;3,52;352,61
2001.0;9.0;2001-09-01;BRASPINE;CADEADO I;PR;JAGUARIAIVA;21,07;12,29;168,43;16,13;83,87;3,48;38,08;26,62;100,00;295,12;3,48;5,43
2001.0;9.0;2001-09-01;BRASPINE;CADEADO II;PR;JAGUARIAIVA;21,88;16,79;168,43;16,13;83,87;3,48;38,08;26,62;100,00;295,12;3,48;5,43
2001.0;9.0;2001-09-01;BRASPINE;CAMPINA ALTA;PR;TIBAGI;29,77;18,24;217,12;17,33;79,86;3,89;33,67;27,12;99,92;265,81;3,89;0,27
2001.0;9.0;2001-09-01;BRASPINE;CAMPINA DO ELIAS;PR;JAGUARIAIVA;29,17;14,65;191,08;16,21;83,64;3,61;38,15;26,72;99,98;281,34;3,61;6,40
2001.0;9.0;2001-09-01;BRASPINE;CAMPO NOVO;PR;JAGUARIAIVA;295,98;156,36;157,65;16,13;83,87;3,48;38,08;26,62;100,00;295,12;3,48;5,43
2001.0;9.0;2001-09-01;BRASPINE;CONSULTORIA II A;PR;DOUTOR ULYSSES;89,62;60,79;160,73;16,30;84,19;3,63;37,85;26,84;100,00;285,60;3,63;3,55
2001.0;9.0;2001-09-01;BRASPINE;DINIZ;;;;;164,48;16,30;84,19;3,63;37,85;26,84;100,00;285,60;3,63;3,55
2001.0;9.0;2001-09-01;BRASPINE;ENES;PR;JAGUARIAIVA;5,93;5,69;157,56;16,13;83,87;3,48;38,08;26,62;100,00;295,12;3,48;5,43
2001.0;9.0;2001-09-01;BRASPINE;ENGENHARIA;;;;;164,48;16,30;84,19;3,63;37,85;26,84;100,00;285,60;3,63;3,55
2001.0;9.0;2001-09-01;BRASPINE;ESTACAO;PR;SENGES;4,76;4,14;171,72;16,13;83,87;3,48;38,08;26,62;100,00;295,12;3,48;5,43
2001.0;9.0;2001-09-01;BRASPINE;FAXINAL;PR;JAGUARIAIVA;20,65;20,65;157,56;16,13;83,87;3,48;38,08;26,62;100,00;295,12;3,48;5,43
2001.0;9.0;2001-09-01;BRASPINE;FEITAL;PR;DOUTOR ULYSSES;154,17;86,53;172,30;16,45;84,22;3,80;37,68;27,03;100,00;273,90;3,80;2,88
2001.0;9.0;2001-09-01;BRASPINE;FIGUEIRA;PR;DOUTOR ULYSSES;1053,81;315,71;175,55;16,44;84,39;3,52;36,93;27,14;100,00;259,80;3,52;352,61
2001.0;9.0;2001-09-01;BRASPINE;FIGUEIRINHA;PR;DOUTOR ULYSSES;94,37;56,74;179,47;16,44;84,39;3,52;36,93;27,14;100,00;259,80;3,52;352,61
2001.0;9.0;2001-09-01;BRASPINE;FLOEMA;PR;DOUTOR ULYSSES;2189,88;701,43;184,74;16,01;84,19;2,95;36,83;26,64;100,00;293,87;2,95;9,32
2001.0;9.0;2001-09-01;BRASPINE;FLOEMA I - SUDATI;;;;;164,93;16,30;84,19;3,63;37,85;26,84;100,00;285,60;3,63;3,55
2001.0;9.0;2001-09-01;BRASPINE;FLOEMA II - SUDATI;PR;DOUTOR ULYSSES;453,83;211,13;164,77;16,30;84,19;3,63;37,85;26,84;100,00;285,60;3,63;3,55
2001.0;9.0;2001-09-01;BRASPINE;FLOR DA SERRA;PR;SAO JOSE DA BOA VISTA;209,10;128,72;126,38;18,42;75,62;6,07;37,40;28,49;99,62;202,62;0,00;0,48
2001.0;9.0;2001-09-01;BRASPINE;GENTIL;PR;JAGUARIAIVA;126,77;53,33;161,70;16,10;81,42;3,32;36,24;25,95;99,76;275,13;3,32;5,31
2001.0;9.0;2001-09-01;BRASPINE;GUAIRACA;PR;GUARAPUAVA;623,62;169,31;233,51;15,84;82,01;2,01;31,88;25,48;99,99;293,78;6,52;0,73
2001.0;9.0;2001-09-01;BRASPINE;HERVAL 2 - MADALOSSO;;;;;192,35;16,02;83,43;3,10;33,73;26,92;99,90;309,03;3,10;6,24
2001.0;9.0;2001-09-01;BRASPINE;HERVAL DE BAIXO;PR;RESERVA;827,29;475,92;207,88;17,30;80,26;3,73;33,83;27,09;99,87;276,01;3,73;1,80
2001.0;9.0;2001-09-01;BRASPINE;HORTO 01;PR;TURVO;19,12;19,12;252,35;16,51;81,91;2,28;37,56;26,19;99,82;232,00;7,15;2,02
2001.0;9.0;2001-09-01;BRASPINE;HORTO 02;PR;TURVO;4,24;4,24;252,31;16,51;81,91;2,28;37,56;26,19;99,82;232,00;7,15;2,02
2001.0;9.0;2001-09-01;BRASPINE;HORTO 03;PR;PRUDENTOPOLIS;80,91;25,89;247,53;16,94;81,01;2,90;32,99;26,99;99,89;270,09;2,90;6,05
2001.0;9.0;2001-09-01;BRASPINE;HORTO 08;PR;TURVO;9,53;9,53;242,16;16,94;81,01;2,90;32,99;26,99;99,89;270,09;2,90;6,05
2001.0;9.0;2001-09-01;BRASPINE;HORTO 12;PR;PRUDENTOPOLIS;12,20;12,20;241,55;16,94;81,01;2,90;32,99;26,99;99,89;270,09;2,90;6,05
2001.0;9.0;2001-09-01;BRASPINE;IZAU;PR;PIRAI DO SUL;19,37;11,60;180,26;16,01;82,40;3,23;37,99;26,21;99,72;258,05;3,23;9,07
2001.0;9.0;2001-09-01;BRASPINE;JOAO RICO;PR;JAGUARIAIVA;47,46;26,18;158,33;16,35;81,39;3,76;35,50;26,29;99,86;266,18;3,76;5,89
2001.0;9.0;2001-09-01;BRASPINE;LAGOA;PR;JAGUARIAIVA;24,10;10,78;177,60;16,13;83,87;3,48;38,08;26,62;100,00;295,12;3,48;5,43
2001.0;9.0;2001-09-01;BRASPINE;MARACANA;PR;JANDAIA DO SUL;11,45;11,45;130,01;19,54;74,10;5,63;37,25;29,56;99,97;104,66;0,00;7,26
2001.0;9.0;2001-09-01;BRASPINE;MARRECA;;;;;178,08;16,44;84,39;3,52;36,93;27,14;100,00;259,80;3,52;352,61
2001.0;9.0;2001-09-01;BRASPINE;MARRECA SP;SP;ITAPIRAPUA PAULISTA;675,30;236,19;179,05;17,07;84,21;4,31;35,84;28,32;100,00;272,46;4,31;5,93
2001.0;9.0;2001-09-01;BRASPINE;MARRECAS;;;;;239,70;15,30;82,54;1,50;32,80;24,70;100,00;281,33;5,38;4,75
2001.0;9.0;2001-09-01;BRASPINE;MERCADINHO;;;;;180,53;16,95;83,51;3,87;35,41;28,00;100,00;271,56;3,87;0,37
2001.0;9.0;2001-09-01;BRASPINE;MONTE ALEGRE;;;;;131,60;20,00;73,58;5,99;36,45;29,86;99,86;77,76;0,00;5,06
2001.0;9.0;2001-09-01;BRASPINE;MONTE TABOR II;;;;;163,11;16,44;85,56;2,23;37,29;26,59;100,00;294,19;2,23;13,39
2001.0;9.0;2001-09-01;BRASPINE;MOREIRA;PR;DOUTOR ULYSSES;230,52;68,68;164,77;16,30;84,19;3,63;37,85;26,84;100,00;285,60;3,63;3,55
2001.0;9.0;2001-09-01;BRASPINE;MOREIRAS II;PR;DOUTOR ULYSSES;66,76;28,75;160,11;16,30;84,19;3,63;37,85;26,84;100,00;285,60;3,63;3,55
2001.0;9.0;2001-09-01;BRASPINE;MORRETES;PR;ORTIGUEIRA;20,36;20,36;194,98;17,70;80,41;3,90;34,64;27,79;99,79;265,13;3,90;2,04
2001.0;9.0;2001-09-01;BRASPINE;MORRO AZUL;;;;;159,55;16,57;84,25;4,10;37,60;27,25;100,00;261,37;4,10;2,30
2001.0;9.0;2001-09-01;BRASPINE;OURO FINO;SP;APIAI;51,70;51,70;166,33;16,30;85,30;3,07;38,23;26,48;100,00;288,09;3,07;0,03
2001.0;9.0;2001-09-01;BRASPINE;PALMEIRINHA DE BAIXO - SOSSEGO;PR;SENGES;85,93;9,22;145,74;16,16;82,36;3,72;38,37;26,03;99,87;280,57;3,72;9,15
2001.0;9.0;2001-09-01;BRASPINE;PAZIN;PR;DOUTOR ULYSSES;41,20;23,90;179,20;16,44;84,39;3,52;36,93;27,14;100,00;259,80;3,52;352,61
2001.0;9.0;2001-09-01;BRASPINE;PEDRAS;PR;CASTRO;7,18;7,18;199,47;15,93;83,10;3,01;36,60;26,25;99,80;285,64;3,01;1,95
2001.0;9.0;2001-09-01;BRASPINE;PESCARIA;PR;SAO JOSE DA BOA VISTA;184,57;129,22;129,35;18,55;75,28;6,39;37,14;28,45;99,60;159,57;0,00;3,42
2001.0;9.0;2001-09-01;BRASPINE;PESSEGUEIRO;PR;DOUTOR ULYSSES;109,95;64,79;187,82;16,30;84,19;3,63;37,85;26,84;100,00;285,60;3,63;3,55
2001.0;9.0;2001-09-01;BRASPINE;PITANGA;;;;;236,16;16,52;81,33;2,57;39,21;25,84;99,83;256,37;6,95;1,26
2001.0;9.0;2001-09-01;BRASPINE;QUEIMADINHO ARROIO CLARO;PR;DOUTOR ULYSSES;48,13;19,09;159,70;16,30;84,19;3,63;37,85;26,84;100,00;285,60;3,63;3,55
2001.0;9.0;2001-09-01;BRASPINE;QUEIMADINHO M6042;PR;DOUTOR ULYSSES;48,38;18,50;159,70;16,30;84,19;3,63;37,85;26,84;100,00;285,60;3,63;3,55
2001.0;9.0;2001-09-01;BRASPINE;QUEIMADINHO USUCAPIAO;PR;DOUTOR ULYSSES;200,27;92,43;159,70;16,30;84,19;3,63;37,85;26,84;100,00;285,60;3,63;3,55
2001.0;9.0;2001-09-01;BRASPINE;RAMOS;PR;SENGES;69,83;38,15;164,93;16,13;83,87;3,48;38,08;26,62;100,00;295,12;3,48;5,43
2001.0;9.0;2001-09-01;BRASPINE;RIBEIRAO GRANDE;PR;JAGUARIAIVA;20,77;20,77;178,31;16,01;82,40;3,23;37,99;26,21;99,72;258,05;3,23;9,07
2001.0;9.0;2001-09-01;BRASPINE;RINCAO DE BAIXO;;;;;207,40;16,73;78,85;3,37;35,26;26,32;99,79;286,73;3,37;2,24
2001.0;9.0;2001-09-01;BRASPINE;RIO BOMBA;PR;CERRO AZUL;65,03;37,72;191,35;17,21;82,73;4,08;34,48;28,47;99,98;277,24;4,08;5,99
2001.0;9.0;2001-09-01;BRASPINE;RIO DO MEIO;PR;DOUTOR ULYSSES;712,33;389,13;160,01;16,30;84,19;3,63;37,85;26,84;100,00;285,60;3,63;3,55
2001.0;9.0;2001-09-01;BRASPINE;RONDON;PR;JAGUARIAIVA;2899,24;1475,88;150,89;16,17;82,55;3,67;38,27;26,00;99,90;250,71;3,67;0,49
2001.0;9.0;2001-09-01;BRASPINE;SANTA FELICIDADE;;;;;171,30;17,44;84,09;4,64;35,10;29,01;100,00;250,16;4,64;3,18
2001.0;9.0;2001-09-01;BRASPINE;SANTA LIDIA DO CERCADINHO;;;;;212,85;16,43;79,04;3,09;35,48;25,83;99,78;281,40;3,09;1,49
2001.0;9.0;2001-09-01;BRASPINE;SANTO ANTONIO;;;;;153,84;16,18;82,68;3,73;37,32;26,44;100,00;281,39;3,73;5,55
2001.0;9.0;2001-09-01;BRASPINE;SAO JOSE;PR;JANDAIA DO SUL;37,56;37,56;131,68;19,85;73,72;5,88;36,73;29,69;99,90;76,90;0,00;5,62
2001.0;9.0;2001-09-01;BRASPINE;SAO MATHEUS;;;;;108,12;20,96;73,44;6,79;34,16;31,07;99,78;53,02;0,00;0,03
2001.0;9.0;2001-09-01;BRASPINE;SAO PEDRO E SAO PAULO;PR;SAPOPEMA;709,13;323,93;130,79;17,94;76,34;4,63;35,64;28,11;99,69;234,17;4,63;1,86
2001.0;9.0;2001-09-01;BRASPINE;SAO RAFAEL;;;;;190,60;15,72;82,65;2,47;33,76;26,37;99,84;278,71;2,47;0,57
2001.0;9.0;2001-09-01;BRASPINE;SAO RAFAEL - PB;;;;;166,11;16,41;85,06;3,52;37,96;26,74;100,00;275,25;3,52;1,54
2001.0;9.0;2001-09-01;BRASPINE;SERRARIA;PR;DOUTOR ULYSSES;280,88;117,71;189,21;16,23;84,29;3,24;36,88;26,89;100,00;269,49;3,24;8,55
2001.0;9.0;2001-09-01;BRASPINE;SERRO VERDE;;;;;234,04;16,11;81,01;1,99;39,85;25,83;99,92;261,39;5,71;6,58
2001.0;9.0;2001-09-01;BRASPINE;SERTAOZINHO;PR;DOUTOR ULYSSES;16,25;16,25;158,84;16,30;84,19;3,63;37,85;26,84;100,00;285,60;3,63;3,55
2001.0;9.0;2001-09-01;BRASPINE;SITIO BASILIO;PR;JAGUARIAIVA;8,08;8,08;154,32;16,20;81,10;3,47;35,49;25,96;99,76;277,42;3,47;2,04
2001.0;9.0;2001-09-01;BRASPINE;SITIO DAS MARRECAS;PR;DOUTOR ULYSSES;77,49;35,17;179,64;16,89;84,26;4,09;36,15;27,97;100,00;268,84;4,09;6,45
2001.0;9.0;2001-09-01;BRASPINE;SOBRADINHO;SP;BOM SUCESSO DE ITARARE;285,80;123,10;164,65;16,09;83,70;3,64;37,30;26,56;100,00;280,83;3,64;0,57
2001.0;9.0;2001-09-01;BRASPINE;TAQUARAL;PR;JAGUARIAIVA;519,13;31,07;151,45;16,33;82,14;3,84;36,05;26,29;99,99;252,26;3,84;3,89
2001.0;9.0;2001-09-01;BRASPINE;TUCUNDUVA;PR;SENGES;82,21;60,89;148,00;16,98;78,51;4,57;34,89;26,48;99,69;267,22;4,57;10,64
2001.0;9.0;2001-09-01;BRASPINE;TUCUNDUVA - CHAMMA;;;;;145,97;16,96;79,13;4,59;37,40;26,48;99,72;282,96;4,59;8,67
2001.0;9.0;2001-09-01;BRASPINE;VIENA 1;PR;DOUTOR ULYSSES;263,98;178,34;188,75;15,89;84,05;2,96;36,25;26,29;100,00;289,61;2,96;9,88
2001.0;9.0;2001-09-01;BRASPINE;VIENA 2;PR;CERRO AZUL;140,23;96,54;191,12;17,21;82,73;4,08;34,48;28,47;99,98;277,24;4,08;5,99
2001.0;9.0;2001-09-01;BRASPINE;VITORIA;PR;SENGES;50,54;35,69;145,74;16,16;82,36;3,72;38,37;26,03;99,87;280,57;3,72;9,15
2001.0;9.0;2001-09-01;BRASPINE;VIVEIRO;PR;DOUTOR ULYSSES;405,39;261,22;160,11;16,30;84,19;3,63;37,85;26,84;100,00;285,60;3,63;3,55
2001.0;9.0;2001-09-01;BRASPINE;VO LINO;PR;DOUTOR ULYSSES;164,50;97,89;180,05;16,44;84,39;3,52;36,93;27,14;100,00;259,80;3,52;352,61
2001.0;9.0;2001-09-01;BRASPINE;XAXIM VELHO;;;;;219,47;15,14;83,56;1,24;32,78;25,06;100,00;307,80;4,99;0,13
2001.0;10.0;2001-10-01;BRASPINE;AGUA DOCE;PR;JAGUARIAIVA;238,97;121,99;111,66;17,95;78,46;9,85;30,63;28,61;99,84;305,70;0,00;3,72
2001.0;10.0;2001-10-01;BRASPINE;AMATA;;;;;143,45;19,24;78,57;10,34;28,09;31,51;99,99;225,64;0,00;1,69
2001.0;10.0;2001-10-01;BRASPINE;ANTA BRAVA;;;;;102,54;20,84;75,18;12,74;28,58;31,12;99,56;83,64;0,00;30,20
2001.0;10.0;2001-10-01;BRASPINE;ARAPONGAS;PR;SENGES;423,34;263,70;115,88;17,94;80,53;10,32;28,10;29,41;100,00;309,54;0,00;4,04
2001.0;10.0;2001-10-01;BRASPINE;ARROIO CLARO;PR;DOUTOR ULYSSES;275,14;92,00;110,98;18,07;80,80;10,62;27,92;29,75;100,00;298,76;0,00;358,43
2001.0;10.0;2001-10-01;BRASPINE;BARRA GRANDE;PR;DOUTOR ULYSSES;493,79;139,68;124,25;18,35;80,80;10,74;27,71;30,20;100,00;286,34;0,00;6,04
2001.0;10.0;2001-10-01;BRASPINE;BARRA GRANDE - BEMAIS;PR;GUARAPUAVA;299,16;108,61;163,66;17,45;79,34;6,90;32,64;28,22;99,98;343,56;0,00;4,46
2001.0;10.0;2001-10-01;BRASPINE;BARRETOS;PR;JAGUARIAIVA;43,35;32,98;112,94;17,93;79,92;10,49;29,34;29,26;99,97;278,41;0,00;13,40
2001.0;10.0;2001-10-01;BRASPINE;BAU;;;;;170,08;17,53;78,36;6,39;34,83;28,01;100,00;279,40;0,00;6,89
2001.0;10.0;2001-10-01;BRASPINE;BOA VISTA II;PR;PIRAI DO SUL;944,00;535,05;104,90;17,94;79,30;9,53;30,17;29,03;99,94;291,43;0,00;0,17
2001.0;10.0;2001-10-01;BRASPINE;BRASILEIRA;;;;;124,26;17,94;80,53;10,32;28,10;29,41;100,00;309,54;0,00;4,04
2001.0;10.0;2001-10-01;BRASPINE;BURACAO;;;;;124,60;17,79;79,49;9,11;33,00;28,94;99,74;322,73;0,00;5,10
2001.0;10.0;2001-10-01;BRASPINE;BURRINHO;PR;DOUTOR ULYSSES;211,01;100,37;110,69;18,07;80,80;10,62;27,92;29,75;100,00;298,76;0,00;358,43
2001.0;10.0;2001-10-01;BRASPINE;CADEADO I;PR;JAGUARIAIVA;21,07;12,29;119,28;17,78;80,21;10,33;28,59;29,07;100,00;305,27;0,00;10,65
2001.0;10.0;2001-10-01;BRASPINE;CADEADO II;PR;JAGUARIAIVA;21,88;16,79;119,28;17,78;80,21;10,33;28,59;29,07;100,00;305,27;0,00;10,65
2001.0;10.0;2001-10-01;BRASPINE;CAMPINA ALTA;PR;TIBAGI;29,77;18,24;91,07;18,93;78,00;7,99;30,42;29,98;100,00;278,47;0,00;0,35
2001.0;10.0;2001-10-01;BRASPINE;CAMPINA DO ELIAS;PR;JAGUARIAIVA;29,17;14,65;109,79;17,88;80,03;10,43;29,07;29,19;99,98;307,40;0,00;12,68
2001.0;10.0;2001-10-01;BRASPINE;CAMPO NOVO;PR;JAGUARIAIVA;295,98;156,36;108,64;17,78;80,21;10,33;28,59;29,07;100,00;305,27;0,00;10,65
2001.0;10.0;2001-10-01;BRASPINE;CONSULTORIA II A;PR;DOUTOR ULYSSES;89,62;60,79;121,38;17,94;80,53;10,32;28,10;29,41;100,00;309,54;0,00;4,04
2001.0;10.0;2001-10-01;BRASPINE;DINIZ;;;;;123,32;17,94;80,53;10,32;28,10;29,41;100,00;309,54;0,00;4,04
2001.0;10.0;2001-10-01;BRASPINE;ENES;PR;JAGUARIAIVA;5,93;5,69;107,60;17,78;80,21;10,33;28,59;29,07;100,00;305,27;0,00;10,65
2001.0;10.0;2001-10-01;BRASPINE;ENGENHARIA;;;;;123,32;17,94;80,53;10,32;28,10;29,41;100,00;309,54;0,00;4,04
2001.0;10.0;2001-10-01;BRASPINE;ESTACAO;PR;SENGES;4,76;4,14;115,99;17,78;80,21;10,33;28,59;29,07;100,00;305,27;0,00;10,65
2001.0;10.0;2001-10-01;BRASPINE;FAXINAL;PR;JAGUARIAIVA;20,65;20,65;107,60;17,78;80,21;10,33;28,59;29,07;100,00;305,27;0,00;10,65
2001.0;10.0;2001-10-01;BRASPINE;FEITAL;PR;DOUTOR ULYSSES;154,17;86,53;112,93;18,08;80,62;10,46;27,97;29,68;100,00;296,91;0,00;1,94
2001.0;10.0;2001-10-01;BRASPINE;FIGUEIRA;PR;DOUTOR ULYSSES;1053,81;315,71;101,54;18,07;80,80;10,62;27,92;29,75;100,00;298,76;0,00;358,43
2001.0;10.0;2001-10-01;BRASPINE;FIGUEIRINHA;PR;DOUTOR ULYSSES;94,37;56,74;114,00;18,07;80,80;10,62;27,92;29,75;100,00;298,76;0,00;358,43
2001.0;10.0;2001-10-01;BRASPINE;FLOEMA;PR;DOUTOR ULYSSES;2189,88;701,43;102,67;17,63;80,58;10,20;28,60;28,97;100,00;303,71;0,00;1,09
2001.0;10.0;2001-10-01;BRASPINE;FLOEMA I - SUDATI;;;;;120,16;17,94;80,53;10,32;28,10;29,41;100,00;309,54;0,00;4,04
2001.0;10.0;2001-10-01;BRASPINE;FLOEMA II - SUDATI;PR;DOUTOR ULYSSES;453,83;211,13;122,50;17,94;80,53;10,32;28,10;29,41;100,00;309,54;0,00;4,04
2001.0;10.0;2001-10-01;BRASPINE;FLOR DA SERRA;PR;SAO JOSE DA BOA VISTA;209,10;128,72;67,73;19,95;73,03;10,32;28,54;30,29;99,69;199,76;0,00;5,53
2001.0;10.0;2001-10-01;BRASPINE;GENTIL;PR;JAGUARIAIVA;126,77;53,33;107,54;17,67;78,59;8,58;30,70;28,17;99,77;328,03;0,00;11,85
2001.0;10.0;2001-10-01;BRASPINE;GUAIRACA;PR;GUARAPUAVA;623,62;169,31;166,63;17,50;79,74;6,65;34,22;28,47;99,99;328,66;0,00;1,86
2001.0;10.0;2001-10-01;BRASPINE;HERVAL 2 - MADALOSSO;;;;;112,65;17,79;79,49;9,11;33,00;28,94;99,74;322,73;0,00;5,10
2001.0;10.0;2001-10-01;BRASPINE;HERVAL DE BAIXO;PR;RESERVA;827,29;475,92;113,21;18,88;78,57;7,67;30,29;29,94;99,98;274,29;0,00;6,09
2001.0;10.0;2001-10-01;BRASPINE;HORTO 01;PR;TURVO;19,12;19,12;142,36;18,19;79,20;6,61;35,62;28,73;99,66;266,25;0,00;3,77
2001.0;10.0;2001-10-01;BRASPINE;HORTO 02;PR;TURVO;4,24;4,24;143,89;18,19;79,20;6,61;35,62;28,73;99,66;266,25;0,00;3,77
2001.0;10.0;2001-10-01;BRASPINE;HORTO 03;PR;PRUDENTOPOLIS;80,91;25,89;139,79;18,69;78,56;7,37;33,85;29,59;99,87;247,33;0,00;0,74
2001.0;10.0;2001-10-01;BRASPINE;HORTO 08;PR;TURVO;9,53;9,53;139,51;18,69;78,56;7,37;33,85;29,59;99,87;247,33;0,00;0,74
2001.0;10.0;2001-10-01;BRASPINE;HORTO 12;PR;PRUDENTOPOLIS;12,20;12,20;141,40;18,69;78,56;7,37;33,85;29,59;99,87;247,33;0,00;0,74
2001.0;10.0;2001-10-01;BRASPINE;IZAU;PR;PIRAI DO SUL;19,37;11,60;93,65;17,67;79,16;9,11;29,62;28,52;99,84;329,93;0,00;0,28
2001.0;10.0;2001-10-01;BRASPINE;JOAO RICO;PR;JAGUARIAIVA;47,46;26,18;108,26;17,95;78,46;9,85;30,63;28,61;99,84;305,70;0,00;3,72
2001.0;10.0;2001-10-01;BRASPINE;LAGOA;PR;JAGUARIAIVA;24,10;10,78;110,75;17,78;80,21;10,33;28,59;29,07;100,00;305,27;0,00;10,65
2001.0;10.0;2001-10-01;BRASPINE;MARACANA;PR;JANDAIA DO SUL;11,45;11,45;83,45;21,17;72,01;11,77;26,92;32,39;99,89;65,61;0,00;4,14
2001.0;10.0;2001-10-01;BRASPINE;MARRECA;;;;;107,39;18,07;80,80;10,62;27,92;29,75;100,00;298,76;0,00;358,43
2001.0;10.0;2001-10-01;BRASPINE;MARRECA SP;SP;ITAPIRAPUA PAULISTA;675,30;236,19;105,63;18,66;80,79;11,02;27,60;30,72;100,00;276,63;0,00;2,90
2001.0;10.0;2001-10-01;BRASPINE;MARRECAS;;;;;169,43;16,91;79,79;6,70;32,32;27,63;100,00;345,41;0,00;5,77
2001.0;10.0;2001-10-01;BRASPINE;MERCADINHO;;;;;118,75;18,61;79,69;10,58;28,04;30,60;99,97;247,45;0,00;1,09
2001.0;10.0;2001-10-01;BRASPINE;MONTE ALEGRE;;;;;74,14;21,66;71,34;12,06;26,62;32,84;99,76;51,80;0,00;2,84
2001.0;10.0;2001-10-01;BRASPINE;MONTE TABOR II;;;;;104,60;18,13;81,84;9,24;29,05;29,43;99,99;313,50;0,00;339,47
2001.0;10.0;2001-10-01;BRASPINE;MOREIRA;PR;DOUTOR ULYSSES;230,52;68,68;122,50;17,94;80,53;10,32;28,10;29,41;100,00;309,54;0,00;4,04
2001.0;10.0;2001-10-01;BRASPINE;MOREIRAS II;PR;DOUTOR ULYSSES;66,76;28,75;121,21;17,94;80,53;10,32;28,10;29,41;100,00;309,54;0,00;4,04
2001.0;10.0;2001-10-01;BRASPINE;MORRETES;PR;ORTIGUEIRA;20,36;20,36;99,04;19,30;78,77;8,18;29,97;30,59;100,00;249,95;0,00;0,42
2001.0;10.0;2001-10-01;BRASPINE;MORRO AZUL;;;;;125,43;18,15;80,66;10,58;27,25;30,01;100,00;278,99;0,00;25,93
2001.0;10.0;2001-10-01;BRASPINE;OURO FINO;SP;APIAI;51,70;51,70;115,10;17,87;81,70;9,16;28,09;29,25;100,00;305,42;0,00;17,98
2001.0;10.0;2001-10-01;BRASPINE;PALMEIRINHA DE BAIXO - SOSSEGO;PR;SENGES;85,93;9,22;99,12;17,74;78,74;10,33;27,06;28,70;99,86;329,17;0,00;49,93
2001.0;10.0;2001-10-01;BRASPINE;PAZIN;PR;DOUTOR ULYSSES;41,20;23,90;108,59;18,07;80,80;10,62;27,92;29,75;100,00;298,76;0,00;358,43
2001.0;10.0;2001-10-01;BRASPINE;PEDRAS;PR;CASTRO;7,18;7,18;124,21;17,60;80,17;8,27;32,52;28,48;99,92;341,62;0,00;0,51
2001.0;10.0;2001-10-01;BRASPINE;PESCARIA;PR;SAO JOSE DA BOA VISTA;184,57;129,22;75,54;20,13;72,48;9,69;26,94;30,60;99,59;172,80;0,00;2,23
2001.0;10.0;2001-10-01;BRASPINE;PESSEGUEIRO;PR;DOUTOR ULYSSES;109,95;64,79;105,25;17,94;80,53;10,32;28,10;29,41;100,00;309,54;0,00;4,04
2001.0;10.0;2001-10-01;BRASPINE;PITANGA;;;;;145,60;18,33;77,09;6,50;33,29;29,01;99,86;231,65;0,00;2,98
2001.0;10.0;2001-10-01;BRASPINE;QUEIMADINHO ARROIO CLARO;PR;DOUTOR ULYSSES;48,13;19,09;124,26;17,94;80,53;10,32;28,10;29,41;100,00;309,54;0,00;4,04
2001.0;10.0;2001-10-01;BRASPINE;QUEIMADINHO M6042;PR;DOUTOR ULYSSES;48,38;18,50;124,26;17,94;80,53;10,32;28,10;29,41;100,00;309,54;0,00;4,04
2001.0;10.0;2001-10-01;BRASPINE;QUEIMADINHO USUCAPIAO;PR;DOUTOR ULYSSES;200,27;92,43;124,26;17,94;80,53;10,32;28,10;29,41;100,00;309,54;0,00;4,04
2001.0;10.0;2001-10-01;BRASPINE;RAMOS;PR;SENGES;69,83;38,15;120,16;17,78;80,21;10,33;28,59;29,07;100,00;305,27;0,00;10,65
2001.0;10.0;2001-10-01;BRASPINE;RIBEIRAO GRANDE;PR;JAGUARIAIVA;20,77;20,77;93,27;17,67;79,16;9,11;29,62;28,52;99,84;329,93;0,00;0,28
2001.0;10.0;2001-10-01;BRASPINE;RINCAO DE BAIXO;;;;;111,80;18,31;76,14;7,98;28,70;29,01;100,00;315,52;0,00;1,56
2001.0;10.0;2001-10-01;BRASPINE;RIO BOMBA;PR;CERRO AZUL;65,03;37,72;131,30;18,91;78,58;10,76;28,00;30,94;99,97;237,35;0,00;1,08
2001.0;10.0;2001-10-01;BRASPINE;RIO DO MEIO;PR;DOUTOR ULYSSES;712,33;389,13;122,03;17,94;80,53;10,32;28,10;29,41;100,00;309,54;0,00;4,04
2001.0;10.0;2001-10-01;BRASPINE;RONDON;PR;JAGUARIAIVA;2899,24;1475,88;108,00;17,75;79,16;10,13;29,48;28,60;99,89;330,44;0,00;1,20
2001.0;10.0;2001-10-01;BRASPINE;SANTA FELICIDADE;;;;;100,82;19,00;80,76;10,67;26,89;31,29;100,00;263,45;0,00;1,28
2001.0;10.0;2001-10-01;BRASPINE;SANTA LIDIA DO CERCADINHO;;;;;109,17;17,96;76,28;7,76;29,04;28,42;100,00;309,78;0,00;0,31
2001.0;10.0;2001-10-01;BRASPINE;SANTO ANTONIO;;;;;106,40;17,75;79,03;10,42;26,25;28,97;100,00;328,56;0,00;43,62
2001.0;10.0;2001-10-01;BRASPINE;SAO JOSE;PR;JANDAIA DO SUL;37,56;37,56;73,77;21,50;71,51;11,99;26,93;32,62;99,84;51,44;0,00;3,45
2001.0;10.0;2001-10-01;BRASPINE;SAO MATHEUS;;;;;76,40;22,67;71,25;12,05;27,32;34,13;99,64;52,22;0,00;3,65
2001.0;10.0;2001-10-01;BRASPINE;SAO PEDRO E SAO PAULO;PR;SAPOPEMA;709,13;323,93;61,02;19,43;74,36;9,37;29,60;29,66;99,73;236,40;0,00;0,52
2001.0;10.0;2001-10-01;BRASPINE;SAO RAFAEL;;;;;91,83;17,60;79,05;7,63;34,61;28,83;99,99;302,95;0,00;7,86
2001.0;10.0;2001-10-01;BRASPINE;SAO RAFAEL - PB;;;;;127,75;17,99;81,38;9,73;27,57;29,54;100,00;293,15;0,00;20,10
2001.0;10.0;2001-10-01;BRASPINE;SERRARIA;PR;DOUTOR ULYSSES;280,88;117,71;106,53;17,85;80,69;10,41;28,26;29,36;100,00;308,76;0,00;0,20
2001.0;10.0;2001-10-01;BRASPINE;SERRO VERDE;;;;;174,26;17,82;77,58;8,05;34,87;28,58;100,00;269,60;0,00;12,81
2001.0;10.0;2001-10-01;BRASPINE;SERTAOZINHO;PR;DOUTOR ULYSSES;16,25;16,25;122,44;17,94;80,53;10,32;28,10;29,41;100,00;309,54;0,00;4,04
2001.0;10.0;2001-10-01;BRASPINE;SITIO BASILIO;PR;JAGUARIAIVA;8,08;8,08;112,17;17,74;78,37;8,76;31,02;28,18;99,75;329,41;0,00;5,93
2001.0;10.0;2001-10-01;BRASPINE;SITIO DAS MARRECAS;PR;DOUTOR ULYSSES;77,49;35,17;110,62;18,49;80,80;11,00;27,69;30,44;100,00;274,49;0,00;3,14
2001.0;10.0;2001-10-01;BRASPINE;SOBRADINHO;SP;BOM SUCESSO DE ITARARE;285,80;123,10;119,37;17,63;80,11;10,00;27,20;28,95;100,00;326,63;0,00;36,61
2001.0;10.0;2001-10-01;BRASPINE;TAQUARAL;PR;JAGUARIAIVA;519,13;31,07;112,72;17,94;78,98;10,21;30,74;28,73;100,00;275,67;0,00;4,58
2001.0;10.0;2001-10-01;BRASPINE;TUCUNDUVA;PR;SENGES;82,21;60,89;92,98;18,52;75,62;9,08;29,03;28,86;99,75;296,25;0,00;2,50
2001.0;10.0;2001-10-01;BRASPINE;TUCUNDUVA - CHAMMA;;;;;92,06;18,55;75,93;10,16;28,20;29,05;99,56;299,40;0,00;0,06
2001.0;10.0;2001-10-01;BRASPINE;VIENA 1;PR;DOUTOR ULYSSES;263,98;178,34;115,16;17,51;80,49;10,06;30,32;28,62;100,00;315,04;0,00;2,22
2001.0;10.0;2001-10-01;BRASPINE;VIENA 2;PR;CERRO AZUL;140,23;96,54;131,22;18,91;78,58;10,76;28,00;30,94;99,97;237,35;0,00;1,08
2001.0;10.0;2001-10-01;BRASPINE;VITORIA;PR;SENGES;50,54;35,69;99,12;17,74;78,74;10,33;27,06;28,70;99,86;329,17;0,00;49,93
2001.0;10.0;2001-10-01;BRASPINE;VIVEIRO;PR;DOUTOR ULYSSES;405,39;261,22;121,21;17,94;80,53;10,32;28,10;29,41;100,00;309,54;0,00;4,04
2001.0;10.0;2001-10-01;BRASPINE;VO LINO;PR;DOUTOR ULYSSES;164,50;97,89;108,16;18,07;80,80;10,62;27,92;29,75;100,00;298,76;0,00;358,43
2001.0;10.0;2001-10-01;BRASPINE;XAXIM VELHO;;;;;164,20;16,96;80,46;6,44;35,36;28,00;100,00;348,64;0,00;0,77
2001.0;11.0;2001-11-01;BRASPINE;AGUA DOCE;PR;JAGUARIAIVA;238,97;121,99;123,73;19,77;82,91;11,97;43,12;28,72;99,84;120,02;0,00;2,21
2001.0;11.0;2001-11-01;BRASPINE;AMATA;;;;;99,05;21,56;80,09;13,01;35,23;31,85;99,99;57,23;0,00;2,08
2001.0;11.0;2001-11-01;BRASPINE;ANTA BRAVA;;;;;127,80;22,31;78,55;13,95;34,82;32,58;99,52;28,91;0,00;23,77
2001.0;11.0;2001-11-01;BRASPINE;ARAPONGAS;PR;SENGES;423,34;263,70;108,18;19,78;84,61;11,51;39,58;29,47;100,00;120,20;0,00;2,60
2001.0;11.0;2001-11-01;BRASPINE;ARROIO CLARO;PR;DOUTOR ULYSSES;275,14;92,00;102,99;19,98;84,32;11,47;37,92;30,03;100,00;122,04;0,00;2,47
2001.0;11.0;2001-11-01;BRASPINE;BARRA GRANDE;PR;DOUTOR ULYSSES;493,79;139,68;100,51;20,28;84,52;11,98;38,09;30,55;100,00;123,61;0,00;2,83
2001.0;11.0;2001-11-01;BRASPINE;BARRA GRANDE - BEMAIS;PR;GUARAPUAVA;299,16;108,61;180,34;19,48;83,76;11,72;38,61;27,42;99,98;92,67;0,00;0,04
2001.0;11.0;2001-11-01;BRASPINE;BARRETOS;PR;JAGUARIAIVA;43,35;32,98;117,52;19,78;84,18;11,92;41,29;29,19;99,94;119,61;0,00;3,54
2001.0;11.0;2001-11-01;BRASPINE;BAU;;;;;187,91;19,50;83,77;12,03;36,58;27,05;99,88;106,90;0,00;5,81
2001.0;11.0;2001-11-01;BRASPINE;BOA VISTA II;PR;PIRAI DO SUL;944,00;535,05;121,78;19,82;83,46;11,87;42,11;29,05;99,91;118,80;0,00;0,55
2001.0;11.0;2001-11-01;BRASPINE;BRASILEIRA;;;;;101,76;19,78;84,61;11,51;39,58;29,47;100,00;120,20;0,00;2,60
2001.0;11.0;2001-11-01;BRASPINE;BURACAO;;;;;104,38;19,94;82,20;11,62;40,16;29,02;99,77;121,40;0,00;0,66
2001.0;11.0;2001-11-01;BRASPINE;BURRINHO;PR;DOUTOR ULYSSES;211,01;100,37;102,63;19,98;84,32;11,47;37,92;30,03;100,00;122,04;0,00;2,47
2001.0;11.0;2001-11-01;BRASPINE;CADEADO I;PR;JAGUARIAIVA;21,07;12,29;112,07;19,60;84,41;11,45;40,99;28,90;100,00;118,69;0,00;2,44
2001.0;11.0;2001-11-01;BRASPINE;CADEADO II;PR;JAGUARIAIVA;21,88;16,79;112,07;19,60;84,41;11,45;40,99;28,90;100,00;118,69;0,00;2,44
2001.0;11.0;2001-11-01;BRASPINE;CAMPINA ALTA;PR;TIBAGI;29,77;18,24;171,94;20,86;82,48;11,89;42,73;28,71;99,90;68,13;0,00;0,21
2001.0;11.0;2001-11-01;BRASPINE;CAMPINA DO ELIAS;PR;JAGUARIAIVA;29,17;14,65;113,81;19,72;84,27;11,75;41,18;29,08;99,96;119,28;0,00;3,17
2001.0;11.0;2001-11-01;BRASPINE;CAMPO NOVO;PR;JAGUARIAIVA;295,98;156,36;111,02;19,60;84,41;11,45;40,99;28,90;100,00;118,69;0,00;2,44
2001.0;11.0;2001-11-01;BRASPINE;CONSULTORIA II A;PR;DOUTOR ULYSSES;89,62;60,79;104,69;19,78;84,61;11,51;39,58;29,47;100,00;120,20;0,00;2,60
2001.0;11.0;2001-11-01;BRASPINE;DINIZ;;;;;104,60;19,78;84,61;11,51;39,58;29,47;100,00;120,20;0,00;2,60
2001.0;11.0;2001-11-01;BRASPINE;ENES;PR;JAGUARIAIVA;5,93;5,69;111,45;19,60;84,41;11,45;40,99;28,90;100,00;118,69;0,00;2,44
2001.0;11.0;2001-11-01;BRASPINE;ENGENHARIA;;;;;104,60;19,78;84,61;11,51;39,58;29,47;100,00;120,20;0,00;2,60
2001.0;11.0;2001-11-01;BRASPINE;ESTACAO;PR;SENGES;4,76;4,14;108,77;19,60;84,41;11,45;40,99;28,90;100,00;118,69;0,00;2,44
2001.0;11.0;2001-11-01;BRASPINE;FAXINAL;PR;JAGUARIAIVA;20,65;20,65;111,45;19,60;84,41;11,45;40,99;28,90;100,00;118,69;0,00;2,44
2001.0;11.0;2001-11-01;BRASPINE;FEITAL;PR;DOUTOR ULYSSES;154,17;86,53;102,66;19,95;84,58;11,67;39,08;29,83;100,00;121,36;0,00;18,64
2001.0;11.0;2001-11-01;BRASPINE;FIGUEIRA;PR;DOUTOR ULYSSES;1053,81;315,71;101,26;19,98;84,32;11,47;37,92;30,03;100,00;122,04;0,00;2,47
2001.0;11.0;2001-11-01;BRASPINE;FIGUEIRINHA;PR;DOUTOR ULYSSES;94,37;56,74;100,46;19,98;84,32;11,47;37,92;30,03;100,00;122,04;0,00;2,47
2001.0;11.0;2001-11-01;BRASPINE;FLOEMA;PR;DOUTOR ULYSSES;2189,88;701,43;107,05;19,48;84,42;10,83;39,37;28,97;100,00;117,93;0,00;0,75
2001.0;11.0;2001-11-01;BRASPINE;FLOEMA I - SUDATI;;;;;108,44;19,78;84,61;11,51;39,58;29,47;100,00;120,20;0,00;2,60
2001.0;11.0;2001-11-01;BRASPINE;FLOEMA II - SUDATI;PR;DOUTOR ULYSSES;453,83;211,13;107,38;19,78;84,61;11,51;39,58;29,47;100,00;120,20;0,00;2,60
2001.0;11.0;2001-11-01;BRASPINE;FLOR DA SERRA;PR;SAO JOSE DA BOA VISTA;209,10;128,72;66,82;21,75;77,30;12,61;39,24;30,92;99,55;26,86;0,00;1,26
2001.0;11.0;2001-11-01;BRASPINE;GENTIL;PR;JAGUARIAIVA;126,77;53,33;124,00;19,56;82,70;11,77;42,20;28,31;99,61;118,67;0,00;0,06
2001.0;11.0;2001-11-01;BRASPINE;GUAIRACA;PR;GUARAPUAVA;623,62;169,31;178,28;19,64;83,36;11,83;39,33;27,79;99,99;79,35;0,00;4,84
2001.0;11.0;2001-11-01;BRASPINE;HERVAL 2 - MADALOSSO;;;;;104,28;19,94;82,20;11,62;40,16;29,02;99,77;121,40;0,00;0,66
2001.0;11.0;2001-11-01;BRASPINE;HERVAL DE BAIXO;PR;RESERVA;827,29;475,92;199,66;20,85;82,69;12,07;42,73;28,73;99,85;83,17;0,00;3,17
2001.0;11.0;2001-11-01;BRASPINE;HORTO 01;PR;TURVO;19,12;19,12;180,22;20,27;83,90;12,58;39,02;27,81;99,83;82,39;0,00;1,96
2001.0;11.0;2001-11-01;BRASPINE;HORTO 02;PR;TURVO;4,24;4,24;180,38;20,27;83,90;12,58;39,02;27,81;99,83;82,39;0,00;1,96
2001.0;11.0;2001-11-01;BRASPINE;HORTO 03;PR;PRUDENTOPOLIS;80,91;25,89;179,97;20,76;82,88;12,86;38,96;28,59;99,96;70,07;0,00;5,43
2001.0;11.0;2001-11-01;BRASPINE;HORTO 08;PR;TURVO;9,53;9,53;177,92;20,76;82,88;12,86;38,96;28,59;99,96;70,07;0,00;5,43
2001.0;11.0;2001-11-01;BRASPINE;HORTO 12;PR;PRUDENTOPOLIS;12,20;12,20;180,16;20,76;82,88;12,86;38,96;28,59;99,96;70,07;0,00;5,43
2001.0;11.0;2001-11-01;BRASPINE;IZAU;PR;PIRAI DO SUL;19,37;11,60;128,55;19,56;83,25;11,76;40,21;28,58;99,62;117,63;0,00;1,92
2001.0;11.0;2001-11-01;BRASPINE;JOAO RICO;PR;JAGUARIAIVA;47,46;26,18;123,03;19,77;82,91;11,97;43,12;28,72;99,84;120,02;0,00;2,21
2001.0;11.0;2001-11-01;BRASPINE;LAGOA;PR;JAGUARIAIVA;24,10;10,78;110,51;19,60;84,41;11,45;40,99;28,90;100,00;118,69;0,00;2,44
2001.0;11.0;2001-11-01;BRASPINE;MARACANA;PR;JANDAIA DO SUL;11,45;11,45;145,56;22,16;82,30;13,94;45,41;30,14;99,99;28,68;0,00;1,24
2001.0;11.0;2001-11-01;BRASPINE;MARRECA;;;;;98,13;19,98;84,32;11,47;37,92;30,03;100,00;122,04;0,00;2,47
2001.0;11.0;2001-11-01;BRASPINE;MARRECA SP;SP;ITAPIRAPUA PAULISTA;675,30;236,19;101,45;20,72;83,77;11,98;36,47;31,31;100,00;96,56;0,00;2,65
2001.0;11.0;2001-11-01;BRASPINE;MARRECAS;;;;;181,04;18,93;84,30;11,30;38,29;26,93;100,00;148,17;0,00;0,59
2001.0;11.0;2001-11-01;BRASPINE;MERCADINHO;;;;;99,43;20,71;82,16;12,08;36,14;30,94;100,00;112,42;0,00;0,14
2001.0;11.0;2001-11-01;BRASPINE;MONTE ALEGRE;;;;;147,46;22,66;81,54;14,40;45,58;30,69;99,98;14,40;0,00;1,29
2001.0;11.0;2001-11-01;BRASPINE;MONTE TABOR II;;;;;106,24;20,05;83,91;11,31;35,15;31,07;100,00;137,69;0,00;2,60
2001.0;11.0;2001-11-01;BRASPINE;MOREIRA;PR;DOUTOR ULYSSES;230,52;68,68;107,38;19,78;84,61;11,51;39,58;29,47;100,00;120,20;0,00;2,60
2001.0;11.0;2001-11-01;BRASPINE;MOREIRAS II;PR;DOUTOR ULYSSES;66,76;28,75;104,28;19,78;84,61;11,51;39,58;29,47;100,00;120,20;0,00;2,60
2001.0;11.0;2001-11-01;BRASPINE;MORRETES;PR;ORTIGUEIRA;20,36;20,36;190,70;21,29;82,62;12,27;43,08;29,45;99,79;54,20;0,00;4,90
2001.0;11.0;2001-11-01;BRASPINE;MORRO AZUL;;;;;88,72;20,01;84,67;11,51;37,52;30,28;100,00;121,03;0,00;12,11
2001.0;11.0;2001-11-01;BRASPINE;OURO FINO;SP;APIAI;51,70;51,70;100,25;19,77;84,88;11,33;35,97;30,43;100,00;149,63;0,00;4,81
2001.0;11.0;2001-11-01;BRASPINE;PALMEIRINHA DE BAIXO - SOSSEGO;PR;SENGES;85,93;9,22;92,56;19,46;83,63;10,72;41,11;28,59;99,88;132,89;0,00;3,27
2001.0;11.0;2001-11-01;BRASPINE;PAZIN;PR;DOUTOR ULYSSES;41,20;23,90;102,23;19,98;84,32;11,47;37,92;30,03;100,00;122,04;0,00;2,47
2001.0;11.0;2001-11-01;BRASPINE;PEDRAS;PR;CASTRO;7,18;7,18;136,08;19,64;83,54;11,31;41,90;28,30;99,75;117,22;0,00;0,96
2001.0;11.0;2001-11-01;BRASPINE;PESCARIA;PR;SAO JOSE DA BOA VISTA;184,57;129,22;73,36;21,92;76,57;12,83;37,53;31,32;99,55;27,42;0,00;1,08
2001.0;11.0;2001-11-01;BRASPINE;PESSEGUEIRO;PR;DOUTOR ULYSSES;109,95;64,79;107,78;19,78;84,61;11,51;39,58;29,47;100,00;120,20;0,00;2,60
2001.0;11.0;2001-11-01;BRASPINE;PITANGA;;;;;174,74;20,23;83,54;12,44;33,89;27,76;99,87;96,81;0,00;0,41
2001.0;11.0;2001-11-01;BRASPINE;QUEIMADINHO ARROIO CLARO;PR;DOUTOR ULYSSES;48,13;19,09;101,76;19,78;84,61;11,51;39,58;29,47;100,00;120,20;0,00;2,60
2001.0;11.0;2001-11-01;BRASPINE;QUEIMADINHO M6042;PR;DOUTOR ULYSSES;48,38;18,50;101,76;19,78;84,61;11,51;39,58;29,47;100,00;120,20;0,00;2,60
2001.0;11.0;2001-11-01;BRASPINE;QUEIMADINHO USUCAPIAO;PR;DOUTOR ULYSSES;200,27;92,43;101,76;19,78;84,61;11,51;39,58;29,47;100,00;120,20;0,00;2,60
2001.0;11.0;2001-11-01;BRASPINE;RAMOS;PR;SENGES;69,83;38,15;108,44;19,60;84,41;11,45;40,99;28,90;100,00;118,69;0,00;2,44
2001.0;11.0;2001-11-01;BRASPINE;RIBEIRAO GRANDE;PR;JAGUARIAIVA;20,77;20,77;131,35;19,56;83,25;11,76;40,21;28,58;99,62;117,63;0,00;1,92
2001.0;11.0;2001-11-01;BRASPINE;RINCAO DE BAIXO;;;;;152,16;20,39;79,83;11,02;39,37;28,51;99,72;95,76;0,00;0,61
2001.0;11.0;2001-11-01;BRASPINE;RIO BOMBA;PR;CERRO AZUL;65,03;37,72;99,70;21,10;80,73;12,19;35,99;31,11;99,97;85,21;0,00;6,03
2001.0;11.0;2001-11-01;BRASPINE;RIO DO MEIO;PR;DOUTOR ULYSSES;712,33;389,13;103,62;19,78;84,61;11,51;39,58;29,47;100,00;120,20;0,00;2,60
2001.0;11.0;2001-11-01;BRASPINE;RONDON;PR;JAGUARIAIVA;2899,24;1475,88;108,47;19,52;83,86;11,26;42,73;28,54;99,89;118,53;0,00;3,79
2001.0;11.0;2001-11-01;BRASPINE;SANTA FELICIDADE;;;;;102,26;21,16;83,23;12,18;35,02;32,18;100,00;83,75;0,00;1,23
2001.0;11.0;2001-11-01;BRASPINE;SANTA LIDIA DO CERCADINHO;;;;;150,77;20,04;79,90;10,70;39,21;28,04;99,67;123,46;0,00;0,05
2001.0;11.0;2001-11-01;BRASPINE;SANTO ANTONIO;;;;;96,53;19,49;83,72;10,42;39,70;28,94;100,00;131,76;0,00;5,17
2001.0;11.0;2001-11-01;BRASPINE;SAO JOSE;PR;JANDAIA DO SUL;37,56;37,56;147,59;22,50;81,71;14,26;45,86;30,50;99,99;14,26;0,00;2,02
2001.0;11.0;2001-11-01;BRASPINE;SAO MATHEUS;;;;;132,14;23,76;81,28;15,10;45,64;32,09;99,95;0,00;0,00;4,32
2001.0;11.0;2001-11-01;BRASPINE;SAO PEDRO E SAO PAULO;PR;SAPOPEMA;709,13;323,93;102,65;20,96;80,90;12,15;43,79;28,86;99,63;54,46;0,00;1,26
2001.0;11.0;2001-11-01;BRASPINE;SAO RAFAEL;;;;;134,02;19,90;80,43;12,58;35,17;29,15;99,64;107,80;0,00;0,16
2001.0;11.0;2001-11-01;BRASPINE;SAO RAFAEL - PB;;;;;93,34;19,87;84,83;11,42;35,97;30,50;100,00;135,57;0,00;327,78
2001.0;11.0;2001-11-01;BRASPINE;SERRARIA;PR;DOUTOR ULYSSES;280,88;117,71;102,90;19,73;84,37;11,15;38,65;29,50;100,00;119,99;0,00;2,45
2001.0;11.0;2001-11-01;BRASPINE;SERRO VERDE;;;;;192,07;19,86;82,73;12,13;36,20;27,55;99,89;108,80;0,00;2,27
2001.0;11.0;2001-11-01;BRASPINE;SERTAOZINHO;PR;DOUTOR ULYSSES;16,25;16,25;106,70;19,78;84,61;11,51;39,58;29,47;100,00;120,20;0,00;2,60
2001.0;11.0;2001-11-01;BRASPINE;SITIO BASILIO;PR;JAGUARIAIVA;8,08;8,08;123,93;19,61;82,59;11,83;43,26;28,33;99,64;119,35;0,00;4,00
2001.0;11.0;2001-11-01;BRASPINE;SITIO DAS MARRECAS;PR;DOUTOR ULYSSES;77,49;35,17;100,60;20,51;83,92;11,83;36,89;30,95;100,00;110,34;0,00;2,60
2001.0;11.0;2001-11-01;BRASPINE;SOBRADINHO;SP;BOM SUCESSO DE ITARARE;285,80;123,10;88,54;19,39;84,45;10,46;38,35;29,12;100,00;145,76;0,00;7,91
2001.0;11.0;2001-11-01;BRASPINE;TAQUARAL;PR;JAGUARIAIVA;519,13;31,07;109,52;19,73;83,59;11,85;43,62;28,77;99,99;119,70;0,00;11,23
2001.0;11.0;2001-11-01;BRASPINE;TUCUNDUVA;PR;SENGES;82,21;60,89;106,77;20,32;79,99;11,26;40,78;29,20;99,54;125,53;0,00;8,74
2001.0;11.0;2001-11-01;BRASPINE;TUCUNDUVA - CHAMMA;;;;;97,55;20,30;80,41;11,35;40,59;29,31;99,56;110,43;0,00;4,07
2001.0;11.0;2001-11-01;BRASPINE;VIENA 1;PR;DOUTOR ULYSSES;263,98;178,34;113,87;19,41;84,33;10,66;41,64;28,53;100,00;116,44;0,00;3,20
2001.0;11.0;2001-11-01;BRASPINE;VIENA 2;PR;CERRO AZUL;140,23;96,54;99,60;21,10;80,73;12,19;35,99;31,11;99,97;85,21;0,00;6,03
2001.0;11.0;2001-11-01;BRASPINE;VITORIA;PR;SENGES;50,54;35,69;92,56;19,46;83,63;10,72;41,11;28,59;99,88;132,89;0,00;3,27
2001.0;11.0;2001-11-01;BRASPINE;VIVEIRO;PR;DOUTOR ULYSSES;405,39;261,22;104,28;19,78;84,61;11,51;39,58;29,47;100,00;120,20;0,00;2,60
2001.0;11.0;2001-11-01;BRASPINE;VO LINO;PR;DOUTOR ULYSSES;164,50;97,89;99,54;19,98;84,32;11,47;37,92;30,03;100,00;122,04;0,00;2,47
2001.0;11.0;2001-11-01;BRASPINE;XAXIM VELHO;;;;;179,10;19,06;84,17;11,37;39,49;27,35;100,00;133,51;0,00;4,82
2001.0;12.0;2001-12-01;BRASPINE;AGUA DOCE;PR;JAGUARIAIVA;238,97;121,99;157,49;19,65;82,29;10,80;41,18;27,51;99,90;118,65;0,00;1,78
2001.0;12.0;2001-12-01;BRASPINE;AMATA;;;;;143,54;21,36;81,28;12,31;35,67;30,08;100,00;56,16;0,00;5,59
2001.0;12.0;2001-12-01;BRASPINE;ANTA BRAVA;;;;;250,82;22,14;80,24;14,00;39,42;30,16;99,35;14,00;0,00;0,10
2001.0;12.0;2001-12-01;BRASPINE;ARAPONGAS;PR;SENGES;423,34;263,70;165,16;19,86;83,62;11,23;37,73;28,22;100,00;121,69;0,00;0,63
2001.0;12.0;2001-12-01;BRASPINE;ARROIO CLARO;PR;DOUTOR ULYSSES;275,14;92,00;149,58;20,03;83,48;11,50;36,83;28,65;100,00;123,62;0,00;0,34
2001.0;12.0;2001-12-01;BRASPINE;BARRA GRANDE;PR;DOUTOR ULYSSES;493,79;139,68;169,63;20,39;83,66;11,78;36,88;28,92;100,00;111,42;0,00;5,03
2001.0;12.0;2001-12-01;BRASPINE;BARRA GRANDE - BEMAIS;PR;GUARAPUAVA;299,16;108,61;147,89;18,91;82,00;8,87;41,57;26,44;99,98;165,94;0,00;0,22
2001.0;12.0;2001-12-01;BRASPINE;BARRETOS;PR;JAGUARIAIVA;43,35;32,98;156,84;19,78;83,29;11,71;39,56;28,24;100,00;119,83;0,00;1,08
2001.0;12.0;2001-12-01;BRASPINE;BAU;;;;;128,70;18,91;81,59;8,15;45,45;26,30;99,84;167,11;0,00;0,40
2001.0;12.0;2001-12-01;BRASPINE;BOA VISTA II;PR;PIRAI DO SUL;944,00;535,05;149,80;19,75;82,63;11,08;40,22;27,99;100,00;118,24;0,00;0,69
2001.0;12.0;2001-12-01;BRASPINE;BRASILEIRA;;;;;157,27;19,86;83,62;11,23;37,73;28,22;100,00;121,69;0,00;0,63
2001.0;12.0;2001-12-01;BRASPINE;BURACAO;;;;;137,59;19,71;81,80;10,36;38,53;27,95;99,87;133,72;0,00;4,62
2001.0;12.0;2001-12-01;BRASPINE;BURRINHO;PR;DOUTOR ULYSSES;211,01;100,37;149,73;20,03;83,48;11,50;36,83;28,65;100,00;123,62;0,00;0,34
2001.0;12.0;2001-12-01;BRASPINE;CADEADO I;PR;JAGUARIAIVA;21,07;12,29;157,89;19,65;83,44;11,15;38,58;28,00;100,00;134,15;0,00;1,05
2001.0;12.0;2001-12-01;BRASPINE;CADEADO II;PR;JAGUARIAIVA;21,88;16,79;157,89;19,65;83,44;11,15;38,58;28,00;100,00;134,15;0,00;1,05
2001.0;12.0;2001-12-01;BRASPINE;CAMPINA ALTA;PR;TIBAGI;29,77;18,24;155,13;20,33;81,64;9,62;40,62;28,13;99,98;93,52;0,00;12,03
2001.0;12.0;2001-12-01;BRASPINE;CAMPINA DO ELIAS;PR;JAGUARIAIVA;29,17;14,65;153,95;19,73;83,34;11,51;39,20;28,15;100,00;134,61;0,00;0,09
2001.0;12.0;2001-12-01;BRASPINE;CAMPO NOVO;PR;JAGUARIAIVA;295,98;156,36;162,63;19,65;83,44;11,15;38,58;28,00;100,00;134,15;0,00;1,05
2001.0;12.0;2001-12-01;BRASPINE;CONSULTORIA II A;PR;DOUTOR ULYSSES;89,62;60,79;161,17;19,86;83,62;11,23;37,73;28,22;100,00;121,69;0,00;0,63
2001.0;12.0;2001-12-01;BRASPINE;DINIZ;;;;;166,99;19,86;83,62;11,23;37,73;28,22;100,00;121,69;0,00;0,63
2001.0;12.0;2001-12-01;BRASPINE;ENES;PR;JAGUARIAIVA;5,93;5,69;162,20;19,65;83,44;11,15;38,58;28,00;100,00;134,15;0,00;1,05
2001.0;12.0;2001-12-01;BRASPINE;ENGENHARIA;;;;;166,99;19,86;83,62;11,23;37,73;28,22;100,00;121,69;0,00;0,63
2001.0;12.0;2001-12-01;BRASPINE;ESTACAO;PR;SENGES;4,76;4,14;158,46;19,65;83,44;11,15;38,58;28,00;100,00;134,15;0,00;1,05
2001.0;12.0;2001-12-01;BRASPINE;FAXINAL;PR;JAGUARIAIVA;20,65;20,65;162,20;19,65;83,44;11,15;38,58;28,00;100,00;134,15;0,00;1,05
2001.0;12.0;2001-12-01;BRASPINE;FEITAL;PR;DOUTOR ULYSSES;154,17;86,53;151,43;20,03;83,63;11,41;37,45;28,45;100,00;123,27;0,00;0,35
2001.0;12.0;2001-12-01;BRASPINE;FIGUEIRA;PR;DOUTOR ULYSSES;1053,81;315,71;146,60;20,03;83,48;11,50;36,83;28,65;100,00;123,62;0,00;0,34
2001.0;12.0;2001-12-01;BRASPINE;FIGUEIRINHA;PR;DOUTOR ULYSSES;94,37;56,74;149,54;20,03;83,48;11,50;36,83;28,65;100,00;123,62;0,00;0,34
2001.0;12.0;2001-12-01;BRASPINE;FLOEMA;PR;DOUTOR ULYSSES;2189,88;701,43;149,87;19,49;83,49;10,60;37,80;27,96;100,00;133,13;0,00;2,11
2001.0;12.0;2001-12-01;BRASPINE;FLOEMA I - SUDATI;;;;;160,80;19,86;83,62;11,23;37,73;28,22;100,00;121,69;0,00;0,63
2001.0;12.0;2001-12-01;BRASPINE;FLOEMA II - SUDATI;PR;DOUTOR ULYSSES;453,83;211,13;161,37;19,86;83,62;11,23;37,73;28,22;100,00;121,69;0,00;0,63
2001.0;12.0;2001-12-01;BRASPINE;FLOR DA SERRA;PR;SAO JOSE DA BOA VISTA;209,10;128,72;191,23;21,49;78,28;11,77;38,78;29,28;99,80;55,57;0,00;3,34
2001.0;12.0;2001-12-01;BRASPINE;GENTIL;PR;JAGUARIAIVA;126,77;53,33;147,82;19,37;82,16;10,48;42,54;27,10;99,66;131,00;0,00;2,01
2001.0;12.0;2001-12-01;BRASPINE;GUAIRACA;PR;GUARAPUAVA;623,62;169,31;147,31;19,06;81,96;8,41;41,75;26,58;100,00;166,14;0,00;2,23
2001.0;12.0;2001-12-01;BRASPINE;HERVAL 2 - MADALOSSO;;;;;132,56;19,71;81,80;10,36;38,53;27,95;99,87;133,72;0,00;4,62
2001.0;12.0;2001-12-01;BRASPINE;HERVAL DE BAIXO;PR;RESERVA;827,29;475,92;152,33;20,30;81,79;9,49;41,48;28,06;99,94;136,89;0,00;0,60
2001.0;12.0;2001-12-01;BRASPINE;HORTO 01;PR;TURVO;19,12;19,12;155,43;19,65;82,18;9,02;47,20;26,96;99,83;156,87;0,00;0,48
2001.0;12.0;2001-12-01;BRASPINE;HORTO 02;PR;TURVO;4,24;4,24;153,88;19,65;82,18;9,02;47,20;26,96;99,83;156,87;0,00;0,48
2001.0;12.0;2001-12-01;BRASPINE;HORTO 03;PR;PRUDENTOPOLIS;80,91;25,89;158,89;20,14;81,42;9,12;43,54;27,64;99,89;102,56;0,00;1,26
2001.0;12.0;2001-12-01;BRASPINE;HORTO 08;PR;TURVO;9,53;9,53;160,01;20,14;81,42;9,12;43,54;27,64;99,89;102,56;0,00;1,26
2001.0;12.0;2001-12-01;BRASPINE;HORTO 12;PR;PRUDENTOPOLIS;12,20;12,20;158,21;20,14;81,42;9,12;43,54;27,64;99,89;102,56;0,00;1,26
2001.0;12.0;2001-12-01;BRASPINE;IZAU;PR;PIRAI DO SUL;19,37;11,60;158,75;19,41;82,43;11,01;41,68;27,48;99,65;130,44;0,00;0,75
2001.0;12.0;2001-12-01;BRASPINE;JOAO RICO;PR;JAGUARIAIVA;47,46;26,18;152,20;19,65;82,29;10,80;41,18;27,51;99,90;118,65;0,00;1,78
2001.0;12.0;2001-12-01;BRASPINE;LAGOA;PR;JAGUARIAIVA;24,10;10,78;154,22;19,65;83,44;11,15;38,58;28,00;100,00;134,15;0,00;1,05
2001.0;12.0;2001-12-01;BRASPINE;MARACANA;PR;JANDAIA DO SUL;11,45;11,45;180,44;21,71;80,42;12,37;42,32;29,06;99,94;26,39;0,00;0,78
2001.0;12.0;2001-12-01;BRASPINE;MARRECA;;;;;151,30;20,03;83,48;11,50;36,83;28,65;100,00;123,62;0,00;0,34
2001.0;12.0;2001-12-01;BRASPINE;MARRECA SP;SP;ITAPIRAPUA PAULISTA;675,30;236,19;149,70;20,80;83,21;12,07;36,01;29,54;100,00;83,75;0,00;1,17
2001.0;12.0;2001-12-01;BRASPINE;MARRECAS;;;;;143,59;18,38;82,35;7,97;41,51;25,91;100,00;203,58;0,00;0,27
2001.0;12.0;2001-12-01;BRASPINE;MERCADINHO;;;;;150,29;20,63;82,37;11,62;37,40;29,32;100,00;82,67;0,00;1,85
2001.0;12.0;2001-12-01;BRASPINE;MONTE ALEGRE;;;;;173,57;22,21;79,58;12,66;41,70;29,58;99,79;27,22;0,00;11,21
2001.0;12.0;2001-12-01;BRASPINE;MONTE TABOR II;;;;;178,68;20,09;84,38;10,16;35,12;28,27;100,00;62,88;0,00;3,31
2001.0;12.0;2001-12-01;BRASPINE;MOREIRA;PR;DOUTOR ULYSSES;230,52;68,68;161,37;19,86;83,62;11,23;37,73;28,22;100,00;121,69;0,00;0,63
2001.0;12.0;2001-12-01;BRASPINE;MOREIRAS II;PR;DOUTOR ULYSSES;66,76;28,75;161,15;19,86;83,62;11,23;37,73;28,22;100,00;121,69;0,00;0,63
2001.0;12.0;2001-12-01;BRASPINE;MORRETES;PR;ORTIGUEIRA;20,36;20,36;156,37;20,76;81,67;9,95;42,89;28,62;99,94;79,05;0,00;0,64
2001.0;12.0;2001-12-01;BRASPINE;MORRO AZUL;;;;;180,94;20,14;83,88;11,67;36,03;28,33;100,00;124,69;0,00;6,74
2001.0;12.0;2001-12-01;BRASPINE;OURO FINO;SP;APIAI;51,70;51,70;211,73;19,90;84,73;10,79;35,81;28,07;100,00;107,73;0,00;14,87
2001.0;12.0;2001-12-01;BRASPINE;PALMEIRINHA DE BAIXO - SOSSEGO;PR;SENGES;85,93;9,22;193,94;19,50;82,85;11,35;38,77;27,11;99,87;119,13;0,00;31,52
2001.0;12.0;2001-12-01;BRASPINE;PAZIN;PR;DOUTOR ULYSSES;41,20;23,90;148,37;20,03;83,48;11,50;36,83;28,65;100,00;123,62;0,00;0,34
2001.0;12.0;2001-12-01;BRASPINE;PEDRAS;PR;CASTRO;7,18;7,18;153,72;19,45;82,70;11,04;43,33;27,32;99,80;130,51;0,00;1,45
2001.0;12.0;2001-12-01;BRASPINE;PESCARIA;PR;SAO JOSE DA BOA VISTA;184,57;129,22;184,73;21,68;77,82;12,55;37,56;29,69;99,74;56,97;0,00;0,66
2001.0;12.0;2001-12-01;BRASPINE;PESSEGUEIRO;PR;DOUTOR ULYSSES;109,95;64,79;153,00;19,86;83,62;11,23;37,73;28,22;100,00;121,69;0,00;0,63
2001.0;12.0;2001-12-01;BRASPINE;PITANGA;;;;;131,84;19,60;81,35;9,43;44,79;27,17;99,80;157,82;0,00;1,12
2001.0;12.0;2001-12-01;BRASPINE;QUEIMADINHO ARROIO CLARO;PR;DOUTOR ULYSSES;48,13;19,09;157,27;19,86;83,62;11,23;37,73;28,22;100,00;121,69;0,00;0,63
2001.0;12.0;2001-12-01;BRASPINE;QUEIMADINHO M6042;PR;DOUTOR ULYSSES;48,38;18,50;157,27;19,86;83,62;11,23;37,73;28,22;100,00;121,69;0,00;0,63
2001.0;12.0;2001-12-01;BRASPINE;QUEIMADINHO USUCAPIAO;PR;DOUTOR ULYSSES;200,27;92,43;157,27;19,86;83,62;11,23;37,73;28,22;100,00;121,69;0,00;0,63
2001.0;12.0;2001-12-01;BRASPINE;RAMOS;PR;SENGES;69,83;38,15;160,80;19,65;83,44;11,15;38,58;28,00;100,00;134,15;0,00;1,05
2001.0;12.0;2001-12-01;BRASPINE;RIBEIRAO GRANDE;PR;JAGUARIAIVA;20,77;20,77;160,64;19,41;82,43;11,01;41,68;27,48;99,65;130,44;0,00;0,75
2001.0;12.0;2001-12-01;BRASPINE;RINCAO DE BAIXO;;;;;147,21;19,87;80,05;10,11;41,40;27,13;99,70;120,86;0,00;6,54
2001.0;12.0;2001-12-01;BRASPINE;RIO BOMBA;PR;CERRO AZUL;65,03;37,72;140,35;20,91;81,56;11,36;36,11;29,60;100,00;53,81;0,00;7,80
2001.0;12.0;2001-12-01;BRASPINE;RIO DO MEIO;PR;DOUTOR ULYSSES;712,33;389,13;160,12;19,86;83,62;11,23;37,73;28,22;100,00;121,69;0,00;0,63
2001.0;12.0;2001-12-01;BRASPINE;RONDON;PR;JAGUARIAIVA;2899,24;1475,88;174,14;19,52;83,01;11,10;39,48;27,35;99,91;133,59;0,00;0,96
2001.0;12.0;2001-12-01;BRASPINE;SANTA FELICIDADE;;;;;155,70;21,25;82,97;12,30;35,41;30,18;100,00;55,96;0,00;1,59
2001.0;12.0;2001-12-01;BRASPINE;SANTA LIDIA DO CERCADINHO;;;;;149,74;19,53;80,15;9,78;41,64;26,64;99,63;118,04;0,00;5,75
2001.0;12.0;2001-12-01;BRASPINE;SANTO ANTONIO;;;;;189,62;19,57;82,98;10,99;37,56;27,47;100,00;119,39;0,00;20,88
2001.0;12.0;2001-12-01;BRASPINE;SAO JOSE;PR;JANDAIA DO SUL;37,56;37,56;175,40;22,05;79,73;12,56;41,72;29,38;99,86;26,94;0,00;0,75
2001.0;12.0;2001-12-01;BRASPINE;SAO MATHEUS;;;;;163,55;23,32;79,29;12,73;40,87;30,95;99,71;12,73;0,00;6,69
2001.0;12.0;2001-12-01;BRASPINE;SAO PEDRO E SAO PAULO;PR;SAPOPEMA;709,13;323,93;207,50;20,61;80,18;10,88;41,83;28,27;99,72;67,26;0,00;0,02
2001.0;12.0;2001-12-01;BRASPINE;SAO RAFAEL;;;;;129,16;19,61;80,48;11,30;40,21;27,20;99,66;134,16;0,00;2,33
2001.0;12.0;2001-12-01;BRASPINE;SAO RAFAEL - PB;;;;;174,84;20,01;84,49;11,11;35,65;28,19;100,00;108,79;0,00;17,52
2001.0;12.0;2001-12-01;BRASPINE;SERRARIA;PR;DOUTOR ULYSSES;280,88;117,71;149,04;19,76;83,49;11,05;37,31;28,30;100,00;120,98;0,00;1,23
2001.0;12.0;2001-12-01;BRASPINE;SERRO VERDE;;;;;126,16;19,20;80,75;8,29;44,42;26,75;99,78;169,34;0,00;1,04
2001.0;12.0;2001-12-01;BRASPINE;SERTAOZINHO;PR;DOUTOR ULYSSES;16,25;16,25;172,82;19,86;83,62;11,23;37,73;28,22;100,00;121,69;0,00;0,63
2001.0;12.0;2001-12-01;BRASPINE;SITIO BASILIO;PR;JAGUARIAIVA;8,08;8,08;157,39;19,43;82,11;10,40;42,37;27,09;99,74;116,94;0,00;0,52
2001.0;12.0;2001-12-01;BRASPINE;SITIO DAS MARRECAS;PR;DOUTOR ULYSSES;77,49;35,17;148,63;20,58;83,29;11,91;36,24;29,28;100,00;82,59;0,00;15,44
2001.0;12.0;2001-12-01;BRASPINE;SOBRADINHO;SP;BOM SUCESSO DE ITARARE;285,80;123,10;198,37;19,51;83,80;10,88;36,73;27,31;100,00;119,67;0,00;12,14
2001.0;12.0;2001-12-01;BRASPINE;TAQUARAL;PR;JAGUARIAIVA;519,13;31,07;168,26;19,68;82,86;11,02;40,33;27,60;100,00;119,25;0,00;0,21
2001.0;12.0;2001-12-01;BRASPINE;TUCUNDUVA;PR;SENGES;82,21;60,89;182,71;20,16;80,23;10,71;39,21;27,72;99,44;94,22;0,00;0,26
2001.0;12.0;2001-12-01;BRASPINE;TUCUNDUVA - CHAMMA;;;;;190,44;20,19;80,55;11,53;38,72;27,79;99,48;95,15;0,00;6,44
2001.0;12.0;2001-12-01;BRASPINE;VIENA 1;PR;DOUTOR ULYSSES;263,98;178,34;146,74;19,38;83,37;10,50;39,77;27,65;100,00;131,17;0,00;0,15
2001.0;12.0;2001-12-01;BRASPINE;VIENA 2;PR;CERRO AZUL;140,23;96,54;140,15;20,91;81,56;11,36;36,11;29,60;100,00;53,81;0,00;7,80
2001.0;12.0;2001-12-01;BRASPINE;VITORIA;PR;SENGES;50,54;35,69;193,94;19,50;82,85;11,35;38,77;27,11;99,87;119,13;0,00;31,52
2001.0;12.0;2001-12-01;BRASPINE;VIVEIRO;PR;DOUTOR ULYSSES;405,39;261,22;161,15;19,86;83,62;11,23;37,73;28,22;100,00;121,69;0,00;0,63
2001.0;12.0;2001-12-01;BRASPINE;VO LINO;PR;DOUTOR ULYSSES;164,50;97,89;151,01;20,03;83,48;11,50;36,83;28,65;100,00;123,62;0,00;0,34
2001.0;12.0;2001-12-01;BRASPINE;XAXIM VELHO;;;;;139,82;18,58;82,22;9,44;43,27;26,39;100,00;177,06;0,00;3,88
