ANO;MES;DATA;EMPRESA;FAZENDA;UF;MUNICIPIO;AREA_T;AREA_PRODU;PRECIP_CHIRPS_MM;TEMP_MEDIA_C;UMID_MEDIA_PCT;TEMP_MIN_C;UMID_MIN_PCT;TEMP_MAX_C;UMID_MAX_PCT;NOITES_FRIAS_Eucalipto_<15C;NOITES_FRIAS_Pinus_<5C;DIRECAO_VENTO_GRAUS
2019.0;1.0;2019-01-01;BRASPINE;AGUA DOCE;PR;JAGUARIAIVA;238,97;121,99;252,75;23,00;80,57;16,58;38,50;30,63;99,84;0,00;0,00;2,56
2019.0;1.0;2019-01-01;BRASPINE;AMATA;;;;;263,90;24,84;80,03;18,11;32,92;34,20;99,99;0,00;0,00;1,68
2019.0;1.0;2019-01-01;BRASPINE;ANTA BRAVA;;;;;212,87;25,72;76,14;19,24;33,74;33,94;97,44;0,00;0,00;0,71
2019.0;1.0;2019-01-01;BRASPINE;ARAPONGAS;PR;SENGES;423,34;263,70;258,75;23,07;82,96;16,72;35,49;31,37;100,00;0,00;0,00;1,99
2019.0;1.0;2019-01-01;BRASPINE;ARROIO CLARO;PR;DOUTOR ULYSSES;275,14;92,00;248,61;23,26;83,05;16,87;34,55;31,79;100,00;0,00;0,00;6,03
2019.0;1.0;2019-01-01;BRASPINE;BARRA GRANDE;PR;DOUTOR ULYSSES;493,79;139,68;253,46;23,65;83,17;17,10;35,21;32,35;100,00;0,00;0,00;1,61
2019.0;1.0;2019-01-01;BRASPINE;BARRA GRANDE - BEMAIS;PR;GUARAPUAVA;299,16;108,61;214,47;21,95;84,29;16,28;43,56;29,70;99,99;0,00;0,00;13,74
2019.0;1.0;2019-01-01;BRASPINE;BARRETOS;PR;JAGUARIAIVA;43,35;32,98;267,54;23,11;82,07;16,49;36,08;31,17;99,97;0,00;0,00;0,98
2019.0;1.0;2019-01-01;BRASPINE;BAU;;;;;207,54;21,90;84,44;17,04;48,13;28,64;99,66;0,00;0,00;27,47
2019.0;1.0;2019-01-01;BRASPINE;BOA VISTA II;PR;PIRAI DO SUL;944,00;535,05;253,54;23,15;81,17;16,81;37,68;31,00;99,96;0,00;0,00;0,32
2019.0;1.0;2019-01-01;BRASPINE;BRASILEIRA;;;;;250,13;23,07;82,96;16,72;35,49;31,37;100,00;0,00;0,00;1,99
2019.0;1.0;2019-01-01;BRASPINE;BURACAO;;;;;238,71;22,95;81,53;16,28;38,97;30,88;99,87;0,00;0,00;12,60
2019.0;1.0;2019-01-01;BRASPINE;BURRINHO;PR;DOUTOR ULYSSES;211,01;100,37;248,35;23,26;83,05;16,87;34,55;31,79;100,00;0,00;0,00;6,03
2019.0;1.0;2019-01-01;BRASPINE;CADEADO I;PR;JAGUARIAIVA;21,07;12,29;256,72;22,85;82,61;16,08;35,84;30,94;100,00;0,00;0,00;3,79
2019.0;1.0;2019-01-01;BRASPINE;CADEADO II;PR;JAGUARIAIVA;21,88;16,79;256,72;22,85;82,61;16,08;35,84;30,94;100,00;0,00;0,00;3,79
2019.0;1.0;2019-01-01;BRASPINE;CAMPINA ALTA;PR;TIBAGI;29,77;18,24;158,13;23,55;81,85;17,48;39,26;31,80;99,90;0,00;0,00;9,48
2019.0;1.0;2019-01-01;BRASPINE;CAMPINA DO ELIAS;PR;JAGUARIAIVA;29,17;14,65;258,21;23,02;82,27;16,34;35,99;31,07;99,98;0,00;0,00;1,99
2019.0;1.0;2019-01-01;BRASPINE;CAMPO NOVO;PR;JAGUARIAIVA;295,98;156,36;266,94;22,85;82,61;16,08;35,84;30,94;100,00;0,00;0,00;3,79
2019.0;1.0;2019-01-01;BRASPINE;CONSULTORIA II A;PR;DOUTOR ULYSSES;89,62;60,79;239,94;23,07;82,96;16,72;35,49;31,37;100,00;0,00;0,00;1,99
2019.0;1.0;2019-01-01;BRASPINE;DINIZ;;;;;243,00;23,07;82,96;16,72;35,49;31,37;100,00;0,00;0,00;1,99
2019.0;1.0;2019-01-01;BRASPINE;ENES;PR;JAGUARIAIVA;5,93;5,69;267,89;22,85;82,61;16,08;35,84;30,94;100,00;0,00;0,00;3,79
2019.0;1.0;2019-01-01;BRASPINE;ENGENHARIA;;;;;243,00;23,07;82,96;16,72;35,49;31,37;100,00;0,00;0,00;1,99
2019.0;1.0;2019-01-01;BRASPINE;ESTACAO;PR;SENGES;4,76;4,14;239,55;22,85;82,61;16,08;35,84;30,94;100,00;0,00;0,00;3,79
2019.0;1.0;2019-01-01;BRASPINE;FAXINAL;PR;JAGUARIAIVA;20,65;20,65;267,89;22,85;82,61;16,08;35,84;30,94;100,00;0,00;0,00;3,79
2019.0;1.0;2019-01-01;BRASPINE;FEITAL;PR;DOUTOR ULYSSES;154,17;86,53;248,33;23,26;83,03;16,85;35,40;31,70;100,00;0,00;0,00;0,32
2019.0;1.0;2019-01-01;BRASPINE;FIGUEIRA;PR;DOUTOR ULYSSES;1053,81;315,71;245,90;23,26;83,05;16,87;34,55;31,79;100,00;0,00;0,00;6,03
2019.0;1.0;2019-01-01;BRASPINE;FIGUEIRINHA;PR;DOUTOR ULYSSES;94,37;56,74;256,14;23,26;83,05;16,87;34,55;31,79;100,00;0,00;0,00;6,03
2019.0;1.0;2019-01-01;BRASPINE;FLOEMA;PR;DOUTOR ULYSSES;2189,88;701,43;255,57;22,68;82,93;15,96;35,13;30,83;100,00;0,00;0,00;5,30
2019.0;1.0;2019-01-01;BRASPINE;FLOEMA I - SUDATI;;;;;237,47;23,07;82,96;16,72;35,49;31,37;100,00;0,00;0,00;1,99
2019.0;1.0;2019-01-01;BRASPINE;FLOEMA II - SUDATI;PR;DOUTOR ULYSSES;453,83;211,13;241,96;23,07;82,96;16,72;35,49;31,37;100,00;0,00;0,00;1,99
2019.0;1.0;2019-01-01;BRASPINE;FLOR DA SERRA;PR;SAO JOSE DA BOA VISTA;209,10;128,72;189,91;24,90;75,12;18,68;35,95;32,84;98,51;0,00;0,00;0,01
2019.0;1.0;2019-01-01;BRASPINE;GENTIL;PR;JAGUARIAIVA;126,77;53,33;252,23;22,70;80,38;16,19;38,23;30,18;99,74;0,00;0,00;6,32
2019.0;1.0;2019-01-01;BRASPINE;GUAIRACA;PR;GUARAPUAVA;623,62;169,31;204,57;22,18;83,85;16,25;43,35;30,00;99,98;0,00;0,00;21,28
2019.0;1.0;2019-01-01;BRASPINE;HERVAL 2 - MADALOSSO;;;;;239,81;22,95;81,53;16,28;38,97;30,88;99,87;0,00;0,00;12,60
2019.0;1.0;2019-01-01;BRASPINE;HERVAL DE BAIXO;PR;RESERVA;827,29;475,92;164,89;23,49;82,50;17,53;39,37;31,66;99,84;0,00;0,00;2,79
2019.0;1.0;2019-01-01;BRASPINE;HORTO 01;PR;TURVO;19,12;19,12;208,95;22,67;84,37;16,87;46,08;30,16;99,81;0,00;0,00;5,52
2019.0;1.0;2019-01-01;BRASPINE;HORTO 02;PR;TURVO;4,24;4,24;210,82;22,67;84,37;16,87;46,08;30,16;99,81;0,00;0,00;5,52
2019.0;1.0;2019-01-01;BRASPINE;HORTO 03;PR;PRUDENTOPOLIS;80,91;25,89;197,82;23,27;83,02;17,28;42,53;31,28;99,94;0,00;0,00;3,49
2019.0;1.0;2019-01-01;BRASPINE;HORTO 08;PR;TURVO;9,53;9,53;213,73;23,27;83,02;17,28;42,53;31,28;99,94;0,00;0,00;3,49
2019.0;1.0;2019-01-01;BRASPINE;HORTO 12;PR;PRUDENTOPOLIS;12,20;12,20;190,10;23,27;83,02;17,28;42,53;31,28;99,94;0,00;0,00;3,49
2019.0;1.0;2019-01-01;BRASPINE;IZAU;PR;PIRAI DO SUL;19,37;11,60;253,92;22,78;80,65;16,29;36,96;30,39;99,74;0,00;0,00;0,79
2019.0;1.0;2019-01-01;BRASPINE;JOAO RICO;PR;JAGUARIAIVA;47,46;26,18;254,53;23,00;80,57;16,58;38,50;30,63;99,84;0,00;0,00;2,56
2019.0;1.0;2019-01-01;BRASPINE;LAGOA;PR;JAGUARIAIVA;24,10;10,78;252,23;22,85;82,61;16,08;35,84;30,94;100,00;0,00;0,00;3,79
2019.0;1.0;2019-01-01;BRASPINE;MARACANA;PR;JANDAIA DO SUL;11,45;11,45;94,11;24,90;80,43;19,85;40,04;32,77;99,86;0,00;0,00;1,06
2019.0;1.0;2019-01-01;BRASPINE;MARRECA;;;;;246,12;23,26;83,05;16,87;34,55;31,79;100,00;0,00;0,00;6,03
2019.0;1.0;2019-01-01;BRASPINE;MARRECA SP;SP;ITAPIRAPUA PAULISTA;675,30;236,19;272,40;24,08;83,02;17,39;34,47;33,08;100,00;0,00;0,00;2,46
2019.0;1.0;2019-01-01;BRASPINE;MARRECAS;;;;;206,00;21,38;85,02;15,72;44,77;28,81;100,00;0,00;0,00;1,84
2019.0;1.0;2019-01-01;BRASPINE;MERCADINHO;;;;;255,44;23,95;81,70;17,38;32,92;32,91;100,00;0,00;0,00;3,26
2019.0;1.0;2019-01-01;BRASPINE;MONTE ALEGRE;;;;;102,57;25,59;77,98;20,48;37,36;33,68;99,80;0,00;0,00;0,51
2019.0;1.0;2019-01-01;BRASPINE;MONTE TABOR II;;;;;240,95;23,21;83,97;17,24;37,40;31,84;100,00;0,00;0,00;0,55
2019.0;1.0;2019-01-01;BRASPINE;MOREIRA;PR;DOUTOR ULYSSES;230,52;68,68;241,96;23,07;82,96;16,72;35,49;31,37;100,00;0,00;0,00;1,99
2019.0;1.0;2019-01-01;BRASPINE;MOREIRAS II;PR;DOUTOR ULYSSES;66,76;28,75;239,67;23,07;82,96;16,72;35,49;31,37;100,00;0,00;0,00;1,99
2019.0;1.0;2019-01-01;BRASPINE;MORRETES;PR;ORTIGUEIRA;20,36;20,36;168,71;23,99;82,27;18,04;38,20;32,27;99,86;0,00;0,00;5,59
2019.0;1.0;2019-01-01;BRASPINE;MORRO AZUL;;;;;247,75;23,41;82,84;17,11;35,45;32,29;100,00;0,00;0,00;5,13
2019.0;1.0;2019-01-01;BRASPINE;OURO FINO;SP;APIAI;51,70;51,70;253,79;23,07;83,75;17,14;36,53;31,78;100,00;0,00;0,00;334,86
2019.0;1.0;2019-01-01;BRASPINE;PALMEIRINHA DE BAIXO - SOSSEGO;PR;SENGES;85,93;9,22;234,99;22,72;80,81;16,64;36,35;30,63;99,81;0,00;0,00;7,29
2019.0;1.0;2019-01-01;BRASPINE;PAZIN;PR;DOUTOR ULYSSES;41,20;23,90;250,82;23,26;83,05;16,87;34,55;31,79;100,00;0,00;0,00;6,03
2019.0;1.0;2019-01-01;BRASPINE;PEDRAS;PR;CASTRO;7,18;7,18;219,39;22,84;81,37;16,56;39,61;30,40;99,70;0,00;0,00;0,45
2019.0;1.0;2019-01-01;BRASPINE;PESCARIA;PR;SAO JOSE DA BOA VISTA;184,57;129,22;199,88;25,22;74,04;18,59;32,91;33,51;98,94;0,00;0,00;0,24
2019.0;1.0;2019-01-01;BRASPINE;PESSEGUEIRO;PR;DOUTOR ULYSSES;109,95;64,79;237,42;23,07;82,96;16,72;35,49;31,37;100,00;0,00;0,00;1,99
2019.0;1.0;2019-01-01;BRASPINE;PITANGA;;;;;218,02;22,67;83,10;17,66;44,28;29,61;99,78;0,00;0,00;7,11
2019.0;1.0;2019-01-01;BRASPINE;QUEIMADINHO ARROIO CLARO;PR;DOUTOR ULYSSES;48,13;19,09;250,13;23,07;82,96;16,72;35,49;31,37;100,00;0,00;0,00;1,99
2019.0;1.0;2019-01-01;BRASPINE;QUEIMADINHO M6042;PR;DOUTOR ULYSSES;48,38;18,50;250,13;23,07;82,96;16,72;35,49;31,37;100,00;0,00;0,00;1,99
2019.0;1.0;2019-01-01;BRASPINE;QUEIMADINHO USUCAPIAO;PR;DOUTOR ULYSSES;200,27;92,43;250,13;23,07;82,96;16,72;35,49;31,37;100,00;0,00;0,00;1,99
2019.0;1.0;2019-01-01;BRASPINE;RAMOS;PR;SENGES;69,83;38,15;237,47;22,85;82,61;16,08;35,84;30,94;100,00;0,00;0,00;3,79
2019.0;1.0;2019-01-01;BRASPINE;RIBEIRAO GRANDE;PR;JAGUARIAIVA;20,77;20,77;248,01;22,78;80,65;16,29;36,96;30,39;99,74;0,00;0,00;0,79
2019.0;1.0;2019-01-01;BRASPINE;RINCAO DE BAIXO;;;;;167,44;23,16;78,73;16,52;35,93;31,01;99,49;0,00;0,00;3,82
2019.0;1.0;2019-01-01;BRASPINE;RIO BOMBA;PR;CERRO AZUL;65,03;37,72;255,61;24,29;80,62;17,64;33,28;33,25;99,99;0,00;0,00;2,78
2019.0;1.0;2019-01-01;BRASPINE;RIO DO MEIO;PR;DOUTOR ULYSSES;712,33;389,13;242,47;23,07;82,96;16,72;35,49;31,37;100,00;0,00;0,00;1,99
2019.0;1.0;2019-01-01;BRASPINE;RONDON;PR;JAGUARIAIVA;2899,24;1475,88;241,81;22,74;81,41;16,41;37,45;30,38;99,87;0,00;0,00;0,01
2019.0;1.0;2019-01-01;BRASPINE;SANTA FELICIDADE;;;;;258,11;24,54;82,87;17,48;34,17;33,88;100,00;0,00;0,00;4,42
2019.0;1.0;2019-01-01;BRASPINE;SANTA LIDIA DO CERCADINHO;;;;;165,33;22,78;78,86;16,23;36,43;30,38;99,45;0,00;0,00;3,55
2019.0;1.0;2019-01-01;BRASPINE;SANTO ANTONIO;;;;;243,03;22,82;80,97;16,82;36,03;31,15;100,00;0,00;0,00;1,64
2019.0;1.0;2019-01-01;BRASPINE;SAO JOSE;PR;JANDAIA DO SUL;37,56;37,56;101,92;25,38;78,53;20,29;38,15;33,38;99,86;0,00;0,00;1,07
2019.0;1.0;2019-01-01;BRASPINE;SAO MATHEUS;;;;;213,19;27,14;74,41;21,57;30,48;36,33;99,09;0,00;0,00;1,07
2019.0;1.0;2019-01-01;BRASPINE;SAO PEDRO E SAO PAULO;PR;SAPOPEMA;709,13;323,93;135,90;23,81;78,97;17,86;36,68;31,18;99,53;0,00;0,00;3,43
2019.0;1.0;2019-01-01;BRASPINE;SAO RAFAEL;;;;;243,79;23,07;80,02;17,29;38,66;31,57;99,54;0,00;0,00;1,19
2019.0;1.0;2019-01-01;BRASPINE;SAO RAFAEL - PB;;;;;265,36;23,23;83,43;17,36;35,91;32,02;100,00;0,00;0,00;5,95
2019.0;1.0;2019-01-01;BRASPINE;SERRARIA;PR;DOUTOR ULYSSES;280,88;117,71;243,34;22,97;82,99;16,42;34,84;31,31;100,00;0,00;0,00;5,66
2019.0;1.0;2019-01-01;BRASPINE;SERRO VERDE;;;;;215,64;22,26;83,18;17,46;46,45;29,22;99,59;0,00;0,00;4,78
2019.0;1.0;2019-01-01;BRASPINE;SERTAOZINHO;PR;DOUTOR ULYSSES;16,25;16,25;242,46;23,07;82,96;16,72;35,49;31,37;100,00;0,00;0,00;1,99
2019.0;1.0;2019-01-01;BRASPINE;SITIO BASILIO;PR;JAGUARIAIVA;8,08;8,08;251,62;22,75;80,35;16,27;38,70;30,23;99,75;0,00;0,00;4,58
2019.0;1.0;2019-01-01;BRASPINE;SITIO DAS MARRECAS;PR;DOUTOR ULYSSES;77,49;35,17;260,62;23,84;83,03;17,24;34,49;32,70;100,00;0,00;0,00;3,76
2019.0;1.0;2019-01-01;BRASPINE;SOBRADINHO;SP;BOM SUCESSO DE ITARARE;285,80;123,10;248,23;22,76;81,92;16,91;36,49;31,41;100,00;0,00;0,00;330,53
2019.0;1.0;2019-01-01;BRASPINE;TAQUARAL;PR;JAGUARIAIVA;519,13;31,07;262,06;22,99;81,27;16,72;38,71;30,67;99,99;0,00;0,00;4,27
2019.0;1.0;2019-01-01;BRASPINE;TUCUNDUVA;PR;SENGES;82,21;60,89;241,69;23,51;77,26;17,10;35,78;31,24;98,91;0,00;0,00;43,80
2019.0;1.0;2019-01-01;BRASPINE;TUCUNDUVA - CHAMMA;;;;;236,31;23,56;77,33;17,16;35,04;31,36;99,26;0,00;0,00;7,76
2019.0;1.0;2019-01-01;BRASPINE;VIENA 1;PR;DOUTOR ULYSSES;263,98;178,34;252,01;22,61;82,61;15,97;37,09;30,47;100,00;0,00;0,00;4,36
2019.0;1.0;2019-01-01;BRASPINE;VIENA 2;PR;CERRO AZUL;140,23;96,54;255,24;24,29;80,62;17,64;33,28;33,25;99,99;0,00;0,00;2,78
2019.0;1.0;2019-01-01;BRASPINE;VITORIA;PR;SENGES;50,54;35,69;234,99;22,72;80,81;16,64;36,35;30,63;99,81;0,00;0,00;7,29
2019.0;1.0;2019-01-01;BRASPINE;VIVEIRO;PR;DOUTOR ULYSSES;405,39;261,22;239,67;23,07;82,96;16,72;35,49;31,37;100,00;0,00;0,00;1,99
2019.0;1.0;2019-01-01;BRASPINE;VO LINO;PR;DOUTOR ULYSSES;164,50;97,89;245,87;23,26;83,05;16,87;34,55;31,79;100,00;0,00;0,00;6,03
2019.0;1.0;2019-01-01;BRASPINE;XAXIM VELHO;;;;;195,27;21,67;84,66;15,91;45,48;28,94;100,00;0,00;0,00;0,57
2019.0;2.0;2019-02-01;BRASPINE;AGUA DOCE;PR;JAGUARIAIVA;238,97;121,99;136,28;20,78;83,51;14,36;31,25;32,00;99,85;14,36;0,00;0,93
2019.0;2.0;2019-02-01;BRASPINE;AMATA;;;;;157,69;22,51;83,33;15,43;26,99;35,29;100,00;0,00;0,00;8,51
2019.0;2.0;2019-02-01;BRASPINE;ANTA BRAVA;;;;;173,99;23,82;78,28;17,60;26,10;35,04;99,06;0,00;0,00;2,94
2019.0;2.0;2019-02-01;BRASPINE;ARAPONGAS;PR;SENGES;423,34;263,70;148,09;20,85;85,73;14,91;28,33;33,15;100,00;14,91;0,00;2,49
2019.0;2.0;2019-02-01;BRASPINE;ARROIO CLARO;PR;DOUTOR ULYSSES;275,14;92,00;150,33;21,00;85,91;15,11;27,84;33,51;100,00;0,00;0,00;2,12
2019.0;2.0;2019-02-01;BRASPINE;BARRA GRANDE;PR;DOUTOR ULYSSES;493,79;139,68;159,71;21,40;85,92;15,37;27,56;34,14;100,00;0,00;0,00;2,52
2019.0;2.0;2019-02-01;BRASPINE;BARRA GRANDE - BEMAIS;PR;GUARAPUAVA;299,16;108,61;183,23;20,15;84,96;14,07;41,89;30,90;99,99;43,92;0,00;7,34
2019.0;2.0;2019-02-01;BRASPINE;BARRETOS;PR;JAGUARIAIVA;43,35;32,98;141,67;20,85;84,97;14,50;29,05;32,67;99,98;14,50;0,00;3,10
2019.0;2.0;2019-02-01;BRASPINE;BAU;;;;;173,91;20,13;85,19;14,66;46,80;29,87;99,77;59,06;0,00;0,53
2019.0;2.0;2019-02-01;BRASPINE;BOA VISTA II;PR;PIRAI DO SUL;944,00;535,05;134,72;20,82;84,38;14,53;31,53;32,19;99,96;14,53;0,00;5,52
2019.0;2.0;2019-02-01;BRASPINE;BRASILEIRA;;;;;153,73;20,85;85,73;14,91;28,33;33,15;100,00;14,91;0,00;2,49
2019.0;2.0;2019-02-01;BRASPINE;BURACAO;;;;;158,04;20,67;84,68;14,75;33,01;31,70;99,91;14,75;0,00;6,20
2019.0;2.0;2019-02-01;BRASPINE;BURRINHO;PR;DOUTOR ULYSSES;211,01;100,37;150,31;21,00;85,91;15,11;27,84;33,51;100,00;0,00;0,00;2,12
2019.0;2.0;2019-02-01;BRASPINE;CADEADO I;PR;JAGUARIAIVA;21,07;12,29;133,69;20,66;85,27;14,52;28,92;32,61;100,00;14,52;0,00;8,93
2019.0;2.0;2019-02-01;BRASPINE;CADEADO II;PR;JAGUARIAIVA;21,88;16,79;133,69;20,66;85,27;14,52;28,92;32,61;100,00;14,52;0,00;8,93
2019.0;2.0;2019-02-01;BRASPINE;CAMPINA ALTA;PR;TIBAGI;29,77;18,24;148,40;21,72;81,76;14,96;32,79;33,18;99,86;14,96;0,00;4,45
2019.0;2.0;2019-02-01;BRASPINE;CAMPINA DO ELIAS;PR;JAGUARIAIVA;29,17;14,65;143,03;20,78;85,08;14,51;29,00;32,65;99,99;14,51;0,00;2,05
2019.0;2.0;2019-02-01;BRASPINE;CAMPO NOVO;PR;JAGUARIAIVA;295,98;156,36;145,33;20,66;85,27;14,52;28,92;32,61;100,00;14,52;0,00;8,93
2019.0;2.0;2019-02-01;BRASPINE;CONSULTORIA II A;PR;DOUTOR ULYSSES;89,62;60,79;150,72;20,85;85,73;14,91;28,33;33,15;100,00;14,91;0,00;2,49
2019.0;2.0;2019-02-01;BRASPINE;DINIZ;;;;;148,36;20,85;85,73;14,91;28,33;33,15;100,00;14,91;0,00;2,49
2019.0;2.0;2019-02-01;BRASPINE;ENES;PR;JAGUARIAIVA;5,93;5,69;144,79;20,66;85,27;14,52;28,92;32,61;100,00;14,52;0,00;8,93
2019.0;2.0;2019-02-01;BRASPINE;ENGENHARIA;;;;;148,36;20,85;85,73;14,91;28,33;33,15;100,00;14,91;0,00;2,49
2019.0;2.0;2019-02-01;BRASPINE;ESTACAO;PR;SENGES;4,76;4,14;140,77;20,66;85,27;14,52;28,92;32,61;100,00;14,52;0,00;8,93
2019.0;2.0;2019-02-01;BRASPINE;FAXINAL;PR;JAGUARIAIVA;20,65;20,65;144,79;20,66;85,27;14,52;28,92;32,61;100,00;14,52;0,00;8,93
2019.0;2.0;2019-02-01;BRASPINE;FEITAL;PR;DOUTOR ULYSSES;154,17;86,53;156,16;21,04;85,79;15,06;28,07;33,48;100,00;0,00;0,00;3,10
2019.0;2.0;2019-02-01;BRASPINE;FIGUEIRA;PR;DOUTOR ULYSSES;1053,81;315,71;154,25;21,00;85,91;15,11;27,84;33,51;100,00;0,00;0,00;2,12
2019.0;2.0;2019-02-01;BRASPINE;FIGUEIRINHA;PR;DOUTOR ULYSSES;94,37;56,74;160,52;21,00;85,91;15,11;27,84;33,51;100,00;0,00;0,00;2,12
2019.0;2.0;2019-02-01;BRASPINE;FLOEMA;PR;DOUTOR ULYSSES;2189,88;701,43;145,39;20,46;85,68;14,61;28,93;32,46;100,00;29,52;0,00;2,89
2019.0;2.0;2019-02-01;BRASPINE;FLOEMA I - SUDATI;;;;;140,03;20,85;85,73;14,91;28,33;33,15;100,00;14,91;0,00;2,49
2019.0;2.0;2019-02-01;BRASPINE;FLOEMA II - SUDATI;PR;DOUTOR ULYSSES;453,83;211,13;145,21;20,85;85,73;14,91;28,33;33,15;100,00;14,91;0,00;2,49
2019.0;2.0;2019-02-01;BRASPINE;FLOR DA SERRA;PR;SAO JOSE DA BOA VISTA;209,10;128,72;169,96;23,06;76,27;16,53;26,93;34,47;99,41;0,00;0,00;1,04
2019.0;2.0;2019-02-01;BRASPINE;GENTIL;PR;JAGUARIAIVA;126,77;53,33;140,18;20,48;83,48;14,10;30,93;31,47;99,75;14,10;0,00;2,09
2019.0;2.0;2019-02-01;BRASPINE;GUAIRACA;PR;GUARAPUAVA;623,62;169,31;186,09;20,33;84,60;14,29;42,00;31,13;99,97;29,17;0,00;7,13
2019.0;2.0;2019-02-01;BRASPINE;HERVAL 2 - MADALOSSO;;;;;159,54;20,67;84,68;14,75;33,01;31,70;99,91;14,75;0,00;6,20
2019.0;2.0;2019-02-01;BRASPINE;HERVAL DE BAIXO;PR;RESERVA;827,29;475,92;162,51;21,73;81,86;14,71;33,36;33,13;99,80;14,71;0,00;0,45
2019.0;2.0;2019-02-01;BRASPINE;HORTO 01;PR;TURVO;19,12;19,12;194,43;20,94;84,53;14,60;42,86;31,44;99,68;14,60;0,00;346,19
2019.0;2.0;2019-02-01;BRASPINE;HORTO 02;PR;TURVO;4,24;4,24;195,10;20,94;84,53;14,60;42,86;31,44;99,68;14,60;0,00;346,19
2019.0;2.0;2019-02-01;BRASPINE;HORTO 03;PR;PRUDENTOPOLIS;80,91;25,89;194,96;21,56;82,88;15,13;39,14;32,52;99,89;0,00;0,00;7,37
2019.0;2.0;2019-02-01;BRASPINE;HORTO 08;PR;TURVO;9,53;9,53;199,74;21,56;82,88;15,13;39,14;32,52;99,89;0,00;0,00;7,37
2019.0;2.0;2019-02-01;BRASPINE;HORTO 12;PR;PRUDENTOPOLIS;12,20;12,20;197,77;21,56;82,88;15,13;39,14;32,52;99,89;0,00;0,00;7,37
2019.0;2.0;2019-02-01;BRASPINE;IZAU;PR;PIRAI DO SUL;19,37;11,60;137,64;20,49;84,10;14,14;29,60;31,65;99,80;29,10;0,00;7,65
2019.0;2.0;2019-02-01;BRASPINE;JOAO RICO;PR;JAGUARIAIVA;47,46;26,18;139,72;20,78;83,51;14,36;31,25;32,00;99,85;14,36;0,00;0,93
2019.0;2.0;2019-02-01;BRASPINE;LAGOA;PR;JAGUARIAIVA;24,10;10,78;137,06;20,66;85,27;14,52;28,92;32,61;100,00;14,52;0,00;8,93
2019.0;2.0;2019-02-01;BRASPINE;MARACANA;PR;JANDAIA DO SUL;11,45;11,45;158,17;23,59;78,04;18,03;35,39;34,08;99,96;0,00;0,00;1,35
2019.0;2.0;2019-02-01;BRASPINE;MARRECA;;;;;151,86;21,00;85,91;15,11;27,84;33,51;100,00;0,00;0,00;2,12
2019.0;2.0;2019-02-01;BRASPINE;MARRECA SP;SP;ITAPIRAPUA PAULISTA;675,30;236,19;161,98;21,78;85,87;15,77;27,38;34,68;100,00;0,00;0,00;0,37
2019.0;2.0;2019-02-01;BRASPINE;MARRECAS;;;;;182,01;19,56;86,09;13,80;44,59;29,94;100,00;116,37;0,00;0,91
2019.0;2.0;2019-02-01;BRASPINE;MERCADINHO;;;;;155,13;21,64;84,75;15,25;26,74;34,37;100,00;0,00;0,00;3,00
2019.0;2.0;2019-02-01;BRASPINE;MONTE ALEGRE;;;;;149,30;24,27;75,76;18,68;32,76;35,03;99,89;0,00;0,00;5,11
2019.0;2.0;2019-02-01;BRASPINE;MONTE TABOR II;;;;;139,26;21,04;87,24;15,42;30,24;35,75;100,00;0,00;0,00;0,36
2019.0;2.0;2019-02-01;BRASPINE;MOREIRA;PR;DOUTOR ULYSSES;230,52;68,68;145,21;20,85;85,73;14,91;28,33;33,15;100,00;14,91;0,00;2,49
2019.0;2.0;2019-02-01;BRASPINE;MOREIRAS II;PR;DOUTOR ULYSSES;66,76;28,75;151,54;20,85;85,73;14,91;28,33;33,15;100,00;14,91;0,00;2,49
2019.0;2.0;2019-02-01;BRASPINE;MORRETES;PR;ORTIGUEIRA;20,36;20,36;159,45;22,34;80,72;15,14;32,66;33,86;99,77;0,00;0,00;76,21
2019.0;2.0;2019-02-01;BRASPINE;MORRO AZUL;;;;;140,08;21,18;85,94;15,16;26,25;34,02;100,00;0,00;0,00;6,13
2019.0;2.0;2019-02-01;BRASPINE;OURO FINO;SP;APIAI;51,70;51,70;142,61;20,89;86,98;15,15;28,80;33,67;100,00;0,00;0,00;2,09
2019.0;2.0;2019-02-01;BRASPINE;PALMEIRINHA DE BAIXO - SOSSEGO;PR;SENGES;85,93;9,22;142,90;20,60;83,79;14,47;25,42;32,82;99,86;14,47;0,00;5,57
2019.0;2.0;2019-02-01;BRASPINE;PAZIN;PR;DOUTOR ULYSSES;41,20;23,90;159,00;21,00;85,91;15,11;27,84;33,51;100,00;0,00;0,00;2,12
2019.0;2.0;2019-02-01;BRASPINE;PEDRAS;PR;CASTRO;7,18;7,18;128,87;20,51;84,68;14,31;33,64;31,36;99,93;44,26;0,00;13,97
2019.0;2.0;2019-02-01;BRASPINE;PESCARIA;PR;SAO JOSE DA BOA VISTA;184,57;129,22;173,17;23,28;75,61;16,72;23,68;35,18;99,18;0,00;0,00;3,51
2019.0;2.0;2019-02-01;BRASPINE;PESSEGUEIRO;PR;DOUTOR ULYSSES;109,95;64,79;145,11;20,85;85,73;14,91;28,33;33,15;100,00;14,91;0,00;2,49
2019.0;2.0;2019-02-01;BRASPINE;PITANGA;;;;;195,03;20,99;83,26;15,45;40,84;31,19;99,74;0,00;0,00;0,38
2019.0;2.0;2019-02-01;BRASPINE;QUEIMADINHO ARROIO CLARO;PR;DOUTOR ULYSSES;48,13;19,09;153,73;20,85;85,73;14,91;28,33;33,15;100,00;14,91;0,00;2,49
2019.0;2.0;2019-02-01;BRASPINE;QUEIMADINHO M6042;PR;DOUTOR ULYSSES;48,38;18,50;153,73;20,85;85,73;14,91;28,33;33,15;100,00;14,91;0,00;2,49
2019.0;2.0;2019-02-01;BRASPINE;QUEIMADINHO USUCAPIAO;PR;DOUTOR ULYSSES;200,27;92,43;153,73;20,85;85,73;14,91;28,33;33,15;100,00;14,91;0,00;2,49
2019.0;2.0;2019-02-01;BRASPINE;RAMOS;PR;SENGES;69,83;38,15;140,03;20,66;85,27;14,52;28,92;32,61;100,00;14,52;0,00;8,93
2019.0;2.0;2019-02-01;BRASPINE;RIBEIRAO GRANDE;PR;JAGUARIAIVA;20,77;20,77;140,12;20,49;84,10;14,14;29,60;31,65;99,80;29,10;0,00;7,65
2019.0;2.0;2019-02-01;BRASPINE;RINCAO DE BAIXO;;;;;144,55;21,16;80,15;14,49;30,28;32,50;99,50;14,49;0,00;4,91
2019.0;2.0;2019-02-01;BRASPINE;RIO BOMBA;PR;CERRO AZUL;65,03;37,72;148,76;21,97;83,97;15,34;27,63;34,51;99,97;0,00;0,00;10,91
2019.0;2.0;2019-02-01;BRASPINE;RIO DO MEIO;PR;DOUTOR ULYSSES;712,33;389,13;152,12;20,85;85,73;14,91;28,33;33,15;100,00;14,91;0,00;2,49
2019.0;2.0;2019-02-01;BRASPINE;RONDON;PR;JAGUARIAIVA;2899,24;1475,88;140,37;20,61;84,22;14,36;28,40;32,42;99,88;14,36;0,00;2,71
2019.0;2.0;2019-02-01;BRASPINE;SANTA FELICIDADE;;;;;154,58;22,22;85,92;15,96;26,72;35,43;100,00;0,00;0,00;9,47
2019.0;2.0;2019-02-01;BRASPINE;SANTA LIDIA DO CERCADINHO;;;;;141,55;20,80;80,39;14,24;30,79;31,86;99,50;14,24;0,00;3,99
2019.0;2.0;2019-02-01;BRASPINE;SANTO ANTONIO;;;;;147,79;20,67;84,15;14,59;24,82;33,12;100,00;14,59;0,00;1,29
2019.0;2.0;2019-02-01;BRASPINE;SAO JOSE;PR;JANDAIA DO SUL;37,56;37,56;149,54;24,06;76,32;18,49;33,57;34,71;99,94;0,00;0,00;1,08
2019.0;2.0;2019-02-01;BRASPINE;SAO MATHEUS;;;;;121,04;25,77;72,38;19,49;27,67;37,64;99,83;0,00;0,00;1,02
2019.0;2.0;2019-02-01;BRASPINE;SAO PEDRO E SAO PAULO;PR;SAPOPEMA;709,13;323,93;175,23;22,34;77,25;16,01;32,78;33,16;99,66;0,00;0,00;0,57
2019.0;2.0;2019-02-01;BRASPINE;SAO RAFAEL;;;;;208,69;20,73;83,25;15,45;34,76;32,18;99,46;0,00;0,00;4,82
2019.0;2.0;2019-02-01;BRASPINE;SAO RAFAEL - PB;;;;;150,11;21,02;86,70;15,20;27,81;33,88;100,00;0,00;0,00;2,95
2019.0;2.0;2019-02-01;BRASPINE;SERRARIA;PR;DOUTOR ULYSSES;280,88;117,71;142,23;20,73;85,80;14,86;28,39;32,98;100,00;14,86;0,00;2,51
2019.0;2.0;2019-02-01;BRASPINE;SERRO VERDE;;;;;188,08;20,49;83,79;14,84;44,98;30,27;99,73;29,71;0,00;3,83
2019.0;2.0;2019-02-01;BRASPINE;SERTAOZINHO;PR;DOUTOR ULYSSES;16,25;16,25;151,49;20,85;85,73;14,91;28,33;33,15;100,00;14,91;0,00;2,49
2019.0;2.0;2019-02-01;BRASPINE;SITIO BASILIO;PR;JAGUARIAIVA;8,08;8,08;135,65;20,56;83,29;14,16;31,43;31,56;99,75;14,16;0,00;1,81
2019.0;2.0;2019-02-01;BRASPINE;SITIO DAS MARRECAS;PR;DOUTOR ULYSSES;77,49;35,17;162,12;21,56;85,88;15,58;27,51;34,34;100,00;0,00;0,00;0,86
2019.0;2.0;2019-02-01;BRASPINE;SOBRADINHO;SP;BOM SUCESSO DE ITARARE;285,80;123,10;146,43;20,60;85,19;14,67;25,61;33,11;100,00;14,67;0,00;96,12
2019.0;2.0;2019-02-01;BRASPINE;TAQUARAL;PR;JAGUARIAIVA;519,13;31,07;143,20;20,79;84,14;14,40;31,09;32,26;99,99;14,40;0,00;8,27
2019.0;2.0;2019-02-01;BRASPINE;TUCUNDUVA;PR;SENGES;82,21;60,89;164,10;21,49;79,63;15,01;26,26;33,14;99,51;0,00;0,00;4,20
2019.0;2.0;2019-02-01;BRASPINE;TUCUNDUVA - CHAMMA;;;;;158,55;21,54;79,73;15,10;24,59;33,51;99,52;0,00;0,00;340,18
2019.0;2.0;2019-02-01;BRASPINE;VIENA 1;PR;DOUTOR ULYSSES;263,98;178,34;141,16;20,38;85,48;14,42;31,42;31,83;100,00;29,25;0,00;10,15
2019.0;2.0;2019-02-01;BRASPINE;VIENA 2;PR;CERRO AZUL;140,23;96,54;148,71;21,97;83,97;15,34;27,63;34,51;99,97;0,00;0,00;10,91
2019.0;2.0;2019-02-01;BRASPINE;VITORIA;PR;SENGES;50,54;35,69;142,90;20,60;83,79;14,47;25,42;32,82;99,86;14,47;0,00;5,57
2019.0;2.0;2019-02-01;BRASPINE;VIVEIRO;PR;DOUTOR ULYSSES;405,39;261,22;151,54;20,85;85,73;14,91;28,33;33,15;100,00;14,91;0,00;2,49
2019.0;2.0;2019-02-01;BRASPINE;VO LINO;PR;DOUTOR ULYSSES;164,50;97,89;150,38;21,00;85,91;15,11;27,84;33,51;100,00;0,00;0,00;2,12
2019.0;2.0;2019-02-01;BRASPINE;XAXIM VELHO;;;;;172,63;19,70;86,24;14,28;46,59;29,75;100,00;73,05;0,00;4,99
2019.0;3.0;2019-03-01;BRASPINE;AGUA DOCE;PR;JAGUARIAIVA;238,97;121,99;129,61;20,35;84,73;13,41;46,20;26,77;99,79;57,47;0,00;2,41
2019.0;3.0;2019-03-01;BRASPINE;AMATA;;;;;82,48;22,13;82,68;15,39;43,66;30,47;99,90;0,00;0,00;3,67
2019.0;3.0;2019-03-01;BRASPINE;ANTA BRAVA;;;;;114,60;22,97;81,59;16,39;41,54;30,48;99,50;0,00;0,00;0,38
2019.0;3.0;2019-03-01;BRASPINE;ARAPONGAS;PR;SENGES;423,34;263,70;121,73;20,42;86,43;14,01;45,76;28,09;100,00;14,01;0,00;12,84
2019.0;3.0;2019-03-01;BRASPINE;ARROIO CLARO;PR;DOUTOR ULYSSES;275,14;92,00;104,85;20,61;86,20;13,89;46,13;28,57;100,00;13,89;0,00;5,72
2019.0;3.0;2019-03-01;BRASPINE;BARRA GRANDE;PR;DOUTOR ULYSSES;493,79;139,68;126,33;20,95;86,44;14,40;45,71;29,30;100,00;14,40;0,00;10,99
2019.0;3.0;2019-03-01;BRASPINE;BARRA GRANDE - BEMAIS;PR;GUARAPUAVA;299,16;108,61;126,49;19,60;84,34;13,63;44,15;26,64;100,00;98,98;0,00;3,31
2019.0;3.0;2019-03-01;BRASPINE;BARRETOS;PR;JAGUARIAIVA;43,35;32,98;130,71;20,38;85,99;14,26;46,19;27,39;99,99;43,83;0,00;3,21
2019.0;3.0;2019-03-01;BRASPINE;BAU;;;;;143,66;19,52;85,10;13,74;47,28;26,21;99,92;113,18;0,00;0,56
2019.0;3.0;2019-03-01;BRASPINE;BOA VISTA II;PR;PIRAI DO SUL;944,00;535,05;130,23;20,40;85,33;13,65;46,90;27,15;99,89;57,64;0,00;5,87
2019.0;3.0;2019-03-01;BRASPINE;BRASILEIRA;;;;;119,43;20,42;86,43;14,01;45,76;28,09;100,00;14,01;0,00;12,84
2019.0;3.0;2019-03-01;BRASPINE;BURACAO;;;;;119,18;20,30;84,72;13,01;48,20;27,59;99,70;13,01;0,00;0,51
2019.0;3.0;2019-03-01;BRASPINE;BURRINHO;PR;DOUTOR ULYSSES;211,01;100,37;106,57;20,61;86,20;13,89;46,13;28,57;100,00;13,89;0,00;5,72
2019.0;3.0;2019-03-01;BRASPINE;CADEADO I;PR;JAGUARIAIVA;21,07;12,29;118,79;20,22;86,16;13,91;45,82;27,58;100,00;58,38;0,00;0,28
2019.0;3.0;2019-03-01;BRASPINE;CADEADO II;PR;JAGUARIAIVA;21,88;16,79;118,79;20,22;86,16;13,91;45,82;27,58;100,00;58,38;0,00;0,28
2019.0;3.0;2019-03-01;BRASPINE;CAMPINA ALTA;PR;TIBAGI;29,77;18,24;167,32;21,03;84,13;13,38;48,70;28,24;99,77;57,36;0,00;1,40
2019.0;3.0;2019-03-01;BRASPINE;CAMPINA DO ELIAS;PR;JAGUARIAIVA;29,17;14,65;126,43;20,32;86,05;14,13;46,05;27,46;99,99;58,67;0,00;2,22
2019.0;3.0;2019-03-01;BRASPINE;CAMPO NOVO;PR;JAGUARIAIVA;295,98;156,36;123,67;20,22;86,16;13,91;45,82;27,58;100,00;58,38;0,00;0,28
2019.0;3.0;2019-03-01;BRASPINE;CONSULTORIA II A;PR;DOUTOR ULYSSES;89,62;60,79;118,33;20,42;86,43;14,01;45,76;28,09;100,00;14,01;0,00;12,84
2019.0;3.0;2019-03-01;BRASPINE;DINIZ;;;;;110,54;20,42;86,43;14,01;45,76;28,09;100,00;14,01;0,00;12,84
2019.0;3.0;2019-03-01;BRASPINE;ENES;PR;JAGUARIAIVA;5,93;5,69;123,90;20,22;86,16;13,91;45,82;27,58;100,00;58,38;0,00;0,28
2019.0;3.0;2019-03-01;BRASPINE;ENGENHARIA;;;;;110,54;20,42;86,43;14,01;45,76;28,09;100,00;14,01;0,00;12,84
2019.0;3.0;2019-03-01;BRASPINE;ESTACAO;PR;SENGES;4,76;4,14;119,56;20,22;86,16;13,91;45,82;27,58;100,00;58,38;0,00;0,28
2019.0;3.0;2019-03-01;BRASPINE;FAXINAL;PR;JAGUARIAIVA;20,65;20,65;123,90;20,22;86,16;13,91;45,82;27,58;100,00;58,38;0,00;0,28
2019.0;3.0;2019-03-01;BRASPINE;FEITAL;PR;DOUTOR ULYSSES;154,17;86,53;121,67;20,60;86,43;14,14;45,74;28,49;100,00;14,14;0,00;12,26
2019.0;3.0;2019-03-01;BRASPINE;FIGUEIRA;PR;DOUTOR ULYSSES;1053,81;315,71;126,18;20,61;86,20;13,89;46,13;28,57;100,00;13,89;0,00;5,72
2019.0;3.0;2019-03-01;BRASPINE;FIGUEIRINHA;PR;DOUTOR ULYSSES;94,37;56,74;131,46;20,61;86,20;13,89;46,13;28,57;100,00;13,89;0,00;5,72
2019.0;3.0;2019-03-01;BRASPINE;FLOEMA;PR;DOUTOR ULYSSES;2189,88;701,43;133,65;20,08;86,25;13,11;46,31;27,67;100,00;57,45;0,00;1,87
2019.0;3.0;2019-03-01;BRASPINE;FLOEMA I - SUDATI;;;;;119,15;20,42;86,43;14,01;45,76;28,09;100,00;14,01;0,00;12,84
2019.0;3.0;2019-03-01;BRASPINE;FLOEMA II - SUDATI;PR;DOUTOR ULYSSES;453,83;211,13;123,08;20,42;86,43;14,01;45,76;28,09;100,00;14,01;0,00;12,84
2019.0;3.0;2019-03-01;BRASPINE;FLOR DA SERRA;PR;SAO JOSE DA BOA VISTA;209,10;128,72;122,74;22,37;78,89;15,33;37,91;29,11;99,66;0,00;0,00;339,40
2019.0;3.0;2019-03-01;BRASPINE;GENTIL;PR;JAGUARIAIVA;126,77;53,33;134,87;20,06;84,67;12,92;46,46;26,38;99,74;70,89;0,00;6,30
2019.0;3.0;2019-03-01;BRASPINE;GUAIRACA;PR;GUARAPUAVA;623,62;169,31;121,68;19,80;83,42;13,38;44,60;27,10;100,00;99,03;0,00;344,99
2019.0;3.0;2019-03-01;BRASPINE;HERVAL 2 - MADALOSSO;;;;;115,69;20,30;84,72;13,01;48,20;27,59;99,70;13,01;0,00;0,51
2019.0;3.0;2019-03-01;BRASPINE;HERVAL DE BAIXO;PR;RESERVA;827,29;475,92;176,80;21,01;84,31;13,32;48,85;28,19;99,78;86,02;0,00;19,71
2019.0;3.0;2019-03-01;BRASPINE;HORTO 01;PR;TURVO;19,12;19,12;144,32;20,22;85,26;13,47;45,87;26,96;99,98;98,85;0,00;6,66
2019.0;3.0;2019-03-01;BRASPINE;HORTO 02;PR;TURVO;4,24;4,24;144,22;20,22;85,26;13,47;45,87;26,96;99,98;98,85;0,00;6,66
2019.0;3.0;2019-03-01;BRASPINE;HORTO 03;PR;PRUDENTOPOLIS;80,91;25,89;144,88;20,79;84,07;14,14;44,02;27,91;99,98;57,35;0,00;16,97
2019.0;3.0;2019-03-01;BRASPINE;HORTO 08;PR;TURVO;9,53;9,53;149,90;20,79;84,07;14,14;44,02;27,91;99,98;57,35;0,00;16,97
2019.0;3.0;2019-03-01;BRASPINE;HORTO 12;PR;PRUDENTOPOLIS;12,20;12,20;145,42;20,79;84,07;14,14;44,02;27,91;99,98;57,35;0,00;16,97
2019.0;3.0;2019-03-01;BRASPINE;IZAU;PR;PIRAI DO SUL;19,37;11,60;141,44;20,07;85,14;13,22;46,74;26,63;99,73;71,03;0,00;0,14
2019.0;3.0;2019-03-01;BRASPINE;JOAO RICO;PR;JAGUARIAIVA;47,46;26,18;132,29;20,35;84,73;13,41;46,20;26,77;99,79;57,47;0,00;2,41
2019.0;3.0;2019-03-01;BRASPINE;LAGOA;PR;JAGUARIAIVA;24,10;10,78;120,76;20,22;86,16;13,91;45,82;27,58;100,00;58,38;0,00;0,28
2019.0;3.0;2019-03-01;BRASPINE;MARACANA;PR;JANDAIA DO SUL;11,45;11,45;170,78;22,81;80,59;16,35;44,74;29,61;99,80;0,00;0,00;4,56
2019.0;3.0;2019-03-01;BRASPINE;MARRECA;;;;;131,36;20,61;86,20;13,89;46,13;28,57;100,00;13,89;0,00;5,72
2019.0;3.0;2019-03-01;BRASPINE;MARRECA SP;SP;ITAPIRAPUA PAULISTA;675,30;236,19;125,26;21,37;85,88;14,40;46,01;29,98;100,00;14,40;0,00;3,69
2019.0;3.0;2019-03-01;BRASPINE;MARRECAS;;;;;123,01;19,05;84,89;12,97;44,83;26,06;100,00;139,16;0,00;4,30
2019.0;3.0;2019-03-01;BRASPINE;MERCADINHO;;;;;110,50;21,26;84,49;14,42;44,74;29,44;99,94;14,42;0,00;0,29
2019.0;3.0;2019-03-01;BRASPINE;MONTE ALEGRE;;;;;168,66;23,34;79,27;16,72;43,46;30,25;99,80;0,00;0,00;1,14
2019.0;3.0;2019-03-01;BRASPINE;MONTE TABOR II;;;;;74,25;20,60;88,02;14,08;51,11;28,86;100,00;14,08;0,00;20,25
2019.0;3.0;2019-03-01;BRASPINE;MOREIRA;PR;DOUTOR ULYSSES;230,52;68,68;123,08;20,42;86,43;14,01;45,76;28,09;100,00;14,01;0,00;12,84
2019.0;3.0;2019-03-01;BRASPINE;MOREIRAS II;PR;DOUTOR ULYSSES;66,76;28,75;117,62;20,42;86,43;14,01;45,76;28,09;100,00;14,01;0,00;12,84
2019.0;3.0;2019-03-01;BRASPINE;MORRETES;PR;ORTIGUEIRA;20,36;20,36;173,34;21,49;83,95;13,90;46,57;28,89;99,93;57,44;0,00;2,26
2019.0;3.0;2019-03-01;BRASPINE;MORRO AZUL;;;;;76,44;20,73;86,66;13,99;44,51;29,28;100,00;13,99;0,00;41,99
2019.0;3.0;2019-03-01;BRASPINE;OURO FINO;SP;APIAI;51,70;51,70;83,60;20,44;87,77;13,70;47,38;28,82;100,00;13,70;0,00;35,41
2019.0;3.0;2019-03-01;BRASPINE;PALMEIRINHA DE BAIXO - SOSSEGO;PR;SENGES;85,93;9,22;93,36;20,15;85,12;13,55;43,28;27,17;99,83;57,84;0,00;46,05
2019.0;3.0;2019-03-01;BRASPINE;PAZIN;PR;DOUTOR ULYSSES;41,20;23,90;129,11;20,61;86,20;13,89;46,13;28,57;100,00;13,89;0,00;5,72
2019.0;3.0;2019-03-01;BRASPINE;PEDRAS;PR;CASTRO;7,18;7,18;146,70;20,11;85,43;12,95;48,96;26,75;99,60;71,05;0,00;1,23
2019.0;3.0;2019-03-01;BRASPINE;PESCARIA;PR;SAO JOSE DA BOA VISTA;184,57;129,22;132,93;22,61;77,89;15,32;34,39;29,39;99,75;0,00;0,00;25,80
2019.0;3.0;2019-03-01;BRASPINE;PESSEGUEIRO;PR;DOUTOR ULYSSES;109,95;64,79;121,05;20,42;86,43;14,01;45,76;28,09;100,00;14,01;0,00;12,84
2019.0;3.0;2019-03-01;BRASPINE;PITANGA;;;;;164,44;20,19;84,73;14,08;49,10;26,91;99,83;86,93;0,00;1,05
2019.0;3.0;2019-03-01;BRASPINE;QUEIMADINHO ARROIO CLARO;PR;DOUTOR ULYSSES;48,13;19,09;119,43;20,42;86,43;14,01;45,76;28,09;100,00;14,01;0,00;12,84
2019.0;3.0;2019-03-01;BRASPINE;QUEIMADINHO M6042;PR;DOUTOR ULYSSES;48,38;18,50;119,43;20,42;86,43;14,01;45,76;28,09;100,00;14,01;0,00;12,84
2019.0;3.0;2019-03-01;BRASPINE;QUEIMADINHO USUCAPIAO;PR;DOUTOR ULYSSES;200,27;92,43;119,43;20,42;86,43;14,01;45,76;28,09;100,00;14,01;0,00;12,84
2019.0;3.0;2019-03-01;BRASPINE;RAMOS;PR;SENGES;69,83;38,15;119,15;20,22;86,16;13,91;45,82;27,58;100,00;58,38;0,00;0,28
2019.0;3.0;2019-03-01;BRASPINE;RIBEIRAO GRANDE;PR;JAGUARIAIVA;20,77;20,77;141,44;20,07;85,14;13,22;46,74;26,63;99,73;71,03;0,00;0,14
2019.0;3.0;2019-03-01;BRASPINE;RINCAO DE BAIXO;;;;;175,72;20,63;82,06;13,01;47,07;27,40;99,80;27,38;0,00;4,56
2019.0;3.0;2019-03-01;BRASPINE;RIO BOMBA;PR;CERRO AZUL;65,03;37,72;101,55;21,61;83,53;14,45;45,15;29,55;99,78;14,45;0,00;6,06
2019.0;3.0;2019-03-01;BRASPINE;RIO DO MEIO;PR;DOUTOR ULYSSES;712,33;389,13;118,11;20,42;86,43;14,01;45,76;28,09;100,00;14,01;0,00;12,84
2019.0;3.0;2019-03-01;BRASPINE;RONDON;PR;JAGUARIAIVA;2899,24;1475,88;117,67;20,17;85,41;13,61;45,13;26,95;99,79;57,80;0,00;46,76
2019.0;3.0;2019-03-01;BRASPINE;SANTA FELICIDADE;;;;;129,81;21,81;85,65;14,91;46,09;31,01;100,00;14,91;0,00;1,22
2019.0;3.0;2019-03-01;BRASPINE;SANTA LIDIA DO CERCADINHO;;;;;164,94;20,30;82,20;12,65;47,20;26,91;99,76;56,46;0,00;4,18
2019.0;3.0;2019-03-01;BRASPINE;SANTO ANTONIO;;;;;98,04;20,22;85,35;13,44;42,71;27,81;100,00;43,00;0,00;45,19
2019.0;3.0;2019-03-01;BRASPINE;SAO JOSE;PR;JANDAIA DO SUL;37,56;37,56;167,82;23,18;79,55;16,60;43,77;30,04;99,77;0,00;0,00;2,02
2019.0;3.0;2019-03-01;BRASPINE;SAO MATHEUS;;;;;179,02;24,49;77,64;17,49;40,98;31,82;99,99;0,00;0,00;1,33
2019.0;3.0;2019-03-01;BRASPINE;SAO PEDRO E SAO PAULO;PR;SAPOPEMA;709,13;323,93;153,95;21,56;80,61;14,66;41,85;27,81;99,74;29,44;0,00;3,26
2019.0;3.0;2019-03-01;BRASPINE;SAO RAFAEL;;;;;82,54;20,19;83,76;14,73;47,83;27,58;99,59;29,70;0,00;6,45
2019.0;3.0;2019-03-01;BRASPINE;SAO RAFAEL - PB;;;;;90,71;20,58;87,47;13,83;46,39;29,03;100,00;13,83;0,00;37,32
2019.0;3.0;2019-03-01;BRASPINE;SERRARIA;PR;DOUTOR ULYSSES;280,88;117,71;125,68;20,35;86,22;13,50;46,22;28,12;100,00;28,49;0,00;5,87
2019.0;3.0;2019-03-01;BRASPINE;SERRO VERDE;;;;;164,17;19,82;84,15;13,24;46,19;26,67;99,75;99,95;0,00;4,62
2019.0;3.0;2019-03-01;BRASPINE;SERTAOZINHO;PR;DOUTOR ULYSSES;16,25;16,25;111,86;20,42;86,43;14,01;45,76;28,09;100,00;14,01;0,00;12,84
2019.0;3.0;2019-03-01;BRASPINE;SITIO BASILIO;PR;JAGUARIAIVA;8,08;8,08;129,46;20,14;84,54;12,96;46,30;26,45;99,76;71,30;0,00;4,69
2019.0;3.0;2019-03-01;BRASPINE;SITIO DAS MARRECAS;PR;DOUTOR ULYSSES;77,49;35,17;138,34;21,15;85,97;14,25;46,04;29,57;100,00;14,25;0,00;4,27
2019.0;3.0;2019-03-01;BRASPINE;SOBRADINHO;SP;BOM SUCESSO DE ITARARE;285,80;123,10;93,59;20,15;86,26;13,29;43,34;28,17;100,00;42,84;0,00;43,67
2019.0;3.0;2019-03-01;BRASPINE;TAQUARAL;PR;JAGUARIAIVA;519,13;31,07;126,45;20,36;85,28;13,69;46,58;27,03;99,94;58,04;0,00;5,44
2019.0;3.0;2019-03-01;BRASPINE;TUCUNDUVA;PR;SENGES;82,21;60,89;122,39;20,96;81,43;13,52;39,66;27,25;99,62;13,52;0,00;39,02
2019.0;3.0;2019-03-01;BRASPINE;TUCUNDUVA - CHAMMA;;;;;125,21;21,00;81,48;14,04;38,77;27,53;99,41;14,04;0,00;40,28
2019.0;3.0;2019-03-01;BRASPINE;VIENA 1;PR;DOUTOR ULYSSES;263,98;178,34;128,23;19,96;86,21;13,19;47,35;27,21;100,00;71,88;0,00;3,19
2019.0;3.0;2019-03-01;BRASPINE;VIENA 2;PR;CERRO AZUL;140,23;96,54;101,85;21,61;83,53;14,45;45,15;29,55;99,78;14,45;0,00;6,06
2019.0;3.0;2019-03-01;BRASPINE;VITORIA;PR;SENGES;50,54;35,69;93,36;20,15;85,12;13,55;43,28;27,17;99,83;57,84;0,00;46,05
2019.0;3.0;2019-03-01;BRASPINE;VIVEIRO;PR;DOUTOR ULYSSES;405,39;261,22;117,62;20,42;86,43;14,01;45,76;28,09;100,00;14,01;0,00;12,84
2019.0;3.0;2019-03-01;BRASPINE;VO LINO;PR;DOUTOR ULYSSES;164,50;97,89;121,56;20,61;86,20;13,89;46,13;28,57;100,00;13,89;0,00;5,72
2019.0;3.0;2019-03-01;BRASPINE;XAXIM VELHO;;;;;115,05;19,17;84,89;13,03;45,66;26,62;100,00;155,70;0,00;5,13
2019.0;4.0;2019-04-01;BRASPINE;AGUA DOCE;PR;JAGUARIAIVA;238,97;121,99;47,64;19,57;83,21;12,99;44,21;27,23;99,86;141,08;0,00;0,57
2019.0;4.0;2019-04-01;BRASPINE;AMATA;;;;;128,33;21,06;83,46;13,25;42,16;30,66;100,00;71,25;0,00;3,51
2019.0;4.0;2019-04-01;BRASPINE;ANTA BRAVA;;;;;73,96;22,18;80,50;15,84;46,22;30,23;99,68;0,00;0,00;6,17
2019.0;4.0;2019-04-01;BRASPINE;ARAPONGAS;PR;SENGES;423,34;263,70;52,93;19,58;85,76;12,64;44,41;28,27;100,00;126,12;0,00;3,06
2019.0;4.0;2019-04-01;BRASPINE;ARROIO CLARO;PR;DOUTOR ULYSSES;275,14;92,00;79,44;19,72;86,09;12,81;43,46;28,65;100,00;111,44;0,00;13,36
2019.0;4.0;2019-04-01;BRASPINE;BARRA GRANDE;PR;DOUTOR ULYSSES;493,79;139,68;58,37;20,09;85,98;13,00;44,20;29,24;100,00;98,42;0,00;2,32
2019.0;4.0;2019-04-01;BRASPINE;BARRA GRANDE - BEMAIS;PR;GUARAPUAVA;299,16;108,61;99,11;18,61;85,74;10,93;39,82;25,46;100,00;158,04;0,00;27,82
2019.0;4.0;2019-04-01;BRASPINE;BARRETOS;PR;JAGUARIAIVA;43,35;32,98;57,15;19,60;84,88;12,92;44,61;27,85;99,98;142,13;0,00;3,30
2019.0;4.0;2019-04-01;BRASPINE;BAU;;;;;128,15;18,55;85,79;9,73;44,34;25,09;99,91;125,73;0,00;3,32
2019.0;4.0;2019-04-01;BRASPINE;BOA VISTA II;PR;PIRAI DO SUL;944,00;535,05;57,46;19,63;84,04;12,85;44,92;27,58;99,96;141,50;0,00;0,65
2019.0;4.0;2019-04-01;BRASPINE;BRASILEIRA;;;;;57,58;19,58;85,76;12,64;44,41;28,27;100,00;126,12;0,00;3,06
2019.0;4.0;2019-04-01;BRASPINE;BURACAO;;;;;119,38;19,41;84,49;10,82;44,77;27,51;99,81;91,20;0,00;14,30
2019.0;4.0;2019-04-01;BRASPINE;BURRINHO;PR;DOUTOR ULYSSES;211,01;100,37;77,98;19,72;86,09;12,81;43,46;28,65;100,00;111,44;0,00;13,36
2019.0;4.0;2019-04-01;BRASPINE;CADEADO I;PR;JAGUARIAIVA;21,07;12,29;49,90;19,38;85,46;12,56;44,23;27,82;100,00;153,32;0,00;5,86
2019.0;4.0;2019-04-01;BRASPINE;CADEADO II;PR;JAGUARIAIVA;21,88;16,79;49,90;19,38;85,46;12,56;44,23;27,82;100,00;153,32;0,00;5,86
2019.0;4.0;2019-04-01;BRASPINE;CAMPINA ALTA;PR;TIBAGI;29,77;18,24;172,54;19,97;84,70;10,55;43,74;27,10;99,93;116,23;0,00;9,04
2019.0;4.0;2019-04-01;BRASPINE;CAMPINA DO ELIAS;PR;JAGUARIAIVA;29,17;14,65;54,04;19,52;85,09;12,89;44,47;27,84;99,99;140,75;0,00;4,13
2019.0;4.0;2019-04-01;BRASPINE;CAMPO NOVO;PR;JAGUARIAIVA;295,98;156,36;56,24;19,38;85,46;12,56;44,23;27,82;100,00;153,32;0,00;5,86
2019.0;4.0;2019-04-01;BRASPINE;CONSULTORIA II A;PR;DOUTOR ULYSSES;89,62;60,79;54,79;19,58;85,76;12,64;44,41;28,27;100,00;126,12;0,00;3,06
2019.0;4.0;2019-04-01;BRASPINE;DINIZ;;;;;53,98;19,58;85,76;12,64;44,41;28,27;100,00;126,12;0,00;3,06
2019.0;4.0;2019-04-01;BRASPINE;ENES;PR;JAGUARIAIVA;5,93;5,69;56,72;19,38;85,46;12,56;44,23;27,82;100,00;153,32;0,00;5,86
2019.0;4.0;2019-04-01;BRASPINE;ENGENHARIA;;;;;53,98;19,58;85,76;12,64;44,41;28,27;100,00;126,12;0,00;3,06
2019.0;4.0;2019-04-01;BRASPINE;ESTACAO;PR;SENGES;4,76;4,14;50,87;19,38;85,46;12,56;44,23;27,82;100,00;153,32;0,00;5,86
2019.0;4.0;2019-04-01;BRASPINE;FAXINAL;PR;JAGUARIAIVA;20,65;20,65;56,72;19,38;85,46;12,56;44,23;27,82;100,00;153,32;0,00;5,86
2019.0;4.0;2019-04-01;BRASPINE;FEITAL;PR;DOUTOR ULYSSES;154,17;86,53;56,45;19,75;85,84;12,76;44,36;28,59;100,00;127,15;0,00;1,81
2019.0;4.0;2019-04-01;BRASPINE;FIGUEIRA;PR;DOUTOR ULYSSES;1053,81;315,71;50,67;19,72;86,09;12,81;43,46;28,65;100,00;111,44;0,00;13,36
2019.0;4.0;2019-04-01;BRASPINE;FIGUEIRINHA;PR;DOUTOR ULYSSES;94,37;56,74;67,18;19,72;86,09;12,81;43,46;28,65;100,00;111,44;0,00;13,36
2019.0;4.0;2019-04-01;BRASPINE;FLOEMA;PR;DOUTOR ULYSSES;2189,88;701,43;57,77;19,19;85,98;12,05;43,89;27,78;100,00;151,23;0,00;15,40
2019.0;4.0;2019-04-01;BRASPINE;FLOEMA I - SUDATI;;;;;49,74;19,58;85,76;12,64;44,41;28,27;100,00;126,12;0,00;3,06
2019.0;4.0;2019-04-01;BRASPINE;FLOEMA II - SUDATI;PR;DOUTOR ULYSSES;453,83;211,13;42,53;19,58;85,76;12,64;44,41;28,27;100,00;126,12;0,00;3,06
2019.0;4.0;2019-04-01;BRASPINE;FLOR DA SERRA;PR;SAO JOSE DA BOA VISTA;209,10;128,72;77,29;21,44;77,74;12,83;40,41;29,55;99,82;55,83;0,00;5,14
2019.0;4.0;2019-04-01;BRASPINE;GENTIL;PR;JAGUARIAIVA;126,77;53,33;47,16;19,30;83,07;12,74;43,67;26,77;99,76;154,22;0,00;3,12
2019.0;4.0;2019-04-01;BRASPINE;GUAIRACA;PR;GUARAPUAVA;623,62;169,31;101,10;18,82;84,88;10,55;37,97;25,77;100,00;156,16;0,00;30,21
2019.0;4.0;2019-04-01;BRASPINE;HERVAL 2 - MADALOSSO;;;;;109,52;19,41;84,49;10,82;44,77;27,51;99,81;91,20;0,00;14,30
2019.0;4.0;2019-04-01;BRASPINE;HERVAL DE BAIXO;PR;RESERVA;827,29;475,92;167,87;19,91;85,04;10,48;43,56;27,17;99,97;115,38;0,00;6,58
2019.0;4.0;2019-04-01;BRASPINE;HORTO 01;PR;TURVO;19,12;19,12;126,42;19,23;85,88;9,97;45,73;25,95;99,90;127,23;0,00;18,27
2019.0;4.0;2019-04-01;BRASPINE;HORTO 02;PR;TURVO;4,24;4,24;115,81;19,23;85,88;9,97;45,73;25,95;99,90;127,23;0,00;18,27
2019.0;4.0;2019-04-01;BRASPINE;HORTO 03;PR;PRUDENTOPOLIS;80,91;25,89;160,91;19,74;85,06;10,65;43,20;26,82;99,98;131,94;0,00;224,05
2019.0;4.0;2019-04-01;BRASPINE;HORTO 08;PR;TURVO;9,53;9,53;110,29;19,74;85,06;10,65;43,20;26,82;99,98;131,94;0,00;224,05
2019.0;4.0;2019-04-01;BRASPINE;HORTO 12;PR;PRUDENTOPOLIS;12,20;12,20;169,56;19,74;85,06;10,65;43,20;26,82;99,98;131,94;0,00;224,05
2019.0;4.0;2019-04-01;BRASPINE;IZAU;PR;PIRAI DO SUL;19,37;11,60;55,01;19,35;83,47;12,62;43,37;26,96;99,79;155,58;0,00;118,60
2019.0;4.0;2019-04-01;BRASPINE;JOAO RICO;PR;JAGUARIAIVA;47,46;26,18;48,65;19,57;83,21;12,99;44,21;27,23;99,86;141,08;0,00;0,57
2019.0;4.0;2019-04-01;BRASPINE;LAGOA;PR;JAGUARIAIVA;24,10;10,78;48,95;19,38;85,46;12,56;44,23;27,82;100,00;153,32;0,00;5,86
2019.0;4.0;2019-04-01;BRASPINE;MARACANA;PR;JANDAIA DO SUL;11,45;11,45;66,62;21,91;79,59;13,77;35,67;29,60;99,94;27,87;0,00;3,87
2019.0;4.0;2019-04-01;BRASPINE;MARRECA;;;;;58,56;19,72;86,09;12,81;43,46;28,65;100,00;111,44;0,00;13,36
2019.0;4.0;2019-04-01;BRASPINE;MARRECA SP;SP;ITAPIRAPUA PAULISTA;675,30;236,19;86,39;20,42;86,10;12,88;43,01;29,84;100,00;97,33;0,00;8,26
2019.0;4.0;2019-04-01;BRASPINE;MARRECAS;;;;;105,86;18,10;86,28;10,23;39,20;24,73;100,00;182,52;0,00;28,42
2019.0;4.0;2019-04-01;BRASPINE;MERCADINHO;;;;;83,75;20,27;84,95;12,56;43,15;29,61;100,00;97,67;0,00;7,72
2019.0;4.0;2019-04-01;BRASPINE;MONTE ALEGRE;;;;;66,13;22,42;78,43;14,32;36,27;30,17;99,80;28,81;0,00;0,52
2019.0;4.0;2019-04-01;BRASPINE;MONTE TABOR II;;;;;48,24;19,68;87,76;12,28;50,25;28,88;100,00;95,87;0,00;2,31
2019.0;4.0;2019-04-01;BRASPINE;MOREIRA;PR;DOUTOR ULYSSES;230,52;68,68;42,53;19,58;85,76;12,64;44,41;28,27;100,00;126,12;0,00;3,06
2019.0;4.0;2019-04-01;BRASPINE;MOREIRAS II;PR;DOUTOR ULYSSES;66,76;28,75;56,61;19,58;85,76;12,64;44,41;28,27;100,00;126,12;0,00;3,06
2019.0;4.0;2019-04-01;BRASPINE;MORRETES;PR;ORTIGUEIRA;20,36;20,36;159,65;20,42;84,51;10,93;41,44;28,06;99,99;103,60;0,00;4,46
2019.0;4.0;2019-04-01;BRASPINE;MORRO AZUL;;;;;47,14;19,91;85,60;13,33;45,29;29,10;100,00;112,44;0,00;1,32
2019.0;4.0;2019-04-01;BRASPINE;OURO FINO;SP;APIAI;51,70;51,70;54,73;19,63;86,78;13,06;47,70;28,68;100,00;96,53;0,00;7,48
2019.0;4.0;2019-04-01;BRASPINE;PALMEIRINHA DE BAIXO - SOSSEGO;PR;SENGES;85,93;9,22;41,62;19,42;83,21;12,31;43,10;27,50;99,98;152,35;0,00;38,67
2019.0;4.0;2019-04-01;BRASPINE;PAZIN;PR;DOUTOR ULYSSES;41,20;23,90;57,98;19,72;86,09;12,81;43,46;28,65;100,00;111,44;0,00;13,36
2019.0;4.0;2019-04-01;BRASPINE;PEDRAS;PR;CASTRO;7,18;7,18;72,05;19,32;84,20;12,57;45,73;26,77;99,93;138,30;0,00;1,81
2019.0;4.0;2019-04-01;BRASPINE;PESCARIA;PR;SAO JOSE DA BOA VISTA;184,57;129,22;47,45;21,72;76,86;13,07;37,81;29,95;99,77;26,46;0,00;3,42
2019.0;4.0;2019-04-01;BRASPINE;PESSEGUEIRO;PR;DOUTOR ULYSSES;109,95;64,79;54,08;19,58;85,76;12,64;44,41;28,27;100,00;126,12;0,00;3,06
2019.0;4.0;2019-04-01;BRASPINE;PITANGA;;;;;115,67;19,17;85,32;9,30;44,80;25,98;99,84;142,53;0,00;2,08
2019.0;4.0;2019-04-01;BRASPINE;QUEIMADINHO ARROIO CLARO;PR;DOUTOR ULYSSES;48,13;19,09;57,58;19,58;85,76;12,64;44,41;28,27;100,00;126,12;0,00;3,06
2019.0;4.0;2019-04-01;BRASPINE;QUEIMADINHO M6042;PR;DOUTOR ULYSSES;48,38;18,50;57,58;19,58;85,76;12,64;44,41;28,27;100,00;126,12;0,00;3,06
2019.0;4.0;2019-04-01;BRASPINE;QUEIMADINHO USUCAPIAO;PR;DOUTOR ULYSSES;200,27;92,43;57,58;19,58;85,76;12,64;44,41;28,27;100,00;126,12;0,00;3,06
2019.0;4.0;2019-04-01;BRASPINE;RAMOS;PR;SENGES;69,83;38,15;49,74;19,38;85,46;12,56;44,23;27,82;100,00;153,32;0,00;5,86
2019.0;4.0;2019-04-01;BRASPINE;RIBEIRAO GRANDE;PR;JAGUARIAIVA;20,77;20,77;49,80;19,35;83,47;12,62;43,37;26,96;99,79;155,58;0,00;118,60
2019.0;4.0;2019-04-01;BRASPINE;RINCAO DE BAIXO;;;;;155,38;19,66;81,61;11,87;41,38;26,81;99,76;118,85;0,00;6,85
2019.0;4.0;2019-04-01;BRASPINE;RIO BOMBA;PR;CERRO AZUL;65,03;37,72;97,20;20,54;84,42;12,17;43,46;29,94;99,99;113,21;0,00;0,67
2019.0;4.0;2019-04-01;BRASPINE;RIO DO MEIO;PR;DOUTOR ULYSSES;712,33;389,13;56,86;19,58;85,76;12,64;44,41;28,27;100,00;126,12;0,00;3,06
2019.0;4.0;2019-04-01;BRASPINE;RONDON;PR;JAGUARIAIVA;2899,24;1475,88;35,27;19,39;83,89;12,68;43,84;27,35;99,92;167,95;0,00;7,44
2019.0;4.0;2019-04-01;BRASPINE;SANTA FELICIDADE;;;;;58,42;20,79;86,14;13,00;42,91;30,59;100,00;113,63;0,00;2,15
2019.0;4.0;2019-04-01;BRASPINE;SANTA LIDIA DO CERCADINHO;;;;;156,35;19,35;81,55;11,81;41,66;26,42;99,77;147,47;0,00;7,19
2019.0;4.0;2019-04-01;BRASPINE;SANTO ANTONIO;;;;;44,68;19,47;83,57;12,73;44,12;27,92;100,00;153,01;0,00;31,37
2019.0;4.0;2019-04-01;BRASPINE;SAO JOSE;PR;JANDAIA DO SUL;37,56;37,56;66,01;22,26;78,68;14,18;36,19;29,96;99,86;28,59;0,00;1,36
2019.0;4.0;2019-04-01;BRASPINE;SAO MATHEUS;;;;;93,26;23,49;77,83;14,30;36,60;31,52;99,82;29,13;0,00;3,76
2019.0;4.0;2019-04-01;BRASPINE;SAO PEDRO E SAO PAULO;PR;SAPOPEMA;709,13;323,93;84,41;20,69;78,79;12,87;35,29;27,95;99,76;83,04;0,00;80,32
2019.0;4.0;2019-04-01;BRASPINE;SAO RAFAEL;;;;;120,39;19,26;83,54;12,41;44,21;28,25;99,82;150,31;0,00;8,27
2019.0;4.0;2019-04-01;BRASPINE;SAO RAFAEL - PB;;;;;51,86;19,77;86,44;13,24;46,92;28,89;100,00;98,13;0,00;10,98
2019.0;4.0;2019-04-01;BRASPINE;SERRARIA;PR;DOUTOR ULYSSES;280,88;117,71;53,00;19,45;86,04;12,43;43,67;28,21;100,00;123,98;0,00;14,44
2019.0;4.0;2019-04-01;BRASPINE;SERRO VERDE;;;;;129,79;18,80;85,16;9,38;44,22;25,59;99,92;127,27;0,00;7,93
2019.0;4.0;2019-04-01;BRASPINE;SERTAOZINHO;PR;DOUTOR ULYSSES;16,25;16,25;58,58;19,58;85,76;12,64;44,41;28,27;100,00;126,12;0,00;3,06
2019.0;4.0;2019-04-01;BRASPINE;SITIO BASILIO;PR;JAGUARIAIVA;8,08;8,08;47,09;19,35;82,99;12,84;44,01;26,83;99,77;154,32;0,00;0,35
2019.0;4.0;2019-04-01;BRASPINE;SITIO DAS MARRECAS;PR;DOUTOR ULYSSES;77,49;35,17;66,99;20,22;86,10;12,86;43,14;29,50;100,00;97,10;0,00;9,80
2019.0;4.0;2019-04-01;BRASPINE;SOBRADINHO;SP;BOM SUCESSO DE ITARARE;285,80;123,10;56,17;19,38;84,63;12,89;45,31;28,11;100,00;168,34;0,00;21,88
2019.0;4.0;2019-04-01;BRASPINE;TAQUARAL;PR;JAGUARIAIVA;519,13;31,07;50,93;19,58;83,84;12,99;44,50;27,39;100,00;155,90;0,00;2,60
2019.0;4.0;2019-04-01;BRASPINE;TUCUNDUVA;PR;SENGES;82,21;60,89;47,95;20,10;80,02;12,13;39,68;27,95;99,79;124,63;0,00;6,15
2019.0;4.0;2019-04-01;BRASPINE;TUCUNDUVA - CHAMMA;;;;;44,90;20,20;79,88;12,53;39,05;28,16;99,80;111,96;0,00;2,91
2019.0;4.0;2019-04-01;BRASPINE;VIENA 1;PR;DOUTOR ULYSSES;263,98;178,34;64,76;19,13;85,59;11,52;44,96;27,36;100,00;135,00;0,00;7,19
2019.0;4.0;2019-04-01;BRASPINE;VIENA 2;PR;CERRO AZUL;140,23;96,54;96,89;20,54;84,42;12,17;43,46;29,94;99,99;113,21;0,00;0,67
2019.0;4.0;2019-04-01;BRASPINE;VITORIA;PR;SENGES;50,54;35,69;41,62;19,42;83,21;12,31;43,10;27,50;99,98;152,35;0,00;38,67
2019.0;4.0;2019-04-01;BRASPINE;VIVEIRO;PR;DOUTOR ULYSSES;405,39;261,22;56,61;19,58;85,76;12,64;44,41;28,27;100,00;126,12;0,00;3,06
2019.0;4.0;2019-04-01;BRASPINE;VO LINO;PR;DOUTOR ULYSSES;164,50;97,89;65,21;19,72;86,09;12,81;43,46;28,65;100,00;111,44;0,00;13,36
2019.0;4.0;2019-04-01;BRASPINE;XAXIM VELHO;;;;;104,56;18,33;86,08;10,62;39,15;25,04;100,00;200,64;0,00;1,53
2019.0;5.0;2019-05-01;BRASPINE;AGUA DOCE;PR;JAGUARIAIVA;238,97;121,99;129,62;17,48;85,40;7,84;52,40;26,52;99,75;232,26;0,00;6,64
2019.0;5.0;2019-05-01;BRASPINE;AMATA;;;;;126,56;18,86;86,74;9,80;52,49;28,88;100,00;128,90;0,00;6,10
2019.0;5.0;2019-05-01;BRASPINE;ANTA BRAVA;;;;;93,31;20,34;80,81;10,96;42,09;28,54;99,68;77,91;0,00;24,63
2019.0;5.0;2019-05-01;BRASPINE;ARAPONGAS;PR;SENGES;423,34;263,70;125,37;17,51;88,13;8,24;54,24;26,77;100,00;247,44;0,00;10,89
2019.0;5.0;2019-05-01;BRASPINE;ARROIO CLARO;PR;DOUTOR ULYSSES;275,14;92,00;122,95;17,62;88,69;8,78;54,44;26,96;100,00;236,12;0,00;2,12
2019.0;5.0;2019-05-01;BRASPINE;BARRA GRANDE;PR;DOUTOR ULYSSES;493,79;139,68;121,33;17,98;88,41;8,24;54,58;27,52;100,00;224,88;0,00;2,51
2019.0;5.0;2019-05-01;BRASPINE;BARRA GRANDE - BEMAIS;PR;GUARAPUAVA;299,16;108,61;196,34;16,48;88,01;9,12;58,03;25,12;99,99;263,55;0,00;2,74
2019.0;5.0;2019-05-01;BRASPINE;BARRETOS;PR;JAGUARIAIVA;43,35;32,98;131,59;17,48;87,26;8,47;54,26;26,70;99,98;230,55;0,00;9,72
2019.0;5.0;2019-05-01;BRASPINE;BAU;;;;;220,27;16,51;88,30;9,93;59,55;24,55;99,92;204,38;0,00;4,02
2019.0;5.0;2019-05-01;BRASPINE;BOA VISTA II;PR;PIRAI DO SUL;944,00;535,05;134,58;17,46;86,51;7,92;52,87;26,71;99,92;228,87;0,00;1,83
2019.0;5.0;2019-05-01;BRASPINE;BRASILEIRA;;;;;119,73;17,51;88,13;8,24;54,24;26,77;100,00;247,44;0,00;10,89
2019.0;5.0;2019-05-01;BRASPINE;BURACAO;;;;;148,34;17,38;86,65;8,24;52,79;26,37;99,92;216,13;0,00;8,67
2019.0;5.0;2019-05-01;BRASPINE;BURRINHO;PR;DOUTOR ULYSSES;211,01;100,37;123,14;17,62;88,69;8,78;54,44;26,96;100,00;236,12;0,00;2,12
2019.0;5.0;2019-05-01;BRASPINE;CADEADO I;PR;JAGUARIAIVA;21,07;12,29;123,00;17,32;87,67;7,99;53,89;26,46;100,00;256,95;0,00;17,15
2019.0;5.0;2019-05-01;BRASPINE;CADEADO II;PR;JAGUARIAIVA;21,88;16,79;123,00;17,32;87,67;7,99;53,89;26,46;100,00;256,95;0,00;17,15
2019.0;5.0;2019-05-01;BRASPINE;CAMPINA ALTA;PR;TIBAGI;29,77;18,24;286,61;17,92;86,06;9,65;53,18;26,64;99,98;178,64;0,00;6,18
2019.0;5.0;2019-05-01;BRASPINE;CAMPINA DO ELIAS;PR;JAGUARIAIVA;29,17;14,65;133,66;17,42;87,41;8,29;54,12;26,61;99,99;244,33;0,00;1,83
2019.0;5.0;2019-05-01;BRASPINE;CAMPO NOVO;PR;JAGUARIAIVA;295,98;156,36;127,73;17,32;87,67;7,99;53,89;26,46;100,00;256,95;0,00;17,15
2019.0;5.0;2019-05-01;BRASPINE;CONSULTORIA II A;PR;DOUTOR ULYSSES;89,62;60,79;120,95;17,51;88,13;8,24;54,24;26,77;100,00;247,44;0,00;10,89
2019.0;5.0;2019-05-01;BRASPINE;DINIZ;;;;;121,00;17,51;88,13;8,24;54,24;26,77;100,00;247,44;0,00;10,89
2019.0;5.0;2019-05-01;BRASPINE;ENES;PR;JAGUARIAIVA;5,93;5,69;128,05;17,32;87,67;7,99;53,89;26,46;100,00;256,95;0,00;17,15
2019.0;5.0;2019-05-01;BRASPINE;ENGENHARIA;;;;;121,00;17,51;88,13;8,24;54,24;26,77;100,00;247,44;0,00;10,89
2019.0;5.0;2019-05-01;BRASPINE;ESTACAO;PR;SENGES;4,76;4,14;122,23;17,32;87,67;7,99;53,89;26,46;100,00;256,95;0,00;17,15
2019.0;5.0;2019-05-01;BRASPINE;FAXINAL;PR;JAGUARIAIVA;20,65;20,65;128,05;17,32;87,67;7,99;53,89;26,46;100,00;256,95;0,00;17,15
2019.0;5.0;2019-05-01;BRASPINE;FEITAL;PR;DOUTOR ULYSSES;154,17;86,53;123,58;17,66;88,22;8,24;54,39;27,02;100,00;235,01;0,00;7,42
2019.0;5.0;2019-05-01;BRASPINE;FIGUEIRA;PR;DOUTOR ULYSSES;1053,81;315,71;131,18;17,62;88,69;8,78;54,44;26,96;100,00;236,12;0,00;2,12
2019.0;5.0;2019-05-01;BRASPINE;FIGUEIRINHA;PR;DOUTOR ULYSSES;94,37;56,74;136,52;17,62;88,69;8,78;54,44;26,96;100,00;236,12;0,00;2,12
2019.0;5.0;2019-05-01;BRASPINE;FLOEMA;PR;DOUTOR ULYSSES;2189,88;701,43;132,94;17,17;88,31;8,55;54,49;26,27;100,00;258,13;0,00;2,63
2019.0;5.0;2019-05-01;BRASPINE;FLOEMA I - SUDATI;;;;;122,56;17,51;88,13;8,24;54,24;26,77;100,00;247,44;0,00;10,89
2019.0;5.0;2019-05-01;BRASPINE;FLOEMA II - SUDATI;PR;DOUTOR ULYSSES;453,83;211,13;126,64;17,51;88,13;8,24;54,24;26,77;100,00;247,44;0,00;10,89
2019.0;5.0;2019-05-01;BRASPINE;FLOR DA SERRA;PR;SAO JOSE DA BOA VISTA;209,10;128,72;117,09;19,32;79,93;10,06;47,91;27,85;99,73;126,22;0,00;0,82
2019.0;5.0;2019-05-01;BRASPINE;GENTIL;PR;JAGUARIAIVA;126,77;53,33;127,50;17,23;85,42;8,11;52,26;26,13;99,73;228,98;0,00;9,52
2019.0;5.0;2019-05-01;BRASPINE;GUAIRACA;PR;GUARAPUAVA;623,62;169,31;204,96;16,59;87,81;8,97;57,98;25,51;100,00;247,94;0,00;5,11
2019.0;5.0;2019-05-01;BRASPINE;HERVAL 2 - MADALOSSO;;;;;150,92;17,38;86,65;8,24;52,79;26,37;99,92;216,13;0,00;8,67
2019.0;5.0;2019-05-01;BRASPINE;HERVAL DE BAIXO;PR;RESERVA;827,29;475,92;310,81;17,84;86,53;8,31;54,03;26,60;99,94;189,48;0,00;5,38
2019.0;5.0;2019-05-01;BRASPINE;HORTO 01;PR;TURVO;19,12;19,12;238,89;17,16;87,74;8,35;59,68;25,47;99,99;185,33;0,00;4,89
2019.0;5.0;2019-05-01;BRASPINE;HORTO 02;PR;TURVO;4,24;4,24;231,20;17,16;87,74;8,35;59,68;25,47;99,99;185,33;0,00;4,89
2019.0;5.0;2019-05-01;BRASPINE;HORTO 03;PR;PRUDENTOPOLIS;80,91;25,89;259,12;17,57;86,94;8,66;57,28;26,19;99,99;204,78;0,00;13,54
2019.0;5.0;2019-05-01;BRASPINE;HORTO 08;PR;TURVO;9,53;9,53;194,19;17,57;86,94;8,66;57,28;26,19;99,99;204,78;0,00;13,54
2019.0;5.0;2019-05-01;BRASPINE;HORTO 12;PR;PRUDENTOPOLIS;12,20;12,20;259,55;17,57;86,94;8,66;57,28;26,19;99,99;204,78;0,00;13,54
2019.0;5.0;2019-05-01;BRASPINE;IZAU;PR;PIRAI DO SUL;19,37;11,60;136,13;17,20;86,16;8,79;52,18;26,24;99,64;212,76;0,00;13,06
2019.0;5.0;2019-05-01;BRASPINE;JOAO RICO;PR;JAGUARIAIVA;47,46;26,18;129,69;17,48;85,40;7,84;52,40;26,52;99,75;232,26;0,00;6,64
2019.0;5.0;2019-05-01;BRASPINE;LAGOA;PR;JAGUARIAIVA;24,10;10,78;125,44;17,32;87,67;7,99;53,89;26,46;100,00;256,95;0,00;17,15
2019.0;5.0;2019-05-01;BRASPINE;MARACANA;PR;JANDAIA DO SUL;11,45;11,45;101,91;19,79;81,53;12,07;47,19;28,16;99,99;120,87;0,00;25,90
2019.0;5.0;2019-05-01;BRASPINE;MARRECA;;;;;127,06;17,62;88,69;8,78;54,44;26,96;100,00;236,12;0,00;2,12
2019.0;5.0;2019-05-01;BRASPINE;MARRECA SP;SP;ITAPIRAPUA PAULISTA;675,30;236,19;132,17;18,29;88,79;8,42;54,41;28,00;100,00;184,49;0,00;1,10
2019.0;5.0;2019-05-01;BRASPINE;MARRECAS;;;;;201,11;15,99;88,71;8,20;57,47;24,57;100,00;281,30;0,00;1,77
2019.0;5.0;2019-05-01;BRASPINE;MERCADINHO;;;;;130,82;18,12;87,91;8,78;53,67;27,84;100,00;181,73;0,00;2,22
2019.0;5.0;2019-05-01;BRASPINE;MONTE ALEGRE;;;;;108,13;20,20;80,71;12,28;46,74;28,66;100,00;108,88;0,00;5,37
2019.0;5.0;2019-05-01;BRASPINE;MONTE TABOR II;;;;;120,70;17,67;89,68;7,38;57,91;26,86;100,00;220,35;0,00;0,45
2019.0;5.0;2019-05-01;BRASPINE;MOREIRA;PR;DOUTOR ULYSSES;230,52;68,68;126,64;17,51;88,13;8,24;54,24;26,77;100,00;247,44;0,00;10,89
2019.0;5.0;2019-05-01;BRASPINE;MOREIRAS II;PR;DOUTOR ULYSSES;66,76;28,75;120,08;17,51;88,13;8,24;54,24;26,77;100,00;247,44;0,00;10,89
2019.0;5.0;2019-05-01;BRASPINE;MORRETES;PR;ORTIGUEIRA;20,36;20,36;258,68;18,25;86,11;8,35;53,46;27,12;99,98;160,89;0,00;7,09
2019.0;5.0;2019-05-01;BRASPINE;MORRO AZUL;;;;;104,36;17,83;87,97;8,26;52,77;27,36;100,00;250,88;0,00;55,46
2019.0;5.0;2019-05-01;BRASPINE;OURO FINO;SP;APIAI;51,70;51,70;101,28;17,63;88,75;7,76;53,96;26,97;100,00;234,89;0,00;51,33
2019.0;5.0;2019-05-01;BRASPINE;PALMEIRINHA DE BAIXO - SOSSEGO;PR;SENGES;85,93;9,22;117,44;17,35;85,59;8,32;50,42;26,39;99,82;260,14;0,00;18,65
2019.0;5.0;2019-05-01;BRASPINE;PAZIN;PR;DOUTOR ULYSSES;41,20;23,90;129,27;17,62;88,69;8,78;54,44;26,96;100,00;236,12;0,00;2,12
2019.0;5.0;2019-05-01;BRASPINE;PEDRAS;PR;CASTRO;7,18;7,18;143,56;17,15;86,84;8,54;52,12;26,24;99,58;194,46;0,00;2,22
2019.0;5.0;2019-05-01;BRASPINE;PESCARIA;PR;SAO JOSE DA BOA VISTA;184,57;129,22;146,06;19,55;79,08;9,08;47,48;28,40;99,77;95,93;0,00;1,26
2019.0;5.0;2019-05-01;BRASPINE;PESSEGUEIRO;PR;DOUTOR ULYSSES;109,95;64,79;120,57;17,51;88,13;8,24;54,24;26,77;100,00;247,44;0,00;10,89
2019.0;5.0;2019-05-01;BRASPINE;PITANGA;;;;;209,99;17,07;87,89;10,20;60,33;25,10;99,87;180,58;0,00;2,41
2019.0;5.0;2019-05-01;BRASPINE;QUEIMADINHO ARROIO CLARO;PR;DOUTOR ULYSSES;48,13;19,09;119,73;17,51;88,13;8,24;54,24;26,77;100,00;247,44;0,00;10,89
2019.0;5.0;2019-05-01;BRASPINE;QUEIMADINHO M6042;PR;DOUTOR ULYSSES;48,38;18,50;119,73;17,51;88,13;8,24;54,24;26,77;100,00;247,44;0,00;10,89
2019.0;5.0;2019-05-01;BRASPINE;QUEIMADINHO USUCAPIAO;PR;DOUTOR ULYSSES;200,27;92,43;119,73;17,51;88,13;8,24;54,24;26,77;100,00;247,44;0,00;10,89
2019.0;5.0;2019-05-01;BRASPINE;RAMOS;PR;SENGES;69,83;38,15;122,56;17,32;87,67;7,99;53,89;26,46;100,00;256,95;0,00;17,15
2019.0;5.0;2019-05-01;BRASPINE;RIBEIRAO GRANDE;PR;JAGUARIAIVA;20,77;20,77;141,67;17,20;86,16;8,79;52,18;26,24;99,64;212,76;0,00;13,06
2019.0;5.0;2019-05-01;BRASPINE;RINCAO DE BAIXO;;;;;216,31;17,50;84,52;9,07;51,30;26,08;99,98;216,20;0,00;0,89
2019.0;5.0;2019-05-01;BRASPINE;RIO BOMBA;PR;CERRO AZUL;65,03;37,72;131,82;18,41;87,07;9,41;53,99;28,15;99,99;168,71;0,00;12,49
2019.0;5.0;2019-05-01;BRASPINE;RIO DO MEIO;PR;DOUTOR ULYSSES;712,33;389,13;120,01;17,51;88,13;8,24;54,24;26,77;100,00;247,44;0,00;10,89
2019.0;5.0;2019-05-01;BRASPINE;RONDON;PR;JAGUARIAIVA;2899,24;1475,88;130,17;17,34;86,09;8,24;52,79;26,33;99,83;260,09;0,00;0,07
2019.0;5.0;2019-05-01;BRASPINE;SANTA FELICIDADE;;;;;118,71;18,67;88,90;8,47;54,12;28,61;100,00;126,92;0,00;5,68
2019.0;5.0;2019-05-01;BRASPINE;SANTA LIDIA DO CERCADINHO;;;;;212,72;17,23;84,62;9,14;51,47;25,63;99,97;227,63;0,00;5,22
2019.0;5.0;2019-05-01;BRASPINE;SANTO ANTONIO;;;;;118,47;17,39;86,00;8,01;50,46;26,58;100,00;258,21;0,00;2,87
2019.0;5.0;2019-05-01;BRASPINE;SAO JOSE;PR;JANDAIA DO SUL;37,56;37,56;107,44;20,07;80,89;12,19;46,89;28,48;100,00;107,99;0,00;5,85
2019.0;5.0;2019-05-01;BRASPINE;SAO MATHEUS;;;;;158,43;21,07;80,52;11,68;47,29;29,91;99,98;111,36;0,00;3,52
2019.0;5.0;2019-05-01;BRASPINE;SAO PEDRO E SAO PAULO;PR;SAPOPEMA;709,13;323,93;157,48;18,74;80,34;9,44;46,57;26,97;99,67;154,91;0,00;4,46
2019.0;5.0;2019-05-01;BRASPINE;SAO RAFAEL;;;;;143,00;17,07;87,01;8,33;54,59;26,36;99,99;227,11;0,00;16,87
2019.0;5.0;2019-05-01;BRASPINE;SAO RAFAEL - PB;;;;;106,48;17,74;88,55;8,06;53,48;27,14;100,00;252,07;0,00;52,37
2019.0;5.0;2019-05-01;BRASPINE;SERRARIA;PR;DOUTOR ULYSSES;280,88;117,71;128,67;17,39;88,50;8,67;54,47;26,62;100,00;262,16;0,00;0,79
2019.0;5.0;2019-05-01;BRASPINE;SERRO VERDE;;;;;211,36;16,81;87,51;9,97;57,54;24,87;99,95;194,37;0,00;1,28
2019.0;5.0;2019-05-01;BRASPINE;SERTAOZINHO;PR;DOUTOR ULYSSES;16,25;16,25;129,80;17,51;88,13;8,24;54,24;26,77;100,00;247,44;0,00;10,89
2019.0;5.0;2019-05-01;BRASPINE;SITIO BASILIO;PR;JAGUARIAIVA;8,08;8,08;129,09;17,31;85,18;7,83;52,33;26,20;99,75;230,27;0,00;106,45
2019.0;5.0;2019-05-01;BRASPINE;SITIO DAS MARRECAS;PR;DOUTOR ULYSSES;77,49;35,17;135,74;18,10;88,76;8,52;54,42;27,70;100,00;212,39;0,00;1,39
2019.0;5.0;2019-05-01;BRASPINE;SOBRADINHO;SP;BOM SUCESSO DE ITARARE;285,80;123,10;106,24;17,36;86,84;7,84;50,54;26,58;100,00;257,14;0,00;50,48
2019.0;5.0;2019-05-01;BRASPINE;TAQUARAL;PR;JAGUARIAIVA;519,13;31,07;137,26;17,49;86,02;7,98;53,41;26,55;99,97;246,79;0,00;5,27
2019.0;5.0;2019-05-01;BRASPINE;TUCUNDUVA;PR;SENGES;82,21;60,89;125,03;18,13;81,74;8,34;48,54;26,95;99,78;240,22;0,00;33,62
2019.0;5.0;2019-05-01;BRASPINE;TUCUNDUVA - CHAMMA;;;;;128,85;18,18;81,81;8,69;47,91;27,08;99,82;240,63;0,00;34,04
2019.0;5.0;2019-05-01;BRASPINE;VIENA 1;PR;DOUTOR ULYSSES;263,98;178,34;133,70;17,10;87,87;8,59;53,10;26,18;100,00;242,40;0,00;0,42
2019.0;5.0;2019-05-01;BRASPINE;VIENA 2;PR;CERRO AZUL;140,23;96,54;131,76;18,41;87,07;9,41;53,99;28,15;99,99;168,71;0,00;12,49
2019.0;5.0;2019-05-01;BRASPINE;VITORIA;PR;SENGES;50,54;35,69;117,44;17,35;85,59;8,32;50,42;26,39;99,82;260,14;0,00;18,65
2019.0;5.0;2019-05-01;BRASPINE;VIVEIRO;PR;DOUTOR ULYSSES;405,39;261,22;120,08;17,51;88,13;8,24;54,24;26,77;100,00;247,44;0,00;10,89
2019.0;5.0;2019-05-01;BRASPINE;VO LINO;PR;DOUTOR ULYSSES;164,50;97,89;124,77;17,62;88,69;8,78;54,44;26,96;100,00;236,12;0,00;2,12
2019.0;5.0;2019-05-01;BRASPINE;XAXIM VELHO;;;;;205,82;16,12;88,93;7,22;56,85;24,93;100,00;252,53;0,00;17,15
2019.0;6.0;2019-06-01;BRASPINE;AGUA DOCE;PR;JAGUARIAIVA;238,97;121,99;37,75;15,82;79,68;8,19;41,61;23,12;99,85;317,86;0,00;13,54
2019.0;6.0;2019-06-01;BRASPINE;AMATA;;;;;59,29;16,94;84,53;8,36;47,23;25,92;100,00;297,60;0,00;1,51
2019.0;6.0;2019-06-01;BRASPINE;ANTA BRAVA;;;;;34,75;18,67;75,70;10,79;37,04;27,09;99,53;252,96;0,00;5,62
2019.0;6.0;2019-06-01;BRASPINE;ARAPONGAS;PR;SENGES;423,34;263,70;48,53;15,96;82,49;8,01;47,61;23,99;100,00;331,74;0,00;0,02
2019.0;6.0;2019-06-01;BRASPINE;ARROIO CLARO;PR;DOUTOR ULYSSES;275,14;92,00;49,64;15,97;83,86;8,40;48,24;24,47;100,00;328,40;0,00;8,35
2019.0;6.0;2019-06-01;BRASPINE;BARRA GRANDE;PR;DOUTOR ULYSSES;493,79;139,68;47,40;16,38;83,36;8,16;47,94;24,94;100,00;338,18;0,00;1,11
2019.0;6.0;2019-06-01;BRASPINE;BARRA GRANDE - BEMAIS;PR;GUARAPUAVA;299,16;108,61;89,34;14,92;82,60;5,52;50,46;22,35;99,99;310,55;0,00;17,50
2019.0;6.0;2019-06-01;BRASPINE;BARRETOS;PR;JAGUARIAIVA;43,35;32,98;50,70;16,10;80,83;8,28;44,56;23,79;99,98;309,71;0,00;3,29
2019.0;6.0;2019-06-01;BRASPINE;BAU;;;;;70,36;15,46;79,32;6,67;48,90;22,45;99,89;311,11;0,00;10,05
2019.0;6.0;2019-06-01;BRASPINE;BOA VISTA II;PR;PIRAI DO SUL;944,00;535,05;50,20;16,01;80,11;7,98;42,48;23,69;99,96;305,16;0,00;3,29
2019.0;6.0;2019-06-01;BRASPINE;BRASILEIRA;;;;;46,55;15,96;82,49;8,01;47,61;23,99;100,00;331,74;0,00;0,02
2019.0;6.0;2019-06-01;BRASPINE;BURACAO;;;;;57,16;15,89;81,33;6,84;46,96;23,86;99,83;310,53;0,00;4,37
2019.0;6.0;2019-06-01;BRASPINE;BURRINHO;PR;DOUTOR ULYSSES;211,01;100,37;49,68;15,97;83,86;8,40;48,24;24,47;100,00;328,40;0,00;8,35
2019.0;6.0;2019-06-01;BRASPINE;CADEADO I;PR;JAGUARIAIVA;21,07;12,29;48,12;15,86;81,68;7,94;46,75;23,50;100,00;327,81;0,00;1,77
2019.0;6.0;2019-06-01;BRASPINE;CADEADO II;PR;JAGUARIAIVA;21,88;16,79;48,12;15,86;81,68;7,94;46,75;23,50;100,00;327,81;0,00;1,77
2019.0;6.0;2019-06-01;BRASPINE;CAMPINA ALTA;PR;TIBAGI;29,77;18,24;73,94;16,24;81,18;6,78;49,18;24,02;99,89;289,78;0,00;18,46
2019.0;6.0;2019-06-01;BRASPINE;CAMPINA DO ELIAS;PR;JAGUARIAIVA;29,17;14,65;50,04;16,01;81,14;8,31;45,36;23,69;99,99;305,53;0,00;2,77
2019.0;6.0;2019-06-01;BRASPINE;CAMPO NOVO;PR;JAGUARIAIVA;295,98;156,36;48,96;15,86;81,68;7,94;46,75;23,50;100,00;327,81;0,00;1,77
2019.0;6.0;2019-06-01;BRASPINE;CONSULTORIA II A;PR;DOUTOR ULYSSES;89,62;60,79;46,66;15,96;82,49;8,01;47,61;23,99;100,00;331,74;0,00;0,02
2019.0;6.0;2019-06-01;BRASPINE;DINIZ;;;;;47,52;15,96;82,49;8,01;47,61;23,99;100,00;331,74;0,00;0,02
2019.0;6.0;2019-06-01;BRASPINE;ENES;PR;JAGUARIAIVA;5,93;5,69;49,01;15,86;81,68;7,94;46,75;23,50;100,00;327,81;0,00;1,77
2019.0;6.0;2019-06-01;BRASPINE;ENGENHARIA;;;;;47,52;15,96;82,49;8,01;47,61;23,99;100,00;331,74;0,00;0,02
2019.0;6.0;2019-06-01;BRASPINE;ESTACAO;PR;SENGES;4,76;4,14;47,95;15,86;81,68;7,94;46,75;23,50;100,00;327,81;0,00;1,77
2019.0;6.0;2019-06-01;BRASPINE;FAXINAL;PR;JAGUARIAIVA;20,65;20,65;49,01;15,86;81,68;7,94;46,75;23,50;100,00;327,81;0,00;1,77
2019.0;6.0;2019-06-01;BRASPINE;FEITAL;PR;DOUTOR ULYSSES;154,17;86,53;48,14;16,10;82,78;8,06;47,81;24,31;100,00;333,85;0,00;0,18
2019.0;6.0;2019-06-01;BRASPINE;FIGUEIRA;PR;DOUTOR ULYSSES;1053,81;315,71;50,71;15,97;83,86;8,40;48,24;24,47;100,00;328,40;0,00;8,35
2019.0;6.0;2019-06-01;BRASPINE;FIGUEIRINHA;PR;DOUTOR ULYSSES;94,37;56,74;49,28;15,97;83,86;8,40;48,24;24,47;100,00;328,40;0,00;8,35
2019.0;6.0;2019-06-01;BRASPINE;FLOEMA;PR;DOUTOR ULYSSES;2189,88;701,43;49,88;15,61;82,80;7,50;49,06;23,69;100,00;322,27;0,00;3,01
2019.0;6.0;2019-06-01;BRASPINE;FLOEMA I - SUDATI;;;;;47,12;15,96;82,49;8,01;47,61;23,99;100,00;331,74;0,00;0,02
2019.0;6.0;2019-06-01;BRASPINE;FLOEMA II - SUDATI;PR;DOUTOR ULYSSES;453,83;211,13;49,21;15,96;82,49;8,01;47,61;23,99;100,00;331,74;0,00;0,02
2019.0;6.0;2019-06-01;BRASPINE;FLOR DA SERRA;PR;SAO JOSE DA BOA VISTA;209,10;128,72;41,48;17,27;77,08;8,93;41,72;25,18;99,02;299,71;0,00;28,49
2019.0;6.0;2019-06-01;BRASPINE;GENTIL;PR;JAGUARIAIVA;126,77;53,33;45,04;15,54;79,76;7,92;40,71;22,75;99,85;325,59;0,00;2,27
2019.0;6.0;2019-06-01;BRASPINE;GUAIRACA;PR;GUARAPUAVA;623,62;169,31;77,48;15,04;82,65;5,49;51,20;22,69;100,00;311,94;0,00;19,71
2019.0;6.0;2019-06-01;BRASPINE;HERVAL 2 - MADALOSSO;;;;;56,70;15,89;81,33;6,84;46,96;23,86;99,83;310,53;0,00;4,37
2019.0;6.0;2019-06-01;BRASPINE;HERVAL DE BAIXO;PR;RESERVA;827,29;475,92;60,58;16,02;82,28;5,67;49,71;24,07;99,84;304,93;0,00;10,38
2019.0;6.0;2019-06-01;BRASPINE;HORTO 01;PR;TURVO;19,12;19,12;48,62;15,40;82,74;6,07;52,35;23,11;99,66;317,01;0,00;7,46
2019.0;6.0;2019-06-01;BRASPINE;HORTO 02;PR;TURVO;4,24;4,24;41,35;15,40;82,74;6,07;52,35;23,11;99,66;317,01;0,00;7,46
2019.0;6.0;2019-06-01;BRASPINE;HORTO 03;PR;PRUDENTOPOLIS;80,91;25,89;75,78;15,72;83,06;6,47;51,12;23,69;99,88;295,27;0,00;11,24
2019.0;6.0;2019-06-01;BRASPINE;HORTO 08;PR;TURVO;9,53;9,53;52,48;15,72;83,06;6,47;51,12;23,69;99,88;295,27;0,00;11,24
2019.0;6.0;2019-06-01;BRASPINE;HORTO 12;PR;PRUDENTOPOLIS;12,20;12,20;85,99;15,72;83,06;6,47;51,12;23,69;99,88;295,27;0,00;11,24
2019.0;6.0;2019-06-01;BRASPINE;IZAU;PR;PIRAI DO SUL;19,37;11,60;43,77;15,73;79,67;7,75;40,15;23,03;99,70;302,71;0,00;5,69
2019.0;6.0;2019-06-01;BRASPINE;JOAO RICO;PR;JAGUARIAIVA;47,46;26,18;41,89;15,82;79,68;8,19;41,61;23,12;99,85;317,86;0,00;13,54
2019.0;6.0;2019-06-01;BRASPINE;LAGOA;PR;JAGUARIAIVA;24,10;10,78;48,93;15,86;81,68;7,94;46,75;23,50;100,00;327,81;0,00;1,77
2019.0;6.0;2019-06-01;BRASPINE;MARACANA;PR;JANDAIA DO SUL;11,45;11,45;72,16;18,49;74,14;10,04;41,44;25,79;100,00;187,46;0,00;3,23
2019.0;6.0;2019-06-01;BRASPINE;MARRECA;;;;;50,06;15,97;83,86;8,40;48,24;24,47;100,00;328,40;0,00;8,35
2019.0;6.0;2019-06-01;BRASPINE;MARRECA SP;SP;ITAPIRAPUA PAULISTA;675,30;236,19;46,88;16,56;84,72;8,21;46,81;25,64;100,00;318,94;0,00;8,15
2019.0;6.0;2019-06-01;BRASPINE;MARRECAS;;;;;82,22;14,64;82,11;5,10;50,52;21,96;100,00;309,17;0,00;5,67
2019.0;6.0;2019-06-01;BRASPINE;MERCADINHO;;;;;52,80;16,32;84,50;7,94;47,52;25,16;100,00;328,85;0,00;13,88
2019.0;6.0;2019-06-01;BRASPINE;MONTE ALEGRE;;;;;64,88;18,88;73,78;10,35;40,46;26,34;99,99;159,71;0,00;2,50
2019.0;6.0;2019-06-01;BRASPINE;MONTE TABOR II;;;;;45,01;15,70;86,33;8,51;47,81;24,62;100,00;316,35;0,00;5,88
2019.0;6.0;2019-06-01;BRASPINE;MOREIRA;PR;DOUTOR ULYSSES;230,52;68,68;49,21;15,96;82,49;8,01;47,61;23,99;100,00;331,74;0,00;0,02
2019.0;6.0;2019-06-01;BRASPINE;MOREIRAS II;PR;DOUTOR ULYSSES;66,76;28,75;46,30;15,96;82,49;8,01;47,61;23,99;100,00;331,74;0,00;0,02
2019.0;6.0;2019-06-01;BRASPINE;MORRETES;PR;ORTIGUEIRA;20,36;20,36;90,29;16,26;83,08;5,67;49,14;24,64;99,78;288,44;0,00;6,46
2019.0;6.0;2019-06-01;BRASPINE;MORRO AZUL;;;;;48,83;16,29;82,51;8,43;45,28;24,57;100,00;339,19;0,00;2,85
2019.0;6.0;2019-06-01;BRASPINE;OURO FINO;SP;APIAI;51,70;51,70;54,45;15,95;84,08;8,41;48,09;24,35;100,00;326,86;0,00;6,86
2019.0;6.0;2019-06-01;BRASPINE;PALMEIRINHA DE BAIXO - SOSSEGO;PR;SENGES;85,93;9,22;42,20;15,71;79,91;7,85;41,51;23,23;99,86;328,08;0,00;3,56
2019.0;6.0;2019-06-01;BRASPINE;PAZIN;PR;DOUTOR ULYSSES;41,20;23,90;49,15;15,97;83,86;8,40;48,24;24,47;100,00;328,40;0,00;8,35
2019.0;6.0;2019-06-01;BRASPINE;PEDRAS;PR;CASTRO;7,18;7,18;55,65;15,66;80,49;7,51;43,24;23,19;99,66;296,20;0,00;11,51
2019.0;6.0;2019-06-01;BRASPINE;PESCARIA;PR;SAO JOSE DA BOA VISTA;184,57;129,22;43,17;17,54;76,22;8,70;39,74;25,40;99,32;290,69;0,00;1,53
2019.0;6.0;2019-06-01;BRASPINE;PESSEGUEIRO;PR;DOUTOR ULYSSES;109,95;64,79;49,14;15,96;82,49;8,01;47,61;23,99;100,00;331,74;0,00;0,02
2019.0;6.0;2019-06-01;BRASPINE;PITANGA;;;;;77,50;16,00;79,09;7,27;49,93;22,89;99,80;321,77;0,00;4,44
2019.0;6.0;2019-06-01;BRASPINE;QUEIMADINHO ARROIO CLARO;PR;DOUTOR ULYSSES;48,13;19,09;46,55;15,96;82,49;8,01;47,61;23,99;100,00;331,74;0,00;0,02
2019.0;6.0;2019-06-01;BRASPINE;QUEIMADINHO M6042;PR;DOUTOR ULYSSES;48,38;18,50;46,55;15,96;82,49;8,01;47,61;23,99;100,00;331,74;0,00;0,02
2019.0;6.0;2019-06-01;BRASPINE;QUEIMADINHO USUCAPIAO;PR;DOUTOR ULYSSES;200,27;92,43;46,55;15,96;82,49;8,01;47,61;23,99;100,00;331,74;0,00;0,02
2019.0;6.0;2019-06-01;BRASPINE;RAMOS;PR;SENGES;69,83;38,15;47,12;15,86;81,68;7,94;46,75;23,50;100,00;327,81;0,00;1,77
2019.0;6.0;2019-06-01;BRASPINE;RIBEIRAO GRANDE;PR;JAGUARIAIVA;20,77;20,77;40,58;15,73;79,67;7,75;40,15;23,03;99,70;302,71;0,00;5,69
2019.0;6.0;2019-06-01;BRASPINE;RINCAO DE BAIXO;;;;;93,83;15,82;78,91;7,72;43,67;23,15;99,54;301,32;0,00;1,45
2019.0;6.0;2019-06-01;BRASPINE;RIO BOMBA;PR;CERRO AZUL;65,03;37,72;60,71;16,47;84,36;7,98;47,56;25,45;99,99;329,03;0,00;3,35
2019.0;6.0;2019-06-01;BRASPINE;RIO DO MEIO;PR;DOUTOR ULYSSES;712,33;389,13;46,36;15,96;82,49;8,01;47,61;23,99;100,00;331,74;0,00;0,02
2019.0;6.0;2019-06-01;BRASPINE;RONDON;PR;JAGUARIAIVA;2899,24;1475,88;35,18;15,71;80,32;8,17;43,35;23,11;99,89;327,81;0,00;8,65
2019.0;6.0;2019-06-01;BRASPINE;SANTA FELICIDADE;;;;;53,62;16,84;85,52;7,92;45,55;26,38;100,00;301,88;0,00;6,34
2019.0;6.0;2019-06-01;BRASPINE;SANTA LIDIA DO CERCADINHO;;;;;101,04;15,57;78,71;7,73;43,24;22,79;99,54;298,63;0,00;0,76
2019.0;6.0;2019-06-01;BRASPINE;SANTO ANTONIO;;;;;43,30;15,78;80,30;7,96;41,83;23,54;100,00;328,22;0,00;1,40
2019.0;6.0;2019-06-01;BRASPINE;SAO JOSE;PR;JANDAIA DO SUL;37,56;37,56;64,77;18,75;73,85;10,26;40,77;26,15;100,00;173,83;0,00;2,74
2019.0;6.0;2019-06-01;BRASPINE;SAO MATHEUS;;;;;41,16;19,65;75,28;10,74;40,78;27,75;100,00;174,59;0,00;2,90
2019.0;6.0;2019-06-01;BRASPINE;SAO PEDRO E SAO PAULO;PR;SAPOPEMA;709,13;323,93;76,94;16,52;77,85;8,98;43,94;24,20;99,67;331,05;0,00;1,82
2019.0;6.0;2019-06-01;BRASPINE;SAO RAFAEL;;;;;80,73;15,57;82,07;7,78;48,25;23,92;100,00;321,13;0,00;3,44
2019.0;6.0;2019-06-01;BRASPINE;SAO RAFAEL - PB;;;;;50,70;16,12;83,62;8,70;47,25;24,49;100,00;333,82;0,00;0,05
2019.0;6.0;2019-06-01;BRASPINE;SERRARIA;PR;DOUTOR ULYSSES;280,88;117,71;47,99;15,79;83,33;7,97;48,65;24,08;100,00;325,31;0,00;5,51
2019.0;6.0;2019-06-01;BRASPINE;SERRO VERDE;;;;;75,58;15,88;77,81;7,03;46,63;22,95;99,91;325,68;0,00;17,26
2019.0;6.0;2019-06-01;BRASPINE;SERTAOZINHO;PR;DOUTOR ULYSSES;16,25;16,25;38,74;15,96;82,49;8,01;47,61;23,99;100,00;331,74;0,00;0,02
2019.0;6.0;2019-06-01;BRASPINE;SITIO BASILIO;PR;JAGUARIAIVA;8,08;8,08;37,55;15,55;79,76;8,05;41,12;22,78;99,88;325,05;0,00;0,03
2019.0;6.0;2019-06-01;BRASPINE;SITIO DAS MARRECAS;PR;DOUTOR ULYSSES;77,49;35,17;48,99;16,39;84,48;8,26;47,22;25,30;100,00;332,40;0,00;8,62
2019.0;6.0;2019-06-01;BRASPINE;SOBRADINHO;SP;BOM SUCESSO DE ITARARE;285,80;123,10;48,40;15,77;81,23;8,27;43,30;23,63;100,00;327,47;0,00;3,72
2019.0;6.0;2019-06-01;BRASPINE;TAQUARAL;PR;JAGUARIAIVA;519,13;31,07;40,62;15,88;80,15;8,40;43,26;23,24;100,00;333,40;0,00;11,96
2019.0;6.0;2019-06-01;BRASPINE;TUCUNDUVA;PR;SENGES;82,21;60,89;44,51;16,08;77,97;7,97;40,28;23,58;99,64;322,01;0,00;0,93
2019.0;6.0;2019-06-01;BRASPINE;TUCUNDUVA - CHAMMA;;;;;44,87;16,24;77,81;8,00;40,47;23,72;99,62;330,05;0,00;3,18
2019.0;6.0;2019-06-01;BRASPINE;VIENA 1;PR;DOUTOR ULYSSES;263,98;178,34;53,92;15,65;81,81;7,80;47,80;23,22;100,00;325,68;0,00;4,13
2019.0;6.0;2019-06-01;BRASPINE;VIENA 2;PR;CERRO AZUL;140,23;96,54;60,53;16,47;84,36;7,98;47,56;25,45;99,99;329,03;0,00;3,35
2019.0;6.0;2019-06-01;BRASPINE;VITORIA;PR;SENGES;50,54;35,69;42,20;15,71;79,91;7,85;41,51;23,23;99,86;328,08;0,00;3,56
2019.0;6.0;2019-06-01;BRASPINE;VIVEIRO;PR;DOUTOR ULYSSES;405,39;261,22;46,30;15,96;82,49;8,01;47,61;23,99;100,00;331,74;0,00;0,02
2019.0;6.0;2019-06-01;BRASPINE;VO LINO;PR;DOUTOR ULYSSES;164,50;97,89;49,97;15,97;83,86;8,40;48,24;24,47;100,00;328,40;0,00;8,35
2019.0;6.0;2019-06-01;BRASPINE;XAXIM VELHO;;;;;87,27;14,92;81,85;5,75;50,38;22,38;100,00;303,69;0,00;81,57
2019.0;7.0;2019-07-01;BRASPINE;AGUA DOCE;PR;JAGUARIAIVA;238,97;121,99;49,88;14,15;75,57;0,18;42,86;23,17;99,84;290,52;12,49;1,56
2019.0;7.0;2019-07-01;BRASPINE;AMATA;;;;;24,89;14,92;81,64;1,01;42,17;26,43;99,95;295,30;7,09;10,63
2019.0;7.0;2019-07-01;BRASPINE;ANTA BRAVA;;;;;30,45;16,78;74,30;5,06;39,52;27,04;99,88;303,13;0,00;5,06
2019.0;7.0;2019-07-01;BRASPINE;ARAPONGAS;PR;SENGES;423,34;263,70;54,02;14,03;79,76;0,66;40,90;24,42;100,00;279,11;4,94;5,85
2019.0;7.0;2019-07-01;BRASPINE;ARROIO CLARO;PR;DOUTOR ULYSSES;275,14;92,00;40,08;14,10;80,90;1,06;41,34;24,97;100,00;282,12;5,42;0,81
2019.0;7.0;2019-07-01;BRASPINE;BARRA GRANDE;PR;DOUTOR ULYSSES;493,79;139,68;55,70;14,38;80,69;0,80;41,80;25,35;100,00;282,92;10,54;3,48
2019.0;7.0;2019-07-01;BRASPINE;BARRA GRANDE - BEMAIS;PR;GUARAPUAVA;299,16;108,61;28,69;13,30;75,37;-0,72;39,53;22,75;99,89;248,55;14,90;12,25
2019.0;7.0;2019-07-01;BRASPINE;BARRETOS;PR;JAGUARIAIVA;43,35;32,98;55,60;14,10;78,08;0,41;40,67;23,86;99,97;271,42;8,86;9,44
2019.0;7.0;2019-07-01;BRASPINE;BAU;;;;;62,01;13,75;72,02;-1,57;35,34;23,07;99,50;265,07;2,66;7,97
2019.0;7.0;2019-07-01;BRASPINE;BOA VISTA II;PR;PIRAI DO SUL;944,00;535,05;54,53;14,05;77,00;-0,51;41,12;23,69;99,93;268,58;17,43;10,49
2019.0;7.0;2019-07-01;BRASPINE;BRASILEIRA;;;;;55,89;14,03;79,76;0,66;40,90;24,42;100,00;279,11;4,94;5,85
2019.0;7.0;2019-07-01;BRASPINE;BURACAO;;;;;24,94;13,93;78,08;-0,75;41,53;24,08;100,00;247,80;14,92;13,88
2019.0;7.0;2019-07-01;BRASPINE;BURRINHO;PR;DOUTOR ULYSSES;211,01;100,37;41,11;14,10;80,90;1,06;41,34;24,97;100,00;282,12;5,42;0,81
2019.0;7.0;2019-07-01;BRASPINE;CADEADO I;PR;JAGUARIAIVA;21,07;12,29;53,05;13,92;78,93;0,69;40,27;23,91;100,00;261,43;4,02;7,99
2019.0;7.0;2019-07-01;BRASPINE;CADEADO II;PR;JAGUARIAIVA;21,88;16,79;53,05;13,92;78,93;0,69;40,27;23,91;100,00;261,43;4,02;7,99
2019.0;7.0;2019-07-01;BRASPINE;CAMPINA ALTA;PR;TIBAGI;29,77;18,24;28,53;14,33;77,91;0,44;41,11;24,33;99,88;274,35;16,52;3,15
2019.0;7.0;2019-07-01;BRASPINE;CAMPINA DO ELIAS;PR;JAGUARIAIVA;29,17;14,65;54,02;14,04;78,39;0,51;40,53;23,88;99,98;267,81;8,92;8,96
2019.0;7.0;2019-07-01;BRASPINE;CAMPO NOVO;PR;JAGUARIAIVA;295,98;156,36;53,08;13,92;78,93;0,69;40,27;23,91;100,00;261,43;4,02;7,99
2019.0;7.0;2019-07-01;BRASPINE;CONSULTORIA II A;PR;DOUTOR ULYSSES;89,62;60,79;55,23;14,03;79,76;0,66;40,90;24,42;100,00;279,11;4,94;5,85
2019.0;7.0;2019-07-01;BRASPINE;DINIZ;;;;;53,83;14,03;79,76;0,66;40,90;24,42;100,00;279,11;4,94;5,85
2019.0;7.0;2019-07-01;BRASPINE;ENES;PR;JAGUARIAIVA;5,93;5,69;52,94;13,92;78,93;0,69;40,27;23,91;100,00;261,43;4,02;7,99
2019.0;7.0;2019-07-01;BRASPINE;ENGENHARIA;;;;;53,83;14,03;79,76;0,66;40,90;24,42;100,00;279,11;4,94;5,85
2019.0;7.0;2019-07-01;BRASPINE;ESTACAO;PR;SENGES;4,76;4,14;53,91;13,92;78,93;0,69;40,27;23,91;100,00;261,43;4,02;7,99
2019.0;7.0;2019-07-01;BRASPINE;FAXINAL;PR;JAGUARIAIVA;20,65;20,65;52,94;13,92;78,93;0,69;40,27;23,91;100,00;261,43;4,02;7,99
2019.0;7.0;2019-07-01;BRASPINE;FEITAL;PR;DOUTOR ULYSSES;154,17;86,53;56,97;14,15;80,07;0,71;41,20;24,73;100,00;280,38;10,19;5,08
2019.0;7.0;2019-07-01;BRASPINE;FIGUEIRA;PR;DOUTOR ULYSSES;1053,81;315,71;55,70;14,10;80,90;1,06;41,34;24,97;100,00;282,12;5,42;0,81
2019.0;7.0;2019-07-01;BRASPINE;FIGUEIRINHA;PR;DOUTOR ULYSSES;94,37;56,74;50,82;14,10;80,90;1,06;41,34;24,97;100,00;282,12;5,42;0,81
2019.0;7.0;2019-07-01;BRASPINE;FLOEMA;PR;DOUTOR ULYSSES;2189,88;701,43;52,59;13,73;79,92;0,07;40,31;24,10;100,00;273,30;12,57;0,84
2019.0;7.0;2019-07-01;BRASPINE;FLOEMA I - SUDATI;;;;;53,66;14,03;79,76;0,66;40,90;24,42;100,00;279,11;4,94;5,85
2019.0;7.0;2019-07-01;BRASPINE;FLOEMA II - SUDATI;PR;DOUTOR ULYSSES;453,83;211,13;56,14;14,03;79,76;0,66;40,90;24,42;100,00;279,11;4,94;5,85
2019.0;7.0;2019-07-01;BRASPINE;FLOR DA SERRA;PR;SAO JOSE DA BOA VISTA;209,10;128,72;32,19;15,37;74,79;2,81;40,02;25,44;99,01;289,44;6,15;9,13
2019.0;7.0;2019-07-01;BRASPINE;GENTIL;PR;JAGUARIAIVA;126,77;53,33;49,03;13,91;75,48;-0,35;43,49;22,81;99,55;286,89;15,68;4,81
2019.0;7.0;2019-07-01;BRASPINE;GUAIRACA;PR;GUARAPUAVA;623,62;169,31;25,43;13,39;75,33;-1,08;39,61;23,18;99,85;246,44;7,54;20,26
2019.0;7.0;2019-07-01;BRASPINE;HERVAL 2 - MADALOSSO;;;;;24,55;13,93;78,08;-0,75;41,53;24,08;100,00;247,80;14,92;13,88
2019.0;7.0;2019-07-01;BRASPINE;HERVAL DE BAIXO;PR;RESERVA;827,29;475,92;29,47;14,16;78,71;-0,20;41,34;24,26;99,80;258,57;15,15;1,09
2019.0;7.0;2019-07-01;BRASPINE;HORTO 01;PR;TURVO;19,12;19,12;48,62;13,96;75,16;-0,81;41,12;23,39;99,53;256,52;12,54;4,64
2019.0;7.0;2019-07-01;BRASPINE;HORTO 02;PR;TURVO;4,24;4,24;52,36;13,96;75,16;-0,81;41,12;23,39;99,53;256,52;12,54;4,64
2019.0;7.0;2019-07-01;BRASPINE;HORTO 03;PR;PRUDENTOPOLIS;80,91;25,89;38,15;14,22;75,86;-0,40;40,50;23,87;99,65;261,44;17,50;1,80
2019.0;7.0;2019-07-01;BRASPINE;HORTO 08;PR;TURVO;9,53;9,53;54,60;14,22;75,86;-0,40;40,50;23,87;99,65;261,44;17,50;1,80
2019.0;7.0;2019-07-01;BRASPINE;HORTO 12;PR;PRUDENTOPOLIS;12,20;12,20;37,22;14,22;75,86;-0,40;40,50;23,87;99,65;261,44;17,50;1,80
2019.0;7.0;2019-07-01;BRASPINE;IZAU;PR;PIRAI DO SUL;19,37;11,60;47,19;13,91;76,06;-0,17;42,10;23,00;99,52;287,48;16,47;128,38
2019.0;7.0;2019-07-01;BRASPINE;JOAO RICO;PR;JAGUARIAIVA;47,46;26,18;49,63;14,15;75,57;0,18;42,86;23,17;99,84;290,52;12,49;1,56
2019.0;7.0;2019-07-01;BRASPINE;LAGOA;PR;JAGUARIAIVA;24,10;10,78;52,86;13,92;78,93;0,69;40,27;23,91;100,00;261,43;4,02;7,99
2019.0;7.0;2019-07-01;BRASPINE;MARACANA;PR;JANDAIA DO SUL;11,45;11,45;61,47;16,81;71,86;2,61;39,86;25,78;100,00;189,67;6,98;2,34
2019.0;7.0;2019-07-01;BRASPINE;MARRECA;;;;;55,41;14,10;80,90;1,06;41,34;24,97;100,00;282,12;5,42;0,81
2019.0;7.0;2019-07-01;BRASPINE;MARRECA SP;SP;ITAPIRAPUA PAULISTA;675,30;236,19;44,99;14,60;81,81;1,16;42,45;26,15;100,00;284,84;10,93;0,54
2019.0;7.0;2019-07-01;BRASPINE;MARRECAS;;;;;27,20;12,90;74,99;-1,23;38,47;22,31;99,93;240,11;5,12;1,31
2019.0;7.0;2019-07-01;BRASPINE;MERCADINHO;;;;;37,58;14,37;81,64;1,01;43,22;25,66;99,98;278,80;6,03;4,39
2019.0;7.0;2019-07-01;BRASPINE;MONTE ALEGRE;;;;;52,41;17,15;71,60;3,03;39,76;26,25;99,99;193,60;7,70;3,90
2019.0;7.0;2019-07-01;BRASPINE;MONTE TABOR II;;;;;53,37;13,88;84,03;0,63;44,36;25,01;100,00;287,51;2,04;2,70
2019.0;7.0;2019-07-01;BRASPINE;MOREIRA;PR;DOUTOR ULYSSES;230,52;68,68;56,14;14,03;79,76;0,66;40,90;24,42;100,00;279,11;4,94;5,85
2019.0;7.0;2019-07-01;BRASPINE;MOREIRAS II;PR;DOUTOR ULYSSES;66,76;28,75;55,10;14,03;79,76;0,66;40,90;24,42;100,00;279,11;4,94;5,85
2019.0;7.0;2019-07-01;BRASPINE;MORRETES;PR;ORTIGUEIRA;20,36;20,36;30,53;14,43;79,57;0,36;42,81;24,80;99,83;258,04;17,04;0,03
2019.0;7.0;2019-07-01;BRASPINE;MORRO AZUL;;;;;48,02;14,26;79,93;0,56;41,72;24,85;100,00;283,19;9,98;31,46
2019.0;7.0;2019-07-01;BRASPINE;OURO FINO;SP;APIAI;51,70;51,70;50,37;13,97;81,80;0,43;45,30;24,70;100,00;274,63;10,26;3,65
2019.0;7.0;2019-07-01;BRASPINE;PALMEIRINHA DE BAIXO - SOSSEGO;PR;SENGES;85,93;9,22;44,78;13,94;76,48;1,02;41,83;23,13;99,86;279,61;9,86;23,05
2019.0;7.0;2019-07-01;BRASPINE;PAZIN;PR;DOUTOR ULYSSES;41,20;23,90;57,35;14,10;80,90;1,06;41,34;24,97;100,00;282,12;5,42;0,81
2019.0;7.0;2019-07-01;BRASPINE;PEDRAS;PR;CASTRO;7,18;7,18;49,48;13,69;77,49;-0,77;43,78;23,07;99,97;258,88;14,13;0,23
2019.0;7.0;2019-07-01;BRASPINE;PESCARIA;PR;SAO JOSE DA BOA VISTA;184,57;129,22;38,01;15,56;73,93;2,96;38,55;25,67;98,12;275,84;10,72;8,53
2019.0;7.0;2019-07-01;BRASPINE;PESSEGUEIRO;PR;DOUTOR ULYSSES;109,95;64,79;54,84;14,03;79,76;0,66;40,90;24,42;100,00;279,11;4,94;5,85
2019.0;7.0;2019-07-01;BRASPINE;PITANGA;;;;;66,76;14,27;72,10;-1,11;36,64;23,58;99,54;291,25;6,01;5,78
2019.0;7.0;2019-07-01;BRASPINE;QUEIMADINHO ARROIO CLARO;PR;DOUTOR ULYSSES;48,13;19,09;55,89;14,03;79,76;0,66;40,90;24,42;100,00;279,11;4,94;5,85
2019.0;7.0;2019-07-01;BRASPINE;QUEIMADINHO M6042;PR;DOUTOR ULYSSES;48,38;18,50;55,89;14,03;79,76;0,66;40,90;24,42;100,00;279,11;4,94;5,85
2019.0;7.0;2019-07-01;BRASPINE;QUEIMADINHO USUCAPIAO;PR;DOUTOR ULYSSES;200,27;92,43;55,89;14,03;79,76;0,66;40,90;24,42;100,00;279,11;4,94;5,85
2019.0;7.0;2019-07-01;BRASPINE;RAMOS;PR;SENGES;69,83;38,15;53,66;13,92;78,93;0,69;40,27;23,91;100,00;261,43;4,02;7,99
2019.0;7.0;2019-07-01;BRASPINE;RIBEIRAO GRANDE;PR;JAGUARIAIVA;20,77;20,77;47,50;13,91;76,06;-0,17;42,10;23,00;99,52;287,48;16,47;128,38
2019.0;7.0;2019-07-01;BRASPINE;RINCAO DE BAIXO;;;;;22,85;14,02;75,80;-0,72;43,85;23,49;99,51;274,87;16,24;4,74
2019.0;7.0;2019-07-01;BRASPINE;RIO BOMBA;PR;CERRO AZUL;65,03;37,72;32,64;14,54;81,53;0,55;41,10;25,87;99,97;281,14;10,57;141,65
2019.0;7.0;2019-07-01;BRASPINE;RIO DO MEIO;PR;DOUTOR ULYSSES;712,33;389,13;55,32;14,03;79,76;0,66;40,90;24,42;100,00;279,11;4,94;5,85
2019.0;7.0;2019-07-01;BRASPINE;RONDON;PR;JAGUARIAIVA;2899,24;1475,88;47,44;13,92;76,94;0,84;42,25;23,15;99,88;278,62;8,84;32,01
2019.0;7.0;2019-07-01;BRASPINE;SANTA FELICIDADE;;;;;58,50;14,81;82,75;1,24;43,67;26,92;100,00;268,30;11,37;5,31
2019.0;7.0;2019-07-01;BRASPINE;SANTA LIDIA DO CERCADINHO;;;;;21,56;13,80;75,55;-0,79;44,11;23,05;99,52;272,16;17,04;4,16
2019.0;7.0;2019-07-01;BRASPINE;SANTO ANTONIO;;;;;46,47;13,93;77,21;0,76;40,96;23,50;100,00;278,44;9,98;23,00
2019.0;7.0;2019-07-01;BRASPINE;SAO JOSE;PR;JANDAIA DO SUL;37,56;37,56;53,61;17,04;71,67;2,92;39,94;26,03;99,99;192,42;7,52;3,94
2019.0;7.0;2019-07-01;BRASPINE;SAO MATHEUS;;;;;40,55;17,73;72,96;3,79;40,31;27,44;100,00;161,77;8,55;0,19
2019.0;7.0;2019-07-01;BRASPINE;SAO PEDRO E SAO PAULO;PR;SAPOPEMA;709,13;323,93;44,60;15,11;74,57;2,49;42,33;24,52;99,50;309,37;9,86;3,60
2019.0;7.0;2019-07-01;BRASPINE;SAO RAFAEL;;;;;19,68;13,60;78,49;-1,29;41,51;23,99;99,93;263,12;9,90;19,04
2019.0;7.0;2019-07-01;BRASPINE;SAO RAFAEL - PB;;;;;52,31;14,11;81,31;0,75;44,15;24,82;100,00;280,07;10,62;2,21
2019.0;7.0;2019-07-01;BRASPINE;SERRARIA;PR;DOUTOR ULYSSES;280,88;117,71;55,29;13,91;80,41;0,57;40,83;24,53;100,00;277,72;14,26;57,76
2019.0;7.0;2019-07-01;BRASPINE;SERRO VERDE;;;;;65,23;14,08;70,78;-1,55;34,18;23,57;99,52;275,46;3,36;4,40
2019.0;7.0;2019-07-01;BRASPINE;SERTAOZINHO;PR;DOUTOR ULYSSES;16,25;16,25;51,80;14,03;79,76;0,66;40,90;24,42;100,00;279,11;4,94;5,85
2019.0;7.0;2019-07-01;BRASPINE;SITIO BASILIO;PR;JAGUARIAIVA;8,08;8,08;49,92;13,97;75,33;-0,31;43,75;22,85;99,63;287,71;15,97;1,78
2019.0;7.0;2019-07-01;BRASPINE;SITIO DAS MARRECAS;PR;DOUTOR ULYSSES;77,49;35,17;54,56;14,46;81,55;1,13;42,13;25,81;100,00;284,07;5,79;0,62
2019.0;7.0;2019-07-01;BRASPINE;SOBRADINHO;SP;BOM SUCESSO DE ITARARE;285,80;123,10;47,02;13,82;78,69;0,29;41,41;23,73;100,00;275,18;9,71;24,90
2019.0;7.0;2019-07-01;BRASPINE;TAQUARAL;PR;JAGUARIAIVA;519,13;31,07;50,52;14,09;76,54;0,29;42,56;23,29;100,00;286,73;13,49;0,25
2019.0;7.0;2019-07-01;BRASPINE;TUCUNDUVA;PR;SENGES;82,21;60,89;49,90;14,45;74,09;1,57;42,42;23,66;98,87;242,33;10,76;12,10
2019.0;7.0;2019-07-01;BRASPINE;TUCUNDUVA - CHAMMA;;;;;48,65;14,51;74,36;1,67;42,57;23,73;98,83;258,51;16,25;10,09
2019.0;7.0;2019-07-01;BRASPINE;VIENA 1;PR;DOUTOR ULYSSES;263,98;178,34;46,77;13,75;78,75;-0,41;41,01;23,64;100,00;262,55;12,15;0,03
2019.0;7.0;2019-07-01;BRASPINE;VIENA 2;PR;CERRO AZUL;140,23;96,54;32,70;14,54;81,53;0,55;41,10;25,87;99,97;281,14;10,57;141,65
2019.0;7.0;2019-07-01;BRASPINE;VITORIA;PR;SENGES;50,54;35,69;44,78;13,94;76,48;1,02;41,83;23,13;99,86;279,61;9,86;23,05
2019.0;7.0;2019-07-01;BRASPINE;VIVEIRO;PR;DOUTOR ULYSSES;405,39;261,22;55,10;14,03;79,76;0,66;40,90;24,42;100,00;279,11;4,94;5,85
2019.0;7.0;2019-07-01;BRASPINE;VO LINO;PR;DOUTOR ULYSSES;164,50;97,89;50,14;14,10;80,90;1,06;41,34;24,97;100,00;282,12;5,42;0,81
2019.0;7.0;2019-07-01;BRASPINE;XAXIM VELHO;;;;;31,78;13,01;75,50;-2,22;39,12;22,92;99,97;243,53;4,26;3,99
2019.0;8.0;2019-08-01;BRASPINE;AGUA DOCE;PR;JAGUARIAIVA;238,97;121,99;52,60;14,91;75,31;4,28;40,01;26,70;99,26;278,79;8,95;11,21
2019.0;8.0;2019-08-01;BRASPINE;AMATA;;;;;70,20;16,10;76,70;3,84;33,20;29,92;99,66;320,42;8,39;0,74
2019.0;8.0;2019-08-01;BRASPINE;ANTA BRAVA;;;;;29,27;17,86;71,20;9,14;28,23;31,14;96,78;336,25;0,00;18,20
2019.0;8.0;2019-08-01;BRASPINE;ARAPONGAS;PR;SENGES;423,34;263,70;52,20;14,90;78,08;4,34;35,49;27,25;100,00;303,96;4,34;11,07
2019.0;8.0;2019-08-01;BRASPINE;ARROIO CLARO;PR;DOUTOR ULYSSES;275,14;92,00;67,64;14,98;78,61;3,78;33,97;27,88;100,00;307,23;8,74;6,50
2019.0;8.0;2019-08-01;BRASPINE;BARRA GRANDE;PR;DOUTOR ULYSSES;493,79;139,68;44,62;15,26;78,81;4,77;34,06;28,42;100,00;313,19;4,77;5,49
2019.0;8.0;2019-08-01;BRASPINE;BARRA GRANDE - BEMAIS;PR;GUARAPUAVA;299,16;108,61;60,83;14,69;71,77;2,26;27,83;26,52;99,94;295,23;7,98;319,69
2019.0;8.0;2019-08-01;BRASPINE;BARRETOS;PR;JAGUARIAIVA;43,35;32,98;53,37;14,96;76,66;4,00;37,48;27,01;99,98;270,61;8,56;19,52
2019.0;8.0;2019-08-01;BRASPINE;BAU;;;;;77,68;15,24;67,61;1,75;25,93;26,02;98,98;281,08;8,71;8,71
2019.0;8.0;2019-08-01;BRASPINE;BOA VISTA II;PR;PIRAI DO SUL;944,00;535,05;59,39;14,95;75,74;3,84;37,12;26,84;99,93;263,88;8,18;0,98
2019.0;8.0;2019-08-01;BRASPINE;BRASILEIRA;;;;;45,29;14,90;78,08;4,34;35,49;27,25;100,00;303,96;4,34;11,07
2019.0;8.0;2019-08-01;BRASPINE;BURACAO;;;;;65,11;14,87;75,44;2,82;31,67;27,67;99,81;262,76;11,39;0,21
2019.0;8.0;2019-08-01;BRASPINE;BURRINHO;PR;DOUTOR ULYSSES;211,01;100,37;66,87;14,98;78,61;3,78;33,97;27,88;100,00;307,23;8,74;6,50
2019.0;8.0;2019-08-01;BRASPINE;CADEADO I;PR;JAGUARIAIVA;21,07;12,29;57,53;14,77;77,35;4,04;36,76;26,77;100,00;281,54;8,80;106,95
2019.0;8.0;2019-08-01;BRASPINE;CADEADO II;PR;JAGUARIAIVA;21,88;16,79;57,53;14,77;77,35;4,04;36,76;26,77;100,00;281,54;8,80;106,95
2019.0;8.0;2019-08-01;BRASPINE;CAMPINA ALTA;PR;TIBAGI;29,77;18,24;49,40;16,61;67,55;4,27;29,19;29,40;96,72;309,98;4,27;0,07
2019.0;8.0;2019-08-01;BRASPINE;CAMPINA DO ELIAS;PR;JAGUARIAIVA;29,17;14,65;63,14;14,89;76,91;4,01;37,21;26,92;99,98;269,27;8,64;18,45
2019.0;8.0;2019-08-01;BRASPINE;CAMPO NOVO;PR;JAGUARIAIVA;295,98;156,36;54,84;14,77;77,35;4,04;36,76;26,77;100,00;281,54;8,80;106,95
2019.0;8.0;2019-08-01;BRASPINE;CONSULTORIA II A;PR;DOUTOR ULYSSES;89,62;60,79;49,74;14,90;78,08;4,34;35,49;27,25;100,00;303,96;4,34;11,07
2019.0;8.0;2019-08-01;BRASPINE;DINIZ;;;;;49,79;14,90;78,08;4,34;35,49;27,25;100,00;303,96;4,34;11,07
2019.0;8.0;2019-08-01;BRASPINE;ENES;PR;JAGUARIAIVA;5,93;5,69;55,26;14,77;77,35;4,04;36,76;26,77;100,00;281,54;8,80;106,95
2019.0;8.0;2019-08-01;BRASPINE;ENGENHARIA;;;;;49,79;14,90;78,08;4,34;35,49;27,25;100,00;303,96;4,34;11,07
2019.0;8.0;2019-08-01;BRASPINE;ESTACAO;PR;SENGES;4,76;4,14;54,85;14,77;77,35;4,04;36,76;26,77;100,00;281,54;8,80;106,95
2019.0;8.0;2019-08-01;BRASPINE;FAXINAL;PR;JAGUARIAIVA;20,65;20,65;55,26;14,77;77,35;4,04;36,76;26,77;100,00;281,54;8,80;106,95
2019.0;8.0;2019-08-01;BRASPINE;FEITAL;PR;DOUTOR ULYSSES;154,17;86,53;49,53;15,02;78,33;4,48;35,06;27,64;100,00;307,04;4,48;345,29
2019.0;8.0;2019-08-01;BRASPINE;FIGUEIRA;PR;DOUTOR ULYSSES;1053,81;315,71;49,72;14,98;78,61;3,78;33,97;27,88;100,00;307,23;8,74;6,50
2019.0;8.0;2019-08-01;BRASPINE;FIGUEIRINHA;PR;DOUTOR ULYSSES;94,37;56,74;52,89;14,98;78,61;3,78;33,97;27,88;100,00;307,23;8,74;6,50
2019.0;8.0;2019-08-01;BRASPINE;FLOEMA;PR;DOUTOR ULYSSES;2189,88;701,43;65,32;14,61;77,62;2,97;34,87;26,89;100,00;296,44;7,54;8,06
2019.0;8.0;2019-08-01;BRASPINE;FLOEMA I - SUDATI;;;;;52,81;14,90;78,08;4,34;35,49;27,25;100,00;303,96;4,34;11,07
2019.0;8.0;2019-08-01;BRASPINE;FLOEMA II - SUDATI;PR;DOUTOR ULYSSES;453,83;211,13;51,75;14,90;78,08;4,34;35,49;27,25;100,00;303,96;4,34;11,07
2019.0;8.0;2019-08-01;BRASPINE;FLOR DA SERRA;PR;SAO JOSE DA BOA VISTA;209,10;128,72;44,20;17,05;70,36;6,99;33,17;29,77;97,91;322,08;0,00;348,47
2019.0;8.0;2019-08-01;BRASPINE;GENTIL;PR;JAGUARIAIVA;126,77;53,33;52,89;14,68;75,36;3,90;36,80;26,25;99,06;288,32;8,39;17,63
2019.0;8.0;2019-08-01;BRASPINE;GUAIRACA;PR;GUARAPUAVA;623,62;169,31;68,11;14,70;72,05;2,24;28,56;26,74;99,99;278,76;7,60;43,27
2019.0;8.0;2019-08-01;BRASPINE;HERVAL 2 - MADALOSSO;;;;;66,24;14,87;75,44;2,82;31,67;27,67;99,81;262,76;11,39;0,21
2019.0;8.0;2019-08-01;BRASPINE;HERVAL DE BAIXO;PR;RESERVA;827,29;475,92;40,24;16,48;68,07;4,14;28,68;29,58;97,31;311,47;4,14;0,32
2019.0;8.0;2019-08-01;BRASPINE;HORTO 01;PR;TURVO;19,12;19,12;60,34;15,55;70,35;2,90;28,39;27,07;99,06;290,13;10,07;4,86
2019.0;8.0;2019-08-01;BRASPINE;HORTO 02;PR;TURVO;4,24;4,24;62,01;15,55;70,35;2,90;28,39;27,07;99,06;290,13;10,07;4,86
2019.0;8.0;2019-08-01;BRASPINE;HORTO 03;PR;PRUDENTOPOLIS;80,91;25,89;54,81;15,89;70,65;3,50;29,32;27,81;99,45;300,03;11,39;16,34
2019.0;8.0;2019-08-01;BRASPINE;HORTO 08;PR;TURVO;9,53;9,53;55,69;15,89;70,65;3,50;29,32;27,81;99,45;300,03;11,39;16,34
2019.0;8.0;2019-08-01;BRASPINE;HORTO 12;PR;PRUDENTOPOLIS;12,20;12,20;53,37;15,89;70,65;3,50;29,32;27,81;99,45;300,03;11,39;16,34
2019.0;8.0;2019-08-01;BRASPINE;IZAU;PR;PIRAI DO SUL;19,37;11,60;52,96;14,72;75,74;3,62;35,21;26,27;99,52;276,76;12,78;2,15
2019.0;8.0;2019-08-01;BRASPINE;JOAO RICO;PR;JAGUARIAIVA;47,46;26,18;52,72;14,91;75,31;4,28;40,01;26,70;99,26;278,79;8,95;11,21
2019.0;8.0;2019-08-01;BRASPINE;LAGOA;PR;JAGUARIAIVA;24,10;10,78;58,77;14,77;77,35;4,04;36,76;26,77;100,00;281,54;8,80;106,95
2019.0;8.0;2019-08-01;BRASPINE;MARACANA;PR;JANDAIA DO SUL;11,45;11,45;36,95;19,37;58,55;6,56;26,87;31,09;90,45;186,79;0,00;6,97
2019.0;8.0;2019-08-01;BRASPINE;MARRECA;;;;;55,76;14,98;78,61;3,78;33,97;27,88;100,00;307,23;8,74;6,50
2019.0;8.0;2019-08-01;BRASPINE;MARRECA SP;SP;ITAPIRAPUA PAULISTA;675,30;236,19;53,40;15,52;79,19;4,46;32,98;29,28;100,00;318,75;4,46;4,44
2019.0;8.0;2019-08-01;BRASPINE;MARRECAS;;;;;66,24;14,16;72,11;1,65;26,72;25,84;100,00;277,38;16,06;42,64
2019.0;8.0;2019-08-01;BRASPINE;MERCADINHO;;;;;57,61;15,43;78,09;3,64;33,31;28,83;99,77;314,14;8,15;0,95
2019.0;8.0;2019-08-01;BRASPINE;MONTE ALEGRE;;;;;33,71;19,81;57,77;6,83;25,97;31,70;90,69;177,85;0,00;3,29
2019.0;8.0;2019-08-01;BRASPINE;MONTE TABOR II;;;;;48,10;14,84;82,70;5,16;35,81;27,95;99,99;326,04;0,00;7,30
2019.0;8.0;2019-08-01;BRASPINE;MOREIRA;PR;DOUTOR ULYSSES;230,52;68,68;51,75;14,90;78,08;4,34;35,49;27,25;100,00;303,96;4,34;11,07
2019.0;8.0;2019-08-01;BRASPINE;MOREIRAS II;PR;DOUTOR ULYSSES;66,76;28,75;49,44;14,90;78,08;4,34;35,49;27,25;100,00;303,96;4,34;11,07
2019.0;8.0;2019-08-01;BRASPINE;MORRETES;PR;ORTIGUEIRA;20,36;20,36;40,79;16,81;68,58;4,39;29,72;30,15;97,36;315,53;4,39;0,03
2019.0;8.0;2019-08-01;BRASPINE;MORRO AZUL;;;;;51,50;15,09;78,76;5,29;33,94;28,18;100,00;294,59;0,00;27,24
2019.0;8.0;2019-08-01;BRASPINE;OURO FINO;SP;APIAI;51,70;51,70;48,70;14,79;80,80;5,87;35,67;27,88;100,00;308,21;0,00;330,17
2019.0;8.0;2019-08-01;BRASPINE;PALMEIRINHA DE BAIXO - SOSSEGO;PR;SENGES;85,93;9,22;41,81;14,79;76,11;5,17;38,69;26,59;99,26;299,31;0,00;29,51
2019.0;8.0;2019-08-01;BRASPINE;PAZIN;PR;DOUTOR ULYSSES;41,20;23,90;51,41;14,98;78,61;3,78;33,97;27,88;100,00;307,23;8,74;6,50
2019.0;8.0;2019-08-01;BRASPINE;PEDRAS;PR;CASTRO;7,18;7,18;55,72;14,69;75,84;3,15;33,20;26,41;99,48;274,63;21,52;8,32
2019.0;8.0;2019-08-01;BRASPINE;PESCARIA;PR;SAO JOSE DA BOA VISTA;184,57;129,22;43,47;17,20;69,69;7,26;33,24;30,11;97,39;324,56;0,00;0,16
2019.0;8.0;2019-08-01;BRASPINE;PESSEGUEIRO;PR;DOUTOR ULYSSES;109,95;64,79;58,54;14,90;78,08;4,34;35,49;27,25;100,00;303,96;4,34;11,07
2019.0;8.0;2019-08-01;BRASPINE;PITANGA;;;;;64,46;16,08;65,93;2,64;24,36;26,67;98,79;273,00;6,38;1,02
2019.0;8.0;2019-08-01;BRASPINE;QUEIMADINHO ARROIO CLARO;PR;DOUTOR ULYSSES;48,13;19,09;45,29;14,90;78,08;4,34;35,49;27,25;100,00;303,96;4,34;11,07
2019.0;8.0;2019-08-01;BRASPINE;QUEIMADINHO M6042;PR;DOUTOR ULYSSES;48,38;18,50;45,29;14,90;78,08;4,34;35,49;27,25;100,00;303,96;4,34;11,07
2019.0;8.0;2019-08-01;BRASPINE;QUEIMADINHO USUCAPIAO;PR;DOUTOR ULYSSES;200,27;92,43;45,29;14,90;78,08;4,34;35,49;27,25;100,00;303,96;4,34;11,07
2019.0;8.0;2019-08-01;BRASPINE;RAMOS;PR;SENGES;69,83;38,15;52,81;14,77;77,35;4,04;36,76;26,77;100,00;281,54;8,80;106,95
2019.0;8.0;2019-08-01;BRASPINE;RIBEIRAO GRANDE;PR;JAGUARIAIVA;20,77;20,77;52,42;14,72;75,74;3,62;35,21;26,27;99,52;276,76;12,78;2,15
2019.0;8.0;2019-08-01;BRASPINE;RINCAO DE BAIXO;;;;;35,54;15,69;70,12;3,82;32,47;27,44;96,48;311,12;8,76;0,47
2019.0;8.0;2019-08-01;BRASPINE;RIO BOMBA;PR;CERRO AZUL;65,03;37,72;68,20;15,73;76,73;3,69;33,69;29,21;99,65;323,08;8,15;2,31
2019.0;8.0;2019-08-01;BRASPINE;RIO DO MEIO;PR;DOUTOR ULYSSES;712,33;389,13;48,33;14,90;78,08;4,34;35,49;27,25;100,00;303,96;4,34;11,07
2019.0;8.0;2019-08-01;BRASPINE;RONDON;PR;JAGUARIAIVA;2899,24;1475,88;50,25;14,75;76,37;4,63;39,75;26,27;99,75;296,44;9,61;0,74
2019.0;8.0;2019-08-01;BRASPINE;SANTA FELICIDADE;;;;;41,11;15,82;79,80;5,70;31,95;30,14;100,00;325,79;0,00;2,05
2019.0;8.0;2019-08-01;BRASPINE;SANTA LIDIA DO CERCADINHO;;;;;38,39;15,36;70,47;3,64;32,53;26,89;96,64;305,88;8,46;0,82
2019.0;8.0;2019-08-01;BRASPINE;SANTO ANTONIO;;;;;44,18;14,76;76,61;5,38;36,54;26,93;99,76;283,60;0,00;27,15
2019.0;8.0;2019-08-01;BRASPINE;SAO JOSE;PR;JANDAIA DO SUL;37,56;37,56;34,31;19,66;58,04;6,74;26,37;31,47;89,66;176,14;0,00;4,47
2019.0;8.0;2019-08-01;BRASPINE;SAO MATHEUS;;;;;30,79;20,52;58,64;7,42;26,35;32,87;99,29;185,28;0,00;357,28
2019.0;8.0;2019-08-01;BRASPINE;SAO PEDRO E SAO PAULO;PR;SAPOPEMA;709,13;323,93;46,84;16,96;67,26;5,26;32,86;28,81;96,71;308,99;0,00;0,42
2019.0;8.0;2019-08-01;BRASPINE;SAO RAFAEL;;;;;74,04;14,46;75,93;2,07;32,13;28,45;99,53;291,42;8,92;0,77
2019.0;8.0;2019-08-01;BRASPINE;SAO RAFAEL - PB;;;;;46,63;14,92;80,29;5,85;35,04;28,08;100,00;310,79;0,00;330,85
2019.0;8.0;2019-08-01;BRASPINE;SERRARIA;PR;DOUTOR ULYSSES;280,88;117,71;60,35;14,79;78,12;3,38;34,56;27,38;100,00;301,87;8,15;7,29
2019.0;8.0;2019-08-01;BRASPINE;SERRO VERDE;;;;;85,46;15,71;65,66;1,91;23,60;26,51;98,91;233,35;9,41;1,33
2019.0;8.0;2019-08-01;BRASPINE;SERTAOZINHO;PR;DOUTOR ULYSSES;16,25;16,25;51,18;14,90;78,08;4,34;35,49;27,25;100,00;303,96;4,34;11,07
2019.0;8.0;2019-08-01;BRASPINE;SITIO BASILIO;PR;JAGUARIAIVA;8,08;8,08;52,80;14,73;75,23;4,09;38,17;26,36;98,97;288,49;8,71;14,13
2019.0;8.0;2019-08-01;BRASPINE;SITIO DAS MARRECAS;PR;DOUTOR ULYSSES;77,49;35,17;51,22;15,36;79,02;4,26;33,31;28,88;100,00;315,43;4,26;5,03
2019.0;8.0;2019-08-01;BRASPINE;SOBRADINHO;SP;BOM SUCESSO DE ITARARE;285,80;123,10;49,54;14,65;77,91;5,63;35,52;27,04;99,97;284,40;0,00;25,29
2019.0;8.0;2019-08-01;BRASPINE;TAQUARAL;PR;JAGUARIAIVA;519,13;31,07;51,85;14,88;75,98;4,40;40,33;26,57;99,63;280,38;9,16;6,60
2019.0;8.0;2019-08-01;BRASPINE;TUCUNDUVA;PR;SENGES;82,21;60,89;49,83;15,71;71,95;5,65;37,53;27,55;97,17;274,92;0,00;17,93
2019.0;8.0;2019-08-01;BRASPINE;TUCUNDUVA - CHAMMA;;;;;43,38;15,76;72,25;5,86;37,43;27,59;97,68;278,36;0,00;16,25
2019.0;8.0;2019-08-01;BRASPINE;VIENA 1;PR;DOUTOR ULYSSES;263,98;178,34;63,49;14,59;76,86;3,40;37,02;26,49;99,99;281,41;7,71;353,19
2019.0;8.0;2019-08-01;BRASPINE;VIENA 2;PR;CERRO AZUL;140,23;96,54;68,17;15,73;76,73;3,69;33,69;29,21;99,65;323,08;8,15;2,31
2019.0;8.0;2019-08-01;BRASPINE;VITORIA;PR;SENGES;50,54;35,69;41,81;14,79;76,11;5,17;38,69;26,59;99,26;299,31;0,00;29,51
2019.0;8.0;2019-08-01;BRASPINE;VIVEIRO;PR;DOUTOR ULYSSES;405,39;261,22;49,44;14,90;78,08;4,34;35,49;27,25;100,00;303,96;4,34;11,07
2019.0;8.0;2019-08-01;BRASPINE;VO LINO;PR;DOUTOR ULYSSES;164,50;97,89;60,21;14,98;78,61;3,78;33,97;27,88;100,00;307,23;8,74;6,50
2019.0;8.0;2019-08-01;BRASPINE;XAXIM VELHO;;;;;70,85;14,01;73,48;1,54;28,91;25,78;100,00;256,06;14,22;4,00
2019.0;9.0;2019-09-01;BRASPINE;AGUA DOCE;PR;JAGUARIAIVA;238,97;121,99;33,27;17,96;75,95;7,28;26,28;31,06;99,88;240,67;0,00;2,36
2019.0;9.0;2019-09-01;BRASPINE;AMATA;;;;;48,33;18,72;80,27;9,69;23,69;34,60;99,99;237,41;0,00;0,47
2019.0;9.0;2019-09-01;BRASPINE;ANTA BRAVA;;;;;21,78;21,03;68,97;11,90;19,60;34,56;98,86;146,98;0,00;5,91
2019.0;9.0;2019-09-01;BRASPINE;ARAPONGAS;PR;SENGES;423,34;263,70;35,00;17,67;79,93;8,07;24,48;32,16;100,00;257,56;0,00;6,33
2019.0;9.0;2019-09-01;BRASPINE;ARROIO CLARO;PR;DOUTOR ULYSSES;275,14;92,00;40,50;17,68;80,97;8,36;23,90;32,69;100,00;261,04;0,00;6,33
2019.0;9.0;2019-09-01;BRASPINE;BARRA GRANDE;PR;DOUTOR ULYSSES;493,79;139,68;43,25;17,98;80,89;8,49;24,31;33,23;100,00;264,19;0,00;1,63
2019.0;9.0;2019-09-01;BRASPINE;BARRA GRANDE - BEMAIS;PR;GUARAPUAVA;299,16;108,61;17,85;17,80;76,86;7,50;28,17;29,81;99,99;240,16;0,00;1,99
2019.0;9.0;2019-09-01;BRASPINE;BARRETOS;PR;JAGUARIAIVA;43,35;32,98;37,33;17,84;78,21;7,33;24,26;32,07;100,00;253,40;0,00;4,31
2019.0;9.0;2019-09-01;BRASPINE;BAU;;;;;2,78;18,32;73,97;7,46;25,67;30,10;99,82;202,43;0,00;2,49
2019.0;9.0;2019-09-01;BRASPINE;BOA VISTA II;PR;PIRAI DO SUL;944,00;535,05;36,34;17,91;77,15;7,02;25,20;31,73;99,95;237,44;0,00;6,56
2019.0;9.0;2019-09-01;BRASPINE;BRASILEIRA;;;;;42,62;17,67;79,93;8,07;24,48;32,16;100,00;257,56;0,00;6,33
2019.0;9.0;2019-09-01;BRASPINE;BURACAO;;;;;49,59;17,56;78,84;7,62;26,76;31,67;99,85;253,82;0,00;2,61
2019.0;9.0;2019-09-01;BRASPINE;BURRINHO;PR;DOUTOR ULYSSES;211,01;100,37;40,36;17,68;80,97;8,36;23,90;32,69;100,00;261,04;0,00;6,33
2019.0;9.0;2019-09-01;BRASPINE;CADEADO I;PR;JAGUARIAIVA;21,07;12,29;38,26;17,61;78,90;7,62;24,76;31,69;100,00;252,52;0,00;1,46
2019.0;9.0;2019-09-01;BRASPINE;CADEADO II;PR;JAGUARIAIVA;21,88;16,79;38,26;17,61;78,90;7,62;24,76;31,69;100,00;252,52;0,00;1,46
2019.0;9.0;2019-09-01;BRASPINE;CAMPINA ALTA;PR;TIBAGI;29,77;18,24;41,76;19,64;72,59;8,81;23,39;32,97;99,88;208,17;0,00;3,59
2019.0;9.0;2019-09-01;BRASPINE;CAMPINA DO ELIAS;PR;JAGUARIAIVA;29,17;14,65;32,81;17,76;78,46;7,43;24,44;31,93;100,00;253,06;0,00;3,34
2019.0;9.0;2019-09-01;BRASPINE;CAMPO NOVO;PR;JAGUARIAIVA;295,98;156,36;31,59;17,61;78,90;7,62;24,76;31,69;100,00;252,52;0,00;1,46
2019.0;9.0;2019-09-01;BRASPINE;CONSULTORIA II A;PR;DOUTOR ULYSSES;89,62;60,79;34,71;17,67;79,93;8,07;24,48;32,16;100,00;257,56;0,00;6,33
2019.0;9.0;2019-09-01;BRASPINE;DINIZ;;;;;34,36;17,67;79,93;8,07;24,48;32,16;100,00;257,56;0,00;6,33
2019.0;9.0;2019-09-01;BRASPINE;ENES;PR;JAGUARIAIVA;5,93;5,69;31,10;17,61;78,90;7,62;24,76;31,69;100,00;252,52;0,00;1,46
2019.0;9.0;2019-09-01;BRASPINE;ENGENHARIA;;;;;34,36;17,67;79,93;8,07;24,48;32,16;100,00;257,56;0,00;6,33
2019.0;9.0;2019-09-01;BRASPINE;ESTACAO;PR;SENGES;4,76;4,14;37,48;17,61;78,90;7,62;24,76;31,69;100,00;252,52;0,00;1,46
2019.0;9.0;2019-09-01;BRASPINE;FAXINAL;PR;JAGUARIAIVA;20,65;20,65;31,10;17,61;78,90;7,62;24,76;31,69;100,00;252,52;0,00;1,46
2019.0;9.0;2019-09-01;BRASPINE;FEITAL;PR;DOUTOR ULYSSES;154,17;86,53;44,41;17,78;80,25;8,21;24,43;32,52;100,00;259,75;0,00;4,80
2019.0;9.0;2019-09-01;BRASPINE;FIGUEIRA;PR;DOUTOR ULYSSES;1053,81;315,71;41,96;17,68;80,97;8,36;23,90;32,69;100,00;261,04;0,00;6,33
2019.0;9.0;2019-09-01;BRASPINE;FIGUEIRINHA;PR;DOUTOR ULYSSES;94,37;56,74;47,68;17,68;80,97;8,36;23,90;32,69;100,00;261,04;0,00;6,33
2019.0;9.0;2019-09-01;BRASPINE;FLOEMA;PR;DOUTOR ULYSSES;2189,88;701,43;34,18;17,35;79,77;7,82;24,38;31,64;100,00;252,03;0,00;0,19
2019.0;9.0;2019-09-01;BRASPINE;FLOEMA I - SUDATI;;;;;37,77;17,67;79,93;8,07;24,48;32,16;100,00;257,56;0,00;6,33
2019.0;9.0;2019-09-01;BRASPINE;FLOEMA II - SUDATI;PR;DOUTOR ULYSSES;453,83;211,13;33,79;17,67;79,93;8,07;24,48;32,16;100,00;257,56;0,00;6,33
2019.0;9.0;2019-09-01;BRASPINE;FLOR DA SERRA;PR;SAO JOSE DA BOA VISTA;209,10;128,72;19,28;20,28;69,88;10,78;23,80;33,17;99,54;196,45;0,00;5,44
2019.0;9.0;2019-09-01;BRASPINE;GENTIL;PR;JAGUARIAIVA;126,77;53,33;33,33;17,75;76,18;7,07;26,41;30,73;99,62;237,25;0,00;6,53
2019.0;9.0;2019-09-01;BRASPINE;GUAIRACA;PR;GUARAPUAVA;623,62;169,31;16,66;17,80;77,01;7,40;27,96;30,13;99,99;254,98;0,00;2,26
2019.0;9.0;2019-09-01;BRASPINE;HERVAL 2 - MADALOSSO;;;;;45,58;17,56;78,84;7,62;26,76;31,67;99,85;253,82;0,00;2,61
2019.0;9.0;2019-09-01;BRASPINE;HERVAL DE BAIXO;PR;RESERVA;827,29;475,92;40,20;19,59;73,11;8,97;23,49;32,96;99,80;207,26;0,00;0,47
2019.0;9.0;2019-09-01;BRASPINE;HORTO 01;PR;TURVO;19,12;19,12;17,73;18,72;75,82;8,00;29,37;30,55;99,73;206,21;0,00;2,76
2019.0;9.0;2019-09-01;BRASPINE;HORTO 02;PR;TURVO;4,24;4,24;17,82;18,72;75,82;8,00;29,37;30,55;99,73;206,21;0,00;2,76
2019.0;9.0;2019-09-01;BRASPINE;HORTO 03;PR;PRUDENTOPOLIS;80,91;25,89;17,12;19,04;75,71;8,43;28,73;31,21;99,87;197,59;0,00;2,54
2019.0;9.0;2019-09-01;BRASPINE;HORTO 08;PR;TURVO;9,53;9,53;18,39;19,04;75,71;8,43;28,73;31,21;99,87;197,59;0,00;2,54
2019.0;9.0;2019-09-01;BRASPINE;HORTO 12;PR;PRUDENTOPOLIS;12,20;12,20;16,71;19,04;75,71;8,43;28,73;31,21;99,87;197,59;0,00;2,54
2019.0;9.0;2019-09-01;BRASPINE;IZAU;PR;PIRAI DO SUL;19,37;11,60;37,57;17,70;77,19;6,76;24,86;31,34;99,62;234,41;0,00;339,70
2019.0;9.0;2019-09-01;BRASPINE;JOAO RICO;PR;JAGUARIAIVA;47,46;26,18;33,82;17,96;75,95;7,28;26,28;31,06;99,88;240,67;0,00;2,36
2019.0;9.0;2019-09-01;BRASPINE;LAGOA;PR;JAGUARIAIVA;24,10;10,78;35,86;17,61;78,90;7,62;24,76;31,69;100,00;252,52;0,00;1,46
2019.0;9.0;2019-09-01;BRASPINE;MARACANA;PR;JANDAIA DO SUL;11,45;11,45;11,47;22,35;64,82;12,35;17,72;34,99;99,96;112,37;0,00;2,88
2019.0;9.0;2019-09-01;BRASPINE;MARRECA;;;;;39,51;17,68;80,97;8,36;23,90;32,69;100,00;261,04;0,00;6,33
2019.0;9.0;2019-09-01;BRASPINE;MARRECA SP;SP;ITAPIRAPUA PAULISTA;675,30;236,19;52,02;18,17;81,81;8,87;23,95;34,08;100,00;269,76;0,00;3,19
2019.0;9.0;2019-09-01;BRASPINE;MARRECAS;;;;;15,41;17,26;77,30;7,00;27,89;29,24;100,00;260,63;0,00;12,61
2019.0;9.0;2019-09-01;BRASPINE;MERCADINHO;;;;;50,95;18,10;80,97;8,91;23,06;33,71;100,00;270,29;0,00;1,13
2019.0;9.0;2019-09-01;BRASPINE;MONTE ALEGRE;;;;;14,98;22,79;64,26;12,84;16,98;35,58;99,95;70,47;0,00;0,15
2019.0;9.0;2019-09-01;BRASPINE;MONTE TABOR II;;;;;35,72;17,48;84,31;9,39;29,25;31,51;100,00;288,26;0,00;2,34
2019.0;9.0;2019-09-01;BRASPINE;MOREIRA;PR;DOUTOR ULYSSES;230,52;68,68;33,79;17,67;79,93;8,07;24,48;32,16;100,00;257,56;0,00;6,33
2019.0;9.0;2019-09-01;BRASPINE;MOREIRAS II;PR;DOUTOR ULYSSES;66,76;28,75;34,84;17,67;79,93;8,07;24,48;32,16;100,00;257,56;0,00;6,33
2019.0;9.0;2019-09-01;BRASPINE;MORRETES;PR;ORTIGUEIRA;20,36;20,36;40,15;20,10;72,57;9,45;22,54;33,74;99,76;199,30;0,00;4,87
2019.0;9.0;2019-09-01;BRASPINE;MORRO AZUL;;;;;29,29;17,85;80,41;8,39;24,28;32,76;100,00;262,00;0,00;11,61
2019.0;9.0;2019-09-01;BRASPINE;OURO FINO;SP;APIAI;51,70;51,70;32,14;17,51;82,28;8,73;26,88;32,12;100,00;264,00;0,00;3,22
2019.0;9.0;2019-09-01;BRASPINE;PALMEIRINHA DE BAIXO - SOSSEGO;PR;SENGES;85,93;9,22;31,66;17,71;76,80;7,90;24,85;30,91;99,87;255,06;0,00;9,34
2019.0;9.0;2019-09-01;BRASPINE;PAZIN;PR;DOUTOR ULYSSES;41,20;23,90;45,48;17,68;80,97;8,36;23,90;32,69;100,00;261,04;0,00;6,33
2019.0;9.0;2019-09-01;BRASPINE;PEDRAS;PR;CASTRO;7,18;7,18;39,94;17,64;77,74;6,63;27,80;31,05;99,57;233,48;0,00;6,25
2019.0;9.0;2019-09-01;BRASPINE;PESCARIA;PR;SAO JOSE DA BOA VISTA;184,57;129,22;22,40;20,40;69,49;10,52;22,40;33,73;99,53;180,51;0,00;3,09
2019.0;9.0;2019-09-01;BRASPINE;PESSEGUEIRO;PR;DOUTOR ULYSSES;109,95;64,79;36,19;17,67;79,93;8,07;24,48;32,16;100,00;257,56;0,00;6,33
2019.0;9.0;2019-09-01;BRASPINE;PITANGA;;;;;10,12;19,06;73,20;8,31;24,67;31,17;99,77;217,60;0,00;0,61
2019.0;9.0;2019-09-01;BRASPINE;QUEIMADINHO ARROIO CLARO;PR;DOUTOR ULYSSES;48,13;19,09;42,62;17,67;79,93;8,07;24,48;32,16;100,00;257,56;0,00;6,33
2019.0;9.0;2019-09-01;BRASPINE;QUEIMADINHO M6042;PR;DOUTOR ULYSSES;48,38;18,50;42,62;17,67;79,93;8,07;24,48;32,16;100,00;257,56;0,00;6,33
2019.0;9.0;2019-09-01;BRASPINE;QUEIMADINHO USUCAPIAO;PR;DOUTOR ULYSSES;200,27;92,43;42,62;17,67;79,93;8,07;24,48;32,16;100,00;257,56;0,00;6,33
2019.0;9.0;2019-09-01;BRASPINE;RAMOS;PR;SENGES;69,83;38,15;37,77;17,61;78,90;7,62;24,76;31,69;100,00;252,52;0,00;1,46
2019.0;9.0;2019-09-01;BRASPINE;RIBEIRAO GRANDE;PR;JAGUARIAIVA;20,77;20,77;34,80;17,70;77,19;6,76;24,86;31,34;99,62;234,41;0,00;339,70
2019.0;9.0;2019-09-01;BRASPINE;RINCAO DE BAIXO;;;;;39,81;18,79;72,30;7,94;24,15;31,84;99,53;195,84;0,00;4,14
2019.0;9.0;2019-09-01;BRASPINE;RIO BOMBA;PR;CERRO AZUL;65,03;37,72;44,32;18,39;80,20;9,27;23,76;33,74;99,98;247,22;0,00;2,12
2019.0;9.0;2019-09-01;BRASPINE;RIO DO MEIO;PR;DOUTOR ULYSSES;712,33;389,13;36,92;17,67;79,93;8,07;24,48;32,16;100,00;257,56;0,00;6,33
2019.0;9.0;2019-09-01;BRASPINE;RONDON;PR;JAGUARIAIVA;2899,24;1475,88;29,34;17,69;77,11;7,62;26,05;30,83;99,90;253,68;0,00;8,73
2019.0;9.0;2019-09-01;BRASPINE;SANTA FELICIDADE;;;;;45,60;18,41;82,54;9,40;24,20;34,91;100,00;276,47;0,00;0,03
2019.0;9.0;2019-09-01;BRASPINE;SANTA LIDIA DO CERCADINHO;;;;;33,63;18,44;72,42;7,77;24,34;31,24;99,53;220,57;0,00;3,03
2019.0;9.0;2019-09-01;BRASPINE;SANTO ANTONIO;;;;;33,86;17,65;77,39;8,03;24,11;31,25;100,00;255,44;0,00;5,16
2019.0;9.0;2019-09-01;BRASPINE;SAO JOSE;PR;JANDAIA DO SUL;37,56;37,56;14,09;22,63;64,48;12,73;17,35;35,31;99,98;84,79;0,00;0,58
2019.0;9.0;2019-09-01;BRASPINE;SAO MATHEUS;;;;;18,29;23,71;64,00;13,64;17,22;36,76;99,91;42,77;0,00;6,37
2019.0;9.0;2019-09-01;BRASPINE;SAO PEDRO E SAO PAULO;PR;SAPOPEMA;709,13;323,93;13,92;20,21;68,50;10,29;22,28;32,54;99,66;174,72;0,00;4,47
2019.0;9.0;2019-09-01;BRASPINE;SAO RAFAEL;;;;;42,66;17,00;79,84;8,03;26,91;31,77;99,67;234,99;0,00;1,63
2019.0;9.0;2019-09-01;BRASPINE;SAO RAFAEL - PB;;;;;32,97;17,63;81,84;8,66;26,37;32,43;100,00;263,98;0,00;5,09
2019.0;9.0;2019-09-01;BRASPINE;SERRARIA;PR;DOUTOR ULYSSES;280,88;117,71;33,66;17,52;80,37;8,09;24,14;32,16;100,00;256,53;0,00;7,76
2019.0;9.0;2019-09-01;BRASPINE;SERRO VERDE;;;;;0,00;18,77;72,36;7,86;23,98;30,84;99,88;210,37;0,00;3,55
2019.0;9.0;2019-09-01;BRASPINE;SERTAOZINHO;PR;DOUTOR ULYSSES;16,25;16,25;28,82;17,67;79,93;8,07;24,48;32,16;100,00;257,56;0,00;6,33
2019.0;9.0;2019-09-01;BRASPINE;SITIO BASILIO;PR;JAGUARIAIVA;8,08;8,08;32,78;17,82;75,81;7,22;26,86;30,63;99,69;239,07;0,00;333,34
2019.0;9.0;2019-09-01;BRASPINE;SITIO DAS MARRECAS;PR;DOUTOR ULYSSES;77,49;35,17;47,00;18,03;81,57;8,72;23,93;33,69;100,00;267,28;0,00;2,04
2019.0;9.0;2019-09-01;BRASPINE;SOBRADINHO;SP;BOM SUCESSO DE ITARARE;285,80;123,10;30,49;17,45;79,09;8,17;24,79;31,31;100,00;255,50;0,00;1,24
2019.0;9.0;2019-09-01;BRASPINE;TAQUARAL;PR;JAGUARIAIVA;519,13;31,07;33,49;17,88;76,72;7,42;26,62;31,04;100,00;255,27;0,00;3,38
2019.0;9.0;2019-09-01;BRASPINE;TUCUNDUVA;PR;SENGES;82,21;60,89;28,26;18,70;72,53;8,73;25,31;31,29;99,53;242,00;0,00;2,93
2019.0;9.0;2019-09-01;BRASPINE;TUCUNDUVA - CHAMMA;;;;;27,58;18,70;73,05;8,81;24,72;31,45;99,54;258,97;0,00;31,43
2019.0;9.0;2019-09-01;BRASPINE;VIENA 1;PR;DOUTOR ULYSSES;263,98;178,34;36,35;17,38;78,97;7,35;25,90;31,16;100,00;248,20;0,00;10,10
2019.0;9.0;2019-09-01;BRASPINE;VIENA 2;PR;CERRO AZUL;140,23;96,54;44,23;18,39;80,20;9,27;23,76;33,74;99,98;247,22;0,00;2,12
2019.0;9.0;2019-09-01;BRASPINE;VITORIA;PR;SENGES;50,54;35,69;31,66;17,71;76,80;7,90;24,85;30,91;99,87;255,06;0,00;9,34
2019.0;9.0;2019-09-01;BRASPINE;VIVEIRO;PR;DOUTOR ULYSSES;405,39;261,22;34,84;17,67;79,93;8,07;24,48;32,16;100,00;257,56;0,00;6,33
2019.0;9.0;2019-09-01;BRASPINE;VO LINO;PR;DOUTOR ULYSSES;164,50;97,89;39,24;17,68;80,97;8,36;23,90;32,69;100,00;261,04;0,00;6,33
2019.0;9.0;2019-09-01;BRASPINE;XAXIM VELHO;;;;;21,46;17,13;78,39;6,73;28,07;29,65;100,00;243,18;0,00;2,69
2019.0;10.0;2019-10-01;BRASPINE;AGUA DOCE;PR;JAGUARIAIVA;238,97;121,99;56,15;20,54;72,16;12,34;32,68;31,82;99,76;229,70;0,00;31,39
2019.0;10.0;2019-10-01;BRASPINE;AMATA;;;;;45,13;21,82;73,45;13,03;27,29;35,17;99,96;155,85;0,00;0,43
2019.0;10.0;2019-10-01;BRASPINE;ANTA BRAVA;;;;;61,33;23,72;64,86;14,58;23,97;35,23;96,13;14,58;0,00;2,53
2019.0;10.0;2019-10-01;BRASPINE;ARAPONGAS;PR;SENGES;423,34;263,70;53,86;20,32;76,23;12,19;32,11;32,56;100,00;230,01;0,00;33,93
2019.0;10.0;2019-10-01;BRASPINE;ARROIO CLARO;PR;DOUTOR ULYSSES;275,14;92,00;53,01;20,47;76,48;12,36;30,80;32,98;100,00;218,45;0,00;1,72
2019.0;10.0;2019-10-01;BRASPINE;BARRA GRANDE;PR;DOUTOR ULYSSES;493,79;139,68;58,65;20,72;76,69;12,30;31,09;33,50;100,00;204,87;0,00;19,13
2019.0;10.0;2019-10-01;BRASPINE;BARRA GRANDE - BEMAIS;PR;GUARAPUAVA;299,16;108,61;89,27;19,93;74,85;10,20;35,64;30,48;99,98;192,59;0,00;4,25
2019.0;10.0;2019-10-01;BRASPINE;BARRETOS;PR;JAGUARIAIVA;43,35;32,98;55,10;20,43;74,79;12,18;32,59;32,25;99,92;228,98;0,00;42,90
2019.0;10.0;2019-10-01;BRASPINE;BAU;;;;;112,59;20,37;71,93;11,91;33,17;30,80;99,67;142,77;0,00;3,50
2019.0;10.0;2019-10-01;BRASPINE;BOA VISTA II;PR;PIRAI DO SUL;944,00;535,05;60,82;20,45;73,87;12,29;33,00;32,00;99,85;243,72;0,00;41,62
2019.0;10.0;2019-10-01;BRASPINE;BRASILEIRA;;;;;56,24;20,32;76,23;12,19;32,11;32,56;100,00;230,01;0,00;33,93
2019.0;10.0;2019-10-01;BRASPINE;BURACAO;;;;;50,02;20,16;75,47;12,15;34,44;31,66;99,75;214,86;0,00;1,61
2019.0;10.0;2019-10-01;BRASPINE;BURRINHO;PR;DOUTOR ULYSSES;211,01;100,37;54,08;20,47;76,48;12,36;30,80;32,98;100,00;218,45;0,00;1,72
2019.0;10.0;2019-10-01;BRASPINE;CADEADO I;PR;JAGUARIAIVA;21,07;12,29;55,14;20,18;75,60;11,82;32,84;32,09;100,00;255,72;0,00;43,59
2019.0;10.0;2019-10-01;BRASPINE;CADEADO II;PR;JAGUARIAIVA;21,88;16,79;55,14;20,18;75,60;11,82;32,84;32,09;100,00;255,72;0,00;43,59
2019.0;10.0;2019-10-01;BRASPINE;CAMPINA ALTA;PR;TIBAGI;29,77;18,24;95,48;21,93;68,91;11,60;30,35;33,23;99,29;107,50;0,00;3,55
2019.0;10.0;2019-10-01;BRASPINE;CAMPINA DO ELIAS;PR;JAGUARIAIVA;29,17;14,65;60,72;20,34;75,09;12,10;32,76;32,19;99,95;227,87;0,00;43,13
2019.0;10.0;2019-10-01;BRASPINE;CAMPO NOVO;PR;JAGUARIAIVA;295,98;156,36;56,70;20,18;75,60;11,82;32,84;32,09;100,00;255,72;0,00;43,59
2019.0;10.0;2019-10-01;BRASPINE;CONSULTORIA II A;PR;DOUTOR ULYSSES;89,62;60,79;54,71;20,32;76,23;12,19;32,11;32,56;100,00;230,01;0,00;33,93
2019.0;10.0;2019-10-01;BRASPINE;DINIZ;;;;;51,69;20,32;76,23;12,19;32,11;32,56;100,00;230,01;0,00;33,93
2019.0;10.0;2019-10-01;BRASPINE;ENES;PR;JAGUARIAIVA;5,93;5,69;57,16;20,18;75,60;11,82;32,84;32,09;100,00;255,72;0,00;43,59
2019.0;10.0;2019-10-01;BRASPINE;ENGENHARIA;;;;;51,69;20,32;76,23;12,19;32,11;32,56;100,00;230,01;0,00;33,93
2019.0;10.0;2019-10-01;BRASPINE;ESTACAO;PR;SENGES;4,76;4,14;56,86;20,18;75,60;11,82;32,84;32,09;100,00;255,72;0,00;43,59
2019.0;10.0;2019-10-01;BRASPINE;FAXINAL;PR;JAGUARIAIVA;20,65;20,65;57,16;20,18;75,60;11,82;32,84;32,09;100,00;255,72;0,00;43,59
2019.0;10.0;2019-10-01;BRASPINE;FEITAL;PR;DOUTOR ULYSSES;154,17;86,53;58,82;20,45;76,38;12,23;31,77;32,87;100,00;216,80;0,00;29,04
2019.0;10.0;2019-10-01;BRASPINE;FIGUEIRA;PR;DOUTOR ULYSSES;1053,81;315,71;59,33;20,47;76,48;12,36;30,80;32,98;100,00;218,45;0,00;1,72
2019.0;10.0;2019-10-01;BRASPINE;FIGUEIRINHA;PR;DOUTOR ULYSSES;94,37;56,74;64,65;20,47;76,48;12,36;30,80;32,98;100,00;218,45;0,00;1,72
2019.0;10.0;2019-10-01;BRASPINE;FLOEMA;PR;DOUTOR ULYSSES;2189,88;701,43;61,44;20,03;76,08;11,95;31,38;32,05;100,00;256,39;0,00;0,57
2019.0;10.0;2019-10-01;BRASPINE;FLOEMA I - SUDATI;;;;;55,94;20,32;76,23;12,19;32,11;32,56;100,00;230,01;0,00;33,93
2019.0;10.0;2019-10-01;BRASPINE;FLOEMA II - SUDATI;PR;DOUTOR ULYSSES;453,83;211,13;55,46;20,32;76,23;12,19;32,11;32,56;100,00;230,01;0,00;33,93
2019.0;10.0;2019-10-01;BRASPINE;FLOR DA SERRA;PR;SAO JOSE DA BOA VISTA;209,10;128,72;62,09;23,12;63,74;14,59;28,33;33,83;98,02;73,86;0,00;3,20
2019.0;10.0;2019-10-01;BRASPINE;GENTIL;PR;JAGUARIAIVA;126,77;53,33;60,74;20,31;71,98;12,12;32,51;31,27;99,60;242,09;0,00;36,38
2019.0;10.0;2019-10-01;BRASPINE;GUAIRACA;PR;GUARAPUAVA;623,62;169,31;88,60;20,06;74,60;9,94;34,34;31,00;99,92;191,93;0,00;4,02
2019.0;10.0;2019-10-01;BRASPINE;HERVAL 2 - MADALOSSO;;;;;51,95;20,16;75,47;12,15;34,44;31,66;99,75;214,86;0,00;1,61
2019.0;10.0;2019-10-01;BRASPINE;HERVAL DE BAIXO;PR;RESERVA;827,29;475,92;109,58;21,88;69,32;11,32;29,50;33,30;99,41;135,19;0,00;1,78
2019.0;10.0;2019-10-01;BRASPINE;HORTO 01;PR;TURVO;19,12;19,12;105,91;20,82;73,69;10,88;36,94;31,66;99,30;152,02;0,00;6,66
2019.0;10.0;2019-10-01;BRASPINE;HORTO 02;PR;TURVO;4,24;4,24;104,02;20,82;73,69;10,88;36,94;31,66;99,30;152,02;0,00;6,66
2019.0;10.0;2019-10-01;BRASPINE;HORTO 03;PR;PRUDENTOPOLIS;80,91;25,89;106,77;21,31;73,13;11,98;35,83;32,38;99,50;161,43;0,00;1,71
2019.0;10.0;2019-10-01;BRASPINE;HORTO 08;PR;TURVO;9,53;9,53;100,86;21,31;73,13;11,98;35,83;32,38;99,50;161,43;0,00;1,71
2019.0;10.0;2019-10-01;BRASPINE;HORTO 12;PR;PRUDENTOPOLIS;12,20;12,20;101,88;21,31;73,13;11,98;35,83;32,38;99,50;161,43;0,00;1,71
2019.0;10.0;2019-10-01;BRASPINE;IZAU;PR;PIRAI DO SUL;19,37;11,60;66,08;20,24;73,39;12,21;32,59;31,31;99,52;241,92;0,00;40,78
2019.0;10.0;2019-10-01;BRASPINE;JOAO RICO;PR;JAGUARIAIVA;47,46;26,18;57,85;20,54;72,16;12,34;32,68;31,82;99,76;229,70;0,00;31,39
2019.0;10.0;2019-10-01;BRASPINE;LAGOA;PR;JAGUARIAIVA;24,10;10,78;58,73;20,18;75,60;11,82;32,84;32,09;100,00;255,72;0,00;43,59
2019.0;10.0;2019-10-01;BRASPINE;MARACANA;PR;JANDAIA DO SUL;11,45;11,45;87,04;24,48;61,05;15,32;25,94;35,55;99,71;0,00;0,00;2,41
2019.0;10.0;2019-10-01;BRASPINE;MARRECA;;;;;68,83;20,47;76,48;12,36;30,80;32,98;100,00;218,45;0,00;1,72
2019.0;10.0;2019-10-01;BRASPINE;MARRECA SP;SP;ITAPIRAPUA PAULISTA;675,30;236,19;57,33;21,06;76,62;12,54;30,34;34,17;100,00;209,16;0,00;0,00
2019.0;10.0;2019-10-01;BRASPINE;MARRECAS;;;;;87,18;19,34;75,71;9,31;35,40;29,85;100,00;212,41;0,00;12,05
2019.0;10.0;2019-10-01;BRASPINE;MERCADINHO;;;;;52,32;21,09;74,98;12,56;28,24;34,08;99,98;179,81;0,00;0,98
2019.0;10.0;2019-10-01;BRASPINE;MONTE ALEGRE;;;;;87,58;25,08;59,53;15,67;24,40;36,27;99,58;0,00;0,00;0,44
2019.0;10.0;2019-10-01;BRASPINE;MONTE TABOR II;;;;;62,53;20,25;79,61;12,53;32,33;32,83;100,00;222,97;0,00;12,17
2019.0;10.0;2019-10-01;BRASPINE;MOREIRA;PR;DOUTOR ULYSSES;230,52;68,68;55,46;20,32;76,23;12,19;32,11;32,56;100,00;230,01;0,00;33,93
2019.0;10.0;2019-10-01;BRASPINE;MOREIRAS II;PR;DOUTOR ULYSSES;66,76;28,75;54,60;20,32;76,23;12,19;32,11;32,56;100,00;230,01;0,00;33,93
2019.0;10.0;2019-10-01;BRASPINE;MORRETES;PR;ORTIGUEIRA;20,36;20,36;104,03;22,47;68,46;11,79;27,87;34,12;99,63;137,92;0,00;4,16
2019.0;10.0;2019-10-01;BRASPINE;MORRO AZUL;;;;;61,71;20,48;76,79;11,94;30,52;33,24;100,00;215,50;0,00;5,31
2019.0;10.0;2019-10-01;BRASPINE;OURO FINO;SP;APIAI;51,70;51,70;59,59;20,08;78,85;11,89;31,97;32,74;100,00;245,40;0,00;12,61
2019.0;10.0;2019-10-01;BRASPINE;PALMEIRINHA DE BAIXO - SOSSEGO;PR;SENGES;85,93;9,22;46,16;20,20;73,66;12,05;31,17;31,78;99,73;271,02;0,00;11,50
2019.0;10.0;2019-10-01;BRASPINE;PAZIN;PR;DOUTOR ULYSSES;41,20;23,90;63,69;20,47;76,48;12,36;30,80;32,98;100,00;218,45;0,00;1,72
2019.0;10.0;2019-10-01;BRASPINE;PEDRAS;PR;CASTRO;7,18;7,18;71,73;20,19;74,28;12,18;35,40;31,25;99,53;227,28;0,00;2,12
2019.0;10.0;2019-10-01;BRASPINE;PESCARIA;PR;SAO JOSE DA BOA VISTA;184,57;129,22;62,66;23,17;64,02;14,58;27,86;34,16;99,28;73,69;0,00;4,76
2019.0;10.0;2019-10-01;BRASPINE;PESSEGUEIRO;PR;DOUTOR ULYSSES;109,95;64,79;59,57;20,32;76,23;12,19;32,11;32,56;100,00;230,01;0,00;33,93
2019.0;10.0;2019-10-01;BRASPINE;PITANGA;;;;;113,71;21,37;69,42;12,32;34,45;32,19;99,39;122,33;0,00;1,65
2019.0;10.0;2019-10-01;BRASPINE;QUEIMADINHO ARROIO CLARO;PR;DOUTOR ULYSSES;48,13;19,09;56,24;20,32;76,23;12,19;32,11;32,56;100,00;230,01;0,00;33,93
2019.0;10.0;2019-10-01;BRASPINE;QUEIMADINHO M6042;PR;DOUTOR ULYSSES;48,38;18,50;56,24;20,32;76,23;12,19;32,11;32,56;100,00;230,01;0,00;33,93
2019.0;10.0;2019-10-01;BRASPINE;QUEIMADINHO USUCAPIAO;PR;DOUTOR ULYSSES;200,27;92,43;56,24;20,32;76,23;12,19;32,11;32,56;100,00;230,01;0,00;33,93
2019.0;10.0;2019-10-01;BRASPINE;RAMOS;PR;SENGES;69,83;38,15;55,94;20,18;75,60;11,82;32,84;32,09;100,00;255,72;0,00;43,59
2019.0;10.0;2019-10-01;BRASPINE;RIBEIRAO GRANDE;PR;JAGUARIAIVA;20,77;20,77;62,20;20,24;73,39;12,21;32,59;31,31;99,52;241,92;0,00;40,78
2019.0;10.0;2019-10-01;BRASPINE;RINCAO DE BAIXO;;;;;89,13;21,29;67,29;12,25;28,81;32,23;98,60;194,42;0,00;0,66
2019.0;10.0;2019-10-01;BRASPINE;RIO BOMBA;PR;CERRO AZUL;65,03;37,72;52,32;21,43;73,83;13,00;26,54;34,42;99,93;167,51;0,00;1,23
2019.0;10.0;2019-10-01;BRASPINE;RIO DO MEIO;PR;DOUTOR ULYSSES;712,33;389,13;55,03;20,32;76,23;12,19;32,11;32,56;100,00;230,01;0,00;33,93
2019.0;10.0;2019-10-01;BRASPINE;RONDON;PR;JAGUARIAIVA;2899,24;1475,88;53,06;20,21;74,00;12,06;32,46;31,68;99,75;241,14;0,00;19,44
2019.0;10.0;2019-10-01;BRASPINE;SANTA FELICIDADE;;;;;70,88;21,38;76,78;12,73;29,63;34,91;100,00;166,89;0,00;0,47
2019.0;10.0;2019-10-01;BRASPINE;SANTA LIDIA DO CERCADINHO;;;;;86,32;20,92;67,38;12,23;28,64;31,67;98,46;205,82;0,00;5,85
2019.0;10.0;2019-10-01;BRASPINE;SANTO ANTONIO;;;;;49,97;20,17;74,30;11,99;29,69;32,17;99,99;269,57;0,00;3,35
2019.0;10.0;2019-10-01;BRASPINE;SAO JOSE;PR;JANDAIA DO SUL;37,56;37,56;88,92;24,88;59,99;15,54;24,93;36,00;99,68;0,00;0,00;2,15
2019.0;10.0;2019-10-01;BRASPINE;SAO MATHEUS;;;;;76,64;26,28;58,16;16,31;23,01;37,86;99,31;0,00;0,00;1,28
2019.0;10.0;2019-10-01;BRASPINE;SAO PEDRO E SAO PAULO;PR;SAPOPEMA;709,13;323,93;75,18;22,74;63,38;13,68;28,19;33,18;96,70;84,92;0,00;114,96
2019.0;10.0;2019-10-01;BRASPINE;SAO RAFAEL;;;;;54,30;19,86;76,07;11,98;30,18;31,50;99,49;215,26;0,00;4,44
2019.0;10.0;2019-10-01;BRASPINE;SAO RAFAEL - PB;;;;;60,33;20,23;78,33;11,90;31,21;32,97;100,00;246,59;0,00;13,03
2019.0;10.0;2019-10-01;BRASPINE;SERRARIA;PR;DOUTOR ULYSSES;280,88;117,71;65,60;20,25;76,28;12,18;31,09;32,51;100,00;230,11;0,00;0,12
2019.0;10.0;2019-10-01;BRASPINE;SERRO VERDE;;;;;110,14;20,88;69,84;11,86;30,29;31,46;99,39;147,79;0,00;4,38
2019.0;10.0;2019-10-01;BRASPINE;SERTAOZINHO;PR;DOUTOR ULYSSES;16,25;16,25;52,49;20,32;76,23;12,19;32,11;32,56;100,00;230,01;0,00;33,93
2019.0;10.0;2019-10-01;BRASPINE;SITIO BASILIO;PR;JAGUARIAIVA;8,08;8,08;56,45;20,39;71,59;12,15;32,36;31,40;99,67;242,87;0,00;31,73
2019.0;10.0;2019-10-01;BRASPINE;SITIO DAS MARRECAS;PR;DOUTOR ULYSSES;77,49;35,17;68,01;20,89;76,58;12,49;30,47;33,83;100,00;207,57;0,00;0,49
2019.0;10.0;2019-10-01;BRASPINE;SOBRADINHO;SP;BOM SUCESSO DE ITARARE;285,80;123,10;50,93;19,97;76,07;11,73;30,59;32,26;100,00;267,97;0,00;4,61
2019.0;10.0;2019-10-01;BRASPINE;TAQUARAL;PR;JAGUARIAIVA;519,13;31,07;53,95;20,43;73,45;12,22;33,33;31,88;99,93;228,41;0,00;30,58
2019.0;10.0;2019-10-01;BRASPINE;TUCUNDUVA;PR;SENGES;82,21;60,89;55,83;21,29;68,19;13,00;28,86;32,37;99,60;209,55;0,00;319,16
2019.0;10.0;2019-10-01;BRASPINE;TUCUNDUVA - CHAMMA;;;;;58,68;21,28;68,90;13,03;28,80;32,50;99,57;195,15;0,00;5,21
2019.0;10.0;2019-10-01;BRASPINE;VIENA 1;PR;DOUTOR ULYSSES;263,98;178,34;58,00;19,92;75,83;11,90;34,28;31,52;100,00;269,52;0,00;2,19
2019.0;10.0;2019-10-01;BRASPINE;VIENA 2;PR;CERRO AZUL;140,23;96,54;52,55;21,43;73,83;13,00;26,54;34,42;99,93;167,51;0,00;1,23
2019.0;10.0;2019-10-01;BRASPINE;VITORIA;PR;SENGES;50,54;35,69;46,16;20,20;73,66;12,05;31,17;31,78;99,73;271,02;0,00;11,50
2019.0;10.0;2019-10-01;BRASPINE;VIVEIRO;PR;DOUTOR ULYSSES;405,39;261,22;54,60;20,32;76,23;12,19;32,11;32,56;100,00;230,01;0,00;33,93
2019.0;10.0;2019-10-01;BRASPINE;VO LINO;PR;DOUTOR ULYSSES;164,50;97,89;63,38;20,47;76,48;12,36;30,80;32,98;100,00;218,45;0,00;1,72
2019.0;10.0;2019-10-01;BRASPINE;XAXIM VELHO;;;;;103,23;19,34;76,86;10,04;34,62;30,32;100,00;215,46;0,00;2,64
2019.0;11.0;2019-11-01;BRASPINE;AGUA DOCE;PR;JAGUARIAIVA;238,97;121,99;106,71;20,02;78,55;11,78;36,66;31,83;99,88;149,18;0,00;5,28
2019.0;11.0;2019-11-01;BRASPINE;AMATA;;;;;112,17;21,52;77,04;14,26;32,46;35,22;100,00;72,61;0,00;355,54
2019.0;11.0;2019-11-01;BRASPINE;ANTA BRAVA;;;;;133,71;22,71;74,37;14,17;27,43;34,91;99,45;28,62;0,00;64,48
2019.0;11.0;2019-11-01;BRASPINE;ARAPONGAS;PR;SENGES;423,34;263,70;113,19;19,84;81,46;12,21;35,60;33,08;100,00;164,62;0,00;3,65
2019.0;11.0;2019-11-01;BRASPINE;ARROIO CLARO;PR;DOUTOR ULYSSES;275,14;92,00;109,49;20,00;81,43;12,61;34,58;33,51;100,00;137,10;0,00;1,64
2019.0;11.0;2019-11-01;BRASPINE;BARRA GRANDE;PR;DOUTOR ULYSSES;493,79;139,68;114,25;20,24;81,64;12,61;35,07;33,90;100,00;108,41;0,00;5,52
2019.0;11.0;2019-11-01;BRASPINE;BARRA GRANDE - BEMAIS;PR;GUARAPUAVA;299,16;108,61;127,75;19,96;78,86;12,96;38,40;29,61;99,99;152,33;0,00;5,52
2019.0;11.0;2019-11-01;BRASPINE;BARRETOS;PR;JAGUARIAIVA;43,35;32,98;109,89;19,87;80,65;11,77;36,13;32,58;99,98;163,38;0,00;6,31
2019.0;11.0;2019-11-01;BRASPINE;BAU;;;;;104,39;20,20;77,74;12,51;38,67;29,42;99,90;140,65;0,00;0,15
2019.0;11.0;2019-11-01;BRASPINE;BOA VISTA II;PR;PIRAI DO SUL;944,00;535,05;105,09;19,90;79,96;11,61;36,97;32,13;100,00;177,79;0,00;0,21
2019.0;11.0;2019-11-01;BRASPINE;BRASILEIRA;;;;;111,31;19,84;81,46;12,21;35,60;33,08;100,00;164,62;0,00;3,65
2019.0;11.0;2019-11-01;BRASPINE;BURACAO;;;;;119,20;19,88;79,57;12,44;39,29;31,01;99,73;150,82;0,00;1,62
2019.0;11.0;2019-11-01;BRASPINE;BURRINHO;PR;DOUTOR ULYSSES;211,01;100,37;109,13;20,00;81,43;12,61;34,58;33,51;100,00;137,10;0,00;1,64
2019.0;11.0;2019-11-01;BRASPINE;CADEADO I;PR;JAGUARIAIVA;21,07;12,29;109,08;19,70;81,04;11,95;36,50;32,42;100,00;162,46;0,00;3,31
2019.0;11.0;2019-11-01;BRASPINE;CADEADO II;PR;JAGUARIAIVA;21,88;16,79;109,08;19,70;81,04;11,95;36,50;32,42;100,00;162,46;0,00;3,31
2019.0;11.0;2019-11-01;BRASPINE;CAMPINA ALTA;PR;TIBAGI;29,77;18,24;117,10;21,64;74,92;13,25;33,19;32,02;99,99;84,38;0,00;16,33
2019.0;11.0;2019-11-01;BRASPINE;CAMPINA DO ELIAS;PR;JAGUARIAIVA;29,17;14,65;109,60;19,81;80,79;11,83;36,27;32,53;99,99;163,04;0,00;5,23
2019.0;11.0;2019-11-01;BRASPINE;CAMPO NOVO;PR;JAGUARIAIVA;295,98;156,36;116,45;19,70;81,04;11,95;36,50;32,42;100,00;162,46;0,00;3,31
2019.0;11.0;2019-11-01;BRASPINE;CONSULTORIA II A;PR;DOUTOR ULYSSES;89,62;60,79;111,17;19,84;81,46;12,21;35,60;33,08;100,00;164,62;0,00;3,65
2019.0;11.0;2019-11-01;BRASPINE;DINIZ;;;;;112,52;19,84;81,46;12,21;35,60;33,08;100,00;164,62;0,00;3,65
2019.0;11.0;2019-11-01;BRASPINE;ENES;PR;JAGUARIAIVA;5,93;5,69;116,90;19,70;81,04;11,95;36,50;32,42;100,00;162,46;0,00;3,31
2019.0;11.0;2019-11-01;BRASPINE;ENGENHARIA;;;;;112,52;19,84;81,46;12,21;35,60;33,08;100,00;164,62;0,00;3,65
2019.0;11.0;2019-11-01;BRASPINE;ESTACAO;PR;SENGES;4,76;4,14;110,59;19,70;81,04;11,95;36,50;32,42;100,00;162,46;0,00;3,31
2019.0;11.0;2019-11-01;BRASPINE;FAXINAL;PR;JAGUARIAIVA;20,65;20,65;116,90;19,70;81,04;11,95;36,50;32,42;100,00;162,46;0,00;3,31
2019.0;11.0;2019-11-01;BRASPINE;FEITAL;PR;DOUTOR ULYSSES;154,17;86,53;108,61;19,97;81,52;12,35;35,42;33,35;100,00;136,05;0,00;1,03
2019.0;11.0;2019-11-01;BRASPINE;FIGUEIRA;PR;DOUTOR ULYSSES;1053,81;315,71;107,95;20,00;81,43;12,61;34,58;33,51;100,00;137,10;0,00;1,64
2019.0;11.0;2019-11-01;BRASPINE;FIGUEIRINHA;PR;DOUTOR ULYSSES;94,37;56,74;104,54;20,00;81,43;12,61;34,58;33,51;100,00;137,10;0,00;1,64
2019.0;11.0;2019-11-01;BRASPINE;FLOEMA;PR;DOUTOR ULYSSES;2189,88;701,43;112,53;19,59;81,20;12,16;35,69;32,69;100,00;161,97;0,00;0,36
2019.0;11.0;2019-11-01;BRASPINE;FLOEMA I - SUDATI;;;;;110,45;19,84;81,46;12,21;35,60;33,08;100,00;164,62;0,00;3,65
2019.0;11.0;2019-11-01;BRASPINE;FLOEMA II - SUDATI;PR;DOUTOR ULYSSES;453,83;211,13;112,36;19,84;81,46;12,21;35,60;33,08;100,00;164,62;0,00;3,65
2019.0;11.0;2019-11-01;BRASPINE;FLOR DA SERRA;PR;SAO JOSE DA BOA VISTA;209,10;128,72;96,06;22,42;71,21;13,74;30,10;34,66;99,71;27,76;0,00;1,19
2019.0;11.0;2019-11-01;BRASPINE;GENTIL;PR;JAGUARIAIVA;126,77;53,33;108,37;19,81;78,58;11,64;36,61;31,57;99,61;161,82;0,00;0,04
2019.0;11.0;2019-11-01;BRASPINE;GUAIRACA;PR;GUARAPUAVA;623,62;169,31;136,20;20,10;78,37;13,05;39,64;30,09;100,00;109,00;0,00;8,77
2019.0;11.0;2019-11-01;BRASPINE;HERVAL 2 - MADALOSSO;;;;;118,20;19,88;79,57;12,44;39,29;31,01;99,73;150,82;0,00;1,62
2019.0;11.0;2019-11-01;BRASPINE;HERVAL DE BAIXO;PR;RESERVA;827,29;475,92;112,57;21,68;75,07;13,03;32,97;32,07;99,92;83,58;0,00;5,17
2019.0;11.0;2019-11-01;BRASPINE;HORTO 01;PR;TURVO;19,12;19,12;110,41;20,88;77,68;13,23;39,68;30,70;99,64;98,20;0,00;5,01
2019.0;11.0;2019-11-01;BRASPINE;HORTO 02;PR;TURVO;4,24;4,24;109,63;20,88;77,68;13,23;39,68;30,70;99,64;98,20;0,00;5,01
2019.0;11.0;2019-11-01;BRASPINE;HORTO 03;PR;PRUDENTOPOLIS;80,91;25,89;114,08;21,36;76,75;13,78;37,23;31,42;99,95;71,37;0,00;0,96
2019.0;11.0;2019-11-01;BRASPINE;HORTO 08;PR;TURVO;9,53;9,53;113,40;21,36;76,75;13,78;37,23;31,42;99,95;71,37;0,00;0,96
2019.0;11.0;2019-11-01;BRASPINE;HORTO 12;PR;PRUDENTOPOLIS;12,20;12,20;116,14;21,36;76,75;13,78;37,23;31,42;99,95;71,37;0,00;0,96
2019.0;11.0;2019-11-01;BRASPINE;IZAU;PR;PIRAI DO SUL;19,37;11,60;107,12;19,67;79,81;11,38;36,19;31,85;99,63;174,85;0,00;1,21
2019.0;11.0;2019-11-01;BRASPINE;JOAO RICO;PR;JAGUARIAIVA;47,46;26,18;107,83;20,02;78,55;11,78;36,66;31,83;99,88;149,18;0,00;5,28
2019.0;11.0;2019-11-01;BRASPINE;LAGOA;PR;JAGUARIAIVA;24,10;10,78;110,54;19,70;81,04;11,95;36,50;32,42;100,00;162,46;0,00;3,31
2019.0;11.0;2019-11-01;BRASPINE;MARACANA;PR;JANDAIA DO SUL;11,45;11,45;93,08;23,70;70,56;15,37;29,98;34,65;99,99;0,00;0,00;5,98
2019.0;11.0;2019-11-01;BRASPINE;MARRECA;;;;;104,10;20,00;81,43;12,61;34,58;33,51;100,00;137,10;0,00;1,64
2019.0;11.0;2019-11-01;BRASPINE;MARRECA SP;SP;ITAPIRAPUA PAULISTA;675,30;236,19;107,41;20,60;81,26;13,14;34,05;34,62;100,00;96,73;0,00;0,33
2019.0;11.0;2019-11-01;BRASPINE;MARRECAS;;;;;131,89;19,37;79,84;12,40;39,74;29,00;100,00;190,94;0,00;0,34
2019.0;11.0;2019-11-01;BRASPINE;MERCADINHO;;;;;106,20;20,70;79,24;13,34;33,26;34,44;100,00;82,67;0,00;0,50
2019.0;11.0;2019-11-01;BRASPINE;MONTE ALEGRE;;;;;92,08;24,32;69,05;16,07;28,47;35,37;99,82;0,00;0,00;4,55
2019.0;11.0;2019-11-01;BRASPINE;MONTE TABOR II;;;;;113,64;19,88;83,34;12,03;36,04;33,78;100,00;108,10;0,00;14,30
2019.0;11.0;2019-11-01;BRASPINE;MOREIRA;PR;DOUTOR ULYSSES;230,52;68,68;112,36;19,84;81,46;12,21;35,60;33,08;100,00;164,62;0,00;3,65
2019.0;11.0;2019-11-01;BRASPINE;MOREIRAS II;PR;DOUTOR ULYSSES;66,76;28,75;110,99;19,84;81,46;12,21;35,60;33,08;100,00;164,62;0,00;3,65
2019.0;11.0;2019-11-01;BRASPINE;MORRETES;PR;ORTIGUEIRA;20,36;20,36;114,20;22,28;74,28;13,49;32,11;32,89;99,88;70,77;0,00;4,21
2019.0;11.0;2019-11-01;BRASPINE;MORRO AZUL;;;;;111,22;19,98;81,83;12,12;35,11;33,31;100,00;120,79;0,00;61,71
2019.0;11.0;2019-11-01;BRASPINE;OURO FINO;SP;APIAI;51,70;51,70;119,27;19,65;83,33;11,87;35,32;32,94;100,00;119,54;0,00;40,35
2019.0;11.0;2019-11-01;BRASPINE;PALMEIRINHA DE BAIXO - SOSSEGO;PR;SENGES;85,93;9,22;115,59;19,72;79,36;11,53;35,94;32,33;99,87;161,92;0,00;3,59
2019.0;11.0;2019-11-01;BRASPINE;PAZIN;PR;DOUTOR ULYSSES;41,20;23,90;106,15;20,00;81,43;12,61;34,58;33,51;100,00;137,10;0,00;1,64
2019.0;11.0;2019-11-01;BRASPINE;PEDRAS;PR;CASTRO;7,18;7,18;110,50;19,68;80,25;11,47;39,19;31,19;99,66;175,15;0,00;0,03
2019.0;11.0;2019-11-01;BRASPINE;PESCARIA;PR;SAO JOSE DA BOA VISTA;184,57;129,22;95,10;22,55;70,81;13,90;30,41;35,27;99,65;27,97;0,00;3,91
2019.0;11.0;2019-11-01;BRASPINE;PESSEGUEIRO;PR;DOUTOR ULYSSES;109,95;64,79;111,16;19,84;81,46;12,21;35,60;33,08;100,00;164,62;0,00;3,65
2019.0;11.0;2019-11-01;BRASPINE;PITANGA;;;;;104,03;21,14;75,98;13,17;40,48;30,85;99,79;71,66;0,00;0,22
2019.0;11.0;2019-11-01;BRASPINE;QUEIMADINHO ARROIO CLARO;PR;DOUTOR ULYSSES;48,13;19,09;111,31;19,84;81,46;12,21;35,60;33,08;100,00;164,62;0,00;3,65
2019.0;11.0;2019-11-01;BRASPINE;QUEIMADINHO M6042;PR;DOUTOR ULYSSES;48,38;18,50;111,31;19,84;81,46;12,21;35,60;33,08;100,00;164,62;0,00;3,65
2019.0;11.0;2019-11-01;BRASPINE;QUEIMADINHO USUCAPIAO;PR;DOUTOR ULYSSES;200,27;92,43;111,31;19,84;81,46;12,21;35,60;33,08;100,00;164,62;0,00;3,65
2019.0;11.0;2019-11-01;BRASPINE;RAMOS;PR;SENGES;69,83;38,15;110,45;19,70;81,04;11,95;36,50;32,42;100,00;162,46;0,00;3,31
2019.0;11.0;2019-11-01;BRASPINE;RIBEIRAO GRANDE;PR;JAGUARIAIVA;20,77;20,77;109,12;19,67;79,81;11,38;36,19;31,85;99,63;174,85;0,00;1,21
2019.0;11.0;2019-11-01;BRASPINE;RINCAO DE BAIXO;;;;;111,78;20,84;74,53;12,69;35,75;31,75;99,74;125,14;0,00;3,42
2019.0;11.0;2019-11-01;BRASPINE;RIO BOMBA;PR;CERRO AZUL;65,03;37,72;108,21;21,14;77,36;13,85;32,84;34,48;99,96;85,27;0,00;0,94
2019.0;11.0;2019-11-01;BRASPINE;RIO DO MEIO;PR;DOUTOR ULYSSES;712,33;389,13;111,10;19,84;81,46;12,21;35,60;33,08;100,00;164,62;0,00;3,65
2019.0;11.0;2019-11-01;BRASPINE;RONDON;PR;JAGUARIAIVA;2899,24;1475,88;108,19;19,75;79,61;11,71;37,17;32,25;99,90;162,09;0,00;6,33
2019.0;11.0;2019-11-01;BRASPINE;SANTA FELICIDADE;;;;;109,15;20,96;81,13;13,38;33,52;35,35;100,00;84,02;0,00;4,28
2019.0;11.0;2019-11-01;BRASPINE;SANTA LIDIA DO CERCADINHO;;;;;109,45;20,47;74,80;12,42;35,83;31,35;99,71;122,45;0,00;3,18
2019.0;11.0;2019-11-01;BRASPINE;SANTO ANTONIO;;;;;113,16;19,69;79,88;11,45;34,98;32,33;100,00;161,51;0,00;76,73
2019.0;11.0;2019-11-01;BRASPINE;SAO JOSE;PR;JANDAIA DO SUL;37,56;37,56;91,20;24,12;69,43;15,87;28,98;35,10;99,87;0,00;0,00;5,15
2019.0;11.0;2019-11-01;BRASPINE;SAO MATHEUS;;;;;93,00;25,62;67,19;17,49;26,81;36,89;99,82;0,00;0,00;2,12
2019.0;11.0;2019-11-01;BRASPINE;SAO PEDRO E SAO PAULO;PR;SAPOPEMA;709,13;323,93;104,10;21,95;72,39;13,47;29,88;33,07;99,65;56,59;0,00;3,22
2019.0;11.0;2019-11-01;BRASPINE;SAO RAFAEL;;;;;92,58;19,80;78,41;12,42;39,93;31,10;99,46;137,37;0,00;0,08
2019.0;11.0;2019-11-01;BRASPINE;SAO RAFAEL - PB;;;;;114,86;19,76;83,01;11,98;35,10;33,11;100,00;120,11;0,00;46,20
2019.0;11.0;2019-11-01;BRASPINE;SERRARIA;PR;DOUTOR ULYSSES;280,88;117,71;110,41;19,79;81,32;12,40;35,13;33,10;100,00;149,68;0,00;0,16
2019.0;11.0;2019-11-01;BRASPINE;SERRO VERDE;;;;;111,02;20,61;76,40;12,86;38,16;29,91;99,92;83,50;0,00;0,65
2019.0;11.0;2019-11-01;BRASPINE;SERTAOZINHO;PR;DOUTOR ULYSSES;16,25;16,25;112,87;19,84;81,46;12,21;35,60;33,08;100,00;164,62;0,00;3,65
2019.0;11.0;2019-11-01;BRASPINE;SITIO BASILIO;PR;JAGUARIAIVA;8,08;8,08;106,58;19,90;78,19;11,76;36,75;31,55;99,68;162,97;0,00;7,21
2019.0;11.0;2019-11-01;BRASPINE;SITIO DAS MARRECAS;PR;DOUTOR ULYSSES;77,49;35,17;104,81;20,43;81,31;13,02;34,20;34,30;100,00;95,63;0,00;0,82
2019.0;11.0;2019-11-01;BRASPINE;SOBRADINHO;SP;BOM SUCESSO DE ITARARE;285,80;123,10;114,28;19,50;81,36;11,32;35,03;32,07;100,00;160,58;0,00;71,42
2019.0;11.0;2019-11-01;BRASPINE;TAQUARAL;PR;JAGUARIAIVA;519,13;31,07;113,85;19,94;79,30;11,81;37,26;31,82;100,00;163,60;0,00;1,83
2019.0;11.0;2019-11-01;BRASPINE;TUCUNDUVA;PR;SENGES;82,21;60,89;115,29;20,81;74,57;12,36;34,03;33,01;99,53;109,72;0,00;1,34
2019.0;11.0;2019-11-01;BRASPINE;TUCUNDUVA - CHAMMA;;;;;117,21;20,76;75,15;12,35;34,17;33,14;99,41;110,07;0,00;10,29
2019.0;11.0;2019-11-01;BRASPINE;VIENA 1;PR;DOUTOR ULYSSES;263,98;178,34;111,54;19,46;81,28;11,86;37,57;31,87;100,00;174,52;0,00;0,53
2019.0;11.0;2019-11-01;BRASPINE;VIENA 2;PR;CERRO AZUL;140,23;96,54;108,22;21,14;77,36;13,85;32,84;34,48;99,96;85,27;0,00;0,94
2019.0;11.0;2019-11-01;BRASPINE;VITORIA;PR;SENGES;50,54;35,69;115,59;19,72;79,36;11,53;35,94;32,33;99,87;161,92;0,00;3,59
2019.0;11.0;2019-11-01;BRASPINE;VIVEIRO;PR;DOUTOR ULYSSES;405,39;261,22;110,99;19,84;81,46;12,21;35,60;33,08;100,00;164,62;0,00;3,65
2019.0;11.0;2019-11-01;BRASPINE;VO LINO;PR;DOUTOR ULYSSES;164,50;97,89;105,88;20,00;81,43;12,61;34,58;33,51;100,00;137,10;0,00;1,64
2019.0;11.0;2019-11-01;BRASPINE;XAXIM VELHO;;;;;137,39;19,45;79,94;12,06;40,97;29,44;100,00;192,87;0,00;0,81
2019.0;12.0;2019-12-01;BRASPINE;AGUA DOCE;PR;JAGUARIAIVA;238,97;121,99;155,60;20,68;78,82;12,89;37,68;29,45;99,94;56,55;0,00;20,65
2019.0;12.0;2019-12-01;BRASPINE;AMATA;;;;;97,86;22,11;79,39;14,77;37,01;31,96;100,00;29,74;0,00;0,05
2019.0;12.0;2019-12-01;BRASPINE;ANTA BRAVA;;;;;151,83;23,28;76,96;15,15;34,22;31,75;99,12;0,00;0,00;1,90
2019.0;12.0;2019-12-01;BRASPINE;ARAPONGAS;PR;SENGES;423,34;263,70;160,58;20,55;81,80;13,10;38,01;29,83;100,00;40,55;0,00;7,76
2019.0;12.0;2019-12-01;BRASPINE;ARROIO CLARO;PR;DOUTOR ULYSSES;275,14;92,00;112,83;20,69;81,96;13,41;38,10;30,14;100,00;40,87;0,00;1,93
2019.0;12.0;2019-12-01;BRASPINE;BARRA GRANDE;PR;DOUTOR ULYSSES;493,79;139,68;171,39;21,02;82,02;13,53;38,53;30,69;100,00;41,25;0,00;3,60
2019.0;12.0;2019-12-01;BRASPINE;BARRA GRANDE - BEMAIS;PR;GUARAPUAVA;299,16;108,61;210,37;20,00;80,41;12,89;35,96;29,32;99,99;99,02;0,00;8,00
2019.0;12.0;2019-12-01;BRASPINE;BARRETOS;PR;JAGUARIAIVA;43,35;32,98;155,41;20,61;80,90;12,82;37,23;29,57;99,93;56,01;0,00;0,37
2019.0;12.0;2019-12-01;BRASPINE;BAU;;;;;211,20;20,08;80,57;13,29;39,29;29,25;99,88;55,29;0,00;0,33
2019.0;12.0;2019-12-01;BRASPINE;BOA VISTA II;PR;PIRAI DO SUL;944,00;535,05;155,48;20,66;80,05;12,76;37,58;29,36;99,91;56,09;0,00;0,14
2019.0;12.0;2019-12-01;BRASPINE;BRASILEIRA;;;;;152,84;20,55;81,80;13,10;38,01;29,83;100,00;40,55;0,00;7,76
2019.0;12.0;2019-12-01;BRASPINE;BURACAO;;;;;86,67;20,48;80,52;13,30;40,51;29,44;99,90;41,20;0,00;0,72
2019.0;12.0;2019-12-01;BRASPINE;BURRINHO;PR;DOUTOR ULYSSES;211,01;100,37;115,99;20,69;81,96;13,41;38,10;30,14;100,00;40,87;0,00;1,93
2019.0;12.0;2019-12-01;BRASPINE;CADEADO I;PR;JAGUARIAIVA;21,07;12,29;153,02;20,40;81,32;12,82;37,36;29,47;100,00;70,09;0,00;12,21
2019.0;12.0;2019-12-01;BRASPINE;CADEADO II;PR;JAGUARIAIVA;21,88;16,79;153,02;20,40;81,32;12,82;37,36;29,47;100,00;70,09;0,00;12,21
2019.0;12.0;2019-12-01;BRASPINE;CAMPINA ALTA;PR;TIBAGI;29,77;18,24;251,23;21,63;78,15;14,82;36,74;30,47;99,94;14,82;0,00;2,97
2019.0;12.0;2019-12-01;BRASPINE;CAMPINA DO ELIAS;PR;JAGUARIAIVA;29,17;14,65;153,97;20,53;81,05;12,82;37,28;29,54;99,95;55,70;0,00;15,46
2019.0;12.0;2019-12-01;BRASPINE;CAMPO NOVO;PR;JAGUARIAIVA;295,98;156,36;158,10;20,40;81,32;12,82;37,36;29,47;100,00;70,09;0,00;12,21
2019.0;12.0;2019-12-01;BRASPINE;CONSULTORIA II A;PR;DOUTOR ULYSSES;89,62;60,79;155,93;20,55;81,80;13,10;38,01;29,83;100,00;40,55;0,00;7,76
2019.0;12.0;2019-12-01;BRASPINE;DINIZ;;;;;151,59;20,55;81,80;13,10;38,01;29,83;100,00;40,55;0,00;7,76
2019.0;12.0;2019-12-01;BRASPINE;ENES;PR;JAGUARIAIVA;5,93;5,69;157,60;20,40;81,32;12,82;37,36;29,47;100,00;70,09;0,00;12,21
2019.0;12.0;2019-12-01;BRASPINE;ENGENHARIA;;;;;151,59;20,55;81,80;13,10;38,01;29,83;100,00;40,55;0,00;7,76
2019.0;12.0;2019-12-01;BRASPINE;ESTACAO;PR;SENGES;4,76;4,14;147,78;20,40;81,32;12,82;37,36;29,47;100,00;70,09;0,00;12,21
2019.0;12.0;2019-12-01;BRASPINE;FAXINAL;PR;JAGUARIAIVA;20,65;20,65;157,60;20,40;81,32;12,82;37,36;29,47;100,00;70,09;0,00;12,21
2019.0;12.0;2019-12-01;BRASPINE;FEITAL;PR;DOUTOR ULYSSES;154,17;86,53;167,37;20,70;81,87;13,24;38,19;30,11;100,00;40,77;0,00;6,36
2019.0;12.0;2019-12-01;BRASPINE;FIGUEIRA;PR;DOUTOR ULYSSES;1053,81;315,71;160,90;20,69;81,96;13,41;38,10;30,14;100,00;40,87;0,00;1,93
2019.0;12.0;2019-12-01;BRASPINE;FIGUEIRINHA;PR;DOUTOR ULYSSES;94,37;56,74;148,76;20,69;81,96;13,41;38,10;30,14;100,00;40,87;0,00;1,93
2019.0;12.0;2019-12-01;BRASPINE;FLOEMA;PR;DOUTOR ULYSSES;2189,88;701,43;148,47;20,19;81,81;12,89;37,68;29,31;100,00;54,49;0,00;4,09
2019.0;12.0;2019-12-01;BRASPINE;FLOEMA I - SUDATI;;;;;149,27;20,55;81,80;13,10;38,01;29,83;100,00;40,55;0,00;7,76
2019.0;12.0;2019-12-01;BRASPINE;FLOEMA II - SUDATI;PR;DOUTOR ULYSSES;453,83;211,13;155,13;20,55;81,80;13,10;38,01;29,83;100,00;40,55;0,00;7,76
2019.0;12.0;2019-12-01;BRASPINE;FLOR DA SERRA;PR;SAO JOSE DA BOA VISTA;209,10;128,72;185,94;22,72;73,65;15,33;31,02;31,91;99,75;0,00;0,00;3,31
2019.0;12.0;2019-12-01;BRASPINE;GENTIL;PR;JAGUARIAIVA;126,77;53,33;154,48;20,41;78,67;12,69;37,53;29,04;99,88;70,63;0,00;1,24
2019.0;12.0;2019-12-01;BRASPINE;GUAIRACA;PR;GUARAPUAVA;623,62;169,31;188,28;20,21;79,65;13,09;36,21;29,41;99,98;69,70;0,00;9,72
2019.0;12.0;2019-12-01;BRASPINE;HERVAL 2 - MADALOSSO;;;;;90,28;20,48;80,52;13,30;40,51;29,44;99,90;41,20;0,00;0,72
2019.0;12.0;2019-12-01;BRASPINE;HERVAL DE BAIXO;PR;RESERVA;827,29;475,92;254,56;21,55;78,78;14,35;36,20;30,55;99,81;14,35;0,00;2,10
2019.0;12.0;2019-12-01;BRASPINE;HORTO 01;PR;TURVO;19,12;19,12;216,14;20,68;81,43;13,45;41,11;29,64;99,81;86,57;0,00;10,64
2019.0;12.0;2019-12-01;BRASPINE;HORTO 02;PR;TURVO;4,24;4,24;209,64;20,68;81,43;13,45;41,11;29,64;99,81;86,57;0,00;10,64
2019.0;12.0;2019-12-01;BRASPINE;HORTO 03;PR;PRUDENTOPOLIS;80,91;25,89;232,48;21,21;80,46;14,03;37,56;30,49;99,97;43,65;0,00;2,91
2019.0;12.0;2019-12-01;BRASPINE;HORTO 08;PR;TURVO;9,53;9,53;205,80;21,21;80,46;14,03;37,56;30,49;99,97;43,65;0,00;2,91
2019.0;12.0;2019-12-01;BRASPINE;HORTO 12;PR;PRUDENTOPOLIS;12,20;12,20;232,03;21,21;80,46;14,03;37,56;30,49;99,97;43,65;0,00;2,91
2019.0;12.0;2019-12-01;BRASPINE;IZAU;PR;PIRAI DO SUL;19,37;11,60;158,27;20,38;79,55;12,55;36,87;29,04;99,84;70,15;0,00;0,87
2019.0;12.0;2019-12-01;BRASPINE;JOAO RICO;PR;JAGUARIAIVA;47,46;26,18;154,94;20,68;78,82;12,89;37,68;29,45;99,94;56,55;0,00;20,65
2019.0;12.0;2019-12-01;BRASPINE;LAGOA;PR;JAGUARIAIVA;24,10;10,78;147,06;20,40;81,32;12,82;37,36;29,47;100,00;70,09;0,00;12,21
2019.0;12.0;2019-12-01;BRASPINE;MARACANA;PR;JANDAIA DO SUL;11,45;11,45;282,76;23,09;78,31;15,04;35,47;31,88;99,99;0,00;0,00;6,01
2019.0;12.0;2019-12-01;BRASPINE;MARRECA;;;;;159,61;20,69;81,96;13,41;38,10;30,14;100,00;40,87;0,00;1,93
2019.0;12.0;2019-12-01;BRASPINE;MARRECA SP;SP;ITAPIRAPUA PAULISTA;675,30;236,19;125,05;21,39;81,76;13,98;37,97;31,22;100,00;42,65;0,00;0,84
2019.0;12.0;2019-12-01;BRASPINE;MARRECAS;;;;;183,42;19,49;80,59;12,40;36,25;28,76;100,00;139,55;0,00;8,81
2019.0;12.0;2019-12-01;BRASPINE;MERCADINHO;;;;;118,69;21,34;80,67;14,13;37,28;31,04;100,00;42,76;0,00;0,69
2019.0;12.0;2019-12-01;BRASPINE;MONTE ALEGRE;;;;;273,22;23,58;77,54;15,62;36,46;32,43;99,94;0,00;0,00;2,66
2019.0;12.0;2019-12-01;BRASPINE;MONTE TABOR II;;;;;150,18;20,59;83,52;13,24;37,48;30,45;99,93;54,89;0,00;59,64
2019.0;12.0;2019-12-01;BRASPINE;MOREIRA;PR;DOUTOR ULYSSES;230,52;68,68;155,13;20,55;81,80;13,10;38,01;29,83;100,00;40,55;0,00;7,76
2019.0;12.0;2019-12-01;BRASPINE;MOREIRAS II;PR;DOUTOR ULYSSES;66,76;28,75;156,04;20,55;81,80;13,10;38,01;29,83;100,00;40,55;0,00;7,76
2019.0;12.0;2019-12-01;BRASPINE;MORRETES;PR;ORTIGUEIRA;20,36;20,36;255,64;22,02;78,87;14,18;34,81;31,32;99,81;14,18;0,00;7,74
2019.0;12.0;2019-12-01;BRASPINE;MORRO AZUL;;;;;151,59;20,75;82,26;13,11;36,65;30,53;100,00;54,53;0,00;10,86
2019.0;12.0;2019-12-01;BRASPINE;OURO FINO;SP;APIAI;51,70;51,70;163,80;20,38;83,69;12,60;38,63;29,99;100,00;52,82;0,00;76,03
2019.0;12.0;2019-12-01;BRASPINE;PALMEIRINHA DE BAIXO - SOSSEGO;PR;SENGES;85,93;9,22;161,85;20,33;79,80;12,76;35,58;29,58;99,73;55,01;0,00;2,04
2019.0;12.0;2019-12-01;BRASPINE;PAZIN;PR;DOUTOR ULYSSES;41,20;23,90;171,78;20,69;81,96;13,41;38,10;30,14;100,00;40,87;0,00;1,93
2019.0;12.0;2019-12-01;BRASPINE;PEDRAS;PR;CASTRO;7,18;7,18;160,99;20,41;80,20;12,72;40,05;28,67;99,76;70,74;0,00;3,30
2019.0;12.0;2019-12-01;BRASPINE;PESCARIA;PR;SAO JOSE DA BOA VISTA;184,57;129,22;183,47;22,92;72,93;15,36;29,54;32,45;99,67;0,00;0,00;7,44
2019.0;12.0;2019-12-01;BRASPINE;PESSEGUEIRO;PR;DOUTOR ULYSSES;109,95;64,79;142,84;20,55;81,80;13,10;38,01;29,83;100,00;40,55;0,00;7,76
2019.0;12.0;2019-12-01;BRASPINE;PITANGA;;;;;239,90;20,74;80,67;13,64;40,80;29,95;99,79;56,27;0,00;1,43
2019.0;12.0;2019-12-01;BRASPINE;QUEIMADINHO ARROIO CLARO;PR;DOUTOR ULYSSES;48,13;19,09;152,84;20,55;81,80;13,10;38,01;29,83;100,00;40,55;0,00;7,76
2019.0;12.0;2019-12-01;BRASPINE;QUEIMADINHO M6042;PR;DOUTOR ULYSSES;48,38;18,50;152,84;20,55;81,80;13,10;38,01;29,83;100,00;40,55;0,00;7,76
2019.0;12.0;2019-12-01;BRASPINE;QUEIMADINHO USUCAPIAO;PR;DOUTOR ULYSSES;200,27;92,43;152,84;20,55;81,80;13,10;38,01;29,83;100,00;40,55;0,00;7,76
2019.0;12.0;2019-12-01;BRASPINE;RAMOS;PR;SENGES;69,83;38,15;149,27;20,40;81,32;12,82;37,36;29,47;100,00;70,09;0,00;12,21
2019.0;12.0;2019-12-01;BRASPINE;RIBEIRAO GRANDE;PR;JAGUARIAIVA;20,77;20,77;157,16;20,38;79,55;12,55;36,87;29,04;99,84;70,15;0,00;0,87
2019.0;12.0;2019-12-01;BRASPINE;RINCAO DE BAIXO;;;;;216,75;21,14;76,07;14,43;37,03;29,65;99,88;28,93;0,00;0,22
2019.0;12.0;2019-12-01;BRASPINE;RIO BOMBA;PR;CERRO AZUL;65,03;37,72;114,74;21,66;79,81;14,43;37,27;31,33;99,98;43,92;0,00;4,32
2019.0;12.0;2019-12-01;BRASPINE;RIO DO MEIO;PR;DOUTOR ULYSSES;712,33;389,13;155,18;20,55;81,80;13,10;38,01;29,83;100,00;40,55;0,00;7,76
2019.0;12.0;2019-12-01;BRASPINE;RONDON;PR;JAGUARIAIVA;2899,24;1475,88;162,83;20,39;79,95;12,76;37,25;29,45;99,87;55,26;0,00;9,36
2019.0;12.0;2019-12-01;BRASPINE;SANTA FELICIDADE;;;;;157,49;21,80;81,58;14,43;36,79;31,88;100,00;43,76;0,00;2,18
2019.0;12.0;2019-12-01;BRASPINE;SANTA LIDIA DO CERCADINHO;;;;;216,37;20,79;76,06;13,95;37,25;29,16;99,81;43,26;0,00;10,01
2019.0;12.0;2019-12-01;BRASPINE;SANTO ANTONIO;;;;;164,59;20,33;80,41;12,78;34,90;29,64;99,99;54,45;0,00;18,59
2019.0;12.0;2019-12-01;BRASPINE;SAO JOSE;PR;JANDAIA DO SUL;37,56;37,56;273,27;23,43;77,67;15,45;36,13;32,23;99,98;0,00;0,00;3,87
2019.0;12.0;2019-12-01;BRASPINE;SAO MATHEUS;;;;;268,79;24,57;77,69;16,25;38,77;33,73;99,91;0,00;0,00;2,18
2019.0;12.0;2019-12-01;BRASPINE;SAO PEDRO E SAO PAULO;PR;SAPOPEMA;709,13;323,93;253,83;21,94;76,24;15,29;32,64;30,26;99,78;0,00;0,00;1,36
2019.0;12.0;2019-12-01;BRASPINE;SAO RAFAEL;;;;;72,84;20,39;79,62;14,11;41,35;29,74;99,55;86,94;0,00;1,52
2019.0;12.0;2019-12-01;BRASPINE;SAO RAFAEL - PB;;;;;159,82;20,52;83,32;13,04;37,86;30,22;100,00;53,90;0,00;1,47
2019.0;12.0;2019-12-01;BRASPINE;SERRARIA;PR;DOUTOR ULYSSES;280,88;117,71;146,30;20,44;81,89;13,15;37,89;29,70;100,00;40,19;0,00;3,03
2019.0;12.0;2019-12-01;BRASPINE;SERRO VERDE;;;;;217,10;20,42;79,53;12,96;38,20;29,81;99,87;54,95;0,00;69,41
2019.0;12.0;2019-12-01;BRASPINE;SERTAOZINHO;PR;DOUTOR ULYSSES;16,25;16,25;153,86;20,55;81,80;13,10;38,01;29,83;100,00;40,55;0,00;7,76
2019.0;12.0;2019-12-01;BRASPINE;SITIO BASILIO;PR;JAGUARIAIVA;8,08;8,08;155,77;20,49;78,43;12,79;37,92;29,15;99,91;56,04;0,00;1,14
2019.0;12.0;2019-12-01;BRASPINE;SITIO DAS MARRECAS;PR;DOUTOR ULYSSES;77,49;35,17;157,18;21,19;81,81;13,82;38,27;30,91;100,00;42,14;0,00;0,19
2019.0;12.0;2019-12-01;BRASPINE;SOBRADINHO;SP;BOM SUCESSO DE ITARARE;285,80;123,10;157,40;20,15;81,91;12,79;35,34;29,54;99,99;83,05;0,00;4,11
2019.0;12.0;2019-12-01;BRASPINE;TAQUARAL;PR;JAGUARIAIVA;519,13;31,07;165,78;20,62;79,69;12,86;38,25;29,44;99,94;56,11;0,00;15,52
2019.0;12.0;2019-12-01;BRASPINE;TUCUNDUVA;PR;SENGES;82,21;60,89;153,68;21,29;75,59;13,69;34,21;30,52;99,74;28,46;0,00;10,88
2019.0;12.0;2019-12-01;BRASPINE;TUCUNDUVA - CHAMMA;;;;;162,50;21,29;75,96;13,65;33,65;30,72;99,72;43,28;0,00;7,54
2019.0;12.0;2019-12-01;BRASPINE;VIENA 1;PR;DOUTOR ULYSSES;263,98;178,34;134,55;20,12;81,59;12,62;38,79;28,90;100,00;68,85;0,00;1,08
2019.0;12.0;2019-12-01;BRASPINE;VIENA 2;PR;CERRO AZUL;140,23;96,54;114,76;21,66;79,81;14,43;37,27;31,33;99,98;43,92;0,00;4,32
2019.0;12.0;2019-12-01;BRASPINE;VITORIA;PR;SENGES;50,54;35,69;161,85;20,33;79,80;12,76;35,58;29,58;99,73;55,01;0,00;2,04
2019.0;12.0;2019-12-01;BRASPINE;VIVEIRO;PR;DOUTOR ULYSSES;405,39;261,22;156,04;20,55;81,80;13,10;38,01;29,83;100,00;40,55;0,00;7,76
2019.0;12.0;2019-12-01;BRASPINE;VO LINO;PR;DOUTOR ULYSSES;164,50;97,89;143,48;20,69;81,96;13,41;38,10;30,14;100,00;40,87;0,00;1,93
2019.0;12.0;2019-12-01;BRASPINE;XAXIM VELHO;;;;;181,85;19,69;80,40;12,52;35,86;28,80;100,00;154,13;0,00;4,11
