ANO;MES;DATA;EMPRESA;FAZENDA;UF;MUNICIPIO;AREA_T;AREA_PRODU;PRECIP_CHIRPS_MM;TEMP_MEDIA_C;UMID_MEDIA_PCT;TEMP_MIN_C;UMID_MIN_PCT;TEMP_MAX_C;UMID_MAX_PCT;NOITES_FRIAS_Eucalipto_<15C;NOITES_FRIAS_Pinus_<5C;DIRECAO_VENTO_GRAUS
2023.0;1.0;2023-01-01;BRASPINE;AGUA DOCE;PR;JAGUARIAIVA;238,97;121,99;145,77;19,96;84,52;12,59;38,36;27,67;99,85;96,31;0,00;11,21
2023.0;1.0;2023-01-01;BRASPINE;AMATA;;;;;195,94;22,29;83,13;14,06;32,65;30,76;99,99;14,06;0,00;7,51
2023.0;1.0;2023-01-01;BRASPINE;ANTA BRAVA;;;;;254,35;22,60;82,03;16,38;42,17;29,72;99,36;0,00;0,00;9,48
2023.0;1.0;2023-01-01;BRASPINE;ARAPONGAS;PR;SENGES;423,34;263,70;143,03;20,40;85,43;13,46;35,29;28,24;100,00;100,46;0,00;2,79
2023.0;1.0;2023-01-01;BRASPINE;ARROIO CLARO;PR;DOUTOR ULYSSES;275,14;92,00;174,13;20,66;85,36;13,61;33,57;28,79;100,00;71,20;0,00;2,24
2023.0;1.0;2023-01-01;BRASPINE;BARRA GRANDE;PR;DOUTOR ULYSSES;493,79;139,68;181,42;21,02;85,44;14,23;35,78;29,29;100,00;43,38;0,00;9,43
2023.0;1.0;2023-01-01;BRASPINE;BARRA GRANDE - BEMAIS;PR;GUARAPUAVA;299,16;108,61;139,55;19,78;83,98;11,71;38,48;27,67;99,98;91,54;0,00;24,47
2023.0;1.0;2023-01-01;BRASPINE;BARRETOS;PR;JAGUARIAIVA;43,35;32,98;142,30;20,14;85,30;12,72;35,73;27,92;100,00;96,86;0,00;13,86
2023.0;1.0;2023-01-01;BRASPINE;BAU;;;;;184,52;19,70;84,14;11,86;43,40;27,02;99,82;76,26;0,00;2,69
2023.0;1.0;2023-01-01;BRASPINE;BOA VISTA II;PR;PIRAI DO SUL;944,00;535,05;146,67;20,00;84,77;12,37;36,52;27,61;99,97;95,01;0,00;17,97
2023.0;1.0;2023-01-01;BRASPINE;BRASILEIRA;;;;;178,98;20,40;85,43;13,46;35,29;28,24;100,00;100,46;0,00;2,79
2023.0;1.0;2023-01-01;BRASPINE;BURACAO;;;;;172,97;20,44;83,15;12,89;35,43;28,29;99,85;97,58;0,00;3,43
2023.0;1.0;2023-01-01;BRASPINE;BURRINHO;PR;DOUTOR ULYSSES;211,01;100,37;173,86;20,66;85,36;13,61;33,57;28,79;100,00;71,20;0,00;2,24
2023.0;1.0;2023-01-01;BRASPINE;CADEADO I;PR;JAGUARIAIVA;21,07;12,29;141,29;20,08;85,35;12,87;35,25;27,83;100,00;97,39;0,00;8,27
2023.0;1.0;2023-01-01;BRASPINE;CADEADO II;PR;JAGUARIAIVA;21,88;16,79;141,29;20,08;85,35;12,87;35,25;27,83;100,00;97,39;0,00;8,27
2023.0;1.0;2023-01-01;BRASPINE;CAMPINA ALTA;PR;TIBAGI;29,77;18,24;132,83;21,08;83,26;13,66;34,02;29,04;99,89;56,59;0,00;1,46
2023.0;1.0;2023-01-01;BRASPINE;CAMPINA DO ELIAS;PR;JAGUARIAIVA;29,17;14,65;154,72;20,12;85,32;12,77;35,55;27,89;100,00;97,05;0,00;12,07
2023.0;1.0;2023-01-01;BRASPINE;CAMPO NOVO;PR;JAGUARIAIVA;295,98;156,36;150,36;20,08;85,35;12,87;35,25;27,83;100,00;97,39;0,00;8,27
2023.0;1.0;2023-01-01;BRASPINE;CONSULTORIA II A;PR;DOUTOR ULYSSES;89,62;60,79;167,56;20,40;85,43;13,46;35,29;28,24;100,00;100,46;0,00;2,79
2023.0;1.0;2023-01-01;BRASPINE;DINIZ;;;;;178,16;20,40;85,43;13,46;35,29;28,24;100,00;100,46;0,00;2,79
2023.0;1.0;2023-01-01;BRASPINE;ENES;PR;JAGUARIAIVA;5,93;5,69;151,42;20,08;85,35;12,87;35,25;27,83;100,00;97,39;0,00;8,27
2023.0;1.0;2023-01-01;BRASPINE;ENGENHARIA;;;;;178,16;20,40;85,43;13,46;35,29;28,24;100,00;100,46;0,00;2,79
2023.0;1.0;2023-01-01;BRASPINE;ESTACAO;PR;SENGES;4,76;4,14;142,11;20,08;85,35;12,87;35,25;27,83;100,00;97,39;0,00;8,27
2023.0;1.0;2023-01-01;BRASPINE;FAXINAL;PR;JAGUARIAIVA;20,65;20,65;151,42;20,08;85,35;12,87;35,25;27,83;100,00;97,39;0,00;8,27
2023.0;1.0;2023-01-01;BRASPINE;FEITAL;PR;DOUTOR ULYSSES;154,17;86,53;177,99;20,61;85,44;13,72;35,45;28,57;100,00;71,66;0,00;1,01
2023.0;1.0;2023-01-01;BRASPINE;FIGUEIRA;PR;DOUTOR ULYSSES;1053,81;315,71;173,30;20,66;85,36;13,61;33,57;28,79;100,00;71,20;0,00;2,24
2023.0;1.0;2023-01-01;BRASPINE;FIGUEIRINHA;PR;DOUTOR ULYSSES;94,37;56,74;181,49;20,66;85,36;13,61;33,57;28,79;100,00;71,20;0,00;2,24
2023.0;1.0;2023-01-01;BRASPINE;FLOEMA;PR;DOUTOR ULYSSES;2189,88;701,43;172,81;20,04;85,27;12,83;33,63;27,75;100,00;96,71;0,00;18,93
2023.0;1.0;2023-01-01;BRASPINE;FLOEMA I - SUDATI;;;;;139,26;20,40;85,43;13,46;35,29;28,24;100,00;100,46;0,00;2,79
2023.0;1.0;2023-01-01;BRASPINE;FLOEMA II - SUDATI;PR;DOUTOR ULYSSES;453,83;211,13;151,52;20,40;85,43;13,46;35,29;28,24;100,00;100,46;0,00;2,79
2023.0;1.0;2023-01-01;BRASPINE;FLOR DA SERRA;PR;SAO JOSE DA BOA VISTA;209,10;128,72;119,30;22,13;79,76;15,31;40,09;29,85;99,70;0,00;0,00;0,15
2023.0;1.0;2023-01-01;BRASPINE;GENTIL;PR;JAGUARIAIVA;126,77;53,33;143,13;19,83;84,32;12,42;37,62;27,36;99,72;95,19;0,00;18,76
2023.0;1.0;2023-01-01;BRASPINE;GUAIRACA;PR;GUARAPUAVA;623,62;169,31;140,28;19,92;83,74;11,83;39,37;28,07;99,99;91,98;0,00;22,28
2023.0;1.0;2023-01-01;BRASPINE;HERVAL 2 - MADALOSSO;;;;;174,99;20,44;83,15;12,89;35,43;28,29;99,85;97,58;0,00;3,43
2023.0;1.0;2023-01-01;BRASPINE;HERVAL DE BAIXO;PR;RESERVA;827,29;475,92;139,99;21,10;83,40;13,60;33,84;29,13;99,83;56,48;0,00;0,65
2023.0;1.0;2023-01-01;BRASPINE;HORTO 01;PR;TURVO;19,12;19,12;151,21;20,57;84,13;12,49;39,93;28,22;99,74;80,70;0,00;18,78
2023.0;1.0;2023-01-01;BRASPINE;HORTO 02;PR;TURVO;4,24;4,24;152,31;20,57;84,13;12,49;39,93;28,22;99,74;80,70;0,00;18,78
2023.0;1.0;2023-01-01;BRASPINE;HORTO 03;PR;PRUDENTOPOLIS;80,91;25,89;143,11;21,09;83,11;13,01;36,86;29,17;99,94;68,29;0,00;11,56
2023.0;1.0;2023-01-01;BRASPINE;HORTO 08;PR;TURVO;9,53;9,53;138,29;21,09;83,11;13,01;36,86;29,17;99,94;68,29;0,00;11,56
2023.0;1.0;2023-01-01;BRASPINE;HORTO 12;PR;PRUDENTOPOLIS;12,20;12,20;136,79;21,09;83,11;13,01;36,86;29,17;99,94;68,29;0,00;11,56
2023.0;1.0;2023-01-01;BRASPINE;IZAU;PR;PIRAI DO SUL;19,37;11,60;154,55;19,91;84,43;12,29;35,68;27,47;99,73;94,52;0,00;22,62
2023.0;1.0;2023-01-01;BRASPINE;JOAO RICO;PR;JAGUARIAIVA;47,46;26,18;146,06;19,96;84,52;12,59;38,36;27,67;99,85;96,31;0,00;11,21
2023.0;1.0;2023-01-01;BRASPINE;LAGOA;PR;JAGUARIAIVA;24,10;10,78;149,22;20,08;85,35;12,87;35,25;27,83;100,00;97,39;0,00;8,27
2023.0;1.0;2023-01-01;BRASPINE;MARACANA;PR;JANDAIA DO SUL;11,45;11,45;184,48;22,63;82,17;15,76;33,49;30,06;99,88;0,00;0,00;0,50
2023.0;1.0;2023-01-01;BRASPINE;MARRECA;;;;;171,49;20,66;85,36;13,61;33,57;28,79;100,00;71,20;0,00;2,24
2023.0;1.0;2023-01-01;BRASPINE;MARRECA SP;SP;ITAPIRAPUA PAULISTA;675,30;236,19;185,44;21,49;85,22;14,38;34,20;30,05;100,00;29,00;0,00;353,24
2023.0;1.0;2023-01-01;BRASPINE;MARRECAS;;;;;141,46;19,27;84,39;11,18;40,04;27,02;100,00;102,04;0,00;29,66
2023.0;1.0;2023-01-01;BRASPINE;MERCADINHO;;;;;183,08;21,48;84,44;13,45;33,03;29,75;100,00;42,17;0,00;0,29
2023.0;1.0;2023-01-01;BRASPINE;MONTE ALEGRE;;;;;200,52;23,15;81,44;16,07;33,43;30,63;99,81;0,00;0,00;0,25
2023.0;1.0;2023-01-01;BRASPINE;MONTE TABOR II;;;;;164,12;20,61;86,65;14,16;42,01;29,35;100,00;72,94;0,00;5,89
2023.0;1.0;2023-01-01;BRASPINE;MOREIRA;PR;DOUTOR ULYSSES;230,52;68,68;151,52;20,40;85,43;13,46;35,29;28,24;100,00;100,46;0,00;2,79
2023.0;1.0;2023-01-01;BRASPINE;MOREIRAS II;PR;DOUTOR ULYSSES;66,76;28,75;169,96;20,40;85,43;13,46;35,29;28,24;100,00;100,46;0,00;2,79
2023.0;1.0;2023-01-01;BRASPINE;MORRETES;PR;ORTIGUEIRA;20,36;20,36;143,87;21,59;83,26;14,09;32,54;29,82;99,77;42,69;0,00;3,12
2023.0;1.0;2023-01-01;BRASPINE;MORRO AZUL;;;;;185,64;20,51;86,00;13,76;38,73;28,69;100,00;71,84;0,00;1,39
2023.0;1.0;2023-01-01;BRASPINE;OURO FINO;SP;APIAI;51,70;51,70;138,15;20,26;86,87;13,76;42,80;28,62;100,00;101,04;0,00;8,03
2023.0;1.0;2023-01-01;BRASPINE;PALMEIRINHA DE BAIXO - SOSSEGO;PR;SENGES;85,93;9,22;171,11;19,83;84,97;13,00;38,67;27,82;99,93;97,88;0,00;18,15
2023.0;1.0;2023-01-01;BRASPINE;PAZIN;PR;DOUTOR ULYSSES;41,20;23,90;178,50;20,66;85,36;13,61;33,57;28,79;100,00;71,20;0,00;2,24
2023.0;1.0;2023-01-01;BRASPINE;PEDRAS;PR;CASTRO;7,18;7,18;143,18;19,95;84,60;12,18;37,46;27,24;99,82;94,12;0,00;28,55
2023.0;1.0;2023-01-01;BRASPINE;PESCARIA;PR;SAO JOSE DA BOA VISTA;184,57;129,22;127,70;22,25;79,55;15,35;36,90;30,41;99,68;0,00;0,00;5,77
2023.0;1.0;2023-01-01;BRASPINE;PESSEGUEIRO;PR;DOUTOR ULYSSES;109,95;64,79;150,64;20,40;85,43;13,46;35,29;28,24;100,00;100,46;0,00;2,79
2023.0;1.0;2023-01-01;BRASPINE;PITANGA;;;;;187,44;20,49;83,15;12,80;43,34;28,02;99,72;66,49;0,00;0,78
2023.0;1.0;2023-01-01;BRASPINE;QUEIMADINHO ARROIO CLARO;PR;DOUTOR ULYSSES;48,13;19,09;178,98;20,40;85,43;13,46;35,29;28,24;100,00;100,46;0,00;2,79
2023.0;1.0;2023-01-01;BRASPINE;QUEIMADINHO M6042;PR;DOUTOR ULYSSES;48,38;18,50;178,98;20,40;85,43;13,46;35,29;28,24;100,00;100,46;0,00;2,79
2023.0;1.0;2023-01-01;BRASPINE;QUEIMADINHO USUCAPIAO;PR;DOUTOR ULYSSES;200,27;92,43;178,98;20,40;85,43;13,46;35,29;28,24;100,00;100,46;0,00;2,79
2023.0;1.0;2023-01-01;BRASPINE;RAMOS;PR;SENGES;69,83;38,15;139,26;20,08;85,35;12,87;35,25;27,83;100,00;97,39;0,00;8,27
2023.0;1.0;2023-01-01;BRASPINE;RIBEIRAO GRANDE;PR;JAGUARIAIVA;20,77;20,77;154,63;19,91;84,43;12,29;35,68;27,47;99,73;94,52;0,00;22,62
2023.0;1.0;2023-01-01;BRASPINE;RINCAO DE BAIXO;;;;;135,62;20,46;82,08;13,03;35,19;28,05;99,80;84,70;0,00;0,38
2023.0;1.0;2023-01-01;BRASPINE;RIO BOMBA;PR;CERRO AZUL;65,03;37,72;184,80;21,76;83,27;13,52;32,63;30,06;99,97;27,93;0,00;7,36
2023.0;1.0;2023-01-01;BRASPINE;RIO DO MEIO;PR;DOUTOR ULYSSES;712,33;389,13;172,36;20,40;85,43;13,46;35,29;28,24;100,00;100,46;0,00;2,79
2023.0;1.0;2023-01-01;BRASPINE;RONDON;PR;JAGUARIAIVA;2899,24;1475,88;155,90;19,89;85,06;12,84;38,70;27,73;99,94;97,28;0,00;0,87
2023.0;1.0;2023-01-01;BRASPINE;SANTA FELICIDADE;;;;;155,63;21,90;85,07;14,77;34,50;30,84;100,00;14,77;0,00;1,19
2023.0;1.0;2023-01-01;BRASPINE;SANTA LIDIA DO CERCADINHO;;;;;130,33;20,13;82,20;12,77;35,66;27,54;99,80;98,19;0,00;37,35
2023.0;1.0;2023-01-01;BRASPINE;SANTO ANTONIO;;;;;176,30;19,86;85,17;13,09;38,75;27,87;100,00;98,16;0,00;10,11
2023.0;1.0;2023-01-01;BRASPINE;SAO JOSE;PR;JANDAIA DO SUL;37,56;37,56;198,87;22,99;81,68;15,97;33,49;30,44;99,87;0,00;0,00;0,40
2023.0;1.0;2023-01-01;BRASPINE;SAO MATHEUS;;;;;191,50;24,26;80,20;16,86;32,92;32,13;99,70;0,00;0,00;4,30
2023.0;1.0;2023-01-01;BRASPINE;SAO PEDRO E SAO PAULO;PR;SAPOPEMA;709,13;323,93;150,45;21,18;82,53;14,68;37,17;28,40;99,55;44,50;0,00;13,75
2023.0;1.0;2023-01-01;BRASPINE;SAO RAFAEL;;;;;181,99;20,44;82,11;13,04;38,52;28,64;99,80;99,15;0,00;1,27
2023.0;1.0;2023-01-01;BRASPINE;SAO RAFAEL - PB;;;;;148,80;20,38;86,61;13,81;41,45;28,73;100,00;101,65;0,00;11,67
2023.0;1.0;2023-01-01;BRASPINE;SERRARIA;PR;DOUTOR ULYSSES;280,88;117,71;164,50;20,35;85,31;13,23;33,60;28,25;100,00;98,98;0,00;1,08
2023.0;1.0;2023-01-01;BRASPINE;SERRO VERDE;;;;;180,61;20,08;83,03;12,17;43,11;27,70;99,67;78,36;0,00;5,44
2023.0;1.0;2023-01-01;BRASPINE;SERTAOZINHO;PR;DOUTOR ULYSSES;16,25;16,25;171,49;20,40;85,43;13,46;35,29;28,24;100,00;100,46;0,00;2,79
2023.0;1.0;2023-01-01;BRASPINE;SITIO BASILIO;PR;JAGUARIAIVA;8,08;8,08;144,84;19,84;84,34;12,50;38,42;27,41;99,73;95,70;0,00;15,44
2023.0;1.0;2023-01-01;BRASPINE;SITIO DAS MARRECAS;PR;DOUTOR ULYSSES;77,49;35,17;181,52;21,26;85,25;14,16;34,02;29,69;100,00;28,50;0,00;3,80
2023.0;1.0;2023-01-01;BRASPINE;SOBRADINHO;SP;BOM SUCESSO DE ITARARE;285,80;123,10;161,64;19,84;85,92;13,21;40,23;27,69;100,00;98,56;0,00;4,62
2023.0;1.0;2023-01-01;BRASPINE;TAQUARAL;PR;JAGUARIAIVA;519,13;31,07;151,50;19,96;85,02;12,66;38,83;27,71;100,00;96,62;0,00;3,18
2023.0;1.0;2023-01-01;BRASPINE;TUCUNDUVA;PR;SENGES;82,21;60,89;153,92;20,49;82,86;13,54;38,74;28,42;99,77;57,32;0,00;18,85
2023.0;1.0;2023-01-01;BRASPINE;TUCUNDUVA - CHAMMA;;;;;151,15;20,60;82,55;13,71;38,11;28,63;99,69;27,80;0,00;14,79
2023.0;1.0;2023-01-01;BRASPINE;VIENA 1;PR;DOUTOR ULYSSES;263,98;178,34;168,62;19,92;85,11;12,58;34,90;27,26;100,00;95,61;0,00;22,37
2023.0;1.0;2023-01-01;BRASPINE;VIENA 2;PR;CERRO AZUL;140,23;96,54;184,50;21,76;83,27;13,52;32,63;30,06;99,97;27,93;0,00;7,36
2023.0;1.0;2023-01-01;BRASPINE;VITORIA;PR;SENGES;50,54;35,69;171,11;19,83;84,97;13,00;38,67;27,82;99,93;97,88;0,00;18,15
2023.0;1.0;2023-01-01;BRASPINE;VIVEIRO;PR;DOUTOR ULYSSES;405,39;261,22;169,96;20,40;85,43;13,46;35,29;28,24;100,00;100,46;0,00;2,79
2023.0;1.0;2023-01-01;BRASPINE;VO LINO;PR;DOUTOR ULYSSES;164,50;97,89;171,51;20,66;85,36;13,61;33,57;28,79;100,00;71,20;0,00;2,24
2023.0;1.0;2023-01-01;BRASPINE;XAXIM VELHO;;;;;131,82;19,48;84,32;11,36;42,06;27,64;100,00;89,17;0,00;3,83
2023.0;2.0;2023-02-01;BRASPINE;AGUA DOCE;PR;JAGUARIAIVA;238,97;121,99;194,46;19,81;88,49;13,07;48,23;26,66;99,91;41,73;0,00;2,22
2023.0;2.0;2023-02-01;BRASPINE;AMATA;;;;;222,92;21,95;87,67;15,30;46,74;30,06;100,00;0,00;0,00;15,17
2023.0;2.0;2023-02-01;BRASPINE;ANTA BRAVA;;;;;252,65;22,92;84,71;16,15;54,37;30,00;99,81;0,00;0,00;1,42
2023.0;2.0;2023-02-01;BRASPINE;ARAPONGAS;PR;SENGES;423,34;263,70;213,65;20,32;88,91;13,80;47,91;27,98;100,00;43,07;0,00;0,82
2023.0;2.0;2023-02-01;BRASPINE;ARROIO CLARO;PR;DOUTOR ULYSSES;275,14;92,00;189,75;20,59;88,64;14,00;47,03;28,59;100,00;28,49;0,00;11,36
2023.0;2.0;2023-02-01;BRASPINE;BARRA GRANDE;PR;DOUTOR ULYSSES;493,79;139,68;192,63;20,92;88,92;14,19;47,57;28,93;100,00;28,90;0,00;3,28
2023.0;2.0;2023-02-01;BRASPINE;BARRA GRANDE - BEMAIS;PR;GUARAPUAVA;299,16;108,61;216,50;19,38;87,29;13,51;44,56;26,74;99,98;86,49;0,00;61,37
2023.0;2.0;2023-02-01;BRASPINE;BARRETOS;PR;JAGUARIAIVA;43,35;32,98;226,72;20,07;88,78;13,00;47,81;27,19;99,99;41,34;0,00;7,33
2023.0;2.0;2023-02-01;BRASPINE;BAU;;;;;243,26;19,23;87,54;13,20;43,32;26,13;99,86;69,39;0,00;5,88
2023.0;2.0;2023-02-01;BRASPINE;BOA VISTA II;PR;PIRAI DO SUL;944,00;535,05;194,26;19,91;88,42;12,68;47,69;26,87;100,00;40,69;0,00;6,64
2023.0;2.0;2023-02-01;BRASPINE;BRASILEIRA;;;;;181,13;20,32;88,91;13,80;47,91;27,98;100,00;43,07;0,00;0,82
2023.0;2.0;2023-02-01;BRASPINE;BURACAO;;;;;225,36;20,28;86,58;13,18;46,38;27,43;99,85;42,20;0,00;11,99
2023.0;2.0;2023-02-01;BRASPINE;BURRINHO;PR;DOUTOR ULYSSES;211,01;100,37;189,11;20,59;88,64;14,00;47,03;28,59;100,00;28,49;0,00;11,36
2023.0;2.0;2023-02-01;BRASPINE;CADEADO I;PR;JAGUARIAIVA;21,07;12,29;210,21;20,03;88,78;13,41;48,09;27,48;100,00;42,05;0,00;7,59
2023.0;2.0;2023-02-01;BRASPINE;CADEADO II;PR;JAGUARIAIVA;21,88;16,79;210,21;20,03;88,78;13,41;48,09;27,48;100,00;42,05;0,00;7,59
2023.0;2.0;2023-02-01;BRASPINE;CAMPINA ALTA;PR;TIBAGI;29,77;18,24;263,32;20,62;88,45;14,58;46,48;28,16;99,92;14,58;0,00;1,98
2023.0;2.0;2023-02-01;BRASPINE;CAMPINA DO ELIAS;PR;JAGUARIAIVA;29,17;14,65;200,45;20,05;88,78;13,15;47,91;27,30;99,99;41,61;0,00;7,43
2023.0;2.0;2023-02-01;BRASPINE;CAMPO NOVO;PR;JAGUARIAIVA;295,98;156,36;222,40;20,03;88,78;13,41;48,09;27,48;100,00;42,05;0,00;7,59
2023.0;2.0;2023-02-01;BRASPINE;CONSULTORIA II A;PR;DOUTOR ULYSSES;89,62;60,79;189,36;20,32;88,91;13,80;47,91;27,98;100,00;43,07;0,00;0,82
2023.0;2.0;2023-02-01;BRASPINE;DINIZ;;;;;185,76;20,32;88,91;13,80;47,91;27,98;100,00;43,07;0,00;0,82
2023.0;2.0;2023-02-01;BRASPINE;ENES;PR;JAGUARIAIVA;5,93;5,69;223,62;20,03;88,78;13,41;48,09;27,48;100,00;42,05;0,00;7,59
2023.0;2.0;2023-02-01;BRASPINE;ENGENHARIA;;;;;185,76;20,32;88,91;13,80;47,91;27,98;100,00;43,07;0,00;0,82
2023.0;2.0;2023-02-01;BRASPINE;ESTACAO;PR;SENGES;4,76;4,14;200,43;20,03;88,78;13,41;48,09;27,48;100,00;42,05;0,00;7,59
2023.0;2.0;2023-02-01;BRASPINE;FAXINAL;PR;JAGUARIAIVA;20,65;20,65;223,62;20,03;88,78;13,41;48,09;27,48;100,00;42,05;0,00;7,59
2023.0;2.0;2023-02-01;BRASPINE;FEITAL;PR;DOUTOR ULYSSES;154,17;86,53;183,38;20,52;88,91;13,93;47,80;28,30;100,00;28,37;0,00;1,59
2023.0;2.0;2023-02-01;BRASPINE;FIGUEIRA;PR;DOUTOR ULYSSES;1053,81;315,71;180,36;20,59;88,64;14,00;47,03;28,59;100,00;28,49;0,00;11,36
2023.0;2.0;2023-02-01;BRASPINE;FIGUEIRINHA;PR;DOUTOR ULYSSES;94,37;56,74;190,75;20,59;88,64;14,00;47,03;28,59;100,00;28,49;0,00;11,36
2023.0;2.0;2023-02-01;BRASPINE;FLOEMA;PR;DOUTOR ULYSSES;2189,88;701,43;193,33;19,99;88,57;13,60;47,59;27,74;100,00;42,26;0,00;11,19
2023.0;2.0;2023-02-01;BRASPINE;FLOEMA I - SUDATI;;;;;202,82;20,32;88,91;13,80;47,91;27,98;100,00;43,07;0,00;0,82
2023.0;2.0;2023-02-01;BRASPINE;FLOEMA II - SUDATI;PR;DOUTOR ULYSSES;453,83;211,13;204,14;20,32;88,91;13,80;47,91;27,98;100,00;43,07;0,00;0,82
2023.0;2.0;2023-02-01;BRASPINE;FLOR DA SERRA;PR;SAO JOSE DA BOA VISTA;209,10;128,72;256,72;21,79;85,48;16,30;48,13;29,09;99,69;0,00;0,00;8,06
2023.0;2.0;2023-02-01;BRASPINE;GENTIL;PR;JAGUARIAIVA;126,77;53,33;196,65;19,67;88,30;13,00;47,66;26,49;99,69;41,60;0,00;6,30
2023.0;2.0;2023-02-01;BRASPINE;GUAIRACA;PR;GUARAPUAVA;623,62;169,31;216,71;19,54;86,87;13,37;44,55;27,07;99,99;85,98;0,00;67,04
2023.0;2.0;2023-02-01;BRASPINE;HERVAL 2 - MADALOSSO;;;;;226,88;20,28;86,58;13,18;46,38;27,43;99,85;42,20;0,00;11,99
2023.0;2.0;2023-02-01;BRASPINE;HERVAL DE BAIXO;PR;RESERVA;827,29;475,92;257,67;20,63;88,36;14,83;46,74;28,12;99,92;14,83;0,00;7,84
2023.0;2.0;2023-02-01;BRASPINE;HORTO 01;PR;TURVO;19,12;19,12;248,89;20,06;88,10;13,94;46,74;27,28;99,94;42,81;0,00;0,21
2023.0;2.0;2023-02-01;BRASPINE;HORTO 02;PR;TURVO;4,24;4,24;249,19;20,06;88,10;13,94;46,74;27,28;99,94;42,81;0,00;0,21
2023.0;2.0;2023-02-01;BRASPINE;HORTO 03;PR;PRUDENTOPOLIS;80,91;25,89;245,13;20,51;87,61;14,37;45,01;27,96;99,96;28,93;0,00;38,65
2023.0;2.0;2023-02-01;BRASPINE;HORTO 08;PR;TURVO;9,53;9,53;242,93;20,51;87,61;14,37;45,01;27,96;99,96;28,93;0,00;38,65
2023.0;2.0;2023-02-01;BRASPINE;HORTO 12;PR;PRUDENTOPOLIS;12,20;12,20;241,48;20,51;87,61;14,37;45,01;27,96;99,96;28,93;0,00;38,65
2023.0;2.0;2023-02-01;BRASPINE;IZAU;PR;PIRAI DO SUL;19,37;11,60;203,19;19,77;88,31;12,68;46,88;26,66;99,71;40,80;0,00;1,18
2023.0;2.0;2023-02-01;BRASPINE;JOAO RICO;PR;JAGUARIAIVA;47,46;26,18;197,43;19,81;88,49;13,07;48,23;26,66;99,91;41,73;0,00;2,22
2023.0;2.0;2023-02-01;BRASPINE;LAGOA;PR;JAGUARIAIVA;24,10;10,78;201,92;20,03;88,78;13,41;48,09;27,48;100,00;42,05;0,00;7,59
2023.0;2.0;2023-02-01;BRASPINE;MARACANA;PR;JANDAIA DO SUL;11,45;11,45;312,95;22,23;85,88;17,43;49,35;29,24;99,92;0,00;0,00;1,79
2023.0;2.0;2023-02-01;BRASPINE;MARRECA;;;;;181,67;20,59;88,64;14,00;47,03;28,59;100,00;28,49;0,00;11,36
2023.0;2.0;2023-02-01;BRASPINE;MARRECA SP;SP;ITAPIRAPUA PAULISTA;675,30;236,19;205,47;21,39;88,55;14,51;46,73;29,72;100,00;14,51;0,00;6,31
2023.0;2.0;2023-02-01;BRASPINE;MARRECAS;;;;;224,64;18,94;87,15;13,01;44,41;26,28;100,00;97,62;0,00;1,45
2023.0;2.0;2023-02-01;BRASPINE;MERCADINHO;;;;;192,18;21,33;88,07;14,68;45,95;29,47;100,00;14,68;0,00;6,39
2023.0;2.0;2023-02-01;BRASPINE;MONTE ALEGRE;;;;;307,98;22,68;85,57;17,89;48,62;29,81;99,89;0,00;0,00;0,27
2023.0;2.0;2023-02-01;BRASPINE;MONTE TABOR II;;;;;158,70;20,68;89,34;14,98;51,10;28,74;100,00;14,98;0,00;0,52
2023.0;2.0;2023-02-01;BRASPINE;MOREIRA;PR;DOUTOR ULYSSES;230,52;68,68;204,14;20,32;88,91;13,80;47,91;27,98;100,00;43,07;0,00;0,82
2023.0;2.0;2023-02-01;BRASPINE;MOREIRAS II;PR;DOUTOR ULYSSES;66,76;28,75;187,19;20,32;88,91;13,80;47,91;27,98;100,00;43,07;0,00;0,82
2023.0;2.0;2023-02-01;BRASPINE;MORRETES;PR;ORTIGUEIRA;20,36;20,36;289,55;21,11;88,05;15,60;46,75;28,72;99,86;0,00;0,00;2,64
2023.0;2.0;2023-02-01;BRASPINE;MORRO AZUL;;;;;162,87;20,48;89,33;13,98;47,51;28,34;100,00;28,44;0,00;13,58
2023.0;2.0;2023-02-01;BRASPINE;OURO FINO;SP;APIAI;51,70;51,70;161,54;20,37;89,45;14,25;49,11;28,35;100,00;28,94;0,00;2,28
2023.0;2.0;2023-02-01;BRASPINE;PALMEIRINHA DE BAIXO - SOSSEGO;PR;SENGES;85,93;9,22;178,83;19,72;88,92;13,62;48,03;26,71;99,90;42,66;0,00;3,79
2023.0;2.0;2023-02-01;BRASPINE;PAZIN;PR;DOUTOR ULYSSES;41,20;23,90;186,20;20,59;88,64;14,00;47,03;28,59;100,00;28,49;0,00;11,36
2023.0;2.0;2023-02-01;BRASPINE;PEDRAS;PR;CASTRO;7,18;7,18;197,66;19,82;88,36;12,55;48,16;26,65;99,64;40,50;0,00;0,16
2023.0;2.0;2023-02-01;BRASPINE;PESCARIA;PR;SAO JOSE DA BOA VISTA;184,57;129,22;254,56;21,86;85,33;16,05;47,04;29,31;99,71;0,00;0,00;3,76
2023.0;2.0;2023-02-01;BRASPINE;PESSEGUEIRO;PR;DOUTOR ULYSSES;109,95;64,79;191,01;20,32;88,91;13,80;47,91;27,98;100,00;43,07;0,00;0,82
2023.0;2.0;2023-02-01;BRASPINE;PITANGA;;;;;300,66;19,93;87,52;13,80;42,96;27,05;99,83;56,90;0,00;0,56
2023.0;2.0;2023-02-01;BRASPINE;QUEIMADINHO ARROIO CLARO;PR;DOUTOR ULYSSES;48,13;19,09;181,13;20,32;88,91;13,80;47,91;27,98;100,00;43,07;0,00;0,82
2023.0;2.0;2023-02-01;BRASPINE;QUEIMADINHO M6042;PR;DOUTOR ULYSSES;48,38;18,50;181,13;20,32;88,91;13,80;47,91;27,98;100,00;43,07;0,00;0,82
2023.0;2.0;2023-02-01;BRASPINE;QUEIMADINHO USUCAPIAO;PR;DOUTOR ULYSSES;200,27;92,43;181,13;20,32;88,91;13,80;47,91;27,98;100,00;43,07;0,00;0,82
2023.0;2.0;2023-02-01;BRASPINE;RAMOS;PR;SENGES;69,83;38,15;202,82;20,03;88,78;13,41;48,09;27,48;100,00;42,05;0,00;7,59
2023.0;2.0;2023-02-01;BRASPINE;RIBEIRAO GRANDE;PR;JAGUARIAIVA;20,77;20,77;195,05;19,77;88,31;12,68;46,88;26,66;99,71;40,80;0,00;1,18
2023.0;2.0;2023-02-01;BRASPINE;RINCAO DE BAIXO;;;;;230,72;20,10;87,23;13,86;45,48;27,33;99,68;28,75;0,00;0,75
2023.0;2.0;2023-02-01;BRASPINE;RIO BOMBA;PR;CERRO AZUL;65,03;37,72;197,39;21,47;87,65;14,89;46,72;29,38;100,00;14,89;0,00;6,12
2023.0;2.0;2023-02-01;BRASPINE;RIO DO MEIO;PR;DOUTOR ULYSSES;712,33;389,13;185,59;20,32;88,91;13,80;47,91;27,98;100,00;43,07;0,00;0,82
2023.0;2.0;2023-02-01;BRASPINE;RONDON;PR;JAGUARIAIVA;2899,24;1475,88;191,55;19,77;88,90;13,42;48,59;26,85;99,92;42,21;0,00;22,60
2023.0;2.0;2023-02-01;BRASPINE;SANTA FELICIDADE;;;;;192,10;21,76;88,49;14,87;46,47;30,44;100,00;14,87;0,00;1,10
2023.0;2.0;2023-02-01;BRASPINE;SANTA LIDIA DO CERCADINHO;;;;;221,26;19,80;87,26;13,66;45,77;26,84;99,55;28,32;0,00;1,10
2023.0;2.0;2023-02-01;BRASPINE;SANTO ANTONIO;;;;;181,82;19,80;88,90;13,73;47,75;27,08;100,00;42,92;0,00;15,89
2023.0;2.0;2023-02-01;BRASPINE;SAO JOSE;PR;JANDAIA DO SUL;37,56;37,56;308,36;22,54;85,73;17,76;48,85;29,62;99,93;0,00;0,00;1,21
2023.0;2.0;2023-02-01;BRASPINE;SAO MATHEUS;;;;;303,38;23,60;85,32;18,63;46,78;31,26;99,77;0,00;0,00;5,00
2023.0;2.0;2023-02-01;BRASPINE;SAO PEDRO E SAO PAULO;PR;SAPOPEMA;709,13;323,93;265,97;21,06;86,60;16,15;50,16;27,89;99,65;0,00;0,00;7,98
2023.0;2.0;2023-02-01;BRASPINE;SAO RAFAEL;;;;;217,26;20,14;85,55;12,83;47,03;26,87;99,67;41,22;0,00;5,89
2023.0;2.0;2023-02-01;BRASPINE;SAO RAFAEL - PB;;;;;173,06;20,46;89,37;14,16;48,64;28,49;100,00;28,76;0,00;5,33
2023.0;2.0;2023-02-01;BRASPINE;SERRARIA;PR;DOUTOR ULYSSES;280,88;117,71;189,86;20,29;88,60;13,80;47,31;28,17;100,00;42,91;0,00;11,36
2023.0;2.0;2023-02-01;BRASPINE;SERRO VERDE;;;;;248,61;19,55;86,75;13,40;41,71;26,68;99,94;54,53;0,00;7,29
2023.0;2.0;2023-02-01;BRASPINE;SERTAOZINHO;PR;DOUTOR ULYSSES;16,25;16,25;187,01;20,32;88,91;13,80;47,91;27,98;100,00;43,07;0,00;0,82
2023.0;2.0;2023-02-01;BRASPINE;SITIO BASILIO;PR;JAGUARIAIVA;8,08;8,08;193,96;19,68;88,35;13,12;48,05;26,48;99,75;41,89;0,00;4,23
2023.0;2.0;2023-02-01;BRASPINE;SITIO DAS MARRECAS;PR;DOUTOR ULYSSES;77,49;35,17;192,73;21,16;88,58;14,36;46,81;29,40;100,00;29,23;0,00;7,79
2023.0;2.0;2023-02-01;BRASPINE;SOBRADINHO;SP;BOM SUCESSO DE ITARARE;285,80;123,10;179,28;19,86;89,25;13,88;48,59;27,35;100,00;28,23;0,00;6,15
2023.0;2.0;2023-02-01;BRASPINE;TAQUARAL;PR;JAGUARIAIVA;519,13;31,07;208,02;19,83;88,85;13,12;48,75;26,84;100,00;41,65;0,00;3,76
2023.0;2.0;2023-02-01;BRASPINE;TUCUNDUVA;PR;SENGES;82,21;60,89;236,60;20,28;87,55;14,34;47,87;27,26;99,79;14,34;0,00;11,90
2023.0;2.0;2023-02-01;BRASPINE;TUCUNDUVA - CHAMMA;;;;;227,09;20,39;87,25;14,44;48,25;27,39;99,77;14,44;0,00;7,30
2023.0;2.0;2023-02-01;BRASPINE;VIENA 1;PR;DOUTOR ULYSSES;263,98;178,34;198,07;19,87;88,47;13,23;49,06;28,45;100,00;41,52;0,00;9,25
2023.0;2.0;2023-02-01;BRASPINE;VIENA 2;PR;CERRO AZUL;140,23;96,54;197,03;21,47;87,65;14,89;46,72;29,38;100,00;14,89;0,00;6,12
2023.0;2.0;2023-02-01;BRASPINE;VITORIA;PR;SENGES;50,54;35,69;178,83;19,72;88,92;13,62;48,03;26,71;99,90;42,66;0,00;3,79
2023.0;2.0;2023-02-01;BRASPINE;VIVEIRO;PR;DOUTOR ULYSSES;405,39;261,22;187,19;20,32;88,91;13,80;47,91;27,98;100,00;43,07;0,00;0,82
2023.0;2.0;2023-02-01;BRASPINE;VO LINO;PR;DOUTOR ULYSSES;164,50;97,89;183,64;20,59;88,64;14,00;47,03;28,59;100,00;28,49;0,00;11,36
2023.0;2.0;2023-02-01;BRASPINE;XAXIM VELHO;;;;;218,10;19,16;86,72;12,59;43,68;26,76;100,00;97,45;0,00;6,68
2023.0;3.0;2023-03-01;BRASPINE;AGUA DOCE;PR;JAGUARIAIVA;238,97;121,99;146,79;20,35;84,92;13,87;46,37;27,30;99,85;13,87;0,00;1,33
2023.0;3.0;2023-03-01;BRASPINE;AMATA;;;;;173,35;22,19;85,50;16,39;47,62;30,73;100,00;0,00;0,00;1,95
2023.0;3.0;2023-03-01;BRASPINE;ANTA BRAVA;;;;;194,97;23,28;81,76;17,10;48,29;30,54;98,98;0,00;0,00;5,23
2023.0;3.0;2023-03-01;BRASPINE;ARAPONGAS;PR;SENGES;423,34;263,70;183,35;20,57;86,75;14,57;48,10;28,28;100,00;14,57;0,00;9,02
2023.0;3.0;2023-03-01;BRASPINE;ARROIO CLARO;PR;DOUTOR ULYSSES;275,14;92,00;195,80;20,78;86,95;14,87;48,98;28,86;100,00;14,87;0,00;5,17
2023.0;3.0;2023-03-01;BRASPINE;BARRA GRANDE;PR;DOUTOR ULYSSES;493,79;139,68;248,10;21,19;86,87;15,17;49,56;29,29;100,00;0,00;0,00;5,61
2023.0;3.0;2023-03-01;BRASPINE;BARRA GRANDE - BEMAIS;PR;GUARAPUAVA;299,16;108,61;126,42;19,84;85,42;13,66;46,52;27,29;99,99;43,16;0,00;0,48
2023.0;3.0;2023-03-01;BRASPINE;BARRETOS;PR;JAGUARIAIVA;43,35;32,98;161,40;20,45;86,19;14,27;45,86;27,79;100,00;14,27;0,00;3,69
2023.0;3.0;2023-03-01;BRASPINE;BAU;;;;;134,74;19,84;84,97;14,27;51,27;26,68;99,65;44,12;0,00;4,52
2023.0;3.0;2023-03-01;BRASPINE;BOA VISTA II;PR;PIRAI DO SUL;944,00;535,05;161,73;20,37;85,50;14,03;45,67;27,56;99,96;14,03;0,00;0,23
2023.0;3.0;2023-03-01;BRASPINE;BRASILEIRA;;;;;216,43;20,57;86,75;14,57;48,10;28,28;100,00;14,57;0,00;9,02
2023.0;3.0;2023-03-01;BRASPINE;BURACAO;;;;;148,03;20,57;84,64;14,92;46,15;28,12;99,86;14,92;0,00;5,35
2023.0;3.0;2023-03-01;BRASPINE;BURRINHO;PR;DOUTOR ULYSSES;211,01;100,37;197,04;20,78;86,95;14,87;48,98;28,86;100,00;14,87;0,00;5,17
2023.0;3.0;2023-03-01;BRASPINE;CADEADO I;PR;JAGUARIAIVA;21,07;12,29;161,35;20,28;86,58;14,14;46,64;27,67;100,00;14,14;0,00;1,17
2023.0;3.0;2023-03-01;BRASPINE;CADEADO II;PR;JAGUARIAIVA;21,88;16,79;161,35;20,28;86,58;14,14;46,64;27,67;100,00;14,14;0,00;1,17
2023.0;3.0;2023-03-01;BRASPINE;CAMPINA ALTA;PR;TIBAGI;29,77;18,24;146,97;21,25;84,96;14,44;47,89;28,71;99,86;14,44;0,00;2,85
2023.0;3.0;2023-03-01;BRASPINE;CAMPINA DO ELIAS;PR;JAGUARIAIVA;29,17;14,65;164,68;20,39;86,33;14,23;46,14;27,73;100,00;14,23;0,00;2,81
2023.0;3.0;2023-03-01;BRASPINE;CAMPO NOVO;PR;JAGUARIAIVA;295,98;156,36;173,54;20,28;86,58;14,14;46,64;27,67;100,00;14,14;0,00;1,17
2023.0;3.0;2023-03-01;BRASPINE;CONSULTORIA II A;PR;DOUTOR ULYSSES;89,62;60,79;199,58;20,57;86,75;14,57;48,10;28,28;100,00;14,57;0,00;9,02
2023.0;3.0;2023-03-01;BRASPINE;DINIZ;;;;;224,04;20,57;86,75;14,57;48,10;28,28;100,00;14,57;0,00;9,02
2023.0;3.0;2023-03-01;BRASPINE;ENES;PR;JAGUARIAIVA;5,93;5,69;171,82;20,28;86,58;14,14;46,64;27,67;100,00;14,14;0,00;1,17
2023.0;3.0;2023-03-01;BRASPINE;ENGENHARIA;;;;;224,04;20,57;86,75;14,57;48,10;28,28;100,00;14,57;0,00;9,02
2023.0;3.0;2023-03-01;BRASPINE;ESTACAO;PR;SENGES;4,76;4,14;166,56;20,28;86,58;14,14;46,64;27,67;100,00;14,14;0,00;1,17
2023.0;3.0;2023-03-01;BRASPINE;FAXINAL;PR;JAGUARIAIVA;20,65;20,65;171,82;20,28;86,58;14,14;46,64;27,67;100,00;14,14;0,00;1,17
2023.0;3.0;2023-03-01;BRASPINE;FEITAL;PR;DOUTOR ULYSSES;154,17;86,53;221,76;20,78;86,79;14,77;48,58;28,62;100,00;14,77;0,00;7,93
2023.0;3.0;2023-03-01;BRASPINE;FIGUEIRA;PR;DOUTOR ULYSSES;1053,81;315,71;210,48;20,78;86,95;14,87;48,98;28,86;100,00;14,87;0,00;5,17
2023.0;3.0;2023-03-01;BRASPINE;FIGUEIRINHA;PR;DOUTOR ULYSSES;94,37;56,74;235,55;20,78;86,95;14,87;48,98;28,86;100,00;14,87;0,00;5,17
2023.0;3.0;2023-03-01;BRASPINE;FLOEMA;PR;DOUTOR ULYSSES;2189,88;701,43;190,71;20,20;86,67;14,26;47,16;27,83;100,00;14,26;0,00;6,89
2023.0;3.0;2023-03-01;BRASPINE;FLOEMA I - SUDATI;;;;;166,32;20,57;86,75;14,57;48,10;28,28;100,00;14,57;0,00;9,02
2023.0;3.0;2023-03-01;BRASPINE;FLOEMA II - SUDATI;PR;DOUTOR ULYSSES;453,83;211,13;196,67;20,57;86,75;14,57;48,10;28,28;100,00;14,57;0,00;9,02
2023.0;3.0;2023-03-01;BRASPINE;FLOR DA SERRA;PR;SAO JOSE DA BOA VISTA;209,10;128,72;198,73;22,35;80,50;16,11;48,28;29,38;99,17;0,00;0,00;8,30
2023.0;3.0;2023-03-01;BRASPINE;GENTIL;PR;JAGUARIAIVA;126,77;53,33;132,60;20,20;84,59;13,61;46,43;27,07;99,62;13,61;0,00;6,16
2023.0;3.0;2023-03-01;BRASPINE;GUAIRACA;PR;GUARAPUAVA;623,62;169,31;123,21;20,01;85,33;13,44;46,89;27,58;99,98;42,32;0,00;4,54
2023.0;3.0;2023-03-01;BRASPINE;HERVAL 2 - MADALOSSO;;;;;131,43;20,57;84,64;14,92;46,15;28,12;99,86;14,92;0,00;5,35
2023.0;3.0;2023-03-01;BRASPINE;HERVAL DE BAIXO;PR;RESERVA;827,29;475,92;194,86;21,23;85,29;14,35;46,52;28,68;99,85;14,35;0,00;0,63
2023.0;3.0;2023-03-01;BRASPINE;HORTO 01;PR;TURVO;19,12;19,12;128,94;20,58;85,83;14,43;47,34;27,83;99,69;29,14;0,00;0,30
2023.0;3.0;2023-03-01;BRASPINE;HORTO 02;PR;TURVO;4,24;4,24;131,29;20,58;85,83;14,43;47,34;27,83;99,69;29,14;0,00;0,30
2023.0;3.0;2023-03-01;BRASPINE;HORTO 03;PR;PRUDENTOPOLIS;80,91;25,89;125,21;21,06;85,34;14,64;45,75;28,58;99,98;14,64;0,00;13,43
2023.0;3.0;2023-03-01;BRASPINE;HORTO 08;PR;TURVO;9,53;9,53;128,03;21,06;85,34;14,64;45,75;28,58;99,98;14,64;0,00;13,43
2023.0;3.0;2023-03-01;BRASPINE;HORTO 12;PR;PRUDENTOPOLIS;12,20;12,20;128,11;21,06;85,34;14,64;45,75;28,58;99,98;14,64;0,00;13,43
2023.0;3.0;2023-03-01;BRASPINE;IZAU;PR;PIRAI DO SUL;19,37;11,60;140,25;20,29;84,85;13,90;45,50;27,34;99,61;13,90;0,00;3,05
2023.0;3.0;2023-03-01;BRASPINE;JOAO RICO;PR;JAGUARIAIVA;47,46;26,18;141,40;20,35;84,92;13,87;46,37;27,30;99,85;13,87;0,00;1,33
2023.0;3.0;2023-03-01;BRASPINE;LAGOA;PR;JAGUARIAIVA;24,10;10,78;161,56;20,28;86,58;14,14;46,64;27,67;100,00;14,14;0,00;1,17
2023.0;3.0;2023-03-01;BRASPINE;MARACANA;PR;JANDAIA DO SUL;11,45;11,45;187,13;23,00;81,57;18,34;44,27;29,65;99,52;0,00;0,00;4,75
2023.0;3.0;2023-03-01;BRASPINE;MARRECA;;;;;216,78;20,78;86,95;14,87;48,98;28,86;100,00;14,87;0,00;5,17
2023.0;3.0;2023-03-01;BRASPINE;MARRECA SP;SP;ITAPIRAPUA PAULISTA;675,30;236,19;262,73;21,57;86,91;15,42;49,71;30,25;100,00;0,00;0,00;2,47
2023.0;3.0;2023-03-01;BRASPINE;MARRECAS;;;;;119,66;19,36;85,56;13,07;47,42;26,74;100,00;100,13;0,00;0,32
2023.0;3.0;2023-03-01;BRASPINE;MERCADINHO;;;;;225,95;21,52;86,22;15,65;48,84;29,98;100,00;0,00;0,00;3,62
2023.0;3.0;2023-03-01;BRASPINE;MONTE ALEGRE;;;;;195,13;23,50;81,00;18,81;43,73;30,16;99,53;0,00;0,00;1,19
2023.0;3.0;2023-03-01;BRASPINE;MONTE TABOR II;;;;;220,21;20,76;88,28;15,04;49,68;29,24;100,00;0,00;0,00;6,08
2023.0;3.0;2023-03-01;BRASPINE;MOREIRA;PR;DOUTOR ULYSSES;230,52;68,68;196,67;20,57;86,75;14,57;48,10;28,28;100,00;14,57;0,00;9,02
2023.0;3.0;2023-03-01;BRASPINE;MOREIRAS II;PR;DOUTOR ULYSSES;66,76;28,75;199,99;20,57;86,75;14,57;48,10;28,28;100,00;14,57;0,00;9,02
2023.0;3.0;2023-03-01;BRASPINE;MORRETES;PR;ORTIGUEIRA;20,36;20,36;185,44;21,71;85,48;14,85;46,16;29,20;99,86;14,85;0,00;0,76
2023.0;3.0;2023-03-01;BRASPINE;MORRO AZUL;;;;;219,84;20,75;87,49;14,67;46,73;28,60;100,00;14,67;0,00;13,55
2023.0;3.0;2023-03-01;BRASPINE;OURO FINO;SP;APIAI;51,70;51,70;249,70;20,47;88,33;14,70;49,05;28,51;100,00;14,70;0,00;10,86
2023.0;3.0;2023-03-01;BRASPINE;PALMEIRINHA DE BAIXO - SOSSEGO;PR;SENGES;85,93;9,22;184,52;20,14;85,83;13,92;44,53;27,07;99,86;28,79;0,00;13,02
2023.0;3.0;2023-03-01;BRASPINE;PAZIN;PR;DOUTOR ULYSSES;41,20;23,90;229,38;20,78;86,95;14,87;48,98;28,86;100,00;14,87;0,00;5,17
2023.0;3.0;2023-03-01;BRASPINE;PEDRAS;PR;CASTRO;7,18;7,18;148,93;20,30;85,33;14,00;46,64;27,35;99,58;14,00;0,00;1,06
2023.0;3.0;2023-03-01;BRASPINE;PESCARIA;PR;SAO JOSE DA BOA VISTA;184,57;129,22;193,44;22,52;80,15;16,13;46,16;29,82;99,12;0,00;0,00;5,69
2023.0;3.0;2023-03-01;BRASPINE;PESSEGUEIRO;PR;DOUTOR ULYSSES;109,95;64,79;171,21;20,57;86,75;14,57;48,10;28,28;100,00;14,57;0,00;9,02
2023.0;3.0;2023-03-01;BRASPINE;PITANGA;;;;;130,38;20,67;84,09;15,47;48,27;27,40;99,74;0,00;0,00;1,10
2023.0;3.0;2023-03-01;BRASPINE;QUEIMADINHO ARROIO CLARO;PR;DOUTOR ULYSSES;48,13;19,09;216,43;20,57;86,75;14,57;48,10;28,28;100,00;14,57;0,00;9,02
2023.0;3.0;2023-03-01;BRASPINE;QUEIMADINHO M6042;PR;DOUTOR ULYSSES;48,38;18,50;216,43;20,57;86,75;14,57;48,10;28,28;100,00;14,57;0,00;9,02
2023.0;3.0;2023-03-01;BRASPINE;QUEIMADINHO USUCAPIAO;PR;DOUTOR ULYSSES;200,27;92,43;216,43;20,57;86,75;14,57;48,10;28,28;100,00;14,57;0,00;9,02
2023.0;3.0;2023-03-01;BRASPINE;RAMOS;PR;SENGES;69,83;38,15;166,32;20,28;86,58;14,14;46,64;27,67;100,00;14,14;0,00;1,17
2023.0;3.0;2023-03-01;BRASPINE;RIBEIRAO GRANDE;PR;JAGUARIAIVA;20,77;20,77;143,59;20,29;84,85;13,90;45,50;27,34;99,61;13,90;0,00;3,05
2023.0;3.0;2023-03-01;BRASPINE;RINCAO DE BAIXO;;;;;149,33;20,77;82,56;13,71;47,96;27,63;99,69;13,71;0,00;1,56
2023.0;3.0;2023-03-01;BRASPINE;RIO BOMBA;PR;CERRO AZUL;65,03;37,72;175,97;21,72;85,26;15,97;46,80;29,94;99,99;0,00;0,00;3,39
2023.0;3.0;2023-03-01;BRASPINE;RIO DO MEIO;PR;DOUTOR ULYSSES;712,33;389,13;204,39;20,57;86,75;14,57;48,10;28,28;100,00;14,57;0,00;9,02
2023.0;3.0;2023-03-01;BRASPINE;RONDON;PR;JAGUARIAIVA;2899,24;1475,88;149,78;20,19;85,87;13,89;45,97;27,18;99,87;13,89;0,00;25,83
2023.0;3.0;2023-03-01;BRASPINE;SANTA FELICIDADE;;;;;242,16;21,91;87,09;15,68;48,55;31,03;100,00;0,00;0,00;2,92
2023.0;3.0;2023-03-01;BRASPINE;SANTA LIDIA DO CERCADINHO;;;;;140,44;20,42;82,61;13,59;47,79;27,14;99,62;28,47;0,00;1,09
2023.0;3.0;2023-03-01;BRASPINE;SANTO ANTONIO;;;;;205,06;20,16;86,32;13,99;44,20;27,32;100,00;28,81;0,00;11,28
2023.0;3.0;2023-03-01;BRASPINE;SAO JOSE;PR;JANDAIA DO SUL;37,56;37,56;194,65;23,34;81,21;18,65;43,93;29,98;99,72;0,00;0,00;2,01
2023.0;3.0;2023-03-01;BRASPINE;SAO MATHEUS;;;;;163,15;24,54;80,47;19,13;43,48;31,35;99,36;0,00;0,00;0,12
2023.0;3.0;2023-03-01;BRASPINE;SAO PEDRO E SAO PAULO;PR;SAPOPEMA;709,13;323,93;229,41;21,48;82,89;15,51;47,31;28,16;99,47;0,00;0,00;3,37
2023.0;3.0;2023-03-01;BRASPINE;SAO RAFAEL;;;;;106,81;20,52;83,51;14,40;42,46;27,59;99,93;14,40;0,00;3,77
2023.0;3.0;2023-03-01;BRASPINE;SAO RAFAEL - PB;;;;;274,10;20,60;88,11;14,77;48,31;28,66;100,00;14,77;0,00;12,25
2023.0;3.0;2023-03-01;BRASPINE;SERRARIA;PR;DOUTOR ULYSSES;280,88;117,71;185,22;20,49;86,81;14,57;48,07;28,34;100,00;14,57;0,00;6,45
2023.0;3.0;2023-03-01;BRASPINE;SERRO VERDE;;;;;143,48;20,23;83,90;14,90;51,48;27,11;99,70;14,90;0,00;1,65
2023.0;3.0;2023-03-01;BRASPINE;SERTAOZINHO;PR;DOUTOR ULYSSES;16,25;16,25;215,38;20,57;86,75;14,57;48,10;28,28;100,00;14,57;0,00;9,02
2023.0;3.0;2023-03-01;BRASPINE;SITIO BASILIO;PR;JAGUARIAIVA;8,08;8,08;145,50;20,21;84,60;13,59;46,71;27,05;99,66;13,59;0,00;3,81
2023.0;3.0;2023-03-01;BRASPINE;SITIO DAS MARRECAS;PR;DOUTOR ULYSSES;77,49;35,17;243,68;21,34;86,92;15,26;49,79;29,86;100,00;0,00;0,00;3,25
2023.0;3.0;2023-03-01;BRASPINE;SOBRADINHO;SP;BOM SUCESSO DE ITARARE;285,80;123,10;218,89;20,14;87,24;14,11;45,08;27,46;100,00;43,73;0,00;9,39
2023.0;3.0;2023-03-01;BRASPINE;TAQUARAL;PR;JAGUARIAIVA;519,13;31,07;164,70;20,33;85,66;13,99;46,34;27,33;99,99;13,99;0,00;37,45
2023.0;3.0;2023-03-01;BRASPINE;TUCUNDUVA;PR;SENGES;82,21;60,89;189,53;20,80;83,39;14,28;45,40;27,60;99,66;14,28;0,00;6,18
2023.0;3.0;2023-03-01;BRASPINE;TUCUNDUVA - CHAMMA;;;;;186,39;20,93;83,12;14,51;45,17;27,77;99,68;14,51;0,00;3,03
2023.0;3.0;2023-03-01;BRASPINE;VIENA 1;PR;DOUTOR ULYSSES;263,98;178,34;177,78;20,09;86,41;14,07;47,07;27,43;100,00;29,06;0,00;5,25
2023.0;3.0;2023-03-01;BRASPINE;VIENA 2;PR;CERRO AZUL;140,23;96,54;175,63;21,72;85,26;15,97;46,80;29,94;99,99;0,00;0,00;3,39
2023.0;3.0;2023-03-01;BRASPINE;VITORIA;PR;SENGES;50,54;35,69;184,52;20,14;85,83;13,92;44,53;27,07;99,86;28,79;0,00;13,02
2023.0;3.0;2023-03-01;BRASPINE;VIVEIRO;PR;DOUTOR ULYSSES;405,39;261,22;199,99;20,57;86,75;14,57;48,10;28,28;100,00;14,57;0,00;9,02
2023.0;3.0;2023-03-01;BRASPINE;VO LINO;PR;DOUTOR ULYSSES;164,50;97,89;207,68;20,78;86,95;14,87;48,98;28,86;100,00;14,87;0,00;5,17
2023.0;3.0;2023-03-01;BRASPINE;XAXIM VELHO;;;;;119,65;19,65;85,33;13,30;48,53;27,09;100,00;69,79;0,00;1,16
2023.0;4.0;2023-04-01;BRASPINE;AGUA DOCE;PR;JAGUARIAIVA;238,97;121,99;76,82;17,25;82,78;8,28;43,73;25,90;99,85;246,24;0,00;4,56
2023.0;4.0;2023-04-01;BRASPINE;AMATA;;;;;91,74;19,07;83,72;8,52;41,30;28,42;100,00;102,42;0,00;0,31
2023.0;4.0;2023-04-01;BRASPINE;ANTA BRAVA;;;;;63,26;20,31;80,00;11,11;37,36;28,89;100,00;68,27;0,00;39,30
2023.0;4.0;2023-04-01;BRASPINE;ARAPONGAS;PR;SENGES;423,34;263,70;85,35;17,52;85,08;8,25;39,36;26,53;100,00;208,36;0,00;0,22
2023.0;4.0;2023-04-01;BRASPINE;ARROIO CLARO;PR;DOUTOR ULYSSES;275,14;92,00;73,96;17,67;85,46;8,63;39,42;26,70;100,00;196,75;0,00;0,24
2023.0;4.0;2023-04-01;BRASPINE;BARRA GRANDE;PR;DOUTOR ULYSSES;493,79;139,68;88,82;18,12;85,27;8,98;38,71;27,34;100,00;186,95;0,00;0,89
2023.0;4.0;2023-04-01;BRASPINE;BARRA GRANDE - BEMAIS;PR;GUARAPUAVA;299,16;108,61;111,73;16,71;82,75;6,26;46,96;25,48;99,97;265,77;0,00;2,45
2023.0;4.0;2023-04-01;BRASPINE;BARRETOS;PR;JAGUARIAIVA;43,35;32,98;84,01;17,37;84,35;8,49;41,37;26,10;99,98;250,96;0,00;0,80
2023.0;4.0;2023-04-01;BRASPINE;BAU;;;;;88,36;16,69;82,17;8,27;44,41;24,99;99,88;268,30;0,00;2,22
2023.0;4.0;2023-04-01;BRASPINE;BOA VISTA II;PR;PIRAI DO SUL;944,00;535,05;80,09;17,21;83,62;8,35;42,73;25,81;99,97;276,66;0,00;2,38
2023.0;4.0;2023-04-01;BRASPINE;BRASILEIRA;;;;;72,53;17,52;85,08;8,25;39,36;26,53;100,00;208,36;0,00;0,22
2023.0;4.0;2023-04-01;BRASPINE;BURACAO;;;;;68,99;17,35;83,18;7,87;43,31;26,33;99,85;230,62;0,00;3,98
2023.0;4.0;2023-04-01;BRASPINE;BURRINHO;PR;DOUTOR ULYSSES;211,01;100,37;74,19;17,67;85,46;8,63;39,42;26,70;100,00;196,75;0,00;0,24
2023.0;4.0;2023-04-01;BRASPINE;CADEADO I;PR;JAGUARIAIVA;21,07;12,29;78,67;17,25;84,76;7,78;39,83;26,10;100,00;262,68;0,00;1,15
2023.0;4.0;2023-04-01;BRASPINE;CADEADO II;PR;JAGUARIAIVA;21,88;16,79;78,67;17,25;84,76;7,78;39,83;26,10;100,00;262,68;0,00;1,15
2023.0;4.0;2023-04-01;BRASPINE;CAMPINA ALTA;PR;TIBAGI;29,77;18,24;57,39;18,22;81,47;8,38;43,56;27,00;99,92;225,43;0,00;0,11
2023.0;4.0;2023-04-01;BRASPINE;CAMPINA DO ELIAS;PR;JAGUARIAIVA;29,17;14,65;85,33;17,33;84,49;8,23;40,81;26,10;99,99;249,81;0,00;1,60
2023.0;4.0;2023-04-01;BRASPINE;CAMPO NOVO;PR;JAGUARIAIVA;295,98;156,36;87,10;17,25;84,76;7,78;39,83;26,10;100,00;262,68;0,00;1,15
2023.0;4.0;2023-04-01;BRASPINE;CONSULTORIA II A;PR;DOUTOR ULYSSES;89,62;60,79;76,21;17,52;85,08;8,25;39,36;26,53;100,00;208,36;0,00;0,22
2023.0;4.0;2023-04-01;BRASPINE;DINIZ;;;;;72,37;17,52;85,08;8,25;39,36;26,53;100,00;208,36;0,00;0,22
2023.0;4.0;2023-04-01;BRASPINE;ENES;PR;JAGUARIAIVA;5,93;5,69;87,15;17,25;84,76;7,78;39,83;26,10;100,00;262,68;0,00;1,15
2023.0;4.0;2023-04-01;BRASPINE;ENGENHARIA;;;;;72,37;17,52;85,08;8,25;39,36;26,53;100,00;208,36;0,00;0,22
2023.0;4.0;2023-04-01;BRASPINE;ESTACAO;PR;SENGES;4,76;4,14;69,65;17,25;84,76;7,78;39,83;26,10;100,00;262,68;0,00;1,15
2023.0;4.0;2023-04-01;BRASPINE;FAXINAL;PR;JAGUARIAIVA;20,65;20,65;87,15;17,25;84,76;7,78;39,83;26,10;100,00;262,68;0,00;1,15
2023.0;4.0;2023-04-01;BRASPINE;FEITAL;PR;DOUTOR ULYSSES;154,17;86,53;71,84;17,72;85,14;8,49;39,14;26,80;100,00;211,43;0,00;0,35
2023.0;4.0;2023-04-01;BRASPINE;FIGUEIRA;PR;DOUTOR ULYSSES;1053,81;315,71;77,07;17,67;85,46;8,63;39,42;26,70;100,00;196,75;0,00;0,24
2023.0;4.0;2023-04-01;BRASPINE;FIGUEIRINHA;PR;DOUTOR ULYSSES;94,37;56,74;87,43;17,67;85,46;8,63;39,42;26,70;100,00;196,75;0,00;0,24
2023.0;4.0;2023-04-01;BRASPINE;FLOEMA;PR;DOUTOR ULYSSES;2189,88;701,43;82,32;17,11;85,09;7,95;39,86;25,89;100,00;247,02;0,00;0,46
2023.0;4.0;2023-04-01;BRASPINE;FLOEMA I - SUDATI;;;;;68,51;17,52;85,08;8,25;39,36;26,53;100,00;208,36;0,00;0,22
2023.0;4.0;2023-04-01;BRASPINE;FLOEMA II - SUDATI;PR;DOUTOR ULYSSES;453,83;211,13;72,69;17,52;85,08;8,25;39,36;26,53;100,00;208,36;0,00;0,22
2023.0;4.0;2023-04-01;BRASPINE;FLOR DA SERRA;PR;SAO JOSE DA BOA VISTA;209,10;128,72;136,79;19,44;77,20;10,01;36,13;28,68;99,90;144,95;0,00;1,89
2023.0;4.0;2023-04-01;BRASPINE;GENTIL;PR;JAGUARIAIVA;126,77;53,33;84,09;17,08;82,56;7,84;45,50;25,58;99,61;271,69;0,00;0,48
2023.0;4.0;2023-04-01;BRASPINE;GUAIRACA;PR;GUARAPUAVA;623,62;169,31;131,30;16,85;82,46;5,80;47,53;25,59;99,99;238,73;0,00;12,51
2023.0;4.0;2023-04-01;BRASPINE;HERVAL 2 - MADALOSSO;;;;;63,04;17,35;83,18;7,87;43,31;26,33;99,85;230,62;0,00;3,98
2023.0;4.0;2023-04-01;BRASPINE;HERVAL DE BAIXO;PR;RESERVA;827,29;475,92;57,85;18,15;81,81;7,56;42,61;27,17;99,86;248,61;0,00;0,70
2023.0;4.0;2023-04-01;BRASPINE;HORTO 01;PR;TURVO;19,12;19,12;86,83;17,48;82,55;6,94;49,11;26,49;99,65;226,71;0,00;0,56
2023.0;4.0;2023-04-01;BRASPINE;HORTO 02;PR;TURVO;4,24;4,24;86,39;17,48;82,55;6,94;49,11;26,49;99,65;226,71;0,00;0,56
2023.0;4.0;2023-04-01;BRASPINE;HORTO 03;PR;PRUDENTOPOLIS;80,91;25,89;83,62;17,96;82,19;7,36;46,75;27,22;99,88;205,98;0,00;0,85
2023.0;4.0;2023-04-01;BRASPINE;HORTO 08;PR;TURVO;9,53;9,53;75,70;17,96;82,19;7,36;46,75;27,22;99,88;205,98;0,00;0,85
2023.0;4.0;2023-04-01;BRASPINE;HORTO 12;PR;PRUDENTOPOLIS;12,20;12,20;78,40;17,96;82,19;7,36;46,75;27,22;99,88;205,98;0,00;0,85
2023.0;4.0;2023-04-01;BRASPINE;IZAU;PR;PIRAI DO SUL;19,37;11,60;88,38;17,14;83,02;8,13;44,23;25,60;99,62;260,07;0,00;0,31
2023.0;4.0;2023-04-01;BRASPINE;JOAO RICO;PR;JAGUARIAIVA;47,46;26,18;81,78;17,25;82,78;8,28;43,73;25,90;99,85;246,24;0,00;4,56
2023.0;4.0;2023-04-01;BRASPINE;LAGOA;PR;JAGUARIAIVA;24,10;10,78;76,77;17,25;84,76;7,78;39,83;26,10;100,00;262,68;0,00;1,15
2023.0;4.0;2023-04-01;BRASPINE;MARACANA;PR;JANDAIA DO SUL;11,45;11,45;133,34;20,28;77,23;11,33;35,23;29,17;99,98;105,77;0,00;2,20
2023.0;4.0;2023-04-01;BRASPINE;MARRECA;;;;;78,52;17,67;85,46;8,63;39,42;26,70;100,00;196,75;0,00;0,24
2023.0;4.0;2023-04-01;BRASPINE;MARRECA SP;SP;ITAPIRAPUA PAULISTA;675,30;236,19;91,91;18,46;85,54;9,56;38,95;27,84;100,00;175,80;0,00;2,54
2023.0;4.0;2023-04-01;BRASPINE;MARRECAS;;;;;125,48;16,24;82,92;5,52;46,84;24,76;100,00;301,27;0,00;0,55
2023.0;4.0;2023-04-01;BRASPINE;MERCADINHO;;;;;87,66;18,40;84,68;9,21;40,04;27,64;100,00;202,92;0,00;1,55
2023.0;4.0;2023-04-01;BRASPINE;MONTE ALEGRE;;;;;120,84;20,77;76,80;11,66;35,48;29,66;99,99;93,44;0,00;3,05
2023.0;4.0;2023-04-01;BRASPINE;MONTE TABOR II;;;;;85,51;17,71;86,86;8,87;39,76;26,41;100,00;195,78;0,00;1,43
2023.0;4.0;2023-04-01;BRASPINE;MOREIRA;PR;DOUTOR ULYSSES;230,52;68,68;72,69;17,52;85,08;8,25;39,36;26,53;100,00;208,36;0,00;0,22
2023.0;4.0;2023-04-01;BRASPINE;MOREIRAS II;PR;DOUTOR ULYSSES;66,76;28,75;76,72;17,52;85,08;8,25;39,36;26,53;100,00;208,36;0,00;0,22
2023.0;4.0;2023-04-01;BRASPINE;MORRETES;PR;ORTIGUEIRA;20,36;20,36;70,55;18,54;82,09;7,54;41,62;27,86;99,80;236,04;0,00;1,13
2023.0;4.0;2023-04-01;BRASPINE;MORRO AZUL;;;;;59,64;17,73;85,63;8,18;37,26;26,65;100,00;210,21;0,00;337,85
2023.0;4.0;2023-04-01;BRASPINE;OURO FINO;SP;APIAI;51,70;51,70;79,73;17,46;86,64;7,90;37,53;26,33;100,00;237,02;0,00;0,88
2023.0;4.0;2023-04-01;BRASPINE;PALMEIRINHA DE BAIXO - SOSSEGO;PR;SENGES;85,93;9,22;65,40;17,18;83,48;8,51;39,34;26,03;99,86;245,55;0,00;3,35
2023.0;4.0;2023-04-01;BRASPINE;PAZIN;PR;DOUTOR ULYSSES;41,20;23,90;76,40;17,67;85,46;8,63;39,42;26,70;100,00;196,75;0,00;0,24
2023.0;4.0;2023-04-01;BRASPINE;PEDRAS;PR;CASTRO;7,18;7,18;81,57;17,09;83,57;7,76;45,31;25,67;99,85;271,58;0,00;1,80
2023.0;4.0;2023-04-01;BRASPINE;PESCARIA;PR;SAO JOSE DA BOA VISTA;184,57;129,22;118,44;19,60;77,06;10,31;35,62;28,92;99,89;133,05;0,00;1,88
2023.0;4.0;2023-04-01;BRASPINE;PESSEGUEIRO;PR;DOUTOR ULYSSES;109,95;64,79;68,52;17,52;85,08;8,25;39,36;26,53;100,00;208,36;0,00;0,22
2023.0;4.0;2023-04-01;BRASPINE;PITANGA;;;;;109,27;17,57;80,82;9,07;43,73;26,20;99,73;255,69;0,00;4,81
2023.0;4.0;2023-04-01;BRASPINE;QUEIMADINHO ARROIO CLARO;PR;DOUTOR ULYSSES;48,13;19,09;72,53;17,52;85,08;8,25;39,36;26,53;100,00;208,36;0,00;0,22
2023.0;4.0;2023-04-01;BRASPINE;QUEIMADINHO M6042;PR;DOUTOR ULYSSES;48,38;18,50;72,53;17,52;85,08;8,25;39,36;26,53;100,00;208,36;0,00;0,22
2023.0;4.0;2023-04-01;BRASPINE;QUEIMADINHO USUCAPIAO;PR;DOUTOR ULYSSES;200,27;92,43;72,53;17,52;85,08;8,25;39,36;26,53;100,00;208,36;0,00;0,22
2023.0;4.0;2023-04-01;BRASPINE;RAMOS;PR;SENGES;69,83;38,15;68,51;17,25;84,76;7,78;39,83;26,10;100,00;262,68;0,00;1,15
2023.0;4.0;2023-04-01;BRASPINE;RIBEIRAO GRANDE;PR;JAGUARIAIVA;20,77;20,77;84,80;17,14;83,02;8,13;44,23;25,60;99,62;260,07;0,00;0,31
2023.0;4.0;2023-04-01;BRASPINE;RINCAO DE BAIXO;;;;;97,38;17,71;79,51;7,71;42,77;26,01;99,85;222,80;0,00;0,21
2023.0;4.0;2023-04-01;BRASPINE;RIO BOMBA;PR;CERRO AZUL;65,03;37,72;84,20;18,59;83,42;8,09;41,07;27,83;99,91;172,63;0,00;1,26
2023.0;4.0;2023-04-01;BRASPINE;RIO DO MEIO;PR;DOUTOR ULYSSES;712,33;389,13;75,60;17,52;85,08;8,25;39,36;26,53;100,00;208,36;0,00;0,22
2023.0;4.0;2023-04-01;BRASPINE;RONDON;PR;JAGUARIAIVA;2899,24;1475,88;66,57;17,17;83,69;8,42;40,55;25,99;99,91;260,94;0,00;5,13
2023.0;4.0;2023-04-01;BRASPINE;SANTA FELICIDADE;;;;;96,15;18,82;85,74;9,54;38,02;28,32;100,00;133,18;0,00;3,64
2023.0;4.0;2023-04-01;BRASPINE;SANTA LIDIA DO CERCADINHO;;;;;83,70;17,37;79,63;7,78;42,82;25,51;99,85;219,66;0,00;0,97
2023.0;4.0;2023-04-01;BRASPINE;SANTO ANTONIO;;;;;69,54;17,19;84,05;8,35;38,06;26,04;100,00;244,86;0,00;29,87
2023.0;4.0;2023-04-01;BRASPINE;SAO JOSE;PR;JANDAIA DO SUL;37,56;37,56;121,66;20,62;76,96;11,53;35,53;29,48;100,00;107,60;0,00;0,19
2023.0;4.0;2023-04-01;BRASPINE;SAO MATHEUS;;;;;94,73;21,80;76,09;12,29;35,90;30,96;99,96;65,43;0,00;0,92
2023.0;4.0;2023-04-01;BRASPINE;SAO PEDRO E SAO PAULO;PR;SAPOPEMA;709,13;323,93;122,65;18,55;78,99;8,63;40,23;27,37;99,82;190,01;0,00;3,68
2023.0;4.0;2023-04-01;BRASPINE;SAO RAFAEL;;;;;90,83;17,23;81,76;7,17;45,45;25,73;99,71;229,00;0,00;3,47
2023.0;4.0;2023-04-01;BRASPINE;SAO RAFAEL - PB;;;;;72,47;17,58;86,41;8,06;37,13;26,50;100,00;209,19;0,00;1,38
2023.0;4.0;2023-04-01;BRASPINE;SERRARIA;PR;DOUTOR ULYSSES;280,88;117,71;74,27;17,39;85,27;8,29;39,64;26,30;100,00;237,11;0,00;1,21
2023.0;4.0;2023-04-01;BRASPINE;SERRO VERDE;;;;;91,45;17,04;81,38;8,44;42,18;25,54;99,91;274,49;0,00;6,38
2023.0;4.0;2023-04-01;BRASPINE;SERTAOZINHO;PR;DOUTOR ULYSSES;16,25;16,25;76,94;17,52;85,08;8,25;39,36;26,53;100,00;208,36;0,00;0,22
2023.0;4.0;2023-04-01;BRASPINE;SITIO BASILIO;PR;JAGUARIAIVA;8,08;8,08;76,47;17,11;82,48;7,87;45,35;25,66;99,66;271,84;0,00;1,25
2023.0;4.0;2023-04-01;BRASPINE;SITIO DAS MARRECAS;PR;DOUTOR ULYSSES;77,49;35,17;87,34;18,23;85,52;9,29;39,08;27,51;100,00;188,37;0,00;0,19
2023.0;4.0;2023-04-01;BRASPINE;SOBRADINHO;SP;BOM SUCESSO DE ITARARE;285,80;123,10;71,37;17,17;85,10;8,17;37,57;25,81;100,00;244,68;0,00;20,08
2023.0;4.0;2023-04-01;BRASPINE;TAQUARAL;PR;JAGUARIAIVA;519,13;31,07;75,90;17,25;83,53;8,55;42,27;25,95;100,00;248,37;0,00;1,79
2023.0;4.0;2023-04-01;BRASPINE;TUCUNDUVA;PR;SENGES;82,21;60,89;81,85;17,80;80,78;8,78;41,54;26,79;99,96;217,85;0,00;9,25
2023.0;4.0;2023-04-01;BRASPINE;TUCUNDUVA - CHAMMA;;;;;80,11;17,95;80,61;9,06;40,73;27,02;99,98;207,84;0,00;9,04
2023.0;4.0;2023-04-01;BRASPINE;VIENA 1;PR;DOUTOR ULYSSES;263,98;178,34;72,31;17,02;84,67;7,01;41,79;25,62;100,00;258,33;0,00;0,28
2023.0;4.0;2023-04-01;BRASPINE;VIENA 2;PR;CERRO AZUL;140,23;96,54;84,54;18,59;83,42;8,09;41,07;27,83;99,91;172,63;0,00;1,26
2023.0;4.0;2023-04-01;BRASPINE;VITORIA;PR;SENGES;50,54;35,69;65,40;17,18;83,48;8,51;39,34;26,03;99,86;245,55;0,00;3,35
2023.0;4.0;2023-04-01;BRASPINE;VIVEIRO;PR;DOUTOR ULYSSES;405,39;261,22;76,72;17,52;85,08;8,25;39,36;26,53;100,00;208,36;0,00;0,22
2023.0;4.0;2023-04-01;BRASPINE;VO LINO;PR;DOUTOR ULYSSES;164,50;97,89;76,27;17,67;85,46;8,63;39,42;26,70;100,00;196,75;0,00;0,24
2023.0;4.0;2023-04-01;BRASPINE;XAXIM VELHO;;;;;149,34;16,43;82,81;7,15;48,24;24,74;100,00;307,83;0,00;2,68
2023.0;5.0;2023-05-01;BRASPINE;AGUA DOCE;PR;JAGUARIAIVA;238,97;121,99;32,90;15,95;77,84;6,84;31,75;24,25;99,92;282,91;0,00;1,39
2023.0;5.0;2023-05-01;BRASPINE;AMATA;;;;;41,51;17,52;82,47;7,88;35,27;27,55;99,92;273,66;0,00;6,23
2023.0;5.0;2023-05-01;BRASPINE;ANTA BRAVA;;;;;19,07;18,70;77,45;10,79;37,50;27,38;99,92;217,97;0,00;5,09
2023.0;5.0;2023-05-01;BRASPINE;ARAPONGAS;PR;SENGES;423,34;263,70;32,61;16,19;81,75;7,55;34,18;25,09;100,00;276,51;0,00;6,07
2023.0;5.0;2023-05-01;BRASPINE;ARROIO CLARO;PR;DOUTOR ULYSSES;275,14;92,00;36,39;16,37;82,50;7,88;35,01;25,64;100,00;280,72;0,00;6,83
2023.0;5.0;2023-05-01;BRASPINE;BARRA GRANDE;PR;DOUTOR ULYSSES;493,79;139,68;35,25;16,71;82,35;7,54;33,67;25,95;100,00;286,57;0,00;6,01
2023.0;5.0;2023-05-01;BRASPINE;BARRA GRANDE - BEMAIS;PR;GUARAPUAVA;299,16;108,61;45,29;15,43;78,20;5,68;36,73;23,95;99,94;311,45;0,00;4,19
2023.0;5.0;2023-05-01;BRASPINE;BARRETOS;PR;JAGUARIAIVA;43,35;32,98;33,27;16,17;79,73;7,99;33,18;24,65;99,90;279,80;0,00;8,91
2023.0;5.0;2023-05-01;BRASPINE;BAU;;;;;57,47;15,53;76,31;5,37;34,32;23,94;99,68;295,18;0,00;8,09
2023.0;5.0;2023-05-01;BRASPINE;BOA VISTA II;PR;PIRAI DO SUL;944,00;535,05;32,41;16,05;78,33;7,74;31,60;24,45;99,99;273,40;0,00;11,61
2023.0;5.0;2023-05-01;BRASPINE;BRASILEIRA;;;;;34,69;16,19;81,75;7,55;34,18;25,09;100,00;276,51;0,00;6,07
2023.0;5.0;2023-05-01;BRASPINE;BURACAO;;;;;47,71;16,10;79,53;7,41;34,93;25,25;99,98;254,96;0,00;2,87
2023.0;5.0;2023-05-01;BRASPINE;BURRINHO;PR;DOUTOR ULYSSES;211,01;100,37;36,38;16,37;82,50;7,88;35,01;25,64;100,00;280,72;0,00;6,83
2023.0;5.0;2023-05-01;BRASPINE;CADEADO I;PR;JAGUARIAIVA;21,07;12,29;32,28;15,97;81,02;7,76;34,46;24,71;100,00;271,99;0,00;9,97
2023.0;5.0;2023-05-01;BRASPINE;CADEADO II;PR;JAGUARIAIVA;21,88;16,79;32,28;15,97;81,02;7,76;34,46;24,71;100,00;271,99;0,00;9,97
2023.0;5.0;2023-05-01;BRASPINE;CAMPINA ALTA;PR;TIBAGI;29,77;18,24;38,47;16,49;79,09;5,82;38,25;25,38;99,92;278,35;0,00;0,03
2023.0;5.0;2023-05-01;BRASPINE;CAMPINA DO ELIAS;PR;JAGUARIAIVA;29,17;14,65;33,06;16,10;80,20;7,91;33,64;24,67;99,92;277,12;0,00;342,04
2023.0;5.0;2023-05-01;BRASPINE;CAMPO NOVO;PR;JAGUARIAIVA;295,98;156,36;32,43;15,97;81,02;7,76;34,46;24,71;100,00;271,99;0,00;9,97
2023.0;5.0;2023-05-01;BRASPINE;CONSULTORIA II A;PR;DOUTOR ULYSSES;89,62;60,79;34,17;16,19;81,75;7,55;34,18;25,09;100,00;276,51;0,00;6,07
2023.0;5.0;2023-05-01;BRASPINE;DINIZ;;;;;34,48;16,19;81,75;7,55;34,18;25,09;100,00;276,51;0,00;6,07
2023.0;5.0;2023-05-01;BRASPINE;ENES;PR;JAGUARIAIVA;5,93;5,69;32,41;15,97;81,02;7,76;34,46;24,71;100,00;271,99;0,00;9,97
2023.0;5.0;2023-05-01;BRASPINE;ENGENHARIA;;;;;34,48;16,19;81,75;7,55;34,18;25,09;100,00;276,51;0,00;6,07
2023.0;5.0;2023-05-01;BRASPINE;ESTACAO;PR;SENGES;4,76;4,14;33,07;15,97;81,02;7,76;34,46;24,71;100,00;271,99;0,00;9,97
2023.0;5.0;2023-05-01;BRASPINE;FAXINAL;PR;JAGUARIAIVA;20,65;20,65;32,41;15,97;81,02;7,76;34,46;24,71;100,00;271,99;0,00;9,97
2023.0;5.0;2023-05-01;BRASPINE;FEITAL;PR;DOUTOR ULYSSES;154,17;86,53;36,45;16,37;81,95;7,55;34,01;25,38;100,00;279,87;0,00;3,74
2023.0;5.0;2023-05-01;BRASPINE;FIGUEIRA;PR;DOUTOR ULYSSES;1053,81;315,71;36,41;16,37;82,50;7,88;35,01;25,64;100,00;280,72;0,00;6,83
2023.0;5.0;2023-05-01;BRASPINE;FIGUEIRINHA;PR;DOUTOR ULYSSES;94,37;56,74;36,30;16,37;82,50;7,88;35,01;25,64;100,00;280,72;0,00;6,83
2023.0;5.0;2023-05-01;BRASPINE;FLOEMA;PR;DOUTOR ULYSSES;2189,88;701,43;36,09;15,86;81,65;7,24;35,32;24,87;100,00;283,22;0,00;5,32
2023.0;5.0;2023-05-01;BRASPINE;FLOEMA I - SUDATI;;;;;32,72;16,19;81,75;7,55;34,18;25,09;100,00;276,51;0,00;6,07
2023.0;5.0;2023-05-01;BRASPINE;FLOEMA II - SUDATI;PR;DOUTOR ULYSSES;453,83;211,13;33,16;16,19;81,75;7,55;34,18;25,09;100,00;276,51;0,00;6,07
2023.0;5.0;2023-05-01;BRASPINE;FLOR DA SERRA;PR;SAO JOSE DA BOA VISTA;209,10;128,72;25,81;17,40;76,87;7,18;38,34;26,24;99,71;309,36;0,00;341,87
2023.0;5.0;2023-05-01;BRASPINE;GENTIL;PR;JAGUARIAIVA;126,77;53,33;33,20;15,79;77,53;7,39;31,56;24,03;99,92;279,00;0,00;8,08
2023.0;5.0;2023-05-01;BRASPINE;GUAIRACA;PR;GUARAPUAVA;623,62;169,31;42,30;15,49;78,16;6,03;36,90;24,16;99,97;307,26;0,00;0,07
2023.0;5.0;2023-05-01;BRASPINE;HERVAL 2 - MADALOSSO;;;;;47,91;16,10;79,53;7,41;34,93;25,25;99,98;254,96;0,00;2,87
2023.0;5.0;2023-05-01;BRASPINE;HERVAL DE BAIXO;PR;RESERVA;827,29;475,92;55,04;16,38;79,65;5,79;37,65;25,48;99,98;300,45;0,00;7,52
2023.0;5.0;2023-05-01;BRASPINE;HORTO 01;PR;TURVO;19,12;19,12;59,98;15,93;78,41;6,06;37,17;24,86;99,43;266,24;0,00;0,96
2023.0;5.0;2023-05-01;BRASPINE;HORTO 02;PR;TURVO;4,24;4,24;60,03;15,93;78,41;6,06;37,17;24,86;99,43;266,24;0,00;0,96
2023.0;5.0;2023-05-01;BRASPINE;HORTO 03;PR;PRUDENTOPOLIS;80,91;25,89;58,37;16,32;78,55;6,28;37,27;25,39;99,60;272,81;0,00;0,24
2023.0;5.0;2023-05-01;BRASPINE;HORTO 08;PR;TURVO;9,53;9,53;55,48;16,32;78,55;6,28;37,27;25,39;99,60;272,81;0,00;0,24
2023.0;5.0;2023-05-01;BRASPINE;HORTO 12;PR;PRUDENTOPOLIS;12,20;12,20;56,57;16,32;78,55;6,28;37,27;25,39;99,60;272,81;0,00;0,24
2023.0;5.0;2023-05-01;BRASPINE;IZAU;PR;PIRAI DO SUL;19,37;11,60;32,95;16,01;77,53;8,27;30,93;24,25;99,88;273,58;0,00;0,33
2023.0;5.0;2023-05-01;BRASPINE;JOAO RICO;PR;JAGUARIAIVA;47,46;26,18;33,08;15,95;77,84;6,84;31,75;24,25;99,92;282,91;0,00;1,39
2023.0;5.0;2023-05-01;BRASPINE;LAGOA;PR;JAGUARIAIVA;24,10;10,78;32,20;15,97;81,02;7,76;34,46;24,71;100,00;271,99;0,00;9,97
2023.0;5.0;2023-05-01;BRASPINE;MARACANA;PR;JANDAIA DO SUL;11,45;11,45;34,55;18,80;72,76;9,93;37,77;27,06;99,80;168,64;0,00;9,92
2023.0;5.0;2023-05-01;BRASPINE;MARRECA;;;;;36,52;16,37;82,50;7,88;35,01;25,64;100,00;280,72;0,00;6,83
2023.0;5.0;2023-05-01;BRASPINE;MARRECA SP;SP;ITAPIRAPUA PAULISTA;675,30;236,19;34,32;17,01;83,24;7,91;34,43;26,70;100,00;290,00;0,00;2,49
2023.0;5.0;2023-05-01;BRASPINE;MARRECAS;;;;;43,03;15,00;78,23;5,63;36,32;23,42;99,95;312,92;0,00;10,67
2023.0;5.0;2023-05-01;BRASPINE;MERCADINHO;;;;;36,03;16,97;82,70;8,48;35,20;26,70;99,92;290,92;0,00;0,34
2023.0;5.0;2023-05-01;BRASPINE;MONTE ALEGRE;;;;;37,16;19,21;72,82;10,36;38,30;27,57;99,79;157,60;0,00;6,26
2023.0;5.0;2023-05-01;BRASPINE;MONTE TABOR II;;;;;31,82;16,21;85,33;6,96;40,23;25,54;100,00;290,66;0,00;1,50
2023.0;5.0;2023-05-01;BRASPINE;MOREIRA;PR;DOUTOR ULYSSES;230,52;68,68;33,16;16,19;81,75;7,55;34,18;25,09;100,00;276,51;0,00;6,07
2023.0;5.0;2023-05-01;BRASPINE;MOREIRAS II;PR;DOUTOR ULYSSES;66,76;28,75;34,33;16,19;81,75;7,55;34,18;25,09;100,00;276,51;0,00;6,07
2023.0;5.0;2023-05-01;BRASPINE;MORRETES;PR;ORTIGUEIRA;20,36;20,36;56,09;16,70;80,31;6,35;38,25;25,98;99,89;276,40;0,00;2,36
2023.0;5.0;2023-05-01;BRASPINE;MORRO AZUL;;;;;31,66;16,40;81,91;7,53;33,58;25,44;100,00;294,03;0,00;1,42
2023.0;5.0;2023-05-01;BRASPINE;OURO FINO;SP;APIAI;51,70;51,70;30,85;16,07;83,69;7,69;37,92;25,38;100,00;287,53;0,00;4,04
2023.0;5.0;2023-05-01;BRASPINE;PALMEIRINHA DE BAIXO - SOSSEGO;PR;SENGES;85,93;9,22;31,42;15,89;79,14;7,25;32,61;24,24;99,69;283,16;0,00;15,45
2023.0;5.0;2023-05-01;BRASPINE;PAZIN;PR;DOUTOR ULYSSES;41,20;23,90;37,14;16,37;82,50;7,88;35,01;25,64;100,00;280,72;0,00;6,83
2023.0;5.0;2023-05-01;BRASPINE;PEDRAS;PR;CASTRO;7,18;7,18;33,81;15,91;78,34;7,95;33,56;24,31;99,93;268,62;0,00;7,23
2023.0;5.0;2023-05-01;BRASPINE;PESCARIA;PR;SAO JOSE DA BOA VISTA;184,57;129,22;30,14;17,63;76,13;6,73;36,55;26,52;99,63;311,00;0,00;4,90
2023.0;5.0;2023-05-01;BRASPINE;PESSEGUEIRO;PR;DOUTOR ULYSSES;109,95;64,79;34,17;16,19;81,75;7,55;34,18;25,09;100,00;276,51;0,00;6,07
2023.0;5.0;2023-05-01;BRASPINE;PITANGA;;;;;67,57;16,27;75,31;6,01;33,60;24,78;99,47;283,94;0,00;3,45
2023.0;5.0;2023-05-01;BRASPINE;QUEIMADINHO ARROIO CLARO;PR;DOUTOR ULYSSES;48,13;19,09;34,69;16,19;81,75;7,55;34,18;25,09;100,00;276,51;0,00;6,07
2023.0;5.0;2023-05-01;BRASPINE;QUEIMADINHO M6042;PR;DOUTOR ULYSSES;48,38;18,50;34,69;16,19;81,75;7,55;34,18;25,09;100,00;276,51;0,00;6,07
2023.0;5.0;2023-05-01;BRASPINE;QUEIMADINHO USUCAPIAO;PR;DOUTOR ULYSSES;200,27;92,43;34,69;16,19;81,75;7,55;34,18;25,09;100,00;276,51;0,00;6,07
2023.0;5.0;2023-05-01;BRASPINE;RAMOS;PR;SENGES;69,83;38,15;32,72;15,97;81,02;7,76;34,46;24,71;100,00;271,99;0,00;9,97
2023.0;5.0;2023-05-01;BRASPINE;RIBEIRAO GRANDE;PR;JAGUARIAIVA;20,77;20,77;32,82;16,01;77,53;8,27;30,93;24,25;99,88;273,58;0,00;0,33
2023.0;5.0;2023-05-01;BRASPINE;RINCAO DE BAIXO;;;;;30,30;16,00;76,76;6,01;33,00;24,71;99,95;291,31;0,00;8,30
2023.0;5.0;2023-05-01;BRASPINE;RIO BOMBA;PR;CERRO AZUL;65,03;37,72;38,83;17,07;82,00;7,96;35,70;26,93;99,93;278,57;0,00;8,40
2023.0;5.0;2023-05-01;BRASPINE;RIO DO MEIO;PR;DOUTOR ULYSSES;712,33;389,13;34,43;16,19;81,75;7,55;34,18;25,09;100,00;276,51;0,00;6,07
2023.0;5.0;2023-05-01;BRASPINE;RONDON;PR;JAGUARIAIVA;2899,24;1475,88;32,95;15,85;79,47;6,78;33,50;24,16;99,97;265,95;0,00;2,55
2023.0;5.0;2023-05-01;BRASPINE;SANTA FELICIDADE;;;;;34,22;17,29;83,87;7,27;34,16;27,30;100,00;277,82;0,00;0,86
2023.0;5.0;2023-05-01;BRASPINE;SANTA LIDIA DO CERCADINHO;;;;;30,96;15,77;76,52;5,99;32,50;24,34;99,96;304,79;0,00;6,11
2023.0;5.0;2023-05-01;BRASPINE;SANTO ANTONIO;;;;;31,85;15,89;79,79;7,00;32,45;24,45;99,98;268,81;0,00;13,90
2023.0;5.0;2023-05-01;BRASPINE;SAO JOSE;PR;JANDAIA DO SUL;37,56;37,56;36,90;19,08;72,96;10,25;38,38;27,38;99,79;156,76;0,00;6,69
2023.0;5.0;2023-05-01;BRASPINE;SAO MATHEUS;;;;;37,37;20,01;73,02;10,15;37,55;28,92;99,79;152,94;0,00;1,49
2023.0;5.0;2023-05-01;BRASPINE;SAO PEDRO E SAO PAULO;PR;SAPOPEMA;709,13;323,93;35,34;16,83;76,77;8,05;38,62;25,19;99,98;275,42;0,00;3,20
2023.0;5.0;2023-05-01;BRASPINE;SAO RAFAEL;;;;;34,27;16,04;78,72;7,53;36,74;24,72;99,81;268,00;0,00;4,31
2023.0;5.0;2023-05-01;BRASPINE;SAO RAFAEL - PB;;;;;31,38;16,22;83,21;7,94;36,61;25,49;100,00;291,85;0,00;3,80
2023.0;5.0;2023-05-01;BRASPINE;SERRARIA;PR;DOUTOR ULYSSES;280,88;117,71;35,92;16,12;82,07;7,67;35,17;25,26;100,00;274,51;0,00;6,45
2023.0;5.0;2023-05-01;BRASPINE;SERRO VERDE;;;;;59,43;15,90;75,57;4,85;33,32;24,41;99,85;262,68;4,85;13,59
2023.0;5.0;2023-05-01;BRASPINE;SERTAOZINHO;PR;DOUTOR ULYSSES;16,25;16,25;33,49;16,19;81,75;7,55;34,18;25,09;100,00;276,51;0,00;6,07
2023.0;5.0;2023-05-01;BRASPINE;SITIO BASILIO;PR;JAGUARIAIVA;8,08;8,08;32,95;15,77;77,62;6,96;31,80;24,06;99,93;276,91;0,00;3,99
2023.0;5.0;2023-05-01;BRASPINE;SITIO DAS MARRECAS;PR;DOUTOR ULYSSES;77,49;35,17;36,21;16,83;83,03;7,90;34,60;26,40;100,00;287,32;0,00;4,86
2023.0;5.0;2023-05-01;BRASPINE;SOBRADINHO;SP;BOM SUCESSO DE ITARARE;285,80;123,10;31,62;15,86;81,05;7,01;33,74;24,51;100,00;282,76;0,00;13,01
2023.0;5.0;2023-05-01;BRASPINE;TAQUARAL;PR;JAGUARIAIVA;519,13;31,07;31,98;15,95;78,81;6,71;33,07;24,26;99,85;268,97;0,00;2,46
2023.0;5.0;2023-05-01;BRASPINE;TUCUNDUVA;PR;SENGES;82,21;60,89;32,44;16,15;77,89;6,15;33,12;24,70;99,73;262,91;0,00;1,01
2023.0;5.0;2023-05-01;BRASPINE;TUCUNDUVA - CHAMMA;;;;;31,39;16,43;77,52;6,37;34,95;24,85;99,81;273,17;0,00;5,31
2023.0;5.0;2023-05-01;BRASPINE;VIENA 1;PR;DOUTOR ULYSSES;263,98;178,34;33,80;15,78;80,73;6,96;35,00;24,50;99,98;266,50;0,00;4,64
2023.0;5.0;2023-05-01;BRASPINE;VIENA 2;PR;CERRO AZUL;140,23;96,54;38,79;17,07;82,00;7,96;35,70;26,93;99,93;278,57;0,00;8,40
2023.0;5.0;2023-05-01;BRASPINE;VITORIA;PR;SENGES;50,54;35,69;31,42;15,89;79,14;7,25;32,61;24,24;99,69;283,16;0,00;15,45
2023.0;5.0;2023-05-01;BRASPINE;VIVEIRO;PR;DOUTOR ULYSSES;405,39;261,22;34,33;16,19;81,75;7,55;34,18;25,09;100,00;276,51;0,00;6,07
2023.0;5.0;2023-05-01;BRASPINE;VO LINO;PR;DOUTOR ULYSSES;164,50;97,89;36,46;16,37;82,50;7,88;35,01;25,64;100,00;280,72;0,00;6,83
2023.0;5.0;2023-05-01;BRASPINE;XAXIM VELHO;;;;;46,81;15,11;78,68;5,63;37,96;23,50;100,00;303,75;0,00;1,08
2023.0;6.0;2023-06-01;BRASPINE;AGUA DOCE;PR;JAGUARIAIVA;238,97;121,99;92,38;14,08;78,18;5,56;43,49;23,45;99,84;300,08;0,00;31,75
2023.0;6.0;2023-06-01;BRASPINE;AMATA;;;;;89,87;15,22;84,09;7,94;40,31;27,33;99,98;313,72;0,00;1,41
2023.0;6.0;2023-06-01;BRASPINE;ANTA BRAVA;;;;;59,52;16,86;77,67;9,28;41,71;26,81;99,77;381,25;0,00;8,86
2023.0;6.0;2023-06-01;BRASPINE;ARAPONGAS;PR;SENGES;423,34;263,70;96,23;14,24;81,75;7,33;42,93;24,47;100,00;304,41;0,00;0,25
2023.0;6.0;2023-06-01;BRASPINE;ARROIO CLARO;PR;DOUTOR ULYSSES;275,14;92,00;89,34;14,38;82,90;7,19;41,68;25,05;100,00;308,80;0,00;1,95
2023.0;6.0;2023-06-01;BRASPINE;BARRA GRANDE;PR;DOUTOR ULYSSES;493,79;139,68;84,37;14,65;82,40;6,89;41,71;25,62;100,00;308,69;0,00;0,35
2023.0;6.0;2023-06-01;BRASPINE;BARRA GRANDE - BEMAIS;PR;GUARAPUAVA;299,16;108,61;114,45;13,42;82,43;3,44;47,75;22,24;99,98;275,88;12,55;41,36
2023.0;6.0;2023-06-01;BRASPINE;BARRETOS;PR;JAGUARIAIVA;43,35;32,98;98,47;14,20;80,02;6,78;44,86;24,17;99,99;294,86;0,00;0,45
2023.0;6.0;2023-06-01;BRASPINE;BAU;;;;;85,05;13,35;81,57;2,85;45,88;22,28;99,88;269,25;2,85;0,52
2023.0;6.0;2023-06-01;BRASPINE;BOA VISTA II;PR;PIRAI DO SUL;944,00;535,05;98,74;14,04;78,96;5,94;44,73;23,87;100,00;283,88;0,00;15,11
2023.0;6.0;2023-06-01;BRASPINE;BRASILEIRA;;;;;87,85;14,24;81,75;7,33;42,93;24,47;100,00;304,41;0,00;0,25
2023.0;6.0;2023-06-01;BRASPINE;BURACAO;;;;;90,17;14,18;79,90;5,55;42,17;24,66;100,00;284,33;0,00;1,27
2023.0;6.0;2023-06-01;BRASPINE;BURRINHO;PR;DOUTOR ULYSSES;211,01;100,37;89,15;14,38;82,90;7,19;41,68;25,05;100,00;308,80;0,00;1,95
2023.0;6.0;2023-06-01;BRASPINE;CADEADO I;PR;JAGUARIAIVA;21,07;12,29;94,40;14,07;81,04;6,38;44,16;23,94;100,00;297,71;0,00;1,54
2023.0;6.0;2023-06-01;BRASPINE;CADEADO II;PR;JAGUARIAIVA;21,88;16,79;94,40;14,07;81,04;6,38;44,16;23,94;100,00;297,71;0,00;1,54
2023.0;6.0;2023-06-01;BRASPINE;CAMPINA ALTA;PR;TIBAGI;29,77;18,24;81,08;14,42;81,91;4,22;44,32;24,61;99,89;274,93;13,66;5,65
2023.0;6.0;2023-06-01;BRASPINE;CAMPINA DO ELIAS;PR;JAGUARIAIVA;29,17;14,65;96,66;14,16;80,39;6,81;44,60;24,08;99,99;290,49;0,00;0,23
2023.0;6.0;2023-06-01;BRASPINE;CAMPO NOVO;PR;JAGUARIAIVA;295,98;156,36;97,02;14,07;81,04;6,38;44,16;23,94;100,00;297,71;0,00;1,54
2023.0;6.0;2023-06-01;BRASPINE;CONSULTORIA II A;PR;DOUTOR ULYSSES;89,62;60,79;90,51;14,24;81,75;7,33;42,93;24,47;100,00;304,41;0,00;0,25
2023.0;6.0;2023-06-01;BRASPINE;DINIZ;;;;;89,68;14,24;81,75;7,33;42,93;24,47;100,00;304,41;0,00;0,25
2023.0;6.0;2023-06-01;BRASPINE;ENES;PR;JAGUARIAIVA;5,93;5,69;97,12;14,07;81,04;6,38;44,16;23,94;100,00;297,71;0,00;1,54
2023.0;6.0;2023-06-01;BRASPINE;ENGENHARIA;;;;;89,68;14,24;81,75;7,33;42,93;24,47;100,00;304,41;0,00;0,25
2023.0;6.0;2023-06-01;BRASPINE;ESTACAO;PR;SENGES;4,76;4,14;94,02;14,07;81,04;6,38;44,16;23,94;100,00;297,71;0,00;1,54
2023.0;6.0;2023-06-01;BRASPINE;FAXINAL;PR;JAGUARIAIVA;20,65;20,65;97,12;14,07;81,04;6,38;44,16;23,94;100,00;297,71;0,00;1,54
2023.0;6.0;2023-06-01;BRASPINE;FEITAL;PR;DOUTOR ULYSSES;154,17;86,53;86,58;14,38;81,96;7,21;42,52;24,85;100,00;305,81;0,00;0,98
2023.0;6.0;2023-06-01;BRASPINE;FIGUEIRA;PR;DOUTOR ULYSSES;1053,81;315,71;88,31;14,38;82,90;7,19;41,68;25,05;100,00;308,80;0,00;1,95
2023.0;6.0;2023-06-01;BRASPINE;FIGUEIRINHA;PR;DOUTOR ULYSSES;94,37;56,74;85,21;14,38;82,90;7,19;41,68;25,05;100,00;308,80;0,00;1,95
2023.0;6.0;2023-06-01;BRASPINE;FLOEMA;PR;DOUTOR ULYSSES;2189,88;701,43;92,16;14,00;82,01;6,65;42,78;23,97;100,00;301,94;0,00;2,28
2023.0;6.0;2023-06-01;BRASPINE;FLOEMA I - SUDATI;;;;;94,33;14,24;81,75;7,33;42,93;24,47;100,00;304,41;0,00;0,25
2023.0;6.0;2023-06-01;BRASPINE;FLOEMA II - SUDATI;PR;DOUTOR ULYSSES;453,83;211,13;92,67;14,24;81,75;7,33;42,93;24,47;100,00;304,41;0,00;0,25
2023.0;6.0;2023-06-01;BRASPINE;FLOR DA SERRA;PR;SAO JOSE DA BOA VISTA;209,10;128,72;97,92;15,60;77,54;7,31;40,69;25,79;99,82;309,17;0,00;3,16
2023.0;6.0;2023-06-01;BRASPINE;GENTIL;PR;JAGUARIAIVA;126,77;53,33;95,14;13,90;78,41;5,71;43,91;23,29;99,75;296,50;0,00;10,71
2023.0;6.0;2023-06-01;BRASPINE;GUAIRACA;PR;GUARAPUAVA;623,62;169,31;123,75;13,39;82,69;3,35;47,48;22,46;99,99;271,33;11,49;2,04
2023.0;6.0;2023-06-01;BRASPINE;HERVAL 2 - MADALOSSO;;;;;83,84;14,18;79,90;5,55;42,17;24,66;100,00;284,33;0,00;1,27
2023.0;6.0;2023-06-01;BRASPINE;HERVAL DE BAIXO;PR;RESERVA;827,29;475,92;80,29;14,25;82,64;4,19;43,67;24,52;99,82;278,32;13,60;4,34
2023.0;6.0;2023-06-01;BRASPINE;HORTO 01;PR;TURVO;19,12;19,12;65,99;14,07;81,33;3,52;45,14;23,43;99,59;291,90;11,44;13,85
2023.0;6.0;2023-06-01;BRASPINE;HORTO 02;PR;TURVO;4,24;4,24;67,20;14,07;81,33;3,52;45,14;23,43;99,59;291,90;11,44;13,85
2023.0;6.0;2023-06-01;BRASPINE;HORTO 03;PR;PRUDENTOPOLIS;80,91;25,89;61,73;14,30;81,81;3,72;44,32;23,98;99,86;292,09;12,64;4,66
2023.0;6.0;2023-06-01;BRASPINE;HORTO 08;PR;TURVO;9,53;9,53;66,29;14,30;81,81;3,72;44,32;23,98;99,86;292,09;12,64;4,66
2023.0;6.0;2023-06-01;BRASPINE;HORTO 12;PR;PRUDENTOPOLIS;12,20;12,20;60,37;14,30;81,81;3,72;44,32;23,98;99,86;292,09;12,64;4,66
2023.0;6.0;2023-06-01;BRASPINE;IZAU;PR;PIRAI DO SUL;19,37;11,60;96,98;13,97;78,80;6,32;44,57;23,76;99,71;286,81;0,00;0,23
2023.0;6.0;2023-06-01;BRASPINE;JOAO RICO;PR;JAGUARIAIVA;47,46;26,18;94,08;14,08;78,18;5,56;43,49;23,45;99,84;300,08;0,00;31,75
2023.0;6.0;2023-06-01;BRASPINE;LAGOA;PR;JAGUARIAIVA;24,10;10,78;94,05;14,07;81,04;6,38;44,16;23,94;100,00;297,71;0,00;1,54
2023.0;6.0;2023-06-01;BRASPINE;MARACANA;PR;JANDAIA DO SUL;11,45;11,45;107,59;16,80;75,49;7,07;34,40;26,83;99,98;300,08;0,00;353,23
2023.0;6.0;2023-06-01;BRASPINE;MARRECA;;;;;86,49;14,38;82,90;7,19;41,68;25,05;100,00;308,80;0,00;1,95
2023.0;6.0;2023-06-01;BRASPINE;MARRECA SP;SP;ITAPIRAPUA PAULISTA;675,30;236,19;82,56;14,90;83,64;7,25;40,65;26,51;100,00;312,50;0,00;0,58
2023.0;6.0;2023-06-01;BRASPINE;MARRECAS;;;;;125,51;13,02;82,60;2,94;48,28;21,70;100,00;264,23;10,35;1,79
2023.0;6.0;2023-06-01;BRASPINE;MERCADINHO;;;;;84,81;14,81;83,85;7,53;40,52;26,37;100,00;306,69;0,00;7,51
2023.0;6.0;2023-06-01;BRASPINE;MONTE ALEGRE;;;;;104,28;17,13;75,82;7,66;33,48;27,31;99,98;304,02;0,00;4,44
2023.0;6.0;2023-06-01;BRASPINE;MONTE TABOR II;;;;;66,87;14,30;84,68;6,15;41,89;24,75;100,00;300,71;0,00;10,55
2023.0;6.0;2023-06-01;BRASPINE;MOREIRA;PR;DOUTOR ULYSSES;230,52;68,68;92,67;14,24;81,75;7,33;42,93;24,47;100,00;304,41;0,00;0,25
2023.0;6.0;2023-06-01;BRASPINE;MOREIRAS II;PR;DOUTOR ULYSSES;66,76;28,75;90,19;14,24;81,75;7,33;42,93;24,47;100,00;304,41;0,00;0,25
2023.0;6.0;2023-06-01;BRASPINE;MORRETES;PR;ORTIGUEIRA;20,36;20,36;87,68;14,55;83,09;4,52;42,23;25,27;99,82;281,96;14,36;2,91
2023.0;6.0;2023-06-01;BRASPINE;MORRO AZUL;;;;;82,70;14,41;81,58;6,30;42,50;24,78;100,00;307,17;0,00;11,95
2023.0;6.0;2023-06-01;BRASPINE;OURO FINO;SP;APIAI;51,70;51,70;73,86;14,24;82,77;7,17;42,49;24,43;100,00;306,08;0,00;8,24
2023.0;6.0;2023-06-01;BRASPINE;PALMEIRINHA DE BAIXO - SOSSEGO;PR;SENGES;85,93;9,22;90,03;14,09;78,71;5,62;43,49;23,13;99,94;297,23;0,00;3,04
2023.0;6.0;2023-06-01;BRASPINE;PAZIN;PR;DOUTOR ULYSSES;41,20;23,90;85,87;14,38;82,90;7,19;41,68;25,05;100,00;308,80;0,00;1,95
2023.0;6.0;2023-06-01;BRASPINE;PEDRAS;PR;CASTRO;7,18;7,18;105,99;13,79;79,63;6,14;46,39;23,79;99,87;273,32;0,00;1,22
2023.0;6.0;2023-06-01;BRASPINE;PESCARIA;PR;SAO JOSE DA BOA VISTA;184,57;129,22;96,23;15,81;76,66;7,53;40,62;26,07;99,87;311,73;0,00;0,05
2023.0;6.0;2023-06-01;BRASPINE;PESSEGUEIRO;PR;DOUTOR ULYSSES;109,95;64,79;92,95;14,24;81,75;7,33;42,93;24,47;100,00;304,41;0,00;0,25
2023.0;6.0;2023-06-01;BRASPINE;PITANGA;;;;;87,21;13,99;80,49;3,96;44,10;23,27;99,80;284,33;3,96;9,19
2023.0;6.0;2023-06-01;BRASPINE;QUEIMADINHO ARROIO CLARO;PR;DOUTOR ULYSSES;48,13;19,09;87,85;14,24;81,75;7,33;42,93;24,47;100,00;304,41;0,00;0,25
2023.0;6.0;2023-06-01;BRASPINE;QUEIMADINHO M6042;PR;DOUTOR ULYSSES;48,38;18,50;87,85;14,24;81,75;7,33;42,93;24,47;100,00;304,41;0,00;0,25
2023.0;6.0;2023-06-01;BRASPINE;QUEIMADINHO USUCAPIAO;PR;DOUTOR ULYSSES;200,27;92,43;87,85;14,24;81,75;7,33;42,93;24,47;100,00;304,41;0,00;0,25
2023.0;6.0;2023-06-01;BRASPINE;RAMOS;PR;SENGES;69,83;38,15;94,33;14,07;81,04;6,38;44,16;23,94;100,00;297,71;0,00;1,54
2023.0;6.0;2023-06-01;BRASPINE;RIBEIRAO GRANDE;PR;JAGUARIAIVA;20,77;20,77;96,74;13,97;78,80;6,32;44,57;23,76;99,71;286,81;0,00;0,23
2023.0;6.0;2023-06-01;BRASPINE;RINCAO DE BAIXO;;;;;101,69;13,99;79,04;3,99;41,09;24,02;99,74;282,74;3,99;3,83
2023.0;6.0;2023-06-01;BRASPINE;RIO BOMBA;PR;CERRO AZUL;65,03;37,72;90,10;14,85;83,78;7,49;40,60;26,55;99,94;302,48;0,00;4,02
2023.0;6.0;2023-06-01;BRASPINE;RIO DO MEIO;PR;DOUTOR ULYSSES;712,33;389,13;89,57;14,24;81,75;7,33;42,93;24,47;100,00;304,41;0,00;0,25
2023.0;6.0;2023-06-01;BRASPINE;RONDON;PR;JAGUARIAIVA;2899,24;1475,88;96,46;14,02;79,30;6,07;44,89;23,25;99,88;294,59;0,00;15,19
2023.0;6.0;2023-06-01;BRASPINE;SANTA FELICIDADE;;;;;79,16;15,10;84,29;7,16;39,79;27,24;100,00;308,76;0,00;7,92
2023.0;6.0;2023-06-01;BRASPINE;SANTA LIDIA DO CERCADINHO;;;;;101,41;13,78;78,81;4,04;41,11;23,52;99,67;278,91;4,04;2,59
2023.0;6.0;2023-06-01;BRASPINE;SANTO ANTONIO;;;;;90,73;14,02;79,43;5,41;43,87;23,29;100,00;295,19;0,00;64,92
2023.0;6.0;2023-06-01;BRASPINE;SAO JOSE;PR;JANDAIA DO SUL;37,56;37,56;104,13;17,01;75,89;7,57;33,81;27,10;100,00;302,16;0,00;4,62
2023.0;6.0;2023-06-01;BRASPINE;SAO MATHEUS;;;;;104,00;17,80;76,64;7,31;32,52;28,53;99,93;303,43;0,00;1,41
2023.0;6.0;2023-06-01;BRASPINE;SAO PEDRO E SAO PAULO;PR;SAPOPEMA;709,13;323,93;111,45;15,20;77,35;6,10;40,08;24,81;99,62;302,08;0,00;3,34
2023.0;6.0;2023-06-01;BRASPINE;SAO RAFAEL;;;;;57,52;13,50;81,82;3,80;42,32;23,86;100,00;276,22;3,80;18,26
2023.0;6.0;2023-06-01;BRASPINE;SAO RAFAEL - PB;;;;;80,09;14,36;82,41;7,29;42,25;24,65;100,00;310,89;0,00;9,97
2023.0;6.0;2023-06-01;BRASPINE;SERRARIA;PR;DOUTOR ULYSSES;280,88;117,71;91,15;14,19;82,45;6,92;42,23;24,51;100,00;305,36;0,00;2,12
2023.0;6.0;2023-06-01;BRASPINE;SERRO VERDE;;;;;97,85;13,83;80,62;2,36;45,33;22,77;99,91;289,99;2,36;5,30
2023.0;6.0;2023-06-01;BRASPINE;SERTAOZINHO;PR;DOUTOR ULYSSES;16,25;16,25;91,96;14,24;81,75;7,33;42,93;24,47;100,00;304,41;0,00;0,25
2023.0;6.0;2023-06-01;BRASPINE;SITIO BASILIO;PR;JAGUARIAIVA;8,08;8,08;92,38;13,93;78,22;5,48;43,59;23,19;99,82;295,70;0,00;7,26
2023.0;6.0;2023-06-01;BRASPINE;SITIO DAS MARRECAS;PR;DOUTOR ULYSSES;77,49;35,17;85,16;14,75;83,43;7,24;40,99;26,09;100,00;311,45;0,00;0,97
2023.0;6.0;2023-06-01;BRASPINE;SOBRADINHO;SP;BOM SUCESSO DE ITARARE;285,80;123,10;84,77;13,99;80,53;5,83;44,08;23,38;100,00;297,20;0,00;76,29
2023.0;6.0;2023-06-01;BRASPINE;TAQUARAL;PR;JAGUARIAIVA;519,13;31,07;96,10;14,07;78,84;5,78;44,53;23,44;100,00;283,86;0,00;3,11
2023.0;6.0;2023-06-01;BRASPINE;TUCUNDUVA;PR;SENGES;82,21;60,89;94,75;14,59;76,99;5,46;42,32;23,76;99,53;298,30;0,00;7,79
2023.0;6.0;2023-06-01;BRASPINE;TUCUNDUVA - CHAMMA;;;;;97,58;14,78;76,78;5,61;42,53;23,90;99,54;307,00;0,00;1,31
2023.0;6.0;2023-06-01;BRASPINE;VIENA 1;PR;DOUTOR ULYSSES;263,98;178,34;95,29;13,95;80,97;6,69;44,41;23,67;100,00;287,16;0,00;9,90
2023.0;6.0;2023-06-01;BRASPINE;VIENA 2;PR;CERRO AZUL;140,23;96,54;90,04;14,85;83,78;7,49;40,60;26,55;99,94;302,48;0,00;4,02
2023.0;6.0;2023-06-01;BRASPINE;VITORIA;PR;SENGES;50,54;35,69;90,03;14,09;78,71;5,62;43,49;23,13;99,94;297,23;0,00;3,04
2023.0;6.0;2023-06-01;BRASPINE;VIVEIRO;PR;DOUTOR ULYSSES;405,39;261,22;90,19;14,24;81,75;7,33;42,93;24,47;100,00;304,41;0,00;0,25
2023.0;6.0;2023-06-01;BRASPINE;VO LINO;PR;DOUTOR ULYSSES;164,50;97,89;87,51;14,38;82,90;7,19;41,68;25,05;100,00;308,80;0,00;1,95
2023.0;6.0;2023-06-01;BRASPINE;XAXIM VELHO;;;;;153,68;13,00;83,20;2,18;48,69;21,94;100,00;260,00;10,09;2,46
2023.0;7.0;2023-07-01;BRASPINE;AGUA DOCE;PR;JAGUARIAIVA;238,97;121,99;80,14;14,32;78,91;4,75;42,45;22,82;99,85;324,13;4,75;24,28
2023.0;7.0;2023-07-01;BRASPINE;AMATA;;;;;103,87;15,52;84,21;6,79;44,89;26,05;100,00;339,83;0,00;11,22
2023.0;7.0;2023-07-01;BRASPINE;ANTA BRAVA;;;;;32,74;17,08;75,66;8,26;36,59;27,05;99,56;317,87;0,00;11,44
2023.0;7.0;2023-07-01;BRASPINE;ARAPONGAS;PR;SENGES;423,34;263,70;86,29;14,35;82,67;5,29;43,93;23,87;100,00;310,28;0,00;0,36
2023.0;7.0;2023-07-01;BRASPINE;ARROIO CLARO;PR;DOUTOR ULYSSES;275,14;92,00;84,67;14,48;83,70;5,92;44,01;24,46;100,00;315,56;0,00;0,95
2023.0;7.0;2023-07-01;BRASPINE;BARRA GRANDE;PR;DOUTOR ULYSSES;493,79;139,68;81,75;14,77;83,37;5,43;44,64;24,81;100,00;318,49;0,00;344,45
2023.0;7.0;2023-07-01;BRASPINE;BARRA GRANDE - BEMAIS;PR;GUARAPUAVA;299,16;108,61;124,31;14,07;82,69;3,05;49,77;22,52;100,00;321,17;3,05;3,33
2023.0;7.0;2023-07-01;BRASPINE;BARRETOS;PR;JAGUARIAIVA;43,35;32,98;90,14;14,36;80,97;5,13;42,37;23,52;100,00;300,21;0,00;1,78
2023.0;7.0;2023-07-01;BRASPINE;BAU;;;;;141,10;14,10;81,93;4,33;47,89;22,39;99,94;310,94;4,33;0,21
2023.0;7.0;2023-07-01;BRASPINE;BOA VISTA II;PR;PIRAI DO SUL;944,00;535,05;92,27;14,30;79,84;4,97;41,85;23,24;99,98;296,58;4,97;0,71
2023.0;7.0;2023-07-01;BRASPINE;BRASILEIRA;;;;;83,61;14,35;82,67;5,29;43,93;23,87;100,00;310,28;0,00;0,36
2023.0;7.0;2023-07-01;BRASPINE;BURACAO;;;;;108,26;14,31;81,50;4,82;43,12;24,12;99,79;309,63;4,82;2,74
2023.0;7.0;2023-07-01;BRASPINE;BURRINHO;PR;DOUTOR ULYSSES;211,01;100,37;84,46;14,48;83,70;5,92;44,01;24,46;100,00;315,56;0,00;0,95
2023.0;7.0;2023-07-01;BRASPINE;CADEADO I;PR;JAGUARIAIVA;21,07;12,29;83,63;14,19;81,84;4,28;43,06;23,53;100,00;306,33;4,28;2,90
2023.0;7.0;2023-07-01;BRASPINE;CADEADO II;PR;JAGUARIAIVA;21,88;16,79;83,63;14,19;81,84;4,28;43,06;23,53;100,00;306,33;4,28;2,90
2023.0;7.0;2023-07-01;BRASPINE;CAMPINA ALTA;PR;TIBAGI;29,77;18,24;95,02;15,14;81,42;3,48;46,71;24,39;99,99;304,36;3,48;1,64
2023.0;7.0;2023-07-01;BRASPINE;CAMPINA DO ELIAS;PR;JAGUARIAIVA;29,17;14,65;88,29;14,30;81,29;4,82;42,62;23,53;100,00;297,13;4,82;2,15
2023.0;7.0;2023-07-01;BRASPINE;CAMPO NOVO;PR;JAGUARIAIVA;295,98;156,36;87,03;14,19;81,84;4,28;43,06;23,53;100,00;306,33;4,28;2,90
2023.0;7.0;2023-07-01;BRASPINE;CONSULTORIA II A;PR;DOUTOR ULYSSES;89,62;60,79;85,12;14,35;82,67;5,29;43,93;23,87;100,00;310,28;0,00;0,36
2023.0;7.0;2023-07-01;BRASPINE;DINIZ;;;;;80,40;14,35;82,67;5,29;43,93;23,87;100,00;310,28;0,00;0,36
2023.0;7.0;2023-07-01;BRASPINE;ENES;PR;JAGUARIAIVA;5,93;5,69;87,13;14,19;81,84;4,28;43,06;23,53;100,00;306,33;4,28;2,90
2023.0;7.0;2023-07-01;BRASPINE;ENGENHARIA;;;;;80,40;14,35;82,67;5,29;43,93;23,87;100,00;310,28;0,00;0,36
2023.0;7.0;2023-07-01;BRASPINE;ESTACAO;PR;SENGES;4,76;4,14;83,97;14,19;81,84;4,28;43,06;23,53;100,00;306,33;4,28;2,90
2023.0;7.0;2023-07-01;BRASPINE;FAXINAL;PR;JAGUARIAIVA;20,65;20,65;87,13;14,19;81,84;4,28;43,06;23,53;100,00;306,33;4,28;2,90
2023.0;7.0;2023-07-01;BRASPINE;FEITAL;PR;DOUTOR ULYSSES;154,17;86,53;82,58;14,49;82,90;5,34;44,17;24,18;100,00;313,03;0,00;0,20
2023.0;7.0;2023-07-01;BRASPINE;FIGUEIRA;PR;DOUTOR ULYSSES;1053,81;315,71;81,02;14,48;83,70;5,92;44,01;24,46;100,00;315,56;0,00;0,95
2023.0;7.0;2023-07-01;BRASPINE;FIGUEIRINHA;PR;DOUTOR ULYSSES;94,37;56,74;84,70;14,48;83,70;5,92;44,01;24,46;100,00;315,56;0,00;0,95
2023.0;7.0;2023-07-01;BRASPINE;FLOEMA;PR;DOUTOR ULYSSES;2189,88;701,43;88,09;14,06;82,72;5,47;43,89;23,67;100,00;305,63;0,00;1,35
2023.0;7.0;2023-07-01;BRASPINE;FLOEMA I - SUDATI;;;;;83,70;14,35;82,67;5,29;43,93;23,87;100,00;310,28;0,00;0,36
2023.0;7.0;2023-07-01;BRASPINE;FLOEMA II - SUDATI;PR;DOUTOR ULYSSES;453,83;211,13;84,30;14,35;82,67;5,29;43,93;23,87;100,00;310,28;0,00;0,36
2023.0;7.0;2023-07-01;BRASPINE;FLOR DA SERRA;PR;SAO JOSE DA BOA VISTA;209,10;128,72;39,16;15,85;77,26;6,12;43,20;25,55;99,77;351,75;0,00;0,83
2023.0;7.0;2023-07-01;BRASPINE;GENTIL;PR;JAGUARIAIVA;126,77;53,33;77,78;14,14;79,25;4,29;42,95;22,66;99,60;319,14;4,29;3,41
2023.0;7.0;2023-07-01;BRASPINE;GUAIRACA;PR;GUARAPUAVA;623,62;169,31;115,93;14,15;82,82;2,91;48,95;22,62;100,00;328,68;2,91;1,35
2023.0;7.0;2023-07-01;BRASPINE;HERVAL 2 - MADALOSSO;;;;;106,38;14,31;81,50;4,82;43,12;24,12;99,79;309,63;4,82;2,74
2023.0;7.0;2023-07-01;BRASPINE;HERVAL DE BAIXO;PR;RESERVA;827,29;475,92;98,24;15,02;82,34;3,11;47,53;24,46;99,97;309,92;3,11;11,04
2023.0;7.0;2023-07-01;BRASPINE;HORTO 01;PR;TURVO;19,12;19,12;130,60;14,72;82,43;3,02;52,09;23,46;99,80;328,33;7,98;2,17
2023.0;7.0;2023-07-01;BRASPINE;HORTO 02;PR;TURVO;4,24;4,24;130,24;14,72;82,43;3,02;52,09;23,46;99,80;328,33;7,98;2,17
2023.0;7.0;2023-07-01;BRASPINE;HORTO 03;PR;PRUDENTOPOLIS;80,91;25,89;132,79;15,06;82,50;2,98;50,49;23,98;99,98;335,07;2,98;1,04
2023.0;7.0;2023-07-01;BRASPINE;HORTO 08;PR;TURVO;9,53;9,53;135,57;15,06;82,50;2,98;50,49;23,98;99,98;335,07;2,98;1,04
2023.0;7.0;2023-07-01;BRASPINE;HORTO 12;PR;PRUDENTOPOLIS;12,20;12,20;134,26;15,06;82,50;2,98;50,49;23,98;99,98;335,07;2,98;1,04
2023.0;7.0;2023-07-01;BRASPINE;IZAU;PR;PIRAI DO SUL;19,37;11,60;78,52;14,22;79,77;5,07;42,03;23,00;99,49;296,29;0,00;3,56
2023.0;7.0;2023-07-01;BRASPINE;JOAO RICO;PR;JAGUARIAIVA;47,46;26,18;79,37;14,32;78,91;4,75;42,45;22,82;99,85;324,13;4,75;24,28
2023.0;7.0;2023-07-01;BRASPINE;LAGOA;PR;JAGUARIAIVA;24,10;10,78;84,23;14,19;81,84;4,28;43,06;23,53;100,00;306,33;4,28;2,90
2023.0;7.0;2023-07-01;BRASPINE;MARACANA;PR;JANDAIA DO SUL;11,45;11,45;43,66;17,76;71,06;8,09;34,92;26,72;99,59;222,02;0,00;1,60
2023.0;7.0;2023-07-01;BRASPINE;MARRECA;;;;;82,12;14,48;83,70;5,92;44,01;24,46;100,00;315,56;0,00;0,95
2023.0;7.0;2023-07-01;BRASPINE;MARRECA SP;SP;ITAPIRAPUA PAULISTA;675,30;236,19;87,84;15,04;84,49;5,95;44,19;25,57;100,00;324,88;0,00;9,38
2023.0;7.0;2023-07-01;BRASPINE;MARRECAS;;;;;118,75;13,68;82,68;2,71;49,56;21,95;100,00;318,46;2,71;12,58
2023.0;7.0;2023-07-01;BRASPINE;MERCADINHO;;;;;85,85;15,00;84,37;5,94;44,70;25,44;100,00;338,17;0,00;4,91
2023.0;7.0;2023-07-01;BRASPINE;MONTE ALEGRE;;;;;48,83;18,12;71,46;8,30;34,73;27,20;99,55;227,53;0,00;4,76
2023.0;7.0;2023-07-01;BRASPINE;MONTE TABOR II;;;;;63,05;14,35;85,47;6,23;44,92;24,46;100,00;322,86;0,00;2,18
2023.0;7.0;2023-07-01;BRASPINE;MOREIRA;PR;DOUTOR ULYSSES;230,52;68,68;84,30;14,35;82,67;5,29;43,93;23,87;100,00;310,28;0,00;0,36
2023.0;7.0;2023-07-01;BRASPINE;MOREIRAS II;PR;DOUTOR ULYSSES;66,76;28,75;85,24;14,35;82,67;5,29;43,93;23,87;100,00;310,28;0,00;0,36
2023.0;7.0;2023-07-01;BRASPINE;MORRETES;PR;ORTIGUEIRA;20,36;20,36;92,07;15,35;82,47;3,24;46,54;25,12;99,82;326,72;3,24;0,46
2023.0;7.0;2023-07-01;BRASPINE;MORRO AZUL;;;;;65,38;14,50;82,57;5,17;42,48;24,28;100,00;312,55;0,00;5,33
2023.0;7.0;2023-07-01;BRASPINE;OURO FINO;SP;APIAI;51,70;51,70;58,37;14,28;83,68;4,98;44,39;24,23;100,00;307,87;4,98;8,44
2023.0;7.0;2023-07-01;BRASPINE;PALMEIRINHA DE BAIXO - SOSSEGO;PR;SENGES;85,93;9,22;69,36;14,18;79,30;5,36;41,27;22,73;99,86;319,81;0,00;1,98
2023.0;7.0;2023-07-01;BRASPINE;PAZIN;PR;DOUTOR ULYSSES;41,20;23,90;82,84;14,48;83,70;5,92;44,01;24,46;100,00;315,56;0,00;0,95
2023.0;7.0;2023-07-01;BRASPINE;PEDRAS;PR;CASTRO;7,18;7,18;96,34;14,14;80,70;4,67;43,66;23,16;99,78;290,29;4,67;7,35
2023.0;7.0;2023-07-01;BRASPINE;PESCARIA;PR;SAO JOSE DA BOA VISTA;184,57;129,22;52,20;16,04;76,54;6,01;41,95;25,65;99,84;356,71;0,00;1,71
2023.0;7.0;2023-07-01;BRASPINE;PESSEGUEIRO;PR;DOUTOR ULYSSES;109,95;64,79;84,37;14,35;82,67;5,29;43,93;23,87;100,00;310,28;0,00;0,36
2023.0;7.0;2023-07-01;BRASPINE;PITANGA;;;;;142,09;14,72;81,43;5,08;48,02;23,24;99,80;324,94;0,00;3,56
2023.0;7.0;2023-07-01;BRASPINE;QUEIMADINHO ARROIO CLARO;PR;DOUTOR ULYSSES;48,13;19,09;83,61;14,35;82,67;5,29;43,93;23,87;100,00;310,28;0,00;0,36
2023.0;7.0;2023-07-01;BRASPINE;QUEIMADINHO M6042;PR;DOUTOR ULYSSES;48,38;18,50;83,61;14,35;82,67;5,29;43,93;23,87;100,00;310,28;0,00;0,36
2023.0;7.0;2023-07-01;BRASPINE;QUEIMADINHO USUCAPIAO;PR;DOUTOR ULYSSES;200,27;92,43;83,61;14,35;82,67;5,29;43,93;23,87;100,00;310,28;0,00;0,36
2023.0;7.0;2023-07-01;BRASPINE;RAMOS;PR;SENGES;69,83;38,15;83,70;14,19;81,84;4,28;43,06;23,53;100,00;306,33;4,28;2,90
2023.0;7.0;2023-07-01;BRASPINE;RIBEIRAO GRANDE;PR;JAGUARIAIVA;20,77;20,77;78,94;14,22;79,77;5,07;42,03;23,00;99,49;296,29;0,00;3,56
2023.0;7.0;2023-07-01;BRASPINE;RINCAO DE BAIXO;;;;;72,32;14,51;79,12;3,60;43,19;23,39;99,95;303,92;3,60;0,00
2023.0;7.0;2023-07-01;BRASPINE;RIO BOMBA;PR;CERRO AZUL;65,03;37,72;94,94;15,15;83,92;6,00;44,91;25,48;99,97;325,57;0,00;13,77
2023.0;7.0;2023-07-01;BRASPINE;RIO DO MEIO;PR;DOUTOR ULYSSES;712,33;389,13;84,79;14,35;82,67;5,29;43,93;23,87;100,00;310,28;0,00;0,36
2023.0;7.0;2023-07-01;BRASPINE;RONDON;PR;JAGUARIAIVA;2899,24;1475,88;75,69;14,18;79,88;4,82;42,45;22,84;99,89;320,46;4,82;13,07
2023.0;7.0;2023-07-01;BRASPINE;SANTA FELICIDADE;;;;;84,14;15,25;85,16;6,22;44,08;26,15;100,00;309,79;0,00;6,38
2023.0;7.0;2023-07-01;BRASPINE;SANTA LIDIA DO CERCADINHO;;;;;70,19;14,23;78,98;3,82;43,26;22,95;99,90;299,29;3,82;10,63
2023.0;7.0;2023-07-01;BRASPINE;SANTO ANTONIO;;;;;67,44;14,15;79,87;5,45;40,71;22,99;99,97;319,29;0,00;42,06
2023.0;7.0;2023-07-01;BRASPINE;SAO JOSE;PR;JANDAIA DO SUL;37,56;37,56;48,22;17,99;71,56;8,21;35,06;27,01;99,56;225,49;0,00;5,34
2023.0;7.0;2023-07-01;BRASPINE;SAO MATHEUS;;;;;65,79;18,96;71,66;7,50;32,86;28,45;99,55;218,15;0,00;3,99
2023.0;7.0;2023-07-01;BRASPINE;SAO PEDRO E SAO PAULO;PR;SAPOPEMA;709,13;323,93;48,98;15,63;75,99;4,39;39,94;24,70;99,79;328,89;4,39;2,87
2023.0;7.0;2023-07-01;BRASPINE;SAO RAFAEL;;;;;86,18;13,91;82,52;4,50;45,00;23,89;99,85;304,03;4,50;3,23
2023.0;7.0;2023-07-01;BRASPINE;SAO RAFAEL - PB;;;;;65,71;14,40;83,41;5,43;44,17;24,35;100,00;311,71;0,00;9,70
2023.0;7.0;2023-07-01;BRASPINE;SERRARIA;PR;DOUTOR ULYSSES;280,88;117,71;87,84;14,27;83,21;5,69;44,09;24,01;100,00;310,59;0,00;103,66
2023.0;7.0;2023-07-01;BRASPINE;SERRO VERDE;;;;;150,46;14,57;80,76;4,50;46,75;22,69;99,92;327,59;4,50;5,14
2023.0;7.0;2023-07-01;BRASPINE;SERTAOZINHO;PR;DOUTOR ULYSSES;16,25;16,25;78,86;14,35;82,67;5,29;43,93;23,87;100,00;310,28;0,00;0,36
2023.0;7.0;2023-07-01;BRASPINE;SITIO BASILIO;PR;JAGUARIAIVA;8,08;8,08;79,95;14,16;79,00;4,17;43,10;22,60;99,66;317,95;4,17;0,40
2023.0;7.0;2023-07-01;BRASPINE;SITIO DAS MARRECAS;PR;DOUTOR ULYSSES;77,49;35,17;85,16;14,88;84,27;5,94;44,14;25,25;100,00;322,19;0,00;10,23
2023.0;7.0;2023-07-01;BRASPINE;SOBRADINHO;SP;BOM SUCESSO DE ITARARE;285,80;123,10;65,52;14,07;81,16;5,56;41,50;23,24;99,99;316,57;0,00;39,58
2023.0;7.0;2023-07-01;BRASPINE;TAQUARAL;PR;JAGUARIAIVA;519,13;31,07;80,42;14,32;79,40;4,79;42,67;22,91;99,99;310,54;4,79;24,23
2023.0;7.0;2023-07-01;BRASPINE;TUCUNDUVA;PR;SENGES;82,21;60,89;77,28;14,75;77,37;4,03;41,93;23,35;99,87;296,19;4,03;11,78
2023.0;7.0;2023-07-01;BRASPINE;TUCUNDUVA - CHAMMA;;;;;67,04;14,88;77,23;4,73;41,73;23,43;99,82;301,91;4,73;22,43
2023.0;7.0;2023-07-01;BRASPINE;VIENA 1;PR;DOUTOR ULYSSES;263,98;178,34;93,81;14,04;81,82;5,24;44,00;23,36;100,00;306,41;0,00;0,25
2023.0;7.0;2023-07-01;BRASPINE;VIENA 2;PR;CERRO AZUL;140,23;96,54;94,79;15,15;83,92;6,00;44,91;25,48;99,97;325,57;0,00;13,77
2023.0;7.0;2023-07-01;BRASPINE;VITORIA;PR;SENGES;50,54;35,69;69,36;14,18;79,30;5,36;41,27;22,73;99,86;319,81;0,00;1,98
2023.0;7.0;2023-07-01;BRASPINE;VIVEIRO;PR;DOUTOR ULYSSES;405,39;261,22;85,24;14,35;82,67;5,29;43,93;23,87;100,00;310,28;0,00;0,36
2023.0;7.0;2023-07-01;BRASPINE;VO LINO;PR;DOUTOR ULYSSES;164,50;97,89;82,75;14,48;83,70;5,92;44,01;24,46;100,00;315,56;0,00;0,95
2023.0;7.0;2023-07-01;BRASPINE;XAXIM VELHO;;;;;132,04;13,73;83,57;2,41;49,53;22,07;100,00;321,55;2,41;3,48
2023.0;8.0;2023-08-01;BRASPINE;AGUA DOCE;PR;JAGUARIAIVA;238,97;121,99;73,81;15,87;77,16;5,67;33,96;27,44;99,74;301,41;0,00;15,23
2023.0;8.0;2023-08-01;BRASPINE;AMATA;;;;;112,14;16,87;82,32;6,65;36,29;30,60;100,00;306,43;0,00;0,64
2023.0;8.0;2023-08-01;BRASPINE;ANTA BRAVA;;;;;35,52;19,20;70,62;10,40;29,82;31,76;99,22;259,74;0,00;19,54
2023.0;8.0;2023-08-01;BRASPINE;ARAPONGAS;PR;SENGES;423,34;263,70;76,76;15,96;80,22;6,47;34,11;28,61;100,00;307,49;0,00;0,60
2023.0;8.0;2023-08-01;BRASPINE;ARROIO CLARO;PR;DOUTOR ULYSSES;275,14;92,00;86,98;16,02;81,44;6,52;34,31;29,00;100,00;324,34;0,00;1,84
2023.0;8.0;2023-08-01;BRASPINE;BARRA GRANDE;PR;DOUTOR ULYSSES;493,79;139,68;74,75;16,34;80,76;6,92;33,75;29,76;100,00;313,08;0,00;7,96
2023.0;8.0;2023-08-01;BRASPINE;BARRA GRANDE - BEMAIS;PR;GUARAPUAVA;299,16;108,61;125,77;15,16;81,98;4,67;43,48;25,83;99,95;287,19;4,67;7,87
2023.0;8.0;2023-08-01;BRASPINE;BARRETOS;PR;JAGUARIAIVA;43,35;32,98;80,51;15,93;78,95;5,73;33,50;28,11;99,98;293,84;0,00;5,09
2023.0;8.0;2023-08-01;BRASPINE;BAU;;;;;114,54;15,64;78,93;5,26;39,66;25,57;99,64;292,52;0,00;3,06
2023.0;8.0;2023-08-01;BRASPINE;BOA VISTA II;PR;PIRAI DO SUL;944,00;535,05;85,61;15,85;77,90;5,37;33,15;27,54;99,93;273,62;0,00;5,69
2023.0;8.0;2023-08-01;BRASPINE;BRASILEIRA;;;;;73,39;15,96;80,22;6,47;34,11;28,61;100,00;307,49;0,00;0,60
2023.0;8.0;2023-08-01;BRASPINE;BURACAO;;;;;121,87;15,76;79,76;5,47;37,86;27,54;99,84;272,16;0,00;1,61
2023.0;8.0;2023-08-01;BRASPINE;BURRINHO;PR;DOUTOR ULYSSES;211,01;100,37;87,08;16,02;81,44;6,52;34,31;29,00;100,00;324,34;0,00;1,84
2023.0;8.0;2023-08-01;BRASPINE;CADEADO I;PR;JAGUARIAIVA;21,07;12,29;78,43;15,81;79,60;5,97;34,55;28,16;100,00;304,09;0,00;3,65
2023.0;8.0;2023-08-01;BRASPINE;CADEADO II;PR;JAGUARIAIVA;21,88;16,79;78,43;15,81;79,60;5,97;34,55;28,16;100,00;304,09;0,00;3,65
2023.0;8.0;2023-08-01;BRASPINE;CAMPINA ALTA;PR;TIBAGI;29,77;18,24;101,62;16,75;79,29;7,06;40,69;28,04;99,78;310,38;0,00;351,08
2023.0;8.0;2023-08-01;BRASPINE;CAMPINA DO ELIAS;PR;JAGUARIAIVA;29,17;14,65;86,14;15,89;79,19;5,82;33,88;28,12;99,99;292,29;0,00;0,50
2023.0;8.0;2023-08-01;BRASPINE;CAMPO NOVO;PR;JAGUARIAIVA;295,98;156,36;74,64;15,81;79,60;5,97;34,55;28,16;100,00;304,09;0,00;3,65
2023.0;8.0;2023-08-01;BRASPINE;CONSULTORIA II A;PR;DOUTOR ULYSSES;89,62;60,79;75,39;15,96;80,22;6,47;34,11;28,61;100,00;307,49;0,00;0,60
2023.0;8.0;2023-08-01;BRASPINE;DINIZ;;;;;70,73;15,96;80,22;6,47;34,11;28,61;100,00;307,49;0,00;0,60
2023.0;8.0;2023-08-01;BRASPINE;ENES;PR;JAGUARIAIVA;5,93;5,69;74,29;15,81;79,60;5,97;34,55;28,16;100,00;304,09;0,00;3,65
2023.0;8.0;2023-08-01;BRASPINE;ENGENHARIA;;;;;70,73;15,96;80,22;6,47;34,11;28,61;100,00;307,49;0,00;0,60
2023.0;8.0;2023-08-01;BRASPINE;ESTACAO;PR;SENGES;4,76;4,14;77,18;15,81;79,60;5,97;34,55;28,16;100,00;304,09;0,00;3,65
2023.0;8.0;2023-08-01;BRASPINE;FAXINAL;PR;JAGUARIAIVA;20,65;20,65;74,29;15,81;79,60;5,97;34,55;28,16;100,00;304,09;0,00;3,65
2023.0;8.0;2023-08-01;BRASPINE;FEITAL;PR;DOUTOR ULYSSES;154,17;86,53;78,10;16,09;80,40;6,62;33,99;28,99;100,00;309,35;0,00;3,79
2023.0;8.0;2023-08-01;BRASPINE;FIGUEIRA;PR;DOUTOR ULYSSES;1053,81;315,71;80,05;16,02;81,44;6,52;34,31;29,00;100,00;324,34;0,00;1,84
2023.0;8.0;2023-08-01;BRASPINE;FIGUEIRINHA;PR;DOUTOR ULYSSES;94,37;56,74;89,91;16,02;81,44;6,52;34,31;29,00;100,00;324,34;0,00;1,84
2023.0;8.0;2023-08-01;BRASPINE;FLOEMA;PR;DOUTOR ULYSSES;2189,88;701,43;90,61;15,66;80,57;6,01;34,88;28,07;100,00;317,82;0,00;1,99
2023.0;8.0;2023-08-01;BRASPINE;FLOEMA I - SUDATI;;;;;75,80;15,96;80,22;6,47;34,11;28,61;100,00;307,49;0,00;0,60
2023.0;8.0;2023-08-01;BRASPINE;FLOEMA II - SUDATI;PR;DOUTOR ULYSSES;453,83;211,13;72,86;15,96;80,22;6,47;34,11;28,61;100,00;307,49;0,00;0,60
2023.0;8.0;2023-08-01;BRASPINE;FLOR DA SERRA;PR;SAO JOSE DA BOA VISTA;209,10;128,72;48,86;17,82;73,45;8,09;30,66;30,53;98,82;308,24;0,00;6,17
2023.0;8.0;2023-08-01;BRASPINE;GENTIL;PR;JAGUARIAIVA;126,77;53,33;74,56;15,70;77,48;5,55;34,71;27,06;99,81;299,28;0,00;1,94
2023.0;8.0;2023-08-01;BRASPINE;GUAIRACA;PR;GUARAPUAVA;623,62;169,31;129,29;15,13;82,07;4,49;43,70;26,12;100,00;282,83;4,49;13,14
2023.0;8.0;2023-08-01;BRASPINE;HERVAL 2 - MADALOSSO;;;;;114,67;15,76;79,76;5,47;37,86;27,54;99,84;272,16;0,00;1,61
2023.0;8.0;2023-08-01;BRASPINE;HERVAL DE BAIXO;PR;RESERVA;827,29;475,92;114,30;16,63;80,10;6,97;40,17;28,09;99,70;304,02;0,00;0,90
2023.0;8.0;2023-08-01;BRASPINE;HORTO 01;PR;TURVO;19,12;19,12;98,78;15,90;81,41;5,54;44,88;26,60;99,42;303,36;0,00;2,11
2023.0;8.0;2023-08-01;BRASPINE;HORTO 02;PR;TURVO;4,24;4,24;98,25;15,90;81,41;5,54;44,88;26,60;99,42;303,36;0,00;2,11
2023.0;8.0;2023-08-01;BRASPINE;HORTO 03;PR;PRUDENTOPOLIS;80,91;25,89;98,11;16,25;81,42;5,99;44,83;27,31;99,69;296,47;0,00;3,20
2023.0;8.0;2023-08-01;BRASPINE;HORTO 08;PR;TURVO;9,53;9,53;97,04;16,25;81,42;5,99;44,83;27,31;99,69;296,47;0,00;3,20
2023.0;8.0;2023-08-01;BRASPINE;HORTO 12;PR;PRUDENTOPOLIS;12,20;12,20;95,65;16,25;81,42;5,99;44,83;27,31;99,69;296,47;0,00;3,20
2023.0;8.0;2023-08-01;BRASPINE;IZAU;PR;PIRAI DO SUL;19,37;11,60;82,99;15,75;78,06;5,39;33,51;27,27;99,54;289,90;0,00;7,80
2023.0;8.0;2023-08-01;BRASPINE;JOAO RICO;PR;JAGUARIAIVA;47,46;26,18;74,83;15,87;77,16;5,67;33,96;27,44;99,74;301,41;0,00;15,23
2023.0;8.0;2023-08-01;BRASPINE;LAGOA;PR;JAGUARIAIVA;24,10;10,78;79,72;15,81;79,60;5,97;34,55;28,16;100,00;304,09;0,00;3,65
2023.0;8.0;2023-08-01;BRASPINE;MARACANA;PR;JANDAIA DO SUL;11,45;11,45;56,54;20,10;64,97;10,05;23,85;31,32;99,74;184,99;0,00;30,10
2023.0;8.0;2023-08-01;BRASPINE;MARRECA;;;;;88,23;16,02;81,44;6,52;34,31;29,00;100,00;324,34;0,00;1,84
2023.0;8.0;2023-08-01;BRASPINE;MARRECA SP;SP;ITAPIRAPUA PAULISTA;675,30;236,19;84,66;16,52;82,00;6,84;33,94;30,42;100,00;314,48;0,00;6,31
2023.0;8.0;2023-08-01;BRASPINE;MARRECAS;;;;;129,39;14,75;81,90;4,14;42,72;25,31;99,98;274,20;4,14;2,06
2023.0;8.0;2023-08-01;BRASPINE;MERCADINHO;;;;;96,48;16,44;82,27;6,15;35,11;29,98;100,00;310,74;0,00;3,03
2023.0;8.0;2023-08-01;BRASPINE;MONTE ALEGRE;;;;;50,75;20,46;65,34;10,52;25,50;31,82;99,57;174,23;0,00;0,45
2023.0;8.0;2023-08-01;BRASPINE;MONTE TABOR II;;;;;62,32;15,91;82,84;6,49;34,41;29,13;100,00;321,15;0,00;26,76
2023.0;8.0;2023-08-01;BRASPINE;MOREIRA;PR;DOUTOR ULYSSES;230,52;68,68;72,86;15,96;80,22;6,47;34,11;28,61;100,00;307,49;0,00;0,60
2023.0;8.0;2023-08-01;BRASPINE;MOREIRAS II;PR;DOUTOR ULYSSES;66,76;28,75;75,77;15,96;80,22;6,47;34,11;28,61;100,00;307,49;0,00;0,60
2023.0;8.0;2023-08-01;BRASPINE;MORRETES;PR;ORTIGUEIRA;20,36;20,36;114,63;17,07;79,88;7,38;36,62;28,99;99,37;325,62;0,00;1,89
2023.0;8.0;2023-08-01;BRASPINE;MORRO AZUL;;;;;68,67;16,14;79,72;6,79;34,11;29,25;100,00;310,53;0,00;8,21
2023.0;8.0;2023-08-01;BRASPINE;OURO FINO;SP;APIAI;51,70;51,70;67,11;15,87;81,00;6,72;35,45;28,85;100,00;322,53;0,00;19,29
2023.0;8.0;2023-08-01;BRASPINE;PALMEIRINHA DE BAIXO - SOSSEGO;PR;SENGES;85,93;9,22;64,87;15,82;77,35;6,36;32,54;27,71;99,85;316,29;0,00;36,78
2023.0;8.0;2023-08-01;BRASPINE;PAZIN;PR;DOUTOR ULYSSES;41,20;23,90;82,74;16,02;81,44;6,52;34,31;29,00;100,00;324,34;0,00;1,84
2023.0;8.0;2023-08-01;BRASPINE;PEDRAS;PR;CASTRO;7,18;7,18;89,58;15,67;78,77;5,22;36,82;26,80;99,70;285,66;0,00;9,42
2023.0;8.0;2023-08-01;BRASPINE;PESCARIA;PR;SAO JOSE DA BOA VISTA;184,57;129,22;55,58;17,89;73,32;7,79;29,91;30,99;98,24;306,33;0,00;1,66
2023.0;8.0;2023-08-01;BRASPINE;PESSEGUEIRO;PR;DOUTOR ULYSSES;109,95;64,79;79,70;15,96;80,22;6,47;34,11;28,61;100,00;307,49;0,00;0,60
2023.0;8.0;2023-08-01;BRASPINE;PITANGA;;;;;118,86;16,44;77,96;6,41;41,63;26,33;99,03;269,76;0,00;0,28
2023.0;8.0;2023-08-01;BRASPINE;QUEIMADINHO ARROIO CLARO;PR;DOUTOR ULYSSES;48,13;19,09;73,39;15,96;80,22;6,47;34,11;28,61;100,00;307,49;0,00;0,60
2023.0;8.0;2023-08-01;BRASPINE;QUEIMADINHO M6042;PR;DOUTOR ULYSSES;48,38;18,50;73,39;15,96;80,22;6,47;34,11;28,61;100,00;307,49;0,00;0,60
2023.0;8.0;2023-08-01;BRASPINE;QUEIMADINHO USUCAPIAO;PR;DOUTOR ULYSSES;200,27;92,43;73,39;15,96;80,22;6,47;34,11;28,61;100,00;307,49;0,00;0,60
2023.0;8.0;2023-08-01;BRASPINE;RAMOS;PR;SENGES;69,83;38,15;75,80;15,81;79,60;5,97;34,55;28,16;100,00;304,09;0,00;3,65
2023.0;8.0;2023-08-01;BRASPINE;RIBEIRAO GRANDE;PR;JAGUARIAIVA;20,77;20,77;81,25;15,75;78,06;5,39;33,51;27,27;99,54;289,90;0,00;7,80
2023.0;8.0;2023-08-01;BRASPINE;RINCAO DE BAIXO;;;;;77,37;16,23;76,43;6,42;38,17;27,35;99,87;313,62;0,00;0,76
2023.0;8.0;2023-08-01;BRASPINE;RIO BOMBA;PR;CERRO AZUL;65,03;37,72;100,38;16,51;82,34;6,27;36,88;29,75;100,00;328,87;0,00;0,13
2023.0;8.0;2023-08-01;BRASPINE;RIO DO MEIO;PR;DOUTOR ULYSSES;712,33;389,13;75,14;15,96;80,22;6,47;34,11;28,61;100,00;307,49;0,00;0,60
2023.0;8.0;2023-08-01;BRASPINE;RONDON;PR;JAGUARIAIVA;2899,24;1475,88;70,34;15,76;78,07;6,07;34,07;27,63;99,70;313,57;0,00;4,79
2023.0;8.0;2023-08-01;BRASPINE;SANTA FELICIDADE;;;;;80,28;16,69;82,46;6,98;33,59;31,23;100,00;312,33;0,00;2,29
2023.0;8.0;2023-08-01;BRASPINE;SANTA LIDIA DO CERCADINHO;;;;;78,13;16,00;76,23;6,13;37,66;26,87;99,84;309,74;0,00;0,20
2023.0;8.0;2023-08-01;BRASPINE;SANTO ANTONIO;;;;;68,51;15,79;77,63;6,50;32,12;27,91;99,97;315,46;0,00;35,58
2023.0;8.0;2023-08-01;BRASPINE;SAO JOSE;PR;JANDAIA DO SUL;37,56;37,56;51,30;20,33;65,41;10,37;25,65;31,62;99,68;187,81;0,00;1,58
2023.0;8.0;2023-08-01;BRASPINE;SAO MATHEUS;;;;;74,13;21,28;65,63;11,53;26,52;33,12;99,15;131,55;0,00;2,49
2023.0;8.0;2023-08-01;BRASPINE;SAO PEDRO E SAO PAULO;PR;SAPOPEMA;709,13;323,93;42,45;17,74;71,32;8,63;29,70;29,55;99,35;337,24;0,00;0,79
2023.0;8.0;2023-08-01;BRASPINE;SAO RAFAEL;;;;;103,83;15,14;80,16;5,33;40,53;27,04;100,00;299,55;0,00;8,22
2023.0;8.0;2023-08-01;BRASPINE;SAO RAFAEL - PB;;;;;71,19;16,00;80,68;7,13;35,02;29,09;100,00;310,63;0,00;13,53
2023.0;8.0;2023-08-01;BRASPINE;SERRARIA;PR;DOUTOR ULYSSES;280,88;117,71;88,05;15,84;81,01;6,26;34,59;28,53;100,00;321,06;0,00;0,68
2023.0;8.0;2023-08-01;BRASPINE;SERRO VERDE;;;;;112,92;16,08;77,77;5,67;41,13;26,10;99,84;275,72;0,00;2,06
2023.0;8.0;2023-08-01;BRASPINE;SERTAOZINHO;PR;DOUTOR ULYSSES;16,25;16,25;73,05;15,96;80,22;6,47;34,11;28,61;100,00;307,49;0,00;0,60
2023.0;8.0;2023-08-01;BRASPINE;SITIO BASILIO;PR;JAGUARIAIVA;8,08;8,08;73,57;15,73;77,21;5,63;34,88;27,10;99,90;298,01;0,00;1,63
2023.0;8.0;2023-08-01;BRASPINE;SITIO DAS MARRECAS;PR;DOUTOR ULYSSES;77,49;35,17;86,59;16,37;81,84;6,75;34,05;30,02;100,00;313,04;0,00;0,44
2023.0;8.0;2023-08-01;BRASPINE;SOBRADINHO;SP;BOM SUCESSO DE ITARARE;285,80;123,10;67,59;15,74;78,54;6,75;33,17;28,02;100,00;315,72;0,00;34,71
2023.0;8.0;2023-08-01;BRASPINE;TAQUARAL;PR;JAGUARIAIVA;519,13;31,07;72,58;15,83;77,79;5,76;34,21;27,56;99,92;300,75;0,00;12,87
2023.0;8.0;2023-08-01;BRASPINE;TUCUNDUVA;PR;SENGES;82,21;60,89;77,06;16,33;75,56;6,81;33,28;28,39;99,28;289,76;0,00;19,10
2023.0;8.0;2023-08-01;BRASPINE;TUCUNDUVA - CHAMMA;;;;;70,77;16,48;75,43;7,01;32,94;28,59;98,95;295,28;0,00;15,49
2023.0;8.0;2023-08-01;BRASPINE;VIENA 1;PR;DOUTOR ULYSSES;263,98;178,34;92,67;15,64;79,72;5,69;36,59;27,48;100,00;304,40;0,00;0,63
2023.0;8.0;2023-08-01;BRASPINE;VIENA 2;PR;CERRO AZUL;140,23;96,54;100,27;16,51;82,34;6,27;36,88;29,75;100,00;328,87;0,00;0,13
2023.0;8.0;2023-08-01;BRASPINE;VITORIA;PR;SENGES;50,54;35,69;64,87;15,82;77,35;6,36;32,54;27,71;99,85;316,29;0,00;36,78
2023.0;8.0;2023-08-01;BRASPINE;VIVEIRO;PR;DOUTOR ULYSSES;405,39;261,22;75,77;15,96;80,22;6,47;34,11;28,61;100,00;307,49;0,00;0,60
2023.0;8.0;2023-08-01;BRASPINE;VO LINO;PR;DOUTOR ULYSSES;164,50;97,89;87,92;16,02;81,44;6,52;34,31;29,00;100,00;324,34;0,00;1,84
2023.0;8.0;2023-08-01;BRASPINE;XAXIM VELHO;;;;;149,49;14,87;81,74;4,09;43,50;25,82;100,00;280,37;4,09;7,90
2023.0;9.0;2023-09-01;BRASPINE;AGUA DOCE;PR;JAGUARIAIVA;238,97;121,99;83,59;19,46;73,72;8,85;33,02;31,21;99,98;207,69;0,00;0,55
2023.0;9.0;2023-09-01;BRASPINE;AMATA;;;;;116,40;20,70;77,19;10,60;28,86;35,31;100,00;183,23;0,00;0,94
2023.0;9.0;2023-09-01;BRASPINE;ANTA BRAVA;;;;;72,00;23,09;66,08;11,30;25,00;36,11;98,68;65,19;0,00;9,97
2023.0;9.0;2023-09-01;BRASPINE;ARAPONGAS;PR;SENGES;423,34;263,70;87,08;19,60;76,33;9,44;27,76;33,03;100,00;198,85;0,00;119,11
2023.0;9.0;2023-09-01;BRASPINE;ARROIO CLARO;PR;DOUTOR ULYSSES;275,14;92,00;97,28;19,69;77,14;9,46;26,68;33,58;100,00;201,74;0,00;2,71
2023.0;9.0;2023-09-01;BRASPINE;BARRA GRANDE;PR;DOUTOR ULYSSES;493,79;139,68;86,55;20,07;76,77;9,73;27,20;34,16;100,00;203,16;0,00;0,16
2023.0;9.0;2023-09-01;BRASPINE;BARRA GRANDE - BEMAIS;PR;GUARAPUAVA;299,16;108,61;151,77;18,80;77,09;5,72;42,12;29,84;99,92;205,39;0,00;7,06
2023.0;9.0;2023-09-01;BRASPINE;BARRETOS;PR;JAGUARIAIVA;43,35;32,98;88,54;19,49;75,76;9,43;29,53;32,15;99,97;210,88;0,00;1,05
2023.0;9.0;2023-09-01;BRASPINE;BAU;;;;;173,15;18,76;76,65;5,48;40,08;29,72;99,77;189,90;0,00;6,28
2023.0;9.0;2023-09-01;BRASPINE;BOA VISTA II;PR;PIRAI DO SUL;944,00;535,05;90,72;19,34;75,23;8,94;31,91;31,38;99,94;204,14;0,00;4,79
2023.0;9.0;2023-09-01;BRASPINE;BRASILEIRA;;;;;87,87;19,60;76,33;9,44;27,76;33,03;100,00;198,85;0,00;119,11
2023.0;9.0;2023-09-01;BRASPINE;BURACAO;;;;;115,31;19,19;77,22;8,86;32,09;31,66;99,94;191,79;0,00;122,60
2023.0;9.0;2023-09-01;BRASPINE;BURRINHO;PR;DOUTOR ULYSSES;211,01;100,37;97,14;19,69;77,14;9,46;26,68;33,58;100,00;201,74;0,00;2,71
2023.0;9.0;2023-09-01;BRASPINE;CADEADO I;PR;JAGUARIAIVA;21,07;12,29;92,08;19,39;75,89;9,16;27,71;32,36;99,99;210,31;0,00;1,82
2023.0;9.0;2023-09-01;BRASPINE;CADEADO II;PR;JAGUARIAIVA;21,88;16,79;92,08;19,39;75,89;9,16;27,71;32,36;99,99;210,31;0,00;1,82
2023.0;9.0;2023-09-01;BRASPINE;CAMPINA ALTA;PR;TIBAGI;29,77;18,24;108,24;20,26;74,94;7,82;39,42;32,03;99,92;177,84;0,00;3,50
2023.0;9.0;2023-09-01;BRASPINE;CAMPINA DO ELIAS;PR;JAGUARIAIVA;29,17;14,65;90,38;19,45;75,81;9,33;28,87;32,22;99,93;210,65;0,00;0,18
2023.0;9.0;2023-09-01;BRASPINE;CAMPO NOVO;PR;JAGUARIAIVA;295,98;156,36;88,19;19,39;75,89;9,16;27,71;32,36;99,99;210,31;0,00;1,82
2023.0;9.0;2023-09-01;BRASPINE;CONSULTORIA II A;PR;DOUTOR ULYSSES;89,62;60,79;88,70;19,60;76,33;9,44;27,76;33,03;100,00;198,85;0,00;119,11
2023.0;9.0;2023-09-01;BRASPINE;DINIZ;;;;;91,88;19,60;76,33;9,44;27,76;33,03;100,00;198,85;0,00;119,11
2023.0;9.0;2023-09-01;BRASPINE;ENES;PR;JAGUARIAIVA;5,93;5,69;88,44;19,39;75,89;9,16;27,71;32,36;99,99;210,31;0,00;1,82
2023.0;9.0;2023-09-01;BRASPINE;ENGENHARIA;;;;;91,88;19,60;76,33;9,44;27,76;33,03;100,00;198,85;0,00;119,11
2023.0;9.0;2023-09-01;BRASPINE;ESTACAO;PR;SENGES;4,76;4,14;91,88;19,39;75,89;9,16;27,71;32,36;99,99;210,31;0,00;1,82
2023.0;9.0;2023-09-01;BRASPINE;FAXINAL;PR;JAGUARIAIVA;20,65;20,65;88,44;19,39;75,89;9,16;27,71;32,36;99,99;210,31;0,00;1,82
2023.0;9.0;2023-09-01;BRASPINE;FEITAL;PR;DOUTOR ULYSSES;154,17;86,53;89,40;19,75;76,48;9,54;27,57;33,41;100,00;200,29;0,00;0,89
2023.0;9.0;2023-09-01;BRASPINE;FIGUEIRA;PR;DOUTOR ULYSSES;1053,81;315,71;92,10;19,69;77,14;9,46;26,68;33,58;100,00;201,74;0,00;2,71
2023.0;9.0;2023-09-01;BRASPINE;FIGUEIRINHA;PR;DOUTOR ULYSSES;94,37;56,74;98,53;19,69;77,14;9,46;26,68;33,58;100,00;201,74;0,00;2,71
2023.0;9.0;2023-09-01;BRASPINE;FLOEMA;PR;DOUTOR ULYSSES;2189,88;701,43;93,11;19,24;76,46;9,01;26,63;32,40;100,00;210,20;0,00;8,03
2023.0;9.0;2023-09-01;BRASPINE;FLOEMA I - SUDATI;;;;;92,38;19,60;76,33;9,44;27,76;33,03;100,00;198,85;0,00;119,11
2023.0;9.0;2023-09-01;BRASPINE;FLOEMA II - SUDATI;PR;DOUTOR ULYSSES;453,83;211,13;96,06;19,60;76,33;9,44;27,76;33,03;100,00;198,85;0,00;119,11
2023.0;9.0;2023-09-01;BRASPINE;FLOR DA SERRA;PR;SAO JOSE DA BOA VISTA;209,10;128,72;45,29;21,61;69,28;10,07;30,68;34,19;99,64;163,39;0,00;8,06
2023.0;9.0;2023-09-01;BRASPINE;GENTIL;PR;JAGUARIAIVA;126,77;53,33;80,04;19,23;74,38;8,72;34,54;30,73;99,93;191,07;0,00;1,60
2023.0;9.0;2023-09-01;BRASPINE;GUAIRACA;PR;GUARAPUAVA;623,62;169,31;168,74;18,84;77,24;5,49;41,09;30,05;99,94;218,38;0,00;0,37
2023.0;9.0;2023-09-01;BRASPINE;HERVAL 2 - MADALOSSO;;;;;111,77;19,19;77,22;8,86;32,09;31,66;99,94;191,79;0,00;122,60
2023.0;9.0;2023-09-01;BRASPINE;HERVAL DE BAIXO;PR;RESERVA;827,29;475,92;95,86;20,15;75,73;6,88;38,52;32,26;99,77;172,40;0,00;0,87
2023.0;9.0;2023-09-01;BRASPINE;HORTO 01;PR;TURVO;19,12;19,12;124,92;19,50;77,11;5,04;42,53;30,75;99,69;208,13;0,00;0,97
2023.0;9.0;2023-09-01;BRASPINE;HORTO 02;PR;TURVO;4,24;4,24;126,76;19,50;77,11;5,04;42,53;30,75;99,69;208,13;0,00;0,97
2023.0;9.0;2023-09-01;BRASPINE;HORTO 03;PR;PRUDENTOPOLIS;80,91;25,89;120,15;19,90;76,70;5,87;42,00;31,54;99,74;210,85;0,00;7,11
2023.0;9.0;2023-09-01;BRASPINE;HORTO 08;PR;TURVO;9,53;9,53;117,10;19,90;76,70;5,87;42,00;31,54;99,74;210,85;0,00;7,11
2023.0;9.0;2023-09-01;BRASPINE;HORTO 12;PR;PRUDENTOPOLIS;12,20;12,20;120,20;19,90;76,70;5,87;42,00;31,54;99,74;210,85;0,00;7,11
2023.0;9.0;2023-09-01;BRASPINE;IZAU;PR;PIRAI DO SUL;19,37;11,60;82,65;19,23;75,51;9,21;33,60;30,95;99,84;192,52;0,00;1,57
2023.0;9.0;2023-09-01;BRASPINE;JOAO RICO;PR;JAGUARIAIVA;47,46;26,18;81,55;19,46;73,72;8,85;33,02;31,21;99,98;207,69;0,00;0,55
2023.0;9.0;2023-09-01;BRASPINE;LAGOA;PR;JAGUARIAIVA;24,10;10,78;89,13;19,39;75,89;9,16;27,71;32,36;99,99;210,31;0,00;1,82
2023.0;9.0;2023-09-01;BRASPINE;MARACANA;PR;JANDAIA DO SUL;11,45;11,45;88,11;23,17;63,25;9,42;28,61;35,60;99,91;35,54;0,00;0,85
2023.0;9.0;2023-09-01;BRASPINE;MARRECA;;;;;95,50;19,69;77,14;9,46;26,68;33,58;100,00;201,74;0,00;2,71
2023.0;9.0;2023-09-01;BRASPINE;MARRECA SP;SP;ITAPIRAPUA PAULISTA;675,30;236,19;95,23;20,32;77,54;9,48;26,10;34,93;100,00;206,67;0,00;2,08
2023.0;9.0;2023-09-01;BRASPINE;MARRECAS;;;;;169,13;18,28;77,57;4,77;41,29;29,19;99,98;239,76;4,77;18,95
2023.0;9.0;2023-09-01;BRASPINE;MERCADINHO;;;;;99,43;20,23;77,38;9,70;26,99;34,70;100,00;205,84;0,00;4,74
2023.0;9.0;2023-09-01;BRASPINE;MONTE ALEGRE;;;;;90,39;23,62;62,83;9,91;28,14;36,05;99,62;36,70;0,00;2,51
2023.0;9.0;2023-09-01;BRASPINE;MONTE TABOR II;;;;;82,67;19,57;78,75;9,03;27,86;33,96;100,00;230,84;0,00;8,65
2023.0;9.0;2023-09-01;BRASPINE;MOREIRA;PR;DOUTOR ULYSSES;230,52;68,68;96,06;19,60;76,33;9,44;27,76;33,03;100,00;198,85;0,00;119,11
2023.0;9.0;2023-09-01;BRASPINE;MOREIRAS II;PR;DOUTOR ULYSSES;66,76;28,75;87,62;19,60;76,33;9,44;27,76;33,03;100,00;198,85;0,00;119,11
2023.0;9.0;2023-09-01;BRASPINE;MORRETES;PR;ORTIGUEIRA;20,36;20,36;98,72;20,59;75,51;7,01;35,88;33,38;99,69;175,12;0,00;0,92
2023.0;9.0;2023-09-01;BRASPINE;MORRO AZUL;;;;;96,42;19,80;76,14;9,03;26,04;33,54;100,00;198,92;0,00;1,34
2023.0;9.0;2023-09-01;BRASPINE;OURO FINO;SP;APIAI;51,70;51,70;81,31;19,48;77,43;8,70;26,95;33,23;100,00;198,37;0,00;4,57
2023.0;9.0;2023-09-01;BRASPINE;PALMEIRINHA DE BAIXO - SOSSEGO;PR;SENGES;85,93;9,22;78,95;19,53;73,25;8,79;28,39;31,79;99,95;183,28;0,00;4,67
2023.0;9.0;2023-09-01;BRASPINE;PAZIN;PR;DOUTOR ULYSSES;41,20;23,90;93,11;19,69;77,14;9,46;26,68;33,58;100,00;201,74;0,00;2,71
2023.0;9.0;2023-09-01;BRASPINE;PEDRAS;PR;CASTRO;7,18;7,18;94,89;19,06;76,79;8,59;35,77;30,59;99,76;187,62;0,00;11,27
2023.0;9.0;2023-09-01;BRASPINE;PESCARIA;PR;SAO JOSE DA BOA VISTA;184,57;129,22;48,69;21,71;69,18;10,13;30,49;34,41;99,59;132,98;0,00;6,25
2023.0;9.0;2023-09-01;BRASPINE;PESSEGUEIRO;PR;DOUTOR ULYSSES;109,95;64,79;90,78;19,60;76,33;9,44;27,76;33,03;100,00;198,85;0,00;119,11
2023.0;9.0;2023-09-01;BRASPINE;PITANGA;;;;;168,42;19,56;75,45;6,07;39,16;30,73;99,65;184,50;0,00;3,54
2023.0;9.0;2023-09-01;BRASPINE;QUEIMADINHO ARROIO CLARO;PR;DOUTOR ULYSSES;48,13;19,09;87,87;19,60;76,33;9,44;27,76;33,03;100,00;198,85;0,00;119,11
2023.0;9.0;2023-09-01;BRASPINE;QUEIMADINHO M6042;PR;DOUTOR ULYSSES;48,38;18,50;87,87;19,60;76,33;9,44;27,76;33,03;100,00;198,85;0,00;119,11
2023.0;9.0;2023-09-01;BRASPINE;QUEIMADINHO USUCAPIAO;PR;DOUTOR ULYSSES;200,27;92,43;87,87;19,60;76,33;9,44;27,76;33,03;100,00;198,85;0,00;119,11
2023.0;9.0;2023-09-01;BRASPINE;RAMOS;PR;SENGES;69,83;38,15;92,38;19,39;75,89;9,16;27,71;32,36;99,99;210,31;0,00;1,82
2023.0;9.0;2023-09-01;BRASPINE;RIBEIRAO GRANDE;PR;JAGUARIAIVA;20,77;20,77;82,60;19,23;75,51;9,21;33,60;30,95;99,84;192,52;0,00;1,57
2023.0;9.0;2023-09-01;BRASPINE;RINCAO DE BAIXO;;;;;99,28;19,71;73,36;7,62;38,06;30,98;99,95;183,08;0,00;12,85
2023.0;9.0;2023-09-01;BRASPINE;RIO BOMBA;PR;CERRO AZUL;65,03;37,72;110,44;20,31;77,11;10,34;29,02;34,48;99,99;192,88;0,00;38,20
2023.0;9.0;2023-09-01;BRASPINE;RIO DO MEIO;PR;DOUTOR ULYSSES;712,33;389,13;87,70;19,60;76,33;9,44;27,76;33,03;100,00;198,85;0,00;119,11
2023.0;9.0;2023-09-01;BRASPINE;RONDON;PR;JAGUARIAIVA;2899,24;1475,88;84,18;19,43;74,15;9,06;30,76;31,66;99,75;195,59;0,00;7,26
2023.0;9.0;2023-09-01;BRASPINE;SANTA FELICIDADE;;;;;87,65;20,56;77,94;9,27;25,26;35,68;100,00;207,60;0,00;1,92
2023.0;9.0;2023-09-01;BRASPINE;SANTA LIDIA DO CERCADINHO;;;;;97,60;19,43;73,30;7,43;37,66;30,51;99,93;195,32;0,00;12,54
2023.0;9.0;2023-09-01;BRASPINE;SANTO ANTONIO;;;;;82,64;19,50;73,48;8,29;27,06;32,09;99,94;212,17;0,00;25,20
2023.0;9.0;2023-09-01;BRASPINE;SAO JOSE;PR;JANDAIA DO SUL;37,56;37,56;90,39;23,47;63,05;9,82;28,50;35,82;99,73;36,42;0,00;2,90
2023.0;9.0;2023-09-01;BRASPINE;SAO MATHEUS;;;;;104,85;24,61;61,84;9,60;27,74;37,23;99,29;37,48;0,00;11,00
2023.0;9.0;2023-09-01;BRASPINE;SAO PEDRO E SAO PAULO;PR;SAPOPEMA;709,13;323,93;48,52;21,37;67,15;8,54;29,60;33,63;99,91;168,05;0,00;5,95
2023.0;9.0;2023-09-01;BRASPINE;SAO RAFAEL;;;;;104,86;18,68;78,14;9,66;34,31;31,08;99,78;236,05;0,00;3,04
2023.0;9.0;2023-09-01;BRASPINE;SAO RAFAEL - PB;;;;;95,33;19,62;77,13;8,85;26,23;33,44;100,00;199,14;0,00;108,20
2023.0;9.0;2023-09-01;BRASPINE;SERRARIA;PR;DOUTOR ULYSSES;280,88;117,71;92,30;19,47;76,80;9,24;26,65;32,99;100,00;213,56;0,00;5,27
2023.0;9.0;2023-09-01;BRASPINE;SERRO VERDE;;;;;180,94;19,19;75,48;5,32;38,91;30,34;99,94;179,10;0,00;3,59
2023.0;9.0;2023-09-01;BRASPINE;SERTAOZINHO;PR;DOUTOR ULYSSES;16,25;16,25;89,68;19,60;76,33;9,44;27,76;33,03;100,00;198,85;0,00;119,11
2023.0;9.0;2023-09-01;BRASPINE;SITIO BASILIO;PR;JAGUARIAIVA;8,08;8,08;83,43;19,30;73,86;8,60;34,45;30,79;99,97;206,01;0,00;3,79
2023.0;9.0;2023-09-01;BRASPINE;SITIO DAS MARRECAS;PR;DOUTOR ULYSSES;77,49;35,17;98,22;20,14;77,43;9,47;26,27;34,54;100,00;205,24;0,00;3,76
2023.0;9.0;2023-09-01;BRASPINE;SOBRADINHO;SP;BOM SUCESSO DE ITARARE;285,80;123,10;83,62;19,36;74,91;8,26;26,19;32,20;99,96;223,86;0,00;26,96
2023.0;9.0;2023-09-01;BRASPINE;TAQUARAL;PR;JAGUARIAIVA;519,13;31,07;86,57;19,46;74,15;9,05;32,17;31,45;99,94;207,98;0,00;11,74
2023.0;9.0;2023-09-01;BRASPINE;TUCUNDUVA;PR;SENGES;82,21;60,89;82,83;20,13;71,09;8,26;29,91;32,15;99,90;169,83;0,00;12,04
2023.0;9.0;2023-09-01;BRASPINE;TUCUNDUVA - CHAMMA;;;;;75,90;20,29;70,95;8,97;28,96;32,34;99,85;175,72;0,00;10,32
2023.0;9.0;2023-09-01;BRASPINE;VIENA 1;PR;DOUTOR ULYSSES;263,98;178,34;101,06;19,13;76,33;8,83;29,61;31,55;100,00;207,97;0,00;9,16
2023.0;9.0;2023-09-01;BRASPINE;VIENA 2;PR;CERRO AZUL;140,23;96,54;110,26;20,31;77,11;10,34;29,02;34,48;99,99;192,88;0,00;38,20
2023.0;9.0;2023-09-01;BRASPINE;VITORIA;PR;SENGES;50,54;35,69;78,95;19,53;73,25;8,79;28,39;31,79;99,95;183,28;0,00;4,67
2023.0;9.0;2023-09-01;BRASPINE;VIVEIRO;PR;DOUTOR ULYSSES;405,39;261,22;87,62;19,60;76,33;9,44;27,76;33,03;100,00;198,85;0,00;119,11
2023.0;9.0;2023-09-01;BRASPINE;VO LINO;PR;DOUTOR ULYSSES;164,50;97,89;95,77;19,69;77,14;9,46;26,68;33,58;100,00;201,74;0,00;2,71
2023.0;9.0;2023-09-01;BRASPINE;XAXIM VELHO;;;;;160,92;18,21;78,62;4,76;39,68;29,40;100,00;216,23;4,76;3,82
2023.0;10.0;2023-10-01;BRASPINE;AGUA DOCE;PR;JAGUARIAIVA;238,97;121,99;329,46;19,05;86,31;10,81;47,86;27,90;99,91;212,13;0,00;12,83
2023.0;10.0;2023-10-01;BRASPINE;AMATA;;;;;333,04;20,21;86,70;12,70;40,92;31,11;100,00;98,10;0,00;4,31
2023.0;10.0;2023-10-01;BRASPINE;ANTA BRAVA;;;;;258,25;22,52;79,86;14,43;38,70;33,04;99,49;29,41;0,00;2,62
2023.0;10.0;2023-10-01;BRASPINE;ARAPONGAS;PR;SENGES;423,34;263,70;354,74;19,12;88,06;11,47;42,96;29,30;100,00;202,61;0,00;7,75
2023.0;10.0;2023-10-01;BRASPINE;ARROIO CLARO;PR;DOUTOR ULYSSES;275,14;92,00;362,72;19,23;88,32;11,59;40,80;30,00;100,00;175,30;0,00;1,21
2023.0;10.0;2023-10-01;BRASPINE;BARRA GRANDE;PR;DOUTOR ULYSSES;493,79;139,68;368,08;19,47;88,09;11,87;42,30;30,05;100,00;177,18;0,00;2,46
2023.0;10.0;2023-10-01;BRASPINE;BARRA GRANDE - BEMAIS;PR;GUARAPUAVA;299,16;108,61;432,15;18,88;87,14;10,98;45,89;27,67;99,99;225,94;0,00;1,45
2023.0;10.0;2023-10-01;BRASPINE;BARRETOS;PR;JAGUARIAIVA;43,35;32,98;352,60;18,99;87,53;10,68;44,91;28,47;100,00;226,04;0,00;0,48
2023.0;10.0;2023-10-01;BRASPINE;BAU;;;;;494,01;19,04;85,69;10,48;45,04;27,28;99,95;214,90;0,00;6,27
2023.0;10.0;2023-10-01;BRASPINE;BOA VISTA II;PR;PIRAI DO SUL;944,00;535,05;351,30;18,94;86,85;10,35;46,89;27,93;100,00;238,33;0,00;3,05
2023.0;10.0;2023-10-01;BRASPINE;BRASILEIRA;;;;;372,13;19,12;88,06;11,47;42,96;29,30;100,00;202,61;0,00;7,75
2023.0;10.0;2023-10-01;BRASPINE;BURACAO;;;;;338,67;19,06;86,32;10,76;42,68;29,12;99,97;200,90;0,00;2,63
2023.0;10.0;2023-10-01;BRASPINE;BURRINHO;PR;DOUTOR ULYSSES;211,01;100,37;362,05;19,23;88,32;11,59;40,80;30,00;100,00;175,30;0,00;1,21
2023.0;10.0;2023-10-01;BRASPINE;CADEADO I;PR;JAGUARIAIVA;21,07;12,29;335,70;18,95;87,74;11,05;42,84;28,89;100,00;227,95;0,00;5,88
2023.0;10.0;2023-10-01;BRASPINE;CADEADO II;PR;JAGUARIAIVA;21,88;16,79;335,70;18,95;87,74;11,05;42,84;28,89;100,00;227,95;0,00;5,88
2023.0;10.0;2023-10-01;BRASPINE;CAMPINA ALTA;PR;TIBAGI;29,77;18,24;312,93;20,60;84,49;12,09;48,65;29,77;99,93;122,85;0,00;3,86
2023.0;10.0;2023-10-01;BRASPINE;CAMPINA DO ELIAS;PR;JAGUARIAIVA;29,17;14,65;362,87;18,98;87,61;10,81;44,16;28,62;100,00;226,72;0,00;9,13
2023.0;10.0;2023-10-01;BRASPINE;CAMPO NOVO;PR;JAGUARIAIVA;295,98;156,36;359,15;18,95;87,74;11,05;42,84;28,89;100,00;227,95;0,00;5,88
2023.0;10.0;2023-10-01;BRASPINE;CONSULTORIA II A;PR;DOUTOR ULYSSES;89,62;60,79;365,97;19,12;88,06;11,47;42,96;29,30;100,00;202,61;0,00;7,75
2023.0;10.0;2023-10-01;BRASPINE;DINIZ;;;;;374,04;19,12;88,06;11,47;42,96;29,30;100,00;202,61;0,00;7,75
2023.0;10.0;2023-10-01;BRASPINE;ENES;PR;JAGUARIAIVA;5,93;5,69;359,59;18,95;87,74;11,05;42,84;28,89;100,00;227,95;0,00;5,88
2023.0;10.0;2023-10-01;BRASPINE;ENGENHARIA;;;;;374,04;19,12;88,06;11,47;42,96;29,30;100,00;202,61;0,00;7,75
2023.0;10.0;2023-10-01;BRASPINE;ESTACAO;PR;SENGES;4,76;4,14;342,20;18,95;87,74;11,05;42,84;28,89;100,00;227,95;0,00;5,88
2023.0;10.0;2023-10-01;BRASPINE;FAXINAL;PR;JAGUARIAIVA;20,65;20,65;359,59;18,95;87,74;11,05;42,84;28,89;100,00;227,95;0,00;5,88
2023.0;10.0;2023-10-01;BRASPINE;FEITAL;PR;DOUTOR ULYSSES;154,17;86,53;369,19;19,24;88,07;11,60;42,74;29,55;100,00;204,21;0,00;6,01
2023.0;10.0;2023-10-01;BRASPINE;FIGUEIRA;PR;DOUTOR ULYSSES;1053,81;315,71;361,97;19,23;88,32;11,59;40,80;30,00;100,00;175,30;0,00;1,21
2023.0;10.0;2023-10-01;BRASPINE;FIGUEIRINHA;PR;DOUTOR ULYSSES;94,37;56,74;359,67;19,23;88,32;11,59;40,80;30,00;100,00;175,30;0,00;1,21
2023.0;10.0;2023-10-01;BRASPINE;FLOEMA;PR;DOUTOR ULYSSES;2189,88;701,43;359,26;18,90;87,98;11,15;40,95;29,35;100,00;229,40;0,00;0,26
2023.0;10.0;2023-10-01;BRASPINE;FLOEMA I - SUDATI;;;;;336,33;19,12;88,06;11,47;42,96;29,30;100,00;202,61;0,00;7,75
2023.0;10.0;2023-10-01;BRASPINE;FLOEMA II - SUDATI;PR;DOUTOR ULYSSES;453,83;211,13;362,04;19,12;88,06;11,47;42,96;29,30;100,00;202,61;0,00;7,75
2023.0;10.0;2023-10-01;BRASPINE;FLOR DA SERRA;PR;SAO JOSE DA BOA VISTA;209,10;128,72;285,90;21,59;80,42;13,90;45,70;31,45;99,27;57,85;0,00;9,81
2023.0;10.0;2023-10-01;BRASPINE;GENTIL;PR;JAGUARIAIVA;126,77;53,33;334,89;18,99;86,12;10,78;49,02;27,65;99,56;226,49;0,00;4,72
2023.0;10.0;2023-10-01;BRASPINE;GUAIRACA;PR;GUARAPUAVA;623,62;169,31;431,94;18,86;87,23;10,90;46,03;27,79;99,99;226,51;0,00;0,55
2023.0;10.0;2023-10-01;BRASPINE;HERVAL 2 - MADALOSSO;;;;;336,70;19,06;86,32;10,76;42,68;29,12;99,97;200,90;0,00;2,63
2023.0;10.0;2023-10-01;BRASPINE;HERVAL DE BAIXO;PR;RESERVA;827,29;475,92;314,06;20,64;84,66;12,03;48,76;29,82;99,89;122,44;0,00;6,68
2023.0;10.0;2023-10-01;BRASPINE;HORTO 01;PR;TURVO;19,12;19,12;437,18;19,71;86,71;11,40;48,86;28,59;99,84;173,94;0,00;8,35
2023.0;10.0;2023-10-01;BRASPINE;HORTO 02;PR;TURVO;4,24;4,24;439,28;19,71;86,71;11,40;48,86;28,59;99,84;173,94;0,00;8,35
2023.0;10.0;2023-10-01;BRASPINE;HORTO 03;PR;PRUDENTOPOLIS;80,91;25,89;427,25;20,08;86,38;11,77;47,65;29,27;99,96;133,03;0,00;8,72
2023.0;10.0;2023-10-01;BRASPINE;HORTO 08;PR;TURVO;9,53;9,53;418,32;20,08;86,38;11,77;47,65;29,27;99,96;133,03;0,00;8,72
2023.0;10.0;2023-10-01;BRASPINE;HORTO 12;PR;PRUDENTOPOLIS;12,20;12,20;421,76;20,08;86,38;11,77;47,65;29,27;99,96;133,03;0,00;8,72
2023.0;10.0;2023-10-01;BRASPINE;IZAU;PR;PIRAI DO SUL;19,37;11,60;334,47;18,95;86,50;10,43;47,88;27,80;99,63;224,53;0,00;6,72
2023.0;10.0;2023-10-01;BRASPINE;JOAO RICO;PR;JAGUARIAIVA;47,46;26,18;335,39;19,05;86,31;10,81;47,86;27,90;99,91;212,13;0,00;12,83
2023.0;10.0;2023-10-01;BRASPINE;LAGOA;PR;JAGUARIAIVA;24,10;10,78;345,15;18,95;87,74;11,05;42,84;28,89;100,00;227,95;0,00;5,88
2023.0;10.0;2023-10-01;BRASPINE;MARACANA;PR;JANDAIA DO SUL;11,45;11,45;277,32;23,49;75,56;15,70;32,96;33,73;99,92;0,00;0,00;5,19
2023.0;10.0;2023-10-01;BRASPINE;MARRECA;;;;;354,28;19,23;88,32;11,59;40,80;30,00;100,00;175,30;0,00;1,21
2023.0;10.0;2023-10-01;BRASPINE;MARRECA SP;SP;ITAPIRAPUA PAULISTA;675,30;236,19;380,56;19,70;88,20;12,09;40,38;30,74;100,00;165,69;0,00;0,93
2023.0;10.0;2023-10-01;BRASPINE;MARRECAS;;;;;438,48;18,40;87,40;10,52;45,42;27,25;100,00;248,49;0,00;0,96
2023.0;10.0;2023-10-01;BRASPINE;MERCADINHO;;;;;350,95;19,77;87,50;12,19;40,49;30,74;100,00;138,58;0,00;0,49
2023.0;10.0;2023-10-01;BRASPINE;MONTE ALEGRE;;;;;268,98;24,06;74,33;15,95;32,09;34,45;99,99;0,00;0,00;0,65
2023.0;10.0;2023-10-01;BRASPINE;MONTE TABOR II;;;;;363,46;19,20;89,41;12,57;45,84;30,15;100,00;168,88;0,00;8,65
2023.0;10.0;2023-10-01;BRASPINE;MOREIRA;PR;DOUTOR ULYSSES;230,52;68,68;362,04;19,12;88,06;11,47;42,96;29,30;100,00;202,61;0,00;7,75
2023.0;10.0;2023-10-01;BRASPINE;MOREIRAS II;PR;DOUTOR ULYSSES;66,76;28,75;366,57;19,12;88,06;11,47;42,96;29,30;100,00;202,61;0,00;7,75
2023.0;10.0;2023-10-01;BRASPINE;MORRETES;PR;ORTIGUEIRA;20,36;20,36;307,88;21,14;84,37;12,69;48,11;30,74;99,87;125,98;0,00;5,40
2023.0;10.0;2023-10-01;BRASPINE;MORRO AZUL;;;;;368,84;19,15;88,39;11,58;42,28;29,41;100,00;216,99;0,00;8,00
2023.0;10.0;2023-10-01;BRASPINE;OURO FINO;SP;APIAI;51,70;51,70;338,25;18,93;89,28;11,78;41,94;29,48;100,00;233,29;0,00;15,50
2023.0;10.0;2023-10-01;BRASPINE;PALMEIRINHA DE BAIXO - SOSSEGO;PR;SENGES;85,93;9,22;360,29;18,94;86,77;11,28;47,16;28,44;99,85;228,81;0,00;39,15
2023.0;10.0;2023-10-01;BRASPINE;PAZIN;PR;DOUTOR ULYSSES;41,20;23,90;366,69;19,23;88,32;11,59;40,80;30,00;100,00;175,30;0,00;1,21
2023.0;10.0;2023-10-01;BRASPINE;PEDRAS;PR;CASTRO;7,18;7,18;340,97;18,95;86,64;10,26;48,72;27,70;99,60;208,47;0,00;2,24
2023.0;10.0;2023-10-01;BRASPINE;PESCARIA;PR;SAO JOSE DA BOA VISTA;184,57;129,22;302,42;21,50;80,76;13,63;45,17;31,26;99,52;71,80;0,00;0,88
2023.0;10.0;2023-10-01;BRASPINE;PESSEGUEIRO;PR;DOUTOR ULYSSES;109,95;64,79;359,20;19,12;88,06;11,47;42,96;29,30;100,00;202,61;0,00;7,75
2023.0;10.0;2023-10-01;BRASPINE;PITANGA;;;;;488,03;19,92;84,48;11,36;45,96;28,37;99,81;149,87;0,00;6,08
2023.0;10.0;2023-10-01;BRASPINE;QUEIMADINHO ARROIO CLARO;PR;DOUTOR ULYSSES;48,13;19,09;372,13;19,12;88,06;11,47;42,96;29,30;100,00;202,61;0,00;7,75
2023.0;10.0;2023-10-01;BRASPINE;QUEIMADINHO M6042;PR;DOUTOR ULYSSES;48,38;18,50;372,13;19,12;88,06;11,47;42,96;29,30;100,00;202,61;0,00;7,75
2023.0;10.0;2023-10-01;BRASPINE;QUEIMADINHO USUCAPIAO;PR;DOUTOR ULYSSES;200,27;92,43;372,13;19,12;88,06;11,47;42,96;29,30;100,00;202,61;0,00;7,75
2023.0;10.0;2023-10-01;BRASPINE;RAMOS;PR;SENGES;69,83;38,15;336,33;18,95;87,74;11,05;42,84;28,89;100,00;227,95;0,00;5,88
2023.0;10.0;2023-10-01;BRASPINE;RIBEIRAO GRANDE;PR;JAGUARIAIVA;20,77;20,77;335,76;18,95;86,50;10,43;47,88;27,80;99,63;224,53;0,00;6,72
2023.0;10.0;2023-10-01;BRASPINE;RINCAO DE BAIXO;;;;;330,79;19,87;83,56;12,04;48,40;28,49;99,64;147,15;0,00;3,88
2023.0;10.0;2023-10-01;BRASPINE;RIO BOMBA;PR;CERRO AZUL;65,03;37,72;333,88;19,98;86,60;12,38;40,98;30,76;100,00;126,12;0,00;4,93
2023.0;10.0;2023-10-01;BRASPINE;RIO DO MEIO;PR;DOUTOR ULYSSES;712,33;389,13;368,06;19,12;88,06;11,47;42,96;29,30;100,00;202,61;0,00;7,75
2023.0;10.0;2023-10-01;BRASPINE;RONDON;PR;JAGUARIAIVA;2899,24;1475,88;333,38;18,95;86,92;11,12;47,38;28,31;99,88;227,35;0,00;0,51
2023.0;10.0;2023-10-01;BRASPINE;SANTA FELICIDADE;;;;;373,60;19,88;88,20;12,43;39,68;31,25;100,00;168,26;0,00;4,39
2023.0;10.0;2023-10-01;BRASPINE;SANTA LIDIA DO CERCADINHO;;;;;317,33;19,57;83,72;11,78;48,60;28,05;99,54;145,40;0,00;2,95
2023.0;10.0;2023-10-01;BRASPINE;SANTO ANTONIO;;;;;361,47;18,91;87,09;11,31;45,18;28,57;100,00;243,01;0,00;23,74
2023.0;10.0;2023-10-01;BRASPINE;SAO JOSE;PR;JANDAIA DO SUL;37,56;37,56;270,63;23,89;74,70;15,90;32,55;34,19;99,99;0,00;0,00;259,69
2023.0;10.0;2023-10-01;BRASPINE;SAO MATHEUS;;;;;279,57;25,20;72,12;16,41;30,00;36,02;100,00;0,00;0,00;5,08
2023.0;10.0;2023-10-01;BRASPINE;SAO PEDRO E SAO PAULO;PR;SAPOPEMA;709,13;323,93;249,57;21,45;80,30;13,95;42,93;31,03;99,56;100,82;0,00;0,12
2023.0;10.0;2023-10-01;BRASPINE;SAO RAFAEL;;;;;498,93;18,51;85,95;10,76;41,98;28,61;99,69;271,38;0,00;5,18
2023.0;10.0;2023-10-01;BRASPINE;SAO RAFAEL - PB;;;;;364,90;19,00;89,11;11,70;41,47;29,54;100,00;233,03;0,00;22,26
2023.0;10.0;2023-10-01;BRASPINE;SERRARIA;PR;DOUTOR ULYSSES;280,88;117,71;353,93;19,07;88,15;11,37;40,87;29,68;100,00;217,61;0,00;0,06
2023.0;10.0;2023-10-01;BRASPINE;SERRO VERDE;;;;;492,70;19,43;84,61;10,75;43,47;27,76;99,99;173,95;0,00;9,84
2023.0;10.0;2023-10-01;BRASPINE;SERTAOZINHO;PR;DOUTOR ULYSSES;16,25;16,25;363,35;19,12;88,06;11,47;42,96;29,30;100,00;202,61;0,00;7,75
2023.0;10.0;2023-10-01;BRASPINE;SITIO BASILIO;PR;JAGUARIAIVA;8,08;8,08;328,40;19,02;86,05;10,90;48,72;27,73;99,63;227,34;0,00;2,77
2023.0;10.0;2023-10-01;BRASPINE;SITIO DAS MARRECAS;PR;DOUTOR ULYSSES;77,49;35,17;367,83;19,56;88,23;11,95;40,50;30,50;100,00;179,16;0,00;5,15
2023.0;10.0;2023-10-01;BRASPINE;SOBRADINHO;SP;BOM SUCESSO DE ITARARE;285,80;123,10;345,59;18,82;87,94;11,38;43,62;28,50;100,00;242,77;0,00;2,29
2023.0;10.0;2023-10-01;BRASPINE;TAQUARAL;PR;JAGUARIAIVA;519,13;31,07;350,01;18,99;86,85;10,82;47,65;28,04;100,00;225,74;0,00;8,32
2023.0;10.0;2023-10-01;BRASPINE;TUCUNDUVA;PR;SENGES;82,21;60,89;341,39;19,74;84,29;12,01;46,30;29,05;99,58;148,54;0,00;0,46
2023.0;10.0;2023-10-01;BRASPINE;TUCUNDUVA - CHAMMA;;;;;343,83;19,80;84,17;12,08;47,20;29,21;99,63;150,47;0,00;24,21
2023.0;10.0;2023-10-01;BRASPINE;VIENA 1;PR;DOUTOR ULYSSES;263,98;178,34;354,57;18,80;87,67;10,79;43,55;28,65;100,00;241,24;0,00;0,35
2023.0;10.0;2023-10-01;BRASPINE;VIENA 2;PR;CERRO AZUL;140,23;96,54;333,94;19,98;86,60;12,38;40,98;30,76;100,00;126,12;0,00;4,93
2023.0;10.0;2023-10-01;BRASPINE;VITORIA;PR;SENGES;50,54;35,69;360,29;18,94;86,77;11,28;47,16;28,44;99,85;228,81;0,00;39,15
2023.0;10.0;2023-10-01;BRASPINE;VIVEIRO;PR;DOUTOR ULYSSES;405,39;261,22;366,57;19,12;88,06;11,47;42,96;29,30;100,00;202,61;0,00;7,75
2023.0;10.0;2023-10-01;BRASPINE;VO LINO;PR;DOUTOR ULYSSES;164,50;97,89;356,10;19,23;88,32;11,59;40,80;30,00;100,00;175,30;0,00;1,21
2023.0;10.0;2023-10-01;BRASPINE;XAXIM VELHO;;;;;487,45;18,34;87,52;10,17;44,66;27,47;100,00;235,22;0,00;0,03
2023.0;11.0;2023-11-01;BRASPINE;AGUA DOCE;PR;JAGUARIAIVA;238,97;121,99;125,42;20,35;80,72;9,30;36,89;31,17;99,82;119,13;0,00;8,90
2023.0;11.0;2023-11-01;BRASPINE;AMATA;;;;;129,96;22,01;82,07;10,25;30,58;35,58;100,00;105,97;0,00;5,56
2023.0;11.0;2023-11-01;BRASPINE;ANTA BRAVA;;;;;149,72;23,56;75,60;12,60;29,56;35,41;97,67;55,55;0,00;346,11
2023.0;11.0;2023-11-01;BRASPINE;ARAPONGAS;PR;SENGES;423,34;263,70;132,97;20,65;82,56;9,89;31,30;32,92;100,00;109,79;0,00;5,08
2023.0;11.0;2023-11-01;BRASPINE;ARROIO CLARO;PR;DOUTOR ULYSSES;275,14;92,00;126,06;20,81;82,90;9,95;30,17;33,63;100,00;111,67;0,00;1,00
2023.0;11.0;2023-11-01;BRASPINE;BARRA GRANDE;PR;DOUTOR ULYSSES;493,79;139,68;139,03;21,14;82,73;10,14;30,80;33,93;100,00;112,87;0,00;2,27
2023.0;11.0;2023-11-01;BRASPINE;BARRA GRANDE - BEMAIS;PR;GUARAPUAVA;299,16;108,61;149,41;20,02;81,99;7,50;37,99;30,67;99,95;146,19;0,00;4,73
2023.0;11.0;2023-11-01;BRASPINE;BARRETOS;PR;JAGUARIAIVA;43,35;32,98;132,32;20,38;82,13;9,62;33,30;32,25;99,98;120,15;0,00;9,78
2023.0;11.0;2023-11-01;BRASPINE;BAU;;;;;171,70;20,00;81,40;7,82;38,84;30,19;99,98;133,60;0,00;6,21
2023.0;11.0;2023-11-01;BRASPINE;BOA VISTA II;PR;PIRAI DO SUL;944,00;535,05;131,55;20,24;81,55;9,11;35,37;31,58;99,81;131,85;0,00;112,70
2023.0;11.0;2023-11-01;BRASPINE;BRASILEIRA;;;;;126,38;20,65;82,56;9,89;31,30;32,92;100,00;109,79;0,00;5,08
2023.0;11.0;2023-11-01;BRASPINE;BURACAO;;;;;139,90;20,47;81,29;7,90;34,01;32,41;99,71;106,57;0,00;9,12
2023.0;11.0;2023-11-01;BRASPINE;BURRINHO;PR;DOUTOR ULYSSES;211,01;100,37;126,03;20,81;82,90;9,95;30,17;33,63;100,00;111,67;0,00;1,00
2023.0;11.0;2023-11-01;BRASPINE;CADEADO I;PR;JAGUARIAIVA;21,07;12,29;131,40;20,38;82,29;9,89;32,16;32,34;100,00;107,17;0,00;7,69
2023.0;11.0;2023-11-01;BRASPINE;CADEADO II;PR;JAGUARIAIVA;21,88;16,79;131,40;20,38;82,29;9,89;32,16;32,34;100,00;107,17;0,00;7,69
2023.0;11.0;2023-11-01;BRASPINE;CAMPINA ALTA;PR;TIBAGI;29,77;18,24;153,32;21,38;81,30;9,70;35,43;32,71;99,92;112,98;0,00;3,36
2023.0;11.0;2023-11-01;BRASPINE;CAMPINA DO ELIAS;PR;JAGUARIAIVA;29,17;14,65;134,00;20,38;82,19;9,72;32,89;32,28;99,99;105,90;0,00;9,06
2023.0;11.0;2023-11-01;BRASPINE;CAMPO NOVO;PR;JAGUARIAIVA;295,98;156,36;134,04;20,38;82,29;9,89;32,16;32,34;100,00;107,17;0,00;7,69
2023.0;11.0;2023-11-01;BRASPINE;CONSULTORIA II A;PR;DOUTOR ULYSSES;89,62;60,79;128,85;20,65;82,56;9,89;31,30;32,92;100,00;109,79;0,00;5,08
2023.0;11.0;2023-11-01;BRASPINE;DINIZ;;;;;140,26;20,65;82,56;9,89;31,30;32,92;100,00;109,79;0,00;5,08
2023.0;11.0;2023-11-01;BRASPINE;ENES;PR;JAGUARIAIVA;5,93;5,69;134,18;20,38;82,29;9,89;32,16;32,34;100,00;107,17;0,00;7,69
2023.0;11.0;2023-11-01;BRASPINE;ENGENHARIA;;;;;140,26;20,65;82,56;9,89;31,30;32,92;100,00;109,79;0,00;5,08
2023.0;11.0;2023-11-01;BRASPINE;ESTACAO;PR;SENGES;4,76;4,14;129,62;20,38;82,29;9,89;32,16;32,34;100,00;107,17;0,00;7,69
2023.0;11.0;2023-11-01;BRASPINE;FAXINAL;PR;JAGUARIAIVA;20,65;20,65;134,18;20,38;82,29;9,89;32,16;32,34;100,00;107,17;0,00;7,69
2023.0;11.0;2023-11-01;BRASPINE;FEITAL;PR;DOUTOR ULYSSES;154,17;86,53;128,01;20,81;82,62;9,97;31,14;33,25;100,00;110,81;0,00;4,15
2023.0;11.0;2023-11-01;BRASPINE;FIGUEIRA;PR;DOUTOR ULYSSES;1053,81;315,71;128,38;20,81;82,90;9,95;30,17;33,63;100,00;111,67;0,00;1,00
2023.0;11.0;2023-11-01;BRASPINE;FIGUEIRINHA;PR;DOUTOR ULYSSES;94,37;56,74;127,34;20,81;82,90;9,95;30,17;33,63;100,00;111,67;0,00;1,00
2023.0;11.0;2023-11-01;BRASPINE;FLOEMA;PR;DOUTOR ULYSSES;2189,88;701,43;138,88;20,30;82,67;9,46;31,07;32,61;100,00;107,93;0,00;0,22
2023.0;11.0;2023-11-01;BRASPINE;FLOEMA I - SUDATI;;;;;131,00;20,65;82,56;9,89;31,30;32,92;100,00;109,79;0,00;5,08
2023.0;11.0;2023-11-01;BRASPINE;FLOEMA II - SUDATI;PR;DOUTOR ULYSSES;453,83;211,13;130,68;20,65;82,56;9,89;31,30;32,92;100,00;109,79;0,00;5,08
2023.0;11.0;2023-11-01;BRASPINE;FLOR DA SERRA;PR;SAO JOSE DA BOA VISTA;209,10;128,72;110,26;22,45;77,04;11,74;31,76;34,07;99,74;93,65;0,00;0,57
2023.0;11.0;2023-11-01;BRASPINE;GENTIL;PR;JAGUARIAIVA;126,77;53,33;128,50;20,22;80,67;8,44;37,42;30,94;99,75;133,18;0,00;13,08
2023.0;11.0;2023-11-01;BRASPINE;GUAIRACA;PR;GUARAPUAVA;623,62;169,31;151,22;20,11;81,72;7,14;37,85;30,78;99,99;116,36;0,00;5,47
2023.0;11.0;2023-11-01;BRASPINE;HERVAL 2 - MADALOSSO;;;;;146,15;20,47;81,29;7,90;34,01;32,41;99,71;106,57;0,00;9,12
2023.0;11.0;2023-11-01;BRASPINE;HERVAL DE BAIXO;PR;RESERVA;827,29;475,92;167,41;21,37;81,73;9,37;36,57;32,77;99,88;98,04;0,00;3,43
2023.0;11.0;2023-11-01;BRASPINE;HORTO 01;PR;TURVO;19,12;19,12;167,13;20,69;82,39;6,89;42,15;31,17;99,89;120,43;0,00;1,51
2023.0;11.0;2023-11-01;BRASPINE;HORTO 02;PR;TURVO;4,24;4,24;166,79;20,69;82,39;6,89;42,15;31,17;99,89;120,43;0,00;1,51
2023.0;11.0;2023-11-01;BRASPINE;HORTO 03;PR;PRUDENTOPOLIS;80,91;25,89;168,94;21,10;81,97;7,95;39,69;31,93;99,95;109,99;0,00;1,57
2023.0;11.0;2023-11-01;BRASPINE;HORTO 08;PR;TURVO;9,53;9,53;157,10;21,10;81,97;7,95;39,69;31,93;99,95;109,99;0,00;1,57
2023.0;11.0;2023-11-01;BRASPINE;HORTO 12;PR;PRUDENTOPOLIS;12,20;12,20;170,07;21,10;81,97;7,95;39,69;31,93;99,95;109,99;0,00;1,57
2023.0;11.0;2023-11-01;BRASPINE;IZAU;PR;PIRAI DO SUL;19,37;11,60;123,88;20,22;81,18;8,61;35,81;31,43;99,51;132,22;0,00;1,06
2023.0;11.0;2023-11-01;BRASPINE;JOAO RICO;PR;JAGUARIAIVA;47,46;26,18;127,77;20,35;80,72;9,30;36,89;31,17;99,82;119,13;0,00;8,90
2023.0;11.0;2023-11-01;BRASPINE;LAGOA;PR;JAGUARIAIVA;24,10;10,78;131,23;20,38;82,29;9,89;32,16;32,34;100,00;107,17;0,00;7,69
2023.0;11.0;2023-11-01;BRASPINE;MARACANA;PR;JANDAIA DO SUL;11,45;11,45;250,58;23,69;74,95;12,01;30,05;35,62;99,83;70,65;0,00;8,65
2023.0;11.0;2023-11-01;BRASPINE;MARRECA;;;;;126,08;20,81;82,90;9,95;30,17;33,63;100,00;111,67;0,00;1,00
2023.0;11.0;2023-11-01;BRASPINE;MARRECA SP;SP;ITAPIRAPUA PAULISTA;675,30;236,19;130,79;21,47;82,94;10,56;29,64;34,90;100,00;100,30;0,00;6,01
2023.0;11.0;2023-11-01;BRASPINE;MARRECAS;;;;;157,70;19,59;82,06;6,76;38,02;30,04;99,97;142,15;0,00;2,14
2023.0;11.0;2023-11-01;BRASPINE;MERCADINHO;;;;;125,17;21,45;82,56;10,14;29,57;34,85;100,00;101,85;0,00;0,49
2023.0;11.0;2023-11-01;BRASPINE;MONTE ALEGRE;;;;;250,97;24,19;74,38;12,42;30,29;36,14;99,78;27,38;0,00;1,83
2023.0;11.0;2023-11-01;BRASPINE;MONTE TABOR II;;;;;131,09;20,98;83,53;9,97;33,46;33,39;100,00;100,08;0,00;32,96
2023.0;11.0;2023-11-01;BRASPINE;MOREIRA;PR;DOUTOR ULYSSES;230,52;68,68;130,68;20,65;82,56;9,89;31,30;32,92;100,00;109,79;0,00;5,08
2023.0;11.0;2023-11-01;BRASPINE;MOREIRAS II;PR;DOUTOR ULYSSES;66,76;28,75;128,59;20,65;82,56;9,89;31,30;32,92;100,00;109,79;0,00;5,08
2023.0;11.0;2023-11-01;BRASPINE;MORRETES;PR;ORTIGUEIRA;20,36;20,36;178,66;21,79;82,04;9,36;36,66;33,44;99,90;100,23;0,00;6,54
2023.0;11.0;2023-11-01;BRASPINE;MORRO AZUL;;;;;136,08;20,75;82,88;10,21;31,84;32,97;100,00;109,86;0,00;17,60
2023.0;11.0;2023-11-01;BRASPINE;OURO FINO;SP;APIAI;51,70;51,70;136,68;20,57;83,59;10,09;32,79;32,68;100,00;109,97;0,00;2,53
2023.0;11.0;2023-11-01;BRASPINE;PALMEIRINHA DE BAIXO - SOSSEGO;PR;SENGES;85,93;9,22;131,41;20,31;81,02;10,20;34,09;31,41;99,68;107,32;0,00;30,97
2023.0;11.0;2023-11-01;BRASPINE;PAZIN;PR;DOUTOR ULYSSES;41,20;23,90;129,01;20,81;82,90;9,95;30,17;33,63;100,00;111,67;0,00;1,00
2023.0;11.0;2023-11-01;BRASPINE;PEDRAS;PR;CASTRO;7,18;7,18;146,46;20,12;81,96;7,64;38,22;31,12;99,36;130,21;0,00;0,07
2023.0;11.0;2023-11-01;BRASPINE;PESCARIA;PR;SAO JOSE DA BOA VISTA;184,57;129,22;118,45;22,52;76,74;11,99;30,72;34,45;99,64;108,48;0,00;1,41
2023.0;11.0;2023-11-01;BRASPINE;PESSEGUEIRO;PR;DOUTOR ULYSSES;109,95;64,79;125,79;20,65;82,56;9,89;31,30;32,92;100,00;109,79;0,00;5,08
2023.0;11.0;2023-11-01;BRASPINE;PITANGA;;;;;181,19;20,77;80,66;8,85;42,09;31,07;100,00;98,05;0,00;3,70
2023.0;11.0;2023-11-01;BRASPINE;QUEIMADINHO ARROIO CLARO;PR;DOUTOR ULYSSES;48,13;19,09;126,38;20,65;82,56;9,89;31,30;32,92;100,00;109,79;0,00;5,08
2023.0;11.0;2023-11-01;BRASPINE;QUEIMADINHO M6042;PR;DOUTOR ULYSSES;48,38;18,50;126,38;20,65;82,56;9,89;31,30;32,92;100,00;109,79;0,00;5,08
2023.0;11.0;2023-11-01;BRASPINE;QUEIMADINHO USUCAPIAO;PR;DOUTOR ULYSSES;200,27;92,43;126,38;20,65;82,56;9,89;31,30;32,92;100,00;109,79;0,00;5,08
2023.0;11.0;2023-11-01;BRASPINE;RAMOS;PR;SENGES;69,83;38,15;131,00;20,38;82,29;9,89;32,16;32,34;100,00;107,17;0,00;7,69
2023.0;11.0;2023-11-01;BRASPINE;RIBEIRAO GRANDE;PR;JAGUARIAIVA;20,77;20,77;121,66;20,22;81,18;8,61;35,81;31,43;99,51;132,22;0,00;1,06
2023.0;11.0;2023-11-01;BRASPINE;RINCAO DE BAIXO;;;;;143,23;20,87;78,99;8,04;36,24;31,60;99,74;123,26;0,00;7,52
2023.0;11.0;2023-11-01;BRASPINE;RIO BOMBA;PR;CERRO AZUL;65,03;37,72;132,13;21,62;81,94;9,90;30,27;34,89;100,00;103,88;0,00;8,25
2023.0;11.0;2023-11-01;BRASPINE;RIO DO MEIO;PR;DOUTOR ULYSSES;712,33;389,13;128,01;20,65;82,56;9,89;31,30;32,92;100,00;109,79;0,00;5,08
2023.0;11.0;2023-11-01;BRASPINE;RONDON;PR;JAGUARIAIVA;2899,24;1475,88;128,73;20,30;81,30;10,19;34,64;31,43;99,68;106,41;0,00;0,27
2023.0;11.0;2023-11-01;BRASPINE;SANTA FELICIDADE;;;;;122,23;21,79;82,91;10,89;29,31;35,51;100,00;102,01;0,00;4,09
2023.0;11.0;2023-11-01;BRASPINE;SANTA LIDIA DO CERCADINHO;;;;;143,26;20,56;79,03;7,98;36,43;31,08;99,70;136,81;0,00;7,04
2023.0;11.0;2023-11-01;BRASPINE;SANTO ANTONIO;;;;;132,15;20,30;81,49;10,08;33,46;31,42;100,00;107,10;0,00;23,63
2023.0;11.0;2023-11-01;BRASPINE;SAO JOSE;PR;JANDAIA DO SUL;37,56;37,56;250,76;24,03;74,64;12,33;30,38;35,92;99,83;42,12;0,00;3,21
2023.0;11.0;2023-11-01;BRASPINE;SAO MATHEUS;;;;;264,08;25,25;73,22;11,82;31,40;37,26;99,61;11,82;0,00;0,69
2023.0;11.0;2023-11-01;BRASPINE;SAO PEDRO E SAO PAULO;PR;SAPOPEMA;709,13;323,93;152,37;22,00;77,37;10,69;33,77;32,50;99,54;105,47;0,00;1,84
2023.0;11.0;2023-11-01;BRASPINE;SAO RAFAEL;;;;;179,34;20,33;79,48;6,66;34,63;32,27;99,41;119,58;0,00;5,00
2023.0;11.0;2023-11-01;BRASPINE;SAO RAFAEL - PB;;;;;130,83;20,66;83,39;10,15;32,00;32,90;100,00;110,09;0,00;6,70
2023.0;11.0;2023-11-01;BRASPINE;SERRARIA;PR;DOUTOR ULYSSES;280,88;117,71;128,04;20,55;82,79;9,71;30,62;33,09;100,00;109,81;0,00;1,61
2023.0;11.0;2023-11-01;BRASPINE;SERRO VERDE;;;;;170,55;20,39;80,28;7,98;38,05;30,63;99,98;107,34;0,00;10,64
2023.0;11.0;2023-11-01;BRASPINE;SERTAOZINHO;PR;DOUTOR ULYSSES;16,25;16,25;138,19;20,65;82,56;9,89;31,30;32,92;100,00;109,79;0,00;5,08
2023.0;11.0;2023-11-01;BRASPINE;SITIO BASILIO;PR;JAGUARIAIVA;8,08;8,08;125,00;20,26;80,53;8,62;37,78;30,86;99,85;118,76;0,00;11,36
2023.0;11.0;2023-11-01;BRASPINE;SITIO DAS MARRECAS;PR;DOUTOR ULYSSES;77,49;35,17;129,60;21,28;82,93;10,38;29,79;34,54;100,00;114,36;0,00;0,01
2023.0;11.0;2023-11-01;BRASPINE;SOBRADINHO;SP;BOM SUCESSO DE ITARARE;285,80;123,10;131,56;20,25;82,41;9,94;33,14;31,56;100,00;107,09;0,00;13,10
2023.0;11.0;2023-11-01;BRASPINE;TAQUARAL;PR;JAGUARIAIVA;519,13;31,07;132,03;20,32;81,28;9,78;36,19;31,28;99,84;119,57;0,00;341,36
2023.0;11.0;2023-11-01;BRASPINE;TUCUNDUVA;PR;SENGES;82,21;60,89;132,61;20,95;79,00;10,42;34,04;32,10;99,88;111,43;0,00;0,20
2023.0;11.0;2023-11-01;BRASPINE;TUCUNDUVA - CHAMMA;;;;;128,50;21,07;78,73;10,97;33,61;32,31;99,77;113,66;0,00;26,83
2023.0;11.0;2023-11-01;BRASPINE;VIENA 1;PR;DOUTOR ULYSSES;263,98;178,34;130,85;20,15;82,43;8,64;33,33;31,87;100,00;119,63;0,00;2,55
2023.0;11.0;2023-11-01;BRASPINE;VIENA 2;PR;CERRO AZUL;140,23;96,54;132,19;21,62;81,94;9,90;30,27;34,89;100,00;103,88;0,00;8,25
2023.0;11.0;2023-11-01;BRASPINE;VITORIA;PR;SENGES;50,54;35,69;131,41;20,31;81,02;10,20;34,09;31,41;99,68;107,32;0,00;30,97
2023.0;11.0;2023-11-01;BRASPINE;VIVEIRO;PR;DOUTOR ULYSSES;405,39;261,22;128,59;20,65;82,56;9,89;31,30;32,92;100,00;109,79;0,00;5,08
2023.0;11.0;2023-11-01;BRASPINE;VO LINO;PR;DOUTOR ULYSSES;164,50;97,89;125,78;20,81;82,90;9,95;30,17;33,63;100,00;111,67;0,00;1,00
2023.0;11.0;2023-11-01;BRASPINE;XAXIM VELHO;;;;;159,12;19,68;82,00;6,41;38,81;30,25;100,00;112,71;0,00;9,99
2023.0;12.0;2023-12-01;BRASPINE;AGUA DOCE;PR;JAGUARIAIVA;238,97;121,99;69,71;22,15;75,42;13,89;36,20;30,54;99,58;58,25;0,00;12,08
2023.0;12.0;2023-12-01;BRASPINE;AMATA;;;;;68,87;24,16;75,44;16,50;31,10;34,40;99,99;0,00;0,00;3,50
2023.0;12.0;2023-12-01;BRASPINE;ANTA BRAVA;;;;;121,23;24,96;72,74;15,85;33,20;33,65;98,52;0,00;0,00;40,29
2023.0;12.0;2023-12-01;BRASPINE;ARAPONGAS;PR;SENGES;423,34;263,70;60,55;22,46;76,76;14,37;33,60;32,00;100,00;14,37;0,00;13,89
2023.0;12.0;2023-12-01;BRASPINE;ARROIO CLARO;PR;DOUTOR ULYSSES;275,14;92,00;65,54;22,65;77,05;14,81;32,75;32,63;100,00;14,81;0,00;1,05
2023.0;12.0;2023-12-01;BRASPINE;BARRA GRANDE;PR;DOUTOR ULYSSES;493,79;139,68;56,55;23,05;76,81;14,81;32,07;32,98;100,00;14,81;0,00;6,55
2023.0;12.0;2023-12-01;BRASPINE;BARRA GRANDE - BEMAIS;PR;GUARAPUAVA;299,16;108,61;153,75;21,64;78,45;14,21;40,13;30,04;99,97;72,69;0,00;3,87
2023.0;12.0;2023-12-01;BRASPINE;BARRETOS;PR;JAGUARIAIVA;43,35;32,98;62,44;22,30;76,35;14,24;35,49;31,41;99,99;58,39;0,00;7,02
2023.0;12.0;2023-12-01;BRASPINE;BAU;;;;;169,33;21,53;79,32;12,83;43,26;29,81;99,89;56,85;0,00;0,99
2023.0;12.0;2023-12-01;BRASPINE;BOA VISTA II;PR;PIRAI DO SUL;944,00;535,05;68,14;22,15;75,98;14,00;36,47;30,90;99,94;57,36;0,00;352,28
2023.0;12.0;2023-12-01;BRASPINE;BRASILEIRA;;;;;65,02;22,46;76,76;14,37;33,60;32,00;100,00;14,37;0,00;13,89
2023.0;12.0;2023-12-01;BRASPINE;BURACAO;;;;;80,00;22,33;76,40;14,73;38,56;31,52;99,72;29,52;0,00;3,24
2023.0;12.0;2023-12-01;BRASPINE;BURRINHO;PR;DOUTOR ULYSSES;211,01;100,37;65,55;22,65;77,05;14,81;32,75;32,63;100,00;14,81;0,00;1,05
2023.0;12.0;2023-12-01;BRASPINE;CADEADO I;PR;JAGUARIAIVA;21,07;12,29;61,30;22,18;76,66;14,18;35,23;31,52;100,00;44,09;0,00;2,77
2023.0;12.0;2023-12-01;BRASPINE;CADEADO II;PR;JAGUARIAIVA;21,88;16,79;61,30;22,18;76,66;14,18;35,23;31,52;100,00;44,09;0,00;2,77
2023.0;12.0;2023-12-01;BRASPINE;CAMPINA ALTA;PR;TIBAGI;29,77;18,24;102,29;23,32;75,85;15,01;35,55;32,09;99,93;0,00;0,00;0,88
2023.0;12.0;2023-12-01;BRASPINE;CAMPINA DO ELIAS;PR;JAGUARIAIVA;29,17;14,65;62,37;22,26;76,47;14,22;35,39;31,45;99,99;58,68;0,00;5,52
2023.0;12.0;2023-12-01;BRASPINE;CAMPO NOVO;PR;JAGUARIAIVA;295,98;156,36;62,24;22,18;76,66;14,18;35,23;31,52;100,00;44,09;0,00;2,77
2023.0;12.0;2023-12-01;BRASPINE;CONSULTORIA II A;PR;DOUTOR ULYSSES;89,62;60,79;64,43;22,46;76,76;14,37;33,60;32,00;100,00;14,37;0,00;13,89
2023.0;12.0;2023-12-01;BRASPINE;DINIZ;;;;;53,99;22,46;76,76;14,37;33,60;32,00;100,00;14,37;0,00;13,89
2023.0;12.0;2023-12-01;BRASPINE;ENES;PR;JAGUARIAIVA;5,93;5,69;62,47;22,18;76,66;14,18;35,23;31,52;100,00;44,09;0,00;2,77
2023.0;12.0;2023-12-01;BRASPINE;ENGENHARIA;;;;;53,99;22,46;76,76;14,37;33,60;32,00;100,00;14,37;0,00;13,89
2023.0;12.0;2023-12-01;BRASPINE;ESTACAO;PR;SENGES;4,76;4,14;59,96;22,18;76,66;14,18;35,23;31,52;100,00;44,09;0,00;2,77
2023.0;12.0;2023-12-01;BRASPINE;FAXINAL;PR;JAGUARIAIVA;20,65;20,65;62,47;22,18;76,66;14,18;35,23;31,52;100,00;44,09;0,00;2,77
2023.0;12.0;2023-12-01;BRASPINE;FEITAL;PR;DOUTOR ULYSSES;154,17;86,53;64,29;22,66;76,78;14,52;33,09;32,31;100,00;14,52;0,00;11,38
2023.0;12.0;2023-12-01;BRASPINE;FIGUEIRA;PR;DOUTOR ULYSSES;1053,81;315,71;66,11;22,65;77,05;14,81;32,75;32,63;100,00;14,81;0,00;1,05
2023.0;12.0;2023-12-01;BRASPINE;FIGUEIRINHA;PR;DOUTOR ULYSSES;94,37;56,74;67,47;22,65;77,05;14,81;32,75;32,63;100,00;14,81;0,00;1,05
2023.0;12.0;2023-12-01;BRASPINE;FLOEMA;PR;DOUTOR ULYSSES;2189,88;701,43;62,51;22,08;76,89;14,30;34,54;31,69;100,00;29,23;0,00;1,93
2023.0;12.0;2023-12-01;BRASPINE;FLOEMA I - SUDATI;;;;;59,90;22,46;76,76;14,37;33,60;32,00;100,00;14,37;0,00;13,89
2023.0;12.0;2023-12-01;BRASPINE;FLOEMA II - SUDATI;PR;DOUTOR ULYSSES;453,83;211,13;61,61;22,46;76,76;14,37;33,60;32,00;100,00;14,37;0,00;13,89
2023.0;12.0;2023-12-01;BRASPINE;FLOR DA SERRA;PR;SAO JOSE DA BOA VISTA;209,10;128,72;77,66;24,26;71,38;15,55;33,91;32,92;99,83;0,00;0,00;1,69
2023.0;12.0;2023-12-01;BRASPINE;GENTIL;PR;JAGUARIAIVA;126,77;53,33;70,37;22,03;75,16;13,88;36,73;30,37;99,46;57,89;0,00;1,67
2023.0;12.0;2023-12-01;BRASPINE;GUAIRACA;PR;GUARAPUAVA;623,62;169,31;147,62;21,75;78,48;14,69;40,34;30,06;99,99;59,00;0,00;5,83
2023.0;12.0;2023-12-01;BRASPINE;HERVAL 2 - MADALOSSO;;;;;79,50;22,33;76,40;14,73;38,56;31,52;99,72;29,52;0,00;3,24
2023.0;12.0;2023-12-01;BRASPINE;HERVAL DE BAIXO;PR;RESERVA;827,29;475,92;109,88;23,26;76,65;14,84;35,35;32,06;99,88;14,84;0,00;0,72
2023.0;12.0;2023-12-01;BRASPINE;HORTO 01;PR;TURVO;19,12;19,12;167,91;22,37;79,43;13,96;42,17;30,72;99,58;28,15;0,00;2,77
2023.0;12.0;2023-12-01;BRASPINE;HORTO 02;PR;TURVO;4,24;4,24;167,83;22,37;79,43;13,96;42,17;30,72;99,58;28,15;0,00;2,77
2023.0;12.0;2023-12-01;BRASPINE;HORTO 03;PR;PRUDENTOPOLIS;80,91;25,89;166,19;22,89;78,48;14,73;39,90;31,43;99,91;29,54;0,00;7,40
2023.0;12.0;2023-12-01;BRASPINE;HORTO 08;PR;TURVO;9,53;9,53;167,98;22,89;78,48;14,73;39,90;31,43;99,91;29,54;0,00;7,40
2023.0;12.0;2023-12-01;BRASPINE;HORTO 12;PR;PRUDENTOPOLIS;12,20;12,20;163,85;22,89;78,48;14,73;39,90;31,43;99,91;29,54;0,00;7,40
2023.0;12.0;2023-12-01;BRASPINE;IZAU;PR;PIRAI DO SUL;19,37;11,60;81,65;22,11;75,46;14,10;36,51;30,74;99,41;57,40;0,00;1,55
2023.0;12.0;2023-12-01;BRASPINE;JOAO RICO;PR;JAGUARIAIVA;47,46;26,18;69,41;22,15;75,42;13,89;36,20;30,54;99,58;58,25;0,00;12,08
2023.0;12.0;2023-12-01;BRASPINE;LAGOA;PR;JAGUARIAIVA;24,10;10,78;60,97;22,18;76,66;14,18;35,23;31,52;100,00;44,09;0,00;2,77
2023.0;12.0;2023-12-01;BRASPINE;MARACANA;PR;JANDAIA DO SUL;11,45;11,45;202,72;24,89;74,04;17,11;34,73;33,26;99,84;0,00;0,00;4,04
2023.0;12.0;2023-12-01;BRASPINE;MARRECA;;;;;65,94;22,65;77,05;14,81;32,75;32,63;100,00;14,81;0,00;1,05
2023.0;12.0;2023-12-01;BRASPINE;MARRECA SP;SP;ITAPIRAPUA PAULISTA;675,30;236,19;68,40;23,44;76,91;15,21;30,87;33,78;100,00;0,00;0,00;355,93
2023.0;12.0;2023-12-01;BRASPINE;MARRECAS;;;;;154,05;21,13;78,77;13,92;40,92;29,33;100,00;71,16;0,00;0,20
2023.0;12.0;2023-12-01;BRASPINE;MERCADINHO;;;;;68,61;23,45;76,26;15,66;31,29;33,61;100,00;0,00;0,00;0,43
2023.0;12.0;2023-12-01;BRASPINE;MONTE ALEGRE;;;;;209,07;25,38;73,86;17,32;34,79;33,81;99,82;0,00;0,00;2,62
2023.0;12.0;2023-12-01;BRASPINE;MONTE TABOR II;;;;;77,68;22,45;79,03;14,08;31,48;32,76;99,99;14,08;0,00;1,21
2023.0;12.0;2023-12-01;BRASPINE;MOREIRA;PR;DOUTOR ULYSSES;230,52;68,68;61,61;22,46;76,76;14,37;33,60;32,00;100,00;14,37;0,00;13,89
2023.0;12.0;2023-12-01;BRASPINE;MOREIRAS II;PR;DOUTOR ULYSSES;66,76;28,75;64,85;22,46;76,76;14,37;33,60;32,00;100,00;14,37;0,00;13,89
2023.0;12.0;2023-12-01;BRASPINE;MORRETES;PR;ORTIGUEIRA;20,36;20,36;106,07;23,70;77,21;15,35;35,04;32,60;99,83;0,00;0,00;1,80
2023.0;12.0;2023-12-01;BRASPINE;MORRO AZUL;;;;;50,65;22,57;77,33;14,02;33,13;32,36;100,00;14,02;0,00;6,66
2023.0;12.0;2023-12-01;BRASPINE;OURO FINO;SP;APIAI;51,70;51,70;72,15;22,17;78,76;13,74;33,42;32,30;100,00;13,74;0,00;9,70
2023.0;12.0;2023-12-01;BRASPINE;PALMEIRINHA DE BAIXO - SOSSEGO;PR;SENGES;85,93;9,22;57,64;22,00;75,83;13,58;32,67;30,74;99,83;28,45;0,00;31,77
2023.0;12.0;2023-12-01;BRASPINE;PAZIN;PR;DOUTOR ULYSSES;41,20;23,90;65,23;22,65;77,05;14,81;32,75;32,63;100,00;14,81;0,00;1,05
2023.0;12.0;2023-12-01;BRASPINE;PEDRAS;PR;CASTRO;7,18;7,18;65,15;22,03;76,53;14,07;39,71;30,66;99,66;57,17;0,00;1,40
2023.0;12.0;2023-12-01;BRASPINE;PESCARIA;PR;SAO JOSE DA BOA VISTA;184,57;129,22;75,55;24,44;70,70;15,56;31,99;33,31;99,82;0,00;0,00;1,99
2023.0;12.0;2023-12-01;BRASPINE;PESSEGUEIRO;PR;DOUTOR ULYSSES;109,95;64,79;59,89;22,46;76,76;14,37;33,60;32,00;100,00;14,37;0,00;13,89
2023.0;12.0;2023-12-01;BRASPINE;PITANGA;;;;;191,13;22,30;79,00;13,16;43,53;30,61;99,91;28,12;0,00;3,35
2023.0;12.0;2023-12-01;BRASPINE;QUEIMADINHO ARROIO CLARO;PR;DOUTOR ULYSSES;48,13;19,09;65,02;22,46;76,76;14,37;33,60;32,00;100,00;14,37;0,00;13,89
2023.0;12.0;2023-12-01;BRASPINE;QUEIMADINHO M6042;PR;DOUTOR ULYSSES;48,38;18,50;65,02;22,46;76,76;14,37;33,60;32,00;100,00;14,37;0,00;13,89
2023.0;12.0;2023-12-01;BRASPINE;QUEIMADINHO USUCAPIAO;PR;DOUTOR ULYSSES;200,27;92,43;65,02;22,46;76,76;14,37;33,60;32,00;100,00;14,37;0,00;13,89
2023.0;12.0;2023-12-01;BRASPINE;RAMOS;PR;SENGES;69,83;38,15;59,90;22,18;76,66;14,18;35,23;31,52;100,00;44,09;0,00;2,77
2023.0;12.0;2023-12-01;BRASPINE;RIBEIRAO GRANDE;PR;JAGUARIAIVA;20,77;20,77;83,32;22,11;75,46;14,10;36,51;30,74;99,41;57,40;0,00;1,55
2023.0;12.0;2023-12-01;BRASPINE;RINCAO DE BAIXO;;;;;95,48;22,78;72,91;14,42;37,04;31,17;99,69;14,42;0,00;2,80
2023.0;12.0;2023-12-01;BRASPINE;RIO BOMBA;PR;CERRO AZUL;65,03;37,72;69,39;23,68;75,35;15,89;31,75;33,60;99,93;0,00;0,00;4,90
2023.0;12.0;2023-12-01;BRASPINE;RIO DO MEIO;PR;DOUTOR ULYSSES;712,33;389,13;64,88;22,46;76,76;14,37;33,60;32,00;100,00;14,37;0,00;13,89
2023.0;12.0;2023-12-01;BRASPINE;RONDON;PR;JAGUARIAIVA;2899,24;1475,88;63,81;22,03;76,11;13,77;34,83;30,76;99,83;28,68;0,00;2,90
2023.0;12.0;2023-12-01;BRASPINE;SANTA FELICIDADE;;;;;67,16;23,79;77,01;15,31;29,77;34,47;100,00;0,00;0,00;0,62
2023.0;12.0;2023-12-01;BRASPINE;SANTA LIDIA DO CERCADINHO;;;;;93,18;22,44;72,83;14,31;37,46;30,65;99,66;14,31;0,00;2,40
2023.0;12.0;2023-12-01;BRASPINE;SANTO ANTONIO;;;;;59,37;22,00;76,11;13,42;31,75;30,99;100,00;43,23;0,00;9,64
2023.0;12.0;2023-12-01;BRASPINE;SAO JOSE;PR;JANDAIA DO SUL;37,56;37,56;207,45;25,22;74,02;17,24;34,89;33,62;99,88;0,00;0,00;0,27
2023.0;12.0;2023-12-01;BRASPINE;SAO MATHEUS;;;;;206,82;26,39;73,91;17,84;35,02;35,10;99,64;0,00;0,00;2,34
2023.0;12.0;2023-12-01;BRASPINE;SAO PEDRO E SAO PAULO;PR;SAPOPEMA;709,13;323,93;88,91;23,46;73,78;15,60;35,36;31,64;99,62;0,00;0,00;0,54
2023.0;12.0;2023-12-01;BRASPINE;SAO RAFAEL;;;;;77,74;22,14;76,16;14,29;36,05;31,10;99,78;43,30;0,00;1,40
2023.0;12.0;2023-12-01;BRASPINE;SAO RAFAEL - PB;;;;;66,94;22,33;78,34;13,85;33,08;32,43;100,00;13,85;0,00;329,24
2023.0;12.0;2023-12-01;BRASPINE;SERRARIA;PR;DOUTOR ULYSSES;280,88;117,71;65,21;22,36;76,97;14,56;33,64;32,16;100,00;14,56;0,00;1,50
2023.0;12.0;2023-12-01;BRASPINE;SERRO VERDE;;;;;190,20;21,91;78,51;13,12;42,10;30,41;99,84;42,74;0,00;5,22
2023.0;12.0;2023-12-01;BRASPINE;SERTAOZINHO;PR;DOUTOR ULYSSES;16,25;16,25;54,53;22,46;76,76;14,37;33,60;32,00;100,00;14,37;0,00;13,89
2023.0;12.0;2023-12-01;BRASPINE;SITIO BASILIO;PR;JAGUARIAIVA;8,08;8,08;70,10;22,04;75,14;13,82;36,65;30,33;99,49;58,15;0,00;349,57
2023.0;12.0;2023-12-01;BRASPINE;SITIO DAS MARRECAS;PR;DOUTOR ULYSSES;77,49;35,17;67,96;23,21;76,95;15,10;31,41;33,39;100,00;0,00;0,00;0,36
2023.0;12.0;2023-12-01;BRASPINE;SOBRADINHO;SP;BOM SUCESSO DE ITARARE;285,80;123,10;59,14;21,91;77,21;13,35;32,17;31,21;100,00;28,12;0,00;7,48
2023.0;12.0;2023-12-01;BRASPINE;TAQUARAL;PR;JAGUARIAIVA;519,13;31,07;62,96;22,11;76,03;13,78;35,99;30,70;99,99;58,22;0,00;7,13
2023.0;12.0;2023-12-01;BRASPINE;TUCUNDUVA;PR;SENGES;82,21;60,89;65,38;22,67;73,68;13,90;33,31;31,29;99,69;13,90;0,00;10,05
2023.0;12.0;2023-12-01;BRASPINE;TUCUNDUVA - CHAMMA;;;;;67,23;22,81;73,43;14,21;32,48;31,43;99,63;14,21;0,00;4,99
2023.0;12.0;2023-12-01;BRASPINE;VIENA 1;PR;DOUTOR ULYSSES;263,98;178,34;68,42;21,96;76,67;14,12;36,73;31,15;100,00;58,41;0,00;2,42
2023.0;12.0;2023-12-01;BRASPINE;VIENA 2;PR;CERRO AZUL;140,23;96,54;69,32;23,68;75,35;15,89;31,75;33,60;99,93;0,00;0,00;4,90
2023.0;12.0;2023-12-01;BRASPINE;VITORIA;PR;SENGES;50,54;35,69;57,64;22,00;75,83;13,58;32,67;30,74;99,83;28,45;0,00;31,77
2023.0;12.0;2023-12-01;BRASPINE;VIVEIRO;PR;DOUTOR ULYSSES;405,39;261,22;64,85;22,46;76,76;14,37;33,60;32,00;100,00;14,37;0,00;13,89
2023.0;12.0;2023-12-01;BRASPINE;VO LINO;PR;DOUTOR ULYSSES;164,50;97,89;65,63;22,65;77,05;14,81;32,75;32,63;100,00;14,81;0,00;1,05
2023.0;12.0;2023-12-01;BRASPINE;XAXIM VELHO;;;;;154,58;21,31;78,94;14,60;40,20;29,55;100,00;73,61;0,00;2,08
