ANO;MES;DATA;EMPRESA;FAZENDA;UF;MUNICIPIO;AREA_T;AREA_PRODU;PRECIP_CHIRPS_MM;TEMP_MEDIA_C;UMID_MEDIA_PCT;TEMP_MIN_C;UMID_MIN_PCT;TEMP_MAX_C;UMID_MAX_PCT;NOITES_FRIAS_Eucalipto_<15C;NOITES_FRIAS_Pinus_<5C;DIRECAO_VENTO_GRAUS
2017.0;1.0;2017-01-01;BRASPINE;AGUA DOCE;PR;JAGUARIAIVA;238,97;121,99;226,78;21,21;86,98;15,00;42,78;28,92;99,77;0,00;0,00;0,74
2017.0;1.0;2017-01-01;BRASPINE;AMATA;;;;;200,76;22,90;86,39;16,09;36,52;31,66;100,00;0,00;0,00;3,68
2017.0;1.0;2017-01-01;BRASPINE;ANTA BRAVA;;;;;297,77;23,73;83,23;18,41;39,61;32,50;99,78;0,00;0,00;1,49
2017.0;1.0;2017-01-01;BRASPINE;ARAPONGAS;PR;SENGES;423,34;263,70;243,95;21,34;88,51;15,35;41,67;29,92;100,00;0,00;0,00;11,89
2017.0;1.0;2017-01-01;BRASPINE;ARROIO CLARO;PR;DOUTOR ULYSSES;275,14;92,00;221,53;21,57;88,24;15,22;39,68;30,26;100,00;0,00;0,00;1,23
2017.0;1.0;2017-01-01;BRASPINE;BARRA GRANDE;PR;DOUTOR ULYSSES;493,79;139,68;258,80;21,86;88,59;15,66;41,77;30,55;100,00;0,00;0,00;3,87
2017.0;1.0;2017-01-01;BRASPINE;BARRA GRANDE - BEMAIS;PR;GUARAPUAVA;299,16;108,61;152,55;20,85;85,40;14,18;39,72;28,34;99,99;14,18;0,00;1,76
2017.0;1.0;2017-01-01;BRASPINE;BARRETOS;PR;JAGUARIAIVA;43,35;32,98;245,86;21,31;87,97;15,09;41,94;29,53;99,97;0,00;0,00;0,32
2017.0;1.0;2017-01-01;BRASPINE;BAU;;;;;156,90;20,82;85,38;13,61;44,01;27,97;99,86;13,61;0,00;1,17
2017.0;1.0;2017-01-01;BRASPINE;BOA VISTA II;PR;PIRAI DO SUL;944,00;535,05;228,43;21,33;87,33;14,92;42,53;29,21;99,94;14,92;0,00;2,11
2017.0;1.0;2017-01-01;BRASPINE;BRASILEIRA;;;;;253,43;21,34;88,51;15,35;41,67;29,92;100,00;0,00;0,00;11,89
2017.0;1.0;2017-01-01;BRASPINE;BURACAO;;;;;178,28;21,45;85,87;14,41;38,28;29,86;99,83;14,41;0,00;3,21
2017.0;1.0;2017-01-01;BRASPINE;BURRINHO;PR;DOUTOR ULYSSES;211,01;100,37;223,37;21,57;88,24;15,22;39,68;30,26;100,00;0,00;0,00;1,23
2017.0;1.0;2017-01-01;BRASPINE;CADEADO I;PR;JAGUARIAIVA;21,07;12,29;254,64;21,14;88,17;14,96;41,93;29,54;100,00;14,96;0,00;0,10
2017.0;1.0;2017-01-01;BRASPINE;CADEADO II;PR;JAGUARIAIVA;21,88;16,79;254,64;21,14;88,17;14,96;41,93;29,54;100,00;14,96;0,00;0,10
2017.0;1.0;2017-01-01;BRASPINE;CAMPINA ALTA;PR;TIBAGI;29,77;18,24;145,19;22,10;85,82;15,68;41,08;29,62;99,91;0,00;0,00;10,87
2017.0;1.0;2017-01-01;BRASPINE;CAMPINA DO ELIAS;PR;JAGUARIAIVA;29,17;14,65;245,18;21,25;88,04;15,04;41,94;29,53;99,98;0,00;0,00;1,80
2017.0;1.0;2017-01-01;BRASPINE;CAMPO NOVO;PR;JAGUARIAIVA;295,98;156,36;256,87;21,14;88,17;14,96;41,93;29,54;100,00;14,96;0,00;0,10
2017.0;1.0;2017-01-01;BRASPINE;CONSULTORIA II A;PR;DOUTOR ULYSSES;89,62;60,79;245,26;21,34;88,51;15,35;41,67;29,92;100,00;0,00;0,00;11,89
2017.0;1.0;2017-01-01;BRASPINE;DINIZ;;;;;253,84;21,34;88,51;15,35;41,67;29,92;100,00;0,00;0,00;11,89
2017.0;1.0;2017-01-01;BRASPINE;ENES;PR;JAGUARIAIVA;5,93;5,69;258,87;21,14;88,17;14,96;41,93;29,54;100,00;14,96;0,00;0,10
2017.0;1.0;2017-01-01;BRASPINE;ENGENHARIA;;;;;253,84;21,34;88,51;15,35;41,67;29,92;100,00;0,00;0,00;11,89
2017.0;1.0;2017-01-01;BRASPINE;ESTACAO;PR;SENGES;4,76;4,14;244,49;21,14;88,17;14,96;41,93;29,54;100,00;14,96;0,00;0,10
2017.0;1.0;2017-01-01;BRASPINE;FAXINAL;PR;JAGUARIAIVA;20,65;20,65;258,87;21,14;88,17;14,96;41,93;29,54;100,00;14,96;0,00;0,10
2017.0;1.0;2017-01-01;BRASPINE;FEITAL;PR;DOUTOR ULYSSES;154,17;86,53;253,90;21,51;88,54;15,45;41,70;30,13;100,00;0,00;0,00;9,18
2017.0;1.0;2017-01-01;BRASPINE;FIGUEIRA;PR;DOUTOR ULYSSES;1053,81;315,71;248,55;21,57;88,24;15,22;39,68;30,26;100,00;0,00;0,00;1,23
2017.0;1.0;2017-01-01;BRASPINE;FIGUEIRINHA;PR;DOUTOR ULYSSES;94,37;56,74;248,50;21,57;88,24;15,22;39,68;30,26;100,00;0,00;0,00;1,23
2017.0;1.0;2017-01-01;BRASPINE;FLOEMA;PR;DOUTOR ULYSSES;2189,88;701,43;239,73;21,05;88,13;14,45;40,52;29,59;100,00;14,45;0,00;2,21
2017.0;1.0;2017-01-01;BRASPINE;FLOEMA I - SUDATI;;;;;244,75;21,34;88,51;15,35;41,67;29,92;100,00;0,00;0,00;11,89
2017.0;1.0;2017-01-01;BRASPINE;FLOEMA II - SUDATI;PR;DOUTOR ULYSSES;453,83;211,13;246,07;21,34;88,51;15,35;41,67;29,92;100,00;0,00;0,00;11,89
2017.0;1.0;2017-01-01;BRASPINE;FLOR DA SERRA;PR;SAO JOSE DA BOA VISTA;209,10;128,72;229,22;23,10;82,15;17,53;47,18;31,89;99,33;0,00;0,00;0,51
2017.0;1.0;2017-01-01;BRASPINE;GENTIL;PR;JAGUARIAIVA;126,77;53,33;214,35;20,98;86,68;14,67;43,14;28,41;99,72;14,67;0,00;338,58
2017.0;1.0;2017-01-01;BRASPINE;GUAIRACA;PR;GUARAPUAVA;623,62;169,31;162,85;21,07;84,96;14,41;40,58;28,77;99,98;14,41;0,00;3,54
2017.0;1.0;2017-01-01;BRASPINE;HERVAL 2 - MADALOSSO;;;;;182,40;21,45;85,87;14,41;38,28;29,86;99,83;14,41;0,00;3,21
2017.0;1.0;2017-01-01;BRASPINE;HERVAL DE BAIXO;PR;RESERVA;827,29;475,92;184,81;22,08;86,05;15,74;41,87;29,57;99,83;0,00;0,00;7,70
2017.0;1.0;2017-01-01;BRASPINE;HORTO 01;PR;TURVO;19,12;19,12;150,84;21,48;86,51;14,50;44,04;28,54;99,79;14,50;0,00;352,93
2017.0;1.0;2017-01-01;BRASPINE;HORTO 02;PR;TURVO;4,24;4,24;147,46;21,48;86,51;14,50;44,04;28,54;99,79;14,50;0,00;352,93
2017.0;1.0;2017-01-01;BRASPINE;HORTO 03;PR;PRUDENTOPOLIS;80,91;25,89;162,20;21,99;85,60;15,28;41,17;29,45;99,88;0,00;0,00;0,54
2017.0;1.0;2017-01-01;BRASPINE;HORTO 08;PR;TURVO;9,53;9,53;156,81;21,99;85,60;15,28;41,17;29,45;99,88;0,00;0,00;0,54
2017.0;1.0;2017-01-01;BRASPINE;HORTO 12;PR;PRUDENTOPOLIS;12,20;12,20;165,38;21,99;85,60;15,28;41,17;29,45;99,88;0,00;0,00;0,54
2017.0;1.0;2017-01-01;BRASPINE;IZAU;PR;PIRAI DO SUL;19,37;11,60;223,33;21,01;87,03;14,63;42,65;28,53;99,58;14,63;0,00;4,25
2017.0;1.0;2017-01-01;BRASPINE;JOAO RICO;PR;JAGUARIAIVA;47,46;26,18;222,36;21,21;86,98;15,00;42,78;28,92;99,77;0,00;0,00;0,74
2017.0;1.0;2017-01-01;BRASPINE;LAGOA;PR;JAGUARIAIVA;24,10;10,78;248,08;21,14;88,17;14,96;41,93;29,54;100,00;14,96;0,00;0,10
2017.0;1.0;2017-01-01;BRASPINE;MARACANA;PR;JANDAIA DO SUL;11,45;11,45;160,75;23,36;85,04;17,23;53,38;30,27;99,95;0,00;0,00;6,07
2017.0;1.0;2017-01-01;BRASPINE;MARRECA;;;;;249,86;21,57;88,24;15,22;39,68;30,26;100,00;0,00;0,00;1,23
2017.0;1.0;2017-01-01;BRASPINE;MARRECA SP;SP;ITAPIRAPUA PAULISTA;675,30;236,19;246,69;22,30;88,15;15,88;39,91;31,21;100,00;0,00;0,00;0,19
2017.0;1.0;2017-01-01;BRASPINE;MARRECAS;;;;;157,93;20,36;85,46;13,52;40,45;28,03;100,00;28,19;0,00;0,33
2017.0;1.0;2017-01-01;BRASPINE;MERCADINHO;;;;;221,34;22,16;87,27;15,80;37,47;30,92;100,00;0,00;0,00;3,76
2017.0;1.0;2017-01-01;BRASPINE;MONTE ALEGRE;;;;;139,15;23,87;84,04;17,90;52,19;30,88;99,91;0,00;0,00;21,77
2017.0;1.0;2017-01-01;BRASPINE;MONTE TABOR II;;;;;243,64;21,69;89,03;16,23;43,52;30,40;100,00;0,00;0,00;1,06
2017.0;1.0;2017-01-01;BRASPINE;MOREIRA;PR;DOUTOR ULYSSES;230,52;68,68;246,07;21,34;88,51;15,35;41,67;29,92;100,00;0,00;0,00;11,89
2017.0;1.0;2017-01-01;BRASPINE;MOREIRAS II;PR;DOUTOR ULYSSES;66,76;28,75;245,15;21,34;88,51;15,35;41,67;29,92;100,00;0,00;0,00;11,89
2017.0;1.0;2017-01-01;BRASPINE;MORRETES;PR;ORTIGUEIRA;20,36;20,36;192,97;22,51;86,03;16,20;44,23;29,91;99,83;0,00;0,00;5,00
2017.0;1.0;2017-01-01;BRASPINE;MORRO AZUL;;;;;251,65;21,56;89,06;15,72;42,99;30,21;100,00;0,00;0,00;11,49
2017.0;1.0;2017-01-01;BRASPINE;OURO FINO;SP;APIAI;51,70;51,70;267,96;21,38;89,62;15,86;43,85;30,01;100,00;0,00;0,00;0,67
2017.0;1.0;2017-01-01;BRASPINE;PALMEIRINHA DE BAIXO - SOSSEGO;PR;SENGES;85,93;9,22;251,66;20,89;87,97;15,25;41,34;29,19;99,86;0,00;0,00;20,92
2017.0;1.0;2017-01-01;BRASPINE;PAZIN;PR;DOUTOR ULYSSES;41,20;23,90;256,49;21,57;88,24;15,22;39,68;30,26;100,00;0,00;0,00;1,23
2017.0;1.0;2017-01-01;BRASPINE;PEDRAS;PR;CASTRO;7,18;7,18;199,29;21,16;87,01;14,52;44,68;28,50;99,81;14,52;0,00;4,35
2017.0;1.0;2017-01-01;BRASPINE;PESCARIA;PR;SAO JOSE DA BOA VISTA;184,57;129,22;251,28;23,22;82,02;17,42;45,18;32,07;99,49;0,00;0,00;0,04
2017.0;1.0;2017-01-01;BRASPINE;PESSEGUEIRO;PR;DOUTOR ULYSSES;109,95;64,79;241,25;21,34;88,51;15,35;41,67;29,92;100,00;0,00;0,00;11,89
2017.0;1.0;2017-01-01;BRASPINE;PITANGA;;;;;216,70;21,46;85,45;13,87;47,65;28,29;99,77;13,87;0,00;2,34
2017.0;1.0;2017-01-01;BRASPINE;QUEIMADINHO ARROIO CLARO;PR;DOUTOR ULYSSES;48,13;19,09;253,43;21,34;88,51;15,35;41,67;29,92;100,00;0,00;0,00;11,89
2017.0;1.0;2017-01-01;BRASPINE;QUEIMADINHO M6042;PR;DOUTOR ULYSSES;48,38;18,50;253,43;21,34;88,51;15,35;41,67;29,92;100,00;0,00;0,00;11,89
2017.0;1.0;2017-01-01;BRASPINE;QUEIMADINHO USUCAPIAO;PR;DOUTOR ULYSSES;200,27;92,43;253,43;21,34;88,51;15,35;41,67;29,92;100,00;0,00;0,00;11,89
2017.0;1.0;2017-01-01;BRASPINE;RAMOS;PR;SENGES;69,83;38,15;244,75;21,14;88,17;14,96;41,93;29,54;100,00;14,96;0,00;0,10
2017.0;1.0;2017-01-01;BRASPINE;RIBEIRAO GRANDE;PR;JAGUARIAIVA;20,77;20,77;217,07;21,01;87,03;14,63;42,65;28,53;99,58;14,63;0,00;4,25
2017.0;1.0;2017-01-01;BRASPINE;RINCAO DE BAIXO;;;;;177,19;21,60;84,19;14,95;40,86;28,86;99,79;14,95;0,00;8,38
2017.0;1.0;2017-01-01;BRASPINE;RIO BOMBA;PR;CERRO AZUL;65,03;37,72;207,66;22,50;86,25;15,76;36,76;31,31;99,97;0,00;0,00;5,53
2017.0;1.0;2017-01-01;BRASPINE;RIO DO MEIO;PR;DOUTOR ULYSSES;712,33;389,13;247,34;21,34;88,51;15,35;41,67;29,92;100,00;0,00;0,00;11,89
2017.0;1.0;2017-01-01;BRASPINE;RONDON;PR;JAGUARIAIVA;2899,24;1475,88;242,11;20,97;87,92;15,11;42,06;29,10;99,88;0,00;0,00;26,93
2017.0;1.0;2017-01-01;BRASPINE;SANTA FELICIDADE;;;;;254,50;22,72;88,01;16,48;39,79;31,82;100,00;0,00;0,00;7,20
2017.0;1.0;2017-01-01;BRASPINE;SANTA LIDIA DO CERCADINHO;;;;;179,57;21,26;84,29;14,77;41,33;28,37;99,80;14,77;0,00;5,61
2017.0;1.0;2017-01-01;BRASPINE;SANTO ANTONIO;;;;;246,45;20,95;88,28;15,35;41,28;29,47;100,00;0,00;0,00;16,81
2017.0;1.0;2017-01-01;BRASPINE;SAO JOSE;PR;JANDAIA DO SUL;37,56;37,56;143,22;23,72;84,25;17,68;52,41;30,68;99,92;0,00;0,00;5,57
2017.0;1.0;2017-01-01;BRASPINE;SAO MATHEUS;;;;;161,99;24,93;83,69;18,85;51,38;32,22;99,97;0,00;0,00;4,97
2017.0;1.0;2017-01-01;BRASPINE;SAO PEDRO E SAO PAULO;PR;SAPOPEMA;709,13;323,93;196,64;22,20;84,95;16,94;54,19;29,80;99,37;0,00;0,00;0,61
2017.0;1.0;2017-01-01;BRASPINE;SAO RAFAEL;;;;;167,53;21,54;84,67;13,60;39,82;29,51;99,57;13,60;0,00;0,00
2017.0;1.0;2017-01-01;BRASPINE;SAO RAFAEL - PB;;;;;254,04;21,47;89,47;15,89;43,09;30,17;100,00;0,00;0,00;3,64
2017.0;1.0;2017-01-01;BRASPINE;SERRARIA;PR;DOUTOR ULYSSES;280,88;117,71;246,85;21,31;88,19;14,84;40,10;29,93;100,00;14,84;0,00;1,73
2017.0;1.0;2017-01-01;BRASPINE;SERRO VERDE;;;;;160,83;21,14;84,19;13,33;43,76;28,37;99,84;13,33;0,00;2,77
2017.0;1.0;2017-01-01;BRASPINE;SERTAOZINHO;PR;DOUTOR ULYSSES;16,25;16,25;255,04;21,34;88,51;15,35;41,67;29,92;100,00;0,00;0,00;11,89
2017.0;1.0;2017-01-01;BRASPINE;SITIO BASILIO;PR;JAGUARIAIVA;8,08;8,08;226,32;21,03;86,65;14,77;43,20;28,51;99,77;14,77;0,00;3,06
2017.0;1.0;2017-01-01;BRASPINE;SITIO DAS MARRECAS;PR;DOUTOR ULYSSES;77,49;35,17;258,29;22,09;88,18;15,69;39,85;30,94;100,00;0,00;0,00;0,75
2017.0;1.0;2017-01-01;BRASPINE;SOBRADINHO;SP;BOM SUCESSO DE ITARARE;285,80;123,10;251,72;20,91;89,05;15,48;43,63;29,41;100,00;0,00;0,00;11,18
2017.0;1.0;2017-01-01;BRASPINE;TAQUARAL;PR;JAGUARIAIVA;519,13;31,07;247,79;21,19;87,66;15,10;42,71;29,13;99,98;0,00;0,00;1,84
2017.0;1.0;2017-01-01;BRASPINE;TUCUNDUVA;PR;SENGES;82,21;60,89;291,29;21,67;84,86;15,90;43,00;29,81;99,67;0,00;0,00;1,41
2017.0;1.0;2017-01-01;BRASPINE;TUCUNDUVA - CHAMMA;;;;;293,37;21,66;85,22;16,02;42,57;29,92;99,59;0,00;0,00;16,64
2017.0;1.0;2017-01-01;BRASPINE;VIENA 1;PR;DOUTOR ULYSSES;263,98;178,34;225,66;20,97;88,00;14,53;42,16;29,08;100,00;14,53;0,00;4,95
2017.0;1.0;2017-01-01;BRASPINE;VIENA 2;PR;CERRO AZUL;140,23;96,54;208,24;22,50;86,25;15,76;36,76;31,31;99,97;0,00;0,00;5,53
2017.0;1.0;2017-01-01;BRASPINE;VITORIA;PR;SENGES;50,54;35,69;251,66;20,89;87,97;15,25;41,34;29,19;99,86;0,00;0,00;20,92
2017.0;1.0;2017-01-01;BRASPINE;VIVEIRO;PR;DOUTOR ULYSSES;405,39;261,22;245,15;21,34;88,51;15,35;41,67;29,92;100,00;0,00;0,00;11,89
2017.0;1.0;2017-01-01;BRASPINE;VO LINO;PR;DOUTOR ULYSSES;164,50;97,89;239,33;21,57;88,24;15,22;39,68;30,26;100,00;0,00;0,00;1,23
2017.0;1.0;2017-01-01;BRASPINE;XAXIM VELHO;;;;;167,06;20,62;85,21;13,61;41,76;28,46;100,00;28,23;0,00;3,59
2017.0;2.0;2017-02-01;BRASPINE;AGUA DOCE;PR;JAGUARIAIVA;238,97;121,99;139,07;21,92;82,27;16,80;42,57;30,04;99,77;0,00;0,00;0,98
2017.0;2.0;2017-02-01;BRASPINE;AMATA;;;;;102,62;23,67;82,60;18,05;37,25;32,95;100,00;0,00;0,00;1,62
2017.0;2.0;2017-02-01;BRASPINE;ANTA BRAVA;;;;;127,40;24,80;76,24;18,53;34,87;33,26;99,35;0,00;0,00;3,48
2017.0;2.0;2017-02-01;BRASPINE;ARAPONGAS;PR;SENGES;423,34;263,70;154,52;22,05;84,46;17,10;38,07;30,98;100,00;0,00;0,00;2,01
2017.0;2.0;2017-02-01;BRASPINE;ARROIO CLARO;PR;DOUTOR ULYSSES;275,14;92,00;129,68;22,22;84,66;16,79;37,60;31,25;100,00;0,00;0,00;1,16
2017.0;2.0;2017-02-01;BRASPINE;BARRA GRANDE;PR;DOUTOR ULYSSES;493,79;139,68;139,05;22,63;84,66;17,67;37,21;31,87;100,00;0,00;0,00;0,38
2017.0;2.0;2017-02-01;BRASPINE;BARRA GRANDE - BEMAIS;PR;GUARAPUAVA;299,16;108,61;184,45;20,98;85,82;16,20;44,86;28,66;99,99;0,00;0,00;23,75
2017.0;2.0;2017-02-01;BRASPINE;BARRETOS;PR;JAGUARIAIVA;43,35;32,98;149,70;22,04;83,71;16,01;39,79;30,67;99,97;0,00;0,00;3,20
2017.0;2.0;2017-02-01;BRASPINE;BAU;;;;;199,67;20,99;85,84;16,48;47,11;28,98;99,86;0,00;0,00;5,50
2017.0;2.0;2017-02-01;BRASPINE;BOA VISTA II;PR;PIRAI DO SUL;944,00;535,05;151,64;22,03;83,00;16,62;41,58;30,33;99,94;0,00;0,00;0,39
2017.0;2.0;2017-02-01;BRASPINE;BRASILEIRA;;;;;141,22;22,05;84,46;17,10;38,07;30,98;100,00;0,00;0,00;2,01
2017.0;2.0;2017-02-01;BRASPINE;BURACAO;;;;;96,57;21,95;83,04;16,94;43,71;29,93;100,00;0,00;0,00;5,37
2017.0;2.0;2017-02-01;BRASPINE;BURRINHO;PR;DOUTOR ULYSSES;211,01;100,37;132,47;22,22;84,66;16,79;37,60;31,25;100,00;0,00;0,00;1,16
2017.0;2.0;2017-02-01;BRASPINE;CADEADO I;PR;JAGUARIAIVA;21,07;12,29;138,06;21,83;84,05;16,81;38,83;30,59;100,00;0,00;0,00;3,25
2017.0;2.0;2017-02-01;BRASPINE;CADEADO II;PR;JAGUARIAIVA;21,88;16,79;138,06;21,83;84,05;16,81;38,83;30,59;100,00;0,00;0,00;3,25
2017.0;2.0;2017-02-01;BRASPINE;CAMPINA ALTA;PR;TIBAGI;29,77;18,24;144,37;22,45;83,39;17,24;40,08;30,38;99,89;0,00;0,00;0,10
2017.0;2.0;2017-02-01;BRASPINE;CAMPINA DO ELIAS;PR;JAGUARIAIVA;29,17;14,65;146,68;21,96;83,83;16,30;39,44;30,64;99,98;0,00;0,00;3,22
2017.0;2.0;2017-02-01;BRASPINE;CAMPO NOVO;PR;JAGUARIAIVA;295,98;156,36;154,40;21,83;84,05;16,81;38,83;30,59;100,00;0,00;0,00;3,25
2017.0;2.0;2017-02-01;BRASPINE;CONSULTORIA II A;PR;DOUTOR ULYSSES;89,62;60,79;142,87;22,05;84,46;17,10;38,07;30,98;100,00;0,00;0,00;2,01
2017.0;2.0;2017-02-01;BRASPINE;DINIZ;;;;;130,92;22,05;84,46;17,10;38,07;30,98;100,00;0,00;0,00;2,01
2017.0;2.0;2017-02-01;BRASPINE;ENES;PR;JAGUARIAIVA;5,93;5,69;154,35;21,83;84,05;16,81;38,83;30,59;100,00;0,00;0,00;3,25
2017.0;2.0;2017-02-01;BRASPINE;ENGENHARIA;;;;;130,92;22,05;84,46;17,10;38,07;30,98;100,00;0,00;0,00;2,01
2017.0;2.0;2017-02-01;BRASPINE;ESTACAO;PR;SENGES;4,76;4,14;148,25;21,83;84,05;16,81;38,83;30,59;100,00;0,00;0,00;3,25
2017.0;2.0;2017-02-01;BRASPINE;FAXINAL;PR;JAGUARIAIVA;20,65;20,65;154,35;21,83;84,05;16,81;38,83;30,59;100,00;0,00;0,00;3,25
2017.0;2.0;2017-02-01;BRASPINE;FEITAL;PR;DOUTOR ULYSSES;154,17;86,53;145,60;22,24;84,52;17,29;37,78;31,28;100,00;0,00;0,00;1,47
2017.0;2.0;2017-02-01;BRASPINE;FIGUEIRA;PR;DOUTOR ULYSSES;1053,81;315,71;156,11;22,22;84,66;16,79;37,60;31,25;100,00;0,00;0,00;1,16
2017.0;2.0;2017-02-01;BRASPINE;FIGUEIRINHA;PR;DOUTOR ULYSSES;94,37;56,74;151,16;22,22;84,66;16,79;37,60;31,25;100,00;0,00;0,00;1,16
2017.0;2.0;2017-02-01;BRASPINE;FLOEMA;PR;DOUTOR ULYSSES;2189,88;701,43;169,01;21,65;84,45;16,25;38,03;30,40;100,00;0,00;0,00;1,75
2017.0;2.0;2017-02-01;BRASPINE;FLOEMA I - SUDATI;;;;;151,30;22,05;84,46;17,10;38,07;30,98;100,00;0,00;0,00;2,01
2017.0;2.0;2017-02-01;BRASPINE;FLOEMA II - SUDATI;PR;DOUTOR ULYSSES;453,83;211,13;136,75;22,05;84,46;17,10;38,07;30,98;100,00;0,00;0,00;2,01
2017.0;2.0;2017-02-01;BRASPINE;FLOR DA SERRA;PR;SAO JOSE DA BOA VISTA;209,10;128,72;117,84;23,72;77,17;17,59;38,38;32,02;99,65;0,00;0,00;1,00
2017.0;2.0;2017-02-01;BRASPINE;GENTIL;PR;JAGUARIAIVA;126,77;53,33;139,94;21,61;82,13;16,51;42,76;29,53;99,65;0,00;0,00;0,19
2017.0;2.0;2017-02-01;BRASPINE;GUAIRACA;PR;GUARAPUAVA;623,62;169,31;191,92;21,18;85,64;15,57;44,75;28,55;99,98;0,00;0,00;2,25
2017.0;2.0;2017-02-01;BRASPINE;HERVAL 2 - MADALOSSO;;;;;101,74;21,95;83,04;16,94;43,71;29,93;100,00;0,00;0,00;5,37
2017.0;2.0;2017-02-01;BRASPINE;HERVAL DE BAIXO;PR;RESERVA;827,29;475,92;143,17;22,38;84,19;17,01;42,08;30,22;99,86;0,00;0,00;13,53
2017.0;2.0;2017-02-01;BRASPINE;HORTO 01;PR;TURVO;19,12;19,12;189,79;21,68;86,23;16,83;48,41;29,28;99,69;0,00;0,00;0,17
2017.0;2.0;2017-02-01;BRASPINE;HORTO 02;PR;TURVO;4,24;4,24;190,03;21,68;86,23;16,83;48,41;29,28;99,69;0,00;0,00;0,17
2017.0;2.0;2017-02-01;BRASPINE;HORTO 03;PR;PRUDENTOPOLIS;80,91;25,89;189,75;22,19;85,61;17,36;46,18;29,91;99,87;0,00;0,00;9,86
2017.0;2.0;2017-02-01;BRASPINE;HORTO 08;PR;TURVO;9,53;9,53;187,16;22,19;85,61;17,36;46,18;29,91;99,87;0,00;0,00;9,86
2017.0;2.0;2017-02-01;BRASPINE;HORTO 12;PR;PRUDENTOPOLIS;12,20;12,20;190,23;22,19;85,61;17,36;46,18;29,91;99,87;0,00;0,00;9,86
2017.0;2.0;2017-02-01;BRASPINE;IZAU;PR;PIRAI DO SUL;19,37;11,60;151,33;21,67;82,56;16,65;42,05;29,73;99,68;0,00;0,00;1,85
2017.0;2.0;2017-02-01;BRASPINE;JOAO RICO;PR;JAGUARIAIVA;47,46;26,18;140,95;21,92;82,27;16,80;42,57;30,04;99,77;0,00;0,00;0,98
2017.0;2.0;2017-02-01;BRASPINE;LAGOA;PR;JAGUARIAIVA;24,10;10,78;143,60;21,83;84,05;16,81;38,83;30,59;100,00;0,00;0,00;3,25
2017.0;2.0;2017-02-01;BRASPINE;MARACANA;PR;JANDAIA DO SUL;11,45;11,45;112,72;23,86;81,64;19,29;42,49;31,57;99,98;0,00;0,00;2,97
2017.0;2.0;2017-02-01;BRASPINE;MARRECA;;;;;169,42;22,22;84,66;16,79;37,60;31,25;100,00;0,00;0,00;1,16
2017.0;2.0;2017-02-01;BRASPINE;MARRECA SP;SP;ITAPIRAPUA PAULISTA;675,30;236,19;140,11;23,04;84,58;17,73;37,07;32,40;100,00;0,00;0,00;0,62
2017.0;2.0;2017-02-01;BRASPINE;MARRECAS;;;;;209,07;20,45;86,12;15,06;45,26;28,09;100,00;0,00;0,00;6,96
2017.0;2.0;2017-02-01;BRASPINE;MERCADINHO;;;;;127,31;22,87;83,62;17,46;36,96;32,07;100,00;0,00;0,00;7,19
2017.0;2.0;2017-02-01;BRASPINE;MONTE ALEGRE;;;;;129,37;24,41;80,44;19,78;41,86;32,10;99,93;0,00;0,00;0,33
2017.0;2.0;2017-02-01;BRASPINE;MONTE TABOR II;;;;;136,14;22,24;85,78;16,93;41,56;31,09;100,00;0,00;0,00;12,67
2017.0;2.0;2017-02-01;BRASPINE;MOREIRA;PR;DOUTOR ULYSSES;230,52;68,68;136,75;22,05;84,46;17,10;38,07;30,98;100,00;0,00;0,00;2,01
2017.0;2.0;2017-02-01;BRASPINE;MOREIRAS II;PR;DOUTOR ULYSSES;66,76;28,75;143,79;22,05;84,46;17,10;38,07;30,98;100,00;0,00;0,00;2,01
2017.0;2.0;2017-02-01;BRASPINE;MORRETES;PR;ORTIGUEIRA;20,36;20,36;138,07;22,82;84,32;17,15;42,21;30,72;99,85;0,00;0,00;0,82
2017.0;2.0;2017-02-01;BRASPINE;MORRO AZUL;;;;;121,68;22,37;84,59;17,30;36,34;31,75;100,00;0,00;0,00;5,44
2017.0;2.0;2017-02-01;BRASPINE;OURO FINO;SP;APIAI;51,70;51,70;123,53;22,08;85,46;17,01;38,58;31,25;100,00;0,00;0,00;3,34
2017.0;2.0;2017-02-01;BRASPINE;PALMEIRINHA DE BAIXO - SOSSEGO;PR;SENGES;85,93;9,22;131,36;21,67;82,61;16,47;38,68;30,40;99,81;0,00;0,00;12,46
2017.0;2.0;2017-02-01;BRASPINE;PAZIN;PR;DOUTOR ULYSSES;41,20;23,90;152,81;22,22;84,66;16,79;37,60;31,25;100,00;0,00;0,00;1,16
2017.0;2.0;2017-02-01;BRASPINE;PEDRAS;PR;CASTRO;7,18;7,18;149,87;21,72;83,28;16,61;45,11;29,59;99,81;0,00;0,00;4,13
2017.0;2.0;2017-02-01;BRASPINE;PESCARIA;PR;SAO JOSE DA BOA VISTA;184,57;129,22;132,84;23,98;76,48;17,68;35,94;32,53;99,77;0,00;0,00;0,70
2017.0;2.0;2017-02-01;BRASPINE;PESSEGUEIRO;PR;DOUTOR ULYSSES;109,95;64,79;144,88;22,05;84,46;17,10;38,07;30,98;100,00;0,00;0,00;2,01
2017.0;2.0;2017-02-01;BRASPINE;PITANGA;;;;;202,98;21,70;85,26;17,21;47,84;29,68;99,74;0,00;0,00;2,34
2017.0;2.0;2017-02-01;BRASPINE;QUEIMADINHO ARROIO CLARO;PR;DOUTOR ULYSSES;48,13;19,09;141,22;22,05;84,46;17,10;38,07;30,98;100,00;0,00;0,00;2,01
2017.0;2.0;2017-02-01;BRASPINE;QUEIMADINHO M6042;PR;DOUTOR ULYSSES;48,38;18,50;141,22;22,05;84,46;17,10;38,07;30,98;100,00;0,00;0,00;2,01
2017.0;2.0;2017-02-01;BRASPINE;QUEIMADINHO USUCAPIAO;PR;DOUTOR ULYSSES;200,27;92,43;141,22;22,05;84,46;17,10;38,07;30,98;100,00;0,00;0,00;2,01
2017.0;2.0;2017-02-01;BRASPINE;RAMOS;PR;SENGES;69,83;38,15;151,30;21,83;84,05;16,81;38,83;30,59;100,00;0,00;0,00;3,25
2017.0;2.0;2017-02-01;BRASPINE;RIBEIRAO GRANDE;PR;JAGUARIAIVA;20,77;20,77;146,31;21,67;82,56;16,65;42,05;29,73;99,68;0,00;0,00;1,85
2017.0;2.0;2017-02-01;BRASPINE;RINCAO DE BAIXO;;;;;154,54;22,06;80,46;16,81;38,08;29,78;99,74;0,00;0,00;6,05
2017.0;2.0;2017-02-01;BRASPINE;RIO BOMBA;PR;CERRO AZUL;65,03;37,72;112,83;23,17;82,79;17,34;37,13;32,31;99,99;0,00;0,00;0,32
2017.0;2.0;2017-02-01;BRASPINE;RIO DO MEIO;PR;DOUTOR ULYSSES;712,33;389,13;143,11;22,05;84,46;17,10;38,07;30,98;100,00;0,00;0,00;2,01
2017.0;2.0;2017-02-01;BRASPINE;RONDON;PR;JAGUARIAIVA;2899,24;1475,88;118,11;21,72;82,97;16,50;40,28;30,24;99,80;0,00;0,00;0,63
2017.0;2.0;2017-02-01;BRASPINE;SANTA FELICIDADE;;;;;163,74;23,49;84,57;18,21;36,73;33,08;100,00;0,00;0,00;5,50
2017.0;2.0;2017-02-01;BRASPINE;SANTA LIDIA DO CERCADINHO;;;;;160,80;21,70;80,52;16,44;38,62;29,34;99,71;0,00;0,00;5,59
2017.0;2.0;2017-02-01;BRASPINE;SANTO ANTONIO;;;;;128,49;21,74;83,00;16,63;37,36;30,70;100,00;0,00;0,00;8,28
2017.0;2.0;2017-02-01;BRASPINE;SAO JOSE;PR;JANDAIA DO SUL;37,56;37,56;125,03;24,24;80,70;19,63;42,02;31,90;99,97;0,00;0,00;1,34
2017.0;2.0;2017-02-01;BRASPINE;SAO MATHEUS;;;;;120,57;25,54;80,33;20,28;42,32;33,32;99,79;0,00;0,00;1,26
2017.0;2.0;2017-02-01;BRASPINE;SAO PEDRO E SAO PAULO;PR;SAPOPEMA;709,13;323,93;126,35;22,56;81,10;17,35;41,74;30,10;99,81;0,00;0,00;1,08
2017.0;2.0;2017-02-01;BRASPINE;SAO RAFAEL;;;;;100,60;21,99;82,95;16,28;43,24;29,18;99,82;0,00;0,00;4,90
2017.0;2.0;2017-02-01;BRASPINE;SAO RAFAEL - PB;;;;;123,12;22,22;85,21;17,16;37,69;31,48;100,00;0,00;0,00;6,90
2017.0;2.0;2017-02-01;BRASPINE;SERRARIA;PR;DOUTOR ULYSSES;280,88;117,71;154,35;21,93;84,56;16,52;37,82;30,83;100,00;0,00;0,00;1,46
2017.0;2.0;2017-02-01;BRASPINE;SERRO VERDE;;;;;202,91;21,33;84,74;16,68;44,48;29,60;99,76;0,00;0,00;14,97
2017.0;2.0;2017-02-01;BRASPINE;SERTAOZINHO;PR;DOUTOR ULYSSES;16,25;16,25;134,98;22,05;84,46;17,10;38,07;30,98;100,00;0,00;0,00;2,01
2017.0;2.0;2017-02-01;BRASPINE;SITIO BASILIO;PR;JAGUARIAIVA;8,08;8,08;139,42;21,67;82,04;16,54;42,67;29,60;99,67;0,00;0,00;2,54
2017.0;2.0;2017-02-01;BRASPINE;SITIO DAS MARRECAS;PR;DOUTOR ULYSSES;77,49;35,17;158,15;22,81;84,60;17,46;37,22;32,07;100,00;0,00;0,00;0,78
2017.0;2.0;2017-02-01;BRASPINE;SOBRADINHO;SP;BOM SUCESSO DE ITARARE;285,80;123,10;119,91;21,68;84,00;16,58;36,88;30,79;100,00;0,00;0,00;3,18
2017.0;2.0;2017-02-01;BRASPINE;TAQUARAL;PR;JAGUARIAIVA;519,13;31,07;127,62;21,93;82,92;15,96;41,78;30,28;99,95;0,00;0,00;0,00
2017.0;2.0;2017-02-01;BRASPINE;TUCUNDUVA;PR;SENGES;82,21;60,89;118,67;22,40;79,25;16,79;39,01;30,69;99,59;0,00;0,00;0,23
2017.0;2.0;2017-02-01;BRASPINE;TUCUNDUVA - CHAMMA;;;;;118,28;22,44;79,42;16,89;37,82;30,90;99,61;0,00;0,00;6,73
2017.0;2.0;2017-02-01;BRASPINE;VIENA 1;PR;DOUTOR ULYSSES;263,98;178,34;157,09;21,57;84,15;16,55;40,16;30,01;100,00;0,00;0,00;2,61
2017.0;2.0;2017-02-01;BRASPINE;VIENA 2;PR;CERRO AZUL;140,23;96,54;112,37;23,17;82,79;17,34;37,13;32,31;99,99;0,00;0,00;0,32
2017.0;2.0;2017-02-01;BRASPINE;VITORIA;PR;SENGES;50,54;35,69;131,36;21,67;82,61;16,47;38,68;30,40;99,81;0,00;0,00;12,46
2017.0;2.0;2017-02-01;BRASPINE;VIVEIRO;PR;DOUTOR ULYSSES;405,39;261,22;143,79;22,05;84,46;17,10;38,07;30,98;100,00;0,00;0,00;2,01
2017.0;2.0;2017-02-01;BRASPINE;VO LINO;PR;DOUTOR ULYSSES;164,50;97,89;156,81;22,22;84,66;16,79;37,60;31,25;100,00;0,00;0,00;1,16
2017.0;2.0;2017-02-01;BRASPINE;XAXIM VELHO;;;;;193,62;20,71;86,25;15,16;45,78;28,13;100,00;0,00;0,00;7,63
2017.0;3.0;2017-03-01;BRASPINE;AGUA DOCE;PR;JAGUARIAIVA;238,97;121,99;95,19;19,77;86,52;13,38;50,35;27,65;99,89;85,76;0,00;1,21
2017.0;3.0;2017-03-01;BRASPINE;AMATA;;;;;60,05;21,28;86,62;15,34;55,49;30,74;99,95;0,00;0,00;5,27
2017.0;3.0;2017-03-01;BRASPINE;ANTA BRAVA;;;;;137,42;22,64;80,93;15,74;44,53;30,88;98,28;0,00;0,00;25,74
2017.0;3.0;2017-03-01;BRASPINE;ARAPONGAS;PR;SENGES;423,34;263,70;86,83;19,77;88,67;13,63;56,75;28,75;100,00;72,49;0,00;0,29
2017.0;3.0;2017-03-01;BRASPINE;ARROIO CLARO;PR;DOUTOR ULYSSES;275,14;92,00;83,69;19,93;88,80;13,85;55,91;29,10;100,00;58,33;0,00;2,10
2017.0;3.0;2017-03-01;BRASPINE;BARRA GRANDE;PR;DOUTOR ULYSSES;493,79;139,68;135,37;20,28;88,75;14,17;56,45;29,71;100,00;14,17;0,00;30,89
2017.0;3.0;2017-03-01;BRASPINE;BARRA GRANDE - BEMAIS;PR;GUARAPUAVA;299,16;108,61;165,17;19,37;85,09;12,20;47,26;27,55;99,97;140,63;0,00;2,52
2017.0;3.0;2017-03-01;BRASPINE;BARRETOS;PR;JAGUARIAIVA;43,35;32,98;98,06;19,74;88,14;13,42;53,33;28,28;100,00;85,96;0,00;4,73
2017.0;3.0;2017-03-01;BRASPINE;BAU;;;;;160,82;19,49;84,80;12,59;48,87;26,89;99,87;140,27;0,00;2,83
2017.0;3.0;2017-03-01;BRASPINE;BOA VISTA II;PR;PIRAI DO SUL;944,00;535,05;99,80;19,75;87,53;13,30;51,23;28,16;100,00;85,31;0,00;6,15
2017.0;3.0;2017-03-01;BRASPINE;BRASILEIRA;;;;;116,45;19,77;88,67;13,63;56,75;28,75;100,00;72,49;0,00;0,29
2017.0;3.0;2017-03-01;BRASPINE;BURACAO;;;;;68,60;19,70;87,22;13,43;53,81;28,44;99,88;71,69;0,00;0,98
2017.0;3.0;2017-03-01;BRASPINE;BURRINHO;PR;DOUTOR ULYSSES;211,01;100,37;84,96;19,93;88,80;13,85;55,91;29,10;100,00;58,33;0,00;2,10
2017.0;3.0;2017-03-01;BRASPINE;CADEADO I;PR;JAGUARIAIVA;21,07;12,29;87,59;19,58;88,32;13,38;54,98;28,21;100,00;85,83;0,00;2,85
2017.0;3.0;2017-03-01;BRASPINE;CADEADO II;PR;JAGUARIAIVA;21,88;16,79;87,59;19,58;88,32;13,38;54,98;28,21;100,00;85,83;0,00;2,85
2017.0;3.0;2017-03-01;BRASPINE;CAMPINA ALTA;PR;TIBAGI;29,77;18,24;122,87;20,91;83,01;13,00;42,86;28,39;99,75;57,05;0,00;0,67
2017.0;3.0;2017-03-01;BRASPINE;CAMPINA DO ELIAS;PR;JAGUARIAIVA;29,17;14,65;105,30;19,68;88,20;13,41;53,93;28,26;100,00;85,91;0,00;4,10
2017.0;3.0;2017-03-01;BRASPINE;CAMPO NOVO;PR;JAGUARIAIVA;295,98;156,36;98,28;19,58;88,32;13,38;54,98;28,21;100,00;85,83;0,00;2,85
2017.0;3.0;2017-03-01;BRASPINE;CONSULTORIA II A;PR;DOUTOR ULYSSES;89,62;60,79;108,97;19,77;88,67;13,63;56,75;28,75;100,00;72,49;0,00;0,29
2017.0;3.0;2017-03-01;BRASPINE;DINIZ;;;;;114,81;19,77;88,67;13,63;56,75;28,75;100,00;72,49;0,00;0,29
2017.0;3.0;2017-03-01;BRASPINE;ENES;PR;JAGUARIAIVA;5,93;5,69;100,03;19,58;88,32;13,38;54,98;28,21;100,00;85,83;0,00;2,85
2017.0;3.0;2017-03-01;BRASPINE;ENGENHARIA;;;;;114,81;19,77;88,67;13,63;56,75;28,75;100,00;72,49;0,00;0,29
2017.0;3.0;2017-03-01;BRASPINE;ESTACAO;PR;SENGES;4,76;4,14;90,76;19,58;88,32;13,38;54,98;28,21;100,00;85,83;0,00;2,85
2017.0;3.0;2017-03-01;BRASPINE;FAXINAL;PR;JAGUARIAIVA;20,65;20,65;100,03;19,58;88,32;13,38;54,98;28,21;100,00;85,83;0,00;2,85
2017.0;3.0;2017-03-01;BRASPINE;FEITAL;PR;DOUTOR ULYSSES;154,17;86,53;113,60;19,94;88,69;13,81;57,05;29,07;100,00;58,26;0,00;35,40
2017.0;3.0;2017-03-01;BRASPINE;FIGUEIRA;PR;DOUTOR ULYSSES;1053,81;315,71;103,31;19,93;88,80;13,85;55,91;29,10;100,00;58,33;0,00;2,10
2017.0;3.0;2017-03-01;BRASPINE;FIGUEIRINHA;PR;DOUTOR ULYSSES;94,37;56,74;106,39;19,93;88,80;13,85;55,91;29,10;100,00;58,33;0,00;2,10
2017.0;3.0;2017-03-01;BRASPINE;FLOEMA;PR;DOUTOR ULYSSES;2189,88;701,43;119,93;19,43;88,74;13,28;56,11;28,32;100,00;85,48;0,00;3,18
2017.0;3.0;2017-03-01;BRASPINE;FLOEMA I - SUDATI;;;;;86,47;19,77;88,67;13,63;56,75;28,75;100,00;72,49;0,00;0,29
2017.0;3.0;2017-03-01;BRASPINE;FLOEMA II - SUDATI;PR;DOUTOR ULYSSES;453,83;211,13;111,53;19,77;88,67;13,63;56,75;28,75;100,00;72,49;0,00;0,29
2017.0;3.0;2017-03-01;BRASPINE;FLOR DA SERRA;PR;SAO JOSE DA BOA VISTA;209,10;128,72;121,25;22,01;79,11;15,02;40,88;29,84;99,60;0,00;0,00;9,02
2017.0;3.0;2017-03-01;BRASPINE;GENTIL;PR;JAGUARIAIVA;126,77;53,33;85,64;19,51;86,49;12,97;49,89;27,35;99,60;98,93;0,00;4,47
2017.0;3.0;2017-03-01;BRASPINE;GUAIRACA;PR;GUARAPUAVA;623,62;169,31;165,85;19,55;84,51;12,64;47,10;27,76;99,97;97,79;0,00;4,79
2017.0;3.0;2017-03-01;BRASPINE;HERVAL 2 - MADALOSSO;;;;;65,55;19,70;87,22;13,43;53,81;28,44;99,88;71,69;0,00;0,98
2017.0;3.0;2017-03-01;BRASPINE;HERVAL DE BAIXO;PR;RESERVA;827,29;475,92;135,39;20,85;83,47;12,35;42,96;28,31;99,76;70,97;0,00;3,24
2017.0;3.0;2017-03-01;BRASPINE;HORTO 01;PR;TURVO;19,12;19,12;163,74;20,11;85,39;12,86;47,95;27,60;99,79;99,94;0,00;3,41
2017.0;3.0;2017-03-01;BRASPINE;HORTO 02;PR;TURVO;4,24;4,24;164,92;20,11;85,39;12,86;47,95;27,60;99,79;99,94;0,00;3,41
2017.0;3.0;2017-03-01;BRASPINE;HORTO 03;PR;PRUDENTOPOLIS;80,91;25,89;159,67;20,60;84,43;13,32;45,72;28,24;99,84;57,58;0,00;4,48
2017.0;3.0;2017-03-01;BRASPINE;HORTO 08;PR;TURVO;9,53;9,53;170,20;20,60;84,43;13,32;45,72;28,24;99,84;57,58;0,00;4,48
2017.0;3.0;2017-03-01;BRASPINE;HORTO 12;PR;PRUDENTOPOLIS;12,20;12,20;158,43;20,60;84,43;13,32;45,72;28,24;99,84;57,58;0,00;4,48
2017.0;3.0;2017-03-01;BRASPINE;IZAU;PR;PIRAI DO SUL;19,37;11,60;93,73;19,47;87,29;12,97;49,39;27,68;99,58;113,09;0,00;7,38
2017.0;3.0;2017-03-01;BRASPINE;JOAO RICO;PR;JAGUARIAIVA;47,46;26,18;88,95;19,77;86,52;13,38;50,35;27,65;99,89;85,76;0,00;1,21
2017.0;3.0;2017-03-01;BRASPINE;LAGOA;PR;JAGUARIAIVA;24,10;10,78;94,56;19,58;88,32;13,38;54,98;28,21;100,00;85,83;0,00;2,85
2017.0;3.0;2017-03-01;BRASPINE;MARACANA;PR;JANDAIA DO SUL;11,45;11,45;133,12;22,52;80,68;15,84;43,83;29,71;99,86;0,00;0,00;2,67
2017.0;3.0;2017-03-01;BRASPINE;MARRECA;;;;;104,24;19,93;88,80;13,85;55,91;29,10;100,00;58,33;0,00;2,10
2017.0;3.0;2017-03-01;BRASPINE;MARRECA SP;SP;ITAPIRAPUA PAULISTA;675,30;236,19;97,21;20,66;88,54;14,61;54,90;30,32;100,00;14,61;0,00;0,28
2017.0;3.0;2017-03-01;BRASPINE;MARRECAS;;;;;159,77;18,84;85,59;11,79;48,67;27,00;100,00;193,89;0,00;8,36
2017.0;3.0;2017-03-01;BRASPINE;MERCADINHO;;;;;80,03;20,52;87,73;14,64;55,42;29,82;100,00;14,64;0,00;1,77
2017.0;3.0;2017-03-01;BRASPINE;MONTE ALEGRE;;;;;137,50;23,06;79,57;16,28;43,67;30,40;99,76;0,00;0,00;0,49
2017.0;3.0;2017-03-01;BRASPINE;MONTE TABOR II;;;;;115,31;20,11;89,23;14,21;55,76;30,09;99,99;14,21;0,00;6,56
2017.0;3.0;2017-03-01;BRASPINE;MOREIRA;PR;DOUTOR ULYSSES;230,52;68,68;111,53;19,77;88,67;13,63;56,75;28,75;100,00;72,49;0,00;0,29
2017.0;3.0;2017-03-01;BRASPINE;MOREIRAS II;PR;DOUTOR ULYSSES;66,76;28,75;108,56;19,77;88,67;13,63;56,75;28,75;100,00;72,49;0,00;0,29
2017.0;3.0;2017-03-01;BRASPINE;MORRETES;PR;ORTIGUEIRA;20,36;20,36;137,61;21,28;83,44;12,62;42,85;28,62;99,81;56,66;0,00;0,11
2017.0;3.0;2017-03-01;BRASPINE;MORRO AZUL;;;;;98,60;20,07;88,73;13,90;55,06;29,57;100,00;43,74;0,00;27,65
2017.0;3.0;2017-03-01;BRASPINE;OURO FINO;SP;APIAI;51,70;51,70;112,49;19,88;89,44;13,86;56,72;29,66;100,00;43,68;0,00;17,69
2017.0;3.0;2017-03-01;BRASPINE;PALMEIRINHA DE BAIXO - SOSSEGO;PR;SENGES;85,93;9,22;85,72;19,54;86,95;13,33;49,25;28,07;99,87;85,95;0,00;39,98
2017.0;3.0;2017-03-01;BRASPINE;PAZIN;PR;DOUTOR ULYSSES;41,20;23,90;114,47;19,93;88,80;13,85;55,91;29,10;100,00;58,33;0,00;2,10
2017.0;3.0;2017-03-01;BRASPINE;PEDRAS;PR;CASTRO;7,18;7,18;106,80;19,48;87,74;13,02;51,14;27,59;99,68;113,58;0,00;0,23
2017.0;3.0;2017-03-01;BRASPINE;PESCARIA;PR;SAO JOSE DA BOA VISTA;184,57;129,22;121,68;22,15;78,75;15,38;39,92;29,96;99,63;0,00;0,00;9,84
2017.0;3.0;2017-03-01;BRASPINE;PESSEGUEIRO;PR;DOUTOR ULYSSES;109,95;64,79;102,53;19,77;88,67;13,63;56,75;28,75;100,00;72,49;0,00;0,29
2017.0;3.0;2017-03-01;BRASPINE;PITANGA;;;;;169,70;20,26;83,95;13,59;47,35;27,71;99,68;85,95;0,00;300,26
2017.0;3.0;2017-03-01;BRASPINE;QUEIMADINHO ARROIO CLARO;PR;DOUTOR ULYSSES;48,13;19,09;116,45;19,77;88,67;13,63;56,75;28,75;100,00;72,49;0,00;0,29
2017.0;3.0;2017-03-01;BRASPINE;QUEIMADINHO M6042;PR;DOUTOR ULYSSES;48,38;18,50;116,45;19,77;88,67;13,63;56,75;28,75;100,00;72,49;0,00;0,29
2017.0;3.0;2017-03-01;BRASPINE;QUEIMADINHO USUCAPIAO;PR;DOUTOR ULYSSES;200,27;92,43;116,45;19,77;88,67;13,63;56,75;28,75;100,00;72,49;0,00;0,29
2017.0;3.0;2017-03-01;BRASPINE;RAMOS;PR;SENGES;69,83;38,15;86,47;19,58;88,32;13,38;54,98;28,21;100,00;85,83;0,00;2,85
2017.0;3.0;2017-03-01;BRASPINE;RIBEIRAO GRANDE;PR;JAGUARIAIVA;20,77;20,77;92,09;19,47;87,29;12,97;49,39;27,68;99,58;113,09;0,00;7,38
2017.0;3.0;2017-03-01;BRASPINE;RINCAO DE BAIXO;;;;;127,29;20,26;82,70;13,13;46,17;27,41;99,71;71,66;0,00;7,56
2017.0;3.0;2017-03-01;BRASPINE;RIO BOMBA;PR;CERRO AZUL;65,03;37,72;69,36;20,84;86,83;14,73;55,37;30,01;99,91;14,73;0,00;1,77
2017.0;3.0;2017-03-01;BRASPINE;RIO DO MEIO;PR;DOUTOR ULYSSES;712,33;389,13;110,68;19,77;88,67;13,63;56,75;28,75;100,00;72,49;0,00;0,29
2017.0;3.0;2017-03-01;BRASPINE;RONDON;PR;JAGUARIAIVA;2899,24;1475,88;93,20;19,56;87,27;13,33;50,97;27,82;99,89;85,63;0,00;43,54
2017.0;3.0;2017-03-01;BRASPINE;SANTA FELICIDADE;;;;;137,93;21,09;88,36;15,18;54,01;31,20;100,00;0,00;0,00;1,72
2017.0;3.0;2017-03-01;BRASPINE;SANTA LIDIA DO CERCADINHO;;;;;129,28;19,89;83,12;12,82;47,19;26,94;99,67;99,98;0,00;6,86
2017.0;3.0;2017-03-01;BRASPINE;SANTO ANTONIO;;;;;97,25;19,59;87,29;13,34;50,07;28,47;100,00;71,38;0,00;35,74
2017.0;3.0;2017-03-01;BRASPINE;SAO JOSE;PR;JANDAIA DO SUL;37,56;37,56;137,05;22,89;79,84;16,14;43,78;30,19;99,93;0,00;0,00;1,56
2017.0;3.0;2017-03-01;BRASPINE;SAO MATHEUS;;;;;166,16;24,16;78,92;17,10;44,11;31,86;99,63;0,00;0,00;3,20
2017.0;3.0;2017-03-01;BRASPINE;SAO PEDRO E SAO PAULO;PR;SAPOPEMA;709,13;323,93;115,49;21,22;81,05;13,86;41,77;28,29;99,56;42,97;0,00;1,35
2017.0;3.0;2017-03-01;BRASPINE;SAO RAFAEL;;;;;58,22;19,77;84,60;13,72;52,44;28,14;99,81;57,07;0,00;4,37
2017.0;3.0;2017-03-01;BRASPINE;SAO RAFAEL - PB;;;;;112,66;19,98;89,26;13,92;56,54;29,75;100,00;43,84;0,00;20,25
2017.0;3.0;2017-03-01;BRASPINE;SERRARIA;PR;DOUTOR ULYSSES;280,88;117,71;111,69;19,68;88,77;13,57;56,44;28,71;100,00;72,07;0,00;2,60
2017.0;3.0;2017-03-01;BRASPINE;SERRO VERDE;;;;;175,57;19,84;83,54;12,95;47,91;27,25;99,83;113,59;0,00;0,98
2017.0;3.0;2017-03-01;BRASPINE;SERTAOZINHO;PR;DOUTOR ULYSSES;16,25;16,25;114,44;19,77;88,67;13,63;56,75;28,75;100,00;72,49;0,00;0,29
2017.0;3.0;2017-03-01;BRASPINE;SITIO BASILIO;PR;JAGUARIAIVA;8,08;8,08;95,66;19,59;86,25;13,08;50,17;27,33;99,69;84,62;0,00;2,68
2017.0;3.0;2017-03-01;BRASPINE;SITIO DAS MARRECAS;PR;DOUTOR ULYSSES;77,49;35,17;114,82;20,45;88,62;14,40;55,18;29,97;100,00;14,40;0,00;0,75
2017.0;3.0;2017-03-01;BRASPINE;SOBRADINHO;SP;BOM SUCESSO DE ITARARE;285,80;123,10;99,11;19,53;88,18;13,31;52,86;28,71;100,00;71,58;0,00;29,50
2017.0;3.0;2017-03-01;BRASPINE;TAQUARAL;PR;JAGUARIAIVA;519,13;31,07;99,08;19,74;87,13;13,43;51,42;27,75;100,00;86,10;0,00;45,67
2017.0;3.0;2017-03-01;BRASPINE;TUCUNDUVA;PR;SENGES;82,21;60,89;109,12;20,45;82,75;13,93;46,81;28,21;99,60;28,77;0,00;36,54
2017.0;3.0;2017-03-01;BRASPINE;TUCUNDUVA - CHAMMA;;;;;113,26;20,45;83,12;14,06;46,54;28,50;99,57;28,96;0,00;36,31
2017.0;3.0;2017-03-01;BRASPINE;VIENA 1;PR;DOUTOR ULYSSES;263,98;178,34;95,72;19,33;88,64;13,13;55,72;28,06;100,00;99,28;0,00;10,56
2017.0;3.0;2017-03-01;BRASPINE;VIENA 2;PR;CERRO AZUL;140,23;96,54;69,60;20,84;86,83;14,73;55,37;30,01;99,91;14,73;0,00;1,77
2017.0;3.0;2017-03-01;BRASPINE;VITORIA;PR;SENGES;50,54;35,69;85,72;19,54;86,95;13,33;49,25;28,07;99,87;85,95;0,00;39,98
2017.0;3.0;2017-03-01;BRASPINE;VIVEIRO;PR;DOUTOR ULYSSES;405,39;261,22;108,56;19,77;88,67;13,63;56,75;28,75;100,00;72,49;0,00;0,29
2017.0;3.0;2017-03-01;BRASPINE;VO LINO;PR;DOUTOR ULYSSES;164,50;97,89;95,97;19,93;88,80;13,85;55,91;29,10;100,00;58,33;0,00;2,10
2017.0;3.0;2017-03-01;BRASPINE;XAXIM VELHO;;;;;174,17;18,99;85,55;12,41;50,29;26,99;100,00;198,05;0,00;15,44
2017.0;4.0;2017-04-01;BRASPINE;AGUA DOCE;PR;JAGUARIAIVA;238,97;121,99;78,76;17,53;84,06;8,27;41,18;25,60;99,86;239,01;0,00;1,03
2017.0;4.0;2017-04-01;BRASPINE;AMATA;;;;;85,06;18,86;85,41;8,49;44,49;27,81;99,97;136,75;0,00;3,09
2017.0;4.0;2017-04-01;BRASPINE;ANTA BRAVA;;;;;68,34;20,54;79,78;12,44;43,35;29,82;99,38;39,84;0,00;27,76
2017.0;4.0;2017-04-01;BRASPINE;ARAPONGAS;PR;SENGES;423,34;263,70;82,58;17,57;86,83;8,35;45,26;26,15;100,00;231,18;0,00;342,69
2017.0;4.0;2017-04-01;BRASPINE;ARROIO CLARO;PR;DOUTOR ULYSSES;275,14;92,00;81,02;17,69;87,19;8,00;45,55;26,51;100,00;202,87;0,00;0,20
2017.0;4.0;2017-04-01;BRASPINE;BARRA GRANDE;PR;DOUTOR ULYSSES;493,79;139,68;87,73;18,02;87,06;8,49;45,17;26,72;100,00;206,67;0,00;8,47
2017.0;4.0;2017-04-01;BRASPINE;BARRA GRANDE - BEMAIS;PR;GUARAPUAVA;299,16;108,61;108,97;17,10;82,42;5,80;39,72;24,99;99,99;250,18;0,00;0,57
2017.0;4.0;2017-04-01;BRASPINE;BARRETOS;PR;JAGUARIAIVA;43,35;32,98;84,74;17,48;86,08;8,28;44,06;25,94;99,98;240,62;0,00;0,53
2017.0;4.0;2017-04-01;BRASPINE;BAU;;;;;129,50;17,16;81,94;5,89;45,90;25,14;99,90;209,08;0,00;0,49
2017.0;4.0;2017-04-01;BRASPINE;BOA VISTA II;PR;PIRAI DO SUL;944,00;535,05;81,69;17,46;85,26;8,09;41,57;25,90;99,97;238,49;0,00;6,97
2017.0;4.0;2017-04-01;BRASPINE;BRASILEIRA;;;;;82,30;17,57;86,83;8,35;45,26;26,15;100,00;231,18;0,00;342,69
2017.0;4.0;2017-04-01;BRASPINE;BURACAO;;;;;79,95;17,40;85,10;6,67;41,28;26,27;99,85;209,60;0,00;7,83
2017.0;4.0;2017-04-01;BRASPINE;BURRINHO;PR;DOUTOR ULYSSES;211,01;100,37;81,51;17,69;87,19;8,00;45,55;26,51;100,00;202,87;0,00;0,20
2017.0;4.0;2017-04-01;BRASPINE;CADEADO I;PR;JAGUARIAIVA;21,07;12,29;79,81;17,37;86,50;8,29;45,06;25,90;100,00;255,04;0,00;1,32
2017.0;4.0;2017-04-01;BRASPINE;CADEADO II;PR;JAGUARIAIVA;21,88;16,79;79,81;17,37;86,50;8,29;45,06;25,90;100,00;255,04;0,00;1,32
2017.0;4.0;2017-04-01;BRASPINE;CAMPINA ALTA;PR;TIBAGI;29,77;18,24;145,46;18,63;80,55;7,55;43,57;26,71;100,00;169,42;0,00;5,12
2017.0;4.0;2017-04-01;BRASPINE;CAMPINA DO ELIAS;PR;JAGUARIAIVA;29,17;14,65;85,94;17,44;86,23;8,28;44,42;25,93;99,99;240,43;0,00;343,05
2017.0;4.0;2017-04-01;BRASPINE;CAMPO NOVO;PR;JAGUARIAIVA;295,98;156,36;88,12;17,37;86,50;8,29;45,06;25,90;100,00;255,04;0,00;1,32
2017.0;4.0;2017-04-01;BRASPINE;CONSULTORIA II A;PR;DOUTOR ULYSSES;89,62;60,79;80,35;17,57;86,83;8,35;45,26;26,15;100,00;231,18;0,00;342,69
2017.0;4.0;2017-04-01;BRASPINE;DINIZ;;;;;85,25;17,57;86,83;8,35;45,26;26,15;100,00;231,18;0,00;342,69
2017.0;4.0;2017-04-01;BRASPINE;ENES;PR;JAGUARIAIVA;5,93;5,69;88,90;17,37;86,50;8,29;45,06;25,90;100,00;255,04;0,00;1,32
2017.0;4.0;2017-04-01;BRASPINE;ENGENHARIA;;;;;85,25;17,57;86,83;8,35;45,26;26,15;100,00;231,18;0,00;342,69
2017.0;4.0;2017-04-01;BRASPINE;ESTACAO;PR;SENGES;4,76;4,14;77,30;17,37;86,50;8,29;45,06;25,90;100,00;255,04;0,00;1,32
2017.0;4.0;2017-04-01;BRASPINE;FAXINAL;PR;JAGUARIAIVA;20,65;20,65;88,90;17,37;86,50;8,29;45,06;25,90;100,00;255,04;0,00;1,32
2017.0;4.0;2017-04-01;BRASPINE;FEITAL;PR;DOUTOR ULYSSES;154,17;86,53;81,36;17,72;86,90;8,40;45,23;26,34;100,00;218,14;0,00;12,11
2017.0;4.0;2017-04-01;BRASPINE;FIGUEIRA;PR;DOUTOR ULYSSES;1053,81;315,71;82,32;17,69;87,19;8,00;45,55;26,51;100,00;202,87;0,00;0,20
2017.0;4.0;2017-04-01;BRASPINE;FIGUEIRINHA;PR;DOUTOR ULYSSES;94,37;56,74;88,86;17,69;87,19;8,00;45,55;26,51;100,00;202,87;0,00;0,20
2017.0;4.0;2017-04-01;BRASPINE;FLOEMA;PR;DOUTOR ULYSSES;2189,88;701,43;88,15;17,23;86,96;7,59;45,42;25,98;100,00;238,30;0,00;1,35
2017.0;4.0;2017-04-01;BRASPINE;FLOEMA I - SUDATI;;;;;76,59;17,57;86,83;8,35;45,26;26,15;100,00;231,18;0,00;342,69
2017.0;4.0;2017-04-01;BRASPINE;FLOEMA II - SUDATI;PR;DOUTOR ULYSSES;453,83;211,13;77,46;17,57;86,83;8,35;45,26;26,15;100,00;231,18;0,00;342,69
2017.0;4.0;2017-04-01;BRASPINE;FLOR DA SERRA;PR;SAO JOSE DA BOA VISTA;209,10;128,72;100,15;19,70;77,34;10,57;37,67;27,53;99,53;148,86;0,00;0,94
2017.0;4.0;2017-04-01;BRASPINE;GENTIL;PR;JAGUARIAIVA;126,77;53,33;77,82;17,27;83,98;8,08;40,38;25,31;99,58;249,22;0,00;4,73
2017.0;4.0;2017-04-01;BRASPINE;GUAIRACA;PR;GUARAPUAVA;623,62;169,31;109,77;17,20;82,19;5,60;40,71;25,19;99,99;251,88;0,00;1,95
2017.0;4.0;2017-04-01;BRASPINE;HERVAL 2 - MADALOSSO;;;;;85,39;17,40;85,10;6,67;41,28;26,27;99,85;209,60;0,00;7,83
2017.0;4.0;2017-04-01;BRASPINE;HERVAL DE BAIXO;PR;RESERVA;827,29;475,92;141,49;18,56;81,27;7,02;43,90;26,57;99,99;180,25;0,00;6,54
2017.0;4.0;2017-04-01;BRASPINE;HORTO 01;PR;TURVO;19,12;19,12;115,34;17,79;82,33;5,89;44,10;25,76;99,66;229,72;0,00;0,54
2017.0;4.0;2017-04-01;BRASPINE;HORTO 02;PR;TURVO;4,24;4,24;116,83;17,79;82,33;5,89;44,10;25,76;99,66;229,72;0,00;0,54
2017.0;4.0;2017-04-01;BRASPINE;HORTO 03;PR;PRUDENTOPOLIS;80,91;25,89;111,30;18,26;81,38;6,51;41,29;26,36;99,88;191,25;0,00;11,00
2017.0;4.0;2017-04-01;BRASPINE;HORTO 08;PR;TURVO;9,53;9,53;102,14;18,26;81,38;6,51;41,29;26,36;99,88;191,25;0,00;11,00
2017.0;4.0;2017-04-01;BRASPINE;HORTO 12;PR;PRUDENTOPOLIS;12,20;12,20;110,99;18,26;81,38;6,51;41,29;26,36;99,88;191,25;0,00;11,00
2017.0;4.0;2017-04-01;BRASPINE;IZAU;PR;PIRAI DO SUL;19,37;11,60;76,56;17,20;84,86;7,96;39,82;25,47;99,57;248,57;0,00;8,21
2017.0;4.0;2017-04-01;BRASPINE;JOAO RICO;PR;JAGUARIAIVA;47,46;26,18;78,88;17,53;84,06;8,27;41,18;25,60;99,86;239,01;0,00;1,03
2017.0;4.0;2017-04-01;BRASPINE;LAGOA;PR;JAGUARIAIVA;24,10;10,78;80,28;17,37;86,50;8,29;45,06;25,90;100,00;255,04;0,00;1,32
2017.0;4.0;2017-04-01;BRASPINE;MARACANA;PR;JANDAIA DO SUL;11,45;11,45;165,42;20,24;79,04;9,57;41,68;27,90;99,97;101,68;0,00;1,43
2017.0;4.0;2017-04-01;BRASPINE;MARRECA;;;;;88,46;17,69;87,19;8,00;45,55;26,51;100,00;202,87;0,00;0,20
2017.0;4.0;2017-04-01;BRASPINE;MARRECA SP;SP;ITAPIRAPUA PAULISTA;675,30;236,19;87,28;18,32;87,22;8,44;45,37;27,25;100,00;180,17;0,00;0,33
2017.0;4.0;2017-04-01;BRASPINE;MARRECAS;;;;;109,14;16,57;83,10;5,27;39,80;24,47;100,00;255,60;0,00;5,27
2017.0;4.0;2017-04-01;BRASPINE;MERCADINHO;;;;;84,97;18,21;86,35;8,39;44,89;27,11;100,00;177,95;0,00;1,19
2017.0;4.0;2017-04-01;BRASPINE;MONTE ALEGRE;;;;;148,83;20,71;78,23;9,74;41,24;28,56;99,95;73,92;0,00;0,47
2017.0;4.0;2017-04-01;BRASPINE;MONTE TABOR II;;;;;93,95;17,92;88,05;9,11;43,65;26,56;99,98;211,60;0,00;35,44
2017.0;4.0;2017-04-01;BRASPINE;MOREIRA;PR;DOUTOR ULYSSES;230,52;68,68;77,46;17,57;86,83;8,35;45,26;26,15;100,00;231,18;0,00;342,69
2017.0;4.0;2017-04-01;BRASPINE;MOREIRAS II;PR;DOUTOR ULYSSES;66,76;28,75;80,78;17,57;86,83;8,35;45,26;26,15;100,00;231,18;0,00;342,69
2017.0;4.0;2017-04-01;BRASPINE;MORRETES;PR;ORTIGUEIRA;20,36;20,36;138,93;18,91;81,74;6,59;44,22;27,04;99,92;195,70;0,00;8,07
2017.0;4.0;2017-04-01;BRASPINE;MORRO AZUL;;;;;71,08;17,84;87,07;8,43;45,04;26,38;100,00;217,81;0,00;15,44
2017.0;4.0;2017-04-01;BRASPINE;OURO FINO;SP;APIAI;51,70;51,70;76,31;17,69;87,90;8,36;42,07;26,31;100,00;234,12;0,00;6,59
2017.0;4.0;2017-04-01;BRASPINE;PALMEIRINHA DE BAIXO - SOSSEGO;PR;SENGES;85,93;9,22;63,52;17,41;84,81;8,62;42,19;25,33;99,86;238,31;0,00;27,05
2017.0;4.0;2017-04-01;BRASPINE;PAZIN;PR;DOUTOR ULYSSES;41,20;23,90;83,84;17,69;87,19;8,00;45,55;26,51;100,00;202,87;0,00;0,20
2017.0;4.0;2017-04-01;BRASPINE;PEDRAS;PR;CASTRO;7,18;7,18;92,52;17,17;85,37;7,59;41,56;25,53;99,64;248,24;0,00;2,57
2017.0;4.0;2017-04-01;BRASPINE;PESCARIA;PR;SAO JOSE DA BOA VISTA;184,57;129,22;101,59;19,87;76,82;10,67;36,08;27,60;99,53;119,96;0,00;1,45
2017.0;4.0;2017-04-01;BRASPINE;PESSEGUEIRO;PR;DOUTOR ULYSSES;109,95;64,79;78,31;17,57;86,83;8,35;45,26;26,15;100,00;231,18;0,00;342,69
2017.0;4.0;2017-04-01;BRASPINE;PITANGA;;;;;128,44;17,89;81,09;6,74;46,79;25,81;99,82;221,39;0,00;14,78
2017.0;4.0;2017-04-01;BRASPINE;QUEIMADINHO ARROIO CLARO;PR;DOUTOR ULYSSES;48,13;19,09;82,30;17,57;86,83;8,35;45,26;26,15;100,00;231,18;0,00;342,69
2017.0;4.0;2017-04-01;BRASPINE;QUEIMADINHO M6042;PR;DOUTOR ULYSSES;48,38;18,50;82,30;17,57;86,83;8,35;45,26;26,15;100,00;231,18;0,00;342,69
2017.0;4.0;2017-04-01;BRASPINE;QUEIMADINHO USUCAPIAO;PR;DOUTOR ULYSSES;200,27;92,43;82,30;17,57;86,83;8,35;45,26;26,15;100,00;231,18;0,00;342,69
2017.0;4.0;2017-04-01;BRASPINE;RAMOS;PR;SENGES;69,83;38,15;76,59;17,37;86,50;8,29;45,06;25,90;100,00;255,04;0,00;1,32
2017.0;4.0;2017-04-01;BRASPINE;RIBEIRAO GRANDE;PR;JAGUARIAIVA;20,77;20,77;75,93;17,20;84,86;7,96;39,82;25,47;99,57;248,57;0,00;8,21
2017.0;4.0;2017-04-01;BRASPINE;RINCAO DE BAIXO;;;;;130,82;18,04;79,89;6,98;40,53;25,87;99,94;210,10;0,00;0,60
2017.0;4.0;2017-04-01;BRASPINE;RIO BOMBA;PR;CERRO AZUL;65,03;37,72;83,21;18,47;85,35;8,26;44,47;27,54;99,95;149,32;0,00;4,36
2017.0;4.0;2017-04-01;BRASPINE;RIO DO MEIO;PR;DOUTOR ULYSSES;712,33;389,13;81,19;17,57;86,83;8,35;45,26;26,15;100,00;231,18;0,00;342,69
2017.0;4.0;2017-04-01;BRASPINE;RONDON;PR;JAGUARIAIVA;2899,24;1475,88;68,78;17,38;85,11;8,51;43,62;25,40;99,89;237,58;0,00;8,68
2017.0;4.0;2017-04-01;BRASPINE;SANTA FELICIDADE;;;;;92,11;18,72;87,23;8,39;45,19;27,67;100,00;152,48;0,00;3,76
2017.0;4.0;2017-04-01;BRASPINE;SANTA LIDIA DO CERCADINHO;;;;;132,86;17,71;80,27;7,16;40,12;25,40;99,90;206,63;0,00;0,27
2017.0;4.0;2017-04-01;BRASPINE;SANTO ANTONIO;;;;;67,81;17,44;85,34;8,60;42,53;25,58;100,00;239,35;0,00;20,29
2017.0;4.0;2017-04-01;BRASPINE;SAO JOSE;PR;JANDAIA DO SUL;37,56;37,56;150,21;20,56;78,40;9,67;41,43;28,34;99,98;73,23;0,00;1,20
2017.0;4.0;2017-04-01;BRASPINE;SAO MATHEUS;;;;;129,21;21,66;77,94;10,02;42,05;29,89;99,84;61,17;0,00;0,54
2017.0;4.0;2017-04-01;BRASPINE;SAO PEDRO E SAO PAULO;PR;SAPOPEMA;709,13;323,93;137,87;18,92;78,91;8,66;43,56;26,41;99,66;192,04;0,00;1,89
2017.0;4.0;2017-04-01;BRASPINE;SAO RAFAEL;;;;;75,94;17,50;82,32;5,97;45,90;26,14;100,00;221,25;0,00;10,87
2017.0;4.0;2017-04-01;BRASPINE;SAO RAFAEL - PB;;;;;83,67;17,78;87,66;8,59;42,68;26,42;100,00;236,13;0,00;8,70
2017.0;4.0;2017-04-01;BRASPINE;SERRARIA;PR;DOUTOR ULYSSES;280,88;117,71;87,56;17,46;87,07;7,80;45,49;26,25;100,00;228,32;0,00;0,09
2017.0;4.0;2017-04-01;BRASPINE;SERRO VERDE;;;;;135,66;17,47;80,94;5,81;45,94;25,67;99,92;212,85;0,00;6,32
2017.0;4.0;2017-04-01;BRASPINE;SERTAOZINHO;PR;DOUTOR ULYSSES;16,25;16,25;80,92;17,57;86,83;8,35;45,26;26,15;100,00;231,18;0,00;342,69
2017.0;4.0;2017-04-01;BRASPINE;SITIO BASILIO;PR;JAGUARIAIVA;8,08;8,08;78,55;17,37;83,72;8,16;40,77;25,34;99,66;250,76;0,00;2,60
2017.0;4.0;2017-04-01;BRASPINE;SITIO DAS MARRECAS;PR;DOUTOR ULYSSES;77,49;35,17;89,28;18,14;87,21;8,32;45,42;27,04;100,00;208,20;0,00;0,51
2017.0;4.0;2017-04-01;BRASPINE;SOBRADINHO;SP;BOM SUCESSO DE ITARARE;285,80;123,10;75,16;17,39;86,37;8,59;43,32;25,68;100,00;256,54;0,00;12,95
2017.0;4.0;2017-04-01;BRASPINE;TAQUARAL;PR;JAGUARIAIVA;519,13;31,07;74,91;17,52;84,84;8,38;42,97;25,64;99,99;239,15;0,00;2,11
2017.0;4.0;2017-04-01;BRASPINE;TUCUNDUVA;PR;SENGES;82,21;60,89;77,48;18,23;80,65;9,13;38,58;25,96;99,75;205,84;0,00;3,98
2017.0;4.0;2017-04-01;BRASPINE;TUCUNDUVA - CHAMMA;;;;;77,20;18,26;81,09;9,27;38,95;25,97;99,59;207,36;0,00;0,91
2017.0;4.0;2017-04-01;BRASPINE;VIENA 1;PR;DOUTOR ULYSSES;263,98;178,34;85,42;17,11;86,70;8,04;44,97;25,64;100,00;251,27;0,00;1,16
2017.0;4.0;2017-04-01;BRASPINE;VIENA 2;PR;CERRO AZUL;140,23;96,54;83,55;18,47;85,35;8,26;44,47;27,54;99,95;149,32;0,00;4,36
2017.0;4.0;2017-04-01;BRASPINE;VITORIA;PR;SENGES;50,54;35,69;63,52;17,41;84,81;8,62;42,19;25,33;99,86;238,31;0,00;27,05
2017.0;4.0;2017-04-01;BRASPINE;VIVEIRO;PR;DOUTOR ULYSSES;405,39;261,22;80,78;17,57;86,83;8,35;45,26;26,15;100,00;231,18;0,00;342,69
2017.0;4.0;2017-04-01;BRASPINE;VO LINO;PR;DOUTOR ULYSSES;164,50;97,89;85,84;17,69;87,19;8,00;45,55;26,51;100,00;202,87;0,00;0,20
2017.0;4.0;2017-04-01;BRASPINE;XAXIM VELHO;;;;;118,85;16,59;83,45;4,64;40,64;24,85;100,00;273,49;4,64;0,27
2017.0;5.0;2017-05-01;BRASPINE;AGUA DOCE;PR;JAGUARIAIVA;238,97;121,99;122,80;16,69;87,01;9,95;49,93;24,69;99,85;357,17;0,00;8,57
2017.0;5.0;2017-05-01;BRASPINE;AMATA;;;;;94,33;17,75;89,19;9,88;52,83;27,30;100,00;184,81;0,00;3,21
2017.0;5.0;2017-05-01;BRASPINE;ANTA BRAVA;;;;;110,33;19,19;83,26;13,84;51,74;27,16;99,80;86,86;0,00;2,11
2017.0;5.0;2017-05-01;BRASPINE;ARAPONGAS;PR;SENGES;423,34;263,70;117,02;16,67;89,55;10,57;51,14;25,64;100,00;347,05;0,00;0,59
2017.0;5.0;2017-05-01;BRASPINE;ARROIO CLARO;PR;DOUTOR ULYSSES;275,14;92,00;101,94;16,79;90,14;10,94;51,24;26,15;100,00;308,03;0,00;3,23
2017.0;5.0;2017-05-01;BRASPINE;BARRA GRANDE;PR;DOUTOR ULYSSES;493,79;139,68;118,61;17,06;89,76;10,46;51,15;26,27;100,00;278,36;0,00;3,78
2017.0;5.0;2017-05-01;BRASPINE;BARRA GRANDE - BEMAIS;PR;GUARAPUAVA;299,16;108,61;187,63;15,97;89,34;8,89;52,73;24,66;100,00;337,82;0,00;11,76
2017.0;5.0;2017-05-01;BRASPINE;BARRETOS;PR;JAGUARIAIVA;43,35;32,98;124,61;16,66;88,76;10,61;51,75;25,35;99,99;358,52;0,00;8,66
2017.0;5.0;2017-05-01;BRASPINE;BAU;;;;;158,16;16,28;88,03;8,32;48,95;24,24;99,89;305,76;0,00;5,36
2017.0;5.0;2017-05-01;BRASPINE;BOA VISTA II;PR;PIRAI DO SUL;944,00;535,05;124,34;16,66;88,09;9,79;50,53;25,20;99,97;355,53;0,00;11,56
2017.0;5.0;2017-05-01;BRASPINE;BRASILEIRA;;;;;115,52;16,67;89,55;10,57;51,14;25,64;100,00;347,05;0,00;0,59
2017.0;5.0;2017-05-01;BRASPINE;BURACAO;;;;;100,85;16,50;88,69;9,55;51,16;25,95;99,97;341,62;0,00;3,36
2017.0;5.0;2017-05-01;BRASPINE;BURRINHO;PR;DOUTOR ULYSSES;211,01;100,37;103,23;16,79;90,14;10,94;51,24;26,15;100,00;308,03;0,00;3,23
2017.0;5.0;2017-05-01;BRASPINE;CADEADO I;PR;JAGUARIAIVA;21,07;12,29;114,27;16,50;89,16;9,58;51,23;25,33;100,00;354,36;0,00;4,95
2017.0;5.0;2017-05-01;BRASPINE;CADEADO II;PR;JAGUARIAIVA;21,88;16,79;114,27;16,50;89,16;9,58;51,23;25,33;100,00;354,36;0,00;4,95
2017.0;5.0;2017-05-01;BRASPINE;CAMPINA ALTA;PR;TIBAGI;29,77;18,24;153,99;17,46;86,64;10,27;50,64;25,84;99,94;316,35;0,00;1,57
2017.0;5.0;2017-05-01;BRASPINE;CAMPINA DO ELIAS;PR;JAGUARIAIVA;29,17;14,65;124,20;16,61;88,90;10,24;51,56;25,34;99,99;357,01;0,00;7,41
2017.0;5.0;2017-05-01;BRASPINE;CAMPO NOVO;PR;JAGUARIAIVA;295,98;156,36;119,63;16,50;89,16;9,58;51,23;25,33;100,00;354,36;0,00;4,95
2017.0;5.0;2017-05-01;BRASPINE;CONSULTORIA II A;PR;DOUTOR ULYSSES;89,62;60,79;116,35;16,67;89,55;10,57;51,14;25,64;100,00;347,05;0,00;0,59
2017.0;5.0;2017-05-01;BRASPINE;DINIZ;;;;;114,42;16,67;89,55;10,57;51,14;25,64;100,00;347,05;0,00;0,59
2017.0;5.0;2017-05-01;BRASPINE;ENES;PR;JAGUARIAIVA;5,93;5,69;120,02;16,50;89,16;9,58;51,23;25,33;100,00;354,36;0,00;4,95
2017.0;5.0;2017-05-01;BRASPINE;ENGENHARIA;;;;;114,42;16,67;89,55;10,57;51,14;25,64;100,00;347,05;0,00;0,59
2017.0;5.0;2017-05-01;BRASPINE;ESTACAO;PR;SENGES;4,76;4,14;117,85;16,50;89,16;9,58;51,23;25,33;100,00;354,36;0,00;4,95
2017.0;5.0;2017-05-01;BRASPINE;FAXINAL;PR;JAGUARIAIVA;20,65;20,65;120,02;16,50;89,16;9,58;51,23;25,33;100,00;354,36;0,00;4,95
2017.0;5.0;2017-05-01;BRASPINE;FEITAL;PR;DOUTOR ULYSSES;154,17;86,53;114,78;16,80;89,62;10,54;51,14;25,85;100,00;334,48;0,00;5,28
2017.0;5.0;2017-05-01;BRASPINE;FIGUEIRA;PR;DOUTOR ULYSSES;1053,81;315,71;116,17;16,79;90,14;10,94;51,24;26,15;100,00;308,03;0,00;3,23
2017.0;5.0;2017-05-01;BRASPINE;FIGUEIRINHA;PR;DOUTOR ULYSSES;94,37;56,74;114,90;16,79;90,14;10,94;51,24;26,15;100,00;308,03;0,00;3,23
2017.0;5.0;2017-05-01;BRASPINE;FLOEMA;PR;DOUTOR ULYSSES;2189,88;701,43;125,42;16,38;89,87;10,09;51,17;25,56;100,00;356,58;0,00;5,87
2017.0;5.0;2017-05-01;BRASPINE;FLOEMA I - SUDATI;;;;;118,73;16,67;89,55;10,57;51,14;25,64;100,00;347,05;0,00;0,59
2017.0;5.0;2017-05-01;BRASPINE;FLOEMA II - SUDATI;PR;DOUTOR ULYSSES;453,83;211,13;112,65;16,67;89,55;10,57;51,14;25,64;100,00;347,05;0,00;0,59
2017.0;5.0;2017-05-01;BRASPINE;FLOR DA SERRA;PR;SAO JOSE DA BOA VISTA;209,10;128,72;95,25;18,47;82,17;11,48;52,24;26,32;99,68;191,87;0,00;1,02
2017.0;5.0;2017-05-01;BRASPINE;GENTIL;PR;JAGUARIAIVA;126,77;53,33;122,43;16,46;86,98;9,66;49,57;24,43;99,68;365,96;0,00;12,85
2017.0;5.0;2017-05-01;BRASPINE;GUAIRACA;PR;GUARAPUAVA;623,62;169,31;197,90;16,09;89,08;8,57;52,48;24,82;100,00;326,12;0,00;16,39
2017.0;5.0;2017-05-01;BRASPINE;HERVAL 2 - MADALOSSO;;;;;103,22;16,50;88,69;9,55;51,16;25,95;99,97;341,62;0,00;3,36
2017.0;5.0;2017-05-01;BRASPINE;HERVAL DE BAIXO;PR;RESERVA;827,29;475,92;184,07;17,35;87,31;9,77;51,77;25,89;99,99;324,81;0,00;0,45
2017.0;5.0;2017-05-01;BRASPINE;HORTO 01;PR;TURVO;19,12;19,12;170,21;16,68;88,91;8,47;54,82;24,93;99,80;318,13;0,00;10,06
2017.0;5.0;2017-05-01;BRASPINE;HORTO 02;PR;TURVO;4,24;4,24;170,13;16,68;88,91;8,47;54,82;24,93;99,80;318,13;0,00;10,06
2017.0;5.0;2017-05-01;BRASPINE;HORTO 03;PR;PRUDENTOPOLIS;80,91;25,89;169,78;17,05;88,59;9,49;54,61;25,55;99,96;327,20;0,00;2,12
2017.0;5.0;2017-05-01;BRASPINE;HORTO 08;PR;TURVO;9,53;9,53;159,04;17,05;88,59;9,49;54,61;25,55;99,96;327,20;0,00;2,12
2017.0;5.0;2017-05-01;BRASPINE;HORTO 12;PR;PRUDENTOPOLIS;12,20;12,20;169,01;17,05;88,59;9,49;54,61;25,55;99,96;327,20;0,00;2,12
2017.0;5.0;2017-05-01;BRASPINE;IZAU;PR;PIRAI DO SUL;19,37;11,60;128,99;16,43;87,71;10,29;49,41;24,68;99,78;366,61;0,00;0,71
2017.0;5.0;2017-05-01;BRASPINE;JOAO RICO;PR;JAGUARIAIVA;47,46;26,18;122,34;16,69;87,01;9,95;49,93;24,69;99,85;357,17;0,00;8,57
2017.0;5.0;2017-05-01;BRASPINE;LAGOA;PR;JAGUARIAIVA;24,10;10,78;117,29;16,50;89,16;9,58;51,23;25,33;100,00;354,36;0,00;4,95
2017.0;5.0;2017-05-01;BRASPINE;MARACANA;PR;JANDAIA DO SUL;11,45;11,45;229,23;19,40;83,31;11,83;51,60;27,07;99,99;128,63;0,00;1,07
2017.0;5.0;2017-05-01;BRASPINE;MARRECA;;;;;120,72;16,79;90,14;10,94;51,24;26,15;100,00;308,03;0,00;3,23
2017.0;5.0;2017-05-01;BRASPINE;MARRECA SP;SP;ITAPIRAPUA PAULISTA;675,30;236,19;106,77;17,35;90,16;10,53;51,39;26,97;100,00;255,68;0,00;2,58
2017.0;5.0;2017-05-01;BRASPINE;MARRECAS;;;;;183,46;15,51;89,71;8,33;52,68;24,25;100,00;357,57;0,00;1,58
2017.0;5.0;2017-05-01;BRASPINE;MERCADINHO;;;;;99,67;17,20;89,72;10,65;51,78;26,68;100,00;283,04;0,00;0,70
2017.0;5.0;2017-05-01;BRASPINE;MONTE ALEGRE;;;;;226,39;19,83;82,73;11,95;50,90;27,62;99,93;70,45;0,00;4,98
2017.0;5.0;2017-05-01;BRASPINE;MONTE TABOR II;;;;;109,82;16,93;90,58;9,86;54,05;26,03;100,00;278,52;0,00;3,13
2017.0;5.0;2017-05-01;BRASPINE;MOREIRA;PR;DOUTOR ULYSSES;230,52;68,68;112,65;16,67;89,55;10,57;51,14;25,64;100,00;347,05;0,00;0,59
2017.0;5.0;2017-05-01;BRASPINE;MOREIRAS II;PR;DOUTOR ULYSSES;66,76;28,75;116,89;16,67;89,55;10,57;51,14;25,64;100,00;347,05;0,00;0,59
2017.0;5.0;2017-05-01;BRASPINE;MORRETES;PR;ORTIGUEIRA;20,36;20,36;173,17;17,68;87,28;10,01;51,31;26,40;99,95;297,75;0,00;3,20
2017.0;5.0;2017-05-01;BRASPINE;MORRO AZUL;;;;;105,32;16,91;89,29;10,35;50,99;25,70;100,00;318,30;0,00;12,35
2017.0;5.0;2017-05-01;BRASPINE;OURO FINO;SP;APIAI;51,70;51,70;102,47;16,75;90,01;9,70;52,56;25,63;100,00;330,84;0,00;10,51
2017.0;5.0;2017-05-01;BRASPINE;PALMEIRINHA DE BAIXO - SOSSEGO;PR;SENGES;85,93;9,22;106,43;16,50;87,28;10,44;50,02;24,44;99,86;384,81;0,00;1,53
2017.0;5.0;2017-05-01;BRASPINE;PAZIN;PR;DOUTOR ULYSSES;41,20;23,90;117,07;16,79;90,14;10,94;51,24;26,15;100,00;308,03;0,00;3,23
2017.0;5.0;2017-05-01;BRASPINE;PEDRAS;PR;CASTRO;7,18;7,18;139,07;16,42;88,28;9,15;50,01;24,86;99,99;348,82;0,00;0,76
2017.0;5.0;2017-05-01;BRASPINE;PESCARIA;PR;SAO JOSE DA BOA VISTA;184,57;129,22;110,16;18,63;81,63;11,71;49,53;26,40;99,61;163,63;0,00;4,16
2017.0;5.0;2017-05-01;BRASPINE;PESSEGUEIRO;PR;DOUTOR ULYSSES;109,95;64,79;117,23;16,67;89,55;10,57;51,14;25,64;100,00;347,05;0,00;0,59
2017.0;5.0;2017-05-01;BRASPINE;PITANGA;;;;;171,52;16,94;87,32;8,84;51,57;24,48;99,86;287,91;0,00;3,83
2017.0;5.0;2017-05-01;BRASPINE;QUEIMADINHO ARROIO CLARO;PR;DOUTOR ULYSSES;48,13;19,09;115,52;16,67;89,55;10,57;51,14;25,64;100,00;347,05;0,00;0,59
2017.0;5.0;2017-05-01;BRASPINE;QUEIMADINHO M6042;PR;DOUTOR ULYSSES;48,38;18,50;115,52;16,67;89,55;10,57;51,14;25,64;100,00;347,05;0,00;0,59
2017.0;5.0;2017-05-01;BRASPINE;QUEIMADINHO USUCAPIAO;PR;DOUTOR ULYSSES;200,27;92,43;115,52;16,67;89,55;10,57;51,14;25,64;100,00;347,05;0,00;0,59
2017.0;5.0;2017-05-01;BRASPINE;RAMOS;PR;SENGES;69,83;38,15;118,73;16,50;89,16;9,58;51,23;25,33;100,00;354,36;0,00;4,95
2017.0;5.0;2017-05-01;BRASPINE;RIBEIRAO GRANDE;PR;JAGUARIAIVA;20,77;20,77;127,52;16,43;87,71;10,29;49,41;24,68;99,78;366,61;0,00;0,71
2017.0;5.0;2017-05-01;BRASPINE;RINCAO DE BAIXO;;;;;132,16;17,04;84,71;9,18;45,60;24,99;99,82;369,80;0,00;6,21
2017.0;5.0;2017-05-01;BRASPINE;RIO BOMBA;PR;CERRO AZUL;65,03;37,72;101,08;17,41;89,20;9,76;52,39;27,03;100,00;255,61;0,00;0,45
2017.0;5.0;2017-05-01;BRASPINE;RIO DO MEIO;PR;DOUTOR ULYSSES;712,33;389,13;116,54;16,67;89,55;10,57;51,14;25,64;100,00;347,05;0,00;0,59
2017.0;5.0;2017-05-01;BRASPINE;RONDON;PR;JAGUARIAIVA;2899,24;1475,88;111,01;16,51;87,71;9,81;51,03;24,61;99,89;353,65;0,00;4,86
2017.0;5.0;2017-05-01;BRASPINE;SANTA FELICIDADE;;;;;118,53;17,68;90,18;9,86;51,57;27,50;100,00;167,87;0,00;0,01
2017.0;5.0;2017-05-01;BRASPINE;SANTA LIDIA DO CERCADINHO;;;;;135,53;16,75;84,82;8,98;45,57;24,59;99,74;364,48;0,00;5,38
2017.0;5.0;2017-05-01;BRASPINE;SANTO ANTONIO;;;;;110,05;16,52;87,63;10,19;50,52;24,66;100,00;368,18;0,00;0,42
2017.0;5.0;2017-05-01;BRASPINE;SAO JOSE;PR;JANDAIA DO SUL;37,56;37,56;227,30;19,70;82,84;11,90;51,12;27,47;99,96;69,93;0,00;8,10
2017.0;5.0;2017-05-01;BRASPINE;SAO MATHEUS;;;;;164,08;20,65;83,15;12,11;50,61;28,80;99,85;26,37;0,00;1,93
2017.0;5.0;2017-05-01;BRASPINE;SAO PEDRO E SAO PAULO;PR;SAPOPEMA;709,13;323,93;191,36;17,89;83,96;11,44;51,10;25,93;99,72;298,38;0,00;0,24
2017.0;5.0;2017-05-01;BRASPINE;SAO RAFAEL;;;;;91,11;16,41;87,21;8,03;50,41;25,40;99,82;325,83;0,00;1,87
2017.0;5.0;2017-05-01;BRASPINE;SAO RAFAEL - PB;;;;;106,34;16,84;89,83;10,21;51,94;25,70;100,00;318,78;0,00;10,96
2017.0;5.0;2017-05-01;BRASPINE;SERRARIA;PR;DOUTOR ULYSSES;280,88;117,71;123,76;16,58;90,00;10,51;51,20;25,86;100,00;347,40;0,00;4,56
2017.0;5.0;2017-05-01;BRASPINE;SERRO VERDE;;;;;150,04;16,64;86,94;8,61;48,10;24,55;99,91;314,11;0,00;36,26
2017.0;5.0;2017-05-01;BRASPINE;SERTAOZINHO;PR;DOUTOR ULYSSES;16,25;16,25;114,67;16,67;89,55;10,57;51,14;25,64;100,00;347,05;0,00;0,59
2017.0;5.0;2017-05-01;BRASPINE;SITIO BASILIO;PR;JAGUARIAIVA;8,08;8,08;122,93;16,53;86,76;9,54;49,71;24,43;99,65;367,50;0,00;11,31
2017.0;5.0;2017-05-01;BRASPINE;SITIO DAS MARRECAS;PR;DOUTOR ULYSSES;77,49;35,17;119,28;17,19;90,16;10,65;51,34;26,74;100,00;283,67;0,00;0,90
2017.0;5.0;2017-05-01;BRASPINE;SOBRADINHO;SP;BOM SUCESSO DE ITARARE;285,80;123,10;108,07;16,47;88,40;9,97;51,32;24,78;100,00;352,25;0,00;1,20
2017.0;5.0;2017-05-01;BRASPINE;TAQUARAL;PR;JAGUARIAIVA;519,13;31,07;117,35;16,67;87,59;9,91;50,90;24,79;100,00;341,93;0,00;4,01
2017.0;5.0;2017-05-01;BRASPINE;TUCUNDUVA;PR;SENGES;82,21;60,89;121,73;17,23;84,14;10,48;48,90;24,94;99,77;351,71;0,00;6,58
2017.0;5.0;2017-05-01;BRASPINE;TUCUNDUVA - CHAMMA;;;;;119,08;17,26;84,37;10,44;48,93;24,96;99,65;354,01;0,00;3,89
2017.0;5.0;2017-05-01;BRASPINE;VIENA 1;PR;DOUTOR ULYSSES;263,98;178,34;119,80;16,31;89,48;9,95;52,43;25,26;100,00;354,46;0,00;1,24
2017.0;5.0;2017-05-01;BRASPINE;VIENA 2;PR;CERRO AZUL;140,23;96,54;101,25;17,41;89,20;9,76;52,39;27,03;100,00;255,61;0,00;0,45
2017.0;5.0;2017-05-01;BRASPINE;VITORIA;PR;SENGES;50,54;35,69;106,43;16,50;87,28;10,44;50,02;24,44;99,86;384,81;0,00;1,53
2017.0;5.0;2017-05-01;BRASPINE;VIVEIRO;PR;DOUTOR ULYSSES;405,39;261,22;116,89;16,67;89,55;10,57;51,14;25,64;100,00;347,05;0,00;0,59
2017.0;5.0;2017-05-01;BRASPINE;VO LINO;PR;DOUTOR ULYSSES;164,50;97,89;114,30;16,79;90,14;10,94;51,24;26,15;100,00;308,03;0,00;3,23
2017.0;5.0;2017-05-01;BRASPINE;XAXIM VELHO;;;;;186,87;15,60;89,80;7,14;53,41;24,53;100,00;358,39;0,00;2,21
2017.0;6.0;2017-06-01;BRASPINE;AGUA DOCE;PR;JAGUARIAIVA;238,97;121,99;115,66;14,36;81,28;3,97;42,54;23,34;99,85;266,30;3,97;20,39
2017.0;6.0;2017-06-01;BRASPINE;AMATA;;;;;167,00;15,43;85,60;5,04;45,72;26,45;99,92;289,41;0,00;10,82
2017.0;6.0;2017-06-01;BRASPINE;ANTA BRAVA;;;;;73,34;17,11;80,54;6,79;43,43;27,06;99,79;323,41;0,00;3,83
2017.0;6.0;2017-06-01;BRASPINE;ARAPONGAS;PR;SENGES;423,34;263,70;123,72;14,54;84,22;4,44;41,86;24,60;100,00;269,64;9,27;27,96
2017.0;6.0;2017-06-01;BRASPINE;ARROIO CLARO;PR;DOUTOR ULYSSES;275,14;92,00;144,80;14,62;85,23;4,75;42,79;25,05;100,00;273,59;9,68;0,36
2017.0;6.0;2017-06-01;BRASPINE;BARRA GRANDE;PR;DOUTOR ULYSSES;493,79;139,68;119,59;14,92;84,85;4,61;42,23;25,41;100,00;276,31;4,61;22,68
2017.0;6.0;2017-06-01;BRASPINE;BARRA GRANDE - BEMAIS;PR;GUARAPUAVA;299,16;108,61;181,26;13,47;84,73;2,41;47,05;22,08;99,99;240,22;11,87;1,88
2017.0;6.0;2017-06-01;BRASPINE;BARRETOS;PR;JAGUARIAIVA;43,35;32,98;123,86;14,51;82,99;4,30;41,73;23,92;99,98;270,74;4,30;1,78
2017.0;6.0;2017-06-01;BRASPINE;BAU;;;;;150,81;13,66;83,67;2,45;44,01;21,14;99,90;256,72;10,44;2,99
2017.0;6.0;2017-06-01;BRASPINE;BOA VISTA II;PR;PIRAI DO SUL;944,00;535,05;121,58;14,45;82,13;4,00;41,91;23,57;99,95;270,27;4,00;2,89
2017.0;6.0;2017-06-01;BRASPINE;BRASILEIRA;;;;;121,76;14,54;84,22;4,44;41,86;24,60;100,00;269,64;9,27;27,96
2017.0;6.0;2017-06-01;BRASPINE;BURACAO;;;;;171,26;14,32;82,97;4,14;41,46;23,97;99,84;264,54;8,93;4,40
2017.0;6.0;2017-06-01;BRASPINE;BURRINHO;PR;DOUTOR ULYSSES;211,01;100,37;143,02;14,62;85,23;4,75;42,79;25,05;100,00;273,59;9,68;0,36
2017.0;6.0;2017-06-01;BRASPINE;CADEADO I;PR;JAGUARIAIVA;21,07;12,29;120,26;14,38;83,61;4,43;41,61;24,12;100,00;263,77;4,43;0,21
2017.0;6.0;2017-06-01;BRASPINE;CADEADO II;PR;JAGUARIAIVA;21,88;16,79;120,26;14,38;83,61;4,43;41,61;24,12;100,00;263,77;4,43;0,21
2017.0;6.0;2017-06-01;BRASPINE;CAMPINA ALTA;PR;TIBAGI;29,77;18,24;125,98;14,77;83,39;2,63;46,03;23,71;99,92;265,69;6,23;1,21
2017.0;6.0;2017-06-01;BRASPINE;CAMPINA DO ELIAS;PR;JAGUARIAIVA;29,17;14,65;122,81;14,46;83,21;4,34;41,69;23,99;99,99;268,21;4,34;1,26
2017.0;6.0;2017-06-01;BRASPINE;CAMPO NOVO;PR;JAGUARIAIVA;295,98;156,36;123,43;14,38;83,61;4,43;41,61;24,12;100,00;263,77;4,43;0,21
2017.0;6.0;2017-06-01;BRASPINE;CONSULTORIA II A;PR;DOUTOR ULYSSES;89,62;60,79;122,00;14,54;84,22;4,44;41,86;24,60;100,00;269,64;9,27;27,96
2017.0;6.0;2017-06-01;BRASPINE;DINIZ;;;;;123,44;14,54;84,22;4,44;41,86;24,60;100,00;269,64;9,27;27,96
2017.0;6.0;2017-06-01;BRASPINE;ENES;PR;JAGUARIAIVA;5,93;5,69;123,36;14,38;83,61;4,43;41,61;24,12;100,00;263,77;4,43;0,21
2017.0;6.0;2017-06-01;BRASPINE;ENGENHARIA;;;;;123,44;14,54;84,22;4,44;41,86;24,60;100,00;269,64;9,27;27,96
2017.0;6.0;2017-06-01;BRASPINE;ESTACAO;PR;SENGES;4,76;4,14;121,73;14,38;83,61;4,43;41,61;24,12;100,00;263,77;4,43;0,21
2017.0;6.0;2017-06-01;BRASPINE;FAXINAL;PR;JAGUARIAIVA;20,65;20,65;123,36;14,38;83,61;4,43;41,61;24,12;100,00;263,77;4,43;0,21
2017.0;6.0;2017-06-01;BRASPINE;FEITAL;PR;DOUTOR ULYSSES;154,17;86,53;120,26;14,67;84,43;4,49;41,98;24,87;100,00;271,85;9,38;26,24
2017.0;6.0;2017-06-01;BRASPINE;FIGUEIRA;PR;DOUTOR ULYSSES;1053,81;315,71;120,55;14,62;85,23;4,75;42,79;25,05;100,00;273,59;9,68;0,36
2017.0;6.0;2017-06-01;BRASPINE;FIGUEIRINHA;PR;DOUTOR ULYSSES;94,37;56,74;129,96;14,62;85,23;4,75;42,79;25,05;100,00;273,59;9,68;0,36
2017.0;6.0;2017-06-01;BRASPINE;FLOEMA;PR;DOUTOR ULYSSES;2189,88;701,43;120,41;14,25;84,48;4,38;42,19;24,27;100,00;265,17;8,94;0,76
2017.0;6.0;2017-06-01;BRASPINE;FLOEMA I - SUDATI;;;;;121,70;14,54;84,22;4,44;41,86;24,60;100,00;269,64;9,27;27,96
2017.0;6.0;2017-06-01;BRASPINE;FLOEMA II - SUDATI;PR;DOUTOR ULYSSES;453,83;211,13;121,57;14,54;84,22;4,44;41,86;24,60;100,00;269,64;9,27;27,96
2017.0;6.0;2017-06-01;BRASPINE;FLOR DA SERRA;PR;SAO JOSE DA BOA VISTA;209,10;128,72;109,49;15,76;79,69;4,61;44,12;25,79;99,80;277,97;4,61;16,45
2017.0;6.0;2017-06-01;BRASPINE;GENTIL;PR;JAGUARIAIVA;126,77;53,33;118,01;14,12;81,26;3,67;43,05;22,91;99,52;261,34;3,67;1,50
2017.0;6.0;2017-06-01;BRASPINE;GUAIRACA;PR;GUARAPUAVA;623,62;169,31;183,03;13,53;84,87;2,13;47,52;22,17;99,99;239,80;16,53;2,89
2017.0;6.0;2017-06-01;BRASPINE;HERVAL 2 - MADALOSSO;;;;;168,27;14,32;82,97;4,14;41,46;23,97;99,84;264,54;8,93;4,40
2017.0;6.0;2017-06-01;BRASPINE;HERVAL DE BAIXO;PR;RESERVA;827,29;475,92;126,78;14,61;84,18;2,69;46,63;23,80;99,86;253,06;6,27;7,61
2017.0;6.0;2017-06-01;BRASPINE;HORTO 01;PR;TURVO;19,12;19,12;131,19;14,03;84,72;3,05;49,98;22,60;100,00;248,56;12,15;3,83
2017.0;6.0;2017-06-01;BRASPINE;HORTO 02;PR;TURVO;4,24;4,24;131,20;14,03;84,72;3,05;49,98;22,60;100,00;248,56;12,15;3,83
2017.0;6.0;2017-06-01;BRASPINE;HORTO 03;PR;PRUDENTOPOLIS;80,91;25,89;129,32;14,36;84,60;3,15;47,13;23,25;100,00;254,55;7,18;0,65
2017.0;6.0;2017-06-01;BRASPINE;HORTO 08;PR;TURVO;9,53;9,53;124,28;14,36;84,60;3,15;47,13;23,25;100,00;254,55;7,18;0,65
2017.0;6.0;2017-06-01;BRASPINE;HORTO 12;PR;PRUDENTOPOLIS;12,20;12,20;127,11;14,36;84,60;3,15;47,13;23,25;100,00;254,55;7,18;0,65
2017.0;6.0;2017-06-01;BRASPINE;IZAU;PR;PIRAI DO SUL;19,37;11,60;119,17;14,18;81,71;3,78;42,66;22,98;99,83;266,29;3,78;3,89
2017.0;6.0;2017-06-01;BRASPINE;JOAO RICO;PR;JAGUARIAIVA;47,46;26,18;117,23;14,36;81,28;3,97;42,54;23,34;99,85;266,30;3,97;20,39
2017.0;6.0;2017-06-01;BRASPINE;LAGOA;PR;JAGUARIAIVA;24,10;10,78;120,56;14,38;83,61;4,43;41,61;24,12;100,00;263,77;4,43;0,21
2017.0;6.0;2017-06-01;BRASPINE;MARACANA;PR;JANDAIA DO SUL;11,45;11,45;85,07;16,72;80,03;5,48;37,28;25,71;99,99;280,34;0,00;7,06
2017.0;6.0;2017-06-01;BRASPINE;MARRECA;;;;;118,92;14,62;85,23;4,75;42,79;25,05;100,00;273,59;9,68;0,36
2017.0;6.0;2017-06-01;BRASPINE;MARRECA SP;SP;ITAPIRAPUA PAULISTA;675,30;236,19;144,09;15,15;85,80;4,57;43,43;26,07;100,00;281,18;9,56;1,37
2017.0;6.0;2017-06-01;BRASPINE;MARRECAS;;;;;180,53;13,03;84,93;2,31;44,78;21,53;100,00;228,84;11,50;11,22
2017.0;6.0;2017-06-01;BRASPINE;MERCADINHO;;;;;151,02;14,91;85,71;4,68;44,64;25,71;99,96;274,94;9,60;1,75
2017.0;6.0;2017-06-01;BRASPINE;MONTE ALEGRE;;;;;81,61;17,14;79,40;5,95;36,82;26,26;99,94;257,60;0,00;3,81
2017.0;6.0;2017-06-01;BRASPINE;MONTE TABOR II;;;;;110,39;14,59;87,16;3,36;45,97;25,52;100,00;265,05;11,56;1,14
2017.0;6.0;2017-06-01;BRASPINE;MOREIRA;PR;DOUTOR ULYSSES;230,52;68,68;121,57;14,54;84,22;4,44;41,86;24,60;100,00;269,64;9,27;27,96
2017.0;6.0;2017-06-01;BRASPINE;MOREIRAS II;PR;DOUTOR ULYSSES;66,76;28,75;122,09;14,54;84,22;4,44;41,86;24,60;100,00;269,64;9,27;27,96
2017.0;6.0;2017-06-01;BRASPINE;MORRETES;PR;ORTIGUEIRA;20,36;20,36;120,56;14,88;84,61;3,07;45,85;24,39;99,85;254,44;6,83;0,76
2017.0;6.0;2017-06-01;BRASPINE;MORRO AZUL;;;;;116,08;14,78;84,22;4,48;41,06;25,06;100,00;271,38;4,48;8,01
2017.0;6.0;2017-06-01;BRASPINE;OURO FINO;SP;APIAI;51,70;51,70;109,72;14,62;85,56;3,74;44,43;25,03;100,00;269,20;7,75;2,64
2017.0;6.0;2017-06-01;BRASPINE;PALMEIRINHA DE BAIXO - SOSSEGO;PR;SENGES;85,93;9,22;116,86;14,30;81,69;4,30;40,94;23,66;99,87;261,48;9,17;2,86
2017.0;6.0;2017-06-01;BRASPINE;PAZIN;PR;DOUTOR ULYSSES;41,20;23,90;119,55;14,62;85,23;4,75;42,79;25,05;100,00;273,59;9,68;0,36
2017.0;6.0;2017-06-01;BRASPINE;PEDRAS;PR;CASTRO;7,18;7,18;126,21;14,11;82,59;3,19;44,30;22,89;99,96;260,16;3,19;0,47
2017.0;6.0;2017-06-01;BRASPINE;PESCARIA;PR;SAO JOSE DA BOA VISTA;184,57;129,22;110,29;15,94;78,80;4,95;42,66;26,01;99,83;279,05;4,95;54,84
2017.0;6.0;2017-06-01;BRASPINE;PESSEGUEIRO;PR;DOUTOR ULYSSES;109,95;64,79;122,22;14,54;84,22;4,44;41,86;24,60;100,00;269,64;9,27;27,96
2017.0;6.0;2017-06-01;BRASPINE;PITANGA;;;;;140,00;14,26;83,29;2,24;48,50;21,90;99,82;269,72;9,92;0,02
2017.0;6.0;2017-06-01;BRASPINE;QUEIMADINHO ARROIO CLARO;PR;DOUTOR ULYSSES;48,13;19,09;121,76;14,54;84,22;4,44;41,86;24,60;100,00;269,64;9,27;27,96
2017.0;6.0;2017-06-01;BRASPINE;QUEIMADINHO M6042;PR;DOUTOR ULYSSES;48,38;18,50;121,76;14,54;84,22;4,44;41,86;24,60;100,00;269,64;9,27;27,96
2017.0;6.0;2017-06-01;BRASPINE;QUEIMADINHO USUCAPIAO;PR;DOUTOR ULYSSES;200,27;92,43;121,76;14,54;84,22;4,44;41,86;24,60;100,00;269,64;9,27;27,96
2017.0;6.0;2017-06-01;BRASPINE;RAMOS;PR;SENGES;69,83;38,15;121,70;14,38;83,61;4,43;41,61;24,12;100,00;263,77;4,43;0,21
2017.0;6.0;2017-06-01;BRASPINE;RIBEIRAO GRANDE;PR;JAGUARIAIVA;20,77;20,77;118,04;14,18;81,71;3,78;42,66;22,98;99,83;266,29;3,78;3,89
2017.0;6.0;2017-06-01;BRASPINE;RINCAO DE BAIXO;;;;;125,49;14,35;80,98;2,42;43,79;23,22;99,82;255,47;6,72;1,34
2017.0;6.0;2017-06-01;BRASPINE;RIO BOMBA;PR;CERRO AZUL;65,03;37,72;158,27;15,08;85,38;4,59;44,90;25,97;99,86;277,31;9,40;3,26
2017.0;6.0;2017-06-01;BRASPINE;RIO DO MEIO;PR;DOUTOR ULYSSES;712,33;389,13;121,99;14,54;84,22;4,44;41,86;24,60;100,00;269,64;9,27;27,96
2017.0;6.0;2017-06-01;BRASPINE;RONDON;PR;JAGUARIAIVA;2899,24;1475,88;120,39;14,27;82,06;4,23;42,00;23,62;99,89;259,41;8,76;14,52
2017.0;6.0;2017-06-01;BRASPINE;SANTA FELICIDADE;;;;;120,91;15,40;86,38;4,22;44,28;26,78;100,00;280,38;4,22;0,28
2017.0;6.0;2017-06-01;BRASPINE;SANTA LIDIA DO CERCADINHO;;;;;126,34;14,11;80,85;2,49;43,88;22,88;99,80;252,30;6,84;0,70
2017.0;6.0;2017-06-01;BRASPINE;SANTO ANTONIO;;;;;120,12;14,32;82,28;4,23;39,99;23,95;100,00;260,48;8,70;0,91
2017.0;6.0;2017-06-01;BRASPINE;SAO JOSE;PR;JANDAIA DO SUL;37,56;37,56;81,82;17,01;79,52;5,88;36,88;26,07;99,97;255,67;0,00;4,68
2017.0;6.0;2017-06-01;BRASPINE;SAO MATHEUS;;;;;86,80;17,97;79,39;5,80;37,57;27,51;99,82;234,62;0,00;3,13
2017.0;6.0;2017-06-01;BRASPINE;SAO PEDRO E SAO PAULO;PR;SAPOPEMA;709,13;323,93;102,69;15,16;81,54;4,00;42,86;24,33;99,60;278,54;4,00;0,42
2017.0;6.0;2017-06-01;BRASPINE;SAO RAFAEL;;;;;169,25;14,06;83,11;3,16;45,39;23,45;100,00;257,57;3,16;21,20
2017.0;6.0;2017-06-01;BRASPINE;SAO RAFAEL - PB;;;;;114,77;14,73;85,16;4,13;43,35;25,12;100,00;273,65;8,83;3,93
2017.0;6.0;2017-06-01;BRASPINE;SERRARIA;PR;DOUTOR ULYSSES;280,88;117,71;122,15;14,44;84,86;4,65;42,49;24,66;100,00;269,38;9,31;0,57
2017.0;6.0;2017-06-01;BRASPINE;SERRO VERDE;;;;;160,79;13,98;82,77;1,77;43,37;21,63;99,92;266,98;9,31;5,99
2017.0;6.0;2017-06-01;BRASPINE;SERTAOZINHO;PR;DOUTOR ULYSSES;16,25;16,25;123,10;14,54;84,22;4,44;41,86;24,60;100,00;269,64;9,27;27,96
2017.0;6.0;2017-06-01;BRASPINE;SITIO BASILIO;PR;JAGUARIAIVA;8,08;8,08;115,69;14,17;81,13;3,72;43,09;23,01;99,64;261,14;3,72;20,68
2017.0;6.0;2017-06-01;BRASPINE;SITIO DAS MARRECAS;PR;DOUTOR ULYSSES;77,49;35,17;124,59;15,00;85,63;4,67;43,25;25,77;100,00;278,99;9,59;1,48
2017.0;6.0;2017-06-01;BRASPINE;SOBRADINHO;SP;BOM SUCESSO DE ITARARE;285,80;123,10;116,81;14,34;83,24;4,03;40,64;24,11;100,00;261,21;8,89;19,17
2017.0;6.0;2017-06-01;BRASPINE;TAQUARAL;PR;JAGUARIAIVA;519,13;31,07;119,98;14,38;81,89;4,12;42,43;23,58;99,99;264,89;9,01;19,84
2017.0;6.0;2017-06-01;BRASPINE;TUCUNDUVA;PR;SENGES;82,21;60,89;113,58;14,83;79,32;4,17;42,61;24,16;99,28;257,52;8,35;12,15
2017.0;6.0;2017-06-01;BRASPINE;TUCUNDUVA - CHAMMA;;;;;117,94;14,91;79,53;4,34;42,59;24,29;99,23;262,36;9,33;9,05
2017.0;6.0;2017-06-01;BRASPINE;VIENA 1;PR;DOUTOR ULYSSES;263,98;178,34;136,57;14,19;83,64;4,23;42,93;23,74;100,00;264,15;8,68;0,45
2017.0;6.0;2017-06-01;BRASPINE;VIENA 2;PR;CERRO AZUL;140,23;96,54;158,47;15,08;85,38;4,59;44,90;25,97;99,86;277,31;9,40;3,26
2017.0;6.0;2017-06-01;BRASPINE;VITORIA;PR;SENGES;50,54;35,69;116,86;14,30;81,69;4,30;40,94;23,66;99,87;261,48;9,17;2,86
2017.0;6.0;2017-06-01;BRASPINE;VIVEIRO;PR;DOUTOR ULYSSES;405,39;261,22;122,09;14,54;84,22;4,44;41,86;24,60;100,00;269,64;9,27;27,96
2017.0;6.0;2017-06-01;BRASPINE;VO LINO;PR;DOUTOR ULYSSES;164,50;97,89;127,48;14,62;85,23;4,75;42,79;25,05;100,00;273,59;9,68;0,36
2017.0;6.0;2017-06-01;BRASPINE;XAXIM VELHO;;;;;177,47;13,11;85,16;2,16;45,38;21,51;100,00;233,43;10,58;2,71
2017.0;7.0;2017-07-01;BRASPINE;AGUA DOCE;PR;JAGUARIAIVA;238,97;121,99;26,62;13,57;74,87;1,97;35,57;21,86;99,55;282,87;4,00;2,69
2017.0;7.0;2017-07-01;BRASPINE;AMATA;;;;;16,58;14,50;80,91;1,00;37,74;24,60;99,76;303,80;4,75;2,22
2017.0;7.0;2017-07-01;BRASPINE;ANTA BRAVA;;;;;7,25;16,41;71,97;7,25;33,82;25,70;98,13;351,18;0,00;0,46
2017.0;7.0;2017-07-01;BRASPINE;ARAPONGAS;PR;SENGES;423,34;263,70;29,24;13,54;79,61;2,35;33,27;22,82;100,00;282,37;5,30;0,23
2017.0;7.0;2017-07-01;BRASPINE;ARROIO CLARO;PR;DOUTOR ULYSSES;275,14;92,00;23,70;13,53;81,11;1,89;33,78;23,14;100,00;281,95;4,96;1,39
2017.0;7.0;2017-07-01;BRASPINE;BARRA GRANDE;PR;DOUTOR ULYSSES;493,79;139,68;30,17;13,97;80,58;2,58;33,54;23,87;100,00;292,69;5,85;2,71
2017.0;7.0;2017-07-01;BRASPINE;BARRA GRANDE - BEMAIS;PR;GUARAPUAVA;299,16;108,61;15,81;12,59;73,82;0,39;37,58;21,46;99,46;227,50;22,66;0,50
2017.0;7.0;2017-07-01;BRASPINE;BARRETOS;PR;JAGUARIAIVA;43,35;32,98;30,17;13,70;77,38;1,95;33,82;22,41;99,71;288,03;3,94;2,05
2017.0;7.0;2017-07-01;BRASPINE;BAU;;;;;31,82;13,12;70,63;-0,95;37,60;21,69;99,47;266,16;10,88;0,66
2017.0;7.0;2017-07-01;BRASPINE;BOA VISTA II;PR;PIRAI DO SUL;944,00;535,05;30,45;13,68;76,09;1,50;34,93;22,21;99,64;288,45;3,10;2,36
2017.0;7.0;2017-07-01;BRASPINE;BRASILEIRA;;;;;29,86;13,54;79,61;2,35;33,27;22,82;100,00;282,37;5,30;0,23
2017.0;7.0;2017-07-01;BRASPINE;BURACAO;;;;;16,01;13,18;78,94;-0,01;38,38;22,36;99,81;263,60;1,19;9,60
2017.0;7.0;2017-07-01;BRASPINE;BURRINHO;PR;DOUTOR ULYSSES;211,01;100,37;24,18;13,53;81,11;1,89;33,78;23,14;100,00;281,95;4,96;1,39
2017.0;7.0;2017-07-01;BRASPINE;CADEADO I;PR;JAGUARIAIVA;21,07;12,29;28,90;13,42;78,59;2,19;33,26;22,33;100,00;276,71;4,66;1,42
2017.0;7.0;2017-07-01;BRASPINE;CADEADO II;PR;JAGUARIAIVA;21,88;16,79;28,90;13,42;78,59;2,19;33,26;22,33;100,00;276,71;4,66;1,42
2017.0;7.0;2017-07-01;BRASPINE;CAMPINA ALTA;PR;TIBAGI;29,77;18,24;30,77;14,20;71,09;1,39;34,86;23,32;99,76;267,65;12,65;0,64
2017.0;7.0;2017-07-01;BRASPINE;CAMPINA DO ELIAS;PR;JAGUARIAIVA;29,17;14,65;30,63;13,59;77,82;2,04;33,61;22,37;99,73;283,95;4,21;1,84
2017.0;7.0;2017-07-01;BRASPINE;CAMPO NOVO;PR;JAGUARIAIVA;295,98;156,36;29,17;13,42;78,59;2,19;33,26;22,33;100,00;276,71;4,66;1,42
2017.0;7.0;2017-07-01;BRASPINE;CONSULTORIA II A;PR;DOUTOR ULYSSES;89,62;60,79;30,15;13,54;79,61;2,35;33,27;22,82;100,00;282,37;5,30;0,23
2017.0;7.0;2017-07-01;BRASPINE;DINIZ;;;;;28,26;13,54;79,61;2,35;33,27;22,82;100,00;282,37;5,30;0,23
2017.0;7.0;2017-07-01;BRASPINE;ENES;PR;JAGUARIAIVA;5,93;5,69;29,17;13,42;78,59;2,19;33,26;22,33;100,00;276,71;4,66;1,42
2017.0;7.0;2017-07-01;BRASPINE;ENGENHARIA;;;;;28,26;13,54;79,61;2,35;33,27;22,82;100,00;282,37;5,30;0,23
2017.0;7.0;2017-07-01;BRASPINE;ESTACAO;PR;SENGES;4,76;4,14;29,77;13,42;78,59;2,19;33,26;22,33;100,00;276,71;4,66;1,42
2017.0;7.0;2017-07-01;BRASPINE;FAXINAL;PR;JAGUARIAIVA;20,65;20,65;29,17;13,42;78,59;2,19;33,26;22,33;100,00;276,71;4,66;1,42
2017.0;7.0;2017-07-01;BRASPINE;FEITAL;PR;DOUTOR ULYSSES;154,17;86,53;30,26;13,68;79,94;2,43;33,36;23,17;100,00;285,76;5,48;4,67
2017.0;7.0;2017-07-01;BRASPINE;FIGUEIRA;PR;DOUTOR ULYSSES;1053,81;315,71;30,23;13,53;81,11;1,89;33,78;23,14;100,00;281,95;4,96;1,39
2017.0;7.0;2017-07-01;BRASPINE;FIGUEIRINHA;PR;DOUTOR ULYSSES;94,37;56,74;28,92;13,53;81,11;1,89;33,78;23,14;100,00;281,95;4,96;1,39
2017.0;7.0;2017-07-01;BRASPINE;FLOEMA;PR;DOUTOR ULYSSES;2189,88;701,43;31,03;13,12;80,01;1,01;33,35;22,30;100,00;270,71;3,49;0,08
2017.0;7.0;2017-07-01;BRASPINE;FLOEMA I - SUDATI;;;;;29,72;13,54;79,61;2,35;33,27;22,82;100,00;282,37;5,30;0,23
2017.0;7.0;2017-07-01;BRASPINE;FLOEMA II - SUDATI;PR;DOUTOR ULYSSES;453,83;211,13;30,26;13,54;79,61;2,35;33,27;22,82;100,00;282,37;5,30;0,23
2017.0;7.0;2017-07-01;BRASPINE;FLOR DA SERRA;PR;SAO JOSE DA BOA VISTA;209,10;128,72;16,82;15,20;70,77;5,62;33,76;23,79;97,19;317,85;0,00;8,07
2017.0;7.0;2017-07-01;BRASPINE;GENTIL;PR;JAGUARIAIVA;126,77;53,33;26,75;13,23;75,01;1,63;36,18;21,51;99,48;273,58;3,40;0,00
2017.0;7.0;2017-07-01;BRASPINE;GUAIRACA;PR;GUARAPUAVA;623,62;169,31;14,85;12,65;74,34;0,17;38,75;21,73;99,64;226,73;25,22;0,21
2017.0;7.0;2017-07-01;BRASPINE;HERVAL 2 - MADALOSSO;;;;;16,40;13,18;78,94;-0,01;38,38;22,36;99,81;263,60;1,19;9,60
2017.0;7.0;2017-07-01;BRASPINE;HERVAL DE BAIXO;PR;RESERVA;827,29;475,92;32,60;13,93;72,33;0,86;34,70;23,31;99,85;250,70;11,73;8,33
2017.0;7.0;2017-07-01;BRASPINE;HORTO 01;PR;TURVO;19,12;19,12;27,04;12,99;74,57;0,68;38,90;22,37;100,00;229,57;16,09;0,05
2017.0;7.0;2017-07-01;BRASPINE;HORTO 02;PR;TURVO;4,24;4,24;26,88;12,99;74,57;0,68;38,90;22,37;100,00;229,57;16,09;0,05
2017.0;7.0;2017-07-01;BRASPINE;HORTO 03;PR;PRUDENTOPOLIS;80,91;25,89;27,73;13,46;74,27;1,08;37,33;23,04;99,31;244,77;15,27;1,17
2017.0;7.0;2017-07-01;BRASPINE;HORTO 08;PR;TURVO;9,53;9,53;26,04;13,46;74,27;1,08;37,33;23,04;99,31;244,77;15,27;1,17
2017.0;7.0;2017-07-01;BRASPINE;HORTO 12;PR;PRUDENTOPOLIS;12,20;12,20;28,01;13,46;74,27;1,08;37,33;23,04;99,31;244,77;15,27;1,17
2017.0;7.0;2017-07-01;BRASPINE;IZAU;PR;PIRAI DO SUL;19,37;11,60;27,27;13,38;75,56;1,29;35,41;21,69;99,52;282,36;2,67;2,76
2017.0;7.0;2017-07-01;BRASPINE;JOAO RICO;PR;JAGUARIAIVA;47,46;26,18;26,96;13,57;74,87;1,97;35,57;21,86;99,55;282,87;4,00;2,69
2017.0;7.0;2017-07-01;BRASPINE;LAGOA;PR;JAGUARIAIVA;24,10;10,78;29,32;13,42;78,59;2,19;33,26;22,33;100,00;276,71;4,66;1,42
2017.0;7.0;2017-07-01;BRASPINE;MARACANA;PR;JANDAIA DO SUL;11,45;11,45;8,96;16,75;62,54;4,88;28,86;25,31;94,42;343,51;4,88;0,94
2017.0;7.0;2017-07-01;BRASPINE;MARRECA;;;;;30,86;13,53;81,11;1,89;33,78;23,14;100,00;281,95;4,96;1,39
2017.0;7.0;2017-07-01;BRASPINE;MARRECA SP;SP;ITAPIRAPUA PAULISTA;675,30;236,19;24,88;14,13;82,05;2,61;34,49;24,47;100,00;293,59;6,23;0,31
2017.0;7.0;2017-07-01;BRASPINE;MARRECAS;;;;;14,83;12,19;73,77;-0,31;37,70;21,12;99,83;219,37;22,59;0,67
2017.0;7.0;2017-07-01;BRASPINE;MERCADINHO;;;;;22,37;13,88;81,40;1,73;35,25;23,81;99,86;287,01;5,09;0,79
2017.0;7.0;2017-07-01;BRASPINE;MONTE ALEGRE;;;;;9,09;17,13;62,26;4,80;29,38;25,86;94,04;318,98;4,80;0,33
2017.0;7.0;2017-07-01;BRASPINE;MONTE TABOR II;;;;;28,33;13,30;83,97;3,44;42,67;22,75;100,00;275,70;8,16;339,84
2017.0;7.0;2017-07-01;BRASPINE;MOREIRA;PR;DOUTOR ULYSSES;230,52;68,68;30,26;13,54;79,61;2,35;33,27;22,82;100,00;282,37;5,30;0,23
2017.0;7.0;2017-07-01;BRASPINE;MOREIRAS II;PR;DOUTOR ULYSSES;66,76;28,75;30,14;13,54;79,61;2,35;33,27;22,82;100,00;282,37;5,30;0,23
2017.0;7.0;2017-07-01;BRASPINE;MORRETES;PR;ORTIGUEIRA;20,36;20,36;33,51;14,16;73,16;1,02;33,58;23,91;99,83;251,95;13,11;0,36
2017.0;7.0;2017-07-01;BRASPINE;MORRO AZUL;;;;;25,96;13,90;79,63;2,99;32,76;23,71;100,00;290,47;6,18;1,41
2017.0;7.0;2017-07-01;BRASPINE;OURO FINO;SP;APIAI;51,70;51,70;27,16;13,57;81,34;3,01;36,69;23,21;100,00;284,57;7,07;4,74
2017.0;7.0;2017-07-01;BRASPINE;PALMEIRINHA DE BAIXO - SOSSEGO;PR;SENGES;85,93;9,22;24,48;13,45;75,76;2,71;32,76;21,88;99,03;276,56;5,57;2,48
2017.0;7.0;2017-07-01;BRASPINE;PAZIN;PR;DOUTOR ULYSSES;41,20;23,90;31,00;13,53;81,11;1,89;33,78;23,14;100,00;281,95;4,96;1,39
2017.0;7.0;2017-07-01;BRASPINE;PEDRAS;PR;CASTRO;7,18;7,18;30,47;13,25;76,89;0,81;38,31;21,73;99,65;275,32;1,67;1,57
2017.0;7.0;2017-07-01;BRASPINE;PESCARIA;PR;SAO JOSE DA BOA VISTA;184,57;129,22;20,55;15,47;70,10;5,43;32,27;24,07;95,84;318,61;0,00;8,35
2017.0;7.0;2017-07-01;BRASPINE;PESSEGUEIRO;PR;DOUTOR ULYSSES;109,95;64,79;30,28;13,54;79,61;2,35;33,27;22,82;100,00;282,37;5,30;0,23
2017.0;7.0;2017-07-01;BRASPINE;PITANGA;;;;;30,11;13,79;69,80;-0,57;38,08;22,39;98,07;283,73;8,20;5,74
2017.0;7.0;2017-07-01;BRASPINE;QUEIMADINHO ARROIO CLARO;PR;DOUTOR ULYSSES;48,13;19,09;29,86;13,54;79,61;2,35;33,27;22,82;100,00;282,37;5,30;0,23
2017.0;7.0;2017-07-01;BRASPINE;QUEIMADINHO M6042;PR;DOUTOR ULYSSES;48,38;18,50;29,86;13,54;79,61;2,35;33,27;22,82;100,00;282,37;5,30;0,23
2017.0;7.0;2017-07-01;BRASPINE;QUEIMADINHO USUCAPIAO;PR;DOUTOR ULYSSES;200,27;92,43;29,86;13,54;79,61;2,35;33,27;22,82;100,00;282,37;5,30;0,23
2017.0;7.0;2017-07-01;BRASPINE;RAMOS;PR;SENGES;69,83;38,15;29,72;13,42;78,59;2,19;33,26;22,33;100,00;276,71;4,66;1,42
2017.0;7.0;2017-07-01;BRASPINE;RIBEIRAO GRANDE;PR;JAGUARIAIVA;20,77;20,77;26,85;13,38;75,56;1,29;35,41;21,69;99,52;282,36;2,67;2,76
2017.0;7.0;2017-07-01;BRASPINE;RINCAO DE BAIXO;;;;;24,35;13,67;71,72;1,39;34,86;22,25;99,26;266,10;3,37;0,49
2017.0;7.0;2017-07-01;BRASPINE;RIO BOMBA;PR;CERRO AZUL;65,03;37,72;20,38;14,05;80,53;0,99;36,70;23,79;99,70;287,38;4,39;1,93
2017.0;7.0;2017-07-01;BRASPINE;RIO DO MEIO;PR;DOUTOR ULYSSES;712,33;389,13;30,06;13,54;79,61;2,35;33,27;22,82;100,00;282,37;5,30;0,23
2017.0;7.0;2017-07-01;BRASPINE;RONDON;PR;JAGUARIAIVA;2899,24;1475,88;24,85;13,41;76,31;2,39;34,01;21,82;99,52;273,17;5,09;2,24
2017.0;7.0;2017-07-01;BRASPINE;SANTA FELICIDADE;;;;;31,33;14,42;82,97;2,98;35,58;25,16;100,00;293,36;7,08;1,28
2017.0;7.0;2017-07-01;BRASPINE;SANTA LIDIA DO CERCADINHO;;;;;23,05;13,41;71,81;1,52;35,22;21,79;99,08;263,74;3,30;5,67
2017.0;7.0;2017-07-01;BRASPINE;SANTO ANTONIO;;;;;25,28;13,50;76,46;2,84;31,64;22,32;99,74;278,59;5,70;8,34
2017.0;7.0;2017-07-01;BRASPINE;SAO JOSE;PR;JANDAIA DO SUL;37,56;37,56;9,08;16,99;62,34;4,80;29,32;25,66;94,10;331,76;4,80;2,52
2017.0;7.0;2017-07-01;BRASPINE;SAO MATHEUS;;;;;9,46;17,98;62,89;4,85;30,72;27,26;94,87;279,86;4,85;3,32
2017.0;7.0;2017-07-01;BRASPINE;SAO PEDRO E SAO PAULO;PR;SAPOPEMA;709,13;323,93;9,24;14,43;70,07;4,94;32,71;22,96;97,80;292,16;4,94;0,60
2017.0;7.0;2017-07-01;BRASPINE;SAO RAFAEL;;;;;15,25;13,14;78,02;-0,37;40,20;22,43;100,00;266,68;4,38;2,99
2017.0;7.0;2017-07-01;BRASPINE;SAO RAFAEL - PB;;;;;27,30;13,73;80,89;3,12;35,45;23,42;100,00;288,58;7,01;0,70
2017.0;7.0;2017-07-01;BRASPINE;SERRARIA;PR;DOUTOR ULYSSES;280,88;117,71;31,06;13,32;80,56;1,45;33,56;22,68;100,00;276,36;4,22;1,79
2017.0;7.0;2017-07-01;BRASPINE;SERRO VERDE;;;;;34,52;13,52;69,19;-0,96;37,53;22,30;99,65;283,25;12,17;29,94
2017.0;7.0;2017-07-01;BRASPINE;SERTAOZINHO;PR;DOUTOR ULYSSES;16,25;16,25;27,98;13,54;79,61;2,35;33,27;22,82;100,00;282,37;5,30;0,23
2017.0;7.0;2017-07-01;BRASPINE;SITIO BASILIO;PR;JAGUARIAIVA;8,08;8,08;26,53;13,28;74,80;1,80;36,26;21,55;99,49;273,35;3,79;0,11
2017.0;7.0;2017-07-01;BRASPINE;SITIO DAS MARRECAS;PR;DOUTOR ULYSSES;77,49;35,17;30,66;13,96;81,78;2,40;34,28;24,09;100,00;290,24;5,86;0,63
2017.0;7.0;2017-07-01;BRASPINE;SOBRADINHO;SP;BOM SUCESSO DE ITARARE;285,80;123,10;26,27;13,41;78,04;3,02;31,95;22,70;99,96;275,68;6,13;5,99
2017.0;7.0;2017-07-01;BRASPINE;TAQUARAL;PR;JAGUARIAIVA;519,13;31,07;26,85;13,61;75,72;2,16;35,01;21,96;99,60;281,35;4,44;0,58
2017.0;7.0;2017-07-01;BRASPINE;TUCUNDUVA;PR;SENGES;82,21;60,89;26,69;13,91;72,63;3,44;32,98;22,19;96,88;280,78;7,47;0,10
2017.0;7.0;2017-07-01;BRASPINE;TUCUNDUVA - CHAMMA;;;;;25,50;14,02;73,05;3,53;32,74;22,28;97,33;286,36;7,57;8,46
2017.0;7.0;2017-07-01;BRASPINE;VIENA 1;PR;DOUTOR ULYSSES;263,98;178,34;27,95;13,16;78,88;0,81;35,01;22,04;99,98;272,34;2,61;0,09
2017.0;7.0;2017-07-01;BRASPINE;VIENA 2;PR;CERRO AZUL;140,23;96,54;20,42;14,05;80,53;0,99;36,70;23,79;99,70;287,38;4,39;1,93
2017.0;7.0;2017-07-01;BRASPINE;VITORIA;PR;SENGES;50,54;35,69;24,48;13,45;75,76;2,71;32,76;21,88;99,03;276,56;5,57;2,48
2017.0;7.0;2017-07-01;BRASPINE;VIVEIRO;PR;DOUTOR ULYSSES;405,39;261,22;30,14;13,54;79,61;2,35;33,27;22,82;100,00;282,37;5,30;0,23
2017.0;7.0;2017-07-01;BRASPINE;VO LINO;PR;DOUTOR ULYSSES;164,50;97,89;28,35;13,53;81,11;1,89;33,78;23,14;100,00;281,95;4,96;1,39
2017.0;7.0;2017-07-01;BRASPINE;XAXIM VELHO;;;;;16,48;12,34;74,50;-0,88;37,44;21,46;99,88;226,73;16,73;0,31
2017.0;8.0;2017-08-01;BRASPINE;AGUA DOCE;PR;JAGUARIAIVA;238,97;121,99;49,00;15,64;76,75;6,18;33,74;27,84;100,00;298,10;0,00;1,42
2017.0;8.0;2017-08-01;BRASPINE;AMATA;;;;;72,12;16,53;80,30;7,40;33,63;30,81;100,00;362,07;0,00;2,34
2017.0;8.0;2017-08-01;BRASPINE;ANTA BRAVA;;;;;41,13;18,06;74,08;10,64;29,52;30,36;98,96;326,62;0,00;1,66
2017.0;8.0;2017-08-01;BRASPINE;ARAPONGAS;PR;SENGES;423,34;263,70;51,08;15,44;80,24;6,82;31,58;28,94;100,00;331,65;0,00;5,63
2017.0;8.0;2017-08-01;BRASPINE;ARROIO CLARO;PR;DOUTOR ULYSSES;275,14;92,00;58,48;15,49;81,11;6,46;31,59;29,40;100,00;348,76;0,00;2,99
2017.0;8.0;2017-08-01;BRASPINE;BARRA GRANDE;PR;DOUTOR ULYSSES;493,79;139,68;50,60;15,80;80,77;7,14;31,17;29,80;100,00;340,49;0,00;0,39
2017.0;8.0;2017-08-01;BRASPINE;BARRA GRANDE - BEMAIS;PR;GUARAPUAVA;299,16;108,61;114,66;15,16;77,00;5,09;33,24;27,35;99,99;318,43;0,00;17,61
2017.0;8.0;2017-08-01;BRASPINE;BARRETOS;PR;JAGUARIAIVA;43,35;32,98;52,64;15,55;79,06;6,29;32,51;28,70;99,92;315,34;0,00;5,57
2017.0;8.0;2017-08-01;BRASPINE;BAU;;;;;91,93;15,46;75,54;4,57;32,52;26,91;99,90;335,15;4,57;0,71
2017.0;8.0;2017-08-01;BRASPINE;BOA VISTA II;PR;PIRAI DO SUL;944,00;535,05;56,35;15,55;78,28;5,99;33,70;28,41;99,97;310,72;0,00;7,33
2017.0;8.0;2017-08-01;BRASPINE;BRASILEIRA;;;;;47,21;15,44;80,24;6,82;31,58;28,94;100,00;331,65;0,00;5,63
2017.0;8.0;2017-08-01;BRASPINE;BURACAO;;;;;74,60;15,36;79,39;5,79;33,79;28,48;99,83;316,65;0,00;3,77
2017.0;8.0;2017-08-01;BRASPINE;BURRINHO;PR;DOUTOR ULYSSES;211,01;100,37;58,20;15,49;81,11;6,46;31,59;29,40;100,00;348,76;0,00;2,99
2017.0;8.0;2017-08-01;BRASPINE;CADEADO I;PR;JAGUARIAIVA;21,07;12,29;51,24;15,34;79,66;6,59;32,07;28,56;100,00;327,09;0,00;3,19
2017.0;8.0;2017-08-01;BRASPINE;CADEADO II;PR;JAGUARIAIVA;21,88;16,79;51,24;15,34;79,66;6,59;32,07;28,56;100,00;327,09;0,00;3,19
2017.0;8.0;2017-08-01;BRASPINE;CAMPINA ALTA;PR;TIBAGI;29,77;18,24;72,81;16,81;73,72;5,72;33,95;28,65;99,81;309,36;0,00;2,34
2017.0;8.0;2017-08-01;BRASPINE;CAMPINA DO ELIAS;PR;JAGUARIAIVA;29,17;14,65;53,19;15,47;79,28;6,40;32,35;28,65;99,95;314,29;0,00;4,76
2017.0;8.0;2017-08-01;BRASPINE;CAMPO NOVO;PR;JAGUARIAIVA;295,98;156,36;52,20;15,34;79,66;6,59;32,07;28,56;100,00;327,09;0,00;3,19
2017.0;8.0;2017-08-01;BRASPINE;CONSULTORIA II A;PR;DOUTOR ULYSSES;89,62;60,79;49,26;15,44;80,24;6,82;31,58;28,94;100,00;331,65;0,00;5,63
2017.0;8.0;2017-08-01;BRASPINE;DINIZ;;;;;49,19;15,44;80,24;6,82;31,58;28,94;100,00;331,65;0,00;5,63
2017.0;8.0;2017-08-01;BRASPINE;ENES;PR;JAGUARIAIVA;5,93;5,69;52,35;15,34;79,66;6,59;32,07;28,56;100,00;327,09;0,00;3,19
2017.0;8.0;2017-08-01;BRASPINE;ENGENHARIA;;;;;49,19;15,44;80,24;6,82;31,58;28,94;100,00;331,65;0,00;5,63
2017.0;8.0;2017-08-01;BRASPINE;ESTACAO;PR;SENGES;4,76;4,14;50,38;15,34;79,66;6,59;32,07;28,56;100,00;327,09;0,00;3,19
2017.0;8.0;2017-08-01;BRASPINE;FAXINAL;PR;JAGUARIAIVA;20,65;20,65;52,35;15,34;79,66;6,59;32,07;28,56;100,00;327,09;0,00;3,19
2017.0;8.0;2017-08-01;BRASPINE;FEITAL;PR;DOUTOR ULYSSES;154,17;86,53;49,14;15,56;80,42;6,93;31,44;29,23;100,00;334,60;0,00;4,60
2017.0;8.0;2017-08-01;BRASPINE;FIGUEIRA;PR;DOUTOR ULYSSES;1053,81;315,71;51,49;15,49;81,11;6,46;31,59;29,40;100,00;348,76;0,00;2,99
2017.0;8.0;2017-08-01;BRASPINE;FIGUEIRINHA;PR;DOUTOR ULYSSES;94,37;56,74;59,28;15,49;81,11;6,46;31,59;29,40;100,00;348,76;0,00;2,99
2017.0;8.0;2017-08-01;BRASPINE;FLOEMA;PR;DOUTOR ULYSSES;2189,88;701,43;53,12;15,14;80,38;5,89;32,15;28,58;100,00;337,98;0,00;0,16
2017.0;8.0;2017-08-01;BRASPINE;FLOEMA I - SUDATI;;;;;50,09;15,44;80,24;6,82;31,58;28,94;100,00;331,65;0,00;5,63
2017.0;8.0;2017-08-01;BRASPINE;FLOEMA II - SUDATI;PR;DOUTOR ULYSSES;453,83;211,13;47,84;15,44;80,24;6,82;31,58;28,94;100,00;331,65;0,00;5,63
2017.0;8.0;2017-08-01;BRASPINE;FLOR DA SERRA;PR;SAO JOSE DA BOA VISTA;209,10;128,72;49,92;17,31;72,53;8,94;29,50;29,40;99,16;340,08;0,00;0,12
2017.0;8.0;2017-08-01;BRASPINE;GENTIL;PR;JAGUARIAIVA;126,77;53,33;49,40;15,38;76,92;5,96;34,04;27,45;99,96;305,84;0,00;2,30
2017.0;8.0;2017-08-01;BRASPINE;GUAIRACA;PR;GUARAPUAVA;623,62;169,31;118,80;15,19;77,55;5,01;33,46;27,68;99,98;318,44;0,00;1,27
2017.0;8.0;2017-08-01;BRASPINE;HERVAL 2 - MADALOSSO;;;;;74,94;15,36;79,39;5,79;33,79;28,48;99,83;316,65;0,00;3,77
2017.0;8.0;2017-08-01;BRASPINE;HERVAL DE BAIXO;PR;RESERVA;827,29;475,92;75,96;16,71;74,27;5,61;34,55;28,50;99,71;300,45;0,00;1,90
2017.0;8.0;2017-08-01;BRASPINE;HORTO 01;PR;TURVO;19,12;19,12;80,06;15,94;76,28;5,26;37,54;27,64;99,65;318,18;0,00;2,63
2017.0;8.0;2017-08-01;BRASPINE;HORTO 02;PR;TURVO;4,24;4,24;80,35;15,94;76,28;5,26;37,54;27,64;99,65;318,18;0,00;2,63
2017.0;8.0;2017-08-01;BRASPINE;HORTO 03;PR;PRUDENTOPOLIS;80,91;25,89;78,40;16,34;75,99;5,93;35,77;28,34;99,86;315,09;0,00;2,53
2017.0;8.0;2017-08-01;BRASPINE;HORTO 08;PR;TURVO;9,53;9,53;81,34;16,34;75,99;5,93;35,77;28,34;99,86;315,09;0,00;2,53
2017.0;8.0;2017-08-01;BRASPINE;HORTO 12;PR;PRUDENTOPOLIS;12,20;12,20;77,25;16,34;75,99;5,93;35,77;28,34;99,86;315,09;0,00;2,53
2017.0;8.0;2017-08-01;BRASPINE;IZAU;PR;PIRAI DO SUL;19,37;11,60;53,36;15,35;77,92;5,74;34,67;27,84;99,96;291,92;0,00;1,74
2017.0;8.0;2017-08-01;BRASPINE;JOAO RICO;PR;JAGUARIAIVA;47,46;26,18;49,72;15,64;76,75;6,18;33,74;27,84;100,00;298,10;0,00;1,42
2017.0;8.0;2017-08-01;BRASPINE;LAGOA;PR;JAGUARIAIVA;24,10;10,78;51,42;15,34;79,66;6,59;32,07;28,56;100,00;327,09;0,00;3,19
2017.0;8.0;2017-08-01;BRASPINE;MARACANA;PR;JANDAIA DO SUL;11,45;11,45;99,72;18,88;68,06;9,55;29,88;29,81;99,65;197,00;0,00;3,41
2017.0;8.0;2017-08-01;BRASPINE;MARRECA;;;;;54,76;15,49;81,11;6,46;31,59;29,40;100,00;348,76;0,00;2,99
2017.0;8.0;2017-08-01;BRASPINE;MARRECA SP;SP;ITAPIRAPUA PAULISTA;675,30;236,19;61,00;16,01;81,54;6,37;31,38;30,50;100,00;360,51;0,00;1,67
2017.0;8.0;2017-08-01;BRASPINE;MARRECAS;;;;;122,16;14,64;77,55;4,49;32,55;26,84;100,00;301,74;13,65;2,93
2017.0;8.0;2017-08-01;BRASPINE;MERCADINHO;;;;;64,74;15,95;80,84;6,79;32,03;30,11;100,00;358,64;0,00;0,49
2017.0;8.0;2017-08-01;BRASPINE;MONTE ALEGRE;;;;;86,98;19,34;67,40;9,88;29,51;30,38;99,47;202,79;0,00;1,81
2017.0;8.0;2017-08-01;BRASPINE;MONTE TABOR II;;;;;52,57;15,43;82,65;7,21;33,19;29,24;99,91;349,19;0,00;8,94
2017.0;8.0;2017-08-01;BRASPINE;MOREIRA;PR;DOUTOR ULYSSES;230,52;68,68;47,84;15,44;80,24;6,82;31,58;28,94;100,00;331,65;0,00;5,63
2017.0;8.0;2017-08-01;BRASPINE;MOREIRAS II;PR;DOUTOR ULYSSES;66,76;28,75;49,47;15,44;80,24;6,82;31,58;28,94;100,00;331,65;0,00;5,63
2017.0;8.0;2017-08-01;BRASPINE;MORRETES;PR;ORTIGUEIRA;20,36;20,36;73,31;17,02;74,72;6,07;34,68;28,89;99,31;303,22;0,00;1,00
2017.0;8.0;2017-08-01;BRASPINE;MORRO AZUL;;;;;47,65;15,66;80,25;6,81;30,32;29,33;100,00;334,56;0,00;11,08
2017.0;8.0;2017-08-01;BRASPINE;OURO FINO;SP;APIAI;51,70;51,70;51,27;15,36;81,34;6,47;31,50;29,01;100,00;329,75;0,00;0,35
2017.0;8.0;2017-08-01;BRASPINE;PALMEIRINHA DE BAIXO - SOSSEGO;PR;SENGES;85,93;9,22;47,07;15,44;77,05;6,74;31,14;27,72;99,74;314,39;0,00;16,32
2017.0;8.0;2017-08-01;BRASPINE;PAZIN;PR;DOUTOR ULYSSES;41,20;23,90;52,08;15,49;81,11;6,46;31,59;29,40;100,00;348,76;0,00;2,99
2017.0;8.0;2017-08-01;BRASPINE;PEDRAS;PR;CASTRO;7,18;7,18;57,21;15,27;78,96;5,58;36,80;27,70;99,93;303,54;0,00;2,37
2017.0;8.0;2017-08-01;BRASPINE;PESCARIA;PR;SAO JOSE DA BOA VISTA;184,57;129,22;51,24;17,57;71,61;8,82;28,56;29,56;99,39;346,15;0,00;2,73
2017.0;8.0;2017-08-01;BRASPINE;PESSEGUEIRO;PR;DOUTOR ULYSSES;109,95;64,79;50,70;15,44;80,24;6,82;31,58;28,94;100,00;331,65;0,00;5,63
2017.0;8.0;2017-08-01;BRASPINE;PITANGA;;;;;79,78;16,23;74,35;5,42;33,80;27,42;99,81;328,12;0,00;1,34
2017.0;8.0;2017-08-01;BRASPINE;QUEIMADINHO ARROIO CLARO;PR;DOUTOR ULYSSES;48,13;19,09;47,21;15,44;80,24;6,82;31,58;28,94;100,00;331,65;0,00;5,63
2017.0;8.0;2017-08-01;BRASPINE;QUEIMADINHO M6042;PR;DOUTOR ULYSSES;48,38;18,50;47,21;15,44;80,24;6,82;31,58;28,94;100,00;331,65;0,00;5,63
2017.0;8.0;2017-08-01;BRASPINE;QUEIMADINHO USUCAPIAO;PR;DOUTOR ULYSSES;200,27;92,43;47,21;15,44;80,24;6,82;31,58;28,94;100,00;331,65;0,00;5,63
2017.0;8.0;2017-08-01;BRASPINE;RAMOS;PR;SENGES;69,83;38,15;50,09;15,34;79,66;6,59;32,07;28,56;100,00;327,09;0,00;3,19
2017.0;8.0;2017-08-01;BRASPINE;RIBEIRAO GRANDE;PR;JAGUARIAIVA;20,77;20,77;51,98;15,35;77,92;5,74;34,67;27,84;99,96;291,92;0,00;1,74
2017.0;8.0;2017-08-01;BRASPINE;RINCAO DE BAIXO;;;;;55,20;16,06;74,19;6,10;33,81;27,87;99,02;329,59;0,00;3,31
2017.0;8.0;2017-08-01;BRASPINE;RIO BOMBA;PR;CERRO AZUL;65,03;37,72;62,93;16,21;80,21;7,00;33,39;30,24;99,98;365,89;0,00;4,52
2017.0;8.0;2017-08-01;BRASPINE;RIO DO MEIO;PR;DOUTOR ULYSSES;712,33;389,13;48,87;15,44;80,24;6,82;31,58;28,94;100,00;331,65;0,00;5,63
2017.0;8.0;2017-08-01;BRASPINE;RONDON;PR;JAGUARIAIVA;2899,24;1475,88;47,87;15,41;77,70;6,33;32,63;27,83;99,89;312,72;0,00;3,27
2017.0;8.0;2017-08-01;BRASPINE;SANTA FELICIDADE;;;;;54,21;16,29;81,97;5,93;31,15;31,13;100,00;365,46;0,00;2,05
2017.0;8.0;2017-08-01;BRASPINE;SANTA LIDIA DO CERCADINHO;;;;;54,55;15,72;74,41;6,18;34,14;27,38;99,01;322,99;0,00;1,68
2017.0;8.0;2017-08-01;BRASPINE;SANTO ANTONIO;;;;;46,81;15,41;77,65;6,75;30,21;28,00;99,93;311,66;0,00;7,34
2017.0;8.0;2017-08-01;BRASPINE;SAO JOSE;PR;JANDAIA DO SUL;37,56;37,56;88,71;19,19;67,54;9,78;29,64;30,15;99,59;201,02;0,00;2,24
2017.0;8.0;2017-08-01;BRASPINE;SAO MATHEUS;;;;;51,23;20,27;67,34;10,58;29,86;31,96;99,20;166,29;0,00;2,87
2017.0;8.0;2017-08-01;BRASPINE;SAO PEDRO E SAO PAULO;PR;SAPOPEMA;709,13;323,93;86,57;16,90;72,28;7,78;32,39;28,18;98,90;361,26;0,00;1,95
2017.0;8.0;2017-08-01;BRASPINE;SAO RAFAEL;;;;;94,10;15,16;80,04;6,01;35,39;28,10;99,90;340,20;0,00;4,08
2017.0;8.0;2017-08-01;BRASPINE;SAO RAFAEL - PB;;;;;48,19;15,48;81,08;6,60;30,87;29,20;100,00;332,66;0,00;2,64
2017.0;8.0;2017-08-01;BRASPINE;SERRARIA;PR;DOUTOR ULYSSES;280,88;117,71;52,43;15,31;80,74;6,17;31,87;28,99;100,00;343,38;0,00;3,39
2017.0;8.0;2017-08-01;BRASPINE;SERRO VERDE;;;;;98,02;15,85;74,35;4,50;30,94;27,35;99,92;318,90;4,50;1,20
2017.0;8.0;2017-08-01;BRASPINE;SERTAOZINHO;PR;DOUTOR ULYSSES;16,25;16,25;50,06;15,44;80,24;6,82;31,58;28,94;100,00;331,65;0,00;5,63
2017.0;8.0;2017-08-01;BRASPINE;SITIO BASILIO;PR;JAGUARIAIVA;8,08;8,08;48,83;15,46;76,56;5,91;33,73;27,43;99,97;307,25;0,00;1,24
2017.0;8.0;2017-08-01;BRASPINE;SITIO DAS MARRECAS;PR;DOUTOR ULYSSES;77,49;35,17;56,93;15,86;81,41;6,40;31,44;30,18;100,00;357,11;0,00;2,05
2017.0;8.0;2017-08-01;BRASPINE;SOBRADINHO;SP;BOM SUCESSO DE ITARARE;285,80;123,10;49,10;15,25;78,96;6,53;30,39;28,06;99,99;322,34;0,00;33,95
2017.0;8.0;2017-08-01;BRASPINE;TAQUARAL;PR;JAGUARIAIVA;519,13;31,07;49,18;15,59;77,47;6,15;33,84;28,01;100,00;298,34;0,00;7,47
2017.0;8.0;2017-08-01;BRASPINE;TUCUNDUVA;PR;SENGES;82,21;60,89;53,91;16,22;73,55;7,00;30,96;27,83;99,27;319,92;0,00;3,19
2017.0;8.0;2017-08-01;BRASPINE;TUCUNDUVA - CHAMMA;;;;;51,75;16,23;74,01;7,60;31,73;27,95;99,21;322,99;0,00;0,09
2017.0;8.0;2017-08-01;BRASPINE;VIENA 1;PR;DOUTOR ULYSSES;263,98;178,34;57,22;15,11;79,78;5,73;33,92;28,15;100,00;322,73;0,00;1,96
2017.0;8.0;2017-08-01;BRASPINE;VIENA 2;PR;CERRO AZUL;140,23;96,54;62,77;16,21;80,21;7,00;33,39;30,24;99,98;365,89;0,00;4,52
2017.0;8.0;2017-08-01;BRASPINE;VITORIA;PR;SENGES;50,54;35,69;47,07;15,44;77,05;6,74;31,14;27,72;99,74;314,39;0,00;16,32
2017.0;8.0;2017-08-01;BRASPINE;VIVEIRO;PR;DOUTOR ULYSSES;405,39;261,22;49,47;15,44;80,24;6,82;31,58;28,94;100,00;331,65;0,00;5,63
2017.0;8.0;2017-08-01;BRASPINE;VO LINO;PR;DOUTOR ULYSSES;164,50;97,89;55,90;15,49;81,11;6,46;31,59;29,40;100,00;348,76;0,00;2,99
2017.0;8.0;2017-08-01;BRASPINE;XAXIM VELHO;;;;;116,63;14,66;78,54;3,83;33,29;27,18;100,00;304,15;12,86;1,11
2017.0;9.0;2017-09-01;BRASPINE;AGUA DOCE;PR;JAGUARIAIVA;238,97;121,99;26,48;19,92;62,12;10,81;25,02;30,25;99,84;325,56;0,00;1,11
2017.0;9.0;2017-09-01;BRASPINE;AMATA;;;;;39,65;21,05;67,44;11,63;20,62;33,77;99,99;150,21;0,00;1,89
2017.0;9.0;2017-09-01;BRASPINE;ANTA BRAVA;;;;;7,04;22,06;61,03;12,81;22,21;32,35;96,71;68,40;0,00;0,35
2017.0;9.0;2017-09-01;BRASPINE;ARAPONGAS;PR;SENGES;423,34;263,70;30,72;19,67;67,49;11,01;21,14;31,46;100,00;325,31;0,00;1,12
2017.0;9.0;2017-09-01;BRASPINE;ARROIO CLARO;PR;DOUTOR ULYSSES;275,14;92,00;30,00;19,73;68,59;11,26;20,71;31,91;100,00;283,13;0,00;1,70
2017.0;9.0;2017-09-01;BRASPINE;BARRA GRANDE;PR;DOUTOR ULYSSES;493,79;139,68;28,81;20,06;68,86;11,02;20,56;32,46;100,00;270,97;0,00;0,34
2017.0;9.0;2017-09-01;BRASPINE;BARRA GRANDE - BEMAIS;PR;GUARAPUAVA;299,16;108,61;59,29;19,92;60,01;10,72;23,01;29,35;99,98;278,64;0,00;5,06
2017.0;9.0;2017-09-01;BRASPINE;BARRETOS;PR;JAGUARIAIVA;43,35;32,98;32,33;20,01;64,62;11,26;21,55;31,51;99,97;298,62;0,00;2,40
2017.0;9.0;2017-09-01;BRASPINE;BAU;;;;;56,22;20,23;58,20;12,50;24,02;29,10;99,73;188,53;0,00;0,83
2017.0;9.0;2017-09-01;BRASPINE;BOA VISTA II;PR;PIRAI DO SUL;944,00;535,05;34,90;19,98;63,75;11,06;23,59;30,96;99,95;293,00;0,00;4,17
2017.0;9.0;2017-09-01;BRASPINE;BRASILEIRA;;;;;31,72;19,67;67,49;11,01;21,14;31,46;100,00;325,31;0,00;1,12
2017.0;9.0;2017-09-01;BRASPINE;BURACAO;;;;;46,82;19,73;65,97;10,19;24,03;30,95;99,77;322,19;0,00;3,45
2017.0;9.0;2017-09-01;BRASPINE;BURRINHO;PR;DOUTOR ULYSSES;211,01;100,37;30,06;19,73;68,59;11,26;20,71;31,91;100,00;283,13;0,00;1,70
2017.0;9.0;2017-09-01;BRASPINE;CADEADO I;PR;JAGUARIAIVA;21,07;12,29;32,91;19,61;66,18;11,05;21,70;31,08;100,00;337,00;0,00;0,09
2017.0;9.0;2017-09-01;BRASPINE;CADEADO II;PR;JAGUARIAIVA;21,88;16,79;32,91;19,61;66,18;11,05;21,70;31,08;100,00;337,00;0,00;0,09
2017.0;9.0;2017-09-01;BRASPINE;CAMPINA ALTA;PR;TIBAGI;29,77;18,24;31,31;21,47;55,94;11,39;21,72;32,05;99,39;182,95;0,00;5,10
2017.0;9.0;2017-09-01;BRASPINE;CAMPINA DO ELIAS;PR;JAGUARIAIVA;29,17;14,65;34,45;19,87;65,19;11,25;21,60;31,35;99,98;311,43;0,00;1,57
2017.0;9.0;2017-09-01;BRASPINE;CAMPO NOVO;PR;JAGUARIAIVA;295,98;156,36;32,63;19,61;66,18;11,05;21,70;31,08;100,00;337,00;0,00;0,09
2017.0;9.0;2017-09-01;BRASPINE;CONSULTORIA II A;PR;DOUTOR ULYSSES;89,62;60,79;30,97;19,67;67,49;11,01;21,14;31,46;100,00;325,31;0,00;1,12
2017.0;9.0;2017-09-01;BRASPINE;DINIZ;;;;;30,01;19,67;67,49;11,01;21,14;31,46;100,00;325,31;0,00;1,12
2017.0;9.0;2017-09-01;BRASPINE;ENES;PR;JAGUARIAIVA;5,93;5,69;32,95;19,61;66,18;11,05;21,70;31,08;100,00;337,00;0,00;0,09
2017.0;9.0;2017-09-01;BRASPINE;ENGENHARIA;;;;;30,01;19,67;67,49;11,01;21,14;31,46;100,00;325,31;0,00;1,12
2017.0;9.0;2017-09-01;BRASPINE;ESTACAO;PR;SENGES;4,76;4,14;31,87;19,61;66,18;11,05;21,70;31,08;100,00;337,00;0,00;0,09
2017.0;9.0;2017-09-01;BRASPINE;FAXINAL;PR;JAGUARIAIVA;20,65;20,65;32,95;19,61;66,18;11,05;21,70;31,08;100,00;337,00;0,00;0,09
2017.0;9.0;2017-09-01;BRASPINE;FEITAL;PR;DOUTOR ULYSSES;154,17;86,53;30,06;19,80;67,95;11,02;20,95;31,80;100,00;297,28;0,00;0,60
2017.0;9.0;2017-09-01;BRASPINE;FIGUEIRA;PR;DOUTOR ULYSSES;1053,81;315,71;28,79;19,73;68,59;11,26;20,71;31,91;100,00;283,13;0,00;1,70
2017.0;9.0;2017-09-01;BRASPINE;FIGUEIRINHA;PR;DOUTOR ULYSSES;94,37;56,74;31,24;19,73;68,59;11,26;20,71;31,91;100,00;283,13;0,00;1,70
2017.0;9.0;2017-09-01;BRASPINE;FLOEMA;PR;DOUTOR ULYSSES;2189,88;701,43;35,15;19,33;67,16;11,01;21,87;30,92;100,00;334,51;0,00;0,72
2017.0;9.0;2017-09-01;BRASPINE;FLOEMA I - SUDATI;;;;;31,88;19,67;67,49;11,01;21,14;31,46;100,00;325,31;0,00;1,12
2017.0;9.0;2017-09-01;BRASPINE;FLOEMA II - SUDATI;PR;DOUTOR ULYSSES;453,83;211,13;29,99;19,67;67,49;11,01;21,14;31,46;100,00;325,31;0,00;1,12
2017.0;9.0;2017-09-01;BRASPINE;FLOR DA SERRA;PR;SAO JOSE DA BOA VISTA;209,10;128,72;7,92;21,43;58,57;11,65;25,46;31,56;97,41;135,02;0,00;1,28
2017.0;9.0;2017-09-01;BRASPINE;GENTIL;PR;JAGUARIAIVA;126,77;53,33;26,72;19,64;61,96;11,11;24,90;29,86;99,53;335,73;0,00;1,87
2017.0;9.0;2017-09-01;BRASPINE;GUAIRACA;PR;GUARAPUAVA;623,62;169,31;62,87;20,00;60,82;10,53;23,56;29,55;99,93;261,49;0,00;9,48
2017.0;9.0;2017-09-01;BRASPINE;HERVAL 2 - MADALOSSO;;;;;47,36;19,73;65,97;10,19;24,03;30,95;99,77;322,19;0,00;3,45
2017.0;9.0;2017-09-01;BRASPINE;HERVAL DE BAIXO;PR;RESERVA;827,29;475,92;38,94;21,26;57,20;11,21;22,43;31,96;99,29;253,50;0,00;5,24
2017.0;9.0;2017-09-01;BRASPINE;HORTO 01;PR;TURVO;19,12;19,12;52,65;20,75;59,60;10,86;24,24;30,37;99,73;254,32;0,00;3,36
2017.0;9.0;2017-09-01;BRASPINE;HORTO 02;PR;TURVO;4,24;4,24;52,64;20,75;59,60;10,86;24,24;30,37;99,73;254,32;0,00;3,36
2017.0;9.0;2017-09-01;BRASPINE;HORTO 03;PR;PRUDENTOPOLIS;80,91;25,89;52,88;21,20;59,42;11,44;23,45;31,14;99,68;187,09;0,00;9,15
2017.0;9.0;2017-09-01;BRASPINE;HORTO 08;PR;TURVO;9,53;9,53;45,21;21,20;59,42;11,44;23,45;31,14;99,68;187,09;0,00;9,15
2017.0;9.0;2017-09-01;BRASPINE;HORTO 12;PR;PRUDENTOPOLIS;12,20;12,20;53,06;21,20;59,42;11,44;23,45;31,14;99,68;187,09;0,00;9,15
2017.0;9.0;2017-09-01;BRASPINE;IZAU;PR;PIRAI DO SUL;19,37;11,60;30,87;19,82;62,40;11,30;21,91;30,64;99,55;279,04;0,00;6,06
2017.0;9.0;2017-09-01;BRASPINE;JOAO RICO;PR;JAGUARIAIVA;47,46;26,18;26,46;19,92;62,12;10,81;25,02;30,25;99,84;325,56;0,00;1,11
2017.0;9.0;2017-09-01;BRASPINE;LAGOA;PR;JAGUARIAIVA;24,10;10,78;33,99;19,61;66,18;11,05;21,70;31,08;100,00;337,00;0,00;0,09
2017.0;9.0;2017-09-01;BRASPINE;MARACANA;PR;JANDAIA DO SUL;11,45;11,45;41,10;23,98;47,07;15,25;16,79;33,86;99,49;0,00;0,00;0,37
2017.0;9.0;2017-09-01;BRASPINE;MARRECA;;;;;30,66;19,73;68,59;11,26;20,71;31,91;100,00;283,13;0,00;1,70
2017.0;9.0;2017-09-01;BRASPINE;MARRECA SP;SP;ITAPIRAPUA PAULISTA;675,30;236,19;29,80;20,32;69,95;11,05;20,32;33,18;100,00;229,06;0,00;0,73
2017.0;9.0;2017-09-01;BRASPINE;MARRECAS;;;;;62,72;19,32;60,75;9,66;23,11;28,60;100,00;339,53;0,00;21,56
2017.0;9.0;2017-09-01;BRASPINE;MERCADINHO;;;;;33,46;20,33;68,24;11,07;19,56;32,94;100,00;244,16;0,00;0,83
2017.0;9.0;2017-09-01;BRASPINE;MONTE ALEGRE;;;;;44,21;24,49;46,55;15,93;16,45;34,44;99,24;0,00;0,00;3,35
2017.0;9.0;2017-09-01;BRASPINE;MONTE TABOR II;;;;;34,47;19,27;73,35;10,48;23,62;31,47;100,00;301,55;0,00;7,47
2017.0;9.0;2017-09-01;BRASPINE;MOREIRA;PR;DOUTOR ULYSSES;230,52;68,68;29,99;19,67;67,49;11,01;21,14;31,46;100,00;325,31;0,00;1,12
2017.0;9.0;2017-09-01;BRASPINE;MOREIRAS II;PR;DOUTOR ULYSSES;66,76;28,75;31,12;19,67;67,49;11,01;21,14;31,46;100,00;325,31;0,00;1,12
2017.0;9.0;2017-09-01;BRASPINE;MORRETES;PR;ORTIGUEIRA;20,36;20,36;35,37;21,50;58,47;11,07;22,82;32,42;99,51;255,59;0,00;0,44
2017.0;9.0;2017-09-01;BRASPINE;MORRO AZUL;;;;;31,05;19,85;68,54;10,65;20,09;32,09;100,00;323,16;0,00;1,60
2017.0;9.0;2017-09-01;BRASPINE;OURO FINO;SP;APIAI;51,70;51,70;29,73;19,32;70,99;10,54;22,04;31,57;100,00;344,48;0,00;0,91
2017.0;9.0;2017-09-01;BRASPINE;PALMEIRINHA DE BAIXO - SOSSEGO;PR;SENGES;85,93;9,22;22,39;19,59;63,35;10,74;21,19;30,36;99,84;336,51;0,00;4,74
2017.0;9.0;2017-09-01;BRASPINE;PAZIN;PR;DOUTOR ULYSSES;41,20;23,90;29,49;19,73;68,59;11,26;20,71;31,91;100,00;283,13;0,00;1,70
2017.0;9.0;2017-09-01;BRASPINE;PEDRAS;PR;CASTRO;7,18;7,18;40,11;19,62;64,58;11,03;25,08;30,25;99,49;302,93;0,00;12,63
2017.0;9.0;2017-09-01;BRASPINE;PESCARIA;PR;SAO JOSE DA BOA VISTA;184,57;129,22;8,01;21,85;57,36;12,22;22,42;32,06;97,86;108,26;0,00;1,06
2017.0;9.0;2017-09-01;BRASPINE;PESSEGUEIRO;PR;DOUTOR ULYSSES;109,95;64,79;31,29;19,67;67,49;11,01;21,14;31,46;100,00;325,31;0,00;1,12
2017.0;9.0;2017-09-01;BRASPINE;PITANGA;;;;;63,56;20,98;57,04;12,35;24,22;30,01;99,80;181,73;0,00;2,59
2017.0;9.0;2017-09-01;BRASPINE;QUEIMADINHO ARROIO CLARO;PR;DOUTOR ULYSSES;48,13;19,09;31,72;19,67;67,49;11,01;21,14;31,46;100,00;325,31;0,00;1,12
2017.0;9.0;2017-09-01;BRASPINE;QUEIMADINHO M6042;PR;DOUTOR ULYSSES;48,38;18,50;31,72;19,67;67,49;11,01;21,14;31,46;100,00;325,31;0,00;1,12
2017.0;9.0;2017-09-01;BRASPINE;QUEIMADINHO USUCAPIAO;PR;DOUTOR ULYSSES;200,27;92,43;31,72;19,67;67,49;11,01;21,14;31,46;100,00;325,31;0,00;1,12
2017.0;9.0;2017-09-01;BRASPINE;RAMOS;PR;SENGES;69,83;38,15;31,88;19,61;66,18;11,05;21,70;31,08;100,00;337,00;0,00;0,09
2017.0;9.0;2017-09-01;BRASPINE;RIBEIRAO GRANDE;PR;JAGUARIAIVA;20,77;20,77;30,01;19,82;62,40;11,30;21,91;30,64;99,55;279,04;0,00;6,06
2017.0;9.0;2017-09-01;BRASPINE;RINCAO DE BAIXO;;;;;34,22;20,51;57,45;11,63;21,87;30,60;98,41;252,19;0,00;7,03
2017.0;9.0;2017-09-01;BRASPINE;RIO BOMBA;PR;CERRO AZUL;65,03;37,72;36,90;20,68;66,71;10,86;20,34;33,05;99,98;248,91;0,00;1,81
2017.0;9.0;2017-09-01;BRASPINE;RIO DO MEIO;PR;DOUTOR ULYSSES;712,33;389,13;31,28;19,67;67,49;11,01;21,14;31,46;100,00;325,31;0,00;1,12
2017.0;9.0;2017-09-01;BRASPINE;RONDON;PR;JAGUARIAIVA;2899,24;1475,88;23,68;19,61;63,78;10,92;22,80;30,28;99,88;350,02;0,00;22,14
2017.0;9.0;2017-09-01;BRASPINE;SANTA FELICIDADE;;;;;29,85;20,59;71,11;10,94;19,72;33,97;100,00;184,69;0,00;1,91
2017.0;9.0;2017-09-01;BRASPINE;SANTA LIDIA DO CERCADINHO;;;;;31,65;20,12;57,70;11,46;22,43;29,99;98,71;249,11;0,00;0,12
2017.0;9.0;2017-09-01;BRASPINE;SANTO ANTONIO;;;;;30,02;19,47;64,89;10,50;20,86;30,63;100,00;331,87;0,00;1,73
2017.0;9.0;2017-09-01;BRASPINE;SAO JOSE;PR;JANDAIA DO SUL;37,56;37,56;43,78;24,31;46,73;15,73;16,57;34,21;99,41;0,00;0,00;3,83
2017.0;9.0;2017-09-01;BRASPINE;SAO MATHEUS;;;;;55,40;25,38;47,96;16,64;17,47;35,52;99,21;0,00;0,00;1,50
2017.0;9.0;2017-09-01;BRASPINE;SAO PEDRO E SAO PAULO;PR;SAPOPEMA;709,13;323,93;27,48;21,27;55,06;12,29;22,10;31,14;99,29;208,70;0,00;0,53
2017.0;9.0;2017-09-01;BRASPINE;SAO RAFAEL;;;;;55,53;19,70;67,29;10,62;23,64;31,10;99,43;283,69;0,00;0,51
2017.0;9.0;2017-09-01;BRASPINE;SAO RAFAEL - PB;;;;;31,04;19,52;70,26;10,63;21,13;31,86;100,00;334,38;0,00;0,10
2017.0;9.0;2017-09-01;BRASPINE;SERRARIA;PR;DOUTOR ULYSSES;280,88;117,71;31,08;19,53;67,87;11,14;21,29;31,41;100,00;324,07;0,00;1,21
2017.0;9.0;2017-09-01;BRASPINE;SERRO VERDE;;;;;62,35;20,69;56,89;13,15;23,21;29,61;99,50;168,04;0,00;5,82
2017.0;9.0;2017-09-01;BRASPINE;SERTAOZINHO;PR;DOUTOR ULYSSES;16,25;16,25;29,55;19,67;67,49;11,01;21,14;31,46;100,00;325,31;0,00;1,12
2017.0;9.0;2017-09-01;BRASPINE;SITIO BASILIO;PR;JAGUARIAIVA;8,08;8,08;26,60;19,66;61,86;10,81;25,86;29,72;99,61;320,22;0,00;2,60
2017.0;9.0;2017-09-01;BRASPINE;SITIO DAS MARRECAS;PR;DOUTOR ULYSSES;77,49;35,17;30,04;20,15;69,56;11,15;20,43;32,82;100,00;242,57;0,00;2,09
2017.0;9.0;2017-09-01;BRASPINE;SOBRADINHO;SP;BOM SUCESSO DE ITARARE;285,80;123,10;28,20;19,21;67,28;10,22;21,43;30,67;100,00;339,82;0,00;1,50
2017.0;9.0;2017-09-01;BRASPINE;TAQUARAL;PR;JAGUARIAIVA;519,13;31,07;28,08;19,84;63,29;10,65;24,53;30,40;100,00;322,89;0,00;1,70
2017.0;9.0;2017-09-01;BRASPINE;TUCUNDUVA;PR;SENGES;82,21;60,89;23,63;20,39;59,01;11,68;23,60;30,31;98,59;226,86;0,00;7,03
2017.0;9.0;2017-09-01;BRASPINE;TUCUNDUVA - CHAMMA;;;;;15,60;20,48;59,57;11,70;22,05;30,59;98,54;200,77;0,00;2,35
2017.0;9.0;2017-09-01;BRASPINE;VIENA 1;PR;DOUTOR ULYSSES;263,98;178,34;38,65;19,34;66,21;11,04;24,42;30,45;100,00;334,04;0,00;3,47
2017.0;9.0;2017-09-01;BRASPINE;VIENA 2;PR;CERRO AZUL;140,23;96,54;36,87;20,68;66,71;10,86;20,34;33,05;99,98;248,91;0,00;1,81
2017.0;9.0;2017-09-01;BRASPINE;VITORIA;PR;SENGES;50,54;35,69;22,39;19,59;63,35;10,74;21,19;30,36;99,84;336,51;0,00;4,74
2017.0;9.0;2017-09-01;BRASPINE;VIVEIRO;PR;DOUTOR ULYSSES;405,39;261,22;31,12;19,67;67,49;11,01;21,14;31,46;100,00;325,31;0,00;1,12
2017.0;9.0;2017-09-01;BRASPINE;VO LINO;PR;DOUTOR ULYSSES;164,50;97,89;30,50;19,73;68,59;11,26;20,71;31,91;100,00;283,13;0,00;1,70
2017.0;9.0;2017-09-01;BRASPINE;XAXIM VELHO;;;;;80,56;19,42;62,47;9,92;23,37;28,92;100,00;281,88;0,00;0,92
2017.0;10.0;2017-10-01;BRASPINE;AGUA DOCE;PR;JAGUARIAIVA;238,97;121,99;243,44;18,89;80,96;9,54;31,24;29,99;99,84;191,00;0,00;22,89
2017.0;10.0;2017-10-01;BRASPINE;AMATA;;;;;270,55;20,11;82,52;10,00;29,10;33,14;100,00;119,04;0,00;7,74
2017.0;10.0;2017-10-01;BRASPINE;ANTA BRAVA;;;;;205,54;22,05;75,08;13,67;31,26;33,55;99,86;70,99;0,00;2,53
2017.0;10.0;2017-10-01;BRASPINE;ARAPONGAS;PR;SENGES;423,34;263,70;251,38;18,97;82,94;9,59;29,36;31,35;100,00;167,61;0,00;20,94
2017.0;10.0;2017-10-01;BRASPINE;ARROIO CLARO;PR;DOUTOR ULYSSES;275,14;92,00;256,04;19,08;83,37;9,67;28,80;31,84;100,00;154,89;0,00;3,62
2017.0;10.0;2017-10-01;BRASPINE;BARRA GRANDE;PR;DOUTOR ULYSSES;493,79;139,68;255,19;19,40;83,21;9,35;28,98;32,10;100,00;157,13;0,00;8,80
2017.0;10.0;2017-10-01;BRASPINE;BARRA GRANDE - BEMAIS;PR;GUARAPUAVA;299,16;108,61;318,22;18,09;82,18;6,73;34,34;29,32;99,98;262,52;0,00;2,41
2017.0;10.0;2017-10-01;BRASPINE;BARRETOS;PR;JAGUARIAIVA;43,35;32,98;256,33;18,93;82,36;10,48;30,30;30,87;99,98;179,25;0,00;1,65
2017.0;10.0;2017-10-01;BRASPINE;BAU;;;;;347,12;18,09;81,89;6,98;36,23;28,81;99,90;250,28;0,00;0,17
2017.0;10.0;2017-10-01;BRASPINE;BOA VISTA II;PR;PIRAI DO SUL;944,00;535,05;250,60;18,91;81,71;9,15;30,41;30,52;99,96;174,80;0,00;0,14
2017.0;10.0;2017-10-01;BRASPINE;BRASILEIRA;;;;;242,15;18,97;82,94;9,59;29,36;31,35;100,00;167,61;0,00;20,94
2017.0;10.0;2017-10-01;BRASPINE;BURACAO;;;;;279,82;18,82;81,69;9,11;30,91;31,19;99,84;189,34;0,00;3,43
2017.0;10.0;2017-10-01;BRASPINE;BURRINHO;PR;DOUTOR ULYSSES;211,01;100,37;255,97;19,08;83,37;9,67;28,80;31,84;100,00;154,89;0,00;3,62
2017.0;10.0;2017-10-01;BRASPINE;CADEADO I;PR;JAGUARIAIVA;21,07;12,29;248,30;18,80;82,54;9,84;29,68;30,95;100,00;194,20;0,00;32,91
2017.0;10.0;2017-10-01;BRASPINE;CADEADO II;PR;JAGUARIAIVA;21,88;16,79;248,30;18,80;82,54;9,84;29,68;30,95;100,00;194,20;0,00;32,91
2017.0;10.0;2017-10-01;BRASPINE;CAMPINA ALTA;PR;TIBAGI;29,77;18,24;310,34;19,98;79,26;9,23;32,87;31,44;99,88;154,66;0,00;0,72
2017.0;10.0;2017-10-01;BRASPINE;CAMPINA DO ELIAS;PR;JAGUARIAIVA;29,17;14,65;255,47;18,88;82,43;10,29;30,08;30,90;99,99;179,48;0,00;0,95
2017.0;10.0;2017-10-01;BRASPINE;CAMPO NOVO;PR;JAGUARIAIVA;295,98;156,36;256,82;18,80;82,54;9,84;29,68;30,95;100,00;194,20;0,00;32,91
2017.0;10.0;2017-10-01;BRASPINE;CONSULTORIA II A;PR;DOUTOR ULYSSES;89,62;60,79;245,79;18,97;82,94;9,59;29,36;31,35;100,00;167,61;0,00;20,94
2017.0;10.0;2017-10-01;BRASPINE;DINIZ;;;;;249,05;18,97;82,94;9,59;29,36;31,35;100,00;167,61;0,00;20,94
2017.0;10.0;2017-10-01;BRASPINE;ENES;PR;JAGUARIAIVA;5,93;5,69;257,56;18,80;82,54;9,84;29,68;30,95;100,00;194,20;0,00;32,91
2017.0;10.0;2017-10-01;BRASPINE;ENGENHARIA;;;;;249,05;18,97;82,94;9,59;29,36;31,35;100,00;167,61;0,00;20,94
2017.0;10.0;2017-10-01;BRASPINE;ESTACAO;PR;SENGES;4,76;4,14;245,78;18,80;82,54;9,84;29,68;30,95;100,00;194,20;0,00;32,91
2017.0;10.0;2017-10-01;BRASPINE;FAXINAL;PR;JAGUARIAIVA;20,65;20,65;257,56;18,80;82,54;9,84;29,68;30,95;100,00;194,20;0,00;32,91
2017.0;10.0;2017-10-01;BRASPINE;FEITAL;PR;DOUTOR ULYSSES;154,17;86,53;247,59;19,11;83,03;9,51;29,23;31,60;100,00;154,15;0,00;16,72
2017.0;10.0;2017-10-01;BRASPINE;FIGUEIRA;PR;DOUTOR ULYSSES;1053,81;315,71;251,95;19,08;83,37;9,67;28,80;31,84;100,00;154,89;0,00;3,62
2017.0;10.0;2017-10-01;BRASPINE;FIGUEIRINHA;PR;DOUTOR ULYSSES;94,37;56,74;257,72;19,08;83,37;9,67;28,80;31,84;100,00;154,89;0,00;3,62
2017.0;10.0;2017-10-01;BRASPINE;FLOEMA;PR;DOUTOR ULYSSES;2189,88;701,43;258,29;18,66;82,94;9,58;28,78;31,13;100,00;194,59;0,00;0,19
2017.0;10.0;2017-10-01;BRASPINE;FLOEMA I - SUDATI;;;;;244,83;18,97;82,94;9,59;29,36;31,35;100,00;167,61;0,00;20,94
2017.0;10.0;2017-10-01;BRASPINE;FLOEMA II - SUDATI;PR;DOUTOR ULYSSES;453,83;211,13;248,22;18,97;82,94;9,59;29,36;31,35;100,00;167,61;0,00;20,94
2017.0;10.0;2017-10-01;BRASPINE;FLOR DA SERRA;PR;SAO JOSE DA BOA VISTA;209,10;128,72;244,98;20,93;76,01;10,22;31,38;32,13;99,53;78,80;0,00;1,36
2017.0;10.0;2017-10-01;BRASPINE;GENTIL;PR;JAGUARIAIVA;126,77;53,33;245,78;18,64;81,17;8,55;32,82;29,61;99,56;187,19;0,00;3,15
2017.0;10.0;2017-10-01;BRASPINE;GUAIRACA;PR;GUARAPUAVA;623,62;169,31;317,09;18,12;82,20;6,72;34,49;29,61;99,98;261,97;0,00;11,93
2017.0;10.0;2017-10-01;BRASPINE;HERVAL 2 - MADALOSSO;;;;;275,86;18,82;81,69;9,11;30,91;31,19;99,84;189,34;0,00;3,43
2017.0;10.0;2017-10-01;BRASPINE;HERVAL DE BAIXO;PR;RESERVA;827,29;475,92;317,67;19,90;79,89;7,60;33,38;31,42;99,86;164,93;0,00;8,05
2017.0;10.0;2017-10-01;BRASPINE;HORTO 01;PR;TURVO;19,12;19,12;329,47;18,79;82,15;6,93;37,02;29,83;99,82;210,20;0,00;2,72
2017.0;10.0;2017-10-01;BRASPINE;HORTO 02;PR;TURVO;4,24;4,24;329,71;18,79;82,15;6,93;37,02;29,83;99,82;210,20;0,00;2,72
2017.0;10.0;2017-10-01;BRASPINE;HORTO 03;PR;PRUDENTOPOLIS;80,91;25,89;329,09;19,27;81,30;7,65;34,54;30,59;99,86;173,27;0,00;4,72
2017.0;10.0;2017-10-01;BRASPINE;HORTO 08;PR;TURVO;9,53;9,53;328,67;19,27;81,30;7,65;34,54;30,59;99,86;173,27;0,00;4,72
2017.0;10.0;2017-10-01;BRASPINE;HORTO 12;PR;PRUDENTOPOLIS;12,20;12,20;329,38;19,27;81,30;7,65;34,54;30,59;99,86;173,27;0,00;4,72
2017.0;10.0;2017-10-01;BRASPINE;IZAU;PR;PIRAI DO SUL;19,37;11,60;252,53;18,64;81,75;9,02;32,89;29,93;99,55;186,57;0,00;1,50
2017.0;10.0;2017-10-01;BRASPINE;JOAO RICO;PR;JAGUARIAIVA;47,46;26,18;245,58;18,89;80,96;9,54;31,24;29,99;99,84;191,00;0,00;22,89
2017.0;10.0;2017-10-01;BRASPINE;LAGOA;PR;JAGUARIAIVA;24,10;10,78;249,92;18,80;82,54;9,84;29,68;30,95;100,00;194,20;0,00;32,91
2017.0;10.0;2017-10-01;BRASPINE;MARACANA;PR;JANDAIA DO SUL;11,45;11,45;347,67;22,18;73,74;11,41;29,89;33,60;99,99;37,40;0,00;1,70
2017.0;10.0;2017-10-01;BRASPINE;MARRECA;;;;;255,57;19,08;83,37;9,67;28,80;31,84;100,00;154,89;0,00;3,62
2017.0;10.0;2017-10-01;BRASPINE;MARRECA SP;SP;ITAPIRAPUA PAULISTA;675,30;236,19;261,31;19,71;83,48;9,72;28,66;32,78;100,00;130,11;0,00;0,75
2017.0;10.0;2017-10-01;BRASPINE;MARRECAS;;;;;317,01;17,53;82,81;6,26;34,92;28,80;100,00;295,34;0,00;2,64
2017.0;10.0;2017-10-01;BRASPINE;MERCADINHO;;;;;256,95;19,53;82,98;9,33;28,79;32,48;100,00;159,21;0,00;2,66
2017.0;10.0;2017-10-01;BRASPINE;MONTE ALEGRE;;;;;335,67;22,67;72,71;11,64;29,21;34,20;99,97;23,29;0,00;2,30
2017.0;10.0;2017-10-01;BRASPINE;MONTE TABOR II;;;;;265,46;19,14;84,10;8,46;30,89;32,10;100,00;141,40;0,00;2,43
2017.0;10.0;2017-10-01;BRASPINE;MOREIRA;PR;DOUTOR ULYSSES;230,52;68,68;248,22;18,97;82,94;9,59;29,36;31,35;100,00;167,61;0,00;20,94
2017.0;10.0;2017-10-01;BRASPINE;MOREIRAS II;PR;DOUTOR ULYSSES;66,76;28,75;245,45;18,97;82,94;9,59;29,36;31,35;100,00;167,61;0,00;20,94
2017.0;10.0;2017-10-01;BRASPINE;MORRETES;PR;ORTIGUEIRA;20,36;20,36;324,51;20,33;79,90;7,62;33,19;32,00;99,93;122,43;0,00;0,51
2017.0;10.0;2017-10-01;BRASPINE;MORRO AZUL;;;;;248,71;19,21;82,96;9,69;28,91;31,80;100,00;170,19;0,00;8,37
2017.0;10.0;2017-10-01;BRASPINE;OURO FINO;SP;APIAI;51,70;51,70;250,06;19,00;83,68;8,95;30,02;31,61;100,00;169,46;0,00;5,52
2017.0;10.0;2017-10-01;BRASPINE;PALMEIRINHA DE BAIXO - SOSSEGO;PR;SENGES;85,93;9,22;236,85;18,77;80,91;10,29;30,10;30,16;99,85;194,93;0,00;13,43
2017.0;10.0;2017-10-01;BRASPINE;PAZIN;PR;DOUTOR ULYSSES;41,20;23,90;253,04;19,08;83,37;9,67;28,80;31,84;100,00;154,89;0,00;3,62
2017.0;10.0;2017-10-01;BRASPINE;PEDRAS;PR;CASTRO;7,18;7,18;260,06;18,64;82,10;8,23;33,77;30,00;99,53;169,82;0,00;1,43
2017.0;10.0;2017-10-01;BRASPINE;PESCARIA;PR;SAO JOSE DA BOA VISTA;184,57;129,22;253,10;21,05;75,76;10,88;29,73;32,40;99,51;64,74;0,00;0,61
2017.0;10.0;2017-10-01;BRASPINE;PESSEGUEIRO;PR;DOUTOR ULYSSES;109,95;64,79;247,30;18,97;82,94;9,59;29,36;31,35;100,00;167,61;0,00;20,94
2017.0;10.0;2017-10-01;BRASPINE;PITANGA;;;;;360,65;18,79;81,31;6,76;38,12;29,25;99,81;201,97;0,00;2,42
2017.0;10.0;2017-10-01;BRASPINE;QUEIMADINHO ARROIO CLARO;PR;DOUTOR ULYSSES;48,13;19,09;242,15;18,97;82,94;9,59;29,36;31,35;100,00;167,61;0,00;20,94
2017.0;10.0;2017-10-01;BRASPINE;QUEIMADINHO M6042;PR;DOUTOR ULYSSES;48,38;18,50;242,15;18,97;82,94;9,59;29,36;31,35;100,00;167,61;0,00;20,94
2017.0;10.0;2017-10-01;BRASPINE;QUEIMADINHO USUCAPIAO;PR;DOUTOR ULYSSES;200,27;92,43;242,15;18,97;82,94;9,59;29,36;31,35;100,00;167,61;0,00;20,94
2017.0;10.0;2017-10-01;BRASPINE;RAMOS;PR;SENGES;69,83;38,15;244,83;18,80;82,54;9,84;29,68;30,95;100,00;194,20;0,00;32,91
2017.0;10.0;2017-10-01;BRASPINE;RIBEIRAO GRANDE;PR;JAGUARIAIVA;20,77;20,77;251,92;18,64;81,75;9,02;32,89;29,93;99,55;186,57;0,00;1,50
2017.0;10.0;2017-10-01;BRASPINE;RINCAO DE BAIXO;;;;;290,36;19,36;78,57;7,72;32,28;30,52;99,53;178,49;0,00;4,15
2017.0;10.0;2017-10-01;BRASPINE;RIO BOMBA;PR;CERRO AZUL;65,03;37,72;263,54;19,78;82,40;9,49;28,49;32,75;99,97;144,89;0,00;1,93
2017.0;10.0;2017-10-01;BRASPINE;RIO DO MEIO;PR;DOUTOR ULYSSES;712,33;389,13;244,57;18,97;82,94;9,59;29,36;31,35;100,00;167,61;0,00;20,94
2017.0;10.0;2017-10-01;BRASPINE;RONDON;PR;JAGUARIAIVA;2899,24;1475,88;235,10;18,75;81,42;9,85;30,54;30,11;99,89;207,50;0,00;10,40
2017.0;10.0;2017-10-01;BRASPINE;SANTA FELICIDADE;;;;;258,30;20,06;83,60;9,61;28,14;33,38;100,00;118,19;0,00;9,22
2017.0;10.0;2017-10-01;BRASPINE;SANTA LIDIA DO CERCADINHO;;;;;285,78;19,04;78,74;7,59;32,47;30,01;99,54;175,48;0,00;3,90
2017.0;10.0;2017-10-01;BRASPINE;SANTO ANTONIO;;;;;239,43;18,80;81,15;10,35;29,14;30,60;100,00;210,89;0,00;5,28
2017.0;10.0;2017-10-01;BRASPINE;SAO JOSE;PR;JANDAIA DO SUL;37,56;37,56;338,85;22,52;72,94;11,59;29,54;33,98;99,99;38,14;0,00;3,24
2017.0;10.0;2017-10-01;BRASPINE;SAO MATHEUS;;;;;278,59;23,64;71,95;10,95;29,13;35,75;99,88;21,93;0,00;3,97
2017.0;10.0;2017-10-01;BRASPINE;SAO PEDRO E SAO PAULO;PR;SAPOPEMA;709,13;323,93;304,77;20,48;76,78;9,23;30,59;31,36;99,66;100,34;0,00;1,48
2017.0;10.0;2017-10-01;BRASPINE;SAO RAFAEL;;;;;271,79;18,50;80,73;8,16;34,55;30,86;99,55;259,56;0,00;7,99
2017.0;10.0;2017-10-01;BRASPINE;SAO RAFAEL - PB;;;;;252,43;19,10;83,51;9,27;29,52;31,74;100,00;170,27;0,00;8,21
2017.0;10.0;2017-10-01;BRASPINE;SERRARIA;PR;DOUTOR ULYSSES;280,88;117,71;253,13;18,87;83,16;9,63;28,79;31,49;100,00;152,36;0,00;5,00
2017.0;10.0;2017-10-01;BRASPINE;SERRO VERDE;;;;;350,94;18,39;80,92;6,73;35,48;29,33;99,91;238,61;0,00;4,83
2017.0;10.0;2017-10-01;BRASPINE;SERTAOZINHO;PR;DOUTOR ULYSSES;16,25;16,25;247,50;18,97;82,94;9,59;29,36;31,35;100,00;167,61;0,00;20,94
2017.0;10.0;2017-10-01;BRASPINE;SITIO BASILIO;PR;JAGUARIAIVA;8,08;8,08;243,53;18,71;80,93;8,67;32,37;29,61;99,64;203,38;0,00;1,61
2017.0;10.0;2017-10-01;BRASPINE;SITIO DAS MARRECAS;PR;DOUTOR ULYSSES;77,49;35,17;258,84;19,53;83,45;9,71;28,70;32,50;100,00;143,73;0,00;1,54
2017.0;10.0;2017-10-01;BRASPINE;SOBRADINHO;SP;BOM SUCESSO DE ITARARE;285,80;123,10;245,49;18,72;82,08;10,01;29,73;30,84;100,00;226,56;0,00;12,66
2017.0;10.0;2017-10-01;BRASPINE;TAQUARAL;PR;JAGUARIAIVA;519,13;31,07;240,89;18,88;81,41;9,67;30,85;30,20;100,00;206,95;0,00;23,25
2017.0;10.0;2017-10-01;BRASPINE;TUCUNDUVA;PR;SENGES;82,21;60,89;242,25;19,52;78,10;9,58;30,34;30,40;99,55;172,15;0,00;3,96
2017.0;10.0;2017-10-01;BRASPINE;TUCUNDUVA - CHAMMA;;;;;242,55;19,55;78,26;10,56;30,28;30,50;99,65;159,37;0,00;8,93
2017.0;10.0;2017-10-01;BRASPINE;VIENA 1;PR;DOUTOR ULYSSES;263,98;178,34;256,31;18,57;82,70;9,75;30,21;30,51;100,00;220,90;0,00;0,80
2017.0;10.0;2017-10-01;BRASPINE;VIENA 2;PR;CERRO AZUL;140,23;96,54;263,41;19,78;82,40;9,49;28,49;32,75;99,97;144,89;0,00;1,93
2017.0;10.0;2017-10-01;BRASPINE;VITORIA;PR;SENGES;50,54;35,69;236,85;18,77;80,91;10,29;30,10;30,16;99,85;194,93;0,00;13,43
2017.0;10.0;2017-10-01;BRASPINE;VIVEIRO;PR;DOUTOR ULYSSES;405,39;261,22;245,45;18,97;82,94;9,59;29,36;31,35;100,00;167,61;0,00;20,94
2017.0;10.0;2017-10-01;BRASPINE;VO LINO;PR;DOUTOR ULYSSES;164,50;97,89;255,47;19,08;83,37;9,67;28,80;31,84;100,00;154,89;0,00;3,62
2017.0;10.0;2017-10-01;BRASPINE;XAXIM VELHO;;;;;324,51;17,51;83,27;6,55;37,14;28,95;100,00;264,41;0,00;0,20
2017.0;11.0;2017-11-01;BRASPINE;AGUA DOCE;PR;JAGUARIAIVA;238,97;121,99;109,27;18,74;79,84;10,15;31,33;27,69;99,94;247,23;0,00;3,37
2017.0;11.0;2017-11-01;BRASPINE;AMATA;;;;;117,51;20,04;80,70;12,63;30,80;31,12;100,00;151,51;0,00;0,28
2017.0;11.0;2017-11-01;BRASPINE;ANTA BRAVA;;;;;126,51;21,40;77,83;13,15;33,63;30,09;99,50;56,12;0,00;6,92
2017.0;11.0;2017-11-01;BRASPINE;ARAPONGAS;PR;SENGES;423,34;263,70;107,65;18,73;81,88;10,87;29,68;28,75;100,00;235,07;0,00;5,12
2017.0;11.0;2017-11-01;BRASPINE;ARROIO CLARO;PR;DOUTOR ULYSSES;275,14;92,00;111,68;18,86;82,07;11,26;29,20;29,32;100,00;239,23;0,00;2,29
2017.0;11.0;2017-11-01;BRASPINE;BARRA GRANDE;PR;DOUTOR ULYSSES;493,79;139,68;106,63;19,15;82,20;11,29;29,13;29,74;100,00;227,14;0,00;0,54
2017.0;11.0;2017-11-01;BRASPINE;BARRA GRANDE - BEMAIS;PR;GUARAPUAVA;299,16;108,61;176,65;18,27;79,18;10,03;33,09;27,32;99,98;267,27;0,00;2,52
2017.0;11.0;2017-11-01;BRASPINE;BARRETOS;PR;JAGUARIAIVA;43,35;32,98;107,85;18,75;81,14;10,31;31,11;28,43;100,00;219,14;0,00;0,44
2017.0;11.0;2017-11-01;BRASPINE;BAU;;;;;98,41;18,35;78,74;10,11;32,85;26,96;99,89;259,57;0,00;4,03
2017.0;11.0;2017-11-01;BRASPINE;BOA VISTA II;PR;PIRAI DO SUL;944,00;535,05;102,73;18,76;80,44;10,04;31,00;28,17;100,00;231,10;0,00;2,32
2017.0;11.0;2017-11-01;BRASPINE;BRASILEIRA;;;;;107,40;18,73;81,88;10,87;29,68;28,75;100,00;235,07;0,00;5,12
2017.0;11.0;2017-11-01;BRASPINE;BURACAO;;;;;121,50;18,65;80,32;10,84;31,69;28,58;99,87;221,00;0,00;0,16
2017.0;11.0;2017-11-01;BRASPINE;BURRINHO;PR;DOUTOR ULYSSES;211,01;100,37;111,13;18,86;82,07;11,26;29,20;29,32;100,00;239,23;0,00;2,29
2017.0;11.0;2017-11-01;BRASPINE;CADEADO I;PR;JAGUARIAIVA;21,07;12,29;102,13;18,59;81,35;10,53;30,35;28,30;100,00;246,79;0,00;0,26
2017.0;11.0;2017-11-01;BRASPINE;CADEADO II;PR;JAGUARIAIVA;21,88;16,79;102,13;18,59;81,35;10,53;30,35;28,30;100,00;246,79;0,00;0,26
2017.0;11.0;2017-11-01;BRASPINE;CAMPINA ALTA;PR;TIBAGI;29,77;18,24;104,06;19,87;78,65;11,42;33,04;28,83;99,95;170,87;0,00;5,79
2017.0;11.0;2017-11-01;BRASPINE;CAMPINA DO ELIAS;PR;JAGUARIAIVA;29,17;14,65;105,36;18,69;81,21;10,39;31,12;28,38;100,00;248,55;0,00;2,13
2017.0;11.0;2017-11-01;BRASPINE;CAMPO NOVO;PR;JAGUARIAIVA;295,98;156,36;107,83;18,59;81,35;10,53;30,35;28,30;100,00;246,79;0,00;0,26
2017.0;11.0;2017-11-01;BRASPINE;CONSULTORIA II A;PR;DOUTOR ULYSSES;89,62;60,79;104,67;18,73;81,88;10,87;29,68;28,75;100,00;235,07;0,00;5,12
2017.0;11.0;2017-11-01;BRASPINE;DINIZ;;;;;112,00;18,73;81,88;10,87;29,68;28,75;100,00;235,07;0,00;5,12
2017.0;11.0;2017-11-01;BRASPINE;ENES;PR;JAGUARIAIVA;5,93;5,69;107,79;18,59;81,35;10,53;30,35;28,30;100,00;246,79;0,00;0,26
2017.0;11.0;2017-11-01;BRASPINE;ENGENHARIA;;;;;112,00;18,73;81,88;10,87;29,68;28,75;100,00;235,07;0,00;5,12
2017.0;11.0;2017-11-01;BRASPINE;ESTACAO;PR;SENGES;4,76;4,14;102,36;18,59;81,35;10,53;30,35;28,30;100,00;246,79;0,00;0,26
2017.0;11.0;2017-11-01;BRASPINE;FAXINAL;PR;JAGUARIAIVA;20,65;20,65;107,79;18,59;81,35;10,53;30,35;28,30;100,00;246,79;0,00;0,26
2017.0;11.0;2017-11-01;BRASPINE;FEITAL;PR;DOUTOR ULYSSES;154,17;86,53;103,49;18,87;81,99;11,01;29,49;29,08;100,00;237,46;0,00;2,65
2017.0;11.0;2017-11-01;BRASPINE;FIGUEIRA;PR;DOUTOR ULYSSES;1053,81;315,71;103,00;18,86;82,07;11,26;29,20;29,32;100,00;239,23;0,00;2,29
2017.0;11.0;2017-11-01;BRASPINE;FIGUEIRINHA;PR;DOUTOR ULYSSES;94,37;56,74;104,51;18,86;82,07;11,26;29,20;29,32;100,00;239,23;0,00;2,29
2017.0;11.0;2017-11-01;BRASPINE;FLOEMA;PR;DOUTOR ULYSSES;2189,88;701,43;106,45;18,43;81,65;10,75;29,77;28,39;100,00;230,85;0,00;0,20
2017.0;11.0;2017-11-01;BRASPINE;FLOEMA I - SUDATI;;;;;102,58;18,73;81,88;10,87;29,68;28,75;100,00;235,07;0,00;5,12
2017.0;11.0;2017-11-01;BRASPINE;FLOEMA II - SUDATI;PR;DOUTOR ULYSSES;453,83;211,13;103,47;18,73;81,88;10,87;29,68;28,75;100,00;235,07;0,00;5,12
2017.0;11.0;2017-11-01;BRASPINE;FLOR DA SERRA;PR;SAO JOSE DA BOA VISTA;209,10;128,72;110,65;20,81;75,28;12,40;31,64;29,72;99,78;125,81;0,00;0,41
2017.0;11.0;2017-11-01;BRASPINE;GENTIL;PR;JAGUARIAIVA;126,77;53,33;108,14;18,49;79,95;9,98;30,87;27,26;99,74;242,54;0,00;2,96
2017.0;11.0;2017-11-01;BRASPINE;GUAIRACA;PR;GUARAPUAVA;623,62;169,31;178,53;18,42;78,71;9,72;34,01;27,56;99,96;253,06;0,00;4,06
2017.0;11.0;2017-11-01;BRASPINE;HERVAL 2 - MADALOSSO;;;;;120,92;18,65;80,32;10,84;31,69;28,58;99,87;221,00;0,00;0,16
2017.0;11.0;2017-11-01;BRASPINE;HERVAL DE BAIXO;PR;RESERVA;827,29;475,92;103,18;19,82;79,01;10,68;33,06;28,83;99,90;167,84;0,00;0,21
2017.0;11.0;2017-11-01;BRASPINE;HORTO 01;PR;TURVO;19,12;19,12;100,51;18,98;79,91;9,11;34,37;28,18;99,80;245,46;0,00;348,09
2017.0;11.0;2017-11-01;BRASPINE;HORTO 02;PR;TURVO;4,24;4,24;99,36;18,98;79,91;9,11;34,37;28,18;99,80;245,46;0,00;348,09
2017.0;11.0;2017-11-01;BRASPINE;HORTO 03;PR;PRUDENTOPOLIS;80,91;25,89;103,04;19,49;79,01;10,21;32,68;28,90;99,81;194,16;0,00;0,71
2017.0;11.0;2017-11-01;BRASPINE;HORTO 08;PR;TURVO;9,53;9,53;104,75;19,49;79,01;10,21;32,68;28,90;99,81;194,16;0,00;0,71
2017.0;11.0;2017-11-01;BRASPINE;HORTO 12;PR;PRUDENTOPOLIS;12,20;12,20;102,44;19,49;79,01;10,21;32,68;28,90;99,81;194,16;0,00;0,71
2017.0;11.0;2017-11-01;BRASPINE;IZAU;PR;PIRAI DO SUL;19,37;11,60;105,50;18,50;80,43;9,84;29,96;27,64;99,73;228,65;0,00;4,36
2017.0;11.0;2017-11-01;BRASPINE;JOAO RICO;PR;JAGUARIAIVA;47,46;26,18;108,99;18,74;79,84;10,15;31,33;27,69;99,94;247,23;0,00;3,37
2017.0;11.0;2017-11-01;BRASPINE;LAGOA;PR;JAGUARIAIVA;24,10;10,78;103,72;18,59;81,35;10,53;30,35;28,30;100,00;246,79;0,00;0,26
2017.0;11.0;2017-11-01;BRASPINE;MARACANA;PR;JANDAIA DO SUL;11,45;11,45;183,31;21,67;76,38;13,62;28,90;31,07;100,00;42,11;0,00;3,41
2017.0;11.0;2017-11-01;BRASPINE;MARRECA;;;;;103,28;18,86;82,07;11,26;29,20;29,32;100,00;239,23;0,00;2,29
2017.0;11.0;2017-11-01;BRASPINE;MARRECA SP;SP;ITAPIRAPUA PAULISTA;675,30;236,19;105,53;19,48;82,21;11,79;28,85;30,57;100,00;188,06;0,00;0,30
2017.0;11.0;2017-11-01;BRASPINE;MARRECAS;;;;;173,62;17,75;79,40;9,76;33,55;26,61;100,00;301,65;0,00;1,97
2017.0;11.0;2017-11-01;BRASPINE;MERCADINHO;;;;;109,34;19,39;81,39;11,72;29,60;30,22;100,00;187,99;0,00;1,07
2017.0;11.0;2017-11-01;BRASPINE;MONTE ALEGRE;;;;;175,71;22,15;75,59;14,18;28,63;31,68;99,99;43,14;0,00;1,93
2017.0;11.0;2017-11-01;BRASPINE;MONTE TABOR II;;;;;110,86;18,78;83,79;11,36;30,57;29,50;99,99;226,69;0,00;6,02
2017.0;11.0;2017-11-01;BRASPINE;MOREIRA;PR;DOUTOR ULYSSES;230,52;68,68;103,47;18,73;81,88;10,87;29,68;28,75;100,00;235,07;0,00;5,12
2017.0;11.0;2017-11-01;BRASPINE;MOREIRAS II;PR;DOUTOR ULYSSES;66,76;28,75;104,84;18,73;81,88;10,87;29,68;28,75;100,00;235,07;0,00;5,12
2017.0;11.0;2017-11-01;BRASPINE;MORRETES;PR;ORTIGUEIRA;20,36;20,36;107,02;20,27;79,32;10,65;33,60;29,51;99,82;172,24;0,00;0,73
2017.0;11.0;2017-11-01;BRASPINE;MORRO AZUL;;;;;108,75;18,93;82,10;11,03;28,95;29,26;100,00;238,69;0,00;18,85
2017.0;11.0;2017-11-01;BRASPINE;OURO FINO;SP;APIAI;51,70;51,70;107,16;18,62;83,46;11,01;29,85;29,02;100,00;249,01;0,00;11,35
2017.0;11.0;2017-11-01;BRASPINE;PALMEIRINHA DE BAIXO - SOSSEGO;PR;SENGES;85,93;9,22;106,77;18,51;80,35;10,43;31,03;27,48;99,91;231,76;0,00;11,79
2017.0;11.0;2017-11-01;BRASPINE;PAZIN;PR;DOUTOR ULYSSES;41,20;23,90;101,60;18,86;82,07;11,26;29,20;29,32;100,00;239,23;0,00;2,29
2017.0;11.0;2017-11-01;BRASPINE;PEDRAS;PR;CASTRO;7,18;7,18;99,85;18,49;80,94;9,85;32,07;27,57;99,67;225,88;0,00;1,30
2017.0;11.0;2017-11-01;BRASPINE;PESCARIA;PR;SAO JOSE DA BOA VISTA;184,57;129,22;121,65;20,93;74,96;12,38;29,79;29,96;99,79;126,85;0,00;0,88
2017.0;11.0;2017-11-01;BRASPINE;PESSEGUEIRO;PR;DOUTOR ULYSSES;109,95;64,79;102,11;18,73;81,88;10,87;29,68;28,75;100,00;235,07;0,00;5,12
2017.0;11.0;2017-11-01;BRASPINE;PITANGA;;;;;94,49;19,06;78,53;10,20;33,95;27,98;99,80;222,46;0,00;1,26
2017.0;11.0;2017-11-01;BRASPINE;QUEIMADINHO ARROIO CLARO;PR;DOUTOR ULYSSES;48,13;19,09;107,40;18,73;81,88;10,87;29,68;28,75;100,00;235,07;0,00;5,12
2017.0;11.0;2017-11-01;BRASPINE;QUEIMADINHO M6042;PR;DOUTOR ULYSSES;48,38;18,50;107,40;18,73;81,88;10,87;29,68;28,75;100,00;235,07;0,00;5,12
2017.0;11.0;2017-11-01;BRASPINE;QUEIMADINHO USUCAPIAO;PR;DOUTOR ULYSSES;200,27;92,43;107,40;18,73;81,88;10,87;29,68;28,75;100,00;235,07;0,00;5,12
2017.0;11.0;2017-11-01;BRASPINE;RAMOS;PR;SENGES;69,83;38,15;102,58;18,59;81,35;10,53;30,35;28,30;100,00;246,79;0,00;0,26
2017.0;11.0;2017-11-01;BRASPINE;RIBEIRAO GRANDE;PR;JAGUARIAIVA;20,77;20,77;105,88;18,50;80,43;9,84;29,96;27,64;99,73;228,65;0,00;4,36
2017.0;11.0;2017-11-01;BRASPINE;RINCAO DE BAIXO;;;;;110,74;19,25;77,19;10,40;29,83;27,88;99,60;224,05;0,00;3,20
2017.0;11.0;2017-11-01;BRASPINE;RIO BOMBA;PR;CERRO AZUL;65,03;37,72;108,53;19,70;80,44;11,86;30,60;30,52;100,00;176,85;0,00;0,36
2017.0;11.0;2017-11-01;BRASPINE;RIO DO MEIO;PR;DOUTOR ULYSSES;712,33;389,13;105,52;18,73;81,88;10,87;29,68;28,75;100,00;235,07;0,00;5,12
2017.0;11.0;2017-11-01;BRASPINE;RONDON;PR;JAGUARIAIVA;2899,24;1475,88;107,54;18,55;80,53;10,35;31,72;27,54;99,94;246,16;0,00;18,60
2017.0;11.0;2017-11-01;BRASPINE;SANTA FELICIDADE;;;;;102,73;19,84;82,28;11,94;28,36;31,46;100,00;177,93;0,00;0,44
2017.0;11.0;2017-11-01;BRASPINE;SANTA LIDIA DO CERCADINHO;;;;;108,64;18,90;77,33;10,27;29,98;27,33;99,57;234,41;0,00;2,87
2017.0;11.0;2017-11-01;BRASPINE;SANTO ANTONIO;;;;;104,94;18,53;80,54;10,50;30,29;27,79;100,00;216,62;0,00;2,31
2017.0;11.0;2017-11-01;BRASPINE;SAO JOSE;PR;JANDAIA DO SUL;37,56;37,56;176,11;22,00;75,77;14,03;28,74;31,46;100,00;42,89;0,00;0,34
2017.0;11.0;2017-11-01;BRASPINE;SAO MATHEUS;;;;;106,11;23,19;75,07;13,89;29,47;33,24;100,00;13,89;0,00;1,62
2017.0;11.0;2017-11-01;BRASPINE;SAO PEDRO E SAO PAULO;PR;SAPOPEMA;709,13;323,93;166,70;20,17;76,86;11,71;33,02;28,80;99,61;193,88;0,00;0,57
2017.0;11.0;2017-11-01;BRASPINE;SAO RAFAEL;;;;;119,49;18,44;78,54;9,85;33,73;28,51;99,61;230,20;0,00;2,55
2017.0;11.0;2017-11-01;BRASPINE;SAO RAFAEL - PB;;;;;107,37;18,75;83,11;11,22;29,27;29,19;100,00;251,40;0,00;13,00
2017.0;11.0;2017-11-01;BRASPINE;SERRARIA;PR;DOUTOR ULYSSES;280,88;117,71;105,47;18,64;81,86;11,01;29,49;28,86;100,00;235,02;0,00;3,04
2017.0;11.0;2017-11-01;BRASPINE;SERRO VERDE;;;;;94,23;18,66;77,64;10,00;31,55;27,32;99,91;232,45;0,00;1,75
2017.0;11.0;2017-11-01;BRASPINE;SERTAOZINHO;PR;DOUTOR ULYSSES;16,25;16,25;109,43;18,73;81,88;10,87;29,68;28,75;100,00;235,07;0,00;5,12
2017.0;11.0;2017-11-01;BRASPINE;SITIO BASILIO;PR;JAGUARIAIVA;8,08;8,08;109,10;18,56;79,77;10,07;31,27;27,25;99,80;243,11;0,00;1,48
2017.0;11.0;2017-11-01;BRASPINE;SITIO DAS MARRECAS;PR;DOUTOR ULYSSES;77,49;35,17;102,65;19,30;82,17;11,66;28,95;30,22;100,00;185,80;0,00;1,10
2017.0;11.0;2017-11-01;BRASPINE;SOBRADINHO;SP;BOM SUCESSO DE ITARARE;285,80;123,10;106,49;18,41;81,62;10,62;30,21;27,86;100,00;260,02;0,00;11,95
2017.0;11.0;2017-11-01;BRASPINE;TAQUARAL;PR;JAGUARIAIVA;519,13;31,07;110,47;18,72;80,33;10,24;32,07;27,77;100,00;247,00;0,00;25,92
2017.0;11.0;2017-11-01;BRASPINE;TUCUNDUVA;PR;SENGES;82,21;60,89;123,74;19,33;77,48;11,01;31,11;27,98;99,74;242,78;0,00;22,24
2017.0;11.0;2017-11-01;BRASPINE;TUCUNDUVA - CHAMMA;;;;;119,47;19,32;77,86;11,09;31,07;28,03;99,70;230,19;0,00;20,28
2017.0;11.0;2017-11-01;BRASPINE;VIENA 1;PR;DOUTOR ULYSSES;263,98;178,34;107,44;18,34;81,48;10,36;31,73;27,91;100,00;228,19;0,00;1,00
2017.0;11.0;2017-11-01;BRASPINE;VIENA 2;PR;CERRO AZUL;140,23;96,54;108,37;19,70;80,44;11,86;30,60;30,52;100,00;176,85;0,00;0,36
2017.0;11.0;2017-11-01;BRASPINE;VITORIA;PR;SENGES;50,54;35,69;106,77;18,51;80,35;10,43;31,03;27,48;99,91;231,76;0,00;11,79
2017.0;11.0;2017-11-01;BRASPINE;VIVEIRO;PR;DOUTOR ULYSSES;405,39;261,22;104,84;18,73;81,88;10,87;29,68;28,75;100,00;235,07;0,00;5,12
2017.0;11.0;2017-11-01;BRASPINE;VO LINO;PR;DOUTOR ULYSSES;164,50;97,89;106,22;18,86;82,07;11,26;29,20;29,32;100,00;239,23;0,00;2,29
2017.0;11.0;2017-11-01;BRASPINE;XAXIM VELHO;;;;;191,08;17,87;79,18;9,51;34,53;26,88;100,00;289,41;0,00;0,25
2017.0;12.0;2017-12-01;BRASPINE;AGUA DOCE;PR;JAGUARIAIVA;238,97;121,99;146,81;20,34;84,17;12,71;38,14;28,74;99,92;54,50;0,00;1,16
2017.0;12.0;2017-12-01;BRASPINE;AMATA;;;;;134,13;21,98;82,94;14,85;36,21;31,99;100,00;29,82;0,00;0,37
2017.0;12.0;2017-12-01;BRASPINE;ANTA BRAVA;;;;;136,66;23,18;78,80;15,89;33,67;31,18;99,53;0,00;0,00;9,91
2017.0;12.0;2017-12-01;BRASPINE;ARAPONGAS;PR;SENGES;423,34;263,70;144,45;20,38;85,72;13,33;38,64;29,40;100,00;56,17;0,00;1,60
2017.0;12.0;2017-12-01;BRASPINE;ARROIO CLARO;PR;DOUTOR ULYSSES;275,14;92,00;131,48;20,58;85,42;13,58;38,02;29,71;100,00;42,00;0,00;10,16
2017.0;12.0;2017-12-01;BRASPINE;BARRA GRANDE;PR;DOUTOR ULYSSES;493,79;139,68;133,38;20,87;85,86;13,79;38,31;30,25;100,00;42,48;0,00;4,69
2017.0;12.0;2017-12-01;BRASPINE;BARRA GRANDE - BEMAIS;PR;GUARAPUAVA;299,16;108,61;272,35;20,10;84,14;13,21;35,21;27,97;100,00;83,70;0,00;349,84
2017.0;12.0;2017-12-01;BRASPINE;BARRETOS;PR;JAGUARIAIVA;43,35;32,98;144,23;20,38;85,16;12,67;37,87;29,23;100,00;54,42;0,00;6,23
2017.0;12.0;2017-12-01;BRASPINE;BAU;;;;;163,34;20,14;84,07;13,62;39,53;27,58;99,90;69,60;0,00;0,21
2017.0;12.0;2017-12-01;BRASPINE;BOA VISTA II;PR;PIRAI DO SUL;944,00;535,05;139,51;20,39;84,66;12,46;38,18;28,92;100,00;68,75;0,00;0,42
2017.0;12.0;2017-12-01;BRASPINE;BRASILEIRA;;;;;131,68;20,38;85,72;13,33;38,64;29,40;100,00;56,17;0,00;1,60
2017.0;12.0;2017-12-01;BRASPINE;BURACAO;;;;;139,74;20,41;83,77;12,96;38,35;28,94;99,85;70,59;0,00;2,04
2017.0;12.0;2017-12-01;BRASPINE;BURRINHO;PR;DOUTOR ULYSSES;211,01;100,37;131,28;20,58;85,42;13,58;38,02;29,71;100,00;42,00;0,00;10,16
2017.0;12.0;2017-12-01;BRASPINE;CADEADO I;PR;JAGUARIAIVA;21,07;12,29;140,64;20,20;85,42;12,90;37,95;29,07;100,00;69,86;0,00;4,52
2017.0;12.0;2017-12-01;BRASPINE;CADEADO II;PR;JAGUARIAIVA;21,88;16,79;140,64;20,20;85,42;12,90;37,95;29,07;100,00;69,86;0,00;4,52
2017.0;12.0;2017-12-01;BRASPINE;CAMPINA ALTA;PR;TIBAGI;29,77;18,24;269,64;21,42;82,99;13,92;36,02;29,95;99,91;28,22;0,00;8,72
2017.0;12.0;2017-12-01;BRASPINE;CAMPINA DO ELIAS;PR;JAGUARIAIVA;29,17;14,65;132,85;20,32;85,25;12,75;37,90;29,17;100,00;54,58;0,00;5,66
2017.0;12.0;2017-12-01;BRASPINE;CAMPO NOVO;PR;JAGUARIAIVA;295,98;156,36;144,99;20,20;85,42;12,90;37,95;29,07;100,00;69,86;0,00;4,52
2017.0;12.0;2017-12-01;BRASPINE;CONSULTORIA II A;PR;DOUTOR ULYSSES;89,62;60,79;133,55;20,38;85,72;13,33;38,64;29,40;100,00;56,17;0,00;1,60
2017.0;12.0;2017-12-01;BRASPINE;DINIZ;;;;;140,21;20,38;85,72;13,33;38,64;29,40;100,00;56,17;0,00;1,60
2017.0;12.0;2017-12-01;BRASPINE;ENES;PR;JAGUARIAIVA;5,93;5,69;144,99;20,20;85,42;12,90;37,95;29,07;100,00;69,86;0,00;4,52
2017.0;12.0;2017-12-01;BRASPINE;ENGENHARIA;;;;;140,21;20,38;85,72;13,33;38,64;29,40;100,00;56,17;0,00;1,60
2017.0;12.0;2017-12-01;BRASPINE;ESTACAO;PR;SENGES;4,76;4,14;136,12;20,20;85,42;12,90;37,95;29,07;100,00;69,86;0,00;4,52
2017.0;12.0;2017-12-01;BRASPINE;FAXINAL;PR;JAGUARIAIVA;20,65;20,65;144,99;20,20;85,42;12,90;37,95;29,07;100,00;69,86;0,00;4,52
2017.0;12.0;2017-12-01;BRASPINE;FEITAL;PR;DOUTOR ULYSSES;154,17;86,53;133,08;20,54;85,77;13,48;38,53;29,68;100,00;41,61;0,00;0,52
2017.0;12.0;2017-12-01;BRASPINE;FIGUEIRA;PR;DOUTOR ULYSSES;1053,81;315,71;130,64;20,58;85,42;13,58;38,02;29,71;100,00;42,00;0,00;10,16
2017.0;12.0;2017-12-01;BRASPINE;FIGUEIRINHA;PR;DOUTOR ULYSSES;94,37;56,74;132,32;20,58;85,42;13,58;38,02;29,71;100,00;42,00;0,00;10,16
2017.0;12.0;2017-12-01;BRASPINE;FLOEMA;PR;DOUTOR ULYSSES;2189,88;701,43;140,54;20,09;85,20;13,03;38,12;28,80;100,00;84,86;0,00;0,65
2017.0;12.0;2017-12-01;BRASPINE;FLOEMA I - SUDATI;;;;;136,81;20,38;85,72;13,33;38,64;29,40;100,00;56,17;0,00;1,60
2017.0;12.0;2017-12-01;BRASPINE;FLOEMA II - SUDATI;PR;DOUTOR ULYSSES;453,83;211,13;138,60;20,38;85,72;13,33;38,64;29,40;100,00;56,17;0,00;1,60
2017.0;12.0;2017-12-01;BRASPINE;FLOR DA SERRA;PR;SAO JOSE DA BOA VISTA;209,10;128,72;157,19;22,41;78,18;15,29;30,87;30,62;99,54;0,00;0,00;2,74
2017.0;12.0;2017-12-01;BRASPINE;GENTIL;PR;JAGUARIAIVA;126,77;53,33;154,07;20,10;83,90;12,50;37,23;28,11;99,77;98,06;0,00;0,59
2017.0;12.0;2017-12-01;BRASPINE;GUAIRACA;PR;GUARAPUAVA;623,62;169,31;266,35;20,26;83,61;13,25;36,20;28,33;99,98;84,69;0,00;9,28
2017.0;12.0;2017-12-01;BRASPINE;HERVAL 2 - MADALOSSO;;;;;148,01;20,41;83,77;12,96;38,35;28,94;99,85;70,59;0,00;2,04
2017.0;12.0;2017-12-01;BRASPINE;HERVAL DE BAIXO;PR;RESERVA;827,29;475,92;265,79;21,47;82,65;13,86;34,28;30,10;99,85;28,18;0,00;7,32
2017.0;12.0;2017-12-01;BRASPINE;HORTO 01;PR;TURVO;19,12;19,12;228,89;20,85;84,27;14,20;38,38;28,66;99,80;72,17;0,00;3,14
2017.0;12.0;2017-12-01;BRASPINE;HORTO 02;PR;TURVO;4,24;4,24;216,34;20,85;84,27;14,20;38,38;28,66;99,80;72,17;0,00;3,14
2017.0;12.0;2017-12-01;BRASPINE;HORTO 03;PR;PRUDENTOPOLIS;80,91;25,89;269,26;21,37;83,16;14,63;35,46;29,70;99,94;44,34;0,00;0,96
2017.0;12.0;2017-12-01;BRASPINE;HORTO 08;PR;TURVO;9,53;9,53;194,10;21,37;83,16;14,63;35,46;29,70;99,94;44,34;0,00;0,96
2017.0;12.0;2017-12-01;BRASPINE;HORTO 12;PR;PRUDENTOPOLIS;12,20;12,20;278,82;21,37;83,16;14,63;35,46;29,70;99,94;44,34;0,00;0,96
2017.0;12.0;2017-12-01;BRASPINE;IZAU;PR;PIRAI DO SUL;19,37;11,60;163,73;20,11;84,28;12,26;36,56;28,21;99,80;82,08;0,00;4,51
2017.0;12.0;2017-12-01;BRASPINE;JOAO RICO;PR;JAGUARIAIVA;47,46;26,18;150,65;20,34;84,17;12,71;38,14;28,74;99,92;54,50;0,00;1,16
2017.0;12.0;2017-12-01;BRASPINE;LAGOA;PR;JAGUARIAIVA;24,10;10,78;136,31;20,20;85,42;12,90;37,95;29,07;100,00;69,86;0,00;4,52
2017.0;12.0;2017-12-01;BRASPINE;MARACANA;PR;JANDAIA DO SUL;11,45;11,45;225,32;23,10;80,14;17,09;30,58;31,32;99,97;0,00;0,00;3,07
2017.0;12.0;2017-12-01;BRASPINE;MARRECA;;;;;128,64;20,58;85,42;13,58;38,02;29,71;100,00;42,00;0,00;10,16
2017.0;12.0;2017-12-01;BRASPINE;MARRECA SP;SP;ITAPIRAPUA PAULISTA;675,30;236,19;132,85;21,29;85,32;14,12;37,77;30,87;100,00;28,49;0,00;9,57
2017.0;12.0;2017-12-01;BRASPINE;MARRECAS;;;;;265,72;19,55;84,73;12,56;35,95;27,25;100,00;80,78;0,00;2,29
2017.0;12.0;2017-12-01;BRASPINE;MERCADINHO;;;;;130,51;21,22;84,15;14,17;37,07;30,84;100,00;28,34;0,00;0,98
2017.0;12.0;2017-12-01;BRASPINE;MONTE ALEGRE;;;;;226,10;23,61;79,31;17,56;30,26;31,87;99,87;0,00;0,00;0,88
2017.0;12.0;2017-12-01;BRASPINE;MONTE TABOR II;;;;;132,23;20,69;85,87;13,80;39,98;29,77;100,00;13,80;0,00;4,86
2017.0;12.0;2017-12-01;BRASPINE;MOREIRA;PR;DOUTOR ULYSSES;230,52;68,68;138,60;20,38;85,72;13,33;38,64;29,40;100,00;56,17;0,00;1,60
2017.0;12.0;2017-12-01;BRASPINE;MOREIRAS II;PR;DOUTOR ULYSSES;66,76;28,75;132,81;20,38;85,72;13,33;38,64;29,40;100,00;56,17;0,00;1,60
2017.0;12.0;2017-12-01;BRASPINE;MORRETES;PR;ORTIGUEIRA;20,36;20,36;264,02;22,04;81,77;14,44;31,15;30,91;99,83;29,43;0,00;2,60
2017.0;12.0;2017-12-01;BRASPINE;MORRO AZUL;;;;;131,99;20,60;86,29;13,83;37,35;30,21;100,00;42,12;0,00;330,13
2017.0;12.0;2017-12-01;BRASPINE;OURO FINO;SP;APIAI;51,70;51,70;128,01;20,39;86,70;13,72;39,72;29,35;100,00;42,82;0,00;6,60
2017.0;12.0;2017-12-01;BRASPINE;PALMEIRINHA DE BAIXO - SOSSEGO;PR;SENGES;85,93;9,22;158,82;20,06;84,85;13,30;38,04;28,85;99,86;55,34;0,00;23,23
2017.0;12.0;2017-12-01;BRASPINE;PAZIN;PR;DOUTOR ULYSSES;41,20;23,90;133,30;20,58;85,42;13,58;38,02;29,71;100,00;42,00;0,00;10,16
2017.0;12.0;2017-12-01;BRASPINE;PEDRAS;PR;CASTRO;7,18;7,18;161,83;20,16;84,65;12,24;39,72;28,16;99,75;82,08;0,00;1,80
2017.0;12.0;2017-12-01;BRASPINE;PESCARIA;PR;SAO JOSE DA BOA VISTA;184,57;129,22;160,14;22,56;77,92;15,46;29,65;31,00;99,54;0,00;0,00;15,07
2017.0;12.0;2017-12-01;BRASPINE;PESSEGUEIRO;PR;DOUTOR ULYSSES;109,95;64,79;132,73;20,38;85,72;13,33;38,64;29,40;100,00;56,17;0,00;1,60
2017.0;12.0;2017-12-01;BRASPINE;PITANGA;;;;;184,58;20,86;83,60;14,67;38,00;28,36;99,84;58,93;0,00;3,23
2017.0;12.0;2017-12-01;BRASPINE;QUEIMADINHO ARROIO CLARO;PR;DOUTOR ULYSSES;48,13;19,09;131,68;20,38;85,72;13,33;38,64;29,40;100,00;56,17;0,00;1,60
2017.0;12.0;2017-12-01;BRASPINE;QUEIMADINHO M6042;PR;DOUTOR ULYSSES;48,38;18,50;131,68;20,38;85,72;13,33;38,64;29,40;100,00;56,17;0,00;1,60
2017.0;12.0;2017-12-01;BRASPINE;QUEIMADINHO USUCAPIAO;PR;DOUTOR ULYSSES;200,27;92,43;131,68;20,38;85,72;13,33;38,64;29,40;100,00;56,17;0,00;1,60
2017.0;12.0;2017-12-01;BRASPINE;RAMOS;PR;SENGES;69,83;38,15;136,81;20,20;85,42;12,90;37,95;29,07;100,00;69,86;0,00;4,52
2017.0;12.0;2017-12-01;BRASPINE;RIBEIRAO GRANDE;PR;JAGUARIAIVA;20,77;20,77;159,14;20,11;84,28;12,26;36,56;28,21;99,80;82,08;0,00;4,51
2017.0;12.0;2017-12-01;BRASPINE;RINCAO DE BAIXO;;;;;257,31;20,82;81,12;13,62;36,03;28,84;99,67;42,26;0,00;3,94
2017.0;12.0;2017-12-01;BRASPINE;RIO BOMBA;PR;CERRO AZUL;65,03;37,72;137,17;21,58;82,80;14,49;36,02;31,36;99,98;29,04;0,00;0,78
2017.0;12.0;2017-12-01;BRASPINE;RIO DO MEIO;PR;DOUTOR ULYSSES;712,33;389,13;132,50;20,38;85,72;13,33;38,64;29,40;100,00;56,17;0,00;1,60
2017.0;12.0;2017-12-01;BRASPINE;RONDON;PR;JAGUARIAIVA;2899,24;1475,88;148,92;20,11;84,95;12,97;38,27;28,80;99,89;84,73;0,00;2,33
2017.0;12.0;2017-12-01;BRASPINE;SANTA FELICIDADE;;;;;126,63;21,70;85,25;14,63;37,58;31,59;100,00;29,39;0,00;5,93
2017.0;12.0;2017-12-01;BRASPINE;SANTA LIDIA DO CERCADINHO;;;;;260,31;20,46;81,25;13,30;36,29;28,33;99,65;71,03;0,00;3,25
2017.0;12.0;2017-12-01;BRASPINE;SANTO ANTONIO;;;;;146,31;20,10;85,19;13,36;37,40;29,22;100,00;70,74;0,00;16,08
2017.0;12.0;2017-12-01;BRASPINE;SAO JOSE;PR;JANDAIA DO SUL;37,56;37,56;224,78;23,44;79,53;17,41;30,40;31,66;99,92;0,00;0,00;1,43
2017.0;12.0;2017-12-01;BRASPINE;SAO MATHEUS;;;;;197,86;24,70;78,83;18,63;30,42;33,18;99,67;0,00;0,00;0,47
2017.0;12.0;2017-12-01;BRASPINE;SAO PEDRO E SAO PAULO;PR;SAPOPEMA;709,13;323,93;225,33;21,75;80,18;15,00;32,48;29,68;99,66;0,00;0,00;2,05
2017.0;12.0;2017-12-01;BRASPINE;SAO RAFAEL;;;;;148,40;20,38;81,97;13,31;36,63;29,65;99,52;71,15;0,00;7,77
2017.0;12.0;2017-12-01;BRASPINE;SAO RAFAEL - PB;;;;;143,76;20,49;86,60;13,80;38,76;29,68;100,00;42,69;0,00;8,35
2017.0;12.0;2017-12-01;BRASPINE;SERRARIA;PR;DOUTOR ULYSSES;280,88;117,71;129,73;20,33;85,31;13,30;38,31;29,26;100,00;41,24;0,00;0,11
2017.0;12.0;2017-12-01;BRASPINE;SERRO VERDE;;;;;157,40;20,47;83,03;13,98;39,03;28,03;99,96;86,06;0,00;2,66
2017.0;12.0;2017-12-01;BRASPINE;SERTAOZINHO;PR;DOUTOR ULYSSES;16,25;16,25;141,71;20,38;85,72;13,33;38,64;29,40;100,00;56,17;0,00;1,60
2017.0;12.0;2017-12-01;BRASPINE;SITIO BASILIO;PR;JAGUARIAIVA;8,08;8,08;147,02;20,16;83,86;12,63;37,68;28,26;99,77;98,82;0,00;3,18
2017.0;12.0;2017-12-01;BRASPINE;SITIO DAS MARRECAS;PR;DOUTOR ULYSSES;77,49;35,17;132,42;21,08;85,35;13,96;37,84;30,54;100,00;28,13;0,00;10,38
2017.0;12.0;2017-12-01;BRASPINE;SOBRADINHO;SP;BOM SUCESSO DE ITARARE;285,80;123,10;128,82;20,03;85,98;13,33;38,02;29,21;100,00;71,12;0,00;7,96
2017.0;12.0;2017-12-01;BRASPINE;TAQUARAL;PR;JAGUARIAIVA;519,13;31,07;137,98;20,30;84,83;12,79;38,78;28,93;100,00;54,67;0,00;9,38
2017.0;12.0;2017-12-01;BRASPINE;TUCUNDUVA;PR;SENGES;82,21;60,89;148,63;20,90;81,33;14,08;34,96;29,29;99,51;43,19;0,00;29,18
2017.0;12.0;2017-12-01;BRASPINE;TUCUNDUVA - CHAMMA;;;;;144,18;20,90;81,60;14,09;34,99;29,48;99,49;43,32;0,00;28,14
2017.0;12.0;2017-12-01;BRASPINE;VIENA 1;PR;DOUTOR ULYSSES;263,98;178,34;131,19;19,99;85,27;12,57;39,50;28,37;100,00;98,06;0,00;0,86
2017.0;12.0;2017-12-01;BRASPINE;VIENA 2;PR;CERRO AZUL;140,23;96,54;136,98;21,58;82,80;14,49;36,02;31,36;99,98;29,04;0,00;0,78
2017.0;12.0;2017-12-01;BRASPINE;VITORIA;PR;SENGES;50,54;35,69;158,82;20,06;84,85;13,30;38,04;28,85;99,86;55,34;0,00;23,23
2017.0;12.0;2017-12-01;BRASPINE;VIVEIRO;PR;DOUTOR ULYSSES;405,39;261,22;132,81;20,38;85,72;13,33;38,64;29,40;100,00;56,17;0,00;1,60
2017.0;12.0;2017-12-01;BRASPINE;VO LINO;PR;DOUTOR ULYSSES;164,50;97,89;129,24;20,58;85,42;13,58;38,02;29,71;100,00;42,00;0,00;10,16
2017.0;12.0;2017-12-01;BRASPINE;XAXIM VELHO;;;;;261,93;19,68;84,44;12,61;36,79;27,80;100,00;82,66;0,00;10,20
