ANO;MES;DATA;EMPRESA;FAZENDA;UF;MUNICIPIO;AREA_T;AREA_PRODU;PRECIP_CHIRPS_MM;TEMP_MEDIA_C;UMID_MEDIA_PCT;TEMP_MIN_C;UMID_MIN_PCT;TEMP_MAX_C;UMID_MAX_PCT;NOITES_FRIAS_Eucalipto_<15C;NOITES_FRIAS_Pinus_<5C;DIRECAO_VENTO_GRAUS
2016.0;1.0;2016-01-01;BRASPINE;AGUA DOCE;PR;JAGUARIAIVA;238,97;121,99;203,96;20,69;84,02;13,57;33,23;28,21;99,86;71,83;0,00;1,20
2016.0;1.0;2016-01-01;BRASPINE;AMATA;;;;;123,23;22,37;82,78;15,92;31,11;31,66;100,00;0,00;0,00;4,49
2016.0;1.0;2016-01-01;BRASPINE;ANTA BRAVA;;;;;270,55;23,01;81,46;16,44;44,01;31,23;99,54;0,00;0,00;3,00
2016.0;1.0;2016-01-01;BRASPINE;ARAPONGAS;PR;SENGES;423,34;263,70;163,69;20,81;85,40;14,16;34,53;29,41;100,00;28,35;0,00;13,40
2016.0;1.0;2016-01-01;BRASPINE;ARROIO CLARO;PR;DOUTOR ULYSSES;275,14;92,00;141,59;21,01;85,15;14,55;34,09;30,13;100,00;29,13;0,00;3,87
2016.0;1.0;2016-01-01;BRASPINE;BARRA GRANDE;PR;DOUTOR ULYSSES;493,79;139,68;164,13;21,26;85,53;14,45;35,51;30,08;100,00;29,09;0,00;11,48
2016.0;1.0;2016-01-01;BRASPINE;BARRA GRANDE - BEMAIS;PR;GUARAPUAVA;299,16;108,61;170,94;20,80;81,55;13,23;33,06;28,37;99,99;96,74;0,00;2,39
2016.0;1.0;2016-01-01;BRASPINE;BARRETOS;PR;JAGUARIAIVA;43,35;32,98;174,89;20,74;85,04;13,87;32,54;28,88;99,98;72,86;0,00;0,18
2016.0;1.0;2016-01-01;BRASPINE;BAU;;;;;233,75;20,99;80,90;13,83;38,05;27,69;99,90;85,34;0,00;5,07
2016.0;1.0;2016-01-01;BRASPINE;BOA VISTA II;PR;PIRAI DO SUL;944,00;535,05;165,92;20,72;84,58;13,72;32,93;28,65;99,96;86,83;0,00;0,63
2016.0;1.0;2016-01-01;BRASPINE;BRASILEIRA;;;;;165,38;20,81;85,40;14,16;34,53;29,41;100,00;28,35;0,00;13,40
2016.0;1.0;2016-01-01;BRASPINE;BURACAO;;;;;146,82;20,85;83,53;14,30;31,52;28,86;99,86;72,73;0,00;0,41
2016.0;1.0;2016-01-01;BRASPINE;BURRINHO;PR;DOUTOR ULYSSES;211,01;100,37;142,19;21,01;85,15;14,55;34,09;30,13;100,00;29,13;0,00;3,87
2016.0;1.0;2016-01-01;BRASPINE;CADEADO I;PR;JAGUARIAIVA;21,07;12,29;160,83;20,62;85,20;13,80;33,45;29,04;100,00;57,72;0,00;1,17
2016.0;1.0;2016-01-01;BRASPINE;CADEADO II;PR;JAGUARIAIVA;21,88;16,79;160,83;20,62;85,20;13,80;33,45;29,04;100,00;57,72;0,00;1,17
2016.0;1.0;2016-01-01;BRASPINE;CAMPINA ALTA;PR;TIBAGI;29,77;18,24;182,04;22,06;80,53;14,34;34,66;29,89;99,90;72,87;0,00;3,51
2016.0;1.0;2016-01-01;BRASPINE;CAMPINA DO ELIAS;PR;JAGUARIAIVA;29,17;14,65;163,18;20,69;85,10;13,85;32,87;28,92;99,99;72,81;0,00;3,87
2016.0;1.0;2016-01-01;BRASPINE;CAMPO NOVO;PR;JAGUARIAIVA;295,98;156,36;177,60;20,62;85,20;13,80;33,45;29,04;100,00;57,72;0,00;1,17
2016.0;1.0;2016-01-01;BRASPINE;CONSULTORIA II A;PR;DOUTOR ULYSSES;89,62;60,79;161,92;20,81;85,40;14,16;34,53;29,41;100,00;28,35;0,00;13,40
2016.0;1.0;2016-01-01;BRASPINE;DINIZ;;;;;164,96;20,81;85,40;14,16;34,53;29,41;100,00;28,35;0,00;13,40
2016.0;1.0;2016-01-01;BRASPINE;ENES;PR;JAGUARIAIVA;5,93;5,69;179,59;20,62;85,20;13,80;33,45;29,04;100,00;57,72;0,00;1,17
2016.0;1.0;2016-01-01;BRASPINE;ENGENHARIA;;;;;164,96;20,81;85,40;14,16;34,53;29,41;100,00;28,35;0,00;13,40
2016.0;1.0;2016-01-01;BRASPINE;ESTACAO;PR;SENGES;4,76;4,14;152,25;20,62;85,20;13,80;33,45;29,04;100,00;57,72;0,00;1,17
2016.0;1.0;2016-01-01;BRASPINE;FAXINAL;PR;JAGUARIAIVA;20,65;20,65;179,59;20,62;85,20;13,80;33,45;29,04;100,00;57,72;0,00;1,17
2016.0;1.0;2016-01-01;BRASPINE;FEITAL;PR;DOUTOR ULYSSES;154,17;86,53;159,38;20,96;85,44;14,26;34,86;29,63;100,00;28,60;0,00;12,78
2016.0;1.0;2016-01-01;BRASPINE;FIGUEIRA;PR;DOUTOR ULYSSES;1053,81;315,71;157,57;21,01;85,15;14,55;34,09;30,13;100,00;29,13;0,00;3,87
2016.0;1.0;2016-01-01;BRASPINE;FIGUEIRINHA;PR;DOUTOR ULYSSES;94,37;56,74;154,15;21,01;85,15;14,55;34,09;30,13;100,00;29,13;0,00;3,87
2016.0;1.0;2016-01-01;BRASPINE;FLOEMA;PR;DOUTOR ULYSSES;2189,88;701,43;167,69;20,54;85,08;13,94;33,00;29,36;100,00;57,64;0,00;5,77
2016.0;1.0;2016-01-01;BRASPINE;FLOEMA I - SUDATI;;;;;150,22;20,81;85,40;14,16;34,53;29,41;100,00;28,35;0,00;13,40
2016.0;1.0;2016-01-01;BRASPINE;FLOEMA II - SUDATI;PR;DOUTOR ULYSSES;453,83;211,13;157,42;20,81;85,40;14,16;34,53;29,41;100,00;28,35;0,00;13,40
2016.0;1.0;2016-01-01;BRASPINE;FLOR DA SERRA;PR;SAO JOSE DA BOA VISTA;209,10;128,72;202,89;22,75;78,54;15,38;41,18;29,89;99,76;0,00;0,00;2,84
2016.0;1.0;2016-01-01;BRASPINE;GENTIL;PR;JAGUARIAIVA;126,77;53,33;182,42;20,46;83,94;13,25;33,14;28,07;99,58;85,18;0,00;1,66
2016.0;1.0;2016-01-01;BRASPINE;GUAIRACA;PR;GUARAPUAVA;623,62;169,31;162,33;20,88;81,73;13,21;33,36;28,41;99,99;97,03;0,00;5,13
2016.0;1.0;2016-01-01;BRASPINE;HERVAL 2 - MADALOSSO;;;;;147,26;20,85;83,53;14,30;31,52;28,86;99,86;72,73;0,00;0,41
2016.0;1.0;2016-01-01;BRASPINE;HERVAL DE BAIXO;PR;RESERVA;827,29;475,92;197,53;22,12;80,45;13,97;34,46;29,95;99,81;72,02;0,00;2,05
2016.0;1.0;2016-01-01;BRASPINE;HORTO 01;PR;TURVO;19,12;19,12;204,64;21,50;82,31;13,71;39,09;28,51;99,75;85,59;0,00;4,33
2016.0;1.0;2016-01-01;BRASPINE;HORTO 02;PR;TURVO;4,24;4,24;207,47;21,50;82,31;13,71;39,09;28,51;99,75;85,59;0,00;4,33
2016.0;1.0;2016-01-01;BRASPINE;HORTO 03;PR;PRUDENTOPOLIS;80,91;25,89;193,58;21,99;81,18;14,21;36,59;29,39;99,87;73,00;0,00;10,27
2016.0;1.0;2016-01-01;BRASPINE;HORTO 08;PR;TURVO;9,53;9,53;207,64;21,99;81,18;14,21;36,59;29,39;99,87;73,00;0,00;10,27
2016.0;1.0;2016-01-01;BRASPINE;HORTO 12;PR;PRUDENTOPOLIS;12,20;12,20;189,06;21,99;81,18;14,21;36,59;29,39;99,87;73,00;0,00;10,27
2016.0;1.0;2016-01-01;BRASPINE;IZAU;PR;PIRAI DO SUL;19,37;11,60;188,30;20,44;84,42;13,38;31,80;28,24;99,57;99,90;0,00;2,96
2016.0;1.0;2016-01-01;BRASPINE;JOAO RICO;PR;JAGUARIAIVA;47,46;26,18;191,01;20,69;84,02;13,57;33,23;28,21;99,86;71,83;0,00;1,20
2016.0;1.0;2016-01-01;BRASPINE;LAGOA;PR;JAGUARIAIVA;24,10;10,78;162,41;20,62;85,20;13,80;33,45;29,04;100,00;57,72;0,00;1,17
2016.0;1.0;2016-01-01;BRASPINE;MARACANA;PR;JANDAIA DO SUL;11,45;11,45;292,86;23,61;79,50;16,81;35,14;29,89;99,99;0,00;0,00;10,52
2016.0;1.0;2016-01-01;BRASPINE;MARRECA;;;;;151,56;21,01;85,15;14,55;34,09;30,13;100,00;29,13;0,00;3,87
2016.0;1.0;2016-01-01;BRASPINE;MARRECA SP;SP;ITAPIRAPUA PAULISTA;675,30;236,19;156,91;21,67;85,09;15,10;35,84;31,03;100,00;0,00;0,00;5,96
2016.0;1.0;2016-01-01;BRASPINE;MARRECAS;;;;;172,15;20,29;81,96;12,64;33,17;27,70;100,00;108,12;0,00;1,35
2016.0;1.0;2016-01-01;BRASPINE;MERCADINHO;;;;;138,19;21,61;84,04;15,20;32,18;30,92;100,00;0,00;0,00;0,11
2016.0;1.0;2016-01-01;BRASPINE;MONTE ALEGRE;;;;;261,97;24,12;78,61;17,17;35,29;30,54;99,99;0,00;0,00;8,76
2016.0;1.0;2016-01-01;BRASPINE;MONTE TABOR II;;;;;167,11;21,02;86,47;13,82;43,92;30,65;100,00;28,17;0,00;334,63
2016.0;1.0;2016-01-01;BRASPINE;MOREIRA;PR;DOUTOR ULYSSES;230,52;68,68;157,42;20,81;85,40;14,16;34,53;29,41;100,00;28,35;0,00;13,40
2016.0;1.0;2016-01-01;BRASPINE;MOREIRAS II;PR;DOUTOR ULYSSES;66,76;28,75;162,59;20,81;85,40;14,16;34,53;29,41;100,00;28,35;0,00;13,40
2016.0;1.0;2016-01-01;BRASPINE;MORRETES;PR;ORTIGUEIRA;20,36;20,36;189,66;22,61;80,20;14,05;34,06;30,34;99,80;57,28;0,00;4,14
2016.0;1.0;2016-01-01;BRASPINE;MORRO AZUL;;;;;174,94;20,97;86,01;13,84;34,34;29,89;100,00;28,21;0,00;3,90
2016.0;1.0;2016-01-01;BRASPINE;OURO FINO;SP;APIAI;51,70;51,70;176,04;20,76;86,82;13,46;39,00;29,85;100,00;27,70;0,00;0,15
2016.0;1.0;2016-01-01;BRASPINE;PALMEIRINHA DE BAIXO - SOSSEGO;PR;SENGES;85,93;9,22;184,72;20,45;84,94;13,43;30,73;28,11;99,87;56,20;0,00;1,80
2016.0;1.0;2016-01-01;BRASPINE;PAZIN;PR;DOUTOR ULYSSES;41,20;23,90;157,80;21,01;85,15;14,55;34,09;30,13;100,00;29,13;0,00;3,87
2016.0;1.0;2016-01-01;BRASPINE;PEDRAS;PR;CASTRO;7,18;7,18;169,08;20,49;84,68;13,45;34,02;28,20;99,53;114,39;0,00;1,60
2016.0;1.0;2016-01-01;BRASPINE;PESCARIA;PR;SAO JOSE DA BOA VISTA;184,57;129,22;215,18;22,82;78,59;14,93;37,67;30,11;99,57;14,93;0,00;0,10
2016.0;1.0;2016-01-01;BRASPINE;PESSEGUEIRO;PR;DOUTOR ULYSSES;109,95;64,79;154,10;20,81;85,40;14,16;34,53;29,41;100,00;28,35;0,00;13,40
2016.0;1.0;2016-01-01;BRASPINE;PITANGA;;;;;264,34;21,69;80,64;14,63;37,86;27,99;99,81;44,37;0,00;7,43
2016.0;1.0;2016-01-01;BRASPINE;QUEIMADINHO ARROIO CLARO;PR;DOUTOR ULYSSES;48,13;19,09;165,38;20,81;85,40;14,16;34,53;29,41;100,00;28,35;0,00;13,40
2016.0;1.0;2016-01-01;BRASPINE;QUEIMADINHO M6042;PR;DOUTOR ULYSSES;48,38;18,50;165,38;20,81;85,40;14,16;34,53;29,41;100,00;28,35;0,00;13,40
2016.0;1.0;2016-01-01;BRASPINE;QUEIMADINHO USUCAPIAO;PR;DOUTOR ULYSSES;200,27;92,43;165,38;20,81;85,40;14,16;34,53;29,41;100,00;28,35;0,00;13,40
2016.0;1.0;2016-01-01;BRASPINE;RAMOS;PR;SENGES;69,83;38,15;150,22;20,62;85,20;13,80;33,45;29,04;100,00;57,72;0,00;1,17
2016.0;1.0;2016-01-01;BRASPINE;RIBEIRAO GRANDE;PR;JAGUARIAIVA;20,77;20,77;186,71;20,44;84,42;13,38;31,80;28,24;99,57;99,90;0,00;2,96
2016.0;1.0;2016-01-01;BRASPINE;RINCAO DE BAIXO;;;;;163,07;21,31;80,53;13,39;33,07;28,62;99,58;86,72;0,00;0,95
2016.0;1.0;2016-01-01;BRASPINE;RIO BOMBA;PR;CERRO AZUL;65,03;37,72;131,27;21,99;82,81;15,40;30,31;31,08;99,98;0,00;0,00;3,03
2016.0;1.0;2016-01-01;BRASPINE;RIO DO MEIO;PR;DOUTOR ULYSSES;712,33;389,13;163,35;20,81;85,40;14,16;34,53;29,41;100,00;28,35;0,00;13,40
2016.0;1.0;2016-01-01;BRASPINE;RONDON;PR;JAGUARIAIVA;2899,24;1475,88;172,38;20,51;84,87;13,52;32,40;28,21;99,89;56,51;0,00;6,78
2016.0;1.0;2016-01-01;BRASPINE;SANTA FELICIDADE;;;;;154,59;22,08;84,98;15,27;37,21;32,17;100,00;0,00;0,00;5,01
2016.0;1.0;2016-01-01;BRASPINE;SANTA LIDIA DO CERCADINHO;;;;;166,05;20,96;80,81;13,23;33,01;28,07;99,57;85,66;0,00;0,13
2016.0;1.0;2016-01-01;BRASPINE;SANTO ANTONIO;;;;;171,72;20,47;85,24;13,00;31,26;28,55;100,00;56,01;0,00;0,53
2016.0;1.0;2016-01-01;BRASPINE;SAO JOSE;PR;JANDAIA DO SUL;37,56;37,56;264,14;23,96;78,80;17,05;35,27;30,30;100,00;0,00;0,00;9,20
2016.0;1.0;2016-01-01;BRASPINE;SAO MATHEUS;;;;;227,06;25,23;77,95;17,91;36,60;32,08;99,93;0,00;0,00;2,17
2016.0;1.0;2016-01-01;BRASPINE;SAO PEDRO E SAO PAULO;PR;SAPOPEMA;709,13;323,93;224,38;22,24;79,66;14,90;38,72;28,88;99,66;14,90;0,00;1,31
2016.0;1.0;2016-01-01;BRASPINE;SAO RAFAEL;;;;;146,85;20,88;82,11;13,73;30,16;28,40;99,50;56,36;0,00;1,52
2016.0;1.0;2016-01-01;BRASPINE;SAO RAFAEL - PB;;;;;182,41;20,86;86,59;13,61;37,55;30,00;100,00;27,96;0,00;1,14
2016.0;1.0;2016-01-01;BRASPINE;SERRARIA;PR;DOUTOR ULYSSES;280,88;117,71;156,15;20,77;85,12;14,26;33,54;29,74;100,00;28,62;0,00;5,96
2016.0;1.0;2016-01-01;BRASPINE;SERRO VERDE;;;;;231,79;21,37;79,57;14,28;36,49;27,94;99,85;72,44;0,00;0,70
2016.0;1.0;2016-01-01;BRASPINE;SERTAOZINHO;PR;DOUTOR ULYSSES;16,25;16,25;159,03;20,81;85,40;14,16;34,53;29,41;100,00;28,35;0,00;13,40
2016.0;1.0;2016-01-01;BRASPINE;SITIO BASILIO;PR;JAGUARIAIVA;8,08;8,08;204,81;20,53;83,81;13,29;33,58;28,07;99,66;70,72;0,00;0,33
2016.0;1.0;2016-01-01;BRASPINE;SITIO DAS MARRECAS;PR;DOUTOR ULYSSES;77,49;35,17;160,19;21,48;85,11;14,95;35,34;30,77;100,00;29,93;0,00;1,25
2016.0;1.0;2016-01-01;BRASPINE;SOBRADINHO;SP;BOM SUCESSO DE ITARARE;285,80;123,10;186,93;20,38;86,07;12,85;33,18;28,72;100,00;56,02;0,00;2,30
2016.0;1.0;2016-01-01;BRASPINE;TAQUARAL;PR;JAGUARIAIVA;519,13;31,07;178,32;20,68;84,63;13,67;33,49;28,36;100,00;57,13;0,00;1,18
2016.0;1.0;2016-01-01;BRASPINE;TUCUNDUVA;PR;SENGES;82,21;60,89;214,55;21,27;81,61;13,36;33,15;28,63;99,56;27,30;0,00;2,90
2016.0;1.0;2016-01-01;BRASPINE;TUCUNDUVA - CHAMMA;;;;;217,35;21,24;82,09;13,94;32,71;28,68;99,56;28,00;0,00;0,63
2016.0;1.0;2016-01-01;BRASPINE;VIENA 1;PR;DOUTOR ULYSSES;263,98;178,34;152,39;20,41;85,17;13,65;33,75;28,52;100,00;86,21;0,00;1,87
2016.0;1.0;2016-01-01;BRASPINE;VIENA 2;PR;CERRO AZUL;140,23;96,54;131,23;21,99;82,81;15,40;30,31;31,08;99,98;0,00;0,00;3,03
2016.0;1.0;2016-01-01;BRASPINE;VITORIA;PR;SENGES;50,54;35,69;184,72;20,45;84,94;13,43;30,73;28,11;99,87;56,20;0,00;1,80
2016.0;1.0;2016-01-01;BRASPINE;VIVEIRO;PR;DOUTOR ULYSSES;405,39;261,22;162,59;20,81;85,40;14,16;34,53;29,41;100,00;28,35;0,00;13,40
2016.0;1.0;2016-01-01;BRASPINE;VO LINO;PR;DOUTOR ULYSSES;164,50;97,89;147,34;21,01;85,15;14,55;34,09;30,13;100,00;29,13;0,00;3,87
2016.0;1.0;2016-01-01;BRASPINE;XAXIM VELHO;;;;;158,24;20,37;82,41;12,60;33,31;27,64;100,00;109,15;0,00;0,23
2016.0;2.0;2016-02-01;BRASPINE;AGUA DOCE;PR;JAGUARIAIVA;238,97;121,99;236,60;21,45;88,69;15,77;51,47;28,63;99,96;0,00;0,00;14,75
2016.0;2.0;2016-02-01;BRASPINE;AMATA;;;;;340,84;23,14;87,44;17,65;46,05;31,57;100,00;0,00;0,00;3,45
2016.0;2.0;2016-02-01;BRASPINE;ANTA BRAVA;;;;;223,26;24,06;84,26;18,25;50,36;31,36;98,84;0,00;0,00;4,96
2016.0;2.0;2016-02-01;BRASPINE;ARAPONGAS;PR;SENGES;423,34;263,70;242,99;21,62;89,59;15,81;47,86;29,13;100,00;0,00;0,00;7,70
2016.0;2.0;2016-02-01;BRASPINE;ARROIO CLARO;PR;DOUTOR ULYSSES;275,14;92,00;255,30;21,83;89,37;16,36;45,87;29,73;100,00;0,00;0,00;36,34
2016.0;2.0;2016-02-01;BRASPINE;BARRA GRANDE;PR;DOUTOR ULYSSES;493,79;139,68;237,96;22,10;89,69;16,49;47,51;29,78;100,00;0,00;0,00;2,71
2016.0;2.0;2016-02-01;BRASPINE;BARRA GRANDE - BEMAIS;PR;GUARAPUAVA;299,16;108,61;134,40;20,92;90,63;16,87;55,38;27,81;99,99;0,00;0,00;2,58
2016.0;2.0;2016-02-01;BRASPINE;BARRETOS;PR;JAGUARIAIVA;43,35;32,98;255,30;21,59;89,23;15,72;49,73;29,14;99,99;0,00;0,00;5,35
2016.0;2.0;2016-02-01;BRASPINE;BAU;;;;;189,49;20,90;90,64;17,13;59,35;27,44;99,90;0,00;0,00;63,07
2016.0;2.0;2016-02-01;BRASPINE;BOA VISTA II;PR;PIRAI DO SUL;944,00;535,05;247,04;21,57;88,87;15,59;50,24;28,98;99,98;0,00;0,00;8,21
2016.0;2.0;2016-02-01;BRASPINE;BRASILEIRA;;;;;228,44;21,62;89,59;15,81;47,86;29,13;100,00;0,00;0,00;7,70
2016.0;2.0;2016-02-01;BRASPINE;BURACAO;;;;;307,18;21,66;87,59;16,07;52,48;29,05;99,86;0,00;0,00;12,10
2016.0;2.0;2016-02-01;BRASPINE;BURRINHO;PR;DOUTOR ULYSSES;211,01;100,37;254,70;21,83;89,37;16,36;45,87;29,73;100,00;0,00;0,00;36,34
2016.0;2.0;2016-02-01;BRASPINE;CADEADO I;PR;JAGUARIAIVA;21,07;12,29;241,06;21,45;89,28;15,73;48,38;28,92;100,00;0,00;0,00;1,80
2016.0;2.0;2016-02-01;BRASPINE;CADEADO II;PR;JAGUARIAIVA;21,88;16,79;241,06;21,45;89,28;15,73;48,38;28,92;100,00;0,00;0,00;1,80
2016.0;2.0;2016-02-01;BRASPINE;CAMPINA ALTA;PR;TIBAGI;29,77;18,24;279,14;22,08;89,70;18,02;51,45;29,80;99,89;0,00;0,00;5,76
2016.0;2.0;2016-02-01;BRASPINE;CAMPINA DO ELIAS;PR;JAGUARIAIVA;29,17;14,65;253,61;21,54;89,25;15,76;49,65;29,06;99,99;0,00;0,00;4,11
2016.0;2.0;2016-02-01;BRASPINE;CAMPO NOVO;PR;JAGUARIAIVA;295,98;156,36;255,07;21,45;89,28;15,73;48,38;28,92;100,00;0,00;0,00;1,80
2016.0;2.0;2016-02-01;BRASPINE;CONSULTORIA II A;PR;DOUTOR ULYSSES;89,62;60,79;230,83;21,62;89,59;15,81;47,86;29,13;100,00;0,00;0,00;7,70
2016.0;2.0;2016-02-01;BRASPINE;DINIZ;;;;;228,09;21,62;89,59;15,81;47,86;29,13;100,00;0,00;0,00;7,70
2016.0;2.0;2016-02-01;BRASPINE;ENES;PR;JAGUARIAIVA;5,93;5,69;256,90;21,45;89,28;15,73;48,38;28,92;100,00;0,00;0,00;1,80
2016.0;2.0;2016-02-01;BRASPINE;ENGENHARIA;;;;;228,09;21,62;89,59;15,81;47,86;29,13;100,00;0,00;0,00;7,70
2016.0;2.0;2016-02-01;BRASPINE;ESTACAO;PR;SENGES;4,76;4,14;235,83;21,45;89,28;15,73;48,38;28,92;100,00;0,00;0,00;1,80
2016.0;2.0;2016-02-01;BRASPINE;FAXINAL;PR;JAGUARIAIVA;20,65;20,65;256,90;21,45;89,28;15,73;48,38;28,92;100,00;0,00;0,00;1,80
2016.0;2.0;2016-02-01;BRASPINE;FEITAL;PR;DOUTOR ULYSSES;154,17;86,53;232,30;21,78;89,63;16,03;47,74;29,35;100,00;0,00;0,00;6,85
2016.0;2.0;2016-02-01;BRASPINE;FIGUEIRA;PR;DOUTOR ULYSSES;1053,81;315,71;241,14;21,83;89,37;16,36;45,87;29,73;100,00;0,00;0,00;36,34
2016.0;2.0;2016-02-01;BRASPINE;FIGUEIRINHA;PR;DOUTOR ULYSSES;94,37;56,74;258,09;21,83;89,37;16,36;45,87;29,73;100,00;0,00;0,00;36,34
2016.0;2.0;2016-02-01;BRASPINE;FLOEMA;PR;DOUTOR ULYSSES;2189,88;701,43;249,93;21,35;89,22;15,81;46,07;29,01;100,00;0,00;0,00;0,45
2016.0;2.0;2016-02-01;BRASPINE;FLOEMA I - SUDATI;;;;;236,24;21,62;89,59;15,81;47,86;29,13;100,00;0,00;0,00;7,70
2016.0;2.0;2016-02-01;BRASPINE;FLOEMA II - SUDATI;PR;DOUTOR ULYSSES;453,83;211,13;227,79;21,62;89,59;15,81;47,86;29,13;100,00;0,00;0,00;7,70
2016.0;2.0;2016-02-01;BRASPINE;FLOR DA SERRA;PR;SAO JOSE DA BOA VISTA;209,10;128,72;292,33;23,16;85,03;18,02;52,03;30,60;99,89;0,00;0,00;3,45
2016.0;2.0;2016-02-01;BRASPINE;GENTIL;PR;JAGUARIAIVA;126,77;53,33;239,98;21,20;88,59;15,52;52,24;28,17;99,84;0,00;0,00;5,36
2016.0;2.0;2016-02-01;BRASPINE;GUAIRACA;PR;GUARAPUAVA;623,62;169,31;123,64;21,09;90,25;16,76;55,51;27,96;100,00;0,00;0,00;6,98
2016.0;2.0;2016-02-01;BRASPINE;HERVAL 2 - MADALOSSO;;;;;313,30;21,66;87,59;16,07;52,48;29,05;99,86;0,00;0,00;12,10
2016.0;2.0;2016-02-01;BRASPINE;HERVAL DE BAIXO;PR;RESERVA;827,29;475,92;245,40;22,11;89,73;18,09;53,36;29,65;99,82;0,00;0,00;6,98
2016.0;2.0;2016-02-01;BRASPINE;HORTO 01;PR;TURVO;19,12;19,12;212,12;21,59;90,99;17,69;61,04;28,32;99,84;0,00;0,00;5,23
2016.0;2.0;2016-02-01;BRASPINE;HORTO 02;PR;TURVO;4,24;4,24;213,09;21,59;90,99;17,69;61,04;28,32;99,84;0,00;0,00;5,23
2016.0;2.0;2016-02-01;BRASPINE;HORTO 03;PR;PRUDENTOPOLIS;80,91;25,89;206,33;22,06;90,29;18,23;58,56;28,99;99,88;0,00;0,00;0,25
2016.0;2.0;2016-02-01;BRASPINE;HORTO 08;PR;TURVO;9,53;9,53;197,59;22,06;90,29;18,23;58,56;28,99;99,88;0,00;0,00;0,25
2016.0;2.0;2016-02-01;BRASPINE;HORTO 12;PR;PRUDENTOPOLIS;12,20;12,20;202,42;22,06;90,29;18,23;58,56;28,99;99,88;0,00;0,00;0,25
2016.0;2.0;2016-02-01;BRASPINE;IZAU;PR;PIRAI DO SUL;19,37;11,60;246,78;21,25;88,78;15,29;51,24;28,50;99,78;0,00;0,00;1,04
2016.0;2.0;2016-02-01;BRASPINE;JOAO RICO;PR;JAGUARIAIVA;47,46;26,18;240,61;21,45;88,69;15,77;51,47;28,63;99,96;0,00;0,00;14,75
2016.0;2.0;2016-02-01;BRASPINE;LAGOA;PR;JAGUARIAIVA;24,10;10,78;243,32;21,45;89,28;15,73;48,38;28,92;100,00;0,00;0,00;1,80
2016.0;2.0;2016-02-01;BRASPINE;MARACANA;PR;JANDAIA DO SUL;11,45;11,45;294,72;23,52;87,80;19,71;45,83;31,16;99,98;0,00;0,00;1,96
2016.0;2.0;2016-02-01;BRASPINE;MARRECA;;;;;246,47;21,83;89,37;16,36;45,87;29,73;100,00;0,00;0,00;36,34
2016.0;2.0;2016-02-01;BRASPINE;MARRECA SP;SP;ITAPIRAPUA PAULISTA;675,30;236,19;274,50;22,51;89,33;16,92;46,09;30,70;100,00;0,00;0,00;3,83
2016.0;2.0;2016-02-01;BRASPINE;MARRECAS;;;;;127,43;20,44;90,82;16,20;55,19;27,33;100,00;0,00;0,00;2,19
2016.0;2.0;2016-02-01;BRASPINE;MERCADINHO;;;;;276,17;22,38;88,52;17,07;45,90;30,61;100,00;0,00;0,00;1,53
2016.0;2.0;2016-02-01;BRASPINE;MONTE ALEGRE;;;;;268,09;24,06;86,59;20,00;46,54;31,51;99,92;0,00;0,00;1,65
2016.0;2.0;2016-02-01;BRASPINE;MONTE TABOR II;;;;;218,93;21,92;89,64;15,84;49,86;29,61;100,00;0,00;0,00;7,20
2016.0;2.0;2016-02-01;BRASPINE;MOREIRA;PR;DOUTOR ULYSSES;230,52;68,68;227,79;21,62;89,59;15,81;47,86;29,13;100,00;0,00;0,00;7,70
2016.0;2.0;2016-02-01;BRASPINE;MOREIRAS II;PR;DOUTOR ULYSSES;66,76;28,75;231,29;21,62;89,59;15,81;47,86;29,13;100,00;0,00;0,00;7,70
2016.0;2.0;2016-02-01;BRASPINE;MORRETES;PR;ORTIGUEIRA;20,36;20,36;254,44;22,58;89,38;18,57;53,27;30,17;99,81;0,00;0,00;1,68
2016.0;2.0;2016-02-01;BRASPINE;MORRO AZUL;;;;;214,53;21,84;89,93;15,68;48,44;29,40;100,00;0,00;0,00;2,10
2016.0;2.0;2016-02-01;BRASPINE;OURO FINO;SP;APIAI;51,70;51,70;227,38;21,68;90,09;15,09;50,56;29,19;100,00;0,00;0,00;1,68
2016.0;2.0;2016-02-01;BRASPINE;PALMEIRINHA DE BAIXO - SOSSEGO;PR;SENGES;85,93;9,22;209,07;21,19;89,12;15,40;48,73;28,65;99,95;0,00;0,00;6,97
2016.0;2.0;2016-02-01;BRASPINE;PAZIN;PR;DOUTOR ULYSSES;41,20;23,90;238,90;21,83;89,37;16,36;45,87;29,73;100,00;0,00;0,00;36,34
2016.0;2.0;2016-02-01;BRASPINE;PEDRAS;PR;CASTRO;7,18;7,18;221,43;21,33;89,06;15,32;53,19;28,37;99,61;0,00;0,00;5,62
2016.0;2.0;2016-02-01;BRASPINE;PESCARIA;PR;SAO JOSE DA BOA VISTA;184,57;129,22;295,88;23,28;84,87;17,96;49,98;30,86;99,88;0,00;0,00;3,71
2016.0;2.0;2016-02-01;BRASPINE;PESSEGUEIRO;PR;DOUTOR ULYSSES;109,95;64,79;233,28;21,62;89,59;15,81;47,86;29,13;100,00;0,00;0,00;7,70
2016.0;2.0;2016-02-01;BRASPINE;PITANGA;;;;;197,53;21,50;90,70;17,10;61,17;28,28;99,82;0,00;0,00;1,67
2016.0;2.0;2016-02-01;BRASPINE;QUEIMADINHO ARROIO CLARO;PR;DOUTOR ULYSSES;48,13;19,09;228,44;21,62;89,59;15,81;47,86;29,13;100,00;0,00;0,00;7,70
2016.0;2.0;2016-02-01;BRASPINE;QUEIMADINHO M6042;PR;DOUTOR ULYSSES;48,38;18,50;228,44;21,62;89,59;15,81;47,86;29,13;100,00;0,00;0,00;7,70
2016.0;2.0;2016-02-01;BRASPINE;QUEIMADINHO USUCAPIAO;PR;DOUTOR ULYSSES;200,27;92,43;228,44;21,62;89,59;15,81;47,86;29,13;100,00;0,00;0,00;7,70
2016.0;2.0;2016-02-01;BRASPINE;RAMOS;PR;SENGES;69,83;38,15;236,24;21,45;89,28;15,73;48,38;28,92;100,00;0,00;0,00;1,80
2016.0;2.0;2016-02-01;BRASPINE;RIBEIRAO GRANDE;PR;JAGUARIAIVA;20,77;20,77;245,58;21,25;88,78;15,29;51,24;28,50;99,78;0,00;0,00;1,04
2016.0;2.0;2016-02-01;BRASPINE;RINCAO DE BAIXO;;;;;297,93;21,62;87,97;16,62;52,56;28,61;99,68;0,00;0,00;0,68
2016.0;2.0;2016-02-01;BRASPINE;RIO BOMBA;PR;CERRO AZUL;65,03;37,72;302,52;22,74;87,35;17,17;45,24;31,06;99,98;0,00;0,00;12,09
2016.0;2.0;2016-02-01;BRASPINE;RIO DO MEIO;PR;DOUTOR ULYSSES;712,33;389,13;230,56;21,62;89,59;15,81;47,86;29,13;100,00;0,00;0,00;7,70
2016.0;2.0;2016-02-01;BRASPINE;RONDON;PR;JAGUARIAIVA;2899,24;1475,88;234,61;21,28;89,08;15,59;50,04;28,73;99,89;0,00;0,00;9,72
2016.0;2.0;2016-02-01;BRASPINE;SANTA FELICIDADE;;;;;246,58;22,90;89,23;17,26;45,75;31,31;100,00;0,00;0,00;2,29
2016.0;2.0;2016-02-01;BRASPINE;SANTA LIDIA DO CERCADINHO;;;;;291,48;21,31;87,97;16,26;53,01;28,15;99,71;0,00;0,00;1,02
2016.0;2.0;2016-02-01;BRASPINE;SANTO ANTONIO;;;;;207,07;21,25;89,32;15,20;47,68;28,95;100,00;0,00;0,00;4,62
2016.0;2.0;2016-02-01;BRASPINE;SAO JOSE;PR;JANDAIA DO SUL;37,56;37,56;269,00;23,89;86,85;19,88;46,40;31,37;99,95;0,00;0,00;2,54
2016.0;2.0;2016-02-01;BRASPINE;SAO MATHEUS;;;;;181,74;25,20;85,54;20,83;48,41;32,54;99,89;0,00;0,00;1,47
2016.0;2.0;2016-02-01;BRASPINE;SAO PEDRO E SAO PAULO;PR;SAPOPEMA;709,13;323,93;287,96;22,42;87,01;18,25;49,63;29,80;99,77;0,00;0,00;0,76
2016.0;2.0;2016-02-01;BRASPINE;SAO RAFAEL;;;;;273,34;21,63;86,67;15,88;51,93;28,68;99,87;0,00;0,00;3,88
2016.0;2.0;2016-02-01;BRASPINE;SAO RAFAEL - PB;;;;;214,62;21,77;90,06;15,32;49,74;29,25;100,00;0,00;0,00;1,70
2016.0;2.0;2016-02-01;BRASPINE;SERRARIA;PR;DOUTOR ULYSSES;280,88;117,71;251,85;21,59;89,29;16,09;45,97;29,37;100,00;0,00;0,00;0,11
2016.0;2.0;2016-02-01;BRASPINE;SERRO VERDE;;;;;196,85;21,20;89,74;17,40;57,65;27,96;99,92;0,00;0,00;3,39
2016.0;2.0;2016-02-01;BRASPINE;SERTAOZINHO;PR;DOUTOR ULYSSES;16,25;16,25;230,20;21,62;89,59;15,81;47,86;29,13;100,00;0,00;0,00;7,70
2016.0;2.0;2016-02-01;BRASPINE;SITIO BASILIO;PR;JAGUARIAIVA;8,08;8,08;235,84;21,25;88,56;15,66;52,34;28,24;99,89;0,00;0,00;1,74
2016.0;2.0;2016-02-01;BRASPINE;SITIO DAS MARRECAS;PR;DOUTOR ULYSSES;77,49;35,17;253,40;22,31;89,34;16,76;46,03;30,42;100,00;0,00;0,00;5,24
2016.0;2.0;2016-02-01;BRASPINE;SOBRADINHO;SP;BOM SUCESSO DE ITARARE;285,80;123,10;208,88;21,22;89,80;14,98;48,24;28,95;100,00;14,98;0,00;1,25
2016.0;2.0;2016-02-01;BRASPINE;TAQUARAL;PR;JAGUARIAIVA;519,13;31,07;245,84;21,47;89,04;15,76;51,14;28,80;100,00;0,00;0,00;12,56
2016.0;2.0;2016-02-01;BRASPINE;TUCUNDUVA;PR;SENGES;82,21;60,89;254,42;21,88;86,79;16,21;50,95;29,36;99,87;0,00;0,00;6,88
2016.0;2.0;2016-02-01;BRASPINE;TUCUNDUVA - CHAMMA;;;;;257,38;21,88;86,92;16,26;50,06;29,47;99,88;0,00;0,00;1,53
2016.0;2.0;2016-02-01;BRASPINE;VIENA 1;PR;DOUTOR ULYSSES;263,98;178,34;258,56;21,28;89,12;15,37;48,99;29,22;100,00;0,00;0,00;1,21
2016.0;2.0;2016-02-01;BRASPINE;VIENA 2;PR;CERRO AZUL;140,23;96,54;301,79;22,74;87,35;17,17;45,24;31,06;99,98;0,00;0,00;12,09
2016.0;2.0;2016-02-01;BRASPINE;VITORIA;PR;SENGES;50,54;35,69;209,07;21,19;89,12;15,40;48,73;28,65;99,95;0,00;0,00;6,97
2016.0;2.0;2016-02-01;BRASPINE;VIVEIRO;PR;DOUTOR ULYSSES;405,39;261,22;231,29;21,62;89,59;15,81;47,86;29,13;100,00;0,00;0,00;7,70
2016.0;2.0;2016-02-01;BRASPINE;VO LINO;PR;DOUTOR ULYSSES;164,50;97,89;249,25;21,83;89,37;16,36;45,87;29,73;100,00;0,00;0,00;36,34
2016.0;2.0;2016-02-01;BRASPINE;XAXIM VELHO;;;;;140,32;20,64;90,32;15,73;56,28;27,52;100,00;0,00;0,00;116,98
2016.0;3.0;2016-03-01;BRASPINE;AGUA DOCE;PR;JAGUARIAIVA;238,97;121,99;155,05;20,00;83,62;12,72;46,23;27,64;99,92;84,98;0,00;1,05
2016.0;3.0;2016-03-01;BRASPINE;AMATA;;;;;134,57;21,67;83,70;14,16;45,20;29,72;100,00;43,87;0,00;2,50
2016.0;3.0;2016-03-01;BRASPINE;ANTA BRAVA;;;;;206,11;22,96;81,09;17,58;48,83;29,76;99,52;0,00;0,00;5,45
2016.0;3.0;2016-03-01;BRASPINE;ARAPONGAS;PR;SENGES;423,34;263,70;169,56;20,28;85,04;13,90;45,59;28,04;100,00;43,03;0,00;17,55
2016.0;3.0;2016-03-01;BRASPINE;ARROIO CLARO;PR;DOUTOR ULYSSES;275,14;92,00;153,93;20,45;85,04;14,14;45,81;28,16;100,00;43,37;0,00;3,34
2016.0;3.0;2016-03-01;BRASPINE;BARRA GRANDE;PR;DOUTOR ULYSSES;493,79;139,68;199,76;20,83;85,19;14,32;45,61;28,70;100,00;29,08;0,00;6,02
2016.0;3.0;2016-03-01;BRASPINE;BARRA GRANDE - BEMAIS;PR;GUARAPUAVA;299,16;108,61;119,71;18,90;84,55;10,93;49,11;26,55;99,99;159,79;0,00;0,69
2016.0;3.0;2016-03-01;BRASPINE;BARRETOS;PR;JAGUARIAIVA;43,35;32,98;178,27;20,17;84,49;13,40;46,15;28,00;99,98;57,07;0,00;3,49
2016.0;3.0;2016-03-01;BRASPINE;BAU;;;;;162,57;18,75;84,71;9,92;50,96;26,27;99,89;154,93;0,00;0,60
2016.0;3.0;2016-03-01;BRASPINE;BOA VISTA II;PR;PIRAI DO SUL;944,00;535,05;181,16;20,09;83,99;12,77;46,31;27,88;99,97;70,49;0,00;5,72
2016.0;3.0;2016-03-01;BRASPINE;BRASILEIRA;;;;;181,55;20,28;85,04;13,90;45,59;28,04;100,00;43,03;0,00;17,55
2016.0;3.0;2016-03-01;BRASPINE;BURACAO;;;;;147,48;20,01;83,41;13,31;47,60;27,87;99,84;70,53;0,00;5,48
2016.0;3.0;2016-03-01;BRASPINE;BURRINHO;PR;DOUTOR ULYSSES;211,01;100,37;156,51;20,45;85,04;14,14;45,81;28,16;100,00;43,37;0,00;3,34
2016.0;3.0;2016-03-01;BRASPINE;CADEADO I;PR;JAGUARIAIVA;21,07;12,29;164,42;20,05;84,69;13,55;45,66;27,81;100,00;42,10;0,00;0,59
2016.0;3.0;2016-03-01;BRASPINE;CADEADO II;PR;JAGUARIAIVA;21,88;16,79;164,42;20,05;84,69;13,55;45,66;27,81;100,00;42,10;0,00;0,59
2016.0;3.0;2016-03-01;BRASPINE;CAMPINA ALTA;PR;TIBAGI;29,77;18,24;142,41;20,42;83,32;11,53;49,15;28,00;99,99;110,24;0,00;0,83
2016.0;3.0;2016-03-01;BRASPINE;CAMPINA DO ELIAS;PR;JAGUARIAIVA;29,17;14,65;182,57;20,13;84,56;13,46;45,97;27,93;99,99;42,12;0,00;2,51
2016.0;3.0;2016-03-01;BRASPINE;CAMPO NOVO;PR;JAGUARIAIVA;295,98;156,36;171,68;20,05;84,69;13,55;45,66;27,81;100,00;42,10;0,00;0,59
2016.0;3.0;2016-03-01;BRASPINE;CONSULTORIA II A;PR;DOUTOR ULYSSES;89,62;60,79;180,95;20,28;85,04;13,90;45,59;28,04;100,00;43,03;0,00;17,55
2016.0;3.0;2016-03-01;BRASPINE;DINIZ;;;;;176,60;20,28;85,04;13,90;45,59;28,04;100,00;43,03;0,00;17,55
2016.0;3.0;2016-03-01;BRASPINE;ENES;PR;JAGUARIAIVA;5,93;5,69;172,00;20,05;84,69;13,55;45,66;27,81;100,00;42,10;0,00;0,59
2016.0;3.0;2016-03-01;BRASPINE;ENGENHARIA;;;;;176,60;20,28;85,04;13,90;45,59;28,04;100,00;43,03;0,00;17,55
2016.0;3.0;2016-03-01;BRASPINE;ESTACAO;PR;SENGES;4,76;4,14;165,81;20,05;84,69;13,55;45,66;27,81;100,00;42,10;0,00;0,59
2016.0;3.0;2016-03-01;BRASPINE;FAXINAL;PR;JAGUARIAIVA;20,65;20,65;172,00;20,05;84,69;13,55;45,66;27,81;100,00;42,10;0,00;0,59
2016.0;3.0;2016-03-01;BRASPINE;FEITAL;PR;DOUTOR ULYSSES;154,17;86,53;188,74;20,46;85,09;14,04;45,60;28,26;100,00;28,49;0,00;13,64
2016.0;3.0;2016-03-01;BRASPINE;FIGUEIRA;PR;DOUTOR ULYSSES;1053,81;315,71;187,17;20,45;85,04;14,14;45,81;28,16;100,00;43,37;0,00;3,34
2016.0;3.0;2016-03-01;BRASPINE;FIGUEIRINHA;PR;DOUTOR ULYSSES;94,37;56,74;194,14;20,45;85,04;14,14;45,81;28,16;100,00;43,37;0,00;3,34
2016.0;3.0;2016-03-01;BRASPINE;FLOEMA;PR;DOUTOR ULYSSES;2189,88;701,43;192,95;19,91;84,82;13,49;45,79;27,56;100,00;56,42;0,00;4,98
2016.0;3.0;2016-03-01;BRASPINE;FLOEMA I - SUDATI;;;;;167,26;20,28;85,04;13,90;45,59;28,04;100,00;43,03;0,00;17,55
2016.0;3.0;2016-03-01;BRASPINE;FLOEMA II - SUDATI;PR;DOUTOR ULYSSES;453,83;211,13;176,44;20,28;85,04;13,90;45,59;28,04;100,00;43,03;0,00;17,55
2016.0;3.0;2016-03-01;BRASPINE;FLOR DA SERRA;PR;SAO JOSE DA BOA VISTA;209,10;128,72;194,46;21,85;79,11;15,31;44,48;29,32;99,53;0,00;0,00;9,85
2016.0;3.0;2016-03-01;BRASPINE;GENTIL;PR;JAGUARIAIVA;126,77;53,33;151,41;19,69;83,55;12,59;46,44;27,14;99,84;98,05;0,00;4,57
2016.0;3.0;2016-03-01;BRASPINE;GUAIRACA;PR;GUARAPUAVA;623,62;169,31;129,40;19,04;84,61;10,12;50,89;26,82;99,99;160,30;0,00;1,96
2016.0;3.0;2016-03-01;BRASPINE;HERVAL 2 - MADALOSSO;;;;;138,61;20,01;83,41;13,31;47,60;27,87;99,84;70,53;0,00;5,48
2016.0;3.0;2016-03-01;BRASPINE;HERVAL DE BAIXO;PR;RESERVA;827,29;475,92;141,12;20,37;83,50;11,39;49,28;27,97;99,97;108,29;0,00;2,14
2016.0;3.0;2016-03-01;BRASPINE;HORTO 01;PR;TURVO;19,12;19,12;137,53;19,51;84,74;10,51;50,85;27,41;99,80;131,35;0,00;0,14
2016.0;3.0;2016-03-01;BRASPINE;HORTO 02;PR;TURVO;4,24;4,24;141,50;19,51;84,74;10,51;50,85;27,41;99,80;131,35;0,00;0,14
2016.0;3.0;2016-03-01;BRASPINE;HORTO 03;PR;PRUDENTOPOLIS;80,91;25,89;123,90;20,01;84,11;10,68;49,42;28,02;99,88;106,28;0,00;2,35
2016.0;3.0;2016-03-01;BRASPINE;HORTO 08;PR;TURVO;9,53;9,53;151,27;20,01;84,11;10,68;49,42;28,02;99,88;106,28;0,00;2,35
2016.0;3.0;2016-03-01;BRASPINE;HORTO 12;PR;PRUDENTOPOLIS;12,20;12,20;119,83;20,01;84,11;10,68;49,42;28,02;99,88;106,28;0,00;2,35
2016.0;3.0;2016-03-01;BRASPINE;IZAU;PR;PIRAI DO SUL;19,37;11,60;154,63;19,73;83,82;12,85;45,99;27,28;99,91;99,06;0,00;7,00
2016.0;3.0;2016-03-01;BRASPINE;JOAO RICO;PR;JAGUARIAIVA;47,46;26,18;154,21;20,00;83,62;12,72;46,23;27,64;99,92;84,98;0,00;1,05
2016.0;3.0;2016-03-01;BRASPINE;LAGOA;PR;JAGUARIAIVA;24,10;10,78;163,16;20,05;84,69;13,55;45,66;27,81;100,00;42,10;0,00;0,59
2016.0;3.0;2016-03-01;BRASPINE;MARACANA;PR;JANDAIA DO SUL;11,45;11,45;117,32;22,07;79,29;14,42;43,01;29,84;100,00;29,17;0,00;5,59
2016.0;3.0;2016-03-01;BRASPINE;MARRECA;;;;;193,89;20,45;85,04;14,14;45,81;28,16;100,00;43,37;0,00;3,34
2016.0;3.0;2016-03-01;BRASPINE;MARRECA SP;SP;ITAPIRAPUA PAULISTA;675,30;236,19;184,98;21,21;84,99;14,28;45,95;29,09;100,00;29,08;0,00;1,71
2016.0;3.0;2016-03-01;BRASPINE;MARRECAS;;;;;124,90;18,38;84,97;10,36;49,73;25,95;100,00;169,51;0,00;8,07
2016.0;3.0;2016-03-01;BRASPINE;MERCADINHO;;;;;152,73;20,99;84,35;13,92;45,31;28,88;100,00;28,54;0,00;1,37
2016.0;3.0;2016-03-01;BRASPINE;MONTE ALEGRE;;;;;126,04;22,50;78,67;14,82;43,73;30,26;99,96;14,82;0,00;2,43
2016.0;3.0;2016-03-01;BRASPINE;MONTE TABOR II;;;;;182,49;20,70;86,04;14,23;47,21;27,90;100,00;29,15;0,00;11,36
2016.0;3.0;2016-03-01;BRASPINE;MOREIRA;PR;DOUTOR ULYSSES;230,52;68,68;176,44;20,28;85,04;13,90;45,59;28,04;100,00;43,03;0,00;17,55
2016.0;3.0;2016-03-01;BRASPINE;MOREIRAS II;PR;DOUTOR ULYSSES;66,76;28,75;181,62;20,28;85,04;13,90;45,59;28,04;100,00;43,03;0,00;17,55
2016.0;3.0;2016-03-01;BRASPINE;MORRETES;PR;ORTIGUEIRA;20,36;20,36;144,77;20,82;83,21;11,74;49,29;28,62;99,95;95,48;0,00;0,22
2016.0;3.0;2016-03-01;BRASPINE;MORRO AZUL;;;;;155,74;20,61;85,44;14,49;44,04;28,62;100,00;29,12;0,00;0,96
2016.0;3.0;2016-03-01;BRASPINE;OURO FINO;SP;APIAI;51,70;51,70;173,69;20,47;86,06;14,69;44,48;28,10;100,00;29,45;0,00;0,06
2016.0;3.0;2016-03-01;BRASPINE;PALMEIRINHA DE BAIXO - SOSSEGO;PR;SENGES;85,93;9,22;160,00;19,89;84,28;14,06;43,94;27,65;99,89;42,84;0,00;6,61
2016.0;3.0;2016-03-01;BRASPINE;PAZIN;PR;DOUTOR ULYSSES;41,20;23,90;199,14;20,45;85,04;14,14;45,81;28,16;100,00;43,37;0,00;3,34
2016.0;3.0;2016-03-01;BRASPINE;PEDRAS;PR;CASTRO;7,18;7,18;166,10;19,72;84,29;12,71;47,61;27,26;99,73;112,93;0,00;2,60
2016.0;3.0;2016-03-01;BRASPINE;PESCARIA;PR;SAO JOSE DA BOA VISTA;184,57;129,22;203,52;22,02;78,88;15,80;44,00;29,57;99,52;0,00;0,00;1,12
2016.0;3.0;2016-03-01;BRASPINE;PESSEGUEIRO;PR;DOUTOR ULYSSES;109,95;64,79;164,60;20,28;85,04;13,90;45,59;28,04;100,00;43,03;0,00;17,55
2016.0;3.0;2016-03-01;BRASPINE;PITANGA;;;;;172,67;19,42;83,84;10,15;49,57;27,11;99,88;144,45;0,00;2,47
2016.0;3.0;2016-03-01;BRASPINE;QUEIMADINHO ARROIO CLARO;PR;DOUTOR ULYSSES;48,13;19,09;181,55;20,28;85,04;13,90;45,59;28,04;100,00;43,03;0,00;17,55
2016.0;3.0;2016-03-01;BRASPINE;QUEIMADINHO M6042;PR;DOUTOR ULYSSES;48,38;18,50;181,55;20,28;85,04;13,90;45,59;28,04;100,00;43,03;0,00;17,55
2016.0;3.0;2016-03-01;BRASPINE;QUEIMADINHO USUCAPIAO;PR;DOUTOR ULYSSES;200,27;92,43;181,55;20,28;85,04;13,90;45,59;28,04;100,00;43,03;0,00;17,55
2016.0;3.0;2016-03-01;BRASPINE;RAMOS;PR;SENGES;69,83;38,15;167,26;20,05;84,69;13,55;45,66;27,81;100,00;42,10;0,00;0,59
2016.0;3.0;2016-03-01;BRASPINE;RIBEIRAO GRANDE;PR;JAGUARIAIVA;20,77;20,77;150,80;19,73;83,82;12,85;45,99;27,28;99,91;99,06;0,00;7,00
2016.0;3.0;2016-03-01;BRASPINE;RINCAO DE BAIXO;;;;;162,40;20,01;81,94;12,13;46,94;27,39;99,76;94,40;0,00;1,39
2016.0;3.0;2016-03-01;BRASPINE;RIO BOMBA;PR;CERRO AZUL;65,03;37,72;146,14;21,22;83,60;13,92;45,34;29,31;99,97;42,81;0,00;4,26
2016.0;3.0;2016-03-01;BRASPINE;RIO DO MEIO;PR;DOUTOR ULYSSES;712,33;389,13;181,59;20,28;85,04;13,90;45,59;28,04;100,00;43,03;0,00;17,55
2016.0;3.0;2016-03-01;BRASPINE;RONDON;PR;JAGUARIAIVA;2899,24;1475,88;160,32;19,91;84,28;13,37;45,15;27,63;99,89;71,54;0,00;16,21
2016.0;3.0;2016-03-01;BRASPINE;SANTA FELICIDADE;;;;;231,14;21,66;84,99;14,72;45,54;29,72;100,00;29,48;0,00;1,52
2016.0;3.0;2016-03-01;BRASPINE;SANTA LIDIA DO CERCADINHO;;;;;156,66;19,69;82,05;12,18;46,83;26,91;99,72;123,15;0,00;0,90
2016.0;3.0;2016-03-01;BRASPINE;SANTO ANTONIO;;;;;160,76;19,98;84,57;13,98;43,19;27,83;100,00;42,94;0,00;1,58
2016.0;3.0;2016-03-01;BRASPINE;SAO JOSE;PR;JANDAIA DO SUL;37,56;37,56;125,22;22,36;78,79;14,73;43,61;30,10;99,99;14,73;0,00;1,58
2016.0;3.0;2016-03-01;BRASPINE;SAO MATHEUS;;;;;149,01;23,44;78,73;14,79;45,81;31,50;99,94;14,79;0,00;0,01
2016.0;3.0;2016-03-01;BRASPINE;SAO PEDRO E SAO PAULO;PR;SAPOPEMA;709,13;323,93;120,92;20,97;80,25;14,01;45,36;28,54;99,58;57,43;0,00;0,10
2016.0;3.0;2016-03-01;BRASPINE;SAO RAFAEL;;;;;105,80;19,68;83,57;11,69;49,69;27,36;99,70;93,77;0,00;1,53
2016.0;3.0;2016-03-01;BRASPINE;SAO RAFAEL - PB;;;;;191,59;20,57;85,88;14,79;44,17;28,31;100,00;14,79;0,00;2,81
2016.0;3.0;2016-03-01;BRASPINE;SERRARIA;PR;DOUTOR ULYSSES;280,88;117,71;191,57;20,18;84,93;13,82;45,80;27,86;100,00;42,46;0,00;4,18
2016.0;3.0;2016-03-01;BRASPINE;SERRO VERDE;;;;;169,89;18,99;84,11;10,72;50,98;26,58;99,92;155,89;0,00;5,13
2016.0;3.0;2016-03-01;BRASPINE;SERTAOZINHO;PR;DOUTOR ULYSSES;16,25;16,25;178,41;20,28;85,04;13,90;45,59;28,04;100,00;43,03;0,00;17,55
2016.0;3.0;2016-03-01;BRASPINE;SITIO BASILIO;PR;JAGUARIAIVA;8,08;8,08;154,81;19,76;83,48;12,54;46,52;27,23;99,84;83,15;0,00;2,95
2016.0;3.0;2016-03-01;BRASPINE;SITIO DAS MARRECAS;PR;DOUTOR ULYSSES;77,49;35,17;206,95;20,99;85,00;14,24;45,91;28,80;100,00;28,94;0,00;2,19
2016.0;3.0;2016-03-01;BRASPINE;SOBRADINHO;SP;BOM SUCESSO DE ITARARE;285,80;123,10;165,23;19,98;85,33;14,30;43,07;27,82;100,00;43,53;0,00;6,23
2016.0;3.0;2016-03-01;BRASPINE;TAQUARAL;PR;JAGUARIAIVA;519,13;31,07;166,73;20,06;84,10;12,90;46,01;27,79;100,00;70,93;0,00;1,31
2016.0;3.0;2016-03-01;BRASPINE;TUCUNDUVA;PR;SENGES;82,21;60,89;184,73;20,50;81,57;13,91;44,60;27,86;99,60;57,60;0,00;4,32
2016.0;3.0;2016-03-01;BRASPINE;TUCUNDUVA - CHAMMA;;;;;189,29;20,57;81,80;14,58;44,49;27,98;99,60;29,40;0,00;3,18
2016.0;3.0;2016-03-01;BRASPINE;VIENA 1;PR;DOUTOR ULYSSES;263,98;178,34;183,57;19,77;84,64;13,17;46,93;27,36;100,00;55,65;0,00;6,88
2016.0;3.0;2016-03-01;BRASPINE;VIENA 2;PR;CERRO AZUL;140,23;96,54;146,27;21,22;83,60;13,92;45,34;29,31;99,97;42,81;0,00;4,26
2016.0;3.0;2016-03-01;BRASPINE;VITORIA;PR;SENGES;50,54;35,69;160,00;19,89;84,28;14,06;43,94;27,65;99,89;42,84;0,00;6,61
2016.0;3.0;2016-03-01;BRASPINE;VIVEIRO;PR;DOUTOR ULYSSES;405,39;261,22;181,62;20,28;85,04;13,90;45,59;28,04;100,00;43,03;0,00;17,55
2016.0;3.0;2016-03-01;BRASPINE;VO LINO;PR;DOUTOR ULYSSES;164,50;97,89;178,81;20,45;85,04;14,14;45,81;28,16;100,00;43,37;0,00;3,34
2016.0;3.0;2016-03-01;BRASPINE;XAXIM VELHO;;;;;117,03;18,52;85,19;9,49;50,35;26,35;100,00;152,41;0,00;1,34
2016.0;4.0;2016-04-01;BRASPINE;AGUA DOCE;PR;JAGUARIAIVA;238,97;121,99;47,92;20,93;73,90;5,36;40,09;29,55;99,69;30,31;0,00;11,05
2016.0;4.0;2016-04-01;BRASPINE;AMATA;;;;;128,45;22,33;77,03;6,56;36,37;31,75;99,97;34,92;0,00;2,69
2016.0;4.0;2016-04-01;BRASPINE;ANTA BRAVA;;;;;53,34;24,00;69,63;10,44;32,08;31,81;97,02;48,47;0,00;13,84
2016.0;4.0;2016-04-01;BRASPINE;ARAPONGAS;PR;SENGES;423,34;263,70;57,95;20,88;77,86;5,92;38,60;29,98;100,00;30,99;0,00;53,37
2016.0;4.0;2016-04-01;BRASPINE;ARROIO CLARO;PR;DOUTOR ULYSSES;275,14;92,00;83,76;20,93;78,78;5,88;38,10;30,23;100,00;31,29;0,00;0,49
2016.0;4.0;2016-04-01;BRASPINE;BARRA GRANDE;PR;DOUTOR ULYSSES;493,79;139,68;70,61;21,43;78,38;6,17;37,66;30,68;100,00;32,43;0,00;3,43
2016.0;4.0;2016-04-01;BRASPINE;BARRA GRANDE - BEMAIS;PR;GUARAPUAVA;299,16;108,61;90,39;19,51;79,00;3,90;40,14;28,22;99,98;32,01;3,90;3,52
2016.0;4.0;2016-04-01;BRASPINE;BARRETOS;PR;JAGUARIAIVA;43,35;32,98;57,20;20,99;76,41;5,52;39,45;29,99;99,93;30,26;0,00;13,35
2016.0;4.0;2016-04-01;BRASPINE;BAU;;;;;74,62;19,58;77,48;3,36;45,59;28,21;99,91;27,95;8,04;3,98
2016.0;4.0;2016-04-01;BRASPINE;BOA VISTA II;PR;PIRAI DO SUL;944,00;535,05;54,81;20,96;75,23;5,16;40,02;29,87;99,83;44,06;0,00;0,64
2016.0;4.0;2016-04-01;BRASPINE;BRASILEIRA;;;;;65,58;20,88;77,86;5,92;38,60;29,98;100,00;30,99;0,00;53,37
2016.0;4.0;2016-04-01;BRASPINE;BURACAO;;;;;105,11;20,48;77,48;5,23;41,10;29,49;99,87;39,49;0,00;7,60
2016.0;4.0;2016-04-01;BRASPINE;BURRINHO;PR;DOUTOR ULYSSES;211,01;100,37;81,97;20,93;78,78;5,88;38,10;30,23;100,00;31,29;0,00;0,49
2016.0;4.0;2016-04-01;BRASPINE;CADEADO I;PR;JAGUARIAIVA;21,07;12,29;46,11;20,71;77,26;5,74;39,40;29,73;99,99;30,43;0,00;11,26
2016.0;4.0;2016-04-01;BRASPINE;CADEADO II;PR;JAGUARIAIVA;21,88;16,79;46,11;20,71;77,26;5,74;39,40;29,73;99,99;30,43;0,00;11,26
2016.0;4.0;2016-04-01;BRASPINE;CAMPINA ALTA;PR;TIBAGI;29,77;18,24;96,16;21,30;74,70;5,31;38,61;30,40;99,88;40,38;0,00;0,01
2016.0;4.0;2016-04-01;BRASPINE;CAMPINA DO ELIAS;PR;JAGUARIAIVA;29,17;14,65;57,43;20,89;76,72;5,60;39,43;29,89;99,88;30,32;0,00;12,64
2016.0;4.0;2016-04-01;BRASPINE;CAMPO NOVO;PR;JAGUARIAIVA;295,98;156,36;59,58;20,71;77,26;5,74;39,40;29,73;99,99;30,43;0,00;11,26
2016.0;4.0;2016-04-01;BRASPINE;CONSULTORIA II A;PR;DOUTOR ULYSSES;89,62;60,79;61,24;20,88;77,86;5,92;38,60;29,98;100,00;30,99;0,00;53,37
2016.0;4.0;2016-04-01;BRASPINE;DINIZ;;;;;67,21;20,88;77,86;5,92;38,60;29,98;100,00;30,99;0,00;53,37
2016.0;4.0;2016-04-01;BRASPINE;ENES;PR;JAGUARIAIVA;5,93;5,69;59,73;20,71;77,26;5,74;39,40;29,73;99,99;30,43;0,00;11,26
2016.0;4.0;2016-04-01;BRASPINE;ENGENHARIA;;;;;67,21;20,88;77,86;5,92;38,60;29,98;100,00;30,99;0,00;53,37
2016.0;4.0;2016-04-01;BRASPINE;ESTACAO;PR;SENGES;4,76;4,14;51,47;20,71;77,26;5,74;39,40;29,73;99,99;30,43;0,00;11,26
2016.0;4.0;2016-04-01;BRASPINE;FAXINAL;PR;JAGUARIAIVA;20,65;20,65;59,73;20,71;77,26;5,74;39,40;29,73;99,99;30,43;0,00;11,26
2016.0;4.0;2016-04-01;BRASPINE;FEITAL;PR;DOUTOR ULYSSES;154,17;86,53;63,76;21,06;78,04;6,00;38,29;30,21;100,00;31,47;0,00;6,98
2016.0;4.0;2016-04-01;BRASPINE;FIGUEIRA;PR;DOUTOR ULYSSES;1053,81;315,71;60,33;20,93;78,78;5,88;38,10;30,23;100,00;31,29;0,00;0,49
2016.0;4.0;2016-04-01;BRASPINE;FIGUEIRINHA;PR;DOUTOR ULYSSES;94,37;56,74;71,03;20,93;78,78;5,88;38,10;30,23;100,00;31,29;0,00;0,49
2016.0;4.0;2016-04-01;BRASPINE;FLOEMA;PR;DOUTOR ULYSSES;2189,88;701,43;61,60;20,39;78,19;5,57;39,25;29,54;99,99;29,41;0,00;0,49
2016.0;4.0;2016-04-01;BRASPINE;FLOEMA I - SUDATI;;;;;50,11;20,88;77,86;5,92;38,60;29,98;100,00;30,99;0,00;53,37
2016.0;4.0;2016-04-01;BRASPINE;FLOEMA II - SUDATI;PR;DOUTOR ULYSSES;453,83;211,13;59,87;20,88;77,86;5,92;38,60;29,98;100,00;30,99;0,00;53,37
2016.0;4.0;2016-04-01;BRASPINE;FLOR DA SERRA;PR;SAO JOSE DA BOA VISTA;209,10;128,72;58,00;22,99;67,76;7,94;32,49;31,13;98,55;39,18;0,00;346,34
2016.0;4.0;2016-04-01;BRASPINE;GENTIL;PR;JAGUARIAIVA;126,77;53,33;49,10;20,59;73,88;4,98;40,64;29,09;99,47;43,25;4,98;10,80
2016.0;4.0;2016-04-01;BRASPINE;GUAIRACA;PR;GUARAPUAVA;623,62;169,31;84,92;19,64;79,28;3,88;40,81;28,44;99,98;31,90;3,88;12,55
2016.0;4.0;2016-04-01;BRASPINE;HERVAL 2 - MADALOSSO;;;;;101,97;20,48;77,48;5,23;41,10;29,49;99,87;39,49;0,00;7,60
2016.0;4.0;2016-04-01;BRASPINE;HERVAL DE BAIXO;PR;RESERVA;827,29;475,92;102,75;21,09;76,08;4,70;39,07;30,28;99,77;38,37;4,70;1,01
2016.0;4.0;2016-04-01;BRASPINE;HORTO 01;PR;TURVO;19,12;19,12;84,61;20,23;78,29;4,01;43,42;28,90;99,71;32,96;4,01;1,42
2016.0;4.0;2016-04-01;BRASPINE;HORTO 02;PR;TURVO;4,24;4,24;80,25;20,23;78,29;4,01;43,42;28,90;99,71;32,96;4,01;1,42
2016.0;4.0;2016-04-01;BRASPINE;HORTO 03;PR;PRUDENTOPOLIS;80,91;25,89;96,69;20,74;78,02;4,35;40,86;29,56;99,88;35,83;4,35;3,38
2016.0;4.0;2016-04-01;BRASPINE;HORTO 08;PR;TURVO;9,53;9,53;65,14;20,74;78,02;4,35;40,86;29,56;99,88;35,83;4,35;3,38
2016.0;4.0;2016-04-01;BRASPINE;HORTO 12;PR;PRUDENTOPOLIS;12,20;12,20;97,71;20,74;78,02;4,35;40,86;29,56;99,88;35,83;4,35;3,38
2016.0;4.0;2016-04-01;BRASPINE;IZAU;PR;PIRAI DO SUL;19,37;11,60;46,37;20,66;74,68;4,87;40,37;29,29;99,52;42,13;4,87;2,38
2016.0;4.0;2016-04-01;BRASPINE;JOAO RICO;PR;JAGUARIAIVA;47,46;26,18;49,85;20,93;73,90;5,36;40,09;29,55;99,69;30,31;0,00;11,05
2016.0;4.0;2016-04-01;BRASPINE;LAGOA;PR;JAGUARIAIVA;24,10;10,78;52,36;20,71;77,26;5,74;39,40;29,73;99,99;30,43;0,00;11,26
2016.0;4.0;2016-04-01;BRASPINE;MARACANA;PR;JANDAIA DO SUL;11,45;11,45;70,01;23,77;62,13;6,55;29,26;32,60;99,96;45,54;0,00;1,66
2016.0;4.0;2016-04-01;BRASPINE;MARRECA;;;;;58,37;20,93;78,78;5,88;38,10;30,23;100,00;31,29;0,00;0,49
2016.0;4.0;2016-04-01;BRASPINE;MARRECA SP;SP;ITAPIRAPUA PAULISTA;675,30;236,19;91,68;21,73;78,99;6,36;36,98;31,17;100,00;33,15;0,00;0,38
2016.0;4.0;2016-04-01;BRASPINE;MARRECAS;;;;;84,74;18,95;79,57;3,52;40,08;27,70;100,00;29,29;3,52;2,49
2016.0;4.0;2016-04-01;BRASPINE;MERCADINHO;;;;;92,30;21,52;78,25;6,24;36,73;30,96;99,95;32,48;0,00;3,88
2016.0;4.0;2016-04-01;BRASPINE;MONTE ALEGRE;;;;;72,24;24,09;62,74;6,94;29,71;32,85;99,76;46,92;0,00;1,38
2016.0;4.0;2016-04-01;BRASPINE;MONTE TABOR II;;;;;49,71;20,99;79,70;5,53;37,08;29,89;99,97;31,41;0,00;2,21
2016.0;4.0;2016-04-01;BRASPINE;MOREIRA;PR;DOUTOR ULYSSES;230,52;68,68;59,87;20,88;77,86;5,92;38,60;29,98;100,00;30,99;0,00;53,37
2016.0;4.0;2016-04-01;BRASPINE;MOREIRAS II;PR;DOUTOR ULYSSES;66,76;28,75;61,44;20,88;77,86;5,92;38,60;29,98;100,00;30,99;0,00;53,37
2016.0;4.0;2016-04-01;BRASPINE;MORRETES;PR;ORTIGUEIRA;20,36;20,36;101,99;21,52;76,05;4,51;37,85;31,00;99,69;38,65;4,51;4,10
2016.0;4.0;2016-04-01;BRASPINE;MORRO AZUL;;;;;57,32;21,29;77,78;6,22;37,97;30,36;100,00;32,34;0,00;326,05
2016.0;4.0;2016-04-01;BRASPINE;OURO FINO;SP;APIAI;51,70;51,70;52,91;20,99;78,69;5,67;38,31;29,65;99,93;31,75;0,00;2,80
2016.0;4.0;2016-04-01;BRASPINE;PALMEIRINHA DE BAIXO - SOSSEGO;PR;SENGES;85,93;9,22;54,92;20,78;74,45;6,04;38,60;29,30;99,84;31,19;0,00;13,19
2016.0;4.0;2016-04-01;BRASPINE;PAZIN;PR;DOUTOR ULYSSES;41,20;23,90;62,28;20,93;78,78;5,88;38,10;30,23;100,00;31,29;0,00;0,49
2016.0;4.0;2016-04-01;BRASPINE;PEDRAS;PR;CASTRO;7,18;7,18;50,26;20,47;76,30;4,43;42,76;29,18;99,72;39,76;4,43;1,73
2016.0;4.0;2016-04-01;BRASPINE;PESCARIA;PR;SAO JOSE DA BOA VISTA;184,57;129,22;58,00;23,25;67,56;8,27;31,69;31,55;98,85;39,78;0,00;3,15
2016.0;4.0;2016-04-01;BRASPINE;PESSEGUEIRO;PR;DOUTOR ULYSSES;109,95;64,79;57,04;20,88;77,86;5,92;38,60;29,98;100,00;30,99;0,00;53,37
2016.0;4.0;2016-04-01;BRASPINE;PITANGA;;;;;79,25;20,47;74,79;4,02;42,52;29,27;99,82;30,91;4,02;2,75
2016.0;4.0;2016-04-01;BRASPINE;QUEIMADINHO ARROIO CLARO;PR;DOUTOR ULYSSES;48,13;19,09;65,58;20,88;77,86;5,92;38,60;29,98;100,00;30,99;0,00;53,37
2016.0;4.0;2016-04-01;BRASPINE;QUEIMADINHO M6042;PR;DOUTOR ULYSSES;48,38;18,50;65,58;20,88;77,86;5,92;38,60;29,98;100,00;30,99;0,00;53,37
2016.0;4.0;2016-04-01;BRASPINE;QUEIMADINHO USUCAPIAO;PR;DOUTOR ULYSSES;200,27;92,43;65,58;20,88;77,86;5,92;38,60;29,98;100,00;30,99;0,00;53,37
2016.0;4.0;2016-04-01;BRASPINE;RAMOS;PR;SENGES;69,83;38,15;50,11;20,71;77,26;5,74;39,40;29,73;99,99;30,43;0,00;11,26
2016.0;4.0;2016-04-01;BRASPINE;RIBEIRAO GRANDE;PR;JAGUARIAIVA;20,77;20,77;44,64;20,66;74,68;4,87;40,37;29,29;99,52;42,13;4,87;2,38
2016.0;4.0;2016-04-01;BRASPINE;RINCAO DE BAIXO;;;;;86,75;20,88;72,40;4,90;37,80;29,40;99,54;41,21;4,90;6,24
2016.0;4.0;2016-04-01;BRASPINE;RIO BOMBA;PR;CERRO AZUL;65,03;37,72;106,18;21,75;77,24;6,49;36,63;31,17;99,91;33,58;0,00;5,68
2016.0;4.0;2016-04-01;BRASPINE;RIO DO MEIO;PR;DOUTOR ULYSSES;712,33;389,13;62,54;20,88;77,86;5,92;38,60;29,98;100,00;30,99;0,00;53,37
2016.0;4.0;2016-04-01;BRASPINE;RONDON;PR;JAGUARIAIVA;2899,24;1475,88;44,34;20,74;75,08;5,85;39,60;29,37;99,86;30,90;0,00;4,82
2016.0;4.0;2016-04-01;BRASPINE;SANTA FELICIDADE;;;;;56,99;22,16;79,22;6,55;35,82;31,95;99,92;34,68;0,00;0,02
2016.0;4.0;2016-04-01;BRASPINE;SANTA LIDIA DO CERCADINHO;;;;;93,45;20,54;72,30;4,78;38,31;28,85;99,54;40,88;4,78;5,87
2016.0;4.0;2016-04-01;BRASPINE;SANTO ANTONIO;;;;;56,99;20,80;75,12;6,07;38,62;29,46;100,00;31,31;0,00;12,71
2016.0;4.0;2016-04-01;BRASPINE;SAO JOSE;PR;JANDAIA DO SUL;37,56;37,56;71,93;23,95;62,66;6,85;29,77;32,67;99,82;46,51;0,00;3,01
2016.0;4.0;2016-04-01;BRASPINE;SAO MATHEUS;;;;;69,33;24,81;65,21;7,60;31,75;33,83;99,63;49,58;0,00;4,38
2016.0;4.0;2016-04-01;BRASPINE;SAO PEDRO E SAO PAULO;PR;SAPOPEMA;709,13;323,93;72,02;22,11;67,65;6,64;32,39;30,26;99,35;47,27;0,00;0,79
2016.0;4.0;2016-04-01;BRASPINE;SAO RAFAEL;;;;;103,93;20,34;78,39;4,72;41,56;28,86;99,71;34,87;4,72;6,51
2016.0;4.0;2016-04-01;BRASPINE;SAO RAFAEL - PB;;;;;54,56;21,14;78,43;5,97;37,92;29,92;99,96;32,27;0,00;5,95
2016.0;4.0;2016-04-01;BRASPINE;SERRARIA;PR;DOUTOR ULYSSES;280,88;117,71;61,35;20,66;78,49;5,72;38,68;29,88;99,99;30,36;0,00;0,49
2016.0;4.0;2016-04-01;BRASPINE;SERRO VERDE;;;;;74,77;19,88;76,56;3,49;43,81;28,67;99,92;28,01;8,37;2,50
2016.0;4.0;2016-04-01;BRASPINE;SERTAOZINHO;PR;DOUTOR ULYSSES;16,25;16,25;66,27;20,88;77,86;5,92;38,60;29,98;100,00;30,99;0,00;53,37
2016.0;4.0;2016-04-01;BRASPINE;SITIO BASILIO;PR;JAGUARIAIVA;8,08;8,08;47,36;20,66;73,63;5,12;40,57;29,15;99,51;44,20;0,00;12,32
2016.0;4.0;2016-04-01;BRASPINE;SITIO DAS MARRECAS;PR;DOUTOR ULYSSES;77,49;35,17;67,23;21,50;78,93;6,22;37,30;30,90;100,00;32,62;0,00;0,41
2016.0;4.0;2016-04-01;BRASPINE;SOBRADINHO;SP;BOM SUCESSO DE ITARARE;285,80;123,10;53,35;20,69;76,54;6,12;39,28;29,33;100,00;31,25;0,00;7,64
2016.0;4.0;2016-04-01;BRASPINE;TAQUARAL;PR;JAGUARIAIVA;519,13;31,07;51,70;20,94;74,77;5,64;40,32;29,63;99,88;30,97;0,00;8,82
2016.0;4.0;2016-04-01;BRASPINE;TUCUNDUVA;PR;SENGES;82,21;60,89;51,12;21,54;70,51;6,65;36,33;29,77;99,24;33,73;0,00;4,00
2016.0;4.0;2016-04-01;BRASPINE;TUCUNDUVA - CHAMMA;;;;;48,85;21,61;71,08;6,81;36,30;29,77;99,19;34,10;0,00;1,90
2016.0;4.0;2016-04-01;BRASPINE;VIENA 1;PR;DOUTOR ULYSSES;263,98;178,34;68,98;20,37;77,26;5,30;40,72;29,30;100,00;28,40;0,00;0,39
2016.0;4.0;2016-04-01;BRASPINE;VIENA 2;PR;CERRO AZUL;140,23;96,54;106,12;21,75;77,24;6,49;36,63;31,17;99,91;33,58;0,00;5,68
2016.0;4.0;2016-04-01;BRASPINE;VITORIA;PR;SENGES;50,54;35,69;54,92;20,78;74,45;6,04;38,60;29,30;99,84;31,19;0,00;13,19
2016.0;4.0;2016-04-01;BRASPINE;VIVEIRO;PR;DOUTOR ULYSSES;405,39;261,22;61,44;20,88;77,86;5,92;38,60;29,98;100,00;30,99;0,00;53,37
2016.0;4.0;2016-04-01;BRASPINE;VO LINO;PR;DOUTOR ULYSSES;164,50;97,89;66,58;20,93;78,78;5,88;38,10;30,23;100,00;31,29;0,00;0,49
2016.0;4.0;2016-04-01;BRASPINE;XAXIM VELHO;;;;;101,01;19,06;80,31;3,48;42,20;28,04;100,00;42,96;13,18;6,05
2016.0;5.0;2016-05-01;BRASPINE;AGUA DOCE;PR;JAGUARIAIVA;238,97;121,99;146,44;14,79;86,29;4,16;36,24;22,02;99,95;341,54;9,04;349,68
2016.0;5.0;2016-05-01;BRASPINE;AMATA;;;;;135,54;16,15;86,18;4,87;39,35;24,51;100,00;319,75;4,87;2,79
2016.0;5.0;2016-05-01;BRASPINE;ANTA BRAVA;;;;;116,18;18,14;81,86;10,41;34,74;27,63;99,72;213,95;0,00;0,56
2016.0;5.0;2016-05-01;BRASPINE;ARAPONGAS;PR;SENGES;423,34;263,70;125,23;15,04;88,01;4,52;38,90;23,03;100,00;341,40;4,52;1,01
2016.0;5.0;2016-05-01;BRASPINE;ARROIO CLARO;PR;DOUTOR ULYSSES;275,14;92,00;127,88;15,17;88,12;4,58;39,47;23,49;100,00;358,98;4,58;3,66
2016.0;5.0;2016-05-01;BRASPINE;BARRA GRANDE;PR;DOUTOR ULYSSES;493,79;139,68;124,08;15,50;87,97;4,76;39,17;23,64;100,00;352,85;4,76;0,19
2016.0;5.0;2016-05-01;BRASPINE;BARRA GRANDE - BEMAIS;PR;GUARAPUAVA;299,16;108,61;152,21;13,70;87,83;3,14;42,59;21,68;100,00;305,19;6,92;20,12
2016.0;5.0;2016-05-01;BRASPINE;BARRETOS;PR;JAGUARIAIVA;43,35;32,98;127,59;14,92;87,48;4,48;37,91;22,40;99,99;350,76;4,48;1,36
2016.0;5.0;2016-05-01;BRASPINE;BAU;;;;;156,85;13,73;86,43;3,38;40,87;20,91;99,90;312,04;3,38;5,07
2016.0;5.0;2016-05-01;BRASPINE;BOA VISTA II;PR;PIRAI DO SUL;944,00;535,05;130,16;14,83;86,94;3,97;36,98;22,19;99,99;343,62;3,97;0,60
2016.0;5.0;2016-05-01;BRASPINE;BRASILEIRA;;;;;126,58;15,04;88,01;4,52;38,90;23,03;100,00;341,40;4,52;1,01
2016.0;5.0;2016-05-01;BRASPINE;BURACAO;;;;;139,03;14,57;87,34;2,45;42,45;22,80;99,86;320,81;7,35;1,64
2016.0;5.0;2016-05-01;BRASPINE;BURRINHO;PR;DOUTOR ULYSSES;211,01;100,37;127,79;15,17;88,12;4,58;39,47;23,49;100,00;358,98;4,58;3,66
2016.0;5.0;2016-05-01;BRASPINE;CADEADO I;PR;JAGUARIAIVA;21,07;12,29;119,05;14,84;87,74;4,51;38,55;22,61;100,00;348,59;4,51;5,71
2016.0;5.0;2016-05-01;BRASPINE;CADEADO II;PR;JAGUARIAIVA;21,88;16,79;119,05;14,84;87,74;4,51;38,55;22,61;100,00;348,59;4,51;5,71
2016.0;5.0;2016-05-01;BRASPINE;CAMPINA ALTA;PR;TIBAGI;29,77;18,24;202,72;15,22;87,34;3,76;39,81;23,08;99,98;318,36;12,74;2,26
2016.0;5.0;2016-05-01;BRASPINE;CAMPINA DO ELIAS;PR;JAGUARIAIVA;29,17;14,65;127,66;14,89;87,58;4,49;38,14;22,48;100,00;349,96;4,49;0,67
2016.0;5.0;2016-05-01;BRASPINE;CAMPO NOVO;PR;JAGUARIAIVA;295,98;156,36;125,50;14,84;87,74;4,51;38,55;22,61;100,00;348,59;4,51;5,71
2016.0;5.0;2016-05-01;BRASPINE;CONSULTORIA II A;PR;DOUTOR ULYSSES;89,62;60,79;128,84;15,04;88,01;4,52;38,90;23,03;100,00;341,40;4,52;1,01
2016.0;5.0;2016-05-01;BRASPINE;DINIZ;;;;;123,81;15,04;88,01;4,52;38,90;23,03;100,00;341,40;4,52;1,01
2016.0;5.0;2016-05-01;BRASPINE;ENES;PR;JAGUARIAIVA;5,93;5,69;125,44;14,84;87,74;4,51;38,55;22,61;100,00;348,59;4,51;5,71
2016.0;5.0;2016-05-01;BRASPINE;ENGENHARIA;;;;;123,81;15,04;88,01;4,52;38,90;23,03;100,00;341,40;4,52;1,01
2016.0;5.0;2016-05-01;BRASPINE;ESTACAO;PR;SENGES;4,76;4,14;119,47;14,84;87,74;4,51;38,55;22,61;100,00;348,59;4,51;5,71
2016.0;5.0;2016-05-01;BRASPINE;FAXINAL;PR;JAGUARIAIVA;20,65;20,65;125,44;14,84;87,74;4,51;38,55;22,61;100,00;348,59;4,51;5,71
2016.0;5.0;2016-05-01;BRASPINE;FEITAL;PR;DOUTOR ULYSSES;154,17;86,53;126,10;15,20;88,00;4,60;38,99;23,23;100,00;360,30;4,60;1,75
2016.0;5.0;2016-05-01;BRASPINE;FIGUEIRA;PR;DOUTOR ULYSSES;1053,81;315,71;125,49;15,17;88,12;4,58;39,47;23,49;100,00;358,98;4,58;3,66
2016.0;5.0;2016-05-01;BRASPINE;FIGUEIRINHA;PR;DOUTOR ULYSSES;94,37;56,74;129,42;15,17;88,12;4,58;39,47;23,49;100,00;358,98;4,58;3,66
2016.0;5.0;2016-05-01;BRASPINE;FLOEMA;PR;DOUTOR ULYSSES;2189,88;701,43;126,48;14,70;88,08;3,65;39,16;22,88;100,00;357,66;3,65;2,14
2016.0;5.0;2016-05-01;BRASPINE;FLOEMA I - SUDATI;;;;;117,66;15,04;88,01;4,52;38,90;23,03;100,00;341,40;4,52;1,01
2016.0;5.0;2016-05-01;BRASPINE;FLOEMA II - SUDATI;PR;DOUTOR ULYSSES;453,83;211,13;124,59;15,04;88,01;4,52;38,90;23,03;100,00;341,40;4,52;1,01
2016.0;5.0;2016-05-01;BRASPINE;FLOR DA SERRA;PR;SAO JOSE DA BOA VISTA;209,10;128,72;125,61;16,80;81,45;6,93;35,50;24,73;99,72;282,19;0,00;0,69
2016.0;5.0;2016-05-01;BRASPINE;GENTIL;PR;JAGUARIAIVA;126,77;53,33;124,49;14,54;86,22;3,60;36,19;21,76;99,70;332,81;8,21;2,91
2016.0;5.0;2016-05-01;BRASPINE;GUAIRACA;PR;GUARAPUAVA;623,62;169,31;150,79;13,76;87,80;2,84;42,92;21,77;100,00;304,32;10,73;0,68
2016.0;5.0;2016-05-01;BRASPINE;HERVAL 2 - MADALOSSO;;;;;138,83;14,57;87,34;2,45;42,45;22,80;99,86;320,81;7,35;1,64
2016.0;5.0;2016-05-01;BRASPINE;HERVAL DE BAIXO;PR;RESERVA;827,29;475,92;221,77;15,18;87,49;3,83;40,64;23,27;99,84;315,72;12,35;0,65
2016.0;5.0;2016-05-01;BRASPINE;HORTO 01;PR;TURVO;19,12;19,12;170,33;14,34;87,48;2,69;43,77;22,02;99,86;316,46;11,37;12,15
2016.0;5.0;2016-05-01;BRASPINE;HORTO 02;PR;TURVO;4,24;4,24;162,09;14,34;87,48;2,69;43,77;22,02;99,86;316,46;11,37;12,15
2016.0;5.0;2016-05-01;BRASPINE;HORTO 03;PR;PRUDENTOPOLIS;80,91;25,89;193,75;14,74;87,27;3,63;42,99;22,70;99,98;313,36;8,17;0,97
2016.0;5.0;2016-05-01;BRASPINE;HORTO 08;PR;TURVO;9,53;9,53;149,10;14,74;87,27;3,63;42,99;22,70;99,98;313,36;8,17;0,97
2016.0;5.0;2016-05-01;BRASPINE;HORTO 12;PR;PRUDENTOPOLIS;12,20;12,20;196,30;14,74;87,27;3,63;42,99;22,70;99,98;313,36;8,17;0,97
2016.0;5.0;2016-05-01;BRASPINE;IZAU;PR;PIRAI DO SUL;19,37;11,60;128,91;14,55;86,68;3,87;36,64;21,76;99,75;335,84;3,87;4,66
2016.0;5.0;2016-05-01;BRASPINE;JOAO RICO;PR;JAGUARIAIVA;47,46;26,18;134,00;14,79;86,29;4,16;36,24;22,02;99,95;341,54;9,04;349,68
2016.0;5.0;2016-05-01;BRASPINE;LAGOA;PR;JAGUARIAIVA;24,10;10,78;119,83;14,84;87,74;4,51;38,55;22,61;100,00;348,59;4,51;5,71
2016.0;5.0;2016-05-01;BRASPINE;MARACANA;PR;JANDAIA DO SUL;11,45;11,45;272,46;17,11;82,78;7,68;29,87;25,48;100,00;249,23;0,00;1,01
2016.0;5.0;2016-05-01;BRASPINE;MARRECA;;;;;127,17;15,17;88,12;4,58;39,47;23,49;100,00;358,98;4,58;3,66
2016.0;5.0;2016-05-01;BRASPINE;MARRECA SP;SP;ITAPIRAPUA PAULISTA;675,30;236,19;127,76;15,80;87,86;5,00;39,58;24,23;100,00;328,97;0,00;0,40
2016.0;5.0;2016-05-01;BRASPINE;MARRECAS;;;;;150,87;13,21;88,05;2,58;42,57;21,18;100,00;305,26;9,99;0,33
2016.0;5.0;2016-05-01;BRASPINE;MERCADINHO;;;;;128,96;15,59;87,16;4,57;39,23;23,99;100,00;337,78;4,57;3,63
2016.0;5.0;2016-05-01;BRASPINE;MONTE ALEGRE;;;;;254,82;17,46;82,56;7,89;31,05;25,90;99,98;210,28;0,00;0,72
2016.0;5.0;2016-05-01;BRASPINE;MONTE TABOR II;;;;;113,72;15,44;88,85;3,90;43,84;24,15;100,00;339,72;3,90;1,17
2016.0;5.0;2016-05-01;BRASPINE;MOREIRA;PR;DOUTOR ULYSSES;230,52;68,68;124,59;15,04;88,01;4,52;38,90;23,03;100,00;341,40;4,52;1,01
2016.0;5.0;2016-05-01;BRASPINE;MOREIRAS II;PR;DOUTOR ULYSSES;66,76;28,75;129,46;15,04;88,01;4,52;38,90;23,03;100,00;341,40;4,52;1,01
2016.0;5.0;2016-05-01;BRASPINE;MORRETES;PR;ORTIGUEIRA;20,36;20,36;202,23;15,61;87,11;4,37;38,96;23,75;99,83;280,27;13,34;0,90
2016.0;5.0;2016-05-01;BRASPINE;MORRO AZUL;;;;;112,18;15,33;88,07;4,87;39,10;23,23;100,00;333,06;4,87;0,06
2016.0;5.0;2016-05-01;BRASPINE;OURO FINO;SP;APIAI;51,70;51,70;111,83;15,22;88,81;4,37;42,06;23,39;100,00;346,93;4,37;1,78
2016.0;5.0;2016-05-01;BRASPINE;PALMEIRINHA DE BAIXO - SOSSEGO;PR;SENGES;85,93;9,22;118,33;14,79;86,74;4,80;37,63;22,22;99,87;361,13;4,80;3,65
2016.0;5.0;2016-05-01;BRASPINE;PAZIN;PR;DOUTOR ULYSSES;41,20;23,90;127,48;15,17;88,12;4,58;39,47;23,49;100,00;358,98;4,58;3,66
2016.0;5.0;2016-05-01;BRASPINE;PEDRAS;PR;CASTRO;7,18;7,18;138,90;14,48;87,18;2,20;38,74;21,66;99,73;330,16;6,58;1,27
2016.0;5.0;2016-05-01;BRASPINE;PESCARIA;PR;SAO JOSE DA BOA VISTA;184,57;129,22;137,15;16,88;81,43;7,07;34,71;24,77;99,77;283,57;0,00;31,03
2016.0;5.0;2016-05-01;BRASPINE;PESSEGUEIRO;PR;DOUTOR ULYSSES;109,95;64,79;123,99;15,04;88,01;4,52;38,90;23,03;100,00;341,40;4,52;1,01
2016.0;5.0;2016-05-01;BRASPINE;PITANGA;;;;;164,24;14,38;86,03;4,10;41,18;21,27;99,82;329,72;4,10;3,88
2016.0;5.0;2016-05-01;BRASPINE;QUEIMADINHO ARROIO CLARO;PR;DOUTOR ULYSSES;48,13;19,09;126,58;15,04;88,01;4,52;38,90;23,03;100,00;341,40;4,52;1,01
2016.0;5.0;2016-05-01;BRASPINE;QUEIMADINHO M6042;PR;DOUTOR ULYSSES;48,38;18,50;126,58;15,04;88,01;4,52;38,90;23,03;100,00;341,40;4,52;1,01
2016.0;5.0;2016-05-01;BRASPINE;QUEIMADINHO USUCAPIAO;PR;DOUTOR ULYSSES;200,27;92,43;126,58;15,04;88,01;4,52;38,90;23,03;100,00;341,40;4,52;1,01
2016.0;5.0;2016-05-01;BRASPINE;RAMOS;PR;SENGES;69,83;38,15;117,66;14,84;87,74;4,51;38,55;22,61;100,00;348,59;4,51;5,71
2016.0;5.0;2016-05-01;BRASPINE;RIBEIRAO GRANDE;PR;JAGUARIAIVA;20,77;20,77;129,49;14,55;86,68;3,87;36,64;21,76;99,75;335,84;3,87;4,66
2016.0;5.0;2016-05-01;BRASPINE;RINCAO DE BAIXO;;;;;189,67;14,88;85,05;3,30;35,97;22,21;99,73;329,17;7,32;4,23
2016.0;5.0;2016-05-01;BRASPINE;RIO BOMBA;PR;CERRO AZUL;65,03;37,72;133,00;15,75;86,33;4,47;39,46;24,24;100,00;322,66;4,47;0,11
2016.0;5.0;2016-05-01;BRASPINE;RIO DO MEIO;PR;DOUTOR ULYSSES;712,33;389,13;128,71;15,04;88,01;4,52;38,90;23,03;100,00;341,40;4,52;1,01
2016.0;5.0;2016-05-01;BRASPINE;RONDON;PR;JAGUARIAIVA;2899,24;1475,88;121,57;14,76;86,89;4,64;37,71;22,20;99,89;343,72;4,64;1,24
2016.0;5.0;2016-05-01;BRASPINE;SANTA FELICIDADE;;;;;121,47;16,21;87,57;5,37;39,75;24,80;100,00;322,94;0,00;1,59
2016.0;5.0;2016-05-01;BRASPINE;SANTA LIDIA DO CERCADINHO;;;;;202,96;14,62;85,03;3,16;35,88;21,88;99,71;324,35;7,23;3,44
2016.0;5.0;2016-05-01;BRASPINE;SANTO ANTONIO;;;;;118,89;14,86;87,06;4,72;37,09;22,41;100,00;364,14;4,72;0,64
2016.0;5.0;2016-05-01;BRASPINE;SAO JOSE;PR;JANDAIA DO SUL;37,56;37,56;255,78;17,35;82,61;7,83;30,82;25,77;100,00;223,68;0,00;0,35
2016.0;5.0;2016-05-01;BRASPINE;SAO MATHEUS;;;;;175,14;18,12;83,37;8,13;34,19;26,85;99,95;123,08;0,00;3,78
2016.0;5.0;2016-05-01;BRASPINE;SAO PEDRO E SAO PAULO;PR;SAPOPEMA;709,13;323,93;230,65;16,05;83,19;5,87;32,38;24,02;99,66;306,33;0,00;1,23
2016.0;5.0;2016-05-01;BRASPINE;SAO RAFAEL;;;;;157,35;14,24;86,55;2,11;44,72;22,73;99,94;328,66;5,77;2,67
2016.0;5.0;2016-05-01;BRASPINE;SAO RAFAEL - PB;;;;;116,20;15,29;88,64;4,57;41,17;23,39;100,00;319,67;4,57;6,28
2016.0;5.0;2016-05-01;BRASPINE;SERRARIA;PR;DOUTOR ULYSSES;280,88;117,71;125,76;14,94;88,10;4,11;39,32;23,19;100,00;350,94;4,11;1,03
2016.0;5.0;2016-05-01;BRASPINE;SERRO VERDE;;;;;155,54;13,97;85,71;3,40;39,99;21,17;99,92;318,09;3,40;0,81
2016.0;5.0;2016-05-01;BRASPINE;SERTAOZINHO;PR;DOUTOR ULYSSES;16,25;16,25;126,88;15,04;88,01;4,52;38,90;23,03;100,00;341,40;4,52;1,01
2016.0;5.0;2016-05-01;BRASPINE;SITIO BASILIO;PR;JAGUARIAIVA;8,08;8,08;146,31;14,61;86,10;3,67;36,07;21,83;99,75;334,22;8,19;1,43
2016.0;5.0;2016-05-01;BRASPINE;SITIO DAS MARRECAS;PR;DOUTOR ULYSSES;77,49;35,17;130,11;15,62;87,93;4,88;39,55;24,02;100,00;339,88;4,88;17,74
2016.0;5.0;2016-05-01;BRASPINE;SOBRADINHO;SP;BOM SUCESSO DE ITARARE;285,80;123,10;113,19;14,86;87,84;4,69;37,89;22,51;100,00;364,71;4,69;2,24
2016.0;5.0;2016-05-01;BRASPINE;TAQUARAL;PR;JAGUARIAIVA;519,13;31,07;134,48;14,84;86,76;4,50;37,48;22,16;100,00;359,86;4,50;5,48
2016.0;5.0;2016-05-01;BRASPINE;TUCUNDUVA;PR;SENGES;82,21;60,89;144,60;15,39;84,07;5,30;34,99;22,96;99,57;353,81;0,00;3,81
2016.0;5.0;2016-05-01;BRASPINE;TUCUNDUVA - CHAMMA;;;;;141,82;15,46;84,33;5,58;35,94;23,02;99,58;343,98;0,00;0,41
2016.0;5.0;2016-05-01;BRASPINE;VIENA 1;PR;DOUTOR ULYSSES;263,98;178,34;130,29;14,57;87,91;3,09;39,46;22,39;100,00;336,64;3,09;1,43
2016.0;5.0;2016-05-01;BRASPINE;VIENA 2;PR;CERRO AZUL;140,23;96,54;133,06;15,75;86,33;4,47;39,46;24,24;100,00;322,66;4,47;0,11
2016.0;5.0;2016-05-01;BRASPINE;VITORIA;PR;SENGES;50,54;35,69;118,33;14,79;86,74;4,80;37,63;22,22;99,87;361,13;4,80;3,65
2016.0;5.0;2016-05-01;BRASPINE;VIVEIRO;PR;DOUTOR ULYSSES;405,39;261,22;129,46;15,04;88,01;4,52;38,90;23,03;100,00;341,40;4,52;1,01
2016.0;5.0;2016-05-01;BRASPINE;VO LINO;PR;DOUTOR ULYSSES;164,50;97,89;127,06;15,17;88,12;4,58;39,47;23,49;100,00;358,98;4,58;3,66
2016.0;5.0;2016-05-01;BRASPINE;XAXIM VELHO;;;;;149,24;13,30;87,82;1,63;43,54;21,17;100,00;296,96;4,92;4,96
2016.0;6.0;2016-06-01;BRASPINE;AGUA DOCE;PR;JAGUARIAIVA;238,97;121,99;14,94;12,25;83,15;1,31;36,87;20,76;99,93;247,76;20,29;1,33
2016.0;6.0;2016-06-01;BRASPINE;AMATA;;;;;69,57;12,67;87,42;0,49;41,89;23,18;100,00;259,26;12,90;2,54
2016.0;6.0;2016-06-01;BRASPINE;ANTA BRAVA;;;;;27,64;15,18;82,71;3,46;37,93;23,39;99,85;245,89;8,35;2,64
2016.0;6.0;2016-06-01;BRASPINE;ARAPONGAS;PR;SENGES;423,34;263,70;38,28;12,14;86,48;0,52;39,24;21,65;100,00;247,98;9,79;1,38
2016.0;6.0;2016-06-01;BRASPINE;ARROIO CLARO;PR;DOUTOR ULYSSES;275,14;92,00;55,58;12,15;87,22;0,72;40,53;22,17;100,00;249,14;9,51;3,53
2016.0;6.0;2016-06-01;BRASPINE;BARRA GRANDE;PR;DOUTOR ULYSSES;493,79;139,68;39,19;12,36;87,10;0,39;39,64;22,26;100,00;251,23;13,73;2,24
2016.0;6.0;2016-06-01;BRASPINE;BARRA GRANDE - BEMAIS;PR;GUARAPUAVA;299,16;108,61;75,91;10,89;85,13;-0,40;38,24;19,80;100,00;202,02;11,70;153,06
2016.0;6.0;2016-06-01;BRASPINE;BARRETOS;PR;JAGUARIAIVA;43,35;32,98;36,12;12,25;84,92;0,89;38,97;21,26;100,00;249,89;15,41;0,79
2016.0;6.0;2016-06-01;BRASPINE;BAU;;;;;60,67;11,06;83,30;-1,02;38,57;20,02;99,92;214,94;10,45;4,82
2016.0;6.0;2016-06-01;BRASPINE;BOA VISTA II;PR;PIRAI DO SUL;944,00;535,05;36,45;12,20;83,81;0,47;36,79;21,10;100,00;246,41;18,14;1,83
2016.0;6.0;2016-06-01;BRASPINE;BRASILEIRA;;;;;39,30;12,14;86,48;0,52;39,24;21,65;100,00;247,98;9,79;1,38
2016.0;6.0;2016-06-01;BRASPINE;BURACAO;;;;;66,19;11,68;85,26;0,35;38,09;21,23;100,00;231,26;13,60;1,71
2016.0;6.0;2016-06-01;BRASPINE;BURRINHO;PR;DOUTOR ULYSSES;211,01;100,37;54,59;12,15;87,22;0,72;40,53;22,17;100,00;249,14;9,51;3,53
2016.0;6.0;2016-06-01;BRASPINE;CADEADO I;PR;JAGUARIAIVA;21,07;12,29;36,93;12,08;85,84;0,94;39,26;21,31;100,00;242,77;19,85;2,96
2016.0;6.0;2016-06-01;BRASPINE;CADEADO II;PR;JAGUARIAIVA;21,88;16,79;36,93;12,08;85,84;0,94;39,26;21,31;100,00;242,77;19,85;2,96
2016.0;6.0;2016-06-01;BRASPINE;CAMPINA ALTA;PR;TIBAGI;29,77;18,24;115,60;12,35;85,56;-0,19;42,98;21,54;99,98;232,50;17,02;0,94
2016.0;6.0;2016-06-01;BRASPINE;CAMPINA DO ELIAS;PR;JAGUARIAIVA;29,17;14,65;36,09;12,19;85,26;0,91;39,32;21,27;100,00;247,31;15,41;1,50
2016.0;6.0;2016-06-01;BRASPINE;CAMPO NOVO;PR;JAGUARIAIVA;295,98;156,36;37,86;12,08;85,84;0,94;39,26;21,31;100,00;242,77;19,85;2,96
2016.0;6.0;2016-06-01;BRASPINE;CONSULTORIA II A;PR;DOUTOR ULYSSES;89,62;60,79;38,14;12,14;86,48;0,52;39,24;21,65;100,00;247,98;9,79;1,38
2016.0;6.0;2016-06-01;BRASPINE;DINIZ;;;;;39,17;12,14;86,48;0,52;39,24;21,65;100,00;247,98;9,79;1,38
2016.0;6.0;2016-06-01;BRASPINE;ENES;PR;JAGUARIAIVA;5,93;5,69;37,80;12,08;85,84;0,94;39,26;21,31;100,00;242,77;19,85;2,96
2016.0;6.0;2016-06-01;BRASPINE;ENGENHARIA;;;;;39,17;12,14;86,48;0,52;39,24;21,65;100,00;247,98;9,79;1,38
2016.0;6.0;2016-06-01;BRASPINE;ESTACAO;PR;SENGES;4,76;4,14;39,47;12,08;85,84;0,94;39,26;21,31;100,00;242,77;19,85;2,96
2016.0;6.0;2016-06-01;BRASPINE;FAXINAL;PR;JAGUARIAIVA;20,65;20,65;37,80;12,08;85,84;0,94;39,26;21,31;100,00;242,77;19,85;2,96
2016.0;6.0;2016-06-01;BRASPINE;FEITAL;PR;DOUTOR ULYSSES;154,17;86,53;43,33;12,22;86,69;0,48;39,37;21,86;100,00;249,07;14,46;0,04
2016.0;6.0;2016-06-01;BRASPINE;FIGUEIRA;PR;DOUTOR ULYSSES;1053,81;315,71;43,00;12,15;87,22;0,72;40,53;22,17;100,00;249,14;9,51;3,53
2016.0;6.0;2016-06-01;BRASPINE;FIGUEIRINHA;PR;DOUTOR ULYSSES;94,37;56,74;45,40;12,15;87,22;0,72;40,53;22,17;100,00;249,14;9,51;3,53
2016.0;6.0;2016-06-01;BRASPINE;FLOEMA;PR;DOUTOR ULYSSES;2189,88;701,43;45,33;11,88;86,57;0,58;40,18;21,56;100,00;240,47;18,09;5,15
2016.0;6.0;2016-06-01;BRASPINE;FLOEMA I - SUDATI;;;;;38,77;12,14;86,48;0,52;39,24;21,65;100,00;247,98;9,79;1,38
2016.0;6.0;2016-06-01;BRASPINE;FLOEMA II - SUDATI;PR;DOUTOR ULYSSES;453,83;211,13;37,31;12,14;86,48;0,52;39,24;21,65;100,00;247,98;9,79;1,38
2016.0;6.0;2016-06-01;BRASPINE;FLOR DA SERRA;PR;SAO JOSE DA BOA VISTA;209,10;128,72;17,32;13,84;81,48;1,56;37,29;22,31;100,00;250,38;14,21;103,79
2016.0;6.0;2016-06-01;BRASPINE;GENTIL;PR;JAGUARIAIVA;126,77;53,33;36,82;12,02;83,10;0,57;35,82;20,43;99,93;242,07;17,77;51,56
2016.0;6.0;2016-06-01;BRASPINE;GUAIRACA;PR;GUARAPUAVA;623,62;169,31;79,36;10,87;85,40;-1,00;38,66;20,02;100,00;196,67;7,82;146,42
2016.0;6.0;2016-06-01;BRASPINE;HERVAL 2 - MADALOSSO;;;;;67,72;11,68;85,26;0,35;38,09;21,23;100,00;231,26;13,60;1,71
2016.0;6.0;2016-06-01;BRASPINE;HERVAL DE BAIXO;PR;RESERVA;827,29;475,92;100,69;12,21;86,28;-0,95;43,59;21,54;100,00;222,36;9,76;4,05
2016.0;6.0;2016-06-01;BRASPINE;HORTO 01;PR;TURVO;19,12;19,12;62,18;11,35;85,31;-1,19;41,44;20,33;100,00;205,84;9,85;147,85
2016.0;6.0;2016-06-01;BRASPINE;HORTO 02;PR;TURVO;4,24;4,24;58,48;11,35;85,31;-1,19;41,44;20,33;100,00;205,84;9,85;147,85
2016.0;6.0;2016-06-01;BRASPINE;HORTO 03;PR;PRUDENTOPOLIS;80,91;25,89;76,89;11,77;85,25;0,01;39,38;20,84;99,98;220,73;8,73;155,93
2016.0;6.0;2016-06-01;BRASPINE;HORTO 08;PR;TURVO;9,53;9,53;55,25;11,77;85,25;0,01;39,38;20,84;99,98;220,73;8,73;155,93
2016.0;6.0;2016-06-01;BRASPINE;HORTO 12;PR;PRUDENTOPOLIS;12,20;12,20;83,10;11,77;85,25;0,01;39,38;20,84;99,98;220,73;8,73;155,93
2016.0;6.0;2016-06-01;BRASPINE;IZAU;PR;PIRAI DO SUL;19,37;11,60;38,60;12,05;83,20;0,91;35,26;20,54;99,97;247,28;20,12;1,13
2016.0;6.0;2016-06-01;BRASPINE;JOAO RICO;PR;JAGUARIAIVA;47,46;26,18;28,18;12,25;83,15;1,31;36,87;20,76;99,93;247,76;20,29;1,33
2016.0;6.0;2016-06-01;BRASPINE;LAGOA;PR;JAGUARIAIVA;24,10;10,78;37,32;12,08;85,84;0,94;39,26;21,31;100,00;242,77;19,85;2,96
2016.0;6.0;2016-06-01;BRASPINE;MARACANA;PR;JANDAIA DO SUL;11,45;11,45;83,87;14,75;82,03;2,04;38,69;23,24;100,00;318,35;6,51;1,95
2016.0;6.0;2016-06-01;BRASPINE;MARRECA;;;;;41,21;12,15;87,22;0,72;40,53;22,17;100,00;249,14;9,51;3,53
2016.0;6.0;2016-06-01;BRASPINE;MARRECA SP;SP;ITAPIRAPUA PAULISTA;675,30;236,19;52,53;12,46;87,71;1,01;40,82;22,97;100,00;252,72;9,00;4,49
2016.0;6.0;2016-06-01;BRASPINE;MARRECAS;;;;;73,21;10,47;85,09;-0,84;38,19;19,45;100,00;187,42;16,88;132,34
2016.0;6.0;2016-06-01;BRASPINE;MERCADINHO;;;;;54,47;12,33;87,34;0,86;41,32;22,67;100,00;249,08;18,23;3,99
2016.0;6.0;2016-06-01;BRASPINE;MONTE ALEGRE;;;;;79,26;15,08;81,64;2,60;38,78;23,79;99,99;325,97;7,53;6,74
2016.0;6.0;2016-06-01;BRASPINE;MONTE TABOR II;;;;;33,44;12,00;89,18;-1,44;43,50;22,13;100,00;241,72;4,18;17,21
2016.0;6.0;2016-06-01;BRASPINE;MOREIRA;PR;DOUTOR ULYSSES;230,52;68,68;37,31;12,14;86,48;0,52;39,24;21,65;100,00;247,98;9,79;1,38
2016.0;6.0;2016-06-01;BRASPINE;MOREIRAS II;PR;DOUTOR ULYSSES;66,76;28,75;38,26;12,14;86,48;0,52;39,24;21,65;100,00;247,98;9,79;1,38
2016.0;6.0;2016-06-01;BRASPINE;MORRETES;PR;ORTIGUEIRA;20,36;20,36;137,49;12,57;86,41;-0,69;44,95;22,09;100,00;231,50;11,97;1,18
2016.0;6.0;2016-06-01;BRASPINE;MORRO AZUL;;;;;42,66;12,29;86,82;0,46;39,35;21,67;100,00;246,27;7,62;17,38
2016.0;6.0;2016-06-01;BRASPINE;OURO FINO;SP;APIAI;51,70;51,70;35,41;12,03;88,01;-0,66;41,43;21,72;100,00;240,10;9,85;3,58
2016.0;6.0;2016-06-01;BRASPINE;PALMEIRINHA DE BAIXO - SOSSEGO;PR;SENGES;85,93;9,22;40,86;12,15;84,40;1,54;38,44;20,54;99,87;242,84;11,72;12,29
2016.0;6.0;2016-06-01;BRASPINE;PAZIN;PR;DOUTOR ULYSSES;41,20;23,90;44,06;12,15;87,22;0,72;40,53;22,17;100,00;249,14;9,51;3,53
2016.0;6.0;2016-06-01;BRASPINE;PEDRAS;PR;CASTRO;7,18;7,18;39,19;11,78;84,42;-1,06;37,63;20,68;100,00;230,48;11,19;5,39
2016.0;6.0;2016-06-01;BRASPINE;PESCARIA;PR;SAO JOSE DA BOA VISTA;184,57;129,22;28,04;13,94;81,06;1,88;37,19;22,38;100,00;252,26;16,60;90,02
2016.0;6.0;2016-06-01;BRASPINE;PESSEGUEIRO;PR;DOUTOR ULYSSES;109,95;64,79;42,24;12,14;86,48;0,52;39,24;21,65;100,00;247,98;9,79;1,38
2016.0;6.0;2016-06-01;BRASPINE;PITANGA;;;;;57,94;11,70;83,11;-0,98;38,85;20,38;99,96;231,25;6,09;0,22
2016.0;6.0;2016-06-01;BRASPINE;QUEIMADINHO ARROIO CLARO;PR;DOUTOR ULYSSES;48,13;19,09;39,30;12,14;86,48;0,52;39,24;21,65;100,00;247,98;9,79;1,38
2016.0;6.0;2016-06-01;BRASPINE;QUEIMADINHO M6042;PR;DOUTOR ULYSSES;48,38;18,50;39,30;12,14;86,48;0,52;39,24;21,65;100,00;247,98;9,79;1,38
2016.0;6.0;2016-06-01;BRASPINE;QUEIMADINHO USUCAPIAO;PR;DOUTOR ULYSSES;200,27;92,43;39,30;12,14;86,48;0,52;39,24;21,65;100,00;247,98;9,79;1,38
2016.0;6.0;2016-06-01;BRASPINE;RAMOS;PR;SENGES;69,83;38,15;38,77;12,08;85,84;0,94;39,26;21,31;100,00;242,77;19,85;2,96
2016.0;6.0;2016-06-01;BRASPINE;RIBEIRAO GRANDE;PR;JAGUARIAIVA;20,77;20,77;37,56;12,05;83,20;0,91;35,26;20,54;99,97;247,28;20,12;1,13
2016.0;6.0;2016-06-01;BRASPINE;RINCAO DE BAIXO;;;;;83,91;12,06;83,64;-0,78;38,01;20,83;99,62;229,34;10,72;3,77
2016.0;6.0;2016-06-01;BRASPINE;RIO BOMBA;PR;CERRO AZUL;65,03;37,72;59,44;12,44;87,16;1,04;40,86;22,92;99,98;250,29;17,41;2,42
2016.0;6.0;2016-06-01;BRASPINE;RIO DO MEIO;PR;DOUTOR ULYSSES;712,33;389,13;38,54;12,14;86,48;0,52;39,24;21,65;100,00;247,98;9,79;1,38
2016.0;6.0;2016-06-01;BRASPINE;RONDON;PR;JAGUARIAIVA;2899,24;1475,88;39,76;12,14;84,49;1,40;38,91;20,70;99,89;243,73;15,41;16,45
2016.0;6.0;2016-06-01;BRASPINE;SANTA FELICIDADE;;;;;34,59;12,59;88,11;0,61;41,08;23,47;100,00;252,31;8,03;0,63
2016.0;6.0;2016-06-01;BRASPINE;SANTA LIDIA DO CERCADINHO;;;;;74,02;11,87;83,47;-0,67;37,53;20,38;99,54;226,54;5,52;2,50
2016.0;6.0;2016-06-01;BRASPINE;SANTO ANTONIO;;;;;39,29;12,10;84,97;1,25;38,37;20,71;100,00;240,36;10,03;19,60
2016.0;6.0;2016-06-01;BRASPINE;SAO JOSE;PR;JANDAIA DO SUL;37,56;37,56;79,83;14,98;81,71;2,49;38,88;23,60;100,00;324,01;7,31;0,75
2016.0;6.0;2016-06-01;BRASPINE;SAO MATHEUS;;;;;41,37;15,55;82,44;2,44;39,82;25,19;99,95;293,91;20,44;3,63
2016.0;6.0;2016-06-01;BRASPINE;SAO PEDRO E SAO PAULO;PR;SAPOPEMA;709,13;323,93;86,91;13,36;82,52;1,18;38,50;21,91;99,83;257,38;14,18;36,01
2016.0;6.0;2016-06-01;BRASPINE;SAO RAFAEL;;;;;85,85;10,99;84,64;-2,12;41,71;20,54;99,99;209,90;5,10;0,30
2016.0;6.0;2016-06-01;BRASPINE;SAO RAFAEL - PB;;;;;38,57;12,14;87,68;-0,19;40,71;21,77;100,00;244,71;11,85;6,39
2016.0;6.0;2016-06-01;BRASPINE;SERRARIA;PR;DOUTOR ULYSSES;280,88;117,71;45,82;12,02;86,90;0,65;40,36;21,87;100,00;244,77;9,07;4,66
2016.0;6.0;2016-06-01;BRASPINE;SERRO VERDE;;;;;67,67;11,28;82,82;-2,12;38,14;20,55;99,95;219,89;6,87;2,38
2016.0;6.0;2016-06-01;BRASPINE;SERTAOZINHO;PR;DOUTOR ULYSSES;16,25;16,25;35,11;12,14;86,48;0,52;39,24;21,65;100,00;247,98;9,79;1,38
2016.0;6.0;2016-06-01;BRASPINE;SITIO BASILIO;PR;JAGUARIAIVA;8,08;8,08;14,61;12,07;83,08;0,69;36,28;20,48;99,90;241,98;17,73;3,28
2016.0;6.0;2016-06-01;BRASPINE;SITIO DAS MARRECAS;PR;DOUTOR ULYSSES;77,49;35,17;43,52;12,37;87,57;0,93;40,74;22,74;100,00;251,71;9,15;11,52
2016.0;6.0;2016-06-01;BRASPINE;SOBRADINHO;SP;BOM SUCESSO DE ITARARE;285,80;123,10;43,45;11,99;86,07;0,84;39,55;20,79;100,00;237,16;7,68;10,24
2016.0;6.0;2016-06-01;BRASPINE;TAQUARAL;PR;JAGUARIAIVA;519,13;31,07;29,89;12,27;83,90;1,48;38,86;20,87;100,00;247,88;19,92;22,02
2016.0;6.0;2016-06-01;BRASPINE;TUCUNDUVA;PR;SENGES;82,21;60,89;25,50;12,70;82,34;0,90;38,04;21,03;100,00;225,52;11,32;6,74
2016.0;6.0;2016-06-01;BRASPINE;TUCUNDUVA - CHAMMA;;;;;28,06;12,78;82,66;1,90;38,54;21,02;100,00;243,98;14,26;1,31
2016.0;6.0;2016-06-01;BRASPINE;VIENA 1;PR;DOUTOR ULYSSES;263,98;178,34;43,41;11,81;85,85;0,23;40,15;21,13;100,00;234,40;15,30;2,36
2016.0;6.0;2016-06-01;BRASPINE;VIENA 2;PR;CERRO AZUL;140,23;96,54;59,18;12,44;87,16;1,04;40,86;22,92;99,98;250,29;17,41;2,42
2016.0;6.0;2016-06-01;BRASPINE;VITORIA;PR;SENGES;50,54;35,69;40,86;12,15;84,40;1,54;38,44;20,54;99,87;242,84;11,72;12,29
2016.0;6.0;2016-06-01;BRASPINE;VIVEIRO;PR;DOUTOR ULYSSES;405,39;261,22;38,26;12,14;86,48;0,52;39,24;21,65;100,00;247,98;9,79;1,38
2016.0;6.0;2016-06-01;BRASPINE;VO LINO;PR;DOUTOR ULYSSES;164,50;97,89;46,00;12,15;87,22;0,72;40,53;22,17;100,00;249,14;9,51;3,53
2016.0;6.0;2016-06-01;BRASPINE;XAXIM VELHO;;;;;84,98;10,56;84,92;-1,12;38,99;19,91;100,00;193,16;9,70;4,29
2016.0;7.0;2016-07-01;BRASPINE;AGUA DOCE;PR;JAGUARIAIVA;238,97;121,99;53,91;14,07;74,73;2,25;33,03;23,87;99,70;254,35;14,92;11,34
2016.0;7.0;2016-07-01;BRASPINE;AMATA;;;;;93,24;14,72;80,68;2,50;38,08;26,85;99,96;291,63;7,18;12,33
2016.0;7.0;2016-07-01;BRASPINE;ANTA BRAVA;;;;;24,92;17,11;71,30;6,73;33,79;28,46;98,35;327,98;0,00;0,65
2016.0;7.0;2016-07-01;BRASPINE;ARAPONGAS;PR;SENGES;423,34;263,70;57,54;14,07;78,34;2,69;31,74;24,91;100,00;276,33;7,36;0,63
2016.0;7.0;2016-07-01;BRASPINE;ARROIO CLARO;PR;DOUTOR ULYSSES;275,14;92,00;72,46;14,09;79,56;2,92;32,97;25,37;100,00;281,71;7,80;5,01
2016.0;7.0;2016-07-01;BRASPINE;BARRA GRANDE;PR;DOUTOR ULYSSES;493,79;139,68;60,45;14,36;79,43;2,85;32,01;25,86;100,00;265,65;12,74;19,15
2016.0;7.0;2016-07-01;BRASPINE;BARRA GRANDE - BEMAIS;PR;GUARAPUAVA;299,16;108,61;80,26;12,96;79,16;0,78;41,32;22,78;99,98;252,84;21,42;3,75
2016.0;7.0;2016-07-01;BRASPINE;BARRETOS;PR;JAGUARIAIVA;43,35;32,98;59,85;14,24;76,28;2,72;32,00;24,58;99,81;264,61;6,78;5,47
2016.0;7.0;2016-07-01;BRASPINE;BAU;;;;;69,08;13,37;76,94;0,63;42,46;22,77;99,90;247,55;19,45;4,61
2016.0;7.0;2016-07-01;BRASPINE;BOA VISTA II;PR;PIRAI DO SUL;944,00;535,05;60,72;14,19;75,26;2,00;33,04;24,39;99,81;254,76;15,05;3,29
2016.0;7.0;2016-07-01;BRASPINE;BRASILEIRA;;;;;59,30;14,07;78,34;2,69;31,74;24,91;100,00;276,33;7,36;0,63
2016.0;7.0;2016-07-01;BRASPINE;BURACAO;;;;;94,83;13,77;77,88;0,78;38,19;24,78;100,00;266,72;9,55;10,76
2016.0;7.0;2016-07-01;BRASPINE;BURRINHO;PR;DOUTOR ULYSSES;211,01;100,37;71,69;14,09;79,56;2,92;32,97;25,37;100,00;281,71;7,80;5,01
2016.0;7.0;2016-07-01;BRASPINE;CADEADO I;PR;JAGUARIAIVA;21,07;12,29;57,37;14,01;77,27;2,58;31,57;24,45;100,00;273,19;7,03;6,06
2016.0;7.0;2016-07-01;BRASPINE;CADEADO II;PR;JAGUARIAIVA;21,88;16,79;57,37;14,01;77,27;2,58;31,57;24,45;100,00;273,19;7,03;6,06
2016.0;7.0;2016-07-01;BRASPINE;CAMPINA ALTA;PR;TIBAGI;29,77;18,24;39,31;14,35;77,95;2,24;39,70;24,75;99,90;247,18;21,43;9,94
2016.0;7.0;2016-07-01;BRASPINE;CAMPINA DO ELIAS;PR;JAGUARIAIVA;29,17;14,65;61,28;14,16;76,64;2,67;31,85;24,53;99,88;277,46;6,87;5,69
2016.0;7.0;2016-07-01;BRASPINE;CAMPO NOVO;PR;JAGUARIAIVA;295,98;156,36;57,45;14,01;77,27;2,58;31,57;24,45;100,00;273,19;7,03;6,06
2016.0;7.0;2016-07-01;BRASPINE;CONSULTORIA II A;PR;DOUTOR ULYSSES;89,62;60,79;59,58;14,07;78,34;2,69;31,74;24,91;100,00;276,33;7,36;0,63
2016.0;7.0;2016-07-01;BRASPINE;DINIZ;;;;;54,91;14,07;78,34;2,69;31,74;24,91;100,00;276,33;7,36;0,63
2016.0;7.0;2016-07-01;BRASPINE;ENES;PR;JAGUARIAIVA;5,93;5,69;57,43;14,01;77,27;2,58;31,57;24,45;100,00;273,19;7,03;6,06
2016.0;7.0;2016-07-01;BRASPINE;ENGENHARIA;;;;;54,91;14,07;78,34;2,69;31,74;24,91;100,00;276,33;7,36;0,63
2016.0;7.0;2016-07-01;BRASPINE;ESTACAO;PR;SENGES;4,76;4,14;58,57;14,01;77,27;2,58;31,57;24,45;100,00;273,19;7,03;6,06
2016.0;7.0;2016-07-01;BRASPINE;FAXINAL;PR;JAGUARIAIVA;20,65;20,65;57,43;14,01;77,27;2,58;31,57;24,45;100,00;273,19;7,03;6,06
2016.0;7.0;2016-07-01;BRASPINE;FEITAL;PR;DOUTOR ULYSSES;154,17;86,53;61,26;14,16;78,70;2,74;31,83;25,22;100,00;277,82;7,49;23,85
2016.0;7.0;2016-07-01;BRASPINE;FIGUEIRA;PR;DOUTOR ULYSSES;1053,81;315,71;59,13;14,09;79,56;2,92;32,97;25,37;100,00;281,71;7,80;5,01
2016.0;7.0;2016-07-01;BRASPINE;FIGUEIRINHA;PR;DOUTOR ULYSSES;94,37;56,74;70,07;14,09;79,56;2,92;32,97;25,37;100,00;281,71;7,80;5,01
2016.0;7.0;2016-07-01;BRASPINE;FLOEMA;PR;DOUTOR ULYSSES;2189,88;701,43;62,82;13,79;78,26;2,00;32,90;24,48;100,00;273,26;11,33;6,86
2016.0;7.0;2016-07-01;BRASPINE;FLOEMA I - SUDATI;;;;;57,89;14,07;78,34;2,69;31,74;24,91;100,00;276,33;7,36;0,63
2016.0;7.0;2016-07-01;BRASPINE;FLOEMA II - SUDATI;PR;DOUTOR ULYSSES;453,83;211,13;57,62;14,07;78,34;2,69;31,74;24,91;100,00;276,33;7,36;0,63
2016.0;7.0;2016-07-01;BRASPINE;FLOR DA SERRA;PR;SAO JOSE DA BOA VISTA;209,10;128,72;28,61;15,46;73,75;3,76;32,00;26,20;99,48;280,90;3,76;13,54
2016.0;7.0;2016-07-01;BRASPINE;GENTIL;PR;JAGUARIAIVA;126,77;53,33;53,17;13,77;75,04;1,82;34,72;23,38;99,54;262,44;18,23;16,65
2016.0;7.0;2016-07-01;BRASPINE;GUAIRACA;PR;GUARAPUAVA;623,62;169,31;78,00;12,94;79,73;0,08;42,79;22,98;99,97;247,52;19,50;8,77
2016.0;7.0;2016-07-01;BRASPINE;HERVAL 2 - MADALOSSO;;;;;89,80;13,77;77,88;0,78;38,19;24,78;100,00;266,72;9,55;10,76
2016.0;7.0;2016-07-01;BRASPINE;HERVAL DE BAIXO;PR;RESERVA;827,29;475,92;42,26;14,11;79,11;1,29;39,91;24,79;99,88;261,90;18,99;1,42
2016.0;7.0;2016-07-01;BRASPINE;HORTO 01;PR;TURVO;19,12;19,12;66,53;13,58;78,58;0,03;44,65;23,55;99,56;255,82;22,42;0,14
2016.0;7.0;2016-07-01;BRASPINE;HORTO 02;PR;TURVO;4,24;4,24;68,08;13,58;78,58;0,03;44,65;23,55;99,56;255,82;22,42;0,14
2016.0;7.0;2016-07-01;BRASPINE;HORTO 03;PR;PRUDENTOPOLIS;80,91;25,89;63,59;13,99;78,28;0,93;40,68;24,24;99,71;268,66;17,10;8,08
2016.0;7.0;2016-07-01;BRASPINE;HORTO 08;PR;TURVO;9,53;9,53;67,06;13,99;78,28;0,93;40,68;24,24;99,71;268,66;17,10;8,08
2016.0;7.0;2016-07-01;BRASPINE;HORTO 12;PR;PRUDENTOPOLIS;12,20;12,20;64,90;13,99;78,28;0,93;40,68;24,24;99,71;268,66;17,10;8,08
2016.0;7.0;2016-07-01;BRASPINE;IZAU;PR;PIRAI DO SUL;19,37;11,60;56,78;13,93;75,09;2,07;34,56;23,69;99,60;239,65;14,70;1,28
2016.0;7.0;2016-07-01;BRASPINE;JOAO RICO;PR;JAGUARIAIVA;47,46;26,18;53,54;14,07;74,73;2,25;33,03;23,87;99,70;254,35;14,92;11,34
2016.0;7.0;2016-07-01;BRASPINE;LAGOA;PR;JAGUARIAIVA;24,10;10,78;58,64;14,01;77,27;2,58;31,57;24,45;100,00;273,19;7,03;6,06
2016.0;7.0;2016-07-01;BRASPINE;MARACANA;PR;JANDAIA DO SUL;11,45;11,45;41,21;17,08;69,56;3,86;35,38;27,25;100,00;211,24;3,86;9,04
2016.0;7.0;2016-07-01;BRASPINE;MARRECA;;;;;61,34;14,09;79,56;2,92;32,97;25,37;100,00;281,71;7,80;5,01
2016.0;7.0;2016-07-01;BRASPINE;MARRECA SP;SP;ITAPIRAPUA PAULISTA;675,30;236,19;81,88;14,48;80,80;3,15;33,37;26,62;100,00;284,03;7,62;2,09
2016.0;7.0;2016-07-01;BRASPINE;MARRECAS;;;;;74,45;12,47;79,51;-0,57;42,49;22,22;100,00;235,79;25,44;22,92
2016.0;7.0;2016-07-01;BRASPINE;MERCADINHO;;;;;83,86;14,28;80,57;2,49;35,15;26,07;99,97;295,87;7,01;3,87
2016.0;7.0;2016-07-01;BRASPINE;MONTE ALEGRE;;;;;43,76;17,39;69,78;4,15;38,00;27,66;99,99;200,51;4,15;5,53
2016.0;7.0;2016-07-01;BRASPINE;MONTE TABOR II;;;;;54,29;13,80;82,99;3,26;38,10;25,14;100,00;280,57;13,19;7,45
2016.0;7.0;2016-07-01;BRASPINE;MOREIRA;PR;DOUTOR ULYSSES;230,52;68,68;57,62;14,07;78,34;2,69;31,74;24,91;100,00;276,33;7,36;0,63
2016.0;7.0;2016-07-01;BRASPINE;MOREIRAS II;PR;DOUTOR ULYSSES;66,76;28,75;59,87;14,07;78,34;2,69;31,74;24,91;100,00;276,33;7,36;0,63
2016.0;7.0;2016-07-01;BRASPINE;MORRETES;PR;ORTIGUEIRA;20,36;20,36;43,36;14,35;79,90;1,28;40,23;25,43;99,81;262,71;15,22;4,37
2016.0;7.0;2016-07-01;BRASPINE;MORRO AZUL;;;;;48,34;14,27;78,69;3,06;31,04;25,56;100,00;259,54;7,80;0,17
2016.0;7.0;2016-07-01;BRASPINE;OURO FINO;SP;APIAI;51,70;51,70;50,43;13,96;80,54;4,19;35,03;25,20;100,00;271,23;18,33;0,44
2016.0;7.0;2016-07-01;BRASPINE;PALMEIRINHA DE BAIXO - SOSSEGO;PR;SENGES;85,93;9,22;46,12;14,03;75,17;2,81;29,71;23,80;99,78;271,32;12,09;2,61
2016.0;7.0;2016-07-01;BRASPINE;PAZIN;PR;DOUTOR ULYSSES;41,20;23,90;62,42;14,09;79,56;2,92;32,97;25,37;100,00;281,71;7,80;5,01
2016.0;7.0;2016-07-01;BRASPINE;PEDRAS;PR;CASTRO;7,18;7,18;60,20;13,81;76,13;1,65;38,51;23,69;99,96;245,94;13,41;0,50
2016.0;7.0;2016-07-01;BRASPINE;PESCARIA;PR;SAO JOSE DA BOA VISTA;184,57;129,22;36,70;15,71;72,76;4,10;29,38;26,39;99,52;287,65;4,10;9,05
2016.0;7.0;2016-07-01;BRASPINE;PESSEGUEIRO;PR;DOUTOR ULYSSES;109,95;64,79;60,57;14,07;78,34;2,69;31,74;24,91;100,00;276,33;7,36;0,63
2016.0;7.0;2016-07-01;BRASPINE;PITANGA;;;;;80,97;14,01;76,37;1,56;43,85;23,33;99,81;268,15;8,04;2,69
2016.0;7.0;2016-07-01;BRASPINE;QUEIMADINHO ARROIO CLARO;PR;DOUTOR ULYSSES;48,13;19,09;59,30;14,07;78,34;2,69;31,74;24,91;100,00;276,33;7,36;0,63
2016.0;7.0;2016-07-01;BRASPINE;QUEIMADINHO M6042;PR;DOUTOR ULYSSES;48,38;18,50;59,30;14,07;78,34;2,69;31,74;24,91;100,00;276,33;7,36;0,63
2016.0;7.0;2016-07-01;BRASPINE;QUEIMADINHO USUCAPIAO;PR;DOUTOR ULYSSES;200,27;92,43;59,30;14,07;78,34;2,69;31,74;24,91;100,00;276,33;7,36;0,63
2016.0;7.0;2016-07-01;BRASPINE;RAMOS;PR;SENGES;69,83;38,15;57,89;14,01;77,27;2,58;31,57;24,45;100,00;273,19;7,03;6,06
2016.0;7.0;2016-07-01;BRASPINE;RIBEIRAO GRANDE;PR;JAGUARIAIVA;20,77;20,77;55,59;13,93;75,09;2,07;34,56;23,69;99,60;239,65;14,70;1,28
2016.0;7.0;2016-07-01;BRASPINE;RINCAO DE BAIXO;;;;;31,28;13,91;75,66;1,03;38,08;23,80;99,53;253,61;19,05;7,58
2016.0;7.0;2016-07-01;BRASPINE;RIO BOMBA;PR;CERRO AZUL;65,03;37,72;85,72;14,42;80,39;1,91;37,96;26,27;99,92;295,85;6,50;14,10
2016.0;7.0;2016-07-01;BRASPINE;RIO DO MEIO;PR;DOUTOR ULYSSES;712,33;389,13;59,72;14,07;78,34;2,69;31,74;24,91;100,00;276,33;7,36;0,63
2016.0;7.0;2016-07-01;BRASPINE;RONDON;PR;JAGUARIAIVA;2899,24;1475,88;47,00;13,99;75,55;2,45;31,25;23,76;99,81;284,80;16,07;2,38
2016.0;7.0;2016-07-01;BRASPINE;SANTA FELICIDADE;;;;;64,16;14,64;81,92;3,24;33,80;27,37;100,00;297,64;7,44;1,87
2016.0;7.0;2016-07-01;BRASPINE;SANTA LIDIA DO CERCADINHO;;;;;29,00;13,69;75,33;0,95;37,83;23,28;99,53;252,10;13,68;0,04
2016.0;7.0;2016-07-01;BRASPINE;SANTO ANTONIO;;;;;48,27;14,01;75,87;2,32;29,30;24,20;99,99;253,06;6,80;6,86
2016.0;7.0;2016-07-01;BRASPINE;SAO JOSE;PR;JANDAIA DO SUL;37,56;37,56;43,24;17,29;69,72;4,14;37,55;27,50;100,00;214,35;4,14;6,47
2016.0;7.0;2016-07-01;BRASPINE;SAO MATHEUS;;;;;49,74;17,94;71,65;3,68;41,76;28,67;99,96;196,95;3,68;0,38
2016.0;7.0;2016-07-01;BRASPINE;SAO PEDRO E SAO PAULO;PR;SAPOPEMA;709,13;323,93;41,81;14,96;74,24;3,23;32,57;25,25;98,93;301,23;8,12;8,16
2016.0;7.0;2016-07-01;BRASPINE;SAO RAFAEL;;;;;98,44;13,29;78,70;0,32;42,06;24,99;99,99;257,08;6,93;9,03
2016.0;7.0;2016-07-01;BRASPINE;SAO RAFAEL - PB;;;;;50,04;14,11;80,04;3,89;33,72;25,39;99,98;260,16;13,53;3,04
2016.0;7.0;2016-07-01;BRASPINE;SERRARIA;PR;DOUTOR ULYSSES;280,88;117,71;61,68;13,94;78,91;2,46;32,93;24,91;100,00;277,48;12,13;5,94
2016.0;7.0;2016-07-01;BRASPINE;SERRO VERDE;;;;;73,52;13,74;75,96;0,82;41,24;23,21;99,91;247,32;15,91;4,04
2016.0;7.0;2016-07-01;BRASPINE;SERTAOZINHO;PR;DOUTOR ULYSSES;16,25;16,25;54,39;14,07;78,34;2,69;31,74;24,91;100,00;276,33;7,36;0,63
2016.0;7.0;2016-07-01;BRASPINE;SITIO BASILIO;PR;JAGUARIAIVA;8,08;8,08;53,90;13,80;74,94;1,85;34,32;23,42;99,49;261,40;18,08;12,68
2016.0;7.0;2016-07-01;BRASPINE;SITIO DAS MARRECAS;PR;DOUTOR ULYSSES;77,49;35,17;66,52;14,37;80,45;3,08;33,26;26,26;100,00;283,37;7,73;2,92
2016.0;7.0;2016-07-01;BRASPINE;SOBRADINHO;SP;BOM SUCESSO DE ITARARE;285,80;123,10;48,14;13,88;77,42;2,18;30,94;24,43;99,99;248,50;11,63;0,46
2016.0;7.0;2016-07-01;BRASPINE;TAQUARAL;PR;JAGUARIAIVA;519,13;31,07;51,19;14,12;75,23;2,26;32,44;24,00;99,90;256,41;15,49;8,39
2016.0;7.0;2016-07-01;BRASPINE;TUCUNDUVA;PR;SENGES;82,21;60,89;49,37;14,50;73,21;2,28;30,29;24,24;99,48;263,61;20,25;0,75
2016.0;7.0;2016-07-01;BRASPINE;TUCUNDUVA - CHAMMA;;;;;46,75;14,63;73,39;3,21;29,51;24,32;99,52;269,72;7,71;4,36
2016.0;7.0;2016-07-01;BRASPINE;VIENA 1;PR;DOUTOR ULYSSES;263,98;178,34;70,89;13,79;77,17;1,83;34,55;24,07;99,98;272,91;5,97;3,66
2016.0;7.0;2016-07-01;BRASPINE;VIENA 2;PR;CERRO AZUL;140,23;96,54;85,59;14,42;80,39;1,91;37,96;26,27;99,92;295,85;6,50;14,10
2016.0;7.0;2016-07-01;BRASPINE;VITORIA;PR;SENGES;50,54;35,69;46,12;14,03;75,17;2,81;29,71;23,80;99,78;271,32;12,09;2,61
2016.0;7.0;2016-07-01;BRASPINE;VIVEIRO;PR;DOUTOR ULYSSES;405,39;261,22;59,87;14,07;78,34;2,69;31,74;24,91;100,00;276,33;7,36;0,63
2016.0;7.0;2016-07-01;BRASPINE;VO LINO;PR;DOUTOR ULYSSES;164,50;97,89;64,92;14,09;79,56;2,92;32,97;25,37;100,00;281,71;7,80;5,01
2016.0;7.0;2016-07-01;BRASPINE;XAXIM VELHO;;;;;83,73;12,49;80,21;-0,51;43,98;22,59;100,00;238,59;21,00;205,57
2016.0;8.0;2016-08-01;BRASPINE;AGUA DOCE;PR;JAGUARIAIVA;238,97;121,99;68,18;15,09;77,38;3,16;35,89;26,09;99,83;320,23;16,29;15,61
2016.0;8.0;2016-08-01;BRASPINE;AMATA;;;;;146,26;15,50;83,89;3,86;34,85;28,12;99,98;307,13;8,05;4,83
2016.0;8.0;2016-08-01;BRASPINE;ANTA BRAVA;;;;;31,50;18,39;71,95;8,42;28,27;30,25;98,55;269,38;0,00;19,03
2016.0;8.0;2016-08-01;BRASPINE;ARAPONGAS;PR;SENGES;423,34;263,70;60,65;14,83;81,66;3,80;31,85;26,45;100,00;313,19;8,46;0,68
2016.0;8.0;2016-08-01;BRASPINE;ARROIO CLARO;PR;DOUTOR ULYSSES;275,14;92,00;96,08;14,80;82,85;3,61;31,10;26,83;100,00;297,86;7,57;2,29
2016.0;8.0;2016-08-01;BRASPINE;BARRA GRANDE;PR;DOUTOR ULYSSES;493,79;139,68;62,90;15,13;82,54;4,18;31,36;27,31;100,00;301,07;8,55;17,85
2016.0;8.0;2016-08-01;BRASPINE;BARRA GRANDE - BEMAIS;PR;GUARAPUAVA;299,16;108,61;231,76;14,25;81,48;2,22;38,53;24,79;99,99;295,73;18,55;34,96
2016.0;8.0;2016-08-01;BRASPINE;BARRETOS;PR;JAGUARIAIVA;43,35;32,98;67,98;14,99;79,88;4,08;33,08;26,67;99,99;320,82;13,27;4,95
2016.0;8.0;2016-08-01;BRASPINE;BAU;;;;;116,99;14,64;80,11;1,72;42,49;24,57;99,96;306,65;10,22;2,38
2016.0;8.0;2016-08-01;BRASPINE;BOA VISTA II;PR;PIRAI DO SUL;944,00;535,05;71,30;14,99;78,82;3,33;34,35;26,54;100,00;316,13;11,14;5,73
2016.0;8.0;2016-08-01;BRASPINE;BRASILEIRA;;;;;60,12;14,83;81,66;3,80;31,85;26,45;100,00;313,19;8,46;0,68
2016.0;8.0;2016-08-01;BRASPINE;BURACAO;;;;;134,85;14,57;80,81;3,27;33,69;25,96;99,80;310,01;6,90;11,95
2016.0;8.0;2016-08-01;BRASPINE;BURRINHO;PR;DOUTOR ULYSSES;211,01;100,37;94,31;14,80;82,85;3,61;31,10;26,83;100,00;297,86;7,57;2,29
2016.0;8.0;2016-08-01;BRASPINE;CADEADO I;PR;JAGUARIAIVA;21,07;12,29;64,95;14,76;80,74;3,44;32,32;26,35;100,00;311,93;13,28;3,39
2016.0;8.0;2016-08-01;BRASPINE;CADEADO II;PR;JAGUARIAIVA;21,88;16,79;64,95;14,76;80,74;3,44;32,32;26,35;100,00;311,93;13,28;3,39
2016.0;8.0;2016-08-01;BRASPINE;CAMPINA ALTA;PR;TIBAGI;29,77;18,24;171,49;15,69;79,73;3,16;40,83;26,26;100,00;294,85;14,75;2,43
2016.0;8.0;2016-08-01;BRASPINE;CAMPINA DO ELIAS;PR;JAGUARIAIVA;29,17;14,65;68,64;14,91;80,19;3,85;32,80;26,56;99,99;317,58;13,35;4,46
2016.0;8.0;2016-08-01;BRASPINE;CAMPO NOVO;PR;JAGUARIAIVA;295,98;156,36;65,25;14,76;80,74;3,44;32,32;26,35;100,00;311,93;13,28;3,39
2016.0;8.0;2016-08-01;BRASPINE;CONSULTORIA II A;PR;DOUTOR ULYSSES;89,62;60,79;62,64;14,83;81,66;3,80;31,85;26,45;100,00;313,19;8,46;0,68
2016.0;8.0;2016-08-01;BRASPINE;DINIZ;;;;;60,43;14,83;81,66;3,80;31,85;26,45;100,00;313,19;8,46;0,68
2016.0;8.0;2016-08-01;BRASPINE;ENES;PR;JAGUARIAIVA;5,93;5,69;66,00;14,76;80,74;3,44;32,32;26,35;100,00;311,93;13,28;3,39
2016.0;8.0;2016-08-01;BRASPINE;ENGENHARIA;;;;;60,43;14,83;81,66;3,80;31,85;26,45;100,00;313,19;8,46;0,68
2016.0;8.0;2016-08-01;BRASPINE;ESTACAO;PR;SENGES;4,76;4,14;62,84;14,76;80,74;3,44;32,32;26,35;100,00;311,93;13,28;3,39
2016.0;8.0;2016-08-01;BRASPINE;FAXINAL;PR;JAGUARIAIVA;20,65;20,65;66,00;14,76;80,74;3,44;32,32;26,35;100,00;311,93;13,28;3,39
2016.0;8.0;2016-08-01;BRASPINE;FEITAL;PR;DOUTOR ULYSSES;154,17;86,53;62,83;14,93;81,95;3,93;31,69;26,69;100,00;299,21;8,49;21,87
2016.0;8.0;2016-08-01;BRASPINE;FIGUEIRA;PR;DOUTOR ULYSSES;1053,81;315,71;64,63;14,80;82,85;3,61;31,10;26,83;100,00;297,86;7,57;2,29
2016.0;8.0;2016-08-01;BRASPINE;FIGUEIRINHA;PR;DOUTOR ULYSSES;94,37;56,74;83,72;14,80;82,85;3,61;31,10;26,83;100,00;297,86;7,57;2,29
2016.0;8.0;2016-08-01;BRASPINE;FLOEMA;PR;DOUTOR ULYSSES;2189,88;701,43;68,58;14,50;81,74;3,36;31,51;26,08;100,00;307,74;17,69;3,70
2016.0;8.0;2016-08-01;BRASPINE;FLOEMA I - SUDATI;;;;;61,82;14,83;81,66;3,80;31,85;26,45;100,00;313,19;8,46;0,68
2016.0;8.0;2016-08-01;BRASPINE;FLOEMA II - SUDATI;PR;DOUTOR ULYSSES;453,83;211,13;63,19;14,83;81,66;3,80;31,85;26,45;100,00;313,19;8,46;0,68
2016.0;8.0;2016-08-01;BRASPINE;FLOR DA SERRA;PR;SAO JOSE DA BOA VISTA;209,10;128,72;62,27;16,80;74,00;4,92;33,97;28,25;99,34;306,25;4,92;9,42
2016.0;8.0;2016-08-01;BRASPINE;GENTIL;PR;JAGUARIAIVA;126,77;53,33;67,00;14,83;77,44;3,08;36,40;25,61;99,57;314,98;15,45;1,92
2016.0;8.0;2016-08-01;BRASPINE;GUAIRACA;PR;GUARAPUAVA;623,62;169,31;241,78;14,24;81,86;2,01;40,09;24,93;99,99;290,98;17,34;61,23
2016.0;8.0;2016-08-01;BRASPINE;HERVAL 2 - MADALOSSO;;;;;130,95;14,57;80,81;3,27;33,69;25,96;99,80;310,01;6,90;11,95
2016.0;8.0;2016-08-01;BRASPINE;HERVAL DE BAIXO;PR;RESERVA;827,29;475,92;180,15;15,51;80,75;2,94;41,19;26,32;100,00;297,19;18,41;7,33
2016.0;8.0;2016-08-01;BRASPINE;HORTO 01;PR;TURVO;19,12;19,12;131,55;14,92;81,50;1,73;42,25;25,32;99,75;279,89;15,53;2,39
2016.0;8.0;2016-08-01;BRASPINE;HORTO 02;PR;TURVO;4,24;4,24;120,39;14,92;81,50;1,73;42,25;25,32;99,75;279,89;15,53;2,39
2016.0;8.0;2016-08-01;BRASPINE;HORTO 03;PR;PRUDENTOPOLIS;80,91;25,89;163,86;15,29;81,50;2,75;41,35;25,99;99,88;320,79;19,72;21,75
2016.0;8.0;2016-08-01;BRASPINE;HORTO 08;PR;TURVO;9,53;9,53;105,06;15,29;81,50;2,75;41,35;25,99;99,88;320,79;19,72;21,75
2016.0;8.0;2016-08-01;BRASPINE;HORTO 12;PR;PRUDENTOPOLIS;12,20;12,20;168,10;15,29;81,50;2,75;41,35;25,99;99,88;320,79;19,72;21,75
2016.0;8.0;2016-08-01;BRASPINE;IZAU;PR;PIRAI DO SUL;19,37;11,60;66,76;14,84;78,12;3,62;35,24;25,99;99,62;318,97;17,46;6,53
2016.0;8.0;2016-08-01;BRASPINE;JOAO RICO;PR;JAGUARIAIVA;47,46;26,18;68,21;15,09;77,38;3,16;35,89;26,09;99,83;320,23;16,29;15,61
2016.0;8.0;2016-08-01;BRASPINE;LAGOA;PR;JAGUARIAIVA;24,10;10,78;64,60;14,76;80,74;3,44;32,32;26,35;100,00;311,93;13,28;3,39
2016.0;8.0;2016-08-01;BRASPINE;MARACANA;PR;JANDAIA DO SUL;11,45;11,45;106,41;18,41;70,07;6,73;32,89;28,84;99,98;187,05;0,00;0,22
2016.0;8.0;2016-08-01;BRASPINE;MARRECA;;;;;70,45;14,80;82,85;3,61;31,10;26,83;100,00;297,86;7,57;2,29
2016.0;8.0;2016-08-01;BRASPINE;MARRECA SP;SP;ITAPIRAPUA PAULISTA;675,30;236,19;100,29;15,26;83,76;3,70;31,25;27,97;100,00;300,75;12,49;0,01
2016.0;8.0;2016-08-01;BRASPINE;MARRECAS;;;;;243,50;13,80;81,61;1,56;37,76;24,31;100,00;282,50;15,40;3,09
2016.0;8.0;2016-08-01;BRASPINE;MERCADINHO;;;;;110,86;15,02;83,78;3,69;32,36;27,47;100,00;295,00;7,48;3,86
2016.0;8.0;2016-08-01;BRASPINE;MONTE ALEGRE;;;;;97,13;18,76;69,94;7,16;33,28;29,46;99,98;161,63;0,00;5,07
2016.0;8.0;2016-08-01;BRASPINE;MONTE TABOR II;;;;;66,87;14,68;85,40;2,57;40,12;26,28;100,00;290,07;6,95;14,13
2016.0;8.0;2016-08-01;BRASPINE;MOREIRA;PR;DOUTOR ULYSSES;230,52;68,68;63,19;14,83;81,66;3,80;31,85;26,45;100,00;313,19;8,46;0,68
2016.0;8.0;2016-08-01;BRASPINE;MOREIRAS II;PR;DOUTOR ULYSSES;66,76;28,75;62,56;14,83;81,66;3,80;31,85;26,45;100,00;313,19;8,46;0,68
2016.0;8.0;2016-08-01;BRASPINE;MORRETES;PR;ORTIGUEIRA;20,36;20,36;178,67;15,80;81,27;3,44;40,62;27,01;99,97;282,82;19,19;1,80
2016.0;8.0;2016-08-01;BRASPINE;MORRO AZUL;;;;;59,47;15,09;81,49;4,01;31,68;26,98;100,00;298,30;12,95;58,23
2016.0;8.0;2016-08-01;BRASPINE;OURO FINO;SP;APIAI;51,70;51,70;65,01;14,77;83,27;3,05;35,02;26,44;100,00;291,25;11,88;2,34
2016.0;8.0;2016-08-01;BRASPINE;PALMEIRINHA DE BAIXO - SOSSEGO;PR;SENGES;85,93;9,22;59,27;14,97;77,78;4,07;34,00;26,01;99,86;316,70;13,06;59,59
2016.0;8.0;2016-08-01;BRASPINE;PAZIN;PR;DOUTOR ULYSSES;41,20;23,90;65,94;14,80;82,85;3,61;31,10;26,83;100,00;297,86;7,57;2,29
2016.0;8.0;2016-08-01;BRASPINE;PEDRAS;PR;CASTRO;7,18;7,18;70,83;14,63;79,65;3,24;37,69;25,84;99,64;305,67;14,34;3,40
2016.0;8.0;2016-08-01;BRASPINE;PESCARIA;PR;SAO JOSE DA BOA VISTA;184,57;129,22;63,13;16,98;73,37;4,63;33,16;28,50;99,15;279,88;4,63;17,34
2016.0;8.0;2016-08-01;BRASPINE;PESSEGUEIRO;PR;DOUTOR ULYSSES;109,95;64,79;64,17;14,83;81,66;3,80;31,85;26,45;100,00;313,19;8,46;0,68
2016.0;8.0;2016-08-01;BRASPINE;PITANGA;;;;;114,88;15,31;79,60;2,27;42,70;25,14;99,99;310,20;7,11;8,94
2016.0;8.0;2016-08-01;BRASPINE;QUEIMADINHO ARROIO CLARO;PR;DOUTOR ULYSSES;48,13;19,09;60,12;14,83;81,66;3,80;31,85;26,45;100,00;313,19;8,46;0,68
2016.0;8.0;2016-08-01;BRASPINE;QUEIMADINHO M6042;PR;DOUTOR ULYSSES;48,38;18,50;60,12;14,83;81,66;3,80;31,85;26,45;100,00;313,19;8,46;0,68
2016.0;8.0;2016-08-01;BRASPINE;QUEIMADINHO USUCAPIAO;PR;DOUTOR ULYSSES;200,27;92,43;60,12;14,83;81,66;3,80;31,85;26,45;100,00;313,19;8,46;0,68
2016.0;8.0;2016-08-01;BRASPINE;RAMOS;PR;SENGES;69,83;38,15;61,82;14,76;80,74;3,44;32,32;26,35;100,00;311,93;13,28;3,39
2016.0;8.0;2016-08-01;BRASPINE;RIBEIRAO GRANDE;PR;JAGUARIAIVA;20,77;20,77;67,00;14,84;78,12;3,62;35,24;25,99;99,62;318,97;17,46;6,53
2016.0;8.0;2016-08-01;BRASPINE;RINCAO DE BAIXO;;;;;126,39;15,18;77,53;2,80;37,87;25,89;99,78;312,45;17,55;0,32
2016.0;8.0;2016-08-01;BRASPINE;RIO BOMBA;PR;CERRO AZUL;65,03;37,72;118,87;15,21;83,39;3,64;33,84;27,63;99,97;300,48;7,33;8,63
2016.0;8.0;2016-08-01;BRASPINE;RIO DO MEIO;PR;DOUTOR ULYSSES;712,33;389,13;61,91;14,83;81,66;3,80;31,85;26,45;100,00;313,19;8,46;0,68
2016.0;8.0;2016-08-01;BRASPINE;RONDON;PR;JAGUARIAIVA;2899,24;1475,88;61,69;14,91;78,35;3,54;34,71;25,97;99,88;315,18;16,99;70,80
2016.0;8.0;2016-08-01;BRASPINE;SANTA FELICIDADE;;;;;64,84;15,44;84,65;3,61;31,76;28,66;100,00;298,53;12,25;0,71
2016.0;8.0;2016-08-01;BRASPINE;SANTA LIDIA DO CERCADINHO;;;;;130,26;14,91;77,38;2,71;37,73;25,40;99,71;307,29;17,54;3,40
2016.0;8.0;2016-08-01;BRASPINE;SANTO ANTONIO;;;;;59,23;14,94;78,43;4,09;32,47;26,23;100,00;311,38;12,58;65,35
2016.0;8.0;2016-08-01;BRASPINE;SAO JOSE;PR;JANDAIA DO SUL;37,56;37,56;97,37;18,64;69,98;7,01;33,28;29,24;99,98;175,31;0,00;5,94
2016.0;8.0;2016-08-01;BRASPINE;SAO MATHEUS;;;;;65,19;19,44;71,31;7,83;33,53;30,82;99,95;119,91;0,00;7,51
2016.0;8.0;2016-08-01;BRASPINE;SAO PEDRO E SAO PAULO;PR;SAPOPEMA;709,13;323,93;117,15;16,47;73,76;4,67;32,29;27,12;99,63;274,10;9,39;27,63
2016.0;8.0;2016-08-01;BRASPINE;SAO RAFAEL;;;;;150,16;14,04;82,26;2,16;36,46;25,73;100,00;285,12;15,57;6,24
2016.0;8.0;2016-08-01;BRASPINE;SAO RAFAEL - PB;;;;;63,63;14,91;82,76;3,43;33,84;26,67;100,00;295,64;17,33;41,79
2016.0;8.0;2016-08-01;BRASPINE;SERRARIA;PR;DOUTOR ULYSSES;280,88;117,71;67,34;14,65;82,29;3,49;31,30;26,40;100,00;295,37;12,75;3,06
2016.0;8.0;2016-08-01;BRASPINE;SERRO VERDE;;;;;126,67;15,00;79,32;1,07;43,11;25,06;99,99;305,84;10,41;0,35
2016.0;8.0;2016-08-01;BRASPINE;SERTAOZINHO;PR;DOUTOR ULYSSES;16,25;16,25;59,62;14,83;81,66;3,80;31,85;26,45;100,00;313,19;8,46;0,68
2016.0;8.0;2016-08-01;BRASPINE;SITIO BASILIO;PR;JAGUARIAIVA;8,08;8,08;67,82;14,90;77,21;2,94;36,66;25,62;99,64;315,15;20,03;0,43
2016.0;8.0;2016-08-01;BRASPINE;SITIO DAS MARRECAS;PR;DOUTOR ULYSSES;77,49;35,17;75,48;15,13;83,50;3,78;31,20;27,64;100,00;299,96;12,53;0,95
2016.0;8.0;2016-08-01;BRASPINE;SOBRADINHO;SP;BOM SUCESSO DE ITARARE;285,80;123,10;61,78;14,79;79,79;3,84;32,36;26,22;100,00;306,59;11,77;66,19
2016.0;8.0;2016-08-01;BRASPINE;TAQUARAL;PR;JAGUARIAIVA;519,13;31,07;65,93;15,07;78,08;3,17;35,54;26,18;99,99;318,99;11,48;10,23
2016.0;8.0;2016-08-01;BRASPINE;TUCUNDUVA;PR;SENGES;82,21;60,89;64,98;15,64;74,84;3,81;35,01;26,48;99,50;269,29;11,88;6,52
2016.0;8.0;2016-08-01;BRASPINE;TUCUNDUVA - CHAMMA;;;;;62,46;15,69;75,22;4,17;34,77;26,59;99,53;270,61;13,38;5,59
2016.0;8.0;2016-08-01;BRASPINE;VIENA 1;PR;DOUTOR ULYSSES;263,98;178,34;84,92;14,54;80,75;3,47;33,52;25,87;100,00;310,75;12,49;1,82
2016.0;8.0;2016-08-01;BRASPINE;VIENA 2;PR;CERRO AZUL;140,23;96,54;118,33;15,21;83,39;3,64;33,84;27,63;99,97;300,48;7,33;8,63
2016.0;8.0;2016-08-01;BRASPINE;VITORIA;PR;SENGES;50,54;35,69;59,27;14,97;77,78;4,07;34,00;26,01;99,86;316,70;13,06;59,59
2016.0;8.0;2016-08-01;BRASPINE;VIVEIRO;PR;DOUTOR ULYSSES;405,39;261,22;62,56;14,83;81,66;3,80;31,85;26,45;100,00;313,19;8,46;0,68
2016.0;8.0;2016-08-01;BRASPINE;VO LINO;PR;DOUTOR ULYSSES;164,50;97,89;79,09;14,80;82,85;3,61;31,10;26,83;100,00;297,86;7,57;2,29
2016.0;8.0;2016-08-01;BRASPINE;XAXIM VELHO;;;;;242,71;13,76;82,50;0,53;40,02;24,51;100,00;278,09;24,64;1,19
2016.0;9.0;2016-09-01;BRASPINE;AGUA DOCE;PR;JAGUARIAIVA;238,97;121,99;88,62;15,55;76,06;5,14;31,65;27,72;99,88;289,32;0,00;25,10
2016.0;9.0;2016-09-01;BRASPINE;AMATA;;;;;92,94;16,54;79,22;6,38;34,38;30,63;100,00;314,19;0,00;1,61
2016.0;9.0;2016-09-01;BRASPINE;ANTA BRAVA;;;;;53,47;18,63;72,17;10,56;27,11;31,90;99,84;281,29;0,00;7,03
2016.0;9.0;2016-09-01;BRASPINE;ARAPONGAS;PR;SENGES;423,34;263,70;85,73;15,57;79,56;5,92;32,86;29,10;100,00;313,45;0,00;14,59
2016.0;9.0;2016-09-01;BRASPINE;ARROIO CLARO;PR;DOUTOR ULYSSES;275,14;92,00;82,62;15,66;80,28;6,64;33,36;29,68;100,00;321,15;0,00;0,45
2016.0;9.0;2016-09-01;BRASPINE;BARRA GRANDE;PR;DOUTOR ULYSSES;493,79;139,68;74,40;15,91;80,24;5,87;33,16;29,74;100,00;322,89;0,00;7,10
2016.0;9.0;2016-09-01;BRASPINE;BARRA GRANDE - BEMAIS;PR;GUARAPUAVA;299,16;108,61;83,44;14,79;77,18;3,66;38,11;25,80;99,99;280,16;8,06;84,73
2016.0;9.0;2016-09-01;BRASPINE;BARRETOS;PR;JAGUARIAIVA;43,35;32,98;86,81;15,52;78,10;5,59;32,96;28,68;100,00;308,29;0,00;3,61
2016.0;9.0;2016-09-01;BRASPINE;BAU;;;;;87,70;14,84;75,54;3,09;38,57;25,45;99,94;271,62;6,22;0,44
2016.0;9.0;2016-09-01;BRASPINE;BOA VISTA II;PR;PIRAI DO SUL;944,00;535,05;88,59;15,48;77,07;4,67;32,77;28,37;99,98;302,89;4,67;7,27
2016.0;9.0;2016-09-01;BRASPINE;BRASILEIRA;;;;;78,18;15,57;79,56;5,92;32,86;29,10;100,00;313,45;0,00;14,59
2016.0;9.0;2016-09-01;BRASPINE;BURACAO;;;;;93,12;15,25;78,16;5,46;37,68;28,16;100,00;323,28;0,00;4,84
2016.0;9.0;2016-09-01;BRASPINE;BURRINHO;PR;DOUTOR ULYSSES;211,01;100,37;82,51;15,66;80,28;6,64;33,36;29,68;100,00;321,15;0,00;0,45
2016.0;9.0;2016-09-01;BRASPINE;CADEADO I;PR;JAGUARIAIVA;21,07;12,29;81,83;15,41;78,91;5,85;32,95;28,66;100,00;305,68;0,00;22,30
2016.0;9.0;2016-09-01;BRASPINE;CADEADO II;PR;JAGUARIAIVA;21,88;16,79;81,83;15,41;78,91;5,85;32,95;28,66;100,00;305,68;0,00;22,30
2016.0;9.0;2016-09-01;BRASPINE;CAMPINA ALTA;PR;TIBAGI;29,77;18,24;105,26;16,30;75,45;5,02;34,62;29,33;99,91;284,97;0,00;3,75
2016.0;9.0;2016-09-01;BRASPINE;CAMPINA DO ELIAS;PR;JAGUARIAIVA;29,17;14,65;83,16;15,48;78,40;5,68;33,27;28,67;100,00;307,34;0,00;2,06
2016.0;9.0;2016-09-01;BRASPINE;CAMPO NOVO;PR;JAGUARIAIVA;295,98;156,36;85,48;15,41;78,91;5,85;32,95;28,66;100,00;305,68;0,00;22,30
2016.0;9.0;2016-09-01;BRASPINE;CONSULTORIA II A;PR;DOUTOR ULYSSES;89,62;60,79;76,76;15,57;79,56;5,92;32,86;29,10;100,00;313,45;0,00;14,59
2016.0;9.0;2016-09-01;BRASPINE;DINIZ;;;;;80,86;15,57;79,56;5,92;32,86;29,10;100,00;313,45;0,00;14,59
2016.0;9.0;2016-09-01;BRASPINE;ENES;PR;JAGUARIAIVA;5,93;5,69;85,35;15,41;78,91;5,85;32,95;28,66;100,00;305,68;0,00;22,30
2016.0;9.0;2016-09-01;BRASPINE;ENGENHARIA;;;;;80,86;15,57;79,56;5,92;32,86;29,10;100,00;313,45;0,00;14,59
2016.0;9.0;2016-09-01;BRASPINE;ESTACAO;PR;SENGES;4,76;4,14;78,33;15,41;78,91;5,85;32,95;28,66;100,00;305,68;0,00;22,30
2016.0;9.0;2016-09-01;BRASPINE;FAXINAL;PR;JAGUARIAIVA;20,65;20,65;85,35;15,41;78,91;5,85;32,95;28,66;100,00;305,68;0,00;22,30
2016.0;9.0;2016-09-01;BRASPINE;FEITAL;PR;DOUTOR ULYSSES;154,17;86,53;76,45;15,68;79,79;5,90;32,96;29,31;100,00;316,60;0,00;12,03
2016.0;9.0;2016-09-01;BRASPINE;FIGUEIRA;PR;DOUTOR ULYSSES;1053,81;315,71;76,75;15,66;80,28;6,64;33,36;29,68;100,00;321,15;0,00;0,45
2016.0;9.0;2016-09-01;BRASPINE;FIGUEIRINHA;PR;DOUTOR ULYSSES;94,37;56,74;79,66;15,66;80,28;6,64;33,36;29,68;100,00;321,15;0,00;0,45
2016.0;9.0;2016-09-01;BRASPINE;FLOEMA;PR;DOUTOR ULYSSES;2189,88;701,43;80,38;15,28;79,57;6,18;33,21;28,97;100,00;309,35;0,00;2,21
2016.0;9.0;2016-09-01;BRASPINE;FLOEMA I - SUDATI;;;;;79,51;15,57;79,56;5,92;32,86;29,10;100,00;313,45;0,00;14,59
2016.0;9.0;2016-09-01;BRASPINE;FLOEMA II - SUDATI;PR;DOUTOR ULYSSES;453,83;211,13;75,55;15,57;79,56;5,92;32,86;29,10;100,00;313,45;0,00;14,59
2016.0;9.0;2016-09-01;BRASPINE;FLOR DA SERRA;PR;SAO JOSE DA BOA VISTA;209,10;128,72;68,74;17,60;70,97;6,33;28,10;30,07;99,81;308,13;0,00;31,81
2016.0;9.0;2016-09-01;BRASPINE;GENTIL;PR;JAGUARIAIVA;126,77;53,33;85,69;15,30;76,13;4,59;31,95;27,43;99,72;296,90;4,59;5,70
2016.0;9.0;2016-09-01;BRASPINE;GUAIRACA;PR;GUARAPUAVA;623,62;169,31;95,60;14,80;77,30;3,55;37,90;25,50;99,99;279,56;7,31;90,75
2016.0;9.0;2016-09-01;BRASPINE;HERVAL 2 - MADALOSSO;;;;;96,15;15,25;78,16;5,46;37,68;28,16;100,00;323,28;0,00;4,84
2016.0;9.0;2016-09-01;BRASPINE;HERVAL DE BAIXO;PR;RESERVA;827,29;475,92;96,56;16,19;76,13;4,22;35,31;29,40;99,84;288,75;8,46;0,71
2016.0;9.0;2016-09-01;BRASPINE;HORTO 01;PR;TURVO;19,12;19,12;75,73;15,29;77,34;3,62;41,60;27,17;99,78;269,92;7,74;18,63
2016.0;9.0;2016-09-01;BRASPINE;HORTO 02;PR;TURVO;4,24;4,24;75,75;15,29;77,34;3,62;41,60;27,17;99,78;269,92;7,74;18,63
2016.0;9.0;2016-09-01;BRASPINE;HORTO 03;PR;PRUDENTOPOLIS;80,91;25,89;79,97;15,79;76,77;3,98;38,75;27,80;99,86;287,73;8,74;3,66
2016.0;9.0;2016-09-01;BRASPINE;HORTO 08;PR;TURVO;9,53;9,53;77,99;15,79;76,77;3,98;38,75;27,80;99,86;287,73;8,74;3,66
2016.0;9.0;2016-09-01;BRASPINE;HORTO 12;PR;PRUDENTOPOLIS;12,20;12,20;85,18;15,79;76,77;3,98;38,75;27,80;99,86;287,73;8,74;3,66
2016.0;9.0;2016-09-01;BRASPINE;IZAU;PR;PIRAI DO SUL;19,37;11,60;84,67;15,27;76,71;5,04;32,05;27,89;99,70;313,81;0,00;10,45
2016.0;9.0;2016-09-01;BRASPINE;JOAO RICO;PR;JAGUARIAIVA;47,46;26,18;86,80;15,55;76,06;5,14;31,65;27,72;99,88;289,32;0,00;25,10
2016.0;9.0;2016-09-01;BRASPINE;LAGOA;PR;JAGUARIAIVA;24,10;10,78;79,98;15,41;78,91;5,85;32,95;28,66;100,00;305,68;0,00;22,30
2016.0;9.0;2016-09-01;BRASPINE;MARACANA;PR;JANDAIA DO SUL;11,45;11,45;66,38;18,74;66,43;6,65;20,97;32,05;100,00;237,71;0,00;0,13
2016.0;9.0;2016-09-01;BRASPINE;MARRECA;;;;;80,64;15,66;80,28;6,64;33,36;29,68;100,00;321,15;0,00;0,45
2016.0;9.0;2016-09-01;BRASPINE;MARRECA SP;SP;ITAPIRAPUA PAULISTA;675,30;236,19;78,81;16,14;80,78;6,72;33,27;30,45;100,00;332,53;0,00;4,30
2016.0;9.0;2016-09-01;BRASPINE;MARRECAS;;;;;88,34;14,34;77,19;3,25;36,76;24,90;100,00;266,76;7,30;88,87
2016.0;9.0;2016-09-01;BRASPINE;MERCADINHO;;;;;83,67;16,04;79,85;6,32;33,62;30,20;100,00;330,18;0,00;0,25
2016.0;9.0;2016-09-01;BRASPINE;MONTE ALEGRE;;;;;69,63;19,14;65,84;7,21;21,23;32,60;99,95;215,34;0,00;2,36
2016.0;9.0;2016-09-01;BRASPINE;MONTE TABOR II;;;;;77,69;15,73;82,21;5,84;35,73;30,05;100,00;323,30;0,00;22,85
2016.0;9.0;2016-09-01;BRASPINE;MOREIRA;PR;DOUTOR ULYSSES;230,52;68,68;75,55;15,57;79,56;5,92;32,86;29,10;100,00;313,45;0,00;14,59
2016.0;9.0;2016-09-01;BRASPINE;MOREIRAS II;PR;DOUTOR ULYSSES;66,76;28,75;76,94;15,57;79,56;5,92;32,86;29,10;100,00;313,45;0,00;14,59
2016.0;9.0;2016-09-01;BRASPINE;MORRETES;PR;ORTIGUEIRA;20,36;20,36;105,00;16,55;76,20;4,19;33,47;30,04;99,96;293,63;8,64;4,40
2016.0;9.0;2016-09-01;BRASPINE;MORRO AZUL;;;;;78,22;15,81;79,62;5,58;32,54;29,22;100,00;317,47;0,00;21,98
2016.0;9.0;2016-09-01;BRASPINE;OURO FINO;SP;APIAI;51,70;51,70;87,13;15,60;80,97;5,42;33,58;29,36;100,00;316,73;0,00;15,37
2016.0;9.0;2016-09-01;BRASPINE;PALMEIRINHA DE BAIXO - SOSSEGO;PR;SENGES;85,93;9,22;77,46;15,53;76,92;5,93;29,15;27,91;99,85;309,57;0,00;39,24
2016.0;9.0;2016-09-01;BRASPINE;PAZIN;PR;DOUTOR ULYSSES;41,20;23,90;76,48;15,66;80,28;6,64;33,36;29,68;100,00;321,15;0,00;0,45
2016.0;9.0;2016-09-01;BRASPINE;PEDRAS;PR;CASTRO;7,18;7,18;90,56;15,15;77,61;4,55;35,47;27,86;99,81;310,38;9,41;2,24
2016.0;9.0;2016-09-01;BRASPINE;PESCARIA;PR;SAO JOSE DA BOA VISTA;184,57;129,22;72,52;17,75;70,57;6,97;26,36;30,22;99,78;313,45;0,00;32,59
2016.0;9.0;2016-09-01;BRASPINE;PESSEGUEIRO;PR;DOUTOR ULYSSES;109,95;64,79;74,33;15,57;79,56;5,92;32,86;29,10;100,00;313,45;0,00;14,59
2016.0;9.0;2016-09-01;BRASPINE;PITANGA;;;;;81,83;15,52;74,67;3,14;37,88;26,85;99,80;289,60;6,75;0,12
2016.0;9.0;2016-09-01;BRASPINE;QUEIMADINHO ARROIO CLARO;PR;DOUTOR ULYSSES;48,13;19,09;78,18;15,57;79,56;5,92;32,86;29,10;100,00;313,45;0,00;14,59
2016.0;9.0;2016-09-01;BRASPINE;QUEIMADINHO M6042;PR;DOUTOR ULYSSES;48,38;18,50;78,18;15,57;79,56;5,92;32,86;29,10;100,00;313,45;0,00;14,59
2016.0;9.0;2016-09-01;BRASPINE;QUEIMADINHO USUCAPIAO;PR;DOUTOR ULYSSES;200,27;92,43;78,18;15,57;79,56;5,92;32,86;29,10;100,00;313,45;0,00;14,59
2016.0;9.0;2016-09-01;BRASPINE;RAMOS;PR;SENGES;69,83;38,15;79,51;15,41;78,91;5,85;32,95;28,66;100,00;305,68;0,00;22,30
2016.0;9.0;2016-09-01;BRASPINE;RIBEIRAO GRANDE;PR;JAGUARIAIVA;20,77;20,77;83,74;15,27;76,71;5,04;32,05;27,89;99,70;313,81;0,00;10,45
2016.0;9.0;2016-09-01;BRASPINE;RINCAO DE BAIXO;;;;;80,86;15,78;74,33;4,00;32,58;28,28;99,76;297,38;8,90;0,12
2016.0;9.0;2016-09-01;BRASPINE;RIO BOMBA;PR;CERRO AZUL;65,03;37,72;90,14;16,26;78,82;6,79;33,88;30,43;100,00;321,72;0,00;1,58
2016.0;9.0;2016-09-01;BRASPINE;RIO DO MEIO;PR;DOUTOR ULYSSES;712,33;389,13;77,26;15,57;79,56;5,92;32,86;29,10;100,00;313,45;0,00;14,59
2016.0;9.0;2016-09-01;BRASPINE;RONDON;PR;JAGUARIAIVA;2899,24;1475,88;89,18;15,48;77,25;5,35;31,59;27,75;99,92;306,31;0,00;3,34
2016.0;9.0;2016-09-01;BRASPINE;SANTA FELICIDADE;;;;;78,75;16,45;81,18;6,66;33,06;30,96;100,00;323,39;0,00;4,15
2016.0;9.0;2016-09-01;BRASPINE;SANTA LIDIA DO CERCADINHO;;;;;80,94;15,53;74,36;3,91;32,68;27,77;99,72;309,70;8,76;2,67
2016.0;9.0;2016-09-01;BRASPINE;SANTO ANTONIO;;;;;78,55;15,53;77,37;5,40;28,55;28,33;100,00;307,77;0,00;329,65
2016.0;9.0;2016-09-01;BRASPINE;SAO JOSE;PR;JANDAIA DO SUL;37,56;37,56;69,52;19,00;66,00;7,12;21,37;32,39;99,99;228,40;0,00;2,86
2016.0;9.0;2016-09-01;BRASPINE;SAO MATHEUS;;;;;82,03;19,90;66,14;7,36;23,46;34,09;99,60;174,33;0,00;9,34
2016.0;9.0;2016-09-01;BRASPINE;SAO PEDRO E SAO PAULO;PR;SAPOPEMA;709,13;323,93;78,39;16,97;71,09;5,83;28,88;29,88;99,63;295,51;0,00;4,04
2016.0;9.0;2016-09-01;BRASPINE;SAO RAFAEL;;;;;91,72;15,03;76,90;4,17;36,62;27,11;99,87;316,11;8,54;1,20
2016.0;9.0;2016-09-01;BRASPINE;SAO RAFAEL - PB;;;;;86,57;15,69;80,63;5,73;33,14;29,48;100,00;319,10;0,00;16,82
2016.0;9.0;2016-09-01;BRASPINE;SERRARIA;PR;DOUTOR ULYSSES;280,88;117,71;78,87;15,47;79,93;6,41;33,28;29,33;100,00;315,23;0,00;1,36
2016.0;9.0;2016-09-01;BRASPINE;SERRO VERDE;;;;;95,97;15,14;74,61;2,37;37,95;26,03;99,91;262,48;5,75;2,05
2016.0;9.0;2016-09-01;BRASPINE;SERTAOZINHO;PR;DOUTOR ULYSSES;16,25;16,25;79,78;15,57;79,56;5,92;32,86;29,10;100,00;313,45;0,00;14,59
2016.0;9.0;2016-09-01;BRASPINE;SITIO BASILIO;PR;JAGUARIAIVA;8,08;8,08;88,76;15,38;75,93;4,60;31,84;27,37;99,77;298,33;4,60;2,06
2016.0;9.0;2016-09-01;BRASPINE;SITIO DAS MARRECAS;PR;DOUTOR ULYSSES;77,49;35,17;78,47;16,00;80,64;6,70;33,29;30,23;100,00;329,27;0,00;4,35
2016.0;9.0;2016-09-01;BRASPINE;SOBRADINHO;SP;BOM SUCESSO DE ITARARE;285,80;123,10;78,15;15,43;78,62;5,09;29,52;28,52;100,00;305,70;0,00;13,36
2016.0;9.0;2016-09-01;BRASPINE;TAQUARAL;PR;JAGUARIAIVA;519,13;31,07;90,17;15,57;76,80;5,03;32,28;27,83;100,00;307,07;0,00;16,70
2016.0;9.0;2016-09-01;BRASPINE;TUCUNDUVA;PR;SENGES;82,21;60,89;90,63;16,24;73,57;5,31;28,14;28,27;99,79;291,14;0,00;40,33
2016.0;9.0;2016-09-01;BRASPINE;TUCUNDUVA - CHAMMA;;;;;84,91;16,30;74,01;6,20;27,90;28,37;99,82;311,90;0,00;34,53
2016.0;9.0;2016-09-01;BRASPINE;VIENA 1;PR;DOUTOR ULYSSES;263,98;178,34;88,72;15,13;79,14;5,57;35,31;28,41;100,00;303,25;0,00;0,54
2016.0;9.0;2016-09-01;BRASPINE;VIENA 2;PR;CERRO AZUL;140,23;96,54;90,03;16,26;78,82;6,79;33,88;30,43;100,00;321,72;0,00;1,58
2016.0;9.0;2016-09-01;BRASPINE;VITORIA;PR;SENGES;50,54;35,69;77,46;15,53;76,92;5,93;29,15;27,91;99,85;309,57;0,00;39,24
2016.0;9.0;2016-09-01;BRASPINE;VIVEIRO;PR;DOUTOR ULYSSES;405,39;261,22;76,94;15,57;79,56;5,92;32,86;29,10;100,00;313,45;0,00;14,59
2016.0;9.0;2016-09-01;BRASPINE;VO LINO;PR;DOUTOR ULYSSES;164,50;97,89;81,52;15,66;80,28;6,64;33,36;29,68;100,00;321,15;0,00;0,45
2016.0;9.0;2016-09-01;BRASPINE;XAXIM VELHO;;;;;90,81;14,31;77,46;3,12;37,08;25,16;100,00;265,76;6,31;0,19
2016.0;10.0;2016-10-01;BRASPINE;AGUA DOCE;PR;JAGUARIAIVA;238,97;121,99;138,54;17,58;83,14;8,44;42,30;30,28;99,85;230,42;0,00;0,63
2016.0;10.0;2016-10-01;BRASPINE;AMATA;;;;;157,28;18,81;83,44;10,67;40,82;33,21;100,00;223,57;0,00;1,20
2016.0;10.0;2016-10-01;BRASPINE;ANTA BRAVA;;;;;149,51;20,85;76,51;10,81;36,37;34,21;99,33;151,66;0,00;1,31
2016.0;10.0;2016-10-01;BRASPINE;ARAPONGAS;PR;SENGES;423,34;263,70;149,27;17,51;85,79;9,27;39,78;31,43;100,00;237,35;0,00;12,83
2016.0;10.0;2016-10-01;BRASPINE;ARROIO CLARO;PR;DOUTOR ULYSSES;275,14;92,00;147,99;17,63;86,05;9,42;40,13;31,80;100,00;241,93;0,00;7,15
2016.0;10.0;2016-10-01;BRASPINE;BARRA GRANDE;PR;DOUTOR ULYSSES;493,79;139,68;149,21;17,93;85,77;9,91;38,83;32,16;100,00;246,69;0,00;339,59
2016.0;10.0;2016-10-01;BRASPINE;BARRA GRANDE - BEMAIS;PR;GUARAPUAVA;299,16;108,61;140,76;17,22;82,96;7,00;34,69;27,78;99,99;203,24;0,00;6,11
2016.0;10.0;2016-10-01;BRASPINE;BARRETOS;PR;JAGUARIAIVA;43,35;32,98;142,97;17,47;85,13;8,63;42,01;31,00;99,97;230,27;0,00;2,77
2016.0;10.0;2016-10-01;BRASPINE;BAU;;;;;235,07;17,30;82,40;6,27;29,62;27,79;99,90;186,62;0,00;0,56
2016.0;10.0;2016-10-01;BRASPINE;BOA VISTA II;PR;PIRAI DO SUL;944,00;535,05;149,22;17,49;84,28;8,21;41,62;30,68;99,94;227,54;0,00;3,02
2016.0;10.0;2016-10-01;BRASPINE;BRASILEIRA;;;;;144,67;17,51;85,79;9,27;39,78;31,43;100,00;237,35;0,00;12,83
2016.0;10.0;2016-10-01;BRASPINE;BURACAO;;;;;194,78;17,40;84,46;8,40;43,14;30,78;99,85;234,35;0,00;0,43
2016.0;10.0;2016-10-01;BRASPINE;BURRINHO;PR;DOUTOR ULYSSES;211,01;100,37;147,69;17,63;86,05;9,42;40,13;31,80;100,00;241,93;0,00;7,15
2016.0;10.0;2016-10-01;BRASPINE;CADEADO I;PR;JAGUARIAIVA;21,07;12,29;144,51;17,34;85,51;8,80;40,59;31,03;100,00;231,32;0,00;17,27
2016.0;10.0;2016-10-01;BRASPINE;CADEADO II;PR;JAGUARIAIVA;21,88;16,79;144,51;17,34;85,51;8,80;40,59;31,03;100,00;231,32;0,00;17,27
2016.0;10.0;2016-10-01;BRASPINE;CAMPINA ALTA;PR;TIBAGI;29,77;18,24;189,72;18,85;80,79;8,77;40,99;30,31;99,83;203,26;0,00;3,96
2016.0;10.0;2016-10-01;BRASPINE;CAMPINA DO ELIAS;PR;JAGUARIAIVA;29,17;14,65;151,50;17,42;85,27;8,76;41,59;31,01;99,98;230,67;0,00;1,60
2016.0;10.0;2016-10-01;BRASPINE;CAMPO NOVO;PR;JAGUARIAIVA;295,98;156,36;147,85;17,34;85,51;8,80;40,59;31,03;100,00;231,32;0,00;17,27
2016.0;10.0;2016-10-01;BRASPINE;CONSULTORIA II A;PR;DOUTOR ULYSSES;89,62;60,79;138,45;17,51;85,79;9,27;39,78;31,43;100,00;237,35;0,00;12,83
2016.0;10.0;2016-10-01;BRASPINE;DINIZ;;;;;146,27;17,51;85,79;9,27;39,78;31,43;100,00;237,35;0,00;12,83
2016.0;10.0;2016-10-01;BRASPINE;ENES;PR;JAGUARIAIVA;5,93;5,69;147,58;17,34;85,51;8,80;40,59;31,03;100,00;231,32;0,00;17,27
2016.0;10.0;2016-10-01;BRASPINE;ENGENHARIA;;;;;146,27;17,51;85,79;9,27;39,78;31,43;100,00;237,35;0,00;12,83
2016.0;10.0;2016-10-01;BRASPINE;ESTACAO;PR;SENGES;4,76;4,14;144,83;17,34;85,51;8,80;40,59;31,03;100,00;231,32;0,00;17,27
2016.0;10.0;2016-10-01;BRASPINE;FAXINAL;PR;JAGUARIAIVA;20,65;20,65;147,58;17,34;85,51;8,80;40,59;31,03;100,00;231,32;0,00;17,27
2016.0;10.0;2016-10-01;BRASPINE;FEITAL;PR;DOUTOR ULYSSES;154,17;86,53;139,21;17,65;85,78;9,51;39,46;31,67;100,00;240,49;0,00;348,00
2016.0;10.0;2016-10-01;BRASPINE;FIGUEIRA;PR;DOUTOR ULYSSES;1053,81;315,71;143,04;17,63;86,05;9,42;40,13;31,80;100,00;241,93;0,00;7,15
2016.0;10.0;2016-10-01;BRASPINE;FIGUEIRINHA;PR;DOUTOR ULYSSES;94,37;56,74;139,09;17,63;86,05;9,42;40,13;31,80;100,00;241,93;0,00;7,15
2016.0;10.0;2016-10-01;BRASPINE;FLOEMA;PR;DOUTOR ULYSSES;2189,88;701,43;149,29;17,22;85,94;8,70;40,88;31,13;100,00;231,83;0,00;0,82
2016.0;10.0;2016-10-01;BRASPINE;FLOEMA I - SUDATI;;;;;145,07;17,51;85,79;9,27;39,78;31,43;100,00;237,35;0,00;12,83
2016.0;10.0;2016-10-01;BRASPINE;FLOEMA II - SUDATI;PR;DOUTOR ULYSSES;453,83;211,13;149,88;17,51;85,79;9,27;39,78;31,43;100,00;237,35;0,00;12,83
2016.0;10.0;2016-10-01;BRASPINE;FLOR DA SERRA;PR;SAO JOSE DA BOA VISTA;209,10;128,72;131,39;19,99;75,73;9,85;38,28;32,45;99,59;212,87;0,00;6,60
2016.0;10.0;2016-10-01;BRASPINE;GENTIL;PR;JAGUARIAIVA;126,77;53,33;142,24;17,36;83,12;8,00;42,64;29,82;99,60;225,55;0,00;1,05
2016.0;10.0;2016-10-01;BRASPINE;GUAIRACA;PR;GUARAPUAVA;623,62;169,31;141,30;17,31;82,63;6,98;34,93;27,99;99,99;206,29;0,00;7,59
2016.0;10.0;2016-10-01;BRASPINE;HERVAL 2 - MADALOSSO;;;;;194,42;17,40;84,46;8,40;43,14;30,78;99,85;234,35;0,00;0,43
2016.0;10.0;2016-10-01;BRASPINE;HERVAL DE BAIXO;PR;RESERVA;827,29;475,92;187,33;18,86;80,97;8,67;41,16;30,15;99,71;201,83;0,00;2,24
2016.0;10.0;2016-10-01;BRASPINE;HORTO 01;PR;TURVO;19,12;19,12;221,00;17,95;83,06;7,21;39,45;28,27;99,80;197,09;0,00;1,08
2016.0;10.0;2016-10-01;BRASPINE;HORTO 02;PR;TURVO;4,24;4,24;222,02;17,95;83,06;7,21;39,45;28,27;99,80;197,09;0,00;1,08
2016.0;10.0;2016-10-01;BRASPINE;HORTO 03;PR;PRUDENTOPOLIS;80,91;25,89;215,85;18,41;82,21;7,81;38,93;28,95;99,88;205,88;0,00;0,81
2016.0;10.0;2016-10-01;BRASPINE;HORTO 08;PR;TURVO;9,53;9,53;198,62;18,41;82,21;7,81;38,93;28,95;99,88;205,88;0,00;0,81
2016.0;10.0;2016-10-01;BRASPINE;HORTO 12;PR;PRUDENTOPOLIS;12,20;12,20;212,85;18,41;82,21;7,81;38,93;28,95;99,88;205,88;0,00;0,81
2016.0;10.0;2016-10-01;BRASPINE;IZAU;PR;PIRAI DO SUL;19,37;11,60;147,67;17,26;84,07;7,69;42,13;30,09;99,56;222,34;0,00;5,67
2016.0;10.0;2016-10-01;BRASPINE;JOAO RICO;PR;JAGUARIAIVA;47,46;26,18;140,72;17,58;83,14;8,44;42,30;30,28;99,85;230,42;0,00;0,63
2016.0;10.0;2016-10-01;BRASPINE;LAGOA;PR;JAGUARIAIVA;24,10;10,78;146,60;17,34;85,51;8,80;40,59;31,03;100,00;231,32;0,00;17,27
2016.0;10.0;2016-10-01;BRASPINE;MARACANA;PR;JANDAIA DO SUL;11,45;11,45;228,23;21,24;73,49;10,46;31,37;32,58;99,91;143,35;0,00;7,20
2016.0;10.0;2016-10-01;BRASPINE;MARRECA;;;;;142,99;17,63;86,05;9,42;40,13;31,80;100,00;241,93;0,00;7,15
2016.0;10.0;2016-10-01;BRASPINE;MARRECA SP;SP;ITAPIRAPUA PAULISTA;675,30;236,19;141,77;18,23;85,71;10,18;39,54;32,57;100,00;238,84;0,00;2,35
2016.0;10.0;2016-10-01;BRASPINE;MARRECAS;;;;;136,88;16,73;83,27;6,52;32,24;27,34;100,00;194,01;0,00;1,71
2016.0;10.0;2016-10-01;BRASPINE;MERCADINHO;;;;;146,04;18,15;84,77;9,91;40,32;32,50;100,00;238,90;0,00;1,16
2016.0;10.0;2016-10-01;BRASPINE;MONTE ALEGRE;;;;;221,20;21,74;72,44;10,90;30,79;33,20;99,79;102,26;0,00;1,58
2016.0;10.0;2016-10-01;BRASPINE;MONTE TABOR II;;;;;131,91;17,85;86,40;9,75;40,64;31,62;100,00;222,70;0,00;11,53
2016.0;10.0;2016-10-01;BRASPINE;MOREIRA;PR;DOUTOR ULYSSES;230,52;68,68;149,88;17,51;85,79;9,27;39,78;31,43;100,00;237,35;0,00;12,83
2016.0;10.0;2016-10-01;BRASPINE;MOREIRAS II;PR;DOUTOR ULYSSES;66,76;28,75;136,74;17,51;85,79;9,27;39,78;31,43;100,00;237,35;0,00;12,83
2016.0;10.0;2016-10-01;BRASPINE;MORRETES;PR;ORTIGUEIRA;20,36;20,36;189,52;19,32;80,80;9,06;41,09;30,75;99,78;205,83;0,00;0,61
2016.0;10.0;2016-10-01;BRASPINE;MORRO AZUL;;;;;121,98;17,79;85,46;9,82;36,90;31,98;100,00;243,85;0,00;2,34
2016.0;10.0;2016-10-01;BRASPINE;OURO FINO;SP;APIAI;51,70;51,70;128,82;17,61;86,39;9,59;38,27;31,83;100,00;245,00;0,00;4,21
2016.0;10.0;2016-10-01;BRASPINE;PALMEIRINHA DE BAIXO - SOSSEGO;PR;SENGES;85,93;9,22;117,24;17,42;83,70;8,93;39,05;30,68;99,89;233,07;0,00;6,95
2016.0;10.0;2016-10-01;BRASPINE;PAZIN;PR;DOUTOR ULYSSES;41,20;23,90;136,35;17,63;86,05;9,42;40,13;31,80;100,00;241,93;0,00;7,15
2016.0;10.0;2016-10-01;BRASPINE;PEDRAS;PR;CASTRO;7,18;7,18;163,91;17,26;84,56;7,42;43,72;29,98;99,76;221,94;0,00;0,36
2016.0;10.0;2016-10-01;BRASPINE;PESCARIA;PR;SAO JOSE DA BOA VISTA;184,57;129,22;137,51;20,03;75,83;10,70;36,35;32,68;99,23;199,94;0,00;5,03
2016.0;10.0;2016-10-01;BRASPINE;PESSEGUEIRO;PR;DOUTOR ULYSSES;109,95;64,79;144,42;17,51;85,79;9,27;39,78;31,43;100,00;237,35;0,00;12,83
2016.0;10.0;2016-10-01;BRASPINE;PITANGA;;;;;240,49;18,07;81,59;6,82;30,22;27,87;99,81;197,65;0,00;3,55
2016.0;10.0;2016-10-01;BRASPINE;QUEIMADINHO ARROIO CLARO;PR;DOUTOR ULYSSES;48,13;19,09;144,67;17,51;85,79;9,27;39,78;31,43;100,00;237,35;0,00;12,83
2016.0;10.0;2016-10-01;BRASPINE;QUEIMADINHO M6042;PR;DOUTOR ULYSSES;48,38;18,50;144,67;17,51;85,79;9,27;39,78;31,43;100,00;237,35;0,00;12,83
2016.0;10.0;2016-10-01;BRASPINE;QUEIMADINHO USUCAPIAO;PR;DOUTOR ULYSSES;200,27;92,43;144,67;17,51;85,79;9,27;39,78;31,43;100,00;237,35;0,00;12,83
2016.0;10.0;2016-10-01;BRASPINE;RAMOS;PR;SENGES;69,83;38,15;145,07;17,34;85,51;8,80;40,59;31,03;100,00;231,32;0,00;17,27
2016.0;10.0;2016-10-01;BRASPINE;RIBEIRAO GRANDE;PR;JAGUARIAIVA;20,77;20,77;149,64;17,26;84,07;7,69;42,13;30,09;99,56;222,34;0,00;5,67
2016.0;10.0;2016-10-01;BRASPINE;RINCAO DE BAIXO;;;;;168,04;18,20;79,96;8,12;42,97;30,03;99,71;223,37;0,00;6,00
2016.0;10.0;2016-10-01;BRASPINE;RIO BOMBA;PR;CERRO AZUL;65,03;37,72;155,87;18,47;83,55;10,16;40,88;32,80;99,97;231,03;0,00;1,76
2016.0;10.0;2016-10-01;BRASPINE;RIO DO MEIO;PR;DOUTOR ULYSSES;712,33;389,13;138,88;17,51;85,79;9,27;39,78;31,43;100,00;237,35;0,00;12,83
2016.0;10.0;2016-10-01;BRASPINE;RONDON;PR;JAGUARIAIVA;2899,24;1475,88;129,94;17,39;84,17;8,80;41,25;30,47;99,91;231,21;0,00;7,23
2016.0;10.0;2016-10-01;BRASPINE;SANTA FELICIDADE;;;;;133,23;18,60;85,44;10,77;39,07;32,89;100,00;231,48;0,00;9,99
2016.0;10.0;2016-10-01;BRASPINE;SANTA LIDIA DO CERCADINHO;;;;;168,71;17,86;80,21;7,92;42,97;29,57;99,76;218,05;0,00;5,31
2016.0;10.0;2016-10-01;BRASPINE;SANTO ANTONIO;;;;;121,75;17,46;83,85;9,11;36,82;31,21;100,00;234,87;0,00;2,60
2016.0;10.0;2016-10-01;BRASPINE;SAO JOSE;PR;JANDAIA DO SUL;37,56;37,56;222,69;21,58;72,70;10,77;31,03;32,99;99,85;116,06;0,00;2,97
2016.0;10.0;2016-10-01;BRASPINE;SAO MATHEUS;;;;;191,45;22,78;71,53;11,60;29,80;34,44;99,92;92,12;0,00;4,96
2016.0;10.0;2016-10-01;BRASPINE;SAO PEDRO E SAO PAULO;PR;SAPOPEMA;709,13;323,93;178,01;19,63;76,11;9,05;38,02;31,36;99,80;198,51;0,00;0,33
2016.0;10.0;2016-10-01;BRASPINE;SAO RAFAEL;;;;;168,75;17,28;82,66;7,79;42,36;30,14;99,48;234,99;0,00;0,27
2016.0;10.0;2016-10-01;BRASPINE;SAO RAFAEL - PB;;;;;131,56;17,69;86,17;9,75;37,54;31,89;100,00;245,36;0,00;7,28
2016.0;10.0;2016-10-01;BRASPINE;SERRARIA;PR;DOUTOR ULYSSES;280,88;117,71;144,08;17,42;85,99;9,08;40,51;31,46;100,00;236,87;0,00;9,42
2016.0;10.0;2016-10-01;BRASPINE;SERRO VERDE;;;;;234,99;17,65;81,11;6,53;27,38;28,17;99,87;191,10;0,00;5,17
2016.0;10.0;2016-10-01;BRASPINE;SERTAOZINHO;PR;DOUTOR ULYSSES;16,25;16,25;146,47;17,51;85,79;9,27;39,78;31,43;100,00;237,35;0,00;12,83
2016.0;10.0;2016-10-01;BRASPINE;SITIO BASILIO;PR;JAGUARIAIVA;8,08;8,08;138,46;17,45;82,83;8,21;42,71;29,86;99,72;227,90;0,00;2,88
2016.0;10.0;2016-10-01;BRASPINE;SITIO DAS MARRECAS;PR;DOUTOR ULYSSES;77,49;35,17;137,44;18,06;85,80;9,97;39,71;32,35;100,00;235,54;0,00;3,68
2016.0;10.0;2016-10-01;BRASPINE;SOBRADINHO;SP;BOM SUCESSO DE ITARARE;285,80;123,10;131,50;17,38;84,78;9,15;36,31;31,33;100,00;236,00;0,00;17,49
2016.0;10.0;2016-10-01;BRASPINE;TAQUARAL;PR;JAGUARIAIVA;519,13;31,07;135,55;17,54;83,90;8,78;42,81;30,47;99,99;231,59;0,00;14,73
2016.0;10.0;2016-10-01;BRASPINE;TUCUNDUVA;PR;SENGES;82,21;60,89;121,49;18,34;79,71;9,33;39,66;30,88;99,57;233,16;0,00;5,17
2016.0;10.0;2016-10-01;BRASPINE;TUCUNDUVA - CHAMMA;;;;;127,42;18,31;80,27;9,49;39,23;31,17;99,61;233,91;0,00;2,23
2016.0;10.0;2016-10-01;BRASPINE;VIENA 1;PR;DOUTOR ULYSSES;263,98;178,34;151,61;17,10;85,76;8,44;42,78;30,61;100,00;226,49;0,00;1,35
2016.0;10.0;2016-10-01;BRASPINE;VIENA 2;PR;CERRO AZUL;140,23;96,54;155,51;18,47;83,55;10,16;40,88;32,80;99,97;231,03;0,00;1,76
2016.0;10.0;2016-10-01;BRASPINE;VITORIA;PR;SENGES;50,54;35,69;117,24;17,42;83,70;8,93;39,05;30,68;99,89;233,07;0,00;6,95
2016.0;10.0;2016-10-01;BRASPINE;VIVEIRO;PR;DOUTOR ULYSSES;405,39;261,22;136,74;17,51;85,79;9,27;39,78;31,43;100,00;237,35;0,00;12,83
2016.0;10.0;2016-10-01;BRASPINE;VO LINO;PR;DOUTOR ULYSSES;164,50;97,89;145,28;17,63;86,05;9,42;40,13;31,80;100,00;241,93;0,00;7,15
2016.0;10.0;2016-10-01;BRASPINE;XAXIM VELHO;;;;;156,00;16,74;83,27;6,31;32,15;27,68;100,00;194,87;0,00;2,06
2016.0;11.0;2016-11-01;BRASPINE;AGUA DOCE;PR;JAGUARIAIVA;238,97;121,99;83,29;18,95;80,68;9,71;34,06;28,54;99,81;191,35;0,00;0,49
2016.0;11.0;2016-11-01;BRASPINE;AMATA;;;;;90,45;20,27;80,38;11,61;34,81;30,12;99,97;122,18;0,00;2,70
2016.0;11.0;2016-11-01;BRASPINE;ANTA BRAVA;;;;;84,32;22,17;74,01;12,08;31,68;32,51;97,41;53,95;0,00;5,50
2016.0;11.0;2016-11-01;BRASPINE;ARAPONGAS;PR;SENGES;423,34;263,70;80,89;18,83;83,36;10,11;34,65;28,34;100,00;194,13;0,00;0,46
2016.0;11.0;2016-11-01;BRASPINE;ARROIO CLARO;PR;DOUTOR ULYSSES;275,14;92,00;88,42;18,95;83,59;10,15;35,56;28,47;100,00;182,11;0,00;0,73
2016.0;11.0;2016-11-01;BRASPINE;BARRA GRANDE;PR;DOUTOR ULYSSES;493,79;139,68;78,69;19,25;83,48;10,52;34,79;29,24;100,00;170,15;0,00;3,88
2016.0;11.0;2016-11-01;BRASPINE;BARRA GRANDE - BEMAIS;PR;GUARAPUAVA;299,16;108,61;90,56;18,62;79,13;9,62;37,00;28,36;99,84;275,94;0,00;9,09
2016.0;11.0;2016-11-01;BRASPINE;BARRETOS;PR;JAGUARIAIVA;43,35;32,98;83,34;18,84;82,70;9,84;34,15;28,43;99,97;191,31;0,00;1,94
2016.0;11.0;2016-11-01;BRASPINE;BAU;;;;;60,24;18,72;78,09;9,28;38,46;28,24;98,65;259,20;0,00;1,75
2016.0;11.0;2016-11-01;BRASPINE;BOA VISTA II;PR;PIRAI DO SUL;944,00;535,05;79,50;18,87;81,89;9,62;34,47;28,51;99,84;174,65;0,00;0,91
2016.0;11.0;2016-11-01;BRASPINE;BRASILEIRA;;;;;80,99;18,83;83,36;10,11;34,65;28,34;100,00;194,13;0,00;0,46
2016.0;11.0;2016-11-01;BRASPINE;BURACAO;;;;;89,97;18,72;82,12;9,90;34,94;27,88;99,84;206,83;0,00;6,51
2016.0;11.0;2016-11-01;BRASPINE;BURRINHO;PR;DOUTOR ULYSSES;211,01;100,37;87,91;18,95;83,59;10,15;35,56;28,47;100,00;182,11;0,00;0,73
2016.0;11.0;2016-11-01;BRASPINE;CADEADO I;PR;JAGUARIAIVA;21,07;12,29;80,70;18,68;83,00;9,95;34,53;28,21;100,00;205,26;0,00;1,58
2016.0;11.0;2016-11-01;BRASPINE;CADEADO II;PR;JAGUARIAIVA;21,88;16,79;80,70;18,68;83,00;9,95;34,53;28,21;100,00;205,26;0,00;1,58
2016.0;11.0;2016-11-01;BRASPINE;CAMPINA ALTA;PR;TIBAGI;29,77;18,24;61,01;20,30;77,32;10,66;33,02;31,03;99,84;132,69;0,00;1,94
2016.0;11.0;2016-11-01;BRASPINE;CAMPINA DO ELIAS;PR;JAGUARIAIVA;29,17;14,65;80,69;18,78;82,81;9,88;34,29;28,35;99,98;190,93;0,00;1,00
2016.0;11.0;2016-11-01;BRASPINE;CAMPO NOVO;PR;JAGUARIAIVA;295,98;156,36;82,10;18,68;83,00;9,95;34,53;28,21;100,00;205,26;0,00;1,58
2016.0;11.0;2016-11-01;BRASPINE;CONSULTORIA II A;PR;DOUTOR ULYSSES;89,62;60,79;85,12;18,83;83,36;10,11;34,65;28,34;100,00;194,13;0,00;0,46
2016.0;11.0;2016-11-01;BRASPINE;DINIZ;;;;;77,71;18,83;83,36;10,11;34,65;28,34;100,00;194,13;0,00;0,46
2016.0;11.0;2016-11-01;BRASPINE;ENES;PR;JAGUARIAIVA;5,93;5,69;82,27;18,68;83,00;9,95;34,53;28,21;100,00;205,26;0,00;1,58
2016.0;11.0;2016-11-01;BRASPINE;ENGENHARIA;;;;;77,71;18,83;83,36;10,11;34,65;28,34;100,00;194,13;0,00;0,46
2016.0;11.0;2016-11-01;BRASPINE;ESTACAO;PR;SENGES;4,76;4,14;80,23;18,68;83,00;9,95;34,53;28,21;100,00;205,26;0,00;1,58
2016.0;11.0;2016-11-01;BRASPINE;FAXINAL;PR;JAGUARIAIVA;20,65;20,65;82,27;18,68;83,00;9,95;34,53;28,21;100,00;205,26;0,00;1,58
2016.0;11.0;2016-11-01;BRASPINE;FEITAL;PR;DOUTOR ULYSSES;154,17;86,53;82,23;18,97;83,40;10,25;34,70;28,64;100,00;181,25;0,00;6,17
2016.0;11.0;2016-11-01;BRASPINE;FIGUEIRA;PR;DOUTOR ULYSSES;1053,81;315,71;82,28;18,95;83,59;10,15;35,56;28,47;100,00;182,11;0,00;0,73
2016.0;11.0;2016-11-01;BRASPINE;FIGUEIRINHA;PR;DOUTOR ULYSSES;94,37;56,74;82,94;18,95;83,59;10,15;35,56;28,47;100,00;182,11;0,00;0,73
2016.0;11.0;2016-11-01;BRASPINE;FLOEMA;PR;DOUTOR ULYSSES;2189,88;701,43;83,71;18,51;83,46;9,44;35,30;27,94;100,00;204,80;0,00;2,23
2016.0;11.0;2016-11-01;BRASPINE;FLOEMA I - SUDATI;;;;;80,96;18,83;83,36;10,11;34,65;28,34;100,00;194,13;0,00;0,46
2016.0;11.0;2016-11-01;BRASPINE;FLOEMA II - SUDATI;PR;DOUTOR ULYSSES;453,83;211,13;79,60;18,83;83,36;10,11;34,65;28,34;100,00;194,13;0,00;0,46
2016.0;11.0;2016-11-01;BRASPINE;FLOR DA SERRA;PR;SAO JOSE DA BOA VISTA;209,10;128,72;72,16;21,53;72,03;11,91;28,41;31,57;99,49;96,63;0,00;5,59
2016.0;11.0;2016-11-01;BRASPINE;GENTIL;PR;JAGUARIAIVA;126,77;53,33;83,61;18,70;80,69;9,57;34,20;28,20;99,68;203,09;0,00;2,18
2016.0;11.0;2016-11-01;BRASPINE;GUAIRACA;PR;GUARAPUAVA;623,62;169,31;94,30;18,75;79,03;9,61;36,97;28,26;99,88;264,21;0,00;4,31
2016.0;11.0;2016-11-01;BRASPINE;HERVAL 2 - MADALOSSO;;;;;88,84;18,72;82,12;9,90;34,94;27,88;99,84;206,83;0,00;6,51
2016.0;11.0;2016-11-01;BRASPINE;HERVAL DE BAIXO;PR;RESERVA;827,29;475,92;67,08;20,32;77,17;10,67;32,65;31,16;99,76;146,55;0,00;2,42
2016.0;11.0;2016-11-01;BRASPINE;HORTO 01;PR;TURVO;19,12;19,12;55,47;19,39;78,90;10,26;38,74;29,28;99,74;209,79;0,00;7,14
2016.0;11.0;2016-11-01;BRASPINE;HORTO 02;PR;TURVO;4,24;4,24;56,09;19,39;78,90;10,26;38,74;29,28;99,74;209,79;0,00;7,14
2016.0;11.0;2016-11-01;BRASPINE;HORTO 03;PR;PRUDENTOPOLIS;80,91;25,89;52,85;19,92;77,96;10,70;37,21;30,11;99,69;158,06;0,00;0,32
2016.0;11.0;2016-11-01;BRASPINE;HORTO 08;PR;TURVO;9,53;9,53;49,68;19,92;77,96;10,70;37,21;30,11;99,69;158,06;0,00;0,32
2016.0;11.0;2016-11-01;BRASPINE;HORTO 12;PR;PRUDENTOPOLIS;12,20;12,20;51,59;19,92;77,96;10,70;37,21;30,11;99,69;158,06;0,00;0,32
2016.0;11.0;2016-11-01;BRASPINE;IZAU;PR;PIRAI DO SUL;19,37;11,60;82,86;18,62;81,69;9,45;33,77;28,11;99,74;186,64;0,00;0,82
2016.0;11.0;2016-11-01;BRASPINE;JOAO RICO;PR;JAGUARIAIVA;47,46;26,18;83,60;18,95;80,68;9,71;34,06;28,54;99,81;191,35;0,00;0,49
2016.0;11.0;2016-11-01;BRASPINE;LAGOA;PR;JAGUARIAIVA;24,10;10,78;79,96;18,68;83,00;9,95;34,53;28,21;100,00;205,26;0,00;1,58
2016.0;11.0;2016-11-01;BRASPINE;MARACANA;PR;JANDAIA DO SUL;11,45;11,45;68,93;22,87;68,18;13,33;23,40;34,30;98,18;26,82;0,00;5,06
2016.0;11.0;2016-11-01;BRASPINE;MARRECA;;;;;81,08;18,95;83,59;10,15;35,56;28,47;100,00;182,11;0,00;0,73
2016.0;11.0;2016-11-01;BRASPINE;MARRECA SP;SP;ITAPIRAPUA PAULISTA;675,30;236,19;87,43;19,56;83,40;10,44;36,22;29,60;100,00;129,04;0,00;0,58
2016.0;11.0;2016-11-01;BRASPINE;MARRECAS;;;;;92,40;18,07;79,72;9,02;37,57;27,53;99,92;281,08;0,00;0,28
2016.0;11.0;2016-11-01;BRASPINE;MERCADINHO;;;;;85,23;19,54;82,01;10,78;35,07;29,15;100,00;144,15;0,00;1,01
2016.0;11.0;2016-11-01;BRASPINE;MONTE ALEGRE;;;;;64,85;23,38;67,24;13,96;23,65;34,82;96,76;27,96;0,00;0,62
2016.0;11.0;2016-11-01;BRASPINE;MONTE TABOR II;;;;;93,62;18,95;84,69;9,50;36,36;29,24;99,99;157,00;0,00;8,24
2016.0;11.0;2016-11-01;BRASPINE;MOREIRA;PR;DOUTOR ULYSSES;230,52;68,68;79,60;18,83;83,36;10,11;34,65;28,34;100,00;194,13;0,00;0,46
2016.0;11.0;2016-11-01;BRASPINE;MOREIRAS II;PR;DOUTOR ULYSSES;66,76;28,75;85,94;18,83;83,36;10,11;34,65;28,34;100,00;194,13;0,00;0,46
2016.0;11.0;2016-11-01;BRASPINE;MORRETES;PR;ORTIGUEIRA;20,36;20,36;72,50;20,90;76,29;11,25;30,61;31,97;99,81;134,85;0,00;1,79
2016.0;11.0;2016-11-01;BRASPINE;MORRO AZUL;;;;;81,31;19,07;83,25;10,13;32,06;29,28;100,00;152,69;0,00;54,72
2016.0;11.0;2016-11-01;BRASPINE;OURO FINO;SP;APIAI;51,70;51,70;86,10;18,77;84,53;9,64;33,63;29,01;100,00;167,25;0,00;10,84
2016.0;11.0;2016-11-01;BRASPINE;PALMEIRINHA DE BAIXO - SOSSEGO;PR;SENGES;85,93;9,22;83,82;18,75;80,95;9,74;31,25;28,32;99,53;192,00;0,00;81,11
2016.0;11.0;2016-11-01;BRASPINE;PAZIN;PR;DOUTOR ULYSSES;41,20;23,90;82,57;18,95;83,59;10,15;35,56;28,47;100,00;182,11;0,00;0,73
2016.0;11.0;2016-11-01;BRASPINE;PEDRAS;PR;CASTRO;7,18;7,18;78,20;18,62;82,23;9,39;36,62;28,18;99,64;201,08;0,00;6,00
2016.0;11.0;2016-11-01;BRASPINE;PESCARIA;PR;SAO JOSE DA BOA VISTA;184,57;129,22;73,76;21,65;71,66;12,05;27,38;31,70;99,37;96,88;0,00;4,67
2016.0;11.0;2016-11-01;BRASPINE;PESSEGUEIRO;PR;DOUTOR ULYSSES;109,95;64,79;78,88;18,83;83,36;10,11;34,65;28,34;100,00;194,13;0,00;0,46
2016.0;11.0;2016-11-01;BRASPINE;PITANGA;;;;;53,71;19,46;77,31;10,00;36,54;29,30;98,90;239,01;0,00;0,13
2016.0;11.0;2016-11-01;BRASPINE;QUEIMADINHO ARROIO CLARO;PR;DOUTOR ULYSSES;48,13;19,09;80,99;18,83;83,36;10,11;34,65;28,34;100,00;194,13;0,00;0,46
2016.0;11.0;2016-11-01;BRASPINE;QUEIMADINHO M6042;PR;DOUTOR ULYSSES;48,38;18,50;80,99;18,83;83,36;10,11;34,65;28,34;100,00;194,13;0,00;0,46
2016.0;11.0;2016-11-01;BRASPINE;QUEIMADINHO USUCAPIAO;PR;DOUTOR ULYSSES;200,27;92,43;80,99;18,83;83,36;10,11;34,65;28,34;100,00;194,13;0,00;0,46
2016.0;11.0;2016-11-01;BRASPINE;RAMOS;PR;SENGES;69,83;38,15;80,96;18,68;83,00;9,95;34,53;28,21;100,00;205,26;0,00;1,58
2016.0;11.0;2016-11-01;BRASPINE;RIBEIRAO GRANDE;PR;JAGUARIAIVA;20,77;20,77;81,73;18,62;81,69;9,45;33,77;28,11;99,74;186,64;0,00;0,82
2016.0;11.0;2016-11-01;BRASPINE;RINCAO DE BAIXO;;;;;73,28;19,56;77,00;10,13;33,47;29,78;99,88;167,39;0,00;7,68
2016.0;11.0;2016-11-01;BRASPINE;RIO BOMBA;PR;CERRO AZUL;65,03;37,72;88,72;19,92;80,60;11,01;35,40;29,53;99,92;118,25;0,00;4,16
2016.0;11.0;2016-11-01;BRASPINE;RIO DO MEIO;PR;DOUTOR ULYSSES;712,33;389,13;84,64;18,83;83,36;10,11;34,65;28,34;100,00;194,13;0,00;0,46
2016.0;11.0;2016-11-01;BRASPINE;RONDON;PR;JAGUARIAIVA;2899,24;1475,88;81,99;18,73;81,58;9,79;33,71;28,35;99,68;206,12;0,00;81,76
2016.0;11.0;2016-11-01;BRASPINE;SANTA FELICIDADE;;;;;86,06;19,93;83,23;10,84;36,21;30,46;100,00;133,37;0,00;0,89
2016.0;11.0;2016-11-01;BRASPINE;SANTA LIDIA DO CERCADINHO;;;;;70,26;19,18;77,36;9,91;34,13;29,20;99,81;193,51;0,00;7,56
2016.0;11.0;2016-11-01;BRASPINE;SANTO ANTONIO;;;;;85,22;18,77;81,18;9,60;30,12;28,41;99,78;192,02;0,00;77,63
2016.0;11.0;2016-11-01;BRASPINE;SAO JOSE;PR;JANDAIA DO SUL;37,56;37,56;65,54;23,21;67,52;13,77;23,77;34,60;96,96;27,61;0,00;2,45
2016.0;11.0;2016-11-01;BRASPINE;SAO MATHEUS;;;;;67,88;24,43;66,78;15,04;25,63;35,81;96,42;0,00;0,00;5,90
2016.0;11.0;2016-11-01;BRASPINE;SAO PEDRO E SAO PAULO;PR;SAPOPEMA;709,13;323,93;58,80;21,00;72,77;11,18;29,77;31,90;99,70;62,80;0,00;1,06
2016.0;11.0;2016-11-01;BRASPINE;SAO RAFAEL;;;;;81,23;18,67;79,66;9,45;37,76;27,90;99,64;179,16;0,00;2,38
2016.0;11.0;2016-11-01;BRASPINE;SAO RAFAEL - PB;;;;;86,65;18,89;84,19;9,83;32,94;29,20;99,98;167,72;0,00;16,07
2016.0;11.0;2016-11-01;BRASPINE;SERRARIA;PR;DOUTOR ULYSSES;280,88;117,71;84,10;18,73;83,52;9,79;35,43;28,12;100,00;193,55;0,00;1,49
2016.0;11.0;2016-11-01;BRASPINE;SERRO VERDE;;;;;60,61;19,03;77,06;9,46;37,97;28,85;99,30;247,03;0,00;1,71
2016.0;11.0;2016-11-01;BRASPINE;SERTAOZINHO;PR;DOUTOR ULYSSES;16,25;16,25;77,49;18,83;83,36;10,11;34,65;28,34;100,00;194,13;0,00;0,46
2016.0;11.0;2016-11-01;BRASPINE;SITIO BASILIO;PR;JAGUARIAIVA;8,08;8,08;83,31;18,80;80,38;9,64;34,30;28,32;99,69;204,44;0,00;0,77
2016.0;11.0;2016-11-01;BRASPINE;SITIO DAS MARRECAS;PR;DOUTOR ULYSSES;77,49;35,17;83,02;19,38;83,46;10,36;36,03;29,27;100,00;142,38;0,00;1,55
2016.0;11.0;2016-11-01;BRASPINE;SOBRADINHO;SP;BOM SUCESSO DE ITARARE;285,80;123,10;76,94;18,63;82,37;9,50;30,20;28,50;99,82;191,90;0,00;323,32
2016.0;11.0;2016-11-01;BRASPINE;TAQUARAL;PR;JAGUARIAIVA;519,13;31,07;86,17;18,89;81,43;9,74;34,59;28,54;99,95;207,00;0,00;2,21
2016.0;11.0;2016-11-01;BRASPINE;TUCUNDUVA;PR;SENGES;82,21;60,89;92,48;19,79;76,20;10,45;30,65;29,55;99,30;112,44;0,00;73,81
2016.0;11.0;2016-11-01;BRASPINE;TUCUNDUVA - CHAMMA;;;;;94,27;19,78;76,62;10,62;30,10;29,61;99,45;113,46;0,00;76,88
2016.0;11.0;2016-11-01;BRASPINE;VIENA 1;PR;DOUTOR ULYSSES;263,98;178,34;85,22;18,40;83,33;9,28;36,21;27,79;99,99;200,84;0,00;3,92
2016.0;11.0;2016-11-01;BRASPINE;VIENA 2;PR;CERRO AZUL;140,23;96,54;88,59;19,92;80,60;11,01;35,40;29,53;99,92;118,25;0,00;4,16
2016.0;11.0;2016-11-01;BRASPINE;VITORIA;PR;SENGES;50,54;35,69;83,82;18,75;80,95;9,74;31,25;28,32;99,53;192,00;0,00;81,11
2016.0;11.0;2016-11-01;BRASPINE;VIVEIRO;PR;DOUTOR ULYSSES;405,39;261,22;85,94;18,83;83,36;10,11;34,65;28,34;100,00;194,13;0,00;0,46
2016.0;11.0;2016-11-01;BRASPINE;VO LINO;PR;DOUTOR ULYSSES;164,50;97,89;83,44;18,95;83,59;10,15;35,56;28,47;100,00;182,11;0,00;0,73
2016.0;11.0;2016-11-01;BRASPINE;XAXIM VELHO;;;;;97,61;18,18;80,10;8,60;37,85;27,18;99,95;255,97;0,00;5,78
2016.0;12.0;2016-12-01;BRASPINE;AGUA DOCE;PR;JAGUARIAIVA;238,97;121,99;147,14;20,72;82,76;11,40;43,62;30,99;99,81;79,50;0,00;1,59
2016.0;12.0;2016-12-01;BRASPINE;AMATA;;;;;101,43;22,12;84,09;13,33;41,25;34,18;100,00;27,40;0,00;4,46
2016.0;12.0;2016-12-01;BRASPINE;ANTA BRAVA;;;;;196,70;24,10;74,54;15,76;32,29;33,90;98,37;0,00;0,00;5,99
2016.0;12.0;2016-12-01;BRASPINE;ARAPONGAS;PR;SENGES;423,34;263,70;167,48;20,75;85,05;12,08;42,63;32,09;100,00;66,69;0,00;7,08
2016.0;12.0;2016-12-01;BRASPINE;ARROIO CLARO;PR;DOUTOR ULYSSES;275,14;92,00;133,45;20,84;85,64;12,33;42,71;32,42;100,00;67,06;0,00;1,43
2016.0;12.0;2016-12-01;BRASPINE;BARRA GRANDE;PR;DOUTOR ULYSSES;493,79;139,68;155,99;21,27;85,03;12,48;42,18;33,16;100,00;68,73;0,00;2,42
2016.0;12.0;2016-12-01;BRASPINE;BARRA GRANDE - BEMAIS;PR;GUARAPUAVA;299,16;108,61;170,11;19,75;85,81;11,24;42,34;28,76;99,99;107,51;0,00;5,99
2016.0;12.0;2016-12-01;BRASPINE;BARRETOS;PR;JAGUARIAIVA;43,35;32,98;165,95;20,72;84,55;11,42;42,33;31,67;100,00;80,11;0,00;1,79
2016.0;12.0;2016-12-01;BRASPINE;BAU;;;;;215,49;19,71;85,72;11,26;43,72;28,16;99,82;90,04;0,00;9,86
2016.0;12.0;2016-12-01;BRASPINE;BOA VISTA II;PR;PIRAI DO SUL;944,00;535,05;150,58;20,71;83,83;11,12;42,47;31,33;99,95;78,83;0,00;4,59
2016.0;12.0;2016-12-01;BRASPINE;BRASILEIRA;;;;;155,79;20,75;85,05;12,08;42,63;32,09;100,00;66,69;0,00;7,08
2016.0;12.0;2016-12-01;BRASPINE;BURACAO;;;;;87,72;20,55;83,87;11,40;42,97;31,09;99,86;94,37;0,00;5,55
2016.0;12.0;2016-12-01;BRASPINE;BURRINHO;PR;DOUTOR ULYSSES;211,01;100,37;135,58;20,84;85,64;12,33;42,71;32,42;100,00;67,06;0,00;1,43
2016.0;12.0;2016-12-01;BRASPINE;CADEADO I;PR;JAGUARIAIVA;21,07;12,29;170,62;20,54;84,85;11,71;42,11;31,58;100,00;80,45;0,00;10,80
2016.0;12.0;2016-12-01;BRASPINE;CADEADO II;PR;JAGUARIAIVA;21,88;16,79;170,62;20,54;84,85;11,71;42,11;31,58;100,00;80,45;0,00;10,80
2016.0;12.0;2016-12-01;BRASPINE;CAMPINA ALTA;PR;TIBAGI;29,77;18,24;297,43;21,36;84,26;12,76;40,70;31,08;99,98;40,42;0,00;11,74
2016.0;12.0;2016-12-01;BRASPINE;CAMPINA DO ELIAS;PR;JAGUARIAIVA;29,17;14,65;156,83;20,66;84,66;11,52;42,25;31,64;100,00;80,23;0,00;0,74
2016.0;12.0;2016-12-01;BRASPINE;CAMPO NOVO;PR;JAGUARIAIVA;295,98;156,36;172,44;20,54;84,85;11,71;42,11;31,58;100,00;80,45;0,00;10,80
2016.0;12.0;2016-12-01;BRASPINE;CONSULTORIA II A;PR;DOUTOR ULYSSES;89,62;60,79;163,47;20,75;85,05;12,08;42,63;32,09;100,00;66,69;0,00;7,08
2016.0;12.0;2016-12-01;BRASPINE;DINIZ;;;;;161,27;20,75;85,05;12,08;42,63;32,09;100,00;66,69;0,00;7,08
2016.0;12.0;2016-12-01;BRASPINE;ENES;PR;JAGUARIAIVA;5,93;5,69;173,11;20,54;84,85;11,71;42,11;31,58;100,00;80,45;0,00;10,80
2016.0;12.0;2016-12-01;BRASPINE;ENGENHARIA;;;;;161,27;20,75;85,05;12,08;42,63;32,09;100,00;66,69;0,00;7,08
2016.0;12.0;2016-12-01;BRASPINE;ESTACAO;PR;SENGES;4,76;4,14;162,26;20,54;84,85;11,71;42,11;31,58;100,00;80,45;0,00;10,80
2016.0;12.0;2016-12-01;BRASPINE;FAXINAL;PR;JAGUARIAIVA;20,65;20,65;173,11;20,54;84,85;11,71;42,11;31,58;100,00;80,45;0,00;10,80
2016.0;12.0;2016-12-01;BRASPINE;FEITAL;PR;DOUTOR ULYSSES;154,17;86,53;154,94;20,92;85,05;12,21;42,87;32,44;100,00;67,36;0,00;5,58
2016.0;12.0;2016-12-01;BRASPINE;FIGUEIRA;PR;DOUTOR ULYSSES;1053,81;315,71;164,57;20,84;85,64;12,33;42,71;32,42;100,00;67,06;0,00;1,43
2016.0;12.0;2016-12-01;BRASPINE;FIGUEIRINHA;PR;DOUTOR ULYSSES;94,37;56,74;143,30;20,84;85,64;12,33;42,71;32,42;100,00;67,06;0,00;1,43
2016.0;12.0;2016-12-01;BRASPINE;FLOEMA;PR;DOUTOR ULYSSES;2189,88;701,43;157,99;20,33;85,56;11,84;41,92;31,40;100,00;94,04;0,00;4,23
2016.0;12.0;2016-12-01;BRASPINE;FLOEMA I - SUDATI;;;;;159,79;20,75;85,05;12,08;42,63;32,09;100,00;66,69;0,00;7,08
2016.0;12.0;2016-12-01;BRASPINE;FLOEMA II - SUDATI;PR;DOUTOR ULYSSES;453,83;211,13;163,51;20,75;85,05;12,08;42,63;32,09;100,00;66,69;0,00;7,08
2016.0;12.0;2016-12-01;BRASPINE;FLOR DA SERRA;PR;SAO JOSE DA BOA VISTA;209,10;128,72;173,42;22,99;75,96;14,60;38,27;33,30;99,23;14,60;0,00;0,94
2016.0;12.0;2016-12-01;BRASPINE;GENTIL;PR;JAGUARIAIVA;126,77;53,33;156,13;20,44;82,76;11,20;44,29;30,49;99,78;78,09;0,00;6,89
2016.0;12.0;2016-12-01;BRASPINE;GUAIRACA;PR;GUARAPUAVA;623,62;169,31;157,15;19,92;85,58;11,20;42,35;29,04;100,00;93,22;0,00;0,38
2016.0;12.0;2016-12-01;BRASPINE;HERVAL 2 - MADALOSSO;;;;;91,95;20,55;83,87;11,40;42,97;31,09;99,86;94,37;0,00;5,55
2016.0;12.0;2016-12-01;BRASPINE;HERVAL DE BAIXO;PR;RESERVA;827,29;475,92;282,46;21,33;84,62;12,83;41,28;30,85;99,93;40,47;0,00;9,21
2016.0;12.0;2016-12-01;BRASPINE;HORTO 01;PR;TURVO;19,12;19,12;209,19;20,46;86,06;11,80;44,86;29,16;99,84;94,72;0,00;0,92
2016.0;12.0;2016-12-01;BRASPINE;HORTO 02;PR;TURVO;4,24;4,24;202,60;20,46;86,06;11,80;44,86;29,16;99,84;94,72;0,00;0,92
2016.0;12.0;2016-12-01;BRASPINE;HORTO 03;PR;PRUDENTOPOLIS;80,91;25,89;228,22;20,97;85,24;12,22;43,27;29,99;99,87;68,91;0,00;2,92
2016.0;12.0;2016-12-01;BRASPINE;HORTO 08;PR;TURVO;9,53;9,53;192,30;20,97;85,24;12,22;43,27;29,99;99,87;68,91;0,00;2,92
2016.0;12.0;2016-12-01;BRASPINE;HORTO 12;PR;PRUDENTOPOLIS;12,20;12,20;230,61;20,97;85,24;12,22;43,27;29,99;99,87;68,91;0,00;2,92
2016.0;12.0;2016-12-01;BRASPINE;IZAU;PR;PIRAI DO SUL;19,37;11,60;161,69;20,41;83,44;10,91;43,33;30,71;99,81;77,04;0,00;2,01
2016.0;12.0;2016-12-01;BRASPINE;JOAO RICO;PR;JAGUARIAIVA;47,46;26,18;152,40;20,72;82,76;11,40;43,62;30,99;99,81;79,50;0,00;1,59
2016.0;12.0;2016-12-01;BRASPINE;LAGOA;PR;JAGUARIAIVA;24,10;10,78;167,61;20,54;84,85;11,71;42,11;31,58;100,00;80,45;0,00;10,80
2016.0;12.0;2016-12-01;BRASPINE;MARACANA;PR;JANDAIA DO SUL;11,45;11,45;198,32;23,03;81,78;15,70;42,46;31,72;99,88;0,00;0,00;9,28
2016.0;12.0;2016-12-01;BRASPINE;MARRECA;;;;;163,45;20,84;85,64;12,33;42,71;32,42;100,00;67,06;0,00;1,43
2016.0;12.0;2016-12-01;BRASPINE;MARRECA SP;SP;ITAPIRAPUA PAULISTA;675,30;236,19;123,66;21,59;85,35;12,80;42,14;33,80;100,00;70,17;0,00;12,76
2016.0;12.0;2016-12-01;BRASPINE;MARRECAS;;;;;157,65;19,24;86,20;10,78;42,74;28,28;100,00;118,68;0,00;9,20
2016.0;12.0;2016-12-01;BRASPINE;MERCADINHO;;;;;119,86;21,40;84,89;12,81;41,89;33,27;100,00;55,02;0,00;3,43
2016.0;12.0;2016-12-01;BRASPINE;MONTE ALEGRE;;;;;205,94;23,52;80,82;16,25;41,78;32,05;99,90;0,00;0,00;6,57
2016.0;12.0;2016-12-01;BRASPINE;MONTE TABOR II;;;;;162,21;21,02;85,66;13,46;40,87;32,43;100,00;54,74;0,00;2,40
2016.0;12.0;2016-12-01;BRASPINE;MOREIRA;PR;DOUTOR ULYSSES;230,52;68,68;163,51;20,75;85,05;12,08;42,63;32,09;100,00;66,69;0,00;7,08
2016.0;12.0;2016-12-01;BRASPINE;MOREIRAS II;PR;DOUTOR ULYSSES;66,76;28,75;163,45;20,75;85,05;12,08;42,63;32,09;100,00;66,69;0,00;7,08
2016.0;12.0;2016-12-01;BRASPINE;MORRETES;PR;ORTIGUEIRA;20,36;20,36;280,27;21,81;84,35;13,28;40,35;31,28;99,93;41,77;0,00;9,14
2016.0;12.0;2016-12-01;BRASPINE;MORRO AZUL;;;;;161,18;21,11;84,53;12,43;40,30;32,93;100,00;67,79;0,00;14,18
2016.0;12.0;2016-12-01;BRASPINE;OURO FINO;SP;APIAI;51,70;51,70;169,12;20,86;85,41;12,83;40,71;32,43;100,00;67,99;0,00;52,00
2016.0;12.0;2016-12-01;BRASPINE;PALMEIRINHA DE BAIXO - SOSSEGO;PR;SENGES;85,93;9,22;163,04;20,61;82,43;11,96;42,08;31,23;99,73;80,29;0,00;43,88
2016.0;12.0;2016-12-01;BRASPINE;PAZIN;PR;DOUTOR ULYSSES;41,20;23,90;155,09;20,84;85,64;12,33;42,71;32,42;100,00;67,06;0,00;1,43
2016.0;12.0;2016-12-01;BRASPINE;PEDRAS;PR;CASTRO;7,18;7,18;157,56;20,39;84,25;10,77;44,96;30,49;99,60;76,43;0,00;2,54
2016.0;12.0;2016-12-01;BRASPINE;PESCARIA;PR;SAO JOSE DA BOA VISTA;184,57;129,22;171,14;23,21;74,99;14,51;36,75;33,86;98,66;14,51;0,00;1,50
2016.0;12.0;2016-12-01;BRASPINE;PESSEGUEIRO;PR;DOUTOR ULYSSES;109,95;64,79;165,10;20,75;85,05;12,08;42,63;32,09;100,00;66,69;0,00;7,08
2016.0;12.0;2016-12-01;BRASPINE;PITANGA;;;;;237,07;20,34;85,63;12,10;43,82;28,76;99,79;80,32;0,00;5,73
2016.0;12.0;2016-12-01;BRASPINE;QUEIMADINHO ARROIO CLARO;PR;DOUTOR ULYSSES;48,13;19,09;155,79;20,75;85,05;12,08;42,63;32,09;100,00;66,69;0,00;7,08
2016.0;12.0;2016-12-01;BRASPINE;QUEIMADINHO M6042;PR;DOUTOR ULYSSES;48,38;18,50;155,79;20,75;85,05;12,08;42,63;32,09;100,00;66,69;0,00;7,08
2016.0;12.0;2016-12-01;BRASPINE;QUEIMADINHO USUCAPIAO;PR;DOUTOR ULYSSES;200,27;92,43;155,79;20,75;85,05;12,08;42,63;32,09;100,00;66,69;0,00;7,08
2016.0;12.0;2016-12-01;BRASPINE;RAMOS;PR;SENGES;69,83;38,15;159,79;20,54;84,85;11,71;42,11;31,58;100,00;80,45;0,00;10,80
2016.0;12.0;2016-12-01;BRASPINE;RIBEIRAO GRANDE;PR;JAGUARIAIVA;20,77;20,77;156,43;20,41;83,44;10,91;43,33;30,71;99,81;77,04;0,00;2,01
2016.0;12.0;2016-12-01;BRASPINE;RINCAO DE BAIXO;;;;;279,88;20,91;81,78;12,13;41,45;30,65;99,57;67,55;0,00;10,34
2016.0;12.0;2016-12-01;BRASPINE;RIO BOMBA;PR;CERRO AZUL;65,03;37,72;114,63;21,65;84,53;12,86;42,15;33,36;99,99;41,02;0,00;6,00
2016.0;12.0;2016-12-01;BRASPINE;RIO DO MEIO;PR;DOUTOR ULYSSES;712,33;389,13;161,42;20,75;85,05;12,08;42,63;32,09;100,00;66,69;0,00;7,08
2016.0;12.0;2016-12-01;BRASPINE;RONDON;PR;JAGUARIAIVA;2899,24;1475,88;162,35;20,57;83,30;11,73;42,91;31,07;99,75;80,06;0,00;2,18
2016.0;12.0;2016-12-01;BRASPINE;SANTA FELICIDADE;;;;;161,03;22,00;85,12;13,25;41,11;34,65;100,00;42,16;0,00;5,88
2016.0;12.0;2016-12-01;BRASPINE;SANTA LIDIA DO CERCADINHO;;;;;269,50;20,58;81,76;11,94;41,93;30,17;99,54;96,11;0,00;9,48
2016.0;12.0;2016-12-01;BRASPINE;SANTO ANTONIO;;;;;163,54;20,68;82,49;12,10;39,73;31,61;100,00;80,35;0,00;33,29
2016.0;12.0;2016-12-01;BRASPINE;SAO JOSE;PR;JANDAIA DO SUL;37,56;37,56;203,62;23,36;81,05;16,10;41,99;31,91;99,92;0,00;0,00;0,16
2016.0;12.0;2016-12-01;BRASPINE;SAO MATHEUS;;;;;234,10;24,53;80,58;17,29;41,87;33,08;99,85;0,00;0,00;3,25
2016.0;12.0;2016-12-01;BRASPINE;SAO PEDRO E SAO PAULO;PR;SAPOPEMA;709,13;323,93;222,72;22,02;79,72;14,04;38,41;31,07;99,64;43,86;0,00;2,01
2016.0;12.0;2016-12-01;BRASPINE;SAO RAFAEL;;;;;101,38;20,38;82,87;11,31;44,32;30,73;99,75;77,05;0,00;6,74
2016.0;12.0;2016-12-01;BRASPINE;SAO RAFAEL - PB;;;;;183,50;20,99;85,13;12,73;40,32;32,67;100,00;67,98;0,00;53,48
2016.0;12.0;2016-12-01;BRASPINE;SERRARIA;PR;DOUTOR ULYSSES;280,88;117,71;165,99;20,59;85,60;12,09;42,32;31,91;100,00;65,78;0,00;2,78
2016.0;12.0;2016-12-01;BRASPINE;SERRO VERDE;;;;;230,02;20,01;84,83;11,62;42,13;28,56;99,84;91,59;0,00;13,65
2016.0;12.0;2016-12-01;BRASPINE;SERTAOZINHO;PR;DOUTOR ULYSSES;16,25;16,25;157,78;20,75;85,05;12,08;42,63;32,09;100,00;66,69;0,00;7,08
2016.0;12.0;2016-12-01;BRASPINE;SITIO BASILIO;PR;JAGUARIAIVA;8,08;8,08;146,67;20,52;82,54;11,35;44,40;30,55;99,78;78,81;0,00;5,17
2016.0;12.0;2016-12-01;BRASPINE;SITIO DAS MARRECAS;PR;DOUTOR ULYSSES;77,49;35,17;149,71;21,38;85,43;12,67;42,43;33,41;100,00;69,29;0,00;14,15
2016.0;12.0;2016-12-01;BRASPINE;SOBRADINHO;SP;BOM SUCESSO DE ITARARE;285,80;123,10;171,02;20,61;83,39;12,28;38,65;31,73;100,00;95,32;0,00;16,79
2016.0;12.0;2016-12-01;BRASPINE;TAQUARAL;PR;JAGUARIAIVA;519,13;31,07;158,90;20,72;83,37;11,52;43,35;31,14;99,98;80,11;0,00;7,28
2016.0;12.0;2016-12-01;BRASPINE;TUCUNDUVA;PR;SENGES;82,21;60,89;158,53;21,49;78,54;12,81;40,37;31,72;98,79;69,71;0,00;6,84
2016.0;12.0;2016-12-01;BRASPINE;TUCUNDUVA - CHAMMA;;;;;158,38;21,55;78,52;12,88;40,12;31,89;98,56;70,03;0,00;2,51
2016.0;12.0;2016-12-01;BRASPINE;VIENA 1;PR;DOUTOR ULYSSES;263,98;178,34;134,84;20,25;85,26;11,40;42,66;30,98;100,00;92,67;0,00;0,74
2016.0;12.0;2016-12-01;BRASPINE;VIENA 2;PR;CERRO AZUL;140,23;96,54;115,22;21,65;84,53;12,86;42,15;33,36;99,99;41,02;0,00;6,00
2016.0;12.0;2016-12-01;BRASPINE;VITORIA;PR;SENGES;50,54;35,69;163,04;20,61;82,43;11,96;42,08;31,23;99,73;80,29;0,00;43,88
2016.0;12.0;2016-12-01;BRASPINE;VIVEIRO;PR;DOUTOR ULYSSES;405,39;261,22;163,45;20,75;85,05;12,08;42,63;32,09;100,00;66,69;0,00;7,08
2016.0;12.0;2016-12-01;BRASPINE;VO LINO;PR;DOUTOR ULYSSES;164,50;97,89;154,13;20,84;85,64;12,33;42,71;32,42;100,00;67,06;0,00;1,43
2016.0;12.0;2016-12-01;BRASPINE;XAXIM VELHO;;;;;147,18;19,44;86,08;10,60;43,24;28,59;100,00;88,22;0,00;2,86
