ANO;MES;DATA;EMPRESA;FAZENDA;UF;MUNICIPIO;AREA_T;AREA_PRODU;PRECIP_CHIRPS_MM;TEMP_MEDIA_C;UMID_MEDIA_PCT;TEMP_MIN_C;UMID_MIN_PCT;TEMP_MAX_C;UMID_MAX_PCT;NOITES_FRIAS_Eucalipto_<15C;NOITES_FRIAS_Pinus_<5C;DIRECAO_VENTO_GRAUS
2013.0;1.0;2013-01-01;BRASPINE;AGUA DOCE;PR;JAGUARIAIVA;238,97;121,99;113,78;19,60;85,02;11,92;46,30;27,57;99,85;94,81;0,00;6,76
2013.0;1.0;2013-01-01;BRASPINE;AMATA;;;;;81,01;21,39;82,36;14,19;42,86;30,78;99,98;28,55;0,00;0,59
2013.0;1.0;2013-01-01;BRASPINE;ANTA BRAVA;;;;;132,26;22,38;81,32;15,22;48,31;30,80;98,05;0,00;0,00;3,50
2013.0;1.0;2013-01-01;BRASPINE;ARAPONGAS;PR;SENGES;423,34;263,70;136,04;19,71;86,42;12,51;45,25;28,85;100,00;67,47;0,00;1,02
2013.0;1.0;2013-01-01;BRASPINE;ARROIO CLARO;PR;DOUTOR ULYSSES;275,14;92,00;105,37;19,91;86,03;12,42;45,33;29,33;100,00;68,00;0,00;4,31
2013.0;1.0;2013-01-01;BRASPINE;BARRA GRANDE;PR;DOUTOR ULYSSES;493,79;139,68;127,67;20,19;86,43;12,88;46,72;29,62;100,00;54,55;0,00;15,88
2013.0;1.0;2013-01-01;BRASPINE;BARRA GRANDE - BEMAIS;PR;GUARAPUAVA;299,16;108,61;113,22;19,77;80,13;11,79;41,89;27,96;99,98;109,43;0,00;2,69
2013.0;1.0;2013-01-01;BRASPINE;BARRETOS;PR;JAGUARIAIVA;43,35;32,98;135,35;19,62;86,12;12,14;43,84;28,22;99,96;95,45;0,00;5,94
2013.0;1.0;2013-01-01;BRASPINE;BAU;;;;;160,47;19,79;80,28;12,01;43,35;27,21;99,89;95,01;0,00;0,37
2013.0;1.0;2013-01-01;BRASPINE;BOA VISTA II;PR;PIRAI DO SUL;944,00;535,05;121,96;19,61;85,54;11,92;44,95;27,99;99,95;93,96;0,00;356,56
2013.0;1.0;2013-01-01;BRASPINE;BRASILEIRA;;;;;117,98;19,71;86,42;12,51;45,25;28,85;100,00;67,47;0,00;1,02
2013.0;1.0;2013-01-01;BRASPINE;BURACAO;;;;;83,08;19,72;83,98;12,14;47,44;28,29;99,78;65,66;0,00;0,15
2013.0;1.0;2013-01-01;BRASPINE;BURRINHO;PR;DOUTOR ULYSSES;211,01;100,37;106,24;19,91;86,03;12,42;45,33;29,33;100,00;68,00;0,00;4,31
2013.0;1.0;2013-01-01;BRASPINE;CADEADO I;PR;JAGUARIAIVA;21,07;12,29;133,26;19,53;86,13;12,10;43,53;30,15;100,00;80,71;0,00;3,40
2013.0;1.0;2013-01-01;BRASPINE;CADEADO II;PR;JAGUARIAIVA;21,88;16,79;133,26;19,53;86,13;12,10;43,53;30,15;100,00;80,71;0,00;3,40
2013.0;1.0;2013-01-01;BRASPINE;CAMPINA ALTA;PR;TIBAGI;29,77;18,24;111,03;21,04;80,74;12,51;43,42;29,25;99,88;40,58;0,00;6,38
2013.0;1.0;2013-01-01;BRASPINE;CAMPINA DO ELIAS;PR;JAGUARIAIVA;29,17;14,65;124,84;19,59;86,12;12,13;43,73;28,20;99,98;80,56;0,00;5,07
2013.0;1.0;2013-01-01;BRASPINE;CAMPO NOVO;PR;JAGUARIAIVA;295,98;156,36;142,28;19,53;86,13;12,10;43,53;30,15;100,00;80,71;0,00;3,40
2013.0;1.0;2013-01-01;BRASPINE;CONSULTORIA II A;PR;DOUTOR ULYSSES;89,62;60,79;124,80;19,71;86,42;12,51;45,25;28,85;100,00;67,47;0,00;1,02
2013.0;1.0;2013-01-01;BRASPINE;DINIZ;;;;;125,18;19,71;86,42;12,51;45,25;28,85;100,00;67,47;0,00;1,02
2013.0;1.0;2013-01-01;BRASPINE;ENES;PR;JAGUARIAIVA;5,93;5,69;143,19;19,53;86,13;12,10;43,53;30,15;100,00;80,71;0,00;3,40
2013.0;1.0;2013-01-01;BRASPINE;ENGENHARIA;;;;;125,18;19,71;86,42;12,51;45,25;28,85;100,00;67,47;0,00;1,02
2013.0;1.0;2013-01-01;BRASPINE;ESTACAO;PR;SENGES;4,76;4,14;128,91;19,53;86,13;12,10;43,53;30,15;100,00;80,71;0,00;3,40
2013.0;1.0;2013-01-01;BRASPINE;FAXINAL;PR;JAGUARIAIVA;20,65;20,65;143,19;19,53;86,13;12,10;43,53;30,15;100,00;80,71;0,00;3,40
2013.0;1.0;2013-01-01;BRASPINE;FEITAL;PR;DOUTOR ULYSSES;154,17;86,53;117,68;19,87;86,42;12,64;45,74;29,02;100,00;68,22;0,00;0,23
2013.0;1.0;2013-01-01;BRASPINE;FIGUEIRA;PR;DOUTOR ULYSSES;1053,81;315,71;119,54;19,91;86,03;12,42;45,33;29,33;100,00;68,00;0,00;4,31
2013.0;1.0;2013-01-01;BRASPINE;FIGUEIRINHA;PR;DOUTOR ULYSSES;94,37;56,74;110,80;19,91;86,03;12,42;45,33;29,33;100,00;68,00;0,00;4,31
2013.0;1.0;2013-01-01;BRASPINE;FLOEMA;PR;DOUTOR ULYSSES;2189,88;701,43;115,51;19,42;86,05;11,89;42,91;28,42;100,00;65,27;0,00;7,49
2013.0;1.0;2013-01-01;BRASPINE;FLOEMA I - SUDATI;;;;;131,92;19,71;86,42;12,51;45,25;28,85;100,00;67,47;0,00;1,02
2013.0;1.0;2013-01-01;BRASPINE;FLOEMA II - SUDATI;PR;DOUTOR ULYSSES;453,83;211,13;125,53;19,71;86,42;12,51;45,25;28,85;100,00;67,47;0,00;1,02
2013.0;1.0;2013-01-01;BRASPINE;FLOR DA SERRA;PR;SAO JOSE DA BOA VISTA;209,10;128,72;102,78;21,84;78,98;14,09;42,45;29,39;99,75;14,09;0,00;5,77
2013.0;1.0;2013-01-01;BRASPINE;GENTIL;PR;JAGUARIAIVA;126,77;53,33;113,36;19,38;84,93;11,58;45,85;27,22;99,62;92,93;0,00;357,26
2013.0;1.0;2013-01-01;BRASPINE;GUAIRACA;PR;GUARAPUAVA;623,62;169,31;109,35;19,91;79,78;12,04;41,91;28,11;99,96;126,43;0,00;2,56
2013.0;1.0;2013-01-01;BRASPINE;HERVAL 2 - MADALOSSO;;;;;87,00;19,72;83,98;12,14;47,44;28,29;99,78;65,66;0,00;0,15
2013.0;1.0;2013-01-01;BRASPINE;HERVAL DE BAIXO;PR;RESERVA;827,29;475,92;129,36;21,09;80,56;12,23;42,69;29,50;99,78;40,35;0,00;0,91
2013.0;1.0;2013-01-01;BRASPINE;HORTO 01;PR;TURVO;19,12;19,12;137,23;20,43;80,99;12,38;44,91;28,16;99,89;83,16;0,00;4,09
2013.0;1.0;2013-01-01;BRASPINE;HORTO 02;PR;TURVO;4,24;4,24;140,32;20,43;80,99;12,38;44,91;28,16;99,89;83,16;0,00;4,09
2013.0;1.0;2013-01-01;BRASPINE;HORTO 03;PR;PRUDENTOPOLIS;80,91;25,89;125,49;20,99;79,49;12,83;41,77;29,22;99,87;70,85;0,00;337,39
2013.0;1.0;2013-01-01;BRASPINE;HORTO 08;PR;TURVO;9,53;9,53;134,08;20,99;79,49;12,83;41,77;29,22;99,87;70,85;0,00;337,39
2013.0;1.0;2013-01-01;BRASPINE;HORTO 12;PR;PRUDENTOPOLIS;12,20;12,20;120,90;20,99;79,49;12,83;41,77;29,22;99,87;70,85;0,00;337,39
2013.0;1.0;2013-01-01;BRASPINE;IZAU;PR;PIRAI DO SUL;19,37;11,60;125,36;19,32;85,51;11,56;44,82;27,40;99,70;136,46;0,00;1,27
2013.0;1.0;2013-01-01;BRASPINE;JOAO RICO;PR;JAGUARIAIVA;47,46;26,18;114,14;19,60;85,02;11,92;46,30;27,57;99,85;94,81;0,00;6,76
2013.0;1.0;2013-01-01;BRASPINE;LAGOA;PR;JAGUARIAIVA;24,10;10,78;131,97;19,53;86,13;12,10;43,53;30,15;100,00;80,71;0,00;3,40
2013.0;1.0;2013-01-01;BRASPINE;MARACANA;PR;JANDAIA DO SUL;11,45;11,45;162,10;22,65;79,93;15,48;43,77;29,67;100,00;0,00;0,00;33,41
2013.0;1.0;2013-01-01;BRASPINE;MARRECA;;;;;117,81;19,91;86,03;12,42;45,33;29,33;100,00;68,00;0,00;4,31
2013.0;1.0;2013-01-01;BRASPINE;MARRECA SP;SP;ITAPIRAPUA PAULISTA;675,30;236,19;99,66;20,62;85,68;13,21;46,65;30,43;100,00;55,60;0,00;0,90
2013.0;1.0;2013-01-01;BRASPINE;MARRECAS;;;;;121,38;19,24;80,68;11,36;42,19;27,29;100,00;164,18;0,00;7,51
2013.0;1.0;2013-01-01;BRASPINE;MERCADINHO;;;;;98,65;20,57;84,20;13,36;44,04;30,03;100,00;55,84;0,00;0,15
2013.0;1.0;2013-01-01;BRASPINE;MONTE ALEGRE;;;;;151,24;23,16;78,92;16,04;43,77;30,26;99,90;0,00;0,00;0,55
2013.0;1.0;2013-01-01;BRASPINE;MONTE TABOR II;;;;;89,50;19,96;86,86;12,84;54,69;29,76;100,00;55,94;0,00;3,54
2013.0;1.0;2013-01-01;BRASPINE;MOREIRA;PR;DOUTOR ULYSSES;230,52;68,68;125,53;19,71;86,42;12,51;45,25;28,85;100,00;67,47;0,00;1,02
2013.0;1.0;2013-01-01;BRASPINE;MOREIRAS II;PR;DOUTOR ULYSSES;66,76;28,75;124,71;19,71;86,42;12,51;45,25;28,85;100,00;67,47;0,00;1,02
2013.0;1.0;2013-01-01;BRASPINE;MORRETES;PR;ORTIGUEIRA;20,36;20,36;133,14;21,61;80,09;12,58;40,95;30,13;99,78;26,11;0,00;1,43
2013.0;1.0;2013-01-01;BRASPINE;MORRO AZUL;;;;;105,37;19,92;86,85;12,99;45,64;29,20;100,00;54,23;0,00;10,54
2013.0;1.0;2013-01-01;BRASPINE;OURO FINO;SP;APIAI;51,70;51,70;95,16;19,70;87,68;13,10;54,20;29,08;100,00;69,73;0,00;5,99
2013.0;1.0;2013-01-01;BRASPINE;PALMEIRINHA DE BAIXO - SOSSEGO;PR;SENGES;85,93;9,22;116,65;19,39;85,84;12,21;43,86;27,52;99,83;66,48;0,00;22,98
2013.0;1.0;2013-01-01;BRASPINE;PAZIN;PR;DOUTOR ULYSSES;41,20;23,90;117,48;19,91;86,03;12,42;45,33;29,33;100,00;68,00;0,00;4,31
2013.0;1.0;2013-01-01;BRASPINE;PEDRAS;PR;CASTRO;7,18;7,18;124,25;19,38;85,52;11,53;46,33;27,48;99,80;136,29;0,00;1,02
2013.0;1.0;2013-01-01;BRASPINE;PESCARIA;PR;SAO JOSE DA BOA VISTA;184,57;129,22;112,15;21,93;78,74;14,30;42,69;29,64;99,72;29,29;0,00;1,42
2013.0;1.0;2013-01-01;BRASPINE;PESSEGUEIRO;PR;DOUTOR ULYSSES;109,95;64,79;120,88;19,71;86,42;12,51;45,25;28,85;100,00;67,47;0,00;1,02
2013.0;1.0;2013-01-01;BRASPINE;PITANGA;;;;;160,42;20,50;79,81;12,86;43,67;27,80;99,81;54,61;0,00;4,69
2013.0;1.0;2013-01-01;BRASPINE;QUEIMADINHO ARROIO CLARO;PR;DOUTOR ULYSSES;48,13;19,09;117,98;19,71;86,42;12,51;45,25;28,85;100,00;67,47;0,00;1,02
2013.0;1.0;2013-01-01;BRASPINE;QUEIMADINHO M6042;PR;DOUTOR ULYSSES;48,38;18,50;117,98;19,71;86,42;12,51;45,25;28,85;100,00;67,47;0,00;1,02
2013.0;1.0;2013-01-01;BRASPINE;QUEIMADINHO USUCAPIAO;PR;DOUTOR ULYSSES;200,27;92,43;117,98;19,71;86,42;12,51;45,25;28,85;100,00;67,47;0,00;1,02
2013.0;1.0;2013-01-01;BRASPINE;RAMOS;PR;SENGES;69,83;38,15;131,92;19,53;86,13;12,10;43,53;30,15;100,00;80,71;0,00;3,40
2013.0;1.0;2013-01-01;BRASPINE;RIBEIRAO GRANDE;PR;JAGUARIAIVA;20,77;20,77;118,20;19,32;85,51;11,56;44,82;27,40;99,70;136,46;0,00;1,27
2013.0;1.0;2013-01-01;BRASPINE;RINCAO DE BAIXO;;;;;91,07;20,27;80,67;12,02;42,41;28,00;99,73;52,77;0,00;5,03
2013.0;1.0;2013-01-01;BRASPINE;RIO BOMBA;PR;CERRO AZUL;65,03;37,72;87,09;20,96;82,74;13,67;42,36;30,25;99,87;42,28;0,00;1,97
2013.0;1.0;2013-01-01;BRASPINE;RIO DO MEIO;PR;DOUTOR ULYSSES;712,33;389,13;122,91;19,71;86,42;12,51;45,25;28,85;100,00;67,47;0,00;1,02
2013.0;1.0;2013-01-01;BRASPINE;RONDON;PR;JAGUARIAIVA;2899,24;1475,88;124,16;19,43;85,85;12,09;44,29;27,52;99,86;80,73;0,00;1,07
2013.0;1.0;2013-01-01;BRASPINE;SANTA FELICIDADE;;;;;125,41;21,05;85,41;13,83;47,01;31,19;100,00;41,83;0,00;3,26
2013.0;1.0;2013-01-01;BRASPINE;SANTA LIDIA DO CERCADINHO;;;;;91,77;19,92;81,05;11,79;42,41;27,60;99,66;81,32;0,00;4,14
2013.0;1.0;2013-01-01;BRASPINE;SANTO ANTONIO;;;;;115,56;19,44;86,03;12,36;43,39;27,97;100,00;66,89;0,00;18,16
2013.0;1.0;2013-01-01;BRASPINE;SAO JOSE;PR;JANDAIA DO SUL;37,56;37,56;151,59;23,00;79,14;15,87;43,81;30,00;99,98;0,00;0,00;2,09
2013.0;1.0;2013-01-01;BRASPINE;SAO MATHEUS;;;;;144,85;24,26;78,16;17,30;43,02;32,09;99,56;0,00;0,00;1,17
2013.0;1.0;2013-01-01;BRASPINE;SAO PEDRO E SAO PAULO;PR;SAPOPEMA;709,13;323,93;122,59;21,24;80,38;13,41;45,76;28,08;99,49;42,42;0,00;3,53
2013.0;1.0;2013-01-01;BRASPINE;SAO RAFAEL;;;;;51,15;19,75;81,64;12,31;45,20;27,92;99,76;82,42;0,00;0,14
2013.0;1.0;2013-01-01;BRASPINE;SAO RAFAEL - PB;;;;;107,49;19,80;87,49;13,14;51,62;29,24;100,00;69,92;0,00;2,50
2013.0;1.0;2013-01-01;BRASPINE;SERRARIA;PR;DOUTOR ULYSSES;280,88;117,71;123,18;19,66;86,04;12,15;44,12;28,86;100,00;66,64;0,00;5,91
2013.0;1.0;2013-01-01;BRASPINE;SERRO VERDE;;;;;161,26;20,17;78,92;12,37;41,60;27,62;99,89;97,21;0,00;0,86
2013.0;1.0;2013-01-01;BRASPINE;SERTAOZINHO;PR;DOUTOR ULYSSES;16,25;16,25;130,32;19,71;86,42;12,51;45,25;28,85;100,00;67,47;0,00;1,02
2013.0;1.0;2013-01-01;BRASPINE;SITIO BASILIO;PR;JAGUARIAIVA;8,08;8,08;113,78;19,46;84,77;11,68;46,30;27,27;99,57;93,75;0,00;8,74
2013.0;1.0;2013-01-01;BRASPINE;SITIO DAS MARRECAS;PR;DOUTOR ULYSSES;77,49;35,17;113,82;20,41;85,78;12,99;46,62;30,11;100,00;54,92;0,00;1,86
2013.0;1.0;2013-01-01;BRASPINE;SOBRADINHO;SP;BOM SUCESSO DE ITARARE;285,80;123,10;104,80;19,36;86,93;12,51;45,96;28,17;100,00;67,30;0,00;10,76
2013.0;1.0;2013-01-01;BRASPINE;TAQUARAL;PR;JAGUARIAIVA;519,13;31,07;129,45;19,59;85,61;12,07;45,24;27,66;100,00;95,51;0,00;3,29
2013.0;1.0;2013-01-01;BRASPINE;TUCUNDUVA;PR;SENGES;82,21;60,89;124,09;20,27;82,24;12,67;44,42;27,81;99,69;54,50;0,00;1,91
2013.0;1.0;2013-01-01;BRASPINE;TUCUNDUVA - CHAMMA;;;;;121,28;20,24;82,72;12,86;43,78;27,92;99,74;54,91;0,00;24,67
2013.0;1.0;2013-01-01;BRASPINE;VIENA 1;PR;DOUTOR ULYSSES;263,98;178,34;107,64;19,30;86,11;11,80;44,14;28,02;100,00;108,77;0,00;1,23
2013.0;1.0;2013-01-01;BRASPINE;VIENA 2;PR;CERRO AZUL;140,23;96,54;87,05;20,96;82,74;13,67;42,36;30,25;99,87;42,28;0,00;1,97
2013.0;1.0;2013-01-01;BRASPINE;VITORIA;PR;SENGES;50,54;35,69;116,65;19,39;85,84;12,21;43,86;27,52;99,83;66,48;0,00;22,98
2013.0;1.0;2013-01-01;BRASPINE;VIVEIRO;PR;DOUTOR ULYSSES;405,39;261,22;124,71;19,71;86,42;12,51;45,25;28,85;100,00;67,47;0,00;1,02
2013.0;1.0;2013-01-01;BRASPINE;VO LINO;PR;DOUTOR ULYSSES;164,50;97,89;113,70;19,91;86,03;12,42;45,33;29,33;100,00;68,00;0,00;4,31
2013.0;1.0;2013-01-01;BRASPINE;XAXIM VELHO;;;;;113,51;19,32;80,78;11,77;43,37;27,35;100,00;210,86;0,00;0,64
2013.0;2.0;2013-02-01;BRASPINE;AGUA DOCE;PR;JAGUARIAIVA;238,97;121,99;247,36;20,31;88,40;14,92;60,84;27,50;99,86;14,92;0,00;7,31
2013.0;2.0;2013-02-01;BRASPINE;AMATA;;;;;239,39;22,02;87,76;16,32;53,07;30,45;100,00;0,00;0,00;6,87
2013.0;2.0;2013-02-01;BRASPINE;ANTA BRAVA;;;;;220,14;23,12;84,34;17,43;53,53;30,18;99,32;0,00;0,00;5,28
2013.0;2.0;2013-02-01;BRASPINE;ARAPONGAS;PR;SENGES;423,34;263,70;222,86;20,52;89,38;14,98;57,35;28,36;100,00;14,98;0,00;22,37
2013.0;2.0;2013-02-01;BRASPINE;ARROIO CLARO;PR;DOUTOR ULYSSES;275,14;92,00;224,69;20,73;89,21;15,14;54,28;28,77;100,00;0,00;0,00;0,45
2013.0;2.0;2013-02-01;BRASPINE;BARRA GRANDE;PR;DOUTOR ULYSSES;493,79;139,68;224,19;21,04;89,49;15,44;55,84;29,21;100,00;0,00;0,00;15,49
2013.0;2.0;2013-02-01;BRASPINE;BARRA GRANDE - BEMAIS;PR;GUARAPUAVA;299,16;108,61;219,99;19,72;89,04;15,26;53,43;27,50;100,00;0,00;0,00;0,61
2013.0;2.0;2013-02-01;BRASPINE;BARRETOS;PR;JAGUARIAIVA;43,35;32,98;245,16;20,44;89,06;14,91;60,51;27,89;99,99;14,91;0,00;21,43
2013.0;2.0;2013-02-01;BRASPINE;BAU;;;;;266,56;19,74;88,99;15,09;48,94;26,80;99,85;0,00;0,00;10,16
2013.0;2.0;2013-02-01;BRASPINE;BOA VISTA II;PR;PIRAI DO SUL;944,00;535,05;231,76;20,44;88,50;14,87;61,52;27,86;99,96;14,87;0,00;17,23
2013.0;2.0;2013-02-01;BRASPINE;BRASILEIRA;;;;;224,18;20,52;89,38;14,98;57,35;28,36;100,00;14,98;0,00;22,37
2013.0;2.0;2013-02-01;BRASPINE;BURACAO;;;;;215,32;20,52;87,16;14,91;58,92;28,37;99,83;14,91;0,00;10,14
2013.0;2.0;2013-02-01;BRASPINE;BURRINHO;PR;DOUTOR ULYSSES;211,01;100,37;225,08;20,73;89,21;15,14;54,28;28,77;100,00;0,00;0,00;0,45
2013.0;2.0;2013-02-01;BRASPINE;CADEADO I;PR;JAGUARIAIVA;21,07;12,29;225,17;20,31;89,12;14,76;58,80;27,92;100,00;14,76;0,00;25,13
2013.0;2.0;2013-02-01;BRASPINE;CADEADO II;PR;JAGUARIAIVA;21,88;16,79;225,17;20,31;89,12;14,76;58,80;27,92;100,00;14,76;0,00;25,13
2013.0;2.0;2013-02-01;BRASPINE;CAMPINA ALTA;PR;TIBAGI;29,77;18,24;339,29;21,00;88,68;16,28;52,65;28,70;99,99;0,00;0,00;0,68
2013.0;2.0;2013-02-01;BRASPINE;CAMPINA DO ELIAS;PR;JAGUARIAIVA;29,17;14,65;230,33;20,39;89,08;14,85;59,89;27,90;99,99;14,85;0,00;22,69
2013.0;2.0;2013-02-01;BRASPINE;CAMPO NOVO;PR;JAGUARIAIVA;295,98;156,36;239,91;20,31;89,12;14,76;58,80;27,92;100,00;14,76;0,00;25,13
2013.0;2.0;2013-02-01;BRASPINE;CONSULTORIA II A;PR;DOUTOR ULYSSES;89,62;60,79;230,34;20,52;89,38;14,98;57,35;28,36;100,00;14,98;0,00;22,37
2013.0;2.0;2013-02-01;BRASPINE;DINIZ;;;;;223,25;20,52;89,38;14,98;57,35;28,36;100,00;14,98;0,00;22,37
2013.0;2.0;2013-02-01;BRASPINE;ENES;PR;JAGUARIAIVA;5,93;5,69;242,50;20,31;89,12;14,76;58,80;27,92;100,00;14,76;0,00;25,13
2013.0;2.0;2013-02-01;BRASPINE;ENGENHARIA;;;;;223,25;20,52;89,38;14,98;57,35;28,36;100,00;14,98;0,00;22,37
2013.0;2.0;2013-02-01;BRASPINE;ESTACAO;PR;SENGES;4,76;4,14;217,97;20,31;89,12;14,76;58,80;27,92;100,00;14,76;0,00;25,13
2013.0;2.0;2013-02-01;BRASPINE;FAXINAL;PR;JAGUARIAIVA;20,65;20,65;242,50;20,31;89,12;14,76;58,80;27,92;100,00;14,76;0,00;25,13
2013.0;2.0;2013-02-01;BRASPINE;FEITAL;PR;DOUTOR ULYSSES;154,17;86,53;224,79;20,70;89,41;15,13;56,85;28,64;100,00;0,00;0,00;20,87
2013.0;2.0;2013-02-01;BRASPINE;FIGUEIRA;PR;DOUTOR ULYSSES;1053,81;315,71;227,65;20,73;89,21;15,14;54,28;28,77;100,00;0,00;0,00;0,45
2013.0;2.0;2013-02-01;BRASPINE;FIGUEIRINHA;PR;DOUTOR ULYSSES;94,37;56,74;230,51;20,73;89,21;15,14;54,28;28,77;100,00;0,00;0,00;0,45
2013.0;2.0;2013-02-01;BRASPINE;FLOEMA;PR;DOUTOR ULYSSES;2189,88;701,43;228,77;20,21;89,10;14,67;55,72;27,97;100,00;14,67;0,00;2,09
2013.0;2.0;2013-02-01;BRASPINE;FLOEMA I - SUDATI;;;;;218,52;20,52;89,38;14,98;57,35;28,36;100,00;14,98;0,00;22,37
2013.0;2.0;2013-02-01;BRASPINE;FLOEMA II - SUDATI;PR;DOUTOR ULYSSES;453,83;211,13;220,22;20,52;89,38;14,98;57,35;28,36;100,00;14,98;0,00;22,37
2013.0;2.0;2013-02-01;BRASPINE;FLOR DA SERRA;PR;SAO JOSE DA BOA VISTA;209,10;128,72;276,39;22,05;85,04;17,21;53,14;28,97;99,61;0,00;0,00;1,51
2013.0;2.0;2013-02-01;BRASPINE;GENTIL;PR;JAGUARIAIVA;126,77;53,33;243,83;20,06;88,26;14,64;61,31;27,12;99,74;14,64;0,00;10,32
2013.0;2.0;2013-02-01;BRASPINE;GUAIRACA;PR;GUARAPUAVA;623,62;169,31;206,12;19,91;88,63;15,60;54,35;27,94;100,00;0,00;0,00;2,85
2013.0;2.0;2013-02-01;BRASPINE;HERVAL 2 - MADALOSSO;;;;;224,68;20,52;87,16;14,91;58,92;28,37;99,83;14,91;0,00;10,14
2013.0;2.0;2013-02-01;BRASPINE;HERVAL DE BAIXO;PR;RESERVA;827,29;475,92;319,74;21,01;88,70;16,12;52,15;28,63;99,97;0,00;0,00;10,42
2013.0;2.0;2013-02-01;BRASPINE;HORTO 01;PR;TURVO;19,12;19,12;251,34;20,41;89,30;15,63;51,69;27,72;99,76;0,00;0,00;1,00
2013.0;2.0;2013-02-01;BRASPINE;HORTO 02;PR;TURVO;4,24;4,24;249,85;20,41;89,30;15,63;51,69;27,72;99,76;0,00;0,00;1,00
2013.0;2.0;2013-02-01;BRASPINE;HORTO 03;PR;PRUDENTOPOLIS;80,91;25,89;249,38;20,88;88,50;16,08;52,13;28,62;99,97;0,00;0,00;3,66
2013.0;2.0;2013-02-01;BRASPINE;HORTO 08;PR;TURVO;9,53;9,53;228,83;20,88;88,50;16,08;52,13;28,62;99,97;0,00;0,00;3,66
2013.0;2.0;2013-02-01;BRASPINE;HORTO 12;PR;PRUDENTOPOLIS;12,20;12,20;242,32;20,88;88,50;16,08;52,13;28,62;99,97;0,00;0,00;3,66
2013.0;2.0;2013-02-01;BRASPINE;IZAU;PR;PIRAI DO SUL;19,37;11,60;245,75;20,11;88,39;14,57;61,94;27,30;99,64;14,57;0,00;14,28
2013.0;2.0;2013-02-01;BRASPINE;JOAO RICO;PR;JAGUARIAIVA;47,46;26,18;247,05;20,31;88,40;14,92;60,84;27,50;99,86;14,92;0,00;7,31
2013.0;2.0;2013-02-01;BRASPINE;LAGOA;PR;JAGUARIAIVA;24,10;10,78;224,40;20,31;89,12;14,76;58,80;27,92;100,00;14,76;0,00;25,13
2013.0;2.0;2013-02-01;BRASPINE;MARACANA;PR;JANDAIA DO SUL;11,45;11,45;240,12;22,57;86,78;17,79;51,32;29,34;99,98;0,00;0,00;3,31
2013.0;2.0;2013-02-01;BRASPINE;MARRECA;;;;;230,92;20,73;89,21;15,14;54,28;28,77;100,00;0,00;0,00;0,45
2013.0;2.0;2013-02-01;BRASPINE;MARRECA SP;SP;ITAPIRAPUA PAULISTA;675,30;236,19;231,85;21,44;89,28;15,77;53,17;29,84;100,00;0,00;0,00;17,52
2013.0;2.0;2013-02-01;BRASPINE;MARRECAS;;;;;216,40;19,23;89,30;14,89;53,02;26,95;100,00;29,84;0,00;1,99
2013.0;2.0;2013-02-01;BRASPINE;MERCADINHO;;;;;225,47;21,25;88,58;15,68;53,38;29,51;100,00;0,00;0,00;0,50
2013.0;2.0;2013-02-01;BRASPINE;MONTE ALEGRE;;;;;231,69;23,08;85,51;18,39;50,62;29,98;99,93;0,00;0,00;8,93
2013.0;2.0;2013-02-01;BRASPINE;MONTE TABOR II;;;;;211,20;20,93;89,69;15,48;55,18;28,96;100,00;0,00;0,00;2,41
2013.0;2.0;2013-02-01;BRASPINE;MOREIRA;PR;DOUTOR ULYSSES;230,52;68,68;220,22;20,52;89,38;14,98;57,35;28,36;100,00;14,98;0,00;22,37
2013.0;2.0;2013-02-01;BRASPINE;MOREIRAS II;PR;DOUTOR ULYSSES;66,76;28,75;231,82;20,52;89,38;14,98;57,35;28,36;100,00;14,98;0,00;22,37
2013.0;2.0;2013-02-01;BRASPINE;MORRETES;PR;ORTIGUEIRA;20,36;20,36;327,79;21,45;88,51;16,41;51,33;29,18;99,95;0,00;0,00;10,62
2013.0;2.0;2013-02-01;BRASPINE;MORRO AZUL;;;;;209,28;20,79;89,54;15,24;58,23;28,96;100,00;0,00;0,00;4,25
2013.0;2.0;2013-02-01;BRASPINE;OURO FINO;SP;APIAI;51,70;51,70;216,53;20,67;89,96;15,20;58,23;28,82;100,00;0,00;0,00;4,85
2013.0;2.0;2013-02-01;BRASPINE;PALMEIRINHA DE BAIXO - SOSSEGO;PR;SENGES;85,93;9,22;206,06;20,07;88,82;14,73;60,21;27,33;99,87;14,73;0,00;19,34
2013.0;2.0;2013-02-01;BRASPINE;PAZIN;PR;DOUTOR ULYSSES;41,20;23,90;228,04;20,73;89,21;15,14;54,28;28,77;100,00;0,00;0,00;0,45
2013.0;2.0;2013-02-01;BRASPINE;PEDRAS;PR;CASTRO;7,18;7,18;227,03;20,22;88,43;14,67;63,53;27,38;99,67;14,67;0,00;0,63
2013.0;2.0;2013-02-01;BRASPINE;PESCARIA;PR;SAO JOSE DA BOA VISTA;184,57;129,22;278,88;22,18;84,60;17,31;52,34;29,14;99,62;0,00;0,00;0,94
2013.0;2.0;2013-02-01;BRASPINE;PESSEGUEIRO;PR;DOUTOR ULYSSES;109,95;64,79;214,58;20,52;89,38;14,98;57,35;28,36;100,00;14,98;0,00;22,37
2013.0;2.0;2013-02-01;BRASPINE;PITANGA;;;;;262,77;20,41;88,60;15,28;48,51;27,27;99,81;0,00;0,00;10,56
2013.0;2.0;2013-02-01;BRASPINE;QUEIMADINHO ARROIO CLARO;PR;DOUTOR ULYSSES;48,13;19,09;224,18;20,52;89,38;14,98;57,35;28,36;100,00;14,98;0,00;22,37
2013.0;2.0;2013-02-01;BRASPINE;QUEIMADINHO M6042;PR;DOUTOR ULYSSES;48,38;18,50;224,18;20,52;89,38;14,98;57,35;28,36;100,00;14,98;0,00;22,37
2013.0;2.0;2013-02-01;BRASPINE;QUEIMADINHO USUCAPIAO;PR;DOUTOR ULYSSES;200,27;92,43;224,18;20,52;89,38;14,98;57,35;28,36;100,00;14,98;0,00;22,37
2013.0;2.0;2013-02-01;BRASPINE;RAMOS;PR;SENGES;69,83;38,15;218,52;20,31;89,12;14,76;58,80;27,92;100,00;14,76;0,00;25,13
2013.0;2.0;2013-02-01;BRASPINE;RIBEIRAO GRANDE;PR;JAGUARIAIVA;20,77;20,77;246,38;20,11;88,39;14,57;61,94;27,30;99,64;14,57;0,00;14,28
2013.0;2.0;2013-02-01;BRASPINE;RINCAO DE BAIXO;;;;;356,56;20,53;87,00;15,67;56,59;27,65;99,82;0,00;0,00;5,29
2013.0;2.0;2013-02-01;BRASPINE;RIO BOMBA;PR;CERRO AZUL;65,03;37,72;231,30;21,57;87,91;15,99;52,88;30,00;99,99;0,00;0,00;8,85
2013.0;2.0;2013-02-01;BRASPINE;RIO DO MEIO;PR;DOUTOR ULYSSES;712,33;389,13;229,76;20,52;89,38;14,98;57,35;28,36;100,00;14,98;0,00;22,37
2013.0;2.0;2013-02-01;BRASPINE;RONDON;PR;JAGUARIAIVA;2899,24;1475,88;231,86;20,13;88,98;14,74;60,76;27,35;99,90;14,74;0,00;0,05
2013.0;2.0;2013-02-01;BRASPINE;SANTA FELICIDADE;;;;;235,22;21,86;89,18;16,11;52,23;30,50;100,00;0,00;0,00;9,72
2013.0;2.0;2013-02-01;BRASPINE;SANTA LIDIA DO CERCADINHO;;;;;347,06;20,22;87,04;15,27;57,08;27,33;99,76;0,00;0,00;4,28
2013.0;2.0;2013-02-01;BRASPINE;SANTO ANTONIO;;;;;209,03;20,18;88,70;14,77;60,03;27,84;100,00;14,77;0,00;10,86
2013.0;2.0;2013-02-01;BRASPINE;SAO JOSE;PR;JANDAIA DO SUL;37,56;37,56;232,53;22,92;85,80;18,20;50,86;29,76;99,98;0,00;0,00;9,30
2013.0;2.0;2013-02-01;BRASPINE;SAO MATHEUS;;;;;203,31;24,19;84,50;19,40;50,29;31,66;99,87;0,00;0,00;1,08
2013.0;2.0;2013-02-01;BRASPINE;SAO PEDRO E SAO PAULO;PR;SAPOPEMA;709,13;323,93;293,21;21,32;87,06;16,47;49,06;27,66;99,78;0,00;0,00;5,87
2013.0;2.0;2013-02-01;BRASPINE;SAO RAFAEL;;;;;197,85;20,43;86,46;15,00;53,50;28,11;99,48;0,00;0,00;3,11
2013.0;2.0;2013-02-01;BRASPINE;SAO RAFAEL - PB;;;;;212,52;20,76;89,85;15,25;58,04;28,97;100,00;0,00;0,00;8,21
2013.0;2.0;2013-02-01;BRASPINE;SERRARIA;PR;DOUTOR ULYSSES;280,88;117,71;231,85;20,47;89,15;14,91;55,00;28,37;100,00;14,91;0,00;1,27
2013.0;2.0;2013-02-01;BRASPINE;SERRO VERDE;;;;;267,97;20,06;87,86;14,77;48,24;27,41;99,97;14,77;0,00;14,79
2013.0;2.0;2013-02-01;BRASPINE;SERTAOZINHO;PR;DOUTOR ULYSSES;16,25;16,25;231,77;20,52;89,38;14,98;57,35;28,36;100,00;14,98;0,00;22,37
2013.0;2.0;2013-02-01;BRASPINE;SITIO BASILIO;PR;JAGUARIAIVA;8,08;8,08;246,80;20,11;88,26;14,74;60,98;27,17;99,77;14,74;0,00;8,16
2013.0;2.0;2013-02-01;BRASPINE;SITIO DAS MARRECAS;PR;DOUTOR ULYSSES;77,49;35,17;233,47;21,24;89,26;15,59;53,49;29,54;100,00;0,00;0,00;19,63
2013.0;2.0;2013-02-01;BRASPINE;SOBRADINHO;SP;BOM SUCESSO DE ITARARE;285,80;123,10;210,65;20,20;89,13;14,77;59,84;28,10;100,00;14,77;0,00;0,64
2013.0;2.0;2013-02-01;BRASPINE;TAQUARAL;PR;JAGUARIAIVA;519,13;31,07;240,25;20,32;88,85;14,92;61,04;27,57;100,00;14,92;0,00;6,65
2013.0;2.0;2013-02-01;BRASPINE;TUCUNDUVA;PR;SENGES;82,21;60,89;267,34;20,75;86,61;15,59;57,97;27,62;99,71;0,00;0,00;21,85
2013.0;2.0;2013-02-01;BRASPINE;TUCUNDUVA - CHAMMA;;;;;250,33;20,76;86,75;15,60;58,47;27,60;99,77;0,00;0,00;19,58
2013.0;2.0;2013-02-01;BRASPINE;VIENA 1;PR;DOUTOR ULYSSES;263,98;178,34;232,22;20,11;89,01;14,52;58,25;27,68;100,00;14,52;0,00;2,13
2013.0;2.0;2013-02-01;BRASPINE;VIENA 2;PR;CERRO AZUL;140,23;96,54;231,26;21,57;87,91;15,99;52,88;30,00;99,99;0,00;0,00;8,85
2013.0;2.0;2013-02-01;BRASPINE;VITORIA;PR;SENGES;50,54;35,69;206,06;20,07;88,82;14,73;60,21;27,33;99,87;14,73;0,00;19,34
2013.0;2.0;2013-02-01;BRASPINE;VIVEIRO;PR;DOUTOR ULYSSES;405,39;261,22;231,82;20,52;89,38;14,98;57,35;28,36;100,00;14,98;0,00;22,37
2013.0;2.0;2013-02-01;BRASPINE;VO LINO;PR;DOUTOR ULYSSES;164,50;97,89;228,58;20,73;89,21;15,14;54,28;28,77;100,00;0,00;0,00;0,45
2013.0;2.0;2013-02-01;BRASPINE;XAXIM VELHO;;;;;205,94;19,46;88,91;15,09;52,57;27,26;100,00;0,00;0,00;6,62
2013.0;3.0;2013-03-01;BRASPINE;AGUA DOCE;PR;JAGUARIAIVA;238,97;121,99;217,44;19,17;87,54;13,16;50,52;27,08;99,85;168,84;0,00;17,39
2013.0;3.0;2013-03-01;BRASPINE;AMATA;;;;;61,66;20,76;86,78;14,62;45,01;30,38;100,00;44,13;0,00;2,70
2013.0;3.0;2013-03-01;BRASPINE;ANTA BRAVA;;;;;211,83;22,06;83,49;15,78;48,00;29,92;99,85;0,00;0,00;12,70
2013.0;3.0;2013-03-01;BRASPINE;ARAPONGAS;PR;SENGES;423,34;263,70;219,41;19,33;89,19;13,06;46,43;28,09;100,00;142,90;0,00;10,99
2013.0;3.0;2013-03-01;BRASPINE;ARROIO CLARO;PR;DOUTOR ULYSSES;275,14;92,00;147,74;19,50;89,07;13,33;44,72;28,50;100,00;99,85;0,00;15,52
2013.0;3.0;2013-03-01;BRASPINE;BARRA GRANDE;PR;DOUTOR ULYSSES;493,79;139,68;249,52;19,83;89,05;13,18;45,47;29,26;100,00;70,77;0,00;6,41
2013.0;3.0;2013-03-01;BRASPINE;BARRA GRANDE - BEMAIS;PR;GUARAPUAVA;299,16;108,61;262,50;18,48;87,47;10,07;41,65;27,26;99,99;159,73;0,00;2,61
2013.0;3.0;2013-03-01;BRASPINE;BARRETOS;PR;JAGUARIAIVA;43,35;32,98;230,43;19,22;88,79;13,20;48,08;27,55;99,98;169,79;0,00;18,17
2013.0;3.0;2013-03-01;BRASPINE;BAU;;;;;280,13;18,51;87,21;10,49;43,15;26,50;99,92;161,68;0,00;0,66
2013.0;3.0;2013-03-01;BRASPINE;BOA VISTA II;PR;PIRAI DO SUL;944,00;535,05;219,27;19,20;88,12;12,96;49,33;27,33;99,95;168,33;0,00;18,10
2013.0;3.0;2013-03-01;BRASPINE;BRASILEIRA;;;;;232,59;19,33;89,19;13,06;46,43;28,09;100,00;142,90;0,00;10,99
2013.0;3.0;2013-03-01;BRASPINE;BURACAO;;;;;63,36;19,17;87,35;13,33;45,43;27,68;99,82;155,00;0,00;3,67
2013.0;3.0;2013-03-01;BRASPINE;BURRINHO;PR;DOUTOR ULYSSES;211,01;100,37;153,03;19,50;89,07;13,33;44,72;28,50;100,00;99,85;0,00;15,52
2013.0;3.0;2013-03-01;BRASPINE;CADEADO I;PR;JAGUARIAIVA;21,07;12,29;201,82;19,11;89,00;12,75;47,24;27,61;100,00;169,19;0,00;14,72
2013.0;3.0;2013-03-01;BRASPINE;CADEADO II;PR;JAGUARIAIVA;21,88;16,79;201,82;19,11;89,00;12,75;47,24;27,61;100,00;169,19;0,00;14,72
2013.0;3.0;2013-03-01;BRASPINE;CAMPINA ALTA;PR;TIBAGI;29,77;18,24;179,69;19,82;87,02;12,14;49,24;27,94;99,93;112,32;0,00;5,81
2013.0;3.0;2013-03-01;BRASPINE;CAMPINA DO ELIAS;PR;JAGUARIAIVA;29,17;14,65;214,70;19,18;88,87;13,15;47,78;27,57;99,99;169,57;0,00;16,99
2013.0;3.0;2013-03-01;BRASPINE;CAMPO NOVO;PR;JAGUARIAIVA;295,98;156,36;226,11;19,11;89,00;12,75;47,24;27,61;100,00;169,19;0,00;14,72
2013.0;3.0;2013-03-01;BRASPINE;CONSULTORIA II A;PR;DOUTOR ULYSSES;89,62;60,79;233,16;19,33;89,19;13,06;46,43;28,09;100,00;142,90;0,00;10,99
2013.0;3.0;2013-03-01;BRASPINE;DINIZ;;;;;233,63;19,33;89,19;13,06;46,43;28,09;100,00;142,90;0,00;10,99
2013.0;3.0;2013-03-01;BRASPINE;ENES;PR;JAGUARIAIVA;5,93;5,69;227,06;19,11;89,00;12,75;47,24;27,61;100,00;169,19;0,00;14,72
2013.0;3.0;2013-03-01;BRASPINE;ENGENHARIA;;;;;233,63;19,33;89,19;13,06;46,43;28,09;100,00;142,90;0,00;10,99
2013.0;3.0;2013-03-01;BRASPINE;ESTACAO;PR;SENGES;4,76;4,14;209,12;19,11;89,00;12,75;47,24;27,61;100,00;169,19;0,00;14,72
2013.0;3.0;2013-03-01;BRASPINE;FAXINAL;PR;JAGUARIAIVA;20,65;20,65;227,06;19,11;89,00;12,75;47,24;27,61;100,00;169,19;0,00;14,72
2013.0;3.0;2013-03-01;BRASPINE;FEITAL;PR;DOUTOR ULYSSES;154,17;86,53;230,34;19,49;89,14;13,10;46,11;28,48;100,00;99,17;0,00;9,73
2013.0;3.0;2013-03-01;BRASPINE;FIGUEIRA;PR;DOUTOR ULYSSES;1053,81;315,71;228,51;19,50;89,07;13,33;44,72;28,50;100,00;99,85;0,00;15,52
2013.0;3.0;2013-03-01;BRASPINE;FIGUEIRINHA;PR;DOUTOR ULYSSES;94,37;56,74;210,41;19,50;89,07;13,33;44,72;28,50;100,00;99,85;0,00;15,52
2013.0;3.0;2013-03-01;BRASPINE;FLOEMA;PR;DOUTOR ULYSSES;2189,88;701,43;222,45;19,01;89,14;12,92;45,70;27,72;100,00;169,55;0,00;1,52
2013.0;3.0;2013-03-01;BRASPINE;FLOEMA I - SUDATI;;;;;211,16;19,33;89,19;13,06;46,43;28,09;100,00;142,90;0,00;10,99
2013.0;3.0;2013-03-01;BRASPINE;FLOEMA II - SUDATI;PR;DOUTOR ULYSSES;453,83;211,13;228,08;19,33;89,19;13,06;46,43;28,09;100,00;142,90;0,00;10,99
2013.0;3.0;2013-03-01;BRASPINE;FLOR DA SERRA;PR;SAO JOSE DA BOA VISTA;209,10;128,72;228,97;21,19;82,29;14,45;43,58;28,99;99,82;14,45;0,00;1,61
2013.0;3.0;2013-03-01;BRASPINE;GENTIL;PR;JAGUARIAIVA;126,77;53,33;204,27;18,93;87,35;12,95;50,64;26,78;99,73;166,16;0,00;20,95
2013.0;3.0;2013-03-01;BRASPINE;GUAIRACA;PR;GUARAPUAVA;623,62;169,31;265,08;18,64;86,95;10,10;42,04;27,32;100,00;161,74;0,00;1,63
2013.0;3.0;2013-03-01;BRASPINE;HERVAL 2 - MADALOSSO;;;;;69,12;19,17;87,35;13,33;45,43;27,68;99,82;155,00;0,00;3,67
2013.0;3.0;2013-03-01;BRASPINE;HERVAL DE BAIXO;PR;RESERVA;827,29;475,92;193,73;19,81;87,22;11,18;49,09;27,94;99,92;96,28;0,00;0,68
2013.0;3.0;2013-03-01;BRASPINE;HORTO 01;PR;TURVO;19,12;19,12;243,93;19,16;87,86;9,93;44,88;27,29;99,83;135,56;0,00;2,96
2013.0;3.0;2013-03-01;BRASPINE;HORTO 02;PR;TURVO;4,24;4,24;247,70;19,16;87,86;9,93;44,88;27,29;99,83;135,56;0,00;2,96
2013.0;3.0;2013-03-01;BRASPINE;HORTO 03;PR;PRUDENTOPOLIS;80,91;25,89;230,21;19,60;87,28;10,87;44,64;28,02;99,99;109,87;0,00;14,37
2013.0;3.0;2013-03-01;BRASPINE;HORTO 08;PR;TURVO;9,53;9,53;250,82;19,60;87,28;10,87;44,64;28,02;99,99;109,87;0,00;14,37
2013.0;3.0;2013-03-01;BRASPINE;HORTO 12;PR;PRUDENTOPOLIS;12,20;12,20;225,31;19,60;87,28;10,87;44,64;28,02;99,99;109,87;0,00;14,37
2013.0;3.0;2013-03-01;BRASPINE;IZAU;PR;PIRAI DO SUL;19,37;11,60;217,66;18,92;87,75;12,70;50,32;26,89;99,77;165,74;0,00;0,83
2013.0;3.0;2013-03-01;BRASPINE;JOAO RICO;PR;JAGUARIAIVA;47,46;26,18;211,32;19,17;87,54;13,16;50,52;27,08;99,85;168,84;0,00;17,39
2013.0;3.0;2013-03-01;BRASPINE;LAGOA;PR;JAGUARIAIVA;24,10;10,78;206,53;19,11;89,00;12,75;47,24;27,61;100,00;169,19;0,00;14,72
2013.0;3.0;2013-03-01;BRASPINE;MARACANA;PR;JANDAIA DO SUL;11,45;11,45;74,39;21,53;84,90;14,41;50,23;29,09;99,98;14,41;0,00;3,11
2013.0;3.0;2013-03-01;BRASPINE;MARRECA;;;;;227,47;19,50;89,07;13,33;44,72;28,50;100,00;99,85;0,00;15,52
2013.0;3.0;2013-03-01;BRASPINE;MARRECA SP;SP;ITAPIRAPUA PAULISTA;675,30;236,19;173,97;20,22;88,62;13,78;43,83;29,99;100,00;57,79;0,00;6,79
2013.0;3.0;2013-03-01;BRASPINE;MARRECAS;;;;;264,57;17,99;87,68;9,57;40,56;26,77;100,00;213,26;0,00;0,64
2013.0;3.0;2013-03-01;BRASPINE;MERCADINHO;;;;;131,07;20,07;87,83;14,00;44,40;29,40;100,00;71,98;0,00;2,92
2013.0;3.0;2013-03-01;BRASPINE;MONTE ALEGRE;;;;;91,68;22,02;83,93;14,67;49,74;29,65;100,00;14,67;0,00;0,35
2013.0;3.0;2013-03-01;BRASPINE;MONTE TABOR II;;;;;202,72;19,75;89,08;11,80;44,60;29,24;100,00;85,70;0,00;342,40
2013.0;3.0;2013-03-01;BRASPINE;MOREIRA;PR;DOUTOR ULYSSES;230,52;68,68;228,08;19,33;89,19;13,06;46,43;28,09;100,00;142,90;0,00;10,99
2013.0;3.0;2013-03-01;BRASPINE;MOREIRAS II;PR;DOUTOR ULYSSES;66,76;28,75;233,92;19,33;89,19;13,06;46,43;28,09;100,00;142,90;0,00;10,99
2013.0;3.0;2013-03-01;BRASPINE;MORRETES;PR;ORTIGUEIRA;20,36;20,36;190,14;20,23;87,25;11,30;47,94;28,37;99,90;82,59;0,00;7,06
2013.0;3.0;2013-03-01;BRASPINE;MORRO AZUL;;;;;200,34;19,62;89,12;12,44;45,90;29,06;100,00;98,73;0,00;3,12
2013.0;3.0;2013-03-01;BRASPINE;OURO FINO;SP;APIAI;51,70;51,70;190,86;19,48;89,66;11,68;45,49;28,94;100,00;113,71;0,00;7,74
2013.0;3.0;2013-03-01;BRASPINE;PALMEIRINHA DE BAIXO - SOSSEGO;PR;SENGES;85,93;9,22;213,29;19,03;88,06;12,41;48,95;27,13;99,86;168,53;0,00;0,40
2013.0;3.0;2013-03-01;BRASPINE;PAZIN;PR;DOUTOR ULYSSES;41,20;23,90;235,78;19,50;89,07;13,33;44,72;28,50;100,00;99,85;0,00;15,52
2013.0;3.0;2013-03-01;BRASPINE;PEDRAS;PR;CASTRO;7,18;7,18;203,06;18,94;88,02;12,67;51,26;26,93;99,89;165,77;0,00;5,68
2013.0;3.0;2013-03-01;BRASPINE;PESCARIA;PR;SAO JOSE DA BOA VISTA;184,57;129,22;247,19;21,30;82,12;14,48;42,35;29,37;99,85;14,48;0,00;4,45
2013.0;3.0;2013-03-01;BRASPINE;PESSEGUEIRO;PR;DOUTOR ULYSSES;109,95;64,79;209,62;19,33;89,19;13,06;46,43;28,09;100,00;142,90;0,00;10,99
2013.0;3.0;2013-03-01;BRASPINE;PITANGA;;;;;275,79;19,17;86,93;11,49;44,13;26,81;99,90;106,98;0,00;4,78
2013.0;3.0;2013-03-01;BRASPINE;QUEIMADINHO ARROIO CLARO;PR;DOUTOR ULYSSES;48,13;19,09;232,59;19,33;89,19;13,06;46,43;28,09;100,00;142,90;0,00;10,99
2013.0;3.0;2013-03-01;BRASPINE;QUEIMADINHO M6042;PR;DOUTOR ULYSSES;48,38;18,50;232,59;19,33;89,19;13,06;46,43;28,09;100,00;142,90;0,00;10,99
2013.0;3.0;2013-03-01;BRASPINE;QUEIMADINHO USUCAPIAO;PR;DOUTOR ULYSSES;200,27;92,43;232,59;19,33;89,19;13,06;46,43;28,09;100,00;142,90;0,00;10,99
2013.0;3.0;2013-03-01;BRASPINE;RAMOS;PR;SENGES;69,83;38,15;211,16;19,11;89,00;12,75;47,24;27,61;100,00;169,19;0,00;14,72
2013.0;3.0;2013-03-01;BRASPINE;RIBEIRAO GRANDE;PR;JAGUARIAIVA;20,77;20,77;212,60;18,92;87,75;12,70;50,32;26,89;99,77;165,74;0,00;0,83
2013.0;3.0;2013-03-01;BRASPINE;RINCAO DE BAIXO;;;;;202,69;19,38;85,45;12,48;47,62;27,19;99,88;96,27;0,00;0,19
2013.0;3.0;2013-03-01;BRASPINE;RIO BOMBA;PR;CERRO AZUL;65,03;37,72;100,77;20,34;87,11;14,45;45,31;29,54;99,99;59,24;0,00;3,23
2013.0;3.0;2013-03-01;BRASPINE;RIO DO MEIO;PR;DOUTOR ULYSSES;712,33;389,13;233,55;19,33;89,19;13,06;46,43;28,09;100,00;142,90;0,00;10,99
2013.0;3.0;2013-03-01;BRASPINE;RONDON;PR;JAGUARIAIVA;2899,24;1475,88;224,82;19,04;88,29;12,67;49,73;27,10;99,94;168,16;0,00;9,22
2013.0;3.0;2013-03-01;BRASPINE;SANTA FELICIDADE;;;;;268,58;20,67;88,13;13,56;43,23;30,98;100,00;27,97;0,00;4,69
2013.0;3.0;2013-03-01;BRASPINE;SANTA LIDIA DO CERCADINHO;;;;;203,29;19,08;85,56;12,56;47,69;26,81;99,86;154,40;0,00;1,68
2013.0;3.0;2013-03-01;BRASPINE;SANTO ANTONIO;;;;;217,91;19,11;88,23;12,32;48,52;27,59;100,00;169,26;0,00;9,91
2013.0;3.0;2013-03-01;BRASPINE;SAO JOSE;PR;JANDAIA DO SUL;37,56;37,56;89,72;21,86;84,15;14,56;49,84;29,44;100,00;14,56;0,00;0,02
2013.0;3.0;2013-03-01;BRASPINE;SAO MATHEUS;;;;;255,43;23,04;83,32;15,24;49,72;31,19;99,93;0,00;0,00;5,35
2013.0;3.0;2013-03-01;BRASPINE;SAO PEDRO E SAO PAULO;PR;SAPOPEMA;709,13;323,93;127,96;20,41;84,62;13,86;46,39;28,10;99,78;42,43;0,00;0,17
2013.0;3.0;2013-03-01;BRASPINE;SAO RAFAEL;;;;;43,70;19,06;85,11;12,06;46,83;27,40;99,89;138,79;0,00;5,41
2013.0;3.0;2013-03-01;BRASPINE;SAO RAFAEL - PB;;;;;221,31;19,56;89,53;12,05;45,27;29,09;100,00;84,20;0,00;9,63
2013.0;3.0;2013-03-01;BRASPINE;SERRARIA;PR;DOUTOR ULYSSES;280,88;117,71;224,21;19,26;89,10;13,12;45,21;28,00;100,00;157,56;0,00;0,21
2013.0;3.0;2013-03-01;BRASPINE;SERRO VERDE;;;;;298,38;18,81;86,14;10,56;42,63;26,85;99,93;134,32;0,00;2,12
2013.0;3.0;2013-03-01;BRASPINE;SERTAOZINHO;PR;DOUTOR ULYSSES;16,25;16,25;246,67;19,33;89,19;13,06;46,43;28,09;100,00;142,90;0,00;10,99
2013.0;3.0;2013-03-01;BRASPINE;SITIO BASILIO;PR;JAGUARIAIVA;8,08;8,08;217,14;19,00;87,28;12,93;50,30;26,83;99,79;167,02;0,00;19,18
2013.0;3.0;2013-03-01;BRASPINE;SITIO DAS MARRECAS;PR;DOUTOR ULYSSES;77,49;35,17;234,04;20,01;88,75;13,65;44,09;29,57;100,00;72,21;0,00;9,40
2013.0;3.0;2013-03-01;BRASPINE;SOBRADINHO;SP;BOM SUCESSO DE ITARARE;285,80;123,10;206,56;19,09;88,91;12,03;47,24;27,87;100,00;154,30;0,00;2,18
2013.0;3.0;2013-03-01;BRASPINE;TAQUARAL;PR;JAGUARIAIVA;519,13;31,07;226,33;19,18;88,15;13,13;50,87;27,21;99,99;169,22;0,00;14,19
2013.0;3.0;2013-03-01;BRASPINE;TUCUNDUVA;PR;SENGES;82,21;60,89;244,70;19,78;84,95;13,14;46,08;27,55;99,81;100,50;0,00;3,66
2013.0;3.0;2013-03-01;BRASPINE;TUCUNDUVA - CHAMMA;;;;;236,94;19,81;85,17;13,24;46,97;27,58;99,81;85,38;0,00;5,49
2013.0;3.0;2013-03-01;BRASPINE;VIENA 1;PR;DOUTOR ULYSSES;263,98;178,34;185,75;18,89;88,94;12,96;47,43;27,31;100,00;167,72;0,00;2,29
2013.0;3.0;2013-03-01;BRASPINE;VIENA 2;PR;CERRO AZUL;140,23;96,54;101,39;20,34;87,11;14,45;45,31;29,54;99,99;59,24;0,00;3,23
2013.0;3.0;2013-03-01;BRASPINE;VITORIA;PR;SENGES;50,54;35,69;213,29;19,03;88,06;12,41;48,95;27,13;99,86;168,53;0,00;0,40
2013.0;3.0;2013-03-01;BRASPINE;VIVEIRO;PR;DOUTOR ULYSSES;405,39;261,22;233,92;19,33;89,19;13,06;46,43;28,09;100,00;142,90;0,00;10,99
2013.0;3.0;2013-03-01;BRASPINE;VO LINO;PR;DOUTOR ULYSSES;164,50;97,89;198,83;19,50;89,07;13,33;44,72;28,50;100,00;99,85;0,00;15,52
2013.0;3.0;2013-03-01;BRASPINE;XAXIM VELHO;;;;;251,85;18,18;87,30;9,49;40,98;26,87;100,00;171,87;0,00;3,22
2013.0;4.0;2013-04-01;BRASPINE;AGUA DOCE;PR;JAGUARIAIVA;238,97;121,99;83,32;17,51;81,76;9,99;44,84;25,73;99,84;244,87;0,00;1,28
2013.0;4.0;2013-04-01;BRASPINE;AMATA;;;;;72,40;18,96;82,24;10,73;44,42;28,02;99,97;221,75;0,00;1,47
2013.0;4.0;2013-04-01;BRASPINE;ANTA BRAVA;;;;;99,87;19,89;80,97;12,26;42,90;27,79;99,56;179,63;0,00;1,41
2013.0;4.0;2013-04-01;BRASPINE;ARAPONGAS;PR;SENGES;423,34;263,70;92,52;17,62;83,88;9,74;42,98;26,24;100,00;261,44;0,00;0,39
2013.0;4.0;2013-04-01;BRASPINE;ARROIO CLARO;PR;DOUTOR ULYSSES;275,14;92,00;83,13;17,78;83,94;10,20;42,36;26,52;100,00;236,41;0,00;351,01
2013.0;4.0;2013-04-01;BRASPINE;BARRA GRANDE;PR;DOUTOR ULYSSES;493,79;139,68;100,39;18,09;84,09;10,27;42,24;26,96;100,00;238,28;0,00;0,03
2013.0;4.0;2013-04-01;BRASPINE;BARRA GRANDE - BEMAIS;PR;GUARAPUAVA;299,16;108,61;88,48;16,62;82,13;7,85;40,09;24,92;99,99;267,50;0,00;4,52
2013.0;4.0;2013-04-01;BRASPINE;BARRETOS;PR;JAGUARIAIVA;43,35;32,98;96,26;17,60;83,06;10,11;44,59;26,12;100,00;248,08;0,00;2,09
2013.0;4.0;2013-04-01;BRASPINE;BAU;;;;;100,20;16,69;80,85;7,04;39,90;24,88;99,90;242,15;0,00;0,55
2013.0;4.0;2013-04-01;BRASPINE;BOA VISTA II;PR;PIRAI DO SUL;944,00;535,05;91,50;17,57;82,19;10,01;45,14;26,05;99,92;247,12;0,00;2,80
2013.0;4.0;2013-04-01;BRASPINE;BRASILEIRA;;;;;92,93;17,62;83,88;9,74;42,98;26,24;100,00;261,44;0,00;0,39
2013.0;4.0;2013-04-01;BRASPINE;BURACAO;;;;;68,43;17,44;82,01;9,25;42,16;25,98;99,88;254,90;0,00;1,76
2013.0;4.0;2013-04-01;BRASPINE;BURRINHO;PR;DOUTOR ULYSSES;211,01;100,37;84,28;17,78;83,94;10,20;42,36;26,52;100,00;236,41;0,00;351,01
2013.0;4.0;2013-04-01;BRASPINE;CADEADO I;PR;JAGUARIAIVA;21,07;12,29;83,53;17,44;83,57;9,20;43,86;25,89;100,00;256,27;0,00;2,35
2013.0;4.0;2013-04-01;BRASPINE;CADEADO II;PR;JAGUARIAIVA;21,88;16,79;83,53;17,44;83,57;9,20;43,86;25,89;100,00;256,27;0,00;2,35
2013.0;4.0;2013-04-01;BRASPINE;CAMPINA ALTA;PR;TIBAGI;29,77;18,24;148,11;18,15;81,43;8,38;47,77;26,40;99,90;210,60;0,00;4,24
2013.0;4.0;2013-04-01;BRASPINE;CAMPINA DO ELIAS;PR;JAGUARIAIVA;29,17;14,65;92,72;17,54;83,24;9,78;44,32;26,04;100,00;260,85;0,00;0,83
2013.0;4.0;2013-04-01;BRASPINE;CAMPO NOVO;PR;JAGUARIAIVA;295,98;156,36;93,45;17,44;83,57;9,20;43,86;25,89;100,00;256,27;0,00;2,35
2013.0;4.0;2013-04-01;BRASPINE;CONSULTORIA II A;PR;DOUTOR ULYSSES;89,62;60,79;94,38;17,62;83,88;9,74;42,98;26,24;100,00;261,44;0,00;0,39
2013.0;4.0;2013-04-01;BRASPINE;DINIZ;;;;;92,88;17,62;83,88;9,74;42,98;26,24;100,00;261,44;0,00;0,39
2013.0;4.0;2013-04-01;BRASPINE;ENES;PR;JAGUARIAIVA;5,93;5,69;93,55;17,44;83,57;9,20;43,86;25,89;100,00;256,27;0,00;2,35
2013.0;4.0;2013-04-01;BRASPINE;ENGENHARIA;;;;;92,88;17,62;83,88;9,74;42,98;26,24;100,00;261,44;0,00;0,39
2013.0;4.0;2013-04-01;BRASPINE;ESTACAO;PR;SENGES;4,76;4,14;89,06;17,44;83,57;9,20;43,86;25,89;100,00;256,27;0,00;2,35
2013.0;4.0;2013-04-01;BRASPINE;FAXINAL;PR;JAGUARIAIVA;20,65;20,65;93,55;17,44;83,57;9,20;43,86;25,89;100,00;256,27;0,00;2,35
2013.0;4.0;2013-04-01;BRASPINE;FEITAL;PR;DOUTOR ULYSSES;154,17;86,53;94,70;17,78;83,95;9,94;42,73;26,48;100,00;248,94;0,00;1,50
2013.0;4.0;2013-04-01;BRASPINE;FIGUEIRA;PR;DOUTOR ULYSSES;1053,81;315,71;97,31;17,78;83,94;10,20;42,36;26,52;100,00;236,41;0,00;351,01
2013.0;4.0;2013-04-01;BRASPINE;FIGUEIRINHA;PR;DOUTOR ULYSSES;94,37;56,74;98,72;17,78;83,94;10,20;42,36;26,52;100,00;236,41;0,00;351,01
2013.0;4.0;2013-04-01;BRASPINE;FLOEMA;PR;DOUTOR ULYSSES;2189,88;701,43;96,04;17,31;83,69;9,34;42,99;25,82;100,00;270,77;0,00;4,16
2013.0;4.0;2013-04-01;BRASPINE;FLOEMA I - SUDATI;;;;;88,94;17,62;83,88;9,74;42,98;26,24;100,00;261,44;0,00;0,39
2013.0;4.0;2013-04-01;BRASPINE;FLOEMA II - SUDATI;PR;DOUTOR ULYSSES;453,83;211,13;91,40;17,62;83,88;9,74;42,98;26,24;100,00;261,44;0,00;0,39
2013.0;4.0;2013-04-01;BRASPINE;FLOR DA SERRA;PR;SAO JOSE DA BOA VISTA;209,10;128,72;105,64;19,26;77,96;10,87;41,58;27,10;99,69;218,91;0,00;3,97
2013.0;4.0;2013-04-01;BRASPINE;GENTIL;PR;JAGUARIAIVA;126,77;53,33;85,49;17,25;81,66;9,55;44,12;25,47;99,66;238,29;0,00;2,92
2013.0;4.0;2013-04-01;BRASPINE;GUAIRACA;PR;GUARAPUAVA;623,62;169,31;86,26;16,66;82,25;7,66;40,45;25,10;99,99;248,90;0,00;7,12
2013.0;4.0;2013-04-01;BRASPINE;HERVAL 2 - MADALOSSO;;;;;64,22;17,44;82,01;9,25;42,16;25,98;99,88;254,90;0,00;1,76
2013.0;4.0;2013-04-01;BRASPINE;HERVAL DE BAIXO;PR;RESERVA;827,29;475,92;139,97;18,07;81,88;8,01;47,91;26,38;99,85;219,90;0,00;3,86
2013.0;4.0;2013-04-01;BRASPINE;HORTO 01;PR;TURVO;19,12;19,12;99,47;17,19;82,43;7,26;43,47;25,61;99,72;224,89;0,00;4,40
2013.0;4.0;2013-04-01;BRASPINE;HORTO 02;PR;TURVO;4,24;4,24;97,64;17,19;82,43;7,26;43,47;25,61;99,72;224,89;0,00;4,40
2013.0;4.0;2013-04-01;BRASPINE;HORTO 03;PR;PRUDENTOPOLIS;80,91;25,89;103,77;17,66;82,01;8,29;44,30;26,12;99,89;237,44;0,00;18,43
2013.0;4.0;2013-04-01;BRASPINE;HORTO 08;PR;TURVO;9,53;9,53;95,80;17,66;82,01;8,29;44,30;26,12;99,89;237,44;0,00;18,43
2013.0;4.0;2013-04-01;BRASPINE;HORTO 12;PR;PRUDENTOPOLIS;12,20;12,20;103,25;17,66;82,01;8,29;44,30;26,12;99,89;237,44;0,00;18,43
2013.0;4.0;2013-04-01;BRASPINE;IZAU;PR;PIRAI DO SUL;19,37;11,60;90,22;17,29;81,93;9,60;44,01;25,68;99,69;256,84;0,00;2,90
2013.0;4.0;2013-04-01;BRASPINE;JOAO RICO;PR;JAGUARIAIVA;47,46;26,18;85,45;17,51;81,76;9,99;44,84;25,73;99,84;244,87;0,00;1,28
2013.0;4.0;2013-04-01;BRASPINE;LAGOA;PR;JAGUARIAIVA;24,10;10,78;85,09;17,44;83,57;9,20;43,86;25,89;100,00;256,27;0,00;2,35
2013.0;4.0;2013-04-01;BRASPINE;MARACANA;PR;JANDAIA DO SUL;11,45;11,45;139,78;19,96;78,90;11,11;43,73;27,77;99,99;128,94;0,00;2,96
2013.0;4.0;2013-04-01;BRASPINE;MARRECA;;;;;100,51;17,78;83,94;10,20;42,36;26,52;100,00;236,41;0,00;351,01
2013.0;4.0;2013-04-01;BRASPINE;MARRECA SP;SP;ITAPIRAPUA PAULISTA;675,30;236,19;91,19;18,45;83,94;10,62;41,94;27,54;100,00;244,20;0,00;0,53
2013.0;4.0;2013-04-01;BRASPINE;MARRECAS;;;;;89,40;16,12;82,31;7,15;38,34;24,36;100,00;282,72;0,00;18,41
2013.0;4.0;2013-04-01;BRASPINE;MERCADINHO;;;;;83,33;18,32;83,05;10,95;42,87;27,22;100,00;228,97;0,00;0,48
2013.0;4.0;2013-04-01;BRASPINE;MONTE ALEGRE;;;;;140,94;20,37;78,39;11,34;43,81;28,33;99,99;132,24;0,00;0,67
2013.0;4.0;2013-04-01;BRASPINE;MONTE TABOR II;;;;;88,07;17,73;85,69;9,88;46,93;26,24;99,88;233,83;0,00;14,58
2013.0;4.0;2013-04-01;BRASPINE;MOREIRA;PR;DOUTOR ULYSSES;230,52;68,68;91,40;17,62;83,88;9,74;42,98;26,24;100,00;261,44;0,00;0,39
2013.0;4.0;2013-04-01;BRASPINE;MOREIRAS II;PR;DOUTOR ULYSSES;66,76;28,75;94,80;17,62;83,88;9,74;42,98;26,24;100,00;261,44;0,00;0,39
2013.0;4.0;2013-04-01;BRASPINE;MORRETES;PR;ORTIGUEIRA;20,36;20,36;146,33;18,48;82,45;8,38;47,79;26,78;99,80;210,53;0,00;3,93
2013.0;4.0;2013-04-01;BRASPINE;MORRO AZUL;;;;;82,13;17,87;84,16;9,89;41,55;26,76;100,00;234,67;0,00;1,01
2013.0;4.0;2013-04-01;BRASPINE;OURO FINO;SP;APIAI;51,70;51,70;87,21;17,57;85,44;9,40;43,81;26,30;100,00;228,85;0,00;29,81
2013.0;4.0;2013-04-01;BRASPINE;PALMEIRINHA DE BAIXO - SOSSEGO;PR;SENGES;85,93;9,22;77,70;17,34;82,60;10,23;45,35;25,51;99,86;257,28;0,00;4,12
2013.0;4.0;2013-04-01;BRASPINE;PAZIN;PR;DOUTOR ULYSSES;41,20;23,90;99,07;17,78;83,94;10,20;42,36;26,52;100,00;236,41;0,00;351,01
2013.0;4.0;2013-04-01;BRASPINE;PEDRAS;PR;CASTRO;7,18;7,18;97,49;17,23;82,47;9,42;46,28;25,65;99,77;265,26;0,00;10,37
2013.0;4.0;2013-04-01;BRASPINE;PESCARIA;PR;SAO JOSE DA BOA VISTA;184,57;129,22;103,05;19,45;77,39;11,06;40,65;27,28;99,56;222,04;0,00;2,79
2013.0;4.0;2013-04-01;BRASPINE;PESSEGUEIRO;PR;DOUTOR ULYSSES;109,95;64,79;91,76;17,62;83,88;9,74;42,98;26,24;100,00;261,44;0,00;0,39
2013.0;4.0;2013-04-01;BRASPINE;PITANGA;;;;;105,47;17,32;80,80;7,18;40,79;25,68;99,81;253,77;0,00;4,27
2013.0;4.0;2013-04-01;BRASPINE;QUEIMADINHO ARROIO CLARO;PR;DOUTOR ULYSSES;48,13;19,09;92,93;17,62;83,88;9,74;42,98;26,24;100,00;261,44;0,00;0,39
2013.0;4.0;2013-04-01;BRASPINE;QUEIMADINHO M6042;PR;DOUTOR ULYSSES;48,38;18,50;92,93;17,62;83,88;9,74;42,98;26,24;100,00;261,44;0,00;0,39
2013.0;4.0;2013-04-01;BRASPINE;QUEIMADINHO USUCAPIAO;PR;DOUTOR ULYSSES;200,27;92,43;92,93;17,62;83,88;9,74;42,98;26,24;100,00;261,44;0,00;0,39
2013.0;4.0;2013-04-01;BRASPINE;RAMOS;PR;SENGES;69,83;38,15;88,94;17,44;83,57;9,20;43,86;25,89;100,00;256,27;0,00;2,35
2013.0;4.0;2013-04-01;BRASPINE;RIBEIRAO GRANDE;PR;JAGUARIAIVA;20,77;20,77;87,82;17,29;81,93;9,60;44,01;25,68;99,69;256,84;0,00;2,90
2013.0;4.0;2013-04-01;BRASPINE;RINCAO DE BAIXO;;;;;143,18;17,69;79,74;8,67;44,57;25,85;99,55;213,51;0,00;1,38
2013.0;4.0;2013-04-01;BRASPINE;RIO BOMBA;PR;CERRO AZUL;65,03;37,72;77,70;18,53;82,45;10,31;45,21;27,45;99,95;227,50;0,00;2,02
2013.0;4.0;2013-04-01;BRASPINE;RIO DO MEIO;PR;DOUTOR ULYSSES;712,33;389,13;94,30;17,62;83,88;9,74;42,98;26,24;100,00;261,44;0,00;0,39
2013.0;4.0;2013-04-01;BRASPINE;RONDON;PR;JAGUARIAIVA;2899,24;1475,88;79,80;17,35;82,83;10,09;46,71;25,51;99,89;257,39;0,00;4,63
2013.0;4.0;2013-04-01;BRASPINE;SANTA FELICIDADE;;;;;103,45;18,86;83,94;10,61;41,61;28,15;100,00;234,00;0,00;1,30
2013.0;4.0;2013-04-01;BRASPINE;SANTA LIDIA DO CERCADINHO;;;;;140,97;17,41;79,73;8,58;44,24;25,50;99,54;227,43;0,00;0,72
2013.0;4.0;2013-04-01;BRASPINE;SANTO ANTONIO;;;;;81,72;17,38;82,89;9,95;43,17;25,77;100,00;257,38;0,00;1,01
2013.0;4.0;2013-04-01;BRASPINE;SAO JOSE;PR;JANDAIA DO SUL;37,56;37,56;141,15;20,23;78,51;11,26;43,89;28,16;100,00;131,12;0,00;0,25
2013.0;4.0;2013-04-01;BRASPINE;SAO MATHEUS;;;;;120,66;21,23;78,81;11,61;44,00;29,60;99,97;136,42;0,00;0,46
2013.0;4.0;2013-04-01;BRASPINE;SAO PEDRO E SAO PAULO;PR;SAPOPEMA;709,13;323,93;129,34;18,57;79,42;9,58;44,05;26,45;99,66;190,20;0,00;2,04
2013.0;4.0;2013-04-01;BRASPINE;SAO RAFAEL;;;;;61,97;17,13;81,47;8,57;42,19;25,35;99,65;273,24;0,00;5,42
2013.0;4.0;2013-04-01;BRASPINE;SAO RAFAEL - PB;;;;;90,01;17,71;85,05;9,97;42,93;26,49;100,00;232,94;0,00;29,09
2013.0;4.0;2013-04-01;BRASPINE;SERRARIA;PR;DOUTOR ULYSSES;280,88;117,71;97,59;17,54;83,81;9,77;42,68;26,17;100,00;261,13;0,00;2,54
2013.0;4.0;2013-04-01;BRASPINE;SERRO VERDE;;;;;101,15;16,94;80,05;6,25;39,39;25,22;99,92;228,31;0,00;2,80
2013.0;4.0;2013-04-01;BRASPINE;SERTAOZINHO;PR;DOUTOR ULYSSES;16,25;16,25;93,81;17,62;83,88;9,74;42,98;26,24;100,00;261,44;0,00;0,39
2013.0;4.0;2013-04-01;BRASPINE;SITIO BASILIO;PR;JAGUARIAIVA;8,08;8,08;83,11;17,31;81,60;9,65;44,35;25,47;99,67;238,98;0,00;1,09
2013.0;4.0;2013-04-01;BRASPINE;SITIO DAS MARRECAS;PR;DOUTOR ULYSSES;77,49;35,17;102,96;18,26;83,94;10,67;42,06;27,24;100,00;241,94;0,00;2,58
2013.0;4.0;2013-04-01;BRASPINE;SOBRADINHO;SP;BOM SUCESSO DE ITARARE;285,80;123,10;82,93;17,30;83,86;9,61;42,25;25,90;100,00;256,56;0,00;0,24
2013.0;4.0;2013-04-01;BRASPINE;TAQUARAL;PR;JAGUARIAIVA;519,13;31,07;85,82;17,52;82,43;10,01;46,46;25,73;99,98;261,49;0,00;4,03
2013.0;4.0;2013-04-01;BRASPINE;TUCUNDUVA;PR;SENGES;82,21;60,89;89,50;17,98;79,80;10,42;43,64;25,94;99,77;232,32;0,00;7,00
2013.0;4.0;2013-04-01;BRASPINE;TUCUNDUVA - CHAMMA;;;;;86,22;18,04;80,08;10,85;44,47;25,96;99,58;236,05;0,00;2,97
2013.0;4.0;2013-04-01;BRASPINE;VIENA 1;PR;DOUTOR ULYSSES;263,98;178,34;88,82;17,21;83,34;8,90;44,95;25,62;100,00;267,30;0,00;4,95
2013.0;4.0;2013-04-01;BRASPINE;VIENA 2;PR;CERRO AZUL;140,23;96,54;77,74;18,53;82,45;10,31;45,21;27,45;99,95;227,50;0,00;2,02
2013.0;4.0;2013-04-01;BRASPINE;VITORIA;PR;SENGES;50,54;35,69;77,70;17,34;82,60;10,23;45,35;25,51;99,86;257,28;0,00;4,12
2013.0;4.0;2013-04-01;BRASPINE;VIVEIRO;PR;DOUTOR ULYSSES;405,39;261,22;94,80;17,62;83,88;9,74;42,98;26,24;100,00;261,44;0,00;0,39
2013.0;4.0;2013-04-01;BRASPINE;VO LINO;PR;DOUTOR ULYSSES;164,50;97,89;94,21;17,78;83,94;10,20;42,36;26,52;100,00;236,41;0,00;351,01
2013.0;4.0;2013-04-01;BRASPINE;XAXIM VELHO;;;;;88,77;16,19;82,43;6,63;38,53;24,51;100,00;252,38;0,00;1,59
2013.0;5.0;2013-05-01;BRASPINE;AGUA DOCE;PR;JAGUARIAIVA;238,97;121,99;86,98;16,00;80,72;6,22;28,14;25,67;99,94;321,52;0,00;2,35
2013.0;5.0;2013-05-01;BRASPINE;AMATA;;;;;68,76;17,08;83,41;5,72;31,53;29,14;100,00;254,99;0,00;5,93
2013.0;5.0;2013-05-01;BRASPINE;ANTA BRAVA;;;;;64,20;18,79;78,31;8,55;28,88;28,32;99,56;208,04;0,00;28,27
2013.0;5.0;2013-05-01;BRASPINE;ARAPONGAS;PR;SENGES;423,34;263,70;88,27;16,06;83,24;5,49;29,61;26,85;100,00;314,45;0,00;0,80
2013.0;5.0;2013-05-01;BRASPINE;ARROIO CLARO;PR;DOUTOR ULYSSES;275,14;92,00;79,42;16,15;83,80;5,60;30,97;27,40;100,00;287,65;0,00;13,12
2013.0;5.0;2013-05-01;BRASPINE;BARRA GRANDE;PR;DOUTOR ULYSSES;493,79;139,68;87,23;16,51;83,55;5,71;29,46;27,94;100,00;306,39;0,00;0,66
2013.0;5.0;2013-05-01;BRASPINE;BARRA GRANDE - BEMAIS;PR;GUARAPUAVA;299,16;108,61;124,48;14,94;84,95;5,00;34,80;25,89;100,00;309,07;0,00;13,33
2013.0;5.0;2013-05-01;BRASPINE;BARRETOS;PR;JAGUARIAIVA;43,35;32,98;89,81;16,09;82,20;6,31;29,10;26,50;100,00;299,84;0,00;0,17
2013.0;5.0;2013-05-01;BRASPINE;BAU;;;;;161,94;15,17;83,31;4,94;31,09;25,96;99,90;312,50;9,91;5,46
2013.0;5.0;2013-05-01;BRASPINE;BOA VISTA II;PR;PIRAI DO SUL;944,00;535,05;91,60;16,05;81,34;6,03;28,72;26,22;99,96;324,40;0,00;3,48
2013.0;5.0;2013-05-01;BRASPINE;BRASILEIRA;;;;;87,85;16,06;83,24;5,49;29,61;26,85;100,00;314,45;0,00;0,80
2013.0;5.0;2013-05-01;BRASPINE;BURACAO;;;;;80,63;15,77;82,31;4,80;32,17;26,52;99,95;313,48;9,64;0,98
2013.0;5.0;2013-05-01;BRASPINE;BURRINHO;PR;DOUTOR ULYSSES;211,01;100,37;80,13;16,15;83,80;5,60;30,97;27,40;100,00;287,65;0,00;13,12
2013.0;5.0;2013-05-01;BRASPINE;CADEADO I;PR;JAGUARIAIVA;21,07;12,29;84,46;15,88;82,82;5,72;29,52;26,36;100,00;324,08;0,00;0,44
2013.0;5.0;2013-05-01;BRASPINE;CADEADO II;PR;JAGUARIAIVA;21,88;16,79;84,46;15,88;82,82;5,72;29,52;26,36;100,00;324,08;0,00;0,44
2013.0;5.0;2013-05-01;BRASPINE;CAMPINA ALTA;PR;TIBAGI;29,77;18,24;101,00;16,33;84,28;4,72;34,36;27,54;100,00;323,65;4,72;2,01
2013.0;5.0;2013-05-01;BRASPINE;CAMPINA DO ELIAS;PR;JAGUARIAIVA;29,17;14,65;90,17;16,01;82,43;6,38;29,26;26,43;100,00;313,01;0,00;0,26
2013.0;5.0;2013-05-01;BRASPINE;CAMPO NOVO;PR;JAGUARIAIVA;295,98;156,36;88,19;15,88;82,82;5,72;29,52;26,36;100,00;324,08;0,00;0,44
2013.0;5.0;2013-05-01;BRASPINE;CONSULTORIA II A;PR;DOUTOR ULYSSES;89,62;60,79;87,44;16,06;83,24;5,49;29,61;26,85;100,00;314,45;0,00;0,80
2013.0;5.0;2013-05-01;BRASPINE;DINIZ;;;;;86,91;16,06;83,24;5,49;29,61;26,85;100,00;314,45;0,00;0,80
2013.0;5.0;2013-05-01;BRASPINE;ENES;PR;JAGUARIAIVA;5,93;5,69;88,16;15,88;82,82;5,72;29,52;26,36;100,00;324,08;0,00;0,44
2013.0;5.0;2013-05-01;BRASPINE;ENGENHARIA;;;;;86,91;16,06;83,24;5,49;29,61;26,85;100,00;314,45;0,00;0,80
2013.0;5.0;2013-05-01;BRASPINE;ESTACAO;PR;SENGES;4,76;4,14;86,57;15,88;82,82;5,72;29,52;26,36;100,00;324,08;0,00;0,44
2013.0;5.0;2013-05-01;BRASPINE;FAXINAL;PR;JAGUARIAIVA;20,65;20,65;88,16;15,88;82,82;5,72;29,52;26,36;100,00;324,08;0,00;0,44
2013.0;5.0;2013-05-01;BRASPINE;FEITAL;PR;DOUTOR ULYSSES;154,17;86,53;88,14;16,21;83,34;5,56;29,56;27,21;100,00;301,82;0,00;1,27
2013.0;5.0;2013-05-01;BRASPINE;FIGUEIRA;PR;DOUTOR ULYSSES;1053,81;315,71;88,59;16,15;83,80;5,60;30,97;27,40;100,00;287,65;0,00;13,12
2013.0;5.0;2013-05-01;BRASPINE;FIGUEIRINHA;PR;DOUTOR ULYSSES;94,37;56,74;86,51;16,15;83,80;5,60;30,97;27,40;100,00;287,65;0,00;13,12
2013.0;5.0;2013-05-01;BRASPINE;FLOEMA;PR;DOUTOR ULYSSES;2189,88;701,43;91,57;15,72;83,22;5,07;30,92;26,57;100,00;306,62;0,00;15,20
2013.0;5.0;2013-05-01;BRASPINE;FLOEMA I - SUDATI;;;;;86,62;16,06;83,24;5,49;29,61;26,85;100,00;314,45;0,00;0,80
2013.0;5.0;2013-05-01;BRASPINE;FLOEMA II - SUDATI;PR;DOUTOR ULYSSES;453,83;211,13;87,52;16,06;83,24;5,49;29,61;26,85;100,00;314,45;0,00;0,80
2013.0;5.0;2013-05-01;BRASPINE;FLOR DA SERRA;PR;SAO JOSE DA BOA VISTA;209,10;128,72;65,89;17,74;77,64;6,62;30,16;27,61;99,71;251,27;0,00;0,18
2013.0;5.0;2013-05-01;BRASPINE;GENTIL;PR;JAGUARIAIVA;126,77;53,33;87,99;15,76;80,63;5,46;28,37;25,27;99,92;317,68;0,00;0,44
2013.0;5.0;2013-05-01;BRASPINE;GUAIRACA;PR;GUARAPUAVA;623,62;169,31;123,07;14,96;85,07;3,79;35,98;26,00;100,00;319,29;12,60;21,47
2013.0;5.0;2013-05-01;BRASPINE;HERVAL 2 - MADALOSSO;;;;;81,35;15,77;82,31;4,80;32,17;26,52;99,95;313,48;9,64;0,98
2013.0;5.0;2013-05-01;BRASPINE;HERVAL DE BAIXO;PR;RESERVA;827,29;475,92;119,39;16,25;85,01;4,47;35,04;27,54;100,00;303,63;4,47;0,29
2013.0;5.0;2013-05-01;BRASPINE;HORTO 01;PR;TURVO;19,12;19,12;139,06;15,54;85,02;4,06;37,07;26,46;99,87;288,32;12,74;8,99
2013.0;5.0;2013-05-01;BRASPINE;HORTO 02;PR;TURVO;4,24;4,24;139,65;15,54;85,02;4,06;37,07;26,46;99,87;288,32;12,74;8,99
2013.0;5.0;2013-05-01;BRASPINE;HORTO 03;PR;PRUDENTOPOLIS;80,91;25,89;133,88;15,89;85,19;4,57;37,46;27,07;99,99;268,22;4,57;3,55
2013.0;5.0;2013-05-01;BRASPINE;HORTO 08;PR;TURVO;9,53;9,53;137,30;15,89;85,19;4,57;37,46;27,07;99,99;268,22;4,57;3,55
2013.0;5.0;2013-05-01;BRASPINE;HORTO 12;PR;PRUDENTOPOLIS;12,20;12,20;129,46;15,89;85,19;4,57;37,46;27,07;99,99;268,22;4,57;3,55
2013.0;5.0;2013-05-01;BRASPINE;IZAU;PR;PIRAI DO SUL;19,37;11,60;87,55;15,82;80,94;5,47;28,45;25,62;99,88;293,82;0,00;1,62
2013.0;5.0;2013-05-01;BRASPINE;JOAO RICO;PR;JAGUARIAIVA;47,46;26,18;87,84;16,00;80,72;6,22;28,14;25,67;99,94;321,52;0,00;2,35
2013.0;5.0;2013-05-01;BRASPINE;LAGOA;PR;JAGUARIAIVA;24,10;10,78;85,33;15,88;82,82;5,72;29,52;26,36;100,00;324,08;0,00;0,44
2013.0;5.0;2013-05-01;BRASPINE;MARACANA;PR;JANDAIA DO SUL;11,45;11,45;187,64;18,88;76,59;9,42;29,80;29,18;99,99;158,55;0,00;1,30
2013.0;5.0;2013-05-01;BRASPINE;MARRECA;;;;;90,00;16,15;83,80;5,60;30,97;27,40;100,00;287,65;0,00;13,12
2013.0;5.0;2013-05-01;BRASPINE;MARRECA SP;SP;ITAPIRAPUA PAULISTA;675,30;236,19;81,41;16,76;84,14;5,22;30,22;28,76;100,00;296,02;0,00;10,03
2013.0;5.0;2013-05-01;BRASPINE;MARRECAS;;;;;117,45;14,47;85,04;3,31;34,35;25,39;100,00;324,44;16,57;8,74
2013.0;5.0;2013-05-01;BRASPINE;MERCADINHO;;;;;77,09;16,52;83,85;5,17;30,79;28,26;99,99;290,66;0,00;0,49
2013.0;5.0;2013-05-01;BRASPINE;MONTE ALEGRE;;;;;185,33;19,25;76,50;9,78;30,87;29,61;99,98;146,59;0,00;6,16
2013.0;5.0;2013-05-01;BRASPINE;MONTE TABOR II;;;;;83,20;16,08;85,76;4,76;36,40;27,23;100,00;314,79;9,57;1,36
2013.0;5.0;2013-05-01;BRASPINE;MOREIRA;PR;DOUTOR ULYSSES;230,52;68,68;87,52;16,06;83,24;5,49;29,61;26,85;100,00;314,45;0,00;0,80
2013.0;5.0;2013-05-01;BRASPINE;MOREIRAS II;PR;DOUTOR ULYSSES;66,76;28,75;87,43;16,06;83,24;5,49;29,61;26,85;100,00;314,45;0,00;0,80
2013.0;5.0;2013-05-01;BRASPINE;MORRETES;PR;ORTIGUEIRA;20,36;20,36;108,95;16,64;85,34;4,82;35,17;27,94;99,91;250,55;4,82;4,65
2013.0;5.0;2013-05-01;BRASPINE;MORRO AZUL;;;;;77,51;16,40;82,99;6,20;28,62;27,49;100,00;303,52;0,00;0,43
2013.0;5.0;2013-05-01;BRASPINE;OURO FINO;SP;APIAI;51,70;51,70;76,54;16,10;84,34;5,65;32,70;27,03;100,00;313,25;0,00;3,08
2013.0;5.0;2013-05-01;BRASPINE;PALMEIRINHA DE BAIXO - SOSSEGO;PR;SENGES;85,93;9,22;78,88;15,94;80,92;6,01;26,71;25,56;99,86;323,88;0,00;18,65
2013.0;5.0;2013-05-01;BRASPINE;PAZIN;PR;DOUTOR ULYSSES;41,20;23,90;89,34;16,15;83,80;5,60;30,97;27,40;100,00;287,65;0,00;13,12
2013.0;5.0;2013-05-01;BRASPINE;PEDRAS;PR;CASTRO;7,18;7,18;107,17;15,73;81,62;4,62;30,98;25,55;99,92;316,60;4,62;1,21
2013.0;5.0;2013-05-01;BRASPINE;PESCARIA;PR;SAO JOSE DA BOA VISTA;184,57;129,22;77,53;17,95;77,11;7,37;27,86;27,97;99,66;241,90;0,00;11,07
2013.0;5.0;2013-05-01;BRASPINE;PESSEGUEIRO;PR;DOUTOR ULYSSES;109,95;64,79;87,39;16,06;83,24;5,49;29,61;26,85;100,00;314,45;0,00;0,80
2013.0;5.0;2013-05-01;BRASPINE;PITANGA;;;;;158,12;15,76;83,07;5,49;33,77;26,59;99,83;280,24;0,00;1,09
2013.0;5.0;2013-05-01;BRASPINE;QUEIMADINHO ARROIO CLARO;PR;DOUTOR ULYSSES;48,13;19,09;87,85;16,06;83,24;5,49;29,61;26,85;100,00;314,45;0,00;0,80
2013.0;5.0;2013-05-01;BRASPINE;QUEIMADINHO M6042;PR;DOUTOR ULYSSES;48,38;18,50;87,85;16,06;83,24;5,49;29,61;26,85;100,00;314,45;0,00;0,80
2013.0;5.0;2013-05-01;BRASPINE;QUEIMADINHO USUCAPIAO;PR;DOUTOR ULYSSES;200,27;92,43;87,85;16,06;83,24;5,49;29,61;26,85;100,00;314,45;0,00;0,80
2013.0;5.0;2013-05-01;BRASPINE;RAMOS;PR;SENGES;69,83;38,15;86,62;15,88;82,82;5,72;29,52;26,36;100,00;324,08;0,00;0,44
2013.0;5.0;2013-05-01;BRASPINE;RIBEIRAO GRANDE;PR;JAGUARIAIVA;20,77;20,77;86,37;15,82;80,94;5,47;28,45;25,62;99,88;293,82;0,00;1,62
2013.0;5.0;2013-05-01;BRASPINE;RINCAO DE BAIXO;;;;;82,12;15,98;80,81;4,72;29,99;26,12;99,95;288,49;4,72;1,21
2013.0;5.0;2013-05-01;BRASPINE;RIO BOMBA;PR;CERRO AZUL;65,03;37,72;78,86;16,67;83,75;4,90;31,78;28,40;100,00;305,51;4,90;8,13
2013.0;5.0;2013-05-01;BRASPINE;RIO DO MEIO;PR;DOUTOR ULYSSES;712,33;389,13;87,54;16,06;83,24;5,49;29,61;26,85;100,00;314,45;0,00;0,80
2013.0;5.0;2013-05-01;BRASPINE;RONDON;PR;JAGUARIAIVA;2899,24;1475,88;84,85;15,89;81,46;5,71;28,07;25,58;99,88;321,29;0,00;15,62
2013.0;5.0;2013-05-01;BRASPINE;SANTA FELICIDADE;;;;;88,94;17,08;84,50;4,55;30,09;29,66;100,00;268,62;4,55;7,02
2013.0;5.0;2013-05-01;BRASPINE;SANTA LIDIA DO CERCADINHO;;;;;83,27;15,72;80,55;4,65;29,66;25,57;99,91;314,61;4,65;0,39
2013.0;5.0;2013-05-01;BRASPINE;SANTO ANTONIO;;;;;81,00;15,99;81,06;5,39;26,51;25,94;100,00;323,74;0,00;13,15
2013.0;5.0;2013-05-01;BRASPINE;SAO JOSE;PR;JANDAIA DO SUL;37,56;37,56;185,84;19,12;76,52;9,70;30,69;29,44;100,00;160,72;0,00;7,06
2013.0;5.0;2013-05-01;BRASPINE;SAO MATHEUS;;;;;141,29;19,89;78,48;9,12;32,68;30,72;100,00;116,94;0,00;294,62
2013.0;5.0;2013-05-01;BRASPINE;SAO PEDRO E SAO PAULO;PR;SAPOPEMA;709,13;323,93;128,65;17,25;78,38;6,89;29,66;26,83;99,79;256,73;0,00;2,86
2013.0;5.0;2013-05-01;BRASPINE;SAO RAFAEL;;;;;75,71;15,36;82,57;4,25;36,65;26,27;100,00;303,68;8,92;7,89
2013.0;5.0;2013-05-01;BRASPINE;SAO RAFAEL - PB;;;;;79,65;16,24;83,95;5,98;31,33;27,27;100,00;287,56;0,00;5,22
2013.0;5.0;2013-05-01;BRASPINE;SERRARIA;PR;DOUTOR ULYSSES;280,88;117,71;91,36;15,94;83,51;5,33;31,05;26,98;100,00;312,27;0,00;14,18
2013.0;5.0;2013-05-01;BRASPINE;SERRO VERDE;;;;;164,46;15,51;82,39;4,96;29,22;26,48;99,91;290,15;4,96;13,43
2013.0;5.0;2013-05-01;BRASPINE;SERTAOZINHO;PR;DOUTOR ULYSSES;16,25;16,25;87,50;16,06;83,24;5,49;29,61;26,85;100,00;314,45;0,00;0,80
2013.0;5.0;2013-05-01;BRASPINE;SITIO BASILIO;PR;JAGUARIAIVA;8,08;8,08;86,81;15,80;80,55;5,66;28,28;25,27;99,94;316,70;0,00;3,77
2013.0;5.0;2013-05-01;BRASPINE;SITIO DAS MARRECAS;PR;DOUTOR ULYSSES;77,49;35,17;89,48;16,59;84,04;5,33;30,43;28,36;100,00;293,65;0,00;10,92
2013.0;5.0;2013-05-01;BRASPINE;SOBRADINHO;SP;BOM SUCESSO DE ITARARE;285,80;123,10;76,26;15,94;81,85;5,43;28,05;26,13;100,00;323,05;0,00;7,13
2013.0;5.0;2013-05-01;BRASPINE;TAQUARAL;PR;JAGUARIAIVA;519,13;31,07;87,12;16,02;81,29;6,58;28,58;25,78;100,00;322,47;0,00;25,96
2013.0;5.0;2013-05-01;BRASPINE;TUCUNDUVA;PR;SENGES;82,21;60,89;88,63;16,54;78,60;5,44;26,96;25,95;99,73;274,65;0,00;12,78
2013.0;5.0;2013-05-01;BRASPINE;TUCUNDUVA - CHAMMA;;;;;88,76;16,64;78,67;6,36;26,76;26,03;99,72;279,79;0,00;10,56
2013.0;5.0;2013-05-01;BRASPINE;VIENA 1;PR;DOUTOR ULYSSES;263,98;178,34;91,27;15,64;82,81;5,17;31,27;26,07;100,00;303,01;0,00;12,59
2013.0;5.0;2013-05-01;BRASPINE;VIENA 2;PR;CERRO AZUL;140,23;96,54;78,98;16,67;83,75;4,90;31,78;28,40;100,00;305,51;4,90;8,13
2013.0;5.0;2013-05-01;BRASPINE;VITORIA;PR;SENGES;50,54;35,69;78,88;15,94;80,92;6,01;26,71;25,56;99,86;323,88;0,00;18,65
2013.0;5.0;2013-05-01;BRASPINE;VIVEIRO;PR;DOUTOR ULYSSES;405,39;261,22;87,43;16,06;83,24;5,49;29,61;26,85;100,00;314,45;0,00;0,80
2013.0;5.0;2013-05-01;BRASPINE;VO LINO;PR;DOUTOR ULYSSES;164,50;97,89;86,31;16,15;83,80;5,60;30,97;27,40;100,00;287,65;0,00;13,12
2013.0;5.0;2013-05-01;BRASPINE;XAXIM VELHO;;;;;121,17;14,56;85,03;2,95;37,74;25,43;100,00;326,90;6,11;2,81
2013.0;6.0;2013-06-01;BRASPINE;AGUA DOCE;PR;JAGUARIAIVA;238,97;121,99;235,12;14,76;89,14;7,17;54,07;21,25;100,00;346,33;0,00;11,75
2013.0;6.0;2013-06-01;BRASPINE;AMATA;;;;;211,24;15,88;90,18;8,03;53,77;24,08;100,00;357,04;0,00;4,41
2013.0;6.0;2013-06-01;BRASPINE;ANTA BRAVA;;;;;139,52;17,39;86,76;11,96;48,19;25,09;99,99;282,96;0,00;0,08
2013.0;6.0;2013-06-01;BRASPINE;ARAPONGAS;PR;SENGES;423,34;263,70;247,74;14,99;90,59;8,00;53,83;22,55;100,00;343,60;0,00;6,72
2013.0;6.0;2013-06-01;BRASPINE;ARROIO CLARO;PR;DOUTOR ULYSSES;275,14;92,00;228,27;15,13;90,70;8,03;53,57;23,19;100,00;345,82;0,00;7,83
2013.0;6.0;2013-06-01;BRASPINE;BARRA GRANDE;PR;DOUTOR ULYSSES;493,79;139,68;240,86;15,40;90,64;7,74;53,14;23,16;100,00;350,70;0,00;3,66
2013.0;6.0;2013-06-01;BRASPINE;BARRA GRANDE - BEMAIS;PR;GUARAPUAVA;299,16;108,61;356,00;13,67;91,14;4,96;49,95;20,71;100,00;311,18;4,96;66,09
2013.0;6.0;2013-06-01;BRASPINE;BARRETOS;PR;JAGUARIAIVA;43,35;32,98;247,58;14,96;89,97;7,76;53,59;21,87;100,00;357,08;0,00;9,02
2013.0;6.0;2013-06-01;BRASPINE;BAU;;;;;301,30;13,73;90,65;6,27;43,43;20,28;99,96;300,66;0,00;10,55
2013.0;6.0;2013-06-01;BRASPINE;BOA VISTA II;PR;PIRAI DO SUL;944,00;535,05;247,85;14,90;89,40;7,39;51,30;21,58;100,00;353,73;0,00;8,70
2013.0;6.0;2013-06-01;BRASPINE;BRASILEIRA;;;;;235,11;14,99;90,59;8,00;53,83;22,55;100,00;343,60;0,00;6,72
2013.0;6.0;2013-06-01;BRASPINE;BURACAO;;;;;200,22;14,67;89,32;6,19;50,35;22,40;99,99;341,22;0,00;10,02
2013.0;6.0;2013-06-01;BRASPINE;BURRINHO;PR;DOUTOR ULYSSES;211,01;100,37;228,55;15,13;90,70;8,03;53,57;23,19;100,00;345,82;0,00;7,83
2013.0;6.0;2013-06-01;BRASPINE;CADEADO I;PR;JAGUARIAIVA;21,07;12,29;242,44;14,82;90,39;7,02;53,94;22,12;100,00;350,06;0,00;9,01
2013.0;6.0;2013-06-01;BRASPINE;CADEADO II;PR;JAGUARIAIVA;21,88;16,79;242,44;14,82;90,39;7,02;53,94;22,12;100,00;350,06;0,00;9,01
2013.0;6.0;2013-06-01;BRASPINE;CAMPINA ALTA;PR;TIBAGI;29,77;18,24;393,76;15,00;91,34;6,38;55,55;22,26;100,00;312,43;0,00;5,66
2013.0;6.0;2013-06-01;BRASPINE;CAMPINA DO ELIAS;PR;JAGUARIAIVA;29,17;14,65;240,67;14,91;90,13;7,49;53,72;21,96;100,00;354,53;0,00;9,02
2013.0;6.0;2013-06-01;BRASPINE;CAMPO NOVO;PR;JAGUARIAIVA;295,98;156,36;249,02;14,82;90,39;7,02;53,94;22,12;100,00;350,06;0,00;9,01
2013.0;6.0;2013-06-01;BRASPINE;CONSULTORIA II A;PR;DOUTOR ULYSSES;89,62;60,79;247,08;14,99;90,59;8,00;53,83;22,55;100,00;343,60;0,00;6,72
2013.0;6.0;2013-06-01;BRASPINE;DINIZ;;;;;247,46;14,99;90,59;8,00;53,83;22,55;100,00;343,60;0,00;6,72
2013.0;6.0;2013-06-01;BRASPINE;ENES;PR;JAGUARIAIVA;5,93;5,69;249,19;14,82;90,39;7,02;53,94;22,12;100,00;350,06;0,00;9,01
2013.0;6.0;2013-06-01;BRASPINE;ENGENHARIA;;;;;247,46;14,99;90,59;8,00;53,83;22,55;100,00;343,60;0,00;6,72
2013.0;6.0;2013-06-01;BRASPINE;ESTACAO;PR;SENGES;4,76;4,14;243,58;14,82;90,39;7,02;53,94;22,12;100,00;350,06;0,00;9,01
2013.0;6.0;2013-06-01;BRASPINE;FAXINAL;PR;JAGUARIAIVA;20,65;20,65;249,19;14,82;90,39;7,02;53,94;22,12;100,00;350,06;0,00;9,01
2013.0;6.0;2013-06-01;BRASPINE;FEITAL;PR;DOUTOR ULYSSES;154,17;86,53;234,02;15,13;90,61;7,91;53,60;22,76;100,00;345,97;0,00;5,73
2013.0;6.0;2013-06-01;BRASPINE;FIGUEIRA;PR;DOUTOR ULYSSES;1053,81;315,71;238,85;15,13;90,70;8,03;53,57;23,19;100,00;345,82;0,00;7,83
2013.0;6.0;2013-06-01;BRASPINE;FIGUEIRINHA;PR;DOUTOR ULYSSES;94,37;56,74;228,89;15,13;90,70;8,03;53,57;23,19;100,00;345,82;0,00;7,83
2013.0;6.0;2013-06-01;BRASPINE;FLOEMA;PR;DOUTOR ULYSSES;2189,88;701,43;236,71;14,73;90,55;8,00;54,11;22,60;100,00;349,90;0,00;7,76
2013.0;6.0;2013-06-01;BRASPINE;FLOEMA I - SUDATI;;;;;244,67;14,99;90,59;8,00;53,83;22,55;100,00;343,60;0,00;6,72
2013.0;6.0;2013-06-01;BRASPINE;FLOEMA II - SUDATI;PR;DOUTOR ULYSSES;453,83;211,13;244,44;14,99;90,59;8,00;53,83;22,55;100,00;343,60;0,00;6,72
2013.0;6.0;2013-06-01;BRASPINE;FLOR DA SERRA;PR;SAO JOSE DA BOA VISTA;209,10;128,72;238,09;16,03;87,44;8,86;53,73;23,57;99,91;310,28;0,00;2,34
2013.0;6.0;2013-06-01;BRASPINE;GENTIL;PR;JAGUARIAIVA;126,77;53,33;233,69;14,58;88,73;7,10;51,86;21,07;100,00;342,40;0,00;3,23
2013.0;6.0;2013-06-01;BRASPINE;GUAIRACA;PR;GUARAPUAVA;623,62;169,31;367,02;13,72;90,94;4,38;51,44;20,86;100,00;308,70;4,38;9,94
2013.0;6.0;2013-06-01;BRASPINE;HERVAL 2 - MADALOSSO;;;;;196,22;14,67;89,32;6,19;50,35;22,40;99,99;341,22;0,00;10,02
2013.0;6.0;2013-06-01;BRASPINE;HERVAL DE BAIXO;PR;RESERVA;827,29;475,92;407,43;14,93;91,57;6,46;56,08;22,40;100,00;324,39;0,00;1,62
2013.0;6.0;2013-06-01;BRASPINE;HORTO 01;PR;TURVO;19,12;19,12;320,11;14,28;90,88;5,39;55,90;21,40;100,00;302,19;0,00;20,53
2013.0;6.0;2013-06-01;BRASPINE;HORTO 02;PR;TURVO;4,24;4,24;306,86;14,28;90,88;5,39;55,90;21,40;100,00;302,19;0,00;20,53
2013.0;6.0;2013-06-01;BRASPINE;HORTO 03;PR;PRUDENTOPOLIS;80,91;25,89;360,31;14,59;90,95;5,78;54,20;21,92;100,00;311,57;0,00;11,88
2013.0;6.0;2013-06-01;BRASPINE;HORTO 08;PR;TURVO;9,53;9,53;294,04;14,59;90,95;5,78;54,20;21,92;100,00;311,57;0,00;11,88
2013.0;6.0;2013-06-01;BRASPINE;HORTO 12;PR;PRUDENTOPOLIS;12,20;12,20;367,54;14,59;90,95;5,78;54,20;21,92;100,00;311,57;0,00;11,88
2013.0;6.0;2013-06-01;BRASPINE;IZAU;PR;PIRAI DO SUL;19,37;11,60;237,88;14,68;88,76;7,63;49,03;21,16;100,00;350,60;0,00;8,65
2013.0;6.0;2013-06-01;BRASPINE;JOAO RICO;PR;JAGUARIAIVA;47,46;26,18;236,12;14,76;89,14;7,17;54,07;21,25;100,00;346,33;0,00;11,75
2013.0;6.0;2013-06-01;BRASPINE;LAGOA;PR;JAGUARIAIVA;24,10;10,78;239,52;14,82;90,39;7,02;53,94;22,12;100,00;350,06;0,00;9,01
2013.0;6.0;2013-06-01;BRASPINE;MARACANA;PR;JANDAIA DO SUL;11,45;11,45;269,29;17,21;88,42;10,81;55,07;23,96;100,00;250,12;0,00;0,40
2013.0;6.0;2013-06-01;BRASPINE;MARRECA;;;;;233,06;15,13;90,70;8,03;53,57;23,19;100,00;345,82;0,00;7,83
2013.0;6.0;2013-06-01;BRASPINE;MARRECA SP;SP;ITAPIRAPUA PAULISTA;675,30;236,19;217,19;15,66;90,71;7,55;52,90;23,93;100,00;339,11;0,00;7,20
2013.0;6.0;2013-06-01;BRASPINE;MARRECAS;;;;;359,57;13,27;91,07;3,84;45,52;20,16;100,00;298,62;3,84;1,50
2013.0;6.0;2013-06-01;BRASPINE;MERCADINHO;;;;;216,82;15,42;90,53;7,69;53,52;23,63;100,00;346,36;0,00;4,83
2013.0;6.0;2013-06-01;BRASPINE;MONTE ALEGRE;;;;;260,31;17,58;87,90;11,23;55,52;24,40;99,99;209,76;0,00;7,53
2013.0;6.0;2013-06-01;BRASPINE;MONTE TABOR II;;;;;228,38;15,20;91,36;7,57;54,66;23,26;100,00;360,79;0,00;4,67
2013.0;6.0;2013-06-01;BRASPINE;MOREIRA;PR;DOUTOR ULYSSES;230,52;68,68;244,44;14,99;90,59;8,00;53,83;22,55;100,00;343,60;0,00;6,72
2013.0;6.0;2013-06-01;BRASPINE;MOREIRAS II;PR;DOUTOR ULYSSES;66,76;28,75;247,47;14,99;90,59;8,00;53,83;22,55;100,00;343,60;0,00;6,72
2013.0;6.0;2013-06-01;BRASPINE;MORRETES;PR;ORTIGUEIRA;20,36;20,36;403,68;15,26;91,57;6,71;55,76;22,96;100,00;330,32;0,00;4,10
2013.0;6.0;2013-06-01;BRASPINE;MORRO AZUL;;;;;243,14;15,23;90,57;7,29;52,70;22,55;100,00;346,41;0,00;1,18
2013.0;6.0;2013-06-01;BRASPINE;OURO FINO;SP;APIAI;51,70;51,70;229,46;15,10;91,10;7,41;52,02;22,70;100,00;359,29;0,00;0,06
2013.0;6.0;2013-06-01;BRASPINE;PALMEIRINHA DE BAIXO - SOSSEGO;PR;SENGES;85,93;9,22;247,80;14,62;89,64;8,30;52,64;21,25;99,96;344,03;0,00;2,43
2013.0;6.0;2013-06-01;BRASPINE;PAZIN;PR;DOUTOR ULYSSES;41,20;23,90;233,98;15,13;90,70;8,03;53,57;23,19;100,00;345,82;0,00;7,83
2013.0;6.0;2013-06-01;BRASPINE;PEDRAS;PR;CASTRO;7,18;7,18;230,70;14,70;88,85;6,87;48,16;21,19;99,98;348,94;0,00;1,77
2013.0;6.0;2013-06-01;BRASPINE;PESCARIA;PR;SAO JOSE DA BOA VISTA;184,57;129,22;239,74;16,14;87,00;8,47;52,06;23,50;99,85;328,07;0,00;6,12
2013.0;6.0;2013-06-01;BRASPINE;PESSEGUEIRO;PR;DOUTOR ULYSSES;109,95;64,79;241,18;14,99;90,59;8,00;53,83;22,55;100,00;343,60;0,00;6,72
2013.0;6.0;2013-06-01;BRASPINE;PITANGA;;;;;307,23;14,34;90,48;6,94;47,64;20,67;100,00;286,42;0,00;3,21
2013.0;6.0;2013-06-01;BRASPINE;QUEIMADINHO ARROIO CLARO;PR;DOUTOR ULYSSES;48,13;19,09;235,11;14,99;90,59;8,00;53,83;22,55;100,00;343,60;0,00;6,72
2013.0;6.0;2013-06-01;BRASPINE;QUEIMADINHO M6042;PR;DOUTOR ULYSSES;48,38;18,50;235,11;14,99;90,59;8,00;53,83;22,55;100,00;343,60;0,00;6,72
2013.0;6.0;2013-06-01;BRASPINE;QUEIMADINHO USUCAPIAO;PR;DOUTOR ULYSSES;200,27;92,43;235,11;14,99;90,59;8,00;53,83;22,55;100,00;343,60;0,00;6,72
2013.0;6.0;2013-06-01;BRASPINE;RAMOS;PR;SENGES;69,83;38,15;244,67;14,82;90,39;7,02;53,94;22,12;100,00;350,06;0,00;9,01
2013.0;6.0;2013-06-01;BRASPINE;RIBEIRAO GRANDE;PR;JAGUARIAIVA;20,77;20,77;237,84;14,68;88,76;7,63;49,03;21,16;100,00;350,60;0,00;8,65
2013.0;6.0;2013-06-01;BRASPINE;RINCAO DE BAIXO;;;;;352,30;14,76;88,38;6,27;49,55;21,56;99,99;306,00;0,00;7,89
2013.0;6.0;2013-06-01;BRASPINE;RIO BOMBA;PR;CERRO AZUL;65,03;37,72;225,09;15,51;90,30;7,59;54,07;23,85;100,00;344,82;0,00;2,30
2013.0;6.0;2013-06-01;BRASPINE;RIO DO MEIO;PR;DOUTOR ULYSSES;712,33;389,13;244,18;14,99;90,59;8,00;53,83;22,55;100,00;343,60;0,00;6,72
2013.0;6.0;2013-06-01;BRASPINE;RONDON;PR;JAGUARIAIVA;2899,24;1475,88;251,89;14,65;89,80;8,22;54,01;21,36;100,00;344,77;0,00;2,77
2013.0;6.0;2013-06-01;BRASPINE;SANTA FELICIDADE;;;;;237,01;15,95;90,70;7,19;52,62;24,49;100,00;340,94;0,00;3,14
2013.0;6.0;2013-06-01;BRASPINE;SANTA LIDIA DO CERCADINHO;;;;;350,06;14,53;88,29;6,15;49,05;21,29;99,98;330,85;0,00;7,07
2013.0;6.0;2013-06-01;BRASPINE;SANTO ANTONIO;;;;;250,47;14,69;89,92;7,97;51,31;21,50;100,00;330,19;0,00;0,04
2013.0;6.0;2013-06-01;BRASPINE;SAO JOSE;PR;JANDAIA DO SUL;37,56;37,56;261,29;17,47;88,01;11,12;55,57;24,26;100,00;208,44;0,00;0,22
2013.0;6.0;2013-06-01;BRASPINE;SAO MATHEUS;;;;;242,18;18,25;88,26;11,01;55,59;25,49;99,98;228,12;0,00;0,24
2013.0;6.0;2013-06-01;BRASPINE;SAO PEDRO E SAO PAULO;PR;SAPOPEMA;709,13;323,93;319,91;15,72;88,33;9,17;55,45;22,83;99,99;340,15;0,00;0,93
2013.0;6.0;2013-06-01;BRASPINE;SAO RAFAEL;;;;;205,25;14,25;89,04;4,88;54,62;22,12;99,97;326,56;4,88;0,26
2013.0;6.0;2013-06-01;BRASPINE;SAO RAFAEL - PB;;;;;235,83;15,19;90,96;7,62;52,29;22,71;100,00;347,95;0,00;10,52
2013.0;6.0;2013-06-01;BRASPINE;SERRARIA;PR;DOUTOR ULYSSES;280,88;117,71;241,51;14,93;90,62;8,02;53,84;22,90;100,00;340,44;0,00;7,80
2013.0;6.0;2013-06-01;BRASPINE;SERRO VERDE;;;;;304,44;14,01;90,06;6,31;43,14;20,69;99,97;294,67;0,00;1,51
2013.0;6.0;2013-06-01;BRASPINE;SERTAOZINHO;PR;DOUTOR ULYSSES;16,25;16,25;248,09;14,99;90,59;8,00;53,83;22,55;100,00;343,60;0,00;6,72
2013.0;6.0;2013-06-01;BRASPINE;SITIO BASILIO;PR;JAGUARIAIVA;8,08;8,08;234,63;14,59;88,83;6,96;53,37;21,10;100,00;340,94;0,00;0,22
2013.0;6.0;2013-06-01;BRASPINE;SITIO DAS MARRECAS;PR;DOUTOR ULYSSES;77,49;35,17;231,52;15,51;90,71;7,69;53,09;23,72;100,00;351,77;0,00;7,37
2013.0;6.0;2013-06-01;BRASPINE;SOBRADINHO;SP;BOM SUCESSO DE ITARARE;285,80;123,10;249,35;14,74;90,34;7,26;51,34;21,71;100,00;333,59;0,00;4,43
2013.0;6.0;2013-06-01;BRASPINE;TAQUARAL;PR;JAGUARIAIVA;519,13;31,07;250,76;14,79;89,66;7,62;54,28;21,38;100,00;348,03;0,00;6,38
2013.0;6.0;2013-06-01;BRASPINE;TUCUNDUVA;PR;SENGES;82,21;60,89;256,57;15,01;88,03;7,89;52,83;21,83;99,85;344,63;0,00;1,69
2013.0;6.0;2013-06-01;BRASPINE;TUCUNDUVA - CHAMMA;;;;;254,62;15,09;88,09;8,19;52,62;21,83;99,86;351,43;0,00;0,75
2013.0;6.0;2013-06-01;BRASPINE;VIENA 1;PR;DOUTOR ULYSSES;263,98;178,34;235,00;14,63;90,28;7,68;53,05;22,10;100,00;345,03;0,00;4,52
2013.0;6.0;2013-06-01;BRASPINE;VIENA 2;PR;CERRO AZUL;140,23;96,54;225,43;15,51;90,30;7,59;54,07;23,85;100,00;344,82;0,00;2,30
2013.0;6.0;2013-06-01;BRASPINE;VITORIA;PR;SENGES;50,54;35,69;247,80;14,62;89,64;8,30;52,64;21,25;99,96;344,03;0,00;2,43
2013.0;6.0;2013-06-01;BRASPINE;VIVEIRO;PR;DOUTOR ULYSSES;405,39;261,22;247,47;14,99;90,59;8,00;53,83;22,55;100,00;343,60;0,00;6,72
2013.0;6.0;2013-06-01;BRASPINE;VO LINO;PR;DOUTOR ULYSSES;164,50;97,89;231,28;15,13;90,70;8,03;53,57;23,19;100,00;345,82;0,00;7,83
2013.0;6.0;2013-06-01;BRASPINE;XAXIM VELHO;;;;;362,59;13,34;90,68;3,43;46,40;20,23;100,00;300,17;3,43;4,33
2013.0;7.0;2013-07-01;BRASPINE;AGUA DOCE;PR;JAGUARIAIVA;238,97;121,99;39,52;13,12;82,59;-1,00;38,52;21,91;99,88;288,23;8,49;9,33
2013.0;7.0;2013-07-01;BRASPINE;AMATA;;;;;119,68;13,88;86,39;-1,02;46,67;24,80;99,97;279,12;5,59;8,04
2013.0;7.0;2013-07-01;BRASPINE;ANTA BRAVA;;;;;22,73;16,14;80,62;4,82;45,78;25,70;99,96;328,51;4,82;1,87
2013.0;7.0;2013-07-01;BRASPINE;ARAPONGAS;PR;SENGES;423,34;263,70;42,89;13,20;85,52;-1,26;44,12;22,84;100,00;271,41;9,74;0,60
2013.0;7.0;2013-07-01;BRASPINE;ARROIO CLARO;PR;DOUTOR ULYSSES;275,14;92,00;77,23;13,22;86,43;-1,46;43,48;23,39;100,00;269,72;8,84;2,87
2013.0;7.0;2013-07-01;BRASPINE;BARRA GRANDE;PR;DOUTOR ULYSSES;493,79;139,68;39,95;13,48;86,03;-1,27;43,73;23,66;100,00;273,63;10,17;2,08
2013.0;7.0;2013-07-01;BRASPINE;BARRA GRANDE - BEMAIS;PR;GUARAPUAVA;299,16;108,61;121,96;12,24;84,26;-1,72;41,29;21,38;99,99;243,43;7,72;16,98
2013.0;7.0;2013-07-01;BRASPINE;BARRETOS;PR;JAGUARIAIVA;43,35;32,98;46,82;13,22;84,23;-1,19;41,50;22,56;99,98;291,72;8,84;1,89
2013.0;7.0;2013-07-01;BRASPINE;BAU;;;;;65,36;12,38;82,33;-1,92;39,63;21,12;99,90;255,69;10,59;2,77
2013.0;7.0;2013-07-01;BRASPINE;BOA VISTA II;PR;PIRAI DO SUL;944,00;535,05;44,72;13,12;83,38;-1,35;40,11;22,47;99,97;285,30;7,55;1,80
2013.0;7.0;2013-07-01;BRASPINE;BRASILEIRA;;;;;42,59;13,20;85,52;-1,26;44,12;22,84;100,00;271,41;9,74;0,60
2013.0;7.0;2013-07-01;BRASPINE;BURACAO;;;;;119,97;12,85;84,01;-2,49;41,13;22,87;99,99;272,81;3,89;8,08
2013.0;7.0;2013-07-01;BRASPINE;BURRINHO;PR;DOUTOR ULYSSES;211,01;100,37;75,22;13,22;86,43;-1,46;43,48;23,39;100,00;269,72;8,84;2,87
2013.0;7.0;2013-07-01;BRASPINE;CADEADO I;PR;JAGUARIAIVA;21,07;12,29;44,30;13,09;84,91;-1,30;42,98;22,44;100,00;268,82;8,53;1,77
2013.0;7.0;2013-07-01;BRASPINE;CADEADO II;PR;JAGUARIAIVA;21,88;16,79;44,30;13,09;84,91;-1,30;42,98;22,44;100,00;268,82;8,53;1,77
2013.0;7.0;2013-07-01;BRASPINE;CAMPINA ALTA;PR;TIBAGI;29,77;18,24;76,36;13,62;83,68;-0,92;41,18;22,96;99,99;273,84;10,07;3,52
2013.0;7.0;2013-07-01;BRASPINE;CAMPINA DO ELIAS;PR;JAGUARIAIVA;29,17;14,65;48,56;13,17;84,48;-1,23;42,04;22,52;99,99;288,91;8,73;1,85
2013.0;7.0;2013-07-01;BRASPINE;CAMPO NOVO;PR;JAGUARIAIVA;295,98;156,36;43,98;13,09;84,91;-1,30;42,98;22,44;100,00;268,82;8,53;1,77
2013.0;7.0;2013-07-01;BRASPINE;CONSULTORIA II A;PR;DOUTOR ULYSSES;89,62;60,79;42,95;13,20;85,52;-1,26;44,12;22,84;100,00;271,41;9,74;0,60
2013.0;7.0;2013-07-01;BRASPINE;DINIZ;;;;;39,94;13,20;85,52;-1,26;44,12;22,84;100,00;271,41;9,74;0,60
2013.0;7.0;2013-07-01;BRASPINE;ENES;PR;JAGUARIAIVA;5,93;5,69;44,17;13,09;84,91;-1,30;42,98;22,44;100,00;268,82;8,53;1,77
2013.0;7.0;2013-07-01;BRASPINE;ENGENHARIA;;;;;39,94;13,20;85,52;-1,26;44,12;22,84;100,00;271,41;9,74;0,60
2013.0;7.0;2013-07-01;BRASPINE;ESTACAO;PR;SENGES;4,76;4,14;45,03;13,09;84,91;-1,30;42,98;22,44;100,00;268,82;8,53;1,77
2013.0;7.0;2013-07-01;BRASPINE;FAXINAL;PR;JAGUARIAIVA;20,65;20,65;44,17;13,09;84,91;-1,30;42,98;22,44;100,00;268,82;8,53;1,77
2013.0;7.0;2013-07-01;BRASPINE;FEITAL;PR;DOUTOR ULYSSES;154,17;86,53;43,98;13,29;85,69;-1,26;44,15;23,12;100,00;272,15;9,89;0,12
2013.0;7.0;2013-07-01;BRASPINE;FIGUEIRA;PR;DOUTOR ULYSSES;1053,81;315,71;45,04;13,22;86,43;-1,46;43,48;23,39;100,00;269,72;8,84;2,87
2013.0;7.0;2013-07-01;BRASPINE;FIGUEIRINHA;PR;DOUTOR ULYSSES;94,37;56,74;64,06;13,22;86,43;-1,46;43,48;23,39;100,00;269,72;8,84;2,87
2013.0;7.0;2013-07-01;BRASPINE;FLOEMA;PR;DOUTOR ULYSSES;2189,88;701,43;50,70;12,92;85,86;-2,28;43,42;22,58;100,00;263,88;5,66;7,56
2013.0;7.0;2013-07-01;BRASPINE;FLOEMA I - SUDATI;;;;;44,53;13,20;85,52;-1,26;44,12;22,84;100,00;271,41;9,74;0,60
2013.0;7.0;2013-07-01;BRASPINE;FLOEMA II - SUDATI;PR;DOUTOR ULYSSES;453,83;211,13;43,21;13,20;85,52;-1,26;44,12;22,84;100,00;271,41;9,74;0,60
2013.0;7.0;2013-07-01;BRASPINE;FLOR DA SERRA;PR;SAO JOSE DA BOA VISTA;209,10;128,72;23,05;14,75;80,12;0,95;38,21;23,77;99,96;292,23;8,74;7,72
2013.0;7.0;2013-07-01;BRASPINE;GENTIL;PR;JAGUARIAIVA;126,77;53,33;42,77;12,92;82,55;-1,27;38,59;21,61;99,87;283,23;7,13;12,84
2013.0;7.0;2013-07-01;BRASPINE;GUAIRACA;PR;GUARAPUAVA;623,62;169,31;120,19;12,17;84,58;-1,81;40,45;21,42;100,00;238,88;11,91;4,57
2013.0;7.0;2013-07-01;BRASPINE;HERVAL 2 - MADALOSSO;;;;;112,52;12,85;84,01;-2,49;41,13;22,87;99,99;272,81;3,89;8,08
2013.0;7.0;2013-07-01;BRASPINE;HERVAL DE BAIXO;PR;RESERVA;827,29;475,92;94,04;13,51;84,06;-1,14;41,93;23,02;99,99;260,17;8,00;7,39
2013.0;7.0;2013-07-01;BRASPINE;HORTO 01;PR;TURVO;19,12;19,12;73,78;12,80;83,72;-2,10;44,28;22,03;100,00;251,52;12,50;2,03
2013.0;7.0;2013-07-01;BRASPINE;HORTO 02;PR;TURVO;4,24;4,24;68,35;12,80;83,72;-2,10;44,28;22,03;100,00;251,52;12,50;2,03
2013.0;7.0;2013-07-01;BRASPINE;HORTO 03;PR;PRUDENTOPOLIS;80,91;25,89;94,59;13,12;83,70;-1,56;41,94;22,46;100,00;243,54;10,92;4,40
2013.0;7.0;2013-07-01;BRASPINE;HORTO 08;PR;TURVO;9,53;9,53;59,08;13,12;83,70;-1,56;41,94;22,46;100,00;243,54;10,92;4,40
2013.0;7.0;2013-07-01;BRASPINE;HORTO 12;PR;PRUDENTOPOLIS;12,20;12,20;102,76;13,12;83,70;-1,56;41,94;22,46;100,00;243,54;10,92;4,40
2013.0;7.0;2013-07-01;BRASPINE;IZAU;PR;PIRAI DO SUL;19,37;11,60;40,37;12,92;83,04;-1,49;38,59;21,90;99,78;285,88;7,05;352,38
2013.0;7.0;2013-07-01;BRASPINE;JOAO RICO;PR;JAGUARIAIVA;47,46;26,18;41,83;13,12;82,59;-1,00;38,52;21,91;99,88;288,23;8,49;9,33
2013.0;7.0;2013-07-01;BRASPINE;LAGOA;PR;JAGUARIAIVA;24,10;10,78;45,56;13,09;84,91;-1,30;42,98;22,44;100,00;268,82;8,53;1,77
2013.0;7.0;2013-07-01;BRASPINE;MARACANA;PR;JANDAIA DO SUL;11,45;11,45;38,54;15,80;79,20;0,51;40,07;25,28;99,99;255,09;5,63;2,28
2013.0;7.0;2013-07-01;BRASPINE;MARRECA;;;;;48,37;13,22;86,43;-1,46;43,48;23,39;100,00;269,72;8,84;2,87
2013.0;7.0;2013-07-01;BRASPINE;MARRECA SP;SP;ITAPIRAPUA PAULISTA;675,30;236,19;76,42;13,61;86,85;-0,90;43,12;24,46;100,00;271,68;11,53;7,90
2013.0;7.0;2013-07-01;BRASPINE;MARRECAS;;;;;118,21;11,78;84,45;-2,00;40,99;20,94;100,00;229,80;14,37;11,03
2013.0;7.0;2013-07-01;BRASPINE;MERCADINHO;;;;;93,15;13,46;86,58;-1,20;45,05;24,08;100,00;268,91;10,00;0,11
2013.0;7.0;2013-07-01;BRASPINE;MONTE ALEGRE;;;;;35,80;16,17;78,72;0,97;40,30;25,76;99,99;246,36;6,80;0,28
2013.0;7.0;2013-07-01;BRASPINE;MONTE TABOR II;;;;;38,36;13,17;87,73;-0,22;48,25;23,26;100,00;263,48;11,99;6,16
2013.0;7.0;2013-07-01;BRASPINE;MOREIRA;PR;DOUTOR ULYSSES;230,52;68,68;43,21;13,20;85,52;-1,26;44,12;22,84;100,00;271,41;9,74;0,60
2013.0;7.0;2013-07-01;BRASPINE;MOREIRAS II;PR;DOUTOR ULYSSES;66,76;28,75;42,91;13,20;85,52;-1,26;44,12;22,84;100,00;271,41;9,74;0,60
2013.0;7.0;2013-07-01;BRASPINE;MORRETES;PR;ORTIGUEIRA;20,36;20,36;100,52;13,78;84,25;-1,52;41,93;23,72;99,94;245,00;2,17;6,85
2013.0;7.0;2013-07-01;BRASPINE;MORRO AZUL;;;;;34,08;13,39;85,33;-1,01;41,79;23,05;100,00;274,30;10,62;13,70
2013.0;7.0;2013-07-01;BRASPINE;OURO FINO;SP;APIAI;51,70;51,70;30,39;13,19;86,47;-1,09;44,46;22,89;100,00;267,30;14,96;8,42
2013.0;7.0;2013-07-01;BRASPINE;PALMEIRINHA DE BAIXO - SOSSEGO;PR;SENGES;85,93;9,22;36,63;13,11;83,01;-0,26;37,11;21,68;99,87;270,85;6,52;11,75
2013.0;7.0;2013-07-01;BRASPINE;PAZIN;PR;DOUTOR ULYSSES;41,20;23,90;46,19;13,22;86,43;-1,46;43,48;23,39;100,00;269,72;8,84;2,87
2013.0;7.0;2013-07-01;BRASPINE;PEDRAS;PR;CASTRO;7,18;7,18;45,57;12,78;83,64;-1,96;41,60;21,96;99,98;273,56;5,52;0,97
2013.0;7.0;2013-07-01;BRASPINE;PESCARIA;PR;SAO JOSE DA BOA VISTA;184,57;129,22;30,71;14,85;79,67;1,52;35,93;23,82;99,91;293,47;10,41;12,82
2013.0;7.0;2013-07-01;BRASPINE;PESSEGUEIRO;PR;DOUTOR ULYSSES;109,95;64,79;46,41;13,20;85,52;-1,26;44,12;22,84;100,00;271,41;9,74;0,60
2013.0;7.0;2013-07-01;BRASPINE;PITANGA;;;;;62,45;12,89;82,12;-1,82;40,98;21,83;99,81;262,65;11,57;1,43
2013.0;7.0;2013-07-01;BRASPINE;QUEIMADINHO ARROIO CLARO;PR;DOUTOR ULYSSES;48,13;19,09;42,59;13,20;85,52;-1,26;44,12;22,84;100,00;271,41;9,74;0,60
2013.0;7.0;2013-07-01;BRASPINE;QUEIMADINHO M6042;PR;DOUTOR ULYSSES;48,38;18,50;42,59;13,20;85,52;-1,26;44,12;22,84;100,00;271,41;9,74;0,60
2013.0;7.0;2013-07-01;BRASPINE;QUEIMADINHO USUCAPIAO;PR;DOUTOR ULYSSES;200,27;92,43;42,59;13,20;85,52;-1,26;44,12;22,84;100,00;271,41;9,74;0,60
2013.0;7.0;2013-07-01;BRASPINE;RAMOS;PR;SENGES;69,83;38,15;44,53;13,09;84,91;-1,30;42,98;22,44;100,00;268,82;8,53;1,77
2013.0;7.0;2013-07-01;BRASPINE;RIBEIRAO GRANDE;PR;JAGUARIAIVA;20,77;20,77;39,48;12,92;83,04;-1,49;38,59;21,90;99,78;285,88;7,05;352,38
2013.0;7.0;2013-07-01;BRASPINE;RINCAO DE BAIXO;;;;;63,00;13,17;82,03;-1,34;37,77;22,06;100,00;266,76;13,84;0,50
2013.0;7.0;2013-07-01;BRASPINE;RIO BOMBA;PR;CERRO AZUL;65,03;37,72;101,16;13,59;86,33;-1,57;46,58;24,36;99,93;266,14;8,62;11,26
2013.0;7.0;2013-07-01;BRASPINE;RIO DO MEIO;PR;DOUTOR ULYSSES;712,33;389,13;42,81;13,20;85,52;-1,26;44,12;22,84;100,00;271,41;9,74;0,60
2013.0;7.0;2013-07-01;BRASPINE;RONDON;PR;JAGUARIAIVA;2899,24;1475,88;37,67;13,08;83,36;-0,62;39,35;21,79;99,91;270,99;10,21;0,09
2013.0;7.0;2013-07-01;BRASPINE;SANTA FELICIDADE;;;;;47,27;13,80;87,21;-0,72;42,94;25,10;100,00;268,61;15,33;3,78
2013.0;7.0;2013-07-01;BRASPINE;SANTA LIDIA DO CERCADINHO;;;;;60,81;12,95;81,94;-1,46;37,57;21,59;100,00;263,87;13,76;1,26
2013.0;7.0;2013-07-01;BRASPINE;SANTO ANTONIO;;;;;36,42;13,11;83,49;-0,21;37,25;21,90;100,00;269,71;6,83;9,09
2013.0;7.0;2013-07-01;BRASPINE;SAO JOSE;PR;JANDAIA DO SUL;37,56;37,56;35,50;16,05;78,82;0,85;40,33;25,60;99,99;244,53;6,46;0,03
2013.0;7.0;2013-07-01;BRASPINE;SAO MATHEUS;;;;;42,18;16,80;79,37;1,71;41,31;26,99;99,96;245,84;7,83;1,56
2013.0;7.0;2013-07-01;BRASPINE;SAO PEDRO E SAO PAULO;PR;SAPOPEMA;709,13;323,93;60,29;14,48;80,10;0,05;39,89;23,34;99,66;309,75;7,81;4,49
2013.0;7.0;2013-07-01;BRASPINE;SAO RAFAEL;;;;;130,12;12,11;83,97;-2,22;41,68;22,33;100,00;246,48;11,14;5,34
2013.0;7.0;2013-07-01;BRASPINE;SAO RAFAEL - PB;;;;;34,59;13,29;86,17;-0,89;43,54;22,99;100,00;272,36;16,24;9,75
2013.0;7.0;2013-07-01;BRASPINE;SERRARIA;PR;DOUTOR ULYSSES;280,88;117,71;49,02;13,07;86,15;-1,87;43,87;22,99;100,00;266,79;7,25;5,22
2013.0;7.0;2013-07-01;BRASPINE;SERRO VERDE;;;;;70,04;12,60;81,68;-1,92;38,51;21,44;99,92;258,96;13,57;7,28
2013.0;7.0;2013-07-01;BRASPINE;SERTAOZINHO;PR;DOUTOR ULYSSES;16,25;16,25;39,29;13,20;85,52;-1,26;44,12;22,84;100,00;271,41;9,74;0,60
2013.0;7.0;2013-07-01;BRASPINE;SITIO BASILIO;PR;JAGUARIAIVA;8,08;8,08;39,40;12,98;82,41;-1,13;38,57;21,59;99,90;283,78;7,53;11,09
2013.0;7.0;2013-07-01;BRASPINE;SITIO DAS MARRECAS;PR;DOUTOR ULYSSES;77,49;35,17;54,59;13,50;86,73;-1,06;43,22;24,15;100,00;271,16;10,77;9,11
2013.0;7.0;2013-07-01;BRASPINE;SOBRADINHO;SP;BOM SUCESSO DE ITARARE;285,80;123,10;33,10;13,04;84,44;-0,20;38,66;22,02;100,00;268,36;16,43;6,39
2013.0;7.0;2013-07-01;BRASPINE;TAQUARAL;PR;JAGUARIAIVA;519,13;31,07;39,57;13,14;83,19;-0,87;39,58;21,93;99,99;289,10;9,32;6,08
2013.0;7.0;2013-07-01;BRASPINE;TUCUNDUVA;PR;SENGES;82,21;60,89;36,12;13,73;80,60;0,29;36,43;22,13;99,95;278,05;7,32;6,99
2013.0;7.0;2013-07-01;BRASPINE;TUCUNDUVA - CHAMMA;;;;;39,93;13,80;80,85;0,44;36,42;22,17;99,71;281,23;8,21;3,73
2013.0;7.0;2013-07-01;BRASPINE;VIENA 1;PR;DOUTOR ULYSSES;263,98;178,34;61,11;12,90;85,02;-2,76;44,04;22,26;100,00;283,15;5,20;5,31
2013.0;7.0;2013-07-01;BRASPINE;VIENA 2;PR;CERRO AZUL;140,23;96,54;100,41;13,59;86,33;-1,57;46,58;24,36;99,93;266,14;8,62;11,26
2013.0;7.0;2013-07-01;BRASPINE;VITORIA;PR;SENGES;50,54;35,69;36,63;13,11;83,01;-0,26;37,11;21,68;99,87;270,85;6,52;11,75
2013.0;7.0;2013-07-01;BRASPINE;VIVEIRO;PR;DOUTOR ULYSSES;405,39;261,22;42,91;13,20;85,52;-1,26;44,12;22,84;100,00;271,41;9,74;0,60
2013.0;7.0;2013-07-01;BRASPINE;VO LINO;PR;DOUTOR ULYSSES;164,50;97,89;57,91;13,22;86,43;-1,46;43,48;23,39;100,00;269,72;8,84;2,87
2013.0;7.0;2013-07-01;BRASPINE;XAXIM VELHO;;;;;135,70;11,78;84,48;-2,24;40,17;21,06;100,00;229,14;13,96;3,91
2013.0;8.0;2013-08-01;BRASPINE;AGUA DOCE;PR;JAGUARIAIVA;238,97;121,99;16,73;14,56;73,59;1,76;35,07;25,87;99,78;295,74;16,41;5,87
2013.0;8.0;2013-08-01;BRASPINE;AMATA;;;;;28,23;15,45;77,79;2,41;34,73;28,35;99,97;312,78;8,99;0,18
2013.0;8.0;2013-08-01;BRASPINE;ANTA BRAVA;;;;;11,04;17,24;72,11;6,42;32,09;29,36;97,58;311,37;0,00;2,69
2013.0;8.0;2013-08-01;BRASPINE;ARAPONGAS;PR;SENGES;423,34;263,70;13,51;14,53;77,04;2,40;33,80;26,49;100,00;298,24;14,47;0,78
2013.0;8.0;2013-08-01;BRASPINE;ARROIO CLARO;PR;DOUTOR ULYSSES;275,14;92,00;22,86;14,53;78,25;2,31;32,45;26,86;100,00;298,02;8,93;6,75
2013.0;8.0;2013-08-01;BRASPINE;BARRA GRANDE;PR;DOUTOR ULYSSES;493,79;139,68;16,27;14,88;77,89;2,54;33,32;27,40;100,00;302,71;14,72;5,40
2013.0;8.0;2013-08-01;BRASPINE;BARRA GRANDE - BEMAIS;PR;GUARAPUAVA;299,16;108,61;28,16;13,76;75,31;0,00;40,65;24,37;99,99;249,16;14,57;0,70
2013.0;8.0;2013-08-01;BRASPINE;BARRETOS;PR;JAGUARIAIVA;43,35;32,98;15,13;14,67;75,40;2,07;34,60;26,47;99,95;272,66;13,95;0,38
2013.0;8.0;2013-08-01;BRASPINE;BAU;;;;;25,68;13,78;74,09;-0,67;38,59;23,91;99,84;233,35;20,53;0,85
2013.0;8.0;2013-08-01;BRASPINE;BOA VISTA II;PR;PIRAI DO SUL;944,00;535,05;14,90;14,60;74,57;1,63;35,04;26,33;99,93;262,80;15,96;9,80
2013.0;8.0;2013-08-01;BRASPINE;BRASILEIRA;;;;;13,44;14,53;77,04;2,40;33,80;26,49;100,00;298,24;14,47;0,78
2013.0;8.0;2013-08-01;BRASPINE;BURACAO;;;;;25,91;14,42;75,40;1,10;34,50;26,27;99,82;277,87;15,45;2,65
2013.0;8.0;2013-08-01;BRASPINE;BURRINHO;PR;DOUTOR ULYSSES;211,01;100,37;22,27;14,53;78,25;2,31;32,45;26,86;100,00;298,02;8,93;6,75
2013.0;8.0;2013-08-01;BRASPINE;CADEADO I;PR;JAGUARIAIVA;21,07;12,29;14,17;14,44;76,16;2,28;34,06;26,17;100,00;293,73;13,49;3,94
2013.0;8.0;2013-08-01;BRASPINE;CADEADO II;PR;JAGUARIAIVA;21,88;16,79;14,17;14,44;76,16;2,28;34,06;26,17;100,00;293,73;13,49;3,94
2013.0;8.0;2013-08-01;BRASPINE;CAMPINA ALTA;PR;TIBAGI;29,77;18,24;20,79;15,42;71,69;1,79;34,57;27,52;99,79;259,97;16,15;13,24
2013.0;8.0;2013-08-01;BRASPINE;CAMPINA DO ELIAS;PR;JAGUARIAIVA;29,17;14,65;15,06;14,59;75,68;2,15;34,40;26,36;99,97;299,42;13,78;92,19
2013.0;8.0;2013-08-01;BRASPINE;CAMPO NOVO;PR;JAGUARIAIVA;295,98;156,36;13,92;14,44;76,16;2,28;34,06;26,17;100,00;293,73;13,49;3,94
2013.0;8.0;2013-08-01;BRASPINE;CONSULTORIA II A;PR;DOUTOR ULYSSES;89,62;60,79;14,88;14,53;77,04;2,40;33,80;26,49;100,00;298,24;14,47;0,78
2013.0;8.0;2013-08-01;BRASPINE;DINIZ;;;;;13,89;14,53;77,04;2,40;33,80;26,49;100,00;298,24;14,47;0,78
2013.0;8.0;2013-08-01;BRASPINE;ENES;PR;JAGUARIAIVA;5,93;5,69;14,00;14,44;76,16;2,28;34,06;26,17;100,00;293,73;13,49;3,94
2013.0;8.0;2013-08-01;BRASPINE;ENGENHARIA;;;;;13,89;14,53;77,04;2,40;33,80;26,49;100,00;298,24;14,47;0,78
2013.0;8.0;2013-08-01;BRASPINE;ESTACAO;PR;SENGES;4,76;4,14;15,12;14,44;76,16;2,28;34,06;26,17;100,00;293,73;13,49;3,94
2013.0;8.0;2013-08-01;BRASPINE;FAXINAL;PR;JAGUARIAIVA;20,65;20,65;14,00;14,44;76,16;2,28;34,06;26,17;100,00;293,73;13,49;3,94
2013.0;8.0;2013-08-01;BRASPINE;FEITAL;PR;DOUTOR ULYSSES;154,17;86,53;14,54;14,64;77,33;2,45;33,64;26,79;100,00;299,75;14,56;6,84
2013.0;8.0;2013-08-01;BRASPINE;FIGUEIRA;PR;DOUTOR ULYSSES;1053,81;315,71;13,48;14,53;78,25;2,31;32,45;26,86;100,00;298,02;8,93;6,75
2013.0;8.0;2013-08-01;BRASPINE;FIGUEIRINHA;PR;DOUTOR ULYSSES;94,37;56,74;17,73;14,53;78,25;2,31;32,45;26,86;100,00;298,02;8,93;6,75
2013.0;8.0;2013-08-01;BRASPINE;FLOEMA;PR;DOUTOR ULYSSES;2189,88;701,43;14,87;14,19;77,17;1,37;32,43;26,09;100,00;289,74;12,16;3,56
2013.0;8.0;2013-08-01;BRASPINE;FLOEMA I - SUDATI;;;;;14,85;14,53;77,04;2,40;33,80;26,49;100,00;298,24;14,47;0,78
2013.0;8.0;2013-08-01;BRASPINE;FLOEMA II - SUDATI;PR;DOUTOR ULYSSES;453,83;211,13;14,14;14,53;77,04;2,40;33,80;26,49;100,00;298,24;14,47;0,78
2013.0;8.0;2013-08-01;BRASPINE;FLOR DA SERRA;PR;SAO JOSE DA BOA VISTA;209,10;128,72;22,35;16,30;70,32;4,56;36,50;28,10;97,35;298,21;18,82;1,13
2013.0;8.0;2013-08-01;BRASPINE;GENTIL;PR;JAGUARIAIVA;126,77;53,33;17,17;14,24;74,01;1,33;34,97;25,41;99,45;286,34;20,10;9,74
2013.0;8.0;2013-08-01;BRASPINE;GUAIRACA;PR;GUARAPUAVA;623,62;169,31;26,28;13,74;76,05;-0,18;42,02;24,61;99,93;257,95;17,52;3,53
2013.0;8.0;2013-08-01;BRASPINE;HERVAL 2 - MADALOSSO;;;;;23,25;14,42;75,40;1,10;34,50;26,27;99,82;277,87;15,45;2,65
2013.0;8.0;2013-08-01;BRASPINE;HERVAL DE BAIXO;PR;RESERVA;827,29;475,92;17,81;15,20;72,68;1,75;35,03;27,51;99,73;271,79;14,51;12,04
2013.0;8.0;2013-08-01;BRASPINE;HORTO 01;PR;TURVO;19,12;19,12;20,13;14,33;74,97;-0,39;41,51;25,14;99,21;258,50;13,48;1,01
2013.0;8.0;2013-08-01;BRASPINE;HORTO 02;PR;TURVO;4,24;4,24;20,43;14,33;74,97;-0,39;41,51;25,14;99,21;258,50;13,48;1,01
2013.0;8.0;2013-08-01;BRASPINE;HORTO 03;PR;PRUDENTOPOLIS;80,91;25,89;18,59;14,83;74,20;0,44;40,48;26,02;99,56;256,82;13,05;9,40
2013.0;8.0;2013-08-01;BRASPINE;HORTO 08;PR;TURVO;9,53;9,53;18,87;14,83;74,20;0,44;40,48;26,02;99,56;256,82;13,05;9,40
2013.0;8.0;2013-08-01;BRASPINE;HORTO 12;PR;PRUDENTOPOLIS;12,20;12,20;17,65;14,83;74,20;0,44;40,48;26,02;99,56;256,82;13,05;9,40
2013.0;8.0;2013-08-01;BRASPINE;IZAU;PR;PIRAI DO SUL;19,37;11,60;17,14;14,31;74,62;1,46;34,29;25,76;99,60;291,14;20,60;11,99
2013.0;8.0;2013-08-01;BRASPINE;JOAO RICO;PR;JAGUARIAIVA;47,46;26,18;17,01;14,56;73,59;1,76;35,07;25,87;99,78;295,74;16,41;5,87
2013.0;8.0;2013-08-01;BRASPINE;LAGOA;PR;JAGUARIAIVA;24,10;10,78;15,28;14,44;76,16;2,28;34,06;26,17;100,00;293,73;13,49;3,94
2013.0;8.0;2013-08-01;BRASPINE;MARACANA;PR;JANDAIA DO SUL;11,45;11,45;16,43;17,49;64,28;3,74;26,93;29,73;99,07;159,70;3,74;2,45
2013.0;8.0;2013-08-01;BRASPINE;MARRECA;;;;;14,36;14,53;78,25;2,31;32,45;26,86;100,00;298,02;8,93;6,75
2013.0;8.0;2013-08-01;BRASPINE;MARRECA SP;SP;ITAPIRAPUA PAULISTA;675,30;236,19;22,28;15,03;79,12;2,73;32,42;27,97;100,00;302,59;13,61;3,61
2013.0;8.0;2013-08-01;BRASPINE;MARRECAS;;;;;24,98;13,18;76,23;-0,63;40,27;23,66;100,00;244,59;19,23;6,07
2013.0;8.0;2013-08-01;BRASPINE;MERCADINHO;;;;;22,39;14,87;78,38;2,11;33,36;27,59;99,97;298,15;13,87;0,86
2013.0;8.0;2013-08-01;BRASPINE;MONTE ALEGRE;;;;;14,67;17,86;63,71;3,96;26,97;30,23;99,07;134,04;3,96;2,01
2013.0;8.0;2013-08-01;BRASPINE;MONTE TABOR II;;;;;18,11;14,24;81,91;2,06;37,67;25,39;99,94;286,32;13,26;7,56
2013.0;8.0;2013-08-01;BRASPINE;MOREIRA;PR;DOUTOR ULYSSES;230,52;68,68;14,14;14,53;77,04;2,40;33,80;26,49;100,00;298,24;14,47;0,78
2013.0;8.0;2013-08-01;BRASPINE;MOREIRAS II;PR;DOUTOR ULYSSES;66,76;28,75;14,98;14,53;77,04;2,40;33,80;26,49;100,00;298,24;14,47;0,78
2013.0;8.0;2013-08-01;BRASPINE;MORRETES;PR;ORTIGUEIRA;20,36;20,36;20,09;15,44;73,24;1,66;33,69;28,14;99,51;267,56;14,43;4,09
2013.0;8.0;2013-08-01;BRASPINE;MORRO AZUL;;;;;15,57;14,74;77,18;2,68;34,05;27,22;100,00;298,14;13,50;3,99
2013.0;8.0;2013-08-01;BRASPINE;OURO FINO;SP;APIAI;51,70;51,70;18,05;14,36;79,43;2,16;35,30;26,28;100,00;289,83;16,66;8,57
2013.0;8.0;2013-08-01;BRASPINE;PALMEIRINHA DE BAIXO - SOSSEGO;PR;SENGES;85,93;9,22;14,95;14,51;73,79;2,65;35,15;25,69;99,86;301,01;8,92;18,84
2013.0;8.0;2013-08-01;BRASPINE;PAZIN;PR;DOUTOR ULYSSES;41,20;23,90;15,27;14,53;78,25;2,31;32,45;26,86;100,00;298,02;8,93;6,75
2013.0;8.0;2013-08-01;BRASPINE;PEDRAS;PR;CASTRO;7,18;7,18;16,80;14,25;75,45;0,48;37,09;25,69;99,69;253,26;18,05;3,28
2013.0;8.0;2013-08-01;BRASPINE;PESCARIA;PR;SAO JOSE DA BOA VISTA;184,57;129,22;21,62;16,49;69,60;4,60;34,31;28,39;96,58;305,15;14,25;0,52
2013.0;8.0;2013-08-01;BRASPINE;PESSEGUEIRO;PR;DOUTOR ULYSSES;109,95;64,79;15,90;14,53;77,04;2,40;33,80;26,49;100,00;298,24;14,47;0,78
2013.0;8.0;2013-08-01;BRASPINE;PITANGA;;;;;26,66;14,31;73,21;-0,24;38,42;24,71;99,77;242,53;18,63;5,69
2013.0;8.0;2013-08-01;BRASPINE;QUEIMADINHO ARROIO CLARO;PR;DOUTOR ULYSSES;48,13;19,09;13,44;14,53;77,04;2,40;33,80;26,49;100,00;298,24;14,47;0,78
2013.0;8.0;2013-08-01;BRASPINE;QUEIMADINHO M6042;PR;DOUTOR ULYSSES;48,38;18,50;13,44;14,53;77,04;2,40;33,80;26,49;100,00;298,24;14,47;0,78
2013.0;8.0;2013-08-01;BRASPINE;QUEIMADINHO USUCAPIAO;PR;DOUTOR ULYSSES;200,27;92,43;13,44;14,53;77,04;2,40;33,80;26,49;100,00;298,24;14,47;0,78
2013.0;8.0;2013-08-01;BRASPINE;RAMOS;PR;SENGES;69,83;38,15;14,85;14,44;76,16;2,28;34,06;26,17;100,00;293,73;13,49;3,94
2013.0;8.0;2013-08-01;BRASPINE;RIBEIRAO GRANDE;PR;JAGUARIAIVA;20,77;20,77;16,78;14,31;74,62;1,46;34,29;25,76;99,60;291,14;20,60;11,99
2013.0;8.0;2013-08-01;BRASPINE;RINCAO DE BAIXO;;;;;15,47;14,71;72,33;1,28;34,76;26,22;99,16;275,48;19,61;6,79
2013.0;8.0;2013-08-01;BRASPINE;RIO BOMBA;PR;CERRO AZUL;65,03;37,72;28,65;15,09;77,64;2,36;33,78;28,05;99,98;300,61;8,75;1,17
2013.0;8.0;2013-08-01;BRASPINE;RIO DO MEIO;PR;DOUTOR ULYSSES;712,33;389,13;14,58;14,53;77,04;2,40;33,80;26,49;100,00;298,24;14,47;0,78
2013.0;8.0;2013-08-01;BRASPINE;RONDON;PR;JAGUARIAIVA;2899,24;1475,88;14,85;14,46;74,38;2,38;36,78;25,60;99,89;295,89;8,25;2,89
2013.0;8.0;2013-08-01;BRASPINE;SANTA FELICIDADE;;;;;16,96;15,24;80,08;2,92;31,99;28,47;100,00;299,91;13,54;35,09
2013.0;8.0;2013-08-01;BRASPINE;SANTA LIDIA DO CERCADINHO;;;;;15,17;14,42;72,35;1,12;35,04;25,64;99,10;284,80;18,65;5,64
2013.0;8.0;2013-08-01;BRASPINE;SANTO ANTONIO;;;;;14,57;14,47;74,38;2,65;34,00;26,10;100,00;295,04;9,17;347,43
2013.0;8.0;2013-08-01;BRASPINE;SAO JOSE;PR;JANDAIA DO SUL;37,56;37,56;14,78;17,73;63,87;3,91;27,10;30,02;99,21;132,91;3,91;2,15
2013.0;8.0;2013-08-01;BRASPINE;SAO MATHEUS;;;;;11,66;18,60;63,72;3,99;27,71;31,39;99,01;153,45;3,99;3,73
2013.0;8.0;2013-08-01;BRASPINE;SAO PEDRO E SAO PAULO;PR;SAPOPEMA;709,13;323,93;12,36;15,83;69,35;3,61;35,13;27,26;98,63;324,89;11,39;1,82
2013.0;8.0;2013-08-01;BRASPINE;SAO RAFAEL;;;;;48,47;13,82;76,78;-0,66;37,50;25,91;99,76;263,07;23,75;0,41
2013.0;8.0;2013-08-01;BRASPINE;SAO RAFAEL - PB;;;;;18,44;14,52;78,81;2,46;34,62;26,63;100,00;294,86;12,92;7,13
2013.0;8.0;2013-08-01;BRASPINE;SERRARIA;PR;DOUTOR ULYSSES;280,88;117,71;17,39;14,36;77,71;1,84;32,44;26,47;100,00;293,92;8,13;8,23
2013.0;8.0;2013-08-01;BRASPINE;SERRO VERDE;;;;;35,24;14,12;72,82;-0,69;37,16;24,26;99,90;229,18;17,58;0,02
2013.0;8.0;2013-08-01;BRASPINE;SERTAOZINHO;PR;DOUTOR ULYSSES;16,25;16,25;13,00;14,53;77,04;2,40;33,80;26,49;100,00;298,24;14,47;0,78
2013.0;8.0;2013-08-01;BRASPINE;SITIO BASILIO;PR;JAGUARIAIVA;8,08;8,08;16,68;14,31;73,70;1,41;35,21;25,43;99,50;287,41;20,38;7,96
2013.0;8.0;2013-08-01;BRASPINE;SITIO DAS MARRECAS;PR;DOUTOR ULYSSES;77,49;35,17;16,91;14,89;78,87;2,64;32,43;27,66;100,00;301,29;13,75;4,52
2013.0;8.0;2013-08-01;BRASPINE;SOBRADINHO;SP;BOM SUCESSO DE ITARARE;285,80;123,10;18,83;14,29;75,96;2,24;34,93;26,19;100,00;289,21;13,12;14,02
2013.0;8.0;2013-08-01;BRASPINE;TAQUARAL;PR;JAGUARIAIVA;519,13;31,07;15,41;14,59;74,13;2,11;36,30;25,92;99,99;296,75;12,45;2,07
2013.0;8.0;2013-08-01;BRASPINE;TUCUNDUVA;PR;SENGES;82,21;60,89;16,13;15,28;70,45;2,64;34,46;26,17;98,10;302,10;9,73;14,49
2013.0;8.0;2013-08-01;BRASPINE;TUCUNDUVA - CHAMMA;;;;;15,97;15,35;70,83;2,74;35,33;26,21;98,31;291,84;10,18;11,67
2013.0;8.0;2013-08-01;BRASPINE;VIENA 1;PR;DOUTOR ULYSSES;263,98;178,34;18,61;14,22;76,21;1,70;34,13;25,73;100,00;293,42;12,42;6,85
2013.0;8.0;2013-08-01;BRASPINE;VIENA 2;PR;CERRO AZUL;140,23;96,54;28,61;15,09;77,64;2,36;33,78;28,05;99,98;300,61;8,75;1,17
2013.0;8.0;2013-08-01;BRASPINE;VITORIA;PR;SENGES;50,54;35,69;14,95;14,51;73,79;2,65;35,15;25,69;99,86;301,01;8,92;18,84
2013.0;8.0;2013-08-01;BRASPINE;VIVEIRO;PR;DOUTOR ULYSSES;405,39;261,22;14,98;14,53;77,04;2,40;33,80;26,49;100,00;298,24;14,47;0,78
2013.0;8.0;2013-08-01;BRASPINE;VO LINO;PR;DOUTOR ULYSSES;164,50;97,89;17,08;14,53;78,25;2,31;32,45;26,86;100,00;298,02;8,93;6,75
2013.0;8.0;2013-08-01;BRASPINE;XAXIM VELHO;;;;;38,91;13,07;77,65;-1,18;41,31;23,87;100,00;242,89;16,03;11,56
2013.0;9.0;2013-09-01;BRASPINE;AGUA DOCE;PR;JAGUARIAIVA;238,97;121,99;125,10;16,75;75,52;5,32;28,87;27,98;99,85;282,07;0,00;8,78
2013.0;9.0;2013-09-01;BRASPINE;AMATA;;;;;156,33;17,59;78,94;6,20;25,91;30,88;100,00;290,19;0,00;4,49
2013.0;9.0;2013-09-01;BRASPINE;ANTA BRAVA;;;;;129,96;19,63;71,64;8,96;24,66;32,07;99,12;264,43;0,00;6,95
2013.0;9.0;2013-09-01;BRASPINE;ARAPONGAS;PR;SENGES;423,34;263,70;130,96;16,53;79,24;5,31;26,64;28,71;100,00;295,95;0,00;3,64
2013.0;9.0;2013-09-01;BRASPINE;ARROIO CLARO;PR;DOUTOR ULYSSES;275,14;92,00;138,74;16,56;79,91;5,32;26,09;29,06;100,00;298,13;0,00;1,50
2013.0;9.0;2013-09-01;BRASPINE;BARRA GRANDE;PR;DOUTOR ULYSSES;493,79;139,68;129,30;16,96;79,60;5,85;25,96;29,71;100,00;304,34;0,00;0,66
2013.0;9.0;2013-09-01;BRASPINE;BARRA GRANDE - BEMAIS;PR;GUARAPUAVA;299,16;108,61;237,36;15,75;78,74;4,22;31,06;26,47;100,00;302,98;9,14;3,17
2013.0;9.0;2013-09-01;BRASPINE;BARRETOS;PR;JAGUARIAIVA;43,35;32,98;137,61;16,64;78,06;5,28;27,06;28,46;99,99;266,71;0,00;9,64
2013.0;9.0;2013-09-01;BRASPINE;BAU;;;;;187,64;16,02;76,84;3,52;30,35;26,66;99,89;272,31;11,91;1,93
2013.0;9.0;2013-09-01;BRASPINE;BOA VISTA II;PR;PIRAI DO SUL;944,00;535,05;126,31;16,65;77,04;5,19;28,34;28,16;99,95;292,18;0,00;12,09
2013.0;9.0;2013-09-01;BRASPINE;BRASILEIRA;;;;;131,21;16,53;79,24;5,31;26,64;28,71;100,00;295,95;0,00;3,64
2013.0;9.0;2013-09-01;BRASPINE;BURACAO;;;;;152,35;16,18;78,88;4,81;29,11;27,95;99,97;296,02;4,81;1,42
2013.0;9.0;2013-09-01;BRASPINE;BURRINHO;PR;DOUTOR ULYSSES;211,01;100,37;138,31;16,56;79,91;5,32;26,09;29,06;100,00;298,13;0,00;1,50
2013.0;9.0;2013-09-01;BRASPINE;CADEADO I;PR;JAGUARIAIVA;21,07;12,29;135,77;16,41;78,69;5,15;27,18;28,24;100,00;292,35;0,00;6,69
2013.0;9.0;2013-09-01;BRASPINE;CADEADO II;PR;JAGUARIAIVA;21,88;16,79;135,77;16,41;78,69;5,15;27,18;28,24;100,00;292,35;0,00;6,69
2013.0;9.0;2013-09-01;BRASPINE;CAMPINA ALTA;PR;TIBAGI;29,77;18,24;147,68;17,75;73,85;5,40;27,23;28,67;99,93;264,78;0,00;3,40
2013.0;9.0;2013-09-01;BRASPINE;CAMPINA DO ELIAS;PR;JAGUARIAIVA;29,17;14,65;136,09;16,56;78,29;5,23;27,11;28,34;99,99;280,22;0,00;8,63
2013.0;9.0;2013-09-01;BRASPINE;CAMPO NOVO;PR;JAGUARIAIVA;295,98;156,36;134,06;16,41;78,69;5,15;27,18;28,24;100,00;292,35;0,00;6,69
2013.0;9.0;2013-09-01;BRASPINE;CONSULTORIA II A;PR;DOUTOR ULYSSES;89,62;60,79;129,54;16,53;79,24;5,31;26,64;28,71;100,00;295,95;0,00;3,64
2013.0;9.0;2013-09-01;BRASPINE;DINIZ;;;;;134,35;16,53;79,24;5,31;26,64;28,71;100,00;295,95;0,00;3,64
2013.0;9.0;2013-09-01;BRASPINE;ENES;PR;JAGUARIAIVA;5,93;5,69;134,51;16,41;78,69;5,15;27,18;28,24;100,00;292,35;0,00;6,69
2013.0;9.0;2013-09-01;BRASPINE;ENGENHARIA;;;;;134,35;16,53;79,24;5,31;26,64;28,71;100,00;295,95;0,00;3,64
2013.0;9.0;2013-09-01;BRASPINE;ESTACAO;PR;SENGES;4,76;4,14;129,05;16,41;78,69;5,15;27,18;28,24;100,00;292,35;0,00;6,69
2013.0;9.0;2013-09-01;BRASPINE;FAXINAL;PR;JAGUARIAIVA;20,65;20,65;134,51;16,41;78,69;5,15;27,18;28,24;100,00;292,35;0,00;6,69
2013.0;9.0;2013-09-01;BRASPINE;FEITAL;PR;DOUTOR ULYSSES;154,17;86,53;130,42;16,67;79,36;5,49;26,41;29,00;100,00;298,78;0,00;2,65
2013.0;9.0;2013-09-01;BRASPINE;FIGUEIRA;PR;DOUTOR ULYSSES;1053,81;315,71;130,99;16,56;79,91;5,32;26,09;29,06;100,00;298,13;0,00;1,50
2013.0;9.0;2013-09-01;BRASPINE;FIGUEIRINHA;PR;DOUTOR ULYSSES;94,37;56,74;140,60;16,56;79,91;5,32;26,09;29,06;100,00;298,13;0,00;1,50
2013.0;9.0;2013-09-01;BRASPINE;FLOEMA;PR;DOUTOR ULYSSES;2189,88;701,43;121,79;16,15;79,33;4,78;26,73;28,17;100,00;288,27;4,78;2,28
2013.0;9.0;2013-09-01;BRASPINE;FLOEMA I - SUDATI;;;;;127,64;16,53;79,24;5,31;26,64;28,71;100,00;295,95;0,00;3,64
2013.0;9.0;2013-09-01;BRASPINE;FLOEMA II - SUDATI;PR;DOUTOR ULYSSES;453,83;211,13;127,58;16,53;79,24;5,31;26,64;28,71;100,00;295,95;0,00;3,64
2013.0;9.0;2013-09-01;BRASPINE;FLOR DA SERRA;PR;SAO JOSE DA BOA VISTA;209,10;128,72;117,09;18,84;70,23;7,27;25,17;30,76;99,16;264,21;0,00;350,74
2013.0;9.0;2013-09-01;BRASPINE;GENTIL;PR;JAGUARIAIVA;126,77;53,33;126,31;16,46;75,71;4,92;29,39;27,46;99,70;290,10;4,92;12,19
2013.0;9.0;2013-09-01;BRASPINE;GUAIRACA;PR;GUARAPUAVA;623,62;169,31;238,72;15,80;79,11;4,45;31,78;26,63;100,00;287,98;4,45;1,10
2013.0;9.0;2013-09-01;BRASPINE;HERVAL 2 - MADALOSSO;;;;;151,88;16,18;78,88;4,81;29,11;27,95;99,97;296,02;4,81;1,42
2013.0;9.0;2013-09-01;BRASPINE;HERVAL DE BAIXO;PR;RESERVA;827,29;475,92;159,33;17,60;74,81;5,17;26,09;28,65;99,88;270,26;0,00;2,07
2013.0;9.0;2013-09-01;BRASPINE;HORTO 01;PR;TURVO;19,12;19,12;183,67;16,52;78,34;3,95;30,35;27,77;99,98;270,52;3,95;1,02
2013.0;9.0;2013-09-01;BRASPINE;HORTO 02;PR;TURVO;4,24;4,24;181,01;16,52;78,34;3,95;30,35;27,77;99,98;270,52;3,95;1,02
2013.0;9.0;2013-09-01;BRASPINE;HORTO 03;PR;PRUDENTOPOLIS;80,91;25,89;192,49;16,98;77,72;4,58;28,72;28,53;100,00;281,75;4,58;4,90
2013.0;9.0;2013-09-01;BRASPINE;HORTO 08;PR;TURVO;9,53;9,53;173,06;16,98;77,72;4,58;28,72;28,53;100,00;281,75;4,58;4,90
2013.0;9.0;2013-09-01;BRASPINE;HORTO 12;PR;PRUDENTOPOLIS;12,20;12,20;194,77;16,98;77,72;4,58;28,72;28,53;100,00;281,75;4,58;4,90
2013.0;9.0;2013-09-01;BRASPINE;IZAU;PR;PIRAI DO SUL;19,37;11,60;121,50;16,41;76,80;4,77;28,29;27,64;99,69;290,94;4,77;14,21
2013.0;9.0;2013-09-01;BRASPINE;JOAO RICO;PR;JAGUARIAIVA;47,46;26,18;126,05;16,75;75,52;5,32;28,87;27,98;99,85;282,07;0,00;8,78
2013.0;9.0;2013-09-01;BRASPINE;LAGOA;PR;JAGUARIAIVA;24,10;10,78;135,53;16,41;78,69;5,15;27,18;28,24;100,00;292,35;0,00;6,69
2013.0;9.0;2013-09-01;BRASPINE;MARACANA;PR;JANDAIA DO SUL;11,45;11,45;113,23;20,21;65,30;6,25;20,64;31,74;99,98;141,26;0,00;5,54
2013.0;9.0;2013-09-01;BRASPINE;MARRECA;;;;;132,87;16,56;79,91;5,32;26,09;29,06;100,00;298,13;0,00;1,50
2013.0;9.0;2013-09-01;BRASPINE;MARRECA SP;SP;ITAPIRAPUA PAULISTA;675,30;236,19;147,68;17,18;80,13;6,15;25,72;30,45;100,00;294,00;0,00;0,66
2013.0;9.0;2013-09-01;BRASPINE;MARRECAS;;;;;232,07;15,18;79,40;3,82;32,07;25,67;100,00;288,35;12,75;2,27
2013.0;9.0;2013-09-01;BRASPINE;MERCADINHO;;;;;149,05;16,99;79,68;5,92;25,41;30,00;100,00;304,67;0,00;2,01
2013.0;9.0;2013-09-01;BRASPINE;MONTE ALEGRE;;;;;115,23;20,68;64,35;6,62;20,11;32,39;99,95;115,88;0,00;2,79
2013.0;9.0;2013-09-01;BRASPINE;MONTE TABOR II;;;;;141,16;16,49;81,58;4,71;27,79;29,84;100,00;307,21;4,71;15,52
2013.0;9.0;2013-09-01;BRASPINE;MOREIRA;PR;DOUTOR ULYSSES;230,52;68,68;127,58;16,53;79,24;5,31;26,64;28,71;100,00;295,95;0,00;3,64
2013.0;9.0;2013-09-01;BRASPINE;MOREIRAS II;PR;DOUTOR ULYSSES;66,76;28,75;129,82;16,53;79,24;5,31;26,64;28,71;100,00;295,95;0,00;3,64
2013.0;9.0;2013-09-01;BRASPINE;MORRETES;PR;ORTIGUEIRA;20,36;20,36;152,59;18,01;74,80;4,76;24,94;29,30;99,90;289,27;4,76;2,78
2013.0;9.0;2013-09-01;BRASPINE;MORRO AZUL;;;;;131,71;16,88;78,74;5,71;25,24;29,45;100,00;287,82;0,00;12,54
2013.0;9.0;2013-09-01;BRASPINE;OURO FINO;SP;APIAI;51,70;51,70;140,67;16,51;80,29;5,16;26,62;29,20;100,00;292,39;0,00;3,04
2013.0;9.0;2013-09-01;BRASPINE;PALMEIRINHA DE BAIXO - SOSSEGO;PR;SENGES;85,93;9,22;134,40;16,57;76,06;5,24;27,16;27,90;99,87;282,48;0,00;21,08
2013.0;9.0;2013-09-01;BRASPINE;PAZIN;PR;DOUTOR ULYSSES;41,20;23,90;132,00;16,56;79,91;5,32;26,09;29,06;100,00;298,13;0,00;1,50
2013.0;9.0;2013-09-01;BRASPINE;PEDRAS;PR;CASTRO;7,18;7,18;135,25;16,29;77,91;4,60;31,52;27,28;99,57;284,09;4,60;0,17
2013.0;9.0;2013-09-01;BRASPINE;PESCARIA;PR;SAO JOSE DA BOA VISTA;184,57;129,22;119,34;18,92;70,47;7,61;24,42;30,90;99,52;250,11;0,00;1,40
2013.0;9.0;2013-09-01;BRASPINE;PESSEGUEIRO;PR;DOUTOR ULYSSES;109,95;64,79;129,74;16,53;79,24;5,31;26,64;28,71;100,00;295,95;0,00;3,64
2013.0;9.0;2013-09-01;BRASPINE;PITANGA;;;;;164,64;16,84;75,20;3,81;28,28;27,78;99,80;243,93;13,29;3,19
2013.0;9.0;2013-09-01;BRASPINE;QUEIMADINHO ARROIO CLARO;PR;DOUTOR ULYSSES;48,13;19,09;131,21;16,53;79,24;5,31;26,64;28,71;100,00;295,95;0,00;3,64
2013.0;9.0;2013-09-01;BRASPINE;QUEIMADINHO M6042;PR;DOUTOR ULYSSES;48,38;18,50;131,21;16,53;79,24;5,31;26,64;28,71;100,00;295,95;0,00;3,64
2013.0;9.0;2013-09-01;BRASPINE;QUEIMADINHO USUCAPIAO;PR;DOUTOR ULYSSES;200,27;92,43;131,21;16,53;79,24;5,31;26,64;28,71;100,00;295,95;0,00;3,64
2013.0;9.0;2013-09-01;BRASPINE;RAMOS;PR;SENGES;69,83;38,15;127,64;16,41;78,69;5,15;27,18;28,24;100,00;292,35;0,00;6,69
2013.0;9.0;2013-09-01;BRASPINE;RIBEIRAO GRANDE;PR;JAGUARIAIVA;20,77;20,77;124,94;16,41;76,80;4,77;28,29;27,64;99,69;290,94;4,77;14,21
2013.0;9.0;2013-09-01;BRASPINE;RINCAO DE BAIXO;;;;;122,20;17,05;73,70;4,93;28,87;27,74;99,80;266,32;4,93;2,59
2013.0;9.0;2013-09-01;BRASPINE;RIO BOMBA;PR;CERRO AZUL;65,03;37,72;140,49;17,21;78,94;6,08;26,08;30,11;100,00;309,05;0,00;0,86
2013.0;9.0;2013-09-01;BRASPINE;RIO DO MEIO;PR;DOUTOR ULYSSES;712,33;389,13;130,18;16,53;79,24;5,31;26,64;28,71;100,00;295,95;0,00;3,64
2013.0;9.0;2013-09-01;BRASPINE;RONDON;PR;JAGUARIAIVA;2899,24;1475,88;129,36;16,52;76,68;5,26;28,53;27,88;99,89;280,01;0,00;0,19
2013.0;9.0;2013-09-01;BRASPINE;SANTA FELICIDADE;;;;;131,63;17,50;80,35;6,02;25,08;31,32;100,00;295,88;0,00;2,82
2013.0;9.0;2013-09-01;BRASPINE;SANTA LIDIA DO CERCADINHO;;;;;120,53;16,71;73,75;4,66;29,05;27,15;99,80;290,87;4,66;1,52
2013.0;9.0;2013-09-01;BRASPINE;SANTO ANTONIO;;;;;133,35;16,57;76,33;5,25;25,99;28,20;100,00;280,28;0,00;15,96
2013.0;9.0;2013-09-01;BRASPINE;SAO JOSE;PR;JANDAIA DO SUL;37,56;37,56;115,67;20,52;64,61;6,51;20,41;32,13;99,97;114,63;0,00;3,87
2013.0;9.0;2013-09-01;BRASPINE;SAO MATHEUS;;;;;115,59;21,72;63,26;7,49;19,87;33,76;99,86;109,54;0,00;0,22
2013.0;9.0;2013-09-01;BRASPINE;SAO PEDRO E SAO PAULO;PR;SAPOPEMA;709,13;323,93;129,54;18,28;70,36;6,00;25,32;29,20;99,64;247,56;0,00;1,13
2013.0;9.0;2013-09-01;BRASPINE;SAO RAFAEL;;;;;179,55;15,80;79,29;4,61;29,40;27,76;99,54;305,18;4,61;0,05
2013.0;9.0;2013-09-01;BRASPINE;SAO RAFAEL - PB;;;;;141,57;16,66;79,91;5,41;25,86;29,34;100,00;297,14;0,00;5,37
2013.0;9.0;2013-09-01;BRASPINE;SERRARIA;PR;DOUTOR ULYSSES;280,88;117,71;127,75;16,36;79,62;5,05;26,41;28,61;100,00;293,19;0,00;1,10
2013.0;9.0;2013-09-01;BRASPINE;SERRO VERDE;;;;;178,23;16,43;75,20;3,65;28,87;27,19;99,91;237,70;12,06;9,20
2013.0;9.0;2013-09-01;BRASPINE;SERTAOZINHO;PR;DOUTOR ULYSSES;16,25;16,25;129,47;16,53;79,24;5,31;26,64;28,71;100,00;295,95;0,00;3,64
2013.0;9.0;2013-09-01;BRASPINE;SITIO BASILIO;PR;JAGUARIAIVA;8,08;8,08;125,21;16,56;75,32;5,07;29,59;27,62;99,68;291,72;0,00;10,60
2013.0;9.0;2013-09-01;BRASPINE;SITIO DAS MARRECAS;PR;DOUTOR ULYSSES;77,49;35,17;138,36;17,01;80,07;5,91;25,83;30,05;100,00;306,04;0,00;1,65
2013.0;9.0;2013-09-01;BRASPINE;SOBRADINHO;SP;BOM SUCESSO DE ITARARE;285,80;123,10;138,74;16,44;77,52;5,16;25,59;28,26;100,00;291,70;0,00;9,24
2013.0;9.0;2013-09-01;BRASPINE;TAQUARAL;PR;JAGUARIAIVA;519,13;31,07;130,94;16,71;76,33;5,40;29,01;28,06;99,99;281,86;0,00;104,41
2013.0;9.0;2013-09-01;BRASPINE;TUCUNDUVA;PR;SENGES;82,21;60,89;132,24;17,40;72,60;6,04;27,17;28,75;99,54;267,42;0,00;23,06
2013.0;9.0;2013-09-01;BRASPINE;TUCUNDUVA - CHAMMA;;;;;128,14;17,39;73,37;6,03;26,87;28,69;99,55;268,37;0,00;20,14
2013.0;9.0;2013-09-01;BRASPINE;VIENA 1;PR;DOUTOR ULYSSES;263,98;178,34;134,32;16,13;78,74;4,73;28,52;27,65;100,00;287,73;4,73;2,25
2013.0;9.0;2013-09-01;BRASPINE;VIENA 2;PR;CERRO AZUL;140,23;96,54;140,44;17,21;78,94;6,08;26,08;30,11;100,00;309,05;0,00;0,86
2013.0;9.0;2013-09-01;BRASPINE;VITORIA;PR;SENGES;50,54;35,69;134,40;16,57;76,06;5,24;27,16;27,90;99,87;282,48;0,00;21,08
2013.0;9.0;2013-09-01;BRASPINE;VIVEIRO;PR;DOUTOR ULYSSES;405,39;261,22;129,82;16,53;79,24;5,31;26,64;28,71;100,00;295,95;0,00;3,64
2013.0;9.0;2013-09-01;BRASPINE;VO LINO;PR;DOUTOR ULYSSES;164,50;97,89;134,52;16,56;79,91;5,32;26,09;29,06;100,00;298,13;0,00;1,50
2013.0;9.0;2013-09-01;BRASPINE;XAXIM VELHO;;;;;247,95;15,09;80,55;3,97;33,55;25,84;100,00;299,01;12,19;0,47
2013.0;10.0;2013-10-01;BRASPINE;AGUA DOCE;PR;JAGUARIAIVA;238,97;121,99;120,91;17,42;80,07;7,36;37,55;26,75;99,84;262,38;0,00;4,38
2013.0;10.0;2013-10-01;BRASPINE;AMATA;;;;;120,08;18,79;79,76;9,54;38,29;30,23;99,98;160,04;0,00;4,92
2013.0;10.0;2013-10-01;BRASPINE;ANTA BRAVA;;;;;119,28;20,00;77,97;11,10;37,18;30,22;98,59;142,21;0,00;7,41
2013.0;10.0;2013-10-01;BRASPINE;ARAPONGAS;PR;SENGES;423,34;263,70;132,15;17,40;81,96;7,99;36,54;28,24;100,00;267,92;0,00;0,19
2013.0;10.0;2013-10-01;BRASPINE;ARROIO CLARO;PR;DOUTOR ULYSSES;275,14;92,00;121,80;17,55;82,05;8,24;37,45;28,81;100,00;258,00;0,00;4,21
2013.0;10.0;2013-10-01;BRASPINE;BARRA GRANDE;PR;DOUTOR ULYSSES;493,79;139,68;144,12;17,82;82,28;8,54;35,61;29,08;100,00;232,63;0,00;28,91
2013.0;10.0;2013-10-01;BRASPINE;BARRA GRANDE - BEMAIS;PR;GUARAPUAVA;299,16;108,61;130,85;17,17;78,90;7,10;39,90;25,67;99,99;312,54;0,00;0,71
2013.0;10.0;2013-10-01;BRASPINE;BARRETOS;PR;JAGUARIAIVA;43,35;32,98;129,28;17,45;81,22;7,51;37,95;27,56;99,98;264,41;0,00;2,77
2013.0;10.0;2013-10-01;BRASPINE;BAU;;;;;127,13;17,26;78,52;6,89;43,28;25,08;99,89;271,69;0,00;5,35
2013.0;10.0;2013-10-01;BRASPINE;BOA VISTA II;PR;PIRAI DO SUL;944,00;535,05;129,85;17,47;80,47;7,24;37,89;27,20;99,95;262,47;0,00;5,09
2013.0;10.0;2013-10-01;BRASPINE;BRASILEIRA;;;;;141,24;17,40;81,96;7,99;36,54;28,24;100,00;267,92;0,00;0,19
2013.0;10.0;2013-10-01;BRASPINE;BURACAO;;;;;119,19;17,40;79,77;7,76;40,61;27,48;99,86;281,38;0,00;0,46
2013.0;10.0;2013-10-01;BRASPINE;BURRINHO;PR;DOUTOR ULYSSES;211,01;100,37;122,01;17,55;82,05;8,24;37,45;28,81;100,00;258,00;0,00;4,21
2013.0;10.0;2013-10-01;BRASPINE;CADEADO I;PR;JAGUARIAIVA;21,07;12,29;122,98;17,27;81,52;7,59;37,40;27,72;100,00;306,44;0,00;0,16
2013.0;10.0;2013-10-01;BRASPINE;CADEADO II;PR;JAGUARIAIVA;21,88;16,79;122,98;17,27;81,52;7,59;37,40;27,72;100,00;306,44;0,00;0,16
2013.0;10.0;2013-10-01;BRASPINE;CAMPINA ALTA;PR;TIBAGI;29,77;18,24;203,76;18,75;77,11;8,53;35,96;27,38;99,89;204,00;0,00;0,14
2013.0;10.0;2013-10-01;BRASPINE;CAMPINA DO ELIAS;PR;JAGUARIAIVA;29,17;14,65;129,65;17,39;81,33;7,54;37,75;27,62;99,99;263,50;0,00;1,86
2013.0;10.0;2013-10-01;BRASPINE;CAMPO NOVO;PR;JAGUARIAIVA;295,98;156,36;134,08;17,27;81,52;7,59;37,40;27,72;100,00;306,44;0,00;0,16
2013.0;10.0;2013-10-01;BRASPINE;CONSULTORIA II A;PR;DOUTOR ULYSSES;89,62;60,79;135,23;17,40;81,96;7,99;36,54;28,24;100,00;267,92;0,00;0,19
2013.0;10.0;2013-10-01;BRASPINE;DINIZ;;;;;145,52;17,40;81,96;7,99;36,54;28,24;100,00;267,92;0,00;0,19
2013.0;10.0;2013-10-01;BRASPINE;ENES;PR;JAGUARIAIVA;5,93;5,69;134,33;17,27;81,52;7,59;37,40;27,72;100,00;306,44;0,00;0,16
2013.0;10.0;2013-10-01;BRASPINE;ENGENHARIA;;;;;145,52;17,40;81,96;7,99;36,54;28,24;100,00;267,92;0,00;0,19
2013.0;10.0;2013-10-01;BRASPINE;ESTACAO;PR;SENGES;4,76;4,14;128,64;17,27;81,52;7,59;37,40;27,72;100,00;306,44;0,00;0,16
2013.0;10.0;2013-10-01;BRASPINE;FAXINAL;PR;JAGUARIAIVA;20,65;20,65;134,33;17,27;81,52;7,59;37,40;27,72;100,00;306,44;0,00;0,16
2013.0;10.0;2013-10-01;BRASPINE;FEITAL;PR;DOUTOR ULYSSES;154,17;86,53;134,47;17,54;82,07;8,17;36,23;28,52;100,00;256,31;0,00;32,74
2013.0;10.0;2013-10-01;BRASPINE;FIGUEIRA;PR;DOUTOR ULYSSES;1053,81;315,71;127,18;17,55;82,05;8,24;37,45;28,81;100,00;258,00;0,00;4,21
2013.0;10.0;2013-10-01;BRASPINE;FIGUEIRINHA;PR;DOUTOR ULYSSES;94,37;56,74;126,14;17,55;82,05;8,24;37,45;28,81;100,00;258,00;0,00;4,21
2013.0;10.0;2013-10-01;BRASPINE;FLOEMA;PR;DOUTOR ULYSSES;2189,88;701,43;131,36;17,13;81,61;7,63;38,05;27,98;100,00;306,11;0,00;7,28
2013.0;10.0;2013-10-01;BRASPINE;FLOEMA I - SUDATI;;;;;128,37;17,40;81,96;7,99;36,54;28,24;100,00;267,92;0,00;0,19
2013.0;10.0;2013-10-01;BRASPINE;FLOEMA II - SUDATI;PR;DOUTOR ULYSSES;453,83;211,13;130,66;17,40;81,96;7,99;36,54;28,24;100,00;267,92;0,00;0,19
2013.0;10.0;2013-10-01;BRASPINE;FLOR DA SERRA;PR;SAO JOSE DA BOA VISTA;209,10;128,72;133,28;19,51;74,70;9,88;33,51;28,51;99,48;178,84;0,00;5,22
2013.0;10.0;2013-10-01;BRASPINE;GENTIL;PR;JAGUARIAIVA;126,77;53,33;125,90;17,19;80,05;7,08;37,96;26,32;99,56;257,23;0,00;4,14
2013.0;10.0;2013-10-01;BRASPINE;GUAIRACA;PR;GUARAPUAVA;623,62;169,31;143,84;17,24;79,13;7,20;40,97;25,80;100,00;313,28;0,00;3,13
2013.0;10.0;2013-10-01;BRASPINE;HERVAL 2 - MADALOSSO;;;;;110,53;17,40;79,77;7,76;40,61;27,48;99,86;281,38;0,00;0,46
2013.0;10.0;2013-10-01;BRASPINE;HERVAL DE BAIXO;PR;RESERVA;827,29;475,92;209,69;18,72;77,38;8,42;36,11;27,26;99,98;200,71;0,00;8,85
2013.0;10.0;2013-10-01;BRASPINE;HORTO 01;PR;TURVO;19,12;19,12;149,50;17,93;79,19;7,75;41,98;25,98;99,76;251,28;0,00;1,51
2013.0;10.0;2013-10-01;BRASPINE;HORTO 02;PR;TURVO;4,24;4,24;143,73;17,93;79,19;7,75;41,98;25,98;99,76;251,28;0,00;1,51
2013.0;10.0;2013-10-01;BRASPINE;HORTO 03;PR;PRUDENTOPOLIS;80,91;25,89;166,62;18,42;78,27;8,36;39,64;26,91;99,96;214,88;0,00;338,62
2013.0;10.0;2013-10-01;BRASPINE;HORTO 08;PR;TURVO;9,53;9,53;128,39;18,42;78,27;8,36;39,64;26,91;99,96;214,88;0,00;338,62
2013.0;10.0;2013-10-01;BRASPINE;HORTO 12;PR;PRUDENTOPOLIS;12,20;12,20;169,35;18,42;78,27;8,36;39,64;26,91;99,96;214,88;0,00;338,62
2013.0;10.0;2013-10-01;BRASPINE;IZAU;PR;PIRAI DO SUL;19,37;11,60;133,34;17,20;80,50;6,91;38,21;26,51;99,56;256,76;0,00;7,31
2013.0;10.0;2013-10-01;BRASPINE;JOAO RICO;PR;JAGUARIAIVA;47,46;26,18;123,85;17,42;80,07;7,36;37,55;26,75;99,84;262,38;0,00;4,38
2013.0;10.0;2013-10-01;BRASPINE;LAGOA;PR;JAGUARIAIVA;24,10;10,78;125,86;17,27;81,52;7,59;37,40;27,72;100,00;306,44;0,00;0,16
2013.0;10.0;2013-10-01;BRASPINE;MARACANA;PR;JANDAIA DO SUL;11,45;11,45;208,99;20,66;73,80;10,84;35,25;28,92;99,99;118,60;0,00;1,16
2013.0;10.0;2013-10-01;BRASPINE;MARRECA;;;;;125,20;17,55;82,05;8,24;37,45;28,81;100,00;258,00;0,00;4,21
2013.0;10.0;2013-10-01;BRASPINE;MARRECA SP;SP;ITAPIRAPUA PAULISTA;675,30;236,19;132,01;18,16;82,19;9,02;36,48;29,87;100,00;194,55;0,00;0,91
2013.0;10.0;2013-10-01;BRASPINE;MARRECAS;;;;;141,99;16,62;79,44;6,50;38,95;24,95;100,00;343,75;0,00;0,04
2013.0;10.0;2013-10-01;BRASPINE;MERCADINHO;;;;;123,08;18,10;80,97;8,94;38,18;29,53;100,00;238,66;0,00;0,50
2013.0;10.0;2013-10-01;BRASPINE;MONTE ALEGRE;;;;;195,41;21,17;72,94;11,35;35,16;29,56;99,98;107,60;0,00;2,13
2013.0;10.0;2013-10-01;BRASPINE;MONTE TABOR II;;;;;136,60;17,44;83,67;8,63;36,69;29,32;100,00;247,59;0,00;1,34
2013.0;10.0;2013-10-01;BRASPINE;MOREIRA;PR;DOUTOR ULYSSES;230,52;68,68;130,66;17,40;81,96;7,99;36,54;28,24;100,00;267,92;0,00;0,19
2013.0;10.0;2013-10-01;BRASPINE;MOREIRAS II;PR;DOUTOR ULYSSES;66,76;28,75;135,90;17,40;81,96;7,99;36,54;28,24;100,00;267,92;0,00;0,19
2013.0;10.0;2013-10-01;BRASPINE;MORRETES;PR;ORTIGUEIRA;20,36;20,36;213,79;19,21;77,40;8,58;34,47;27,71;99,99;191,61;0,00;0,92
2013.0;10.0;2013-10-01;BRASPINE;MORRO AZUL;;;;;147,24;17,56;82,42;8,30;33,83;28,57;100,00;257,34;0,00;26,37
2013.0;10.0;2013-10-01;BRASPINE;OURO FINO;SP;APIAI;51,70;51,70;134,35;17,27;83,51;8,29;34,75;28,58;100,00;285,77;0,00;17,70
2013.0;10.0;2013-10-01;BRASPINE;PALMEIRINHA DE BAIXO - SOSSEGO;PR;SENGES;85,93;9,22;136,86;17,12;80,73;7,61;35,21;26,98;99,86;289,07;0,00;33,54
2013.0;10.0;2013-10-01;BRASPINE;PAZIN;PR;DOUTOR ULYSSES;41,20;23,90;129,44;17,55;82,05;8,24;37,45;28,81;100,00;258,00;0,00;4,21
2013.0;10.0;2013-10-01;BRASPINE;PEDRAS;PR;CASTRO;7,18;7,18;115,84;17,23;80,70;6,85;41,03;26,45;99,55;257,23;0,00;2,28
2013.0;10.0;2013-10-01;BRASPINE;PESCARIA;PR;SAO JOSE DA BOA VISTA;184,57;129,22;139,86;19,61;74,39;9,98;32,75;28,93;99,52;179,64;0,00;9,09
2013.0;10.0;2013-10-01;BRASPINE;PESSEGUEIRO;PR;DOUTOR ULYSSES;109,95;64,79;130,96;17,40;81,96;7,99;36,54;28,24;100,00;267,92;0,00;0,19
2013.0;10.0;2013-10-01;BRASPINE;PITANGA;;;;;150,09;18,05;77,99;7,58;44,17;25,55;100,00;212,17;0,00;4,36
2013.0;10.0;2013-10-01;BRASPINE;QUEIMADINHO ARROIO CLARO;PR;DOUTOR ULYSSES;48,13;19,09;141,24;17,40;81,96;7,99;36,54;28,24;100,00;267,92;0,00;0,19
2013.0;10.0;2013-10-01;BRASPINE;QUEIMADINHO M6042;PR;DOUTOR ULYSSES;48,38;18,50;141,24;17,40;81,96;7,99;36,54;28,24;100,00;267,92;0,00;0,19
2013.0;10.0;2013-10-01;BRASPINE;QUEIMADINHO USUCAPIAO;PR;DOUTOR ULYSSES;200,27;92,43;141,24;17,40;81,96;7,99;36,54;28,24;100,00;267,92;0,00;0,19
2013.0;10.0;2013-10-01;BRASPINE;RAMOS;PR;SENGES;69,83;38,15;128,37;17,27;81,52;7,59;37,40;27,72;100,00;306,44;0,00;0,16
2013.0;10.0;2013-10-01;BRASPINE;RIBEIRAO GRANDE;PR;JAGUARIAIVA;20,77;20,77;128,04;17,20;80,50;6,91;38,21;26,51;99,56;256,76;0,00;7,31
2013.0;10.0;2013-10-01;BRASPINE;RINCAO DE BAIXO;;;;;194,82;18,04;76,55;7,81;36,11;26,63;99,53;195,76;0,00;1,18
2013.0;10.0;2013-10-01;BRASPINE;RIO BOMBA;PR;CERRO AZUL;65,03;37,72;115,72;18,45;79,57;9,08;37,41;29,76;99,97;198,39;0,00;0,21
2013.0;10.0;2013-10-01;BRASPINE;RIO DO MEIO;PR;DOUTOR ULYSSES;712,33;389,13;137,32;17,40;81,96;7,99;36,54;28,24;100,00;267,92;0,00;0,19
2013.0;10.0;2013-10-01;BRASPINE;RONDON;PR;JAGUARIAIVA;2899,24;1475,88;123,64;17,19;80,86;7,52;36,86;27,03;99,88;288,89;0,00;1,70
2013.0;10.0;2013-10-01;BRASPINE;SANTA FELICIDADE;;;;;133,57;18,51;82,32;9,49;35,78;30,60;100,00;201,03;0,00;20,41
2013.0;10.0;2013-10-01;BRASPINE;SANTA LIDIA DO CERCADINHO;;;;;193,41;17,68;76,75;7,54;36,75;26,13;99,53;219,94;0,00;0,48
2013.0;10.0;2013-10-01;BRASPINE;SANTO ANTONIO;;;;;140,13;17,12;81,01;7,70;33,98;27,29;100,00;320,64;0,00;30,73
2013.0;10.0;2013-10-01;BRASPINE;SAO JOSE;PR;JANDAIA DO SUL;37,56;37,56;196,89;21,01;73,15;11,20;35,31;29,33;100,00;106,47;0,00;3,21
2013.0;10.0;2013-10-01;BRASPINE;SAO MATHEUS;;;;;158,81;22,31;71,89;11,84;33,64;31,22;99,93;53,10;0,00;0,05
2013.0;10.0;2013-10-01;BRASPINE;SAO PEDRO E SAO PAULO;PR;SAPOPEMA;709,13;323,93;200,30;19,02;75,89;9,05;36,49;27,54;99,65;198,94;0,00;1,78
2013.0;10.0;2013-10-01;BRASPINE;SAO RAFAEL;;;;;104,90;17,08;79,29;7,99;41,68;26,77;99,55;306,70;0,00;5,12
2013.0;10.0;2013-10-01;BRASPINE;SAO RAFAEL - PB;;;;;139,46;17,39;83,22;8,36;34,25;28,66;100,00;302,77;0,00;19,94
2013.0;10.0;2013-10-01;BRASPINE;SERRARIA;PR;DOUTOR ULYSSES;280,88;117,71;125,73;17,34;81,83;7,94;37,87;28,39;100,00;312,27;0,00;5,77
2013.0;10.0;2013-10-01;BRASPINE;SERRO VERDE;;;;;130,25;17,60;77,58;7,15;42,75;25,44;99,91;278,26;0,00;11,16
2013.0;10.0;2013-10-01;BRASPINE;SERTAOZINHO;PR;DOUTOR ULYSSES;16,25;16,25;139,40;17,40;81,96;7,99;36,54;28,24;100,00;267,92;0,00;0,19
2013.0;10.0;2013-10-01;BRASPINE;SITIO BASILIO;PR;JAGUARIAIVA;8,08;8,08;121,00;17,25;79,92;7,21;37,77;26,38;99,64;273,57;0,00;1,83
2013.0;10.0;2013-10-01;BRASPINE;SITIO DAS MARRECAS;PR;DOUTOR ULYSSES;77,49;35,17;127,61;17,99;82,15;8,80;36,76;29,57;100,00;206,58;0,00;1,85
2013.0;10.0;2013-10-01;BRASPINE;SOBRADINHO;SP;BOM SUCESSO DE ITARARE;285,80;123,10;143,24;17,00;82,06;7,77;33,95;27,45;100,00;305,47;0,00;26,36
2013.0;10.0;2013-10-01;BRASPINE;TAQUARAL;PR;JAGUARIAIVA;519,13;31,07;122,00;17,39;80,59;7,48;37,70;27,03;99,99;262,36;0,00;2,44
2013.0;10.0;2013-10-01;BRASPINE;TUCUNDUVA;PR;SENGES;82,21;60,89;131,33;18,00;77,27;8,30;34,93;27,24;99,43;214,70;0,00;10,09
2013.0;10.0;2013-10-01;BRASPINE;TUCUNDUVA - CHAMMA;;;;;138,66;17,98;77,71;8,37;35,06;27,36;99,52;230,02;0,00;4,75
2013.0;10.0;2013-10-01;BRASPINE;VIENA 1;PR;DOUTOR ULYSSES;263,98;178,34;126,82;17,05;81,46;7,33;39,31;27,40;100,00;302,09;0,00;9,42
2013.0;10.0;2013-10-01;BRASPINE;VIENA 2;PR;CERRO AZUL;140,23;96,54;115,37;18,45;79,57;9,08;37,41;29,76;99,97;198,39;0,00;0,21
2013.0;10.0;2013-10-01;BRASPINE;VITORIA;PR;SENGES;50,54;35,69;136,86;17,12;80,73;7,61;35,21;26,98;99,86;289,07;0,00;33,54
2013.0;10.0;2013-10-01;BRASPINE;VIVEIRO;PR;DOUTOR ULYSSES;405,39;261,22;135,90;17,40;81,96;7,99;36,54;28,24;100,00;267,92;0,00;0,19
2013.0;10.0;2013-10-01;BRASPINE;VO LINO;PR;DOUTOR ULYSSES;164,50;97,89;123,93;17,55;82,05;8,24;37,45;28,81;100,00;258,00;0,00;4,21
2013.0;10.0;2013-10-01;BRASPINE;XAXIM VELHO;;;;;138,44;16,63;80,21;6,41;40,86;25,04;100,00;329,80;0,00;4,52
2013.0;11.0;2013-11-01;BRASPINE;AGUA DOCE;PR;JAGUARIAIVA;238,97;121,99;90,83;18,69;81,62;11,72;35,19;27,73;99,79;253,03;0,00;6,71
2013.0;11.0;2013-11-01;BRASPINE;AMATA;;;;;79,85;20,36;79,66;12,96;29,90;31,11;100,00;98,26;0,00;6,21
2013.0;11.0;2013-11-01;BRASPINE;ANTA BRAVA;;;;;77,86;21,43;78,81;14,46;41,50;31,02;99,07;44,13;0,00;14,57
2013.0;11.0;2013-11-01;BRASPINE;ARAPONGAS;PR;SENGES;423,34;263,70;86,83;18,72;83,96;11,64;36,61;28,65;100,00;226,75;0,00;2,99
2013.0;11.0;2013-11-01;BRASPINE;ARROIO CLARO;PR;DOUTOR ULYSSES;275,14;92,00;77,50;18,89;83,74;11,87;35,71;29,14;100,00;230,36;0,00;1,29
2013.0;11.0;2013-11-01;BRASPINE;BARRA GRANDE;PR;DOUTOR ULYSSES;493,79;139,68;82,61;19,19;84,03;11,99;36,11;29,44;100,00;218,71;0,00;2,77
2013.0;11.0;2013-11-01;BRASPINE;BARRA GRANDE - BEMAIS;PR;GUARAPUAVA;299,16;108,61;164,83;18,67;79,16;11,10;29,44;27,68;100,00;249,14;0,00;1,59
2013.0;11.0;2013-11-01;BRASPINE;BARRETOS;PR;JAGUARIAIVA;43,35;32,98;89,03;18,66;83,25;11,53;34,88;28,35;99,98;222,29;0,00;5,04
2013.0;11.0;2013-11-01;BRASPINE;BAU;;;;;97,28;18,67;79,61;11,07;34,33;26,74;99,90;234,76;0,00;5,14
2013.0;11.0;2013-11-01;BRASPINE;BOA VISTA II;PR;PIRAI DO SUL;944,00;535,05;87,31;18,65;82,52;11,41;34,66;28,14;99,96;235,35;0,00;8,34
2013.0;11.0;2013-11-01;BRASPINE;BRASILEIRA;;;;;85,12;18,72;83,96;11,64;36,61;28,65;100,00;226,75;0,00;2,99
2013.0;11.0;2013-11-01;BRASPINE;BURACAO;;;;;89,02;18,71;81,33;11,54;31,09;28,43;99,85;239,75;0,00;4,31
2013.0;11.0;2013-11-01;BRASPINE;BURRINHO;PR;DOUTOR ULYSSES;211,01;100,37;77,69;18,89;83,74;11,87;35,71;29,14;100,00;230,36;0,00;1,29
2013.0;11.0;2013-11-01;BRASPINE;CADEADO I;PR;JAGUARIAIVA;21,07;12,29;83,76;18,52;83,66;11,47;36,22;28,22;100,00;266,82;0,00;0,99
2013.0;11.0;2013-11-01;BRASPINE;CADEADO II;PR;JAGUARIAIVA;21,88;16,79;83,76;18,52;83,66;11,47;36,22;28,22;100,00;266,82;0,00;0,99
2013.0;11.0;2013-11-01;BRASPINE;CAMPINA ALTA;PR;TIBAGI;29,77;18,24;116,36;20,25;76,29;12,61;29,85;29,44;99,89;139,19;0,00;4,78
2013.0;11.0;2013-11-01;BRASPINE;CAMPINA DO ELIAS;PR;JAGUARIAIVA;29,17;14,65;82,60;18,61;83,40;11,56;35,37;28,30;99,99;222,39;0,00;3,66
2013.0;11.0;2013-11-01;BRASPINE;CAMPO NOVO;PR;JAGUARIAIVA;295,98;156,36;89,62;18,52;83,66;11,47;36,22;28,22;100,00;266,82;0,00;0,99
2013.0;11.0;2013-11-01;BRASPINE;CONSULTORIA II A;PR;DOUTOR ULYSSES;89,62;60,79;83,88;18,72;83,96;11,64;36,61;28,65;100,00;226,75;0,00;2,99
2013.0;11.0;2013-11-01;BRASPINE;DINIZ;;;;;87,24;18,72;83,96;11,64;36,61;28,65;100,00;226,75;0,00;2,99
2013.0;11.0;2013-11-01;BRASPINE;ENES;PR;JAGUARIAIVA;5,93;5,69;89,98;18,52;83,66;11,47;36,22;28,22;100,00;266,82;0,00;0,99
2013.0;11.0;2013-11-01;BRASPINE;ENGENHARIA;;;;;87,24;18,72;83,96;11,64;36,61;28,65;100,00;226,75;0,00;2,99
2013.0;11.0;2013-11-01;BRASPINE;ESTACAO;PR;SENGES;4,76;4,14;81,90;18,52;83,66;11,47;36,22;28,22;100,00;266,82;0,00;0,99
2013.0;11.0;2013-11-01;BRASPINE;FAXINAL;PR;JAGUARIAIVA;20,65;20,65;89,98;18,52;83,66;11,47;36,22;28,22;100,00;266,82;0,00;0,99
2013.0;11.0;2013-11-01;BRASPINE;FEITAL;PR;DOUTOR ULYSSES;154,17;86,53;82,67;18,88;83,98;11,76;36,44;28,92;100,00;229,13;0,00;1,98
2013.0;11.0;2013-11-01;BRASPINE;FIGUEIRA;PR;DOUTOR ULYSSES;1053,81;315,71;81,37;18,89;83,74;11,87;35,71;29,14;100,00;230,36;0,00;1,29
2013.0;11.0;2013-11-01;BRASPINE;FIGUEIRINHA;PR;DOUTOR ULYSSES;94,37;56,74;80,63;18,89;83,74;11,87;35,71;29,14;100,00;230,36;0,00;1,29
2013.0;11.0;2013-11-01;BRASPINE;FLOEMA;PR;DOUTOR ULYSSES;2189,88;701,43;83,41;18,42;83,67;11,42;35,60;28,27;100,00;252,39;0,00;337,31
2013.0;11.0;2013-11-01;BRASPINE;FLOEMA I - SUDATI;;;;;82,66;18,72;83,96;11,64;36,61;28,65;100,00;226,75;0,00;2,99
2013.0;11.0;2013-11-01;BRASPINE;FLOEMA II - SUDATI;PR;DOUTOR ULYSSES;453,83;211,13;83,27;18,72;83,96;11,64;36,61;28,65;100,00;226,75;0,00;2,99
2013.0;11.0;2013-11-01;BRASPINE;FLOR DA SERRA;PR;SAO JOSE DA BOA VISTA;209,10;128,72;69,58;20,90;75,52;14,11;32,99;29,69;99,76;101,93;0,00;0,27
2013.0;11.0;2013-11-01;BRASPINE;GENTIL;PR;JAGUARIAIVA;126,77;53,33;90,02;18,46;81,48;11,50;34,71;27,29;99,74;249,12;0,00;10,21
2013.0;11.0;2013-11-01;BRASPINE;GUAIRACA;PR;GUARAPUAVA;623,62;169,31;169,46;18,77;78,89;11,02;29,74;27,88;100,00;235,43;0,00;2,81
2013.0;11.0;2013-11-01;BRASPINE;HERVAL 2 - MADALOSSO;;;;;91,52;18,71;81,33;11,54;31,09;28,43;99,85;239,75;0,00;4,31
2013.0;11.0;2013-11-01;BRASPINE;HERVAL DE BAIXO;PR;RESERVA;827,29;475,92;113,16;20,30;76,29;12,22;29,48;29,50;99,88;138,36;0,00;5,13
2013.0;11.0;2013-11-01;BRASPINE;HORTO 01;PR;TURVO;19,12;19,12;99,14;19,44;79,09;11,87;32,42;28,23;99,77;199,08;0,00;5,56
2013.0;11.0;2013-11-01;BRASPINE;HORTO 02;PR;TURVO;4,24;4,24;93,41;19,44;79,09;11,87;32,42;28,23;99,77;199,08;0,00;5,56
2013.0;11.0;2013-11-01;BRASPINE;HORTO 03;PR;PRUDENTOPOLIS;80,91;25,89;115,83;19,98;77,53;12,38;29,00;29,16;99,98;162,29;0,00;1,50
2013.0;11.0;2013-11-01;BRASPINE;HORTO 08;PR;TURVO;9,53;9,53;96,96;19,98;77,53;12,38;29,00;29,16;99,98;162,29;0,00;1,50
2013.0;11.0;2013-11-01;BRASPINE;HORTO 12;PR;PRUDENTOPOLIS;12,20;12,20;118,11;19,98;77,53;12,38;29,00;29,16;99,98;162,29;0,00;1,50
2013.0;11.0;2013-11-01;BRASPINE;IZAU;PR;PIRAI DO SUL;19,37;11,60;90,78;18,39;82,33;11,19;33,70;27,56;99,78;216,31;0,00;11,12
2013.0;11.0;2013-11-01;BRASPINE;JOAO RICO;PR;JAGUARIAIVA;47,46;26,18;90,66;18,69;81,62;11,72;35,19;27,73;99,79;253,03;0,00;6,71
2013.0;11.0;2013-11-01;BRASPINE;LAGOA;PR;JAGUARIAIVA;24,10;10,78;81,88;18,52;83,66;11,47;36,22;28,22;100,00;266,82;0,00;0,99
2013.0;11.0;2013-11-01;BRASPINE;MARACANA;PR;JANDAIA DO SUL;11,45;11,45;79,43;22,41;72,14;14,86;32,56;31,98;99,98;14,86;0,00;0,85
2013.0;11.0;2013-11-01;BRASPINE;MARRECA;;;;;80,78;18,89;83,74;11,87;35,71;29,14;100,00;230,36;0,00;1,29
2013.0;11.0;2013-11-01;BRASPINE;MARRECA SP;SP;ITAPIRAPUA PAULISTA;675,30;236,19;76,98;19,59;83,48;12,23;34,92;30,51;100,00;179,18;0,00;7,15
2013.0;11.0;2013-11-01;BRASPINE;MARRECAS;;;;;170,43;18,11;80,08;10,68;30,65;26,99;100,00;283,15;0,00;5,14
2013.0;11.0;2013-11-01;BRASPINE;MERCADINHO;;;;;76,27;19,56;81,64;12,48;32,72;30,11;100,00;179,76;0,00;1,32
2013.0;11.0;2013-11-01;BRASPINE;MONTE ALEGRE;;;;;73,43;22,95;71,14;15,31;32,70;32,23;99,93;0,00;0,00;0,12
2013.0;11.0;2013-11-01;BRASPINE;MONTE TABOR II;;;;;81,63;18,97;84,87;12,32;38,19;29,67;100,00;192,83;0,00;14,01
2013.0;11.0;2013-11-01;BRASPINE;MOREIRA;PR;DOUTOR ULYSSES;230,52;68,68;83,27;18,72;83,96;11,64;36,61;28,65;100,00;226,75;0,00;2,99
2013.0;11.0;2013-11-01;BRASPINE;MOREIRAS II;PR;DOUTOR ULYSSES;66,76;28,75;83,98;18,72;83,96;11,64;36,61;28,65;100,00;226,75;0,00;2,99
2013.0;11.0;2013-11-01;BRASPINE;MORRETES;PR;ORTIGUEIRA;20,36;20,36;102,65;20,85;75,53;12,67;29,46;30,37;99,78;112,03;0,00;8,36
2013.0;11.0;2013-11-01;BRASPINE;MORRO AZUL;;;;;83,00;18,96;84,33;11,78;37,27;28,93;100,00;230,71;0,00;2,59
2013.0;11.0;2013-11-01;BRASPINE;OURO FINO;SP;APIAI;51,70;51,70;85,30;18,74;85,28;11,81;39,97;28,86;100,00;246,79;0,00;21,69
2013.0;11.0;2013-11-01;BRASPINE;PALMEIRINHA DE BAIXO - SOSSEGO;PR;SENGES;85,93;9,22;89,18;18,49;82,71;11,38;36,64;27,61;99,74;253,08;0,00;23,30
2013.0;11.0;2013-11-01;BRASPINE;PAZIN;PR;DOUTOR ULYSSES;41,20;23,90;81,86;18,89;83,74;11,87;35,71;29,14;100,00;230,36;0,00;1,29
2013.0;11.0;2013-11-01;BRASPINE;PEDRAS;PR;CASTRO;7,18;7,18;91,56;18,39;82,62;11,12;35,84;27,63;99,54;231,45;0,00;0,94
2013.0;11.0;2013-11-01;BRASPINE;PESCARIA;PR;SAO JOSE DA BOA VISTA;184,57;129,22;79,50;21,02;75,23;14,11;30,15;29,98;99,76;101,99;0,00;3,94
2013.0;11.0;2013-11-01;BRASPINE;PESSEGUEIRO;PR;DOUTOR ULYSSES;109,95;64,79;79,58;18,72;83,96;11,64;36,61;28,65;100,00;226,75;0,00;2,99
2013.0;11.0;2013-11-01;BRASPINE;PITANGA;;;;;79,99;19,44;78,73;11,82;36,24;27,47;99,81;217,43;0,00;0,17
2013.0;11.0;2013-11-01;BRASPINE;QUEIMADINHO ARROIO CLARO;PR;DOUTOR ULYSSES;48,13;19,09;85,12;18,72;83,96;11,64;36,61;28,65;100,00;226,75;0,00;2,99
2013.0;11.0;2013-11-01;BRASPINE;QUEIMADINHO M6042;PR;DOUTOR ULYSSES;48,38;18,50;85,12;18,72;83,96;11,64;36,61;28,65;100,00;226,75;0,00;2,99
2013.0;11.0;2013-11-01;BRASPINE;QUEIMADINHO USUCAPIAO;PR;DOUTOR ULYSSES;200,27;92,43;85,12;18,72;83,96;11,64;36,61;28,65;100,00;226,75;0,00;2,99
2013.0;11.0;2013-11-01;BRASPINE;RAMOS;PR;SENGES;69,83;38,15;82,66;18,52;83,66;11,47;36,22;28,22;100,00;266,82;0,00;0,99
2013.0;11.0;2013-11-01;BRASPINE;RIBEIRAO GRANDE;PR;JAGUARIAIVA;20,77;20,77;90,48;18,39;82,33;11,19;33,70;27,56;99,78;216,31;0,00;11,12
2013.0;11.0;2013-11-01;BRASPINE;RINCAO DE BAIXO;;;;;119,95;19,43;76,83;12,28;30,47;28,39;99,60;218,93;0,00;0,67
2013.0;11.0;2013-11-01;BRASPINE;RIO BOMBA;PR;CERRO AZUL;65,03;37,72;80,57;19,95;79,89;12,74;29,07;30,52;99,96;169,16;0,00;8,68
2013.0;11.0;2013-11-01;BRASPINE;RIO DO MEIO;PR;DOUTOR ULYSSES;712,33;389,13;84,28;18,72;83,96;11,64;36,61;28,65;100,00;226,75;0,00;2,99
2013.0;11.0;2013-11-01;BRASPINE;RONDON;PR;JAGUARIAIVA;2899,24;1475,88;91,99;18,50;82,82;11,42;36,79;27,66;99,85;251,96;0,00;4,41
2013.0;11.0;2013-11-01;BRASPINE;SANTA FELICIDADE;;;;;80,22;20,02;83,22;12,61;33,73;31,43;100,00;154,21;0,00;3,85
2013.0;11.0;2013-11-01;BRASPINE;SANTA LIDIA DO CERCADINHO;;;;;122,94;19,07;77,27;12,02;30,89;27,80;99,59;214,50;0,00;4,99
2013.0;11.0;2013-11-01;BRASPINE;SANTO ANTONIO;;;;;86,81;18,52;83,05;11,33;37,16;27,90;99,99;253,66;0,00;323,32
2013.0;11.0;2013-11-01;BRASPINE;SAO JOSE;PR;JANDAIA DO SUL;37,56;37,56;73,76;22,78;71,39;15,17;32,85;31,99;99,96;0,00;0,00;0,03
2013.0;11.0;2013-11-01;BRASPINE;SAO MATHEUS;;;;;76,26;24,18;69,61;16,54;31,78;33,63;99,70;0,00;0,00;1,15
2013.0;11.0;2013-11-01;BRASPINE;SAO PEDRO E SAO PAULO;PR;SAPOPEMA;709,13;323,93;88,27;20,46;75,78;13,43;36,22;29,34;99,34;127,97;0,00;0,39
2013.0;11.0;2013-11-01;BRASPINE;SAO RAFAEL;;;;;93,37;18,63;79,61;10,67;34,96;28,64;99,57;204,90;0,00;0,84
2013.0;11.0;2013-11-01;BRASPINE;SAO RAFAEL - PB;;;;;85,53;18,84;85,04;11,83;39,01;28,99;100,00;232,11;0,00;330,70
2013.0;11.0;2013-11-01;BRASPINE;SERRARIA;PR;DOUTOR ULYSSES;280,88;117,71;81,97;18,65;83,71;11,65;35,98;28,69;100,00;226,41;0,00;2,88
2013.0;11.0;2013-11-01;BRASPINE;SERRO VERDE;;;;;100,33;19,02;78,37;11,39;34,08;27,10;99,90;224,80;0,00;2,17
2013.0;11.0;2013-11-01;BRASPINE;SERTAOZINHO;PR;DOUTOR ULYSSES;16,25;16,25;90,80;18,72;83,96;11,64;36,61;28,65;100,00;226,75;0,00;2,99
2013.0;11.0;2013-11-01;BRASPINE;SITIO BASILIO;PR;JAGUARIAIVA;8,08;8,08;90,71;18,55;81,25;11,58;35,16;27,33;99,70;250,95;0,00;8,68
2013.0;11.0;2013-11-01;BRASPINE;SITIO DAS MARRECAS;PR;DOUTOR ULYSSES;77,49;35,17;81,65;19,39;83,56;12,13;35,14;30,12;100,00;206,88;0,00;7,99
2013.0;11.0;2013-11-01;BRASPINE;SOBRADINHO;SP;BOM SUCESSO DE ITARARE;285,80;123,10;81,73;18,42;84,16;11,27;39,94;27,80;100,00;283,58;0,00;33,55
2013.0;11.0;2013-11-01;BRASPINE;TAQUARAL;PR;JAGUARIAIVA;519,13;31,07;93,24;18,66;82,44;11,63;36,36;27,86;99,99;253,21;0,00;2,93
2013.0;11.0;2013-11-01;BRASPINE;TUCUNDUVA;PR;SENGES;82,21;60,89;96,49;19,37;78,76;12,36;33,50;28,00;99,47;207,25;0,00;1,89
2013.0;11.0;2013-11-01;BRASPINE;TUCUNDUVA - CHAMMA;;;;;95,60;19,34;79,36;12,31;33,71;28,09;99,60;192,20;0,00;27,22
2013.0;11.0;2013-11-01;BRASPINE;VIENA 1;PR;DOUTOR ULYSSES;263,98;178,34;84,63;18,30;83,58;11,21;36,12;27,82;100,00;233,68;0,00;7,69
2013.0;11.0;2013-11-01;BRASPINE;VIENA 2;PR;CERRO AZUL;140,23;96,54;80,43;19,95;79,89;12,74;29,07;30,52;99,96;169,16;0,00;8,68
2013.0;11.0;2013-11-01;BRASPINE;VITORIA;PR;SENGES;50,54;35,69;89,18;18,49;82,71;11,38;36,64;27,61;99,74;253,08;0,00;23,30
2013.0;11.0;2013-11-01;BRASPINE;VIVEIRO;PR;DOUTOR ULYSSES;405,39;261,22;83,98;18,72;83,96;11,64;36,61;28,65;100,00;226,75;0,00;2,99
2013.0;11.0;2013-11-01;BRASPINE;VO LINO;PR;DOUTOR ULYSSES;164,50;97,89;79,48;18,89;83,74;11,87;35,71;29,14;100,00;230,36;0,00;1,29
2013.0;11.0;2013-11-01;BRASPINE;XAXIM VELHO;;;;;176,96;18,12;80,35;10,87;31,95;27,24;100,00;253,78;0,00;0,56
2013.0;12.0;2013-12-01;BRASPINE;AGUA DOCE;PR;JAGUARIAIVA;238,97;121,99;132,29;20,73;80,46;13,31;41,12;29,07;99,55;70,16;0,00;2,26
2013.0;12.0;2013-12-01;BRASPINE;AMATA;;;;;65,59;22,58;77,69;14,96;38,92;32,79;99,97;14,96;0,00;0,02
2013.0;12.0;2013-12-01;BRASPINE;ANTA BRAVA;;;;;165,35;23,43;75,74;14,93;34,47;33,23;98,19;14,93;0,00;18,59
2013.0;12.0;2013-12-01;BRASPINE;ARAPONGAS;PR;SENGES;423,34;263,70;134,07;20,85;81,52;13,80;40,62;30,06;100,00;71,65;0,00;1,73
2013.0;12.0;2013-12-01;BRASPINE;ARROIO CLARO;PR;DOUTOR ULYSSES;275,14;92,00;104,82;21,06;81,16;13,88;40,66;30,45;100,00;72,30;0,00;2,22
2013.0;12.0;2013-12-01;BRASPINE;BARRA GRANDE;PR;DOUTOR ULYSSES;493,79;139,68;147,26;21,34;81,46;14,17;39,75;30,88;100,00;58,56;0,00;12,46
2013.0;12.0;2013-12-01;BRASPINE;BARRA GRANDE - BEMAIS;PR;GUARAPUAVA;299,16;108,61;136,57;20,40;80,78;13,14;42,82;28,72;100,00;42,20;0,00;3,12
2013.0;12.0;2013-12-01;BRASPINE;BARRETOS;PR;JAGUARIAIVA;43,35;32,98;148,87;20,77;81,62;13,46;40,68;29,58;99,79;84,75;0,00;0,16
2013.0;12.0;2013-12-01;BRASPINE;BAU;;;;;179,77;20,39;81,42;13,73;42,05;27,44;99,97;72,14;0,00;0,51
2013.0;12.0;2013-12-01;BRASPINE;BOA VISTA II;PR;PIRAI DO SUL;944,00;535,05;153,61;20,73;81,37;13,25;41,00;29,20;99,82;84,31;0,00;0,44
2013.0;12.0;2013-12-01;BRASPINE;BRASILEIRA;;;;;149,43;20,85;81,52;13,80;40,62;30,06;100,00;71,65;0,00;1,73
2013.0;12.0;2013-12-01;BRASPINE;BURACAO;;;;;81,56;20,75;81,13;13,29;43,20;28,96;99,73;56,31;0,00;16,37
2013.0;12.0;2013-12-01;BRASPINE;BURRINHO;PR;DOUTOR ULYSSES;211,01;100,37;107,08;21,06;81,16;13,88;40,66;30,45;100,00;72,30;0,00;2,22
2013.0;12.0;2013-12-01;BRASPINE;CADEADO I;PR;JAGUARIAIVA;21,07;12,29;140,99;20,65;81,48;13,47;40,72;29,69;100,00;84,85;0,00;0,33
2013.0;12.0;2013-12-01;BRASPINE;CADEADO II;PR;JAGUARIAIVA;21,88;16,79;140,99;20,65;81,48;13,47;40,72;29,69;100,00;84,85;0,00;0,33
2013.0;12.0;2013-12-01;BRASPINE;CAMPINA ALTA;PR;TIBAGI;29,77;18,24;137,49;21,94;78,77;13,39;38,57;29,76;100,00;28,14;0,00;4,26
2013.0;12.0;2013-12-01;BRASPINE;CAMPINA DO ELIAS;PR;JAGUARIAIVA;29,17;14,65;158,53;20,73;81,57;13,46;40,69;29,62;99,87;84,79;0,00;1,94
2013.0;12.0;2013-12-01;BRASPINE;CAMPO NOVO;PR;JAGUARIAIVA;295,98;156,36;141,26;20,65;81,48;13,47;40,72;29,69;100,00;84,85;0,00;0,33
2013.0;12.0;2013-12-01;BRASPINE;CONSULTORIA II A;PR;DOUTOR ULYSSES;89,62;60,79;140,63;20,85;81,52;13,80;40,62;30,06;100,00;71,65;0,00;1,73
2013.0;12.0;2013-12-01;BRASPINE;DINIZ;;;;;138,46;20,85;81,52;13,80;40,62;30,06;100,00;71,65;0,00;1,73
2013.0;12.0;2013-12-01;BRASPINE;ENES;PR;JAGUARIAIVA;5,93;5,69;142,40;20,65;81,48;13,47;40,72;29,69;100,00;84,85;0,00;0,33
2013.0;12.0;2013-12-01;BRASPINE;ENGENHARIA;;;;;138,46;20,85;81,52;13,80;40,62;30,06;100,00;71,65;0,00;1,73
2013.0;12.0;2013-12-01;BRASPINE;ESTACAO;PR;SENGES;4,76;4,14;137,25;20,65;81,48;13,47;40,72;29,69;100,00;84,85;0,00;0,33
2013.0;12.0;2013-12-01;BRASPINE;FAXINAL;PR;JAGUARIAIVA;20,65;20,65;142,40;20,65;81,48;13,47;40,72;29,69;100,00;84,85;0,00;0,33
2013.0;12.0;2013-12-01;BRASPINE;FEITAL;PR;DOUTOR ULYSSES;154,17;86,53;141,09;21,01;81,50;13,92;40,33;30,33;100,00;72,35;0,00;0,10
2013.0;12.0;2013-12-01;BRASPINE;FIGUEIRA;PR;DOUTOR ULYSSES;1053,81;315,71;137,58;21,06;81,16;13,88;40,66;30,45;100,00;72,30;0,00;2,22
2013.0;12.0;2013-12-01;BRASPINE;FIGUEIRINHA;PR;DOUTOR ULYSSES;94,37;56,74;123,73;21,06;81,16;13,88;40,66;30,45;100,00;72,30;0,00;2,22
2013.0;12.0;2013-12-01;BRASPINE;FLOEMA;PR;DOUTOR ULYSSES;2189,88;701,43;154,29;20,53;81,44;13,11;40,42;29,49;100,00;84,49;0,00;1,53
2013.0;12.0;2013-12-01;BRASPINE;FLOEMA I - SUDATI;;;;;137,74;20,85;81,52;13,80;40,62;30,06;100,00;71,65;0,00;1,73
2013.0;12.0;2013-12-01;BRASPINE;FLOEMA II - SUDATI;PR;DOUTOR ULYSSES;453,83;211,13;137,00;20,85;81,52;13,80;40,62;30,06;100,00;71,65;0,00;1,73
2013.0;12.0;2013-12-01;BRASPINE;FLOR DA SERRA;PR;SAO JOSE DA BOA VISTA;209,10;128,72;157,29;23,20;72,11;15,39;32,44;31,62;99,79;0,00;0,00;5,99
2013.0;12.0;2013-12-01;BRASPINE;GENTIL;PR;JAGUARIAIVA;126,77;53,33;134,38;20,47;80,66;13,05;41,57;28,36;99,33;68,96;0,00;6,20
2013.0;12.0;2013-12-01;BRASPINE;GUAIRACA;PR;GUARAPUAVA;623,62;169,31;133,86;20,53;80,69;13,23;43,58;28,87;100,00;27,66;0,00;3,08
2013.0;12.0;2013-12-01;BRASPINE;HERVAL 2 - MADALOSSO;;;;;89,26;20,75;81,13;13,29;43,20;28,96;99,73;56,31;0,00;16,37
2013.0;12.0;2013-12-01;BRASPINE;HERVAL DE BAIXO;PR;RESERVA;827,29;475,92;132,11;21,99;78,61;13,35;37,39;29,70;99,94;28,17;0,00;0,21
2013.0;12.0;2013-12-01;BRASPINE;HORTO 01;PR;TURVO;19,12;19,12;186,82;21,23;80,43;14,07;40,44;28,54;99,78;28,91;0,00;11,83
2013.0;12.0;2013-12-01;BRASPINE;HORTO 02;PR;TURVO;4,24;4,24;192,24;21,23;80,43;14,07;40,44;28,54;99,78;28,91;0,00;11,83
2013.0;12.0;2013-12-01;BRASPINE;HORTO 03;PR;PRUDENTOPOLIS;80,91;25,89;168,40;21,79;78,85;14,50;38,31;29,64;99,90;14,50;0,00;0,33
2013.0;12.0;2013-12-01;BRASPINE;HORTO 08;PR;TURVO;9,53;9,53;185,04;21,79;78,85;14,50;38,31;29,64;99,90;14,50;0,00;0,33
2013.0;12.0;2013-12-01;BRASPINE;HORTO 12;PR;PRUDENTOPOLIS;12,20;12,20;163,01;21,79;78,85;14,50;38,31;29,64;99,90;14,50;0,00;0,33
2013.0;12.0;2013-12-01;BRASPINE;IZAU;PR;PIRAI DO SUL;19,37;11,60;138,22;20,41;81,57;13,00;41,62;28,35;99,56;68,28;0,00;1,02
2013.0;12.0;2013-12-01;BRASPINE;JOAO RICO;PR;JAGUARIAIVA;47,46;26,18;134,81;20,73;80,46;13,31;41,12;29,07;99,55;70,16;0,00;2,26
2013.0;12.0;2013-12-01;BRASPINE;LAGOA;PR;JAGUARIAIVA;24,10;10,78;146,25;20,65;81,48;13,47;40,72;29,69;100,00;84,85;0,00;0,33
2013.0;12.0;2013-12-01;BRASPINE;MARACANA;PR;JANDAIA DO SUL;11,45;11,45;200,77;24,11;72,44;16,98;30,03;31,81;99,72;0,00;0,00;3,32
2013.0;12.0;2013-12-01;BRASPINE;MARRECA;;;;;137,96;21,06;81,16;13,88;40,66;30,45;100,00;72,30;0,00;2,22
2013.0;12.0;2013-12-01;BRASPINE;MARRECA SP;SP;ITAPIRAPUA PAULISTA;675,30;236,19;109,07;21,80;80,70;14,76;39,67;31,64;100,00;14,76;0,00;346,79
2013.0;12.0;2013-12-01;BRASPINE;MARRECAS;;;;;132,06;19,81;81,85;12,62;44,83;28,10;100,00;114,15;0,00;0,24
2013.0;12.0;2013-12-01;BRASPINE;MERCADINHO;;;;;93,49;21,74;79,40;14,31;40,18;31,53;99,94;28,92;0,00;1,55
2013.0;12.0;2013-12-01;BRASPINE;MONTE ALEGRE;;;;;198,15;24,67;71,19;17,57;29,39;32,50;99,96;0,00;0,00;0,95
2013.0;12.0;2013-12-01;BRASPINE;MONTE TABOR II;;;;;160,54;21,06;82,20;14,28;40,40;31,40;99,96;43,49;0,00;37,14
2013.0;12.0;2013-12-01;BRASPINE;MOREIRA;PR;DOUTOR ULYSSES;230,52;68,68;137,00;20,85;81,52;13,80;40,62;30,06;100,00;71,65;0,00;1,73
2013.0;12.0;2013-12-01;BRASPINE;MOREIRAS II;PR;DOUTOR ULYSSES;66,76;28,75;141,16;20,85;81,52;13,80;40,62;30,06;100,00;71,65;0,00;1,73
2013.0;12.0;2013-12-01;BRASPINE;MORRETES;PR;ORTIGUEIRA;20,36;20,36;131,94;22,58;77,64;13,91;34,83;30,40;99,91;13,91;0,00;1,13
2013.0;12.0;2013-12-01;BRASPINE;MORRO AZUL;;;;;147,33;21,04;81,92;13,89;39,20;30,34;100,00;72,47;0,00;43,65
2013.0;12.0;2013-12-01;BRASPINE;OURO FINO;SP;APIAI;51,70;51,70;161,15;20,76;82,89;13,73;40,20;30,22;100,00;72,33;0,00;40,49
2013.0;12.0;2013-12-01;BRASPINE;PALMEIRINHA DE BAIXO - SOSSEGO;PR;SENGES;85,93;9,22;135,22;20,51;80,68;13,39;40,40;29,30;99,89;85,13;0,00;54,58
2013.0;12.0;2013-12-01;BRASPINE;PAZIN;PR;DOUTOR ULYSSES;41,20;23,90;137,55;21,06;81,16;13,88;40,66;30,45;100,00;72,30;0,00;2,22
2013.0;12.0;2013-12-01;BRASPINE;PEDRAS;PR;CASTRO;7,18;7,18;157,52;20,45;82,07;12,99;44,27;28,45;99,37;68,54;0,00;5,67
2013.0;12.0;2013-12-01;BRASPINE;PESCARIA;PR;SAO JOSE DA BOA VISTA;184,57;129,22;148,04;23,35;71,76;15,72;31,66;32,28;99,65;0,00;0,00;7,82
2013.0;12.0;2013-12-01;BRASPINE;PESSEGUEIRO;PR;DOUTOR ULYSSES;109,95;64,79;135,38;20,85;81,52;13,80;40,62;30,06;100,00;71,65;0,00;1,73
2013.0;12.0;2013-12-01;BRASPINE;PITANGA;;;;;194,52;21,21;80,43;14,73;41,62;28,07;99,81;29,51;0,00;7,64
2013.0;12.0;2013-12-01;BRASPINE;QUEIMADINHO ARROIO CLARO;PR;DOUTOR ULYSSES;48,13;19,09;149,43;20,85;81,52;13,80;40,62;30,06;100,00;71,65;0,00;1,73
2013.0;12.0;2013-12-01;BRASPINE;QUEIMADINHO M6042;PR;DOUTOR ULYSSES;48,38;18,50;149,43;20,85;81,52;13,80;40,62;30,06;100,00;71,65;0,00;1,73
2013.0;12.0;2013-12-01;BRASPINE;QUEIMADINHO USUCAPIAO;PR;DOUTOR ULYSSES;200,27;92,43;149,43;20,85;81,52;13,80;40,62;30,06;100,00;71,65;0,00;1,73
2013.0;12.0;2013-12-01;BRASPINE;RAMOS;PR;SENGES;69,83;38,15;137,74;20,65;81,48;13,47;40,72;29,69;100,00;84,85;0,00;0,33
2013.0;12.0;2013-12-01;BRASPINE;RIBEIRAO GRANDE;PR;JAGUARIAIVA;20,77;20,77;135,84;20,41;81,57;13,00;41,62;28,35;99,56;68,28;0,00;1,02
2013.0;12.0;2013-12-01;BRASPINE;RINCAO DE BAIXO;;;;;121,22;21,31;77,45;13,54;39,87;29,32;99,97;42,52;0,00;11,72
2013.0;12.0;2013-12-01;BRASPINE;RIO BOMBA;PR;CERRO AZUL;65,03;37,72;95,40;22,10;78,35;14,59;39,64;31,80;99,95;29,45;0,00;16,48
2013.0;12.0;2013-12-01;BRASPINE;RIO DO MEIO;PR;DOUTOR ULYSSES;712,33;389,13;143,35;20,85;81,52;13,80;40,62;30,06;100,00;71,65;0,00;1,73
2013.0;12.0;2013-12-01;BRASPINE;RONDON;PR;JAGUARIAIVA;2899,24;1475,88;138,52;20,55;80,93;13,34;41,63;29,38;99,86;85,01;0,00;57,97
2013.0;12.0;2013-12-01;BRASPINE;SANTA FELICIDADE;;;;;138,16;22,25;80,30;15,22;38,74;32,51;100,00;0,00;0,00;0,03
2013.0;12.0;2013-12-01;BRASPINE;SANTA LIDIA DO CERCADINHO;;;;;129,43;20,95;77,65;13,45;40,03;28,84;100,00;56,68;0,00;11,25
2013.0;12.0;2013-12-01;BRASPINE;SANTO ANTONIO;;;;;143,20;20,53;80,88;13,41;39,63;29,37;100,00;85,05;0,00;49,77
2013.0;12.0;2013-12-01;BRASPINE;SAO JOSE;PR;JANDAIA DO SUL;37,56;37,56;197,23;24,49;71,51;17,40;29,68;32,22;99,98;0,00;0,00;0,55
2013.0;12.0;2013-12-01;BRASPINE;SAO MATHEUS;;;;;223,24;25,91;69,78;18,96;28,50;34,41;99,54;0,00;0,00;0,67
2013.0;12.0;2013-12-01;BRASPINE;SAO PEDRO E SAO PAULO;PR;SAPOPEMA;709,13;323,93;175,50;22,55;73,92;14,80;32,63;29,93;99,64;14,80;0,00;1,06
2013.0;12.0;2013-12-01;BRASPINE;SAO RAFAEL;;;;;86,24;20,53;81,35;14,06;42,96;28,67;99,75;57,51;0,00;16,66
2013.0;12.0;2013-12-01;BRASPINE;SAO RAFAEL - PB;;;;;148,88;20,89;82,61;13,96;39,64;30,31;100,00;72,73;0,00;41,22
2013.0;12.0;2013-12-01;BRASPINE;SERRARIA;PR;DOUTOR ULYSSES;280,88;117,71;149,76;20,79;81,30;13,49;40,61;29,97;100,00;85,94;0,00;0,12
2013.0;12.0;2013-12-01;BRASPINE;SERRO VERDE;;;;;179,08;20,73;80,49;14,17;40,83;27,80;99,96;43,59;0,00;0,65
2013.0;12.0;2013-12-01;BRASPINE;SERTAOZINHO;PR;DOUTOR ULYSSES;16,25;16,25;136,02;20,85;81,52;13,80;40,62;30,06;100,00;71,65;0,00;1,73
2013.0;12.0;2013-12-01;BRASPINE;SITIO BASILIO;PR;JAGUARIAIVA;8,08;8,08;131,39;20,56;80,32;13,14;41,44;28,58;99,27;69,51;0,00;4,61
2013.0;12.0;2013-12-01;BRASPINE;SITIO DAS MARRECAS;PR;DOUTOR ULYSSES;77,49;35,17;133,24;21,59;80,83;14,51;39,95;31,30;100,00;59,33;0,00;0,09
2013.0;12.0;2013-12-01;BRASPINE;SOBRADINHO;SP;BOM SUCESSO DE ITARARE;285,80;123,10;158,53;20,42;81,84;13,45;39,86;29,28;100,00;84,84;0,00;44,57
2013.0;12.0;2013-12-01;BRASPINE;TAQUARAL;PR;JAGUARIAIVA;519,13;31,07;137,10;20,71;80,91;13,36;41,67;29,39;99,83;85,23;0,00;4,25
2013.0;12.0;2013-12-01;BRASPINE;TUCUNDUVA;PR;SENGES;82,21;60,89;137,72;21,49;76,36;14,09;37,22;30,16;99,81;29,03;0,00;0,86
2013.0;12.0;2013-12-01;BRASPINE;TUCUNDUVA - CHAMMA;;;;;138,13;21,48;76,69;14,16;37,37;30,43;99,83;29,12;0,00;56,74
2013.0;12.0;2013-12-01;BRASPINE;VIENA 1;PR;DOUTOR ULYSSES;263,98;178,34;140,03;20,37;81,91;13,05;41,79;28,86;100,00;83,72;0,00;2,75
2013.0;12.0;2013-12-01;BRASPINE;VIENA 2;PR;CERRO AZUL;140,23;96,54;95,73;22,10;78,35;14,59;39,64;31,80;99,95;29,45;0,00;16,48
2013.0;12.0;2013-12-01;BRASPINE;VITORIA;PR;SENGES;50,54;35,69;135,22;20,51;80,68;13,39;40,40;29,30;99,89;85,13;0,00;54,58
2013.0;12.0;2013-12-01;BRASPINE;VIVEIRO;PR;DOUTOR ULYSSES;405,39;261,22;141,16;20,85;81,52;13,80;40,62;30,06;100,00;71,65;0,00;1,73
2013.0;12.0;2013-12-01;BRASPINE;VO LINO;PR;DOUTOR ULYSSES;164,50;97,89;126,79;21,06;81,16;13,88;40,66;30,45;100,00;72,30;0,00;2,22
2013.0;12.0;2013-12-01;BRASPINE;XAXIM VELHO;;;;;124,36;19,89;82,37;12,71;46,00;27,92;100,00;100,20;0,00;3,40
