ANO;MES;DATA;EMPRESA;FAZENDA;UF;MUNICIPIO;AREA_T;AREA_PRODU;PRECIP_CHIRPS_MM;TEMP_MEDIA_C;UMID_MEDIA_PCT;TEMP_MIN_C;UMID_MIN_PCT;TEMP_MAX_C;UMID_MAX_PCT;NOITES_FRIAS_Eucalipto_<15C;NOITES_FRIAS_Pinus_<5C;DIRECAO_VENTO_GRAUS
2002.0;1.0;2002-01-01;BRASPINE;AGUA DOCE;PR;JAGUARIAIVA;238,97;121,99;236,12;20,50;85,48;12,54;44,41;27,49;99,85;53,28;0,00;0,87
2002.0;1.0;2002-01-01;BRASPINE;AMATA;;;;;249,46;22,27;83,97;14,43;38,55;30,91;100,00;28,89;0,00;0,23
2002.0;1.0;2002-01-01;BRASPINE;ANTA BRAVA;;;;;297,20;22,97;82,78;14,71;47,79;30,75;99,15;29,49;0,00;4,33
2002.0;1.0;2002-01-01;BRASPINE;ARAPONGAS;PR;SENGES;423,34;263,70;242,25;20,70;86,55;13,11;40,46;28,66;100,00;55,29;0,00;0,98
2002.0;1.0;2002-01-01;BRASPINE;ARROIO CLARO;PR;DOUTOR ULYSSES;275,14;92,00;256,43;20,91;86,32;13,28;39,64;29,34;100,00;41,13;0,00;1,17
2002.0;1.0;2002-01-01;BRASPINE;BARRA GRANDE;PR;DOUTOR ULYSSES;493,79;139,68;266,17;21,25;86,47;13,74;40,20;29,32;100,00;42,28;0,00;1,49
2002.0;1.0;2002-01-01;BRASPINE;BARRA GRANDE - BEMAIS;PR;GUARAPUAVA;299,16;108,61;268,19;19,83;84,57;12,42;39,96;27,36;99,99;96,59;0,00;0,00
2002.0;1.0;2002-01-01;BRASPINE;BARRETOS;PR;JAGUARIAIVA;43,35;32,98;244,47;20,63;86,37;12,71;42,02;28,26;100,00;53,76;0,00;0,18
2002.0;1.0;2002-01-01;BRASPINE;BAU;;;;;300,07;19,84;84,34;12,28;40,55;27,27;99,90;95,68;0,00;8,09
2002.0;1.0;2002-01-01;BRASPINE;BOA VISTA II;PR;PIRAI DO SUL;944,00;535,05;244,48;20,61;85,90;12,53;43,24;27,89;100,00;53,01;0,00;11,99
2002.0;1.0;2002-01-01;BRASPINE;BRASILEIRA;;;;;244,08;20,70;86,55;13,11;40,46;28,66;100,00;55,29;0,00;0,98
2002.0;1.0;2002-01-01;BRASPINE;BURACAO;;;;;209,86;20,61;84,63;12,85;42,14;28,61;99,85;54,11;0,00;5,32
2002.0;1.0;2002-01-01;BRASPINE;BURRINHO;PR;DOUTOR ULYSSES;211,01;100,37;257,26;20,91;86,32;13,28;39,64;29,34;100,00;41,13;0,00;1,17
2002.0;1.0;2002-01-01;BRASPINE;CADEADO I;PR;JAGUARIAIVA;21,07;12,29;230,51;20,49;86,39;12,60;40,87;28,32;100,00;53,76;0,00;0,68
2002.0;1.0;2002-01-01;BRASPINE;CADEADO II;PR;JAGUARIAIVA;21,88;16,79;230,51;20,49;86,39;12,60;40,87;28,32;100,00;53,76;0,00;0,68
2002.0;1.0;2002-01-01;BRASPINE;CAMPINA ALTA;PR;TIBAGI;29,77;18,24;254,74;21,19;84,78;13,32;44,71;28,25;99,93;40,44;0,00;1,55
2002.0;1.0;2002-01-01;BRASPINE;CAMPINA DO ELIAS;PR;JAGUARIAIVA;29,17;14,65;236,13;20,58;86,38;12,67;41,60;28,28;100,00;53,76;0,00;2,39
2002.0;1.0;2002-01-01;BRASPINE;CAMPO NOVO;PR;JAGUARIAIVA;295,98;156,36;242,08;20,49;86,39;12,60;40,87;28,32;100,00;53,76;0,00;0,68
2002.0;1.0;2002-01-01;BRASPINE;CONSULTORIA II A;PR;DOUTOR ULYSSES;89,62;60,79;246,17;20,70;86,55;13,11;40,46;28,66;100,00;55,29;0,00;0,98
2002.0;1.0;2002-01-01;BRASPINE;DINIZ;;;;;243,93;20,70;86,55;13,11;40,46;28,66;100,00;55,29;0,00;0,98
2002.0;1.0;2002-01-01;BRASPINE;ENES;PR;JAGUARIAIVA;5,93;5,69;242,02;20,49;86,39;12,60;40,87;28,32;100,00;53,76;0,00;0,68
2002.0;1.0;2002-01-01;BRASPINE;ENGENHARIA;;;;;243,93;20,70;86,55;13,11;40,46;28,66;100,00;55,29;0,00;0,98
2002.0;1.0;2002-01-01;BRASPINE;ESTACAO;PR;SENGES;4,76;4,14;242,51;20,49;86,39;12,60;40,87;28,32;100,00;53,76;0,00;0,68
2002.0;1.0;2002-01-01;BRASPINE;FAXINAL;PR;JAGUARIAIVA;20,65;20,65;242,02;20,49;86,39;12,60;40,87;28,32;100,00;53,76;0,00;0,68
2002.0;1.0;2002-01-01;BRASPINE;FEITAL;PR;DOUTOR ULYSSES;154,17;86,53;257,36;20,89;86,52;13,32;40,37;28,88;100,00;41,07;0,00;3,81
2002.0;1.0;2002-01-01;BRASPINE;FIGUEIRA;PR;DOUTOR ULYSSES;1053,81;315,71;261,75;20,91;86,32;13,28;39,64;29,34;100,00;41,13;0,00;1,17
2002.0;1.0;2002-01-01;BRASPINE;FIGUEIRINHA;PR;DOUTOR ULYSSES;94,37;56,74;269,78;20,91;86,32;13,28;39,64;29,34;100,00;41,13;0,00;1,17
2002.0;1.0;2002-01-01;BRASPINE;FLOEMA;PR;DOUTOR ULYSSES;2189,88;701,43;256,28;20,38;86,35;12,52;40,39;28,62;100,00;53,52;0,00;3,28
2002.0;1.0;2002-01-01;BRASPINE;FLOEMA I - SUDATI;;;;;239,54;20,70;86,55;13,11;40,46;28,66;100,00;55,29;0,00;0,98
2002.0;1.0;2002-01-01;BRASPINE;FLOEMA II - SUDATI;PR;DOUTOR ULYSSES;453,83;211,13;253,72;20,70;86,55;13,11;40,46;28,66;100,00;55,29;0,00;0,98
2002.0;1.0;2002-01-01;BRASPINE;FLOR DA SERRA;PR;SAO JOSE DA BOA VISTA;209,10;128,72;202,50;22,33;81,09;14,54;42,78;29,34;99,74;29,43;0,00;1,23
2002.0;1.0;2002-01-01;BRASPINE;GENTIL;PR;JAGUARIAIVA;126,77;53,33;240,07;20,24;85,46;12,27;45,47;26,99;99,69;52,11;0,00;1,46
2002.0;1.0;2002-01-01;BRASPINE;GUAIRACA;PR;GUARAPUAVA;623,62;169,31;270,11;20,03;84,25;12,85;41,25;27,52;99,99;82,61;0,00;0,27
2002.0;1.0;2002-01-01;BRASPINE;HERVAL 2 - MADALOSSO;;;;;205,17;20,61;84,63;12,85;42,14;28,61;99,85;54,11;0,00;5,32
2002.0;1.0;2002-01-01;BRASPINE;HERVAL DE BAIXO;PR;RESERVA;827,29;475,92;254,73;21,17;84,91;13,08;44,99;28,24;99,86;39,84;0,00;7,60
2002.0;1.0;2002-01-01;BRASPINE;HORTO 01;PR;TURVO;19,12;19,12;257,31;20,56;84,95;12,82;43,58;27,72;100,00;53,90;0,00;3,81
2002.0;1.0;2002-01-01;BRASPINE;HORTO 02;PR;TURVO;4,24;4,24;258,54;20,56;84,95;12,82;43,58;27,72;100,00;53,90;0,00;3,81
2002.0;1.0;2002-01-01;BRASPINE;HORTO 03;PR;PRUDENTOPOLIS;80,91;25,89;252,17;21,07;83,84;13,37;41,59;28,27;100,00;40,51;0,00;0,13
2002.0;1.0;2002-01-01;BRASPINE;HORTO 08;PR;TURVO;9,53;9,53;247,44;21,07;83,84;13,37;41,59;28,27;100,00;40,51;0,00;0,13
2002.0;1.0;2002-01-01;BRASPINE;HORTO 12;PR;PRUDENTOPOLIS;12,20;12,20;249,82;21,07;83,84;13,37;41,59;28,27;100,00;40,51;0,00;0,13
2002.0;1.0;2002-01-01;BRASPINE;IZAU;PR;PIRAI DO SUL;19,37;11,60;233,32;20,27;85,83;12,24;44,29;27,15;99,69;51,65;0,00;3,70
2002.0;1.0;2002-01-01;BRASPINE;JOAO RICO;PR;JAGUARIAIVA;47,46;26,18;240,44;20,50;85,48;12,54;44,41;27,49;99,85;53,28;0,00;0,87
2002.0;1.0;2002-01-01;BRASPINE;LAGOA;PR;JAGUARIAIVA;24,10;10,78;232,32;20,49;86,39;12,60;40,87;28,32;100,00;53,76;0,00;0,68
2002.0;1.0;2002-01-01;BRASPINE;MARACANA;PR;JANDAIA DO SUL;11,45;11,45;219,80;22,62;83,40;15,08;43,81;29,61;99,99;0,00;0,00;2,19
2002.0;1.0;2002-01-01;BRASPINE;MARRECA;;;;;268,87;20,91;86,32;13,28;39,64;29,34;100,00;41,13;0,00;1,17
2002.0;1.0;2002-01-01;BRASPINE;MARRECA SP;SP;ITAPIRAPUA PAULISTA;675,30;236,19;270,05;21,68;86,01;14,07;39,06;30,25;100,00;28,27;0,00;2,50
2002.0;1.0;2002-01-01;BRASPINE;MARRECAS;;;;;275,89;19,31;84,98;11,96;40,30;26,87;100,00;122,41;0,00;4,54
2002.0;1.0;2002-01-01;BRASPINE;MERCADINHO;;;;;270,19;21,50;85,14;13,78;38,78;30,13;100,00;27,71;0,00;5,92
2002.0;1.0;2002-01-01;BRASPINE;MONTE ALEGRE;;;;;226,83;23,11;82,42;15,57;43,55;29,92;99,97;0,00;0,00;0,55
2002.0;1.0;2002-01-01;BRASPINE;MONTE TABOR II;;;;;243,33;20,98;86,97;12,69;41,51;29,50;100,00;41,15;0,00;1,14
2002.0;1.0;2002-01-01;BRASPINE;MOREIRA;PR;DOUTOR ULYSSES;230,52;68,68;253,72;20,70;86,55;13,11;40,46;28,66;100,00;55,29;0,00;0,98
2002.0;1.0;2002-01-01;BRASPINE;MOREIRAS II;PR;DOUTOR ULYSSES;66,76;28,75;245,08;20,70;86,55;13,11;40,46;28,66;100,00;55,29;0,00;0,98
2002.0;1.0;2002-01-01;BRASPINE;MORRETES;PR;ORTIGUEIRA;20,36;20,36;272,73;21,61;84,88;13,09;45,03;28,67;99,90;40,01;0,00;5,73
2002.0;1.0;2002-01-01;BRASPINE;MORRO AZUL;;;;;227,29;20,99;86,66;13,44;41,18;28,75;100,00;41,58;0,00;15,27
2002.0;1.0;2002-01-01;BRASPINE;OURO FINO;SP;APIAI;51,70;51,70;219,28;20,77;87,40;13,14;43,10;28,83;100,00;41,25;0,00;11,21
2002.0;1.0;2002-01-01;BRASPINE;PALMEIRINHA DE BAIXO - SOSSEGO;PR;SENGES;85,93;9,22;218,42;20,31;85,80;12,71;41,89;27,41;99,94;53,87;0,00;3,16
2002.0;1.0;2002-01-01;BRASPINE;PAZIN;PR;DOUTOR ULYSSES;41,20;23,90;265,79;20,91;86,32;13,28;39,64;29,34;100,00;41,13;0,00;1,17
2002.0;1.0;2002-01-01;BRASPINE;PEDRAS;PR;CASTRO;7,18;7,18;230,60;20,34;86,05;12,23;45,88;27,27;99,55;51,56;0,00;8,04
2002.0;1.0;2002-01-01;BRASPINE;PESCARIA;PR;SAO JOSE DA BOA VISTA;184,57;129,22;214,80;22,48;80,77;14,77;41,26;29,58;99,82;14,77;0,00;0,35
2002.0;1.0;2002-01-01;BRASPINE;PESSEGUEIRO;PR;DOUTOR ULYSSES;109,95;64,79;254,27;20,70;86,55;13,11;40,46;28,66;100,00;55,29;0,00;0,98
2002.0;1.0;2002-01-01;BRASPINE;PITANGA;;;;;353,83;20,57;83,73;13,02;38,28;28,46;99,82;68,51;0,00;5,57
2002.0;1.0;2002-01-01;BRASPINE;QUEIMADINHO ARROIO CLARO;PR;DOUTOR ULYSSES;48,13;19,09;244,08;20,70;86,55;13,11;40,46;28,66;100,00;55,29;0,00;0,98
2002.0;1.0;2002-01-01;BRASPINE;QUEIMADINHO M6042;PR;DOUTOR ULYSSES;48,38;18,50;244,08;20,70;86,55;13,11;40,46;28,66;100,00;55,29;0,00;0,98
2002.0;1.0;2002-01-01;BRASPINE;QUEIMADINHO USUCAPIAO;PR;DOUTOR ULYSSES;200,27;92,43;244,08;20,70;86,55;13,11;40,46;28,66;100,00;55,29;0,00;0,98
2002.0;1.0;2002-01-01;BRASPINE;RAMOS;PR;SENGES;69,83;38,15;239,54;20,49;86,39;12,60;40,87;28,32;100,00;53,76;0,00;0,68
2002.0;1.0;2002-01-01;BRASPINE;RIBEIRAO GRANDE;PR;JAGUARIAIVA;20,77;20,77;232,43;20,27;85,83;12,24;44,29;27,15;99,69;51,65;0,00;3,70
2002.0;1.0;2002-01-01;BRASPINE;RINCAO DE BAIXO;;;;;226,88;20,75;83,57;12,67;44,43;27,35;99,81;54,15;0,00;11,18
2002.0;1.0;2002-01-01;BRASPINE;RIO BOMBA;PR;CERRO AZUL;65,03;37,72;248,49;21,80;84,17;13,70;39,21;30,40;99,97;27,48;0,00;1,87
2002.0;1.0;2002-01-01;BRASPINE;RIO DO MEIO;PR;DOUTOR ULYSSES;712,33;389,13;244,80;20,70;86,55;13,11;40,46;28,66;100,00;55,29;0,00;0,98
2002.0;1.0;2002-01-01;BRASPINE;RONDON;PR;JAGUARIAIVA;2899,24;1475,88;216,33;20,36;85,94;12,58;42,16;27,49;99,95;53,53;0,00;0,66
2002.0;1.0;2002-01-01;BRASPINE;SANTA FELICIDADE;;;;;264,99;22,14;85,67;14,79;38,45;30,82;100,00;29,67;0,00;0,41
2002.0;1.0;2002-01-01;BRASPINE;SANTA LIDIA DO CERCADINHO;;;;;219,72;20,42;83,71;12,46;44,76;26,94;99,78;53,07;0,00;10,96
2002.0;1.0;2002-01-01;BRASPINE;SANTO ANTONIO;;;;;221,83;20,40;85,88;12,75;41,74;27,67;100,00;54,27;0,00;125,45
2002.0;1.0;2002-01-01;BRASPINE;SAO JOSE;PR;JANDAIA DO SUL;37,56;37,56;225,48;22,96;82,63;15,41;43,71;29,81;99,99;0,00;0,00;0,98
2002.0;1.0;2002-01-01;BRASPINE;SAO MATHEUS;;;;;226,24;24,15;81,87;16,55;42,44;31,23;99,93;0,00;0,00;8,51
2002.0;1.0;2002-01-01;BRASPINE;SAO PEDRO E SAO PAULO;PR;SAPOPEMA;709,13;323,93;257,46;21,45;83,70;13,56;43,27;28,32;99,73;42,11;0,00;4,90
2002.0;1.0;2002-01-01;BRASPINE;SAO RAFAEL;;;;;215,85;20,50;83,75;13,03;45,64;28,08;99,74;55,54;0,00;1,28
2002.0;1.0;2002-01-01;BRASPINE;SAO RAFAEL - PB;;;;;228,67;20,88;87,18;13,30;42,31;28,86;100,00;41,52;0,00;12,28
2002.0;1.0;2002-01-01;BRASPINE;SERRARIA;PR;DOUTOR ULYSSES;280,88;117,71;255,20;20,64;86,33;12,90;40,01;28,98;100,00;54,85;0,00;2,21
2002.0;1.0;2002-01-01;BRASPINE;SERRO VERDE;;;;;342,18;20,14;83,27;12,57;39,52;27,85;99,92;81,29;0,00;11,61
2002.0;1.0;2002-01-01;BRASPINE;SERTAOZINHO;PR;DOUTOR ULYSSES;16,25;16,25;243,07;20,70;86,55;13,11;40,46;28,66;100,00;55,29;0,00;0,98
2002.0;1.0;2002-01-01;BRASPINE;SITIO BASILIO;PR;JAGUARIAIVA;8,08;8,08;235,49;20,30;85,34;12,35;45,55;27,08;99,73;52,57;0,00;3,51
2002.0;1.0;2002-01-01;BRASPINE;SITIO DAS MARRECAS;PR;DOUTOR ULYSSES;77,49;35,17;268,97;21,46;86,10;13,85;39,23;29,99;100,00;27,83;0,00;2,74
2002.0;1.0;2002-01-01;BRASPINE;SOBRADINHO;SP;BOM SUCESSO DE ITARARE;285,80;123,10;225,56;20,36;86,62;12,69;43,00;27,69;100,00;54,42;0,00;12,76
2002.0;1.0;2002-01-01;BRASPINE;TAQUARAL;PR;JAGUARIAIVA;519,13;31,07;228,75;20,53;85,88;12,63;43,39;27,66;100,00;53,64;0,00;0,35
2002.0;1.0;2002-01-01;BRASPINE;TUCUNDUVA;PR;SENGES;82,21;60,89;226,37;21,01;83,19;13,26;42,54;27,84;99,77;41,30;0,00;2,67
2002.0;1.0;2002-01-01;BRASPINE;TUCUNDUVA - CHAMMA;;;;;243,30;21,02;83,43;13,38;41,79;27,91;99,74;41,50;0,00;3,38
2002.0;1.0;2002-01-01;BRASPINE;VIENA 1;PR;DOUTOR ULYSSES;263,98;178,34;248,33;20,27;86,39;12,36;42,26;28,12;100,00;52,60;0,00;4,72
2002.0;1.0;2002-01-01;BRASPINE;VIENA 2;PR;CERRO AZUL;140,23;96,54;248,19;21,80;84,17;13,70;39,21;30,40;99,97;27,48;0,00;1,87
2002.0;1.0;2002-01-01;BRASPINE;VITORIA;PR;SENGES;50,54;35,69;218,42;20,31;85,80;12,71;41,89;27,41;99,94;53,87;0,00;3,16
2002.0;1.0;2002-01-01;BRASPINE;VIVEIRO;PR;DOUTOR ULYSSES;405,39;261,22;245,08;20,70;86,55;13,11;40,46;28,66;100,00;55,29;0,00;0,98
2002.0;1.0;2002-01-01;BRASPINE;VO LINO;PR;DOUTOR ULYSSES;164,50;97,89;264,72;20,91;86,32;13,28;39,64;29,34;100,00;41,13;0,00;1,17
2002.0;1.0;2002-01-01;BRASPINE;XAXIM VELHO;;;;;268,84;19,53;84,62;12,47;42,72;26,89;100,00;94,70;0,00;0,71
2002.0;2.0;2002-02-01;BRASPINE;AGUA DOCE;PR;JAGUARIAIVA;238,97;121,99;86,62;19,68;84,77;13,45;43,27;27,52;99,85;41,94;0,00;0,69
2002.0;2.0;2002-02-01;BRASPINE;AMATA;;;;;134,15;21,35;83,48;15,11;40,34;29,63;100,00;0,00;0,00;2,39
2002.0;2.0;2002-02-01;BRASPINE;ANTA BRAVA;;;;;94,85;22,24;82,37;15,76;43,01;29,40;99,58;0,00;0,00;10,41
2002.0;2.0;2002-02-01;BRASPINE;ARAPONGAS;PR;SENGES;423,34;263,70;94,38;19,78;86,22;13,93;40,78;27,59;100,00;42,97;0,00;18,06
2002.0;2.0;2002-02-01;BRASPINE;ARROIO CLARO;PR;DOUTOR ULYSSES;275,14;92,00;125,05;19,98;85,86;14,16;40,33;30,70;100,00;28,58;0,00;0,47
2002.0;2.0;2002-02-01;BRASPINE;BARRA GRANDE;PR;DOUTOR ULYSSES;493,79;139,68;112,25;20,30;86,42;14,47;40,72;28,30;100,00;29,31;0,00;14,64
2002.0;2.0;2002-02-01;BRASPINE;BARRA GRANDE - BEMAIS;PR;GUARAPUAVA;299,16;108,61;115,06;19,18;82,75;12,65;35,71;26,90;100,00;124,24;0,00;5,52
2002.0;2.0;2002-02-01;BRASPINE;BARRETOS;PR;JAGUARIAIVA;43,35;32,98;82,67;19,75;85,80;13,97;41,78;27,70;99,98;42,76;0,00;0,09
2002.0;2.0;2002-02-01;BRASPINE;BAU;;;;;99,01;19,16;82,89;12,73;42,40;25,35;99,84;126,08;0,00;0,45
2002.0;2.0;2002-02-01;BRASPINE;BOA VISTA II;PR;PIRAI DO SUL;944,00;535,05;83,90;19,77;85,13;13,83;42,63;27,50;99,96;42,32;0,00;3,09
2002.0;2.0;2002-02-01;BRASPINE;BRASILEIRA;;;;;129,38;19,78;86,22;13,93;40,78;27,59;100,00;42,97;0,00;18,06
2002.0;2.0;2002-02-01;BRASPINE;BURACAO;;;;;105,48;19,79;83,92;13,74;43,91;27,47;99,85;42,45;0,00;0,58
2002.0;2.0;2002-02-01;BRASPINE;BURRINHO;PR;DOUTOR ULYSSES;211,01;100,37;125,69;19,98;85,86;14,16;40,33;30,70;100,00;28,58;0,00;0,47
2002.0;2.0;2002-02-01;BRASPINE;CADEADO I;PR;JAGUARIAIVA;21,07;12,29;85,63;19,58;85,94;13,80;40,95;27,58;100,00;42,30;0,00;20,78
2002.0;2.0;2002-02-01;BRASPINE;CADEADO II;PR;JAGUARIAIVA;21,88;16,79;85,63;19,58;85,94;13,80;40,95;27,58;100,00;42,30;0,00;20,78
2002.0;2.0;2002-02-01;BRASPINE;CAMPINA ALTA;PR;TIBAGI;29,77;18,24;81,33;20,67;83,30;13,74;44,70;27,62;99,88;42,89;0,00;4,77
2002.0;2.0;2002-02-01;BRASPINE;CAMPINA DO ELIAS;PR;JAGUARIAIVA;29,17;14,65;88,52;19,68;85,85;13,96;41,48;27,66;99,99;42,61;0,00;21,59
2002.0;2.0;2002-02-01;BRASPINE;CAMPO NOVO;PR;JAGUARIAIVA;295,98;156,36;86,28;19,58;85,94;13,80;40,95;27,58;100,00;42,30;0,00;20,78
2002.0;2.0;2002-02-01;BRASPINE;CONSULTORIA II A;PR;DOUTOR ULYSSES;89,62;60,79;123,29;19,78;86,22;13,93;40,78;27,59;100,00;42,97;0,00;18,06
2002.0;2.0;2002-02-01;BRASPINE;DINIZ;;;;;123,40;19,78;86,22;13,93;40,78;27,59;100,00;42,97;0,00;18,06
2002.0;2.0;2002-02-01;BRASPINE;ENES;PR;JAGUARIAIVA;5,93;5,69;85,05;19,58;85,94;13,80;40,95;27,58;100,00;42,30;0,00;20,78
2002.0;2.0;2002-02-01;BRASPINE;ENGENHARIA;;;;;123,40;19,78;86,22;13,93;40,78;27,59;100,00;42,97;0,00;18,06
2002.0;2.0;2002-02-01;BRASPINE;ESTACAO;PR;SENGES;4,76;4,14;94,42;19,58;85,94;13,80;40,95;27,58;100,00;42,30;0,00;20,78
2002.0;2.0;2002-02-01;BRASPINE;FAXINAL;PR;JAGUARIAIVA;20,65;20,65;85,05;19,58;85,94;13,80;40,95;27,58;100,00;42,30;0,00;20,78
2002.0;2.0;2002-02-01;BRASPINE;FEITAL;PR;DOUTOR ULYSSES;154,17;86,53;126,59;19,96;86,29;14,11;40,76;27,78;100,00;28,53;0,00;16,98
2002.0;2.0;2002-02-01;BRASPINE;FIGUEIRA;PR;DOUTOR ULYSSES;1053,81;315,71;122,13;19,98;85,86;14,16;40,33;30,70;100,00;28,58;0,00;0,47
2002.0;2.0;2002-02-01;BRASPINE;FIGUEIRINHA;PR;DOUTOR ULYSSES;94,37;56,74;132,34;19,98;85,86;14,16;40,33;30,70;100,00;28,58;0,00;0,47
2002.0;2.0;2002-02-01;BRASPINE;FLOEMA;PR;DOUTOR ULYSSES;2189,88;701,43;99,35;19,44;85,82;13,36;40,43;27,45;100,00;41,66;0,00;1,03
2002.0;2.0;2002-02-01;BRASPINE;FLOEMA I - SUDATI;;;;;95,88;19,78;86,22;13,93;40,78;27,59;100,00;42,97;0,00;18,06
2002.0;2.0;2002-02-01;BRASPINE;FLOEMA II - SUDATI;PR;DOUTOR ULYSSES;453,83;211,13;116,16;19,78;86,22;13,93;40,78;27,59;100,00;42,97;0,00;18,06
2002.0;2.0;2002-02-01;BRASPINE;FLOR DA SERRA;PR;SAO JOSE DA BOA VISTA;209,10;128,72;83,52;21,48;81,08;15,40;43,01;30,07;99,73;0,00;0,00;8,81
2002.0;2.0;2002-02-01;BRASPINE;GENTIL;PR;JAGUARIAIVA;126,77;53,33;82,71;19,42;84,60;13,13;44,12;27,15;99,67;55,66;0,00;0,53
2002.0;2.0;2002-02-01;BRASPINE;GUAIRACA;PR;GUARAPUAVA;623,62;169,31;105,31;19,37;82,46;12,28;37,16;26,77;100,00;94,72;0,00;1,09
2002.0;2.0;2002-02-01;BRASPINE;HERVAL 2 - MADALOSSO;;;;;99,53;19,79;83,92;13,74;43,91;27,47;99,85;42,45;0,00;0,58
2002.0;2.0;2002-02-01;BRASPINE;HERVAL DE BAIXO;PR;RESERVA;827,29;475,92;82,17;20,63;83,56;13,55;45,25;27,60;99,88;42,35;0,00;3,53
2002.0;2.0;2002-02-01;BRASPINE;HORTO 01;PR;TURVO;19,12;19,12;110,13;19,87;83,80;12,78;43,29;26,85;99,84;97,61;0,00;0,88
2002.0;2.0;2002-02-01;BRASPINE;HORTO 02;PR;TURVO;4,24;4,24;108,00;19,87;83,80;12,78;43,29;26,85;99,84;97,61;0,00;0,88
2002.0;2.0;2002-02-01;BRASPINE;HORTO 03;PR;PRUDENTOPOLIS;80,91;25,89;119,74;20,40;82,80;13,54;40,39;27,78;99,99;70,74;0,00;6,12
2002.0;2.0;2002-02-01;BRASPINE;HORTO 08;PR;TURVO;9,53;9,53;129,48;20,40;82,80;13,54;40,39;27,78;99,99;70,74;0,00;6,12
2002.0;2.0;2002-02-01;BRASPINE;HORTO 12;PR;PRUDENTOPOLIS;12,20;12,20;124,79;20,40;82,80;13,54;40,39;27,78;99,99;70,74;0,00;6,12
2002.0;2.0;2002-02-01;BRASPINE;IZAU;PR;PIRAI DO SUL;19,37;11,60;82,50;19,46;84,92;13,39;43,64;27,11;99,60;55,80;0,00;5,39
2002.0;2.0;2002-02-01;BRASPINE;JOAO RICO;PR;JAGUARIAIVA;47,46;26,18;84,25;19,68;84,77;13,45;43,27;27,52;99,85;41,94;0,00;0,69
2002.0;2.0;2002-02-01;BRASPINE;LAGOA;PR;JAGUARIAIVA;24,10;10,78;90,15;19,58;85,94;13,80;40,95;27,58;100,00;42,30;0,00;20,78
2002.0;2.0;2002-02-01;BRASPINE;MARACANA;PR;JANDAIA DO SUL;11,45;11,45;107,44;22,10;82,53;16,07;44,10;28,75;100,00;0,00;0,00;0,56
2002.0;2.0;2002-02-01;BRASPINE;MARRECA;;;;;134,74;19,98;85,86;14,16;40,33;30,70;100,00;28,58;0,00;0,47
2002.0;2.0;2002-02-01;BRASPINE;MARRECA SP;SP;ITAPIRAPUA PAULISTA;675,30;236,19;116,60;20,73;85,81;14,38;40,64;30,22;100,00;29,34;0,00;1,88
2002.0;2.0;2002-02-01;BRASPINE;MARRECAS;;;;;97,56;18,64;83,01;11,66;34,79;26,23;100,00;177,82;0,00;0,22
2002.0;2.0;2002-02-01;BRASPINE;MERCADINHO;;;;;119,81;20,57;84,65;14,01;39,76;28,79;100,00;28,89;0,00;0,97
2002.0;2.0;2002-02-01;BRASPINE;MONTE ALEGRE;;;;;103,46;22,60;81,59;16,63;43,55;29,14;100,00;0,00;0,00;0,93
2002.0;2.0;2002-02-01;BRASPINE;MONTE TABOR II;;;;;151,32;19,98;87,59;13,95;43,78;27,85;100,00;28,74;0,00;3,42
2002.0;2.0;2002-02-01;BRASPINE;MOREIRA;PR;DOUTOR ULYSSES;230,52;68,68;116,16;19,78;86,22;13,93;40,78;27,59;100,00;42,97;0,00;18,06
2002.0;2.0;2002-02-01;BRASPINE;MOREIRAS II;PR;DOUTOR ULYSSES;66,76;28,75;124,33;19,78;86,22;13,93;40,78;27,59;100,00;42,97;0,00;18,06
2002.0;2.0;2002-02-01;BRASPINE;MORRETES;PR;ORTIGUEIRA;20,36;20,36;80,56;21,08;83,78;13,94;45,44;28,24;99,97;28,64;0,00;4,96
2002.0;2.0;2002-02-01;BRASPINE;MORRO AZUL;;;;;95,44;20,03;86,90;13,95;40,01;27,95;100,00;28,50;0,00;3,75
2002.0;2.0;2002-02-01;BRASPINE;OURO FINO;SP;APIAI;51,70;51,70;135,51;19,79;87,82;13,41;41,76;27,67;100,00;42,76;0,00;5,73
2002.0;2.0;2002-02-01;BRASPINE;PALMEIRINHA DE BAIXO - SOSSEGO;PR;SENGES;85,93;9,22;86,72;19,38;85,74;13,11;40,69;27,33;99,97;41,32;0,00;5,68
2002.0;2.0;2002-02-01;BRASPINE;PAZIN;PR;DOUTOR ULYSSES;41,20;23,90;129,62;19,98;85,86;14,16;40,33;30,70;100,00;28,58;0,00;0,47
2002.0;2.0;2002-02-01;BRASPINE;PEDRAS;PR;CASTRO;7,18;7,18;79,50;19,54;85,06;13,34;46,10;26,95;99,70;55,76;0,00;2,31
2002.0;2.0;2002-02-01;BRASPINE;PESCARIA;PR;SAO JOSE DA BOA VISTA;184,57;129,22;81,21;21,59;81,03;15,51;41,91;30,30;99,72;0,00;0,00;2,93
2002.0;2.0;2002-02-01;BRASPINE;PESSEGUEIRO;PR;DOUTOR ULYSSES;109,95;64,79;96,31;19,78;86,22;13,93;40,78;27,59;100,00;42,97;0,00;18,06
2002.0;2.0;2002-02-01;BRASPINE;PITANGA;;;;;116,56;19,83;83,14;13,37;43,35;26,38;99,88;100,19;0,00;2,35
2002.0;2.0;2002-02-01;BRASPINE;QUEIMADINHO ARROIO CLARO;PR;DOUTOR ULYSSES;48,13;19,09;129,38;19,78;86,22;13,93;40,78;27,59;100,00;42,97;0,00;18,06
2002.0;2.0;2002-02-01;BRASPINE;QUEIMADINHO M6042;PR;DOUTOR ULYSSES;48,38;18,50;129,38;19,78;86,22;13,93;40,78;27,59;100,00;42,97;0,00;18,06
2002.0;2.0;2002-02-01;BRASPINE;QUEIMADINHO USUCAPIAO;PR;DOUTOR ULYSSES;200,27;92,43;129,38;19,78;86,22;13,93;40,78;27,59;100,00;42,97;0,00;18,06
2002.0;2.0;2002-02-01;BRASPINE;RAMOS;PR;SENGES;69,83;38,15;95,88;19,58;85,94;13,80;40,95;27,58;100,00;42,30;0,00;20,78
2002.0;2.0;2002-02-01;BRASPINE;RIBEIRAO GRANDE;PR;JAGUARIAIVA;20,77;20,77;83,04;19,46;84,92;13,39;43,64;27,11;99,60;55,80;0,00;5,39
2002.0;2.0;2002-02-01;BRASPINE;RINCAO DE BAIXO;;;;;83,88;20,08;81,84;13,60;42,98;26,90;99,84;56,91;0,00;1,11
2002.0;2.0;2002-02-01;BRASPINE;RIO BOMBA;PR;CERRO AZUL;65,03;37,72;115,02;20,89;83,69;15,07;40,44;29,17;100,00;0,00;0,00;2,60
2002.0;2.0;2002-02-01;BRASPINE;RIO DO MEIO;PR;DOUTOR ULYSSES;712,33;389,13;125,69;19,78;86,22;13,93;40,78;27,59;100,00;42,97;0,00;18,06
2002.0;2.0;2002-02-01;BRASPINE;RONDON;PR;JAGUARIAIVA;2899,24;1475,88;84,67;19,44;85,67;13,26;41,61;27,60;99,89;56,12;0,00;342,49
2002.0;2.0;2002-02-01;BRASPINE;SANTA FELICIDADE;;;;;126,65;21,18;85,70;15,35;40,92;29,86;100,00;0,00;0,00;22,74
2002.0;2.0;2002-02-01;BRASPINE;SANTA LIDIA DO CERCADINHO;;;;;80,47;19,72;82,04;13,33;43,12;26,40;99,80;55,80;0,00;0,48
2002.0;2.0;2002-02-01;BRASPINE;SANTO ANTONIO;;;;;91,25;19,45;85,98;13,08;39,96;27,20;100,00;41,38;0,00;9,73
2002.0;2.0;2002-02-01;BRASPINE;SAO JOSE;PR;JANDAIA DO SUL;37,56;37,56;103,96;22,44;81,77;16,46;43,73;29,02;100,00;0,00;0,00;0,76
2002.0;2.0;2002-02-01;BRASPINE;SAO MATHEUS;;;;;109,95;23,67;80,91;17,58;43,44;30,77;100,00;0,00;0,00;0,99
2002.0;2.0;2002-02-01;BRASPINE;SAO PEDRO E SAO PAULO;PR;SAPOPEMA;709,13;323,93;78,96;20,82;82,25;14,37;43,52;28,38;99,69;28,94;0,00;357,92
2002.0;2.0;2002-02-01;BRASPINE;SAO RAFAEL;;;;;81,43;19,73;82,32;14,01;41,18;27,44;99,75;57,71;0,00;4,77
2002.0;2.0;2002-02-01;BRASPINE;SAO RAFAEL - PB;;;;;102,22;19,91;87,57;13,66;41,11;27,85;100,00;28,15;0,00;8,38
2002.0;2.0;2002-02-01;BRASPINE;SERRARIA;PR;DOUTOR ULYSSES;280,88;117,71;103,81;19,71;85,84;13,76;40,38;28,33;100,00;42,68;0,00;0,82
2002.0;2.0;2002-02-01;BRASPINE;SERRO VERDE;;;;;94,55;19,42;82,05;12,85;41,99;25,73;99,81;110,43;0,00;5,26
2002.0;2.0;2002-02-01;BRASPINE;SERTAOZINHO;PR;DOUTOR ULYSSES;16,25;16,25;121,03;19,78;86,22;13,93;40,78;27,59;100,00;42,97;0,00;18,06
2002.0;2.0;2002-02-01;BRASPINE;SITIO BASILIO;PR;JAGUARIAIVA;8,08;8,08;86,36;19,48;84,55;13,10;44,04;27,26;99,72;55,97;0,00;2,96
2002.0;2.0;2002-02-01;BRASPINE;SITIO DAS MARRECAS;PR;DOUTOR ULYSSES;77,49;35,17;134,23;20,51;85,83;14,61;40,55;28,65;100,00;29,34;0,00;2,76
2002.0;2.0;2002-02-01;BRASPINE;SOBRADINHO;SP;BOM SUCESSO DE ITARARE;285,80;123,10;85,32;19,40;86,84;12,94;40,34;26,87;100,00;41,19;0,00;4,74
2002.0;2.0;2002-02-01;BRASPINE;TAQUARAL;PR;JAGUARIAIVA;519,13;31,07;86,13;19,66;85,37;13,61;42,72;27,67;99,99;57,21;0,00;11,80
2002.0;2.0;2002-02-01;BRASPINE;TUCUNDUVA;PR;SENGES;82,21;60,89;94,46;20,11;83,06;13,49;42,16;28,42;99,73;28,06;0,00;13,12
2002.0;2.0;2002-02-01;BRASPINE;TUCUNDUVA - CHAMMA;;;;;90,95;20,10;83,45;13,81;41,56;28,55;99,77;28,42;0,00;9,34
2002.0;2.0;2002-02-01;BRASPINE;VIENA 1;PR;DOUTOR ULYSSES;263,98;178,34;89,96;19,37;85,68;13,34;42,27;27,05;100,00;56,10;0,00;0,74
2002.0;2.0;2002-02-01;BRASPINE;VIENA 2;PR;CERRO AZUL;140,23;96,54;114,53;20,89;83,69;15,07;40,44;29,17;100,00;0,00;0,00;2,60
2002.0;2.0;2002-02-01;BRASPINE;VITORIA;PR;SENGES;50,54;35,69;86,72;19,38;85,74;13,11;40,69;27,33;99,97;41,32;0,00;5,68
2002.0;2.0;2002-02-01;BRASPINE;VIVEIRO;PR;DOUTOR ULYSSES;405,39;261,22;124,33;19,78;86,22;13,93;40,78;27,59;100,00;42,97;0,00;18,06
2002.0;2.0;2002-02-01;BRASPINE;VO LINO;PR;DOUTOR ULYSSES;164,50;97,89;131,16;19,98;85,86;14,16;40,33;30,70;100,00;28,58;0,00;0,47
2002.0;2.0;2002-02-01;BRASPINE;XAXIM VELHO;;;;;106,60;18,86;82,74;12,42;38,19;25,78;100,00;136,35;0,00;2,94
2002.0;3.0;2002-03-01;BRASPINE;AGUA DOCE;PR;JAGUARIAIVA;238,97;121,99;121,14;21,60;82,95;15,63;46,04;28,49;99,85;0,00;0,00;3,64
2002.0;3.0;2002-03-01;BRASPINE;AMATA;;;;;117,05;23,48;82,23;16,64;39,40;31,71;100,00;0,00;0,00;0,31
2002.0;3.0;2002-03-01;BRASPINE;ANTA BRAVA;;;;;84,97;24,34;78,38;18,30;44,13;31,07;98,12;0,00;0,00;9,70
2002.0;3.0;2002-03-01;BRASPINE;ARAPONGAS;PR;SENGES;423,34;263,70;116,30;21,77;84,52;15,82;42,85;29,42;100,00;0,00;0,00;2,61
2002.0;3.0;2002-03-01;BRASPINE;ARROIO CLARO;PR;DOUTOR ULYSSES;275,14;92,00;100,33;22,00;84,49;15,89;41,20;29,88;100,00;0,00;0,00;3,72
2002.0;3.0;2002-03-01;BRASPINE;BARRA GRANDE;PR;DOUTOR ULYSSES;493,79;139,68;134,97;22,33;84,76;16,16;41,46;30,19;100,00;0,00;0,00;0,33
2002.0;3.0;2002-03-01;BRASPINE;BARRA GRANDE - BEMAIS;PR;GUARAPUAVA;299,16;108,61;80,47;21,05;84,71;14,86;48,28;28,43;99,99;14,86;0,00;4,56
2002.0;3.0;2002-03-01;BRASPINE;BARRETOS;PR;JAGUARIAIVA;43,35;32,98;133,53;21,76;83,87;15,51;44,78;29,17;100,00;0,00;0,00;1,17
2002.0;3.0;2002-03-01;BRASPINE;BAU;;;;;63,50;21,04;85,37;15,06;53,70;28,03;99,85;0,00;0,00;4,22
2002.0;3.0;2002-03-01;BRASPINE;BOA VISTA II;PR;PIRAI DO SUL;944,00;535,05;139,02;21,75;83,30;15,63;45,84;28,94;100,00;0,00;0,00;1,94
2002.0;3.0;2002-03-01;BRASPINE;BRASILEIRA;;;;;94,00;21,77;84,52;15,82;42,85;29,42;100,00;0,00;0,00;2,61
2002.0;3.0;2002-03-01;BRASPINE;BURACAO;;;;;130,06;21,78;82,67;15,59;45,55;28,78;99,89;0,00;0,00;3,96
2002.0;3.0;2002-03-01;BRASPINE;BURRINHO;PR;DOUTOR ULYSSES;211,01;100,37;100,19;22,00;84,49;15,89;41,20;29,88;100,00;0,00;0,00;3,72
2002.0;3.0;2002-03-01;BRASPINE;CADEADO I;PR;JAGUARIAIVA;21,07;12,29;111,38;21,55;84,21;15,40;44,25;29,04;100,00;0,00;0,00;0,13
2002.0;3.0;2002-03-01;BRASPINE;CADEADO II;PR;JAGUARIAIVA;21,88;16,79;111,38;21,55;84,21;15,40;44,25;29,04;100,00;0,00;0,00;0,13
2002.0;3.0;2002-03-01;BRASPINE;CAMPINA ALTA;PR;TIBAGI;29,77;18,24;84,44;22,17;84,37;16,20;48,06;29,61;99,87;0,00;0,00;3,07
2002.0;3.0;2002-03-01;BRASPINE;CAMPINA DO ELIAS;PR;JAGUARIAIVA;29,17;14,65;134,44;21,68;83,99;15,47;44,62;29,12;100,00;0,00;0,00;0,81
2002.0;3.0;2002-03-01;BRASPINE;CAMPO NOVO;PR;JAGUARIAIVA;295,98;156,36;129,04;21,55;84,21;15,40;44,25;29,04;100,00;0,00;0,00;0,13
2002.0;3.0;2002-03-01;BRASPINE;CONSULTORIA II A;PR;DOUTOR ULYSSES;89,62;60,79;100,84;21,77;84,52;15,82;42,85;29,42;100,00;0,00;0,00;2,61
2002.0;3.0;2002-03-01;BRASPINE;DINIZ;;;;;107,98;21,77;84,52;15,82;42,85;29,42;100,00;0,00;0,00;2,61
2002.0;3.0;2002-03-01;BRASPINE;ENES;PR;JAGUARIAIVA;5,93;5,69;130,93;21,55;84,21;15,40;44,25;29,04;100,00;0,00;0,00;0,13
2002.0;3.0;2002-03-01;BRASPINE;ENGENHARIA;;;;;107,98;21,77;84,52;15,82;42,85;29,42;100,00;0,00;0,00;2,61
2002.0;3.0;2002-03-01;BRASPINE;ESTACAO;PR;SENGES;4,76;4,14;112,07;21,55;84,21;15,40;44,25;29,04;100,00;0,00;0,00;0,13
2002.0;3.0;2002-03-01;BRASPINE;FAXINAL;PR;JAGUARIAIVA;20,65;20,65;130,93;21,55;84,21;15,40;44,25;29,04;100,00;0,00;0,00;0,13
2002.0;3.0;2002-03-01;BRASPINE;FEITAL;PR;DOUTOR ULYSSES;154,17;86,53;92,44;21,96;84,60;15,93;42,38;29,67;100,00;0,00;0,00;1,84
2002.0;3.0;2002-03-01;BRASPINE;FIGUEIRA;PR;DOUTOR ULYSSES;1053,81;315,71;92,61;22,00;84,49;15,89;41,20;29,88;100,00;0,00;0,00;3,72
2002.0;3.0;2002-03-01;BRASPINE;FIGUEIRINHA;PR;DOUTOR ULYSSES;94,37;56,74;99,94;22,00;84,49;15,89;41,20;29,88;100,00;0,00;0,00;3,72
2002.0;3.0;2002-03-01;BRASPINE;FLOEMA;PR;DOUTOR ULYSSES;2189,88;701,43;136,80;21,45;84,27;15,38;43,08;29,09;100,00;0,00;0,00;4,71
2002.0;3.0;2002-03-01;BRASPINE;FLOEMA I - SUDATI;;;;;109,25;21,77;84,52;15,82;42,85;29,42;100,00;0,00;0,00;2,61
2002.0;3.0;2002-03-01;BRASPINE;FLOEMA II - SUDATI;PR;DOUTOR ULYSSES;453,83;211,13;102,52;21,77;84,52;15,82;42,85;29,42;100,00;0,00;0,00;2,61
2002.0;3.0;2002-03-01;BRASPINE;FLOR DA SERRA;PR;SAO JOSE DA BOA VISTA;209,10;128,72;121,46;23,41;78,15;16,48;43,01;30,48;99,41;0,00;0,00;3,93
2002.0;3.0;2002-03-01;BRASPINE;GENTIL;PR;JAGUARIAIVA;126,77;53,33;119,09;21,30;82,87;15,49;46,18;28,07;99,52;0,00;0,00;0,65
2002.0;3.0;2002-03-01;BRASPINE;GUAIRACA;PR;GUARAPUAVA;623,62;169,31;75,03;21,31;84,03;15,28;48,33;28,71;99,99;0,00;0,00;10,98
2002.0;3.0;2002-03-01;BRASPINE;HERVAL 2 - MADALOSSO;;;;;118,25;21,78;82,67;15,59;45,55;28,78;99,89;0,00;0,00;3,96
2002.0;3.0;2002-03-01;BRASPINE;HERVAL DE BAIXO;PR;RESERVA;827,29;475,92;87,55;22,12;84,87;16,03;48,20;29,60;99,77;0,00;0,00;0,53
2002.0;3.0;2002-03-01;BRASPINE;HORTO 01;PR;TURVO;19,12;19,12;69,45;21,73;84,95;15,41;51,06;29,12;99,74;0,00;0,00;1,98
2002.0;3.0;2002-03-01;BRASPINE;HORTO 02;PR;TURVO;4,24;4,24;71,95;21,73;84,95;15,41;51,06;29,12;99,74;0,00;0,00;1,98
2002.0;3.0;2002-03-01;BRASPINE;HORTO 03;PR;PRUDENTOPOLIS;80,91;25,89;62,10;22,32;83,53;15,83;47,10;29,89;99,84;0,00;0,00;4,55
2002.0;3.0;2002-03-01;BRASPINE;HORTO 08;PR;TURVO;9,53;9,53;63,93;22,32;83,53;15,83;47,10;29,89;99,84;0,00;0,00;4,55
2002.0;3.0;2002-03-01;BRASPINE;HORTO 12;PR;PRUDENTOPOLIS;12,20;12,20;61,08;22,32;83,53;15,83;47,10;29,89;99,84;0,00;0,00;4,55
2002.0;3.0;2002-03-01;BRASPINE;IZAU;PR;PIRAI DO SUL;19,37;11,60;118,27;21,40;83,05;15,30;45,54;28,32;99,71;0,00;0,00;1,61
2002.0;3.0;2002-03-01;BRASPINE;JOAO RICO;PR;JAGUARIAIVA;47,46;26,18;121,62;21,60;82,95;15,63;46,04;28,49;99,85;0,00;0,00;3,64
2002.0;3.0;2002-03-01;BRASPINE;LAGOA;PR;JAGUARIAIVA;24,10;10,78;113,14;21,55;84,21;15,40;44,25;29,04;100,00;0,00;0,00;0,13
2002.0;3.0;2002-03-01;BRASPINE;MARACANA;PR;JANDAIA DO SUL;11,45;11,45;97,25;23,83;81,53;18,02;49,85;30,60;99,93;0,00;0,00;0,67
2002.0;3.0;2002-03-01;BRASPINE;MARRECA;;;;;98,04;22,00;84,49;15,89;41,20;29,88;100,00;0,00;0,00;3,72
2002.0;3.0;2002-03-01;BRASPINE;MARRECA SP;SP;ITAPIRAPUA PAULISTA;675,30;236,19;131,00;22,77;84,53;16,27;39,55;30,90;100,00;0,00;0,00;0,99
2002.0;3.0;2002-03-01;BRASPINE;MARRECAS;;;;;75,76;20,50;85,54;14,51;50,22;27,73;100,00;14,51;0,00;13,41
2002.0;3.0;2002-03-01;BRASPINE;MERCADINHO;;;;;105,63;22,62;83,41;15,70;39,82;30,78;100,00;0,00;0,00;11,25
2002.0;3.0;2002-03-01;BRASPINE;MONTE ALEGRE;;;;;90,50;24,41;80,18;18,51;47,82;31,19;99,68;0,00;0,00;0,78
2002.0;3.0;2002-03-01;BRASPINE;MONTE TABOR II;;;;;133,77;21,90;86,07;15,70;42,51;29,47;99,99;0,00;0,00;4,27
2002.0;3.0;2002-03-01;BRASPINE;MOREIRA;PR;DOUTOR ULYSSES;230,52;68,68;102,52;21,77;84,52;15,82;42,85;29,42;100,00;0,00;0,00;2,61
2002.0;3.0;2002-03-01;BRASPINE;MOREIRAS II;PR;DOUTOR ULYSSES;66,76;28,75;100,57;21,77;84,52;15,82;42,85;29,42;100,00;0,00;0,00;2,61
2002.0;3.0;2002-03-01;BRASPINE;MORRETES;PR;ORTIGUEIRA;20,36;20,36;84,81;22,55;84,89;16,47;48,08;30,03;99,83;0,00;0,00;10,58
2002.0;3.0;2002-03-01;BRASPINE;MORRO AZUL;;;;;155,68;22,03;84,88;16,17;42,27;29,81;100,00;0,00;0,00;4,30
2002.0;3.0;2002-03-01;BRASPINE;OURO FINO;SP;APIAI;51,70;51,70;158,34;21,76;85,67;15,96;43,06;29,52;100,00;0,00;0,00;2,01
2002.0;3.0;2002-03-01;BRASPINE;PALMEIRINHA DE BAIXO - SOSSEGO;PR;SENGES;85,93;9,22;149,03;21,29;83,53;15,34;44,63;28,66;99,85;0,00;0,00;3,23
2002.0;3.0;2002-03-01;BRASPINE;PAZIN;PR;DOUTOR ULYSSES;41,20;23,90;93,53;22,00;84,49;15,89;41,20;29,88;100,00;0,00;0,00;3,72
2002.0;3.0;2002-03-01;BRASPINE;PEDRAS;PR;CASTRO;7,18;7,18;116,07;21,47;83,53;15,31;48,31;28,40;99,69;0,00;0,00;1,79
2002.0;3.0;2002-03-01;BRASPINE;PESCARIA;PR;SAO JOSE DA BOA VISTA;184,57;129,22;128,96;23,59;77,74;16,61;40,27;30,88;99,56;0,00;0,00;0,29
2002.0;3.0;2002-03-01;BRASPINE;PESSEGUEIRO;PR;DOUTOR ULYSSES;109,95;64,79;116,20;21,77;84,52;15,82;42,85;29,42;100,00;0,00;0,00;2,61
2002.0;3.0;2002-03-01;BRASPINE;PITANGA;;;;;82,50;21,75;84,64;15,70;54,32;28,55;99,68;0,00;0,00;3,17
2002.0;3.0;2002-03-01;BRASPINE;QUEIMADINHO ARROIO CLARO;PR;DOUTOR ULYSSES;48,13;19,09;94,00;21,77;84,52;15,82;42,85;29,42;100,00;0,00;0,00;2,61
2002.0;3.0;2002-03-01;BRASPINE;QUEIMADINHO M6042;PR;DOUTOR ULYSSES;48,38;18,50;94,00;21,77;84,52;15,82;42,85;29,42;100,00;0,00;0,00;2,61
2002.0;3.0;2002-03-01;BRASPINE;QUEIMADINHO USUCAPIAO;PR;DOUTOR ULYSSES;200,27;92,43;94,00;21,77;84,52;15,82;42,85;29,42;100,00;0,00;0,00;2,61
2002.0;3.0;2002-03-01;BRASPINE;RAMOS;PR;SENGES;69,83;38,15;109,25;21,55;84,21;15,40;44,25;29,04;100,00;0,00;0,00;0,13
2002.0;3.0;2002-03-01;BRASPINE;RIBEIRAO GRANDE;PR;JAGUARIAIVA;20,77;20,77;114,22;21,40;83,05;15,30;45,54;28,32;99,71;0,00;0,00;1,61
2002.0;3.0;2002-03-01;BRASPINE;RINCAO DE BAIXO;;;;;107,45;21,79;81,04;15,30;46,71;28,78;99,72;0,00;0,00;3,30
2002.0;3.0;2002-03-01;BRASPINE;RIO BOMBA;PR;CERRO AZUL;65,03;37,72;126,79;22,96;82,59;16,23;41,39;30,97;100,00;0,00;0,00;4,51
2002.0;3.0;2002-03-01;BRASPINE;RIO DO MEIO;PR;DOUTOR ULYSSES;712,33;389,13;98,83;21,77;84,52;15,82;42,85;29,42;100,00;0,00;0,00;2,61
2002.0;3.0;2002-03-01;BRASPINE;RONDON;PR;JAGUARIAIVA;2899,24;1475,88;131,91;21,37;83,69;15,38;44,95;28,50;99,86;0,00;0,00;0,24
2002.0;3.0;2002-03-01;BRASPINE;SANTA FELICIDADE;;;;;147,87;23,19;84,59;16,26;38,18;31,46;99,99;0,00;0,00;2,51
2002.0;3.0;2002-03-01;BRASPINE;SANTA LIDIA DO CERCADINHO;;;;;109,76;21,44;81,13;14,85;47,07;28,29;99,64;14,85;0,00;0,48
2002.0;3.0;2002-03-01;BRASPINE;SANTO ANTONIO;;;;;154,69;21,36;83,72;15,05;44,82;28,95;100,00;0,00;0,00;29,18
2002.0;3.0;2002-03-01;BRASPINE;SAO JOSE;PR;JANDAIA DO SUL;37,56;37,56;91,14;24,22;80,49;18,37;48,31;30,97;99,65;0,00;0,00;1,23
2002.0;3.0;2002-03-01;BRASPINE;SAO MATHEUS;;;;;67,79;25,64;79,01;19,50;45,14;32,75;99,81;0,00;0,00;0,85
2002.0;3.0;2002-03-01;BRASPINE;SAO PEDRO E SAO PAULO;PR;SAPOPEMA;709,13;323,93;147,00;22,49;80,95;16,53;47,91;29,26;99,66;0,00;0,00;1,01
2002.0;3.0;2002-03-01;BRASPINE;SAO RAFAEL;;;;;88,53;21,89;82,14;16,17;40,41;29,39;99,75;0,00;0,00;7,35
2002.0;3.0;2002-03-01;BRASPINE;SAO RAFAEL - PB;;;;;181,43;21,90;85,41;16,08;42,50;29,66;100,00;0,00;0,00;2,55
2002.0;3.0;2002-03-01;BRASPINE;SERRARIA;PR;DOUTOR ULYSSES;280,88;117,71;129,09;21,72;84,38;15,81;42,14;29,49;100,00;0,00;0,00;4,92
2002.0;3.0;2002-03-01;BRASPINE;SERRO VERDE;;;;;65,74;21,40;84,23;15,38;52,81;28,45;99,57;0,00;0,00;9,94
2002.0;3.0;2002-03-01;BRASPINE;SERTAOZINHO;PR;DOUTOR ULYSSES;16,25;16,25;108,40;21,77;84,52;15,82;42,85;29,42;100,00;0,00;0,00;2,61
2002.0;3.0;2002-03-01;BRASPINE;SITIO BASILIO;PR;JAGUARIAIVA;8,08;8,08;120,60;21,35;82,83;15,63;46,34;28,16;99,55;0,00;0,00;6,13
2002.0;3.0;2002-03-01;BRASPINE;SITIO DAS MARRECAS;PR;DOUTOR ULYSSES;77,49;35,17;104,06;22,54;84,52;16,16;40,02;30,61;100,00;0,00;0,00;1,79
2002.0;3.0;2002-03-01;BRASPINE;SOBRADINHO;SP;BOM SUCESSO DE ITARARE;285,80;123,10;168,44;21,32;84,44;15,07;44,46;28,95;100,00;0,00;0,00;25,07
2002.0;3.0;2002-03-01;BRASPINE;TAQUARAL;PR;JAGUARIAIVA;519,13;31,07;131,51;21,61;83,48;14,70;46,05;28,60;100,00;14,70;0,00;2,30
2002.0;3.0;2002-03-01;BRASPINE;TUCUNDUVA;PR;SENGES;82,21;60,89;155,63;22,00;80,57;15,83;44,22;29,03;99,71;0,00;0,00;3,47
2002.0;3.0;2002-03-01;BRASPINE;TUCUNDUVA - CHAMMA;;;;;156,37;22,02;80,80;15,85;44,13;29,11;99,70;0,00;0,00;0,52
2002.0;3.0;2002-03-01;BRASPINE;VIENA 1;PR;DOUTOR ULYSSES;263,98;178,34;134,23;21,36;84,09;15,41;45,14;28,71;100,00;0,00;0,00;3,13
2002.0;3.0;2002-03-01;BRASPINE;VIENA 2;PR;CERRO AZUL;140,23;96,54;126,93;22,96;82,59;16,23;41,39;30,97;100,00;0,00;0,00;4,51
2002.0;3.0;2002-03-01;BRASPINE;VITORIA;PR;SENGES;50,54;35,69;149,03;21,29;83,53;15,34;44,63;28,66;99,85;0,00;0,00;3,23
2002.0;3.0;2002-03-01;BRASPINE;VIVEIRO;PR;DOUTOR ULYSSES;405,39;261,22;100,57;21,77;84,52;15,82;42,85;29,42;100,00;0,00;0,00;2,61
2002.0;3.0;2002-03-01;BRASPINE;VO LINO;PR;DOUTOR ULYSSES;164,50;97,89;98,88;22,00;84,49;15,89;41,20;29,88;100,00;0,00;0,00;3,72
2002.0;3.0;2002-03-01;BRASPINE;XAXIM VELHO;;;;;89,69;20,77;85,33;15,17;51,97;28,16;100,00;0,00;0,00;0,19
2002.0;4.0;2002-04-01;BRASPINE;AGUA DOCE;PR;JAGUARIAIVA;238,97;121,99;16,80;20,28;80,05;14,04;39,49;27,73;99,71;58,14;0,00;3,95
2002.0;4.0;2002-04-01;BRASPINE;AMATA;;;;;48,40;21,87;79,96;15,45;36,75;30,70;99,99;0,00;0,00;6,57
2002.0;4.0;2002-04-01;BRASPINE;ANTA BRAVA;;;;;19,33;23,48;72,68;17,38;27,54;30,83;98,02;0,00;0,00;4,66
2002.0;4.0;2002-04-01;BRASPINE;ARAPONGAS;PR;SENGES;423,34;263,70;16,49;20,17;83,28;14,13;38,49;28,22;100,00;43,58;0,00;1,20
2002.0;4.0;2002-04-01;BRASPINE;ARROIO CLARO;PR;DOUTOR ULYSSES;275,14;92,00;32,68;20,30;83,71;14,39;38,05;28,55;100,00;44,24;0,00;0,21
2002.0;4.0;2002-04-01;BRASPINE;BARRA GRANDE;PR;DOUTOR ULYSSES;493,79;139,68;25,82;20,66;83,91;14,48;38,31;29,09;100,00;14,48;0,00;0,35
2002.0;4.0;2002-04-01;BRASPINE;BARRA GRANDE - BEMAIS;PR;GUARAPUAVA;299,16;108,61;50,40;19,76;80,49;14,37;42,14;26,64;99,97;87,86;0,00;2,89
2002.0;4.0;2002-04-01;BRASPINE;BARRETOS;PR;JAGUARIAIVA;43,35;32,98;21,76;20,30;81,99;13,93;38,80;28,17;99,99;58,58;0,00;4,15
2002.0;4.0;2002-04-01;BRASPINE;BAU;;;;;49,14;19,78;80,31;14,57;41,35;25,88;99,61;44,29;0,00;6,39
2002.0;4.0;2002-04-01;BRASPINE;BOA VISTA II;PR;PIRAI DO SUL;944,00;535,05;26,27;20,33;81,09;13,95;39,10;28,05;99,96;58,15;0,00;3,94
2002.0;4.0;2002-04-01;BRASPINE;BRASILEIRA;;;;;21,42;20,17;83,28;14,13;38,49;28,22;100,00;43,58;0,00;1,20
2002.0;4.0;2002-04-01;BRASPINE;BURACAO;;;;;54,30;20,20;81,51;14,08;40,48;28,38;99,49;43,01;0,00;7,47
2002.0;4.0;2002-04-01;BRASPINE;BURRINHO;PR;DOUTOR ULYSSES;211,01;100,37;32,74;20,30;83,71;14,39;38,05;28,55;100,00;44,24;0,00;0,21
2002.0;4.0;2002-04-01;BRASPINE;CADEADO I;PR;JAGUARIAIVA;21,07;12,29;21,90;20,04;82,52;13,88;38,74;27,91;100,00;57,80;0,00;3,57
2002.0;4.0;2002-04-01;BRASPINE;CADEADO II;PR;JAGUARIAIVA;21,88;16,79;21,90;20,04;82,52;13,88;38,74;27,91;100,00;57,80;0,00;3,57
2002.0;4.0;2002-04-01;BRASPINE;CAMPINA ALTA;PR;TIBAGI;29,77;18,24;22,27;21,52;75,95;14,40;38,68;28,89;99,79;29,33;0,00;3,57
2002.0;4.0;2002-04-01;BRASPINE;CAMPINA DO ELIAS;PR;JAGUARIAIVA;29,17;14,65;27,38;20,20;82,18;13,91;38,78;28,08;100,00;58,29;0,00;4,05
2002.0;4.0;2002-04-01;BRASPINE;CAMPO NOVO;PR;JAGUARIAIVA;295,98;156,36;20,31;20,04;82,52;13,88;38,74;27,91;100,00;57,80;0,00;3,57
2002.0;4.0;2002-04-01;BRASPINE;CONSULTORIA II A;PR;DOUTOR ULYSSES;89,62;60,79;21,03;20,17;83,28;14,13;38,49;28,22;100,00;43,58;0,00;1,20
2002.0;4.0;2002-04-01;BRASPINE;DINIZ;;;;;18,70;20,17;83,28;14,13;38,49;28,22;100,00;43,58;0,00;1,20
2002.0;4.0;2002-04-01;BRASPINE;ENES;PR;JAGUARIAIVA;5,93;5,69;20,90;20,04;82,52;13,88;38,74;27,91;100,00;57,80;0,00;3,57
2002.0;4.0;2002-04-01;BRASPINE;ENGENHARIA;;;;;18,70;20,17;83,28;14,13;38,49;28,22;100,00;43,58;0,00;1,20
2002.0;4.0;2002-04-01;BRASPINE;ESTACAO;PR;SENGES;4,76;4,14;18,81;20,04;82,52;13,88;38,74;27,91;100,00;57,80;0,00;3,57
2002.0;4.0;2002-04-01;BRASPINE;FAXINAL;PR;JAGUARIAIVA;20,65;20,65;20,90;20,04;82,52;13,88;38,74;27,91;100,00;57,80;0,00;3,57
2002.0;4.0;2002-04-01;BRASPINE;FEITAL;PR;DOUTOR ULYSSES;154,17;86,53;27,24;20,34;83,49;14,25;38,43;28,50;100,00;43,98;0,00;0,25
2002.0;4.0;2002-04-01;BRASPINE;FIGUEIRA;PR;DOUTOR ULYSSES;1053,81;315,71;28,58;20,30;83,71;14,39;38,05;28,55;100,00;44,24;0,00;0,21
2002.0;4.0;2002-04-01;BRASPINE;FIGUEIRINHA;PR;DOUTOR ULYSSES;94,37;56,74;36,08;20,30;83,71;14,39;38,05;28,55;100,00;44,24;0,00;0,21
2002.0;4.0;2002-04-01;BRASPINE;FLOEMA;PR;DOUTOR ULYSSES;2189,88;701,43;34,17;19,82;82,98;13,96;38,41;27,78;100,00;42,63;0,00;2,80
2002.0;4.0;2002-04-01;BRASPINE;FLOEMA I - SUDATI;;;;;17,90;20,17;83,28;14,13;38,49;28,22;100,00;43,58;0,00;1,20
2002.0;4.0;2002-04-01;BRASPINE;FLOEMA II - SUDATI;PR;DOUTOR ULYSSES;453,83;211,13;17,81;20,17;83,28;14,13;38,49;28,22;100,00;43,58;0,00;1,20
2002.0;4.0;2002-04-01;BRASPINE;FLOR DA SERRA;PR;SAO JOSE DA BOA VISTA;209,10;128,72;12,59;22,53;72,00;15,56;31,93;30,48;96,12;0,00;0,00;5,64
2002.0;4.0;2002-04-01;BRASPINE;GENTIL;PR;JAGUARIAIVA;126,77;53,33;17,23;20,01;79,99;13,85;39,92;27,37;99,53;72,11;0,00;1,47
2002.0;4.0;2002-04-01;BRASPINE;GUAIRACA;PR;GUARAPUAVA;623,62;169,31;53,51;20,00;79,83;13,93;40,61;27,22;99,96;73,12;0,00;10,96
2002.0;4.0;2002-04-01;BRASPINE;HERVAL 2 - MADALOSSO;;;;;49,74;20,20;81,51;14,08;40,48;28,38;99,49;43,01;0,00;7,47
2002.0;4.0;2002-04-01;BRASPINE;HERVAL DE BAIXO;PR;RESERVA;827,29;475,92;26,39;21,40;76,72;14,32;38,16;28,78;99,76;43,21;0,00;1,90
2002.0;4.0;2002-04-01;BRASPINE;HORTO 01;PR;TURVO;19,12;19,12;39,61;20,67;78,74;14,18;39,96;27,36;99,63;43,59;0,00;5,22
2002.0;4.0;2002-04-01;BRASPINE;HORTO 02;PR;TURVO;4,24;4,24;39,80;20,67;78,74;14,18;39,96;27,36;99,63;43,59;0,00;5,22
2002.0;4.0;2002-04-01;BRASPINE;HORTO 03;PR;PRUDENTOPOLIS;80,91;25,89;40,52;21,26;77,20;14,95;38,39;28,19;99,93;29,91;0,00;5,52
2002.0;4.0;2002-04-01;BRASPINE;HORTO 08;PR;TURVO;9,53;9,53;45,00;21,26;77,20;14,95;38,39;28,19;99,93;29,91;0,00;5,52
2002.0;4.0;2002-04-01;BRASPINE;HORTO 12;PR;PRUDENTOPOLIS;12,20;12,20;42,22;21,26;77,20;14,95;38,39;28,19;99,93;29,91;0,00;5,52
2002.0;4.0;2002-04-01;BRASPINE;IZAU;PR;PIRAI DO SUL;19,37;11,60;27,50;20,05;80,76;13,78;39,59;27,59;99,54;42,89;0,00;3,95
2002.0;4.0;2002-04-01;BRASPINE;JOAO RICO;PR;JAGUARIAIVA;47,46;26,18;17,20;20,28;80,05;14,04;39,49;27,73;99,71;58,14;0,00;3,95
2002.0;4.0;2002-04-01;BRASPINE;LAGOA;PR;JAGUARIAIVA;24,10;10,78;24,07;20,04;82,52;13,88;38,74;27,91;100,00;57,80;0,00;3,57
2002.0;4.0;2002-04-01;BRASPINE;MARACANA;PR;JANDAIA DO SUL;11,45;11,45;23,26;23,62;68,79;18,04;27,21;30,78;98,82;0,00;0,00;1,86
2002.0;4.0;2002-04-01;BRASPINE;MARRECA;;;;;33,76;20,30;83,71;14,39;38,05;28,55;100,00;44,24;0,00;0,21
2002.0;4.0;2002-04-01;BRASPINE;MARRECA SP;SP;ITAPIRAPUA PAULISTA;675,30;236,19;38,20;21,01;84,14;14,78;37,75;29,83;100,00;14,78;0,00;7,17
2002.0;4.0;2002-04-01;BRASPINE;MARRECAS;;;;;61,67;19,10;82,16;13,39;43,37;25,99;100,00;143,92;0,00;14,11
2002.0;4.0;2002-04-01;BRASPINE;MERCADINHO;;;;;36,86;20,99;82,08;14,91;36,98;29,58;100,00;14,91;0,00;0,49
2002.0;4.0;2002-04-01;BRASPINE;MONTE ALEGRE;;;;;22,11;24,21;67,27;18,51;26,01;31,57;98,15;0,00;0,00;4,73
2002.0;4.0;2002-04-01;BRASPINE;MONTE TABOR II;;;;;35,80;20,08;86,49;14,50;43,85;27,99;100,00;29,32;0,00;1,81
2002.0;4.0;2002-04-01;BRASPINE;MOREIRA;PR;DOUTOR ULYSSES;230,52;68,68;17,81;20,17;83,28;14,13;38,49;28,22;100,00;43,58;0,00;1,20
2002.0;4.0;2002-04-01;BRASPINE;MOREIRAS II;PR;DOUTOR ULYSSES;66,76;28,75;21,50;20,17;83,28;14,13;38,49;28,22;100,00;43,58;0,00;1,20
2002.0;4.0;2002-04-01;BRASPINE;MORRETES;PR;ORTIGUEIRA;20,36;20,36;24,46;21,89;76,15;14,28;35,68;29,43;99,72;43,78;0,00;2,24
2002.0;4.0;2002-04-01;BRASPINE;MORRO AZUL;;;;;16,08;20,44;83,42;14,36;38,50;28,64;100,00;29,23;0,00;14,07
2002.0;4.0;2002-04-01;BRASPINE;OURO FINO;SP;APIAI;51,70;51,70;25,67;20,09;84,77;14,64;41,49;28,08;100,00;44,39;0,00;4,80
2002.0;4.0;2002-04-01;BRASPINE;PALMEIRINHA DE BAIXO - SOSSEGO;PR;SENGES;85,93;9,22;10,50;20,01;80,28;13,92;38,00;27,46;99,37;72,59;0,00;335,79
2002.0;4.0;2002-04-01;BRASPINE;PAZIN;PR;DOUTOR ULYSSES;41,20;23,90;32,04;20,30;83,71;14,39;38,05;28,55;100,00;44,24;0,00;0,21
2002.0;4.0;2002-04-01;BRASPINE;PEDRAS;PR;CASTRO;7,18;7,18;36,01;20,09;81,10;13,91;41,73;27,66;99,40;42,58;0,00;0,52
2002.0;4.0;2002-04-01;BRASPINE;PESCARIA;PR;SAO JOSE DA BOA VISTA;184,57;129,22;11,89;22,67;72,10;15,55;31,60;30,70;96,73;0,00;0,00;3,39
2002.0;4.0;2002-04-01;BRASPINE;PESSEGUEIRO;PR;DOUTOR ULYSSES;109,95;64,79;20,31;20,17;83,28;14,13;38,49;28,22;100,00;43,58;0,00;1,20
2002.0;4.0;2002-04-01;BRASPINE;PITANGA;;;;;43,58;20,73;77,43;15,55;37,14;27,03;99,35;0,00;0,00;4,27
2002.0;4.0;2002-04-01;BRASPINE;QUEIMADINHO ARROIO CLARO;PR;DOUTOR ULYSSES;48,13;19,09;21,42;20,17;83,28;14,13;38,49;28,22;100,00;43,58;0,00;1,20
2002.0;4.0;2002-04-01;BRASPINE;QUEIMADINHO M6042;PR;DOUTOR ULYSSES;48,38;18,50;21,42;20,17;83,28;14,13;38,49;28,22;100,00;43,58;0,00;1,20
2002.0;4.0;2002-04-01;BRASPINE;QUEIMADINHO USUCAPIAO;PR;DOUTOR ULYSSES;200,27;92,43;21,42;20,17;83,28;14,13;38,49;28,22;100,00;43,58;0,00;1,20
2002.0;4.0;2002-04-01;BRASPINE;RAMOS;PR;SENGES;69,83;38,15;17,90;20,04;82,52;13,88;38,74;27,91;100,00;57,80;0,00;3,57
2002.0;4.0;2002-04-01;BRASPINE;RIBEIRAO GRANDE;PR;JAGUARIAIVA;20,77;20,77;24,53;20,05;80,76;13,78;39,59;27,59;99,54;42,89;0,00;3,95
2002.0;4.0;2002-04-01;BRASPINE;RINCAO DE BAIXO;;;;;32,39;21,05;74,30;14,33;36,03;28,47;97,76;43,72;0,00;3,25
2002.0;4.0;2002-04-01;BRASPINE;RIO BOMBA;PR;CERRO AZUL;65,03;37,72;39,63;21,36;80,49;14,98;37,32;29,96;99,96;14,98;0,00;7,04
2002.0;4.0;2002-04-01;BRASPINE;RIO DO MEIO;PR;DOUTOR ULYSSES;712,33;389,13;21,48;20,17;83,28;14,13;38,49;28,22;100,00;43,58;0,00;1,20
2002.0;4.0;2002-04-01;BRASPINE;RONDON;PR;JAGUARIAIVA;2899,24;1475,88;14,90;20,02;80,94;13,81;39,36;27,52;99,67;72,65;0,00;31,88
2002.0;4.0;2002-04-01;BRASPINE;SANTA FELICIDADE;;;;;37,40;21,39;84,57;15,09;37,66;30,58;100,00;0,00;0,00;4,10
2002.0;4.0;2002-04-01;BRASPINE;SANTA LIDIA DO CERCADINHO;;;;;35,51;20,64;74,69;14,10;36,43;27,95;97,80;57,89;0,00;2,86
2002.0;4.0;2002-04-01;BRASPINE;SANTO ANTONIO;;;;;12,30;20,01;80,70;14,04;37,92;27,59;99,93;57,68;0,00;16,08
2002.0;4.0;2002-04-01;BRASPINE;SAO JOSE;PR;JANDAIA DO SUL;37,56;37,56;22,58;24,01;67,66;18,39;26,44;31,30;98,15;0,00;0,00;5,12
2002.0;4.0;2002-04-01;BRASPINE;SAO MATHEUS;;;;;19,68;25,41;66,41;19,33;26,77;33,08;99,23;0,00;0,00;4,31
2002.0;4.0;2002-04-01;BRASPINE;SAO PEDRO E SAO PAULO;PR;SAPOPEMA;709,13;323,93;13,51;22,01;71,05;15,24;32,52;29,26;99,06;0,00;0,00;1,02
2002.0;4.0;2002-04-01;BRASPINE;SAO RAFAEL;;;;;53,31;20,11;81,43;13,43;39,31;28,48;99,96;27,48;0,00;1,07
2002.0;4.0;2002-04-01;BRASPINE;SAO RAFAEL - PB;;;;;20,98;20,24;84,42;14,57;40,41;28,31;100,00;29,52;0,00;7,01
2002.0;4.0;2002-04-01;BRASPINE;SERRARIA;PR;DOUTOR ULYSSES;280,88;117,71;30,48;20,06;83,34;14,17;38,23;28,16;100,00;43,43;0,00;1,52
2002.0;4.0;2002-04-01;BRASPINE;SERRO VERDE;;;;;54,20;20,14;79,09;14,59;39,44;26,31;99,53;29,48;0,00;4,02
2002.0;4.0;2002-04-01;BRASPINE;SERTAOZINHO;PR;DOUTOR ULYSSES;16,25;16,25;16,87;20,17;83,28;14,13;38,49;28,22;100,00;43,58;0,00;1,20
2002.0;4.0;2002-04-01;BRASPINE;SITIO BASILIO;PR;JAGUARIAIVA;8,08;8,08;16,77;20,07;79,76;13,92;39,90;27,40;99,54;72,08;0,00;5,38
2002.0;4.0;2002-04-01;BRASPINE;SITIO DAS MARRECAS;PR;DOUTOR ULYSSES;77,49;35,17;36,04;20,81;84,02;14,67;37,83;29,46;100,00;14,67;0,00;0,55
2002.0;4.0;2002-04-01;BRASPINE;SOBRADINHO;SP;BOM SUCESSO DE ITARARE;285,80;123,10;13,98;19,87;81,99;14,14;39,05;27,52;99,60;87,27;0,00;8,67
2002.0;4.0;2002-04-01;BRASPINE;TAQUARAL;PR;JAGUARIAIVA;519,13;31,07;16,76;20,24;80,77;13,95;39,84;27,77;99,99;58,22;0,00;1,10
2002.0;4.0;2002-04-01;BRASPINE;TUCUNDUVA;PR;SENGES;82,21;60,89;17,00;20,88;76,10;14,23;36,42;28,21;98,35;43,93;0,00;20,63
2002.0;4.0;2002-04-01;BRASPINE;TUCUNDUVA - CHAMMA;;;;;17,08;20,92;76,41;14,37;36,23;28,23;98,16;29,23;0,00;20,57
2002.0;4.0;2002-04-01;BRASPINE;VIENA 1;PR;DOUTOR ULYSSES;263,98;178,34;33,30;19,80;82,45;13,71;39,65;27,57;100,00;57,10;0,00;0,86
2002.0;4.0;2002-04-01;BRASPINE;VIENA 2;PR;CERRO AZUL;140,23;96,54;38,98;21,36;80,49;14,98;37,32;29,96;99,96;14,98;0,00;7,04
2002.0;4.0;2002-04-01;BRASPINE;VITORIA;PR;SENGES;50,54;35,69;10,50;20,01;80,28;13,92;38,00;27,46;99,37;72,59;0,00;335,79
2002.0;4.0;2002-04-01;BRASPINE;VIVEIRO;PR;DOUTOR ULYSSES;405,39;261,22;21,50;20,17;83,28;14,13;38,49;28,22;100,00;43,58;0,00;1,20
2002.0;4.0;2002-04-01;BRASPINE;VO LINO;PR;DOUTOR ULYSSES;164,50;97,89;33,23;20,30;83,71;14,39;38,05;28,55;100,00;44,24;0,00;0,21
2002.0;4.0;2002-04-01;BRASPINE;XAXIM VELHO;;;;;50,76;19,28;82,16;13,15;41,68;26,67;100,00;99,42;0,00;1,46
2002.0;5.0;2002-05-01;BRASPINE;AGUA DOCE;PR;JAGUARIAIVA;238,97;121,99;146,20;16,88;84,01;8,26;50,54;25,09;99,92;198,91;0,00;3,32
2002.0;5.0;2002-05-01;BRASPINE;AMATA;;;;;134,14;18,38;85,91;9,01;46,99;27,92;99,98;162,21;0,00;5,38
2002.0;5.0;2002-05-01;BRASPINE;ANTA BRAVA;;;;;123,62;20,14;77,96;11,50;39,55;28,71;99,76;115,83;0,00;0,24
2002.0;5.0;2002-05-01;BRASPINE;ARAPONGAS;PR;SENGES;423,34;263,70;135,97;17,04;87,10;8,48;49,34;25,60;100,00;192,14;0,00;2,06
2002.0;5.0;2002-05-01;BRASPINE;ARROIO CLARO;PR;DOUTOR ULYSSES;275,14;92,00;127,79;17,17;87,72;8,89;48,99;25,97;100,00;195,85;0,00;7,79
2002.0;5.0;2002-05-01;BRASPINE;BARRA GRANDE;PR;DOUTOR ULYSSES;493,79;139,68;128,69;17,53;87,54;8,55;47,92;26,61;100,00;168,09;0,00;0,72
2002.0;5.0;2002-05-01;BRASPINE;BARRA GRANDE - BEMAIS;PR;GUARAPUAVA;299,16;108,61;241,75;15,96;86,63;6,28;53,30;23,68;100,00;288,17;0,00;3,63
2002.0;5.0;2002-05-01;BRASPINE;BARRETOS;PR;JAGUARIAIVA;43,35;32,98;149,31;17,00;85,94;8,33;49,82;25,45;100,00;175,61;0,00;1,71
2002.0;5.0;2002-05-01;BRASPINE;BAU;;;;;319,78;16,11;86,01;8,85;53,02;23,50;99,92;255,78;0,00;0,88
2002.0;5.0;2002-05-01;BRASPINE;BOA VISTA II;PR;PIRAI DO SUL;944,00;535,05;152,01;16,95;85,03;7,65;49,87;25,42;100,00;200,81;0,00;2,03
2002.0;5.0;2002-05-01;BRASPINE;BRASILEIRA;;;;;124,96;17,04;87,10;8,48;49,34;25,60;100,00;192,14;0,00;2,06
2002.0;5.0;2002-05-01;BRASPINE;BURACAO;;;;;137,77;16,86;85,70;7,34;48,76;25,39;99,86;201,38;0,00;3,30
2002.0;5.0;2002-05-01;BRASPINE;BURRINHO;PR;DOUTOR ULYSSES;211,01;100,37;127,36;17,17;87,72;8,89;48,99;25,97;100,00;195,85;0,00;7,79
2002.0;5.0;2002-05-01;BRASPINE;CADEADO I;PR;JAGUARIAIVA;21,07;12,29;132,92;16,83;86,51;7,99;49,67;25,16;100,00;201,57;0,00;0,92
2002.0;5.0;2002-05-01;BRASPINE;CADEADO II;PR;JAGUARIAIVA;21,88;16,79;132,92;16,83;86,51;7,99;49,67;25,16;100,00;201,57;0,00;0,92
2002.0;5.0;2002-05-01;BRASPINE;CAMPINA ALTA;PR;TIBAGI;29,77;18,24;208,56;17,38;85,16;8,08;49,79;25,49;99,98;215,92;0,00;1,55
2002.0;5.0;2002-05-01;BRASPINE;CAMPINA DO ELIAS;PR;JAGUARIAIVA;29,17;14,65;145,69;16,94;86,15;8,21;49,77;25,34;100,00;189,17;0,00;1,44
2002.0;5.0;2002-05-01;BRASPINE;CAMPO NOVO;PR;JAGUARIAIVA;295,98;156,36;142,87;16,83;86,51;7,99;49,67;25,16;100,00;201,57;0,00;0,92
2002.0;5.0;2002-05-01;BRASPINE;CONSULTORIA II A;PR;DOUTOR ULYSSES;89,62;60,79;130,18;17,04;87,10;8,48;49,34;25,60;100,00;192,14;0,00;2,06
2002.0;5.0;2002-05-01;BRASPINE;DINIZ;;;;;127,06;17,04;87,10;8,48;49,34;25,60;100,00;192,14;0,00;2,06
2002.0;5.0;2002-05-01;BRASPINE;ENES;PR;JAGUARIAIVA;5,93;5,69;143,89;16,83;86,51;7,99;49,67;25,16;100,00;201,57;0,00;0,92
2002.0;5.0;2002-05-01;BRASPINE;ENGENHARIA;;;;;127,06;17,04;87,10;8,48;49,34;25,60;100,00;192,14;0,00;2,06
2002.0;5.0;2002-05-01;BRASPINE;ESTACAO;PR;SENGES;4,76;4,14;133,36;16,83;86,51;7,99;49,67;25,16;100,00;201,57;0,00;0,92
2002.0;5.0;2002-05-01;BRASPINE;FAXINAL;PR;JAGUARIAIVA;20,65;20,65;143,89;16,83;86,51;7,99;49,67;25,16;100,00;201,57;0,00;0,92
2002.0;5.0;2002-05-01;BRASPINE;FEITAL;PR;DOUTOR ULYSSES;154,17;86,53;121,82;17,20;87,24;8,50;48,87;25,94;100,00;179,24;0,00;1,09
2002.0;5.0;2002-05-01;BRASPINE;FIGUEIRA;PR;DOUTOR ULYSSES;1053,81;315,71;123,70;17,17;87,72;8,89;48,99;25,97;100,00;195,85;0,00;7,79
2002.0;5.0;2002-05-01;BRASPINE;FIGUEIRINHA;PR;DOUTOR ULYSSES;94,37;56,74;122,55;17,17;87,72;8,89;48,99;25,97;100,00;195,85;0,00;7,79
2002.0;5.0;2002-05-01;BRASPINE;FLOEMA;PR;DOUTOR ULYSSES;2189,88;701,43;139,28;16,69;87,24;8,74;48,44;25,03;100,00;218,63;0,00;0,52
2002.0;5.0;2002-05-01;BRASPINE;FLOEMA I - SUDATI;;;;;133,09;17,04;87,10;8,48;49,34;25,60;100,00;192,14;0,00;2,06
2002.0;5.0;2002-05-01;BRASPINE;FLOEMA II - SUDATI;PR;DOUTOR ULYSSES;453,83;211,13;130,71;17,04;87,10;8,48;49,34;25,60;100,00;192,14;0,00;2,06
2002.0;5.0;2002-05-01;BRASPINE;FLOR DA SERRA;PR;SAO JOSE DA BOA VISTA;209,10;128,72;127,87;18,84;78,72;9,40;41,62;27,68;99,53;147,08;0,00;11,47
2002.0;5.0;2002-05-01;BRASPINE;GENTIL;PR;JAGUARIAIVA;126,77;53,33;145,92;16,59;84,11;8,11;51,03;24,64;99,74;195,83;0,00;8,31
2002.0;5.0;2002-05-01;BRASPINE;GUAIRACA;PR;GUARAPUAVA;623,62;169,31;223,43;16,15;86,17;6,69;52,98;24,08;100,00;289,46;0,00;12,82
2002.0;5.0;2002-05-01;BRASPINE;HERVAL 2 - MADALOSSO;;;;;143,39;16,86;85,70;7,34;48,76;25,39;99,86;201,38;0,00;3,30
2002.0;5.0;2002-05-01;BRASPINE;HERVAL DE BAIXO;PR;RESERVA;827,29;475,92;252,67;17,25;85,97;6,72;50,21;25,48;99,97;207,80;0,00;1,39
2002.0;5.0;2002-05-01;BRASPINE;HORTO 01;PR;TURVO;19,12;19,12;299,83;16,54;86,68;6,62;53,45;24,56;99,81;248,29;0,00;1,22
2002.0;5.0;2002-05-01;BRASPINE;HORTO 02;PR;TURVO;4,24;4,24;300,45;16,54;86,68;6,62;53,45;24,56;99,81;248,29;0,00;1,22
2002.0;5.0;2002-05-01;BRASPINE;HORTO 03;PR;PRUDENTOPOLIS;80,91;25,89;295,93;16,97;86,12;6,93;50,67;25,31;99,95;255,64;0,00;0,02
2002.0;5.0;2002-05-01;BRASPINE;HORTO 08;PR;TURVO;9,53;9,53;285,23;16,97;86,12;6,93;50,67;25,31;99,95;255,64;0,00;0,02
2002.0;5.0;2002-05-01;BRASPINE;HORTO 12;PR;PRUDENTOPOLIS;12,20;12,20;293,15;16,97;86,12;6,93;50,67;25,31;99,95;255,64;0,00;0,02
2002.0;5.0;2002-05-01;BRASPINE;IZAU;PR;PIRAI DO SUL;19,37;11,60;156,05;16,65;84,60;8,21;50,05;24,85;99,80;199,33;0,00;2,38
2002.0;5.0;2002-05-01;BRASPINE;JOAO RICO;PR;JAGUARIAIVA;47,46;26,18;146,42;16,88;84,01;8,26;50,54;25,09;99,92;198,91;0,00;3,32
2002.0;5.0;2002-05-01;BRASPINE;LAGOA;PR;JAGUARIAIVA;24,10;10,78;133,51;16,83;86,51;7,99;49,67;25,16;100,00;201,57;0,00;0,92
2002.0;5.0;2002-05-01;BRASPINE;MARACANA;PR;JANDAIA DO SUL;11,45;11,45;279,70;19,35;80,22;11,74;47,83;27,43;99,98;144,36;0,00;9,10
2002.0;5.0;2002-05-01;BRASPINE;MARRECA;;;;;121,80;17,17;87,72;8,89;48,99;25,97;100,00;195,85;0,00;7,79
2002.0;5.0;2002-05-01;BRASPINE;MARRECA SP;SP;ITAPIRAPUA PAULISTA;675,30;236,19;125,02;17,86;87,92;8,67;47,47;27,32;100,00;157,00;0,00;0,47
2002.0;5.0;2002-05-01;BRASPINE;MARRECAS;;;;;227,44;15,50;87,04;6,81;53,78;23,05;100,00;294,02;0,00;0,26
2002.0;5.0;2002-05-01;BRASPINE;MERCADINHO;;;;;120,38;17,66;87,04;8,55;47,78;26,91;100,00;167,96;0,00;7,42
2002.0;5.0;2002-05-01;BRASPINE;MONTE ALEGRE;;;;;270,88;19,78;79,70;12,01;46,46;28,02;99,95;131,87;0,00;7,79
2002.0;5.0;2002-05-01;BRASPINE;MONTE TABOR II;;;;;109,38;17,25;88,98;8,84;47,63;26,09;100,00;192,34;0,00;6,91
2002.0;5.0;2002-05-01;BRASPINE;MOREIRA;PR;DOUTOR ULYSSES;230,52;68,68;130,71;17,04;87,10;8,48;49,34;25,60;100,00;192,14;0,00;2,06
2002.0;5.0;2002-05-01;BRASPINE;MOREIRAS II;PR;DOUTOR ULYSSES;66,76;28,75;130,13;17,04;87,10;8,48;49,34;25,60;100,00;192,14;0,00;2,06
2002.0;5.0;2002-05-01;BRASPINE;MORRETES;PR;ORTIGUEIRA;20,36;20,36;240,57;17,59;86,26;6,96;50,07;26,17;99,98;178,33;0,00;1,52
2002.0;5.0;2002-05-01;BRASPINE;MORRO AZUL;;;;;121,92;17,35;87,08;8,89;47,02;26,21;100,00;224,85;0,00;1,26
2002.0;5.0;2002-05-01;BRASPINE;OURO FINO;SP;APIAI;51,70;51,70;128,87;17,19;88,02;8,32;46,82;25,94;100,00;205,65;0,00;1,87
2002.0;5.0;2002-05-01;BRASPINE;PALMEIRINHA DE BAIXO - SOSSEGO;PR;SENGES;85,93;9,22;135,32;16,81;84,32;8,13;47,27;24,70;99,87;200,91;0,00;2,70
2002.0;5.0;2002-05-01;BRASPINE;PAZIN;PR;DOUTOR ULYSSES;41,20;23,90;121,56;17,17;87,72;8,89;48,99;25,97;100,00;195,85;0,00;7,79
2002.0;5.0;2002-05-01;BRASPINE;PEDRAS;PR;CASTRO;7,18;7,18;180,28;16,64;85,20;7,62;51,45;24,81;99,93;196,77;0,00;2,92
2002.0;5.0;2002-05-01;BRASPINE;PESCARIA;PR;SAO JOSE DA BOA VISTA;184,57;129,22;147,91;18,92;78,77;8,49;41,66;27,93;99,67;158,56;0,00;5,86
2002.0;5.0;2002-05-01;BRASPINE;PESSEGUEIRO;PR;DOUTOR ULYSSES;109,95;64,79;133,37;17,04;87,10;8,48;49,34;25,60;100,00;192,14;0,00;2,06
2002.0;5.0;2002-05-01;BRASPINE;PITANGA;;;;;350,53;16,74;85,32;9,55;52,29;24,25;99,84;206,67;0,00;7,18
2002.0;5.0;2002-05-01;BRASPINE;QUEIMADINHO ARROIO CLARO;PR;DOUTOR ULYSSES;48,13;19,09;124,96;17,04;87,10;8,48;49,34;25,60;100,00;192,14;0,00;2,06
2002.0;5.0;2002-05-01;BRASPINE;QUEIMADINHO M6042;PR;DOUTOR ULYSSES;48,38;18,50;124,96;17,04;87,10;8,48;49,34;25,60;100,00;192,14;0,00;2,06
2002.0;5.0;2002-05-01;BRASPINE;QUEIMADINHO USUCAPIAO;PR;DOUTOR ULYSSES;200,27;92,43;124,96;17,04;87,10;8,48;49,34;25,60;100,00;192,14;0,00;2,06
2002.0;5.0;2002-05-01;BRASPINE;RAMOS;PR;SENGES;69,83;38,15;133,09;16,83;86,51;7,99;49,67;25,16;100,00;201,57;0,00;0,92
2002.0;5.0;2002-05-01;BRASPINE;RIBEIRAO GRANDE;PR;JAGUARIAIVA;20,77;20,77;159,06;16,65;84,60;8,21;50,05;24,85;99,80;199,33;0,00;2,38
2002.0;5.0;2002-05-01;BRASPINE;RINCAO DE BAIXO;;;;;170,54;17,02;82,68;8,18;49,88;25,01;99,76;198,14;0,00;1,71
2002.0;5.0;2002-05-01;BRASPINE;RIO BOMBA;PR;CERRO AZUL;65,03;37,72;135,94;17,89;86,32;8,35;48,16;27,16;99,94;154,99;0,00;10,38
2002.0;5.0;2002-05-01;BRASPINE;RIO DO MEIO;PR;DOUTOR ULYSSES;712,33;389,13;128,73;17,04;87,10;8,48;49,34;25,60;100,00;192,14;0,00;2,06
2002.0;5.0;2002-05-01;BRASPINE;RONDON;PR;JAGUARIAIVA;2899,24;1475,88;119,36;16,78;84,80;8,26;49,59;24,74;99,89;215,93;0,00;5,14
2002.0;5.0;2002-05-01;BRASPINE;SANTA FELICIDADE;;;;;121,56;18,25;88,14;8,69;46,20;28,15;100,00;144,06;0,00;1,01
2002.0;5.0;2002-05-01;BRASPINE;SANTA LIDIA DO CERCADINHO;;;;;166,30;16,74;82,63;8,26;50,34;24,50;99,77;211,38;0,00;1,41
2002.0;5.0;2002-05-01;BRASPINE;SANTO ANTONIO;;;;;132,04;16,87;84,85;8,34;46,45;24,96;100,00;216,23;0,00;19,39
2002.0;5.0;2002-05-01;BRASPINE;SAO JOSE;PR;JANDAIA DO SUL;37,56;37,56;270,87;19,64;79,82;11,92;46,81;27,81;99,98;131,05;0,00;8,13
2002.0;5.0;2002-05-01;BRASPINE;SAO MATHEUS;;;;;292,13;20,66;80,04;12,43;45,51;29,54;99,95;120,06;0,00;1,03
2002.0;5.0;2002-05-01;BRASPINE;SAO PEDRO E SAO PAULO;PR;SAPOPEMA;709,13;323,93;215,10;18,03;80,69;8,79;44,44;26,52;99,66;196,71;0,00;4,29
2002.0;5.0;2002-05-01;BRASPINE;SAO RAFAEL;;;;;141,63;16,68;85,33;7,67;50,20;25,67;99,89;216,13;0,00;3,44
2002.0;5.0;2002-05-01;BRASPINE;SAO RAFAEL - PB;;;;;133,84;17,30;87,78;8,69;46,65;26,11;100,00;194,04;0,00;2,49
2002.0;5.0;2002-05-01;BRASPINE;SERRARIA;PR;DOUTOR ULYSSES;280,88;117,71;129,79;16,93;87,48;8,82;48,94;25,50;100,00;207,43;0,00;8,98
2002.0;5.0;2002-05-01;BRASPINE;SERRO VERDE;;;;;312,43;16,39;85,10;9,16;52,10;23,99;99,95;231,21;0,00;1,28
2002.0;5.0;2002-05-01;BRASPINE;SERTAOZINHO;PR;DOUTOR ULYSSES;16,25;16,25;131,43;17,04;87,10;8,48;49,34;25,60;100,00;192,14;0,00;2,06
2002.0;5.0;2002-05-01;BRASPINE;SITIO BASILIO;PR;JAGUARIAIVA;8,08;8,08;146,12;16,65;83,93;8,07;51,20;24,69;99,73;195,59;0,00;5,44
2002.0;5.0;2002-05-01;BRASPINE;SITIO DAS MARRECAS;PR;DOUTOR ULYSSES;77,49;35,17;124,48;17,66;87,87;8,73;47,91;26,94;100,00;155,62;0,00;0,21
2002.0;5.0;2002-05-01;BRASPINE;SOBRADINHO;SP;BOM SUCESSO DE ITARARE;285,80;123,10;143,44;16,86;85,90;8,83;47,05;25,02;100,00;216,84;0,00;17,76
2002.0;5.0;2002-05-01;BRASPINE;TAQUARAL;PR;JAGUARIAIVA;519,13;31,07;137,43;16,92;84,63;8,20;50,57;25,07;100,00;201,18;0,00;0,39
2002.0;5.0;2002-05-01;BRASPINE;TUCUNDUVA;PR;SENGES;82,21;60,89;143,61;17,39;81,33;8,03;46,25;25,60;99,73;206,17;0,00;11,47
2002.0;5.0;2002-05-01;BRASPINE;TUCUNDUVA - CHAMMA;;;;;145,49;17,47;81,56;8,56;46,28;25,58;99,70;208,57;0,00;9,12
2002.0;5.0;2002-05-01;BRASPINE;VIENA 1;PR;DOUTOR ULYSSES;263,98;178,34;142,06;16,63;86,57;8,61;49,20;24,78;100,00;202,59;0,00;0,93
2002.0;5.0;2002-05-01;BRASPINE;VIENA 2;PR;CERRO AZUL;140,23;96,54;135,92;17,89;86,32;8,35;48,16;27,16;99,94;154,99;0,00;10,38
2002.0;5.0;2002-05-01;BRASPINE;VITORIA;PR;SENGES;50,54;35,69;135,32;16,81;84,32;8,13;47,27;24,70;99,87;200,91;0,00;2,70
2002.0;5.0;2002-05-01;BRASPINE;VIVEIRO;PR;DOUTOR ULYSSES;405,39;261,22;130,13;17,04;87,10;8,48;49,34;25,60;100,00;192,14;0,00;2,06
2002.0;5.0;2002-05-01;BRASPINE;VO LINO;PR;DOUTOR ULYSSES;164,50;97,89;123,56;17,17;87,72;8,89;48,99;25,97;100,00;195,85;0,00;7,79
2002.0;5.0;2002-05-01;BRASPINE;XAXIM VELHO;;;;;211,20;15,64;87,07;7,94;52,98;23,53;100,00;266,51;0,00;2,63
2002.0;6.0;2002-06-01;BRASPINE;AGUA DOCE;PR;JAGUARIAIVA;238,97;121,99;9,55;16,21;78,49;7,90;45,07;24,09;99,80;361,58;0,00;2,89
2002.0;6.0;2002-06-01;BRASPINE;AMATA;;;;;19,10;17,16;81,81;8,29;43,39;26,54;99,60;333,78;0,00;11,60
2002.0;6.0;2002-06-01;BRASPINE;ANTA BRAVA;;;;;10,98;19,13;73,43;12,10;35,84;27,91;99,02;218,13;0,00;15,77
2002.0;6.0;2002-06-01;BRASPINE;ARAPONGAS;PR;SENGES;423,34;263,70;10,65;16,09;81,56;7,82;43,52;24,57;100,00;362,90;0,00;1,46
2002.0;6.0;2002-06-01;BRASPINE;ARROIO CLARO;PR;DOUTOR ULYSSES;275,14;92,00;11,82;16,07;82,86;7,42;42,47;24,93;100,00;361,34;0,00;0,23
2002.0;6.0;2002-06-01;BRASPINE;BARRA GRANDE;PR;DOUTOR ULYSSES;493,79;139,68;11,24;16,50;82,44;8,07;43,40;25,43;100,00;369,40;0,00;5,51
2002.0;6.0;2002-06-01;BRASPINE;BARRA GRANDE - BEMAIS;PR;GUARAPUAVA;299,16;108,61;13,61;15,18;83,82;6,44;50,05;22,42;99,98;345,17;0,00;20,80
2002.0;6.0;2002-06-01;BRASPINE;BARRETOS;PR;JAGUARIAIVA;43,35;32,98;10,47;16,35;79,99;8,10;43,46;24,54;99,87;341,49;0,00;3,08
2002.0;6.0;2002-06-01;BRASPINE;BAU;;;;;12,77;15,60;82,00;5,67;52,02;22,36;99,95;340,85;0,00;29,13
2002.0;6.0;2002-06-01;BRASPINE;BOA VISTA II;PR;PIRAI DO SUL;944,00;535,05;10,08;16,38;79,22;7,88;43,35;24,51;99,98;354,46;0,00;1,38
2002.0;6.0;2002-06-01;BRASPINE;BRASILEIRA;;;;;11,31;16,09;81,56;7,82;43,52;24,57;100,00;362,90;0,00;1,46
2002.0;6.0;2002-06-01;BRASPINE;BURACAO;;;;;28,74;16,12;80,40;7,56;42,91;24,31;99,73;321,02;0,00;18,02
2002.0;6.0;2002-06-01;BRASPINE;BURRINHO;PR;DOUTOR ULYSSES;211,01;100,37;11,81;16,07;82,86;7,42;42,47;24,93;100,00;361,34;0,00;0,23
2002.0;6.0;2002-06-01;BRASPINE;CADEADO I;PR;JAGUARIAIVA;21,07;12,29;10,13;15,99;80,78;7,66;43,94;24,20;99,99;342,88;0,00;4,45
2002.0;6.0;2002-06-01;BRASPINE;CADEADO II;PR;JAGUARIAIVA;21,88;16,79;10,13;15,99;80,78;7,66;43,94;24,20;99,99;342,88;0,00;4,45
2002.0;6.0;2002-06-01;BRASPINE;CAMPINA ALTA;PR;TIBAGI;29,77;18,24;14,99;16,88;79,95;7,58;46,09;24,49;99,95;343,65;0,00;12,44
2002.0;6.0;2002-06-01;BRASPINE;CAMPINA DO ELIAS;PR;JAGUARIAIVA;29,17;14,65;10,28;16,22;80,28;7,94;43,75;24,42;99,89;336,62;0,00;359,02
2002.0;6.0;2002-06-01;BRASPINE;CAMPO NOVO;PR;JAGUARIAIVA;295,98;156,36;11,01;15,99;80,78;7,66;43,94;24,20;99,99;342,88;0,00;4,45
2002.0;6.0;2002-06-01;BRASPINE;CONSULTORIA II A;PR;DOUTOR ULYSSES;89,62;60,79;11,21;16,09;81,56;7,82;43,52;24,57;100,00;362,90;0,00;1,46
2002.0;6.0;2002-06-01;BRASPINE;DINIZ;;;;;15,86;16,09;81,56;7,82;43,52;24,57;100,00;362,90;0,00;1,46
2002.0;6.0;2002-06-01;BRASPINE;ENES;PR;JAGUARIAIVA;5,93;5,69;11,07;15,99;80,78;7,66;43,94;24,20;99,99;342,88;0,00;4,45
2002.0;6.0;2002-06-01;BRASPINE;ENGENHARIA;;;;;15,86;16,09;81,56;7,82;43,52;24,57;100,00;362,90;0,00;1,46
2002.0;6.0;2002-06-01;BRASPINE;ESTACAO;PR;SENGES;4,76;4,14;11,24;15,99;80,78;7,66;43,94;24,20;99,99;342,88;0,00;4,45
2002.0;6.0;2002-06-01;BRASPINE;FAXINAL;PR;JAGUARIAIVA;20,65;20,65;11,07;15,99;80,78;7,66;43,94;24,20;99,99;342,88;0,00;4,45
2002.0;6.0;2002-06-01;BRASPINE;FEITAL;PR;DOUTOR ULYSSES;154,17;86,53;14,37;16,23;81,85;7,90;43,48;24,85;100,00;365,07;0,00;0,03
2002.0;6.0;2002-06-01;BRASPINE;FIGUEIRA;PR;DOUTOR ULYSSES;1053,81;315,71;11,50;16,07;82,86;7,42;42,47;24,93;100,00;361,34;0,00;0,23
2002.0;6.0;2002-06-01;BRASPINE;FIGUEIRINHA;PR;DOUTOR ULYSSES;94,37;56,74;14,61;16,07;82,86;7,42;42,47;24,93;100,00;361,34;0,00;0,23
2002.0;6.0;2002-06-01;BRASPINE;FLOEMA;PR;DOUTOR ULYSSES;2189,88;701,43;12,55;15,68;81,89;6,67;42,32;24,13;99,59;354,53;0,00;2,93
2002.0;6.0;2002-06-01;BRASPINE;FLOEMA I - SUDATI;;;;;11,49;16,09;81,56;7,82;43,52;24,57;100,00;362,90;0,00;1,46
2002.0;6.0;2002-06-01;BRASPINE;FLOEMA II - SUDATI;PR;DOUTOR ULYSSES;453,83;211,13;11,13;16,09;81,56;7,82;43,52;24,57;100,00;362,90;0,00;1,46
2002.0;6.0;2002-06-01;BRASPINE;FLOR DA SERRA;PR;SAO JOSE DA BOA VISTA;209,10;128,72;5,40;17,79;75,36;10,02;41,26;26,14;98,54;326,96;0,00;0,28
2002.0;6.0;2002-06-01;BRASPINE;GENTIL;PR;JAGUARIAIVA;126,77;53,33;10,67;15,93;78,60;7,65;45,15;23,67;99,86;356,94;0,00;7,57
2002.0;6.0;2002-06-01;BRASPINE;GUAIRACA;PR;GUARAPUAVA;623,62;169,31;16,75;15,26;83,91;6,44;48,26;22,73;99,99;341,50;0,00;26,86
2002.0;6.0;2002-06-01;BRASPINE;HERVAL 2 - MADALOSSO;;;;;27,33;16,12;80,40;7,56;42,91;24,31;99,73;321,02;0,00;18,02
2002.0;6.0;2002-06-01;BRASPINE;HERVAL DE BAIXO;PR;RESERVA;827,29;475,92;16,73;16,57;81,39;7,27;46,68;24,32;99,99;353,24;0,00;0,79
2002.0;6.0;2002-06-01;BRASPINE;HORTO 01;PR;TURVO;19,12;19,12;8,97;16,02;82,89;5,77;53,56;23,12;99,71;328,52;0,00;4,14
2002.0;6.0;2002-06-01;BRASPINE;HORTO 02;PR;TURVO;4,24;4,24;8,83;16,02;82,89;5,77;53,56;23,12;99,71;328,52;0,00;4,14
2002.0;6.0;2002-06-01;BRASPINE;HORTO 03;PR;PRUDENTOPOLIS;80,91;25,89;9,40;16,46;82,53;6,39;50,86;23,77;99,90;351,30;0,00;3,86
2002.0;6.0;2002-06-01;BRASPINE;HORTO 08;PR;TURVO;9,53;9,53;9,88;16,46;82,53;6,39;50,86;23,77;99,90;351,30;0,00;3,86
2002.0;6.0;2002-06-01;BRASPINE;HORTO 12;PR;PRUDENTOPOLIS;12,20;12,20;9,44;16,46;82,53;6,39;50,86;23,77;99,90;351,30;0,00;3,86
2002.0;6.0;2002-06-01;BRASPINE;IZAU;PR;PIRAI DO SUL;19,37;11,60;10,54;16,05;79,18;8,00;43,27;23,97;99,86;349,21;0,00;0,46
2002.0;6.0;2002-06-01;BRASPINE;JOAO RICO;PR;JAGUARIAIVA;47,46;26,18;10,10;16,21;78,49;7,90;45,07;24,09;99,80;361,58;0,00;2,89
2002.0;6.0;2002-06-01;BRASPINE;LAGOA;PR;JAGUARIAIVA;24,10;10,78;10,39;15,99;80,78;7,66;43,94;24,20;99,99;342,88;0,00;4,45
2002.0;6.0;2002-06-01;BRASPINE;MARACANA;PR;JANDAIA DO SUL;11,45;11,45;9,01;19,14;72,33;11,59;38,20;26,57;99,44;105,58;0,00;12,54
2002.0;6.0;2002-06-01;BRASPINE;MARRECA;;;;;11,84;16,07;82,86;7,42;42,47;24,93;100,00;361,34;0,00;0,23
2002.0;6.0;2002-06-01;BRASPINE;MARRECA SP;SP;ITAPIRAPUA PAULISTA;675,30;236,19;17,15;16,67;83,62;7,48;42,75;26,06;100,00;337,89;0,00;4,28
2002.0;6.0;2002-06-01;BRASPINE;MARRECAS;;;;;17,60;14,64;84,39;5,64;50,35;21,93;100,00;328,80;0,00;31,74
2002.0;6.0;2002-06-01;BRASPINE;MERCADINHO;;;;;18,08;16,45;82,77;7,92;42,54;25,67;99,69;345,36;0,00;6,24
2002.0;6.0;2002-06-01;BRASPINE;MONTE ALEGRE;;;;;5,33;19,57;71,68;11,85;36,58;27,21;99,10;93,36;0,00;9,97
2002.0;6.0;2002-06-01;BRASPINE;MONTE TABOR II;;;;;19,41;15,78;85,87;8,01;45,21;24,55;100,00;351,74;0,00;4,14
2002.0;6.0;2002-06-01;BRASPINE;MOREIRA;PR;DOUTOR ULYSSES;230,52;68,68;11,13;16,09;81,56;7,82;43,52;24,57;100,00;362,90;0,00;1,46
2002.0;6.0;2002-06-01;BRASPINE;MOREIRAS II;PR;DOUTOR ULYSSES;66,76;28,75;11,21;16,09;81,56;7,82;43,52;24,57;100,00;362,90;0,00;1,46
2002.0;6.0;2002-06-01;BRASPINE;MORRETES;PR;ORTIGUEIRA;20,36;20,36;15,36;16,83;81,87;7,52;46,93;24,94;100,00;352,81;0,00;1,68
2002.0;6.0;2002-06-01;BRASPINE;MORRO AZUL;;;;;15,77;16,35;81,80;8,08;44,05;25,19;100,00;366,33;0,00;7,41
2002.0;6.0;2002-06-01;BRASPINE;OURO FINO;SP;APIAI;51,70;51,70;12,98;15,99;83,41;7,84;44,79;24,81;100,00;361,92;0,00;1,51
2002.0;6.0;2002-06-01;BRASPINE;PALMEIRINHA DE BAIXO - SOSSEGO;PR;SENGES;85,93;9,22;9,33;15,99;78,41;7,73;43,98;23,84;99,74;346,11;0,00;5,85
2002.0;6.0;2002-06-01;BRASPINE;PAZIN;PR;DOUTOR ULYSSES;41,20;23,90;14,85;16,07;82,86;7,42;42,47;24,93;100,00;361,34;0,00;0,23
2002.0;6.0;2002-06-01;BRASPINE;PEDRAS;PR;CASTRO;7,18;7,18;9,83;16,03;80,06;7,46;44,34;24,02;99,97;345,70;0,00;1,78
2002.0;6.0;2002-06-01;BRASPINE;PESCARIA;PR;SAO JOSE DA BOA VISTA;184,57;129,22;5,41;18,06;74,53;9,70;41,51;26,29;99,58;332,28;0,00;23,21
2002.0;6.0;2002-06-01;BRASPINE;PESSEGUEIRO;PR;DOUTOR ULYSSES;109,95;64,79;11,12;16,09;81,56;7,82;43,52;24,57;100,00;362,90;0,00;1,46
2002.0;6.0;2002-06-01;BRASPINE;PITANGA;;;;;8,16;16,18;81,35;6,68;52,77;22,89;99,77;351,31;0,00;14,77
2002.0;6.0;2002-06-01;BRASPINE;QUEIMADINHO ARROIO CLARO;PR;DOUTOR ULYSSES;48,13;19,09;11,31;16,09;81,56;7,82;43,52;24,57;100,00;362,90;0,00;1,46
2002.0;6.0;2002-06-01;BRASPINE;QUEIMADINHO M6042;PR;DOUTOR ULYSSES;48,38;18,50;11,31;16,09;81,56;7,82;43,52;24,57;100,00;362,90;0,00;1,46
2002.0;6.0;2002-06-01;BRASPINE;QUEIMADINHO USUCAPIAO;PR;DOUTOR ULYSSES;200,27;92,43;11,31;16,09;81,56;7,82;43,52;24,57;100,00;362,90;0,00;1,46
2002.0;6.0;2002-06-01;BRASPINE;RAMOS;PR;SENGES;69,83;38,15;11,49;15,99;80,78;7,66;43,94;24,20;99,99;342,88;0,00;4,45
2002.0;6.0;2002-06-01;BRASPINE;RIBEIRAO GRANDE;PR;JAGUARIAIVA;20,77;20,77;10,19;16,05;79,18;8,00;43,27;23,97;99,86;349,21;0,00;0,46
2002.0;6.0;2002-06-01;BRASPINE;RINCAO DE BAIXO;;;;;11,03;16,34;77,73;7,78;43,38;24,04;100,00;361,05;0,00;14,09
2002.0;6.0;2002-06-01;BRASPINE;RIO BOMBA;PR;CERRO AZUL;65,03;37,72;15,10;16,64;82,48;8,17;42,98;25,89;99,65;332,01;0,00;17,23
2002.0;6.0;2002-06-01;BRASPINE;RIO DO MEIO;PR;DOUTOR ULYSSES;712,33;389,13;11,25;16,09;81,56;7,82;43,52;24,57;100,00;362,90;0,00;1,46
2002.0;6.0;2002-06-01;BRASPINE;RONDON;PR;JAGUARIAIVA;2899,24;1475,88;13,70;15,98;78,94;7,60;44,77;23,84;99,74;358,11;0,00;4,03
2002.0;6.0;2002-06-01;BRASPINE;SANTA FELICIDADE;;;;;16,77;16,89;84,42;7,16;42,33;26,69;100,00;336,03;0,00;0,26
2002.0;6.0;2002-06-01;BRASPINE;SANTA LIDIA DO CERCADINHO;;;;;11,42;16,03;77,55;7,83;43,60;23,54;100,00;355,43;0,00;11,68
2002.0;6.0;2002-06-01;BRASPINE;SANTO ANTONIO;;;;;9,99;15,92;79,26;7,79;43,38;24,14;100,00;356,82;0,00;2,99
2002.0;6.0;2002-06-01;BRASPINE;SAO JOSE;PR;JANDAIA DO SUL;37,56;37,56;5,35;19,42;71,86;11,75;37,00;26,99;99,16;92,45;0,00;10,67
2002.0;6.0;2002-06-01;BRASPINE;SAO MATHEUS;;;;;11,34;20,46;72,21;12,06;35,91;28,55;99,42;82,01;0,00;2,30
2002.0;6.0;2002-06-01;BRASPINE;SAO PEDRO E SAO PAULO;PR;SAPOPEMA;709,13;323,93;10,86;17,44;74,52;8,76;43,34;24,55;99,50;344,68;0,00;13,25
2002.0;6.0;2002-06-01;BRASPINE;SAO RAFAEL;;;;;28,28;15,72;81,60;7,40;41,91;24,13;99,96;353,36;0,00;8,65
2002.0;6.0;2002-06-01;BRASPINE;SAO RAFAEL - PB;;;;;11,15;16,16;82,96;7,94;44,43;25,00;100,00;366,24;0,00;1,37
2002.0;6.0;2002-06-01;BRASPINE;SERRARIA;PR;DOUTOR ULYSSES;280,88;117,71;16,38;15,88;82,38;7,04;42,39;24,53;99,68;357,94;0,00;1,60
2002.0;6.0;2002-06-01;BRASPINE;SERRO VERDE;;;;;27,71;15,94;80,96;5,85;50,25;22,80;99,95;323,59;0,00;34,84
2002.0;6.0;2002-06-01;BRASPINE;SERTAOZINHO;PR;DOUTOR ULYSSES;16,25;16,25;15,63;16,09;81,56;7,82;43,52;24,57;100,00;362,90;0,00;1,46
2002.0;6.0;2002-06-01;BRASPINE;SITIO BASILIO;PR;JAGUARIAIVA;8,08;8,08;9,56;15,97;78,40;7,60;45,72;23,69;99,85;355,70;0,00;5,01
2002.0;6.0;2002-06-01;BRASPINE;SITIO DAS MARRECAS;PR;DOUTOR ULYSSES;77,49;35,17;13,51;16,50;83,40;7,47;42,67;25,73;100,00;351,21;0,00;1,07
2002.0;6.0;2002-06-01;BRASPINE;SOBRADINHO;SP;BOM SUCESSO DE ITARARE;285,80;123,10;10,27;15,81;80,52;7,77;43,97;24,23;100,00;353,80;0,00;53,03
2002.0;6.0;2002-06-01;BRASPINE;TAQUARAL;PR;JAGUARIAIVA;519,13;31,07;10,93;16,18;79,01;8,03;44,90;24,14;99,74;360,79;0,00;3,93
2002.0;6.0;2002-06-01;BRASPINE;TUCUNDUVA;PR;SENGES;82,21;60,89;10,81;16,96;74,36;7,72;44,97;24,23;99,64;352,83;0,00;2,52
2002.0;6.0;2002-06-01;BRASPINE;TUCUNDUVA - CHAMMA;;;;;10,69;16,99;74,56;8,38;45,07;24,29;99,53;339,84;0,00;24,49
2002.0;6.0;2002-06-01;BRASPINE;VIENA 1;PR;DOUTOR ULYSSES;263,98;178,34;11,90;15,80;80,86;6,86;44,02;23,85;99,91;347,58;0,00;2,12
2002.0;6.0;2002-06-01;BRASPINE;VIENA 2;PR;CERRO AZUL;140,23;96,54;14,99;16,64;82,48;8,17;42,98;25,89;99,65;332,01;0,00;17,23
2002.0;6.0;2002-06-01;BRASPINE;VITORIA;PR;SENGES;50,54;35,69;9,33;15,99;78,41;7,73;43,98;23,84;99,74;346,11;0,00;5,85
2002.0;6.0;2002-06-01;BRASPINE;VIVEIRO;PR;DOUTOR ULYSSES;405,39;261,22;11,21;16,09;81,56;7,82;43,52;24,57;100,00;362,90;0,00;1,46
2002.0;6.0;2002-06-01;BRASPINE;VO LINO;PR;DOUTOR ULYSSES;164,50;97,89;11,77;16,07;82,86;7,42;42,47;24,93;100,00;361,34;0,00;0,23
2002.0;6.0;2002-06-01;BRASPINE;XAXIM VELHO;;;;;35,04;14,86;84,51;5,52;49,38;22,38;100,00;339,64;0,00;5,95
2002.0;7.0;2002-07-01;BRASPINE;AGUA DOCE;PR;JAGUARIAIVA;238,97;121,99;116,29;13,78;81,38;4,41;33,87;23,59;100,00;299,00;4,41;0,68
2002.0;7.0;2002-07-01;BRASPINE;AMATA;;;;;94,87;14,96;83,35;5,35;35,22;26,37;99,94;319,16;0,00;8,19
2002.0;7.0;2002-07-01;BRASPINE;ANTA BRAVA;;;;;76,97;16,98;75,69;8,15;31,23;27,38;99,58;254,98;0,00;2,32
2002.0;7.0;2002-07-01;BRASPINE;ARAPONGAS;PR;SENGES;423,34;263,70;108,58;13,91;84,81;5,06;37,11;24,41;100,00;307,72;0,00;1,45
2002.0;7.0;2002-07-01;BRASPINE;ARROIO CLARO;PR;DOUTOR ULYSSES;275,14;92,00;102,09;14,04;85,22;5,30;37,18;24,98;100,00;314,55;0,00;3,69
2002.0;7.0;2002-07-01;BRASPINE;BARRA GRANDE;PR;DOUTOR ULYSSES;493,79;139,68;98,48;14,28;85,24;4,99;37,18;25,10;100,00;317,17;4,99;0,58
2002.0;7.0;2002-07-01;BRASPINE;BARRA GRANDE - BEMAIS;PR;GUARAPUAVA;299,16;108,61;114,83;12,96;82,96;4,24;43,07;22,58;99,99;267,18;31,89;0,38
2002.0;7.0;2002-07-01;BRASPINE;BARRETOS;PR;JAGUARIAIVA;43,35;32,98;114,14;13,89;83,37;5,30;35,33;23,99;100,00;309,68;0,00;2,42
2002.0;7.0;2002-07-01;BRASPINE;BAU;;;;;119,61;13,10;82,03;4,20;44,29;22,61;99,98;287,91;22,02;5,28
2002.0;7.0;2002-07-01;BRASPINE;BOA VISTA II;PR;PIRAI DO SUL;944,00;535,05;112,16;13,81;82,36;4,56;33,31;23,84;100,00;290,62;4,56;1,54
2002.0;7.0;2002-07-01;BRASPINE;BRASILEIRA;;;;;103,90;13,91;84,81;5,06;37,11;24,41;100,00;307,72;0,00;1,45
2002.0;7.0;2002-07-01;BRASPINE;BURACAO;;;;;142,80;13,71;82,43;5,18;35,20;24,60;99,78;303,80;0,00;3,70
2002.0;7.0;2002-07-01;BRASPINE;BURRINHO;PR;DOUTOR ULYSSES;211,01;100,37;101,46;14,04;85,22;5,30;37,18;24,98;100,00;314,55;0,00;3,69
2002.0;7.0;2002-07-01;BRASPINE;CADEADO I;PR;JAGUARIAIVA;21,07;12,29;102,00;13,72;84,32;4,70;36,85;24,00;100,00;295,54;9,65;2,99
2002.0;7.0;2002-07-01;BRASPINE;CADEADO II;PR;JAGUARIAIVA;21,88;16,79;102,00;13,72;84,32;4,70;36,85;24,00;100,00;295,54;9,65;2,99
2002.0;7.0;2002-07-01;BRASPINE;CAMPINA ALTA;PR;TIBAGI;29,77;18,24;127,99;14,21;81,86;2,96;40,52;24,94;99,87;279,26;14,53;2,54
2002.0;7.0;2002-07-01;BRASPINE;CAMPINA DO ELIAS;PR;JAGUARIAIVA;29,17;14,65;105,71;13,83;83,71;5,17;35,88;23,99;99,99;304,54;0,00;2,61
2002.0;7.0;2002-07-01;BRASPINE;CAMPO NOVO;PR;JAGUARIAIVA;295,98;156,36;110,12;13,72;84,32;4,70;36,85;24,00;100,00;295,54;9,65;2,99
2002.0;7.0;2002-07-01;BRASPINE;CONSULTORIA II A;PR;DOUTOR ULYSSES;89,62;60,79;100,41;13,91;84,81;5,06;37,11;24,41;100,00;307,72;0,00;1,45
2002.0;7.0;2002-07-01;BRASPINE;DINIZ;;;;;100,76;13,91;84,81;5,06;37,11;24,41;100,00;307,72;0,00;1,45
2002.0;7.0;2002-07-01;BRASPINE;ENES;PR;JAGUARIAIVA;5,93;5,69;110,24;13,72;84,32;4,70;36,85;24,00;100,00;295,54;9,65;2,99
2002.0;7.0;2002-07-01;BRASPINE;ENGENHARIA;;;;;100,76;13,91;84,81;5,06;37,11;24,41;100,00;307,72;0,00;1,45
2002.0;7.0;2002-07-01;BRASPINE;ESTACAO;PR;SENGES;4,76;4,14;97,35;13,72;84,32;4,70;36,85;24,00;100,00;295,54;9,65;2,99
2002.0;7.0;2002-07-01;BRASPINE;FAXINAL;PR;JAGUARIAIVA;20,65;20,65;110,24;13,72;84,32;4,70;36,85;24,00;100,00;295,54;9,65;2,99
2002.0;7.0;2002-07-01;BRASPINE;FEITAL;PR;DOUTOR ULYSSES;154,17;86,53;99,59;14,03;84,95;5,04;37,13;24,64;100,00;310,86;0,00;0,75
2002.0;7.0;2002-07-01;BRASPINE;FIGUEIRA;PR;DOUTOR ULYSSES;1053,81;315,71;93,02;14,04;85,22;5,30;37,18;24,98;100,00;314,55;0,00;3,69
2002.0;7.0;2002-07-01;BRASPINE;FIGUEIRINHA;PR;DOUTOR ULYSSES;94,37;56,74;95,19;14,04;85,22;5,30;37,18;24,98;100,00;314,55;0,00;3,69
2002.0;7.0;2002-07-01;BRASPINE;FLOEMA;PR;DOUTOR ULYSSES;2189,88;701,43;109,36;13,64;84,74;4,81;36,79;24,31;100,00;301,12;4,81;4,65
2002.0;7.0;2002-07-01;BRASPINE;FLOEMA I - SUDATI;;;;;99,40;13,91;84,81;5,06;37,11;24,41;100,00;307,72;0,00;1,45
2002.0;7.0;2002-07-01;BRASPINE;FLOEMA II - SUDATI;PR;DOUTOR ULYSSES;453,83;211,13;98,39;13,91;84,81;5,06;37,11;24,41;100,00;307,72;0,00;1,45
2002.0;7.0;2002-07-01;BRASPINE;FLOR DA SERRA;PR;SAO JOSE DA BOA VISTA;209,10;128,72;99,97;15,39;77,91;5,41;34,65;25,54;99,56;292,69;0,00;1,57
2002.0;7.0;2002-07-01;BRASPINE;GENTIL;PR;JAGUARIAIVA;126,77;53,33;110,67;13,56;81,19;4,51;33,46;23,27;99,98;293,58;4,51;0,57
2002.0;7.0;2002-07-01;BRASPINE;GUAIRACA;PR;GUARAPUAVA;623,62;169,31;109,85;12,99;83,04;2,85;43,46;22,83;100,00;263,98;24,44;7,52
2002.0;7.0;2002-07-01;BRASPINE;HERVAL 2 - MADALOSSO;;;;;131,26;13,71;82,43;5,18;35,20;24,60;99,78;303,80;0,00;3,70
2002.0;7.0;2002-07-01;BRASPINE;HERVAL DE BAIXO;PR;RESERVA;827,29;475,92;130,86;14,04;82,62;2,88;41,23;24,90;99,97;281,29;18,10;1,10
2002.0;7.0;2002-07-01;BRASPINE;HORTO 01;PR;TURVO;19,12;19,12;129,74;13,51;82,72;3,10;44,21;23,37;99,69;274,03;24,63;18,40
2002.0;7.0;2002-07-01;BRASPINE;HORTO 02;PR;TURVO;4,24;4,24;131,80;13,51;82,72;3,10;44,21;23,37;99,69;274,03;24,63;18,40
2002.0;7.0;2002-07-01;BRASPINE;HORTO 03;PR;PRUDENTOPOLIS;80,91;25,89;125,72;13,89;82,34;4,10;43,25;24,01;99,91;281,22;27,58;11,37
2002.0;7.0;2002-07-01;BRASPINE;HORTO 08;PR;TURVO;9,53;9,53;124,10;13,89;82,34;4,10;43,25;24,01;99,91;281,22;27,58;11,37
2002.0;7.0;2002-07-01;BRASPINE;HORTO 12;PR;PRUDENTOPOLIS;12,20;12,20;127,26;13,89;82,34;4,10;43,25;24,01;99,91;281,22;27,58;11,37
2002.0;7.0;2002-07-01;BRASPINE;IZAU;PR;PIRAI DO SUL;19,37;11,60;120,54;13,61;81,69;5,12;32,83;23,34;100,00;303,09;0,00;0,45
2002.0;7.0;2002-07-01;BRASPINE;JOAO RICO;PR;JAGUARIAIVA;47,46;26,18;113,61;13,78;81,38;4,41;33,87;23,59;100,00;299,00;4,41;0,68
2002.0;7.0;2002-07-01;BRASPINE;LAGOA;PR;JAGUARIAIVA;24,10;10,78;101,45;13,72;84,32;4,70;36,85;24,00;100,00;295,54;9,65;2,99
2002.0;7.0;2002-07-01;BRASPINE;MARACANA;PR;JANDAIA DO SUL;11,45;11,45;104,29;16,30;76,51;6,48;40,59;26,80;99,99;176,65;0,00;1,85
2002.0;7.0;2002-07-01;BRASPINE;MARRECA;;;;;93,04;14,04;85,22;5,30;37,18;24,98;100,00;314,55;0,00;3,69
2002.0;7.0;2002-07-01;BRASPINE;MARRECA SP;SP;ITAPIRAPUA PAULISTA;675,30;236,19;97,73;14,55;85,50;5,48;36,92;25,84;100,00;310,08;0,00;1,59
2002.0;7.0;2002-07-01;BRASPINE;MARRECAS;;;;;108,46;12,50;83,44;2,44;42,97;22,11;100,00;252,99;32,67;4,62
2002.0;7.0;2002-07-01;BRASPINE;MERCADINHO;;;;;96,50;14,43;84,37;5,21;36,07;25,67;99,99;305,42;0,00;9,99
2002.0;7.0;2002-07-01;BRASPINE;MONTE ALEGRE;;;;;96,76;16,73;75,69;6,78;39,60;27,37;99,89;182,09;0,00;0,69
2002.0;7.0;2002-07-01;BRASPINE;MONTE TABOR II;;;;;89,41;14,07;87,14;5,02;43,97;24,87;100,00;302,06;0,00;1,30
2002.0;7.0;2002-07-01;BRASPINE;MOREIRA;PR;DOUTOR ULYSSES;230,52;68,68;98,39;13,91;84,81;5,06;37,11;24,41;100,00;307,72;0,00;1,45
2002.0;7.0;2002-07-01;BRASPINE;MOREIRAS II;PR;DOUTOR ULYSSES;66,76;28,75;100,70;13,91;84,81;5,06;37,11;24,41;100,00;307,72;0,00;1,45
2002.0;7.0;2002-07-01;BRASPINE;MORRETES;PR;ORTIGUEIRA;20,36;20,36;130,15;14,30;82,85;3,15;42,52;25,41;100,00;282,73;18,82;1,71
2002.0;7.0;2002-07-01;BRASPINE;MORRO AZUL;;;;;92,53;14,11;85,15;4,64;37,17;24,60;100,00;311,40;4,64;8,39
2002.0;7.0;2002-07-01;BRASPINE;OURO FINO;SP;APIAI;51,70;51,70;96,78;13,96;86,24;4,26;41,35;24,53;100,00;311,23;4,26;5,62
2002.0;7.0;2002-07-01;BRASPINE;PALMEIRINHA DE BAIXO - SOSSEGO;PR;SENGES;85,93;9,22;97,84;13,71;82,47;4,30;36,56;23,21;99,89;299,08;4,30;8,79
2002.0;7.0;2002-07-01;BRASPINE;PAZIN;PR;DOUTOR ULYSSES;41,20;23,90;96,46;14,04;85,22;5,30;37,18;24,98;100,00;314,55;0,00;3,69
2002.0;7.0;2002-07-01;BRASPINE;PEDRAS;PR;CASTRO;7,18;7,18;125,39;13,51;82,41;4,34;34,84;23,43;99,93;283,65;19,10;2,63
2002.0;7.0;2002-07-01;BRASPINE;PESCARIA;PR;SAO JOSE DA BOA VISTA;184,57;129,22;101,05;15,50;77,90;5,68;33,49;25,84;99,54;293,53;0,00;19,98
2002.0;7.0;2002-07-01;BRASPINE;PESSEGUEIRO;PR;DOUTOR ULYSSES;109,95;64,79;91,41;13,91;84,81;5,06;37,11;24,41;100,00;307,72;0,00;1,45
2002.0;7.0;2002-07-01;BRASPINE;PITANGA;;;;;147,22;13,67;81,55;3,50;43,28;23,30;99,93;302,65;16,59;2,75
2002.0;7.0;2002-07-01;BRASPINE;QUEIMADINHO ARROIO CLARO;PR;DOUTOR ULYSSES;48,13;19,09;103,90;13,91;84,81;5,06;37,11;24,41;100,00;307,72;0,00;1,45
2002.0;7.0;2002-07-01;BRASPINE;QUEIMADINHO M6042;PR;DOUTOR ULYSSES;48,38;18,50;103,90;13,91;84,81;5,06;37,11;24,41;100,00;307,72;0,00;1,45
2002.0;7.0;2002-07-01;BRASPINE;QUEIMADINHO USUCAPIAO;PR;DOUTOR ULYSSES;200,27;92,43;103,90;13,91;84,81;5,06;37,11;24,41;100,00;307,72;0,00;1,45
2002.0;7.0;2002-07-01;BRASPINE;RAMOS;PR;SENGES;69,83;38,15;99,40;13,72;84,32;4,70;36,85;24,00;100,00;295,54;9,65;2,99
2002.0;7.0;2002-07-01;BRASPINE;RIBEIRAO GRANDE;PR;JAGUARIAIVA;20,77;20,77;123,31;13,61;81,69;5,12;32,83;23,34;100,00;303,09;0,00;0,45
2002.0;7.0;2002-07-01;BRASPINE;RINCAO DE BAIXO;;;;;130,91;13,81;79,97;3,41;35,26;24,36;99,53;276,15;20,44;3,66
2002.0;7.0;2002-07-01;BRASPINE;RIO BOMBA;PR;CERRO AZUL;65,03;37,72;101,46;14,61;83,42;5,05;35,97;25,99;99,89;307,43;0,00;9,02
2002.0;7.0;2002-07-01;BRASPINE;RIO DO MEIO;PR;DOUTOR ULYSSES;712,33;389,13;101,56;13,91;84,81;5,06;37,11;24,41;100,00;307,72;0,00;1,45
2002.0;7.0;2002-07-01;BRASPINE;RONDON;PR;JAGUARIAIVA;2899,24;1475,88;101,46;13,67;82,71;4,83;36,82;23,28;99,92;293,91;9,81;26,26
2002.0;7.0;2002-07-01;BRASPINE;SANTA FELICIDADE;;;;;99,59;14,86;85,74;5,39;36,93;26,36;100,00;316,24;0,00;0,64
2002.0;7.0;2002-07-01;BRASPINE;SANTA LIDIA DO CERCADINHO;;;;;112,52;13,57;80,00;3,28;34,88;23,91;99,54;272,08;25,21;2,41
2002.0;7.0;2002-07-01;BRASPINE;SANTO ANTONIO;;;;;100,85;13,73;83,17;3,95;35,93;23,55;100,00;299,55;3,95;4,52
2002.0;7.0;2002-07-01;BRASPINE;SAO JOSE;PR;JANDAIA DO SUL;37,56;37,56;97,49;16,60;75,88;6,70;39,99;27,16;99,95;180,57;0,00;0,07
2002.0;7.0;2002-07-01;BRASPINE;SAO MATHEUS;;;;;96,03;17,54;75,60;6,37;39,74;28,69;99,54;185,54;0,00;0,19
2002.0;7.0;2002-07-01;BRASPINE;SAO PEDRO E SAO PAULO;PR;SAPOPEMA;709,13;323,93;116,54;14,83;78,42;5,74;38,50;24,79;99,55;321,31;0,00;2,80
2002.0;7.0;2002-07-01;BRASPINE;SAO RAFAEL;;;;;117,45;13,46;82,76;3,46;42,87;24,55;99,88;299,90;11,42;8,27
2002.0;7.0;2002-07-01;BRASPINE;SAO RAFAEL - PB;;;;;100,16;14,06;85,95;4,46;40,13;24,61;100,00;314,70;4,46;7,65
2002.0;7.0;2002-07-01;BRASPINE;SERRARIA;PR;DOUTOR ULYSSES;280,88;117,71;98,24;13,84;84,98;5,05;36,99;24,64;100,00;307,82;0,00;4,18
2002.0;7.0;2002-07-01;BRASPINE;SERRO VERDE;;;;;113,40;13,40;81,29;3,94;44,85;23,09;99,98;299,87;21,71;10,21
2002.0;7.0;2002-07-01;BRASPINE;SERTAOZINHO;PR;DOUTOR ULYSSES;16,25;16,25;104,17;13,91;84,81;5,06;37,11;24,41;100,00;307,72;0,00;1,45
2002.0;7.0;2002-07-01;BRASPINE;SITIO BASILIO;PR;JAGUARIAIVA;8,08;8,08;115,84;13,60;81,09;4,27;33,77;23,35;99,98;292,08;9,25;2,26
2002.0;7.0;2002-07-01;BRASPINE;SITIO DAS MARRECAS;PR;DOUTOR ULYSSES;77,49;35,17;95,32;14,40;85,42;5,54;36,99;25,59;100,00;307,11;0,00;2,76
2002.0;7.0;2002-07-01;BRASPINE;SOBRADINHO;SP;BOM SUCESSO DE ITARARE;285,80;123,10;99,73;13,68;84,39;3,94;37,45;23,74;100,00;299,74;3,94;0,27
2002.0;7.0;2002-07-01;BRASPINE;TAQUARAL;PR;JAGUARIAIVA;519,13;31,07;105,24;13,78;82,23;4,47;35,45;23,51;100,00;297,95;4,47;1,01
2002.0;7.0;2002-07-01;BRASPINE;TUCUNDUVA;PR;SENGES;82,21;60,89;122,33;14,23;79,63;4,51;34,75;24,10;99,53;307,87;4,51;6,96
2002.0;7.0;2002-07-01;BRASPINE;TUCUNDUVA - CHAMMA;;;;;112,45;14,33;79,96;4,55;35,83;24,08;99,41;311,21;4,55;3,01
2002.0;7.0;2002-07-01;BRASPINE;VIENA 1;PR;DOUTOR ULYSSES;263,98;178,34;111,99;13,57;83,97;4,73;36,17;23,90;100,00;301,66;9,60;4,28
2002.0;7.0;2002-07-01;BRASPINE;VIENA 2;PR;CERRO AZUL;140,23;96,54;100,70;14,61;83,42;5,05;35,97;25,99;99,89;307,43;0,00;9,02
2002.0;7.0;2002-07-01;BRASPINE;VITORIA;PR;SENGES;50,54;35,69;97,84;13,71;82,47;4,30;36,56;23,21;99,89;299,08;4,30;8,79
2002.0;7.0;2002-07-01;BRASPINE;VIVEIRO;PR;DOUTOR ULYSSES;405,39;261,22;100,70;13,91;84,81;5,06;37,11;24,41;100,00;307,72;0,00;1,45
2002.0;7.0;2002-07-01;BRASPINE;VO LINO;PR;DOUTOR ULYSSES;164,50;97,89;95,92;14,04;85,22;5,30;37,18;24,98;100,00;314,55;0,00;3,69
2002.0;7.0;2002-07-01;BRASPINE;XAXIM VELHO;;;;;111,16;12,60;83,76;2,14;44,43;22,48;100,00;257,84;22,21;0,65
2002.0;8.0;2002-08-01;BRASPINE;AGUA DOCE;PR;JAGUARIAIVA;238,97;121,99;31,14;17,22;76,91;7,04;35,58;25,61;99,95;333,88;0,00;2,67
2002.0;8.0;2002-08-01;BRASPINE;AMATA;;;;;46,64;18,09;81,44;6,17;36,29;27,97;100,00;276,61;0,00;13,31
2002.0;8.0;2002-08-01;BRASPINE;ANTA BRAVA;;;;;43,30;20,49;70,08;10,95;25,96;29,66;99,53;93,94;0,00;1,29
2002.0;8.0;2002-08-01;BRASPINE;ARAPONGAS;PR;SENGES;423,34;263,70;31,93;17,10;80,75;6,61;37,49;25,76;100,00;374,57;0,00;4,28
2002.0;8.0;2002-08-01;BRASPINE;ARROIO CLARO;PR;DOUTOR ULYSSES;275,14;92,00;43,15;17,12;81,98;6,60;37,30;26,21;100,00;377,05;0,00;1,22
2002.0;8.0;2002-08-01;BRASPINE;BARRA GRANDE;PR;DOUTOR ULYSSES;493,79;139,68;30,09;17,53;81,50;6,69;36,75;26,72;100,00;382,43;0,00;0,91
2002.0;8.0;2002-08-01;BRASPINE;BARRA GRANDE - BEMAIS;PR;GUARAPUAVA;299,16;108,61;35,90;15,81;80,40;4,52;41,09;24,61;100,00;340,67;4,52;7,22
2002.0;8.0;2002-08-01;BRASPINE;BARRETOS;PR;JAGUARIAIVA;43,35;32,98;38,78;17,22;79,34;6,36;38,30;25,87;99,99;349,88;0,00;7,86
2002.0;8.0;2002-08-01;BRASPINE;BAU;;;;;70,42;16,25;77,33;3,95;38,59;24,49;99,89;311,69;8,01;10,91
2002.0;8.0;2002-08-01;BRASPINE;BOA VISTA II;PR;PIRAI DO SUL;944,00;535,05;44,92;17,22;78,47;6,10;38,45;25,95;100,00;304,17;0,00;8,14
2002.0;8.0;2002-08-01;BRASPINE;BRASILEIRA;;;;;28,79;17,10;80,75;6,61;37,49;25,76;100,00;374,57;0,00;4,28
2002.0;8.0;2002-08-01;BRASPINE;BURACAO;;;;;18,67;16,82;80,38;6,45;37,90;25,61;99,84;371,30;0,00;4,03
2002.0;8.0;2002-08-01;BRASPINE;BURRINHO;PR;DOUTOR ULYSSES;211,01;100,37;43,16;17,12;81,98;6,60;37,30;26,21;100,00;377,05;0,00;1,22
2002.0;8.0;2002-08-01;BRASPINE;CADEADO I;PR;JAGUARIAIVA;21,07;12,29;41,30;16,97;80,00;6,49;37,91;25,38;100,00;370,71;0,00;7,08
2002.0;8.0;2002-08-01;BRASPINE;CADEADO II;PR;JAGUARIAIVA;21,88;16,79;41,30;16,97;80,00;6,49;37,91;25,38;100,00;370,71;0,00;7,08
2002.0;8.0;2002-08-01;BRASPINE;CAMPINA ALTA;PR;TIBAGI;29,77;18,24;54,22;17,58;77,66;5,55;36,69;26,44;99,96;316,14;0,00;2,09
2002.0;8.0;2002-08-01;BRASPINE;CAMPINA DO ELIAS;PR;JAGUARIAIVA;29,17;14,65;45,73;17,13;79,58;6,41;38,16;25,67;99,99;361,82;0,00;7,60
2002.0;8.0;2002-08-01;BRASPINE;CAMPO NOVO;PR;JAGUARIAIVA;295,98;156,36;35,55;16,97;80,00;6,49;37,91;25,38;100,00;370,71;0,00;7,08
2002.0;8.0;2002-08-01;BRASPINE;CONSULTORIA II A;PR;DOUTOR ULYSSES;89,62;60,79;29,26;17,10;80,75;6,61;37,49;25,76;100,00;374,57;0,00;4,28
2002.0;8.0;2002-08-01;BRASPINE;DINIZ;;;;;30,03;17,10;80,75;6,61;37,49;25,76;100,00;374,57;0,00;4,28
2002.0;8.0;2002-08-01;BRASPINE;ENES;PR;JAGUARIAIVA;5,93;5,69;36,19;16,97;80,00;6,49;37,91;25,38;100,00;370,71;0,00;7,08
2002.0;8.0;2002-08-01;BRASPINE;ENGENHARIA;;;;;30,03;17,10;80,75;6,61;37,49;25,76;100,00;374,57;0,00;4,28
2002.0;8.0;2002-08-01;BRASPINE;ESTACAO;PR;SENGES;4,76;4,14;41,26;16,97;80,00;6,49;37,91;25,38;100,00;370,71;0,00;7,08
2002.0;8.0;2002-08-01;BRASPINE;FAXINAL;PR;JAGUARIAIVA;20,65;20,65;36,19;16,97;80,00;6,49;37,91;25,38;100,00;370,71;0,00;7,08
2002.0;8.0;2002-08-01;BRASPINE;FEITAL;PR;DOUTOR ULYSSES;154,17;86,53;34,79;17,25;81,00;6,63;37,25;26,08;100,00;377,19;0,00;3,17
2002.0;8.0;2002-08-01;BRASPINE;FIGUEIRA;PR;DOUTOR ULYSSES;1053,81;315,71;45,35;17,12;81,98;6,60;37,30;26,21;100,00;377,05;0,00;1,22
2002.0;8.0;2002-08-01;BRASPINE;FIGUEIRINHA;PR;DOUTOR ULYSSES;94,37;56,74;43,37;17,12;81,98;6,60;37,30;26,21;100,00;377,05;0,00;1,22
2002.0;8.0;2002-08-01;BRASPINE;FLOEMA;PR;DOUTOR ULYSSES;2189,88;701,43;47,95;16,70;81,19;6,62;38,30;25,30;100,00;367,88;0,00;2,05
2002.0;8.0;2002-08-01;BRASPINE;FLOEMA I - SUDATI;;;;;37,93;17,10;80,75;6,61;37,49;25,76;100,00;374,57;0,00;4,28
2002.0;8.0;2002-08-01;BRASPINE;FLOEMA II - SUDATI;PR;DOUTOR ULYSSES;453,83;211,13;40,16;17,10;80,75;6,61;37,49;25,76;100,00;374,57;0,00;4,28
2002.0;8.0;2002-08-01;BRASPINE;FLOR DA SERRA;PR;SAO JOSE DA BOA VISTA;209,10;128,72;32,37;18,97;73,09;7,10;31,48;27,45;99,72;291,64;0,00;5,27
2002.0;8.0;2002-08-01;BRASPINE;GENTIL;PR;JAGUARIAIVA;126,77;53,33;40,20;16,90;77,09;7,40;36,88;25,19;99,78;358,66;0,00;5,65
2002.0;8.0;2002-08-01;BRASPINE;GUAIRACA;PR;GUARAPUAVA;623,62;169,31;42,83;15,86;80,77;4,12;42,34;24,83;100,00;338,40;8,95;10,10
2002.0;8.0;2002-08-01;BRASPINE;HERVAL 2 - MADALOSSO;;;;;21,35;16,82;80,38;6,45;37,90;25,61;99,84;371,30;0,00;4,03
2002.0;8.0;2002-08-01;BRASPINE;HERVAL DE BAIXO;PR;RESERVA;827,29;475,92;69,93;17,39;78,52;5,44;36,97;26,46;99,89;350,90;0,00;2,71
2002.0;8.0;2002-08-01;BRASPINE;HORTO 01;PR;TURVO;19,12;19,12;44,34;16,54;79,89;5,02;40,97;25,28;99,82;315,09;0,00;3,23
2002.0;8.0;2002-08-01;BRASPINE;HORTO 02;PR;TURVO;4,24;4,24;43,52;16,54;79,89;5,02;40,97;25,28;99,82;315,09;0,00;3,23
2002.0;8.0;2002-08-01;BRASPINE;HORTO 03;PR;PRUDENTOPOLIS;80,91;25,89;43,84;16,97;79,68;4,94;39,13;26,11;100,00;355,30;4,94;10,64
2002.0;8.0;2002-08-01;BRASPINE;HORTO 08;PR;TURVO;9,53;9,53;41,32;16,97;79,68;4,94;39,13;26,11;100,00;355,30;4,94;10,64
2002.0;8.0;2002-08-01;BRASPINE;HORTO 12;PR;PRUDENTOPOLIS;12,20;12,20;40,65;16,97;79,68;4,94;39,13;26,11;100,00;355,30;4,94;10,64
2002.0;8.0;2002-08-01;BRASPINE;IZAU;PR;PIRAI DO SUL;19,37;11,60;41,14;16,94;78,00;6,78;38,63;25,58;99,80;378,36;0,00;8,48
2002.0;8.0;2002-08-01;BRASPINE;JOAO RICO;PR;JAGUARIAIVA;47,46;26,18;36,52;17,22;76,91;7,04;35,58;25,61;99,95;333,88;0,00;2,67
2002.0;8.0;2002-08-01;BRASPINE;LAGOA;PR;JAGUARIAIVA;24,10;10,78;39,99;16,97;80,00;6,49;37,91;25,38;100,00;370,71;0,00;7,08
2002.0;8.0;2002-08-01;BRASPINE;MARACANA;PR;JANDAIA DO SUL;11,45;11,45;34,83;20,01;69,47;8,75;26,98;28,68;100,00;96,17;0,00;4,70
2002.0;8.0;2002-08-01;BRASPINE;MARRECA;;;;;43,28;17,12;81,98;6,60;37,30;26,21;100,00;377,05;0,00;1,22
2002.0;8.0;2002-08-01;BRASPINE;MARRECA SP;SP;ITAPIRAPUA PAULISTA;675,30;236,19;44,51;17,71;82,67;6,23;36,70;27,47;100,00;384,86;0,00;0,15
2002.0;8.0;2002-08-01;BRASPINE;MARRECAS;;;;;44,24;15,36;80,50;3,98;41,51;23,98;100,00;327,57;8,35;0,53
2002.0;8.0;2002-08-01;BRASPINE;MERCADINHO;;;;;46,64;17,49;82,00;5,93;36,99;27,05;100,00;380,18;0,00;7,08
2002.0;8.0;2002-08-01;BRASPINE;MONTE ALEGRE;;;;;38,73;20,39;68,96;9,02;26,54;29,32;99,98;98,28;0,00;0,59
2002.0;8.0;2002-08-01;BRASPINE;MONTE TABOR II;;;;;40,10;16,97;84,58;6,74;39,30;26,35;100,00;386,10;0,00;5,14
2002.0;8.0;2002-08-01;BRASPINE;MOREIRA;PR;DOUTOR ULYSSES;230,52;68,68;40,16;17,10;80,75;6,61;37,49;25,76;100,00;374,57;0,00;4,28
2002.0;8.0;2002-08-01;BRASPINE;MOREIRAS II;PR;DOUTOR ULYSSES;66,76;28,75;27,66;17,10;80,75;6,61;37,49;25,76;100,00;374,57;0,00;4,28
2002.0;8.0;2002-08-01;BRASPINE;MORRETES;PR;ORTIGUEIRA;20,36;20,36;53,96;17,71;78,89;5,43;35,58;27,01;99,86;354,81;0,00;5,24
2002.0;8.0;2002-08-01;BRASPINE;MORRO AZUL;;;;;32,75;17,42;80,58;7,20;33,32;26,28;100,00;393,43;0,00;339,46
2002.0;8.0;2002-08-01;BRASPINE;OURO FINO;SP;APIAI;51,70;51,70;28,28;17,09;82,41;7,03;37,22;25,81;100,00;389,13;0,00;14,19
2002.0;8.0;2002-08-01;BRASPINE;PALMEIRINHA DE BAIXO - SOSSEGO;PR;SENGES;85,93;9,22;21,44;17,00;77,09;6,80;31,36;25,41;99,86;369,56;0,00;7,15
2002.0;8.0;2002-08-01;BRASPINE;PAZIN;PR;DOUTOR ULYSSES;41,20;23,90;39,41;17,12;81,98;6,60;37,30;26,21;100,00;377,05;0,00;1,22
2002.0;8.0;2002-08-01;BRASPINE;PEDRAS;PR;CASTRO;7,18;7,18;37,39;16,84;79,36;5,67;41,83;25,36;99,77;372,87;0,00;1,63
2002.0;8.0;2002-08-01;BRASPINE;PESCARIA;PR;SAO JOSE DA BOA VISTA;184,57;129,22;37,65;19,13;72,69;7,25;28,13;27,76;99,46;263,21;0,00;4,48
2002.0;8.0;2002-08-01;BRASPINE;PESSEGUEIRO;PR;DOUTOR ULYSSES;109,95;64,79;48,46;17,10;80,75;6,61;37,49;25,76;100,00;374,57;0,00;4,28
2002.0;8.0;2002-08-01;BRASPINE;PITANGA;;;;;61,22;16,93;76,56;4,69;38,19;25,26;99,96;281,65;9,45;5,70
2002.0;8.0;2002-08-01;BRASPINE;QUEIMADINHO ARROIO CLARO;PR;DOUTOR ULYSSES;48,13;19,09;28,79;17,10;80,75;6,61;37,49;25,76;100,00;374,57;0,00;4,28
2002.0;8.0;2002-08-01;BRASPINE;QUEIMADINHO M6042;PR;DOUTOR ULYSSES;48,38;18,50;28,79;17,10;80,75;6,61;37,49;25,76;100,00;374,57;0,00;4,28
2002.0;8.0;2002-08-01;BRASPINE;QUEIMADINHO USUCAPIAO;PR;DOUTOR ULYSSES;200,27;92,43;28,79;17,10;80,75;6,61;37,49;25,76;100,00;374,57;0,00;4,28
2002.0;8.0;2002-08-01;BRASPINE;RAMOS;PR;SENGES;69,83;38,15;37,93;16,97;80,00;6,49;37,91;25,38;100,00;370,71;0,00;7,08
2002.0;8.0;2002-08-01;BRASPINE;RIBEIRAO GRANDE;PR;JAGUARIAIVA;20,77;20,77;35,37;16,94;78,00;6,78;38,63;25,58;99,80;378,36;0,00;8,48
2002.0;8.0;2002-08-01;BRASPINE;RINCAO DE BAIXO;;;;;31,59;17,17;76,22;6,15;34,64;25,58;99,78;330,53;0,00;0,65
2002.0;8.0;2002-08-01;BRASPINE;RIO BOMBA;PR;CERRO AZUL;65,03;37,72;44,50;17,68;81,59;5,48;37,42;27,23;99,98;368,69;0,00;14,98
2002.0;8.0;2002-08-01;BRASPINE;RIO DO MEIO;PR;DOUTOR ULYSSES;712,33;389,13;27,96;17,10;80,75;6,61;37,49;25,76;100,00;374,57;0,00;4,28
2002.0;8.0;2002-08-01;BRASPINE;RONDON;PR;JAGUARIAIVA;2899,24;1475,88;28,96;16,96;77,88;6,42;34,64;25,37;99,89;369,04;0,00;18,97
2002.0;8.0;2002-08-01;BRASPINE;SANTA FELICIDADE;;;;;40,80;18,01;83,24;6,37;36,48;28,28;100,00;358,07;0,00;0,97
2002.0;8.0;2002-08-01;BRASPINE;SANTA LIDIA DO CERCADINHO;;;;;38,52;16,89;76,08;6,34;34,79;25,07;99,76;356,63;0,00;1,59
2002.0;8.0;2002-08-01;BRASPINE;SANTO ANTONIO;;;;;25,51;17,01;77,69;6,68;30,79;25,64;100,00;368,36;0,00;3,92
2002.0;8.0;2002-08-01;BRASPINE;SAO JOSE;PR;JANDAIA DO SUL;37,56;37,56;39,35;20,26;69,10;8,96;26,80;29,09;100,00;97,69;0,00;1,69
2002.0;8.0;2002-08-01;BRASPINE;SAO MATHEUS;;;;;49,08;21,19;69,19;8,60;26,36;30,94;99,93;69,13;0,00;3,85
2002.0;8.0;2002-08-01;BRASPINE;SAO PEDRO E SAO PAULO;PR;SAPOPEMA;709,13;323,93;65,78;18,31;73,51;8,27;33,73;26,36;99,77;368,23;0,00;0,26
2002.0;8.0;2002-08-01;BRASPINE;SAO RAFAEL;;;;;42,03;16,27;81,33;4,48;37,10;25,60;99,63;362,50;4,48;18,00
2002.0;8.0;2002-08-01;BRASPINE;SAO RAFAEL - PB;;;;;25,55;17,24;81,89;7,16;35,88;25,94;100,00;377,67;0,00;15,66
2002.0;8.0;2002-08-01;BRASPINE;SERRARIA;PR;DOUTOR ULYSSES;280,88;117,71;50,17;16,91;81,59;6,61;37,80;25,75;100,00;372,45;0,00;1,64
2002.0;8.0;2002-08-01;BRASPINE;SERRO VERDE;;;;;69,50;16,59;76,23;4,46;36,80;25,06;99,92;276,07;8,92;2,87
2002.0;8.0;2002-08-01;BRASPINE;SERTAOZINHO;PR;DOUTOR ULYSSES;16,25;16,25;31,05;17,10;80,75;6,61;37,49;25,76;100,00;374,57;0,00;4,28
2002.0;8.0;2002-08-01;BRASPINE;SITIO BASILIO;PR;JAGUARIAIVA;8,08;8,08;31,00;16,98;76,75;7,50;35,85;25,18;99,82;358,45;0,00;3,93
2002.0;8.0;2002-08-01;BRASPINE;SITIO DAS MARRECAS;PR;DOUTOR ULYSSES;77,49;35,17;42,74;17,54;82,47;6,34;36,87;27,11;100,00;382,63;0,00;0,46
2002.0;8.0;2002-08-01;BRASPINE;SOBRADINHO;SP;BOM SUCESSO DE ITARARE;285,80;123,10;27,11;16,91;79,14;6,50;32,24;25,56;100,00;381,32;0,00;5,70
2002.0;8.0;2002-08-01;BRASPINE;TAQUARAL;PR;JAGUARIAIVA;519,13;31,07;34,96;17,16;77,74;6,51;35,78;25,65;100,00;346,05;0,00;0,40
2002.0;8.0;2002-08-01;BRASPINE;TUCUNDUVA;PR;SENGES;82,21;60,89;18,35;17,67;74,38;6,45;30,28;25,88;99,57;365,99;0,00;1,28
2002.0;8.0;2002-08-01;BRASPINE;TUCUNDUVA - CHAMMA;;;;;22,78;17,74;74,58;6,73;29,96;26,06;99,63;370,26;0,00;11,00
2002.0;8.0;2002-08-01;BRASPINE;VIENA 1;PR;DOUTOR ULYSSES;263,98;178,34;43,20;16,72;80,35;6,74;39,78;25,00;100,00;370,86;0,00;2,02
2002.0;8.0;2002-08-01;BRASPINE;VIENA 2;PR;CERRO AZUL;140,23;96,54;45,32;17,68;81,59;5,48;37,42;27,23;99,98;368,69;0,00;14,98
2002.0;8.0;2002-08-01;BRASPINE;VITORIA;PR;SENGES;50,54;35,69;21,44;17,00;77,09;6,80;31,36;25,41;99,86;369,56;0,00;7,15
2002.0;8.0;2002-08-01;BRASPINE;VIVEIRO;PR;DOUTOR ULYSSES;405,39;261,22;27,66;17,10;80,75;6,61;37,49;25,76;100,00;374,57;0,00;4,28
2002.0;8.0;2002-08-01;BRASPINE;VO LINO;PR;DOUTOR ULYSSES;164,50;97,89;43,33;17,12;81,98;6,60;37,30;26,21;100,00;377,05;0,00;1,22
2002.0;8.0;2002-08-01;BRASPINE;XAXIM VELHO;;;;;62,73;15,51;80,80;3,35;42,89;24,13;100,00;335,40;7,65;2,66
2002.0;9.0;2002-09-01;BRASPINE;AGUA DOCE;PR;JAGUARIAIVA;238,97;121,99;151,26;15,89;75,98;2,15;34,13;27,68;99,19;265,27;6,21;2,15
2002.0;9.0;2002-09-01;BRASPINE;AMATA;;;;;164,11;17,04;77,32;1,91;32,69;30,80;99,97;236,10;6,60;0,27
2002.0;9.0;2002-09-01;BRASPINE;ANTA BRAVA;;;;;82,86;19,32;68,46;6,16;23,47;32,11;96,31;186,63;0,00;21,02
2002.0;9.0;2002-09-01;BRASPINE;ARAPONGAS;PR;SENGES;423,34;263,70;144,38;15,85;78,70;2,30;32,62;28,60;100,00;265,65;5,44;2,51
2002.0;9.0;2002-09-01;BRASPINE;ARROIO CLARO;PR;DOUTOR ULYSSES;275,14;92,00;147,20;15,95;79,24;1,67;33,39;28,98;100,00;268,87;4,98;0,23
2002.0;9.0;2002-09-01;BRASPINE;BARRA GRANDE;PR;DOUTOR ULYSSES;493,79;139,68;136,27;16,26;78,81;2,25;31,77;29,63;100,00;273,44;6,01;0,45
2002.0;9.0;2002-09-01;BRASPINE;BARRA GRANDE - BEMAIS;PR;GUARAPUAVA;299,16;108,61;208,44;14,97;77,84;0,38;38,18;25,67;99,99;279,08;9,11;7,06
2002.0;9.0;2002-09-01;BRASPINE;BARRETOS;PR;JAGUARIAIVA;43,35;32,98;147,38;15,86;77,97;2,54;34,62;28,37;99,90;250,66;5,52;3,22
2002.0;9.0;2002-09-01;BRASPINE;BAU;;;;;206,54;15,07;77,04;-0,32;38,30;25,72;99,86;226,97;5,38;7,15
2002.0;9.0;2002-09-01;BRASPINE;BOA VISTA II;PR;PIRAI DO SUL;944,00;535,05;149,22;15,86;77,11;2,08;35,04;28,11;99,90;250,34;11,18;1,61
2002.0;9.0;2002-09-01;BRASPINE;BRASILEIRA;;;;;134,83;15,85;78,70;2,30;32,62;28,60;100,00;265,65;5,44;2,51
2002.0;9.0;2002-09-01;BRASPINE;BURACAO;;;;;172,90;15,54;78,28;0,89;37,13;27,92;99,54;261,76;7,16;3,67
2002.0;9.0;2002-09-01;BRASPINE;BURRINHO;PR;DOUTOR ULYSSES;211,01;100,37;147,27;15,95;79,24;1,67;33,39;28,98;100,00;268,87;4,98;0,23
2002.0;9.0;2002-09-01;BRASPINE;CADEADO I;PR;JAGUARIAIVA;21,07;12,29;143,72;15,70;78,42;2,40;33,54;28,14;100,00;261,56;5,20;1,98
2002.0;9.0;2002-09-01;BRASPINE;CADEADO II;PR;JAGUARIAIVA;21,88;16,79;143,72;15,70;78,42;2,40;33,54;28,14;100,00;261,56;5,20;1,98
2002.0;9.0;2002-09-01;BRASPINE;CAMPINA ALTA;PR;TIBAGI;29,77;18,24;217,69;16,62;75,61;1,26;35,98;28,46;99,91;251,63;11,53;3,64
2002.0;9.0;2002-09-01;BRASPINE;CAMPINA DO ELIAS;PR;JAGUARIAIVA;29,17;14,65;145,31;15,80;78,14;2,64;34,23;28,29;99,80;249,26;5,41;3,68
2002.0;9.0;2002-09-01;BRASPINE;CAMPO NOVO;PR;JAGUARIAIVA;295,98;156,36;145,36;15,70;78,42;2,40;33,54;28,14;100,00;261,56;5,20;1,98
2002.0;9.0;2002-09-01;BRASPINE;CONSULTORIA II A;PR;DOUTOR ULYSSES;89,62;60,79;138,73;15,85;78,70;2,30;32,62;28,60;100,00;265,65;5,44;2,51
2002.0;9.0;2002-09-01;BRASPINE;DINIZ;;;;;140,76;15,85;78,70;2,30;32,62;28,60;100,00;265,65;5,44;2,51
2002.0;9.0;2002-09-01;BRASPINE;ENES;PR;JAGUARIAIVA;5,93;5,69;145,40;15,70;78,42;2,40;33,54;28,14;100,00;261,56;5,20;1,98
2002.0;9.0;2002-09-01;BRASPINE;ENGENHARIA;;;;;140,76;15,85;78,70;2,30;32,62;28,60;100,00;265,65;5,44;2,51
2002.0;9.0;2002-09-01;BRASPINE;ESTACAO;PR;SENGES;4,76;4,14;140,15;15,70;78,42;2,40;33,54;28,14;100,00;261,56;5,20;1,98
2002.0;9.0;2002-09-01;BRASPINE;FAXINAL;PR;JAGUARIAIVA;20,65;20,65;145,40;15,70;78,42;2,40;33,54;28,14;100,00;261,56;5,20;1,98
2002.0;9.0;2002-09-01;BRASPINE;FEITAL;PR;DOUTOR ULYSSES;154,17;86,53;138,50;15,99;78,73;2,28;32,34;28,94;100,00;268,24;5,63;1,36
2002.0;9.0;2002-09-01;BRASPINE;FIGUEIRA;PR;DOUTOR ULYSSES;1053,81;315,71;142,94;15,95;79,24;1,67;33,39;28,98;100,00;268,87;4,98;0,23
2002.0;9.0;2002-09-01;BRASPINE;FIGUEIRINHA;PR;DOUTOR ULYSSES;94,37;56,74;144,70;15,95;79,24;1,67;33,39;28,98;100,00;268,87;4,98;0,23
2002.0;9.0;2002-09-01;BRASPINE;FLOEMA;PR;DOUTOR ULYSSES;2189,88;701,43;145,47;15,52;79,08;1,12;34,28;27,98;100,00;258,75;8,75;2,51
2002.0;9.0;2002-09-01;BRASPINE;FLOEMA I - SUDATI;;;;;136,50;15,85;78,70;2,30;32,62;28,60;100,00;265,65;5,44;2,51
2002.0;9.0;2002-09-01;BRASPINE;FLOEMA II - SUDATI;PR;DOUTOR ULYSSES;453,83;211,13;138,48;15,85;78,70;2,30;32,62;28,60;100,00;265,65;5,44;2,51
2002.0;9.0;2002-09-01;BRASPINE;FLOR DA SERRA;PR;SAO JOSE DA BOA VISTA;209,10;128,72;120,54;17,93;70,66;3,31;30,97;29,92;97,58;223,11;8,14;11,56
2002.0;9.0;2002-09-01;BRASPINE;GENTIL;PR;JAGUARIAIVA;126,77;53,33;148,16;15,61;76,29;1,68;36,72;27,14;98,91;260,80;10,92;5,45
2002.0;9.0;2002-09-01;BRASPINE;GUAIRACA;PR;GUARAPUAVA;623,62;169,31;214,62;14,99;78,13;0,43;37,66;25,96;99,98;247,72;8,11;9,91
2002.0;9.0;2002-09-01;BRASPINE;HERVAL 2 - MADALOSSO;;;;;173,82;15,54;78,28;0,89;37,13;27,92;99,54;261,76;7,16;3,67
2002.0;9.0;2002-09-01;BRASPINE;HERVAL DE BAIXO;PR;RESERVA;827,29;475,92;212,35;16,53;76,18;1,08;35,95;28,46;99,81;260,02;10,14;88,08
2002.0;9.0;2002-09-01;BRASPINE;HORTO 01;PR;TURVO;19,12;19,12;202,06;15,57;78,07;0,22;40,25;26,69;99,69;240,96;8,19;7,76
2002.0;9.0;2002-09-01;BRASPINE;HORTO 02;PR;TURVO;4,24;4,24;202,77;15,57;78,07;0,22;40,25;26,69;99,69;240,96;8,19;7,76
2002.0;9.0;2002-09-01;BRASPINE;HORTO 03;PR;PRUDENTOPOLIS;80,91;25,89;196,01;16,05;77,27;0,61;38,11;27,46;99,86;237,27;9,68;5,24
2002.0;9.0;2002-09-01;BRASPINE;HORTO 08;PR;TURVO;9,53;9,53;201,22;16,05;77,27;0,61;38,11;27,46;99,86;237,27;9,68;5,24
2002.0;9.0;2002-09-01;BRASPINE;HORTO 12;PR;PRUDENTOPOLIS;12,20;12,20;190,85;16,05;77,27;0,61;38,11;27,46;99,86;237,27;9,68;5,24
2002.0;9.0;2002-09-01;BRASPINE;IZAU;PR;PIRAI DO SUL;19,37;11,60;150,76;15,57;77,25;1,50;37,82;27,43;99,27;246,74;10,65;0,54
2002.0;9.0;2002-09-01;BRASPINE;JOAO RICO;PR;JAGUARIAIVA;47,46;26,18;149,21;15,89;75,98;2,15;34,13;27,68;99,19;265,27;6,21;2,15
2002.0;9.0;2002-09-01;BRASPINE;LAGOA;PR;JAGUARIAIVA;24,10;10,78;144,19;15,70;78,42;2,40;33,54;28,14;100,00;261,56;5,20;1,98
2002.0;9.0;2002-09-01;BRASPINE;MARACANA;PR;JANDAIA DO SUL;11,45;11,45;153,62;19,04;68,61;4,17;32,44;31,27;99,23;193,43;8,48;4,21
2002.0;9.0;2002-09-01;BRASPINE;MARRECA;;;;;147,70;15,95;79,24;1,67;33,39;28,98;100,00;268,87;4,98;0,23
2002.0;9.0;2002-09-01;BRASPINE;MARRECA SP;SP;ITAPIRAPUA PAULISTA;675,30;236,19;141,19;16,55;78,96;1,83;32,02;30,35;100,00;265,35;6,02;3,03
2002.0;9.0;2002-09-01;BRASPINE;MARRECAS;;;;;219,28;14,45;78,24;-0,06;37,61;25,01;100,00;264,21;11,40;7,88
2002.0;9.0;2002-09-01;BRASPINE;MERCADINHO;;;;;144,72;16,44;78,33;1,63;32,74;29,86;99,97;280,36;5,53;0,21
2002.0;9.0;2002-09-01;BRASPINE;MONTE ALEGRE;;;;;161,15;19,51;67,79;4,41;31,30;31,93;99,05;168,61;9,05;2,71
2002.0;9.0;2002-09-01;BRASPINE;MONTE TABOR II;;;;;129,56;15,92;80,56;1,34;32,03;29,33;99,94;269,47;5,17;17,00
2002.0;9.0;2002-09-01;BRASPINE;MOREIRA;PR;DOUTOR ULYSSES;230,52;68,68;138,48;15,85;78,70;2,30;32,62;28,60;100,00;265,65;5,44;2,51
2002.0;9.0;2002-09-01;BRASPINE;MOREIRAS II;PR;DOUTOR ULYSSES;66,76;28,75;138,75;15,85;78,70;2,30;32,62;28,60;100,00;265,65;5,44;2,51
2002.0;9.0;2002-09-01;BRASPINE;MORRETES;PR;ORTIGUEIRA;20,36;20,36;221,72;16,93;76,42;0,87;35,53;29,13;99,59;234,73;10,13;1,07
2002.0;9.0;2002-09-01;BRASPINE;MORRO AZUL;;;;;129,28;16,08;78,57;3,62;30,32;29,27;100,00;268,10;7,94;1,63
2002.0;9.0;2002-09-01;BRASPINE;OURO FINO;SP;APIAI;51,70;51,70;128,42;15,78;79,96;2,17;30,94;28,99;100,00;262,14;5,81;7,07
2002.0;9.0;2002-09-01;BRASPINE;PALMEIRINHA DE BAIXO - SOSSEGO;PR;SENGES;85,93;9,22;135,67;15,72;76,39;2,79;30,53;27,70;99,45;260,98;7,08;1,02
2002.0;9.0;2002-09-01;BRASPINE;PAZIN;PR;DOUTOR ULYSSES;41,20;23,90;141,66;15,95;79,24;1,67;33,39;28,98;100,00;268,87;4,98;0,23
2002.0;9.0;2002-09-01;BRASPINE;PEDRAS;PR;CASTRO;7,18;7,18;151,53;15,50;78,10;1,25;39,85;27,18;99,25;243,68;8,05;3,26
2002.0;9.0;2002-09-01;BRASPINE;PESCARIA;PR;SAO JOSE DA BOA VISTA;184,57;129,22;125,98;18,04;70,71;3,65;30,23;30,33;97,19;208,90;8,51;1,53
2002.0;9.0;2002-09-01;BRASPINE;PESSEGUEIRO;PR;DOUTOR ULYSSES;109,95;64,79;146,36;15,85;78,70;2,30;32,62;28,60;100,00;265,65;5,44;2,51
2002.0;9.0;2002-09-01;BRASPINE;PITANGA;;;;;189,65;15,82;75,94;0,31;39,26;26,80;99,80;245,03;7,99;5,10
2002.0;9.0;2002-09-01;BRASPINE;QUEIMADINHO ARROIO CLARO;PR;DOUTOR ULYSSES;48,13;19,09;134,83;15,85;78,70;2,30;32,62;28,60;100,00;265,65;5,44;2,51
2002.0;9.0;2002-09-01;BRASPINE;QUEIMADINHO M6042;PR;DOUTOR ULYSSES;48,38;18,50;134,83;15,85;78,70;2,30;32,62;28,60;100,00;265,65;5,44;2,51
2002.0;9.0;2002-09-01;BRASPINE;QUEIMADINHO USUCAPIAO;PR;DOUTOR ULYSSES;200,27;92,43;134,83;15,85;78,70;2,30;32,62;28,60;100,00;265,65;5,44;2,51
2002.0;9.0;2002-09-01;BRASPINE;RAMOS;PR;SENGES;69,83;38,15;136,50;15,70;78,42;2,40;33,54;28,14;100,00;261,56;5,20;1,98
2002.0;9.0;2002-09-01;BRASPINE;RIBEIRAO GRANDE;PR;JAGUARIAIVA;20,77;20,77;153,71;15,57;77,25;1,50;37,82;27,43;99,27;246,74;10,65;0,54
2002.0;9.0;2002-09-01;BRASPINE;RINCAO DE BAIXO;;;;;195,37;16,12;74,48;1,63;35,40;27,53;99,31;222,12;11,98;6,07
2002.0;9.0;2002-09-01;BRASPINE;RIO BOMBA;PR;CERRO AZUL;65,03;37,72;160,62;16,69;77,73;1,29;34,86;30,07;99,89;257,73;5,36;2,26
2002.0;9.0;2002-09-01;BRASPINE;RIO DO MEIO;PR;DOUTOR ULYSSES;712,33;389,13;137,72;15,85;78,70;2,30;32,62;28,60;100,00;265,65;5,44;2,51
2002.0;9.0;2002-09-01;BRASPINE;RONDON;PR;JAGUARIAIVA;2899,24;1475,88;146,60;15,71;76,84;2,66;32,23;27,64;99,57;260,30;6,16;3,74
2002.0;9.0;2002-09-01;BRASPINE;SANTA FELICIDADE;;;;;135,69;16,88;78,89;1,98;30,85;31,18;100,00;240,74;6,78;0,18
2002.0;9.0;2002-09-01;BRASPINE;SANTA LIDIA DO CERCADINHO;;;;;193,34;15,82;74,57;1,42;35,76;27,01;99,43;247,76;11,75;5,46
2002.0;9.0;2002-09-01;BRASPINE;SANTO ANTONIO;;;;;133,66;15,74;76,56;2,91;28,94;27,99;99,92;260,57;2,91;24,64
2002.0;9.0;2002-09-01;BRASPINE;SAO JOSE;PR;JANDAIA DO SUL;37,56;37,56;160,79;19,35;68,01;4,39;31,70;31,67;99,23;196,97;8,94;3,11
2002.0;9.0;2002-09-01;BRASPINE;SAO MATHEUS;;;;;150,54;20,51;67,05;3,94;29,88;33,52;98,97;128,44;3,94;1,85
2002.0;9.0;2002-09-01;BRASPINE;SAO PEDRO E SAO PAULO;PR;SAPOPEMA;709,13;323,93;169,82;17,39;71,13;3,89;33,54;28,67;99,03;267,75;8,12;0,31
2002.0;9.0;2002-09-01;BRASPINE;SAO RAFAEL;;;;;190,82;15,21;78,11;1,56;37,85;27,98;99,19;259,84;11,60;4,75
2002.0;9.0;2002-09-01;BRASPINE;SAO RAFAEL - PB;;;;;129,78;15,89;79,63;2,96;30,69;29,19;100,00;265,24;6,65;7,49
2002.0;9.0;2002-09-01;BRASPINE;SERRARIA;PR;DOUTOR ULYSSES;280,88;117,71;146,06;15,73;79,16;1,40;33,89;28,48;100,00;263,81;4,41;1,37
2002.0;9.0;2002-09-01;BRASPINE;SERRO VERDE;;;;;212,63;15,40;76,08;0,18;37,24;26,06;99,91;222,50;2,24;12,21
2002.0;9.0;2002-09-01;BRASPINE;SERTAOZINHO;PR;DOUTOR ULYSSES;16,25;16,25;139,22;15,85;78,70;2,30;32,62;28,60;100,00;265,65;5,44;2,51
2002.0;9.0;2002-09-01;BRASPINE;SITIO BASILIO;PR;JAGUARIAIVA;8,08;8,08;151,29;15,70;75,91;1,87;35,65;27,20;98,85;261,59;11,15;2,04
2002.0;9.0;2002-09-01;BRASPINE;SITIO DAS MARRECAS;PR;DOUTOR ULYSSES;77,49;35,17;143,54;16,37;79,04;1,79;32,41;29,95;100,00;262,17;5,73;0,09
2002.0;9.0;2002-09-01;BRASPINE;SOBRADINHO;SP;BOM SUCESSO DE ITARARE;285,80;123,10;125,50;15,61;77,81;3,04;29,36;28,03;99,99;257,92;3,04;323,89
2002.0;9.0;2002-09-01;BRASPINE;TAQUARAL;PR;JAGUARIAIVA;519,13;31,07;148,56;15,88;76,53;2,49;33,08;27,82;99,79;263,58;6,27;3,12
2002.0;9.0;2002-09-01;BRASPINE;TUCUNDUVA;PR;SENGES;82,21;60,89;151,68;16,50;73,25;2,68;31,14;28,21;97,47;277,68;5,87;1,09
2002.0;9.0;2002-09-01;BRASPINE;TUCUNDUVA - CHAMMA;;;;;148,50;16,52;73,76;3,16;30,92;28,38;97,76;279,80;6,54;21,91
2002.0;9.0;2002-09-01;BRASPINE;VIENA 1;PR;DOUTOR ULYSSES;263,98;178,34;151,89;15,41;78,84;0,80;36,11;27,51;99,98;241,10;7,78;2,97
2002.0;9.0;2002-09-01;BRASPINE;VIENA 2;PR;CERRO AZUL;140,23;96,54;160,74;16,69;77,73;1,29;34,86;30,07;99,89;257,73;5,36;2,26
2002.0;9.0;2002-09-01;BRASPINE;VITORIA;PR;SENGES;50,54;35,69;135,67;15,72;76,39;2,79;30,53;27,70;99,45;260,98;7,08;1,02
2002.0;9.0;2002-09-01;BRASPINE;VIVEIRO;PR;DOUTOR ULYSSES;405,39;261,22;138,75;15,85;78,70;2,30;32,62;28,60;100,00;265,65;5,44;2,51
2002.0;9.0;2002-09-01;BRASPINE;VO LINO;PR;DOUTOR ULYSSES;164,50;97,89;147,86;15,95;79,24;1,67;33,39;28,98;100,00;268,87;4,98;0,23
2002.0;9.0;2002-09-01;BRASPINE;XAXIM VELHO;;;;;221,63;14,46;78,80;-0,11;36,88;25,37;100,00;237,22;11,08;0,96
2002.0;10.0;2002-10-01;BRASPINE;AGUA DOCE;PR;JAGUARIAIVA;238,97;121,99;88,66;20,70;77,89;11,58;30,47;30,72;99,75;145,34;0,00;0,23
2002.0;10.0;2002-10-01;BRASPINE;AMATA;;;;;140,16;21,77;80,59;12,93;28,70;32,92;99,99;69,14;0,00;1,89
2002.0;10.0;2002-10-01;BRASPINE;ANTA BRAVA;;;;;69,49;24,35;66,05;15,37;18,40;35,76;96,79;0,00;0,00;1,20
2002.0;10.0;2002-10-01;BRASPINE;ARAPONGAS;PR;SENGES;423,34;263,70;107,74;20,51;81,40;12,02;27,55;31,19;100,00;133,64;0,00;1,88
2002.0;10.0;2002-10-01;BRASPINE;ARROIO CLARO;PR;DOUTOR ULYSSES;275,14;92,00;125,76;20,58;82,46;12,30;28,29;31,52;100,00;121,18;0,00;0,79
2002.0;10.0;2002-10-01;BRASPINE;BARRA GRANDE;PR;DOUTOR ULYSSES;493,79;139,68;133,92;20,92;81,69;12,27;26,79;32,26;100,00;122,27;0,00;0,32
2002.0;10.0;2002-10-01;BRASPINE;BARRA GRANDE - BEMAIS;PR;GUARAPUAVA;299,16;108,61;171,82;19,61;84,94;11,48;39,87;28,65;99,99;147,13;0,00;7,91
2002.0;10.0;2002-10-01;BRASPINE;BARRETOS;PR;JAGUARIAIVA;43,35;32,98;104,26;20,55;80,57;11,47;29,13;30,69;100,00;144,69;0,00;7,16
2002.0;10.0;2002-10-01;BRASPINE;BAU;;;;;177,94;19,82;84,19;12,08;43,18;28,13;99,94;120,69;0,00;3,27
2002.0;10.0;2002-10-01;BRASPINE;BOA VISTA II;PR;PIRAI DO SUL;944,00;535,05;103,99;20,60;79,82;11,31;30,74;30,47;99,91;143,11;0,00;9,06
2002.0;10.0;2002-10-01;BRASPINE;BRASILEIRA;;;;;129,93;20,51;81,40;12,02;27,55;31,19;100,00;133,64;0,00;1,88
2002.0;10.0;2002-10-01;BRASPINE;BURACAO;;;;;110,29;20,18;82,88;11,60;34,40;30,10;99,86;146,83;0,00;1,87
2002.0;10.0;2002-10-01;BRASPINE;BURRINHO;PR;DOUTOR ULYSSES;211,01;100,37;125,79;20,58;82,46;12,30;28,29;31,52;100,00;121,18;0,00;0,79
2002.0;10.0;2002-10-01;BRASPINE;CADEADO I;PR;JAGUARIAIVA;21,07;12,29;108,54;20,36;80,97;11,68;28,23;30,68;100,00;130,93;0,00;4,68
2002.0;10.0;2002-10-01;BRASPINE;CADEADO II;PR;JAGUARIAIVA;21,88;16,79;108,54;20,36;80,97;11,68;28,23;30,68;100,00;130,93;0,00;4,68
2002.0;10.0;2002-10-01;BRASPINE;CAMPINA ALTA;PR;TIBAGI;29,77;18,24;109,23;21,45;79,75;13,21;34,65;30,92;99,97;70,34;0,00;0,98
2002.0;10.0;2002-10-01;BRASPINE;CAMPINA DO ELIAS;PR;JAGUARIAIVA;29,17;14,65;110,12;20,48;80,71;11,55;28,80;30,67;100,00;145,20;0,00;6,30
2002.0;10.0;2002-10-01;BRASPINE;CAMPO NOVO;PR;JAGUARIAIVA;295,98;156,36;103,74;20,36;80,97;11,68;28,23;30,68;100,00;130,93;0,00;4,68
2002.0;10.0;2002-10-01;BRASPINE;CONSULTORIA II A;PR;DOUTOR ULYSSES;89,62;60,79;125,60;20,51;81,40;12,02;27,55;31,19;100,00;133,64;0,00;1,88
2002.0;10.0;2002-10-01;BRASPINE;DINIZ;;;;;120,61;20,51;81,40;12,02;27,55;31,19;100,00;133,64;0,00;1,88
2002.0;10.0;2002-10-01;BRASPINE;ENES;PR;JAGUARIAIVA;5,93;5,69;103,21;20,36;80,97;11,68;28,23;30,68;100,00;130,93;0,00;4,68
2002.0;10.0;2002-10-01;BRASPINE;ENGENHARIA;;;;;120,61;20,51;81,40;12,02;27,55;31,19;100,00;133,64;0,00;1,88
2002.0;10.0;2002-10-01;BRASPINE;ESTACAO;PR;SENGES;4,76;4,14;115,24;20,36;80,97;11,68;28,23;30,68;100,00;130,93;0,00;4,68
2002.0;10.0;2002-10-01;BRASPINE;FAXINAL;PR;JAGUARIAIVA;20,65;20,65;103,21;20,36;80,97;11,68;28,23;30,68;100,00;130,93;0,00;4,68
2002.0;10.0;2002-10-01;BRASPINE;FEITAL;PR;DOUTOR ULYSSES;154,17;86,53;131,34;20,65;81,50;12,13;27,30;31,55;100,00;134,88;0,00;0,96
2002.0;10.0;2002-10-01;BRASPINE;FIGUEIRA;PR;DOUTOR ULYSSES;1053,81;315,71;127,99;20,58;82,46;12,30;28,29;31,52;100,00;121,18;0,00;0,79
2002.0;10.0;2002-10-01;BRASPINE;FIGUEIRINHA;PR;DOUTOR ULYSSES;94,37;56,74;134,93;20,58;82,46;12,30;28,29;31,52;100,00;121,18;0,00;0,79
2002.0;10.0;2002-10-01;BRASPINE;FLOEMA;PR;DOUTOR ULYSSES;2189,88;701,43;124,96;20,15;82,21;11,87;28,68;30,73;100,00;146,48;0,00;1,19
2002.0;10.0;2002-10-01;BRASPINE;FLOEMA I - SUDATI;;;;;115,27;20,51;81,40;12,02;27,55;31,19;100,00;133,64;0,00;1,88
2002.0;10.0;2002-10-01;BRASPINE;FLOEMA II - SUDATI;PR;DOUTOR ULYSSES;453,83;211,13;121,36;20,51;81,40;12,02;27,55;31,19;100,00;133,64;0,00;1,88
2002.0;10.0;2002-10-01;BRASPINE;FLOR DA SERRA;PR;SAO JOSE DA BOA VISTA;209,10;128,72;86,37;23,05;69,85;14,25;26,86;32,83;98,48;43,49;0,00;1,01
2002.0;10.0;2002-10-01;BRASPINE;GENTIL;PR;JAGUARIAIVA;126,77;53,33;90,24;20,40;78,37;11,52;32,36;29,96;99,64;143,77;0,00;4,22
2002.0;10.0;2002-10-01;BRASPINE;GUAIRACA;PR;GUARAPUAVA;623,62;169,31;166,75;19,67;84,95;11,36;39,97;28,92;100,00;147,39;0,00;3,03
2002.0;10.0;2002-10-01;BRASPINE;HERVAL 2 - MADALOSSO;;;;;106,48;20,18;82,88;11,60;34,40;30,10;99,86;146,83;0,00;1,87
2002.0;10.0;2002-10-01;BRASPINE;HERVAL DE BAIXO;PR;RESERVA;827,29;475,92;108,90;21,37;80,66;12,95;34,55;30,90;99,86;55,48;0,00;7,26
2002.0;10.0;2002-10-01;BRASPINE;HORTO 01;PR;TURVO;19,12;19,12;169,17;20,43;84,41;12,26;42,72;29,39;99,71;139,38;0,00;0,09
2002.0;10.0;2002-10-01;BRASPINE;HORTO 02;PR;TURVO;4,24;4,24;171,06;20,43;84,41;12,26;42,72;29,39;99,71;139,38;0,00;0,09
2002.0;10.0;2002-10-01;BRASPINE;HORTO 03;PR;PRUDENTOPOLIS;80,91;25,89;158,68;20,94;83,43;12,49;39,70;30,22;99,87;127,31;0,00;2,90
2002.0;10.0;2002-10-01;BRASPINE;HORTO 08;PR;TURVO;9,53;9,53;164,46;20,94;83,43;12,49;39,70;30,22;99,87;127,31;0,00;2,90
2002.0;10.0;2002-10-01;BRASPINE;HORTO 12;PR;PRUDENTOPOLIS;12,20;12,20;151,95;20,94;83,43;12,49;39,70;30,22;99,87;127,31;0,00;2,90
2002.0;10.0;2002-10-01;BRASPINE;IZAU;PR;PIRAI DO SUL;19,37;11,60;96,78;20,31;79,87;11,13;32,37;29,82;99,75;141,67;0,00;9,62
2002.0;10.0;2002-10-01;BRASPINE;JOAO RICO;PR;JAGUARIAIVA;47,46;26,18;90,49;20,70;77,89;11,58;30,47;30,72;99,75;145,34;0,00;0,23
2002.0;10.0;2002-10-01;BRASPINE;LAGOA;PR;JAGUARIAIVA;24,10;10,78;108,74;20,36;80,97;11,68;28,23;30,68;100,00;130,93;0,00;4,68
2002.0;10.0;2002-10-01;BRASPINE;MARACANA;PR;JANDAIA DO SUL;11,45;11,45;89,87;24,09;70,33;16,35;25,18;33,77;99,70;0,00;0,00;0,88
2002.0;10.0;2002-10-01;BRASPINE;MARRECA;;;;;126,73;20,58;82,46;12,30;28,29;31,52;100,00;121,18;0,00;0,79
2002.0;10.0;2002-10-01;BRASPINE;MARRECA SP;SP;ITAPIRAPUA PAULISTA;675,30;236,19;134,76;21,16;82,42;12,73;27,45;32,79;100,00;95,52;0,00;0,18
2002.0;10.0;2002-10-01;BRASPINE;MARRECAS;;;;;180,32;19,02;85,86;11,00;40,79;27,99;100,00;171,73;0,00;0,34
2002.0;10.0;2002-10-01;BRASPINE;MERCADINHO;;;;;141,42;21,12;81,62;12,88;28,11;32,26;100,00;66,34;0,00;1,29
2002.0;10.0;2002-10-01;BRASPINE;MONTE ALEGRE;;;;;79,10;24,61;69,37;16,90;24,28;34,31;99,42;0,00;0,00;0,39
2002.0;10.0;2002-10-01;BRASPINE;MONTE TABOR II;;;;;90,21;20,64;83,37;13,04;29,74;32,39;100,00;97,63;0,00;1,43
2002.0;10.0;2002-10-01;BRASPINE;MOREIRA;PR;DOUTOR ULYSSES;230,52;68,68;121,36;20,51;81,40;12,02;27,55;31,19;100,00;133,64;0,00;1,88
2002.0;10.0;2002-10-01;BRASPINE;MOREIRAS II;PR;DOUTOR ULYSSES;66,76;28,75;126,24;20,51;81,40;12,02;27,55;31,19;100,00;133,64;0,00;1,88
2002.0;10.0;2002-10-01;BRASPINE;MORRETES;PR;ORTIGUEIRA;20,36;20,36;105,91;21,91;79,86;13,36;32,99;31,69;99,71;42,02;0,00;0,42
2002.0;10.0;2002-10-01;BRASPINE;MORRO AZUL;;;;;111,04;20,79;80,82;12,01;25,16;32,19;100,00;120,98;0,00;0,84
2002.0;10.0;2002-10-01;BRASPINE;OURO FINO;SP;APIAI;51,70;51,70;93,23;20,45;82,44;12,46;27,63;31,97;100,00;108,04;0,00;0,76
2002.0;10.0;2002-10-01;BRASPINE;PALMEIRINHA DE BAIXO - SOSSEGO;PR;SENGES;85,93;9,22;96,32;20,51;77,44;11,73;25,64;31,43;99,86;132,67;0,00;2,05
2002.0;10.0;2002-10-01;BRASPINE;PAZIN;PR;DOUTOR ULYSSES;41,20;23,90;131,66;20,58;82,46;12,30;28,29;31,52;100,00;121,18;0,00;0,79
2002.0;10.0;2002-10-01;BRASPINE;PEDRAS;PR;CASTRO;7,18;7,18;104,42;20,23;81,48;11,04;35,71;29,60;99,75;126,66;0,00;2,71
2002.0;10.0;2002-10-01;BRASPINE;PESCARIA;PR;SAO JOSE DA BOA VISTA;184,57;129,22;85,00;23,23;69,28;14,12;24,88;33,37;98,94;43,22;0,00;2,60
2002.0;10.0;2002-10-01;BRASPINE;PESSEGUEIRO;PR;DOUTOR ULYSSES;109,95;64,79;118,39;20,51;81,40;12,02;27,55;31,19;100,00;133,64;0,00;1,88
2002.0;10.0;2002-10-01;BRASPINE;PITANGA;;;;;196,22;20,73;82,12;13,32;41,71;29,08;99,59;99,23;0,00;3,63
2002.0;10.0;2002-10-01;BRASPINE;QUEIMADINHO ARROIO CLARO;PR;DOUTOR ULYSSES;48,13;19,09;129,93;20,51;81,40;12,02;27,55;31,19;100,00;133,64;0,00;1,88
2002.0;10.0;2002-10-01;BRASPINE;QUEIMADINHO M6042;PR;DOUTOR ULYSSES;48,38;18,50;129,93;20,51;81,40;12,02;27,55;31,19;100,00;133,64;0,00;1,88
2002.0;10.0;2002-10-01;BRASPINE;QUEIMADINHO USUCAPIAO;PR;DOUTOR ULYSSES;200,27;92,43;129,93;20,51;81,40;12,02;27,55;31,19;100,00;133,64;0,00;1,88
2002.0;10.0;2002-10-01;BRASPINE;RAMOS;PR;SENGES;69,83;38,15;115,27;20,36;80,97;11,68;28,23;30,68;100,00;130,93;0,00;4,68
2002.0;10.0;2002-10-01;BRASPINE;RIBEIRAO GRANDE;PR;JAGUARIAIVA;20,77;20,77;90,51;20,31;79,87;11,13;32,37;29,82;99,75;141,67;0,00;9,62
2002.0;10.0;2002-10-01;BRASPINE;RINCAO DE BAIXO;;;;;105,20;21,02;77,04;12,76;34,02;30,61;99,32;94,96;0,00;1,16
2002.0;10.0;2002-10-01;BRASPINE;RIO BOMBA;PR;CERRO AZUL;65,03;37,72;134,28;21,40;81,17;13,08;29,55;32,38;99,99;67,94;0,00;3,88
2002.0;10.0;2002-10-01;BRASPINE;RIO DO MEIO;PR;DOUTOR ULYSSES;712,33;389,13;127,24;20,51;81,40;12,02;27,55;31,19;100,00;133,64;0,00;1,88
2002.0;10.0;2002-10-01;BRASPINE;RONDON;PR;JAGUARIAIVA;2899,24;1475,88;86,45;20,46;78,52;11,55;27,92;30,91;99,87;131,25;0,00;3,24
2002.0;10.0;2002-10-01;BRASPINE;SANTA FELICIDADE;;;;;114,09;21,47;82,41;12,91;26,47;33,68;100,00;67,69;0,00;3,86
2002.0;10.0;2002-10-01;BRASPINE;SANTA LIDIA DO CERCADINHO;;;;;105,32;20,68;77,00;12,45;34,26;30,11;99,41;137,44;0,00;0,60
2002.0;10.0;2002-10-01;BRASPINE;SANTO ANTONIO;;;;;101,34;20,53;77,76;11,75;24,14;31,80;100,00;133,18;0,00;0,41
2002.0;10.0;2002-10-01;BRASPINE;SAO JOSE;PR;JANDAIA DO SUL;37,56;37,56;79,26;24,44;69,64;16,74;24,65;34,07;99,51;0,00;0,00;1,91
2002.0;10.0;2002-10-01;BRASPINE;SAO MATHEUS;;;;;82,46;25,76;68,47;18,03;22,57;35,87;99,12;0,00;0,00;0,15
2002.0;10.0;2002-10-01;BRASPINE;SAO PEDRO E SAO PAULO;PR;SAPOPEMA;709,13;323,93;84,11;22,26;73,43;14,04;30,18;32,08;99,51;42,77;0,00;0,26
2002.0;10.0;2002-10-01;BRASPINE;SAO RAFAEL;;;;;132,78;19,87;83,28;11,12;40,62;29,80;99,68;145,88;0,00;5,23
2002.0;10.0;2002-10-01;BRASPINE;SAO RAFAEL - PB;;;;;102,58;20,58;82,03;12,39;26,76;32,13;100,00;122,60;0,00;4,43
2002.0;10.0;2002-10-01;BRASPINE;SERRARIA;PR;DOUTOR ULYSSES;280,88;117,71;123,30;20,37;82,34;12,09;28,48;31,12;100,00;148,97;0,00;1,00
2002.0;10.0;2002-10-01;BRASPINE;SERRO VERDE;;;;;190,30;20,21;82,81;12,48;41,32;28,69;99,63;124,28;0,00;6,40
2002.0;10.0;2002-10-01;BRASPINE;SERTAOZINHO;PR;DOUTOR ULYSSES;16,25;16,25;117,59;20,51;81,40;12,02;27,55;31,19;100,00;133,64;0,00;1,88
2002.0;10.0;2002-10-01;BRASPINE;SITIO BASILIO;PR;JAGUARIAIVA;8,08;8,08;88,08;20,51;77,77;11,53;31,70;30,23;99,63;144,84;0,00;1,29
2002.0;10.0;2002-10-01;BRASPINE;SITIO DAS MARRECAS;PR;DOUTOR ULYSSES;77,49;35,17;131,55;20,99;82,43;12,66;27,69;32,43;100,00;124,52;0,00;0,36
2002.0;10.0;2002-10-01;BRASPINE;SOBRADINHO;SP;BOM SUCESSO DE ITARARE;285,80;123,10;103,25;20,37;79,26;11,78;24,39;31,74;100,00;118,75;0,00;0,47
2002.0;10.0;2002-10-01;BRASPINE;TAQUARAL;PR;JAGUARIAIVA;519,13;31,07;94,46;20,64;78,51;11,43;29,44;30,90;99,93;145,22;0,00;0,52
2002.0;10.0;2002-10-01;BRASPINE;TUCUNDUVA;PR;SENGES;82,21;60,89;73,62;21,50;72,95;12,14;26,83;31,71;99,13;80,22;0,00;6,63
2002.0;10.0;2002-10-01;BRASPINE;TUCUNDUVA - CHAMMA;;;;;73,79;21,51;73,20;12,50;25,98;31,97;99,11;80,57;0,00;2,80
2002.0;10.0;2002-10-01;BRASPINE;VIENA 1;PR;DOUTOR ULYSSES;263,98;178,34;120,14;20,04;82,09;11,49;31,10;30,04;100,00;143,78;0,00;1,00
2002.0;10.0;2002-10-01;BRASPINE;VIENA 2;PR;CERRO AZUL;140,23;96,54;134,11;21,40;81,17;13,08;29,55;32,38;99,99;67,94;0,00;3,88
2002.0;10.0;2002-10-01;BRASPINE;VITORIA;PR;SENGES;50,54;35,69;96,32;20,51;77,44;11,73;25,64;31,43;99,86;132,67;0,00;2,05
2002.0;10.0;2002-10-01;BRASPINE;VIVEIRO;PR;DOUTOR ULYSSES;405,39;261,22;126,24;20,51;81,40;12,02;27,55;31,19;100,00;133,64;0,00;1,88
2002.0;10.0;2002-10-01;BRASPINE;VO LINO;PR;DOUTOR ULYSSES;164,50;97,89;126,01;20,58;82,46;12,30;28,29;31,52;100,00;121,18;0,00;0,79
2002.0;10.0;2002-10-01;BRASPINE;XAXIM VELHO;;;;;179,09;19,02;86,69;11,14;42,54;28,42;100,00;140,84;0,00;1,10
2002.0;11.0;2002-11-01;BRASPINE;AGUA DOCE;PR;JAGUARIAIVA;238,97;121,99;167,35;19,58;82,50;9,83;34,61;29,45;99,76;139,93;0,00;5,41
2002.0;11.0;2002-11-01;BRASPINE;AMATA;;;;;162,90;21,27;81,32;12,17;30,32;32,04;100,00;94,72;0,00;1,91
2002.0;11.0;2002-11-01;BRASPINE;ANTA BRAVA;;;;;146,57;22,76;77,13;13,15;27,56;32,65;99,72;55,70;0,00;14,06
2002.0;11.0;2002-11-01;BRASPINE;ARAPONGAS;PR;SENGES;423,34;263,70;162,09;19,74;84,17;10,47;40,04;30,01;100,00;127,47;0,00;35,67
2002.0;11.0;2002-11-01;BRASPINE;ARROIO CLARO;PR;DOUTOR ULYSSES;275,14;92,00;168,00;19,94;83,94;10,73;35,97;30,35;100,00;98,96;0,00;3,33
2002.0;11.0;2002-11-01;BRASPINE;BARRA GRANDE;PR;DOUTOR ULYSSES;493,79;139,68;162,97;20,25;84,14;10,89;40,32;30,66;100,00;101,53;0,00;23,10
2002.0;11.0;2002-11-01;BRASPINE;BARRA GRANDE - BEMAIS;PR;GUARAPUAVA;299,16;108,61;199,55;18,84;83,85;9,20;32,77;27,97;99,99;183,41;0,00;14,35
2002.0;11.0;2002-11-01;BRASPINE;BARRETOS;PR;JAGUARIAIVA;43,35;32,98;172,56;19,63;83,89;10,04;36,28;29,69;99,96;140,49;0,00;4,02
2002.0;11.0;2002-11-01;BRASPINE;BAU;;;;;230,85;18,92;83,56;8,94;40,00;27,40;99,90;187,33;0,00;1,53
2002.0;11.0;2002-11-01;BRASPINE;BOA VISTA II;PR;PIRAI DO SUL;944,00;535,05;178,31;19,60;83,22;9,75;34,31;29,48;99,94;139,09;0,00;6,21
2002.0;11.0;2002-11-01;BRASPINE;BRASILEIRA;;;;;161,52;19,74;84,17;10,47;40,04;30,01;100,00;127,47;0,00;35,67
2002.0;11.0;2002-11-01;BRASPINE;BURACAO;;;;;194,15;19,59;82,45;10,00;33,02;29,33;99,87;153,33;0,00;6,63
2002.0;11.0;2002-11-01;BRASPINE;BURRINHO;PR;DOUTOR ULYSSES;211,01;100,37;168,09;19,94;83,94;10,73;35,97;30,35;100,00;98,96;0,00;3,33
2002.0;11.0;2002-11-01;BRASPINE;CADEADO I;PR;JAGUARIAIVA;21,07;12,29;173,64;19,54;83,90;10,10;37,76;29,71;100,00;140,00;0,00;1,47
2002.0;11.0;2002-11-01;BRASPINE;CADEADO II;PR;JAGUARIAIVA;21,88;16,79;173,64;19,54;83,90;10,10;37,76;29,71;100,00;140,00;0,00;1,47
2002.0;11.0;2002-11-01;BRASPINE;CAMPINA ALTA;PR;TIBAGI;29,77;18,24;211,78;20,43;82,02;10,20;36,46;30,33;99,97;104,32;0,00;113,39
2002.0;11.0;2002-11-01;BRASPINE;CAMPINA DO ELIAS;PR;JAGUARIAIVA;29,17;14,65;179,13;19,60;83,89;10,07;36,82;29,70;99,97;140,32;0,00;3,15
2002.0;11.0;2002-11-01;BRASPINE;CAMPO NOVO;PR;JAGUARIAIVA;295,98;156,36;169,64;19,54;83,90;10,10;37,76;29,71;100,00;140,00;0,00;1,47
2002.0;11.0;2002-11-01;BRASPINE;CONSULTORIA II A;PR;DOUTOR ULYSSES;89,62;60,79;169,32;19,74;84,17;10,47;40,04;30,01;100,00;127,47;0,00;35,67
2002.0;11.0;2002-11-01;BRASPINE;DINIZ;;;;;160,38;19,74;84,17;10,47;40,04;30,01;100,00;127,47;0,00;35,67
2002.0;11.0;2002-11-01;BRASPINE;ENES;PR;JAGUARIAIVA;5,93;5,69;170,94;19,54;83,90;10,10;37,76;29,71;100,00;140,00;0,00;1,47
2002.0;11.0;2002-11-01;BRASPINE;ENGENHARIA;;;;;160,38;19,74;84,17;10,47;40,04;30,01;100,00;127,47;0,00;35,67
2002.0;11.0;2002-11-01;BRASPINE;ESTACAO;PR;SENGES;4,76;4,14;172,31;19,54;83,90;10,10;37,76;29,71;100,00;140,00;0,00;1,47
2002.0;11.0;2002-11-01;BRASPINE;FAXINAL;PR;JAGUARIAIVA;20,65;20,65;170,94;19,54;83,90;10,10;37,76;29,71;100,00;140,00;0,00;1,47
2002.0;11.0;2002-11-01;BRASPINE;FEITAL;PR;DOUTOR ULYSSES;154,17;86,53;164,93;19,91;84,16;10,69;40,68;30,22;100,00;98,94;0,00;31,49
2002.0;11.0;2002-11-01;BRASPINE;FIGUEIRA;PR;DOUTOR ULYSSES;1053,81;315,71;165,94;19,94;83,94;10,73;35,97;30,35;100,00;98,96;0,00;3,33
2002.0;11.0;2002-11-01;BRASPINE;FIGUEIRINHA;PR;DOUTOR ULYSSES;94,37;56,74;162,82;19,94;83,94;10,73;35,97;30,35;100,00;98,96;0,00;3,33
2002.0;11.0;2002-11-01;BRASPINE;FLOEMA;PR;DOUTOR ULYSSES;2189,88;701,43;174,19;19,45;83,90;10,01;35,31;29,70;100,00;138,91;0,00;4,84
2002.0;11.0;2002-11-01;BRASPINE;FLOEMA I - SUDATI;;;;;172,74;19,74;84,17;10,47;40,04;30,01;100,00;127,47;0,00;35,67
2002.0;11.0;2002-11-01;BRASPINE;FLOEMA II - SUDATI;PR;DOUTOR ULYSSES;453,83;211,13;172,22;19,74;84,17;10,47;40,04;30,01;100,00;127,47;0,00;35,67
2002.0;11.0;2002-11-01;BRASPINE;FLOR DA SERRA;PR;SAO JOSE DA BOA VISTA;209,10;128,72;148,63;21,69;76,87;12,18;35,51;31,85;99,75;52,41;0,00;0,66
2002.0;11.0;2002-11-01;BRASPINE;GENTIL;PR;JAGUARIAIVA;126,77;53,33;167,69;19,33;82,51;9,47;33,33;28,97;99,59;137,29;0,00;7,95
2002.0;11.0;2002-11-01;BRASPINE;GUAIRACA;PR;GUARAPUAVA;623,62;169,31;191,23;18,93;83,69;9,44;33,53;27,88;99,99;185,29;0,00;14,78
2002.0;11.0;2002-11-01;BRASPINE;HERVAL 2 - MADALOSSO;;;;;216,56;19,59;82,45;10,00;33,02;29,33;99,87;153,33;0,00;6,63
2002.0;11.0;2002-11-01;BRASPINE;HERVAL DE BAIXO;PR;RESERVA;827,29;475,92;224,85;20,40;82,39;10,20;37,68;30,10;99,89;102,95;0,00;7,58
2002.0;11.0;2002-11-01;BRASPINE;HORTO 01;PR;TURVO;19,12;19,12;213,25;19,54;84,20;9,64;39,35;28,36;99,81;147,50;0,00;2,35
2002.0;11.0;2002-11-01;BRASPINE;HORTO 02;PR;TURVO;4,24;4,24;214,58;19,54;84,20;9,64;39,35;28,36;99,81;147,50;0,00;2,35
2002.0;11.0;2002-11-01;BRASPINE;HORTO 03;PR;PRUDENTOPOLIS;80,91;25,89;208,13;19,98;83,32;10,21;36,33;29,22;99,88;137,11;0,00;6,53
2002.0;11.0;2002-11-01;BRASPINE;HORTO 08;PR;TURVO;9,53;9,53;214,33;19,98;83,32;10,21;36,33;29,22;99,88;137,11;0,00;6,53
2002.0;11.0;2002-11-01;BRASPINE;HORTO 12;PR;PRUDENTOPOLIS;12,20;12,20;206,05;19,98;83,32;10,21;36,33;29,22;99,88;137,11;0,00;6,53
2002.0;11.0;2002-11-01;BRASPINE;IZAU;PR;PIRAI DO SUL;19,37;11,60;179,72;19,28;83,34;9,29;33,72;28,83;99,78;151,10;0,00;8,13
2002.0;11.0;2002-11-01;BRASPINE;JOAO RICO;PR;JAGUARIAIVA;47,46;26,18;168,03;19,58;82,50;9,83;34,61;29,45;99,76;139,93;0,00;5,41
2002.0;11.0;2002-11-01;BRASPINE;LAGOA;PR;JAGUARIAIVA;24,10;10,78;173,12;19,54;83,90;10,10;37,76;29,71;100,00;140,00;0,00;1,47
2002.0;11.0;2002-11-01;BRASPINE;MARACANA;PR;JANDAIA DO SUL;11,45;11,45;276,10;22,43;77,98;12,63;35,63;31,37;99,95;40,82;0,00;4,49
2002.0;11.0;2002-11-01;BRASPINE;MARRECA;;;;;168,80;19,94;83,94;10,73;35,97;30,35;100,00;98,96;0,00;3,33
2002.0;11.0;2002-11-01;BRASPINE;MARRECA SP;SP;ITAPIRAPUA PAULISTA;675,30;236,19;166,74;20,67;83,62;11,17;36,49;31,24;100,00;104,57;0,00;1,79
2002.0;11.0;2002-11-01;BRASPINE;MARRECAS;;;;;197,21;18,33;84,27;8,74;32,59;27,21;100,00;205,34;0,00;21,67
2002.0;11.0;2002-11-01;BRASPINE;MERCADINHO;;;;;161,87;20,54;82,63;11,31;32,72;31,15;99,96;103,00;0,00;2,03
2002.0;11.0;2002-11-01;BRASPINE;MONTE ALEGRE;;;;;270,55;22,95;76,89;13,12;34,62;31,43;99,68;27,03;0,00;1,39
2002.0;11.0;2002-11-01;BRASPINE;MONTE TABOR II;;;;;172,91;19,97;85,31;10,28;42,95;30,15;100,00;100,33;0,00;8,87
2002.0;11.0;2002-11-01;BRASPINE;MOREIRA;PR;DOUTOR ULYSSES;230,52;68,68;172,22;19,74;84,17;10,47;40,04;30,01;100,00;127,47;0,00;35,67
2002.0;11.0;2002-11-01;BRASPINE;MOREIRAS II;PR;DOUTOR ULYSSES;66,76;28,75;168,90;19,74;84,17;10,47;40,04;30,01;100,00;127,47;0,00;35,67
2002.0;11.0;2002-11-01;BRASPINE;MORRETES;PR;ORTIGUEIRA;20,36;20,36;235,76;20,85;82,28;10,62;37,35;30,62;99,81;90,70;0,00;0,49
2002.0;11.0;2002-11-01;BRASPINE;MORRO AZUL;;;;;165,20;19,99;84,40;10,57;39,13;30,26;100,00;114,68;0,00;11,58
2002.0;11.0;2002-11-01;BRASPINE;OURO FINO;SP;APIAI;51,70;51,70;179,50;19,78;85,46;9,99;39,97;29,71;100,00;112,74;0,00;17,89
2002.0;11.0;2002-11-01;BRASPINE;PALMEIRINHA DE BAIXO - SOSSEGO;PR;SENGES;85,93;9,22;147,70;19,40;83,24;10,03;40,08;29,55;99,66;140,39;0,00;32,61
2002.0;11.0;2002-11-01;BRASPINE;PAZIN;PR;DOUTOR ULYSSES;41,20;23,90;165,38;19,94;83,94;10,73;35,97;30,35;100,00;98,96;0,00;3,33
2002.0;11.0;2002-11-01;BRASPINE;PEDRAS;PR;CASTRO;7,18;7,18;209,79;19,29;83,71;9,21;35,20;28,73;99,87;150,87;0,00;10,73
2002.0;11.0;2002-11-01;BRASPINE;PESCARIA;PR;SAO JOSE DA BOA VISTA;184,57;129,22;148,99;21,77;76,85;12,39;35,52;32,29;99,83;52,70;0,00;1,48
2002.0;11.0;2002-11-01;BRASPINE;PESSEGUEIRO;PR;DOUTOR ULYSSES;109,95;64,79;170,94;19,74;84,17;10,47;40,04;30,01;100,00;127,47;0,00;35,67
2002.0;11.0;2002-11-01;BRASPINE;PITANGA;;;;;252,99;19,62;83,18;9,56;40,67;27,72;99,81;122,43;0,00;0,66
2002.0;11.0;2002-11-01;BRASPINE;QUEIMADINHO ARROIO CLARO;PR;DOUTOR ULYSSES;48,13;19,09;161,52;19,74;84,17;10,47;40,04;30,01;100,00;127,47;0,00;35,67
2002.0;11.0;2002-11-01;BRASPINE;QUEIMADINHO M6042;PR;DOUTOR ULYSSES;48,38;18,50;161,52;19,74;84,17;10,47;40,04;30,01;100,00;127,47;0,00;35,67
2002.0;11.0;2002-11-01;BRASPINE;QUEIMADINHO USUCAPIAO;PR;DOUTOR ULYSSES;200,27;92,43;161,52;19,74;84,17;10,47;40,04;30,01;100,00;127,47;0,00;35,67
2002.0;11.0;2002-11-01;BRASPINE;RAMOS;PR;SENGES;69,83;38,15;172,74;19,54;83,90;10,10;37,76;29,71;100,00;140,00;0,00;1,47
2002.0;11.0;2002-11-01;BRASPINE;RIBEIRAO GRANDE;PR;JAGUARIAIVA;20,77;20,77;182,14;19,28;83,34;9,29;33,72;28,83;99,78;151,10;0,00;8,13
2002.0;11.0;2002-11-01;BRASPINE;RINCAO DE BAIXO;;;;;212,48;19,89;80,67;9,77;33,74;29,68;99,79;114,36;0,00;5,74
2002.0;11.0;2002-11-01;BRASPINE;RIO BOMBA;PR;CERRO AZUL;65,03;37,72;164,12;20,83;81,73;11,82;30,89;31,46;100,00;106,08;0,00;3,55
2002.0;11.0;2002-11-01;BRASPINE;RIO DO MEIO;PR;DOUTOR ULYSSES;712,33;389,13;166,93;19,74;84,17;10,47;40,04;30,01;100,00;127,47;0,00;35,67
2002.0;11.0;2002-11-01;BRASPINE;RONDON;PR;JAGUARIAIVA;2899,24;1475,88;157,39;19,41;83,44;9,99;40,74;29,43;99,80;139,69;0,00;41,41
2002.0;11.0;2002-11-01;BRASPINE;SANTA FELICIDADE;;;;;168,13;21,11;83,34;11,51;37,24;31,80;100,00;108,08;0,00;0,22
2002.0;11.0;2002-11-01;BRASPINE;SANTA LIDIA DO CERCADINHO;;;;;211,26;19,58;80,76;9,57;33,70;29,22;99,83;141,73;0,00;4,92
2002.0;11.0;2002-11-01;BRASPINE;SANTO ANTONIO;;;;;149,95;19,48;83,24;10,12;38,18;29,82;99,95;125,59;0,00;4,54
2002.0;11.0;2002-11-01;BRASPINE;SAO JOSE;PR;JANDAIA DO SUL;37,56;37,56;271,09;22,79;77,13;12,97;34,96;31,32;99,81;26,72;0,00;2,16
2002.0;11.0;2002-11-01;BRASPINE;SAO MATHEUS;;;;;249,12;24,05;75,54;14,25;33,18;32,86;99,73;14,25;0,00;12,47
2002.0;11.0;2002-11-01;BRASPINE;SAO PEDRO E SAO PAULO;PR;SAPOPEMA;709,13;323,93;227,62;21,05;78,91;11,06;36,90;30,92;99,85;48,57;0,00;7,32
2002.0;11.0;2002-11-01;BRASPINE;SAO RAFAEL;;;;;220,87;19,28;82,09;10,87;39,10;28,26;99,85;137,47;0,00;15,00
2002.0;11.0;2002-11-01;BRASPINE;SAO RAFAEL - PB;;;;;162,98;19,88;85,24;10,38;39,55;29,90;100,00;114,00;0,00;1,51
2002.0;11.0;2002-11-01;BRASPINE;SERRARIA;PR;DOUTOR ULYSSES;280,88;117,71;169,94;19,70;83,92;10,37;35,64;30,03;100,00;126,70;0,00;4,10
2002.0;11.0;2002-11-01;BRASPINE;SERRO VERDE;;;;;242,08;19,26;82,43;9,23;38,86;27,63;99,92;161,40;0,00;5,65
2002.0;11.0;2002-11-01;BRASPINE;SERTAOZINHO;PR;DOUTOR ULYSSES;16,25;16,25;161,08;19,74;84,17;10,47;40,04;30,01;100,00;127,47;0,00;35,67
2002.0;11.0;2002-11-01;BRASPINE;SITIO BASILIO;PR;JAGUARIAIVA;8,08;8,08;167,19;19,41;82,25;9,63;33,55;29,14;99,60;138,37;0,00;7,23
2002.0;11.0;2002-11-01;BRASPINE;SITIO DAS MARRECAS;PR;DOUTOR ULYSSES;77,49;35,17;163,49;20,46;83,71;11,08;36,34;30,99;100,00;103,00;0,00;2,23
2002.0;11.0;2002-11-01;BRASPINE;SOBRADINHO;SP;BOM SUCESSO DE ITARARE;285,80;123,10;163,24;19,44;84,11;10,17;37,87;29,66;99,99;124,90;0,00;3,68
2002.0;11.0;2002-11-01;BRASPINE;TAQUARAL;PR;JAGUARIAIVA;519,13;31,07;164,07;19,58;83,16;10,00;37,82;29,55;99,97;140,28;0,00;2,23
2002.0;11.0;2002-11-01;BRASPINE;TUCUNDUVA;PR;SENGES;82,21;60,89;156,38;20,19;79,82;10,81;35,84;30,14;99,68;103,35;0,00;0,69
2002.0;11.0;2002-11-01;BRASPINE;TUCUNDUVA - CHAMMA;;;;;145,71;20,19;80,34;10,85;38,75;30,19;99,72;103,77;0,00;28,29
2002.0;11.0;2002-11-01;BRASPINE;VIENA 1;PR;DOUTOR ULYSSES;263,98;178,34;178,92;19,32;83,94;9,77;35,31;29,26;99,99;136,86;0,00;6,31
2002.0;11.0;2002-11-01;BRASPINE;VIENA 2;PR;CERRO AZUL;140,23;96,54;163,85;20,83;81,73;11,82;30,89;31,46;100,00;106,08;0,00;3,55
2002.0;11.0;2002-11-01;BRASPINE;VITORIA;PR;SENGES;50,54;35,69;147,70;19,40;83,24;10,03;40,08;29,55;99,66;140,39;0,00;32,61
2002.0;11.0;2002-11-01;BRASPINE;VIVEIRO;PR;DOUTOR ULYSSES;405,39;261,22;168,90;19,74;84,17;10,47;40,04;30,01;100,00;127,47;0,00;35,67
2002.0;11.0;2002-11-01;BRASPINE;VO LINO;PR;DOUTOR ULYSSES;164,50;97,89;169,11;19,94;83,94;10,73;35,97;30,35;100,00;98,96;0,00;3,33
2002.0;11.0;2002-11-01;BRASPINE;XAXIM VELHO;;;;;187,00;18,41;84,36;8,98;34,28;27,00;100,00;207,72;0,00;7,01
2002.0;12.0;2002-12-01;BRASPINE;AGUA DOCE;PR;JAGUARIAIVA;238,97;121,99;137,10;21,08;82,84;12,71;41,37;29,28;99,81;83,18;0,00;20,28
2002.0;12.0;2002-12-01;BRASPINE;AMATA;;;;;182,11;22,70;81,61;14,77;40,26;33,29;100,00;14,77;0,00;2,65
2002.0;12.0;2002-12-01;BRASPINE;ANTA BRAVA;;;;;160,82;23,82;78,89;16,64;41,06;31,72;97,72;0,00;0,00;31,74
2002.0;12.0;2002-12-01;BRASPINE;ARAPONGAS;PR;SENGES;423,34;263,70;157,69;21,20;84,04;13,24;42,82;30,44;100,00;70,19;0,00;8,40
2002.0;12.0;2002-12-01;BRASPINE;ARROIO CLARO;PR;DOUTOR ULYSSES;275,14;92,00;176,03;21,40;83,88;13,53;42,40;31,04;100,00;56,38;0,00;10,10
2002.0;12.0;2002-12-01;BRASPINE;BARRA GRANDE;PR;DOUTOR ULYSSES;493,79;139,68;178,66;21,68;84,03;13,72;41,45;31,52;100,00;56,82;0,00;4,37
2002.0;12.0;2002-12-01;BRASPINE;BARRA GRANDE - BEMAIS;PR;GUARAPUAVA;299,16;108,61;167,77;20,63;84,02;13,27;48,14;28,31;100,00;55,65;0,00;35,52
2002.0;12.0;2002-12-01;BRASPINE;BARRETOS;PR;JAGUARIAIVA;43,35;32,98;154,13;21,13;83,81;12,79;42,08;30,08;99,95;82,88;0,00;16,73
2002.0;12.0;2002-12-01;BRASPINE;BAU;;;;;170,22;20,67;83,69;13,58;49,08;27,67;99,90;70,92;0,00;2,18
2002.0;12.0;2002-12-01;BRASPINE;BOA VISTA II;PR;PIRAI DO SUL;944,00;535,05;156,74;21,12;83,27;12,61;42,39;29,76;99,91;82,04;0,00;20,40
2002.0;12.0;2002-12-01;BRASPINE;BRASILEIRA;;;;;170,04;21,20;84,04;13,24;42,82;30,44;100,00;70,19;0,00;8,40
2002.0;12.0;2002-12-01;BRASPINE;BURACAO;;;;;157,45;21,11;82,69;12,79;45,60;30,13;99,79;84,75;0,00;1,20
2002.0;12.0;2002-12-01;BRASPINE;BURRINHO;PR;DOUTOR ULYSSES;211,01;100,37;176,39;21,40;83,88;13,53;42,40;31,04;100,00;56,38;0,00;10,10
2002.0;12.0;2002-12-01;BRASPINE;CADEADO I;PR;JAGUARIAIVA;21,07;12,29;155,77;21,01;83,85;12,87;42,36;29,94;100,00;83,64;0,00;12,38
2002.0;12.0;2002-12-01;BRASPINE;CADEADO II;PR;JAGUARIAIVA;21,88;16,79;155,77;21,01;83,85;12,87;42,36;29,94;100,00;83,64;0,00;12,38
2002.0;12.0;2002-12-01;BRASPINE;CAMPINA ALTA;PR;TIBAGI;29,77;18,24;164,45;22,08;82,47;13,88;45,73;29,96;99,91;42,80;0,00;1,21
2002.0;12.0;2002-12-01;BRASPINE;CAMPINA DO ELIAS;PR;JAGUARIAIVA;29,17;14,65;157,17;21,09;83,82;12,82;42,18;30,03;99,97;83,16;0,00;15,24
2002.0;12.0;2002-12-01;BRASPINE;CAMPO NOVO;PR;JAGUARIAIVA;295,98;156,36;154,74;21,01;83,85;12,87;42,36;29,94;100,00;83,64;0,00;12,38
2002.0;12.0;2002-12-01;BRASPINE;CONSULTORIA II A;PR;DOUTOR ULYSSES;89,62;60,79;170,05;21,20;84,04;13,24;42,82;30,44;100,00;70,19;0,00;8,40
2002.0;12.0;2002-12-01;BRASPINE;DINIZ;;;;;159,93;21,20;84,04;13,24;42,82;30,44;100,00;70,19;0,00;8,40
2002.0;12.0;2002-12-01;BRASPINE;ENES;PR;JAGUARIAIVA;5,93;5,69;154,29;21,01;83,85;12,87;42,36;29,94;100,00;83,64;0,00;12,38
2002.0;12.0;2002-12-01;BRASPINE;ENGENHARIA;;;;;159,93;21,20;84,04;13,24;42,82;30,44;100,00;70,19;0,00;8,40
2002.0;12.0;2002-12-01;BRASPINE;ESTACAO;PR;SENGES;4,76;4,14;161,28;21,01;83,85;12,87;42,36;29,94;100,00;83,64;0,00;12,38
2002.0;12.0;2002-12-01;BRASPINE;FAXINAL;PR;JAGUARIAIVA;20,65;20,65;154,29;21,01;83,85;12,87;42,36;29,94;100,00;83,64;0,00;12,38
2002.0;12.0;2002-12-01;BRASPINE;FEITAL;PR;DOUTOR ULYSSES;154,17;86,53;176,19;21,36;84,03;13,40;42,77;30,80;100,00;55,78;0,00;7,08
2002.0;12.0;2002-12-01;BRASPINE;FIGUEIRA;PR;DOUTOR ULYSSES;1053,81;315,71;177,15;21,40;83,88;13,53;42,40;31,04;100,00;56,38;0,00;10,10
2002.0;12.0;2002-12-01;BRASPINE;FIGUEIRINHA;PR;DOUTOR ULYSSES;94,37;56,74;189,40;21,40;83,88;13,53;42,40;31,04;100,00;56,38;0,00;10,10
2002.0;12.0;2002-12-01;BRASPINE;FLOEMA;PR;DOUTOR ULYSSES;2189,88;701,43;167,73;20,91;83,91;12,90;43,16;29,97;100,00;84,19;0,00;13,41
2002.0;12.0;2002-12-01;BRASPINE;FLOEMA I - SUDATI;;;;;160,21;21,20;84,04;13,24;42,82;30,44;100,00;70,19;0,00;8,40
2002.0;12.0;2002-12-01;BRASPINE;FLOEMA II - SUDATI;PR;DOUTOR ULYSSES;453,83;211,13;166,53;21,20;84,04;13,24;42,82;30,44;100,00;70,19;0,00;8,40
2002.0;12.0;2002-12-01;BRASPINE;FLOR DA SERRA;PR;SAO JOSE DA BOA VISTA;209,10;128,72;105,39;23,13;77,75;15,53;39,72;31,47;99,00;0,00;0,00;9,35
2002.0;12.0;2002-12-01;BRASPINE;GENTIL;PR;JAGUARIAIVA;126,77;53,33;152,37;20,84;82,84;12,47;41,30;28,84;99,49;81,93;0,00;23,24
2002.0;12.0;2002-12-01;BRASPINE;GUAIRACA;PR;GUARAPUAVA;623,62;169,31;169,28;20,77;83,61;13,43;48,06;28,67;100,00;56,11;0,00;1,17
2002.0;12.0;2002-12-01;BRASPINE;HERVAL 2 - MADALOSSO;;;;;159,46;21,11;82,69;12,79;45,60;30,13;99,79;84,75;0,00;1,20
2002.0;12.0;2002-12-01;BRASPINE;HERVAL DE BAIXO;PR;RESERVA;827,29;475,92;165,59;22,08;82,87;13,77;46,72;29,76;99,84;42,82;0,00;4,52
2002.0;12.0;2002-12-01;BRASPINE;HORTO 01;PR;TURVO;19,12;19,12;146,76;21,30;84,80;13,93;53,31;28,55;99,90;58,03;0,00;0,14
2002.0;12.0;2002-12-01;BRASPINE;HORTO 02;PR;TURVO;4,24;4,24;147,15;21,30;84,80;13,93;53,31;28,55;99,90;58,03;0,00;0,14
2002.0;12.0;2002-12-01;BRASPINE;HORTO 03;PR;PRUDENTOPOLIS;80,91;25,89;143,94;21,82;83,79;14,33;50,46;29,39;99,99;29,16;0,00;26,32
2002.0;12.0;2002-12-01;BRASPINE;HORTO 08;PR;TURVO;9,53;9,53;149,60;21,82;83,79;14,33;50,46;29,39;99,99;29,16;0,00;26,32
2002.0;12.0;2002-12-01;BRASPINE;HORTO 12;PR;PRUDENTOPOLIS;12,20;12,20;141,81;21,82;83,79;14,33;50,46;29,39;99,99;29,16;0,00;26,32
2002.0;12.0;2002-12-01;BRASPINE;IZAU;PR;PIRAI DO SUL;19,37;11,60;156,65;20,82;83,34;12,39;41,95;29,10;99,55;80,60;0,00;2,31
2002.0;12.0;2002-12-01;BRASPINE;JOAO RICO;PR;JAGUARIAIVA;47,46;26,18;146,43;21,08;82,84;12,71;41,37;29,28;99,81;83,18;0,00;20,28
2002.0;12.0;2002-12-01;BRASPINE;LAGOA;PR;JAGUARIAIVA;24,10;10,78;156,12;21,01;83,85;12,87;42,36;29,94;100,00;83,64;0,00;12,38
2002.0;12.0;2002-12-01;BRASPINE;MARACANA;PR;JANDAIA DO SUL;11,45;11,45;170,14;23,72;80,93;16,62;46,87;30,76;99,96;0,00;0,00;3,84
2002.0;12.0;2002-12-01;BRASPINE;MARRECA;;;;;182,38;21,40;83,88;13,53;42,40;31,04;100,00;56,38;0,00;10,10
2002.0;12.0;2002-12-01;BRASPINE;MARRECA SP;SP;ITAPIRAPUA PAULISTA;675,30;236,19;185,98;22,09;83,57;14,11;40,94;32,45;100,00;58,14;0,00;6,77
2002.0;12.0;2002-12-01;BRASPINE;MARRECAS;;;;;175,02;20,10;84,31;12,81;48,03;27,96;100,00;98,01;0,00;1,44
2002.0;12.0;2002-12-01;BRASPINE;MERCADINHO;;;;;192,79;21,98;82,74;14,18;41,86;32,14;100,00;28,81;0,00;0,17
2002.0;12.0;2002-12-01;BRASPINE;MONTE ALEGRE;;;;;181,42;24,22;80,15;17,24;47,64;31,35;99,95;0,00;0,00;1,03
2002.0;12.0;2002-12-01;BRASPINE;MONTE TABOR II;;;;;168,88;21,43;84,78;13,90;40,66;30,99;99,96;28,50;0,00;18,90
2002.0;12.0;2002-12-01;BRASPINE;MOREIRA;PR;DOUTOR ULYSSES;230,52;68,68;166,53;21,20;84,04;13,24;42,82;30,44;100,00;70,19;0,00;8,40
2002.0;12.0;2002-12-01;BRASPINE;MOREIRAS II;PR;DOUTOR ULYSSES;66,76;28,75;170,54;21,20;84,04;13,24;42,82;30,44;100,00;70,19;0,00;8,40
2002.0;12.0;2002-12-01;BRASPINE;MORRETES;PR;ORTIGUEIRA;20,36;20,36;162,86;22,56;82,84;14,23;46,72;30,19;99,79;28,89;0,00;0,61
2002.0;12.0;2002-12-01;BRASPINE;MORRO AZUL;;;;;151,62;21,41;84,23;13,58;39,93;30,97;100,00;56,08;0,00;48,51
2002.0;12.0;2002-12-01;BRASPINE;OURO FINO;SP;APIAI;51,70;51,70;163,34;21,18;85,14;13,77;40,06;30,65;100,00;56,55;0,00;33,54
2002.0;12.0;2002-12-01;BRASPINE;PALMEIRINHA DE BAIXO - SOSSEGO;PR;SENGES;85,93;9,22;140,93;20,85;83,17;12,95;39,75;29,09;99,75;83,87;0,00;5,26
2002.0;12.0;2002-12-01;BRASPINE;PAZIN;PR;DOUTOR ULYSSES;41,20;23,90;182,42;21,40;83,88;13,53;42,40;31,04;100,00;56,38;0,00;10,10
2002.0;12.0;2002-12-01;BRASPINE;PEDRAS;PR;CASTRO;7,18;7,18;154,10;20,85;83,73;12,36;44,38;28,99;99,23;80,55;0,00;8,05
2002.0;12.0;2002-12-01;BRASPINE;PESCARIA;PR;SAO JOSE DA BOA VISTA;184,57;129,22;105,21;23,26;77,33;15,42;36,66;31,88;98,46;0,00;0,00;10,41
2002.0;12.0;2002-12-01;BRASPINE;PESSEGUEIRO;PR;DOUTOR ULYSSES;109,95;64,79;166,22;21,20;84,04;13,24;42,82;30,44;100,00;70,19;0,00;8,40
2002.0;12.0;2002-12-01;BRASPINE;PITANGA;;;;;192,24;21,30;83,81;14,36;48,94;28,27;99,78;43,52;0,00;2,18
2002.0;12.0;2002-12-01;BRASPINE;QUEIMADINHO ARROIO CLARO;PR;DOUTOR ULYSSES;48,13;19,09;170,04;21,20;84,04;13,24;42,82;30,44;100,00;70,19;0,00;8,40
2002.0;12.0;2002-12-01;BRASPINE;QUEIMADINHO M6042;PR;DOUTOR ULYSSES;48,38;18,50;170,04;21,20;84,04;13,24;42,82;30,44;100,00;70,19;0,00;8,40
2002.0;12.0;2002-12-01;BRASPINE;QUEIMADINHO USUCAPIAO;PR;DOUTOR ULYSSES;200,27;92,43;170,04;21,20;84,04;13,24;42,82;30,44;100,00;70,19;0,00;8,40
2002.0;12.0;2002-12-01;BRASPINE;RAMOS;PR;SENGES;69,83;38,15;160,21;21,01;83,85;12,87;42,36;29,94;100,00;83,64;0,00;12,38
2002.0;12.0;2002-12-01;BRASPINE;RIBEIRAO GRANDE;PR;JAGUARIAIVA;20,77;20,77;150,73;20,82;83,34;12,39;41,95;29,10;99,55;80,60;0,00;2,31
2002.0;12.0;2002-12-01;BRASPINE;RINCAO DE BAIXO;;;;;161,88;21,54;80,73;13,40;41,10;29,27;99,45;56,08;0,00;0,17
2002.0;12.0;2002-12-01;BRASPINE;RIO BOMBA;PR;CERRO AZUL;65,03;37,72;175,33;22,30;81,99;14,28;40,57;32,38;99,97;29,16;0,00;2,93
2002.0;12.0;2002-12-01;BRASPINE;RIO DO MEIO;PR;DOUTOR ULYSSES;712,33;389,13;170,42;21,20;84,04;13,24;42,82;30,44;100,00;70,19;0,00;8,40
2002.0;12.0;2002-12-01;BRASPINE;RONDON;PR;JAGUARIAIVA;2899,24;1475,88;136,10;20,89;83,40;12,78;40,85;29,14;99,81;83,45;0,00;11,65
2002.0;12.0;2002-12-01;BRASPINE;SANTA FELICIDADE;;;;;175,45;22,50;83,31;14,63;39,68;33,33;100,00;29,40;0,00;2,96
2002.0;12.0;2002-12-01;BRASPINE;SANTA LIDIA DO CERCADINHO;;;;;158,03;21,20;80,82;13,11;40,70;28,80;99,46;55,16;0,00;2,21
2002.0;12.0;2002-12-01;BRASPINE;SANTO ANTONIO;;;;;141,13;20,92;83,19;13,09;39,66;29,48;100,00;84,18;0,00;1,51
2002.0;12.0;2002-12-01;BRASPINE;SAO JOSE;PR;JANDAIA DO SUL;37,56;37,56;181,69;24,06;80,32;17,05;47,48;31,13;99,97;0,00;0,00;2,02
2002.0;12.0;2002-12-01;BRASPINE;SAO MATHEUS;;;;;166,03;25,33;79,56;18,63;46,91;32,83;99,86;0,00;0,00;8,43
2002.0;12.0;2002-12-01;BRASPINE;SAO PEDRO E SAO PAULO;PR;SAPOPEMA;709,13;323,93;168,49;22,38;80,61;15,02;43,98;29,30;99,17;0,00;0,00;1,32
2002.0;12.0;2002-12-01;BRASPINE;SAO RAFAEL;;;;;150,56;20,90;82,35;12,74;45,65;29,75;99,71;69,79;0,00;1,29
2002.0;12.0;2002-12-01;BRASPINE;SAO RAFAEL - PB;;;;;157,67;21,29;84,86;13,77;39,68;30,85;100,00;56,55;0,00;37,35
2002.0;12.0;2002-12-01;BRASPINE;SERRARIA;PR;DOUTOR ULYSSES;280,88;117,71;174,91;21,16;83,89;13,21;43,28;30,51;100,00;55,42;0,00;11,79
2002.0;12.0;2002-12-01;BRASPINE;SERRO VERDE;;;;;180,14;21,01;82,53;13,90;47,27;28,16;99,91;57,19;0,00;6,52
2002.0;12.0;2002-12-01;BRASPINE;SERTAOZINHO;PR;DOUTOR ULYSSES;16,25;16,25;161,99;21,20;84,04;13,24;42,82;30,44;100,00;70,19;0,00;8,40
2002.0;12.0;2002-12-01;BRASPINE;SITIO BASILIO;PR;JAGUARIAIVA;8,08;8,08;136,63;20,91;82,69;12,56;41,12;28,88;99,59;82,67;0,00;22,39
2002.0;12.0;2002-12-01;BRASPINE;SITIO DAS MARRECAS;PR;DOUTOR ULYSSES;77,49;35,17;187,96;21,89;83,66;13,95;41,36;32,05;100,00;57,64;0,00;7,74
2002.0;12.0;2002-12-01;BRASPINE;SOBRADINHO;SP;BOM SUCESSO DE ITARARE;285,80;123,10;159,68;20,84;84,04;13,23;40,43;29,68;100,00;84,36;0,00;51,75
2002.0;12.0;2002-12-01;BRASPINE;TAQUARAL;PR;JAGUARIAIVA;519,13;31,07;142,36;21,07;83,29;12,76;42,02;29,39;99,98;83,39;0,00;16,40
2002.0;12.0;2002-12-01;BRASPINE;TUCUNDUVA;PR;SENGES;82,21;60,89;116,98;21,67;80,21;13,65;36,95;29,57;98,67;42,68;0,00;12,13
2002.0;12.0;2002-12-01;BRASPINE;TUCUNDUVA - CHAMMA;;;;;121,62;21,66;80,48;13,73;36,26;29,66;98,50;57,77;0,00;9,33
2002.0;12.0;2002-12-01;BRASPINE;VIENA 1;PR;DOUTOR ULYSSES;263,98;178,34;165,93;20,79;83,93;12,53;43,94;29,48;100,00;82,28;0,00;1,67
2002.0;12.0;2002-12-01;BRASPINE;VIENA 2;PR;CERRO AZUL;140,23;96,54;176,14;22,30;81,99;14,28;40,57;32,38;99,97;29,16;0,00;2,93
2002.0;12.0;2002-12-01;BRASPINE;VITORIA;PR;SENGES;50,54;35,69;140,93;20,85;83,17;12,95;39,75;29,09;99,75;83,87;0,00;5,26
2002.0;12.0;2002-12-01;BRASPINE;VIVEIRO;PR;DOUTOR ULYSSES;405,39;261,22;170,54;21,20;84,04;13,24;42,82;30,44;100,00;70,19;0,00;8,40
2002.0;12.0;2002-12-01;BRASPINE;VO LINO;PR;DOUTOR ULYSSES;164,50;97,89;179,68;21,40;83,88;13,53;42,40;31,04;100,00;56,38;0,00;10,10
2002.0;12.0;2002-12-01;BRASPINE;XAXIM VELHO;;;;;174,80;20,23;84,12;13,05;48,32;28,19;100,00;82,77;0,00;5,18
