ANO;MES;DATA;EMPRESA;FAZENDA;UF;MUNICIPIO;AREA_T;AREA_PRODU;PRECIP_CHIRPS_MM;TEMP_MEDIA_C;UMID_MEDIA_PCT;TEMP_MIN_C;UMID_MIN_PCT;TEMP_MAX_C;UMID_MAX_PCT;NOITES_FRIAS_Eucalipto_<15C;NOITES_FRIAS_Pinus_<5C;DIRECAO_VENTO_GRAUS
2008.0;1.0;2008-01-01;BRASPINE;AGUA DOCE;PR;JAGUARIAIVA;238,97;121,99;163,37;19,30;87,96;13,91;57,68;27,00;99,84;57,19;0,00;9,12
2008.0;1.0;2008-01-01;BRASPINE;AMATA;;;;;195,81;21,10;85,76;15,44;46,38;31,19;99,99;0,00;0,00;1,87
2008.0;1.0;2008-01-01;BRASPINE;ANTA BRAVA;;;;;228,27;22,09;83,12;16,57;51,63;29,49;99,54;0,00;0,00;41,58
2008.0;1.0;2008-01-01;BRASPINE;ARAPONGAS;PR;SENGES;423,34;263,70;172,88;19,42;89,05;14,29;51,34;28,46;100,00;58,41;0,00;16,70
2008.0;1.0;2008-01-01;BRASPINE;ARROIO CLARO;PR;DOUTOR ULYSSES;275,14;92,00;190,34;19,63;88,74;14,43;47,96;29,36;100,00;28,92;0,00;0,22
2008.0;1.0;2008-01-01;BRASPINE;BARRA GRANDE;PR;DOUTOR ULYSSES;493,79;139,68;183,49;19,94;88,91;14,86;50,92;29,18;100,00;29,76;0,00;334,94
2008.0;1.0;2008-01-01;BRASPINE;BARRA GRANDE - BEMAIS;PR;GUARAPUAVA;299,16;108,61;173,24;19,03;86,94;12,87;54,85;26,66;99,98;98,83;0,00;6,84
2008.0;1.0;2008-01-01;BRASPINE;BARRETOS;PR;JAGUARIAIVA;43,35;32,98;172,16;19,33;88,92;13,92;53,81;27,92;100,00;71,98;0,00;1,10
2008.0;1.0;2008-01-01;BRASPINE;BAU;;;;;146,36;19,15;86,49;12,82;58,55;26,24;99,89;98,06;0,00;1,91
2008.0;1.0;2008-01-01;BRASPINE;BOA VISTA II;PR;PIRAI DO SUL;944,00;535,05;163,27;19,31;88,61;13,73;54,99;27,51;99,99;101,16;0,00;0,64
2008.0;1.0;2008-01-01;BRASPINE;BRASILEIRA;;;;;178,65;19,42;89,05;14,29;51,34;28,46;100,00;58,41;0,00;16,70
2008.0;1.0;2008-01-01;BRASPINE;BURACAO;;;;;177,69;19,33;87,87;13,61;50,82;27,70;99,87;86,53;0,00;1,61
2008.0;1.0;2008-01-01;BRASPINE;BURRINHO;PR;DOUTOR ULYSSES;211,01;100,37;190,33;19,63;88,74;14,43;47,96;29,36;100,00;28,92;0,00;0,22
2008.0;1.0;2008-01-01;BRASPINE;CADEADO I;PR;JAGUARIAIVA;21,07;12,29;170,99;19,22;88,87;13,94;52,35;28,08;100,00;72,05;0,00;1,95
2008.0;1.0;2008-01-01;BRASPINE;CADEADO II;PR;JAGUARIAIVA;21,88;16,79;170,99;19,22;88,87;13,94;52,35;28,08;100,00;72,05;0,00;1,95
2008.0;1.0;2008-01-01;BRASPINE;CAMPINA ALTA;PR;TIBAGI;29,77;18,24;165,10;20,40;85,65;14,44;55,40;27,77;99,94;14,44;0,00;13,63
2008.0;1.0;2008-01-01;BRASPINE;CAMPINA DO ELIAS;PR;JAGUARIAIVA;29,17;14,65;179,10;19,29;88,90;13,93;53,28;27,98;100,00;72,00;0,00;3,29
2008.0;1.0;2008-01-01;BRASPINE;CAMPO NOVO;PR;JAGUARIAIVA;295,98;156,36;172,48;19,22;88,87;13,94;52,35;28,08;100,00;72,05;0,00;1,95
2008.0;1.0;2008-01-01;BRASPINE;CONSULTORIA II A;PR;DOUTOR ULYSSES;89,62;60,79;179,12;19,42;89,05;14,29;51,34;28,46;100,00;58,41;0,00;16,70
2008.0;1.0;2008-01-01;BRASPINE;DINIZ;;;;;182,46;19,42;89,05;14,29;51,34;28,46;100,00;58,41;0,00;16,70
2008.0;1.0;2008-01-01;BRASPINE;ENES;PR;JAGUARIAIVA;5,93;5,69;172,41;19,22;88,87;13,94;52,35;28,08;100,00;72,05;0,00;1,95
2008.0;1.0;2008-01-01;BRASPINE;ENGENHARIA;;;;;182,46;19,42;89,05;14,29;51,34;28,46;100,00;58,41;0,00;16,70
2008.0;1.0;2008-01-01;BRASPINE;ESTACAO;PR;SENGES;4,76;4,14;172,14;19,22;88,87;13,94;52,35;28,08;100,00;72,05;0,00;1,95
2008.0;1.0;2008-01-01;BRASPINE;FAXINAL;PR;JAGUARIAIVA;20,65;20,65;172,41;19,22;88,87;13,94;52,35;28,08;100,00;72,05;0,00;1,95
2008.0;1.0;2008-01-01;BRASPINE;FEITAL;PR;DOUTOR ULYSSES;154,17;86,53;183,97;19,59;89,00;14,48;51,20;28,70;100,00;28,99;0,00;15,07
2008.0;1.0;2008-01-01;BRASPINE;FIGUEIRA;PR;DOUTOR ULYSSES;1053,81;315,71;183,64;19,63;88,74;14,43;47,96;29,36;100,00;28,92;0,00;0,22
2008.0;1.0;2008-01-01;BRASPINE;FIGUEIRINHA;PR;DOUTOR ULYSSES;94,37;56,74;195,47;19,63;88,74;14,43;47,96;29,36;100,00;28,92;0,00;0,22
2008.0;1.0;2008-01-01;BRASPINE;FLOEMA;PR;DOUTOR ULYSSES;2189,88;701,43;182,17;19,11;88,88;13,81;48,86;28,55;100,00;86,42;0,00;2,03
2008.0;1.0;2008-01-01;BRASPINE;FLOEMA I - SUDATI;;;;;170,73;19,42;89,05;14,29;51,34;28,46;100,00;58,41;0,00;16,70
2008.0;1.0;2008-01-01;BRASPINE;FLOEMA II - SUDATI;PR;DOUTOR ULYSSES;453,83;211,13;180,11;19,42;89,05;14,29;51,34;28,46;100,00;58,41;0,00;16,70
2008.0;1.0;2008-01-01;BRASPINE;FLOR DA SERRA;PR;SAO JOSE DA BOA VISTA;209,10;128,72;184,45;21,41;81,83;16,24;52,93;28,22;99,71;0,00;0,00;0,39
2008.0;1.0;2008-01-01;BRASPINE;GENTIL;PR;JAGUARIAIVA;126,77;53,33;157,46;19,04;88,01;13,59;58,90;26,55;99,77;100,72;0,00;1,29
2008.0;1.0;2008-01-01;BRASPINE;GUAIRACA;PR;GUARAPUAVA;623,62;169,31;162,06;19,19;86,37;13,10;54,18;26,85;99,99;99,63;0,00;14,71
2008.0;1.0;2008-01-01;BRASPINE;HERVAL 2 - MADALOSSO;;;;;176,83;19,33;87,87;13,61;50,82;27,70;99,87;86,53;0,00;1,61
2008.0;1.0;2008-01-01;BRASPINE;HERVAL DE BAIXO;PR;RESERVA;827,29;475,92;163,27;20,44;85,68;14,41;55,44;27,57;99,92;14,41;0,00;11,54
2008.0;1.0;2008-01-01;BRASPINE;HORTO 01;PR;TURVO;19,12;19,12;157,79;19,74;87,42;13,40;59,01;26,89;99,78;56,71;0,00;2,13
2008.0;1.0;2008-01-01;BRASPINE;HORTO 02;PR;TURVO;4,24;4,24;158,99;19,74;87,42;13,40;59,01;26,89;99,78;56,71;0,00;2,13
2008.0;1.0;2008-01-01;BRASPINE;HORTO 03;PR;PRUDENTOPOLIS;80,91;25,89;151,47;20,21;86,28;13,93;55,45;27,72;99,87;58,43;0,00;13,72
2008.0;1.0;2008-01-01;BRASPINE;HORTO 08;PR;TURVO;9,53;9,53;157,56;20,21;86,28;13,93;55,45;27,72;99,87;58,43;0,00;13,72
2008.0;1.0;2008-01-01;BRASPINE;HORTO 12;PR;PRUDENTOPOLIS;12,20;12,20;147,54;20,21;86,28;13,93;55,45;27,72;99,87;58,43;0,00;13,72
2008.0;1.0;2008-01-01;BRASPINE;IZAU;PR;PIRAI DO SUL;19,37;11,60;166,36;18,98;88,68;13,38;57,23;26,72;99,77;99,33;0,00;3,03
2008.0;1.0;2008-01-01;BRASPINE;JOAO RICO;PR;JAGUARIAIVA;47,46;26,18;161,45;19,30;87,96;13,91;57,68;27,00;99,84;57,19;0,00;9,12
2008.0;1.0;2008-01-01;BRASPINE;LAGOA;PR;JAGUARIAIVA;24,10;10,78;172,67;19,22;88,87;13,94;52,35;28,08;100,00;72,05;0,00;1,95
2008.0;1.0;2008-01-01;BRASPINE;MARACANA;PR;JANDAIA DO SUL;11,45;11,45;146,04;22,02;83,64;16,00;54,56;28,75;99,97;0,00;0,00;1,59
2008.0;1.0;2008-01-01;BRASPINE;MARRECA;;;;;190,62;19,63;88,74;14,43;47,96;29,36;100,00;28,92;0,00;0,22
2008.0;1.0;2008-01-01;BRASPINE;MARRECA SP;SP;ITAPIRAPUA PAULISTA;675,30;236,19;199,70;20,38;88,31;15,25;47,40;30,36;100,00;0,00;0,00;0,33
2008.0;1.0;2008-01-01;BRASPINE;MARRECAS;;;;;173,20;18,54;87,29;12,39;55,08;26,15;100,00;169,21;0,00;0,05
2008.0;1.0;2008-01-01;BRASPINE;MERCADINHO;;;;;197,95;20,29;87,17;15,06;46,78;30,25;100,00;0,00;0,00;5,43
2008.0;1.0;2008-01-01;BRASPINE;MONTE ALEGRE;;;;;141,00;22,52;82,87;16,30;54,12;29,23;99,87;0,00;0,00;0,53
2008.0;1.0;2008-01-01;BRASPINE;MONTE TABOR II;;;;;190,92;19,78;89,19;14,90;52,22;29,66;100,00;14,90;0,00;111,45
2008.0;1.0;2008-01-01;BRASPINE;MOREIRA;PR;DOUTOR ULYSSES;230,52;68,68;180,11;19,42;89,05;14,29;51,34;28,46;100,00;58,41;0,00;16,70
2008.0;1.0;2008-01-01;BRASPINE;MOREIRAS II;PR;DOUTOR ULYSSES;66,76;28,75;178,97;19,42;89,05;14,29;51,34;28,46;100,00;58,41;0,00;16,70
2008.0;1.0;2008-01-01;BRASPINE;MORRETES;PR;ORTIGUEIRA;20,36;20,36;155,51;20,93;85,30;14,91;55,07;28,17;99,84;14,91;0,00;1,47
2008.0;1.0;2008-01-01;BRASPINE;MORRO AZUL;;;;;185,70;19,68;89,08;14,67;50,32;28,63;100,00;29,41;0,00;4,41
2008.0;1.0;2008-01-01;BRASPINE;OURO FINO;SP;APIAI;51,70;51,70;193,13;19,50;89,68;14,55;52,23;28,59;100,00;29,26;0,00;16,79
2008.0;1.0;2008-01-01;BRASPINE;PALMEIRINHA DE BAIXO - SOSSEGO;PR;SENGES;85,93;9,22;187,11;19,09;88,33;14,00;51,58;26,70;99,93;57,51;0,00;11,38
2008.0;1.0;2008-01-01;BRASPINE;PAZIN;PR;DOUTOR ULYSSES;41,20;23,90;189,33;19,63;88,74;14,43;47,96;29,36;100,00;28,92;0,00;0,22
2008.0;1.0;2008-01-01;BRASPINE;PEDRAS;PR;CASTRO;7,18;7,18;160,23;19,05;88,80;13,24;57,02;26,66;99,68;99,09;0,00;6,50
2008.0;1.0;2008-01-01;BRASPINE;PESCARIA;PR;SAO JOSE DA BOA VISTA;184,57;129,22;193,79;21,49;81,76;16,41;51,41;28,51;99,73;0,00;0,00;7,16
2008.0;1.0;2008-01-01;BRASPINE;PESSEGUEIRO;PR;DOUTOR ULYSSES;109,95;64,79;176,40;19,42;89,05;14,29;51,34;28,46;100,00;58,41;0,00;16,70
2008.0;1.0;2008-01-01;BRASPINE;PITANGA;;;;;154,69;19,83;86,30;13,54;58,19;26,74;99,80;56,76;0,00;0,30
2008.0;1.0;2008-01-01;BRASPINE;QUEIMADINHO ARROIO CLARO;PR;DOUTOR ULYSSES;48,13;19,09;178,65;19,42;89,05;14,29;51,34;28,46;100,00;58,41;0,00;16,70
2008.0;1.0;2008-01-01;BRASPINE;QUEIMADINHO M6042;PR;DOUTOR ULYSSES;48,38;18,50;178,65;19,42;89,05;14,29;51,34;28,46;100,00;58,41;0,00;16,70
2008.0;1.0;2008-01-01;BRASPINE;QUEIMADINHO USUCAPIAO;PR;DOUTOR ULYSSES;200,27;92,43;178,65;19,42;89,05;14,29;51,34;28,46;100,00;58,41;0,00;16,70
2008.0;1.0;2008-01-01;BRASPINE;RAMOS;PR;SENGES;69,83;38,15;170,73;19,22;88,87;13,94;52,35;28,08;100,00;72,05;0,00;1,95
2008.0;1.0;2008-01-01;BRASPINE;RIBEIRAO GRANDE;PR;JAGUARIAIVA;20,77;20,77;162,04;18,98;88,68;13,38;57,23;26,72;99,77;99,33;0,00;3,03
2008.0;1.0;2008-01-01;BRASPINE;RINCAO DE BAIXO;;;;;184,54;19,79;84,80;14,10;55,48;26,96;99,85;28,61;0,00;0,84
2008.0;1.0;2008-01-01;BRASPINE;RIO BOMBA;PR;CERRO AZUL;65,03;37,72;184,39;20,63;86,30;14,99;46,64;30,46;99,97;14,99;0,00;30,42
2008.0;1.0;2008-01-01;BRASPINE;RIO DO MEIO;PR;DOUTOR ULYSSES;712,33;389,13;178,89;19,42;89,05;14,29;51,34;28,46;100,00;58,41;0,00;16,70
2008.0;1.0;2008-01-01;BRASPINE;RONDON;PR;JAGUARIAIVA;2899,24;1475,88;160,64;19,14;88,47;13,95;54,09;26,92;99,92;57,21;0,00;18,25
2008.0;1.0;2008-01-01;BRASPINE;SANTA FELICIDADE;;;;;190,05;20,84;87,91;15,84;46,71;31,03;100,00;0,00;0,00;1,60
2008.0;1.0;2008-01-01;BRASPINE;SANTA LIDIA DO CERCADINHO;;;;;189,50;19,47;85,06;13,85;55,66;26,54;99,85;43,00;0,00;0,61
2008.0;1.0;2008-01-01;BRASPINE;SANTO ANTONIO;;;;;193,89;19,15;88,34;14,08;48,75;27,14;100,00;57,81;0,00;332,37
2008.0;1.0;2008-01-01;BRASPINE;SAO JOSE;PR;JANDAIA DO SUL;37,56;37,56;141,21;22,36;83,03;16,15;54,23;29,06;99,92;0,00;0,00;0,16
2008.0;1.0;2008-01-01;BRASPINE;SAO MATHEUS;;;;;128,29;23,62;82,27;17,26;53,02;30,53;99,70;0,00;0,00;0,08
2008.0;1.0;2008-01-01;BRASPINE;SAO PEDRO E SAO PAULO;PR;SAPOPEMA;709,13;323,93;190,34;20,71;84,23;15,06;58,01;27,19;99,70;0,00;0,00;10,51
2008.0;1.0;2008-01-01;BRASPINE;SAO RAFAEL;;;;;154,67;19,43;85,47;13,56;53,54;27,61;99,67;57,40;0,00;4,66
2008.0;1.0;2008-01-01;BRASPINE;SAO RAFAEL - PB;;;;;185,32;19,59;89,53;14,63;51,18;28,69;100,00;29,38;0,00;21,69
2008.0;1.0;2008-01-01;BRASPINE;SERRARIA;PR;DOUTOR ULYSSES;280,88;117,71;178,52;19,37;88,81;14,12;48,41;28,96;100,00;57,91;0,00;1,13
2008.0;1.0;2008-01-01;BRASPINE;SERRO VERDE;;;;;138,60;19,53;84,87;13,16;56,97;26,76;99,92;85,01;0,00;3,25
2008.0;1.0;2008-01-01;BRASPINE;SERTAOZINHO;PR;DOUTOR ULYSSES;16,25;16,25;186,22;19,42;89,05;14,29;51,34;28,46;100,00;58,41;0,00;16,70
2008.0;1.0;2008-01-01;BRASPINE;SITIO BASILIO;PR;JAGUARIAIVA;8,08;8,08;162,99;19,13;87,78;13,74;59,05;26,62;99,79;86,56;0,00;0,76
2008.0;1.0;2008-01-01;BRASPINE;SITIO DAS MARRECAS;PR;DOUTOR ULYSSES;77,49;35,17;195,48;20,16;88,44;15,01;47,56;30,08;100,00;0,00;0,00;1,43
2008.0;1.0;2008-01-01;BRASPINE;SOBRADINHO;SP;BOM SUCESSO DE ITARARE;285,80;123,10;209,19;19,10;88,97;14,09;48,55;27,37;100,00;57,90;0,00;0,56
2008.0;1.0;2008-01-01;BRASPINE;TAQUARAL;PR;JAGUARIAIVA;519,13;31,07;163,64;19,30;88,40;13,99;55,98;27,17;100,00;57,37;0,00;0,30
2008.0;1.0;2008-01-01;BRASPINE;TUCUNDUVA;PR;SENGES;82,21;60,89;179,87;19,91;85,13;14,78;53,44;27,01;99,57;29,68;0,00;15,04
2008.0;1.0;2008-01-01;BRASPINE;TUCUNDUVA - CHAMMA;;;;;189,83;19,90;85,42;14,79;52,48;26,98;99,69;29,70;0,00;12,47
2008.0;1.0;2008-01-01;BRASPINE;VIENA 1;PR;DOUTOR ULYSSES;263,98;178,34;182,17;18,98;89,08;13,56;51,27;27,87;100,00;100,06;0,00;0,71
2008.0;1.0;2008-01-01;BRASPINE;VIENA 2;PR;CERRO AZUL;140,23;96,54;184,32;20,63;86,30;14,99;46,64;30,46;99,97;14,99;0,00;30,42
2008.0;1.0;2008-01-01;BRASPINE;VITORIA;PR;SENGES;50,54;35,69;187,11;19,09;88,33;14,00;51,58;26,70;99,93;57,51;0,00;11,38
2008.0;1.0;2008-01-01;BRASPINE;VIVEIRO;PR;DOUTOR ULYSSES;405,39;261,22;178,97;19,42;89,05;14,29;51,34;28,46;100,00;58,41;0,00;16,70
2008.0;1.0;2008-01-01;BRASPINE;VO LINO;PR;DOUTOR ULYSSES;164,50;97,89;190,16;19,63;88,74;14,43;47,96;29,36;100,00;28,92;0,00;0,22
2008.0;1.0;2008-01-01;BRASPINE;XAXIM VELHO;;;;;170,35;18,70;86,88;12,70;53,05;26,31;100,00;126,47;0,00;2,25
2008.0;2.0;2008-02-01;BRASPINE;AGUA DOCE;PR;JAGUARIAIVA;238,97;121,99;119,52;20,07;86,63;13,55;47,62;26,43;99,95;13,55;0,00;7,49
2008.0;2.0;2008-02-01;BRASPINE;AMATA;;;;;141,10;21,74;85,87;15,00;46,81;28,90;100,00;0,00;0,00;1,07
2008.0;2.0;2008-02-01;BRASPINE;ANTA BRAVA;;;;;220,91;22,80;83,48;16,37;49,31;29,75;99,41;0,00;0,00;20,17
2008.0;2.0;2008-02-01;BRASPINE;ARAPONGAS;PR;SENGES;423,34;263,70;125,45;20,17;88,26;13,71;47,87;26,89;100,00;13,71;0,00;2,37
2008.0;2.0;2008-02-01;BRASPINE;ARROIO CLARO;PR;DOUTOR ULYSSES;275,14;92,00;141,59;20,36;88,16;13,92;48,07;27,46;100,00;13,92;0,00;7,47
2008.0;2.0;2008-02-01;BRASPINE;BARRA GRANDE;PR;DOUTOR ULYSSES;493,79;139,68;126,97;20,66;88,42;14,02;47,90;27,75;100,00;14,02;0,00;0,76
2008.0;2.0;2008-02-01;BRASPINE;BARRA GRANDE - BEMAIS;PR;GUARAPUAVA;299,16;108,61;104,24;19,44;86,42;14,35;47,51;26,13;99,99;72,61;0,00;3,20
2008.0;2.0;2008-02-01;BRASPINE;BARRETOS;PR;JAGUARIAIVA;43,35;32,98;124,09;20,16;87,67;13,75;47,94;26,97;99,98;13,75;0,00;9,89
2008.0;2.0;2008-02-01;BRASPINE;BAU;;;;;108,74;19,40;86,63;13,00;51,05;25,49;99,89;71,70;0,00;0,03
2008.0;2.0;2008-02-01;BRASPINE;BOA VISTA II;PR;PIRAI DO SUL;944,00;535,05;125,36;20,17;87,00;13,65;48,29;26,80;100,00;13,65;0,00;11,51
2008.0;2.0;2008-02-01;BRASPINE;BRASILEIRA;;;;;122,09;20,17;88,26;13,71;47,87;26,89;100,00;13,71;0,00;2,37
2008.0;2.0;2008-02-01;BRASPINE;BURACAO;;;;;124,03;20,23;86,01;13,66;48,37;26,79;99,81;13,66;0,00;1,60
2008.0;2.0;2008-02-01;BRASPINE;BURRINHO;PR;DOUTOR ULYSSES;211,01;100,37;141,78;20,36;88,16;13,92;48,07;27,46;100,00;13,92;0,00;7,47
2008.0;2.0;2008-02-01;BRASPINE;CADEADO I;PR;JAGUARIAIVA;21,07;12,29;124,45;20,01;87,81;13,55;47,54;28,68;100,00;13,55;0,00;7,68
2008.0;2.0;2008-02-01;BRASPINE;CADEADO II;PR;JAGUARIAIVA;21,88;16,79;124,45;20,01;87,81;13,55;47,54;28,68;100,00;13,55;0,00;7,68
2008.0;2.0;2008-02-01;BRASPINE;CAMPINA ALTA;PR;TIBAGI;29,77;18,24;104,97;20,88;85,63;14,71;44,91;27,71;99,98;14,71;0,00;2,70
2008.0;2.0;2008-02-01;BRASPINE;CAMPINA DO ELIAS;PR;JAGUARIAIVA;29,17;14,65;127,18;20,10;87,72;13,67;47,80;26,72;99,99;13,67;0,00;9,16
2008.0;2.0;2008-02-01;BRASPINE;CAMPO NOVO;PR;JAGUARIAIVA;295,98;156,36;126,66;20,01;87,81;13,55;47,54;28,68;100,00;13,55;0,00;7,68
2008.0;2.0;2008-02-01;BRASPINE;CONSULTORIA II A;PR;DOUTOR ULYSSES;89,62;60,79;132,97;20,17;88,26;13,71;47,87;26,89;100,00;13,71;0,00;2,37
2008.0;2.0;2008-02-01;BRASPINE;DINIZ;;;;;125,83;20,17;88,26;13,71;47,87;26,89;100,00;13,71;0,00;2,37
2008.0;2.0;2008-02-01;BRASPINE;ENES;PR;JAGUARIAIVA;5,93;5,69;126,84;20,01;87,81;13,55;47,54;28,68;100,00;13,55;0,00;7,68
2008.0;2.0;2008-02-01;BRASPINE;ENGENHARIA;;;;;125,83;20,17;88,26;13,71;47,87;26,89;100,00;13,71;0,00;2,37
2008.0;2.0;2008-02-01;BRASPINE;ESTACAO;PR;SENGES;4,76;4,14;126,72;20,01;87,81;13,55;47,54;28,68;100,00;13,55;0,00;7,68
2008.0;2.0;2008-02-01;BRASPINE;FAXINAL;PR;JAGUARIAIVA;20,65;20,65;126,84;20,01;87,81;13,55;47,54;28,68;100,00;13,55;0,00;7,68
2008.0;2.0;2008-02-01;BRASPINE;FEITAL;PR;DOUTOR ULYSSES;154,17;86,53;125,76;20,34;88,31;13,82;48,01;27,18;100,00;13,82;0,00;349,21
2008.0;2.0;2008-02-01;BRASPINE;FIGUEIRA;PR;DOUTOR ULYSSES;1053,81;315,71;133,92;20,36;88,16;13,92;48,07;27,46;100,00;13,92;0,00;7,47
2008.0;2.0;2008-02-01;BRASPINE;FIGUEIRINHA;PR;DOUTOR ULYSSES;94,37;56,74;142,74;20,36;88,16;13,92;48,07;27,46;100,00;13,92;0,00;7,47
2008.0;2.0;2008-02-01;BRASPINE;FLOEMA;PR;DOUTOR ULYSSES;2189,88;701,43;133,76;19,88;87,96;13,21;47,36;26,70;100,00;13,21;0,00;12,08
2008.0;2.0;2008-02-01;BRASPINE;FLOEMA I - SUDATI;;;;;124,66;20,17;88,26;13,71;47,87;26,89;100,00;13,71;0,00;2,37
2008.0;2.0;2008-02-01;BRASPINE;FLOEMA II - SUDATI;PR;DOUTOR ULYSSES;453,83;211,13;127,50;20,17;88,26;13,71;47,87;26,89;100,00;13,71;0,00;2,37
2008.0;2.0;2008-02-01;BRASPINE;FLOR DA SERRA;PR;SAO JOSE DA BOA VISTA;209,10;128,72;164,59;21,89;82,60;15,62;48,94;28,16;99,72;0,00;0,00;2,64
2008.0;2.0;2008-02-01;BRASPINE;GENTIL;PR;JAGUARIAIVA;126,77;53,33;112,75;19,82;86,48;13,28;47,61;26,10;99,72;13,28;0,00;10,89
2008.0;2.0;2008-02-01;BRASPINE;GUAIRACA;PR;GUARAPUAVA;623,62;169,31;110,24;19,62;86,13;14,47;47,84;26,31;99,99;88,21;0,00;5,98
2008.0;2.0;2008-02-01;BRASPINE;HERVAL 2 - MADALOSSO;;;;;111,66;20,23;86,01;13,66;48,37;26,79;99,81;13,66;0,00;1,60
2008.0;2.0;2008-02-01;BRASPINE;HERVAL DE BAIXO;PR;RESERVA;827,29;475,92;107,42;20,87;85,79;14,72;44,86;27,60;99,97;14,72;0,00;1,76
2008.0;2.0;2008-02-01;BRASPINE;HORTO 01;PR;TURVO;19,12;19,12;107,95;20,11;87,27;14,49;52,30;26,34;99,82;44,10;0,00;1,59
2008.0;2.0;2008-02-01;BRASPINE;HORTO 02;PR;TURVO;4,24;4,24;108,33;20,11;87,27;14,49;52,30;26,34;99,82;44,10;0,00;1,59
2008.0;2.0;2008-02-01;BRASPINE;HORTO 03;PR;PRUDENTOPOLIS;80,91;25,89;106,84;20,63;86,34;15,16;49,12;27,23;99,93;0,00;0,00;29,80
2008.0;2.0;2008-02-01;BRASPINE;HORTO 08;PR;TURVO;9,53;9,53;104,84;20,63;86,34;15,16;49,12;27,23;99,93;0,00;0,00;29,80
2008.0;2.0;2008-02-01;BRASPINE;HORTO 12;PR;PRUDENTOPOLIS;12,20;12,20;106,64;20,63;86,34;15,16;49,12;27,23;99,93;0,00;0,00;29,80
2008.0;2.0;2008-02-01;BRASPINE;IZAU;PR;PIRAI DO SUL;19,37;11,60;111,94;19,86;86,80;13,45;47,42;26,38;99,75;13,45;0,00;12,90
2008.0;2.0;2008-02-01;BRASPINE;JOAO RICO;PR;JAGUARIAIVA;47,46;26,18;116,68;20,07;86,63;13,55;47,62;26,43;99,95;13,55;0,00;7,49
2008.0;2.0;2008-02-01;BRASPINE;LAGOA;PR;JAGUARIAIVA;24,10;10,78;124,13;20,01;87,81;13,55;47,54;28,68;100,00;13,55;0,00;7,68
2008.0;2.0;2008-02-01;BRASPINE;MARACANA;PR;JANDAIA DO SUL;11,45;11,45;160,62;22,27;84,68;17,55;48,71;28,35;99,97;0,00;0,00;8,16
2008.0;2.0;2008-02-01;BRASPINE;MARRECA;;;;;144,19;20,36;88,16;13,92;48,07;27,46;100,00;13,92;0,00;7,47
2008.0;2.0;2008-02-01;BRASPINE;MARRECA SP;SP;ITAPIRAPUA PAULISTA;675,30;236,19;139,37;21,08;88,01;14,28;48,34;28,66;100,00;14,28;0,00;2,37
2008.0;2.0;2008-02-01;BRASPINE;MARRECAS;;;;;99,81;18,93;86,60;13,82;47,77;25,65;100,00;113,54;0,00;0,24
2008.0;2.0;2008-02-01;BRASPINE;MERCADINHO;;;;;141,25;20,97;86,99;14,58;47,08;28,16;100,00;14,58;0,00;1,34
2008.0;2.0;2008-02-01;BRASPINE;MONTE ALEGRE;;;;;145,32;22,78;83,69;18,15;48,68;28,89;99,87;0,00;0,00;5,14
2008.0;2.0;2008-02-01;BRASPINE;MONTE TABOR II;;;;;117,10;20,43;89,01;13,80;50,25;27,88;100,00;13,80;0,00;3,61
2008.0;2.0;2008-02-01;BRASPINE;MOREIRA;PR;DOUTOR ULYSSES;230,52;68,68;127,50;20,17;88,26;13,71;47,87;26,89;100,00;13,71;0,00;2,37
2008.0;2.0;2008-02-01;BRASPINE;MOREIRAS II;PR;DOUTOR ULYSSES;66,76;28,75;133,78;20,17;88,26;13,71;47,87;26,89;100,00;13,71;0,00;2,37
2008.0;2.0;2008-02-01;BRASPINE;MORRETES;PR;ORTIGUEIRA;20,36;20,36;117,23;21,36;85,63;15,11;44,07;28,17;99,85;0,00;0,00;1,67
2008.0;2.0;2008-02-01;BRASPINE;MORRO AZUL;;;;;124,40;20,40;88,61;13,76;46,70;28,63;100,00;13,76;0,00;10,48
2008.0;2.0;2008-02-01;BRASPINE;OURO FINO;SP;APIAI;51,70;51,70;128,53;20,21;89,28;13,66;47,48;28,50;100,00;13,66;0,00;11,81
2008.0;2.0;2008-02-01;BRASPINE;PALMEIRINHA DE BAIXO - SOSSEGO;PR;SENGES;85,93;9,22;122,11;19,77;87,52;13,29;45,39;26,25;99,90;28,19;0,00;28,25
2008.0;2.0;2008-02-01;BRASPINE;PAZIN;PR;DOUTOR ULYSSES;41,20;23,90;133,26;20,36;88,16;13,92;48,07;27,46;100,00;13,92;0,00;7,47
2008.0;2.0;2008-02-01;BRASPINE;PEDRAS;PR;CASTRO;7,18;7,18;114,80;19,96;86,88;13,48;49,23;26,62;99,86;13,48;0,00;0,57
2008.0;2.0;2008-02-01;BRASPINE;PESCARIA;PR;SAO JOSE DA BOA VISTA;184,57;129,22;161,28;21,99;82,50;15,72;46,69;28,21;99,84;0,00;0,00;1,96
2008.0;2.0;2008-02-01;BRASPINE;PESSEGUEIRO;PR;DOUTOR ULYSSES;109,95;64,79;132,07;20,17;88,26;13,71;47,87;26,89;100,00;13,71;0,00;2,37
2008.0;2.0;2008-02-01;BRASPINE;PITANGA;;;;;104,93;20,07;86,33;13,32;53,07;26,35;99,82;42,82;0,00;3,45
2008.0;2.0;2008-02-01;BRASPINE;QUEIMADINHO ARROIO CLARO;PR;DOUTOR ULYSSES;48,13;19,09;122,09;20,17;88,26;13,71;47,87;26,89;100,00;13,71;0,00;2,37
2008.0;2.0;2008-02-01;BRASPINE;QUEIMADINHO M6042;PR;DOUTOR ULYSSES;48,38;18,50;122,09;20,17;88,26;13,71;47,87;26,89;100,00;13,71;0,00;2,37
2008.0;2.0;2008-02-01;BRASPINE;QUEIMADINHO USUCAPIAO;PR;DOUTOR ULYSSES;200,27;92,43;122,09;20,17;88,26;13,71;47,87;26,89;100,00;13,71;0,00;2,37
2008.0;2.0;2008-02-01;BRASPINE;RAMOS;PR;SENGES;69,83;38,15;124,66;20,01;87,81;13,55;47,54;28,68;100,00;13,55;0,00;7,68
2008.0;2.0;2008-02-01;BRASPINE;RIBEIRAO GRANDE;PR;JAGUARIAIVA;20,77;20,77;111,58;19,86;86,80;13,45;47,42;26,38;99,75;13,45;0,00;12,90
2008.0;2.0;2008-02-01;BRASPINE;RINCAO DE BAIXO;;;;;102,16;20,40;84,17;13,92;46,78;26,87;99,72;13,92;0,00;5,42
2008.0;2.0;2008-02-01;BRASPINE;RIO BOMBA;PR;CERRO AZUL;65,03;37,72;150,59;21,30;86,12;14,58;46,92;28,30;99,98;14,58;0,00;0,05
2008.0;2.0;2008-02-01;BRASPINE;RIO DO MEIO;PR;DOUTOR ULYSSES;712,33;389,13;130,67;20,17;88,26;13,71;47,87;26,89;100,00;13,71;0,00;2,37
2008.0;2.0;2008-02-01;BRASPINE;RONDON;PR;JAGUARIAIVA;2899,24;1475,88;121,75;19,85;87,51;13,36;47,00;26,42;99,92;13,36;0,00;2,84
2008.0;2.0;2008-02-01;BRASPINE;SANTA FELICIDADE;;;;;129,84;21,50;87,82;14,86;47,57;29,42;100,00;14,86;0,00;7,41
2008.0;2.0;2008-02-01;BRASPINE;SANTA LIDIA DO CERCADINHO;;;;;102,03;20,07;84,25;13,67;46,97;26,41;99,83;28,60;0,00;5,01
2008.0;2.0;2008-02-01;BRASPINE;SANTO ANTONIO;;;;;128,19;19,84;87,67;13,28;45,58;26,62;100,00;28,22;0,00;21,66
2008.0;2.0;2008-02-01;BRASPINE;SAO JOSE;PR;JANDAIA DO SUL;37,56;37,56;146,10;22,62;83,91;17,97;48,77;28,71;99,92;0,00;0,00;5,90
2008.0;2.0;2008-02-01;BRASPINE;SAO MATHEUS;;;;;124,30;23,87;83,05;18,45;46,91;30,20;100,00;0,00;0,00;1,04
2008.0;2.0;2008-02-01;BRASPINE;SAO PEDRO E SAO PAULO;PR;SAPOPEMA;709,13;323,93;132,68;21,10;84,70;15,06;49,07;27,16;99,72;0,00;0,00;3,38
2008.0;2.0;2008-02-01;BRASPINE;SAO RAFAEL;;;;;82,13;20,15;84,95;14,72;48,44;26,39;99,80;29,53;0,00;0,60
2008.0;2.0;2008-02-01;BRASPINE;SAO RAFAEL - PB;;;;;134,67;20,31;89,10;13,79;47,04;28,28;100,00;13,79;0,00;1,39
2008.0;2.0;2008-02-01;BRASPINE;SERRARIA;PR;DOUTOR ULYSSES;280,88;117,71;143,85;20,12;88,06;13,56;47,71;27,01;100,00;13,56;0,00;9,80
2008.0;2.0;2008-02-01;BRASPINE;SERRO VERDE;;;;;109,55;19,71;85,47;12,83;49,23;25,96;99,92;41,99;0,00;3,26
2008.0;2.0;2008-02-01;BRASPINE;SERTAOZINHO;PR;DOUTOR ULYSSES;16,25;16,25;126,38;20,17;88,26;13,71;47,87;26,89;100,00;13,71;0,00;2,37
2008.0;2.0;2008-02-01;BRASPINE;SITIO BASILIO;PR;JAGUARIAIVA;8,08;8,08;119,17;19,88;86,42;13,30;47,68;26,10;99,79;13,30;0,00;9,31
2008.0;2.0;2008-02-01;BRASPINE;SITIO DAS MARRECAS;PR;DOUTOR ULYSSES;77,49;35,17;143,42;20,88;88,06;14,17;48,26;28,32;100,00;14,17;0,00;3,83
2008.0;2.0;2008-02-01;BRASPINE;SOBRADINHO;SP;BOM SUCESSO DE ITARARE;285,80;123,10;134,46;19,80;88,40;13,25;45,93;26,98;100,00;28,19;0,00;334,83
2008.0;2.0;2008-02-01;BRASPINE;TAQUARAL;PR;JAGUARIAIVA;519,13;31,07;122,97;20,05;87,24;13,54;47,95;26,51;100,00;13,54;0,00;4,20
2008.0;2.0;2008-02-01;BRASPINE;TUCUNDUVA;PR;SENGES;82,21;60,89;121,26;20,51;84,85;13,97;45,81;26,75;99,72;13,97;0,00;0,62
2008.0;2.0;2008-02-01;BRASPINE;TUCUNDUVA - CHAMMA;;;;;124,63;20,50;85,24;14,04;45,24;26,94;99,63;14,04;0,00;29,14
2008.0;2.0;2008-02-01;BRASPINE;VIENA 1;PR;DOUTOR ULYSSES;263,98;178,34;130,30;19,81;87,73;13,23;48,71;26,46;100,00;28,22;0,00;14,55
2008.0;2.0;2008-02-01;BRASPINE;VIENA 2;PR;CERRO AZUL;140,23;96,54;150,38;21,30;86,12;14,58;46,92;28,30;99,98;14,58;0,00;0,05
2008.0;2.0;2008-02-01;BRASPINE;VITORIA;PR;SENGES;50,54;35,69;122,11;19,77;87,52;13,29;45,39;26,25;99,90;28,19;0,00;28,25
2008.0;2.0;2008-02-01;BRASPINE;VIVEIRO;PR;DOUTOR ULYSSES;405,39;261,22;133,78;20,17;88,26;13,71;47,87;26,89;100,00;13,71;0,00;2,37
2008.0;2.0;2008-02-01;BRASPINE;VO LINO;PR;DOUTOR ULYSSES;164,50;97,89;143,33;20,36;88,16;13,92;48,07;27,46;100,00;13,92;0,00;7,47
2008.0;2.0;2008-02-01;BRASPINE;XAXIM VELHO;;;;;101,87;19,15;86,47;13,15;46,65;25,79;100,00;100,08;0,00;0,73
2008.0;3.0;2008-03-01;BRASPINE;AGUA DOCE;PR;JAGUARIAIVA;238,97;121,99;79,24;19,30;84,19;14,19;45,48;27,01;99,84;131,60;0,00;3,74
2008.0;3.0;2008-03-01;BRASPINE;AMATA;;;;;113,99;21,07;83,05;15,68;40,64;29,30;100,00;0,00;0,00;7,10
2008.0;3.0;2008-03-01;BRASPINE;ANTA BRAVA;;;;;117,92;21,80;81,83;16,62;46,13;29,07;99,63;0,00;0,00;77,68
2008.0;3.0;2008-03-01;BRASPINE;ARAPONGAS;PR;SENGES;423,34;263,70;90,43;19,44;85,82;14,58;40,91;27,36;100,00;88,84;0,00;1,48
2008.0;3.0;2008-03-01;BRASPINE;ARROIO CLARO;PR;DOUTOR ULYSSES;275,14;92,00;101,10;19,61;85,77;14,77;40,22;27,80;100,00;29,65;0,00;2,04
2008.0;3.0;2008-03-01;BRASPINE;BARRA GRANDE;PR;DOUTOR ULYSSES;493,79;139,68;113,53;19,99;85,90;15,12;40,13;28,33;100,00;0,00;0,00;324,50
2008.0;3.0;2008-03-01;BRASPINE;BARRA GRANDE - BEMAIS;PR;GUARAPUAVA;299,16;108,61;101,63;18,64;83,99;12,83;47,32;26,45;99,99;224,14;0,00;351,48
2008.0;3.0;2008-03-01;BRASPINE;BARRETOS;PR;JAGUARIAIVA;43,35;32,98;99,20;19,39;85,37;14,29;42,13;27,25;99,97;87,15;0,00;6,71
2008.0;3.0;2008-03-01;BRASPINE;BAU;;;;;116,91;18,63;84,28;11,69;51,95;26,13;99,50;165,11;0,00;0,36
2008.0;3.0;2008-03-01;BRASPINE;BOA VISTA II;PR;PIRAI DO SUL;944,00;535,05;104,40;19,37;84,81;14,10;43,59;27,15;99,93;86,30;0,00;8,86
2008.0;3.0;2008-03-01;BRASPINE;BRASILEIRA;;;;;92,81;19,44;85,82;14,58;40,91;27,36;100,00;88,84;0,00;1,48
2008.0;3.0;2008-03-01;BRASPINE;BURACAO;;;;;135,44;19,36;84,07;14,30;43,42;26,77;99,85;87,07;0,00;4,78
2008.0;3.0;2008-03-01;BRASPINE;BURRINHO;PR;DOUTOR ULYSSES;211,01;100,37;100,88;19,61;85,77;14,77;40,22;27,80;100,00;29,65;0,00;2,04
2008.0;3.0;2008-03-01;BRASPINE;CADEADO I;PR;JAGUARIAIVA;21,07;12,29;83,01;19,23;85,53;14,29;41,58;27,06;100,00;86,96;0,00;4,09
2008.0;3.0;2008-03-01;BRASPINE;CADEADO II;PR;JAGUARIAIVA;21,88;16,79;83,01;19,23;85,53;14,29;41,58;27,06;100,00;86,96;0,00;4,09
2008.0;3.0;2008-03-01;BRASPINE;CAMPINA ALTA;PR;TIBAGI;29,77;18,24;71,62;20,00;83,29;13,52;48,67;28,16;99,91;130,28;0,00;1,35
2008.0;3.0;2008-03-01;BRASPINE;CAMPINA DO ELIAS;PR;JAGUARIAIVA;29,17;14,65;94,15;19,33;85,43;14,29;41,93;27,18;99,98;87,08;0,00;5,82
2008.0;3.0;2008-03-01;BRASPINE;CAMPO NOVO;PR;JAGUARIAIVA;295,98;156,36;98,14;19,23;85,53;14,29;41,58;27,06;100,00;86,96;0,00;4,09
2008.0;3.0;2008-03-01;BRASPINE;CONSULTORIA II A;PR;DOUTOR ULYSSES;89,62;60,79;92,91;19,44;85,82;14,58;40,91;27,36;100,00;88,84;0,00;1,48
2008.0;3.0;2008-03-01;BRASPINE;DINIZ;;;;;90,01;19,44;85,82;14,58;40,91;27,36;100,00;88,84;0,00;1,48
2008.0;3.0;2008-03-01;BRASPINE;ENES;PR;JAGUARIAIVA;5,93;5,69;99,19;19,23;85,53;14,29;41,58;27,06;100,00;86,96;0,00;4,09
2008.0;3.0;2008-03-01;BRASPINE;ENGENHARIA;;;;;90,01;19,44;85,82;14,58;40,91;27,36;100,00;88,84;0,00;1,48
2008.0;3.0;2008-03-01;BRASPINE;ESTACAO;PR;SENGES;4,76;4,14;80,64;19,23;85,53;14,29;41,58;27,06;100,00;86,96;0,00;4,09
2008.0;3.0;2008-03-01;BRASPINE;FAXINAL;PR;JAGUARIAIVA;20,65;20,65;99,19;19,23;85,53;14,29;41,58;27,06;100,00;86,96;0,00;4,09
2008.0;3.0;2008-03-01;BRASPINE;FEITAL;PR;DOUTOR ULYSSES;154,17;86,53;94,80;19,62;85,85;14,76;40,65;27,68;100,00;29,64;0,00;0,59
2008.0;3.0;2008-03-01;BRASPINE;FIGUEIRA;PR;DOUTOR ULYSSES;1053,81;315,71;91,35;19,61;85,77;14,77;40,22;27,80;100,00;29,65;0,00;2,04
2008.0;3.0;2008-03-01;BRASPINE;FIGUEIRINHA;PR;DOUTOR ULYSSES;94,37;56,74;112,29;19,61;85,77;14,77;40,22;27,80;100,00;29,65;0,00;2,04
2008.0;3.0;2008-03-01;BRASPINE;FLOEMA;PR;DOUTOR ULYSSES;2189,88;701,43;102,01;19,08;85,64;14,18;40,80;26,92;100,00;100,96;0,00;2,49
2008.0;3.0;2008-03-01;BRASPINE;FLOEMA I - SUDATI;;;;;79,65;19,44;85,82;14,58;40,91;27,36;100,00;88,84;0,00;1,48
2008.0;3.0;2008-03-01;BRASPINE;FLOEMA II - SUDATI;PR;DOUTOR ULYSSES;453,83;211,13;82,05;19,44;85,82;14,58;40,91;27,36;100,00;88,84;0,00;1,48
2008.0;3.0;2008-03-01;BRASPINE;FLOR DA SERRA;PR;SAO JOSE DA BOA VISTA;209,10;128,72;79,62;21,15;79,10;15,23;44,41;28,21;99,82;0,00;0,00;3,14
2008.0;3.0;2008-03-01;BRASPINE;GENTIL;PR;JAGUARIAIVA;126,77;53,33;76,70;19,00;84,20;13,84;45,68;26,56;99,65;143,40;0,00;9,46
2008.0;3.0;2008-03-01;BRASPINE;GUAIRACA;PR;GUARAPUAVA;623,62;169,31;94,48;18,80;83,80;12,73;47,08;26,58;99,95;181,53;0,00;5,41
2008.0;3.0;2008-03-01;BRASPINE;HERVAL 2 - MADALOSSO;;;;;119,51;19,36;84,07;14,30;43,42;26,77;99,85;87,07;0,00;4,78
2008.0;3.0;2008-03-01;BRASPINE;HERVAL DE BAIXO;PR;RESERVA;827,29;475,92;75,06;19,96;83,50;13,35;49,13;28,11;99,86;129,07;0,00;0,06
2008.0;3.0;2008-03-01;BRASPINE;HORTO 01;PR;TURVO;19,12;19,12;102,61;19,27;84,60;13,20;53,10;26,85;99,70;169,59;0,00;6,20
2008.0;3.0;2008-03-01;BRASPINE;HORTO 02;PR;TURVO;4,24;4,24;102,34;19,27;84,60;13,20;53,10;26,85;99,70;169,59;0,00;6,20
2008.0;3.0;2008-03-01;BRASPINE;HORTO 03;PR;PRUDENTOPOLIS;80,91;25,89;101,60;19,78;83,51;13,41;49,23;27,65;99,71;143,88;0,00;2,02
2008.0;3.0;2008-03-01;BRASPINE;HORTO 08;PR;TURVO;9,53;9,53;108,12;19,78;83,51;13,41;49,23;27,65;99,71;143,88;0,00;2,02
2008.0;3.0;2008-03-01;BRASPINE;HORTO 12;PR;PRUDENTOPOLIS;12,20;12,20;99,55;19,78;83,51;13,41;49,23;27,65;99,71;143,88;0,00;2,02
2008.0;3.0;2008-03-01;BRASPINE;IZAU;PR;PIRAI DO SUL;19,37;11,60;82,42;19,04;84,65;13,70;44,10;26,65;99,83;128,64;0,00;10,71
2008.0;3.0;2008-03-01;BRASPINE;JOAO RICO;PR;JAGUARIAIVA;47,46;26,18;78,80;19,30;84,19;14,19;45,48;27,01;99,84;131,60;0,00;3,74
2008.0;3.0;2008-03-01;BRASPINE;LAGOA;PR;JAGUARIAIVA;24,10;10,78;81,96;19,23;85,53;14,29;41,58;27,06;100,00;86,96;0,00;4,09
2008.0;3.0;2008-03-01;BRASPINE;MARACANA;PR;JANDAIA DO SUL;11,45;11,45;142,40;21,55;81,04;15,28;44,34;28,65;100,00;0,00;0,00;2,76
2008.0;3.0;2008-03-01;BRASPINE;MARRECA;;;;;100,07;19,61;85,77;14,77;40,22;27,80;100,00;29,65;0,00;2,04
2008.0;3.0;2008-03-01;BRASPINE;MARRECA SP;SP;ITAPIRAPUA PAULISTA;675,30;236,19;133,79;20,40;85,57;15,54;39,61;29,08;100,00;0,00;0,00;1,14
2008.0;3.0;2008-03-01;BRASPINE;MARRECAS;;;;;100,25;18,13;84,53;12,41;48,28;25,77;100,00;232,84;0,00;0,76
2008.0;3.0;2008-03-01;BRASPINE;MERCADINHO;;;;;108,43;20,27;84,36;15,41;40,15;28,52;100,00;0,00;0,00;1,11
2008.0;3.0;2008-03-01;BRASPINE;MONTE ALEGRE;;;;;137,84;22,04;80,14;15,64;44,98;29,15;99,98;0,00;0,00;1,12
2008.0;3.0;2008-03-01;BRASPINE;MONTE TABOR II;;;;;113,79;19,73;86,82;15,11;42,63;27,55;100,00;0,00;0,00;23,90
2008.0;3.0;2008-03-01;BRASPINE;MOREIRA;PR;DOUTOR ULYSSES;230,52;68,68;82,05;19,44;85,82;14,58;40,91;27,36;100,00;88,84;0,00;1,48
2008.0;3.0;2008-03-01;BRASPINE;MOREIRAS II;PR;DOUTOR ULYSSES;66,76;28,75;94,53;19,44;85,82;14,58;40,91;27,36;100,00;88,84;0,00;1,48
2008.0;3.0;2008-03-01;BRASPINE;MORRETES;PR;ORTIGUEIRA;20,36;20,36;78,32;20,39;83,43;13,64;48,80;28,62;99,85;86,30;0,00;4,56
2008.0;3.0;2008-03-01;BRASPINE;MORRO AZUL;;;;;87,39;19,76;86,01;14,98;40,19;27,86;100,00;14,98;0,00;85,57
2008.0;3.0;2008-03-01;BRASPINE;OURO FINO;SP;APIAI;51,70;51,70;103,11;19,55;86,83;14,97;41,25;27,50;100,00;14,97;0,00;59,27
2008.0;3.0;2008-03-01;BRASPINE;PALMEIRINHA DE BAIXO - SOSSEGO;PR;SENGES;85,93;9,22;90,32;19,09;84,69;14,30;43,79;26,91;99,87;131,56;0,00;2,18
2008.0;3.0;2008-03-01;BRASPINE;PAZIN;PR;DOUTOR ULYSSES;41,20;23,90;101,76;19,61;85,77;14,77;40,22;27,80;100,00;29,65;0,00;2,04
2008.0;3.0;2008-03-01;BRASPINE;PEDRAS;PR;CASTRO;7,18;7,18;110,65;19,05;85,21;13,73;46,93;26,61;99,97;128,24;0,00;0,93
2008.0;3.0;2008-03-01;BRASPINE;PESCARIA;PR;SAO JOSE DA BOA VISTA;184,57;129,22;78,90;21,34;78,84;15,51;43,52;28,54;99,71;0,00;0,00;3,12
2008.0;3.0;2008-03-01;BRASPINE;PESSEGUEIRO;PR;DOUTOR ULYSSES;109,95;64,79;82,34;19,44;85,82;14,58;40,91;27,36;100,00;88,84;0,00;1,48
2008.0;3.0;2008-03-01;BRASPINE;PITANGA;;;;;128,35;19,29;83,81;11,87;51,80;26,56;99,63;124,46;0,00;6,36
2008.0;3.0;2008-03-01;BRASPINE;QUEIMADINHO ARROIO CLARO;PR;DOUTOR ULYSSES;48,13;19,09;92,81;19,44;85,82;14,58;40,91;27,36;100,00;88,84;0,00;1,48
2008.0;3.0;2008-03-01;BRASPINE;QUEIMADINHO M6042;PR;DOUTOR ULYSSES;48,38;18,50;92,81;19,44;85,82;14,58;40,91;27,36;100,00;88,84;0,00;1,48
2008.0;3.0;2008-03-01;BRASPINE;QUEIMADINHO USUCAPIAO;PR;DOUTOR ULYSSES;200,27;92,43;92,81;19,44;85,82;14,58;40,91;27,36;100,00;88,84;0,00;1,48
2008.0;3.0;2008-03-01;BRASPINE;RAMOS;PR;SENGES;69,83;38,15;79,65;19,23;85,53;14,29;41,58;27,06;100,00;86,96;0,00;4,09
2008.0;3.0;2008-03-01;BRASPINE;RIBEIRAO GRANDE;PR;JAGUARIAIVA;20,77;20,77;78,51;19,04;84,65;13,70;44,10;26,65;99,83;128,64;0,00;10,71
2008.0;3.0;2008-03-01;BRASPINE;RINCAO DE BAIXO;;;;;91,21;19,52;81,94;13,92;46,94;27,29;99,96;100,74;0,00;1,69
2008.0;3.0;2008-03-01;BRASPINE;RIO BOMBA;PR;CERRO AZUL;65,03;37,72;95,39;20,58;83,37;15,56;41,11;28,56;99,96;0,00;0,00;8,29
2008.0;3.0;2008-03-01;BRASPINE;RIO DO MEIO;PR;DOUTOR ULYSSES;712,33;389,13;94,06;19,44;85,82;14,58;40,91;27,36;100,00;88,84;0,00;1,48
2008.0;3.0;2008-03-01;BRASPINE;RONDON;PR;JAGUARIAIVA;2899,24;1475,88;93,47;19,13;84,87;14,26;44,74;26,93;99,89;161,02;0,00;0,34
2008.0;3.0;2008-03-01;BRASPINE;SANTA FELICIDADE;;;;;164,75;20,88;85,37;16,08;38,91;29,88;100,00;0,00;0,00;1,37
2008.0;3.0;2008-03-01;BRASPINE;SANTA LIDIA DO CERCADINHO;;;;;89,43;19,19;82,07;13,64;47,04;26,80;99,94;128,64;0,00;1,46
2008.0;3.0;2008-03-01;BRASPINE;SANTO ANTONIO;;;;;91,26;19,16;84,93;14,39;41,82;27,02;100,00;117,34;0,00;100,41
2008.0;3.0;2008-03-01;BRASPINE;SAO JOSE;PR;JANDAIA DO SUL;37,56;37,56;137,56;21,88;80,34;15,52;44,93;28,96;100,00;0,00;0,00;23,26
2008.0;3.0;2008-03-01;BRASPINE;SAO MATHEUS;;;;;118,85;23,10;79,62;16,45;46,53;30,57;99,90;0,00;0,00;1,25
2008.0;3.0;2008-03-01;BRASPINE;SAO PEDRO E SAO PAULO;PR;SAPOPEMA;709,13;323,93;104,60;20,26;81,24;14,81;43,48;27,62;99,77;59,41;0,00;2,89
2008.0;3.0;2008-03-01;BRASPINE;SAO RAFAEL;;;;;114,30;19,31;82,94;13,69;47,62;26,82;99,98;101,51;0,00;0,40
2008.0;3.0;2008-03-01;BRASPINE;SAO RAFAEL - PB;;;;;105,63;19,65;86,64;15,01;40,70;27,69;100,00;0,00;0,00;65,47
2008.0;3.0;2008-03-01;BRASPINE;SERRARIA;PR;DOUTOR ULYSSES;280,88;117,71;102,92;19,35;85,71;14,52;40,51;27,36;100,00;103,22;0,00;2,27
2008.0;3.0;2008-03-01;BRASPINE;SERRO VERDE;;;;;108,29;18,95;83,27;11,45;50,37;26,66;99,91;151,93;0,00;1,34
2008.0;3.0;2008-03-01;BRASPINE;SERTAOZINHO;PR;DOUTOR ULYSSES;16,25;16,25;89,55;19,44;85,82;14,58;40,91;27,36;100,00;88,84;0,00;1,48
2008.0;3.0;2008-03-01;BRASPINE;SITIO BASILIO;PR;JAGUARIAIVA;8,08;8,08;78,89;19,07;84,05;13,98;46,12;26,65;99,65;143,85;0,00;5,58
2008.0;3.0;2008-03-01;BRASPINE;SITIO DAS MARRECAS;PR;DOUTOR ULYSSES;77,49;35,17;117,60;20,18;85,63;15,32;39,79;28,72;100,00;0,00;0,00;349,38
2008.0;3.0;2008-03-01;BRASPINE;SOBRADINHO;SP;BOM SUCESSO DE ITARARE;285,80;123,10;103,51;19,11;85,75;14,43;40,98;26,86;100,00;87,79;0,00;103,37
2008.0;3.0;2008-03-01;BRASPINE;TAQUARAL;PR;JAGUARIAIVA;519,13;31,07;91,61;19,32;84,71;14,31;45,28;27,11;99,99;117,05;0,00;0,44
2008.0;3.0;2008-03-01;BRASPINE;TUCUNDUVA;PR;SENGES;82,21;60,89;84,53;19,77;81,78;14,32;45,28;27,29;99,54;57,96;0,00;1,02
2008.0;3.0;2008-03-01;BRASPINE;TUCUNDUVA - CHAMMA;;;;;90,29;19,81;82,01;14,61;45,06;27,37;99,54;29,60;0,00;6,48
2008.0;3.0;2008-03-01;BRASPINE;VIENA 1;PR;DOUTOR ULYSSES;263,98;178,34;103,71;18,97;85,64;13,94;42,70;26,64;100,00;99,54;0,00;1,14
2008.0;3.0;2008-03-01;BRASPINE;VIENA 2;PR;CERRO AZUL;140,23;96,54;95,00;20,58;83,37;15,56;41,11;28,56;99,96;0,00;0,00;8,29
2008.0;3.0;2008-03-01;BRASPINE;VITORIA;PR;SENGES;50,54;35,69;90,32;19,09;84,69;14,30;43,79;26,91;99,87;131,56;0,00;2,18
2008.0;3.0;2008-03-01;BRASPINE;VIVEIRO;PR;DOUTOR ULYSSES;405,39;261,22;94,53;19,44;85,82;14,58;40,91;27,36;100,00;88,84;0,00;1,48
2008.0;3.0;2008-03-01;BRASPINE;VO LINO;PR;DOUTOR ULYSSES;164,50;97,89;99,11;19,61;85,77;14,77;40,22;27,80;100,00;29,65;0,00;2,04
2008.0;3.0;2008-03-01;BRASPINE;XAXIM VELHO;;;;;86,74;18,29;84,82;12,84;49,45;25,90;100,00;192,50;0,00;3,45
2008.0;4.0;2008-04-01;BRASPINE;AGUA DOCE;PR;JAGUARIAIVA;238,97;121,99;134,92;17,77;85,76;9,97;50,90;25,43;99,96;236,83;0,00;0,56
2008.0;4.0;2008-04-01;BRASPINE;AMATA;;;;;158,62;19,14;86,32;11,39;44,57;28,25;100,00;144,84;0,00;0,23
2008.0;4.0;2008-04-01;BRASPINE;ANTA BRAVA;;;;;158,03;20,57;83,79;13,84;43,55;28,83;100,00;13,84;0,00;10,47
2008.0;4.0;2008-04-01;BRASPINE;ARAPONGAS;PR;SENGES;423,34;263,70;145,84;17,83;87,96;10,52;46,36;26,10;100,00;207,43;0,00;8,70
2008.0;4.0;2008-04-01;BRASPINE;ARROIO CLARO;PR;DOUTOR ULYSSES;275,14;92,00;154,31;17,96;88,07;10,78;45,08;26,61;100,00;196,21;0,00;4,09
2008.0;4.0;2008-04-01;BRASPINE;BARRA GRANDE;PR;DOUTOR ULYSSES;493,79;139,68;143,69;18,33;88,05;10,90;44,96;26,88;100,00;182,44;0,00;3,61
2008.0;4.0;2008-04-01;BRASPINE;BARRA GRANDE - BEMAIS;PR;GUARAPUAVA;299,16;108,61;207,87;16,65;84,81;6,71;45,30;25,23;99,99;318,57;0,00;118,27
2008.0;4.0;2008-04-01;BRASPINE;BARRETOS;PR;JAGUARIAIVA;43,35;32,98;149,91;17,77;87,30;9,93;48,55;25,80;100,00;249,26;0,00;4,03
2008.0;4.0;2008-04-01;BRASPINE;BAU;;;;;198,72;16,77;84,09;6,24;46,28;24,51;99,90;307,80;0,00;0,91
2008.0;4.0;2008-04-01;BRASPINE;BOA VISTA II;PR;PIRAI DO SUL;944,00;535,05;148,69;17,76;86,42;9,70;49,32;25,75;100,00;262,83;0,00;6,23
2008.0;4.0;2008-04-01;BRASPINE;BRASILEIRA;;;;;137,73;17,83;87,96;10,52;46,36;26,10;100,00;207,43;0,00;8,70
2008.0;4.0;2008-04-01;BRASPINE;BURACAO;;;;;140,50;17,69;85,32;10,10;47,43;26,18;99,84;282,85;0,00;1,96
2008.0;4.0;2008-04-01;BRASPINE;BURRINHO;PR;DOUTOR ULYSSES;211,01;100,37;153,56;17,96;88,07;10,78;45,08;26,61;100,00;196,21;0,00;4,09
2008.0;4.0;2008-04-01;BRASPINE;CADEADO I;PR;JAGUARIAIVA;21,07;12,29;133,61;17,59;87,69;10,23;47,78;25,68;100,00;275,04;0,00;0,95
2008.0;4.0;2008-04-01;BRASPINE;CADEADO II;PR;JAGUARIAIVA;21,88;16,79;133,61;17,59;87,69;10,23;47,78;25,68;100,00;275,04;0,00;0,95
2008.0;4.0;2008-04-01;BRASPINE;CAMPINA ALTA;PR;TIBAGI;29,77;18,24;220,28;18,35;85,15;10,24;44,27;26,63;99,89;250,04;0,00;6,26
2008.0;4.0;2008-04-01;BRASPINE;CAMPINA DO ELIAS;PR;JAGUARIAIVA;29,17;14,65;142,50;17,70;87,44;10,04;48,27;25,75;100,00;247,92;0,00;3,00
2008.0;4.0;2008-04-01;BRASPINE;CAMPO NOVO;PR;JAGUARIAIVA;295,98;156,36;149,78;17,59;87,69;10,23;47,78;25,68;100,00;275,04;0,00;0,95
2008.0;4.0;2008-04-01;BRASPINE;CONSULTORIA II A;PR;DOUTOR ULYSSES;89,62;60,79;143,45;17,83;87,96;10,52;46,36;26,10;100,00;207,43;0,00;8,70
2008.0;4.0;2008-04-01;BRASPINE;DINIZ;;;;;139,84;17,83;87,96;10,52;46,36;26,10;100,00;207,43;0,00;8,70
2008.0;4.0;2008-04-01;BRASPINE;ENES;PR;JAGUARIAIVA;5,93;5,69;150,28;17,59;87,69;10,23;47,78;25,68;100,00;275,04;0,00;0,95
2008.0;4.0;2008-04-01;BRASPINE;ENGENHARIA;;;;;139,84;17,83;87,96;10,52;46,36;26,10;100,00;207,43;0,00;8,70
2008.0;4.0;2008-04-01;BRASPINE;ESTACAO;PR;SENGES;4,76;4,14;140,05;17,59;87,69;10,23;47,78;25,68;100,00;275,04;0,00;0,95
2008.0;4.0;2008-04-01;BRASPINE;FAXINAL;PR;JAGUARIAIVA;20,65;20,65;150,28;17,59;87,69;10,23;47,78;25,68;100,00;275,04;0,00;0,95
2008.0;4.0;2008-04-01;BRASPINE;FEITAL;PR;DOUTOR ULYSSES;154,17;86,53;140,28;17,99;87,99;10,65;45,89;26,36;100,00;194,27;0,00;7,03
2008.0;4.0;2008-04-01;BRASPINE;FIGUEIRA;PR;DOUTOR ULYSSES;1053,81;315,71;140,35;17,96;88,07;10,78;45,08;26,61;100,00;196,21;0,00;4,09
2008.0;4.0;2008-04-01;BRASPINE;FIGUEIRINHA;PR;DOUTOR ULYSSES;94,37;56,74;151,57;17,96;88,07;10,78;45,08;26,61;100,00;196,21;0,00;4,09
2008.0;4.0;2008-04-01;BRASPINE;FLOEMA;PR;DOUTOR ULYSSES;2189,88;701,43;149,55;17,46;87,90;10,30;46,41;25,85;100,00;248,38;0,00;8,68
2008.0;4.0;2008-04-01;BRASPINE;FLOEMA I - SUDATI;;;;;138,37;17,83;87,96;10,52;46,36;26,10;100,00;207,43;0,00;8,70
2008.0;4.0;2008-04-01;BRASPINE;FLOEMA II - SUDATI;PR;DOUTOR ULYSSES;453,83;211,13;142,85;17,83;87,96;10,52;46,36;26,10;100,00;207,43;0,00;8,70
2008.0;4.0;2008-04-01;BRASPINE;FLOR DA SERRA;PR;SAO JOSE DA BOA VISTA;209,10;128,72;158,70;19,54;82,55;11,87;45,17;27,81;99,73;90,62;0,00;347,15
2008.0;4.0;2008-04-01;BRASPINE;GENTIL;PR;JAGUARIAIVA;126,77;53,33;139,55;17,51;85,57;9,80;50,77;25,12;99,90;278,40;0,00;4,89
2008.0;4.0;2008-04-01;BRASPINE;GUAIRACA;PR;GUARAPUAVA;623,62;169,31;217,45;16,72;84,66;6,46;45,56;25,48;99,99;316,42;0,00;0,14
2008.0;4.0;2008-04-01;BRASPINE;HERVAL 2 - MADALOSSO;;;;;142,08;17,69;85,32;10,10;47,43;26,18;99,84;282,85;0,00;1,96
2008.0;4.0;2008-04-01;BRASPINE;HERVAL DE BAIXO;PR;RESERVA;827,29;475,92;212,89;18,27;85,36;9,89;44,17;26,59;99,93;247,58;0,00;7,45
2008.0;4.0;2008-04-01;BRASPINE;HORTO 01;PR;TURVO;19,12;19,12;213,25;17,36;84,98;7,61;46,41;25,28;100,00;315,74;0,00;93,47
2008.0;4.0;2008-04-01;BRASPINE;HORTO 02;PR;TURVO;4,24;4,24;212,16;17,36;84,98;7,61;46,41;25,28;100,00;315,74;0,00;93,47
2008.0;4.0;2008-04-01;BRASPINE;HORTO 03;PR;PRUDENTOPOLIS;80,91;25,89;214,65;17,82;84,49;8,03;44,32;26,12;100,00;283,77;0,00;102,38
2008.0;4.0;2008-04-01;BRASPINE;HORTO 08;PR;TURVO;9,53;9,53;211,38;17,82;84,49;8,03;44,32;26,12;100,00;283,77;0,00;102,38
2008.0;4.0;2008-04-01;BRASPINE;HORTO 12;PR;PRUDENTOPOLIS;12,20;12,20;212,99;17,82;84,49;8,03;44,32;26,12;100,00;283,77;0,00;102,38
2008.0;4.0;2008-04-01;BRASPINE;IZAU;PR;PIRAI DO SUL;19,37;11,60;147,10;17,53;85,91;9,45;49,84;25,28;99,86;248,94;0,00;8,06
2008.0;4.0;2008-04-01;BRASPINE;JOAO RICO;PR;JAGUARIAIVA;47,46;26,18;137,99;17,77;85,76;9,97;50,90;25,43;99,96;236,83;0,00;0,56
2008.0;4.0;2008-04-01;BRASPINE;LAGOA;PR;JAGUARIAIVA;24,10;10,78;137,39;17,59;87,69;10,23;47,78;25,68;100,00;275,04;0,00;0,95
2008.0;4.0;2008-04-01;BRASPINE;MARACANA;PR;JANDAIA DO SUL;11,45;11,45;126,84;20,24;83,32;13,96;47,38;28,39;100,00;28,81;0,00;2,30
2008.0;4.0;2008-04-01;BRASPINE;MARRECA;;;;;144,89;17,96;88,07;10,78;45,08;26,61;100,00;196,21;0,00;4,09
2008.0;4.0;2008-04-01;BRASPINE;MARRECA SP;SP;ITAPIRAPUA PAULISTA;675,30;236,19;155,40;18,67;87,96;11,08;43,80;27,59;100,00;156,27;0,00;12,40
2008.0;4.0;2008-04-01;BRASPINE;MARRECAS;;;;;220,18;16,11;85,13;5,95;46,27;24,70;100,00;302,66;0,00;13,09
2008.0;4.0;2008-04-01;BRASPINE;MERCADINHO;;;;;149,44;18,43;87,28;11,04;44,57;27,38;100,00;167,97;0,00;1,78
2008.0;4.0;2008-04-01;BRASPINE;MONTE ALEGRE;;;;;121,62;20,67;82,54;14,10;47,46;28,84;100,00;28,76;0,00;0,18
2008.0;4.0;2008-04-01;BRASPINE;MONTE TABOR II;;;;;107,59;18,11;88,92;10,99;47,69;26,81;100,00;199,68;0,00;18,27
2008.0;4.0;2008-04-01;BRASPINE;MOREIRA;PR;DOUTOR ULYSSES;230,52;68,68;142,85;17,83;87,96;10,52;46,36;26,10;100,00;207,43;0,00;8,70
2008.0;4.0;2008-04-01;BRASPINE;MOREIRAS II;PR;DOUTOR ULYSSES;66,76;28,75;143,53;17,83;87,96;10,52;46,36;26,10;100,00;207,43;0,00;8,70
2008.0;4.0;2008-04-01;BRASPINE;MORRETES;PR;ORTIGUEIRA;20,36;20,36;195,57;18,72;85,50;10,42;44,13;27,24;99,91;209,50;0,00;5,15
2008.0;4.0;2008-04-01;BRASPINE;MORRO AZUL;;;;;119,03;18,13;88,03;10,73;45,18;26,64;100,00;195,25;0,00;0,84
2008.0;4.0;2008-04-01;BRASPINE;OURO FINO;SP;APIAI;51,70;51,70;114,27;17,97;88,71;10,70;46,91;26,49;100,00;209,76;0,00;80,45
2008.0;4.0;2008-04-01;BRASPINE;PALMEIRINHA DE BAIXO - SOSSEGO;PR;SENGES;85,93;9,22;116,20;17,58;86,57;10,29;48,03;25,30;100,00;235,47;0,00;101,56
2008.0;4.0;2008-04-01;BRASPINE;PAZIN;PR;DOUTOR ULYSSES;41,20;23,90;145,28;17,96;88,07;10,78;45,08;26,61;100,00;196,21;0,00;4,09
2008.0;4.0;2008-04-01;BRASPINE;PEDRAS;PR;CASTRO;7,18;7,18;168,29;17,48;86,21;9,36;50,48;25,36;99,99;288,83;0,00;13,01
2008.0;4.0;2008-04-01;BRASPINE;PESCARIA;PR;SAO JOSE DA BOA VISTA;184,57;129,22;153,49;19,68;82,30;11,87;44,90;27,75;99,76;90,96;0,00;4,52
2008.0;4.0;2008-04-01;BRASPINE;PESSEGUEIRO;PR;DOUTOR ULYSSES;109,95;64,79;146,36;17,83;87,96;10,52;46,36;26,10;100,00;207,43;0,00;8,70
2008.0;4.0;2008-04-01;BRASPINE;PITANGA;;;;;200,56;17,42;84,13;7,20;47,39;25,17;99,98;306,33;0,00;1,31
2008.0;4.0;2008-04-01;BRASPINE;QUEIMADINHO ARROIO CLARO;PR;DOUTOR ULYSSES;48,13;19,09;137,73;17,83;87,96;10,52;46,36;26,10;100,00;207,43;0,00;8,70
2008.0;4.0;2008-04-01;BRASPINE;QUEIMADINHO M6042;PR;DOUTOR ULYSSES;48,38;18,50;137,73;17,83;87,96;10,52;46,36;26,10;100,00;207,43;0,00;8,70
2008.0;4.0;2008-04-01;BRASPINE;QUEIMADINHO USUCAPIAO;PR;DOUTOR ULYSSES;200,27;92,43;137,73;17,83;87,96;10,52;46,36;26,10;100,00;207,43;0,00;8,70
2008.0;4.0;2008-04-01;BRASPINE;RAMOS;PR;SENGES;69,83;38,15;138,37;17,59;87,69;10,23;47,78;25,68;100,00;275,04;0,00;0,95
2008.0;4.0;2008-04-01;BRASPINE;RIBEIRAO GRANDE;PR;JAGUARIAIVA;20,77;20,77;143,91;17,53;85,91;9,45;49,84;25,28;99,86;248,94;0,00;8,06
2008.0;4.0;2008-04-01;BRASPINE;RINCAO DE BAIXO;;;;;189,44;17,95;83,67;10,93;44,05;25,61;99,98;267,26;0,00;9,62
2008.0;4.0;2008-04-01;BRASPINE;RIO BOMBA;PR;CERRO AZUL;65,03;37,72;149,79;18,66;86,82;10,93;45,08;27,76;100,00;185,27;0,00;1,55
2008.0;4.0;2008-04-01;BRASPINE;RIO DO MEIO;PR;DOUTOR ULYSSES;712,33;389,13;141,99;17,83;87,96;10,52;46,36;26,10;100,00;207,43;0,00;8,70
2008.0;4.0;2008-04-01;BRASPINE;RONDON;PR;JAGUARIAIVA;2899,24;1475,88;117,06;17,57;86,76;10,17;49,52;25,27;99,98;262,28;0,00;0,60
2008.0;4.0;2008-04-01;BRASPINE;SANTA FELICIDADE;;;;;145,21;19,07;87,87;10,71;43,00;28,24;100,00;157,15;0,00;334,10
2008.0;4.0;2008-04-01;BRASPINE;SANTA LIDIA DO CERCADINHO;;;;;191,62;17,65;83,68;10,67;44,58;25,24;99,96;293,57;0,00;7,94
2008.0;4.0;2008-04-01;BRASPINE;SANTO ANTONIO;;;;;124,97;17,62;86,87;10,33;46,47;25,65;100,00;235,04;0,00;103,98
2008.0;4.0;2008-04-01;BRASPINE;SAO JOSE;PR;JANDAIA DO SUL;37,56;37,56;122,30;20,53;82,72;14,00;47,53;28,69;100,00;43,73;0,00;0,26
2008.0;4.0;2008-04-01;BRASPINE;SAO MATHEUS;;;;;103,26;21,63;81,86;14,45;46,93;30,18;99,89;44,10;0,00;0,09
2008.0;4.0;2008-04-01;BRASPINE;SAO PEDRO E SAO PAULO;PR;SAPOPEMA;709,13;323,93;176,48;18,80;84,37;12,06;47,55;27,00;99,90;194,85;0,00;11,22
2008.0;4.0;2008-04-01;BRASPINE;SAO RAFAEL;;;;;162,62;17,29;84,28;9,37;43,43;25,86;99,99;326,79;0,00;6,27
2008.0;4.0;2008-04-01;BRASPINE;SAO RAFAEL - PB;;;;;120,24;18,08;88,51;10,98;46,12;26,63;100,00;212,08;0,00;83,57
2008.0;4.0;2008-04-01;BRASPINE;SERRARIA;PR;DOUTOR ULYSSES;280,88;117,71;148,19;17,71;87,98;10,54;45,75;26,23;100,00;207,67;0,00;6,46
2008.0;4.0;2008-04-01;BRASPINE;SERRO VERDE;;;;;188,97;17,02;83,32;6,15;44,66;25,10;99,91;296,30;0,00;4,04
2008.0;4.0;2008-04-01;BRASPINE;SERTAOZINHO;PR;DOUTOR ULYSSES;16,25;16,25;144,08;17,83;87,96;10,52;46,36;26,10;100,00;207,43;0,00;8,70
2008.0;4.0;2008-04-01;BRASPINE;SITIO BASILIO;PR;JAGUARIAIVA;8,08;8,08;134,65;17,57;85,51;9,96;51,26;25,15;99,93;263,94;0,00;2,71
2008.0;4.0;2008-04-01;BRASPINE;SITIO DAS MARRECAS;PR;DOUTOR ULYSSES;77,49;35,17;153,17;18,46;87,99;11,17;44,17;27,31;100,00;170,09;0,00;0,24
2008.0;4.0;2008-04-01;BRASPINE;SOBRADINHO;SP;BOM SUCESSO DE ITARARE;285,80;123,10;132,97;17,59;87,63;10,09;46,10;25,81;100,00;218,32;0,00;103,01
2008.0;4.0;2008-04-01;BRASPINE;TAQUARAL;PR;JAGUARIAIVA;519,13;31,07;126,72;17,76;86,44;10,05;50,80;25,48;100,00;235,63;0,00;3,94
2008.0;4.0;2008-04-01;BRASPINE;TUCUNDUVA;PR;SENGES;82,21;60,89;123,58;18,24;84,10;10,69;48,81;25,89;99,70;197,98;0,00;0,82
2008.0;4.0;2008-04-01;BRASPINE;TUCUNDUVA - CHAMMA;;;;;125,89;18,28;84,38;11,06;48,90;25,86;99,74;184,89;0,00;92,36
2008.0;4.0;2008-04-01;BRASPINE;VIENA 1;PR;DOUTOR ULYSSES;263,98;178,34;146,02;17,41;87,47;10,01;48,32;26,01;100,00;260,79;0,00;10,00
2008.0;4.0;2008-04-01;BRASPINE;VIENA 2;PR;CERRO AZUL;140,23;96,54;149,32;18,66;86,82;10,93;45,08;27,76;100,00;185,27;0,00;1,55
2008.0;4.0;2008-04-01;BRASPINE;VITORIA;PR;SENGES;50,54;35,69;116,20;17,58;86,57;10,29;48,03;25,30;100,00;235,47;0,00;101,56
2008.0;4.0;2008-04-01;BRASPINE;VIVEIRO;PR;DOUTOR ULYSSES;405,39;261,22;143,53;17,83;87,96;10,52;46,36;26,10;100,00;207,43;0,00;8,70
2008.0;4.0;2008-04-01;BRASPINE;VO LINO;PR;DOUTOR ULYSSES;164,50;97,89;147,31;17,96;88,07;10,78;45,08;26,61;100,00;196,21;0,00;4,09
2008.0;4.0;2008-04-01;BRASPINE;XAXIM VELHO;;;;;193,86;16,14;85,29;5,08;46,48;24,79;100,00;315,93;0,00;4,78
2008.0;5.0;2008-05-01;BRASPINE;AGUA DOCE;PR;JAGUARIAIVA;238,97;121,99;73,09;14,73;79,97;6,48;41,89;23,58;99,86;296,39;0,00;72,54
2008.0;5.0;2008-05-01;BRASPINE;AMATA;;;;;75,72;15,96;82,81;7,23;44,60;26,34;100,00;346,63;0,00;1,69
2008.0;5.0;2008-05-01;BRASPINE;ANTA BRAVA;;;;;63,79;17,40;77,52;9,09;38,81;26,32;99,58;313,84;0,00;2,36
2008.0;5.0;2008-05-01;BRASPINE;ARAPONGAS;PR;SENGES;423,34;263,70;67,10;14,72;83,16;6,75;44,01;24,30;100,00;335,92;0,00;5,14
2008.0;5.0;2008-05-01;BRASPINE;ARROIO CLARO;PR;DOUTOR ULYSSES;275,14;92,00;64,75;14,83;83,87;7,32;43,45;24,69;100,00;340,61;0,00;2,22
2008.0;5.0;2008-05-01;BRASPINE;BARRA GRANDE;PR;DOUTOR ULYSSES;493,79;139,68;68,69;15,20;83,42;7,18;42,86;25,20;100,00;330,07;0,00;4,76
2008.0;5.0;2008-05-01;BRASPINE;BARRA GRANDE - BEMAIS;PR;GUARAPUAVA;299,16;108,61;46,38;13,57;80,83;4,12;39,78;23,02;99,99;288,70;4,12;82,46
2008.0;5.0;2008-05-01;BRASPINE;BARRETOS;PR;JAGUARIAIVA;43,35;32,98;68,84;14,74;82,05;7,22;43,86;24,21;99,99;341,25;0,00;3,68
2008.0;5.0;2008-05-01;BRASPINE;BAU;;;;;44,42;13,64;80,48;4,18;45,18;22,94;99,87;296,39;4,18;0,62
2008.0;5.0;2008-05-01;BRASPINE;BOA VISTA II;PR;PIRAI DO SUL;944,00;535,05;70,39;14,71;81,03;7,12;41,47;24,13;99,98;340,07;0,00;2,34
2008.0;5.0;2008-05-01;BRASPINE;BRASILEIRA;;;;;63,19;14,72;83,16;6,75;44,01;24,30;100,00;335,92;0,00;5,14
2008.0;5.0;2008-05-01;BRASPINE;BURACAO;;;;;72,13;14,54;81,15;6,85;40,37;24,44;100,00;332,08;0,00;0,14
2008.0;5.0;2008-05-01;BRASPINE;BURRINHO;PR;DOUTOR ULYSSES;211,01;100,37;64,61;14,83;83,87;7,32;43,45;24,69;100,00;340,61;0,00;2,22
2008.0;5.0;2008-05-01;BRASPINE;CADEADO I;PR;JAGUARIAIVA;21,07;12,29;60,80;14,53;82,74;6,25;44,73;23,95;100,00;330,17;0,00;5,13
2008.0;5.0;2008-05-01;BRASPINE;CADEADO II;PR;JAGUARIAIVA;21,88;16,79;60,80;14,53;82,74;6,25;44,73;23,95;100,00;330,17;0,00;5,13
2008.0;5.0;2008-05-01;BRASPINE;CAMPINA ALTA;PR;TIBAGI;29,77;18,24;76,58;15,08;81,04;4,92;45,93;24,40;99,87;327,15;4,92;15,12
2008.0;5.0;2008-05-01;BRASPINE;CAMPINA DO ELIAS;PR;JAGUARIAIVA;29,17;14,65;66,18;14,66;82,30;6,87;44,51;24,11;99,99;337,25;0,00;161,29
2008.0;5.0;2008-05-01;BRASPINE;CAMPO NOVO;PR;JAGUARIAIVA;295,98;156,36;67,75;14,53;82,74;6,25;44,73;23,95;100,00;330,17;0,00;5,13
2008.0;5.0;2008-05-01;BRASPINE;CONSULTORIA II A;PR;DOUTOR ULYSSES;89,62;60,79;66,77;14,72;83,16;6,75;44,01;24,30;100,00;335,92;0,00;5,14
2008.0;5.0;2008-05-01;BRASPINE;DINIZ;;;;;66,78;14,72;83,16;6,75;44,01;24,30;100,00;335,92;0,00;5,14
2008.0;5.0;2008-05-01;BRASPINE;ENES;PR;JAGUARIAIVA;5,93;5,69;67,81;14,53;82,74;6,25;44,73;23,95;100,00;330,17;0,00;5,13
2008.0;5.0;2008-05-01;BRASPINE;ENGENHARIA;;;;;66,78;14,72;83,16;6,75;44,01;24,30;100,00;335,92;0,00;5,14
2008.0;5.0;2008-05-01;BRASPINE;ESTACAO;PR;SENGES;4,76;4,14;63,36;14,53;82,74;6,25;44,73;23,95;100,00;330,17;0,00;5,13
2008.0;5.0;2008-05-01;BRASPINE;FAXINAL;PR;JAGUARIAIVA;20,65;20,65;67,81;14,53;82,74;6,25;44,73;23,95;100,00;330,17;0,00;5,13
2008.0;5.0;2008-05-01;BRASPINE;FEITAL;PR;DOUTOR ULYSSES;154,17;86,53;62,46;14,88;83,25;6,89;43,63;24,60;100,00;324,03;0,00;5,02
2008.0;5.0;2008-05-01;BRASPINE;FIGUEIRA;PR;DOUTOR ULYSSES;1053,81;315,71;65,13;14,83;83,87;7,32;43,45;24,69;100,00;340,61;0,00;2,22
2008.0;5.0;2008-05-01;BRASPINE;FIGUEIRINHA;PR;DOUTOR ULYSSES;94,37;56,74;62,78;14,83;83,87;7,32;43,45;24,69;100,00;340,61;0,00;2,22
2008.0;5.0;2008-05-01;BRASPINE;FLOEMA;PR;DOUTOR ULYSSES;2189,88;701,43;67,62;14,34;83,55;7,02;44,26;23,91;100,00;328,88;0,00;5,10
2008.0;5.0;2008-05-01;BRASPINE;FLOEMA I - SUDATI;;;;;63,47;14,72;83,16;6,75;44,01;24,30;100,00;335,92;0,00;5,14
2008.0;5.0;2008-05-01;BRASPINE;FLOEMA II - SUDATI;PR;DOUTOR ULYSSES;453,83;211,13;66,04;14,72;83,16;6,75;44,01;24,30;100,00;335,92;0,00;5,14
2008.0;5.0;2008-05-01;BRASPINE;FLOR DA SERRA;PR;SAO JOSE DA BOA VISTA;209,10;128,72;64,80;16,14;77,25;7,14;43,17;25,38;99,66;345,73;0,00;50,25
2008.0;5.0;2008-05-01;BRASPINE;GENTIL;PR;JAGUARIAIVA;126,77;53,33;67,39;14,47;79,84;6,06;40,93;23,18;99,56;307,48;0,00;74,64
2008.0;5.0;2008-05-01;BRASPINE;GUAIRACA;PR;GUARAPUAVA;623,62;169,31;50,14;13,66;80,60;3,87;40,15;23,35;99,95;285,61;8,85;93,21
2008.0;5.0;2008-05-01;BRASPINE;HERVAL 2 - MADALOSSO;;;;;64,97;14,54;81,15;6,85;40,37;24,44;100,00;332,08;0,00;0,14
2008.0;5.0;2008-05-01;BRASPINE;HERVAL DE BAIXO;PR;RESERVA;827,29;475,92;93,81;14,95;81,57;4,95;45,71;24,43;99,85;318,85;4,95;8,69
2008.0;5.0;2008-05-01;BRASPINE;HORTO 01;PR;TURVO;19,12;19,12;52,82;14,32;80,89;4,79;45,20;23,58;99,82;273,53;4,79;39,42
2008.0;5.0;2008-05-01;BRASPINE;HORTO 02;PR;TURVO;4,24;4,24;55,29;14,32;80,89;4,79;45,20;23,58;99,82;273,53;4,79;39,42
2008.0;5.0;2008-05-01;BRASPINE;HORTO 03;PR;PRUDENTOPOLIS;80,91;25,89;49,57;14,67;80,62;5,27;43,87;24,22;99,88;295,26;0,00;38,35
2008.0;5.0;2008-05-01;BRASPINE;HORTO 08;PR;TURVO;9,53;9,53;50,15;14,67;80,62;5,27;43,87;24,22;99,88;295,26;0,00;38,35
2008.0;5.0;2008-05-01;BRASPINE;HORTO 12;PR;PRUDENTOPOLIS;12,20;12,20;53,36;14,67;80,62;5,27;43,87;24,22;99,88;295,26;0,00;38,35
2008.0;5.0;2008-05-01;BRASPINE;IZAU;PR;PIRAI DO SUL;19,37;11,60;67,74;14,49;80,38;6,86;39,62;23,52;99,54;339,32;0,00;1,55
2008.0;5.0;2008-05-01;BRASPINE;JOAO RICO;PR;JAGUARIAIVA;47,46;26,18;69,92;14,73;79,97;6,48;41,89;23,58;99,86;296,39;0,00;72,54
2008.0;5.0;2008-05-01;BRASPINE;LAGOA;PR;JAGUARIAIVA;24,10;10,78;61,40;14,53;82,74;6,25;44,73;23,95;100,00;330,17;0,00;5,13
2008.0;5.0;2008-05-01;BRASPINE;MARACANA;PR;JANDAIA DO SUL;11,45;11,45;78,52;17,07;76,62;8,27;40,96;26,18;99,95;286,64;0,00;3,52
2008.0;5.0;2008-05-01;BRASPINE;MARRECA;;;;;62,92;14,83;83,87;7,32;43,45;24,69;100,00;340,61;0,00;2,22
2008.0;5.0;2008-05-01;BRASPINE;MARRECA SP;SP;ITAPIRAPUA PAULISTA;675,30;236,19;65,24;15,52;83,95;7,03;42,62;25,87;100,00;336,13;0,00;21,89
2008.0;5.0;2008-05-01;BRASPINE;MARRECAS;;;;;42,38;13,08;81,02;3,44;39,16;22,53;100,00;272,82;8,37;90,13
2008.0;5.0;2008-05-01;BRASPINE;MERCADINHO;;;;;59,79;15,29;83,42;7,01;43,70;25,47;100,00;328,78;0,00;0,08
2008.0;5.0;2008-05-01;BRASPINE;MONTE ALEGRE;;;;;68,11;17,47;76,23;8,49;41,13;26,70;99,80;263,27;0,00;6,11
2008.0;5.0;2008-05-01;BRASPINE;MONTE TABOR II;;;;;59,08;14,79;85,23;6,42;49,17;24,32;100,00;321,66;0,00;39,70
2008.0;5.0;2008-05-01;BRASPINE;MOREIRA;PR;DOUTOR ULYSSES;230,52;68,68;66,04;14,72;83,16;6,75;44,01;24,30;100,00;335,92;0,00;5,14
2008.0;5.0;2008-05-01;BRASPINE;MOREIRAS II;PR;DOUTOR ULYSSES;66,76;28,75;66,87;14,72;83,16;6,75;44,01;24,30;100,00;335,92;0,00;5,14
2008.0;5.0;2008-05-01;BRASPINE;MORRETES;PR;ORTIGUEIRA;20,36;20,36;89,96;15,28;81,99;5,26;44,72;25,03;99,92;322,57;0,00;9,00
2008.0;5.0;2008-05-01;BRASPINE;MORRO AZUL;;;;;61,17;15,03;82,93;6,65;42,18;24,79;100,00;328,53;0,00;25,87
2008.0;5.0;2008-05-01;BRASPINE;OURO FINO;SP;APIAI;51,70;51,70;58,66;14,79;84,25;6,29;45,17;24,42;100,00;321,72;0,00;58,41
2008.0;5.0;2008-05-01;BRASPINE;PALMEIRINHA DE BAIXO - SOSSEGO;PR;SENGES;85,93;9,22;69,84;14,48;80,86;6,62;44,35;23,21;99,86;331,04;0,00;67,10
2008.0;5.0;2008-05-01;BRASPINE;PAZIN;PR;DOUTOR ULYSSES;41,20;23,90;62,55;14,83;83,87;7,32;43,45;24,69;100,00;340,61;0,00;2,22
2008.0;5.0;2008-05-01;BRASPINE;PEDRAS;PR;CASTRO;7,18;7,18;69,96;14,31;81,38;5,71;41,23;23,74;99,85;325,71;0,00;3,09
2008.0;5.0;2008-05-01;BRASPINE;PESCARIA;PR;SAO JOSE DA BOA VISTA;184,57;129,22;74,11;16,33;77,05;7,60;42,75;25,59;99,75;349,33;0,00;48,01
2008.0;5.0;2008-05-01;BRASPINE;PESSEGUEIRO;PR;DOUTOR ULYSSES;109,95;64,79;64,44;14,72;83,16;6,75;44,01;24,30;100,00;335,92;0,00;5,14
2008.0;5.0;2008-05-01;BRASPINE;PITANGA;;;;;43,40;14,27;80,44;5,21;47,46;23,44;99,96;310,76;0,00;7,30
2008.0;5.0;2008-05-01;BRASPINE;QUEIMADINHO ARROIO CLARO;PR;DOUTOR ULYSSES;48,13;19,09;63,19;14,72;83,16;6,75;44,01;24,30;100,00;335,92;0,00;5,14
2008.0;5.0;2008-05-01;BRASPINE;QUEIMADINHO M6042;PR;DOUTOR ULYSSES;48,38;18,50;63,19;14,72;83,16;6,75;44,01;24,30;100,00;335,92;0,00;5,14
2008.0;5.0;2008-05-01;BRASPINE;QUEIMADINHO USUCAPIAO;PR;DOUTOR ULYSSES;200,27;92,43;63,19;14,72;83,16;6,75;44,01;24,30;100,00;335,92;0,00;5,14
2008.0;5.0;2008-05-01;BRASPINE;RAMOS;PR;SENGES;69,83;38,15;63,47;14,53;82,74;6,25;44,73;23,95;100,00;330,17;0,00;5,13
2008.0;5.0;2008-05-01;BRASPINE;RIBEIRAO GRANDE;PR;JAGUARIAIVA;20,77;20,77;70,38;14,49;80,38;6,86;39,62;23,52;99,54;339,32;0,00;1,55
2008.0;5.0;2008-05-01;BRASPINE;RINCAO DE BAIXO;;;;;72,67;14,70;78,84;5,00;42,57;23,60;99,84;330,48;0,00;3,67
2008.0;5.0;2008-05-01;BRASPINE;RIO BOMBA;PR;CERRO AZUL;65,03;37,72;67,21;15,47;83,06;6,93;44,63;25,73;99,98;332,51;0,00;3,16
2008.0;5.0;2008-05-01;BRASPINE;RIO DO MEIO;PR;DOUTOR ULYSSES;712,33;389,13;65,89;14,72;83,16;6,75;44,01;24,30;100,00;335,92;0,00;5,14
2008.0;5.0;2008-05-01;BRASPINE;RONDON;PR;JAGUARIAIVA;2899,24;1475,88;68,02;14,50;81,17;6,30;44,41;23,33;99,89;332,69;0,00;71,76
2008.0;5.0;2008-05-01;BRASPINE;SANTA FELICIDADE;;;;;62,72;15,91;84,02;6,93;42,33;26,55;100,00;338,92;0,00;13,54
2008.0;5.0;2008-05-01;BRASPINE;SANTA LIDIA DO CERCADINHO;;;;;70,80;14,43;78,79;4,76;42,14;23,11;99,80;324,72;4,76;3,88
2008.0;5.0;2008-05-01;BRASPINE;SANTO ANTONIO;;;;;67,95;14,50;81,29;6,30;42,56;23,52;100,00;329,83;0,00;67,25
2008.0;5.0;2008-05-01;BRASPINE;SAO JOSE;PR;JANDAIA DO SUL;37,56;37,56;68,60;17,34;76,33;8,44;41,18;26,50;99,89;291,07;0,00;0,74
2008.0;5.0;2008-05-01;BRASPINE;SAO MATHEUS;;;;;68,80;18,30;76,77;8,28;42,28;28,02;99,48;240,69;0,00;5,03
2008.0;5.0;2008-05-01;BRASPINE;SAO PEDRO E SAO PAULO;PR;SAPOPEMA;709,13;323,93;70,65;15,83;76,70;6,08;42,42;24,26;99,96;350,39;0,00;17,40
2008.0;5.0;2008-05-01;BRASPINE;SAO RAFAEL;;;;;56,64;14,30;80,39;5,87;43,69;24,33;99,85;314,88;0,00;0,10
2008.0;5.0;2008-05-01;BRASPINE;SAO RAFAEL - PB;;;;;60,52;14,93;83,86;6,93;44,15;24,61;100,00;327,00;0,00;60,46
2008.0;5.0;2008-05-01;BRASPINE;SERRARIA;PR;DOUTOR ULYSSES;280,88;117,71;63,38;14,58;83,71;7,17;43,86;24,30;100,00;334,74;0,00;3,68
2008.0;5.0;2008-05-01;BRASPINE;SERRO VERDE;;;;;46,77;13,89;80,11;4,42;45,62;23,44;99,91;288,32;4,42;1,07
2008.0;5.0;2008-05-01;BRASPINE;SERTAOZINHO;PR;DOUTOR ULYSSES;16,25;16,25;67,14;14,72;83,16;6,75;44,01;24,30;100,00;335,92;0,00;5,14
2008.0;5.0;2008-05-01;BRASPINE;SITIO BASILIO;PR;JAGUARIAIVA;8,08;8,08;73,09;14,54;79,71;5,84;41,60;23,19;99,65;307,69;0,00;90,19
2008.0;5.0;2008-05-01;BRASPINE;SITIO DAS MARRECAS;PR;DOUTOR ULYSSES;77,49;35,17;63,82;15,32;83,92;7,11;42,85;25,54;100,00;333,15;0,00;22,17
2008.0;5.0;2008-05-01;BRASPINE;SOBRADINHO;SP;BOM SUCESSO DE ITARARE;285,80;123,10;68,22;14,45;82,31;6,39;42,29;23,63;100,00;313,77;0,00;66,10
2008.0;5.0;2008-05-01;BRASPINE;TAQUARAL;PR;JAGUARIAIVA;519,13;31,07;70,40;14,71;80,79;6,27;43,63;23,66;100,00;324,36;0,00;73,33
2008.0;5.0;2008-05-01;BRASPINE;TUCUNDUVA;PR;SENGES;82,21;60,89;84,65;15,00;78,48;5,82;42,28;23,57;99,63;323,08;0,00;45,98
2008.0;5.0;2008-05-01;BRASPINE;TUCUNDUVA - CHAMMA;;;;;89,73;15,04;78,82;6,68;42,64;23,59;99,79;326,38;0,00;46,57
2008.0;5.0;2008-05-01;BRASPINE;VIENA 1;PR;DOUTOR ULYSSES;263,98;178,34;67,50;14,30;82,80;6,61;45,30;23,73;100,00;329,61;0,00;4,24
2008.0;5.0;2008-05-01;BRASPINE;VIENA 2;PR;CERRO AZUL;140,23;96,54;66,72;15,47;83,06;6,93;44,63;25,73;99,98;332,51;0,00;3,16
2008.0;5.0;2008-05-01;BRASPINE;VITORIA;PR;SENGES;50,54;35,69;69,84;14,48;80,86;6,62;44,35;23,21;99,86;331,04;0,00;67,10
2008.0;5.0;2008-05-01;BRASPINE;VIVEIRO;PR;DOUTOR ULYSSES;405,39;261,22;66,87;14,72;83,16;6,75;44,01;24,30;100,00;335,92;0,00;5,14
2008.0;5.0;2008-05-01;BRASPINE;VO LINO;PR;DOUTOR ULYSSES;164,50;97,89;63,47;14,83;83,87;7,32;43,45;24,69;100,00;340,61;0,00;2,22
2008.0;5.0;2008-05-01;BRASPINE;XAXIM VELHO;;;;;61,77;13,13;81,04;2,82;41,09;23,01;100,00;269,47;7,78;8,75
2008.0;6.0;2008-06-01;BRASPINE;AGUA DOCE;PR;JAGUARIAIVA;238,97;121,99;64,44;13,79;81,33;0,73;38,36;21,69;99,86;298,91;2,98;1,02
2008.0;6.0;2008-06-01;BRASPINE;AMATA;;;;;61,97;14,65;84,62;0,49;39,46;24,40;100,00;314,99;5,86;1,37
2008.0;6.0;2008-06-01;BRASPINE;ANTA BRAVA;;;;;40,74;16,96;80,69;5,36;48,73;25,37;99,99;294,89;0,00;10,54
2008.0;6.0;2008-06-01;BRASPINE;ARAPONGAS;PR;SENGES;423,34;263,70;74,39;13,85;84,35;0,33;36,55;22,57;100,00;298,35;5,91;0,09
2008.0;6.0;2008-06-01;BRASPINE;ARROIO CLARO;PR;DOUTOR ULYSSES;275,14;92,00;64,02;13,92;85,13;0,19;37,10;23,00;100,00;299,34;5,45;10,03
2008.0;6.0;2008-06-01;BRASPINE;BARRA GRANDE;PR;DOUTOR ULYSSES;493,79;139,68;65,61;14,22;84,96;0,25;36,43;23,35;100,00;304,71;5,34;32,25
2008.0;6.0;2008-06-01;BRASPINE;BARRA GRANDE - BEMAIS;PR;GUARAPUAVA;299,16;108,61;146,56;12,14;84,85;-0,96;40,89;21,00;100,00;244,97;18,07;39,76
2008.0;6.0;2008-06-01;BRASPINE;BARRETOS;PR;JAGUARIAIVA;43,35;32,98;75,02;13,85;82,98;1,36;37,28;22,28;99,98;299,02;8,00;2,57
2008.0;6.0;2008-06-01;BRASPINE;BAU;;;;;149,90;12,31;83,47;0,32;40,79;20,86;99,91;257,59;19,29;2,49
2008.0;6.0;2008-06-01;BRASPINE;BOA VISTA II;PR;PIRAI DO SUL;944,00;535,05;73,40;13,84;81,86;1,81;37,42;22,11;99,96;284,63;3,80;3,00
2008.0;6.0;2008-06-01;BRASPINE;BRASILEIRA;;;;;67,31;13,85;84,35;0,33;36,55;22,57;100,00;298,35;5,91;0,09
2008.0;6.0;2008-06-01;BRASPINE;BURACAO;;;;;82,93;13,46;82,60;0,15;37,41;22,41;99,84;286,29;3,49;1,34
2008.0;6.0;2008-06-01;BRASPINE;BURRINHO;PR;DOUTOR ULYSSES;211,01;100,37;63,97;13,92;85,13;0,19;37,10;23,00;100,00;299,34;5,45;10,03
2008.0;6.0;2008-06-01;BRASPINE;CADEADO I;PR;JAGUARIAIVA;21,07;12,29;69,75;13,69;83,71;0,87;36,93;22,23;100,00;292,49;6,65;1,84
2008.0;6.0;2008-06-01;BRASPINE;CADEADO II;PR;JAGUARIAIVA;21,88;16,79;69,75;13,69;83,71;0,87;36,93;22,23;100,00;292,49;6,65;1,84
2008.0;6.0;2008-06-01;BRASPINE;CAMPINA ALTA;PR;TIBAGI;29,77;18,24;112,46;13,87;84,19;-1,09;44,15;22,13;100,00;288,76;8,67;10,99
2008.0;6.0;2008-06-01;BRASPINE;CAMPINA DO ELIAS;PR;JAGUARIAIVA;29,17;14,65;71,09;13,79;83,25;1,19;37,15;22,26;99,99;296,66;7,53;93,95
2008.0;6.0;2008-06-01;BRASPINE;CAMPO NOVO;PR;JAGUARIAIVA;295,98;156,36;76,60;13,69;83,71;0,87;36,93;22,23;100,00;292,49;6,65;1,84
2008.0;6.0;2008-06-01;BRASPINE;CONSULTORIA II A;PR;DOUTOR ULYSSES;89,62;60,79;67,12;13,85;84,35;0,33;36,55;22,57;100,00;298,35;5,91;0,09
2008.0;6.0;2008-06-01;BRASPINE;DINIZ;;;;;70,06;13,85;84,35;0,33;36,55;22,57;100,00;298,35;5,91;0,09
2008.0;6.0;2008-06-01;BRASPINE;ENES;PR;JAGUARIAIVA;5,93;5,69;76,94;13,69;83,71;0,87;36,93;22,23;100,00;292,49;6,65;1,84
2008.0;6.0;2008-06-01;BRASPINE;ENGENHARIA;;;;;70,06;13,85;84,35;0,33;36,55;22,57;100,00;298,35;5,91;0,09
2008.0;6.0;2008-06-01;BRASPINE;ESTACAO;PR;SENGES;4,76;4,14;72,85;13,69;83,71;0,87;36,93;22,23;100,00;292,49;6,65;1,84
2008.0;6.0;2008-06-01;BRASPINE;FAXINAL;PR;JAGUARIAIVA;20,65;20,65;76,94;13,69;83,71;0,87;36,93;22,23;100,00;292,49;6,65;1,84
2008.0;6.0;2008-06-01;BRASPINE;FEITAL;PR;DOUTOR ULYSSES;154,17;86,53;68,46;13,97;84,55;0,30;36,51;22,83;100,00;300,47;5,72;39,18
2008.0;6.0;2008-06-01;BRASPINE;FIGUEIRA;PR;DOUTOR ULYSSES;1053,81;315,71;67,73;13,92;85,13;0,19;37,10;23,00;100,00;299,34;5,45;10,03
2008.0;6.0;2008-06-01;BRASPINE;FIGUEIRINHA;PR;DOUTOR ULYSSES;94,37;56,74;67,66;13,92;85,13;0,19;37,10;23,00;100,00;299,34;5,45;10,03
2008.0;6.0;2008-06-01;BRASPINE;FLOEMA;PR;DOUTOR ULYSSES;2189,88;701,43;71,20;13,53;84,42;-0,08;37,32;22,29;100,00;290,12;5,66;11,56
2008.0;6.0;2008-06-01;BRASPINE;FLOEMA I - SUDATI;;;;;73,61;13,85;84,35;0,33;36,55;22,57;100,00;298,35;5,91;0,09
2008.0;6.0;2008-06-01;BRASPINE;FLOEMA II - SUDATI;PR;DOUTOR ULYSSES;453,83;211,13;64,54;13,85;84,35;0,33;36,55;22,57;100,00;298,35;5,91;0,09
2008.0;6.0;2008-06-01;BRASPINE;FLOR DA SERRA;PR;SAO JOSE DA BOA VISTA;209,10;128,72;41,94;15,19;79,78;1,25;36,26;23,48;99,80;311,18;4,62;70,52
2008.0;6.0;2008-06-01;BRASPINE;GENTIL;PR;JAGUARIAIVA;126,77;53,33;74,05;13,53;81,16;0,93;38,32;21,26;99,57;292,75;2,70;0,36
2008.0;6.0;2008-06-01;BRASPINE;GUAIRACA;PR;GUARAPUAVA;623,62;169,31;163,23;12,20;84,77;-0,89;41,43;21,28;100,00;242,22;20,28;51,89
2008.0;6.0;2008-06-01;BRASPINE;HERVAL 2 - MADALOSSO;;;;;88,64;13,46;82,60;0,15;37,41;22,41;99,84;286,29;3,49;1,34
2008.0;6.0;2008-06-01;BRASPINE;HERVAL DE BAIXO;PR;RESERVA;827,29;475,92;115,14;13,74;84,74;-1,03;44,33;22,18;100,00;278,82;7,93;8,63
2008.0;6.0;2008-06-01;BRASPINE;HORTO 01;PR;TURVO;19,12;19,12;107,38;12,82;84,64;-1,13;43,28;21,86;100,00;256,00;15,42;21,03
2008.0;6.0;2008-06-01;BRASPINE;HORTO 02;PR;TURVO;4,24;4,24;105,15;12,82;84,64;-1,13;43,28;21,86;100,00;256,00;15,42;21,03
2008.0;6.0;2008-06-01;BRASPINE;HORTO 03;PR;PRUDENTOPOLIS;80,91;25,89;113,03;13,14;84,51;-1,09;42,36;22,54;99,98;263,15;7,61;8,16
2008.0;6.0;2008-06-01;BRASPINE;HORTO 08;PR;TURVO;9,53;9,53;125,46;13,14;84,51;-1,09;42,36;22,54;99,98;263,15;7,61;8,16
2008.0;6.0;2008-06-01;BRASPINE;HORTO 12;PR;PRUDENTOPOLIS;12,20;12,20;112,89;13,14;84,51;-1,09;42,36;22,54;99,98;263,15;7,61;8,16
2008.0;6.0;2008-06-01;BRASPINE;IZAU;PR;PIRAI DO SUL;19,37;11,60;72,49;13,59;81,36;1,49;36,15;21,45;99,55;298,17;3,01;3,53
2008.0;6.0;2008-06-01;BRASPINE;JOAO RICO;PR;JAGUARIAIVA;47,46;26,18;70,52;13,79;81,33;0,73;38,36;21,69;99,86;298,91;2,98;1,02
2008.0;6.0;2008-06-01;BRASPINE;LAGOA;PR;JAGUARIAIVA;24,10;10,78;71,97;13,69;83,71;0,87;36,93;22,23;100,00;292,49;6,65;1,84
2008.0;6.0;2008-06-01;BRASPINE;MARACANA;PR;JANDAIA DO SUL;11,45;11,45;56,99;15,95;81,24;5,06;44,88;24,17;99,99;242,96;0,00;3,42
2008.0;6.0;2008-06-01;BRASPINE;MARRECA;;;;;63,98;13,92;85,13;0,19;37,10;23,00;100,00;299,34;5,45;10,03
2008.0;6.0;2008-06-01;BRASPINE;MARRECA SP;SP;ITAPIRAPUA PAULISTA;675,30;236,19;65,55;14,39;85,68;-0,63;37,07;24,04;100,00;304,70;3,91;7,73
2008.0;6.0;2008-06-01;BRASPINE;MARRECAS;;;;;163,14;11,73;84,80;-0,65;39,97;20,37;100,00;235,03;19,72;52,39
2008.0;6.0;2008-06-01;BRASPINE;MERCADINHO;;;;;64,57;14,17;85,02;-0,07;38,10;23,65;100,00;298,78;3,53;1,55
2008.0;6.0;2008-06-01;BRASPINE;MONTE ALEGRE;;;;;57,76;16,31;80,72;5,25;45,66;24,71;99,99;249,69;0,00;0,26
2008.0;6.0;2008-06-01;BRASPINE;MONTE TABOR II;;;;;65,53;13,94;87,24;1,41;43,00;23,11;100,00;300,94;7,62;4,21
2008.0;6.0;2008-06-01;BRASPINE;MOREIRA;PR;DOUTOR ULYSSES;230,52;68,68;64,54;13,85;84,35;0,33;36,55;22,57;100,00;298,35;5,91;0,09
2008.0;6.0;2008-06-01;BRASPINE;MOREIRAS II;PR;DOUTOR ULYSSES;66,76;28,75;67,51;13,85;84,35;0,33;36,55;22,57;100,00;298,35;5,91;0,09
2008.0;6.0;2008-06-01;BRASPINE;MORRETES;PR;ORTIGUEIRA;20,36;20,36;94,40;14,05;85,03;-0,72;44,72;22,90;99,96;281,12;2,94;7,60
2008.0;6.0;2008-06-01;BRASPINE;MORRO AZUL;;;;;62,65;14,13;84,49;0,40;35,97;22,81;100,00;304,97;6,88;0,30
2008.0;6.0;2008-06-01;BRASPINE;OURO FINO;SP;APIAI;51,70;51,70;66,23;13,97;85,80;1,68;39,01;22,53;100,00;302,53;7,83;9,22
2008.0;6.0;2008-06-01;BRASPINE;PALMEIRINHA DE BAIXO - SOSSEGO;PR;SENGES;85,93;9,22;65,76;13,59;82,48;0,36;36,34;21,44;99,90;287,86;7,43;7,24
2008.0;6.0;2008-06-01;BRASPINE;PAZIN;PR;DOUTOR ULYSSES;41,20;23,90;68,86;13,92;85,13;0,19;37,10;23,00;100,00;299,34;5,45;10,03
2008.0;6.0;2008-06-01;BRASPINE;PEDRAS;PR;CASTRO;7,18;7,18;78,39;13,47;82,05;0,54;37,30;21,48;99,69;287,68;5,60;9,10
2008.0;6.0;2008-06-01;BRASPINE;PESCARIA;PR;SAO JOSE DA BOA VISTA;184,57;129,22;49,06;15,32;79,20;1,49;33,90;23,64;99,83;313,57;10,45;340,57
2008.0;6.0;2008-06-01;BRASPINE;PESSEGUEIRO;PR;DOUTOR ULYSSES;109,95;64,79;71,84;13,85;84,35;0,33;36,55;22,57;100,00;298,35;5,91;0,09
2008.0;6.0;2008-06-01;BRASPINE;PITANGA;;;;;133,29;12,94;83,21;0,75;42,44;21,67;100,00;274,00;17,73;0,50
2008.0;6.0;2008-06-01;BRASPINE;QUEIMADINHO ARROIO CLARO;PR;DOUTOR ULYSSES;48,13;19,09;67,31;13,85;84,35;0,33;36,55;22,57;100,00;298,35;5,91;0,09
2008.0;6.0;2008-06-01;BRASPINE;QUEIMADINHO M6042;PR;DOUTOR ULYSSES;48,38;18,50;67,31;13,85;84,35;0,33;36,55;22,57;100,00;298,35;5,91;0,09
2008.0;6.0;2008-06-01;BRASPINE;QUEIMADINHO USUCAPIAO;PR;DOUTOR ULYSSES;200,27;92,43;67,31;13,85;84,35;0,33;36,55;22,57;100,00;298,35;5,91;0,09
2008.0;6.0;2008-06-01;BRASPINE;RAMOS;PR;SENGES;69,83;38,15;73,61;13,69;83,71;0,87;36,93;22,23;100,00;292,49;6,65;1,84
2008.0;6.0;2008-06-01;BRASPINE;RIBEIRAO GRANDE;PR;JAGUARIAIVA;20,77;20,77;70,19;13,59;81,36;1,49;36,15;21,45;99,55;298,17;3,01;3,53
2008.0;6.0;2008-06-01;BRASPINE;RINCAO DE BAIXO;;;;;77,42;13,62;81,49;-1,01;40,90;21,51;99,53;285,29;3,88;7,27
2008.0;6.0;2008-06-01;BRASPINE;RIO BOMBA;PR;CERRO AZUL;65,03;37,72;67,34;14,31;84,69;0,28;39,20;23,94;100,00;300,82;4,87;4,00
2008.0;6.0;2008-06-01;BRASPINE;RIO DO MEIO;PR;DOUTOR ULYSSES;712,33;389,13;67,44;13,85;84,35;0,33;36,55;22,57;100,00;298,35;5,91;0,09
2008.0;6.0;2008-06-01;BRASPINE;RONDON;PR;JAGUARIAIVA;2899,24;1475,88;75,39;13,61;82,50;0,20;37,24;21,60;99,90;290,12;7,19;28,18
2008.0;6.0;2008-06-01;BRASPINE;SANTA FELICIDADE;;;;;65,52;14,65;86,13;-1,51;37,28;24,63;100,00;304,64;2,77;5,06
2008.0;6.0;2008-06-01;BRASPINE;SANTA LIDIA DO CERCADINHO;;;;;80,80;13,37;81,35;-1,05;40,57;21,12;99,54;279,99;3,75;6,34
2008.0;6.0;2008-06-01;BRASPINE;SANTO ANTONIO;;;;;68,56;13,66;82,84;-0,45;35,61;21,67;100,00;288,27;6,20;4,58
2008.0;6.0;2008-06-01;BRASPINE;SAO JOSE;PR;JANDAIA DO SUL;37,56;37,56;56,89;16,20;80,81;5,21;45,55;24,49;100,00;247,60;0,00;0,71
2008.0;6.0;2008-06-01;BRASPINE;SAO MATHEUS;;;;;65,18;16,96;81,04;4,32;46,75;26,38;99,93;256,53;4,32;2,60
2008.0;6.0;2008-06-01;BRASPINE;SAO PEDRO E SAO PAULO;PR;SAPOPEMA;709,13;323,93;61,78;14,71;80,81;2,16;38,37;22,46;99,46;318,25;11,25;2,06
2008.0;6.0;2008-06-01;BRASPINE;SAO RAFAEL;;;;;118,51;12,91;81,97;-0,71;39,24;22,11;100,00;266,56;12,10;4,59
2008.0;6.0;2008-06-01;BRASPINE;SAO RAFAEL - PB;;;;;69,73;14,07;85,46;1,37;37,96;22,68;100,00;306,48;7,81;10,20
2008.0;6.0;2008-06-01;BRASPINE;SERRARIA;PR;DOUTOR ULYSSES;280,88;117,71;67,04;13,72;84,77;0,05;37,21;22,65;100,00;294,75;5,54;10,81
2008.0;6.0;2008-06-01;BRASPINE;SERRO VERDE;;;;;150,73;12,57;82,75;0,31;41,10;21,26;99,97;265,36;19,59;8,99
2008.0;6.0;2008-06-01;BRASPINE;SERTAOZINHO;PR;DOUTOR ULYSSES;16,25;16,25;70,41;13,85;84,35;0,33;36,55;22,57;100,00;298,35;5,91;0,09
2008.0;6.0;2008-06-01;BRASPINE;SITIO BASILIO;PR;JAGUARIAIVA;8,08;8,08;64,23;13,59;81,14;0,69;39,40;21,32;99,66;292,71;2,67;0,54
2008.0;6.0;2008-06-01;BRASPINE;SITIO DAS MARRECAS;PR;DOUTOR ULYSSES;77,49;35,17;67,87;14,26;85,52;-0,40;37,08;23,74;100,00;303,15;4,35;8,40
2008.0;6.0;2008-06-01;BRASPINE;SOBRADINHO;SP;BOM SUCESSO DE ITARARE;285,80;123,10;66,32;13,68;83,76;-0,25;36,44;21,74;100,00;291,39;6,20;2,26
2008.0;6.0;2008-06-01;BRASPINE;TAQUARAL;PR;JAGUARIAIVA;519,13;31,07;78,20;13,80;82,02;0,48;37,96;21,83;99,99;298,37;3,04;1,90
2008.0;6.0;2008-06-01;BRASPINE;TUCUNDUVA;PR;SENGES;82,21;60,89;68,64;14,09;80,22;-0,63;36,20;21,97;99,44;295,23;5,33;17,85
2008.0;6.0;2008-06-01;BRASPINE;TUCUNDUVA - CHAMMA;;;;;66,40;14,16;80,59;0,62;36,05;21,98;99,49;301,02;8,10;17,69
2008.0;6.0;2008-06-01;BRASPINE;VIENA 1;PR;DOUTOR ULYSSES;263,98;178,34;70,47;13,44;83,69;-0,32;38,31;21,96;100,00;289,31;4,00;10,13
2008.0;6.0;2008-06-01;BRASPINE;VIENA 2;PR;CERRO AZUL;140,23;96,54;67,53;14,31;84,69;0,28;39,20;23,94;100,00;300,82;4,87;4,00
2008.0;6.0;2008-06-01;BRASPINE;VITORIA;PR;SENGES;50,54;35,69;65,76;13,59;82,48;0,36;36,34;21,44;99,90;287,86;7,43;7,24
2008.0;6.0;2008-06-01;BRASPINE;VIVEIRO;PR;DOUTOR ULYSSES;405,39;261,22;67,51;13,85;84,35;0,33;36,55;22,57;100,00;298,35;5,91;0,09
2008.0;6.0;2008-06-01;BRASPINE;VO LINO;PR;DOUTOR ULYSSES;164,50;97,89;63,56;13,92;85,13;0,19;37,10;23,00;100,00;299,34;5,45;10,03
2008.0;6.0;2008-06-01;BRASPINE;XAXIM VELHO;;;;;149,82;11,87;84,39;-0,07;40,21;20,74;100,00;240,38;19,93;4,49
2008.0;7.0;2008-07-01;BRASPINE;AGUA DOCE;PR;JAGUARIAIVA;238,97;121,99;51,57;15,06;73,12;6,58;38,29;23,87;99,41;304,20;0,00;7,44
2008.0;7.0;2008-07-01;BRASPINE;AMATA;;;;;44,90;15,57;81,49;5,81;38,19;25,97;99,93;320,33;0,00;5,83
2008.0;7.0;2008-07-01;BRASPINE;ANTA BRAVA;;;;;11,66;17,47;69,63;9,38;30,20;27,53;99,76;365,86;0,00;2,57
2008.0;7.0;2008-07-01;BRASPINE;ARAPONGAS;PR;SENGES;423,34;263,70;54,37;14,78;78,89;5,79;40,90;24,35;100,00;310,13;0,00;1,02
2008.0;7.0;2008-07-01;BRASPINE;ARROIO CLARO;PR;DOUTOR ULYSSES;275,14;92,00;52,42;14,74;80,92;5,93;39,58;24,57;100,00;309,98;0,00;0,88
2008.0;7.0;2008-07-01;BRASPINE;BARRA GRANDE;PR;DOUTOR ULYSSES;493,79;139,68;47,37;15,16;79,88;5,27;39,34;25,27;100,00;313,75;0,00;4,91
2008.0;7.0;2008-07-01;BRASPINE;BARRA GRANDE - BEMAIS;PR;GUARAPUAVA;299,16;108,61;80,77;14,10;79,38;6,09;39,89;22,67;99,99;296,81;0,00;2,52
2008.0;7.0;2008-07-01;BRASPINE;BARRETOS;PR;JAGUARIAIVA;43,35;32,98;57,73;15,05;76,56;7,06;39,88;24,29;99,92;326,89;0,00;11,62
2008.0;7.0;2008-07-01;BRASPINE;BAU;;;;;100,26;14,53;77,11;7,55;39,34;22,92;99,85;326,45;0,00;8,25
2008.0;7.0;2008-07-01;BRASPINE;BOA VISTA II;PR;PIRAI DO SUL;944,00;535,05;59,21;15,05;75,20;6,94;38,77;24,28;99,90;319,87;0,00;10,05
2008.0;7.0;2008-07-01;BRASPINE;BRASILEIRA;;;;;48,46;14,78;78,89;5,79;40,90;24,35;100,00;310,13;0,00;1,02
2008.0;7.0;2008-07-01;BRASPINE;BURACAO;;;;;49,89;14,63;78,46;5,96;40,96;24,22;99,89;312,99;0,00;8,79
2008.0;7.0;2008-07-01;BRASPINE;BURRINHO;PR;DOUTOR ULYSSES;211,01;100,37;52,36;14,74;80,92;5,93;39,58;24,57;100,00;309,98;0,00;0,88
2008.0;7.0;2008-07-01;BRASPINE;CADEADO I;PR;JAGUARIAIVA;21,07;12,29;52,55;14,71;77,94;6,46;40,68;23,97;100,00;308,44;0,00;3,12
2008.0;7.0;2008-07-01;BRASPINE;CADEADO II;PR;JAGUARIAIVA;21,88;16,79;52,55;14,71;77,94;6,46;40,68;23,97;100,00;308,44;0,00;3,12
2008.0;7.0;2008-07-01;BRASPINE;CAMPINA ALTA;PR;TIBAGI;29,77;18,24;73,96;15,18;77,85;4,97;42,74;24,38;99,96;294,74;4,97;3,84
2008.0;7.0;2008-07-01;BRASPINE;CAMPINA DO ELIAS;PR;JAGUARIAIVA;29,17;14,65;58,82;14,93;77,06;6,84;40,37;24,17;99,95;320,17;0,00;1,08
2008.0;7.0;2008-07-01;BRASPINE;CAMPO NOVO;PR;JAGUARIAIVA;295,98;156,36;55,10;14,71;77,94;6,46;40,68;23,97;100,00;308,44;0,00;3,12
2008.0;7.0;2008-07-01;BRASPINE;CONSULTORIA II A;PR;DOUTOR ULYSSES;89,62;60,79;50,84;14,78;78,89;5,79;40,90;24,35;100,00;310,13;0,00;1,02
2008.0;7.0;2008-07-01;BRASPINE;DINIZ;;;;;47,75;14,78;78,89;5,79;40,90;24,35;100,00;310,13;0,00;1,02
2008.0;7.0;2008-07-01;BRASPINE;ENES;PR;JAGUARIAIVA;5,93;5,69;55,22;14,71;77,94;6,46;40,68;23,97;100,00;308,44;0,00;3,12
2008.0;7.0;2008-07-01;BRASPINE;ENGENHARIA;;;;;47,75;14,78;78,89;5,79;40,90;24,35;100,00;310,13;0,00;1,02
2008.0;7.0;2008-07-01;BRASPINE;ESTACAO;PR;SENGES;4,76;4,14;54,79;14,71;77,94;6,46;40,68;23,97;100,00;308,44;0,00;3,12
2008.0;7.0;2008-07-01;BRASPINE;FAXINAL;PR;JAGUARIAIVA;20,65;20,65;55,22;14,71;77,94;6,46;40,68;23,97;100,00;308,44;0,00;3,12
2008.0;7.0;2008-07-01;BRASPINE;FEITAL;PR;DOUTOR ULYSSES;154,17;86,53;48,92;14,91;79,22;5,62;40,38;24,66;100,00;311,34;0,00;0,05
2008.0;7.0;2008-07-01;BRASPINE;FIGUEIRA;PR;DOUTOR ULYSSES;1053,81;315,71;49,71;14,74;80,92;5,93;39,58;24,57;100,00;309,98;0,00;0,88
2008.0;7.0;2008-07-01;BRASPINE;FIGUEIRINHA;PR;DOUTOR ULYSSES;94,37;56,74;51,12;14,74;80,92;5,93;39,58;24,57;100,00;309,98;0,00;0,88
2008.0;7.0;2008-07-01;BRASPINE;FLOEMA;PR;DOUTOR ULYSSES;2189,88;701,43;57,51;14,39;79,72;6,07;40,64;23,78;100,00;304,40;0,00;1,28
2008.0;7.0;2008-07-01;BRASPINE;FLOEMA I - SUDATI;;;;;54,74;14,78;78,89;5,79;40,90;24,35;100,00;310,13;0,00;1,02
2008.0;7.0;2008-07-01;BRASPINE;FLOEMA II - SUDATI;PR;DOUTOR ULYSSES;453,83;211,13;52,65;14,78;78,89;5,79;40,90;24,35;100,00;310,13;0,00;1,02
2008.0;7.0;2008-07-01;BRASPINE;FLOR DA SERRA;PR;SAO JOSE DA BOA VISTA;209,10;128,72;18,50;16,13;71,96;6,67;39,73;25,88;97,90;331,84;0,00;52,49
2008.0;7.0;2008-07-01;BRASPINE;GENTIL;PR;JAGUARIAIVA;126,77;53,33;54,16;14,78;73,15;6,69;38,49;23,43;99,19;314,63;0,00;3,48
2008.0;7.0;2008-07-01;BRASPINE;GUAIRACA;PR;GUARAPUAVA;623,62;169,31;81,21;14,16;79,43;5,68;40,35;23,01;99,97;293,60;0,00;14,21
2008.0;7.0;2008-07-01;BRASPINE;HERVAL 2 - MADALOSSO;;;;;49,48;14,63;78,46;5,96;40,96;24,22;99,89;312,99;0,00;8,79
2008.0;7.0;2008-07-01;BRASPINE;HERVAL DE BAIXO;PR;RESERVA;827,29;475,92;65,85;14,91;79,44;4,94;43,21;24,31;99,94;277,61;4,94;0,04
2008.0;7.0;2008-07-01;BRASPINE;HORTO 01;PR;TURVO;19,12;19,12;88,58;14,84;78,98;5,92;45,44;23,53;99,63;311,39;0,00;4,06
2008.0;7.0;2008-07-01;BRASPINE;HORTO 02;PR;TURVO;4,24;4,24;90,07;14,84;78,98;5,92;45,44;23,53;99,63;311,39;0,00;4,06
2008.0;7.0;2008-07-01;BRASPINE;HORTO 03;PR;PRUDENTOPOLIS;80,91;25,89;85,23;15,10;79,56;6,48;45,26;24,11;99,92;310,92;0,00;2,42
2008.0;7.0;2008-07-01;BRASPINE;HORTO 08;PR;TURVO;9,53;9,53;89,76;15,10;79,56;6,48;45,26;24,11;99,92;310,92;0,00;2,42
2008.0;7.0;2008-07-01;BRASPINE;HORTO 12;PR;PRUDENTOPOLIS;12,20;12,20;85,90;15,10;79,56;6,48;45,26;24,11;99,92;310,92;0,00;2,42
2008.0;7.0;2008-07-01;BRASPINE;IZAU;PR;PIRAI DO SUL;19,37;11,60;55,00;14,87;74,06;7,49;37,91;23,73;99,54;322,13;0,00;9,13
2008.0;7.0;2008-07-01;BRASPINE;JOAO RICO;PR;JAGUARIAIVA;47,46;26,18;53,32;15,06;73,12;6,58;38,29;23,87;99,41;304,20;0,00;7,44
2008.0;7.0;2008-07-01;BRASPINE;LAGOA;PR;JAGUARIAIVA;24,10;10,78;53,37;14,71;77,94;6,46;40,68;23,97;100,00;308,44;0,00;3,12
2008.0;7.0;2008-07-01;BRASPINE;MARACANA;PR;JANDAIA DO SUL;11,45;11,45;24,58;18,01;67,61;11,80;34,81;26,94;99,79;234,88;0,00;4,47
2008.0;7.0;2008-07-01;BRASPINE;MARRECA;;;;;51,64;14,74;80,92;5,93;39,58;24,57;100,00;309,98;0,00;0,88
2008.0;7.0;2008-07-01;BRASPINE;MARRECA SP;SP;ITAPIRAPUA PAULISTA;675,30;236,19;49,15;15,25;82,02;5,51;38,26;25,73;100,00;310,10;0,00;144,34
2008.0;7.0;2008-07-01;BRASPINE;MARRECAS;;;;;83,50;13,68;79,19;5,74;36,50;22,15;100,00;287,62;0,00;19,94
2008.0;7.0;2008-07-01;BRASPINE;MERCADINHO;;;;;49,83;15,02;81,61;5,59;38,65;25,18;99,96;305,23;0,00;4,59
2008.0;7.0;2008-07-01;BRASPINE;MONTE ALEGRE;;;;;23,52;18,37;67,74;11,89;34,61;27,41;99,70;208,62;0,00;2,76
2008.0;7.0;2008-07-01;BRASPINE;MONTE TABOR II;;;;;42,72;14,42;83,00;4,50;39,04;24,61;100,00;291,48;4,50;1,56
2008.0;7.0;2008-07-01;BRASPINE;MOREIRA;PR;DOUTOR ULYSSES;230,52;68,68;52,65;14,78;78,89;5,79;40,90;24,35;100,00;310,13;0,00;1,02
2008.0;7.0;2008-07-01;BRASPINE;MOREIRAS II;PR;DOUTOR ULYSSES;66,76;28,75;50,57;14,78;78,89;5,79;40,90;24,35;100,00;310,13;0,00;1,02
2008.0;7.0;2008-07-01;BRASPINE;MORRETES;PR;ORTIGUEIRA;20,36;20,36;59,30;15,14;80,42;5,29;43,55;24,93;99,90;274,53;0,00;1,54
2008.0;7.0;2008-07-01;BRASPINE;MORRO AZUL;;;;;41,05;15,13;78,03;5,24;38,79;25,15;100,00;311,69;0,00;4,17
2008.0;7.0;2008-07-01;BRASPINE;OURO FINO;SP;APIAI;51,70;51,70;38,29;14,75;79,78;4,48;38,83;24,66;100,00;303,95;4,48;0,63
2008.0;7.0;2008-07-01;BRASPINE;PALMEIRINHA DE BAIXO - SOSSEGO;PR;SENGES;85,93;9,22;40,66;14,83;73,50;6,47;36,12;23,66;99,62;310,44;0,00;1,13
2008.0;7.0;2008-07-01;BRASPINE;PAZIN;PR;DOUTOR ULYSSES;41,20;23,90;50,04;14,74;80,92;5,93;39,58;24,57;100,00;309,98;0,00;0,88
2008.0;7.0;2008-07-01;BRASPINE;PEDRAS;PR;CASTRO;7,18;7,18;57,31;14,61;76,27;6,36;40,75;23,85;99,89;308,96;0,00;16,57
2008.0;7.0;2008-07-01;BRASPINE;PESCARIA;PR;SAO JOSE DA BOA VISTA;184,57;129,22;24,21;16,41;71,01;6,85;37,84;26,05;97,28;336,33;0,00;34,20
2008.0;7.0;2008-07-01;BRASPINE;PESSEGUEIRO;PR;DOUTOR ULYSSES;109,95;64,79;55,51;14,78;78,89;5,79;40,90;24,35;100,00;310,13;0,00;1,02
2008.0;7.0;2008-07-01;BRASPINE;PITANGA;;;;;104,80;15,17;76,69;8,58;40,88;23,70;99,79;344,17;0,00;3,29
2008.0;7.0;2008-07-01;BRASPINE;QUEIMADINHO ARROIO CLARO;PR;DOUTOR ULYSSES;48,13;19,09;48,46;14,78;78,89;5,79;40,90;24,35;100,00;310,13;0,00;1,02
2008.0;7.0;2008-07-01;BRASPINE;QUEIMADINHO M6042;PR;DOUTOR ULYSSES;48,38;18,50;48,46;14,78;78,89;5,79;40,90;24,35;100,00;310,13;0,00;1,02
2008.0;7.0;2008-07-01;BRASPINE;QUEIMADINHO USUCAPIAO;PR;DOUTOR ULYSSES;200,27;92,43;48,46;14,78;78,89;5,79;40,90;24,35;100,00;310,13;0,00;1,02
2008.0;7.0;2008-07-01;BRASPINE;RAMOS;PR;SENGES;69,83;38,15;54,74;14,71;77,94;6,46;40,68;23,97;100,00;308,44;0,00;3,12
2008.0;7.0;2008-07-01;BRASPINE;RIBEIRAO GRANDE;PR;JAGUARIAIVA;20,77;20,77;52,03;14,87;74,06;7,49;37,91;23,73;99,54;322,13;0,00;9,13
2008.0;7.0;2008-07-01;BRASPINE;RINCAO DE BAIXO;;;;;50,90;14,73;74,80;4,97;40,06;23,73;99,53;305,87;4,97;2,56
2008.0;7.0;2008-07-01;BRASPINE;RIO BOMBA;PR;CERRO AZUL;65,03;37,72;51,77;15,17;81,36;5,48;39,20;25,36;99,85;306,16;0,00;9,73
2008.0;7.0;2008-07-01;BRASPINE;RIO DO MEIO;PR;DOUTOR ULYSSES;712,33;389,13;50,01;14,78;78,89;5,79;40,90;24,35;100,00;310,13;0,00;1,02
2008.0;7.0;2008-07-01;BRASPINE;RONDON;PR;JAGUARIAIVA;2899,24;1475,88;40,16;14,78;74,51;6,83;38,70;23,58;99,80;310,56;0,00;0,89
2008.0;7.0;2008-07-01;BRASPINE;SANTA FELICIDADE;;;;;48,09;15,45;82,94;4,90;37,02;26,35;100,00;306,65;4,90;10,11
2008.0;7.0;2008-07-01;BRASPINE;SANTA LIDIA DO CERCADINHO;;;;;49,71;14,47;74,39;4,88;39,91;23,20;99,52;302,13;4,88;1,22
2008.0;7.0;2008-07-01;BRASPINE;SANTO ANTONIO;;;;;42,25;14,79;74,33;5,49;35,25;24,09;100,00;304,04;0,00;20,85
2008.0;7.0;2008-07-01;BRASPINE;SAO JOSE;PR;JANDAIA DO SUL;37,56;37,56;23,62;18,24;67,71;11,89;34,72;27,23;99,77;222,31;0,00;3,20
2008.0;7.0;2008-07-01;BRASPINE;SAO MATHEUS;;;;;22,37;19,09;69,94;11,01;35,48;28,78;99,47;209,65;0,00;2,53
2008.0;7.0;2008-07-01;BRASPINE;SAO PEDRO E SAO PAULO;PR;SAPOPEMA;709,13;323,93;33,55;15,90;70,98;7,20;38,66;24,89;99,39;323,57;0,00;0,36
2008.0;7.0;2008-07-01;BRASPINE;SAO RAFAEL;;;;;48,22;14,32;79,33;5,36;39,01;24,17;99,97;297,88;0,00;4,03
2008.0;7.0;2008-07-01;BRASPINE;SAO RAFAEL - PB;;;;;43,05;14,93;79,29;4,76;38,66;24,87;100,00;309,87;4,76;5,37
2008.0;7.0;2008-07-01;BRASPINE;SERRARIA;PR;DOUTOR ULYSSES;280,88;117,71;55,79;14,56;80,32;6,00;40,34;24,18;100,00;307,18;0,00;1,08
2008.0;7.0;2008-07-01;BRASPINE;SERRO VERDE;;;;;97,09;14,94;75,79;7,64;39,23;23,48;99,90;343,73;0,00;5,35
2008.0;7.0;2008-07-01;BRASPINE;SERTAOZINHO;PR;DOUTOR ULYSSES;16,25;16,25;49,55;14,78;78,89;5,79;40,90;24,35;100,00;310,13;0,00;1,02
2008.0;7.0;2008-07-01;BRASPINE;SITIO BASILIO;PR;JAGUARIAIVA;8,08;8,08;51,59;14,83;72,86;6,28;38,62;23,45;99,14;298,29;0,00;0,27
2008.0;7.0;2008-07-01;BRASPINE;SITIO DAS MARRECAS;PR;DOUTOR ULYSSES;77,49;35,17;51,28;15,10;81,71;5,63;38,64;25,40;100,00;310,10;0,00;0,21
2008.0;7.0;2008-07-01;BRASPINE;SOBRADINHO;SP;BOM SUCESSO DE ITARARE;285,80;123,10;43,13;14,67;75,83;4,91;35,82;24,25;100,00;299,56;4,91;21,25
2008.0;7.0;2008-07-01;BRASPINE;TAQUARAL;PR;JAGUARIAIVA;519,13;31,07;46,54;15,01;74,19;7,06;39,07;23,91;99,79;316,45;0,00;5,47
2008.0;7.0;2008-07-01;BRASPINE;TUCUNDUVA;PR;SENGES;82,21;60,89;37,80;15,32;70,89;5,61;37,36;24,10;99,12;308,26;0,00;4,96
2008.0;7.0;2008-07-01;BRASPINE;TUCUNDUVA - CHAMMA;;;;;34,94;15,39;71,28;5,86;37,14;24,16;99,42;325,49;0,00;7,52
2008.0;7.0;2008-07-01;BRASPINE;VIENA 1;PR;DOUTOR ULYSSES;263,98;178,34;55,42;14,49;78,18;5,51;41,19;23,66;100,00;311,54;0,00;17,52
2008.0;7.0;2008-07-01;BRASPINE;VIENA 2;PR;CERRO AZUL;140,23;96,54;51,98;15,17;81,36;5,48;39,20;25,36;99,85;306,16;0,00;9,73
2008.0;7.0;2008-07-01;BRASPINE;VITORIA;PR;SENGES;50,54;35,69;40,66;14,83;73,50;6,47;36,12;23,66;99,62;310,44;0,00;1,13
2008.0;7.0;2008-07-01;BRASPINE;VIVEIRO;PR;DOUTOR ULYSSES;405,39;261,22;50,57;14,78;78,89;5,79;40,90;24,35;100,00;310,13;0,00;1,02
2008.0;7.0;2008-07-01;BRASPINE;VO LINO;PR;DOUTOR ULYSSES;164,50;97,89;51,89;14,74;80,92;5,93;39,58;24,57;100,00;309,98;0,00;0,88
2008.0;7.0;2008-07-01;BRASPINE;XAXIM VELHO;;;;;80,75;13,85;79,41;6,10;38,05;22,63;100,00;294,56;0,00;1,97
2008.0;8.0;2008-08-01;BRASPINE;AGUA DOCE;PR;JAGUARIAIVA;238,97;121,99;169,49;16,12;78,21;6,76;38,97;25,49;99,88;342,55;0,00;5,29
2008.0;8.0;2008-08-01;BRASPINE;AMATA;;;;;149,77;17,02;83,00;9,18;35,36;27,79;100,00;372,55;0,00;5,47
2008.0;8.0;2008-08-01;BRASPINE;ANTA BRAVA;;;;;69,50;18,75;75,58;10,69;33,83;28,58;99,79;269,53;0,00;4,68
2008.0;8.0;2008-08-01;BRASPINE;ARAPONGAS;PR;SENGES;423,34;263,70;164,12;15,98;82,12;7,66;35,26;25,88;100,00;374,30;0,00;1,87
2008.0;8.0;2008-08-01;BRASPINE;ARROIO CLARO;PR;DOUTOR ULYSSES;275,14;92,00;153,50;16,02;83,12;7,88;34,78;26,22;100,00;375,28;0,00;0,23
2008.0;8.0;2008-08-01;BRASPINE;BARRA GRANDE;PR;DOUTOR ULYSSES;493,79;139,68;157,61;16,40;82,85;8,25;35,30;26,74;100,00;385,81;0,00;7,91
2008.0;8.0;2008-08-01;BRASPINE;BARRA GRANDE - BEMAIS;PR;GUARAPUAVA;299,16;108,61;200,62;15,14;81,26;4,19;35,34;24,73;100,00;325,66;4,19;4,73
2008.0;8.0;2008-08-01;BRASPINE;BARRETOS;PR;JAGUARIAIVA;43,35;32,98;169,91;16,08;80,50;6,95;35,95;25,86;100,00;360,85;0,00;9,87
2008.0;8.0;2008-08-01;BRASPINE;BAU;;;;;192,67;15,26;80,74;3,17;41,17;24,41;99,97;323,27;3,17;10,37
2008.0;8.0;2008-08-01;BRASPINE;BOA VISTA II;PR;PIRAI DO SUL;944,00;535,05;166,41;16,10;79,43;6,60;37,54;25,70;99,96;354,89;0,00;12,96
2008.0;8.0;2008-08-01;BRASPINE;BRASILEIRA;;;;;155,31;15,98;82,12;7,66;35,26;25,88;100,00;374,30;0,00;1,87
2008.0;8.0;2008-08-01;BRASPINE;BURACAO;;;;;145,67;15,73;81,03;6,82;37,36;25,99;99,84;346,23;0,00;8,60
2008.0;8.0;2008-08-01;BRASPINE;BURRINHO;PR;DOUTOR ULYSSES;211,01;100,37;152,75;16,02;83,12;7,88;34,78;26,22;100,00;375,28;0,00;0,23
2008.0;8.0;2008-08-01;BRASPINE;CADEADO I;PR;JAGUARIAIVA;21,07;12,29;155,52;15,85;81,28;7,22;35,05;25,63;100,00;368,57;0,00;6,12
2008.0;8.0;2008-08-01;BRASPINE;CADEADO II;PR;JAGUARIAIVA;21,88;16,79;155,52;15,85;81,28;7,22;35,05;25,63;100,00;368,57;0,00;6,12
2008.0;8.0;2008-08-01;BRASPINE;CAMPINA ALTA;PR;TIBAGI;29,77;18,24;204,45;16,66;79,90;6,58;36,00;26,03;99,95;315,90;0,00;0,06
2008.0;8.0;2008-08-01;BRASPINE;CAMPINA DO ELIAS;PR;JAGUARIAIVA;29,17;14,65;164,85;16,00;80,78;7,05;35,62;25,78;100,00;358,33;0,00;8,58
2008.0;8.0;2008-08-01;BRASPINE;CAMPO NOVO;PR;JAGUARIAIVA;295,98;156,36;166,89;15,85;81,28;7,22;35,05;25,63;100,00;368,57;0,00;6,12
2008.0;8.0;2008-08-01;BRASPINE;CONSULTORIA II A;PR;DOUTOR ULYSSES;89,62;60,79;148,26;15,98;82,12;7,66;35,26;25,88;100,00;374,30;0,00;1,87
2008.0;8.0;2008-08-01;BRASPINE;DINIZ;;;;;153,55;15,98;82,12;7,66;35,26;25,88;100,00;374,30;0,00;1,87
2008.0;8.0;2008-08-01;BRASPINE;ENES;PR;JAGUARIAIVA;5,93;5,69;167,24;15,85;81,28;7,22;35,05;25,63;100,00;368,57;0,00;6,12
2008.0;8.0;2008-08-01;BRASPINE;ENGENHARIA;;;;;153,55;15,98;82,12;7,66;35,26;25,88;100,00;374,30;0,00;1,87
2008.0;8.0;2008-08-01;BRASPINE;ESTACAO;PR;SENGES;4,76;4,14;158,43;15,85;81,28;7,22;35,05;25,63;100,00;368,57;0,00;6,12
2008.0;8.0;2008-08-01;BRASPINE;FAXINAL;PR;JAGUARIAIVA;20,65;20,65;167,24;15,85;81,28;7,22;35,05;25,63;100,00;368,57;0,00;6,12
2008.0;8.0;2008-08-01;BRASPINE;FEITAL;PR;DOUTOR ULYSSES;154,17;86,53;151,34;16,12;82,36;7,86;35,27;26,17;100,00;378,14;0,00;0,47
2008.0;8.0;2008-08-01;BRASPINE;FIGUEIRA;PR;DOUTOR ULYSSES;1053,81;315,71;146,78;16,02;83,12;7,88;34,78;26,22;100,00;375,28;0,00;0,23
2008.0;8.0;2008-08-01;BRASPINE;FIGUEIRINHA;PR;DOUTOR ULYSSES;94,37;56,74;147,71;16,02;83,12;7,88;34,78;26,22;100,00;375,28;0,00;0,23
2008.0;8.0;2008-08-01;BRASPINE;FLOEMA;PR;DOUTOR ULYSSES;2189,88;701,43;156,04;15,63;82,12;7,26;34,53;25,57;100,00;363,82;0,00;2,53
2008.0;8.0;2008-08-01;BRASPINE;FLOEMA I - SUDATI;;;;;158,67;15,98;82,12;7,66;35,26;25,88;100,00;374,30;0,00;1,87
2008.0;8.0;2008-08-01;BRASPINE;FLOEMA II - SUDATI;PR;DOUTOR ULYSSES;453,83;211,13;150,68;15,98;82,12;7,66;35,26;25,88;100,00;374,30;0,00;1,87
2008.0;8.0;2008-08-01;BRASPINE;FLOR DA SERRA;PR;SAO JOSE DA BOA VISTA;209,10;128,72;137,05;17,52;76,57;9,34;35,23;27,24;98,86;368,08;0,00;3,04
2008.0;8.0;2008-08-01;BRASPINE;GENTIL;PR;JAGUARIAIVA;126,77;53,33;164,34;15,84;78,21;6,55;39,53;24,93;99,60;351,69;0,00;11,63
2008.0;8.0;2008-08-01;BRASPINE;GUAIRACA;PR;GUARAPUAVA;623,62;169,31;200,32;15,21;81,59;3,30;35,56;24,98;100,00;311,01;3,30;4,04
2008.0;8.0;2008-08-01;BRASPINE;HERVAL 2 - MADALOSSO;;;;;152,55;15,73;81,03;6,82;37,36;25,99;99,84;346,23;0,00;8,60
2008.0;8.0;2008-08-01;BRASPINE;HERVAL DE BAIXO;PR;RESERVA;827,29;475,92;223,34;16,49;80,75;5,18;35,90;25,99;99,86;363,74;0,00;1,09
2008.0;8.0;2008-08-01;BRASPINE;HORTO 01;PR;TURVO;19,12;19,12;199,61;15,92;80,74;3,63;38,18;25,31;99,99;326,08;3,63;0,17
2008.0;8.0;2008-08-01;BRASPINE;HORTO 02;PR;TURVO;4,24;4,24;199,89;15,92;80,74;3,63;38,18;25,31;99,99;326,08;3,63;0,17
2008.0;8.0;2008-08-01;BRASPINE;HORTO 03;PR;PRUDENTOPOLIS;80,91;25,89;196,56;16,22;80,74;4,26;35,30;26,04;100,00;345,44;4,26;13,04
2008.0;8.0;2008-08-01;BRASPINE;HORTO 08;PR;TURVO;9,53;9,53;196,43;16,22;80,74;4,26;35,30;26,04;100,00;345,44;4,26;13,04
2008.0;8.0;2008-08-01;BRASPINE;HORTO 12;PR;PRUDENTOPOLIS;12,20;12,20;193,68;16,22;80,74;4,26;35,30;26,04;100,00;345,44;4,26;13,04
2008.0;8.0;2008-08-01;BRASPINE;IZAU;PR;PIRAI DO SUL;19,37;11,60;178,52;15,85;78,80;6,36;38,75;25,08;99,58;353,40;0,00;0,66
2008.0;8.0;2008-08-01;BRASPINE;JOAO RICO;PR;JAGUARIAIVA;47,46;26,18;167,39;16,12;78,21;6,76;38,97;25,49;99,88;342,55;0,00;5,29
2008.0;8.0;2008-08-01;BRASPINE;LAGOA;PR;JAGUARIAIVA;24,10;10,78;153,88;15,85;81,28;7,22;35,05;25,63;100,00;368,57;0,00;6,12
2008.0;8.0;2008-08-01;BRASPINE;MARACANA;PR;JANDAIA DO SUL;11,45;11,45;200,59;18,93;73,16;8,70;34,08;28,24;99,97;148,97;0,00;5,35
2008.0;8.0;2008-08-01;BRASPINE;MARRECA;;;;;143,06;16,02;83,12;7,88;34,78;26,22;100,00;375,28;0,00;0,23
2008.0;8.0;2008-08-01;BRASPINE;MARRECA SP;SP;ITAPIRAPUA PAULISTA;675,30;236,19;141,46;16,62;83,88;8,65;34,69;27,31;100,00;388,87;0,00;8,07
2008.0;8.0;2008-08-01;BRASPINE;MARRECAS;;;;;196,99;14,66;81,59;2,80;35,79;24,19;100,00;299,43;2,80;0,65
2008.0;8.0;2008-08-01;BRASPINE;MERCADINHO;;;;;150,71;16,41;83,31;8,24;34,59;26,97;100,00;382,15;0,00;18,97
2008.0;8.0;2008-08-01;BRASPINE;MONTE ALEGRE;;;;;191,28;19,35;72,55;9,16;33,57;28,92;99,95;138,21;0,00;2,61
2008.0;8.0;2008-08-01;BRASPINE;MONTE TABOR II;;;;;115,04;15,97;85,73;8,26;42,90;25,72;100,00;376,19;0,00;9,88
2008.0;8.0;2008-08-01;BRASPINE;MOREIRA;PR;DOUTOR ULYSSES;230,52;68,68;150,68;15,98;82,12;7,66;35,26;25,88;100,00;374,30;0,00;1,87
2008.0;8.0;2008-08-01;BRASPINE;MOREIRAS II;PR;DOUTOR ULYSSES;66,76;28,75;147,91;15,98;82,12;7,66;35,26;25,88;100,00;374,30;0,00;1,87
2008.0;8.0;2008-08-01;BRASPINE;MORRETES;PR;ORTIGUEIRA;20,36;20,36;225,03;16,79;81,36;5,44;35,68;26,66;99,82;365,14;0,00;1,67
2008.0;8.0;2008-08-01;BRASPINE;MORRO AZUL;;;;;146,01;16,27;82,11;8,22;34,99;26,37;100,00;378,83;0,00;4,27
2008.0;8.0;2008-08-01;BRASPINE;OURO FINO;SP;APIAI;51,70;51,70;118,84;16,02;83,59;8,63;37,72;25,83;100,00;376,34;0,00;3,12
2008.0;8.0;2008-08-01;BRASPINE;PALMEIRINHA DE BAIXO - SOSSEGO;PR;SENGES;85,93;9,22;150,06;15,87;79,01;7,45;36,08;25,30;99,87;348,69;0,00;1,81
2008.0;8.0;2008-08-01;BRASPINE;PAZIN;PR;DOUTOR ULYSSES;41,20;23,90;148,20;16,02;83,12;7,88;34,78;26,22;100,00;375,28;0,00;0,23
2008.0;8.0;2008-08-01;BRASPINE;PEDRAS;PR;CASTRO;7,18;7,18;169,93;15,79;79,64;6,24;40,97;25,15;99,43;333,47;0,00;3,69
2008.0;8.0;2008-08-01;BRASPINE;PESCARIA;PR;SAO JOSE DA BOA VISTA;184,57;129,22;135,79;17,74;75,72;9,34;34,66;27,72;98,42;374,48;0,00;0,09
2008.0;8.0;2008-08-01;BRASPINE;PESSEGUEIRO;PR;DOUTOR ULYSSES;109,95;64,79;158,79;15,98;82,12;7,66;35,26;25,88;100,00;374,30;0,00;1,87
2008.0;8.0;2008-08-01;BRASPINE;PITANGA;;;;;218,34;15,91;80,09;4,24;38,63;25,21;99,82;310,74;4,24;1,60
2008.0;8.0;2008-08-01;BRASPINE;QUEIMADINHO ARROIO CLARO;PR;DOUTOR ULYSSES;48,13;19,09;155,31;15,98;82,12;7,66;35,26;25,88;100,00;374,30;0,00;1,87
2008.0;8.0;2008-08-01;BRASPINE;QUEIMADINHO M6042;PR;DOUTOR ULYSSES;48,38;18,50;155,31;15,98;82,12;7,66;35,26;25,88;100,00;374,30;0,00;1,87
2008.0;8.0;2008-08-01;BRASPINE;QUEIMADINHO USUCAPIAO;PR;DOUTOR ULYSSES;200,27;92,43;155,31;15,98;82,12;7,66;35,26;25,88;100,00;374,30;0,00;1,87
2008.0;8.0;2008-08-01;BRASPINE;RAMOS;PR;SENGES;69,83;38,15;158,67;15,85;81,28;7,22;35,05;25,63;100,00;368,57;0,00;6,12
2008.0;8.0;2008-08-01;BRASPINE;RIBEIRAO GRANDE;PR;JAGUARIAIVA;20,77;20,77;173,49;15,85;78,80;6,36;38,75;25,08;99,58;353,40;0,00;0,66
2008.0;8.0;2008-08-01;BRASPINE;RINCAO DE BAIXO;;;;;191,28;16,20;77,36;5,73;37,85;25,19;99,57;337,45;0,00;42,55
2008.0;8.0;2008-08-01;BRASPINE;RIO BOMBA;PR;CERRO AZUL;65,03;37,72;150,94;16,60;82,93;8,53;35,23;27,24;100,00;385,32;0,00;8,89
2008.0;8.0;2008-08-01;BRASPINE;RIO DO MEIO;PR;DOUTOR ULYSSES;712,33;389,13;149,88;15,98;82,12;7,66;35,26;25,88;100,00;374,30;0,00;1,87
2008.0;8.0;2008-08-01;BRASPINE;RONDON;PR;JAGUARIAIVA;2899,24;1475,88;157,33;15,89;79,28;7,16;37,64;25,27;99,89;368,17;0,00;6,54
2008.0;8.0;2008-08-01;BRASPINE;SANTA FELICIDADE;;;;;137,01;16,92;84,56;8,33;34,95;27,83;100,00;379,59;0,00;3,90
2008.0;8.0;2008-08-01;BRASPINE;SANTA LIDIA DO CERCADINHO;;;;;185,74;15,91;77,19;5,71;38,14;24,65;99,57;346,57;0,00;67,64
2008.0;8.0;2008-08-01;BRASPINE;SANTO ANTONIO;;;;;157,91;15,87;79,63;7,65;34,66;25,38;100,00;361,43;0,00;0,08
2008.0;8.0;2008-08-01;BRASPINE;SAO JOSE;PR;JANDAIA DO SUL;37,56;37,56;192,96;19,22;72,67;9,06;33,82;28,70;99,98;151,99;0,00;3,30
2008.0;8.0;2008-08-01;BRASPINE;SAO MATHEUS;;;;;199,56;20,20;73,04;9,01;33,00;30,29;99,81;127,66;0,00;0,39
2008.0;8.0;2008-08-01;BRASPINE;SAO PEDRO E SAO PAULO;PR;SAPOPEMA;709,13;323,93;160,99;17,20;76,18;7,20;34,82;26,08;99,83;359,23;0,00;3,64
2008.0;8.0;2008-08-01;BRASPINE;SAO RAFAEL;;;;;116,69;15,38;81,23;5,29;37,86;26,01;99,80;348,68;0,00;5,98
2008.0;8.0;2008-08-01;BRASPINE;SAO RAFAEL - PB;;;;;143,44;16,14;83,22;8,57;36,71;26,07;100,00;379,45;0,00;3,76
2008.0;8.0;2008-08-01;BRASPINE;SERRARIA;PR;DOUTOR ULYSSES;280,88;117,71;161,64;15,83;82,62;7,57;34,66;25,85;100,00;369,52;0,00;1,43
2008.0;8.0;2008-08-01;BRASPINE;SERRO VERDE;;;;;184,53;15,65;79,51;3,44;40,79;24,80;99,94;338,40;3,44;2,69
2008.0;8.0;2008-08-01;BRASPINE;SERTAOZINHO;PR;DOUTOR ULYSSES;16,25;16,25;150,08;15,98;82,12;7,66;35,26;25,88;100,00;374,30;0,00;1,87
2008.0;8.0;2008-08-01;BRASPINE;SITIO BASILIO;PR;JAGUARIAIVA;8,08;8,08;169,42;15,91;78,02;6,67;39,62;25,05;99,68;352,16;0,00;8,55
2008.0;8.0;2008-08-01;BRASPINE;SITIO DAS MARRECAS;PR;DOUTOR ULYSSES;77,49;35,17;145,21;16,45;83,66;8,43;34,72;27,00;100,00;384,95;0,00;9,31
2008.0;8.0;2008-08-01;BRASPINE;SOBRADINHO;SP;BOM SUCESSO DE ITARARE;285,80;123,10;143,58;15,78;80,90;7,56;34,36;25,21;100,00;361,12;0,00;331,41
2008.0;8.0;2008-08-01;BRASPINE;TAQUARAL;PR;JAGUARIAIVA;519,13;31,07;168,06;16,10;78,95;6,93;38,66;25,54;100,00;342,05;0,00;11,45
2008.0;8.0;2008-08-01;BRASPINE;TUCUNDUVA;PR;SENGES;82,21;60,89;168,46;16,44;76,70;7,87;37,60;25,92;99,29;356,25;0,00;0,56
2008.0;8.0;2008-08-01;BRASPINE;TUCUNDUVA - CHAMMA;;;;;157,15;16,49;77,03;8,04;37,82;26,00;99,13;359,02;0,00;4,97
2008.0;8.0;2008-08-01;BRASPINE;VIENA 1;PR;DOUTOR ULYSSES;263,98;178,34;161,78;15,63;81,23;6,88;36,36;25,24;100,00;364,07;0,00;2,25
2008.0;8.0;2008-08-01;BRASPINE;VIENA 2;PR;CERRO AZUL;140,23;96,54;151,14;16,60;82,93;8,53;35,23;27,24;100,00;385,32;0,00;8,89
2008.0;8.0;2008-08-01;BRASPINE;VITORIA;PR;SENGES;50,54;35,69;150,06;15,87;79,01;7,45;36,08;25,30;99,87;348,69;0,00;1,81
2008.0;8.0;2008-08-01;BRASPINE;VIVEIRO;PR;DOUTOR ULYSSES;405,39;261,22;147,91;15,98;82,12;7,66;35,26;25,88;100,00;374,30;0,00;1,87
2008.0;8.0;2008-08-01;BRASPINE;VO LINO;PR;DOUTOR ULYSSES;164,50;97,89;146,25;16,02;83,12;7,88;34,78;26,22;100,00;375,28;0,00;0,23
2008.0;8.0;2008-08-01;BRASPINE;XAXIM VELHO;;;;;186,24;14,62;82,68;3,42;36,44;24,48;100,00;328,08;3,42;2,27
2008.0;9.0;2008-09-01;BRASPINE;AGUA DOCE;PR;JAGUARIAIVA;238,97;121,99;97,95;15,23;77,22;6,11;35,57;28,55;99,84;290,81;0,00;10,98
2008.0;9.0;2008-09-01;BRASPINE;AMATA;;;;;109,86;16,46;78,46;7,93;30,29;31,32;100,00;323,81;0,00;13,66
2008.0;9.0;2008-09-01;BRASPINE;ANTA BRAVA;;;;;69,05;18,30;72,41;10,71;27,68;32,00;99,33;298,59;0,00;2,44
2008.0;9.0;2008-09-01;BRASPINE;ARAPONGAS;PR;SENGES;423,34;263,70;92,25;15,24;79,86;7,16;30,75;29,56;100,00;300,42;0,00;1,85
2008.0;9.0;2008-09-01;BRASPINE;ARROIO CLARO;PR;DOUTOR ULYSSES;275,14;92,00;112,31;15,31;80,35;7,25;29,86;30,09;100,00;305,71;0,00;2,02
2008.0;9.0;2008-09-01;BRASPINE;BARRA GRANDE;PR;DOUTOR ULYSSES;493,79;139,68;100,78;15,65;80,26;7,77;30,11;30,49;100,00;312,40;0,00;0,20
2008.0;9.0;2008-09-01;BRASPINE;BARRA GRANDE - BEMAIS;PR;GUARAPUAVA;299,16;108,61;134,80;14,62;75,72;3,87;35,48;27,49;99,98;249,07;8,19;345,04
2008.0;9.0;2008-09-01;BRASPINE;BARRETOS;PR;JAGUARIAIVA;43,35;32,98;102,74;15,22;78,88;6,60;32,15;29,15;99,97;293,81;0,00;4,89
2008.0;9.0;2008-09-01;BRASPINE;BAU;;;;;144,65;14,60;74,62;2,89;38,40;26,99;99,89;231,52;6,66;0,72
2008.0;9.0;2008-09-01;BRASPINE;BOA VISTA II;PR;PIRAI DO SUL;944,00;535,05;93,81;15,17;78,19;6,07;34,36;28,89;99,95;288,69;0,00;5,80
2008.0;9.0;2008-09-01;BRASPINE;BRASILEIRA;;;;;100,99;15,24;79,86;7,16;30,75;29,56;100,00;300,42;0,00;1,85
2008.0;9.0;2008-09-01;BRASPINE;BURACAO;;;;;87,42;14,93;78,96;5,94;34,32;28,91;99,83;262,58;0,00;0,59
2008.0;9.0;2008-09-01;BRASPINE;BURRINHO;PR;DOUTOR ULYSSES;211,01;100,37;112,19;15,31;80,35;7,25;29,86;30,09;100,00;305,71;0,00;2,02
2008.0;9.0;2008-09-01;BRASPINE;CADEADO I;PR;JAGUARIAIVA;21,07;12,29;98,01;15,08;79,29;6,92;31,30;29,05;100,00;293,07;0,00;3,68
2008.0;9.0;2008-09-01;BRASPINE;CADEADO II;PR;JAGUARIAIVA;21,88;16,79;98,01;15,08;79,29;6,92;31,30;29,05;100,00;293,07;0,00;3,68
2008.0;9.0;2008-09-01;BRASPINE;CAMPINA ALTA;PR;TIBAGI;29,77;18,24;96,36;16,46;73,26;5,18;36,12;30,04;99,89;258,75;0,00;0,10
2008.0;9.0;2008-09-01;BRASPINE;CAMPINA DO ELIAS;PR;JAGUARIAIVA;29,17;14,65;96,67;15,17;79,03;6,72;31,84;29,11;99,98;293,54;0,00;4,48
2008.0;9.0;2008-09-01;BRASPINE;CAMPO NOVO;PR;JAGUARIAIVA;295,98;156,36;91,99;15,08;79,29;6,92;31,30;29,05;100,00;293,07;0,00;3,68
2008.0;9.0;2008-09-01;BRASPINE;CONSULTORIA II A;PR;DOUTOR ULYSSES;89,62;60,79;97,82;15,24;79,86;7,16;30,75;29,56;100,00;300,42;0,00;1,85
2008.0;9.0;2008-09-01;BRASPINE;DINIZ;;;;;99,01;15,24;79,86;7,16;30,75;29,56;100,00;300,42;0,00;1,85
2008.0;9.0;2008-09-01;BRASPINE;ENES;PR;JAGUARIAIVA;5,93;5,69;92,01;15,08;79,29;6,92;31,30;29,05;100,00;293,07;0,00;3,68
2008.0;9.0;2008-09-01;BRASPINE;ENGENHARIA;;;;;99,01;15,24;79,86;7,16;30,75;29,56;100,00;300,42;0,00;1,85
2008.0;9.0;2008-09-01;BRASPINE;ESTACAO;PR;SENGES;4,76;4,14;98,04;15,08;79,29;6,92;31,30;29,05;100,00;293,07;0,00;3,68
2008.0;9.0;2008-09-01;BRASPINE;FAXINAL;PR;JAGUARIAIVA;20,65;20,65;92,01;15,08;79,29;6,92;31,30;29,05;100,00;293,07;0,00;3,68
2008.0;9.0;2008-09-01;BRASPINE;FEITAL;PR;DOUTOR ULYSSES;154,17;86,53;103,62;15,37;79,99;7,36;30,54;29,87;100,00;304,41;0,00;1,19
2008.0;9.0;2008-09-01;BRASPINE;FIGUEIRA;PR;DOUTOR ULYSSES;1053,81;315,71;99,95;15,31;80,35;7,25;29,86;30,09;100,00;305,71;0,00;2,02
2008.0;9.0;2008-09-01;BRASPINE;FIGUEIRINHA;PR;DOUTOR ULYSSES;94,37;56,74;116,15;15,31;80,35;7,25;29,86;30,09;100,00;305,71;0,00;2,02
2008.0;9.0;2008-09-01;BRASPINE;FLOEMA;PR;DOUTOR ULYSSES;2189,88;701,43;99,46;14,90;79,83;6,66;30,70;29,14;100,00;292,59;0,00;1,39
2008.0;9.0;2008-09-01;BRASPINE;FLOEMA I - SUDATI;;;;;96,84;15,24;79,86;7,16;30,75;29,56;100,00;300,42;0,00;1,85
2008.0;9.0;2008-09-01;BRASPINE;FLOEMA II - SUDATI;PR;DOUTOR ULYSSES;453,83;211,13;99,79;15,24;79,86;7,16;30,75;29,56;100,00;300,42;0,00;1,85
2008.0;9.0;2008-09-01;BRASPINE;FLOR DA SERRA;PR;SAO JOSE DA BOA VISTA;209,10;128,72;78,09;17,44;71,36;8,21;31,64;31,10;99,54;301,17;0,00;0,98
2008.0;9.0;2008-09-01;BRASPINE;GENTIL;PR;JAGUARIAIVA;126,77;53,33;93,85;14,98;77,34;5,74;36,90;28,19;99,56;283,17;0,00;2,06
2008.0;9.0;2008-09-01;BRASPINE;GUAIRACA;PR;GUARAPUAVA;623,62;169,31;134,00;14,66;76,05;3,78;35,29;27,67;99,98;254,40;8,14;2,15
2008.0;9.0;2008-09-01;BRASPINE;HERVAL 2 - MADALOSSO;;;;;93,10;14,93;78,96;5,94;34,32;28,91;99,83;262,58;0,00;0,59
2008.0;9.0;2008-09-01;BRASPINE;HERVAL DE BAIXO;PR;RESERVA;827,29;475,92;97,86;16,37;73,65;4,71;35,59;30,20;99,79;266,18;4,71;8,29
2008.0;9.0;2008-09-01;BRASPINE;HORTO 01;PR;TURVO;19,12;19,12;148,71;15,33;75,04;3,93;40,11;28,28;99,60;227,73;8,55;3,93
2008.0;9.0;2008-09-01;BRASPINE;HORTO 02;PR;TURVO;4,24;4,24;150,14;15,33;75,04;3,93;40,11;28,28;99,60;227,73;8,55;3,93
2008.0;9.0;2008-09-01;BRASPINE;HORTO 03;PR;PRUDENTOPOLIS;80,91;25,89;143,14;15,78;74,56;4,36;37,38;29,10;99,82;253,68;4,36;18,81
2008.0;9.0;2008-09-01;BRASPINE;HORTO 08;PR;TURVO;9,53;9,53;142,42;15,78;74,56;4,36;37,38;29,10;99,82;253,68;4,36;18,81
2008.0;9.0;2008-09-01;BRASPINE;HORTO 12;PR;PRUDENTOPOLIS;12,20;12,20;140,83;15,78;74,56;4,36;37,38;29,10;99,82;253,68;4,36;18,81
2008.0;9.0;2008-09-01;BRASPINE;IZAU;PR;PIRAI DO SUL;19,37;11,60;91,44;14,90;78,30;5,66;35,42;28,45;99,56;281,43;0,00;6,72
2008.0;9.0;2008-09-01;BRASPINE;JOAO RICO;PR;JAGUARIAIVA;47,46;26,18;95,20;15,23;77,22;6,11;35,57;28,55;99,84;290,81;0,00;10,98
2008.0;9.0;2008-09-01;BRASPINE;LAGOA;PR;JAGUARIAIVA;24,10;10,78;105,04;15,08;79,29;6,92;31,30;29,05;100,00;293,07;0,00;3,68
2008.0;9.0;2008-09-01;BRASPINE;MARACANA;PR;JANDAIA DO SUL;11,45;11,45;75,23;18,70;65,70;7,08;26,39;32,69;99,99;244,25;0,00;0,54
2008.0;9.0;2008-09-01;BRASPINE;MARRECA;;;;;111,27;15,31;80,35;7,25;29,86;30,09;100,00;305,71;0,00;2,02
2008.0;9.0;2008-09-01;BRASPINE;MARRECA SP;SP;ITAPIRAPUA PAULISTA;675,30;236,19;116,97;15,91;80,59;8,02;29,64;31,19;100,00;307,07;0,00;5,82
2008.0;9.0;2008-09-01;BRASPINE;MARRECAS;;;;;142,16;14,07;76,37;3,48;35,12;26,81;100,00;252,97;12,21;5,31
2008.0;9.0;2008-09-01;BRASPINE;MERCADINHO;;;;;117,46;15,82;79,54;7,66;29,29;30,78;99,99;319,36;0,00;2,16
2008.0;9.0;2008-09-01;BRASPINE;MONTE ALEGRE;;;;;75,61;19,16;64,78;7,40;26,11;33,30;99,92;237,35;0,00;1,59
2008.0;9.0;2008-09-01;BRASPINE;MONTE TABOR II;;;;;106,02;15,35;82,67;7,09;34,50;30,41;100,00;317,07;0,00;0,74
2008.0;9.0;2008-09-01;BRASPINE;MOREIRA;PR;DOUTOR ULYSSES;230,52;68,68;99,79;15,24;79,86;7,16;30,75;29,56;100,00;300,42;0,00;1,85
2008.0;9.0;2008-09-01;BRASPINE;MOREIRAS II;PR;DOUTOR ULYSSES;66,76;28,75;97,52;15,24;79,86;7,16;30,75;29,56;100,00;300,42;0,00;1,85
2008.0;9.0;2008-09-01;BRASPINE;MORRETES;PR;ORTIGUEIRA;20,36;20,36;86,54;16,72;73,94;4,96;35,30;30,75;99,73;284,48;4,96;2,29
2008.0;9.0;2008-09-01;BRASPINE;MORRO AZUL;;;;;95,36;15,53;79,93;7,62;30,28;30,08;100,00;308,94;0,00;2,76
2008.0;9.0;2008-09-01;BRASPINE;OURO FINO;SP;APIAI;51,70;51,70;95,10;15,28;81,44;7,39;33,00;29,78;100,00;308,91;0,00;6,28
2008.0;9.0;2008-09-01;BRASPINE;PALMEIRINHA DE BAIXO - SOSSEGO;PR;SENGES;85,93;9,22;84,85;15,16;77,78;6,58;32,62;28,46;99,86;292,97;0,00;4,42
2008.0;9.0;2008-09-01;BRASPINE;PAZIN;PR;DOUTOR ULYSSES;41,20;23,90;108,54;15,31;80,35;7,25;29,86;30,09;100,00;305,71;0,00;2,02
2008.0;9.0;2008-09-01;BRASPINE;PEDRAS;PR;CASTRO;7,18;7,18;87,31;14,83;78,79;5,24;38,29;28,09;99,44;264,83;0,00;1,07
2008.0;9.0;2008-09-01;BRASPINE;PESCARIA;PR;SAO JOSE DA BOA VISTA;184,57;129,22;86,10;17,56;71,03;7,95;32,03;31,32;99,54;305,41;0,00;1,47
2008.0;9.0;2008-09-01;BRASPINE;PESSEGUEIRO;PR;DOUTOR ULYSSES;109,95;64,79;100,38;15,24;79,86;7,16;30,75;29,56;100,00;300,42;0,00;1,85
2008.0;9.0;2008-09-01;BRASPINE;PITANGA;;;;;157,51;15,39;73,16;3,31;39,33;27,74;99,82;246,84;7,78;0,10
2008.0;9.0;2008-09-01;BRASPINE;QUEIMADINHO ARROIO CLARO;PR;DOUTOR ULYSSES;48,13;19,09;100,99;15,24;79,86;7,16;30,75;29,56;100,00;300,42;0,00;1,85
2008.0;9.0;2008-09-01;BRASPINE;QUEIMADINHO M6042;PR;DOUTOR ULYSSES;48,38;18,50;100,99;15,24;79,86;7,16;30,75;29,56;100,00;300,42;0,00;1,85
2008.0;9.0;2008-09-01;BRASPINE;QUEIMADINHO USUCAPIAO;PR;DOUTOR ULYSSES;200,27;92,43;100,99;15,24;79,86;7,16;30,75;29,56;100,00;300,42;0,00;1,85
2008.0;9.0;2008-09-01;BRASPINE;RAMOS;PR;SENGES;69,83;38,15;96,84;15,08;79,29;6,92;31,30;29,05;100,00;293,07;0,00;3,68
2008.0;9.0;2008-09-01;BRASPINE;RIBEIRAO GRANDE;PR;JAGUARIAIVA;20,77;20,77;90,58;14,90;78,30;5,66;35,42;28,45;99,56;281,43;0,00;6,72
2008.0;9.0;2008-09-01;BRASPINE;RINCAO DE BAIXO;;;;;87,12;15,74;73,84;4,80;37,58;28,73;99,50;280,35;4,80;4,86
2008.0;9.0;2008-09-01;BRASPINE;RIO BOMBA;PR;CERRO AZUL;65,03;37,72;111,17;16,08;78,59;7,75;30,42;30,85;99,99;311,55;0,00;1,20
2008.0;9.0;2008-09-01;BRASPINE;RIO DO MEIO;PR;DOUTOR ULYSSES;712,33;389,13;98,46;15,24;79,86;7,16;30,75;29,56;100,00;300,42;0,00;1,85
2008.0;9.0;2008-09-01;BRASPINE;RONDON;PR;JAGUARIAIVA;2899,24;1475,88;98,50;15,11;78,10;6,54;33,84;28,37;99,89;291,38;0,00;0,24
2008.0;9.0;2008-09-01;BRASPINE;SANTA FELICIDADE;;;;;113,58;16,26;80,88;8,14;29,96;31,92;100,00;332,27;0,00;0,30
2008.0;9.0;2008-09-01;BRASPINE;SANTA LIDIA DO CERCADINHO;;;;;84,30;15,41;74,09;4,90;37,62;28,24;99,52;274,05;4,90;3,79
2008.0;9.0;2008-09-01;BRASPINE;SANTO ANTONIO;;;;;97,28;15,17;78,09;6,84;31,49;28,76;100,00;294,32;0,00;4,33
2008.0;9.0;2008-09-01;BRASPINE;SAO JOSE;PR;JANDAIA DO SUL;37,56;37,56;75,64;19,01;65,03;7,33;26,28;33,07;99,96;234,94;0,00;1,91
2008.0;9.0;2008-09-01;BRASPINE;SAO MATHEUS;;;;;67,39;20,08;64,13;7,78;26,41;34,47;99,11;249,17;0,00;6,50
2008.0;9.0;2008-09-01;BRASPINE;SAO PEDRO E SAO PAULO;PR;SAPOPEMA;709,13;323,93;89,76;16,87;71,76;6,78;33,02;30,19;99,29;291,04;0,00;4,16
2008.0;9.0;2008-09-01;BRASPINE;SAO RAFAEL;;;;;105,64;14,54;78,83;5,03;34,05;29,31;99,53;285,36;0,00;7,31
2008.0;9.0;2008-09-01;BRASPINE;SAO RAFAEL - PB;;;;;97,34;15,39;81,04;7,54;32,34;29,97;100,00;310,22;0,00;0,33
2008.0;9.0;2008-09-01;BRASPINE;SERRARIA;PR;DOUTOR ULYSSES;280,88;117,71;106,81;15,11;80,09;6,96;30,28;29,62;100,00;299,15;0,00;0,61
2008.0;9.0;2008-09-01;BRASPINE;SERRO VERDE;;;;;148,64;14,93;73,39;3,00;36,93;27,44;99,91;237,67;6,91;2,20
2008.0;9.0;2008-09-01;BRASPINE;SERTAOZINHO;PR;DOUTOR ULYSSES;16,25;16,25;102,16;15,24;79,86;7,16;30,75;29,56;100,00;300,42;0,00;1,85
2008.0;9.0;2008-09-01;BRASPINE;SITIO BASILIO;PR;JAGUARIAIVA;8,08;8,08;98,22;15,07;77,01;5,86;36,71;28,21;99,64;285,79;0,00;2,23
2008.0;9.0;2008-09-01;BRASPINE;SITIO DAS MARRECAS;PR;DOUTOR ULYSSES;77,49;35,17;115,88;15,74;80,52;7,87;29,70;30,87;100,00;302,44;0,00;0,53
2008.0;9.0;2008-09-01;BRASPINE;SOBRADINHO;SP;BOM SUCESSO DE ITARARE;285,80;123,10;84,88;15,10;79,19;6,94;31,42;28,84;100,00;296,23;0,00;8,50
2008.0;9.0;2008-09-01;BRASPINE;TAQUARAL;PR;JAGUARIAIVA;519,13;31,07;102,09;15,22;77,85;6,44;34,89;28,55;99,99;293,06;0,00;6,86
2008.0;9.0;2008-09-01;BRASPINE;TUCUNDUVA;PR;SENGES;82,21;60,89;97,33;16,06;73,70;6,89;34,84;29,09;99,54;282,68;0,00;3,26
2008.0;9.0;2008-09-01;BRASPINE;TUCUNDUVA - CHAMMA;;;;;95,22;16,07;74,27;6,55;33,94;29,14;99,54;283,42;0,00;0,90
2008.0;9.0;2008-09-01;BRASPINE;VIENA 1;PR;DOUTOR ULYSSES;263,98;178,34;98,28;14,80;79,54;6,45;33,10;28,58;100,00;288,13;0,00;0,49
2008.0;9.0;2008-09-01;BRASPINE;VIENA 2;PR;CERRO AZUL;140,23;96,54;111,59;16,08;78,59;7,75;30,42;30,85;99,99;311,55;0,00;1,20
2008.0;9.0;2008-09-01;BRASPINE;VITORIA;PR;SENGES;50,54;35,69;84,85;15,16;77,78;6,58;32,62;28,46;99,86;292,97;0,00;4,42
2008.0;9.0;2008-09-01;BRASPINE;VIVEIRO;PR;DOUTOR ULYSSES;405,39;261,22;97,52;15,24;79,86;7,16;30,75;29,56;100,00;300,42;0,00;1,85
2008.0;9.0;2008-09-01;BRASPINE;VO LINO;PR;DOUTOR ULYSSES;164,50;97,89;111,21;15,31;80,35;7,25;29,86;30,09;100,00;305,71;0,00;2,02
2008.0;9.0;2008-09-01;BRASPINE;XAXIM VELHO;;;;;143,41;13,94;77,58;3,41;36,19;26,90;100,00;267,49;11,41;0,35
2008.0;10.0;2008-10-01;BRASPINE;AGUA DOCE;PR;JAGUARIAIVA;238,97;121,99;134,20;18,24;84,93;8,61;43,79;28,98;99,81;204,85;0,00;2,35
2008.0;10.0;2008-10-01;BRASPINE;AMATA;;;;;169,61;19,48;84,94;11,25;38,71;31,78;100,00;149,35;0,00;1,59
2008.0;10.0;2008-10-01;BRASPINE;ANTA BRAVA;;;;;124,34;21,31;78,41;12,01;30,64;32,85;99,22;53,11;0,00;7,88
2008.0;10.0;2008-10-01;BRASPINE;ARAPONGAS;PR;SENGES;423,34;263,70;167,95;18,24;86,63;9,17;39,47;30,09;100,00;207,45;0,00;3,26
2008.0;10.0;2008-10-01;BRASPINE;ARROIO CLARO;PR;DOUTOR ULYSSES;275,14;92,00;166,59;18,37;86,80;9,42;38,18;30,60;100,00;225,38;0,00;4,98
2008.0;10.0;2008-10-01;BRASPINE;BARRA GRANDE;PR;DOUTOR ULYSSES;493,79;139,68;173,98;18,65;86,74;9,65;38,87;30,96;100,00;198,43;0,00;15,23
2008.0;10.0;2008-10-01;BRASPINE;BARRA GRANDE - BEMAIS;PR;GUARAPUAVA;299,16;108,61;225,73;17,87;86,54;9,04;46,74;27,56;99,98;200,51;0,00;5,76
2008.0;10.0;2008-10-01;BRASPINE;BARRETOS;PR;JAGUARIAIVA;43,35;32,98;150,16;18,21;86,26;8,57;41,09;29,77;99,98;219,94;0,00;3,51
2008.0;10.0;2008-10-01;BRASPINE;BAU;;;;;267,81;18,00;85,85;8,29;50,24;27,27;99,90;168,59;0,00;0,49
2008.0;10.0;2008-10-01;BRASPINE;BOA VISTA II;PR;PIRAI DO SUL;944,00;535,05;161,39;18,22;85,76;8,35;42,15;29,46;99,97;218,53;0,00;4,86
2008.0;10.0;2008-10-01;BRASPINE;BRASILEIRA;;;;;170,88;18,24;86,63;9,17;39,47;30,09;100,00;207,45;0,00;3,26
2008.0;10.0;2008-10-01;BRASPINE;BURACAO;;;;;169,87;18,04;86,08;9,07;41,17;29,40;99,82;189,99;0,00;0,78
2008.0;10.0;2008-10-01;BRASPINE;BURRINHO;PR;DOUTOR ULYSSES;211,01;100,37;166,72;18,37;86,80;9,42;38,18;30,60;100,00;225,38;0,00;4,98
2008.0;10.0;2008-10-01;BRASPINE;CADEADO I;PR;JAGUARIAIVA;21,07;12,29;165,83;18,09;86,30;8,82;39,94;29,76;100,00;219,05;0,00;1,64
2008.0;10.0;2008-10-01;BRASPINE;CADEADO II;PR;JAGUARIAIVA;21,88;16,79;165,83;18,09;86,30;8,82;39,94;29,76;100,00;219,05;0,00;1,64
2008.0;10.0;2008-10-01;BRASPINE;CAMPINA ALTA;PR;TIBAGI;29,77;18,24;194,81;19,47;84,00;10,62;46,57;29,81;99,93;147,58;0,00;4,17
2008.0;10.0;2008-10-01;BRASPINE;CAMPINA DO ELIAS;PR;JAGUARIAIVA;29,17;14,65;166,80;18,17;86,28;8,66;40,67;29,77;99,99;219,72;0,00;2,87
2008.0;10.0;2008-10-01;BRASPINE;CAMPO NOVO;PR;JAGUARIAIVA;295,98;156,36;162,39;18,09;86,30;8,82;39,94;29,76;100,00;219,05;0,00;1,64
2008.0;10.0;2008-10-01;BRASPINE;CONSULTORIA II A;PR;DOUTOR ULYSSES;89,62;60,79;177,39;18,24;86,63;9,17;39,47;30,09;100,00;207,45;0,00;3,26
2008.0;10.0;2008-10-01;BRASPINE;DINIZ;;;;;167,29;18,24;86,63;9,17;39,47;30,09;100,00;207,45;0,00;3,26
2008.0;10.0;2008-10-01;BRASPINE;ENES;PR;JAGUARIAIVA;5,93;5,69;161,60;18,09;86,30;8,82;39,94;29,76;100,00;219,05;0,00;1,64
2008.0;10.0;2008-10-01;BRASPINE;ENGENHARIA;;;;;167,29;18,24;86,63;9,17;39,47;30,09;100,00;207,45;0,00;3,26
2008.0;10.0;2008-10-01;BRASPINE;ESTACAO;PR;SENGES;4,76;4,14;172,54;18,09;86,30;8,82;39,94;29,76;100,00;219,05;0,00;1,64
2008.0;10.0;2008-10-01;BRASPINE;FAXINAL;PR;JAGUARIAIVA;20,65;20,65;161,60;18,09;86,30;8,82;39,94;29,76;100,00;219,05;0,00;1,64
2008.0;10.0;2008-10-01;BRASPINE;FEITAL;PR;DOUTOR ULYSSES;154,17;86,53;178,88;18,38;86,67;9,33;39,27;30,38;100,00;209,45;0,00;1,84
2008.0;10.0;2008-10-01;BRASPINE;FIGUEIRA;PR;DOUTOR ULYSSES;1053,81;315,71;179,46;18,37;86,80;9,42;38,18;30,60;100,00;225,38;0,00;4,98
2008.0;10.0;2008-10-01;BRASPINE;FIGUEIRINHA;PR;DOUTOR ULYSSES;94,37;56,74;176,06;18,37;86,80;9,42;38,18;30,60;100,00;225,38;0,00;4,98
2008.0;10.0;2008-10-01;BRASPINE;FLOEMA;PR;DOUTOR ULYSSES;2189,88;701,43;174,69;17,96;86,62;8,93;38,85;29,81;100,00;233,46;0,00;1,36
2008.0;10.0;2008-10-01;BRASPINE;FLOEMA I - SUDATI;;;;;173,23;18,24;86,63;9,17;39,47;30,09;100,00;207,45;0,00;3,26
2008.0;10.0;2008-10-01;BRASPINE;FLOEMA II - SUDATI;PR;DOUTOR ULYSSES;453,83;211,13;178,63;18,24;86,63;9,17;39,47;30,09;100,00;207,45;0,00;3,26
2008.0;10.0;2008-10-01;BRASPINE;FLOR DA SERRA;PR;SAO JOSE DA BOA VISTA;209,10;128,72;121,58;20,44;78,76;11,64;40,43;31,06;99,30;81,12;0,00;2,07
2008.0;10.0;2008-10-01;BRASPINE;GENTIL;PR;JAGUARIAIVA;126,77;53,33;140,77;18,01;84,99;8,46;44,56;28,52;99,73;216,57;0,00;2,67
2008.0;10.0;2008-10-01;BRASPINE;GUAIRACA;PR;GUARAPUAVA;623,62;169,31;238,65;17,92;86,51;9,12;47,61;27,86;99,99;202,22;0,00;0,38
2008.0;10.0;2008-10-01;BRASPINE;HERVAL 2 - MADALOSSO;;;;;170,57;18,04;86,08;9,07;41,17;29,40;99,82;189,99;0,00;0,78
2008.0;10.0;2008-10-01;BRASPINE;HERVAL DE BAIXO;PR;RESERVA;827,29;475,92;200,32;19,49;84,22;10,79;47,72;29,80;99,90;146,95;0,00;2,07
2008.0;10.0;2008-10-01;BRASPINE;HORTO 01;PR;TURVO;19,12;19,12;227,04;18,71;86,00;9,44;48,89;28,13;99,77;209,53;0,00;1,14
2008.0;10.0;2008-10-01;BRASPINE;HORTO 02;PR;TURVO;4,24;4,24;227,61;18,71;86,00;9,44;48,89;28,13;99,77;209,53;0,00;1,14
2008.0;10.0;2008-10-01;BRASPINE;HORTO 03;PR;PRUDENTOPOLIS;80,91;25,89;225,06;19,16;85,33;10,00;48,27;28,90;99,88;155,43;0,00;0,77
2008.0;10.0;2008-10-01;BRASPINE;HORTO 08;PR;TURVO;9,53;9,53;227,98;19,16;85,33;10,00;48,27;28,90;99,88;155,43;0,00;0,77
2008.0;10.0;2008-10-01;BRASPINE;HORTO 12;PR;PRUDENTOPOLIS;12,20;12,20;224,38;19,16;85,33;10,00;48,27;28,90;99,88;155,43;0,00;0,77
2008.0;10.0;2008-10-01;BRASPINE;IZAU;PR;PIRAI DO SUL;19,37;11,60;145,37;17,96;85,72;8,15;43,47;28,80;99,71;214,72;0,00;0,39
2008.0;10.0;2008-10-01;BRASPINE;JOAO RICO;PR;JAGUARIAIVA;47,46;26,18;138,45;18,24;84,93;8,61;43,79;28,98;99,81;204,85;0,00;2,35
2008.0;10.0;2008-10-01;BRASPINE;LAGOA;PR;JAGUARIAIVA;24,10;10,78;164,71;18,09;86,30;8,82;39,94;29,76;100,00;219,05;0,00;1,64
2008.0;10.0;2008-10-01;BRASPINE;MARACANA;PR;JANDAIA DO SUL;11,45;11,45;136,99;21,72;77,83;12,38;35,80;32,45;99,98;40,90;0,00;1,36
2008.0;10.0;2008-10-01;BRASPINE;MARRECA;;;;;169,60;18,37;86,80;9,42;38,18;30,60;100,00;225,38;0,00;4,98
2008.0;10.0;2008-10-01;BRASPINE;MARRECA SP;SP;ITAPIRAPUA PAULISTA;675,30;236,19;177,26;18,97;86,67;10,15;37,75;31,59;100,00;157,93;0,00;2,38
2008.0;10.0;2008-10-01;BRASPINE;MARRECAS;;;;;232,82;17,33;87,15;8,51;46,09;27,02;100,00;237,52;0,00;1,11
2008.0;10.0;2008-10-01;BRASPINE;MERCADINHO;;;;;172,98;18,85;85,89;10,20;38,07;31,19;100,00;171,42;0,00;2,09
2008.0;10.0;2008-10-01;BRASPINE;MONTE ALEGRE;;;;;137,31;22,21;77,16;12,82;35,30;33,02;99,97;42,50;0,00;0,67
2008.0;10.0;2008-10-01;BRASPINE;MONTE TABOR II;;;;;162,92;18,40;87,54;10,08;41,30;30,41;100,00;185,52;0,00;3,75
2008.0;10.0;2008-10-01;BRASPINE;MOREIRA;PR;DOUTOR ULYSSES;230,52;68,68;178,63;18,24;86,63;9,17;39,47;30,09;100,00;207,45;0,00;3,26
2008.0;10.0;2008-10-01;BRASPINE;MOREIRAS II;PR;DOUTOR ULYSSES;66,76;28,75;177,21;18,24;86,63;9,17;39,47;30,09;100,00;207,45;0,00;3,26
2008.0;10.0;2008-10-01;BRASPINE;MORRETES;PR;ORTIGUEIRA;20,36;20,36;203,65;19,99;83,82;11,16;46,25;30,51;99,93;120,37;0,00;2,16
2008.0;10.0;2008-10-01;BRASPINE;MORRO AZUL;;;;;163,13;18,46;86,62;9,52;39,83;30,64;100,00;240,27;0,00;3,86
2008.0;10.0;2008-10-01;BRASPINE;OURO FINO;SP;APIAI;51,70;51,70;163,51;18,21;87,48;9,67;41,31;30,33;100,00;225,53;0,00;2,89
2008.0;10.0;2008-10-01;BRASPINE;PALMEIRINHA DE BAIXO - SOSSEGO;PR;SENGES;85,93;9,22;145,27;18,06;84,94;9,00;42,59;28,91;99,87;248,63;0,00;18,92
2008.0;10.0;2008-10-01;BRASPINE;PAZIN;PR;DOUTOR ULYSSES;41,20;23,90;180,50;18,37;86,80;9,42;38,18;30,60;100,00;225,38;0,00;4,98
2008.0;10.0;2008-10-01;BRASPINE;PEDRAS;PR;CASTRO;7,18;7,18;163,28;17,97;86,14;8,09;45,31;28,76;99,79;214,58;0,00;1,84
2008.0;10.0;2008-10-01;BRASPINE;PESCARIA;PR;SAO JOSE DA BOA VISTA;184,57;129,22;119,29;20,49;78,69;11,61;39,50;31,20;99,70;95,88;0,00;3,66
2008.0;10.0;2008-10-01;BRASPINE;PESSEGUEIRO;PR;DOUTOR ULYSSES;109,95;64,79;174,26;18,24;86,63;9,17;39,47;30,09;100,00;207,45;0,00;3,26
2008.0;10.0;2008-10-01;BRASPINE;PITANGA;;;;;261,13;18,86;84,50;8,90;51,01;28,02;99,81;163,82;0,00;1,70
2008.0;10.0;2008-10-01;BRASPINE;QUEIMADINHO ARROIO CLARO;PR;DOUTOR ULYSSES;48,13;19,09;170,88;18,24;86,63;9,17;39,47;30,09;100,00;207,45;0,00;3,26
2008.0;10.0;2008-10-01;BRASPINE;QUEIMADINHO M6042;PR;DOUTOR ULYSSES;48,38;18,50;170,88;18,24;86,63;9,17;39,47;30,09;100,00;207,45;0,00;3,26
2008.0;10.0;2008-10-01;BRASPINE;QUEIMADINHO USUCAPIAO;PR;DOUTOR ULYSSES;200,27;92,43;170,88;18,24;86,63;9,17;39,47;30,09;100,00;207,45;0,00;3,26
2008.0;10.0;2008-10-01;BRASPINE;RAMOS;PR;SENGES;69,83;38,15;173,23;18,09;86,30;8,82;39,94;29,76;100,00;219,05;0,00;1,64
2008.0;10.0;2008-10-01;BRASPINE;RIBEIRAO GRANDE;PR;JAGUARIAIVA;20,77;20,77;145,88;17,96;85,72;8,15;43,47;28,80;99,71;214,72;0,00;0,39
2008.0;10.0;2008-10-01;BRASPINE;RINCAO DE BAIXO;;;;;164,12;18,79;82,55;9,51;44,72;29,08;99,65;168,17;0,00;6,65
2008.0;10.0;2008-10-01;BRASPINE;RIO BOMBA;PR;CERRO AZUL;65,03;37,72;172,71;19,12;85,16;10,67;38,33;31,21;100,00;176,03;0,00;0,38
2008.0;10.0;2008-10-01;BRASPINE;RIO DO MEIO;PR;DOUTOR ULYSSES;712,33;389,13;175,55;18,24;86,63;9,17;39,47;30,09;100,00;207,45;0,00;3,26
2008.0;10.0;2008-10-01;BRASPINE;RONDON;PR;JAGUARIAIVA;2899,24;1475,88;138,77;18,07;85,34;8,81;42,84;28,90;99,88;232,94;0,00;7,91
2008.0;10.0;2008-10-01;BRASPINE;SANTA FELICIDADE;;;;;187,29;19,31;86,54;10,76;37,24;32,24;100,00;162,13;0,00;1,30
2008.0;10.0;2008-10-01;BRASPINE;SANTA LIDIA DO CERCADINHO;;;;;168,88;18,46;82,72;9,30;44,73;28,55;99,55;179,67;0,00;5,46
2008.0;10.0;2008-10-01;BRASPINE;SANTO ANTONIO;;;;;145,75;18,08;85,17;9,12;41,47;29,33;100,00;248,66;0,00;15,84
2008.0;10.0;2008-10-01;BRASPINE;SAO JOSE;PR;JANDAIA DO SUL;37,56;37,56;137,18;22,05;77,32;12,70;35,44;32,81;99,99;42,09;0,00;1,06
2008.0;10.0;2008-10-01;BRASPINE;SAO MATHEUS;;;;;137,71;23,27;76,96;13,86;36,22;34,31;99,93;13,86;0,00;1,36
2008.0;10.0;2008-10-01;BRASPINE;SAO PEDRO E SAO PAULO;PR;SAPOPEMA;709,13;323,93;140,28;20,01;80,14;11,16;38,47;30,36;99,74;92,67;0,00;1,06
2008.0;10.0;2008-10-01;BRASPINE;SAO RAFAEL;;;;;233,62;17,62;85,44;9,36;43,76;28,99;99,73;228,39;0,00;4,17
2008.0;10.0;2008-10-01;BRASPINE;SAO RAFAEL - PB;;;;;162,79;18,32;87,26;9,66;40,54;30,51;100,00;241,05;0,00;0,57
2008.0;10.0;2008-10-01;BRASPINE;SERRARIA;PR;DOUTOR ULYSSES;280,88;117,71;163,76;18,16;86,71;9,17;38,52;30,21;100,00;237,01;0,00;0,42
2008.0;10.0;2008-10-01;BRASPINE;SERRO VERDE;;;;;277,05;18,35;84,64;8,46;50,29;27,78;99,92;171,31;0,00;4,80
2008.0;10.0;2008-10-01;BRASPINE;SERTAOZINHO;PR;DOUTOR ULYSSES;16,25;16,25;157,90;18,24;86,63;9,17;39,47;30,09;100,00;207,45;0,00;3,26
2008.0;10.0;2008-10-01;BRASPINE;SITIO BASILIO;PR;JAGUARIAIVA;8,08;8,08;134,30;18,09;84,75;8,60;44,70;28,56;99,73;218,03;0,00;0,35
2008.0;10.0;2008-10-01;BRASPINE;SITIO DAS MARRECAS;PR;DOUTOR ULYSSES;77,49;35,17;175,74;18,80;86,71;9,94;37,87;31,31;100,00;171,12;0,00;3,12
2008.0;10.0;2008-10-01;BRASPINE;SOBRADINHO;SP;BOM SUCESSO DE ITARARE;285,80;123,10;155,28;17,98;86,10;9,25;41,56;29,52;100,00;248,16;0,00;11,26
2008.0;10.0;2008-10-01;BRASPINE;TAQUARAL;PR;JAGUARIAIVA;519,13;31,07;139,84;18,22;85,34;8,68;43,42;29,11;100,00;234,69;0,00;4,80
2008.0;10.0;2008-10-01;BRASPINE;TUCUNDUVA;PR;SENGES;82,21;60,89;132,81;18,89;81,79;9,92;42,76;29,28;99,58;170,33;0,00;0,23
2008.0;10.0;2008-10-01;BRASPINE;TUCUNDUVA - CHAMMA;;;;;135,56;18,87;82,10;9,93;42,43;29,34;99,62;170,56;0,00;15,72
2008.0;10.0;2008-10-01;BRASPINE;VIENA 1;PR;DOUTOR ULYSSES;263,98;178,34;176,28;17,85;86,60;8,62;40,87;29,25;100,00;231,44;0,00;2,14
2008.0;10.0;2008-10-01;BRASPINE;VIENA 2;PR;CERRO AZUL;140,23;96,54;172,91;19,12;85,16;10,67;38,33;31,21;100,00;176,03;0,00;0,38
2008.0;10.0;2008-10-01;BRASPINE;VITORIA;PR;SENGES;50,54;35,69;145,27;18,06;84,94;9,00;42,59;28,91;99,87;248,63;0,00;18,92
2008.0;10.0;2008-10-01;BRASPINE;VIVEIRO;PR;DOUTOR ULYSSES;405,39;261,22;177,21;18,24;86,63;9,17;39,47;30,09;100,00;207,45;0,00;3,26
2008.0;10.0;2008-10-01;BRASPINE;VO LINO;PR;DOUTOR ULYSSES;164,50;97,89;168,05;18,37;86,80;9,42;38,18;30,60;100,00;225,38;0,00;4,98
2008.0;10.0;2008-10-01;BRASPINE;XAXIM VELHO;;;;;241,78;17,26;87,53;8,35;46,79;27,48;100,00;204,13;0,00;2,49
2008.0;11.0;2008-11-01;BRASPINE;AGUA DOCE;PR;JAGUARIAIVA;238,97;121,99;120,36;17,93;84,29;10,93;40,61;25,92;99,82;240,52;0,00;11,05
2008.0;11.0;2008-11-01;BRASPINE;AMATA;;;;;104,35;19,55;82,43;13,09;36,94;28,65;100,00;100,51;0,00;0,62
2008.0;11.0;2008-11-01;BRASPINE;ANTA BRAVA;;;;;80,29;20,84;79,26;13,52;40,55;28,66;98,72;57,07;0,00;10,21
2008.0;11.0;2008-11-01;BRASPINE;ARAPONGAS;PR;SENGES;423,34;263,70;121,48;17,96;86,08;11,37;36,67;26,83;100,00;230,84;0,00;8,77
2008.0;11.0;2008-11-01;BRASPINE;ARROIO CLARO;PR;DOUTOR ULYSSES;275,14;92,00;140,38;18,13;85,96;11,64;36,30;27,11;100,00;174,38;0,00;5,22
2008.0;11.0;2008-11-01;BRASPINE;BARRA GRANDE;PR;DOUTOR ULYSSES;493,79;139,68;133,58;18,42;86,09;11,83;36,18;27,78;100,00;162,12;0,00;341,90
2008.0;11.0;2008-11-01;BRASPINE;BARRA GRANDE - BEMAIS;PR;GUARAPUAVA;299,16;108,61;99,89;17,87;82,76;11,17;40,39;26,54;99,99;267,66;0,00;1,03
2008.0;11.0;2008-11-01;BRASPINE;BARRETOS;PR;JAGUARIAIVA;43,35;32,98;123,81;17,87;85,76;11,08;38,50;26,55;99,94;256,15;0,00;3,84
2008.0;11.0;2008-11-01;BRASPINE;BAU;;;;;93,75;18,03;82,38;11,35;44,06;25,68;99,96;264,62;0,00;2,19
2008.0;11.0;2008-11-01;BRASPINE;BOA VISTA II;PR;PIRAI DO SUL;944,00;535,05;121,00;17,85;85,22;10,91;39,74;26,30;99,92;238,78;0,00;6,61
2008.0;11.0;2008-11-01;BRASPINE;BRASILEIRA;;;;;137,62;17,96;86,08;11,37;36,67;26,83;100,00;230,84;0,00;8,77
2008.0;11.0;2008-11-01;BRASPINE;BURACAO;;;;;98,79;17,84;84,84;11,53;39,59;26,17;99,83;229,90;0,00;0,97
2008.0;11.0;2008-11-01;BRASPINE;BURRINHO;PR;DOUTOR ULYSSES;211,01;100,37;140,42;18,13;85,96;11,64;36,30;27,11;100,00;174,38;0,00;5,22
2008.0;11.0;2008-11-01;BRASPINE;CADEADO I;PR;JAGUARIAIVA;21,07;12,29;120,78;17,78;85,79;11,11;37,33;26,41;100,00;255,41;0,00;0,80
2008.0;11.0;2008-11-01;BRASPINE;CADEADO II;PR;JAGUARIAIVA;21,88;16,79;120,78;17,78;85,79;11,11;37,33;26,41;100,00;255,41;0,00;0,80
2008.0;11.0;2008-11-01;BRASPINE;CAMPINA ALTA;PR;TIBAGI;29,77;18,24;78,07;19,46;79,82;12,69;37,90;28,24;99,91;169,21;0,00;0,22
2008.0;11.0;2008-11-01;BRASPINE;CAMPINA DO ELIAS;PR;JAGUARIAIVA;29,17;14,65;121,51;17,84;85,77;11,09;38,08;26,50;99,96;255,87;0,00;2,73
2008.0;11.0;2008-11-01;BRASPINE;CAMPO NOVO;PR;JAGUARIAIVA;295,98;156,36;118,97;17,78;85,79;11,11;37,33;26,41;100,00;255,41;0,00;0,80
2008.0;11.0;2008-11-01;BRASPINE;CONSULTORIA II A;PR;DOUTOR ULYSSES;89,62;60,79;130,62;17,96;86,08;11,37;36,67;26,83;100,00;230,84;0,00;8,77
2008.0;11.0;2008-11-01;BRASPINE;DINIZ;;;;;132,81;17,96;86,08;11,37;36,67;26,83;100,00;230,84;0,00;8,77
2008.0;11.0;2008-11-01;BRASPINE;ENES;PR;JAGUARIAIVA;5,93;5,69;118,57;17,78;85,79;11,11;37,33;26,41;100,00;255,41;0,00;0,80
2008.0;11.0;2008-11-01;BRASPINE;ENGENHARIA;;;;;132,81;17,96;86,08;11,37;36,67;26,83;100,00;230,84;0,00;8,77
2008.0;11.0;2008-11-01;BRASPINE;ESTACAO;PR;SENGES;4,76;4,14;121,97;17,78;85,79;11,11;37,33;26,41;100,00;255,41;0,00;0,80
2008.0;11.0;2008-11-01;BRASPINE;FAXINAL;PR;JAGUARIAIVA;20,65;20,65;118,57;17,78;85,79;11,11;37,33;26,41;100,00;255,41;0,00;0,80
2008.0;11.0;2008-11-01;BRASPINE;FEITAL;PR;DOUTOR ULYSSES;154,17;86,53;133,97;18,12;86,08;11,52;36,51;27,14;100,00;173,19;0,00;7,15
2008.0;11.0;2008-11-01;BRASPINE;FIGUEIRA;PR;DOUTOR ULYSSES;1053,81;315,71;137,64;18,13;85,96;11,64;36,30;27,11;100,00;174,38;0,00;5,22
2008.0;11.0;2008-11-01;BRASPINE;FIGUEIRINHA;PR;DOUTOR ULYSSES;94,37;56,74;130,40;18,13;85,96;11,64;36,30;27,11;100,00;174,38;0,00;5,22
2008.0;11.0;2008-11-01;BRASPINE;FLOEMA;PR;DOUTOR ULYSSES;2189,88;701,43;119,16;17,67;85,88;11,13;36,93;26,21;100,00;255,91;0,00;0,61
2008.0;11.0;2008-11-01;BRASPINE;FLOEMA I - SUDATI;;;;;121,06;17,96;86,08;11,37;36,67;26,83;100,00;230,84;0,00;8,77
2008.0;11.0;2008-11-01;BRASPINE;FLOEMA II - SUDATI;PR;DOUTOR ULYSSES;453,83;211,13;129,06;17,96;86,08;11,37;36,67;26,83;100,00;230,84;0,00;8,77
2008.0;11.0;2008-11-01;BRASPINE;FLOR DA SERRA;PR;SAO JOSE DA BOA VISTA;209,10;128,72;60,31;20,23;77,20;13,18;39,05;28,08;99,73;86,10;0,00;5,41
2008.0;11.0;2008-11-01;BRASPINE;GENTIL;PR;JAGUARIAIVA;126,77;53,33;122,04;17,69;84,36;10,69;41,90;25,42;99,56;251,28;0,00;4,52
2008.0;11.0;2008-11-01;BRASPINE;GUAIRACA;PR;GUARAPUAVA;623,62;169,31;103,31;17,96;82,69;11,31;41,82;26,48;99,99;226,57;0,00;0,89
2008.0;11.0;2008-11-01;BRASPINE;HERVAL 2 - MADALOSSO;;;;;95,84;17,84;84,84;11,53;39,59;26,17;99,83;229,90;0,00;0,97
2008.0;11.0;2008-11-01;BRASPINE;HERVAL DE BAIXO;PR;RESERVA;827,29;475,92;76,25;19,51;79,74;12,83;37,69;28,37;99,89;183,71;0,00;2,98
2008.0;11.0;2008-11-01;BRASPINE;HORTO 01;PR;TURVO;19,12;19,12;82,92;18,73;82,27;11,74;43,99;26,48;99,85;217,61;0,00;3,22
2008.0;11.0;2008-11-01;BRASPINE;HORTO 02;PR;TURVO;4,24;4,24;82,75;18,73;82,27;11,74;43,99;26,48;99,85;217,61;0,00;3,22
2008.0;11.0;2008-11-01;BRASPINE;HORTO 03;PR;PRUDENTOPOLIS;80,91;25,89;81,21;19,22;81,00;12,13;41,26;27,36;99,97;150,04;0,00;0,05
2008.0;11.0;2008-11-01;BRASPINE;HORTO 08;PR;TURVO;9,53;9,53;86,49;19,22;81,00;12,13;41,26;27,36;99,97;150,04;0,00;0,05
2008.0;11.0;2008-11-01;BRASPINE;HORTO 12;PR;PRUDENTOPOLIS;12,20;12,20;78,57;19,22;81,00;12,13;41,26;27,36;99,97;150,04;0,00;0,05
2008.0;11.0;2008-11-01;BRASPINE;IZAU;PR;PIRAI DO SUL;19,37;11,60;115,66;17,58;85,27;10,60;41,33;25,68;99,55;263,73;0,00;341,16
2008.0;11.0;2008-11-01;BRASPINE;JOAO RICO;PR;JAGUARIAIVA;47,46;26,18;121,87;17,93;84,29;10,93;40,61;25,92;99,82;240,52;0,00;11,05
2008.0;11.0;2008-11-01;BRASPINE;LAGOA;PR;JAGUARIAIVA;24,10;10,78;122,88;17,78;85,79;11,11;37,33;26,41;100,00;255,41;0,00;0,80
2008.0;11.0;2008-11-01;BRASPINE;MARACANA;PR;JANDAIA DO SUL;11,45;11,45;133,78;21,60;75,77;14,70;36,19;29,56;99,98;29,45;0,00;1,68
2008.0;11.0;2008-11-01;BRASPINE;MARRECA;;;;;140,29;18,13;85,96;11,64;36,30;27,11;100,00;174,38;0,00;5,22
2008.0;11.0;2008-11-01;BRASPINE;MARRECA SP;SP;ITAPIRAPUA PAULISTA;675,30;236,19;136,39;18,81;85,59;12,35;35,76;28,36;100,00;137,01;0,00;348,98
2008.0;11.0;2008-11-01;BRASPINE;MARRECAS;;;;;110,54;17,31;83,62;10,90;40,50;26,06;100,00;286,86;0,00;354,01
2008.0;11.0;2008-11-01;BRASPINE;MERCADINHO;;;;;119,56;18,78;84,13;12,30;36,34;27,85;100,00;138,04;0,00;1,24
2008.0;11.0;2008-11-01;BRASPINE;MONTE ALEGRE;;;;;136,95;22,13;74,98;15,21;36,37;30,10;99,96;0,00;0,00;3,38
2008.0;11.0;2008-11-01;BRASPINE;MONTE TABOR II;;;;;126,13;18,26;86,87;11,61;39,23;27,21;99,99;136,43;0,00;6,78
2008.0;11.0;2008-11-01;BRASPINE;MOREIRA;PR;DOUTOR ULYSSES;230,52;68,68;129,06;17,96;86,08;11,37;36,67;26,83;100,00;230,84;0,00;8,77
2008.0;11.0;2008-11-01;BRASPINE;MOREIRAS II;PR;DOUTOR ULYSSES;66,76;28,75;130,83;17,96;86,08;11,37;36,67;26,83;100,00;230,84;0,00;8,77
2008.0;11.0;2008-11-01;BRASPINE;MORRETES;PR;ORTIGUEIRA;20,36;20,36;76,57;20,04;79,20;13,38;37,48;28,98;99,84;127,70;0,00;3,88
2008.0;11.0;2008-11-01;BRASPINE;MORRO AZUL;;;;;118,86;18,18;86,34;11,48;36,44;27,51;100,00;174,52;0,00;19,97
2008.0;11.0;2008-11-01;BRASPINE;OURO FINO;SP;APIAI;51,70;51,70;112,84;17,98;87,28;11,38;38,17;27,11;100,00;175,63;0,00;10,66
2008.0;11.0;2008-11-01;BRASPINE;PALMEIRINHA DE BAIXO - SOSSEGO;PR;SENGES;85,93;9,22;107,90;17,73;84,86;10,91;37,93;26,01;99,86;270,46;0,00;16,76
2008.0;11.0;2008-11-01;BRASPINE;PAZIN;PR;DOUTOR ULYSSES;41,20;23,90;132,91;18,13;85,96;11,64;36,30;27,11;100,00;174,38;0,00;5,22
2008.0;11.0;2008-11-01;BRASPINE;PEDRAS;PR;CASTRO;7,18;7,18;112,58;17,62;85,38;10,68;43,60;25,53;99,50;249,64;0,00;1,03
2008.0;11.0;2008-11-01;BRASPINE;PESCARIA;PR;SAO JOSE DA BOA VISTA;184,57;129,22;71,85;20,29;77,14;13,20;37,95;28,46;99,71;86,39;0,00;0,61
2008.0;11.0;2008-11-01;BRASPINE;PESSEGUEIRO;PR;DOUTOR ULYSSES;109,95;64,79;125,58;17,96;86,08;11,37;36,67;26,83;100,00;230,84;0,00;8,77
2008.0;11.0;2008-11-01;BRASPINE;PITANGA;;;;;107,86;18,82;81,44;11,87;45,00;26,18;99,82;201,82;0,00;0,71
2008.0;11.0;2008-11-01;BRASPINE;QUEIMADINHO ARROIO CLARO;PR;DOUTOR ULYSSES;48,13;19,09;137,62;17,96;86,08;11,37;36,67;26,83;100,00;230,84;0,00;8,77
2008.0;11.0;2008-11-01;BRASPINE;QUEIMADINHO M6042;PR;DOUTOR ULYSSES;48,38;18,50;137,62;17,96;86,08;11,37;36,67;26,83;100,00;230,84;0,00;8,77
2008.0;11.0;2008-11-01;BRASPINE;QUEIMADINHO USUCAPIAO;PR;DOUTOR ULYSSES;200,27;92,43;137,62;17,96;86,08;11,37;36,67;26,83;100,00;230,84;0,00;8,77
2008.0;11.0;2008-11-01;BRASPINE;RAMOS;PR;SENGES;69,83;38,15;121,06;17,78;85,79;11,11;37,33;26,41;100,00;255,41;0,00;0,80
2008.0;11.0;2008-11-01;BRASPINE;RIBEIRAO GRANDE;PR;JAGUARIAIVA;20,77;20,77;115,02;17,58;85,27;10,60;41,33;25,68;99,55;263,73;0,00;341,16
2008.0;11.0;2008-11-01;BRASPINE;RINCAO DE BAIXO;;;;;88,60;18,67;79,89;11,68;40,97;26,58;99,54;219,15;0,00;1,71
2008.0;11.0;2008-11-01;BRASPINE;RIO BOMBA;PR;CERRO AZUL;65,03;37,72;108,01;19,13;82,78;12,56;36,44;28,03;100,00;112,04;0,00;0,35
2008.0;11.0;2008-11-01;BRASPINE;RIO DO MEIO;PR;DOUTOR ULYSSES;712,33;389,13;132,65;17,96;86,08;11,37;36,67;26,83;100,00;230,84;0,00;8,77
2008.0;11.0;2008-11-01;BRASPINE;RONDON;PR;JAGUARIAIVA;2899,24;1475,88;113,46;17,76;85,01;10,94;38,55;25,96;99,89;254,56;0,00;7,18
2008.0;11.0;2008-11-01;BRASPINE;SANTA FELICIDADE;;;;;119,35;19,23;85,30;12,83;35,42;29,08;100,00;126,55;0,00;5,53
2008.0;11.0;2008-11-01;BRASPINE;SANTA LIDIA DO CERCADINHO;;;;;86,35;18,31;80,26;11,33;41,38;26,13;99,55;229,15;0,00;0,87
2008.0;11.0;2008-11-01;BRASPINE;SANTO ANTONIO;;;;;111,33;17,76;85,10;10,93;37,34;26,27;100,00;271,40;0,00;20,81
2008.0;11.0;2008-11-01;BRASPINE;SAO JOSE;PR;JANDAIA DO SUL;37,56;37,56;136,62;21,96;75,19;15,07;36,44;29,91;99,99;0,00;0,00;0,26
2008.0;11.0;2008-11-01;BRASPINE;SAO MATHEUS;;;;;127,09;23,24;74,33;16,14;37,40;31,21;99,83;0,00;0,00;3,80
2008.0;11.0;2008-11-01;BRASPINE;SAO PEDRO E SAO PAULO;PR;SAPOPEMA;709,13;323,93;105,44;19,80;77,90;12,90;39,99;27,44;99,64;125,63;0,00;4,75
2008.0;11.0;2008-11-01;BRASPINE;SAO RAFAEL;;;;;65,91;17,78;83,67;12,04;43,02;25,86;99,59;173,01;0,00;1,37
2008.0;11.0;2008-11-01;BRASPINE;SAO RAFAEL - PB;;;;;115,05;18,07;87,06;11,46;37,38;27,33;100,00;175,67;0,00;13,22
2008.0;11.0;2008-11-01;BRASPINE;SERRARIA;PR;DOUTOR ULYSSES;280,88;117,71;115,38;17,90;85,92;11,38;36,62;26,66;100,00;260,72;0,00;0,09
2008.0;11.0;2008-11-01;BRASPINE;SERRO VERDE;;;;;98,95;18,42;80,97;11,68;43,64;26,05;99,93;255,32;0,00;6,45
2008.0;11.0;2008-11-01;BRASPINE;SERTAOZINHO;PR;DOUTOR ULYSSES;16,25;16,25;130,36;17,96;86,08;11,37;36,67;26,83;100,00;230,84;0,00;8,77
2008.0;11.0;2008-11-01;BRASPINE;SITIO BASILIO;PR;JAGUARIAIVA;8,08;8,08;120,00;17,79;84,06;10,78;41,87;25,48;99,64;238,22;0,00;337,65
2008.0;11.0;2008-11-01;BRASPINE;SITIO DAS MARRECAS;PR;DOUTOR ULYSSES;77,49;35,17;134,97;18,62;85,70;12,15;35,91;28,01;100,00;135,07;0,00;2,06
2008.0;11.0;2008-11-01;BRASPINE;SOBRADINHO;SP;BOM SUCESSO DE ITARARE;285,80;123,10;99,62;17,67;86,09;10,89;37,79;26,33;100,00;257,25;0,00;21,79
2008.0;11.0;2008-11-01;BRASPINE;TAQUARAL;PR;JAGUARIAIVA;519,13;31,07;119,35;17,91;84,85;10,99;39,77;26,07;99,99;240,96;0,00;12,36
2008.0;11.0;2008-11-01;BRASPINE;TUCUNDUVA;PR;SENGES;82,21;60,89;97,79;18,67;80,87;11,66;38,76;26,48;99,56;148,09;0,00;6,09
2008.0;11.0;2008-11-01;BRASPINE;TUCUNDUVA - CHAMMA;;;;;96,05;18,63;81,37;11,70;38,24;26,62;99,66;148,31;0,00;5,54
2008.0;11.0;2008-11-01;BRASPINE;VIENA 1;PR;DOUTOR ULYSSES;263,98;178,34;115,83;17,53;86,01;10,90;38,96;25,81;100,00;267,36;0,00;1,46
2008.0;11.0;2008-11-01;BRASPINE;VIENA 2;PR;CERRO AZUL;140,23;96,54;107,81;19,13;82,78;12,56;36,44;28,03;100,00;112,04;0,00;0,35
2008.0;11.0;2008-11-01;BRASPINE;VITORIA;PR;SENGES;50,54;35,69;107,90;17,73;84,86;10,91;37,93;26,01;99,86;270,46;0,00;16,76
2008.0;11.0;2008-11-01;BRASPINE;VIVEIRO;PR;DOUTOR ULYSSES;405,39;261,22;130,83;17,96;86,08;11,37;36,67;26,83;100,00;230,84;0,00;8,77
2008.0;11.0;2008-11-01;BRASPINE;VO LINO;PR;DOUTOR ULYSSES;164,50;97,89;140,87;18,13;85,96;11,64;36,30;27,11;100,00;174,38;0,00;5,22
2008.0;11.0;2008-11-01;BRASPINE;XAXIM VELHO;;;;;119,70;17,34;83,88;11,15;42,17;25,83;100,00;275,82;0,00;0,78
2008.0;12.0;2008-12-01;BRASPINE;AGUA DOCE;PR;JAGUARIAIVA;238,97;121,99;116,12;19,45;79,07;11,78;39,44;28,88;99,82;216,22;0,00;0,57
2008.0;12.0;2008-12-01;BRASPINE;AMATA;;;;;79,04;21,07;77,76;13,23;38,37;31,51;99,97;70,62;0,00;21,01
2008.0;12.0;2008-12-01;BRASPINE;ANTA BRAVA;;;;;120,86;22,06;76,23;14,30;42,41;31,41;99,31;58,26;0,00;59,73
2008.0;12.0;2008-12-01;BRASPINE;ARAPONGAS;PR;SENGES;423,34;263,70;116,30;19,35;81,82;11,59;42,48;29,18;100,00;218,98;0,00;4,12
2008.0;12.0;2008-12-01;BRASPINE;ARROIO CLARO;PR;DOUTOR ULYSSES;275,14;92,00;66,83;19,53;81,65;11,77;42,66;29,69;100,00;222,49;0,00;1,82
2008.0;12.0;2008-12-01;BRASPINE;BARRA GRANDE;PR;DOUTOR ULYSSES;493,79;139,68;99,90;19,85;81,94;12,06;41,12;29,87;100,00;166,22;0,00;15,00
2008.0;12.0;2008-12-01;BRASPINE;BARRA GRANDE - BEMAIS;PR;GUARAPUAVA;299,16;108,61;60,20;19,55;74,64;9,29;30,03;29,22;99,99;255,30;0,00;2,29
2008.0;12.0;2008-12-01;BRASPINE;BARRETOS;PR;JAGUARIAIVA;43,35;32,98;117,13;19,42;80,80;11,74;41,88;32,29;99,95;217,17;0,00;9,80
2008.0;12.0;2008-12-01;BRASPINE;BAU;;;;;82,78;19,56;75,30;9,47;34,04;28,56;99,85;244,09;0,00;0,92
2008.0;12.0;2008-12-01;BRASPINE;BOA VISTA II;PR;PIRAI DO SUL;944,00;535,05;119,64;19,46;80,01;11,79;40,86;29,28;99,97;246,13;0,00;0,34
2008.0;12.0;2008-12-01;BRASPINE;BRASILEIRA;;;;;88,92;19,35;81,82;11,59;42,48;29,18;100,00;218,98;0,00;4,12
2008.0;12.0;2008-12-01;BRASPINE;BURACAO;;;;;73,87;19,43;79,01;11,90;39,04;29,05;99,60;233,35;0,00;3,16
2008.0;12.0;2008-12-01;BRASPINE;BURRINHO;PR;DOUTOR ULYSSES;211,01;100,37;66,81;19,53;81,65;11,77;42,66;29,69;100,00;222,49;0,00;1,82
2008.0;12.0;2008-12-01;BRASPINE;CADEADO I;PR;JAGUARIAIVA;21,07;12,29;111,30;19,18;81,43;11,43;42,53;29,15;100,00;259,68;0,00;8,20
2008.0;12.0;2008-12-01;BRASPINE;CADEADO II;PR;JAGUARIAIVA;21,88;16,79;111,30;19,18;81,43;11,43;42,53;29,15;100,00;259,68;0,00;8,20
2008.0;12.0;2008-12-01;BRASPINE;CAMPINA ALTA;PR;TIBAGI;29,77;18,24;86,14;21,10;72,91;11,61;31,24;30,11;99,65;135,87;0,00;2,46
2008.0;12.0;2008-12-01;BRASPINE;CAMPINA DO ELIAS;PR;JAGUARIAIVA;29,17;14,65;114,17;19,33;81,03;11,63;42,12;29,37;99,97;231,34;0,00;9,24
2008.0;12.0;2008-12-01;BRASPINE;CAMPO NOVO;PR;JAGUARIAIVA;295,98;156,36;115,86;19,18;81,43;11,43;42,53;29,15;100,00;259,68;0,00;8,20
2008.0;12.0;2008-12-01;BRASPINE;CONSULTORIA II A;PR;DOUTOR ULYSSES;89,62;60,79;98,05;19,35;81,82;11,59;42,48;29,18;100,00;218,98;0,00;4,12
2008.0;12.0;2008-12-01;BRASPINE;DINIZ;;;;;93,72;19,35;81,82;11,59;42,48;29,18;100,00;218,98;0,00;4,12
2008.0;12.0;2008-12-01;BRASPINE;ENES;PR;JAGUARIAIVA;5,93;5,69;115,73;19,18;81,43;11,43;42,53;29,15;100,00;259,68;0,00;8,20
2008.0;12.0;2008-12-01;BRASPINE;ENGENHARIA;;;;;93,72;19,35;81,82;11,59;42,48;29,18;100,00;218,98;0,00;4,12
2008.0;12.0;2008-12-01;BRASPINE;ESTACAO;PR;SENGES;4,76;4,14;108,97;19,18;81,43;11,43;42,53;29,15;100,00;259,68;0,00;8,20
2008.0;12.0;2008-12-01;BRASPINE;FAXINAL;PR;JAGUARIAIVA;20,65;20,65;115,73;19,18;81,43;11,43;42,53;29,15;100,00;259,68;0,00;8,20
2008.0;12.0;2008-12-01;BRASPINE;FEITAL;PR;DOUTOR ULYSSES;154,17;86,53;84,54;19,51;81,86;11,74;42,03;29,38;100,00;221,57;0,00;1,91
2008.0;12.0;2008-12-01;BRASPINE;FIGUEIRA;PR;DOUTOR ULYSSES;1053,81;315,71;79,25;19,53;81,65;11,77;42,66;29,69;100,00;222,49;0,00;1,82
2008.0;12.0;2008-12-01;BRASPINE;FIGUEIRINHA;PR;DOUTOR ULYSSES;94,37;56,74;79,96;19,53;81,65;11,77;42,66;29,69;100,00;222,49;0,00;1,82
2008.0;12.0;2008-12-01;BRASPINE;FLOEMA;PR;DOUTOR ULYSSES;2189,88;701,43;104,27;19,03;81,48;11,22;42,41;29,16;100,00;242,84;0,00;3,75
2008.0;12.0;2008-12-01;BRASPINE;FLOEMA I - SUDATI;;;;;110,93;19,35;81,82;11,59;42,48;29,18;100,00;218,98;0,00;4,12
2008.0;12.0;2008-12-01;BRASPINE;FLOEMA II - SUDATI;PR;DOUTOR ULYSSES;453,83;211,13;100,70;19,35;81,82;11,59;42,48;29,18;100,00;218,98;0,00;4,12
2008.0;12.0;2008-12-01;BRASPINE;FLOR DA SERRA;PR;SAO JOSE DA BOA VISTA;209,10;128,72;95,32;21,86;70,76;13,95;33,53;31,68;98,90;56,60;0,00;1,36
2008.0;12.0;2008-12-01;BRASPINE;GENTIL;PR;JAGUARIAIVA;126,77;53,33;126,55;19,19;78,86;11,46;39,29;28,59;99,44;270,83;0,00;5,23
2008.0;12.0;2008-12-01;BRASPINE;GUAIRACA;PR;GUARAPUAVA;623,62;169,31;61,02;19,71;74,27;9,32;31,05;29,68;99,97;259,52;0,00;2,92
2008.0;12.0;2008-12-01;BRASPINE;HERVAL 2 - MADALOSSO;;;;;80,57;19,43;79,01;11,90;39,04;29,05;99,60;233,35;0,00;3,16
2008.0;12.0;2008-12-01;BRASPINE;HERVAL DE BAIXO;PR;RESERVA;827,29;475,92;83,19;21,15;72,65;11,32;30,70;30,18;99,48;134,42;0,00;0,12
2008.0;12.0;2008-12-01;BRASPINE;HORTO 01;PR;TURVO;19,12;19,12;111,91;20,31;75,27;9,75;34,51;29,36;99,47;203,54;0,00;6,93
2008.0;12.0;2008-12-01;BRASPINE;HORTO 02;PR;TURVO;4,24;4,24;113,37;20,31;75,27;9,75;34,51;29,36;99,47;203,54;0,00;6,93
2008.0;12.0;2008-12-01;BRASPINE;HORTO 03;PR;PRUDENTOPOLIS;80,91;25,89;100,24;20,91;73,72;10,57;32,08;30,32;99,86;136,18;0,00;0,61
2008.0;12.0;2008-12-01;BRASPINE;HORTO 08;PR;TURVO;9,53;9,53;104,07;20,91;73,72;10,57;32,08;30,32;99,86;136,18;0,00;0,61
2008.0;12.0;2008-12-01;BRASPINE;HORTO 12;PR;PRUDENTOPOLIS;12,20;12,20;90,61;20,91;73,72;10,57;32,08;30,32;99,86;136,18;0,00;0,61
2008.0;12.0;2008-12-01;BRASPINE;IZAU;PR;PIRAI DO SUL;19,37;11,60;129,06;19,16;79,65;11,48;39,85;28,87;99,53;240,79;0,00;1,06
2008.0;12.0;2008-12-01;BRASPINE;JOAO RICO;PR;JAGUARIAIVA;47,46;26,18;120,19;19,45;79,07;11,78;39,44;28,88;99,82;216,22;0,00;0,57
2008.0;12.0;2008-12-01;BRASPINE;LAGOA;PR;JAGUARIAIVA;24,10;10,78;106,98;19,18;81,43;11,43;42,53;29,15;100,00;259,68;0,00;8,20
2008.0;12.0;2008-12-01;BRASPINE;MARACANA;PR;JANDAIA DO SUL;11,45;11,45;97,15;23,47;66,06;14,00;26,49;32,45;98,60;14,00;0,00;3,44
2008.0;12.0;2008-12-01;BRASPINE;MARRECA;;;;;67,59;19,53;81,65;11,77;42,66;29,69;100,00;222,49;0,00;1,82
2008.0;12.0;2008-12-01;BRASPINE;MARRECA SP;SP;ITAPIRAPUA PAULISTA;675,30;236,19;76,21;20,23;81,55;12,44;41,56;30,60;100,00;140,24;0,00;0,24
2008.0;12.0;2008-12-01;BRASPINE;MARRECAS;;;;;61,31;18,96;75,40;8,65;30,42;28,80;100,00;274,72;0,00;10,14
2008.0;12.0;2008-12-01;BRASPINE;MERCADINHO;;;;;86,78;20,23;79,71;12,49;40,66;30,47;99,99;125,30;0,00;0,15
2008.0;12.0;2008-12-01;BRASPINE;MONTE ALEGRE;;;;;94,85;24,07;64,71;14,35;25,77;33,12;97,69;14,35;0,00;0,53
2008.0;12.0;2008-12-01;BRASPINE;MONTE TABOR II;;;;;91,47;19,43;83,48;11,73;42,10;29,76;99,98;150,92;0,00;2,97
2008.0;12.0;2008-12-01;BRASPINE;MOREIRA;PR;DOUTOR ULYSSES;230,52;68,68;100,70;19,35;81,82;11,59;42,48;29,18;100,00;218,98;0,00;4,12
2008.0;12.0;2008-12-01;BRASPINE;MOREIRAS II;PR;DOUTOR ULYSSES;66,76;28,75;97,67;19,35;81,82;11,59;42,48;29,18;100,00;218,98;0,00;4,12
2008.0;12.0;2008-12-01;BRASPINE;MORRETES;PR;ORTIGUEIRA;20,36;20,36;85,49;21,72;72,07;11,67;30,22;30,78;99,45;123,42;0,00;0,66
2008.0;12.0;2008-12-01;BRASPINE;MORRO AZUL;;;;;104,41;19,61;81,96;11,79;38,87;30,05;100,00;192,08;0,00;12,04
2008.0;12.0;2008-12-01;BRASPINE;OURO FINO;SP;APIAI;51,70;51,70;100,14;19,24;83,41;11,51;40,43;29,64;100,00;175,71;0,00;7,89
2008.0;12.0;2008-12-01;BRASPINE;PALMEIRINHA DE BAIXO - SOSSEGO;PR;SENGES;85,93;9,22;111,91;19,12;80,06;11,33;40,56;28,72;99,85;257,85;0,00;18,91
2008.0;12.0;2008-12-01;BRASPINE;PAZIN;PR;DOUTOR ULYSSES;41,20;23,90;80,41;19,53;81,65;11,77;42,66;29,69;100,00;222,49;0,00;1,82
2008.0;12.0;2008-12-01;BRASPINE;PEDRAS;PR;CASTRO;7,18;7,18;128,81;19,20;80,11;11,56;42,20;28,71;99,59;241,63;0,00;1,75
2008.0;12.0;2008-12-01;BRASPINE;PESCARIA;PR;SAO JOSE DA BOA VISTA;184,57;129,22;91,06;21,95;70,86;14,07;32,91;31,92;99,44;57,41;0,00;1,63
2008.0;12.0;2008-12-01;BRASPINE;PESSEGUEIRO;PR;DOUTOR ULYSSES;109,95;64,79;101,86;19,35;81,82;11,59;42,48;29,18;100,00;218,98;0,00;4,12
2008.0;12.0;2008-12-01;BRASPINE;PITANGA;;;;;91,68;20,46;73,62;10,31;33,90;28,91;99,74;149,73;0,00;0,30
2008.0;12.0;2008-12-01;BRASPINE;QUEIMADINHO ARROIO CLARO;PR;DOUTOR ULYSSES;48,13;19,09;88,92;19,35;81,82;11,59;42,48;29,18;100,00;218,98;0,00;4,12
2008.0;12.0;2008-12-01;BRASPINE;QUEIMADINHO M6042;PR;DOUTOR ULYSSES;48,38;18,50;88,92;19,35;81,82;11,59;42,48;29,18;100,00;218,98;0,00;4,12
2008.0;12.0;2008-12-01;BRASPINE;QUEIMADINHO USUCAPIAO;PR;DOUTOR ULYSSES;200,27;92,43;88,92;19,35;81,82;11,59;42,48;29,18;100,00;218,98;0,00;4,12
2008.0;12.0;2008-12-01;BRASPINE;RAMOS;PR;SENGES;69,83;38,15;110,93;19,18;81,43;11,43;42,53;29,15;100,00;259,68;0,00;8,20
2008.0;12.0;2008-12-01;BRASPINE;RIBEIRAO GRANDE;PR;JAGUARIAIVA;20,77;20,77;123,03;19,16;79,65;11,48;39,85;28,87;99,53;240,79;0,00;1,06
2008.0;12.0;2008-12-01;BRASPINE;RINCAO DE BAIXO;;;;;121,41;20,20;73,76;11,23;34,35;29,62;98,40;161,27;0,00;0,92
2008.0;12.0;2008-12-01;BRASPINE;RIO BOMBA;PR;CERRO AZUL;65,03;37,72;85,84;20,66;77,88;12,79;38,16;30,92;99,91;97,34;0,00;3,48
2008.0;12.0;2008-12-01;BRASPINE;RIO DO MEIO;PR;DOUTOR ULYSSES;712,33;389,13;95,34;19,35;81,82;11,59;42,48;29,18;100,00;218,98;0,00;4,12
2008.0;12.0;2008-12-01;BRASPINE;RONDON;PR;JAGUARIAIVA;2899,24;1475,88;110,03;19,15;80,37;11,42;40,77;28,38;99,88;273,30;0,00;0,49
2008.0;12.0;2008-12-01;BRASPINE;SANTA FELICIDADE;;;;;95,93;20,64;81,44;12,83;40,51;31,35;100,00;83,16;0,00;1,47
2008.0;12.0;2008-12-01;BRASPINE;SANTA LIDIA DO CERCADINHO;;;;;112,41;19,79;74,13;11,12;35,06;29,08;98,45;232,16;0,00;0,67
2008.0;12.0;2008-12-01;BRASPINE;SANTO ANTONIO;;;;;113,10;19,14;80,40;11,23;39,38;29,11;100,00;258,09;0,00;14,26
2008.0;12.0;2008-12-01;BRASPINE;SAO JOSE;PR;JANDAIA DO SUL;37,56;37,56;95,32;23,87;65,06;14,21;26,11;32,87;97,80;14,21;0,00;1,26
2008.0;12.0;2008-12-01;BRASPINE;SAO MATHEUS;;;;;81,04;25,35;63,11;15,18;25,92;34,54;98,19;0,00;0,00;3,00
2008.0;12.0;2008-12-01;BRASPINE;SAO PEDRO E SAO PAULO;PR;SAPOPEMA;709,13;323,93;99,68;21,43;70,39;12,73;33,11;30,39;98,46;68,36;0,00;1,40
2008.0;12.0;2008-12-01;BRASPINE;SAO RAFAEL;;;;;70,72;19,41;76,80;9,82;37,41;29,90;99,78;175,64;0,00;0,20
2008.0;12.0;2008-12-01;BRASPINE;SAO RAFAEL - PB;;;;;107,08;19,39;83,01;11,64;39,69;29,84;100,00;177,05;0,00;335,93
2008.0;12.0;2008-12-01;BRASPINE;SERRARIA;PR;DOUTOR ULYSSES;280,88;117,71;90,39;19,28;81,57;11,50;42,54;29,43;100,00;217,83;0,00;2,79
2008.0;12.0;2008-12-01;BRASPINE;SERRO VERDE;;;;;78,15;20,00;73,59;9,58;33,04;29,15;99,94;234,91;0,00;2,50
2008.0;12.0;2008-12-01;BRASPINE;SERTAOZINHO;PR;DOUTOR ULYSSES;16,25;16,25;102,99;19,35;81,82;11,59;42,48;29,18;100,00;218,98;0,00;4,12
2008.0;12.0;2008-12-01;BRASPINE;SITIO BASILIO;PR;JAGUARIAIVA;8,08;8,08;116,86;19,27;78,67;11,54;39,15;28,58;99,52;272,29;0,00;1,93
2008.0;12.0;2008-12-01;BRASPINE;SITIO DAS MARRECAS;PR;DOUTOR ULYSSES;77,49;35,17;76,62;20,03;81,58;12,25;41,90;30,34;100,00;153,37;0,00;353,66
2008.0;12.0;2008-12-01;BRASPINE;SOBRADINHO;SP;BOM SUCESSO DE ITARARE;285,80;123,10;117,04;19,01;81,58;11,10;39,00;29,29;100,00;257,49;0,00;336,50
2008.0;12.0;2008-12-01;BRASPINE;TAQUARAL;PR;JAGUARIAIVA;519,13;31,07;108,79;19,38;80,04;11,72;40,67;28,82;99,98;246,25;0,00;4,29
2008.0;12.0;2008-12-01;BRASPINE;TUCUNDUVA;PR;SENGES;82,21;60,89;106,63;20,10;75,48;12,30;35,78;29,38;99,69;195,48;0,00;3,05
2008.0;12.0;2008-12-01;BRASPINE;TUCUNDUVA - CHAMMA;;;;;110,55;20,06;76,08;12,31;36,05;29,34;99,76;195,84;0,00;15,78
2008.0;12.0;2008-12-01;BRASPINE;VIENA 1;PR;DOUTOR ULYSSES;263,98;178,34;106,97;18,94;81,37;11,16;42,87;28,83;100,00;269,99;0,00;3,22
2008.0;12.0;2008-12-01;BRASPINE;VIENA 2;PR;CERRO AZUL;140,23;96,54;85,81;20,66;77,88;12,79;38,16;30,92;99,91;97,34;0,00;3,48
2008.0;12.0;2008-12-01;BRASPINE;VITORIA;PR;SENGES;50,54;35,69;111,91;19,12;80,06;11,33;40,56;28,72;99,85;257,85;0,00;18,91
2008.0;12.0;2008-12-01;BRASPINE;VIVEIRO;PR;DOUTOR ULYSSES;405,39;261,22;97,67;19,35;81,82;11,59;42,48;29,18;100,00;218,98;0,00;4,12
2008.0;12.0;2008-12-01;BRASPINE;VO LINO;PR;DOUTOR ULYSSES;164,50;97,89;66,45;19,53;81,65;11,77;42,66;29,69;100,00;222,49;0,00;1,82
2008.0;12.0;2008-12-01;BRASPINE;XAXIM VELHO;;;;;73,15;19,06;75,83;8,56;29,96;29,60;100,00;279,74;0,00;0,38
